dist,speed,max_hold_steps
4.6273,0.0000,0
3.7238,0.0000,0
5.4848,0.0000,0
4.2162,0.0000,0
3.5202,0.0000,0
5.1769,0.0000,0
2.7244,0.0000,0
5.0383,0.0000,0
2.4931,0.0000,0
3.9149,0.0000,0
6.6906,0.0000,0
5.7049,0.0000,0
3.5271,0.0000,0
0.7966,0.0000,0
4.4838,0.0000,0
4.1594,0.0000,0
3.7814,0.0000,0
1.8511,0.0000,0
4.4421,0.0000,0
5.2236,0.0000,0
3.3397,0.0000,0
2.7419,0.0000,0
6.0698,0.0000,0
4.7693,0.0000,0
5.4631,0.0000,0
5.4104,0.0000,0
4.3810,0.0000,0
4.2405,0.0000,0
3.3777,0.0000,0
6.5485,0.0000,0
2.6527,0.0000,0
5.3405,0.0000,0
6.4876,0.0000,0
3.1537,0.0000,0
4.7611,0.0000,0
8.8241,0.0000,0
7.1609,0.0000,0
4.3992,0.0000,0
3.8136,0.0000,0
4.0565,0.0000,0
6.9763,0.0000,0
5.6864,0.0000,0
5.5161,0.0000,0
6.5357,0.0000,0
6.2075,0.0000,0
5.5535,0.0000,0
7.1245,0.0000,0
7.2964,0.0000,0
4.8355,0.0000,0
6.7905,0.0000,0
6.3294,0.0000,0
4.4446,0.0000,0
1.7389,0.0000,0
7.9747,0.0000,0
6.3020,0.0000,0
5.1447,0.0000,0
4.3758,0.0000,0
5.1976,0.0000,0
6.4729,0.0000,0
3.9951,0.0000,0
7.4517,0.0000,0
5.1021,0.0000,0
4.9811,0.0000,0
5.7790,0.0000,0
7.0133,0.0000,0
4.6111,0.0000,0
3.8751,0.0000,0
4.9936,0.0000,0
2.8876,0.0000,0
3.9751,0.0000,0
4.7923,0.0000,0
6.4391,0.0000,0
3.7699,0.0000,0
2.1551,0.0000,0
2.7832,0.0000,0
5.0252,0.0000,0
5.1067,0.0000,0
5.5568,0.0000,0
6.2340,0.0000,0
2.8077,0.0000,0
5.7035,0.0000,0
4.7336,0.0000,0
5.9628,0.0000,0
3.9458,0.0000,0
4.6595,0.0000,0
5.7841,0.0000,0
5.0267,0.0000,0
5.0671,0.0000,0
5.1865,0.0000,0
4.2492,0.0000,0
5.7630,0.0000,0
5.0362,0.0000,0
5.7100,0.0000,0
6.6013,0.0000,0
7.4308,0.0000,0
2.9424,0.0000,0
5.2225,0.0000,0
5.0939,0.0000,0
2.3282,0.0000,0
5.7720,0.0000,0
5.0566,0.0000,0
3.6626,0.0000,0
6.7425,0.0000,0
4.0809,0.0000,0
5.4767,0.0000,0
4.0015,0.0000,0
7.1161,0.0000,0
1.4020,0.0000,0
5.2935,0.0000,0
4.0492,0.0000,0
1.2482,0.0000,0
4.0803,0.0000,0
6.1260,0.0000,0
5.5110,0.0000,0
5.9560,0.0000,0
4.8891,0.0000,0
5.0121,0.0000,0
5.0118,0.0000,0
6.8520,0.0000,0
4.9784,0.0000,0
3.4780,0.0000,0
3.9652,0.0000,0
5.6013,0.0000,0
5.4956,0.0000,0
5.7267,0.0000,0
4.5532,0.0000,0
3.2422,0.0000,0
4.4929,0.0000,0
5.7756,0.0000,0
3.1770,0.0000,0
7.0785,0.0000,0
6.7677,0.0000,0
5.2037,0.0000,0
5.3551,0.0000,0
7.4353,0.0000,0
1.6162,0.0000,0
3.8983,0.0000,0
4.9169,0.0000,0
4.2796,0.0000,0
6.2045,0.0000,0
5.9172,0.0000,0
2.8596,0.0000,0
3.3789,0.0000,0
7.0188,0.0000,0
6.8395,0.0000,0
3.0454,0.0000,0
6.1056,0.0000,0
2.5643,0.0000,0
4.8799,0.0000,0
7.5242,0.0000,0
2.8281,0.0000,0
3.8440,0.0000,0
5.4461,0.0000,0
3.4355,0.0000,0
3.0295,0.0000,0
3.4125,0.0000,0
4.2271,0.0000,0
2.8120,0.0000,0
7.3519,0.0000,0
5.5486,0.0000,0
4.3561,0.0000,0
8.1415,0.0000,0
6.2110,0.0000,0
7.5244,0.0000,0
4.7166,0.0000,0
6.6703,0.0000,0
2.7157,0.0000,0
6.3229,0.0000,0
3.7153,0.0000,0
4.5004,0.0000,0
6.1705,0.0000,0
4.4723,0.0000,0
5.7207,0.0000,0
2.7157,0.0000,0
4.0574,0.0000,0
5.4772,0.0000,0
4.0801,0.0000,0
3.0244,0.0000,0
3.5950,0.0000,0
4.6081,0.0000,0
6.9704,0.0000,0
8.1233,0.0000,0
6.5873,0.0000,0
4.4390,0.0000,0
6.4429,0.0000,0
6.2758,0.0000,0
5.7014,0.0000,0
5.6074,0.0000,0
8.0684,0.0000,0
3.6087,0.0000,0
3.0013,0.0000,0
3.5726,0.0000,0
2.3712,0.0000,0
5.9067,0.0000,0
3.6888,0.0000,0
4.2233,0.0000,0
7.3965,0.0000,0
5.3730,0.0000,0
4.1963,0.0000,0
6.0343,0.0000,0
4.1481,0.0000,0
4.4320,0.0000,0
3.1994,0.0000,0
7.3532,0.0000,0
5.9754,0.0000,0
3.8187,0.0000,0
6.4735,0.0000,0
4.4425,0.0000,0
8.0965,0.0000,0
2.6704,0.0000,0
4.4365,0.0000,0
6.0689,0.0000,0
4.3183,0.0000,0
3.1125,0.0000,0
2.3897,0.0000,0
6.0559,0.0000,0
2.7072,0.0000,0
4.4887,0.0000,0
4.4227,0.0000,0
3.1443,0.0000,0
5.5470,0.0000,0
5.1978,0.0000,0
3.8868,0.0000,0
2.8167,0.0000,0
6.2544,0.0000,0
5.5548,0.0000,0
7.0822,0.0000,0
3.7611,0.0000,0
2.7445,0.0000,0
3.4815,0.0000,0
2.4831,0.0000,0
4.9398,0.0000,0
5.9886,0.0000,0
2.0493,0.0000,0
3.2124,0.0000,0
2.7495,0.0000,0
6.6126,0.0000,0
5.5548,0.0000,0
3.4198,0.0000,0
2.9647,0.0000,0
6.2661,0.0000,0
2.0019,0.0000,0
6.9448,0.0000,0
6.9825,0.0000,0
6.6472,0.0000,0
5.4147,0.0000,0
3.3514,0.0000,0
5.5221,0.0000,0
5.3672,0.0000,0
6.6152,0.0000,0
3.4725,0.0000,0
5.5914,0.0000,0
5.5396,0.0000,0
2.3068,0.0000,0
4.6098,0.0000,0
3.4212,0.0000,0
4.7947,0.0000,0
5.4004,0.0000,0
7.7425,0.0000,0
3.2184,0.0000,0
5.7434,0.0000,0
6.8275,0.0000,0
3.0936,0.0000,0
5.8619,0.0000,0
8.2961,0.0000,0
3.7422,0.0000,0
4.8991,0.0000,0
4.3327,0.0000,0
8.0161,0.0000,0
6.6155,0.0000,0
5.3243,0.0000,0
5.0127,0.0000,0
5.2024,0.0000,0
5.4815,0.0000,0
3.2320,0.0000,0
3.6738,0.0000,0
5.7186,0.0000,0
6.9356,0.0000,0
6.1937,0.0000,0
2.9247,0.0000,0
6.1375,0.0000,0
5.2766,0.0000,0
4.8778,0.0000,0
3.0961,0.0000,0
5.6018,0.0000,0
3.6147,0.0000,0
7.6171,0.0000,0
0.6178,0.0000,0
6.7924,0.0000,0
4.3477,0.0000,0
4.5533,0.0000,0
7.3001,0.0000,0
4.1631,0.0000,0
6.5213,0.0000,0
3.5093,0.0000,0
4.4164,0.0000,0
3.6510,0.0000,0
6.2997,0.0000,0
3.7348,0.0000,0
4.8946,0.0000,0
6.0914,0.0000,0
3.4192,0.0000,0
1.1678,0.0000,0
5.9982,0.0000,0
2.8949,0.0000,0
5.4373,0.0000,0
2.9334,0.0000,0
3.5453,0.0000,0
6.6492,0.0000,0
5.6356,0.0000,0
7.4350,0.0000,0
6.8864,0.0000,0
7.6002,0.0000,0
6.5362,0.0000,0
6.6167,0.0000,0
5.0944,0.0000,0
4.8905,0.0000,0
5.2248,0.0000,0
4.4263,0.0000,0
4.9488,0.0000,0
1.9102,0.0000,0
5.8797,0.0000,0
4.2464,0.0000,0
5.9682,0.0000,0
6.4301,0.0000,0
4.9238,0.0000,0
4.1740,0.0000,0
4.6304,0.0000,0
3.7780,0.0000,0
4.2802,0.0000,0
6.3571,0.0000,0
2.8267,0.0000,0
4.2888,0.0000,0
4.9696,0.0000,0
4.9475,0.0000,0
4.3085,0.0000,0
5.1501,0.0000,0
9.1069,0.0000,0
3.2535,0.0000,0
4.1815,0.0000,0
4.9436,0.0000,0
6.6195,0.0000,0
6.2043,0.0000,0
5.6565,0.0000,0
5.8903,0.0000,0
6.8310,0.0000,0
3.2170,0.0000,0
6.8111,0.0000,0
4.8113,0.0000,0
7.9503,0.0000,0
5.8477,0.0000,0
4.2749,0.0000,0
5.6969,0.0000,0
1.5426,0.0000,0
3.5690,0.0000,0
5.4267,0.0000,0
3.6372,0.0000,0
1.8912,0.0000,0
4.0083,0.0000,0
7.2065,0.0000,0
1.5939,0.0000,0
4.9499,0.0000,0
1.6838,0.0000,1
5.5015,0.0000,0
4.8011,0.0000,0
5.7809,0.0000,0
5.6929,0.0000,0
4.9761,0.0000,0
7.9540,0.0000,0
5.3991,0.0000,0
6.5772,0.0000,0
4.6067,0.0000,0
2.6872,0.0000,0
2.6814,0.0000,0
4.8686,0.0000,0
7.6232,0.0000,0
6.0028,0.0000,0
7.5106,0.0000,0
5.4984,0.0000,0
4.2396,0.0000,0
3.0819,0.0000,0
2.7075,0.0000,0
5.8001,0.0000,0
7.2383,0.0000,0
3.1795,0.0000,0
6.9938,0.0000,0
5.1173,0.0000,0
4.5275,0.0000,0
2.8590,0.0000,0
2.5694,0.0000,0
5.2995,0.0000,0
6.1205,0.0000,0
3.8904,0.0000,0
4.2681,0.0000,0
9.0105,0.0000,0
3.6382,0.0000,0
4.1626,0.0000,0
3.6506,0.0000,0
4.2196,0.0000,0
3.1818,0.0000,0
4.0233,0.0000,0
1.9201,0.0000,0
0.6151,0.0000,0
4.7030,0.0000,0
7.2705,0.0000,0
4.9245,0.0000,0
5.5232,0.0000,0
5.4992,0.0000,0
3.1458,0.0000,0
5.4003,0.0000,0
1.9617,0.0000,0
2.4621,0.0000,0
6.3689,0.0000,0
4.9934,0.0000,0
3.4720,0.0000,0
6.2850,0.0000,0
7.7388,0.0000,0
5.7316,0.0000,0
7.3201,0.0000,0
4.5609,0.0000,0
4.3718,0.0000,0
3.3861,0.0000,0
6.5122,0.0000,0
3.5015,0.0000,0
3.2529,0.0000,0
4.8318,0.0000,0
5.3993,0.0000,0
5.0454,0.0000,0
2.3511,0.0000,0
5.2740,0.0000,0
4.4078,0.0000,0
7.2932,0.0000,0
6.4533,0.0000,0
7.1926,0.0000,0
2.8617,0.0000,0
4.6744,0.0000,0
2.3982,0.0000,0
3.2306,0.0000,0
5.9451,0.0000,0
3.8202,0.0000,0
6.1383,0.0000,0
7.0670,0.0000,0
4.4085,0.0000,0
2.3928,0.0000,0
3.2502,0.0000,0
4.9518,0.0000,0
2.3094,0.0000,0
7.0110,0.0000,0
5.2463,0.0000,0
3.7927,0.0000,0
3.9259,0.0000,0
3.7889,0.0000,0
5.1104,0.0000,0
1.5277,0.0000,0
6.2381,0.0000,0
1.3722,0.0000,0
4.6424,0.0000,0
7.5330,0.0000,0
3.8743,0.0000,0
5.7082,0.0000,0
5.5291,0.0000,0
6.8281,0.0000,0
7.4149,0.0000,0
4.4685,0.0000,0
7.1090,0.0000,0
4.0079,0.0000,0
6.4142,0.0000,0
7.6528,0.0000,0
3.4521,0.0000,0
4.9743,0.0000,0
4.5517,0.0000,0
2.1926,0.0000,0
3.8690,0.0000,3
2.3229,0.0000,0
6.7171,0.0000,0
5.0745,0.0000,0
3.4303,0.0000,0
6.7799,0.0000,0
2.9095,0.0000,0
5.4447,0.0000,0
6.4604,0.0000,0
2.5001,0.0000,0
5.4750,0.0000,0
7.1166,0.0000,0
2.9353,0.0000,0
6.6462,0.0000,0
3.3052,0.0000,0
6.2814,0.0000,0
2.0375,0.0000,0
7.6752,0.0000,0
6.2086,0.0000,0
4.3859,0.0000,0
5.4763,0.0000,0
2.5510,0.0000,0
3.5067,0.0000,0
4.1575,0.0000,0
4.1708,0.0000,0
3.7547,0.0000,0
5.2024,0.0000,0
3.0837,0.0000,0
5.5597,0.0000,4
4.1094,0.0000,0
5.8910,0.0000,0
5.3179,0.0000,0
5.3230,0.0000,0
1.8468,0.0000,0
8.3826,0.0000,0
5.3472,0.0000,0
7.4382,0.0000,0
2.7041,0.0000,0
4.5273,0.0000,0
3.3853,0.0000,3
4.3383,0.0000,0
5.9034,0.0000,0
1.5293,0.0000,4
8.7877,0.0000,0
4.6219,0.0000,0
5.3985,0.0000,0
5.9053,0.0000,0
5.3991,0.0000,0
5.7321,0.0000,0
2.6851,0.0000,0
5.0769,0.0000,0
3.7739,0.0000,7
6.2379,0.0000,0
6.3169,0.0000,0
5.4206,0.0000,0
6.0943,0.0000,0
4.1844,0.0000,0
3.9835,0.0000,0
6.8633,0.0000,0
4.7421,0.0000,0
4.3922,0.0000,0
4.7169,0.0000,0
3.9183,0.0000,0
5.0511,0.0000,0
3.8153,0.0000,0
5.6196,0.0000,0
1.8832,0.0000,0
3.1703,0.0000,0
1.7302,0.0000,0
6.8962,0.0000,0
6.5436,0.0000,0
5.5157,0.0000,0
7.4583,0.0000,0
3.3485,0.0000,0
5.3806,0.0000,0
4.3461,0.0000,0
6.9177,0.0000,0
4.2701,0.0000,0
4.8695,0.0000,1
2.1468,0.0000,0
5.7206,0.0000,0
2.5825,0.0000,0
4.5730,0.0000,0
8.4922,0.0000,2
6.0144,0.0000,0
6.2732,0.0000,0
4.3659,0.0000,0
4.2719,0.0000,0
6.1312,0.0000,0
4.4321,0.0000,0
6.5023,0.0000,0
5.8298,0.0000,0
6.2304,0.0000,0
5.2961,0.0000,0
4.2502,0.0000,0
5.4480,0.0000,0
6.5582,0.0000,0
6.4631,0.0000,0
6.4013,0.0000,0
5.1682,0.0000,2
7.0585,0.0000,0
7.4842,0.0000,0
4.9379,0.0000,0
3.8068,0.0000,0
4.9946,0.0000,0
6.8425,0.0000,0
4.6756,0.0000,0
5.1686,0.0000,0
5.6612,0.0000,0
3.6568,0.0000,0
5.1451,0.0000,0
5.2648,0.0000,0
6.7108,0.0000,0
5.8847,0.0000,0
3.6099,0.0000,0
5.2987,0.0000,0
5.9073,0.0000,0
3.8857,0.0000,0
5.3123,0.0000,0
2.9497,0.0000,0
3.7536,0.0000,0
4.6125,0.0000,0
6.3934,0.0000,0
3.9083,0.0000,0
6.5248,0.0000,0
4.4764,0.0000,0
7.4051,0.0000,0
1.6110,0.0000,0
3.1303,0.0000,0
7.6426,0.0000,0
7.5338,0.0000,1
6.2592,0.0000,0
5.1511,0.0000,0
5.1731,0.0000,0
1.5590,0.0000,0
7.5896,0.0000,0
6.1010,0.0000,3
3.5658,0.0000,0
5.7821,0.0000,0
6.5217,0.0000,0
5.0872,0.0000,0
4.1840,0.0000,0
6.8714,0.0000,0
5.1959,0.0000,0
6.2176,0.0000,0
6.5460,0.0000,0
4.9827,0.0000,3
6.9242,0.0000,0
3.9062,0.0000,0
3.3700,0.0000,0
4.0408,0.0000,0
6.7169,0.0000,0
6.4151,0.0000,0
2.8688,0.0000,0
5.7133,0.0000,0
6.6820,0.0000,0
8.2589,0.0000,0
5.4093,0.0000,0
5.7204,0.0000,0
6.6116,0.0000,2
3.9709,0.0000,0
5.8427,0.0000,0
5.2950,0.0000,0
4.1649,0.0000,0
6.1104,0.0000,0
5.8900,0.0000,0
5.1956,0.0000,0
7.2009,0.0000,0
2.9538,0.0000,0
4.5205,0.0000,0
6.4338,0.0000,0
8.1882,0.0000,0
4.3168,0.0000,0
6.7685,0.0000,0
5.4588,0.0000,0
6.3900,0.0000,0
5.4293,0.0000,0
5.4784,0.0000,0
4.8120,0.0000,0
3.6983,0.0000,0
5.5573,0.0000,0
3.7878,0.0000,0
5.4865,0.0000,4
4.7308,0.0000,0
3.6344,0.0000,0
5.9385,0.0000,0
5.3539,0.0000,2
5.3334,0.0000,0
4.3089,0.0000,0
2.2618,0.0000,0
7.2574,0.0000,0
6.3304,0.0000,1
3.6422,0.0000,0
5.5513,0.0000,0
6.6330,0.0000,0
7.0851,0.0000,0
7.4826,0.0000,0
7.5139,0.0000,0
7.7361,0.0000,0
4.7365,0.0000,0
2.6737,0.0000,0
5.9621,0.0000,0
5.5208,0.0000,0
1.2097,0.0000,0
7.6475,0.0000,0
3.8087,0.0000,0
6.0751,0.0000,0
4.4937,0.0000,0
0.9022,0.0000,0
5.5520,0.0000,0
6.4827,0.0000,0
6.9755,0.0000,0
5.9419,0.0000,0
6.7907,0.0000,0
2.2580,0.0000,0
3.1035,0.0000,4
2.9193,0.0000,0
3.8872,0.0000,0
5.6528,0.0000,0
5.9449,0.0000,0
5.6538,0.0000,0
4.2117,0.0000,0
5.1306,0.0000,0
6.6072,0.0000,2
5.6221,0.0000,0
1.4915,0.0000,0
3.2836,0.0000,0
7.8968,0.0000,0
7.1740,0.0000,0
6.5082,0.0000,0
5.4202,0.0000,0
5.1884,0.0000,0
7.9660,0.0000,0
2.3557,0.0000,0
2.6953,0.0000,0
6.0358,0.0000,0
4.3904,0.0000,0
6.4475,0.0000,0
8.2683,0.0000,0
5.2112,0.0000,0
4.8356,0.0000,0
2.4521,0.0000,0
2.5909,0.0000,0
6.6183,0.0000,0
5.1394,0.0000,0
4.5711,0.0000,0
2.8168,0.0000,0
4.9130,0.0000,0
5.5135,0.0000,0
5.4249,0.0000,0
3.9760,0.0000,0
3.7949,0.0000,0
6.9911,0.0000,0
4.6873,0.0000,0
6.2016,0.0000,0
1.7904,0.0000,0
3.9776,0.0000,0
7.1171,0.0000,0
7.2983,0.0000,0
2.4223,0.0000,0
8.6020,0.0000,0
4.8123,0.0000,0
3.4046,0.0000,1
5.9622,0.0000,0
2.9261,0.0000,0
5.4232,0.0000,0
4.5221,0.0000,0
3.5263,0.0000,0
7.0137,0.0000,0
4.1704,0.0000,0
4.5431,0.0000,0
3.7078,0.0000,0
5.4598,0.0000,0
3.5405,0.0000,0
3.0169,0.0000,0
2.8672,0.0000,0
3.2979,0.0000,0
3.6342,0.0000,0
3.6190,0.0000,0
3.5114,0.0000,0
5.9547,0.0000,0
4.4863,0.0000,0
4.4649,0.0000,0
4.0114,0.0000,0
3.7471,0.0000,0
6.5176,0.0000,0
6.6858,0.0000,0
8.6818,0.0000,0
4.9559,0.0000,0
3.8552,0.0000,0
3.6781,0.0000,1
2.1853,0.0000,0
6.5928,0.0000,0
2.8915,0.0000,0
6.8549,0.0000,0
6.6419,0.0000,0
1.6388,0.0000,0
4.8904,0.0000,0
6.2431,0.0000,0
1.0594,0.0000,0
5.8863,0.0000,1
1.6667,0.0000,5
6.0888,0.0000,0
6.6514,0.0000,0
2.3143,0.0000,0
4.5621,0.0000,0
6.7972,0.0000,0
6.7930,0.0000,0
5.4813,0.0000,0
4.8397,0.0000,0
5.6428,0.0000,0
2.2087,0.0000,4
2.3220,0.0000,0
4.1355,0.0000,0
4.1849,0.0000,0
5.2174,0.0000,1
5.1073,0.0000,0
3.6515,0.0000,0
4.7225,0.0000,0
5.4337,0.0000,0
8.6604,0.0000,0
2.0530,0.0000,0
6.7255,0.0000,0
6.5103,0.0000,0
6.2559,0.0000,0
5.0374,0.0000,0
4.4145,0.0000,0
5.9847,0.0000,0
4.1316,0.0000,0
6.7687,0.0000,0
6.4134,0.0000,0
6.9965,0.0000,0
5.4598,0.0000,0
1.9778,0.0000,0
7.2063,0.0000,0
2.5011,0.0000,0
5.7498,0.0000,0
6.5402,0.0000,0
1.4451,0.0000,0
5.0732,0.0000,0
7.6839,0.0000,0
2.1063,0.0000,0
3.9566,0.0000,0
7.5768,0.0000,0
6.4599,0.0000,1
7.9094,0.0000,1
6.4599,0.0000,0
4.8658,0.0000,4
3.5245,0.0000,0
6.4869,0.0000,0
2.3600,0.0000,0
6.6599,0.0000,0
6.0844,0.0000,0
4.0622,0.0000,0
1.7714,0.0000,0
5.8146,0.0000,0
4.0004,0.0000,0
3.8732,0.0000,0
3.1080,0.0000,0
5.8065,0.0000,0
3.5514,0.0000,0
2.4419,0.0000,0
2.6042,0.0000,0
5.7770,0.0000,0
1.5658,0.0000,0
2.4942,0.0000,0
3.2198,0.0000,0
5.7514,0.0000,0
6.0469,0.0000,0
4.6044,0.0000,0
4.1960,0.0000,0
5.6643,0.0000,0
4.7154,0.0000,0
4.4340,0.0000,0
6.7578,0.0000,0
6.8812,0.0000,0
5.1410,0.0000,0
3.4971,0.0000,0
6.5281,0.0000,0
7.0583,0.0000,1
5.1385,0.0000,0
4.9293,0.0000,0
3.7406,0.0000,0
5.5510,0.0000,0
4.8503,0.0000,0
3.0682,0.0000,0
4.9353,0.0000,0
6.0498,0.0000,0
0.6408,0.0000,0
7.6546,0.0000,0
6.6262,0.0000,0
6.9516,0.0000,0
4.0490,0.0000,0
2.2123,0.0000,1
2.8669,0.0000,0
7.2177,0.0000,5
5.8063,0.0000,0
4.1170,0.0000,0
7.2972,0.0000,0
2.1987,0.0000,0
5.2545,0.0000,0
4.0459,0.0000,0
5.4849,0.0000,0
6.4775,0.0000,0
6.4235,0.0000,0
5.7064,0.0000,0
5.1748,0.0000,0
6.9701,0.0000,0
5.2995,0.0000,3
5.6835,0.0000,0
8.0542,0.0000,0
4.6906,0.0000,0
6.8206,0.0000,5
6.9435,0.0000,0
4.3713,0.0000,0
5.3908,0.0000,0
4.5924,0.0000,0
5.3538,0.0000,0
2.8483,0.0000,0
6.1007,0.0000,0
4.9858,0.0000,0
7.3351,0.0000,0
2.8038,0.0000,3
5.6250,0.0000,3
5.4987,0.0000,0
3.5472,0.0000,0
4.9746,0.0000,0
3.4719,0.0000,0
6.7907,0.0000,1
6.4366,0.0000,0
6.1521,0.0000,0
3.4973,0.0000,0
5.9588,0.0000,0
3.2548,0.0000,0
5.9287,0.0000,0
3.9929,0.0000,0
4.9625,0.0000,6
4.3858,0.0000,0
3.6809,0.0000,0
5.1892,0.0000,1
6.3239,0.0000,0
4.0308,0.0000,0
4.0038,0.0000,2
4.7262,0.0000,0
6.7410,0.0000,0
3.0732,0.0000,0
3.5118,0.0000,10
3.9370,0.0000,0
4.9482,0.0000,0
3.3902,0.0000,0
4.8839,0.0000,0
3.2357,0.0000,0
1.9378,0.0000,0
5.5444,0.0000,0
6.4683,0.0000,0
6.1554,0.0000,0
5.9875,0.0000,1
8.2675,0.0000,0
3.1501,0.0000,0
6.5050,0.0000,0
7.4628,0.0000,0
3.9918,0.0000,0
4.2103,0.0000,0
5.4226,0.0000,0
3.0385,0.0000,0
4.6801,0.0000,0
3.3553,0.0000,0
5.2434,0.0000,0
6.0395,0.0000,0
5.6132,0.0000,0
4.7825,0.0000,0
5.9187,0.0000,0
2.7945,0.0000,0
4.5727,0.0000,0
5.1554,0.0000,0
5.2647,0.0000,0
6.2830,0.0000,0
5.0442,0.0000,0
6.3629,0.0000,0
7.0970,0.0000,0
1.9091,0.0000,0
5.0804,0.0000,0
4.1454,0.0000,0
6.0604,0.0000,0
6.0118,0.0000,0
4.2354,0.0000,0
4.4696,0.0000,0
5.0682,0.0000,0
6.4118,0.0000,2
6.3355,0.0000,0
5.0397,0.0000,0
6.6389,0.0000,0
5.7771,0.0000,0
3.2052,0.0000,0
4.5364,0.0000,0
6.0409,0.0000,0
4.2350,0.0000,0
6.8085,0.0000,0
7.6666,0.0000,0
5.4996,0.0000,0
5.2134,0.0000,0
3.9730,0.0000,2
3.0139,0.0000,0
5.9693,0.0000,0
4.0754,0.0000,0
6.2560,0.0000,0
4.7179,0.0000,0
4.1341,0.0000,0
3.9792,0.0000,0
2.9737,0.0000,0
2.3651,0.0000,0
5.5279,0.0000,0
5.5566,0.0000,0
7.0004,0.0000,0
3.3218,0.0000,0
6.1400,0.0000,0
4.1444,0.0000,0
3.7574,0.0000,0
6.7789,0.0000,0
8.2249,0.0000,10
5.7784,0.0000,0
4.5610,0.0000,1
6.9910,0.0000,0
5.6445,0.0000,0
6.3786,0.0000,0
6.2708,0.0000,0
4.8184,0.0000,0
7.1053,0.0000,0
7.9248,0.0000,0
2.5517,0.0000,1
3.8192,0.0000,0
3.9250,0.0000,0
3.6411,0.0000,0
6.7313,0.0000,0
6.2108,0.0000,0
7.7899,0.0000,0
5.8583,0.0000,0
5.1224,0.0000,0
2.6713,0.0000,0
5.3208,0.0000,0
6.7164,0.0000,0
4.6822,0.0000,0
3.7880,0.0000,0
3.0720,0.0000,0
2.2991,0.0000,0
4.5914,0.0000,0
3.0494,0.0000,0
3.2313,0.0000,0
1.1873,0.0000,0
6.3755,0.0000,0
5.4215,0.0000,5
2.6898,0.0000,0
6.5333,0.0000,0
6.0226,0.0000,0
5.4189,0.0000,0
5.4165,0.0000,0
6.6041,0.0000,0
7.0245,0.0000,1
6.4520,0.0000,0
3.2674,0.0000,0
5.5066,0.0000,0
4.5131,0.0000,0
6.9640,0.0000,0
1.9809,0.0000,3
6.5604,0.0000,0
4.5446,0.0000,0
6.0221,0.0000,0
5.2064,0.0000,0
5.6126,0.0000,0
5.4425,0.0000,0
8.9485,0.0000,0
6.0477,0.0000,0
4.4363,0.0000,0
5.3428,0.0000,0
6.8384,0.0000,0
5.1493,0.0000,0
4.1272,0.0000,0
3.4123,0.0000,0
6.0867,0.0000,0
6.7097,0.0000,0
5.7374,0.0000,0
2.5194,0.0000,0
4.9409,0.0000,4
3.2883,0.0000,0
5.6330,0.0000,0
3.8262,0.0000,0
2.9710,0.0000,1
8.4726,0.0000,0
6.4227,0.0000,0
5.0095,0.0000,0
4.5081,0.0000,0
6.6339,0.0000,0
6.1916,0.0000,0
4.2150,0.0000,0
7.5032,0.0000,0
4.8046,0.0000,0
2.9945,0.0000,0
2.4237,0.0000,0
7.5536,0.0000,0
3.1722,0.0000,0
4.0231,0.0000,0
4.7424,0.0000,0
4.0434,0.0000,0
3.3810,0.0000,0
5.9850,0.0000,0
4.3859,0.0000,2
4.8201,0.0000,4
6.1223,0.0000,0
3.2986,0.0000,0
5.3372,0.0000,0
6.1830,0.0000,0
2.0407,0.0000,0
2.7881,0.0000,0
6.0310,0.0000,0
4.1999,0.0000,0
4.7823,0.0000,0
5.7384,0.0000,0
3.2971,0.0000,0
7.2626,0.0000,0
7.0047,0.0000,10
5.4690,0.0000,0
5.4414,0.0000,0
5.8576,0.0000,2
5.5981,0.0000,0
5.9166,0.0000,2
5.2413,0.0000,0
3.6221,0.0000,0
5.6438,0.0000,0
4.0627,0.0000,0
6.7271,0.0000,0
4.1354,0.0000,0
7.9510,0.0000,0
6.0701,0.0000,0
4.1694,0.0000,0
1.2559,0.0000,0
7.5268,0.0000,0
6.1786,0.0000,0
7.3484,0.0000,0
2.1209,0.0000,0
5.8972,0.0000,0
5.1325,0.0000,0
2.3882,0.0000,0
4.5993,0.0000,0
6.1753,0.0000,0
3.4520,0.0000,0
1.8572,0.0000,0
8.6562,0.0000,0
4.5958,0.0000,0
5.0698,0.0000,0
6.6443,0.0000,0
6.2011,0.0000,0
2.6859,0.0000,2
6.5922,0.0000,1
7.0397,0.0000,0
3.9846,0.0000,4
2.7506,0.0000,0
4.7372,0.0000,0
6.6077,0.0000,0
4.3195,0.0000,7
4.0485,0.0000,0
7.0257,0.0000,0
7.6958,0.0000,3
3.3110,0.0000,0
6.5900,0.0000,0
5.8196,0.0000,0
8.0306,0.0000,0
4.4322,0.0000,5
5.2801,0.0000,0
7.2979,0.0000,0
5.0181,0.0000,0
5.0409,0.0000,0
5.8487,0.0000,1
6.8340,0.0000,0
3.6918,0.0000,0
3.8503,0.0000,1
4.5022,0.0000,2
2.8530,0.0000,0
2.5698,0.0000,0
5.5824,0.0000,0
7.5229,0.0000,0
6.1394,0.0000,0
5.8610,0.0000,0
4.9518,0.0000,0
6.1525,0.0000,0
4.3380,0.0000,0
4.7271,0.0000,0
4.0307,0.0000,0
5.8765,0.0000,0
7.2439,0.0000,0
6.0722,0.0000,0
3.7567,0.0000,0
6.3689,0.0000,0
7.6584,0.0000,0
5.3996,0.0000,0
6.1859,0.0000,1
5.4222,0.0000,0
7.2291,0.0000,0
6.3577,0.0000,0
6.8260,0.0000,0
7.2441,0.0000,0
2.9382,0.0000,0
4.0893,0.0000,0
3.6268,0.0000,0
5.7343,0.0000,0
3.3925,0.0000,0
3.7344,0.0000,0
2.1909,0.0000,0
6.4470,0.0000,0
3.7755,0.0000,0
1.3962,0.0000,0
4.3811,0.0000,0
5.4570,0.0000,3
5.0470,0.0000,0
7.2579,0.0000,0
2.8886,0.0000,5
4.1616,0.0000,0
6.5729,0.0000,5
2.1581,0.0000,0
3.9653,0.0000,0
5.7763,0.0000,0
5.2685,0.0000,0
6.2783,0.0000,0
3.6169,0.0000,0
4.7810,0.0000,0
7.4382,0.0000,0
7.3959,0.0000,2
6.8679,0.0000,4
5.1453,0.0000,0
0.9675,0.0000,0
4.5202,0.0000,3
4.6775,0.0000,0
5.0064,0.0000,0
5.5522,0.0000,0
5.6682,0.0000,3
7.0307,0.0000,0
6.9665,0.0000,1
6.2048,0.0000,0
6.4077,0.0000,0
2.3896,0.0000,0
5.2600,0.0000,1
6.8855,0.0000,3
5.9524,0.0000,0
9.2459,0.0000,0
5.6117,0.0000,0
5.7915,0.0000,0
4.9279,0.0000,0
5.5904,0.0000,0
3.4321,0.0000,0
3.3293,0.0000,0
2.4804,0.0000,0
5.9940,0.0000,0
4.2596,0.0000,0
6.7803,0.0000,0
2.1552,0.0000,0
5.3992,0.0000,1
5.7262,0.0000,0
7.3684,0.0000,3
6.2692,0.0000,0
6.1164,0.0000,1
4.0312,0.0000,0
6.9912,0.0000,0
9.1844,0.0000,0
2.8120,0.0000,0
5.4717,0.0000,0
2.5352,0.0000,0
2.0836,0.0000,0
6.1570,0.0000,4
7.4779,0.0000,0
4.7083,0.0000,0
4.9980,0.0000,0
2.5841,0.0000,0
1.7652,0.0000,0
4.8958,0.0000,0
6.7449,0.0000,0
4.5354,0.0000,0
2.7915,0.0000,0
6.6773,0.0000,0
5.4958,0.0000,0
5.0053,0.0000,0
2.7924,0.0000,0
7.6429,0.0000,0
3.7104,0.0000,0
4.4434,0.0000,0
6.1247,0.0000,0
1.2180,0.0000,2
6.6058,0.0000,0
5.6542,0.0000,0
5.8229,0.0000,0
6.0908,0.0000,0
4.3422,0.0000,0
6.9471,0.0000,0
5.8070,0.0000,1
5.0360,0.0000,0
3.0758,0.0000,0
2.4372,0.0000,0
6.7569,0.0000,0
5.7459,0.0000,0
5.2744,0.0000,0
5.5137,0.0000,0
3.5827,0.0000,0
4.7983,0.0000,0
5.2715,0.0000,0
4.6731,0.0000,0
4.1321,0.0000,0
6.6248,0.0000,6
1.8178,0.0000,0
6.4268,0.0000,0
4.1584,0.0000,5
7.2860,0.0000,0
2.8811,0.0000,0
4.4997,0.0000,0
5.2972,0.0000,0
4.4021,0.0000,0
2.3698,0.0000,9
5.1399,0.0000,0
5.4314,0.0000,0
1.8271,0.0000,0
6.2359,0.0000,0
4.2016,0.0000,1
2.5779,0.0000,0
5.4629,0.0000,0
1.1791,0.0000,0
5.5501,0.0000,0
6.6710,0.0000,9
7.4823,0.0000,0
5.6871,0.0000,4
5.5678,0.0000,2
4.1512,0.0000,0
1.3590,0.0000,0
5.3932,0.0000,0
5.3862,0.0000,0
2.0799,0.0000,0
3.6502,0.0000,0
3.2747,0.0000,0
4.0471,0.0000,0
4.9816,0.0000,5
4.5576,0.0000,0
5.1630,0.0000,0
1.1666,0.0000,0
6.4688,0.0000,0
8.0311,0.0000,0
7.6376,0.0000,0
4.3807,0.0000,0
4.2544,0.0000,0
4.3434,0.0000,0
4.3622,0.0000,3
3.2545,0.0000,0
4.9147,0.0000,0
6.5492,0.0000,0
7.3128,0.0000,0
3.8576,0.0000,0
5.1580,0.0000,0
6.6586,0.0000,3
6.0114,0.0000,0
7.3006,0.0000,0
3.0562,0.0000,0
6.8130,0.0000,0
7.6738,0.0000,0
3.5557,0.0000,1
5.5816,0.0000,0
6.1713,0.0000,0
6.0594,0.0000,0
6.4869,0.0000,0
5.9879,0.0000,0
3.4696,0.0000,0
5.9997,0.0000,0
4.1733,0.0000,1
6.7080,0.0000,0
1.0639,0.0000,0
7.2963,0.0000,0
4.4366,0.0000,0
5.0587,0.0000,0
5.2795,0.0000,0
5.7562,0.0000,0
2.8216,0.0000,0
6.8631,0.0000,6
5.3464,0.0000,8
3.2083,0.0000,0
6.0941,0.0000,0
3.0248,0.0000,0
5.0750,0.0000,0
6.7862,0.0000,0
7.1352,0.0000,0
5.1643,0.0000,1
3.4911,0.0000,0
8.8102,0.0000,0
5.4966,0.0000,0
6.3307,0.0000,0
7.0913,0.0000,0
1.8461,0.0000,0
8.2299,0.0000,0
6.1200,0.0000,0
4.0344,0.0000,1
4.2714,0.0000,3
6.3819,0.0000,1
4.4019,0.0000,0
6.8037,0.0000,0
3.7900,0.0000,0
4.4191,0.0000,0
2.2099,0.0000,0
6.9436,0.0000,0
6.0800,0.0000,0
5.3504,0.0000,1
5.0316,0.0000,0
3.9201,0.0000,0
6.5002,0.0000,0
5.2350,0.0000,0
7.7498,0.0000,0
3.1756,0.0000,0
7.9434,0.0000,0
3.8919,0.0000,0
2.9594,0.0000,0
5.0042,0.0000,0
5.5143,0.0000,0
6.2682,0.0000,1
6.5558,0.0000,3
6.7078,0.0000,0
1.6851,0.0000,0
4.8434,0.0000,9
2.9682,0.0000,0
3.0417,0.0000,0
1.3946,0.0000,0
2.8291,0.0000,0
7.5077,0.0000,1
4.1751,0.0000,0
4.6856,0.0000,0
6.1823,0.0000,0
5.3172,0.0000,0
6.5795,0.0000,0
5.4820,0.0000,6
3.8850,0.0000,0
3.0964,0.0000,0
4.6913,0.0000,2
6.5016,0.0000,0
5.5634,0.0000,4
4.9570,0.0000,0
3.9162,0.0000,7
3.1327,0.0000,0
4.3031,0.0000,0
8.1390,0.0000,0
6.7866,0.0000,0
6.9634,0.0000,0
6.9229,0.0000,0
5.9980,0.0000,0
7.4176,0.0000,0
7.5386,0.0000,0
3.6477,0.0000,0
4.5324,0.0000,0
7.7420,0.0000,0
8.0448,0.0000,0
7.1119,0.0000,0
6.9219,0.0000,0
4.0399,0.0000,0
5.7637,0.0000,0
5.5979,0.0000,0
5.1293,0.0000,0
3.8929,0.0000,0
5.9135,0.0000,4
6.5146,0.0000,5
4.8948,0.0000,0
5.0731,0.0000,0
3.8467,0.0000,0
5.8955,0.0000,0
5.8251,0.0000,0
5.8506,0.0000,0
5.8223,0.0000,0
7.8857,0.0000,0
5.5865,0.0000,0
7.3389,0.0000,8
4.8314,0.0000,0
5.3218,0.0000,0
5.4054,0.0000,0
3.9213,0.0000,2
7.5076,0.0000,2
6.2718,0.0000,4
3.1917,0.0000,0
5.0653,0.0000,2
4.6907,0.0000,0
6.4290,0.0000,9
4.3158,0.0000,0
6.9379,0.0000,0
7.5246,0.0000,4
4.1562,0.0000,0
2.4920,0.0000,0
5.5472,0.0000,0
4.3708,0.0000,0
7.7363,0.0000,0
3.7425,0.0000,0
6.1277,0.0000,3
6.2748,0.0000,0
6.5824,0.0000,0
3.3208,0.0000,0
2.8609,0.0000,0
6.7348,0.0000,0
5.7954,0.0000,0
5.9546,0.0000,2
2.6344,0.0000,0
1.5529,0.0000,0
1.5381,0.0000,4
3.7505,0.0000,3
1.9730,0.0000,0
6.0162,0.0000,0
5.5279,0.0000,0
5.4440,0.0000,0
6.5744,0.0000,0
2.4649,0.0000,0
4.4322,0.0000,0
7.2873,0.0000,0
5.9241,0.0000,0
4.8044,0.0000,0
4.4919,0.0000,0
4.9005,0.0000,0
6.2981,0.0000,0
3.2545,0.0000,0
2.6996,0.0000,0
4.4949,0.0000,0
8.7328,0.0000,0
6.7602,0.0000,0
7.6542,0.0000,2
8.5924,0.0000,3
6.2236,0.0000,0
4.4194,0.0000,0
6.9673,0.0000,0
8.1039,0.0000,0
3.0055,0.0000,0
6.9224,0.0000,1
3.2522,0.0000,0
3.2744,0.0000,0
5.8468,0.0000,0
5.6612,0.0000,2
6.4420,0.0000,3
4.8870,0.0000,0
5.8949,0.0000,0
6.9352,0.0000,0
4.2495,0.0000,7
7.5062,0.0000,0
4.7267,0.0000,0
7.6908,0.0000,0
2.5994,0.0000,1
6.5667,0.0000,0
6.3720,0.0000,0
5.2544,0.0000,0
4.2235,0.0000,0
1.6446,0.0000,2
5.3306,0.0000,0
6.1010,0.0000,0
6.5403,0.0000,0
6.3922,0.0000,0
3.2612,0.0000,0
4.0169,0.0000,0
4.2922,0.0000,0
4.8337,0.0000,4
6.5269,0.0000,0
4.9704,0.0000,2
6.5475,0.0000,0
7.0673,0.0000,0
4.1076,0.0000,0
2.3144,0.0000,0
6.9917,0.0000,0
3.8460,0.0000,0
5.2775,0.0000,0
6.0451,0.0000,0
5.2194,0.0000,0
5.1014,0.0000,1
5.6765,0.0000,0
4.5415,0.0000,0
2.7777,0.0000,3
3.8183,0.0000,0
7.4886,0.0000,4
5.0565,0.0000,0
4.8586,0.0000,6
1.6000,0.0000,0
5.8649,0.0000,0
4.8353,0.0000,0
3.7368,0.0000,0
4.1861,0.0000,0
1.6633,0.0000,1
4.9345,0.0000,0
5.4763,0.0000,0
5.2324,0.0000,0
5.6403,0.0000,0
5.8387,0.0000,3
3.8739,0.0000,3
2.1319,0.0000,1
4.6802,0.0000,0
5.3648,0.0000,0
3.0057,0.0000,0
6.1993,0.0000,5
6.8554,0.0000,0
1.6881,0.0000,0
0.7804,0.0000,0
4.7942,0.0000,0
6.9483,0.0000,0
3.6361,0.0000,0
2.8737,0.0000,6
4.9242,0.0000,0
6.9654,0.0000,0
4.6493,0.0000,1
6.2891,0.0000,0
7.1363,0.0000,0
6.8873,0.0000,0
2.0042,0.0000,1
3.2168,0.0000,0
5.4250,0.0000,1
4.2513,0.0000,0
3.5571,0.0000,0
7.7959,0.0000,0
7.6134,0.0000,1
7.0294,0.0000,0
8.8876,0.0000,7
5.6202,0.0000,0
6.8299,0.0000,0
6.8134,0.0000,0
6.2811,0.0000,3
9.1794,0.0000,0
4.4510,0.0000,0
5.1302,0.0000,0
4.5563,0.0000,4
8.4339,0.0000,0
6.4957,0.0000,0
2.3576,0.0000,0
5.4349,0.0000,0
4.4932,0.0000,0
5.4771,0.0000,0
5.5143,0.0000,0
7.9832,0.0000,0
5.9769,0.0000,0
5.1681,0.0000,4
5.6026,0.0000,3
4.6259,0.0000,10
6.0787,0.0000,0
6.2608,0.0000,0
4.9384,0.0000,0
5.8037,0.0000,0
5.8867,0.0000,0
8.5311,0.0000,7
4.0400,0.0000,0
4.5658,0.0000,0
6.4950,0.0000,0
6.4778,0.0000,0
7.5776,0.0000,0
5.4120,0.0000,0
3.2410,0.0000,0
6.4934,0.0000,0
2.8078,0.0000,0
6.5456,0.0000,0
4.4102,0.0000,0
6.7295,0.0000,0
4.8186,0.0000,4
9.0631,0.0000,0
5.5824,0.0000,0
5.7003,0.0000,0
4.7895,0.0000,0
6.7233,0.0000,0
2.3458,0.0000,0
5.0458,0.0000,0
2.3069,0.0000,0
5.1893,0.0000,3
6.1655,0.0000,3
3.4905,0.0000,0
3.0789,0.0000,2
3.4801,0.0000,0
6.1513,0.0000,0
5.0650,0.0000,0
5.1993,0.0000,0
4.6772,0.0000,4
2.1342,0.0000,0
7.0329,0.0000,0
5.1014,0.0000,0
5.4156,0.0000,0
6.5808,0.0000,1
6.1485,0.0000,0
5.4536,0.0000,0
4.9262,0.0000,3
6.3202,0.0000,0
5.6426,0.0000,0
6.2260,0.0000,0
6.0362,0.0000,0
4.1565,0.0000,0
4.8741,0.0000,0
4.5455,0.0000,0
3.9764,0.0000,0
5.8196,0.0000,0
5.2331,0.0000,0
3.5656,0.0000,0
6.7297,0.0000,3
2.9249,0.0000,3
6.8343,0.0000,7
5.8083,0.0000,7
3.8528,0.0000,0
6.6023,0.0000,0
2.6405,0.0000,0
6.8217,0.0000,3
6.2942,0.0000,0
5.8541,0.0000,1
5.5984,0.0000,0
6.3640,0.0000,0
5.1602,0.0000,0
4.8337,0.0000,0
4.5119,0.0000,0
4.3384,0.0000,0
3.1854,0.0000,0
4.0632,0.0000,0
6.4669,0.0000,0
7.3980,0.0000,0
5.9465,0.0000,0
3.7826,0.0000,0
7.8935,0.0000,3
6.1538,0.0000,14
2.2539,0.0000,0
7.0247,0.0000,0
3.7452,0.0000,0
7.2849,0.0000,0
2.6312,0.0000,0
4.9006,0.0000,0
7.0592,0.0000,0
2.9601,0.0000,2
7.1127,0.0000,0
6.1047,0.0000,0
3.2959,0.0000,0
5.7380,0.0000,0
6.8299,0.0000,0
2.3220,0.0000,0
5.7310,0.0000,0
6.8190,0.0000,0
5.9849,0.0000,4
6.1318,0.0000,4
2.5021,0.0000,0
6.6869,0.0000,0
4.2264,0.0000,0
5.1795,0.0000,0
4.8290,0.0000,3
3.7478,0.0000,0
5.8428,0.0000,0
5.4811,0.0000,0
4.5788,0.0000,5
5.5271,0.0000,0
5.0074,0.0000,3
5.0923,0.0000,0
1.5666,0.0000,0
2.5907,0.0000,0
4.4396,0.0000,4
8.0552,0.0000,0
3.9424,0.0000,3
4.4483,0.0000,0
3.8556,0.0000,0
6.3014,0.0000,3
5.8269,0.0000,5
3.6363,0.0000,0
5.3263,0.0000,0
6.5366,0.0000,0
2.8033,0.0000,0
2.5092,0.0000,0
7.3043,0.0000,0
7.4023,0.0000,1
4.8250,0.0000,0
6.2432,0.0000,1
6.4686,0.0000,5
2.8944,0.0000,0
2.7694,0.0000,0
2.5915,0.0000,0
4.9047,0.0000,3
3.8759,0.0000,12
1.3544,0.0000,6
5.0549,0.0000,0
6.7045,0.0000,3
3.3977,0.0000,7
6.9430,0.0000,0
3.9415,0.0000,0
3.4622,0.0000,0
5.9625,0.0000,0
3.7825,0.0000,0
9.0934,0.0000,4
7.1172,0.0000,2
4.2687,0.0000,0
3.6544,0.0000,0
6.9878,0.0000,0
4.1016,0.0000,0
8.4364,0.0000,0
7.5504,0.0000,6
3.5138,0.0000,0
5.0435,0.0000,0
5.0304,0.0000,0
4.0009,0.0000,1
5.1337,0.0000,0
6.6524,0.0000,0
5.5106,0.0000,0
4.7505,0.0000,0
5.8318,0.0000,0
5.4970,0.0000,0
5.0480,0.0000,0
6.9251,0.0000,0
5.8383,0.0000,0
2.0380,0.0000,4
5.6611,0.0000,0
5.0326,0.0000,0
4.2179,0.0000,0
5.1200,0.0000,0
3.8045,0.0000,0
5.0606,0.0000,0
4.7613,0.0000,3
4.7747,0.0000,0
6.7445,0.0000,0
6.7191,0.0000,0
8.1445,0.0000,9
2.6914,0.0000,0
4.1595,0.0000,0
6.5770,0.0000,1
7.0204,0.0000,0
3.5477,0.0000,0
3.0796,0.0000,0
6.6403,0.0000,2
5.7658,0.0000,0
3.4308,0.0000,0
4.7502,0.0000,0
3.1731,0.0000,0
4.0958,0.0000,0
3.1491,0.0000,1
5.2518,0.0000,1
4.1385,0.0000,0
7.1893,0.0000,0
6.1731,0.0000,1
6.9029,0.0000,0
6.3214,0.0000,0
5.5324,0.0000,2
5.5912,0.0000,4
6.0571,0.0000,3
3.2945,0.0000,0
4.0670,0.0000,0
4.0448,0.0000,0
5.8560,0.0000,0
3.4384,0.0000,0
3.0573,0.0000,0
5.7951,0.0000,0
2.0323,0.0000,0
7.6944,0.0000,0
3.0597,0.0000,0
5.3673,0.0000,0
7.6135,0.0000,4
2.5322,0.0000,0
6.6449,0.0000,0
2.7831,0.0000,0
3.8708,0.0000,0
7.9413,0.0000,0
3.2855,0.0000,0
4.1564,0.0000,0
4.1493,0.0000,0
5.0248,0.0000,1
4.5833,0.0000,0
3.8955,0.0000,0
3.1490,0.0000,7
3.6846,0.0000,0
2.6795,0.0000,0
8.2668,0.0000,0
7.7947,0.0000,5
4.5023,0.0000,0
6.9167,0.0000,6
6.5714,0.0000,0
5.9530,0.0000,0
5.1114,0.0000,0
6.2674,0.0000,0
6.7407,0.0000,0
5.9085,0.0000,1
5.1843,0.0000,0
7.1182,0.0000,0
6.2811,0.0000,0
5.1175,0.0000,0
5.7616,0.0000,5
2.4028,0.0000,4
3.7404,0.0000,1
5.1065,0.0000,0
7.4217,0.0000,0
3.4445,0.0000,0
3.2852,0.0000,1
5.1019,0.0000,0
2.5043,0.0000,0
5.8062,0.0000,0
2.4521,0.0000,5
2.6899,0.0000,0
5.2632,0.0000,0
5.7541,0.0000,0
4.7046,0.0000,0
6.7751,0.0000,0
7.1012,0.0000,3
5.9947,0.0000,1
3.8109,0.0000,0
7.4529,0.0000,0
6.0910,0.0000,0
5.8726,0.0000,0
6.9772,0.0000,2
5.2582,0.0000,3
9.7454,0.0000,0
2.5156,0.0000,0
3.5676,0.0000,1
8.2158,0.0000,5
7.2459,0.0000,0
3.9282,0.0000,0
6.6476,0.0000,0
4.4774,0.0000,2
1.3978,0.0000,0
3.0573,0.0000,0
3.2444,0.0000,0
6.8194,0.0000,0
5.5952,0.0000,0
2.1816,0.0000,6
4.2429,0.0000,0
7.4016,0.0000,0
5.0349,0.0000,0
1.1780,0.0000,0
5.1063,0.0000,0
3.2040,0.0000,0
5.9904,0.0000,0
7.1775,0.0000,0
7.9054,0.0000,0
5.1309,0.0000,0
5.0430,0.0000,0
6.2153,0.0000,5
3.3229,0.0000,0
4.1741,0.0000,0
3.3730,0.0000,0
7.6169,0.0000,0
6.6850,0.0000,2
5.5048,0.0000,0
3.7431,0.0000,0
4.2767,0.0000,1
6.6927,0.0000,0
3.9159,0.0000,0
7.8133,0.0000,0
5.1952,0.0000,0
3.5476,0.0000,0
3.4949,0.0000,0
6.0651,0.0000,2
5.9401,0.0000,5
6.6684,0.0000,0
3.8086,0.0000,0
5.7358,0.0000,0
4.2069,0.0000,0
5.8036,0.0000,1
6.2246,0.0000,0
6.1174,0.0000,0
4.3013,0.0000,3
6.9854,0.0000,0
4.7246,0.0000,0
5.4574,0.0000,0
1.2824,0.0000,0
6.4335,0.0000,5
2.4566,0.0000,0
4.8644,0.0000,0
5.7286,0.0000,1
6.1740,0.0000,0
7.0766,0.0000,0
4.5682,0.0000,0
5.8234,0.0000,1
5.9990,0.0000,0
6.0665,0.0000,2
3.0729,0.0000,0
1.6470,0.0000,2
6.8252,0.0000,0
8.8217,0.0000,0
8.5986,0.0000,3
7.4035,0.0000,0
6.2530,0.0000,0
4.1519,0.0000,0
7.1314,0.0000,0
2.8700,0.0000,3
3.3138,0.0000,5
4.8575,0.0000,2
5.1422,0.0000,0
6.3455,0.0000,0
5.6470,0.0000,0
6.5465,0.0000,0
2.7592,0.0000,0
3.1047,0.0000,0
6.5069,0.0000,14
4.5522,0.0000,0
5.8736,0.0000,0
5.5408,0.0000,0
6.6885,0.0000,0
6.9914,0.0000,0
6.2377,0.0000,0
2.1364,0.0000,4
3.5209,0.0000,0
5.8239,0.0000,3
4.1069,0.0000,0
8.7197,0.0000,0
3.4273,0.0000,0
5.5299,0.0000,0
4.7313,0.0000,0
4.3314,0.0000,0
7.5552,0.0000,4
6.1851,0.0000,0
7.4411,0.0000,6
7.0616,0.0000,3
5.7560,0.0000,4
1.6188,0.0000,5
2.8574,0.0000,1
4.7221,0.0000,0
5.4130,0.0000,1
6.8349,0.0000,6
2.9118,0.0000,6
5.6526,0.0000,0
4.2764,0.0000,0
5.2629,0.0000,0
4.3051,0.0000,0
6.2847,0.0000,0
5.8337,0.0000,0
1.3541,0.0000,0
7.0566,0.0000,3
5.1365,0.0000,6
6.9932,0.0000,0
6.5053,0.0000,0
3.8500,0.0000,0
4.5008,0.0000,0
5.6486,0.0000,5
4.8088,0.0000,5
6.6911,0.0000,0
2.5095,0.0000,1
3.7081,0.0000,0
4.8557,0.0000,0
7.2304,0.0000,0
8.1030,0.0000,9
4.2480,0.0000,0
5.7207,0.0000,1
7.0093,0.0000,3
7.1817,0.0000,0
6.1066,0.0000,0
4.1863,0.0000,0
4.1407,0.0000,8
3.5939,0.0000,0
5.7362,0.0000,0
6.3417,0.0000,0
4.2131,0.0000,0
6.8321,0.0000,0
7.1038,0.0000,0
2.6229,0.0000,0
7.6240,0.0000,4
2.4318,0.0000,0
7.2215,0.0000,0
3.5756,0.0000,0
5.2460,0.0000,0
3.8652,0.0000,0
4.4794,0.0000,2
6.7413,0.0000,0
4.1395,0.0000,0
5.6466,0.0000,0
4.6000,0.0000,0
6.3648,0.0000,0
5.7009,0.0000,0
4.4295,0.0000,0
3.2769,0.0000,0
6.5744,0.0000,0
5.0686,0.0000,0
3.4316,0.0000,0
6.5229,0.0000,1
6.6468,0.0000,0
6.5859,0.0000,0
3.9136,0.0000,0
5.6058,0.0000,0
6.7152,0.0000,0
4.6291,0.0000,0
3.9339,0.0000,0
6.9101,0.0000,0
6.4990,0.0000,0
4.4942,0.0000,2
5.7922,0.0000,1
5.7670,0.0000,0
5.0935,0.0000,0
3.3878,0.0000,0
7.3349,0.0000,0
4.7551,0.0000,0
6.5920,0.0000,0
2.5169,0.0000,0
0.8346,0.0000,0
8.2441,0.0000,0
6.7003,0.0000,0
4.9640,0.0000,0
5.4858,0.0000,1
2.7149,0.0000,2
5.2751,0.0000,0
6.6612,0.0000,0
6.0197,0.0000,0
6.0337,0.0000,0
6.5350,0.0000,0
5.6249,0.0000,0
3.4529,0.0000,0
7.8679,0.0000,0
1.8585,0.0000,0
5.3874,0.0000,0
6.4119,0.0000,0
6.1527,0.0000,0
1.9486,0.0000,7
6.2799,0.0000,0
6.9519,0.0000,3
7.0001,0.0000,0
6.3887,0.0000,0
7.9594,0.0000,0
6.9247,0.0000,5
7.6855,0.0000,0
5.8004,0.0000,2
6.4728,0.0000,1
8.5469,0.0000,0
5.3135,0.0000,0
5.9484,0.0000,0
4.6095,0.0000,0
3.6533,0.0000,0
3.4700,0.0000,0
2.5313,0.0000,0
4.3800,0.0000,0
4.2547,0.0000,0
5.7088,0.0000,0
6.7853,0.0000,0
4.0074,0.0000,0
3.6606,0.0000,0
4.9080,0.0000,0
4.5484,0.0000,3
3.5567,0.0000,0
1.9659,0.0000,3
5.1102,0.0000,2
6.2813,0.0000,4
3.1244,0.0000,2
4.3401,0.0000,0
4.2582,0.0000,0
5.7815,0.0000,0
6.0671,0.0000,8
5.4537,0.0000,0
4.8740,0.0000,6
7.0005,0.0000,0
5.0404,0.0000,0
4.8048,0.0000,2
5.1307,0.0000,0
2.9129,0.0000,1
6.1216,0.0000,1
1.8813,0.0000,0
6.5847,0.0000,0
5.7410,0.0000,0
4.1907,0.0000,0
7.8780,0.0000,1
5.3045,0.0000,0
6.9416,0.0000,0
4.4271,0.0000,0
4.2846,0.0000,0
5.7761,0.0000,0
5.9924,0.0000,0
6.3324,0.0000,0
3.9968,0.0000,0
6.0209,0.0000,0
4.5725,0.0000,3
3.2996,0.0000,0
2.2772,0.0000,0
1.7016,0.0000,0
6.0816,0.0000,0
4.6364,0.0000,0
5.3730,0.0000,0
2.9009,0.0000,0
7.0708,0.0000,0
5.3611,0.0000,5
5.5093,0.0000,0
6.5127,0.0000,0
5.9940,0.0000,0
2.4278,0.0000,0
2.8792,0.0000,0
3.1573,0.0000,2
7.5137,0.0000,3
6.3876,0.0000,0
4.6591,0.0000,0
3.8129,0.0000,0
4.1435,0.0000,0
5.5203,0.0000,0
4.3547,0.0000,2
7.0811,0.0000,0
3.9759,0.0000,7
3.1399,0.0000,2
6.4411,0.0000,0
6.6582,0.0000,0
5.1271,0.0000,0
3.2316,0.0000,6
3.5849,0.0000,0
6.8608,0.0000,0
4.3813,0.0000,5
7.2496,0.0000,0
6.5052,0.0000,0
7.7003,0.0000,1
3.7492,0.0000,0
5.7006,0.0000,0
5.0884,0.0000,2
7.4527,0.0000,0
4.9363,0.0000,0
2.0675,0.0000,0
5.3535,0.0000,0
7.2186,0.0000,0
5.5090,0.0000,0
8.0690,0.0000,0
6.4882,0.0000,0
5.1142,0.0000,0
5.8822,0.0000,0
3.4256,0.0000,0
7.0999,0.0000,0
1.7119,0.0000,0
6.9966,0.0000,0
4.1997,0.0000,0
5.3419,0.0000,0
8.6843,0.0000,0
6.6992,0.0000,0
8.3245,0.0000,0
3.8014,0.0000,0
3.2831,0.0000,0
4.2384,0.0000,0
3.6577,0.0000,0
1.7331,0.0000,0
4.2921,0.0000,0
5.0785,0.0000,0
3.5892,0.0000,2
3.9028,0.0000,0
4.4804,0.0000,0
6.8686,0.0000,0
2.4372,0.0000,0
3.8989,0.0000,5
5.0877,0.0000,0
5.3822,0.0000,1
7.1319,0.0000,0
6.2328,0.0000,0
4.2299,0.0000,0
8.1185,0.0000,0
5.6263,0.0000,0
6.3045,0.0000,0
4.1087,0.0000,0
5.4855,0.0000,0
6.0945,0.0000,1
4.5838,0.0000,4
6.9889,0.0000,0
6.3416,0.0000,0
5.1543,0.0000,0
5.9336,0.0000,0
2.3592,0.0000,0
6.2772,0.0000,0
4.0219,0.0000,5
2.9687,0.0000,0
6.3990,0.0000,0
2.6223,0.0000,0
2.5380,0.0000,0
6.6996,0.0000,0
5.0801,0.0000,0
7.2278,0.0000,0
4.4618,0.0000,0
6.3191,0.0000,9
5.1994,0.0000,1
6.1760,0.0000,0
2.1660,0.0000,0
4.9391,0.0000,5
5.6638,0.0000,5
5.7399,0.0000,2
5.1399,0.0000,0
3.7252,0.0000,0
7.7196,0.0000,0
5.1400,0.0000,0
2.3600,0.0000,0
2.5805,0.0000,0
4.9759,0.0000,1
4.7249,0.0000,0
7.0645,0.0000,0
4.2603,0.0000,0
3.5571,0.0000,0
4.3026,0.0000,4
3.0348,0.0000,2
4.0212,0.0000,0
5.3647,0.0000,0
4.8796,0.0000,0
5.2890,0.0000,1
6.1348,0.0000,0
3.9809,0.0000,0
6.9251,0.0000,0
5.9106,0.0000,0
7.6068,0.0000,0
5.1830,0.0000,2
6.1620,0.0000,0
8.2725,0.0000,0
5.7153,0.0000,0
4.5842,0.0000,0
4.7104,0.0000,2
6.5291,0.0000,0
4.5907,0.0000,0
3.5648,0.0000,0
6.6595,0.0000,0
5.1928,0.0000,0
1.9124,0.0000,0
7.0177,0.0000,0
2.7067,0.0000,0
3.8465,0.0000,0
7.6388,0.0000,0
4.2905,0.0000,0
4.9150,0.0000,0
2.8434,0.0000,4
5.9872,0.0000,5
6.3662,0.0000,4
4.7000,0.0000,0
5.2143,0.0000,1
5.9470,0.0000,2
4.5923,0.0000,0
4.7775,0.0000,7
2.7328,0.0000,0
4.1382,0.0000,4
1.8314,0.0000,0
4.6864,0.0000,0
4.8177,0.0000,0
4.0548,0.0000,0
2.8142,0.0000,0
5.1584,0.0000,0
4.1483,0.0000,1
8.9645,0.0000,0
1.8384,0.0000,0
6.9419,0.0000,0
6.7093,0.0000,0
6.7073,0.0000,0
3.0337,0.0000,0
2.9823,0.0000,1
4.2221,0.0000,0
4.4434,0.0000,4
4.7023,0.0000,0
6.1107,0.0000,0
4.8614,0.0000,0
6.6103,0.0000,0
2.6359,0.0000,0
4.4680,0.0000,0
2.4075,0.0000,0
3.8767,0.0000,0
7.1160,0.0000,0
6.7408,0.0000,0
5.6954,0.0000,4
3.9368,0.0000,1
2.1748,0.0000,6
5.3969,0.0000,0
1.3853,0.0000,2
2.2675,0.0000,0
4.2395,0.0000,0
4.1983,0.0000,4
6.1807,0.0000,4
3.0233,0.0000,2
1.2120,0.0000,0
6.2156,0.0000,0
5.2849,0.0000,4
7.3235,0.0000,0
6.9306,0.0000,0
6.4856,0.0000,0
6.9895,0.0000,0
5.8873,0.0000,4
6.0243,0.0000,3
4.7907,0.0000,0
4.5641,0.0000,0
4.7077,0.0000,0
3.6538,0.0000,0
8.5493,0.0000,0
5.0553,0.0000,0
2.9501,0.0000,0
5.3891,0.0000,3
4.0836,0.0000,0
3.1704,0.0000,7
5.6099,0.0000,1
6.8097,0.0000,0
2.9437,0.0000,0
7.1912,0.0000,0
5.6666,0.0000,0
5.3315,0.0000,3
1.5580,0.0000,0
6.2241,0.0000,0
7.0529,0.0000,2
4.5549,0.0000,0
3.5848,0.0000,0
6.2067,0.0000,0
2.6782,0.0000,0
3.5751,0.0000,0
2.5960,0.0000,0
4.0590,0.0000,0
4.7743,0.0000,0
6.6842,0.0000,0
4.3448,0.0000,0
4.3452,0.0000,0
6.0654,0.0000,0
3.3679,0.0000,0
4.4325,0.0000,0
6.4396,0.0000,5
5.4898,0.0000,0
4.2176,0.0000,2
4.9478,0.0000,0
4.8695,0.0000,0
4.6445,0.0000,0
4.1066,0.0000,0
4.5404,0.0000,4
8.7127,0.0000,0
5.4257,0.0000,0
6.2431,0.0000,0
3.7895,0.0000,0
7.1688,0.0000,0
4.6673,0.0000,0
5.9057,0.0000,0
5.6943,0.0000,0
6.4547,0.0000,3
3.0424,0.0000,0
5.0046,0.0000,10
5.5855,0.0000,0
1.7914,0.0000,0
3.3957,0.0000,0
3.7922,0.0000,0
6.9605,0.0000,0
5.9601,0.0000,0
2.9909,0.0000,0
5.7365,0.0000,0
4.2791,0.0000,0
5.8783,0.0000,0
4.6238,0.0000,0
4.0769,0.0000,0
5.5946,0.0000,5
6.9853,0.0000,0
4.2533,0.0000,0
7.0691,0.0000,0
6.3243,0.0000,4
4.7920,0.0000,0
2.3152,0.0000,0
4.5701,0.0000,1
4.3704,0.0000,0
6.6214,0.0000,2
2.8398,0.0000,0
5.3166,0.0000,0
5.2549,0.0000,5
6.0161,0.0000,4
4.3240,0.0000,0
7.2839,0.0000,13
4.9569,0.0000,0
4.3243,0.0000,0
4.9978,0.0000,0
7.1232,0.0000,0
4.7774,0.0000,0
4.3392,0.0000,0
6.0763,0.0000,3
2.7023,0.0000,0
5.1019,0.0000,0
7.1760,0.0000,0
5.5655,0.0000,0
5.7261,0.0000,0
3.4114,0.0000,0
3.9129,0.0000,3
6.7328,0.0000,0
6.2999,0.0000,11
2.2179,0.0000,0
4.7432,0.0000,0
7.3353,0.0000,0
5.8836,0.0000,0
7.4695,0.0000,0
5.0387,0.0000,0
7.2779,0.0000,0
5.3733,0.0000,0
4.5798,0.0000,2
4.7187,0.0000,3
5.4606,0.0000,0
3.4061,0.0000,2
6.5675,0.0000,0
4.3756,0.0000,0
3.3687,0.0000,0
3.8514,0.0000,0
7.4423,0.0000,0
3.6258,0.0000,0
6.5985,0.0000,4
4.1491,0.0000,0
4.0454,0.0000,3
5.2517,0.0000,0
7.5655,0.0000,0
5.1181,0.0000,0
3.9322,0.0000,3
6.3117,0.0000,0
4.8479,0.0000,0
4.1381,0.0000,2
4.7081,0.0000,0
2.5728,0.0000,0
5.9531,0.0000,2
6.5210,0.0000,0
5.2840,0.0000,0
5.6090,0.0000,0
4.3566,0.0000,1
5.5601,0.0000,4
2.7058,0.0000,0
4.1708,0.0000,3
6.2328,0.0000,0
6.7425,0.0000,0
5.6634,0.0000,0
6.6977,0.0000,0
5.9586,0.0000,0
4.3504,0.0000,0
1.9725,0.0000,0
7.3758,0.0000,1
5.2084,0.0000,0
7.0266,0.0000,0
6.1126,0.0000,0
7.1832,0.0000,0
6.9425,0.0000,0
3.6699,0.0000,0
6.0818,0.0000,0
3.8901,0.0000,0
4.0875,0.0000,0
6.7090,0.0000,5
7.9574,0.0000,0
6.7983,0.0000,0
2.5845,0.0000,0
7.3570,0.0000,0
5.5497,0.0000,0
8.0878,0.0000,0
4.7060,0.0000,0
3.9149,0.0000,0
7.1836,0.0000,6
3.2750,0.0000,0
5.2575,0.0000,0
4.4647,0.0000,0
4.2517,0.0000,0
7.4941,0.0000,0
3.2466,0.0000,0
6.8606,0.0000,0
5.4235,0.0000,0
4.1437,0.0000,0
6.2405,0.0000,0
5.6288,0.0000,0
5.9995,0.0000,0
6.5231,0.0000,1
7.5242,0.0000,0
2.4581,0.0000,0
6.5157,0.0000,0
6.7444,0.0000,0
3.3145,0.0000,7
2.6206,0.0000,0
2.4174,0.0000,0
6.5312,0.0000,2
3.7684,0.0000,0
6.5748,0.0000,0
6.1043,0.0000,0
3.7850,0.0000,0
1.8195,0.0000,9
6.8894,0.0000,0
1.5379,0.0000,0
6.4676,0.0000,0
4.2251,0.0000,0
5.2678,0.0000,0
4.9721,0.0000,0
2.3822,0.0000,6
7.4752,0.0000,3
6.1050,0.0000,2
4.5482,0.0000,0
4.7079,0.0000,0
8.4497,0.0000,9
6.0569,0.0000,0
4.7727,0.0000,2
6.3448,0.0000,0
4.6809,0.0000,0
3.8041,0.0000,1
7.5577,0.0000,0
5.7107,0.0000,7
3.0983,0.0000,0
4.2625,0.0000,0
5.6419,0.0000,0
5.8864,0.0000,8
5.8802,0.0000,0
4.7346,0.0000,2
2.6240,0.0000,0
6.4269,0.0000,0
3.1970,0.0000,2
6.3003,0.0000,0
5.0994,0.0000,0
4.8488,0.0000,0
6.0207,0.0000,0
6.5781,0.0000,0
4.8079,0.0000,0
4.9257,0.0000,2
5.2750,0.0000,0
7.8750,0.0000,0
4.7084,0.0000,0
6.8581,0.0000,9
3.8269,0.0000,1
5.7847,0.0000,0
3.6014,0.0000,1
4.9917,0.0000,0
4.9146,0.0000,0
3.9747,0.0000,4
5.9917,0.0000,0
4.2325,0.0000,0
1.4346,0.0000,3
3.7487,0.0000,0
3.4286,0.0000,0
1.6171,0.0000,0
5.5258,0.0000,1
6.2410,0.0000,0
7.7159,0.0000,0
6.1336,0.0000,0
6.8056,0.0000,0
6.1197,0.0000,0
7.9848,0.0000,0
5.0105,0.0000,2
6.7252,0.0000,0
6.7039,0.0000,4
3.8282,0.0000,0
7.2980,0.0000,3
3.7667,0.0000,2
2.8440,0.0000,0
4.5839,0.0000,0
3.9594,0.0000,3
2.3795,0.0000,0
6.6316,0.0000,0
2.3766,0.0000,4
5.3117,0.0000,0
2.6685,0.0000,0
6.9627,0.0000,0
4.1640,0.0000,0
6.1903,0.0000,3
5.9741,0.0000,0
5.5287,0.0000,0
4.0399,0.0000,0
3.0433,0.0000,0
4.4984,0.0000,0
2.2625,0.0000,2
2.7813,0.0000,2
5.6782,0.0000,0
7.5028,0.0000,2
7.6929,0.0000,0
6.2733,0.0000,4
6.5356,0.0000,0
5.1831,0.0000,0
4.8260,0.0000,0
4.6280,0.0000,0
5.0530,0.0000,5
4.5841,0.0000,2
2.7390,0.0000,0
4.4034,0.0000,1
1.6298,0.0000,0
5.8732,0.0000,0
3.8400,0.0000,0
3.6799,0.0000,4
5.1293,0.0000,0
8.0886,0.0000,1
5.9486,0.0000,3
5.5844,0.0000,0
3.1825,0.0000,0
6.1557,0.0000,0
4.8167,0.0000,0
5.4591,0.0000,11
1.6231,0.0000,0
6.3901,0.0000,0
7.5692,0.0000,8
6.9900,0.0000,0
3.8224,0.0000,0
6.1390,0.0000,0
7.0370,0.0000,1
6.1644,0.0000,0
5.7369,0.0000,0
6.1438,0.0000,0
4.5305,0.0000,0
6.8837,0.0000,0
6.3172,0.0000,6
4.8317,0.0000,0
5.3943,0.0000,2
6.9848,0.0000,0
4.5286,0.0000,0
5.1606,0.0000,0
5.0645,0.0000,0
6.9469,0.0000,0
2.1464,0.0000,0
1.5226,0.0000,0
4.5461,0.0000,0
5.6721,0.0000,0
2.3630,0.0000,0
6.7380,0.0000,7
5.3608,0.0000,0
6.2332,0.0000,0
6.1424,0.0000,5
6.2638,0.0000,1
4.6969,0.0000,0
5.9531,0.0000,0
2.3751,0.0000,0
6.7811,0.0000,0
4.3131,0.0000,0
2.5044,0.0000,2
5.7305,0.0000,0
4.6807,0.0000,3
4.0832,0.0000,1
5.1163,0.0000,13
4.2049,0.0000,0
4.0761,0.0000,4
6.3403,0.0000,0
1.3349,0.0000,2
2.9223,0.0000,0
7.1262,0.0000,0
2.7641,0.0000,0
5.0214,0.0000,5
4.9096,0.0000,4
5.6617,0.0000,0
5.8739,0.0000,0
6.3254,0.0000,0
6.6321,0.0000,3
6.1149,0.0000,0
5.9752,0.0000,0
5.6650,0.0000,0
2.9974,0.0000,2
2.2970,0.0000,0
6.6552,0.0000,0
3.5319,0.0000,0
1.5832,0.0000,0
5.1027,0.0000,0
4.1399,0.0000,1
4.6815,0.0000,0
7.0654,0.0000,0
3.4351,0.0000,5
3.0621,0.0000,0
4.2811,0.0000,1
6.9136,0.0000,0
7.1438,0.0000,8
5.7578,0.0000,0
7.2609,0.0000,0
4.3560,0.0000,0
5.8156,0.0000,0
7.1194,0.0000,3
6.9680,0.0000,0
3.5929,0.0000,2
7.6629,0.0000,0
6.1506,0.0000,4
4.9242,0.0000,3
7.2193,0.0000,0
6.8705,0.0000,0
7.5130,0.0000,0
4.0772,0.0000,0
6.5710,0.0000,0
7.1570,0.0000,1
7.3669,0.0000,0
6.5872,0.0000,0
6.0162,0.0000,0
4.7793,0.0000,0
5.1785,0.0000,0
5.9931,0.0000,0
6.5849,0.0000,9
4.6662,0.0000,0
5.9233,0.0000,0
6.4739,0.0000,0
2.2524,0.0000,0
3.2057,0.0000,0
5.3560,0.0000,4
5.4090,0.0000,2
6.7591,0.0000,4
5.7164,0.0000,1
5.2892,0.0000,0
4.4445,0.0000,0
1.6404,0.0000,0
6.0381,0.0000,8
4.7638,0.0000,0
8.5534,0.0000,0
6.7534,0.0000,2
7.3966,0.0000,0
3.5246,0.0000,0
4.8647,0.0000,0
6.0246,0.0000,3
4.8007,0.0000,0
9.7168,0.0000,6
3.5641,0.0000,0
5.5242,0.0000,0
4.7683,0.0000,1
6.7703,0.0000,9
5.3976,0.0000,0
6.3054,0.0000,0
5.8122,0.0000,0
5.1799,0.0000,0
3.4983,0.0000,0
0.7381,0.0000,0
1.8630,0.0000,0
5.0282,0.0000,0
6.0153,0.0000,2
5.5309,0.0000,5
6.6444,0.0000,4
5.5032,0.0000,0
3.3680,0.0000,0
3.4983,0.0000,0
4.9579,0.0000,0
5.8679,0.0000,0
5.6948,0.0000,0
4.1441,0.0000,0
2.8831,0.0000,0
3.4927,0.0000,0
4.3679,0.0000,4
5.2320,0.0000,0
4.5229,0.0000,5
4.6132,0.0000,3
1.7460,0.0000,0
6.5464,0.0000,5
4.7717,0.0000,2
3.3864,0.0000,0
4.2226,0.0000,0
5.6247,0.0000,0
7.8947,0.0000,3
5.5013,0.0000,0
4.3951,0.0000,0
3.6545,0.0000,3
7.5725,0.0000,5
6.4485,0.0000,0
6.0159,0.0000,0
3.2799,0.0000,0
4.3595,0.0000,4
5.2157,0.0000,1
5.7042,0.0000,0
5.8533,0.0000,1
5.2842,0.0000,0
5.8464,0.0000,5
5.9024,0.0000,2
7.2878,0.0000,0
7.0615,0.0000,0
6.1131,0.0000,0
2.6114,0.0000,0
3.3787,0.0000,0
1.9970,0.0000,0
1.2207,0.0000,0
5.7012,0.0000,9
3.7402,0.0000,0
4.7800,0.0000,0
4.7094,0.0000,0
3.6875,0.0000,2
4.0389,0.0000,0
5.8304,0.0000,0
4.3988,0.0000,4
5.5491,0.0000,0
6.4002,0.0000,5
6.9359,0.0000,3
3.9376,0.0000,2
1.4427,0.0000,0
4.1979,0.0000,0
5.2772,0.0000,0
5.4506,0.0000,7
4.0319,0.0000,0
4.4714,0.0000,0
2.2547,0.0000,0
4.9612,0.0000,0
5.5343,0.0000,0
4.3463,0.0000,2
2.6087,0.0000,0
6.2080,0.0000,2
5.9925,0.0000,0
4.8899,0.0000,0
6.6257,0.0000,3
6.6133,0.0000,2
4.5602,0.0000,1
5.3549,0.0000,0
5.8369,0.0000,6
5.6361,0.0000,0
6.1490,0.0000,0
5.4972,0.0000,1
4.5358,0.0000,0
2.9419,0.0000,1
9.3073,0.0000,0
4.9925,0.0000,0
6.3006,0.0000,0
7.7082,0.0000,0
5.9752,0.0000,0
4.8531,0.0000,0
6.8532,0.0000,0
1.9934,0.0000,4
6.5309,0.0000,10
8.1517,0.0000,0
3.7493,0.0000,0
8.2370,0.0000,1
5.4872,0.0000,0
6.3582,0.0000,7
7.1289,0.0000,0
1.3433,0.0000,2
3.3714,0.0000,6
4.3703,0.0000,0
7.1596,0.0000,0
3.3675,0.0000,0
5.4728,0.0000,0
4.8311,0.0000,0
7.2957,0.0000,0
5.7026,0.0000,3
6.0680,0.0000,0
7.3032,0.0000,0
5.7249,0.0000,9
6.2185,0.0000,0
3.7000,0.0000,3
4.0493,0.0000,0
3.5258,0.0000,0
6.4296,0.0000,0
3.8992,0.0000,3
6.2039,0.0000,2
2.4543,0.0000,3
6.2136,0.0000,0
4.4464,0.0000,0
4.7877,0.0000,0
6.6725,0.0000,7
5.5740,0.0000,0
2.4512,0.0000,4
5.4885,0.0000,0
6.5907,0.0000,0
3.3322,0.0000,1
5.9531,0.0000,0
3.1711,0.0000,0
3.4388,0.0000,0
5.6252,0.0000,0
5.6486,0.0000,0
7.5335,0.0000,3
4.0606,0.0000,0
5.6482,0.0000,0
4.1713,0.0000,2
5.0494,0.0000,0
6.6613,0.0000,0
3.7480,0.0000,0
5.8604,0.0000,0
5.4426,0.0000,0
4.2148,0.0000,0
4.9010,0.0000,0
6.5295,0.0000,1
5.0428,0.0000,2
6.0490,0.0000,1
7.4689,0.0000,0
2.9644,0.0000,2
6.9637,0.0000,0
3.8971,0.0000,0
6.2066,0.0000,0
5.5971,0.0000,0
4.5552,0.0000,0
5.0400,0.0000,3
7.0690,0.0000,0
4.1717,0.0000,0
3.2687,0.0000,0
6.6316,0.0000,1
7.8433,0.0000,1
6.9982,0.0000,0
4.3535,0.0000,0
5.3486,0.0000,0
8.1235,0.0000,0
4.0899,0.0000,0
6.8071,0.0000,0
6.6569,0.0000,0
3.8469,0.0000,0
4.4800,0.0000,0
8.0598,0.0000,2
4.7426,0.0000,0
4.6776,0.0000,0
5.9108,0.0000,0
4.8127,0.0000,0
5.6554,0.0000,0
3.6752,0.0000,1
7.2288,0.0000,0
4.7204,0.0000,2
4.9901,0.0000,2
4.3311,0.0000,0
4.0442,0.0000,0
7.6931,0.0000,0
3.6295,0.0000,0
9.2574,0.0000,2
5.5756,0.0000,0
3.6092,0.0000,1
5.3378,0.0000,3
4.3771,0.0000,4
2.9703,0.0000,0
5.2918,0.0000,0
3.1149,0.0000,5
3.8271,0.0000,0
5.4420,0.0000,0
3.6669,0.0000,4
4.5576,0.0000,0
3.3156,0.0000,2
4.9819,0.0000,0
4.1587,0.0000,0
6.6148,0.0000,0
1.6043,0.0000,0
5.9238,0.0000,0
6.4656,0.0000,0
7.4926,0.0000,3
6.0700,0.0000,0
7.6437,0.0000,0
7.5548,0.0000,0
4.3123,0.0000,0
5.0197,0.0000,1
5.3721,0.0000,0
2.5878,0.0000,0
5.8005,0.0000,2
6.1195,0.0000,0
6.2643,0.0000,0
6.4294,0.0000,0
8.0018,0.0000,5
4.5316,0.0000,14
2.9328,0.0000,4
5.7255,0.0000,0
2.0648,0.0000,0
7.5220,0.0000,0
5.0859,0.0000,0
3.4146,0.0000,0
1.9057,0.0000,0
4.1023,0.0000,0
5.3528,0.0000,0
5.1403,0.0000,0
4.7763,0.0000,0
5.8866,0.0000,1
5.9555,0.0000,0
4.6233,0.0000,0
6.1281,0.0000,0
5.6779,0.0000,0
5.1331,0.0000,1
7.1093,0.0000,0
3.1089,0.0000,0
3.4890,0.0000,0
2.3394,0.0000,0
5.8928,0.0000,0
7.0170,0.0000,0
6.5305,0.0000,0
6.6970,0.0000,0
5.2716,0.0000,1
4.3866,0.0000,1
3.4550,0.0000,0
7.3790,0.0000,0
6.7023,0.0000,0
4.0642,0.0000,0
5.4761,0.0000,1
3.8901,0.0000,1
2.3860,0.0000,0
3.8212,0.0000,0
4.6594,0.0000,1
6.2744,0.0000,1
7.8746,0.0000,0
2.5856,0.0000,0
1.1616,0.0000,0
5.6965,0.0000,0
7.0552,0.0000,0
6.4502,0.0000,2
6.8912,0.0000,0
3.3148,0.0000,0
6.4680,0.0000,0
3.3597,0.0000,2
3.1435,0.0000,0
5.8204,0.0000,0
7.3124,0.0000,0
7.3471,0.0000,5
6.4980,0.0000,0
6.0063,0.0000,0
1.3006,0.0000,2
6.4177,0.0000,4
3.8846,0.0000,0
4.0109,0.0000,0
5.9390,0.0000,0
5.8113,0.0000,0
6.0414,0.0000,0
5.0446,0.0000,0
5.2029,0.0000,0
4.9372,0.0000,3
6.7826,0.0000,0
6.8207,0.0000,0
5.0988,0.0000,0
4.6445,0.0000,0
3.1718,0.0000,3
4.5247,0.0000,0
5.1176,0.0000,4
3.3158,0.0000,0
7.6166,0.0000,0
3.8468,0.0000,5
6.5603,0.0000,0
7.8388,0.0000,0
4.2239,0.0000,0
6.1478,0.0000,0
5.6251,0.0000,0
7.4290,0.0000,4
3.8631,0.0000,0
6.2744,0.0000,0
4.5213,0.0000,0
5.7790,0.0000,0
3.4015,0.0000,0
5.5889,0.0000,0
2.8834,0.0000,0
2.1985,0.0000,0
5.3523,0.0000,0
5.8251,0.0000,0
7.0826,0.0000,4
8.2668,0.0000,0
4.0765,0.0000,1
5.3850,0.0000,2
2.7367,0.0000,0
3.6073,0.0000,0
5.0791,0.0000,0
5.3864,0.0000,0
5.7709,0.0000,0
3.7848,0.0000,0
4.7010,0.0000,0
1.6959,0.0000,1
3.5504,0.0000,0
3.3492,0.0000,2
5.7465,0.0000,0
6.2872,0.0000,0
2.6184,0.0000,0
3.2201,0.0000,0
3.0964,0.0000,0
3.6609,0.0000,0
3.6577,0.0000,0
3.0442,0.0000,0
7.2635,0.0000,0
6.7012,0.0000,3
4.9275,0.0000,0
4.6590,0.0000,0
3.6100,0.0000,0
7.2746,0.0000,0
6.8875,0.0000,0
5.9787,0.0000,0
5.2203,0.0000,0
5.6747,0.0000,0
5.2082,0.0000,0
6.5471,0.0000,0
4.9942,0.0000,0
5.3495,0.0000,0
3.5640,0.0000,2
6.9173,0.0000,0
3.7482,0.0000,0
7.1523,0.0000,0
5.4123,0.0000,0
6.6893,0.0000,0
4.1082,0.0000,0
4.9854,0.0000,3
3.8400,0.0000,1
6.0937,0.0000,0
1.4527,0.0000,0
4.8505,0.0000,0
3.9288,0.0000,0
5.3975,0.0000,1
3.0445,0.0000,0
5.8729,0.0000,0
5.2167,0.0000,0
2.5019,0.0000,0
4.3928,0.0000,4
3.4876,0.0000,0
6.6373,0.0000,0
2.4744,0.0000,0
1.8069,0.0000,2
3.1474,0.0000,0
4.1055,0.0000,6
6.1008,0.0000,0
5.4638,0.0000,2
5.8669,0.0000,3
5.1452,0.0000,1
1.5310,0.0000,0
5.7007,0.0000,0
6.4475,0.0000,0
4.1076,0.0000,0
5.8238,0.0000,3
5.1630,0.0000,0
3.9041,0.0000,0
4.3511,0.0000,0
4.7100,0.0000,0
4.8777,0.0000,5
7.6169,0.0000,0
7.0295,0.0000,0
2.8101,0.0000,0
5.0148,0.0000,0
3.9062,0.0000,6
3.9086,0.0000,2
3.9510,0.0000,0
2.9630,0.0000,0
4.5538,0.0000,0
5.0046,0.0000,1
7.3008,0.0000,0
4.4817,0.0000,0
5.4896,0.0000,0
3.2949,0.0000,4
4.0944,0.0000,5
3.2542,0.0000,0
5.8949,0.0000,0
6.5013,0.0000,0
4.3480,0.0000,0
5.2336,0.0000,1
4.9256,0.0000,4
5.3060,0.0000,1
3.2447,0.0000,0
3.3548,0.0000,0
5.0861,0.0000,0
1.3882,0.0000,0
6.9728,0.0000,0
2.5163,0.0000,1
5.2775,0.0000,2
7.7071,0.0000,0
6.5156,0.0000,0
3.3414,0.0000,0
5.9203,0.0000,1
6.7693,0.0000,0
1.8972,0.0000,2
2.5912,0.0000,0
7.5951,0.0000,0
6.6594,0.0000,3
3.3167,0.0000,2
4.3651,0.0000,1
3.8978,0.0000,0
3.6505,0.0000,0
2.4024,0.0000,0
3.5014,0.0000,1
7.4512,0.0000,5
5.6364,0.0000,0
2.4034,0.0000,0
7.3171,0.0000,1
6.3955,0.0000,0
4.0200,0.0000,3
5.0171,0.0000,0
5.5894,0.0000,6
3.7031,0.0000,0
3.6422,0.0000,1
7.0058,0.0000,7
4.7497,0.0000,2
4.1822,0.0000,4
6.7319,0.0000,0
6.2577,0.0000,0
3.3856,0.0000,0
3.9505,0.0000,0
5.3340,0.0000,0
1.5621,0.0000,0
6.1584,0.0000,4
5.1173,0.0000,0
3.1423,0.0000,0
4.1719,0.0000,0
3.7023,0.0000,3
6.3594,0.0000,0
2.8849,0.0000,0
5.2643,0.0000,0
6.2057,0.0000,0
6.4652,0.0000,0
3.4005,0.0000,0
6.4664,0.0000,0
4.2838,0.0000,0
4.1489,0.0000,0
2.0491,0.0000,0
6.1172,0.0000,0
4.8724,0.0000,0
6.0200,0.0000,0
5.9933,0.0000,3
4.5154,0.0000,4
2.5262,0.0000,0
5.1014,0.0000,0
0.5549,0.0000,3
3.7222,0.0000,0
6.7408,0.0000,2
5.8344,0.0000,0
6.4267,0.0000,0
6.9815,0.0000,0
6.0357,0.0000,0
5.1575,0.0000,0
4.4411,0.0000,0
6.8279,0.0000,2
1.1429,0.0000,0
2.7488,0.0000,0
4.9923,0.0000,0
6.2722,0.0000,0
6.6431,0.0000,0
5.6613,0.0000,2
8.5849,0.0000,0
2.9538,0.0000,0
8.4521,0.0000,2
5.7181,0.0000,2
5.8567,0.0000,0
5.3597,0.0000,3
6.1927,0.0000,1
3.1302,0.0000,4
5.8384,0.0000,6
4.7638,0.0000,0
3.3529,0.0000,1
2.7438,0.0000,0
5.9391,0.0000,0
6.3249,0.0000,1
2.1831,0.0000,2
5.0565,0.0000,0
4.1242,0.0000,0
5.1565,0.0000,0
3.8706,0.0000,0
4.7112,0.0000,0
1.7941,0.0000,0
4.9569,0.0000,0
3.7458,0.0000,1
5.1303,0.0000,0
4.3036,0.0000,0
4.9671,0.0000,0
5.9633,0.0000,0
5.3479,0.0000,0
4.5284,0.0000,0
6.6810,0.0000,2
3.6444,0.0000,0
4.1467,0.0000,4
4.3129,0.0000,0
3.9389,0.0000,0
6.8051,0.0000,0
1.7689,0.0000,4
4.1429,0.0000,1
7.2731,0.0000,0
6.3074,0.0000,0
4.0542,0.0000,0
5.9081,0.0000,3
1.9609,0.0000,0
3.8539,0.0000,4
4.3150,0.0000,0
6.1598,0.0000,0
5.7809,0.0000,0
3.9967,0.0000,0
8.3989,0.0000,0
3.8085,0.0000,3
7.6241,0.0000,0
6.6000,0.0000,0
6.9928,0.0000,0
4.6442,0.0000,2
6.3359,0.0000,0
6.6330,0.0000,3
4.8704,0.0000,0
5.4268,0.0000,0
6.1515,0.0000,0
4.3168,0.0000,0
3.0206,0.0000,0
6.0495,0.0000,0
6.2406,0.0000,0
2.4620,0.0000,0
6.0495,0.0000,0
4.6890,0.0000,0
7.0611,0.0000,0
8.3181,0.0000,0
5.5853,0.0000,3
2.3502,0.0000,0
7.3844,0.0000,0
5.2414,0.0000,1
5.3201,0.0000,0
6.7224,0.0000,0
6.3499,0.0000,0
5.3527,0.0000,2
6.3779,0.0000,0
3.6249,0.0000,3
1.1911,0.0000,0
4.7769,0.0000,4
5.5228,0.0000,0
5.5123,0.0000,0
2.1957,0.0000,0
5.2563,0.0000,0
5.3766,0.0000,0
3.8398,0.0000,0
9.0414,0.0000,1
6.5791,0.0000,0
1.3237,0.0000,2
6.6984,0.0000,1
5.6568,0.0000,4
3.0607,0.0000,0
6.2176,0.0000,0
7.3844,0.0000,1
6.3998,0.0000,0
1.4846,0.0000,0
5.6915,0.0000,0
4.4370,0.0000,2
3.0524,0.0000,2
3.8111,0.0000,0
4.7435,0.0000,0
5.5321,0.0000,0
6.9887,0.0000,0
4.1835,0.0000,0
5.2114,0.0000,0
5.0337,0.0000,0
4.2234,0.0000,0
1.8649,0.0000,0
4.5478,0.0000,0
2.9010,0.0000,1
6.8248,0.0000,0
4.0164,0.0000,5
5.5315,0.0000,0
4.5802,0.0000,6
3.8365,0.0000,0
5.2817,0.0000,0
2.3569,0.0000,0
7.6457,0.0000,0
6.3731,0.0000,1
3.5878,0.0000,0
5.4435,0.0000,0
3.9968,0.0000,4
5.7105,0.0000,4
7.1061,0.0000,0
3.8078,0.0000,2
2.3527,0.0000,0
5.2073,0.0000,0
1.8141,0.0000,1
7.0171,0.0000,4
4.1716,0.0000,0
4.9111,0.0000,0
5.3297,0.0000,0
5.6577,0.0000,0
4.8748,0.0000,0
4.0895,0.0000,1
6.4234,0.0000,0
4.6934,0.0000,0
5.9734,0.0000,0
6.4568,0.0000,0
4.0977,0.0000,0
4.6240,0.0000,0
5.5637,0.0000,0
6.2416,0.0000,0
3.4591,0.0000,0
6.4098,0.0000,0
4.9163,0.0000,0
4.8172,0.0000,3
3.0121,0.0000,0
4.6429,0.0000,0
7.4888,0.0000,2
3.8884,0.0000,0
5.4910,0.0000,0
4.6555,0.0000,0
5.0018,0.0000,2
6.3190,0.0000,0
5.0946,0.0000,0
3.3328,0.0000,7
3.5235,0.0000,0
4.5935,0.0000,0
5.7230,0.0000,1
6.5161,0.0000,0
4.2812,0.0000,0
7.2099,0.0000,0
4.8380,0.0000,0
7.5391,0.0000,0
6.0944,0.0000,0
2.7472,0.0000,0
6.9499,0.0000,0
4.2378,0.0000,0
2.8880,0.0000,0
5.5656,0.0000,0
3.6217,0.0000,0
5.5511,0.0000,1
5.5731,0.0000,7
6.5358,0.0000,0
5.4718,0.0000,3
5.6206,0.0000,0
4.0183,0.0000,0
3.6577,0.0000,2
4.2282,0.0000,0
2.8185,0.0000,3
6.8802,0.0000,11
5.0045,0.0000,0
5.2082,0.0000,0
4.3637,0.0000,2
4.2766,0.0000,0
2.4905,0.0000,1
4.9759,0.0000,0
6.5340,0.0000,0
4.4351,0.0000,4
3.7374,0.0000,0
4.8485,0.0000,0
4.8331,0.0000,0
2.2243,0.0000,0
3.6542,0.0000,0
6.3708,0.0000,0
3.4485,0.0000,0
3.0351,0.0000,0
3.0934,0.0000,0
5.5600,0.0000,3
4.3713,0.0000,0
5.0210,0.0000,0
2.9775,0.0000,0
5.6002,0.0000,0
4.0389,0.0000,0
7.7650,0.0000,0
2.7092,0.0000,0
4.6283,0.0000,0
5.4466,0.0000,0
5.9456,0.0000,0
2.0723,0.0000,0
6.5226,0.0000,0
4.5319,0.0000,0
5.2790,0.0000,2
5.6668,0.0000,1
7.4369,0.0000,0
3.3429,0.0000,2
4.3156,0.0000,0
6.9862,0.0000,0
6.5666,0.0000,3
6.5822,0.0000,0
2.5580,0.0000,0
5.8108,0.0000,0
5.7466,0.0000,0
6.0531,0.0000,1
5.8817,0.0000,0
7.0737,0.0000,1
5.3370,0.0000,0
4.8094,0.0000,0
4.2645,0.0000,0
6.1525,0.0000,1
4.4491,0.0000,1
4.2758,0.0000,0
8.4136,0.0000,0
4.5434,0.0000,0
4.0589,0.0000,0
5.4209,0.0000,0
4.1240,0.0000,0
4.4819,0.0000,0
6.1565,0.0000,0
7.5760,0.0000,0
7.4713,0.0000,0
4.9192,0.0000,0
7.3191,0.0000,5
6.7483,0.0000,0
6.8309,0.0000,0
4.2496,0.0000,0
3.8676,0.0000,0
8.2389,0.0000,0
4.7664,0.0000,2
8.8877,0.0000,2
2.4842,0.0000,0
6.7970,0.0000,0
5.4205,0.0000,0
5.3933,0.0000,2
4.3063,0.0000,0
4.7715,0.0000,0
6.5617,0.0000,0
6.3688,0.0000,3
7.3743,0.0000,0
5.8112,0.0000,0
1.8297,0.0000,0
4.0364,0.0000,0
5.4486,0.0000,0
1.8278,0.0000,0
5.1813,0.0000,0
2.2356,0.0000,0
4.2961,0.0000,0
6.8888,0.0000,0
4.8069,0.0000,0
5.0820,0.0000,0
3.5429,0.0000,3
6.2788,0.0000,0
6.7582,0.0000,0
6.4672,0.0000,0
6.0086,0.0000,0
4.7202,0.0000,0
2.7197,0.0000,5
3.7473,0.0000,0
4.4241,0.0000,2
6.4589,0.0000,0
2.8112,0.0000,0
4.1722,0.0000,0
5.8203,0.0000,0
4.5633,0.0000,4
4.0380,0.0000,5
7.6538,0.0000,2
4.1966,0.0000,0
2.2388,0.0000,0
4.0970,0.0000,0
4.0882,0.0000,0
6.2332,0.0000,5
8.3652,0.0000,0
3.7627,0.0000,0
6.8309,0.0000,0
5.9400,0.0000,0
2.7056,0.0000,0
5.6020,0.0000,2
5.1433,0.0000,0
6.5679,0.0000,5
7.8236,0.0000,0
5.5027,0.0000,2
2.7251,0.0000,0
7.2567,0.0000,0
2.8018,0.0000,5
6.2802,0.0000,0
2.9438,0.0000,0
3.1906,0.0000,1
3.3012,0.0000,0
2.6701,0.0000,3
5.5194,0.0000,0
5.7933,0.0000,0
7.5093,0.0000,0
3.2519,0.0000,3
5.9822,0.0000,0
5.8443,0.0000,1
4.9201,0.0000,0
6.5975,0.0000,0
6.9362,0.0000,6
6.9401,0.0000,0
7.3897,0.0000,2
5.1403,0.0000,0
5.4606,0.0000,1
4.5019,0.0000,0
5.7940,0.0000,0
6.7779,0.0000,0
5.5849,0.0000,0
4.3664,0.0000,1
5.4029,0.0000,0
5.6184,0.0000,0
5.3592,0.0000,0
3.9971,0.0000,0
4.0235,0.0000,0
3.2904,0.0000,0
5.0849,0.0000,0
4.3901,0.0000,0
4.0565,0.0000,1
1.9831,0.0000,0
6.2433,0.0000,0
6.6191,0.0000,0
3.1676,0.0000,0
5.9309,0.0000,0
3.2019,0.0000,0
1.2489,0.0000,0
2.6144,0.0000,3
6.2763,0.0000,3
3.2847,0.0000,0
3.3981,0.0000,0
6.1033,0.0000,3
6.3655,0.0000,0
5.1741,0.0000,1
6.9914,0.0000,0
6.8818,0.0000,3
5.3609,0.0000,1
5.1548,0.0000,0
3.1073,0.0000,2
5.1733,0.0000,0
2.1801,0.0000,0
3.7569,0.0000,0
2.6962,0.0000,0
7.0536,0.0000,7
3.2257,0.0000,0
7.1017,0.0000,0
5.7432,0.0000,0
2.9380,0.0000,0
6.4192,0.0000,0
7.3551,0.0000,1
5.4870,0.0000,0
5.6785,0.0000,0
2.8464,0.0000,0
4.1173,0.0000,4
5.1678,0.0000,0
5.5023,0.0000,0
5.6799,0.0000,0
8.1362,0.0000,0
6.5569,0.0000,0
6.3347,0.0000,2
6.5696,0.0000,0
4.0334,0.0000,0
8.1362,0.0000,0
4.6593,0.0000,0
3.1004,0.0000,8
7.6350,0.0000,1
3.6610,0.0000,2
7.5390,0.0000,3
2.2698,0.0000,0
4.6120,0.0000,0
2.9577,0.0000,0
5.2562,0.0000,0
2.3892,0.0000,0
5.5171,0.0000,1
5.0949,0.0000,0
5.7047,0.0000,0
5.4646,0.0000,0
5.5584,0.0000,1
1.7978,0.0000,0
6.5053,0.0000,0
5.9405,0.0000,0
4.8918,0.0000,0
5.5763,0.0000,0
3.8000,0.0000,0
5.9694,0.0000,3
5.9449,0.0000,3
5.0805,0.0000,0
7.3109,0.0000,0
3.4162,0.0000,0
2.5755,0.0000,0
5.2044,0.0000,0
3.3139,0.0000,4
2.5476,0.0000,0
4.5876,0.0000,0
2.4846,0.0000,0
6.6525,0.0000,1
5.6987,0.0000,0
3.2245,0.0000,0
5.3333,0.0000,0
4.7789,0.0000,2
3.0725,0.0000,1
5.5679,0.0000,0
6.2882,0.0000,4
6.7849,0.0000,2
5.0813,0.0000,0
3.7084,0.0000,0
7.7737,0.0000,1
6.5575,0.0000,0
4.6444,0.0000,0
6.2871,0.0000,2
3.9569,0.0000,0
4.7938,0.0000,0
5.3650,0.0000,2
4.8535,0.0000,0
1.9206,0.0000,0
5.3872,0.0000,0
4.8004,0.0000,0
7.6615,0.0000,3
6.0214,0.0000,0
5.1887,0.0000,1
4.8270,0.0000,0
6.8735,0.0000,0
4.3792,0.0000,0
2.1797,0.0000,4
4.3907,0.0000,4
5.7477,0.0000,1
8.0564,0.0000,0
8.7208,0.0000,5
4.3836,0.0000,5
5.3513,0.0000,0
6.6195,0.0000,0
4.4504,0.0000,3
5.8249,0.0000,1
6.6227,0.0000,0
6.4743,0.0000,0
3.8876,0.0000,0
3.5970,0.0000,2
4.5892,0.0000,0
7.2970,0.0000,0
8.6936,0.0000,0
6.0317,0.0000,5
3.4896,0.0000,1
1.8669,0.0000,0
4.1168,0.0000,0
1.8330,0.0000,0
2.4419,0.0000,0
5.7497,0.0000,0
6.1369,0.0000,0
4.3047,0.0000,0
5.8008,0.0000,3
4.9258,0.0000,2
4.0543,0.0000,1
5.4672,0.0000,0
6.9610,0.0000,0
4.3003,0.0000,6
2.3811,0.0000,0
3.6131,0.0000,1
2.8549,0.0000,2
6.8977,0.0000,0
5.1811,0.0000,0
1.8623,0.0000,0
5.5819,0.0000,0
4.6085,0.0000,0
2.3322,0.0000,0
4.4856,0.0000,0
4.0685,0.0000,0
5.0574,0.0000,0
6.1912,0.0000,0
7.0893,0.0000,0
9.1003,0.0000,0
3.9145,0.0000,0
4.2250,0.0000,0
6.7562,0.0000,14
4.0802,0.0000,0
6.7898,0.0000,5
7.6419,0.0000,0
4.5846,0.0000,0
3.5164,0.0000,0
4.4812,0.0000,0
6.9112,0.0000,5
3.0961,0.0000,0
6.1702,0.0000,0
5.8305,0.0000,0
3.6952,0.0000,2
5.8186,0.0000,0
6.6243,0.0000,1
5.3262,0.0000,0
3.5983,0.0000,0
3.6608,0.0000,0
6.0364,0.0000,0
6.5192,0.0000,0
3.6488,0.0000,2
2.4831,0.0000,0
6.3438,0.0000,2
3.9439,0.0000,0
5.3372,0.0000,0
5.5476,0.0000,9
7.0704,0.0000,0
6.2513,0.0000,0
4.9539,0.0000,0
2.6531,0.0000,0
6.1501,0.0000,0
6.7865,0.0000,0
5.8506,0.0000,0
5.0206,0.0000,0
7.3498,0.0000,0
3.1144,0.0000,0
7.8783,0.0000,1
6.9624,0.0000,0
5.0020,0.0000,5
6.7853,0.0000,0
4.3812,0.0000,2
5.4919,0.0000,0
5.8034,0.0000,0
1.7280,0.0000,0
4.0690,0.0000,0
5.4392,0.0000,0
6.7610,0.0000,4
4.0369,0.0000,0
4.2797,0.0000,0
2.1091,0.0000,0
8.9145,0.0000,0
3.7526,0.0000,0
7.0809,0.0000,0
8.3451,0.0000,0
4.9066,0.0000,0
5.7740,0.0000,0
6.0262,0.0000,0
5.9597,0.0000,0
3.8832,0.0000,1
2.5587,0.0000,0
6.1187,0.0000,0
4.4701,0.0000,0
5.3521,0.0000,3
4.9106,0.0000,3
5.8794,0.0000,6
7.4087,0.0000,4
5.2603,0.0000,0
7.4474,0.0000,7
4.0307,0.0000,0
6.1290,0.0000,3
4.7549,0.0000,1
5.9664,0.0000,0
6.5066,0.0000,0
3.9518,0.0000,0
2.1512,0.0000,0
4.7950,0.0000,0
4.8015,0.0000,0
6.2624,0.0000,0
7.7291,0.0000,1
7.9796,0.0000,0
6.9075,0.0000,0
4.6734,0.0000,0
3.5785,0.0000,0
5.6546,0.0000,0
4.8111,0.0000,0
3.7163,0.0000,0
3.3369,0.0000,0
3.4891,0.0000,0
7.7760,0.0000,0
4.2490,0.0000,3
5.4892,0.0000,4
2.6740,0.0000,0
4.7841,0.0000,0
4.0941,0.0000,0
4.9997,0.0000,4
3.1792,0.0000,0
2.0275,0.0000,7
7.2094,0.0000,0
3.3277,0.0000,1
4.5090,0.0000,0
6.7413,0.0000,0
6.0103,0.0000,0
7.3983,0.0000,2
6.3472,0.0000,0
5.4658,0.0000,0
4.4702,0.0000,0
2.5789,0.0000,0
4.2041,0.0000,0
4.7572,0.0000,2
5.9554,0.0000,0
1.6407,0.0000,0
6.8612,0.0000,2
4.8352,0.0000,0
7.0545,0.0000,0
6.2430,0.0000,0
2.5037,0.0000,0
1.9664,0.0000,3
3.6051,0.0000,0
6.8320,0.0000,0
4.7111,0.0000,1
6.6395,0.0000,0
6.9519,0.0000,0
6.0153,0.0000,0
5.3363,0.0000,0
4.1506,0.0000,1
5.8920,0.0000,2
4.5550,0.0000,0
7.0017,0.0000,0
3.6364,0.0000,3
5.6421,0.0000,0
4.4812,0.0000,1
5.1881,0.0000,0
5.1655,0.0000,0
6.0163,0.0000,4
5.0453,0.0000,0
5.3144,0.0000,0
6.4539,0.0000,0
3.9342,0.0000,0
3.2154,0.0000,3
6.0587,0.0000,0
2.7793,0.0000,0
3.7511,0.0000,0
8.0333,0.0000,0
4.5268,0.0000,0
5.5108,0.0000,3
1.6405,0.0000,0
4.2226,0.0000,0
8.6234,0.0000,0
6.8528,0.0000,1
7.0107,0.0000,0
5.1019,0.0000,0
1.5616,0.0000,4
2.3762,0.0000,2
5.2801,0.0000,0
5.8056,0.0000,0
2.6791,0.0000,1
3.7499,0.0000,0
2.1487,0.0000,0
4.8396,0.0000,0
7.8257,0.0000,0
5.4097,0.0000,0
6.2857,0.0000,0
6.9905,0.0000,0
0.4834,0.0000,3
3.9104,0.0000,0
3.9676,0.0000,0
7.8645,0.0000,0
5.6374,0.0000,3
6.5897,0.0000,0
3.6084,0.0000,0
6.3965,0.0000,5
6.0289,0.0000,0
3.5436,0.0000,0
3.2165,0.0000,0
5.3837,0.0000,0
2.2063,0.0000,0
7.2801,0.0000,0
2.1399,0.0000,1
5.3362,0.0000,5
5.9140,0.0000,0
7.0196,0.0000,0
3.2784,0.0000,1
4.0135,0.0000,0
3.0325,0.0000,1
4.1722,0.0000,0
4.5282,0.0000,3
3.5168,0.0000,0
6.2838,0.0000,0
6.6512,0.0000,0
1.1688,0.0000,4
4.3459,0.0000,2
4.4189,0.0000,0
4.7628,0.0000,0
7.0586,0.0000,0
5.4148,0.0000,3
3.5988,0.0000,0
7.7646,0.0000,0
4.5886,0.0000,0
3.2720,0.0000,0
3.6946,0.0000,0
4.0411,0.0000,0
5.4445,0.0000,3
6.2395,0.0000,3
5.7286,0.0000,0
5.2337,0.0000,0
4.5281,0.0000,0
7.1242,0.0000,0
5.3702,0.0000,0
2.4597,0.0000,0
3.2764,0.0000,0
3.8306,0.0000,0
3.8280,0.0000,2
6.7173,0.0000,0
5.4609,0.0000,0
5.6331,0.0000,0
3.9073,0.0000,5
4.7809,0.0000,0
5.0404,0.0000,0
6.9119,0.0000,1
7.5865,0.0000,0
2.3714,0.0000,2
4.0090,0.0000,0
3.2705,0.0000,0
6.9785,0.0000,0
5.0942,0.0000,1
2.8834,0.0000,1
4.0912,0.0000,0
2.7030,0.0000,0
7.1740,0.0000,5
6.7796,0.0000,0
7.2918,0.0000,1
4.9891,0.0000,0
5.0111,0.0000,0
3.2454,0.0000,0
4.3247,0.0000,2
3.1765,0.0000,0
7.5635,0.0000,0
7.1959,0.0000,0
4.4162,0.0000,2
5.4818,0.0000,1
2.9989,0.0000,0
5.0939,0.0000,2
3.7434,0.0000,0
5.5004,0.0000,0
4.9182,0.0000,0
3.9885,0.0000,3
7.3926,0.0000,4
3.0053,0.0000,0
4.5207,0.0000,1
6.8953,0.0000,2
7.5620,0.0000,3
4.5540,0.0000,0
4.0988,0.0000,0
6.0020,0.0000,0
7.3200,0.0000,0
6.6717,0.0000,0
4.9465,0.0000,4
4.6177,0.0000,4
6.0370,0.0000,3
5.2851,0.0000,0
4.0624,0.0000,0
5.9319,0.0000,0
7.4975,0.0000,0
3.2817,0.0000,0
7.4802,0.0000,0
7.2684,0.0000,0
6.7386,0.0000,2
3.1055,0.0000,0
6.2872,0.0000,1
5.8381,0.0000,0
5.7735,0.0000,4
7.2112,0.0000,0
4.4809,0.0000,0
4.1040,0.0000,0
2.2812,0.0000,3
4.7735,0.0000,2
6.9175,0.0000,0
5.2382,0.0000,0
4.2181,0.0000,0
5.7184,0.0000,0
5.6949,0.0000,0
5.0459,0.0000,1
2.2430,0.0000,0
3.0168,0.0000,5
4.2708,0.0000,2
6.5626,0.0000,2
6.7268,0.0000,0
4.5411,0.0000,0
5.2168,0.0000,0
4.6600,0.0000,0
4.1151,0.0000,0
4.4387,0.0000,0
2.2966,0.0000,5
5.5526,0.0000,0
3.0083,0.0000,0
4.6466,0.0000,0
4.2035,0.0000,0
7.5294,0.0000,4
4.6460,0.0000,0
5.3705,0.0000,0
3.5582,0.0000,0
3.2123,0.0000,0
4.1510,0.0000,1
6.7960,0.0000,0
6.5055,0.0000,0
5.5718,0.0000,0
5.5229,0.0000,0
4.8753,0.0000,0
5.5436,0.0000,0
6.0312,0.0000,0
5.8820,0.0000,0
3.5158,0.0000,0
7.2489,0.0000,2
6.2178,0.0000,3
7.1997,0.0000,2
6.5142,0.0000,0
1.9374,0.0000,1
6.2495,0.0000,0
7.0878,0.0000,0
3.2974,0.0000,0
8.8875,0.0000,0
4.0155,0.0000,0
5.3466,0.0000,0
3.8777,0.0000,0
3.4142,0.0000,2
2.8855,0.0000,1
4.8651,0.0000,2
3.3416,0.0000,0
3.3217,0.0000,0
4.6782,0.0000,0
6.2464,0.0000,0
1.5787,0.0000,0
8.2326,0.0000,0
6.7342,0.0000,0
6.0236,0.0000,0
6.9522,0.0000,0
9.9820,0.0000,0
4.4614,0.0000,0
4.6657,0.0000,0
6.9377,0.0000,0
4.9360,0.0000,1
1.6982,0.0000,0
7.6062,0.0000,0
4.8179,0.0000,0
4.6566,0.0000,0
8.1831,0.0000,0
4.9241,0.0000,0
2.2443,0.0000,6
4.3295,0.0000,0
7.1061,0.0000,2
1.8191,0.0000,3
2.2158,0.0000,0
5.0791,0.0000,0
6.5010,0.0000,0
5.3613,0.0000,2
4.9079,0.0000,0
1.1544,0.0000,0
5.5883,0.0000,2
4.3006,0.0000,0
2.8866,0.0000,0
4.7201,0.0000,0
6.9199,0.0000,0
3.2214,0.0000,2
7.3709,0.0000,0
1.9847,0.0000,0
4.8812,0.0000,0
7.5713,0.0000,0
4.9102,0.0000,0
4.1053,0.0000,3
6.8631,0.0000,0
5.0543,0.0000,8
5.1951,0.0000,1
5.9628,0.0000,0
4.7013,0.0000,0
5.1566,0.0000,0
3.3421,0.0000,0
3.9460,0.0000,4
5.3759,0.0000,0
3.8394,0.0000,0
4.0759,0.0000,1
4.5877,0.0000,2
5.1310,0.0000,0
3.6514,0.0000,5
4.7246,0.0000,0
5.6069,0.0000,1
3.1349,0.0000,0
6.2922,0.0000,0
4.6175,0.0000,0
6.8012,0.0000,1
3.9560,0.0000,0
4.4420,0.0000,0
3.8211,0.0000,5
5.3834,0.0000,0
4.2525,0.0000,6
3.6873,0.0000,0
3.8243,0.0000,0
6.9555,0.0000,2
5.8853,0.0000,0
4.7650,0.0000,3
5.8860,0.0000,0
4.2376,0.0000,6
2.1933,0.0000,15
5.5993,0.0000,2
5.3336,0.0000,0
3.6581,0.0000,0
6.0610,0.0000,0
6.0581,0.0000,4
6.3417,0.0000,0
5.1927,0.0000,0
4.0564,0.0000,0
4.1266,0.0000,0
3.8394,0.0000,0
4.0004,0.0000,0
4.4791,0.0000,0
5.5795,0.0000,0
4.4342,0.0000,0
5.2774,0.0000,0
4.4919,0.0000,0
5.6053,0.0000,0
2.8835,0.0000,0
5.3588,0.0000,0
3.5356,0.0000,0
1.9567,0.0000,0
4.5300,0.0000,2
7.5152,0.0000,1
3.5655,0.0000,2
3.6442,0.0000,0
5.2060,0.0000,0
6.6005,0.0000,3
6.7738,0.0000,0
4.7123,0.0000,0
5.8770,0.0000,1
6.0029,0.0000,0
6.3182,0.0000,1
4.4365,0.0000,0
6.6199,0.0000,1
2.2262,0.0000,0
6.9872,0.0000,3
3.0521,0.0000,0
4.5674,0.0000,0
5.5086,0.0000,0
6.8480,0.0000,0
3.8881,0.0000,2
4.7854,0.0000,0
6.3420,0.0000,0
3.6472,0.0000,0
4.5193,0.0000,0
3.0183,0.0000,0
3.0035,0.0000,0
4.1872,0.0000,0
8.0184,0.0000,5
1.7572,0.0000,0
4.7615,0.0000,0
6.0978,0.0000,2
5.1704,0.0000,0
4.7642,0.0000,0
3.2353,0.0000,3
6.2399,0.0000,0
3.6549,0.0000,2
4.6335,0.0000,0
5.8773,0.0000,2
7.5023,0.0000,5
3.5299,0.0000,0
6.1636,0.0000,0
3.7184,0.0000,0
7.2696,0.0000,0
8.3226,0.0000,0
7.0673,0.0000,0
4.9678,0.0000,0
4.7356,0.0000,0
6.4435,0.0000,0
6.0970,0.0000,0
4.2721,0.0000,0
3.0054,0.0000,1
6.1159,0.0000,0
6.4300,0.0000,0
6.6002,0.0000,0
5.8254,0.0000,0
2.2611,0.0000,1
6.4815,0.0000,0
3.0749,0.0000,0
6.4344,0.0000,1
5.2270,0.0000,0
3.5963,0.0000,0
5.3486,0.0000,0
6.4959,0.0000,0
5.5754,0.0000,1
3.2813,0.0000,1
5.1381,0.0000,0
4.5445,0.0000,0
6.3384,0.0000,0
7.6283,0.0000,0
1.5080,0.0000,0
4.0389,0.0000,3
6.5938,0.0000,2
5.5489,0.0000,0
6.6511,0.0000,0
4.1235,0.0000,0
5.8794,0.0000,0
5.9987,0.0000,0
4.7451,0.0000,1
7.0442,0.0000,0
6.0854,0.0000,0
5.1165,0.0000,9
5.5881,0.0000,0
1.5764,0.0000,0
3.8933,0.0000,2
4.5989,0.0000,0
6.3122,0.0000,0
3.7599,0.0000,0
3.9957,0.0000,1
4.5496,0.0000,2
4.4940,0.0000,0
7.1653,0.0000,0
3.8474,0.0000,4
6.7653,0.0000,0
1.3934,0.0000,0
4.1872,0.0000,7
6.9576,0.0000,2
8.6582,0.0000,4
4.5499,0.0000,0
4.4840,0.0000,0
2.3869,0.0000,0
7.6543,0.0000,0
6.0885,0.0000,0
2.9103,0.0000,0
6.4955,0.0000,0
3.6395,0.0000,0
3.9722,0.0000,0
5.6288,0.0000,2
5.3291,0.0000,0
5.8510,0.0000,0
2.7757,0.0000,0
3.0061,0.0000,0
4.6800,0.0000,0
5.7776,0.0000,0
5.3574,0.0000,0
5.6934,0.0000,0
2.4085,0.0000,0
6.9600,0.0000,0
3.1363,0.0000,0
5.6166,0.0000,1
2.6396,0.0000,0
7.3451,0.0000,4
9.1863,0.0000,0
2.7266,0.0000,0
4.7776,0.0000,4
3.3866,0.0000,0
5.7590,0.0000,0
5.6279,0.0000,0
2.6274,0.0000,0
6.1813,0.0000,0
7.4870,0.0000,0
3.2843,0.0000,0
5.9819,0.0000,0
5.9065,0.0000,0
3.3385,0.0000,0
4.2303,0.0000,3
6.8636,0.0000,0
3.5919,0.0000,0
4.7168,0.0000,0
5.0775,0.0000,0
3.0601,0.0000,0
8.9575,0.0000,2
6.5684,0.0000,0
6.6995,0.0000,0
3.9923,0.0000,0
4.1964,0.0000,2
6.4077,0.0000,2
5.6705,0.0000,0
4.9255,0.0000,3
3.9137,0.0000,0
2.0700,0.0000,0
3.8397,0.0000,0
3.3525,0.0000,0
3.1803,0.0000,1
4.1868,0.0000,0
2.5160,0.0000,0
2.2432,0.0000,1
5.4639,0.0000,15
4.3130,0.0000,0
8.3389,0.0000,0
7.4553,0.0000,0
5.0915,0.0000,3
6.7546,0.0000,0
4.9034,0.0000,0
3.6342,0.0000,0
2.1355,0.0000,0
2.0420,0.0000,0
4.4941,0.0000,0
3.4961,0.0000,0
2.6438,0.0000,0
4.1856,0.0000,0
4.0787,0.0000,0
5.4899,0.0000,3
4.1301,0.0000,0
1.3401,0.0000,0
5.5622,0.0000,0
2.8517,0.0000,0
3.9531,0.0000,0
5.6197,0.0000,0
7.0232,0.0000,0
5.6062,0.0000,0
6.1320,0.0000,0
5.6590,0.0000,0
5.1159,0.0000,0
6.7716,0.0000,0
3.2208,0.0000,0
7.4157,0.0000,0
4.2793,0.0000,0
2.2232,0.0000,2
6.1037,0.0000,2
6.9467,0.0000,0
5.5612,0.0000,1
7.3243,0.0000,1
7.3132,0.0000,0
5.5742,0.0000,0
4.5999,0.0000,0
4.2516,0.0000,0
7.2493,0.0000,0
4.0677,0.0000,0
6.3752,0.0000,0
3.6475,0.0000,0
4.6653,0.0000,2
3.7246,0.0000,0
6.1714,0.0000,0
7.4792,0.0000,4
3.6681,0.0000,3
3.9617,0.0000,3
1.6055,0.0000,0
5.9598,0.0000,0
3.7039,0.0000,0
2.6497,0.0000,0
6.0940,0.0000,6
8.1242,0.0000,0
7.5519,0.0000,2
4.8845,0.0000,0
5.6981,0.0000,2
5.1759,0.0000,0
3.8801,0.0000,0
7.9008,0.0000,0
2.1472,0.0000,0
4.3721,0.0000,0
6.3561,0.0000,0
5.9120,0.0000,0
4.8381,0.0000,0
5.5623,0.0000,0
4.4635,0.0000,0
4.2113,0.0000,0
2.0578,0.0000,3
5.5303,0.0000,0
3.8481,0.0000,0
6.7021,0.0000,0
5.4187,0.0000,5
2.4477,0.0000,2
5.6441,0.0000,0
2.7693,0.0000,0
3.3649,0.0000,0
3.3785,0.0000,0
4.1793,0.0000,0
3.7921,0.0000,0
2.5195,0.0000,1
2.3344,0.0000,0
6.5099,0.0000,0
2.5548,0.0000,0
4.5417,0.0000,2
4.0635,0.0000,0
6.8047,0.0000,5
5.6220,0.0000,0
4.9612,0.0000,0
6.0663,0.0000,2
4.9407,0.0000,0
5.0670,0.0000,0
5.4861,0.0000,8
5.9337,0.0000,0
4.8572,0.0000,3
3.9642,0.0000,0
6.8231,0.0000,0
5.6930,0.0000,0
6.6146,0.0000,0
3.4515,0.0000,0
6.0172,0.0000,4
5.2373,0.0000,0
6.2786,0.0000,3
6.6453,0.0000,1
7.3762,0.0000,3
6.2521,0.0000,4
6.2831,0.0000,0
5.8587,0.0000,0
4.6020,0.0000,2
7.0403,0.0000,7
5.7474,0.0000,0
5.0350,0.0000,3
6.6782,0.0000,0
4.4089,0.0000,12
9.0116,0.0000,0
5.8426,0.0000,0
5.2289,0.0000,1
5.4833,0.0000,1
3.8304,0.0000,0
6.1831,0.0000,2
3.1167,0.0000,0
4.6716,0.0000,0
3.5107,0.0000,3
3.0041,0.0000,0
6.7251,0.0000,8
5.1854,0.0000,2
3.2499,0.0000,0
4.2760,0.0000,0
7.3420,0.0000,0
4.1781,0.0000,0
6.5472,0.0000,0
6.5705,0.0000,0
6.8691,0.0000,0
6.8480,0.0000,1
6.4438,0.0000,0
3.2375,0.0000,0
5.7238,0.0000,1
6.1997,0.0000,4
6.4410,0.0000,0
7.0760,0.0000,3
3.2114,0.0000,3
4.8892,0.0000,1
3.8193,0.0000,0
5.8389,0.0000,0
6.8680,0.0000,0
5.1807,0.0000,0
6.7003,0.0000,0
5.2606,0.0000,0
7.1079,0.0000,0
5.3890,0.0000,2
3.1356,0.0000,0
3.4873,0.0000,0
5.2705,0.0000,0
3.4242,0.0000,0
7.1733,0.0000,4
2.7560,0.0000,2
5.2200,0.0000,0
6.5662,0.0000,0
3.6251,0.0000,0
2.7978,0.0000,14
5.0579,0.0000,0
4.9712,0.0000,0
6.2652,0.0000,0
3.9355,0.0000,1
4.6220,0.0000,0
3.8896,0.0000,0
3.8984,0.0000,0
3.9731,0.0000,0
4.3496,0.0000,0
6.0565,0.0000,0
5.6215,0.0000,0
4.9787,0.0000,0
5.1380,0.0000,3
5.4236,0.0000,0
3.6063,0.0000,4
6.8718,0.0000,1
3.9903,0.0000,7
5.5192,0.0000,0
6.4184,0.0000,0
7.4038,0.0000,0
5.5847,0.0000,0
5.6526,0.0000,0
3.5042,0.0000,0
6.2176,0.0000,0
4.7621,0.0000,0
4.1011,0.0000,0
8.2111,0.0000,0
4.9775,0.0000,2
7.1349,0.0000,0
5.4573,0.0000,0
2.7749,0.0000,3
3.3728,0.0000,2
4.9696,0.0000,0
5.1051,0.0000,0
6.4613,0.0000,2
6.4376,0.0000,0
3.3925,0.0000,0
4.1892,0.0000,0
7.4702,0.0000,0
6.5657,0.0000,2
3.7850,0.0000,0
5.3966,0.0000,2
4.4508,0.0000,0
6.7274,0.0000,0
4.1108,0.0000,0
5.8869,0.0000,0
3.7582,0.0000,0
8.3371,0.0000,0
3.4962,0.0000,0
1.6673,0.0000,0
5.6903,0.0000,0
4.1864,0.0000,0
4.4438,0.0000,1
4.8810,0.0000,0
5.7715,0.0000,0
5.1838,0.0000,0
5.7047,0.0000,0
3.5440,0.0000,0
3.2060,0.0000,3
5.1414,0.0000,0
4.7694,0.0000,0
5.7423,0.0000,1
5.6941,0.0000,2
4.9879,0.0000,1
6.3264,0.0000,0
7.0365,0.0000,0
5.3975,0.0000,10
3.9792,0.0000,0
6.7819,0.0000,7
7.2922,0.0000,5
6.2314,0.0000,0
3.4962,0.0000,0
5.9023,0.0000,0
6.7916,0.0000,0
3.8325,0.0000,11
6.9232,0.0000,0
4.2488,0.0000,0
5.3507,0.0000,0
4.1304,0.0000,0
7.2624,0.0000,0
5.0240,0.0000,0
3.6326,0.0000,0
5.4436,0.0000,1
5.0387,0.0000,0
6.6952,0.0000,0
4.8126,0.0000,0
3.1632,0.0000,0
1.0250,0.0000,0
2.5686,0.0000,1
7.3555,0.0000,0
5.0853,0.0000,0
6.0812,0.0000,0
3.7997,0.0000,3
2.9801,0.0000,0
3.2890,0.0000,0
6.6883,0.0000,0
6.2590,0.0000,7
5.3148,0.0000,2
5.2883,0.0000,0
6.6878,0.0000,3
2.5909,0.0000,0
3.6997,0.0000,0
2.9473,0.0000,0
5.4695,0.0000,0
8.6059,0.0000,0
7.2579,0.0000,0
4.0766,0.0000,0
6.8279,0.0000,1
6.9755,0.0000,0
4.7234,0.0000,0
8.2206,0.0000,1
6.0241,0.0000,0
3.2941,0.0000,1
6.1315,0.0000,8
6.6176,0.0000,0
6.5255,0.0000,0
7.3018,0.0000,0
1.3749,0.0000,0
4.7716,0.0000,4
4.7168,0.0000,0
8.3139,0.0000,0
5.5636,0.0000,0
4.5211,0.0000,0
6.6762,0.0000,0
4.1675,0.0000,0
3.9404,0.0000,3
6.9268,0.0000,1
5.8712,0.0000,0
4.1361,0.0000,0
7.0510,0.0000,0
3.3435,0.0000,0
3.6500,0.0000,1
5.0274,0.0000,0
6.7893,0.0000,4
3.3068,0.0000,0
4.2978,0.0000,2
5.9767,0.0000,0
7.0763,0.0000,0
5.0191,0.0000,0
5.6147,0.0000,0
2.8810,0.0000,0
4.7157,0.0000,0
3.5024,0.0000,0
6.1609,0.0000,2
1.7556,0.0000,1
5.1716,0.0000,0
6.1749,0.0000,2
4.7854,0.0000,0
2.7222,0.0000,0
5.4626,0.0000,0
5.1769,0.0000,0
3.4543,0.0000,0
3.9026,0.0000,1
6.9639,0.0000,0
4.4751,0.0000,2
4.0999,0.0000,1
2.9492,0.0000,1
3.5786,0.0000,0
5.6247,0.0000,0
6.0045,0.0000,4
7.2361,0.0000,0
5.4917,0.0000,0
4.3345,0.0000,0
6.1097,0.0000,0
5.6582,0.0000,0
1.4032,0.0000,2
4.5378,0.0000,0
2.7871,0.0000,0
4.1640,0.0000,0
2.9108,0.0000,2
7.0776,0.0000,0
7.0559,0.0000,0
4.7493,0.0000,0
6.0178,0.0000,0
5.6602,0.0000,1
5.8877,0.0000,0
4.5576,0.0000,0
6.1045,0.0000,1
7.9688,0.0000,0
5.4396,0.0000,0
2.5461,0.0000,0
5.9473,0.0000,1
2.1948,0.0000,1
8.1634,0.0000,0
3.5326,0.0000,0
1.9055,0.0000,0
6.0925,0.0000,0
5.6346,0.0000,2
1.4268,0.0000,0
3.1508,0.0000,0
5.0005,0.0000,0
6.5005,0.0000,0
1.9771,0.0000,0
4.4755,0.0000,0
4.0079,0.0000,1
6.5567,0.0000,0
6.6119,0.0000,0
7.0366,0.0000,0
7.8000,0.0000,1
4.2335,0.0000,0
2.8782,0.0000,5
5.4120,0.0000,0
2.3352,0.0000,0
6.4815,0.0000,0
1.0796,0.0000,0
4.4339,0.0000,0
6.3926,0.0000,2
4.7872,0.0000,0
2.7562,0.0000,3
5.0760,0.0000,0
3.4300,0.0000,0
5.5392,0.0000,0
2.9335,0.0000,0
6.4725,0.0000,0
5.5887,0.0000,0
6.3617,0.0000,4
6.3605,0.0000,0
7.4860,0.0000,0
7.2146,0.0000,0
7.5984,0.0000,0
5.6558,0.0000,4
5.7336,0.0000,0
4.9055,0.0000,0
2.5525,0.0000,0
6.9321,0.0000,0
7.4538,0.0000,0
5.2518,0.0000,1
3.4883,0.0000,0
7.0535,0.0000,0
5.9050,0.0000,0
7.1464,0.0000,1
4.5656,0.0000,2
4.7088,0.0000,0
5.9371,0.0000,4
3.9252,0.0000,0
6.6226,0.0000,1
6.5708,0.0000,0
4.8338,0.0000,0
1.4234,0.0000,0
3.9852,0.0000,0
3.0938,0.0000,0
4.7878,0.0000,0
7.1825,0.0000,0
5.9627,0.0000,0
4.9318,0.0000,0
2.9667,0.0000,0
7.3485,0.0000,0
6.4515,0.0000,0
7.5758,0.0000,0
4.6903,0.0000,0
6.3858,0.0000,1
4.9102,0.0000,1
5.5056,0.0000,0
4.4142,0.0000,0
3.1595,0.0000,2
6.4277,0.0000,0
2.9452,0.0000,0
4.7759,0.0000,0
6.3243,0.0000,0
4.5929,0.0000,0
7.7743,0.0000,0
3.4553,0.0000,3
7.2591,0.0000,0
5.6820,0.0000,0
4.6069,0.0000,4
4.3452,0.0000,0
4.5954,0.0000,0
4.4825,0.0000,0
7.8664,0.0000,0
4.0909,0.0000,2
3.8181,0.0000,0
2.5273,0.0000,0
6.5567,0.0000,3
3.3215,0.0000,5
6.9871,0.0000,4
5.5877,0.0000,0
7.6840,0.0000,2
5.9580,0.0000,0
6.0203,0.0000,7
5.3811,0.0000,0
3.0265,0.0000,0
6.4445,0.0000,0
7.6824,0.0000,5
6.1977,0.0000,0
5.2197,0.0000,0
7.1491,0.0000,4
6.8140,0.0000,0
5.4183,0.0000,0
4.6198,0.0000,5
7.2875,0.0000,3
5.6659,0.0000,0
4.9902,0.0000,0
5.2052,0.0000,0
8.3333,0.0000,0
7.2905,0.0000,3
2.5305,0.0000,0
4.0496,0.0000,0
3.3736,0.0000,0
7.5930,0.0000,1
5.0211,0.0000,0
3.5673,0.0000,0
3.5044,0.0000,9
5.1091,0.0000,0
5.5414,0.0000,0
4.7094,0.0000,0
4.5131,0.0000,1
4.6949,0.0000,0
3.4425,0.0000,8
5.8464,0.0000,0
6.3714,0.0000,0
6.2397,0.0000,0
2.2901,0.0000,4
6.5206,0.0000,0
6.0036,0.0000,0
1.8079,0.0000,0
5.1133,0.0000,2
3.7171,0.0000,0
6.7123,0.0000,3
3.1355,0.0000,0
4.6647,0.0000,1
6.0236,0.0000,0
7.7414,0.0000,0
2.9416,0.0000,0
4.0152,0.0000,4
4.1138,0.0000,0
6.6956,0.0000,0
7.5312,0.0000,0
6.1291,0.0000,0
6.5493,0.0000,5
8.4591,0.0000,0
3.3325,0.0000,0
4.3734,0.0000,0
6.8285,0.0000,0
3.6264,0.0000,1
6.3870,0.0000,0
6.1113,0.0000,0
5.2468,0.0000,1
4.2464,0.0000,0
6.4930,0.0000,0
6.3721,0.0000,6
7.4155,0.0000,0
5.9512,0.0000,0
4.9359,0.0000,0
4.1994,0.0000,1
2.2438,0.0000,0
3.4517,0.0000,0
6.8983,0.0000,0
3.2518,0.0000,0
4.8111,0.0000,0
5.0651,0.0000,0
2.4420,0.0000,0
5.0892,0.0000,0
5.4248,0.0000,1
3.5004,0.0000,1
6.4346,0.0000,0
5.8201,0.0000,0
6.5341,0.0000,0
5.7777,0.0000,0
2.4057,0.0000,0
3.0207,0.0000,0
5.5050,0.0000,0
5.4229,0.0000,0
1.7377,0.0000,0
3.6315,0.0000,0
6.5806,0.0000,10
3.3397,0.0000,0
4.7575,0.0000,0
6.5701,0.0000,0
7.4374,0.0000,1
8.7684,0.0000,0
4.8971,0.0000,1
4.0952,0.0000,6
7.3102,0.0000,0
2.6529,0.0000,0
3.1059,0.0000,3
3.9573,0.0000,3
6.8064,0.0000,0
5.4656,0.0000,0
3.7475,0.0000,0
2.5917,0.0000,2
2.9409,0.0000,0
5.1472,0.0000,0
5.4824,0.0000,0
6.7401,0.0000,0
3.7399,0.0000,6
3.5522,0.0000,0
3.6310,0.0000,0
1.3104,0.0000,0
4.9529,0.0000,2
3.9108,0.0000,0
2.2290,0.0000,0
4.9860,0.0000,0
5.9613,0.0000,0
4.3483,0.0000,0
5.8403,0.0000,0
6.4425,0.0000,0
5.5408,0.0000,0
7.3244,0.0000,3
2.0599,0.0000,2
6.8941,0.0000,7
5.9813,0.0000,0
2.4964,0.0000,1
1.5549,0.0000,3
4.6315,0.0000,0
7.5247,0.0000,0
6.7078,0.0000,0
6.0370,0.0000,0
5.0741,0.0000,0
5.4533,0.0000,2
3.9807,0.0000,0
6.5745,0.0000,0
4.3616,0.0000,0
6.9604,0.0000,0
6.6245,0.0000,0
7.7069,0.0000,0
5.1773,0.0000,1
5.5983,0.0000,1
6.6366,0.0000,2
3.3482,0.0000,6
7.3645,0.0000,0
6.3319,0.0000,0
5.6289,0.0000,0
3.7173,0.0000,0
3.7757,0.0000,0
4.2327,0.0000,1
4.6037,0.0000,0
6.6029,0.0000,0
2.6630,0.0000,1
2.7833,0.0000,0
5.6758,0.0000,0
4.2844,0.0000,0
4.2566,0.0000,0
4.1379,0.0000,0
2.9638,0.0000,0
6.0670,0.0000,0
5.1187,0.0000,4
6.7286,0.0000,0
3.9419,0.0000,0
4.5708,0.0000,0
7.3218,0.0000,5
4.9019,0.0000,0
6.1671,0.0000,0
4.5961,0.0000,0
4.5534,0.0000,6
8.1019,0.0000,2
6.4768,0.0000,0
5.7946,0.0000,2
7.3439,0.0000,0
4.8417,0.0000,0
1.4627,0.0000,0
6.1009,0.0000,0
5.3559,0.0000,0
5.6456,0.0000,0
3.5519,0.0000,1
4.6190,0.0000,0
5.5405,0.0000,2
7.0544,0.0000,0
7.4424,0.0000,1
3.4697,0.0000,0
5.0048,0.0000,3
7.4049,0.0000,4
6.8257,0.0000,0
4.0725,0.0000,0
3.1341,0.0000,0
2.8939,0.0000,0
4.2199,0.0000,0
4.3829,0.0000,0
8.5405,0.0000,0
7.8827,0.0000,0
6.4762,0.0000,0
3.5724,0.0000,0
6.1093,0.0000,9
6.1562,0.0000,0
5.9093,0.0000,3
6.1493,0.0000,0
3.6167,0.0000,0
6.1801,0.0000,0
4.1265,0.0000,1
4.4060,0.0000,0
4.5530,0.0000,0
7.7344,0.0000,0
6.7692,0.0000,0
6.7373,0.0000,3
3.6601,0.0000,0
6.4860,0.0000,0
4.2022,0.0000,0
5.1824,0.0000,2
3.4952,0.0000,0
6.3052,0.0000,0
7.1254,0.0000,1
6.2831,0.0000,0
6.4958,0.0000,0
7.0241,0.0000,0
3.2759,0.0000,1
6.2594,0.0000,2
6.3535,0.0000,0
3.8854,0.0000,0
5.1238,0.0000,0
5.4214,0.0000,5
3.7611,0.0000,0
7.5713,0.0000,0
4.3725,0.0000,0
4.4991,0.0000,0
5.6894,0.0000,2
7.1182,0.0000,0
6.5307,0.0000,0
7.6079,0.0000,5
3.9337,0.0000,0
3.6671,0.0000,1
6.3297,0.0000,0
7.0171,0.0000,0
5.9442,0.0000,1
2.3816,0.0000,0
2.5946,0.0000,0
4.2652,0.0000,0
3.8099,0.0000,0
6.0232,0.0000,0
7.4137,0.0000,0
3.2493,0.0000,0
4.7531,0.0000,0
5.4276,0.0000,0
5.7414,0.0000,0
4.3153,0.0000,0
6.8138,0.0000,0
8.1613,0.0000,0
3.6811,0.0000,0
5.3692,0.0000,0
6.1379,0.0000,1
0.9273,0.0000,0
5.7437,0.0000,0
1.9068,0.0000,0
2.6655,0.0000,6
5.4478,0.0000,0
4.9964,0.0000,0
4.0671,0.0000,0
4.4673,0.0000,0
3.8624,0.0000,0
2.1508,0.0000,0
6.0039,0.0000,2
4.4412,0.0000,0
7.9888,0.0000,0
2.9934,0.0000,0
6.6425,0.0000,0
6.6320,0.0000,0
4.9035,0.0000,2
4.3424,0.0000,9
5.6208,0.0000,0
4.9870,0.0000,0
4.5389,0.0000,0
3.0851,0.0000,0
2.3017,0.0000,0
4.8943,0.0000,0
6.0685,0.0000,0
2.9158,0.0000,0
3.6820,0.0000,0
8.0786,0.0000,0
4.6283,0.0000,0
3.9657,0.0000,0
6.2954,0.0000,0
5.4208,0.0000,0
4.6675,0.0000,0
2.8884,0.0000,3
4.3283,0.0000,0
3.2177,0.0000,1
6.0325,0.0000,0
7.8299,0.0000,0
3.0837,0.0000,0
6.9694,0.0000,0
5.6569,0.0000,0
8.0477,0.0000,0
5.3875,0.0000,0
7.8131,0.0000,0
4.9627,0.0000,0
4.6989,0.0000,0
6.3630,0.0000,0
4.6310,0.0000,0
4.9019,0.0000,0
4.2919,0.0000,0
6.0432,0.0000,0
4.3851,0.0000,0
4.3204,0.0000,0
7.1900,0.0000,0
5.3726,0.0000,0
4.1895,0.0000,3
5.0621,0.0000,0
4.4945,0.0000,0
2.7885,0.0000,0
4.2472,0.0000,0
5.6709,0.0000,0
5.6864,0.0000,0
8.3353,0.0000,0
5.0924,0.0000,0
4.6069,0.0000,0
3.6755,0.0000,0
5.5787,0.0000,0
5.1494,0.0000,0
3.7864,0.0000,5
3.3981,0.0000,0
5.8413,0.0000,0
6.4801,0.0000,2
8.0290,0.0000,0
2.9088,0.0000,0
7.3406,0.0000,0
5.9759,0.0000,0
6.9131,0.0000,0
3.8795,0.0000,1
3.7055,0.0000,6
4.2656,0.0000,0
4.3900,0.0000,0
3.6912,0.0000,0
2.4640,0.0000,1
5.1966,0.0000,0
5.4417,0.0000,0
5.9011,0.0000,0
4.8386,0.0000,0
8.4119,0.0000,0
4.5895,0.0000,2
3.4134,0.0000,0
3.0789,0.0000,0
4.5647,0.0000,0
3.1293,0.0000,0
4.2768,0.0000,0
3.0523,0.0000,0
6.4491,0.0000,0
4.8078,0.0000,1
7.1653,0.0000,4
6.7611,0.0000,2
6.6499,0.0000,0
6.0590,0.0000,0
5.5314,0.0000,0
5.9932,0.0000,0
6.7383,0.0000,0
3.8666,0.0000,0
6.2002,0.0000,0
5.8491,0.0000,2
5.3532,0.0000,0
5.6909,0.0000,0
4.2457,0.0000,0
2.1746,0.0000,6
5.7555,0.0000,0
4.6786,0.0000,0
4.9482,0.0000,0
5.7428,0.0000,0
6.3503,0.0000,3
4.8034,0.0000,0
5.1928,0.0000,0
3.7244,0.0000,0
4.3406,0.0000,0
4.2955,0.0000,0
5.1149,0.0000,0
6.6795,0.0000,0
7.4011,0.0000,0
6.0554,0.0000,0
7.0261,0.0000,0
3.1139,0.0000,0
4.7918,0.0000,0
4.0489,0.0000,0
6.0797,0.0000,0
6.0217,0.0000,0
4.7622,0.0000,2
5.3010,0.0000,0
4.3189,0.0000,0
5.4365,0.0000,0
5.0351,0.0000,3
7.7950,0.0000,0
2.9678,0.0000,0
6.1541,0.0000,0
6.9796,0.0000,0
8.0203,0.0000,0
5.3332,0.0000,0
5.8507,0.0000,0
4.2321,0.0000,4
3.0314,0.0000,0
5.1443,0.0000,2
7.1176,0.0000,4
4.4990,0.0000,0
6.3272,0.0000,0
3.5396,0.0000,0
3.5592,0.0000,0
3.2111,0.0000,0
8.3651,0.0000,0
5.7852,0.0000,0
5.8266,0.0000,0
4.1496,0.0000,0
5.3985,0.0000,0
4.8852,0.0000,2
7.2066,0.0000,0
2.0120,0.0000,0
6.7268,0.0000,4
7.7613,0.0000,0
4.6092,0.0000,0
6.2323,0.0000,0
4.5132,0.0000,2
4.8720,0.0000,4
4.1245,0.0000,3
6.9932,0.0000,0
5.0009,0.0000,5
1.8560,0.0000,0
2.7284,0.0000,0
4.2499,0.0000,0
6.6242,0.0000,2
7.5491,0.0000,3
5.8996,0.0000,1
8.6625,0.0000,0
4.9362,0.0000,0
3.7394,0.0000,0
7.8431,0.0000,3
3.2909,0.0000,0
6.1413,0.0000,1
3.2783,0.0000,0
7.7522,0.0000,3
4.6945,0.0000,0
4.0173,0.0000,5
5.9321,0.0000,2
4.1177,0.0000,0
7.0931,0.0000,0
4.7448,0.0000,0
4.6736,0.0000,1
4.4439,0.0000,0
6.0886,0.0000,0
5.2263,0.0000,0
4.5292,0.0000,4
6.2300,0.0000,0
5.3933,0.0000,0
3.0950,0.0000,2
6.1350,0.0000,0
1.3570,0.0000,0
4.0498,0.0000,1
4.7393,0.0000,2
3.2151,0.0000,2
5.0361,0.0000,5
7.6476,0.0000,0
5.3557,0.0000,0
3.9194,0.0000,0
4.1281,0.0000,0
4.5544,0.0000,0
6.6207,0.0000,0
2.2317,0.0000,0
1.7429,0.0000,0
4.2620,0.0000,0
6.7069,0.0000,0
7.2080,0.0000,0
4.5989,0.0000,0
6.7955,0.0000,0
3.6713,0.0000,0
5.0670,0.0000,3
6.3501,0.0000,0
6.8175,0.0000,0
3.8065,0.0000,0
5.6797,0.0000,0
4.4069,0.0000,0
5.4168,0.0000,0
2.4658,0.0000,7
4.8421,0.0000,4
7.5557,0.0000,3
7.1646,0.0000,0
6.6219,0.0000,0
3.2106,0.0000,0
7.5199,0.0000,2
4.6297,0.0000,0
4.7306,0.0000,0
3.6881,0.0000,0
5.0365,0.0000,3
2.6139,0.0000,0
5.4320,0.0000,3
3.7010,0.0000,0
1.5910,0.0000,0
6.6925,0.0000,0
4.7336,0.0000,1
4.1157,0.0000,0
6.5799,0.0000,6
3.5744,0.0000,0
6.0865,0.0000,0
4.7758,0.0000,0
2.8374,0.0000,0
6.0448,0.0000,6
4.5502,0.0000,0
5.7459,0.0000,1
3.9606,0.0000,0
5.4779,0.0000,2
5.9355,0.0000,0
5.2083,0.0000,4
5.3205,0.0000,1
7.4577,0.0000,0
6.1759,0.0000,4
2.5625,0.0000,3
6.9500,0.0000,0
3.3132,0.0000,0
4.0838,0.0000,0
4.0195,0.0000,0
4.5506,0.0000,0
2.8300,0.0000,0
4.8886,0.0000,0
3.4067,0.0000,0
4.6457,0.0000,0
6.8170,0.0000,4
6.7514,0.0000,2
5.6614,0.0000,0
6.5103,0.0000,0
4.9689,0.0000,0
5.7997,0.0000,0
4.4031,0.0000,7
3.4979,0.0000,0
4.9373,0.0000,1
3.0882,0.0000,0
4.0409,0.0000,0
4.7952,0.0000,0
2.4254,0.0000,0
3.0173,0.0000,0
5.3908,0.0000,9
6.2462,0.0000,7
6.0767,0.0000,0
6.3135,0.0000,0
3.7008,0.0000,0
6.1576,0.0000,5
8.1252,0.0000,0
6.6939,0.0000,0
5.4332,0.0000,1
6.8223,0.0000,0
5.3782,0.0000,0
5.2746,0.0000,4
4.6765,0.0000,2
7.2616,0.0000,0
6.5832,0.0000,0
4.1271,0.0000,0
5.7390,0.0000,0
6.6094,0.0000,0
6.1833,0.0000,0
6.0152,0.0000,4
3.3529,0.0000,0
3.6313,0.0000,0
2.8108,0.0000,0
6.3923,0.0000,4
3.5413,0.0000,0
4.8146,0.0000,0
3.6659,0.0000,1
5.1587,0.0000,0
6.8291,0.0000,0
1.1011,0.0000,0
2.9231,0.0000,0
5.6970,0.0000,0
5.8475,0.0000,0
7.5463,0.0000,0
6.1084,0.0000,0
3.1875,0.0000,0
4.5370,0.0000,0
3.8816,0.0000,0
4.1802,0.0000,5
6.6494,0.0000,0
5.1522,0.0000,0
4.8207,0.0000,0
3.5232,0.0000,1
6.5433,0.0000,0
4.1088,0.0000,0
3.9400,0.0000,0
7.1972,0.0000,0
6.4558,0.0000,0
1.1340,0.0000,2
5.0761,0.0000,0
4.3834,0.0000,0
6.4091,0.0000,0
6.0979,0.0000,2
6.6871,0.0000,0
6.1662,0.0000,2
5.8986,0.0000,0
7.1882,0.0000,0
5.1084,0.0000,0
4.1314,0.0000,0
3.2480,0.0000,0
6.5968,0.0000,1
5.6821,0.0000,0
7.1561,0.0000,0
3.2365,0.0000,0
5.9605,0.0000,0
6.5195,0.0000,1
5.0281,0.0000,2
5.7730,0.0000,7
2.3837,0.0000,0
4.9659,0.0000,0
3.2337,0.0000,2
4.9178,0.0000,0
3.3108,0.0000,0
7.7117,0.0000,0
3.2128,0.0000,2
5.8237,0.0000,1
4.1624,0.0000,0
4.6551,0.0000,6
6.3835,0.0000,0
4.8356,0.0000,0
6.1043,0.0000,0
3.4265,0.0000,5
4.1994,0.0000,0
7.0911,0.0000,0
5.3252,0.0000,0
2.4025,0.0000,0
4.7010,0.0000,2
7.9682,0.0000,0
3.1519,0.0000,0
5.9748,0.0000,1
2.9467,0.0000,0
1.4906,0.0000,0
5.5111,0.0000,3
6.2239,0.0000,0
6.2281,0.0000,3
3.3410,0.0000,0
5.0821,0.0000,0
4.0627,0.0000,2
4.8053,0.0000,0
7.0646,0.0000,0
5.2389,0.0000,0
7.6328,0.0000,0
7.2501,0.0000,7
6.0513,0.0000,1
2.6500,0.0000,0
6.2483,0.0000,0
4.0668,0.0000,0
5.9267,0.0000,0
4.2906,0.0000,2
4.8602,0.0000,2
2.8810,0.0000,0
2.5582,0.0000,0
4.7849,0.0000,0
4.4753,0.0000,0
3.6331,0.0000,0
3.7925,0.0000,0
2.1479,0.0000,4
6.0165,0.0000,0
7.9465,0.0000,0
5.9789,0.0000,5
3.0342,0.0000,0
5.5849,0.0000,0
3.3611,0.0000,0
7.2163,0.0000,0
8.7896,0.0000,0
4.4862,0.0000,5
5.5242,0.0000,3
2.4218,0.0000,0
6.0203,0.0000,0
3.5540,0.0000,0
6.9943,0.0000,0
6.5084,0.0000,2
4.1658,0.0000,0
2.3713,0.0000,0
6.4273,0.0000,0
2.7330,0.0000,0
7.0999,0.0000,1
3.5887,0.0000,0
1.8882,0.0000,0
8.2405,0.0000,0
6.4995,0.0000,0
3.6631,0.0000,0
4.4366,0.0000,0
6.2900,0.0000,2
6.0895,0.0000,0
4.3768,0.0000,0
5.0408,0.0000,0
3.4544,0.0000,2
4.8879,0.0000,0
3.3960,0.0000,8
5.0672,0.0000,0
5.0909,0.0000,0
6.5063,0.0000,3
3.7487,0.0000,0
4.6454,0.0000,0
5.5637,0.0000,0
3.8766,0.0000,4
6.9080,0.0000,0
2.9077,0.0000,0
3.5342,0.0000,0
4.3789,0.0000,0
7.1271,0.0000,0
3.9820,0.0000,1
3.2495,0.0000,2
5.1486,0.0000,0
2.1855,0.0000,0
4.7738,0.0000,0
3.6343,0.0000,0
3.7438,0.0000,0
8.8157,0.0000,1
2.5957,0.0000,0
5.0873,0.0000,2
3.7461,0.0000,5
2.9673,0.0000,0
6.1966,0.0000,0
4.2298,0.0000,0
4.6931,0.0000,0
3.8644,0.0000,0
4.5317,0.0000,0
7.5905,0.0000,0
6.6899,0.0000,0
6.0409,0.0000,0
4.0474,0.0000,1
4.2640,0.0000,0
6.9078,0.0000,0
4.1064,0.0000,0
3.7779,0.0000,1
5.5921,0.0000,0
3.6607,0.0000,0
7.3010,0.0000,0
2.4223,0.0000,2
2.8823,0.0000,4
7.9578,0.0000,3
7.8361,0.0000,0
2.7453,0.0000,0
4.8562,0.0000,0
3.7863,0.0000,0
2.5260,0.0000,3
4.6686,0.0000,0
4.6825,0.0000,3
3.0368,0.0000,0
7.9465,0.0000,0
7.2284,0.0000,3
4.2281,0.0000,2
4.2321,0.0000,0
5.0864,0.0000,1
6.2094,0.0000,0
6.0664,0.0000,1
3.2023,0.0000,4
4.4767,0.0000,0
5.4053,0.0000,2
7.1502,0.0000,0
5.5108,0.0000,0
3.1565,0.0000,1
5.7072,0.0000,0
6.1075,0.0000,0
6.6080,0.0000,7
5.6687,0.0000,0
3.8132,0.0000,1
6.5045,0.0000,2
5.2648,0.0000,0
4.5244,0.0000,0
6.2704,0.0000,0
7.1711,0.0000,0
2.5125,0.0000,2
5.4120,0.0000,0
9.2954,0.0000,0
6.7464,0.0000,3
4.8659,0.0000,3
3.6482,0.0000,0
7.7383,0.0000,3
4.2511,0.0000,0
4.7801,0.0000,0
6.2334,0.0000,1
3.8111,0.0000,6
5.3615,0.0000,0
6.1086,0.0000,6
3.2096,0.0000,0
5.5297,0.0000,0
3.4933,0.0000,1
3.2675,0.0000,0
1.5898,0.0000,5
6.1559,0.0000,0
7.4785,0.0000,4
2.3965,0.0000,0
5.6751,0.0000,2
5.2349,0.0000,0
8.2318,0.0000,0
3.9336,0.0000,0
6.4463,0.0000,2
6.1169,0.0000,0
5.4965,0.0000,3
5.1338,0.0000,0
3.6804,0.0000,0
6.5372,0.0000,0
5.3087,0.0000,0
8.2410,0.0000,0
4.9017,0.0000,0
7.1398,0.0000,0
5.8592,0.0000,0
5.3912,0.0000,0
4.6616,0.0000,0
5.3558,0.0000,0
3.6432,0.0000,0
5.4437,0.0000,4
7.6248,0.0000,0
2.6962,0.0000,2
7.0215,0.0000,0
4.9128,0.0000,0
6.1190,0.0000,4
5.2115,0.0000,0
3.8122,0.0000,1
5.8146,0.0000,0
8.0807,0.0000,0
5.1250,0.0000,0
8.1625,0.0000,0
7.3153,0.0000,0
4.0708,0.0000,1
3.1976,0.0000,2
5.7585,0.0000,0
5.3573,0.0000,4
4.7299,0.0000,0
2.4155,0.0000,1
4.1136,0.0000,0
3.6690,0.0000,0
2.7573,0.0000,0
4.2764,0.0000,0
2.1420,0.0000,0
6.7215,0.0000,0
6.2311,0.0000,0
5.4424,0.0000,0
4.9240,0.0000,0
6.1501,0.0000,0
6.0023,0.0000,0
2.5804,0.0000,0
2.9785,0.0000,2
2.8046,0.0000,0
2.1478,0.0000,1
5.2503,0.0000,2
5.8315,0.0000,6
4.9190,0.0000,0
6.2252,0.0000,5
8.7365,0.0000,0
4.3043,0.0000,6
3.8781,0.0000,0
4.4184,0.0000,0
5.2124,0.0000,0
5.2766,0.0000,0
5.4644,0.0000,0
6.9606,0.0000,0
5.3521,0.0000,0
2.2691,0.0000,0
4.7075,0.0000,0
4.1240,0.0000,0
5.7905,0.0000,0
6.7980,0.0000,6
2.3218,0.0000,0
3.5063,0.0000,0
5.1453,0.0000,2
4.7040,0.0000,0
7.5819,0.0000,1
5.9174,0.0000,0
5.0605,0.0000,0
7.2908,0.0000,0
2.9714,0.0000,1
4.1061,0.0000,0
5.6640,0.0000,0
4.4777,0.0000,0
4.3078,0.0000,0
5.2454,0.0000,0
2.4280,0.0000,2
6.4066,0.0000,0
3.6534,0.0000,0
6.9675,0.0000,1
1.9279,0.0000,1
4.5167,0.0000,0
3.9512,0.0000,0
3.5340,0.0000,0
6.7665,0.0000,0
6.2904,0.0000,0
4.3569,0.0000,0
3.4033,0.0000,3
6.9639,0.0000,0
3.6634,0.0000,0
5.2206,0.0000,0
6.9241,0.0000,3
6.2774,0.0000,0
4.0514,0.0000,0
3.1801,0.0000,0
5.5113,0.0000,0
6.0029,0.0000,0
3.6172,0.0000,0
3.1817,0.0000,2
6.5924,0.0000,0
4.6769,0.0000,2
2.5821,0.0000,1
1.6396,0.0000,0
6.7849,0.0000,5
4.0218,0.0000,1
5.8532,0.0000,0
5.4478,0.0000,1
6.7744,0.0000,0
4.6001,0.0000,5
6.8121,0.0000,0
3.3754,0.0000,0
6.4459,0.0000,2
2.3071,0.0000,1
3.4736,0.0000,5
1.8880,0.0000,0
4.5639,0.0000,0
1.9968,0.0000,0
3.8018,0.0000,0
5.7728,0.0000,0
6.9311,0.0000,0
7.5386,0.0000,4
3.4947,0.0000,0
2.2920,0.0000,0
6.7067,0.0000,3
6.2846,0.0000,0
7.2504,0.0000,0
2.7802,0.0000,0
8.9119,0.0000,0
1.9362,0.0000,0
5.3792,0.0000,0
5.4693,0.0000,0
5.6503,0.0000,0
2.9595,0.0000,1
5.6916,0.0000,0
4.5610,0.0000,0
3.3213,0.0000,0
4.5683,0.0000,1
3.4031,0.0000,3
2.4712,0.0000,0
2.1768,0.0000,2
7.1714,0.0000,1
6.2270,0.0000,2
2.6171,0.0000,0
5.7793,0.0000,0
3.2357,0.0000,0
7.6701,0.0000,0
4.5253,0.0000,12
7.1505,0.0000,0
4.4300,0.0000,0
0.4928,0.0000,0
7.4472,0.0000,0
7.2234,0.0000,0
4.3026,0.0000,0
7.4742,0.0000,3
2.9571,0.0000,2
4.8063,0.0000,1
3.2574,0.0000,0
5.1812,0.0000,0
6.1578,0.0000,0
6.0337,0.0000,0
4.8496,0.0000,0
5.9572,0.0000,0
8.4356,0.0000,0
2.8405,0.0000,0
4.9820,0.0000,5
2.4585,0.0000,0
5.9477,0.0000,6
6.5464,0.0000,0
3.4135,0.0000,1
4.7565,0.0000,0
3.7181,0.0000,5
4.5518,0.0000,17
4.4519,0.0000,1
6.4255,0.0000,0
8.2572,0.0000,1
7.0997,0.0000,0
2.5994,0.0000,0
7.0316,0.0000,0
6.1989,0.0000,3
2.5635,0.0000,0
5.7187,0.0000,0
4.3296,0.0000,0
7.9335,0.0000,0
5.0767,0.0000,6
7.1305,0.0000,0
6.3814,0.0000,5
5.9445,0.0000,0
3.1521,0.0000,2
5.1609,0.0000,2
4.0352,0.0000,11
1.7040,0.0000,0
5.5053,0.0000,0
7.0041,0.0000,0
4.6015,0.0000,0
4.0324,0.0000,0
4.1253,0.0000,2
6.7295,0.0000,0
1.9828,0.0000,0
7.2861,0.0000,0
6.2325,0.0000,0
6.4142,0.0000,9
4.6158,0.0000,5
7.7660,0.0000,0
3.8336,0.0000,0
3.2921,0.0000,0
2.6138,0.0000,0
5.1952,0.0000,3
6.9622,0.0000,0
6.6428,0.0000,2
7.0368,0.0000,3
3.0953,0.0000,1
2.4677,0.0000,0
5.1553,0.0000,0
3.0249,0.0000,0
3.3193,0.0000,0
6.0115,0.0000,0
3.4761,0.0000,0
7.3609,0.0000,0
6.1314,0.0000,1
3.6024,0.0000,0
3.9532,0.0000,0
4.4096,0.0000,0
3.5736,0.0000,3
4.4787,0.0000,0
4.8708,0.0000,0
2.2289,0.0000,0
6.4792,0.0000,6
6.9213,0.0000,0
3.2935,0.0000,0
6.8419,0.0000,0
3.9988,0.0000,2
5.3217,0.0000,0
3.8614,0.0000,10
8.0306,0.0000,0
4.5023,0.0000,0
1.7126,0.0000,2
3.9230,0.0000,0
2.6037,0.0000,5
5.8962,0.0000,3
4.6766,0.0000,1
4.9391,0.0000,0
6.9795,0.0000,0
3.2473,0.0000,0
7.1080,0.0000,0
4.4665,0.0000,0
3.7979,0.0000,0
4.1517,0.0000,0
4.2389,0.0000,0
6.3923,0.0000,0
5.2432,0.0000,0
4.9462,0.0000,0
7.6705,0.0000,2
5.7055,0.0000,0
6.8800,0.0000,3
4.7439,0.0000,0
5.6885,0.0000,0
7.4605,0.0000,0
5.9547,0.0000,0
6.4391,0.0000,0
4.1743,0.0000,0
1.6987,0.0000,0
2.5715,0.0000,0
6.8125,0.0000,0
4.5238,0.0000,3
4.0099,0.0000,1
3.2008,0.0000,9
3.6582,0.0000,6
6.5842,0.0000,0
6.3205,0.0000,0
3.3693,0.0000,2
5.9665,0.0000,1
3.9161,0.0000,0
3.9670,0.0000,0
5.6275,0.0000,0
5.7773,0.0000,0
6.7736,0.0000,0
3.9739,0.0000,0
4.5682,0.0000,0
1.9810,0.0000,0
5.7672,0.0000,0
3.4194,0.0000,4
2.9062,0.0000,6
5.6267,0.0000,0
4.6958,0.0000,0
4.4175,0.0000,0
6.7636,0.0000,3
3.0755,0.0000,0
1.4338,0.0000,0
4.1953,0.0000,0
3.8544,0.0000,0
3.9724,0.0000,0
3.2545,0.0000,4
4.2895,0.0000,2
4.8878,0.0000,0
3.2876,0.0000,0
5.4201,0.0000,0
3.5500,0.0000,0
5.8284,0.0000,0
2.6026,0.0000,0
2.0678,0.0000,0
6.1807,0.0000,0
3.6861,0.0000,1
5.3344,0.0000,0
5.0557,0.0000,0
3.3235,0.0000,0
6.1576,0.0000,0
3.9618,0.0000,2
2.1273,0.0000,12
2.8821,0.0000,1
5.6799,0.0000,0
3.7312,0.0000,6
6.4383,0.0000,1
7.3012,0.0000,0
1.9070,0.0000,2
4.5698,0.0000,4
5.3310,0.0000,0
4.4125,0.0000,2
4.2792,0.0000,3
7.0309,0.0000,0
6.2716,0.0000,0
7.7472,0.0000,0
6.2872,0.0000,5
6.4932,0.0000,0
4.3984,0.0000,3
7.4977,0.0000,0
4.1366,0.0000,5
6.9115,0.0000,0
6.4739,0.0000,0
6.6826,0.0000,0
4.3857,0.0000,4
4.7676,0.0000,0
4.6214,0.0000,0
5.3253,0.0000,0
2.6558,0.0000,0
2.1224,0.0000,0
4.2992,0.0000,0
4.4338,0.0000,0
3.7951,0.0000,0
4.9254,0.0000,3
6.1505,0.0000,6
8.6732,0.0000,0
3.8870,0.0000,0
3.3253,0.0000,0
8.0118,0.0000,0
5.6394,0.0000,0
2.8042,0.0000,3
4.4204,0.0000,0
3.7746,0.0000,0
4.4352,0.0000,0
2.5236,0.0000,0
3.1169,0.0000,6
6.4697,0.0000,0
3.4167,0.0000,1
6.5043,0.0000,0
4.3638,0.0000,2
5.6611,0.0000,3
7.3217,0.0000,0
3.0544,0.0000,0
2.5921,0.0000,6
8.5918,0.0000,0
3.5856,0.0000,8
3.6495,0.0000,0
6.9402,0.0000,0
4.9376,0.0000,0
5.5973,0.0000,4
5.8248,0.0000,0
5.0165,0.0000,2
5.0652,0.0000,0
3.4120,0.0000,4
6.5385,0.0000,0
1.8630,0.0000,1
6.3563,0.0000,0
3.4846,0.0000,2
6.1522,0.0000,0
4.2686,0.0000,0
3.7643,0.0000,2
3.0154,0.0000,1
6.5549,0.0000,0
7.7879,0.0000,6
4.8689,0.0000,0
2.7297,0.0000,4
4.0869,0.0000,1
2.4137,0.0000,0
1.9704,0.0000,3
6.0755,0.0000,2
4.3526,0.0000,0
2.5796,0.0000,0
4.3709,0.0000,2
6.0359,0.0000,0
4.7833,0.0000,0
4.8373,0.0000,0
5.5703,0.0000,0
4.5227,0.0000,0
7.8930,0.0000,0
3.9034,0.0000,0
5.1695,0.0000,0
5.6145,0.0000,3
3.6935,0.0000,0
6.2140,0.0000,0
4.5676,0.0000,0
3.9537,0.0000,0
6.0740,0.0000,1
5.8949,0.0000,3
1.8291,0.0000,0
7.6474,0.0000,1
5.6899,0.0000,1
4.6427,0.0000,6
4.4373,0.0000,0
6.8397,0.0000,1
4.0240,0.0000,11
3.1426,0.0000,3
4.3706,0.0000,0
5.9302,0.0000,0
1.3040,0.0000,0
4.3507,0.0000,0
2.3838,0.0000,5
2.3987,0.0000,3
4.4370,0.0000,2
5.2648,0.0000,5
5.1175,0.0000,4
4.4570,0.0000,0
4.0658,0.0000,0
4.7353,0.0000,0
2.5895,0.0000,0
5.6052,0.0000,0
5.6618,0.0000,0
5.5976,0.0000,0
5.1077,0.0000,0
6.7673,0.0000,0
6.5467,0.0000,0
3.6111,0.0000,0
3.0225,0.0000,0
4.1750,0.0000,2
2.7925,0.0000,4
7.2062,0.0000,0
6.5599,0.0000,1
5.7533,0.0000,0
7.0193,0.0000,0
3.6302,0.0000,0
7.8251,0.0000,0
6.3008,0.0000,3
6.2172,0.0000,0
2.5007,0.0000,3
4.9222,0.0000,0
4.6394,0.0000,0
3.6975,0.0000,0
3.1076,0.0000,1
3.7837,0.0000,0
6.8199,0.0000,0
4.1390,0.0000,0
4.3962,0.0000,3
6.6921,0.0000,0
2.1295,0.0000,0
6.6283,0.0000,0
5.2383,0.0000,0
2.4186,0.0000,0
2.8072,0.0000,0
7.5303,0.0000,0
2.7844,0.0000,0
6.3907,0.0000,0
2.9608,0.0000,0
7.2754,0.0000,0
4.9068,0.0000,0
4.4806,0.0000,0
6.1254,0.0000,0
5.8052,0.0000,0
1.7034,0.0000,5
2.8833,0.0000,2
5.1072,0.0000,5
3.5547,0.0000,0
5.2123,0.0000,0
1.2601,0.0000,0
6.7170,0.0000,0
4.3839,0.0000,0
5.4431,0.0000,0
4.7015,0.0000,0
5.4675,0.0000,7
6.2421,0.0000,0
3.9055,0.0000,3
4.5095,0.0000,0
5.7431,0.0000,0
5.4211,0.0000,0
7.1264,0.0000,0
2.7570,0.0000,2
5.8186,0.0000,0
4.7960,0.0000,0
7.0718,0.0000,0
7.2067,0.0000,0
1.8638,0.0000,0
8.1470,0.0000,0
5.8405,0.0000,0
5.5145,0.0000,0
7.4287,0.0000,7
6.7069,0.0000,2
6.9239,0.0000,3
3.2033,0.0000,0
5.7569,0.0000,0
7.8541,0.0000,0
4.0783,0.0000,1
3.7418,0.0000,4
3.9802,0.0000,0
6.7865,0.0000,0
7.5531,0.0000,0
3.9547,0.0000,5
6.6340,0.0000,0
2.8857,0.0000,0
6.9191,0.0000,6
7.0077,0.0000,0
4.7432,0.0000,0
4.6976,0.0000,0
4.8329,0.0000,1
5.1647,0.0000,0
5.1691,0.0000,0
3.6788,0.0000,0
1.6351,0.0000,1
4.6754,0.0000,0
2.9175,0.0000,0
6.8173,0.0000,0
6.2253,0.0000,0
5.7692,0.0000,2
3.9576,0.0000,0
4.0363,0.0000,0
3.3747,0.0000,4
3.1257,0.0000,0
5.6396,0.0000,0
6.5613,0.0000,0
4.2405,0.0000,3
4.1243,0.0000,3
6.1866,0.0000,0
7.5978,0.0000,0
3.9445,0.0000,0
2.4008,0.0000,2
3.7681,0.0000,0
3.7893,0.0000,0
7.1219,0.0000,0
6.5494,0.0000,2
2.3072,0.0000,0
2.9247,0.0000,2
3.9491,0.0000,0
3.2223,0.0000,0
3.7662,0.0000,0
5.0371,0.0000,0
4.3567,0.0000,0
3.3868,0.0000,0
3.9802,0.0000,0
5.2712,0.0000,2
6.1462,0.0000,2
7.6307,0.0000,0
6.2576,0.0000,0
6.5879,0.0000,4
2.6629,0.0000,0
3.5828,0.0000,2
3.2317,0.0000,0
4.0284,0.0000,0
7.8260,0.0000,0
3.5883,0.0000,0
6.4801,0.0000,0
4.0253,0.0000,0
6.0889,0.0000,0
7.3331,0.0000,0
2.9359,0.0000,0
6.7724,0.0000,2
7.2764,0.0000,0
4.3623,0.0000,0
1.5482,0.0000,0
4.7051,0.0000,0
6.2003,0.0000,0
4.9341,0.0000,0
5.1681,0.0000,0
3.7055,0.0000,2
4.4497,0.0000,0
6.6755,0.0000,1
4.4556,0.0000,1
4.2985,0.0000,0
4.5331,0.0000,0
5.0113,0.0000,0
1.9841,0.0000,3
7.2921,0.0000,0
7.2541,0.0000,0
4.4952,0.0000,6
4.0124,0.0000,0
6.2340,0.0000,0
5.0427,0.0000,0
2.7734,0.0000,0
5.6438,0.0000,0
4.7494,0.0000,4
4.7867,0.0000,1
4.6358,0.0000,0
3.7161,0.0000,0
8.1296,0.0000,6
4.0321,0.0000,3
5.3231,0.0000,11
3.7752,0.0000,0
4.6095,0.0000,1
4.5061,0.0000,1
6.6282,0.0000,8
6.8697,0.0000,3
3.9604,0.0000,2
3.6193,0.0000,0
2.9778,0.0000,0
3.3000,0.0000,0
4.6856,0.0000,2
6.3985,0.0000,0
5.2561,0.0000,3
5.6758,0.0000,1
5.8719,0.0000,1
4.5484,0.0000,0
3.5733,0.0000,2
7.0286,0.0000,0
5.3379,0.0000,2
5.5054,0.0000,2
5.7442,0.0000,0
5.4022,0.0000,0
5.8880,0.0000,0
7.8113,0.0000,0
1.9984,0.0000,2
6.0396,0.0000,0
4.6704,0.0000,4
8.5644,0.0000,1
6.5652,0.0000,0
2.4643,0.0000,3
4.5002,0.0000,0
2.8183,0.0000,0
1.5462,0.0000,0
3.8013,0.0000,0
7.4868,0.0000,2
2.9023,0.0000,0
3.0511,0.0000,0
4.4428,0.0000,0
6.0902,0.0000,0
6.0626,0.0000,2
3.7509,0.0000,5
6.8663,0.0000,0
3.1899,0.0000,0
5.5710,0.0000,0
6.3342,0.0000,3
6.1610,0.0000,0
3.9929,0.0000,0
5.5175,0.0000,0
3.0765,0.0000,0
4.3985,0.0000,1
4.1398,0.0000,2
5.4730,0.0000,4
5.7202,0.0000,1
6.0377,0.0000,0
5.7061,0.0000,1
5.7352,0.0000,0
4.8694,0.0000,7
2.8519,0.0000,0
5.7405,0.0000,6
4.2968,0.0000,0
7.5133,0.0000,3
6.2501,0.0000,0
5.1468,0.0000,2
5.2526,0.0000,0
6.9800,0.0000,0
5.5278,0.0000,0
7.1606,0.0000,1
4.6377,0.0000,0
5.8252,0.0000,0
5.3825,0.0000,0
6.2625,0.0000,3
4.3603,0.0000,3
6.4214,0.0000,0
6.9822,0.0000,0
2.3705,0.0000,1
3.3346,0.0000,0
4.0222,0.0000,0
4.3885,0.0000,1
5.5094,0.0000,0
5.3957,0.0000,0
3.8964,0.0000,0
3.2098,0.0000,2
8.0558,0.0000,3
7.3975,0.0000,0
5.8597,0.0000,0
7.5801,0.0000,0
4.1285,0.0000,0
4.9718,0.0000,0
4.7991,0.0000,2
4.0883,0.0000,0
5.5702,0.0000,0
3.7068,0.0000,0
6.9808,0.0000,0
7.7789,0.0000,2
4.2277,0.0000,0
1.9523,0.0000,4
3.1647,0.0000,2
6.1163,0.0000,3
6.3796,0.0000,0
4.9263,0.0000,2
5.5538,0.0000,0
4.7971,0.0000,3
5.2236,0.0000,0
5.3328,0.0000,0
5.7085,0.0000,0
4.3519,0.0000,0
3.0721,0.0000,0
3.6466,0.0000,5
2.6528,0.0000,0
3.2418,0.0000,0
4.5503,0.0000,0
6.9416,0.0000,0
3.3740,0.0000,0
6.2732,0.0000,5
5.1565,0.0000,0
6.0468,0.0000,0
5.9465,0.0000,0
5.9014,0.0000,3
3.2911,0.0000,0
5.0362,0.0000,2
5.4046,0.0000,0
3.5419,0.0000,0
6.3659,0.0000,0
3.9740,0.0000,0
5.8472,0.0000,1
4.1344,0.0000,1
7.6003,0.0000,0
4.0460,0.0000,0
6.2296,0.0000,0
6.1583,0.0000,10
6.6966,0.0000,0
3.2478,0.0000,1
5.2205,0.0000,0
4.2417,0.0000,0
3.5917,0.0000,0
6.1240,0.0000,0
4.5514,0.0000,4
6.1842,0.0000,0
6.6720,0.0000,0
1.7440,0.0000,0
6.1506,0.0000,3
6.8020,0.0000,1
4.5125,0.0000,0
5.3495,0.0000,0
5.0109,0.0000,3
3.3979,0.0000,0
4.8056,0.0000,0
5.5684,0.0000,1
4.6579,0.0000,7
5.9570,0.0000,0
2.5963,0.0000,0
7.6744,0.0000,1
2.8421,0.0000,0
6.6156,0.0000,0
4.0735,0.0000,0
4.9577,0.0000,0
1.7537,0.0000,0
2.4526,0.0000,0
2.7390,0.0000,2
6.3229,0.0000,0
2.0287,0.0000,0
3.8329,0.0000,0
2.9654,0.0000,0
7.7297,0.0000,0
3.5507,0.0000,0
6.3568,0.0000,2
7.5236,0.0000,1
5.5970,0.0000,2
1.7650,0.0000,0
4.0994,0.0000,0
3.2792,0.0000,4
5.8645,0.0000,4
4.5292,0.0000,0
6.6956,0.0000,0
6.1980,0.0000,3
8.1084,0.0000,0
2.8769,0.0000,0
5.7934,0.0000,0
4.6528,0.0000,14
5.1218,0.0000,0
5.9732,0.0000,1
5.2061,0.0000,7
7.3122,0.0000,0
5.3436,0.0000,8
4.9553,0.0000,0
5.0980,0.0000,2
6.2479,0.0000,0
5.5199,0.0000,0
6.7291,0.0000,0
3.8806,0.0000,0
5.7125,0.0000,0
7.9417,0.0000,2
4.7584,0.0000,0
2.5809,0.0000,2
7.2063,0.0000,10
3.0020,0.0000,0
3.3743,0.0000,2
6.2941,0.0000,0
5.0240,0.0000,0
4.4871,0.0000,4
4.9304,0.0000,0
7.8069,0.0000,1
4.0828,0.0000,0
7.1855,0.0000,0
7.1278,0.0000,1
6.3307,0.0000,0
7.5661,0.0000,0
3.8473,0.0000,0
4.5933,0.0000,0
4.4589,0.0000,0
6.5588,0.0000,0
5.9536,0.0000,1
6.1419,0.0000,0
3.2397,0.0000,6
3.8510,0.0000,0
4.9773,0.0000,1
3.1571,0.0000,0
5.0725,0.0000,0
4.8683,0.0000,0
5.8182,0.0000,0
2.7906,0.0000,0
5.3031,0.0000,0
6.3933,0.0000,0
4.8416,0.0000,0
5.4861,0.0000,0
3.0159,0.0000,10
5.7748,0.0000,2
7.6715,0.0000,0
4.7896,0.0000,0
4.2499,0.0000,4
5.8646,0.0000,1
5.8439,0.0000,0
4.1027,0.0000,0
8.4855,0.0000,1
6.2260,0.0000,2
5.1883,0.0000,0
2.2457,0.0000,3
5.0401,0.0000,0
5.6757,0.0000,0
3.5057,0.0000,0
4.1612,0.0000,0
7.9576,0.0000,0
2.4792,0.0000,0
5.9943,0.0000,0
2.2928,0.0000,0
9.2414,0.0000,0
7.5570,0.0000,0
5.9168,0.0000,0
4.8732,0.0000,0
3.7241,0.0000,1
4.7500,0.0000,0
6.0967,0.0000,3
6.1866,0.0000,1
6.4575,0.0000,0
6.4076,0.0000,5
1.9518,0.0000,0
8.2957,0.0000,0
3.3118,0.0000,3
7.0987,0.0000,0
4.6286,0.0000,0
5.1363,0.0000,5
5.3033,0.0000,0
5.9924,0.0000,0
6.7837,0.0000,1
6.2186,0.0000,0
4.2203,0.0000,3
7.5621,0.0000,0
7.0830,0.0000,0
5.7053,0.0000,0
8.8094,0.0000,3
5.1165,0.0000,0
5.8480,0.0000,0
2.9774,0.0000,7
4.5052,0.0000,0
6.3681,0.0000,0
6.7610,0.0000,0
4.3469,0.0000,6
6.8249,0.0000,2
5.8334,0.0000,0
6.7686,0.0000,0
7.0809,0.0000,0
4.3103,0.0000,0
6.5834,0.0000,4
3.2877,0.0000,0
4.7225,0.0000,2
4.0349,0.0000,0
4.9987,0.0000,0
4.3439,0.0000,0
2.9660,0.0000,1
5.8355,0.0000,0
4.7656,0.0000,0
3.5540,0.0000,2
3.6019,0.0000,0
5.6379,0.0000,0
4.9233,0.0000,3
3.1420,0.0000,0
6.0612,0.0000,6
4.8304,0.0000,0
7.0348,0.0000,0
5.8600,0.0000,3
5.6313,0.0000,0
4.9027,0.0000,0
4.7148,0.0000,0
3.6304,0.0000,1
1.9156,0.0000,6
4.7634,0.0000,0
6.0748,0.0000,4
4.8683,0.0000,0
2.9961,0.0000,2
4.0127,0.0000,8
3.3209,0.0000,0
5.4772,0.0000,0
3.9863,0.0000,0
6.6944,0.0000,0
5.1031,0.0000,0
2.6699,0.0000,0
5.8432,0.0000,0
2.5073,0.0000,2
4.6028,0.0000,0
8.5791,0.0000,0
5.5819,0.0000,1
4.8957,0.0000,0
5.0288,0.0000,5
8.2006,0.0000,0
7.4850,0.0000,1
6.8267,0.0000,3
6.0930,0.0000,0
2.9493,0.0000,0
5.9796,0.0000,0
5.7112,0.0000,3
6.2299,0.0000,2
4.7620,0.0000,0
6.3255,0.0000,0
3.6535,0.0000,1
6.9042,0.0000,0
5.9742,0.0000,3
6.2467,0.0000,1
5.7023,0.0000,4
5.8879,0.0000,0
6.2556,0.0000,0
5.1070,0.0000,0
4.3888,0.0000,0
6.4113,0.0000,1
7.1411,0.0000,0
4.2525,0.0000,1
3.7537,0.0000,0
2.9109,0.0000,0
5.5575,0.0000,0
5.4940,0.0000,0
4.0802,0.0000,5
4.9796,0.0000,0
6.1521,0.0000,0
5.2526,0.0000,1
5.3074,0.0000,0
6.8270,0.0000,0
4.1576,0.0000,3
6.1773,0.0000,0
4.7130,0.0000,0
5.9265,0.0000,0
3.1469,0.0000,1
6.7544,0.0000,3
5.9755,0.0000,0
5.5723,0.0000,0
2.9595,0.0000,0
5.3181,0.0000,0
4.3152,0.0000,5
5.6638,0.0000,0
2.8113,0.0000,0
7.4502,0.0000,0
4.8277,0.0000,3
4.7676,0.0000,4
5.2231,0.0000,0
4.7619,0.0000,0
3.6296,0.0000,7
6.8181,0.0000,2
4.5482,0.0000,0
6.5011,0.0000,0
6.0788,0.0000,2
2.3523,0.0000,0
2.9576,0.0000,0
5.4400,0.0000,0
4.9823,0.0000,0
5.5546,0.0000,11
4.8358,0.0000,1
2.6568,0.0000,0
5.6272,0.0000,0
1.8393,0.0000,0
5.0275,0.0000,2
6.4336,0.0000,0
3.2038,0.0000,0
4.1564,0.0000,0
6.8899,0.0000,0
1.9153,0.0000,3
6.4324,0.0000,0
3.4227,0.0000,0
7.1829,0.0000,0
4.9620,0.0000,0
4.7613,0.0000,6
4.0081,0.0000,3
4.1624,0.0000,1
7.6560,0.0000,0
2.9779,0.0000,0
3.2486,0.0000,0
7.1385,0.0000,0
5.3857,0.0000,0
5.1672,0.0000,0
5.0645,0.0000,1
3.3706,0.0000,0
1.6682,0.0000,2
5.4457,0.0000,0
7.9207,0.0000,0
3.1884,0.0000,0
6.4040,0.0000,0
6.2865,0.0000,0
5.5269,0.0000,2
6.6657,0.0000,0
4.9237,0.0000,0
3.9611,0.0000,0
8.1809,0.0000,0
4.2528,0.0000,0
3.2714,0.0000,2
7.2852,0.0000,2
4.2014,0.0000,4
4.5997,0.0000,0
7.1691,0.0000,0
5.8905,0.0000,0
5.3853,0.0000,0
2.7858,0.0000,3
3.0300,0.0000,2
6.4871,0.0000,0
5.8226,0.0000,0
5.2827,0.0000,0
5.6281,0.0000,0
5.0738,0.0000,2
6.8000,0.0000,0
3.0393,0.0000,0
4.8172,0.0000,0
6.8823,0.0000,0
2.9682,0.0000,2
3.0163,0.0000,4
2.9510,0.0000,2
6.4381,0.0000,0
4.4645,0.0000,0
3.7595,0.0000,0
4.4792,0.0000,0
5.9057,0.0000,0
3.4107,0.0000,0
6.2877,0.0000,2
6.5044,0.0000,0
3.0881,0.0000,3
8.6658,0.0000,0
7.3239,0.0000,0
2.3770,0.0000,3
1.9836,0.0000,1
5.7951,0.0000,0
5.9284,0.0000,0
6.7917,0.0000,0
4.7251,0.0000,0
4.3563,0.0000,3
2.8972,0.0000,5
2.2312,0.0000,0
5.2208,0.0000,1
5.2020,0.0000,0
4.7245,0.0000,0
3.3119,0.0000,0
4.9633,0.0000,0
5.4539,0.0000,1
3.5792,0.0000,0
4.5458,0.0000,0
5.6167,0.0000,8
4.6458,0.0000,0
7.5442,0.0000,4
5.2903,0.0000,0
6.5546,0.0000,0
4.5657,0.0000,0
5.6680,0.0000,0
6.5785,0.0000,0
5.6721,0.0000,0
5.6160,0.0000,2
7.5499,0.0000,2
6.9339,0.0000,0
6.8877,0.0000,3
5.9045,0.0000,0
3.5098,0.0000,0
4.0577,0.0000,0
6.6540,0.0000,0
6.2706,0.0000,0
2.4480,0.0000,0
3.9806,0.0000,0
4.4690,0.0000,0
5.0963,0.0000,6
4.7050,0.0000,1
3.0295,0.0000,0
5.0179,0.0000,0
4.4456,0.0000,0
6.4719,0.0000,0
5.1438,0.0000,4
1.4119,0.0000,2
3.6432,0.0000,0
5.1267,0.0000,0
2.1370,0.0000,2
5.7558,0.0000,0
8.7020,0.0000,0
3.7798,0.0000,0
6.6682,0.0000,0
6.1876,0.0000,0
6.4471,0.0000,0
6.7304,0.0000,2
4.8774,0.0000,0
5.8710,0.0000,0
6.9722,0.0000,0
2.5971,0.0000,0
3.5917,0.0000,0
5.1019,0.0000,0
4.7532,0.0000,2
1.9752,0.0000,8
4.3257,0.0000,0
3.4548,0.0000,0
4.3830,0.0000,3
2.7699,0.0000,5
5.7582,0.0000,3
3.7579,0.0000,0
6.7195,0.0000,2
3.0085,0.0000,2
2.8793,0.0000,0
6.2594,0.0000,4
6.2826,0.0000,0
5.0526,0.0000,0
3.0514,0.0000,0
7.6267,0.0000,4
4.1964,0.0000,0
5.6220,0.0000,0
4.7409,0.0000,2
1.5348,0.0000,0
4.2326,0.0000,0
5.2644,0.0000,0
5.9766,0.0000,0
3.3676,0.0000,0
2.9352,0.0000,0
5.5824,0.0000,5
6.8169,0.0000,0
5.0405,0.0000,0
1.7631,0.0000,1
6.7756,0.0000,0
5.3552,0.0000,0
6.0350,0.0000,0
3.4672,0.0000,0
4.1333,0.0000,4
7.6858,0.0000,0
5.1477,0.0000,2
7.2958,0.0000,0
5.3583,0.0000,0
7.8744,0.0000,3
6.7627,0.0000,0
7.5702,0.0000,2
3.2940,0.0000,2
5.1730,0.0000,0
5.1401,0.0000,0
6.0711,0.0000,0
6.2672,0.0000,0
1.5799,0.0000,0
6.5172,0.0000,8
2.5085,0.0000,0
3.1450,0.0000,3
4.2194,0.0000,5
6.8006,0.0000,6
5.2736,0.0000,0
5.0586,0.0000,0
5.3687,0.0000,0
3.8326,0.0000,0
4.6299,0.0000,0
6.3748,0.0000,8
7.5570,0.0000,0
5.7797,0.0000,11
6.8529,0.0000,0
2.6669,0.0000,0
6.3397,0.0000,0
3.5581,0.0000,0
3.4063,0.0000,0
3.8763,0.0000,1
2.4457,0.0000,0
5.9022,0.0000,4
5.6361,0.0000,3
5.8050,0.0000,0
4.3711,0.0000,0
4.5941,0.0000,0
3.3791,0.0000,0
4.2899,0.0000,0
2.2590,0.0000,0
2.6735,0.0000,1
2.1034,0.0000,0
6.2524,0.0000,0
4.7867,0.0000,0
5.7313,0.0000,0
5.3068,0.0000,0
3.5430,0.0000,0
3.8342,0.0000,0
5.0327,0.0000,0
4.2736,0.0000,2
5.5175,0.0000,0
2.8123,0.0000,0
4.6019,0.0000,0
1.7341,0.0000,1
5.7278,0.0000,0
4.1778,0.0000,0
3.1308,0.0000,0
4.2489,0.0000,0
1.7235,0.0000,2
4.7407,0.0000,3
3.6838,0.0000,0
2.0350,0.0000,0
6.1249,0.0000,0
3.4238,0.0000,0
4.3251,0.0000,4
8.9003,0.0000,3
5.1906,0.0000,0
6.8127,0.0000,0
4.5768,0.0000,0
4.8531,0.0000,0
5.4944,0.0000,0
3.1067,0.0000,0
6.5906,0.0000,0
4.6187,0.0000,3
4.3369,0.0000,0
3.5815,0.0000,2
4.4559,0.0000,0
6.1996,0.0000,0
4.9341,0.0000,4
3.8089,0.0000,2
7.2985,0.0000,4
6.1938,0.0000,0
5.7905,0.0000,0
4.9524,0.0000,0
6.3859,0.0000,3
5.5334,0.0000,1
2.6609,0.0000,1
5.9109,0.0000,0
5.8795,0.0000,0
5.2128,0.0000,0
4.7635,0.0000,1
5.8983,0.0000,0
6.3448,0.0000,0
5.7123,0.0000,0
3.2261,0.0000,0
4.4514,0.0000,7
6.0329,0.0000,3
3.0025,0.0000,0
6.9215,0.0000,0
6.0049,0.0000,0
6.0883,0.0000,4
4.4375,0.0000,0
7.1060,0.0000,3
5.8501,0.0000,0
5.0014,0.0000,1
4.2531,0.0000,0
6.8114,0.0000,0
5.4815,0.0000,0
6.8493,0.0000,0
3.5794,0.0000,0
6.9738,0.0000,0
6.7038,0.0000,0
2.6903,0.0000,0
6.5565,0.0000,0
7.2754,0.0000,3
2.6070,0.0000,0
5.3312,0.0000,0
4.9064,0.0000,0
4.3990,0.0000,0
8.4220,0.0000,0
6.1392,0.0000,2
7.6574,0.0000,3
5.0737,0.0000,0
2.4589,0.0000,1
5.6619,0.0000,0
2.6506,0.0000,0
7.1998,0.0000,1
6.7863,0.0000,7
4.8390,0.0000,0
4.3613,0.0000,0
8.5499,0.0000,3
4.0898,0.0000,2
3.6532,0.0000,0
7.6707,0.0000,0
7.2345,0.0000,0
5.7889,0.0000,0
6.7146,0.0000,0
2.8336,0.0000,9
3.6117,0.0000,0
4.4330,0.0000,0
5.8667,0.0000,3
6.5459,0.0000,2
7.2140,0.0000,0
4.9919,0.0000,3
5.2229,0.0000,2
2.2619,0.0000,2
5.6833,0.0000,3
5.4957,0.0000,0
2.1476,0.0000,3
3.7830,0.0000,1
6.0530,0.0000,0
7.1212,0.0000,1
6.6701,0.0000,0
6.3888,0.0000,0
8.1454,0.0000,1
5.1584,0.0000,0
2.8763,0.0000,5
3.3747,0.0000,0
4.2416,0.0000,0
3.2237,0.0000,3
4.9553,0.0000,0
4.3429,0.0000,0
3.0652,0.0000,0
2.6168,0.0000,4
3.6121,0.0000,0
5.5282,0.0000,0
2.8094,0.0000,5
5.8572,0.0000,0
5.8666,0.0000,2
4.0009,0.0000,0
5.4211,0.0000,0
5.3661,0.0000,0
3.3507,0.0000,0
6.8029,0.0000,2
5.3201,0.0000,0
5.3095,0.0000,0
6.6718,0.0000,0
2.9027,0.0000,0
3.0985,0.0000,0
5.2709,0.0000,0
4.4404,0.0000,0
2.3891,0.0000,3
7.4272,0.0000,0
5.0406,0.0000,0
5.0223,0.0000,0
4.4046,0.0000,1
7.2041,0.0000,0
2.7213,0.0000,1
4.2292,0.0000,0
6.2077,0.0000,1
3.6027,0.0000,0
3.2857,0.0000,0
5.5859,0.0000,0
4.0511,0.0000,0
4.3105,0.0000,0
6.3327,0.0000,9
5.8692,0.0000,0
7.5181,0.0000,7
5.4166,0.0000,0
4.4925,0.0000,0
6.1719,0.0000,1
3.5726,0.0000,0
5.2936,0.0000,4
1.6492,0.0000,0
3.2942,0.0000,0
5.7452,0.0000,2
4.5674,0.0000,0
1.9538,0.0000,2
7.0271,0.0000,1
7.5669,0.0000,12
6.5286,0.0000,0
7.7233,0.0000,0
3.1961,0.0000,4
5.2655,0.0000,0
6.2646,0.0000,0
4.5727,0.0000,0
4.1298,0.0000,0
6.2753,0.0000,0
8.2854,0.0000,5
2.1327,0.0000,0
2.9751,0.0000,0
6.1757,0.0000,1
6.1251,0.0000,1
6.3749,0.0000,0
3.7134,0.0000,0
6.0469,0.0000,0
7.9716,0.0000,0
7.1797,0.0000,4
5.6506,0.0000,0
4.4211,0.0000,0
3.7277,0.0000,0
3.1908,0.0000,4
4.2109,0.0000,0
6.2791,0.0000,0
8.0955,0.0000,1
4.2171,0.0000,0
5.4656,0.0000,0
6.0768,0.0000,1
3.1364,0.0000,0
7.0610,0.0000,0
3.7625,0.0000,1
5.5571,0.0000,0
4.1691,0.0000,0
4.3133,0.0000,0
7.0069,0.0000,0
3.2326,0.0000,0
7.1785,0.0000,1
4.7867,0.0000,7
6.6850,0.0000,1
4.7645,0.0000,0
6.3942,0.0000,3
3.9077,0.0000,2
6.7290,0.0000,10
3.2758,0.0000,2
6.2309,0.0000,2
6.4328,0.0000,0
4.9971,0.0000,0
5.5035,0.0000,0
8.0679,0.0000,0
3.6913,0.0000,0
4.8963,0.0000,0
2.9495,0.0000,0
5.4450,0.0000,2
5.0021,0.0000,0
3.9896,0.0000,0
7.3081,0.0000,4
6.9049,0.0000,0
4.4807,0.0000,0
5.1917,0.0000,0
7.0116,0.0000,0
6.3961,0.0000,0
4.9602,0.0000,0
4.8354,0.0000,0
6.3034,0.0000,3
3.4655,0.0000,0
6.1431,0.0000,2
3.2501,0.0000,0
2.0325,0.0000,4
5.8983,0.0000,0
4.6043,0.0000,0
4.3708,0.0000,0
3.6112,0.0000,0
5.4188,0.0000,0
6.1443,0.0000,0
4.0043,0.0000,0
5.1141,0.0000,0
4.8704,0.0000,0
1.7131,0.0000,3
5.5924,0.0000,1
5.8492,0.0000,0
2.5117,0.0000,2
5.4696,0.0000,2
6.4654,0.0000,0
7.9457,0.0000,0
5.8502,0.0000,0
3.4696,0.0000,0
6.7876,0.0000,0
4.9901,0.0000,3
5.4251,0.0000,0
3.7026,0.0000,0
4.4909,0.0000,0
7.9250,0.0000,0
3.5439,0.0000,0
4.6329,0.0000,0
2.7757,0.0000,0
4.0215,0.0000,3
3.5594,0.0000,0
5.3009,0.0000,1
2.2772,0.0000,0
3.3857,0.0000,2
2.3342,0.0000,0
7.1278,0.0000,4
3.7617,0.0000,0
3.2896,0.0000,0
6.7527,0.0000,1
7.0113,0.0000,0
5.1110,0.0000,0
6.4472,0.0000,3
4.0961,0.0000,0
2.3350,0.0000,1
6.1750,0.0000,0
2.2302,0.0000,3
1.4752,0.0000,4
5.5894,0.0000,2
6.2391,0.0000,5
5.4549,0.0000,0
8.2931,0.0000,8
3.4182,0.0000,0
3.9159,0.0000,0
5.8189,0.0000,0
7.8305,0.0000,4
6.4124,0.0000,0
4.4560,0.0000,0
4.2319,0.0000,6
5.2547,0.0000,0
7.6954,0.0000,0
4.7538,0.0000,0
2.9317,0.0000,0
4.0097,0.0000,0
5.6253,0.0000,0
6.1224,0.0000,0
2.8511,0.0000,3
3.9177,0.0000,4
2.6704,0.0000,0
5.5251,0.0000,1
8.1061,0.0000,0
6.0869,0.0000,0
3.3409,0.0000,0
4.8304,0.0000,0
6.3143,0.0000,1
3.9471,0.0000,0
3.2002,0.0000,0
3.1834,0.0000,0
2.6826,0.0000,1
6.4862,0.0000,0
5.5615,0.0000,0
5.2717,0.0000,0
3.2799,0.0000,0
5.3961,0.0000,5
7.3505,0.0000,0
6.5457,0.0000,0
6.8231,0.0000,0
3.6095,0.0000,0
6.1906,0.0000,1
6.8096,0.0000,0
7.1628,0.0000,1
5.7009,0.0000,0
4.1801,0.0000,0
5.9139,0.0000,2
4.8269,0.0000,0
4.0009,0.0000,0
2.1330,0.0000,0
5.9249,0.0000,0
3.4553,0.0000,4
5.8298,0.0000,3
6.0349,0.0000,0
3.5243,0.0000,0
3.7858,0.0000,0
6.4357,0.0000,0
5.1802,0.0000,0
5.7077,0.0000,1
6.6452,0.0000,0
7.8886,0.0000,0
7.2171,0.0000,0
7.0374,0.0000,0
4.6827,0.0000,0
5.7156,0.0000,0
4.8197,0.0000,0
6.8072,0.0000,0
3.3769,0.0000,6
5.9048,0.0000,0
6.2557,0.0000,0
5.4049,0.0000,2
7.2975,0.0000,0
4.8494,0.0000,0
5.7164,0.0000,0
6.6547,0.0000,1
4.6712,0.0000,6
5.1012,0.0000,3
6.6764,0.0000,0
6.8213,0.0000,2
4.1117,0.0000,0
4.7369,0.0000,0
7.2334,0.0000,3
6.1161,0.0000,0
5.5031,0.0000,0
7.4837,0.0000,4
5.4747,0.0000,4
4.5627,0.0000,0
5.5578,0.0000,0
4.7440,0.0000,0
5.0017,0.0000,2
4.5789,0.0000,0
3.1384,0.0000,0
4.2917,0.0000,0
4.1038,0.0000,3
2.8419,0.0000,0
1.3019,0.0000,0
4.4252,0.0000,3
3.9364,0.0000,0
3.9267,0.0000,0
8.5116,0.0000,0
5.8496,0.0000,1
8.2470,0.0000,1
5.7355,0.0000,0
4.6126,0.0000,2
7.2740,0.0000,3
4.6509,0.0000,2
6.5345,0.0000,0
6.7263,0.0000,0
5.3776,0.0000,0
3.4036,0.0000,0
4.8198,0.0000,0
5.1600,0.0000,0
4.7433,0.0000,0
6.0768,0.0000,0
6.2339,0.0000,1
6.7704,0.0000,0
5.9571,0.0000,0
5.4442,0.0000,0
4.7641,0.0000,1
7.8756,0.0000,0
5.8762,0.0000,0
3.7750,0.0000,0
4.0284,0.0000,0
3.0311,0.0000,0
3.2326,0.0000,11
5.5355,0.0000,1
4.1637,0.0000,0
6.7571,0.0000,0
7.3287,0.0000,0
4.8130,0.0000,3
3.4258,0.0000,0
6.6134,0.0000,0
3.2323,0.0000,2
4.3142,0.0000,0
5.5688,0.0000,2
1.9185,0.0000,0
6.7078,0.0000,0
3.1602,0.0000,0
5.5692,0.0000,0
3.8485,0.0000,0
6.0703,0.0000,0
4.7104,0.0000,0
7.0470,0.0000,1
6.5298,0.0000,0
3.1069,0.0000,0
7.1629,0.0000,0
6.4858,0.0000,0
8.0104,0.0000,0
4.5519,0.0000,2
6.7651,0.0000,0
3.9209,0.0000,0
6.6414,0.0000,0
3.5776,0.0000,0
5.6980,0.0000,0
3.4920,0.0000,0
6.1245,0.0000,0
5.4084,0.0000,0
6.4691,0.0000,5
2.4713,0.0000,0
2.4923,0.0000,0
7.5277,0.0000,1
5.7200,0.0000,0
5.4843,0.0000,3
2.2917,0.0000,4
8.1567,0.0000,3
6.4050,0.0000,1
3.5128,0.0000,0
4.1957,0.0000,5
3.0733,0.0000,0
5.6570,0.0000,0
3.4807,0.0000,0
7.4430,0.0000,0
7.0349,0.0000,0
5.0356,0.0000,0
5.9078,0.0000,1
7.4925,0.0000,5
4.0853,0.0000,0
4.9550,0.0000,0
6.9941,0.0000,0
8.3345,0.0000,0
5.3567,0.0000,0
6.0715,0.0000,0
8.1695,0.0000,5
5.1220,0.0000,0
4.2712,0.0000,6
3.8731,0.0000,0
3.8577,0.0000,3
5.7022,0.0000,1
6.4934,0.0000,0
6.6609,0.0000,9
3.2683,0.0000,0
6.8048,0.0000,1
2.1969,0.0000,0
5.7286,0.0000,0
6.8582,0.0000,0
5.5211,0.0000,0
3.3704,0.0000,0
8.1955,0.0000,0
3.9084,0.0000,0
6.7152,0.0000,0
6.7678,0.0000,0
6.8065,0.0000,0
4.9114,0.0000,0
4.3576,0.0000,0
4.2778,0.0000,0
5.6971,0.0000,4
5.2668,0.0000,5
4.5666,0.0000,2
6.9237,0.0000,3
2.7241,0.0000,0
5.2448,0.0000,4
5.9319,0.0000,2
1.8832,0.0000,0
6.6859,0.0000,0
4.7298,0.0000,0
7.1588,0.0000,0
5.2330,0.0000,0
7.3972,0.0000,3
8.2543,0.0000,0
4.5214,0.0000,0
4.9529,0.0000,0
4.7801,0.0000,0
4.3442,0.0000,0
4.3941,0.0000,0
6.3494,0.0000,0
4.8772,0.0000,3
5.1977,0.0000,0
2.9379,0.0000,0
7.3070,0.0000,0
5.4606,0.0000,0
4.6699,0.0000,0
7.2380,0.0000,0
3.0903,0.0000,0
6.9100,0.0000,6
7.2087,0.0000,0
7.3761,0.0000,0
6.5062,0.0000,0
6.2033,0.0000,0
5.7450,0.0000,0
4.9478,0.0000,0
5.7987,0.0000,0
4.9228,0.0000,2
6.4620,0.0000,3
2.4805,0.0000,0
4.2271,0.0000,0
1.2785,0.0000,0
2.2774,0.0000,1
6.0370,0.0000,0
6.0484,0.0000,0
1.9148,0.0000,0
5.6052,0.0000,0
4.5153,0.0000,0
4.1484,0.0000,7
7.4917,0.0000,0
4.7590,0.0000,0
4.4645,0.0000,0
5.5686,0.0000,0
1.4218,0.0000,0
7.0599,0.0000,0
2.8239,0.0000,0
6.8583,0.0000,1
5.0889,0.0000,0
7.0661,0.0000,0
5.1429,0.0000,0
2.5587,0.0000,0
6.7216,0.0000,0
6.1429,0.0000,0
5.4682,0.0000,0
3.1981,0.0000,0
6.4345,0.0000,0
3.7699,0.0000,0
2.7931,0.0000,0
6.2990,0.0000,0
2.3366,0.0000,0
3.0232,0.0000,0
6.9851,0.0000,0
6.7390,0.0000,0
4.8641,0.0000,0
2.2361,0.0000,0
4.5637,0.0000,0
3.7342,0.0000,0
4.8239,0.0000,2
5.3308,0.0000,0
6.7472,0.0000,0
7.5558,0.0000,1
3.9279,0.0000,0
3.2739,0.0000,0
6.5935,0.0000,0
8.0203,0.0000,0
3.7610,0.0000,0
2.4090,0.0000,0
6.2220,0.0000,0
5.5832,0.0000,1
3.9333,0.0000,0
5.2998,0.0000,0
5.5172,0.0000,0
6.4706,0.0000,0
2.9217,0.0000,0
6.8435,0.0000,1
6.6393,0.0000,2
7.7671,0.0000,0
6.6684,0.0000,2
6.1436,0.0000,0
2.6564,0.0000,4
3.2626,0.0000,0
5.1173,0.0000,0
5.6137,0.0000,0
5.8230,0.0000,0
6.7142,0.0000,0
7.3385,0.0000,0
4.3541,0.0000,4
6.8811,0.0000,0
3.3301,0.0000,0
2.5639,0.0000,0
3.2230,0.0000,0
6.2132,0.0000,0
4.8189,0.0000,0
2.4029,0.0000,0
5.7151,0.0000,0
4.1184,0.0000,0
1.1882,0.0000,0
2.3523,0.0000,0
3.5773,0.0000,3
4.0429,0.0000,0
3.4172,0.0000,0
2.5018,0.0000,0
4.5998,0.0000,0
6.7250,0.0000,0
4.3415,0.0000,2
4.2683,0.0000,0
6.1821,0.0000,0
6.4551,0.0000,0
2.1431,0.0000,0
8.2770,0.0000,4
6.8948,0.0000,0
6.5124,0.0000,1
7.4884,0.0000,0
7.4867,0.0000,0
8.0785,0.0000,0
4.7071,0.0000,0
7.0408,0.0000,0
3.7301,0.0000,3
2.7363,0.0000,8
1.2385,0.0000,3
4.9373,0.0000,3
6.7289,0.0000,1
6.0749,0.0000,2
3.8418,0.0000,0
1.3161,0.0000,1
4.5868,0.0000,0
3.2889,0.0000,1
7.9172,0.0000,0
5.4485,0.0000,0
2.9214,0.0000,0
7.3852,0.0000,0
6.5469,0.0000,0
5.5146,0.0000,0
3.3809,0.0000,2
7.3225,0.0000,0
5.3833,0.0000,0
7.3437,0.0000,0
5.8688,0.0000,4
4.4199,0.0000,0
2.5978,0.0000,0
4.8702,0.0000,0
3.2010,0.0000,0
4.0881,0.0000,4
6.5232,0.0000,3
6.4039,0.0000,0
5.7317,0.0000,5
8.0959,0.0000,0
3.4317,0.0000,0
7.8593,0.0000,0
5.1199,0.0000,0
6.2894,0.0000,8
1.3300,0.0000,3
7.8868,0.0000,0
5.7687,0.0000,0
4.8230,0.0000,0
4.2432,0.0000,2
2.6932,0.0000,0
4.1978,0.0000,1
3.1627,0.0000,0
3.3025,0.0000,0
6.0779,0.0000,0
5.2497,0.0000,0
1.4249,0.0000,2
3.2054,0.0000,0
5.4099,0.0000,0
4.8139,0.0000,1
5.8095,0.0000,1
5.7160,0.0000,0
4.2927,0.0000,0
4.5627,0.0000,0
5.1133,0.0000,0
5.1801,0.0000,1
5.3755,0.0000,0
6.1758,0.0000,0
4.7136,0.0000,0
1.8261,0.0000,1
7.6122,0.0000,0
2.7548,0.0000,0
6.8724,0.0000,1
3.7614,0.0000,0
4.9737,0.0000,5
4.2619,0.0000,0
8.6644,0.0000,0
5.7059,0.0000,0
4.7379,0.0000,0
6.0284,0.0000,0
4.1889,0.0000,3
5.9529,0.0000,0
6.3900,0.0000,0
6.0045,0.0000,0
2.4293,0.0000,0
5.7430,0.0000,0
7.8079,0.0000,0
6.6854,0.0000,0
3.5035,0.0000,0
1.3710,0.0000,3
7.1373,0.0000,0
7.0405,0.0000,0
4.1685,0.0000,0
7.4340,0.0000,0
5.7526,0.0000,1
1.9273,0.0000,3
7.2114,0.0000,0
7.2493,0.0000,3
7.0247,0.0000,0
6.2091,0.0000,1
2.8003,0.0000,4
4.8856,0.0000,0
4.1137,0.0000,0
6.7026,0.0000,3
4.5367,0.0000,0
5.6479,0.0000,0
5.5088,0.0000,0
4.2526,0.0000,0
2.3798,0.0000,2
6.5712,0.0000,0
3.3611,0.0000,6
4.8905,0.0000,1
4.7945,0.0000,0
3.7305,0.0000,0
3.1090,0.0000,0
5.1875,0.0000,2
3.4595,0.0000,2
6.3922,0.0000,0
1.5351,0.0000,0
0.6444,0.0000,0
6.1866,0.0000,0
4.3544,0.0000,0
5.6370,0.0000,0
7.5575,0.0000,0
4.5137,0.0000,0
3.5281,0.0000,0
4.8825,0.0000,0
6.2245,0.0000,0
4.7849,0.0000,3
8.3079,0.0000,2
6.4925,0.0000,0
4.8613,0.0000,0
4.4391,0.0000,0
5.5986,0.0000,5
5.3278,0.0000,0
4.0224,0.0000,0
6.3064,0.0000,0
5.3531,0.0000,0
5.4553,0.0000,0
3.6311,0.0000,5
5.1727,0.0000,0
4.9431,0.0000,0
4.2454,0.0000,2
8.3419,0.0000,0
5.0173,0.0000,0
6.3563,0.0000,1
7.0814,0.0000,0
5.2218,0.0000,0
4.8703,0.0000,0
6.3170,0.0000,0
1.2241,0.0000,0
6.8049,0.0000,0
5.2944,0.0000,0
5.4953,0.0000,2
6.6288,0.0000,0
5.2510,0.0000,3
7.0714,0.0000,0
5.5175,0.0000,0
3.9138,0.0000,1
7.4067,0.0000,0
8.0488,0.0000,2
5.3748,0.0000,0
5.3049,0.0000,0
2.4305,0.0000,0
2.2148,0.0000,1
6.2280,0.0000,0
4.4174,0.0000,0
4.4817,0.0000,0
4.8275,0.0000,0
2.5090,0.0000,0
6.1123,0.0000,0
4.4563,0.0000,0
4.0623,0.0000,0
7.1629,0.0000,1
6.2801,0.0000,2
7.9870,0.0000,0
4.2028,0.0000,1
4.0185,0.0000,3
3.3138,0.0000,5
3.2579,0.0000,0
4.3465,0.0000,0
7.3871,0.0000,2
1.5736,0.0000,0
4.6046,0.0000,1
6.5784,0.0000,0
6.1486,0.0000,0
5.0220,0.0000,0
3.7326,0.0000,0
7.5411,0.0000,0
4.0814,0.0000,0
5.6251,0.0000,0
6.6360,0.0000,0
6.0138,0.0000,0
5.3235,0.0000,0
4.1453,0.0000,3
6.2976,0.0000,1
3.7446,0.0000,0
5.8723,0.0000,0
5.8393,0.0000,7
5.4863,0.0000,0
2.5759,0.0000,0
8.0389,0.0000,0
6.2187,0.0000,0
6.8287,0.0000,0
4.1805,0.0000,3
6.1882,0.0000,0
7.2270,0.0000,0
2.3375,0.0000,6
4.1651,0.0000,0
1.4076,0.0000,2
7.7303,0.0000,1
7.7127,0.0000,0
4.5779,0.0000,0
3.9115,0.0000,5
5.8509,0.0000,0
6.0855,0.0000,0
2.6680,0.0000,2
5.2575,0.0000,7
4.4226,0.0000,0
3.2672,0.0000,0
8.4202,0.0000,0
2.0055,0.0000,0
4.4394,0.0000,0
5.6894,0.0000,0
4.1876,0.0000,0
4.5518,0.0000,2
2.6204,0.0000,2
6.6327,0.0000,4
4.0592,0.0000,0
7.2171,0.0000,0
4.4611,0.0000,0
5.2273,0.0000,0
3.6725,0.0000,3
5.9101,0.0000,0
6.6497,0.0000,1
4.0482,0.0000,0
1.6270,0.0000,0
4.7219,0.0000,2
3.8286,0.0000,2
4.0132,0.0000,0
5.4609,0.0000,0
8.2861,0.0000,2
4.2141,0.0000,0
5.1312,0.0000,0
4.2904,0.0000,3
3.9137,0.0000,0
4.4766,0.0000,0
4.6512,0.0000,0
3.3640,0.0000,5
2.7132,0.0000,0
1.5743,0.0000,1
5.4907,0.0000,1
7.9596,0.0000,0
8.8538,0.0000,0
4.4134,0.0000,0
4.0333,0.0000,0
6.6462,0.0000,0
4.8135,0.0000,0
5.1672,0.0000,0
4.6573,0.0000,0
7.6249,0.0000,0
6.3465,0.0000,0
5.4918,0.0000,0
4.6818,0.0000,0
2.7232,0.0000,0
7.2351,0.0000,0
5.1753,0.0000,0
4.2755,0.0000,0
7.2832,0.0000,0
3.2675,0.0000,0
6.4434,0.0000,0
6.2385,0.0000,0
2.7047,0.0000,0
7.1065,0.0000,0
3.5890,0.0000,2
3.5957,0.0000,0
5.0930,0.0000,1
7.2252,0.0000,0
5.7321,0.0000,0
8.1590,0.0000,0
3.9608,0.0000,0
3.7670,0.0000,4
5.8912,0.0000,0
5.1557,0.0000,0
6.6898,0.0000,4
6.3097,0.0000,0
5.1834,0.0000,0
6.6376,0.0000,4
3.6917,0.0000,0
5.4625,0.0000,0
6.8218,0.0000,0
3.9224,0.0000,0
5.6021,0.0000,1
7.0925,0.0000,0
5.5559,0.0000,0
5.5237,0.0000,2
6.1006,0.0000,0
1.9989,0.0000,0
3.8306,0.0000,1
3.8473,0.0000,2
2.9175,0.0000,0
4.3640,0.0000,0
5.1844,0.0000,0
8.6498,0.0000,1
5.0555,0.0000,0
5.8966,0.0000,0
3.2889,0.0000,0
1.7940,0.0000,0
4.7934,0.0000,0
6.6589,0.0000,0
2.2876,0.0000,0
5.4291,0.0000,5
1.6246,0.0000,0
7.1686,0.0000,0
5.8202,0.0000,0
5.1521,0.0000,0
5.6809,0.0000,0
4.3397,0.0000,0
8.5202,0.0000,3
6.0866,0.0000,0
3.4353,0.0000,1
4.6255,0.0000,0
2.7914,0.0000,0
5.8043,0.0000,0
6.1125,0.0000,0
3.8514,0.0000,0
3.3517,0.0000,1
6.7676,0.0000,0
4.0243,0.0000,0
8.5035,0.0000,0
5.4165,0.0000,0
4.8992,0.0000,0
2.2827,0.0000,0
7.1392,0.0000,0
2.8625,0.0000,2
6.5541,0.0000,0
5.9268,0.0000,0
6.2028,0.0000,0
5.6278,0.0000,0
3.2494,0.0000,0
6.0875,0.0000,0
8.3322,0.0000,0
4.7001,0.0000,0
8.1946,0.0000,3
4.4583,0.0000,1
2.0593,0.0000,0
6.0785,0.0000,0
6.1115,0.0000,0
6.0666,0.0000,0
2.6996,0.0000,0
6.2570,0.0000,0
1.4120,0.0000,0
4.3097,0.0000,0
7.1370,0.0000,1
2.5860,0.0000,0
7.2377,0.0000,0
5.6722,0.0000,0
4.8879,0.0000,0
4.1498,0.0000,0
4.2324,0.0000,0
6.2575,0.0000,2
2.9471,0.0000,0
5.7622,0.0000,0
1.4587,0.0000,1
5.2017,0.0000,0
5.6960,0.0000,1
4.4175,0.0000,0
3.9781,0.0000,3
4.8332,0.0000,2
1.1046,0.0000,0
7.1504,0.0000,9
1.7491,0.0000,0
5.5148,0.0000,0
4.5026,0.0000,2
6.4769,0.0000,0
1.7839,0.0000,3
6.0995,0.0000,0
3.6360,0.0000,1
3.5031,0.0000,0
4.8961,0.0000,0
6.4725,0.0000,0
6.4427,0.0000,0
3.2915,0.0000,0
4.9157,0.0000,0
3.5397,0.0000,0
2.9836,0.0000,0
3.3871,0.0000,0
8.3860,0.0000,0
3.5247,0.0000,0
5.9640,0.0000,3
5.0937,0.0000,2
3.9440,0.0000,1
3.3146,0.0000,0
2.3461,0.0000,8
3.9288,0.0000,0
4.8052,0.0000,0
2.7896,0.0000,0
3.4990,0.0000,0
3.1727,0.0000,0
3.7890,0.0000,0
4.7527,0.0000,0
7.1895,0.0000,0
3.0872,0.0000,3
3.0659,0.0000,0
3.2349,0.0000,0
6.3885,0.0000,2
4.5146,0.0000,0
6.1342,0.0000,2
4.4154,0.0000,0
6.5138,0.0000,0
1.2506,0.0000,1
3.7494,0.0000,0
5.0513,0.0000,4
4.8283,0.0000,0
6.6722,0.0000,0
5.5212,0.0000,0
5.7433,0.0000,0
8.4858,0.0000,2
5.4803,0.0000,0
4.1469,0.0000,0
7.1830,0.0000,2
4.2942,0.0000,0
3.1141,0.0000,0
3.0661,0.0000,0
6.5867,0.0000,0
3.8073,0.0000,0
3.5995,0.0000,0
5.4759,0.0000,0
6.4627,0.0000,0
6.0835,0.0000,0
6.1662,0.0000,0
6.8775,0.0000,0
3.7446,0.0000,0
7.8487,0.0000,0
6.4633,0.0000,1
4.0675,0.0000,6
7.3656,0.0000,0
3.2735,0.0000,0
7.0363,0.0000,0
2.7946,0.0000,3
6.0894,0.0000,0
2.4496,0.0000,0
3.7995,0.0000,0
5.0164,0.0000,2
4.8039,0.0000,3
2.4318,0.0000,4
4.2743,0.0000,0
3.7725,0.0000,0
4.4191,0.0000,2
4.2989,0.0000,0
7.3514,0.0000,0
5.7176,0.0000,0
3.7072,0.0000,0
4.8374,0.0000,0
4.3059,0.0000,1
3.5199,0.0000,0
5.6644,0.0000,0
4.4878,0.0000,0
6.2244,0.0000,0
3.6371,0.0000,0
2.8460,0.0000,1
4.6301,0.0000,0
6.1265,0.0000,0
5.6554,0.0000,0
5.7229,0.0000,1
3.6966,0.0000,0
6.4925,0.0000,0
2.5961,0.0000,0
6.4258,0.0000,2
6.3188,0.0000,0
4.1656,0.0000,2
2.4288,0.0000,0
6.4488,0.0000,0
4.1468,0.0000,0
7.7858,0.0000,11
4.5449,0.0000,4
6.8856,0.0000,0
4.7337,0.0000,0
4.2252,0.0000,0
6.5155,0.0000,0
5.9141,0.0000,0
5.1501,0.0000,0
5.5802,0.0000,3
6.8984,0.0000,1
7.8080,0.0000,0
4.3233,0.0000,2
5.7564,0.0000,0
5.1632,0.0000,0
3.9034,0.0000,2
6.1790,0.0000,0
6.4839,0.0000,0
5.1753,0.0000,0
6.6500,0.0000,1
8.1498,0.0000,0
4.2502,0.0000,0
4.5109,0.0000,18
7.3891,0.0000,0
5.3721,0.0000,0
2.4306,0.0000,0
5.9275,0.0000,1
6.2292,0.0000,0
1.5042,0.0000,3
4.5366,0.0000,2
5.6639,0.0000,1
3.4062,0.0000,0
3.4949,0.0000,0
3.9058,0.0000,0
4.0220,0.0000,0
4.6554,0.0000,0
6.3539,0.0000,0
3.8233,0.0000,0
5.5056,0.0000,0
5.5070,0.0000,0
2.7722,0.0000,0
6.0722,0.0000,0
7.3777,0.0000,0
6.6102,0.0000,0
8.2812,0.0000,0
5.8067,0.0000,0
5.8584,0.0000,0
6.2851,0.0000,0
6.6161,0.0000,0
6.5593,0.0000,1
4.3956,0.0000,0
6.2814,0.0000,0
4.7172,0.0000,1
5.2267,0.0000,5
4.1247,0.0000,0
4.8878,0.0000,0
4.5437,0.0000,2
6.1353,0.0000,0
6.0978,0.0000,5
5.4892,0.0000,0
5.3477,0.0000,0
4.5357,0.0000,10
7.3140,0.0000,0
7.2425,0.0000,0
5.8903,0.0000,0
7.3010,0.0000,0
6.4559,0.0000,0
6.2013,0.0000,0
3.7772,0.0000,0
3.8526,0.0000,0
5.5324,0.0000,0
8.1297,0.0000,1
6.2548,0.0000,0
2.5684,0.0000,0
2.7680,0.0000,0
6.1674,0.0000,2
4.1068,0.0000,0
6.9033,0.0000,0
1.1110,0.0000,0
4.4061,0.0000,1
4.1977,0.0000,0
4.4365,0.0000,0
4.0938,0.0000,0
4.2977,0.0000,0
6.4607,0.0000,0
4.4361,0.0000,1
6.5096,0.0000,0
5.0749,0.0000,0
6.8745,0.0000,0
3.1475,0.0000,0
6.9625,0.0000,0
4.2360,0.0000,2
4.9233,0.0000,0
4.7809,0.0000,0
4.3687,0.0000,0
5.2939,0.0000,12
2.0432,0.0000,0
7.8034,0.0000,0
3.9474,0.0000,0
5.4455,0.0000,0
3.2714,0.0000,0
3.2040,0.0000,0
3.9820,0.0000,0
6.3707,0.0000,0
5.0396,0.0000,0
2.4109,0.0000,0
1.7998,0.0000,0
5.9294,0.0000,1
4.1493,0.0000,0
2.2496,0.0000,0
3.7719,0.0000,0
5.7777,0.0000,0
4.3303,0.0000,0
3.1004,0.0000,0
6.3927,0.0000,1
4.5328,0.0000,0
6.2457,0.0000,0
3.1159,0.0000,5
5.0388,0.0000,0
3.0674,0.0000,2
4.7301,0.0000,0
6.5354,0.0000,0
7.9189,0.0000,0
3.6190,0.0000,2
2.8859,0.0000,0
1.2344,0.0000,0
5.7253,0.0000,1
6.0109,0.0000,0
7.6196,0.0000,0
3.5462,0.0000,2
4.5633,0.0000,0
6.6893,0.0000,0
4.3598,0.0000,0
5.8966,0.0000,1
1.4666,0.0000,0
3.8057,0.0000,0
5.3114,0.0000,0
5.5448,0.0000,0
5.3017,0.0000,0
7.2257,0.0000,0
1.2581,0.0000,0
4.0542,0.0000,0
7.3141,0.0000,0
6.4246,0.0000,0
2.9889,0.0000,0
3.7580,0.0000,0
5.2382,0.0000,0
5.8795,0.0000,0
2.9423,0.0000,0
6.1390,0.0000,0
1.9435,0.0000,0
7.9992,0.0000,5
4.5812,0.0000,0
2.1208,0.0000,0
5.6571,0.0000,0
2.6874,0.0000,0
6.0100,0.0000,0
7.2919,0.0000,0
4.3080,0.0000,0
2.7787,0.0000,0
3.8033,0.0000,3
6.5142,0.0000,0
4.4346,0.0000,0
7.1610,0.0000,0
3.9011,0.0000,0
5.4916,0.0000,2
4.6294,0.0000,0
7.3583,0.0000,0
6.2198,0.0000,3
1.6197,0.0000,0
5.8926,0.0000,0
2.8647,0.0000,0
7.2340,0.0000,0
4.7083,0.0000,0
4.9926,0.0000,0
4.1428,0.0000,4
1.5858,0.0000,0
4.0494,0.0000,0
6.2698,0.0000,1
3.4000,0.0000,0
4.0231,0.0000,0
7.8853,0.0000,0
5.0117,0.0000,0
6.5550,0.0000,0
6.9386,0.0000,2
4.5562,0.0000,0
3.7859,0.0000,0
3.8545,0.0000,0
6.2057,0.0000,0
3.1139,0.0000,5
2.3723,0.0000,0
6.5577,0.0000,0
6.5858,0.0000,2
3.4300,0.0000,0
1.2906,0.0000,0
3.2613,0.0000,2
6.4644,0.0000,0
4.1741,0.0000,1
3.1430,0.0000,0
8.1034,0.0000,1
5.3099,0.0000,0
7.9966,0.0000,2
5.6879,0.0000,0
4.1485,0.0000,9
4.4335,0.0000,0
6.5959,0.0000,0
3.1865,0.0000,0
5.0548,0.0000,3
5.3393,0.0000,0
7.2079,0.0000,2
1.8734,0.0000,8
5.8295,0.0000,0
7.3142,0.0000,0
6.5125,0.0000,0
3.9528,0.0000,1
7.4640,0.0000,0
5.0727,0.0000,0
7.1814,0.0000,0
6.8111,0.0000,0
2.7669,0.0000,0
4.3868,0.0000,0
1.8763,0.0000,1
7.3720,0.0000,0
4.6119,0.0000,0
6.2154,0.0000,2
6.5988,0.0000,0
4.7581,0.0000,3
6.7713,0.0000,0
5.4223,0.0000,0
5.3782,0.0000,0
5.3500,0.0000,2
8.0484,0.0000,0
5.9307,0.0000,0
2.6595,0.0000,5
4.2290,0.0000,0
5.4490,0.0000,2
7.7977,0.0000,2
3.0923,0.0000,0
5.2054,0.0000,0
7.4226,0.0000,0
5.4291,0.0000,1
3.7722,0.0000,0
6.4434,0.0000,0
3.8098,0.0000,0
4.7642,0.0000,0
6.1105,0.0000,0
4.4876,0.0000,1
3.3876,0.0000,0
7.1999,0.0000,0
3.9782,0.0000,3
5.0646,0.0000,0
7.8162,0.0000,5
3.7157,0.0000,0
6.5800,0.0000,0
2.8901,0.0000,0
5.1382,0.0000,0
2.8938,0.0000,0
2.0394,0.0000,1
4.4294,0.0000,0
5.6448,0.0000,0
5.8210,0.0000,0
4.7979,0.0000,2
5.5172,0.0000,2
6.5270,0.0000,1
3.1282,0.0000,0
3.9270,0.0000,0
6.9344,0.0000,3
5.4047,0.0000,0
4.7014,0.0000,0
4.9747,0.0000,0
4.3767,0.0000,0
2.4836,0.0000,1
6.0814,0.0000,0
5.3641,0.0000,0
7.3071,0.0000,0
6.2867,0.0000,2
5.7165,0.0000,0
6.7824,0.0000,0
6.7127,0.0000,0
6.0712,0.0000,0
6.2450,0.0000,0
3.2976,0.0000,1
4.6600,0.0000,1
6.8694,0.0000,0
4.7487,0.0000,2
1.5501,0.0000,0
4.5269,0.0000,6
5.7067,0.0000,2
5.4178,0.0000,5
2.8412,0.0000,0
3.5729,0.0000,0
2.4716,0.0000,1
5.6387,0.0000,0
3.7457,0.0000,0
5.0298,0.0000,0
3.3826,0.0000,0
3.2132,0.0000,0
7.3114,0.0000,0
6.6592,0.0000,0
5.5961,0.0000,0
4.7499,0.0000,0
9.3067,0.0000,0
4.3390,0.0000,5
1.7375,0.0000,0
3.5079,0.0000,0
5.4784,0.0000,0
4.9727,0.0000,0
4.1085,0.0000,2
3.1178,0.0000,0
4.4595,0.0000,0
5.5646,0.0000,0
4.1533,0.0000,0
7.2399,0.0000,0
3.8970,0.0000,0
4.2806,0.0000,0
4.4859,0.0000,0
5.0210,0.0000,0
4.5613,0.0000,0
4.4750,0.0000,4
4.3233,0.0000,2
3.2789,0.0000,0
6.1755,0.0000,0
4.5949,0.0000,0
1.7442,0.0000,1
3.9499,0.0000,2
4.5034,0.0000,0
1.5610,0.0000,0
7.8658,0.0000,0
4.6721,0.0000,0
4.1015,0.0000,1
8.4225,0.0000,1
5.3019,0.0000,3
2.7196,0.0000,0
7.1801,0.0000,0
2.2358,0.0000,0
3.3112,0.0000,1
7.0456,0.0000,0
4.5559,0.0000,0
3.5584,0.0000,0
4.4078,0.0000,0
4.2069,0.0000,0
3.4816,0.0000,0
5.7443,0.0000,0
5.1489,0.0000,0
5.0809,0.0000,0
7.5681,0.0000,2
4.2518,0.0000,3
5.3954,0.0000,3
3.5531,0.0000,0
6.4988,0.0000,0
1.5689,0.0000,0
5.9753,0.0000,0
3.6435,0.0000,1
4.3627,0.0000,0
4.7452,0.0000,0
7.1117,0.0000,0
5.4839,0.0000,0
2.6669,0.0000,4
5.8007,0.0000,0
5.4646,0.0000,0
5.0838,0.0000,0
6.7714,0.0000,3
3.5475,0.0000,0
2.8609,0.0000,0
6.5209,0.0000,0
4.8739,0.0000,0
4.5016,0.0000,0
8.7692,0.0000,0
7.2860,0.0000,0
6.6073,0.0000,0
6.4280,0.0000,0
5.1888,0.0000,0
4.4094,0.0000,0
3.7809,0.0000,0
2.4634,0.0000,0
5.3376,0.0000,0
2.5927,0.0000,0
7.6484,0.0000,1
7.2048,0.0000,4
4.5545,0.0000,0
4.3625,0.0000,5
4.4806,0.0000,0
4.7039,0.0000,0
4.0463,0.0000,3
3.6088,0.0000,0
7.2545,0.0000,0
5.4702,0.0000,0
2.5264,0.0000,2
7.0607,0.0000,1
6.4299,0.0000,1
3.8122,0.0000,0
7.2254,0.0000,0
3.4277,0.0000,1
3.1335,0.0000,3
6.1753,0.0000,0
2.8121,0.0000,0
1.6490,0.0000,0
6.9339,0.0000,0
3.6908,0.0000,0
7.8691,0.0000,0
5.5260,0.0000,0
5.1002,0.0000,0
4.9860,0.0000,0
5.1097,0.0000,3
5.0392,0.0000,0
3.6135,0.0000,1
6.4347,0.0000,7
3.5360,0.0000,0
4.9327,0.0000,0
1.3091,0.0000,5
4.6177,0.0000,0
4.4402,0.0000,0
5.3994,0.0000,3
4.9559,0.0000,0
6.5679,0.0000,0
4.5021,0.0000,0
4.6506,0.0000,0
5.3490,0.0000,1
3.1356,0.0000,0
4.4387,0.0000,0
5.4507,0.0000,0
6.0295,0.0000,0
7.2343,0.0000,5
4.5270,0.0000,2
6.3728,0.0000,1
5.5949,0.0000,2
3.2468,0.0000,0
3.2336,0.0000,0
8.9055,0.0000,0
3.7456,0.0000,2
5.3619,0.0000,1
6.3826,0.0000,0
3.6788,0.0000,0
4.1752,0.0000,1
5.0320,0.0000,0
2.9172,0.0000,0
6.3082,0.0000,0
3.6500,0.0000,0
2.9957,0.0000,0
2.6293,0.0000,0
5.5724,0.0000,0
5.4303,0.0000,0
5.0512,0.0000,4
6.5354,0.0000,0
1.7934,0.0000,0
6.6268,0.0000,0
6.7075,0.0000,0
7.0761,0.0000,6
5.7385,0.0000,0
3.6290,0.0000,0
4.2432,0.0000,2
6.6773,0.0000,0
6.1184,0.0000,0
5.5265,0.0000,4
4.5657,0.0000,0
5.6418,0.0000,0
5.2563,0.0000,0
5.6545,0.0000,0
5.3394,0.0000,4
5.2871,0.0000,0
4.1616,0.0000,1
4.1492,0.0000,0
5.9634,0.0000,0
3.3852,0.0000,0
3.7696,0.0000,0
6.5497,0.0000,0
6.3270,0.0000,0
3.5219,0.0000,1
6.5654,0.0000,0
4.0831,0.0000,0
7.5239,0.0000,0
4.8825,0.0000,0
3.9411,0.0000,0
4.0426,0.0000,0
2.2298,0.0000,0
5.8883,0.0000,2
6.8450,0.0000,2
3.8307,0.0000,0
6.0382,0.0000,2
4.0585,0.0000,0
8.5385,0.0000,3
7.6461,0.0000,0
3.4499,0.0000,0
3.9523,0.0000,0
6.4082,0.0000,0
7.0771,0.0000,0
5.6019,0.0000,0
5.3820,0.0000,0
7.7639,0.0000,0
5.1032,0.0000,2
3.8939,0.0000,4
5.9060,0.0000,0
5.6474,0.0000,1
5.2200,0.0000,2
8.4563,0.0000,0
1.9574,0.0000,0
5.2744,0.0000,2
3.2968,0.0000,0
4.4505,0.0000,0
4.1865,0.0000,0
4.1115,0.0000,0
5.5684,0.0000,0
4.3883,0.0000,0
4.2754,0.0000,0
2.9565,0.0000,0
7.2304,0.0000,0
5.3934,0.0000,6
5.5972,0.0000,4
4.6804,0.0000,0
2.7293,0.0000,4
5.9371,0.0000,0
4.1690,0.0000,0
7.3726,0.0000,0
6.7464,0.0000,0
4.7953,0.0000,0
4.3417,0.0000,0
3.5558,0.0000,0
6.7671,0.0000,0
1.6445,0.0000,0
5.1904,0.0000,0
7.4596,0.0000,0
1.2276,0.0000,0
6.9767,0.0000,0
4.0770,0.0000,2
7.8955,0.0000,3
4.4272,0.0000,0
3.5926,0.0000,0
6.2573,0.0000,3
5.1968,0.0000,0
4.4351,0.0000,0
2.6153,0.0000,0
3.8596,0.0000,1
6.2781,0.0000,0
7.7982,0.0000,0
3.2279,0.0000,0
6.3253,0.0000,0
5.4478,0.0000,0
3.7893,0.0000,0
5.2065,0.0000,0
7.9825,0.0000,0
5.6663,0.0000,3
7.2290,0.0000,1
3.2373,0.0000,0
1.2656,0.0000,3
5.3429,0.0000,0
6.8945,0.0000,0
3.8873,0.0000,1
4.2957,0.0000,2
4.2751,0.0000,1
2.7574,0.0000,1
5.4213,0.0000,0
7.9170,0.0000,0
7.1479,0.0000,0
3.4629,0.0000,0
6.8344,0.0000,0
4.4789,0.0000,0
7.0270,0.0000,0
1.9282,0.0000,0
4.6806,0.0000,0
4.2509,0.0000,0
2.5896,0.0000,0
5.3752,0.0000,0
6.3400,0.0000,0
5.3838,0.0000,0
4.2285,0.0000,0
5.5723,0.0000,0
2.4732,0.0000,0
6.5879,0.0000,0
2.1023,0.0000,0
4.2966,0.0000,0
5.8099,0.0000,4
4.5473,0.0000,0
7.3954,0.0000,0
4.3772,0.0000,0
4.2163,0.0000,2
6.4887,0.0000,0
2.3425,0.0000,0
6.2130,0.0000,0
3.1273,0.0000,0
5.6434,0.0000,1
5.2069,0.0000,0
1.4553,0.0000,0
2.4174,0.0000,0
6.3090,0.0000,0
4.5053,0.0000,4
7.6377,0.0000,0
4.7969,0.0000,0
3.8009,0.0000,0
6.5135,0.0000,0
7.5593,0.0000,0
3.9428,0.0000,6
2.8160,0.0000,1
3.0610,0.0000,2
5.1121,0.0000,0
5.7944,0.0000,0
4.5266,0.0000,5
6.0650,0.0000,0
3.8880,0.0000,0
3.3815,0.0000,0
3.0625,0.0000,0
7.6112,0.0000,2
6.1307,0.0000,0
2.6605,0.0000,0
6.8040,0.0000,4
5.2460,0.0000,0
4.7122,0.0000,0
6.5059,0.0000,0
7.0022,0.0000,0
4.5254,0.0000,2
7.4385,0.0000,0
4.9747,0.0000,0
2.9414,0.0000,0
6.1159,0.0000,0
2.9442,0.0000,2
2.1481,0.0000,0
6.6156,0.0000,0
3.9768,0.0000,0
4.2516,0.0000,0
6.4418,0.0000,0
6.0115,0.0000,3
5.5250,0.0000,1
4.9406,0.0000,0
2.2776,0.0000,0
8.7850,0.0000,0
4.1010,0.0000,0
1.9158,0.0000,0
6.5067,0.0000,0
6.0440,0.0000,0
5.0187,0.0000,0
6.9147,0.0000,0
3.0692,0.0000,0
2.1499,0.0000,0
4.2789,0.0000,0
3.9742,0.0000,0
2.7365,0.0000,1
3.9461,0.0000,4
1.6942,0.0000,0
7.0154,0.0000,0
2.9525,0.0000,0
4.4988,0.0000,0
6.1112,0.0000,0
5.2019,0.0000,0
5.8137,0.0000,2
3.7806,0.0000,0
3.9968,0.0000,1
6.7122,0.0000,0
6.9236,0.0000,0
5.6575,0.0000,0
5.0374,0.0000,0
4.5903,0.0000,3
4.3584,0.0000,0
7.2049,0.0000,0
4.8564,0.0000,1
4.1994,0.0000,0
8.4397,0.0000,0
5.6199,0.0000,0
5.3264,0.0000,0
4.3142,0.0000,0
6.5218,0.0000,3
6.7964,0.0000,0
6.1722,0.0000,0
5.4860,0.0000,0
2.1786,0.0000,0
5.2976,0.0000,0
4.5279,0.0000,0
6.9376,0.0000,0
5.3628,0.0000,0
7.8734,0.0000,2
4.3218,0.0000,2
7.5872,0.0000,0
4.9629,0.0000,0
6.0450,0.0000,3
3.8777,0.0000,0
2.5758,0.0000,0
1.5690,0.0000,1
5.8133,0.0000,0
8.8567,0.0000,0
4.7268,0.0000,0
6.2051,0.0000,0
4.8747,0.0000,0
2.6343,0.0000,0
5.0964,0.0000,0
3.5445,0.0000,1
4.2836,0.0000,0
6.9784,0.0000,0
5.8694,0.0000,0
5.5556,0.0000,2
2.9558,0.0000,0
4.4169,0.0000,0
7.5011,0.0000,0
5.5999,0.0000,5
2.6154,0.0000,3
8.1377,0.0000,0
6.0785,0.0000,5
7.5127,0.0000,0
7.2763,0.0000,1
4.5447,0.0000,0
2.5673,0.0000,0
6.6650,0.0000,1
7.4972,0.0000,0
2.3353,0.0000,0
1.6858,0.0000,0
5.7101,0.0000,0
2.8070,0.0000,0
5.7985,0.0000,0
6.3491,0.0000,2
6.2834,0.0000,0
6.1023,0.0000,0
2.8033,0.0000,0
6.0777,0.0000,0
3.4284,0.0000,0
4.4235,0.0000,0
6.1857,0.0000,4
3.9532,0.0000,0
2.3930,0.0000,1
6.1300,0.0000,0
6.7485,0.0000,0
6.0032,0.0000,5
4.3562,0.0000,0
2.7296,0.0000,0
2.9876,0.0000,0
5.5234,0.0000,0
7.4241,0.0000,1
5.7704,0.0000,0
6.0144,0.0000,3
7.4321,0.0000,0
7.3081,0.0000,0
5.7968,0.0000,2
2.6434,0.0000,3
9.4875,0.0000,2
4.9792,0.0000,0
6.5709,0.0000,6
4.9632,0.0000,0
0.9437,0.0000,2
5.8086,0.0000,0
6.8171,0.0000,0
5.9092,0.0000,0
6.0909,0.0000,0
5.9484,0.0000,1
4.8221,0.0000,0
3.9660,0.0000,2
5.9730,0.0000,0
6.7827,0.0000,3
4.1624,0.0000,4
7.7920,0.0000,0
6.9217,0.0000,0
4.7604,0.0000,0
5.5741,0.0000,0
4.0134,0.0000,0
5.6291,0.0000,0
6.2644,0.0000,0
3.4736,0.0000,1
6.7523,0.0000,0
4.5028,0.0000,3
6.2883,0.0000,2
2.5734,0.0000,0
6.9865,0.0000,0
7.8552,0.0000,2
3.4515,0.0000,0
5.0284,0.0000,1
5.8681,0.0000,0
5.9682,0.0000,0
4.6618,0.0000,1
7.3362,0.0000,0
3.5180,0.0000,0
3.6365,0.0000,2
7.1783,0.0000,0
5.0158,0.0000,0
5.4238,0.0000,0
7.7529,0.0000,0
5.2004,0.0000,1
4.4878,0.0000,0
5.7764,0.0000,2
4.0501,0.0000,0
4.7582,0.0000,0
4.5559,0.0000,0
3.5428,0.0000,0
6.1622,0.0000,0
4.9102,0.0000,0
5.0220,0.0000,0
3.9165,0.0000,2
3.7254,0.0000,2
8.9106,0.0000,0
6.9994,0.0000,0
4.7179,0.0000,0
2.6254,0.0000,0
7.7943,0.0000,0
5.9039,0.0000,3
6.0824,0.0000,2
7.0432,0.0000,0
4.7482,0.0000,0
5.7594,0.0000,0
4.5582,0.0000,0
4.0111,0.0000,0
3.6718,0.0000,0
4.1714,0.0000,1
5.0328,0.0000,0
6.4234,0.0000,1
6.6981,0.0000,0
3.2927,0.0000,0
4.8885,0.0000,0
6.2818,0.0000,0
5.3185,0.0000,0
2.7770,0.0000,0
6.8350,0.0000,0
6.2344,0.0000,0
1.1166,0.0000,0
4.0047,0.0000,4
5.2404,0.0000,0
4.5472,0.0000,0
5.6746,0.0000,1
5.3876,0.0000,0
3.8910,0.0000,0
6.2330,0.0000,0
3.5864,0.0000,3
2.1114,0.0000,0
2.0804,0.0000,0
4.5835,0.0000,0
4.6359,0.0000,0
5.7658,0.0000,0
4.1290,0.0000,0
7.4090,0.0000,0
6.4812,0.0000,0
4.4056,0.0000,1
4.4919,0.0000,0
5.8412,0.0000,0
5.3673,0.0000,0
6.0639,0.0000,0
1.8658,0.0000,0
4.5756,0.0000,0
5.0984,0.0000,1
7.5585,0.0000,0
4.9561,0.0000,0
7.4827,0.0000,0
2.2133,0.0000,0
5.7076,0.0000,0
4.2868,0.0000,1
4.8820,0.0000,0
4.2059,0.0000,0
5.1547,0.0000,0
3.0495,0.0000,1
1.6083,0.0000,0
6.6159,0.0000,4
5.8467,0.0000,0
6.9254,0.0000,0
6.8567,0.0000,0
1.8377,0.0000,0
6.0864,0.0000,0
6.8684,0.0000,0
5.1651,0.0000,1
4.2800,0.0000,0
4.5890,0.0000,0
6.9665,0.0000,0
2.8247,0.0000,2
4.7130,0.0000,0
7.1162,0.0000,0
5.2626,0.0000,9
5.4000,0.0000,0
6.9874,0.0000,0
4.2226,0.0000,6
4.2595,0.0000,0
5.3351,0.0000,0
6.5041,0.0000,0
3.5333,0.0000,0
4.1541,0.0000,0
3.9194,0.0000,0
6.4280,0.0000,1
4.4694,0.0000,0
7.3902,0.0000,3
6.4485,0.0000,0
8.4295,0.0000,0
4.6234,0.0000,4
6.7436,0.0000,0
7.5761,0.0000,0
6.6287,0.0000,1
5.6534,0.0000,2
3.9890,0.0000,0
6.7841,0.0000,3
7.6457,0.0000,1
6.0354,0.0000,0
7.1595,0.0000,4
5.2684,0.0000,2
4.4925,0.0000,0
6.7520,0.0000,0
5.6506,0.0000,0
7.5811,0.0000,0
4.3057,0.0000,0
3.9352,0.0000,0
1.7939,0.0000,1
3.3666,0.0000,0
4.7139,0.0000,0
6.1069,0.0000,1
1.7580,0.0000,2
6.1260,0.0000,3
2.5076,0.0000,0
3.9680,0.0000,1
5.7896,0.0000,2
4.2339,0.0000,0
3.4222,0.0000,4
3.0681,0.0000,0
5.0221,0.0000,0
5.2302,0.0000,0
3.0553,0.0000,0
1.9239,0.0000,8
6.2305,0.0000,0
5.6983,0.0000,0
2.2406,0.0000,0
5.6361,0.0000,0
5.6192,0.0000,1
1.6588,0.0000,1
1.0406,0.0000,0
5.8045,0.0000,0
6.0967,0.0000,2
4.3246,0.0000,0
5.2363,0.0000,0
3.5996,0.0000,0
7.1955,0.0000,0
3.2676,0.0000,0
4.2660,0.0000,0
0.8977,0.0000,0
3.0031,0.0000,0
4.9906,0.0000,1
3.7702,0.0000,0
4.6362,0.0000,0
4.5071,0.0000,0
3.2351,0.0000,3
6.0235,0.0000,2
4.6472,0.0000,0
2.0607,0.0000,0
1.9673,0.0000,0
7.8526,0.0000,2
7.6092,0.0000,0
2.7937,0.0000,0
1.2595,0.0000,0
3.4616,0.0000,0
3.0792,0.0000,7
4.6239,0.0000,0
5.1170,0.0000,0
6.0909,0.0000,3
8.5017,0.0000,1
6.4691,0.0000,0
1.6791,0.0000,7
5.8423,0.0000,0
5.5221,0.0000,0
3.8420,0.0000,0
8.4040,0.0000,2
0.8915,0.0000,0
5.0633,0.0000,0
7.0922,0.0000,0
3.0545,0.0000,0
4.9640,0.0000,1
6.3523,0.0000,0
3.1498,0.0000,0
6.2474,0.0000,2
7.0403,0.0000,0
2.6140,0.0000,0
3.5368,0.0000,0
4.2669,0.0000,0
3.6775,0.0000,0
4.1458,0.0000,0
5.6562,0.0000,0
8.1884,0.0000,1
2.3015,0.0000,2
5.3920,0.0000,5
5.4335,0.0000,3
4.9264,0.0000,1
7.1759,0.0000,0
6.9027,0.0000,3
7.1652,0.0000,0
6.3441,0.0000,2
5.9425,0.0000,0
4.2594,0.0000,0
4.7554,0.0000,0
3.2902,0.0000,0
6.1674,0.0000,3
3.9174,0.0000,0
1.1653,0.0000,3
4.0474,0.0000,0
4.6732,0.0000,0
6.1212,0.0000,0
3.9956,0.0000,0
4.5577,0.0000,0
5.1435,0.0000,0
5.5713,0.0000,0
6.0249,0.0000,0
5.2149,0.0000,4
4.8968,0.0000,3
6.3904,0.0000,0
4.3386,0.0000,0
4.2294,0.0000,0
7.6454,0.0000,10
6.3505,0.0000,0
4.9159,0.0000,0
4.7941,0.0000,2
2.8138,0.0000,0
6.5301,0.0000,0
1.9814,0.0000,0
5.6572,0.0000,0
6.2818,0.0000,0
4.5516,0.0000,0
4.4750,0.0000,0
6.4940,0.0000,2
4.4805,0.0000,0
5.5105,0.0000,0
4.5304,0.0000,0
5.1283,0.0000,0
4.6280,0.0000,2
6.1876,0.0000,0
3.5676,0.0000,0
5.4196,0.0000,0
5.8419,0.0000,0
4.2000,0.0000,0
6.7113,0.0000,1
6.5900,0.0000,0
5.6529,0.0000,4
1.0795,0.0000,1
6.2900,0.0000,0
3.8600,0.0000,0
3.0901,0.0000,0
2.4265,0.0000,0
3.4406,0.0000,0
6.9518,0.0000,0
3.1572,0.0000,4
6.9551,0.0000,1
6.4203,0.0000,0
2.9720,0.0000,0
2.8661,0.0000,0
2.1389,0.0000,0
1.9416,0.0000,0
6.1292,0.0000,0
4.3896,0.0000,0
5.9355,0.0000,9
6.9944,0.0000,2
4.3027,0.0000,0
4.1392,0.0000,6
5.0688,0.0000,3
3.6389,0.0000,0
3.3084,0.0000,0
6.6720,0.0000,0
7.7105,0.0000,3
5.3409,0.0000,0
6.3329,0.0000,0
4.1730,0.0000,0
5.8900,0.0000,3
1.6563,0.0000,3
7.6893,0.0000,1
5.3471,0.0000,0
6.1207,0.0000,0
7.0954,0.0000,0
4.7468,0.0000,1
4.3582,0.0000,0
6.0391,0.0000,0
3.9590,0.0000,0
4.2752,0.0000,0
5.0823,0.0000,0
4.7262,0.0000,0
5.8436,0.0000,0
5.1212,0.0000,0
4.5324,0.0000,1
6.5759,0.0000,0
5.3048,0.0000,0
3.9418,0.0000,3
5.8888,0.0000,0
2.8258,0.0000,0
5.4416,0.0000,0
4.9322,0.0000,3
3.7670,0.0000,8
7.0548,0.0000,0
3.6433,0.0000,1
4.0154,0.0000,0
4.7479,0.0000,0
5.0871,0.0000,3
3.5558,0.0000,2
2.3631,0.0000,0
2.2845,0.0000,2
6.7562,0.0000,0
7.1266,0.0000,0
5.1412,0.0000,1
4.2101,0.0000,0
2.9028,0.0000,1
4.0168,0.0000,0
7.1317,0.0000,1
4.2613,0.0000,4
3.6620,0.0000,0
4.7893,0.0000,9
7.3015,0.0000,3
5.6007,0.0000,0
7.4275,0.0000,3
6.0159,0.0000,4
4.8179,0.0000,0
4.2565,0.0000,0
4.6844,0.0000,0
2.8029,0.0000,0
7.9300,0.0000,0
6.1276,0.0000,0
4.2348,0.0000,0
5.0238,0.0000,0
7.1577,0.0000,2
4.6933,0.0000,0
6.9774,0.0000,1
3.2707,0.0000,0
3.6028,0.0000,0
3.7068,0.0000,0
7.5604,0.0000,0
5.1813,0.0000,0
5.8244,0.0000,5
3.6843,0.0000,0
4.5391,0.0000,0
2.0259,0.0000,0
5.3828,0.0000,4
4.5335,0.0000,1
6.5284,0.0000,1
5.8921,0.0000,3
1.0586,0.0000,0
6.8879,0.0000,5
1.8474,0.0000,1
1.2202,0.0000,1
6.7278,0.0000,2
3.9051,0.0000,0
5.8395,0.0000,0
5.8018,0.0000,0
5.0116,0.0000,0
6.8834,0.0000,0
6.0713,0.0000,0
5.1558,0.0000,1
1.5939,0.0000,5
3.2494,0.0000,0
6.6535,0.0000,0
4.5759,0.0000,0
4.2421,0.0000,0
3.7573,0.0000,1
6.5190,0.0000,0
8.7287,0.0000,0
5.2988,0.0000,0
6.3719,0.0000,0
6.1398,0.0000,0
2.2763,0.0000,7
7.0959,0.0000,1
2.6044,0.0000,3
7.1977,0.0000,0
3.9622,0.0000,0
4.8767,0.0000,0
4.1352,0.0000,0
1.9397,0.0000,0
6.1646,0.0000,17
4.1338,0.0000,0
4.3194,0.0000,0
4.9612,0.0000,0
7.0851,0.0000,1
2.4653,0.0000,0
3.4843,0.0000,0
5.1924,0.0000,0
6.8473,0.0000,0
1.5385,0.0000,7
4.3985,0.0000,0
3.0175,0.0000,0
3.2786,0.0000,2
5.7655,0.0000,0
4.2226,0.0000,0
6.7736,0.0000,0
4.4025,0.0000,2
5.0287,0.0000,4
3.7687,0.0000,0
5.1591,0.0000,0
4.0784,0.0000,0
4.6052,0.0000,1
4.6700,0.0000,0
6.8688,0.0000,2
3.6157,0.0000,1
7.5291,0.0000,0
1.3227,0.0000,0
4.5296,0.0000,0
2.8266,0.0000,0
5.5683,0.0000,0
4.5180,0.0000,5
6.0265,0.0000,0
7.7801,0.0000,3
6.7673,0.0000,0
5.8029,0.0000,0
7.1631,0.0000,0
7.1299,0.0000,0
4.5130,0.0000,0
3.3538,0.0000,0
7.1667,0.0000,0
6.6172,0.0000,0
4.3096,0.0000,0
2.9581,0.0000,0
5.6702,0.0000,4
8.5540,0.0000,1
6.6557,0.0000,2
4.5960,0.0000,2
2.8901,0.0000,3
6.0715,0.0000,0
5.9386,0.0000,0
4.2706,0.0000,1
7.1524,0.0000,0
2.3494,0.0000,0
1.6913,0.0000,0
6.7018,0.0000,0
3.8150,0.0000,0
6.7164,0.0000,0
2.8573,0.0000,1
4.0016,0.0000,4
2.9054,0.0000,0
4.7186,0.0000,0
6.3603,0.0000,0
4.8344,0.0000,0
6.5601,0.0000,0
3.7329,0.0000,5
6.2434,0.0000,0
5.5774,0.0000,0
4.9651,0.0000,0
3.7593,0.0000,0
3.5358,0.0000,0
6.7282,0.0000,0
6.5773,0.0000,2
3.7932,0.0000,2
4.6492,0.0000,0
5.3440,0.0000,0
3.5459,0.0000,0
1.3260,0.0000,1
5.2757,0.0000,0
7.0118,0.0000,0
4.3175,0.0000,4
4.9799,0.0000,0
2.7593,0.0000,0
6.9238,0.0000,0
1.9176,0.0000,0
5.2610,0.0000,0
2.6210,0.0000,0
6.8021,0.0000,0
6.3746,0.0000,0
1.8005,0.0000,2
4.8214,0.0000,0
3.3226,0.0000,0
3.2922,0.0000,0
6.5104,0.0000,0
4.4490,0.0000,0
4.6113,0.0000,0
6.7872,0.0000,3
4.2513,0.0000,2
8.5405,0.0000,0
5.9894,0.0000,3
6.6669,0.0000,6
2.6606,0.0000,0
4.4619,0.0000,0
6.3396,0.0000,0
4.8650,0.0000,0
7.2564,0.0000,0
5.8859,0.0000,1
2.9120,0.0000,0
4.8916,0.0000,3
6.3535,0.0000,1
4.3617,0.0000,3
2.8270,0.0000,0
6.0265,0.0000,0
4.2505,0.0000,0
5.0887,0.0000,2
6.1262,0.0000,0
5.8631,0.0000,1
3.3284,0.0000,0
4.7258,0.0000,0
4.0422,0.0000,3
4.6213,0.0000,2
6.6404,0.0000,0
4.4910,0.0000,0
6.6829,0.0000,0
5.7490,0.0000,1
8.5564,0.0000,0
1.9394,0.0000,0
4.3950,0.0000,0
6.1606,0.0000,0
6.8279,0.0000,5
7.2927,0.0000,0
6.1079,0.0000,0
5.0586,0.0000,0
5.3732,0.0000,2
6.4997,0.0000,1
3.5728,0.0000,5
7.5290,0.0000,0
3.9418,0.0000,0
3.5604,0.0000,0
6.4403,0.0000,4
2.3409,0.0000,0
7.0460,0.0000,0
3.7474,0.0000,0
3.7895,0.0000,0
2.6717,0.0000,0
6.5263,0.0000,0
6.2697,0.0000,0
2.3101,0.0000,0
1.5156,0.0000,1
6.9614,0.0000,0
3.8075,0.0000,0
4.6982,0.0000,3
4.1941,0.0000,0
3.8315,0.0000,2
3.7757,0.0000,0
4.6632,0.0000,3
5.0300,0.0000,0
5.0201,0.0000,4
4.3150,0.0000,0
7.6166,0.0000,0
5.3771,0.0000,8
5.6174,0.0000,0
6.2560,0.0000,0
5.6620,0.0000,1
3.2743,0.0000,0
7.5078,0.0000,0
3.0237,0.0000,0
6.8642,0.0000,0
4.4789,0.0000,0
1.6804,0.0000,5
6.4594,0.0000,0
3.8385,0.0000,0
5.1675,0.0000,0
4.9726,0.0000,0
4.1424,0.0000,2
1.7759,0.0000,0
5.2979,0.0000,0
3.8283,0.0000,0
6.0577,0.0000,0
5.0794,0.0000,0
4.2485,0.0000,0
8.4945,0.0000,3
5.7114,0.0000,0
6.8351,0.0000,0
4.7668,0.0000,0
5.2341,0.0000,0
5.0932,0.0000,0
4.6085,0.0000,0
2.1218,0.0000,2
5.8065,0.0000,0
5.8423,0.0000,0
4.8967,0.0000,0
3.9456,0.0000,0
5.0150,0.0000,0
2.2807,0.0000,0
7.2349,0.0000,0
6.6496,0.0000,0
2.1794,0.0000,2
3.8429,0.0000,0
5.5318,0.0000,0
2.8508,0.0000,0
2.6223,0.0000,0
2.4994,0.0000,2
5.1709,0.0000,0
2.9513,0.0000,0
6.3348,0.0000,0
6.0231,0.0000,0
5.1437,0.0000,0
6.2878,0.0000,0
2.1754,0.0000,0
6.8716,0.0000,1
6.6463,0.0000,0
1.8098,0.0000,0
3.3784,0.0000,0
5.0817,0.0000,1
3.1207,0.0000,0
4.4094,0.0000,0
6.4983,0.0000,0
5.1778,0.0000,0
5.6623,0.0000,1
6.6614,0.0000,0
4.7759,0.0000,4
5.2023,0.0000,0
5.6969,0.0000,3
4.2973,0.0000,0
6.6962,0.0000,0
2.4344,0.0000,0
3.3290,0.0000,0
5.0377,0.0000,0
8.8144,0.0000,0
5.2516,0.0000,0
7.8911,0.0000,3
6.0672,0.0000,0
7.1004,0.0000,0
4.5321,0.0000,0
3.0371,0.0000,0
6.0821,0.0000,0
2.7213,0.0000,3
3.8675,0.0000,0
4.2921,0.0000,0
7.0280,0.0000,3
2.1717,0.0000,0
2.8999,0.0000,3
6.4423,0.0000,0
5.6741,0.0000,0
7.2441,0.0000,0
6.2226,0.0000,0
2.7571,0.0000,0
4.3378,0.0000,2
3.2883,0.0000,2
2.1354,0.0000,0
4.6797,0.0000,2
2.5060,0.0000,0
5.4833,0.0000,0
6.9914,0.0000,0
5.6812,0.0000,0
6.9838,0.0000,2
4.6725,0.0000,0
5.4380,0.0000,0
3.2343,0.0000,0
4.3287,0.0000,0
4.8139,0.0000,1
5.6148,0.0000,0
3.7064,0.0000,0
2.8793,0.0000,0
0.8962,0.0000,0
0.7674,0.0000,1
7.6417,0.0000,0
5.2717,0.0000,0
3.3845,0.0000,0
6.7324,0.0000,0
4.1795,0.0000,3
6.4860,0.0000,0
4.5620,0.0000,0
8.5342,0.0000,0
6.0654,0.0000,0
6.2722,0.0000,5
3.8309,0.0000,3
6.0191,0.0000,0
3.9129,0.0000,0
5.5179,0.0000,0
4.7129,0.0000,0
2.3248,0.0000,0
4.5649,0.0000,0
4.1666,0.0000,0
6.1218,0.0000,0
3.5840,0.0000,0
3.9567,0.0000,0
5.5148,0.0000,0
6.7461,0.0000,10
3.4233,0.0000,0
4.5509,0.0000,0
4.6328,0.0000,2
4.5487,0.0000,0
5.1904,0.0000,2
5.6366,0.0000,0
2.3931,0.0000,0
6.4116,0.0000,0
7.5839,0.0000,0
4.3702,0.0000,0
3.6567,0.0000,1
3.6526,0.0000,0
4.7185,0.0000,3
6.3648,0.0000,0
1.5337,0.0000,0
6.3029,0.0000,2
7.6261,0.0000,6
5.4383,0.0000,0
5.5781,0.0000,0
7.2573,0.0000,0
5.6056,0.0000,0
6.1918,0.0000,4
3.9437,0.0000,0
4.1280,0.0000,0
2.9218,0.0000,5
5.0164,0.0000,0
3.5199,0.0000,0
0.9043,0.0000,4
4.7574,0.0000,0
3.6784,0.0000,0
6.1724,0.0000,0
6.4322,0.0000,0
6.0040,0.0000,1
0.6408,0.0000,0
7.0546,0.0000,3
7.1422,0.0000,0
5.5974,0.0000,0
5.4041,0.0000,11
3.4618,0.0000,0
6.2858,0.0000,0
1.5883,0.0000,0
3.2421,0.0000,0
2.4712,0.0000,0
4.1404,0.0000,0
5.5572,0.0000,2
3.7520,0.0000,0
5.8572,0.0000,0
5.2514,0.0000,2
2.9628,0.0000,0
2.5337,0.0000,0
3.1994,0.0000,0
4.5148,0.0000,2
4.4414,0.0000,1
4.2673,0.0000,3
2.5591,0.0000,2
6.1237,0.0000,0
3.9394,0.0000,6
1.9507,0.0000,0
4.2021,0.0000,4
4.2160,0.0000,0
4.9710,0.0000,0
4.9099,0.0000,3
2.7030,0.0000,0
3.5742,0.0000,0
6.9753,0.0000,0
2.8107,0.0000,3
6.2472,0.0000,0
5.4276,0.0000,0
6.5001,0.0000,0
6.8563,0.0000,0
6.4145,0.0000,4
5.9285,0.0000,0
2.4995,0.0000,0
7.2800,0.0000,4
3.7066,0.0000,2
6.5790,0.0000,0
4.5101,0.0000,0
4.1465,0.0000,4
4.0185,0.0000,0
4.6945,0.0000,2
5.7131,0.0000,1
0.9535,0.0000,0
5.3288,0.0000,3
4.9633,0.0000,0
5.3506,0.0000,1
7.2094,0.0000,0
2.9725,0.0000,2
5.7585,0.0000,0
8.4366,0.0000,4
8.4901,0.0000,0
6.7559,0.0000,0
3.5496,0.0000,0
3.3303,0.0000,0
7.6902,0.0000,0
2.4191,0.0000,0
5.6186,0.0000,2
6.7616,0.0000,0
2.3424,0.0000,0
4.9789,0.0000,5
6.5550,0.0000,0
5.0593,0.0000,0
5.8144,0.0000,0
3.4925,0.0000,0
4.8170,0.0000,1
4.8125,0.0000,2
6.3529,0.0000,0
7.0535,0.0000,3
3.6104,0.0000,2
2.6450,0.0000,0
6.0866,0.0000,0
3.8462,0.0000,0
5.1911,0.0000,0
2.8044,0.0000,8
7.0476,0.0000,0
4.5838,0.0000,3
6.0984,0.0000,0
4.4852,0.0000,0
6.3490,0.0000,1
5.8602,0.0000,0
5.5896,0.0000,1
3.4372,0.0000,2
5.3278,0.0000,1
4.3362,0.0000,1
6.9817,0.0000,0
2.6797,0.0000,3
4.3451,0.0000,0
6.0754,0.0000,0
6.4258,0.0000,0
6.8024,0.0000,2
5.1591,0.0000,0
5.4647,0.0000,4
5.0295,0.0000,0
6.3440,0.0000,0
1.9662,0.0000,2
3.9104,0.0000,0
4.0984,0.0000,3
3.1231,0.0000,0
7.4453,0.0000,0
4.7507,0.0000,3
5.1060,0.0000,0
2.4529,0.0000,2
2.9620,0.0000,0
3.6068,0.0000,0
6.6346,0.0000,0
6.1369,0.0000,0
1.0799,0.0000,0
5.4505,0.0000,0
6.1121,0.0000,4
3.6081,0.0000,2
5.6314,0.0000,0
6.4267,0.0000,2
4.6533,0.0000,3
3.4433,0.0000,0
3.3163,0.0000,0
1.8656,0.0000,1
4.8512,0.0000,0
7.7258,0.0000,0
5.0075,0.0000,0
6.2891,0.0000,2
1.8852,0.0000,1
6.8545,0.0000,0
2.9620,0.0000,0
3.0072,0.0000,2
4.1473,0.0000,0
3.5853,0.0000,2
4.0606,0.0000,0
7.2226,0.0000,0
7.1442,0.0000,2
3.3252,0.0000,0
5.1228,0.0000,0
4.9930,0.0000,0
7.7529,0.0000,0
5.9714,0.0000,0
5.6454,0.0000,0
7.4473,0.0000,0
4.8466,0.0000,0
6.4604,0.0000,2
7.7524,0.0000,9
3.9173,0.0000,0
2.6828,0.0000,10
5.9461,0.0000,0
5.1383,0.0000,2
7.0319,0.0000,0
7.3500,0.0000,0
3.9058,0.0000,0
4.5382,0.0000,0
2.3156,0.0000,0
1.7293,0.0000,0
6.4623,0.0000,4
4.2794,0.0000,0
3.6886,0.0000,0
6.9980,0.0000,0
8.0459,0.0000,1
3.1484,0.0000,0
6.6053,0.0000,1
5.5112,0.0000,2
6.9529,0.0000,4
6.6342,0.0000,2
6.2996,0.0000,1
3.0500,0.0000,5
1.9365,0.0000,5
6.3055,0.0000,0
6.0267,0.0000,1
3.0413,0.0000,0
5.5263,0.0000,1
1.5614,0.0000,5
4.4155,0.0000,5
5.5054,0.0000,0
6.0622,0.0000,3
7.8794,0.0000,0
6.7322,0.0000,0
3.8967,0.0000,0
3.1480,0.0000,1
1.3463,0.0000,0
2.6846,0.0000,0
4.3590,0.0000,0
6.8277,0.0000,1
6.1374,0.0000,3
4.9455,0.0000,0
5.7466,0.0000,0
4.7574,0.0000,6
4.7802,0.0000,0
4.2320,0.0000,3
2.7737,0.0000,0
3.2872,0.0000,3
6.5251,0.0000,0
4.8655,0.0000,4
3.9720,0.0000,0
8.2379,0.0000,0
4.9860,0.0000,3
6.7546,0.0000,1
4.8083,0.0000,6
0.7906,0.0000,4
4.4593,0.0000,2
6.2210,0.0000,0
7.7550,0.0000,0
6.9029,0.0000,0
7.3060,0.0000,0
6.7083,0.0000,3
5.2216,0.0000,3
4.8129,0.0000,0
5.9462,0.0000,2
4.1228,0.0000,0
6.4676,0.0000,0
4.2951,0.0000,0
4.9628,0.0000,0
3.6059,0.0000,1
6.8651,0.0000,0
2.1859,0.0000,0
3.8804,0.0000,0
3.6177,0.0000,0
5.4326,0.0000,0
4.4887,0.0000,1
4.2901,0.0000,3
6.9671,0.0000,0
7.2464,0.0000,0
3.4864,0.0000,1
6.2548,0.0000,0
6.7812,0.0000,0
8.4574,0.0000,0
5.6479,0.0000,1
4.1274,0.0000,4
6.0429,0.0000,0
5.6597,0.0000,0
5.8759,0.0000,0
4.0989,0.0000,0
3.0815,0.0000,0
4.4134,0.0000,2
5.2509,0.0000,0
5.5925,0.0000,0
7.0010,0.0000,0
7.6797,0.0000,2
2.3170,0.0000,3
7.8529,0.0000,4
4.9646,0.0000,0
4.3422,0.0000,2
5.1208,0.0000,4
5.1570,0.0000,0
4.9571,0.0000,0
2.3497,0.0000,0
1.8721,0.0000,0
7.1444,0.0000,0
7.2724,0.0000,6
5.8239,0.0000,7
2.5505,0.0000,4
5.5967,0.0000,0
7.0705,0.0000,0
6.0683,0.0000,0
5.0312,0.0000,0
5.8309,0.0000,2
6.6408,0.0000,0
5.5171,0.0000,0
4.4707,0.0000,0
7.7414,0.0000,0
6.0940,0.0000,0
2.5743,0.0000,5
4.5190,0.0000,0
7.5434,0.0000,0
4.9980,0.0000,0
6.9894,0.0000,0
6.7386,0.0000,0
4.0817,0.0000,0
4.5854,0.0000,2
3.6128,0.0000,0
3.1013,0.0000,0
4.2015,0.0000,0
6.1290,0.0000,0
5.7005,0.0000,0
3.4796,0.0000,1
7.9328,0.0000,0
4.8034,0.0000,0
3.3782,0.0000,0
7.2331,0.0000,0
1.8882,0.0000,2
4.2756,0.0000,0
5.2270,0.0000,0
6.7065,0.0000,0
2.5041,0.0000,0
4.0807,0.0000,0
8.0774,0.0000,1
5.7346,0.0000,0
5.2121,0.0000,3
4.2984,0.0000,0
3.7877,0.0000,0
7.2502,0.0000,0
5.0507,0.0000,0
2.2387,0.0000,0
2.7832,0.0000,0
7.0287,0.0000,0
4.2472,0.0000,0
3.3352,0.0000,0
3.8180,0.0000,0
7.1781,0.0000,0
4.8530,0.0000,9
5.9503,0.0000,2
2.3211,0.0000,0
4.7264,0.0000,0
4.4614,0.0000,0
5.8431,0.0000,0
2.6539,0.0000,5
5.5176,0.0000,0
6.8197,0.0000,0
4.5805,0.0000,0
6.3206,0.0000,0
4.1432,0.0000,4
4.3319,0.0000,3
4.5635,0.0000,0
4.3594,0.0000,0
5.6327,0.0000,0
2.1658,0.0000,0
5.1177,0.0000,0
6.2529,0.0000,0
4.3291,0.0000,0
0.6047,0.0000,0
3.7808,0.0000,0
4.9253,0.0000,3
4.8469,0.0000,1
6.8985,0.0000,0
4.8628,0.0000,0
4.6461,0.0000,3
4.1362,0.0000,0
5.8975,0.0000,0
5.3677,0.0000,0
5.6094,0.0000,0
7.3354,0.0000,0
7.9946,0.0000,5
4.6420,0.0000,1
5.0456,0.0000,0
3.4227,0.0000,4
5.1453,0.0000,0
6.1601,0.0000,0
3.4929,0.0000,0
4.8880,0.0000,1
3.8882,0.0000,2
4.6006,0.0000,1
4.8545,0.0000,0
7.5317,0.0000,0
5.0946,0.0000,0
3.0452,0.0000,0
3.1269,0.0000,1
5.2684,0.0000,5
8.0636,0.0000,0
4.2385,0.0000,0
3.4183,0.0000,0
3.9600,0.0000,0
4.5393,0.0000,0
3.6980,0.0000,3
7.3469,0.0000,3
4.9472,0.0000,3
6.7216,0.0000,0
7.4138,0.0000,0
6.7648,0.0000,2
3.8262,0.0000,6
3.9644,0.0000,4
5.6572,0.0000,7
5.4412,0.0000,3
3.4105,0.0000,0
5.4818,0.0000,0
7.8786,0.0000,0
1.4613,0.0000,0
5.9498,0.0000,2
3.7994,0.0000,1
1.6124,0.0000,0
3.2644,0.0000,3
3.2878,0.0000,0
5.8278,0.0000,0
6.9366,0.0000,2
4.4512,0.0000,1
4.2731,0.0000,0
6.7177,0.0000,1
7.4579,0.0000,0
6.5952,0.0000,2
6.1756,0.0000,0
4.2126,0.0000,0
5.2992,0.0000,0
5.8351,0.0000,8
7.4512,0.0000,2
6.1518,0.0000,0
4.8263,0.0000,0
3.4460,0.0000,0
3.0716,0.0000,0
5.3953,0.0000,0
4.9949,0.0000,1
5.6975,0.0000,0
5.1023,0.0000,0
9.3892,0.0000,2
3.4505,0.0000,0
4.8073,0.0000,2
6.7722,0.0000,0
4.3023,0.0000,2
3.9679,0.0000,7
5.7312,0.0000,0
6.5825,0.0000,0
2.8117,0.0000,0
3.1012,0.0000,0
3.8360,0.0000,0
4.3456,0.0000,0
3.0200,0.0000,0
6.5708,0.0000,1
4.8245,0.0000,2
4.8733,0.0000,0
2.2801,0.0000,0
5.1574,0.0000,2
6.3423,0.0000,0
5.8104,0.0000,0
3.1454,0.0000,0
4.7941,0.0000,0
4.3372,0.0000,0
4.4540,0.0000,0
5.4210,0.0000,0
4.2737,0.0000,3
1.9830,0.0000,0
5.0910,0.0000,0
6.1543,0.0000,0
4.1391,0.0000,0
6.7845,0.0000,0
6.2516,0.0000,0
6.7877,0.0000,0
5.9345,0.0000,0
7.1455,0.0000,0
6.0911,0.0000,0
5.6048,0.0000,2
3.0092,0.0000,0
4.4367,0.0000,0
5.9445,0.0000,0
4.6576,0.0000,0
1.5238,0.0000,0
6.5633,0.0000,0
5.2313,0.0000,0
5.1367,0.0000,0
5.9940,0.0000,0
5.5693,0.0000,4
4.3751,0.0000,0
3.0028,0.0000,1
4.7872,0.0000,2
6.7708,0.0000,0
5.1555,0.0000,2
4.1514,0.0000,3
4.7065,0.0000,0
5.4205,0.0000,0
4.8635,0.0000,0
3.6954,0.0000,0
7.0856,0.0000,0
7.1011,0.0000,0
4.1962,0.0000,0
2.5831,0.0000,0
6.2928,0.0000,0
4.8851,0.0000,0
6.2859,0.0000,0
7.0378,0.0000,2
1.9801,0.0000,3
5.4330,0.0000,0
5.9742,0.0000,3
5.5217,0.0000,0
6.5928,0.0000,0
6.5839,0.0000,0
2.1406,0.0000,0
5.4332,0.0000,0
3.5132,0.0000,1
4.6188,0.0000,9
8.2241,0.0000,0
3.4874,0.0000,0
5.9848,0.0000,0
5.9570,0.0000,10
2.9685,0.0000,3
2.8671,0.0000,0
5.0829,0.0000,2
5.0219,0.0000,0
5.7214,0.0000,0
6.7980,0.0000,0
5.9978,0.0000,1
4.7111,0.0000,0
4.1767,0.0000,2
1.5200,0.0000,5
3.1197,0.0000,0
3.6117,0.0000,0
5.9717,0.0000,0
6.1548,0.0000,0
6.5727,0.0000,0
5.9066,0.0000,0
2.0884,0.0000,0
6.1693,0.0000,0
5.7905,0.0000,0
5.4324,0.0000,2
4.3659,0.0000,0
1.4097,0.0000,0
6.8366,0.0000,0
4.6943,0.0000,1
6.4690,0.0000,4
5.9693,0.0000,0
2.9481,0.0000,2
6.2935,0.0000,5
7.7168,0.0000,0
4.1714,0.0000,2
5.0061,0.0000,1
8.4264,0.0000,0
7.4580,0.0000,0
1.9722,0.0000,0
6.3638,0.0000,0
2.2635,0.0000,4
4.1979,0.0000,0
5.3975,0.0000,0
4.0682,0.0000,0
5.5428,0.0000,0
4.4346,0.0000,0
3.6775,0.0000,5
6.8912,0.0000,0
7.1498,0.0000,0
7.2013,0.0000,2
5.1651,0.0000,0
4.3942,0.0000,0
5.4499,0.0000,0
6.1101,0.0000,2
4.5602,0.0000,3
4.2117,0.0000,0
3.7520,0.0000,0
4.2305,0.0000,0
7.5225,0.0000,0
4.9380,0.0000,0
3.2666,0.0000,2
5.1272,0.0000,0
5.7272,0.0000,0
4.1430,0.0000,4
6.4063,0.0000,0
3.0286,0.0000,0
4.5198,0.0000,0
5.5854,0.0000,0
6.0649,0.0000,0
5.0546,0.0000,0
5.4511,0.0000,2
3.9784,0.0000,0
4.1520,0.0000,2
2.2369,0.0000,0
4.4005,0.0000,0
5.6037,0.0000,0
6.0293,0.0000,0
4.5395,0.0000,0
3.4894,0.0000,4
5.1647,0.0000,0
7.1353,0.0000,0
6.6652,0.0000,0
8.4193,0.0000,0
6.0822,0.0000,0
6.8806,0.0000,0
3.5408,0.0000,1
2.8613,0.0000,2
6.4443,0.0000,1
4.7307,0.0000,0
5.9858,0.0000,0
1.1227,0.0000,0
3.4703,0.0000,1
5.6997,0.0000,0
6.1464,0.0000,0
6.4306,0.0000,3
5.6549,0.0000,0
6.8237,0.0000,0
3.4422,0.0000,0
7.4109,0.0000,3
6.5067,0.0000,0
5.0083,0.0000,7
3.6716,0.0000,0
4.6059,0.0000,0
4.0308,0.0000,3
4.1064,0.0000,4
2.6279,0.0000,0
6.6342,0.0000,0
4.5832,0.0000,0
5.5200,0.0000,0
3.4798,0.0000,0
5.2568,0.0000,0
5.0316,0.0000,1
6.9213,0.0000,5
6.9218,0.0000,6
5.4842,0.0000,0
7.1664,0.0000,1
5.8133,0.0000,1
2.6006,0.0000,0
4.1419,0.0000,0
8.6527,0.0000,4
3.7936,0.0000,0
5.1540,0.0000,0
3.8338,0.0000,0
5.3289,0.0000,5
2.5559,0.0000,0
4.3218,0.0000,0
4.2012,0.0000,0
4.9255,0.0000,7
2.1205,0.0000,0
4.5253,0.0000,0
5.1195,0.0000,0
2.6917,0.0000,3
7.2175,0.0000,2
5.1390,0.0000,0
4.3361,0.0000,0
7.0940,0.0000,0
4.3895,0.0000,1
6.7766,0.0000,11
5.7460,0.0000,0
6.9916,0.0000,0
4.2048,0.0000,1
4.5556,0.0000,2
6.7144,0.0000,0
1.8033,0.0000,2
6.7192,0.0000,0
6.7607,0.0000,0
4.3616,0.0000,0
3.2829,0.0000,1
6.5377,0.0000,0
1.9772,0.0000,0
5.4667,0.0000,8
6.4390,0.0000,1
2.0822,0.0000,4
2.7055,0.0000,0
4.2995,0.0000,0
7.2606,0.0000,0
4.2341,0.0000,0
4.5733,0.0000,2
4.0897,0.0000,1
6.3862,0.0000,0
5.9253,0.0000,0
4.1795,0.0000,0
5.3286,0.0000,0
3.2990,0.0000,4
5.8444,0.0000,0
4.5512,0.0000,0
6.5254,0.0000,0
6.3904,0.0000,2
5.3439,0.0000,1
4.6145,0.0000,0
7.2323,0.0000,4
3.8592,0.0000,0
3.9387,0.0000,0
4.5342,0.0000,0
3.2887,0.0000,0
5.9377,0.0000,0
4.4174,0.0000,0
2.9766,0.0000,3
5.9571,0.0000,0
5.8244,0.0000,0
1.4284,0.0000,0
6.9195,0.0000,0
3.5092,0.0000,0
4.6189,0.0000,1
4.3678,0.0000,0
6.3858,0.0000,1
6.1883,0.0000,5
6.1443,0.0000,0
7.1976,0.0000,2
6.7321,0.0000,0
8.3020,0.0000,0
6.1480,0.0000,0
6.1930,0.0000,0
6.2837,0.0000,2
3.3595,0.0000,1
4.2388,0.0000,3
3.1287,0.0000,0
5.6035,0.0000,0
4.1267,0.0000,6
6.7690,0.0000,0
6.2754,0.0000,0
5.7884,0.0000,3
6.3238,0.0000,0
4.1721,0.0000,0
5.8441,0.0000,0
7.5134,0.0000,0
2.8835,0.0000,0
5.4214,0.0000,5
4.8897,0.0000,4
2.0348,0.0000,0
5.8078,0.0000,0
5.0081,0.0000,6
3.2384,0.0000,3
7.0390,0.0000,0
7.2208,0.0000,0
6.7374,0.0000,0
3.8878,0.0000,2
4.0509,0.0000,0
3.7144,0.0000,0
5.4843,0.0000,0
3.5779,0.0000,0
7.2851,0.0000,3
3.7584,0.0000,4
5.1185,0.0000,0
4.5792,0.0000,0
5.8753,0.0000,0
6.5324,0.0000,5
4.2923,0.0000,0
3.8011,0.0000,1
5.5650,0.0000,0
3.6587,0.0000,0
6.0571,0.0000,0
2.3568,0.0000,0
3.9790,0.0000,0
3.5507,0.0000,5
6.7490,0.0000,0
4.4666,0.0000,0
4.2309,0.0000,0
4.6141,0.0000,0
5.8330,0.0000,0
4.1743,0.0000,0
1.5081,0.0000,2
5.7807,0.0000,1
6.1019,0.0000,0
3.1707,0.0000,0
4.1734,0.0000,0
6.5917,0.0000,7
1.5649,0.0000,0
1.9571,0.0000,1
6.6634,0.0000,0
6.9884,0.0000,0
4.9784,0.0000,0
4.5394,0.0000,0
5.6533,0.0000,2
3.4795,0.0000,2
4.1532,0.0000,0
5.7155,0.0000,4
5.9889,0.0000,9
7.0295,0.0000,2
5.0764,0.0000,3
4.5613,0.0000,2
4.0824,0.0000,2
7.0538,0.0000,0
4.9884,0.0000,0
6.1171,0.0000,0
2.6101,0.0000,0
6.0098,0.0000,0
6.4839,0.0000,2
6.6580,0.0000,0
5.7779,0.0000,0
5.0058,0.0000,1
4.6197,0.0000,5
2.9554,0.0000,0
3.5551,0.0000,0
3.9651,0.0000,2
5.8308,0.0000,5
4.5327,0.0000,0
1.7623,0.0000,3
4.2837,0.0000,3
5.7094,0.0000,2
7.3224,0.0000,0
5.8194,0.0000,0
5.2841,0.0000,0
8.5078,0.0000,0
7.9683,0.0000,0
2.8880,0.0000,2
2.0329,0.0000,0
6.5025,0.0000,0
4.7648,0.0000,2
5.8413,0.0000,2
0.6712,0.0000,0
5.9841,0.0000,3
5.8895,0.0000,0
5.7018,0.0000,3
7.8709,0.0000,3
4.3532,0.0000,2
4.0355,0.0000,1
2.3403,0.0000,0
6.3369,0.0000,1
4.7329,0.0000,1
6.5397,0.0000,0
5.4477,0.0000,0
6.6355,0.0000,0
5.6556,0.0000,0
6.0446,0.0000,0
6.3205,0.0000,4
8.6877,0.0000,3
4.6285,0.0000,3
3.2393,0.0000,4
5.2870,0.0000,0
3.9480,0.0000,0
6.4594,0.0000,0
4.5971,0.0000,3
6.1114,0.0000,0
4.5901,0.0000,0
3.8746,0.0000,0
3.9860,0.0000,0
5.6695,0.0000,0
4.5582,0.0000,4
2.8016,0.0000,0
6.1327,0.0000,0
3.2792,0.0000,1
6.0347,0.0000,3
7.2863,0.0000,2
2.4757,0.0000,2
5.4739,0.0000,2
2.9961,0.0000,0
5.3802,0.0000,0
6.6554,0.0000,0
5.2196,0.0000,0
4.7852,0.0000,0
6.8305,0.0000,0
7.0097,0.0000,0
5.6343,0.0000,0
2.5404,0.0000,0
4.0937,0.0000,2
3.4546,0.0000,1
5.7756,0.0000,0
4.5989,0.0000,2
6.1940,0.0000,0
4.2069,0.0000,0
8.1599,0.0000,1
4.9357,0.0000,8
5.3087,0.0000,2
7.3003,0.0000,0
6.8210,0.0000,1
4.2550,0.0000,0
5.0409,0.0000,0
2.8562,0.0000,4
4.7890,0.0000,0
6.9572,0.0000,0
4.5033,0.0000,6
5.2912,0.0000,0
8.1646,0.0000,0
6.6321,0.0000,0
3.9139,0.0000,0
3.8674,0.0000,0
5.1969,0.0000,0
7.4391,0.0000,3
4.5871,0.0000,0
4.6943,0.0000,2
6.2651,0.0000,0
6.1614,0.0000,0
4.3870,0.0000,0
4.9980,0.0000,2
3.8315,0.0000,0
2.3808,0.0000,0
5.5329,0.0000,2
4.6555,0.0000,2
2.5845,0.0000,0
2.0157,0.0000,0
6.3427,0.0000,0
4.2975,0.0000,0
5.7538,0.0000,2
6.2904,0.0000,1
8.3705,0.0000,1
4.3693,0.0000,0
3.5396,0.0000,0
4.7055,0.0000,0
4.3196,0.0000,1
4.3473,0.0000,0
5.8920,0.0000,0
4.3397,0.0000,0
3.7977,0.0000,0
6.7862,0.0000,6
6.0045,0.0000,0
6.6920,0.0000,0
5.9166,0.0000,2
6.6813,0.0000,1
2.0154,0.0000,0
4.9748,0.0000,0
6.3783,0.0000,0
2.3811,0.0000,0
5.1718,0.0000,0
8.3964,0.0000,0
4.6499,0.0000,7
5.3247,0.0000,2
6.6563,0.0000,0
6.8558,0.0000,0
6.7448,0.0000,6
5.1699,0.0000,0
3.3205,0.0000,2
4.3528,0.0000,2
5.4473,0.0000,0
4.6266,0.0000,0
4.2950,0.0000,0
5.7789,0.0000,4
3.5271,0.0000,0
4.1353,0.0000,0
7.2178,0.0000,0
5.2291,0.0000,0
1.8570,0.0000,0
4.8928,0.0000,0
2.8940,0.0000,2
5.3945,0.0000,0
6.4004,0.0000,0
6.1720,0.0000,2
5.4472,0.0000,0
4.3102,0.0000,0
5.3679,0.0000,0
7.4782,0.0000,0
6.9261,0.0000,0
5.3643,0.0000,0
2.0013,0.0000,0
4.9208,0.0000,0
6.7380,0.0000,2
7.7734,0.0000,8
3.7115,0.0000,0
5.1447,0.0000,1
3.5798,0.0000,0
1.6040,0.0000,3
2.1382,0.0000,0
5.1081,0.0000,2
3.2356,0.0000,0
3.6665,0.0000,0
6.4820,0.0000,1
2.0336,0.0000,1
7.2442,0.0000,0
5.6044,0.0000,0
3.7328,0.0000,0
6.1615,0.0000,1
6.3365,0.0000,0
4.4710,0.0000,0
4.6466,0.0000,1
4.6783,0.0000,0
3.0298,0.0000,0
6.8608,0.0000,0
2.9856,0.0000,0
6.6200,0.0000,0
5.4681,0.0000,0
3.0958,0.0000,0
4.2170,0.0000,1
3.8162,0.0000,5
5.8425,0.0000,0
5.7629,0.0000,0
5.3846,0.0000,2
5.6169,0.0000,0
5.1607,0.0000,0
2.3620,0.0000,0
5.9503,0.0000,0
3.3049,0.0000,3
2.2072,0.0000,0
4.6462,0.0000,0
2.2014,0.0000,6
8.1902,0.0000,6
6.9044,0.0000,0
4.2088,0.0000,0
5.0979,0.0000,0
5.1307,0.0000,0
8.4328,0.0000,2
1.1554,0.0000,0
6.9199,0.0000,0
5.2350,0.0000,8
5.0719,0.0000,0
4.8453,0.0000,0
5.0263,0.0000,0
7.7225,0.0000,1
2.7948,0.0000,1
3.9536,0.0000,0
6.6235,0.0000,3
6.3721,0.0000,1
4.9019,0.0000,0
1.7072,0.0000,0
2.6478,0.0000,0
6.1679,0.0000,5
5.0971,0.0000,0
5.9520,0.0000,2
4.4745,0.0000,3
4.9686,0.0000,0
5.6402,0.0000,0
7.4202,0.0000,5
6.0817,0.0000,0
7.2162,0.0000,0
2.5261,0.0000,0
2.5033,0.0000,6
4.7557,0.0000,0
2.8194,0.0000,0
3.5348,0.0000,1
3.8677,0.0000,0
6.3025,0.0000,6
5.5017,0.0000,2
7.2570,0.0000,0
2.9811,0.0000,0
5.2969,0.0000,0
6.1906,0.0000,0
4.6227,0.0000,0
5.3052,0.0000,3
5.5867,0.0000,0
4.9894,0.0000,7
5.3248,0.0000,0
5.9107,0.0000,2
5.7067,0.0000,0
5.2288,0.0000,1
3.6018,0.0000,0
6.7426,0.0000,2
4.1946,0.0000,1
5.2353,0.0000,1
3.1548,0.0000,0
6.9794,0.0000,0
3.7921,0.0000,0
6.5067,0.0000,0
3.2928,0.0000,4
2.5327,0.0000,4
5.4488,0.0000,0
3.7228,0.0000,0
7.7019,0.0000,0
6.6085,0.0000,0
1.2409,0.0000,0
2.5294,0.0000,0
6.4485,0.0000,2
5.7678,0.0000,0
5.4498,0.0000,0
5.5766,0.0000,0
3.5645,0.0000,6
5.9154,0.0000,0
3.1999,0.0000,0
3.5709,0.0000,3
2.8932,0.0000,5
4.2110,0.0000,0
4.7594,0.0000,0
3.2303,0.0000,1
5.8543,0.0000,0
2.9448,0.0000,5
3.8123,0.0000,0
2.8651,0.0000,0
5.3621,0.0000,0
6.3771,0.0000,1
4.6182,0.0000,3
2.2886,0.0000,2
5.0716,0.0000,1
3.6596,0.0000,3
7.1060,0.0000,0
5.2182,0.0000,0
7.1249,0.0000,3
4.6105,0.0000,0
8.2701,0.0000,0
7.4269,0.0000,7
4.5159,0.0000,0
6.4267,0.0000,3
8.4068,0.0000,0
3.6196,0.0000,1
5.3225,0.0000,4
5.0329,0.0000,0
5.9611,0.0000,7
4.5344,0.0000,0
2.8318,0.0000,1
2.2171,0.0000,0
6.3828,0.0000,4
4.4016,0.0000,0
6.9978,0.0000,0
4.0330,0.0000,0
3.0546,0.0000,0
1.3988,0.0000,0
2.5010,0.0000,2
5.1510,0.0000,0
2.6958,0.0000,4
5.1497,0.0000,0
7.5141,0.0000,0
3.4128,0.0000,0
6.0571,0.0000,0
3.4995,0.0000,2
5.5885,0.0000,0
3.7523,0.0000,1
3.2099,0.0000,0
5.0271,0.0000,1
3.1477,0.0000,0
3.6768,0.0000,3
5.0229,0.0000,4
5.1455,0.0000,0
4.0847,0.0000,1
3.9507,0.0000,0
3.9197,0.0000,1
5.4379,0.0000,2
6.3424,0.0000,0
3.9059,0.0000,1
8.3306,0.0000,2
4.7065,0.0000,1
6.0894,0.0000,0
3.6821,0.0000,0
5.5200,0.0000,0
3.6855,0.0000,0
6.4801,0.0000,0
6.0509,0.0000,0
5.6894,0.0000,0
7.4452,0.0000,0
4.0397,0.0000,0
2.9604,0.0000,1
8.5288,0.0000,0
5.9441,0.0000,0
6.4412,0.0000,0
4.8592,0.0000,3
3.2954,0.0000,3
5.2569,0.0000,0
4.1981,0.0000,3
6.4231,0.0000,1
3.4532,0.0000,1
7.0737,0.0000,0
5.2635,0.0000,2
4.4976,0.0000,1
1.4130,0.0000,0
2.7569,0.0000,2
6.5976,0.0000,0
3.7349,0.0000,0
6.4930,0.0000,0
4.5010,0.0000,0
6.1828,0.0000,2
2.2435,0.0000,2
2.9369,0.0000,1
5.1600,0.0000,0
3.7268,0.0000,0
6.3660,0.0000,2
2.6871,0.0000,0
2.6760,0.0000,0
6.0767,0.0000,3
1.8929,0.0000,0
6.3624,0.0000,6
6.4601,0.0000,0
3.7830,0.0000,3
7.9699,0.0000,1
5.6535,0.0000,0
3.5409,0.0000,3
5.4279,0.0000,4
6.3855,0.0000,0
3.9907,0.0000,4
5.0684,0.0000,0
4.5545,0.0000,0
4.5449,0.0000,1
5.0857,0.0000,1
6.2821,0.0000,0
7.4789,0.0000,0
3.5572,0.0000,2
4.4126,0.0000,0
6.0182,0.0000,2
3.6426,0.0000,0
6.1552,0.0000,0
6.0303,0.0000,0
5.2792,0.0000,0
4.1720,0.0000,1
2.4572,0.0000,0
5.2133,0.0000,0
6.5422,0.0000,0
6.5584,0.0000,3
2.8654,0.0000,0
1.2982,0.0000,1
3.6225,0.0000,0
3.8629,0.0000,0
4.0297,0.0000,0
4.7272,0.0000,4
7.0889,0.0000,0
6.0716,0.0000,1
5.8371,0.0000,1
4.5993,0.0000,0
4.2570,0.0000,0
2.2300,0.0000,0
4.5791,0.0000,0
5.5841,0.0000,2
5.9863,0.0000,5
5.8758,0.0000,2
4.7779,0.0000,6
8.0992,0.0000,2
3.4530,0.0000,0
6.2220,0.0000,6
5.7247,0.0000,4
4.9943,0.0000,0
5.3038,0.0000,4
5.9015,0.0000,12
5.7670,0.0000,0
6.5755,0.0000,2
4.5369,0.0000,0
3.4573,0.0000,0
2.8055,0.0000,2
5.8124,0.0000,6
6.9558,0.0000,0
2.7781,0.0000,1
4.3226,0.0000,0
6.0874,0.0000,0
4.2638,0.0000,0
2.3558,0.0000,0
5.3754,0.0000,1
6.7238,0.0000,2
5.9002,0.0000,1
5.3645,0.0000,0
6.0163,0.0000,0
2.6768,0.0000,0
6.4554,0.0000,0
4.2806,0.0000,0
1.7189,0.0000,0
5.2962,0.0000,0
3.9519,0.0000,2
4.8359,0.0000,0
5.0579,0.0000,0
6.6788,0.0000,0
7.0040,0.0000,0
4.8508,0.0000,0
7.3518,0.0000,3
5.9454,0.0000,0
2.3769,0.0000,0
5.0082,0.0000,0
6.8264,0.0000,3
5.1054,0.0000,0
3.5168,0.0000,1
4.2332,0.0000,0
5.8770,0.0000,0
5.2038,0.0000,0
3.7521,0.0000,0
6.0575,0.0000,0
3.3036,0.0000,0
4.7292,0.0000,0
5.2093,0.0000,1
3.4687,0.0000,0
3.9690,0.0000,2
3.0109,0.0000,0
7.6368,0.0000,0
4.3318,0.0000,0
3.3373,0.0000,0
4.4518,0.0000,0
5.1803,0.0000,4
4.0194,0.0000,0
5.9498,0.0000,1
5.8901,0.0000,0
5.7848,0.0000,1
3.8471,0.0000,2
5.0787,0.0000,1
4.8434,0.0000,0
5.9390,0.0000,6
4.9849,0.0000,0
5.9083,0.0000,4
3.8121,0.0000,0
3.7288,0.0000,0
7.5477,0.0000,3
4.2569,0.0000,0
3.9046,0.0000,0
4.2413,0.0000,0
3.4388,0.0000,0
3.0437,0.0000,2
3.8722,0.0000,0
6.4128,0.0000,0
5.5180,0.0000,0
4.3641,0.0000,0
6.8559,0.0000,0
4.3454,0.0000,0
3.4849,0.0000,0
8.3513,0.0000,1
4.2109,0.0000,2
3.0400,0.0000,0
6.0686,0.0000,0
4.7572,0.0000,0
6.8894,0.0000,0
4.6266,0.0000,0
7.6226,0.0000,0
4.1045,0.0000,0
4.4671,0.0000,0
7.9432,0.0000,0
1.9861,0.0000,10
4.7728,0.0000,0
3.9556,0.0000,0
4.7257,0.0000,0
2.8882,0.0000,0
4.1089,0.0000,11
2.8502,0.0000,0
5.3292,0.0000,0
7.1632,0.0000,0
4.1100,0.0000,0
5.1776,0.0000,0
5.1763,0.0000,0
3.2420,0.0000,0
3.5417,0.0000,0
7.8175,0.0000,1
1.4989,0.0000,0
7.2382,0.0000,3
7.2895,0.0000,1
4.9223,0.0000,0
5.3834,0.0000,3
7.3228,0.0000,2
4.3351,0.0000,2
3.5299,0.0000,0
5.4323,0.0000,0
7.1386,0.0000,0
5.0470,0.0000,1
8.8145,0.0000,0
1.9622,0.0000,2
4.8360,0.0000,0
6.1671,0.0000,2
6.4357,0.0000,0
3.3091,0.0000,0
3.8698,0.0000,0
4.9356,0.0000,0
5.1769,0.0000,0
7.2605,0.0000,3
3.1184,0.0000,3
3.7618,0.0000,0
4.7893,0.0000,0
2.0801,0.0000,0
7.2777,0.0000,0
3.9712,0.0000,1
4.6242,0.0000,3
2.9407,0.0000,0
3.9712,0.0000,0
4.4809,0.0000,3
4.8165,0.0000,0
6.9900,0.0000,2
6.4502,0.0000,0
3.2791,0.0000,0
4.1848,0.0000,2
6.6167,0.0000,1
2.2907,0.0000,0
4.5550,0.0000,0
4.8092,0.0000,0
8.3672,0.0000,0
4.8866,0.0000,0
7.1150,0.0000,0
5.3263,0.0000,1
2.2058,0.0000,0
2.9106,0.0000,7
8.0760,0.0000,2
3.3142,0.0000,0
6.5908,0.0000,0
3.0844,0.0000,1
3.8755,0.0000,1
2.8846,0.0000,0
2.2196,0.0000,0
6.0808,0.0000,0
7.1813,0.0000,0
4.7933,0.0000,1
5.8761,0.0000,0
4.8825,0.0000,1
4.7799,0.0000,1
3.7905,0.0000,0
6.3946,0.0000,3
6.8608,0.0000,4
6.9019,0.0000,0
7.7304,0.0000,0
6.8550,0.0000,0
3.9625,0.0000,0
3.0584,0.0000,0
3.1433,0.0000,0
2.8219,0.0000,2
6.9107,0.0000,0
1.4037,0.0000,1
7.2347,0.0000,0
4.6159,0.0000,2
7.5915,0.0000,0
6.6183,0.0000,0
5.3886,0.0000,2
8.1385,0.0000,0
4.3892,0.0000,3
4.9295,0.0000,1
2.4834,0.0000,0
6.0016,0.0000,0
7.1700,0.0000,12
3.1707,0.0000,1
3.9611,0.0000,0
6.0414,0.0000,0
5.6726,0.0000,3
4.8489,0.0000,0
8.4045,0.0000,4
4.7120,0.0000,4
4.5229,0.0000,0
7.6914,0.0000,0
3.4744,0.0000,0
5.1407,0.0000,0
5.7066,0.0000,0
5.6571,0.0000,1
7.0720,0.0000,0
6.2788,0.0000,1
7.5229,0.0000,1
2.7359,0.0000,2
3.9827,0.0000,1
4.7522,0.0000,2
6.1053,0.0000,0
4.8708,0.0000,1
6.5316,0.0000,0
2.3776,0.0000,0
2.1940,0.0000,3
6.7158,0.0000,0
4.4542,0.0000,0
4.8182,0.0000,3
7.5801,0.0000,3
5.2681,0.0000,0
4.7386,0.0000,0
5.1556,0.0000,2
4.2571,0.0000,3
6.6966,0.0000,0
6.5283,0.0000,1
4.5923,0.0000,3
4.7481,0.0000,0
4.5680,0.0000,0
6.0370,0.0000,0
7.1733,0.0000,0
3.8241,0.0000,2
5.6670,0.0000,0
6.5711,0.0000,0
3.7978,0.0000,0
7.6236,0.0000,1
6.6628,0.0000,0
4.4904,0.0000,3
5.5968,0.0000,0
4.3397,0.0000,4
3.6832,0.0000,0
2.7294,0.0000,0
4.3967,0.0000,1
9.2914,0.0000,0
4.7904,0.0000,4
5.4479,0.0000,0
8.2442,0.0000,0
6.8466,0.0000,0
7.3833,0.0000,0
3.8195,0.0000,0
8.4043,0.0000,2
6.4261,0.0000,2
5.7567,0.0000,0
4.3003,0.0000,0
4.4088,0.0000,0
1.3412,0.0000,0
4.7192,0.0000,2
6.2801,0.0000,1
2.6763,0.0000,0
2.4143,0.0000,0
4.0697,0.0000,0
7.1378,0.0000,0
7.8861,0.0000,1
2.4104,0.0000,0
4.5771,0.0000,0
3.9824,0.0000,0
6.3679,0.0000,0
5.7871,0.0000,0
5.7210,0.0000,1
1.7782,0.0000,0
5.6857,0.0000,0
6.1559,0.0000,0
3.8423,0.0000,0
5.2949,0.0000,0
3.2560,0.0000,0
6.4656,0.0000,0
5.1536,0.0000,0
6.1186,0.0000,0
5.2476,0.0000,0
5.5471,0.0000,0
5.8745,0.0000,7
6.0667,0.0000,1
5.1227,0.0000,1
4.7103,0.0000,0
2.2861,0.0000,1
3.5786,0.0000,0
4.2170,0.0000,0
5.8748,0.0000,4
3.1480,0.0000,0
5.1656,0.0000,5
3.9110,0.0000,0
4.7562,0.0000,0
5.0019,0.0000,0
2.2438,0.0000,4
5.1861,0.0000,0
5.7574,0.0000,0
2.7834,0.0000,2
5.2078,0.0000,4
4.5757,0.0000,0
6.2852,0.0000,0
4.8518,0.0000,0
4.3400,0.0000,2
4.1868,0.0000,3
2.8782,0.0000,1
2.9662,0.0000,0
3.4811,0.0000,0
7.1069,0.0000,2
2.8420,0.0000,1
6.2390,0.0000,5
4.9759,0.0000,1
3.6203,0.0000,4
8.1988,0.0000,6
2.8764,0.0000,0
4.7432,0.0000,1
3.2384,0.0000,4
4.7994,0.0000,0
1.8549,0.0000,3
5.2096,0.0000,0
6.6045,0.0000,0
4.1847,0.0000,0
7.3563,0.0000,3
6.6372,0.0000,0
6.0976,0.0000,0
5.0072,0.0000,2
2.6426,0.0000,7
4.7186,0.0000,0
2.7598,0.0000,1
4.3520,0.0000,0
1.6453,0.0000,2
4.5876,0.0000,2
7.6087,0.0000,1
2.5394,0.0000,1
4.4743,0.0000,0
5.4945,0.0000,0
7.3615,0.0000,0
6.8312,0.0000,0
7.1598,0.0000,0
6.0210,0.0000,0
8.0496,0.0000,2
5.4935,0.0000,0
3.3224,0.0000,0
5.8277,0.0000,0
3.1113,0.0000,0
6.9558,0.0000,0
4.6056,0.0000,0
4.6172,0.0000,1
5.8700,0.0000,5
4.0666,0.0000,0
2.0470,0.0000,3
4.0093,0.0000,2
6.2593,0.0000,10
2.4835,0.0000,2
7.1721,0.0000,2
6.2502,0.0000,1
7.1227,0.0000,0
3.3142,0.0000,0
7.0753,0.0000,2
1.8057,0.0000,2
7.4690,0.0000,0
5.1690,0.0000,2
4.6484,0.0000,0
6.4035,0.0000,5
4.3833,0.0000,1
4.1987,0.0000,1
5.1264,0.0000,0
6.4696,0.0000,3
5.3496,0.0000,2
8.5362,0.0000,0
7.2930,0.0000,0
5.6944,0.0000,3
6.4036,0.0000,3
6.2868,0.0000,0
4.1031,0.0000,2
4.2162,0.0000,2
2.2689,0.0000,0
3.9146,0.0000,0
2.1098,0.0000,0
5.8730,0.0000,1
4.7291,0.0000,0
5.3756,0.0000,0
2.6990,0.0000,0
4.0216,0.0000,0
6.5406,0.0000,0
4.3074,0.0000,0
2.8143,0.0000,0
5.4825,0.0000,0
1.6249,0.0000,2
6.5839,0.0000,2
3.7679,0.0000,0
6.3519,0.0000,3
5.4632,0.0000,3
1.3483,0.0000,0
2.8944,0.0000,2
5.7680,0.0000,0
5.4774,0.0000,2
6.3432,0.0000,1
4.2919,0.0000,0
5.4222,0.0000,1
4.8809,0.0000,0
5.2616,0.0000,0
6.0518,0.0000,1
6.3400,0.0000,1
3.5965,0.0000,1
5.7461,0.0000,0
3.7279,0.0000,1
6.5153,0.0000,0
5.8650,0.0000,0
2.1561,0.0000,2
4.9383,0.0000,0
2.1345,0.0000,1
7.8658,0.0000,6
4.5980,0.0000,0
1.6907,0.0000,0
6.0022,0.0000,0
6.2357,0.0000,1
3.2374,0.0000,0
5.6979,0.0000,4
5.2622,0.0000,0
6.0916,0.0000,0
6.7531,0.0000,4
6.8067,0.0000,0
5.2369,0.0000,4
6.3423,0.0000,0
4.8560,0.0000,0
5.2825,0.0000,1
8.0070,0.0000,0
5.0309,0.0000,2
4.9931,0.0000,1
4.2143,0.0000,1
4.3857,0.0000,1
1.7031,0.0000,3
4.1635,0.0000,0
6.0641,0.0000,0
4.2220,0.0000,6
5.4384,0.0000,0
4.9857,0.0000,0
5.5897,0.0000,0
4.6642,0.0000,4
6.7274,0.0000,6
3.8279,0.0000,0
6.3501,0.0000,3
6.5310,0.0000,2
3.7313,0.0000,2
7.3516,0.0000,0
5.4585,0.0000,0
6.9380,0.0000,0
5.7194,0.0000,0
5.0848,0.0000,0
6.9807,0.0000,6
4.4948,0.0000,1
5.1583,0.0000,1
7.2734,0.0000,0
2.9357,0.0000,0
6.8364,0.0000,1
6.1591,0.0000,0
6.4309,0.0000,0
6.0292,0.0000,2
1.2993,0.0000,0
3.6887,0.0000,0
5.0519,0.0000,0
7.0326,0.0000,0
4.8666,0.0000,0
6.7290,0.0000,0
4.7228,0.0000,0
2.7480,0.0000,0
4.8409,0.0000,6
5.7757,0.0000,0
4.3800,0.0000,0
3.4832,0.0000,4
6.0054,0.0000,2
4.3606,0.0000,0
6.6755,0.0000,3
6.3330,0.0000,1
5.2430,0.0000,0
5.6338,0.0000,0
4.2039,0.0000,0
5.5385,0.0000,2
2.8777,0.0000,0
4.7776,0.0000,0
3.3764,0.0000,0
6.3034,0.0000,0
2.1262,0.0000,0
3.0543,0.0000,0
8.3703,0.0000,5
6.6458,0.0000,2
6.1738,0.0000,0
5.4071,0.0000,0
4.7205,0.0000,1
6.8904,0.0000,0
6.9129,0.0000,0
6.2899,0.0000,5
5.9902,0.0000,0
4.5706,0.0000,0
4.0014,0.0000,0
7.0417,0.0000,0
4.8209,0.0000,2
4.8180,0.0000,2
5.5800,0.0000,0
7.9655,0.0000,0
4.0104,0.0000,1
5.1200,0.0000,0
5.4655,0.0000,0
8.0186,0.0000,2
3.8152,0.0000,0
6.9208,0.0000,0
6.8567,0.0000,0
4.9112,0.0000,10
5.1836,0.0000,0
6.2335,0.0000,2
5.3197,0.0000,2
5.5592,0.0000,4
4.6380,0.0000,2
2.8526,0.0000,0
5.6816,0.0000,0
7.1770,0.0000,2
6.5787,0.0000,0
3.3110,0.0000,6
3.8467,0.0000,1
4.7709,0.0000,0
6.7257,0.0000,1
3.0907,0.0000,3
2.6053,0.0000,0
4.1409,0.0000,0
3.9141,0.0000,3
7.4269,0.0000,2
6.0756,0.0000,7
5.4825,0.0000,0
3.5005,0.0000,0
4.9886,0.0000,0
3.1917,0.0000,0
1.5473,0.0000,1
6.1062,0.0000,0
7.1899,0.0000,0
7.2325,0.0000,0
5.7980,0.0000,6
4.4379,0.0000,0
4.0295,0.0000,0
5.6089,0.0000,0
8.9632,0.0000,3
6.0164,0.0000,0
5.5095,0.0000,1
5.4389,0.0000,5
5.7503,0.0000,4
5.6901,0.0000,0
5.0555,0.0000,0
3.7992,0.0000,0
4.2441,0.0000,0
5.7302,0.0000,0
5.1262,0.0000,0
5.9346,0.0000,3
5.9042,0.0000,0
3.4851,0.0000,0
4.8307,0.0000,1
5.9572,0.0000,0
6.5279,0.0000,0
5.1975,0.0000,0
5.4414,0.0000,0
3.3728,0.0000,0
5.3234,0.0000,1
8.9682,0.0000,0
6.3944,0.0000,0
7.3454,0.0000,0
5.0775,0.0000,1
5.4384,0.0000,3
4.4004,0.0000,0
5.0078,0.0000,0
5.2049,0.0000,1
5.7305,0.0000,0
7.2644,0.0000,0
4.1862,0.0000,0
3.3927,0.0000,0
4.9364,0.0000,7
5.8321,0.0000,0
3.0364,0.0000,0
4.6303,0.0000,0
3.6094,0.0000,3
5.1949,0.0000,2
6.7668,0.0000,0
6.9462,0.0000,0
4.4148,0.0000,0
5.2060,0.0000,3
5.8504,0.0000,1
4.7348,0.0000,6
4.2505,0.0000,3
6.7067,0.0000,0
4.3248,0.0000,0
4.7274,0.0000,0
6.7238,0.0000,1
5.1321,0.0000,0
2.9570,0.0000,0
4.9034,0.0000,0
6.8502,0.0000,1
2.5588,0.0000,0
6.9025,0.0000,0
2.2149,0.0000,3
5.3351,0.0000,5
6.3445,0.0000,0
6.3525,0.0000,3
5.5223,0.0000,0
6.9999,0.0000,0
7.4078,0.0000,0
6.6986,0.0000,2
6.1645,0.0000,0
7.4872,0.0000,0
6.3564,0.0000,2
4.4840,0.0000,3
6.4620,0.0000,1
6.0534,0.0000,2
3.7530,0.0000,0
6.4691,0.0000,0
5.6887,0.0000,3
5.2890,0.0000,1
6.2704,0.0000,0
3.3977,0.0000,0
5.7119,0.0000,0
4.4805,0.0000,0
4.3087,0.0000,0
1.7744,0.0000,0
3.8760,0.0000,0
4.4307,0.0000,0
6.0953,0.0000,0
6.5185,0.0000,3
2.9052,0.0000,2
6.3168,0.0000,4
6.4234,0.0000,0
5.4238,0.0000,0
5.3950,0.0000,1
6.3398,0.0000,0
3.4664,0.0000,0
4.6107,0.0000,0
6.4686,0.0000,0
5.6194,0.0000,0
6.2211,0.0000,0
8.6532,0.0000,2
6.1339,0.0000,0
6.4202,0.0000,0
3.2958,0.0000,2
6.9351,0.0000,0
4.6976,0.0000,0
7.3609,0.0000,1
1.8286,0.0000,0
3.6002,0.0000,0
4.6973,0.0000,0
6.4767,0.0000,2
4.3807,0.0000,0
5.6663,0.0000,0
4.0779,0.0000,0
7.1389,0.0000,1
6.8483,0.0000,0
5.1656,0.0000,0
3.8313,0.0000,0
4.5032,0.0000,1
5.6703,0.0000,6
1.8342,0.0000,0
2.8640,0.0000,0
7.3397,0.0000,0
3.9991,0.0000,0
5.5955,0.0000,1
3.0040,0.0000,1
2.4483,0.0000,2
8.4519,0.0000,0
7.1478,0.0000,0
6.0189,0.0000,0
4.1140,0.0000,1
5.0270,0.0000,0
6.6862,0.0000,0
6.6838,0.0000,0
5.4118,0.0000,0
4.9752,0.0000,0
2.6302,0.0000,0
5.6681,0.0000,0
5.5799,0.0000,0
6.1074,0.0000,0
4.3761,0.0000,2
3.3882,0.0000,0
4.7576,0.0000,0
3.1203,0.0000,0
6.5051,0.0000,0
2.9539,0.0000,0
7.6066,0.0000,0
4.5276,0.0000,0
2.7018,0.0000,0
3.2774,0.0000,0
6.2870,0.0000,0
2.5556,0.0000,0
5.7642,0.0000,3
6.6801,0.0000,2
4.2380,0.0000,0
4.6022,0.0000,0
4.4956,0.0000,2
4.6816,0.0000,1
3.9030,0.0000,3
6.8165,0.0000,0
5.2277,0.0000,0
1.7832,0.0000,3
3.5067,0.0000,0
7.0041,0.0000,3
7.1542,0.0000,3
3.7727,0.0000,0
4.4718,0.0000,0
6.9688,0.0000,1
3.2793,0.0000,0
7.1952,0.0000,9
3.2701,0.0000,1
4.3183,0.0000,0
5.3050,0.0000,1
4.9333,0.0000,0
6.7198,0.0000,0
3.9525,0.0000,0
6.3034,0.0000,0
6.3910,0.0000,2
6.3888,0.0000,0
5.6318,0.0000,0
3.6233,0.0000,0
3.2179,0.0000,0
3.8489,0.0000,0
3.1383,0.0000,1
6.8790,0.0000,0
6.5607,0.0000,0
5.2853,0.0000,3
6.5998,0.0000,0
5.6933,0.0000,3
3.3200,0.0000,1
6.1418,0.0000,0
6.7467,0.0000,0
3.7399,0.0000,0
6.6381,0.0000,1
4.1074,0.0000,0
2.8751,0.0000,1
3.2107,0.0000,1
4.1818,0.0000,0
1.7736,0.0000,3
3.3370,0.0000,0
7.0728,0.0000,2
5.9813,0.0000,0
6.5594,0.0000,0
6.0547,0.0000,10
4.2058,0.0000,0
8.1160,0.0000,0
5.9490,0.0000,0
2.3660,0.0000,0
5.8790,0.0000,0
6.5027,0.0000,0
5.5973,0.0000,0
5.4981,0.0000,0
5.0397,0.0000,0
4.7483,0.0000,0
5.9099,0.0000,4
7.2783,0.0000,0
5.6140,0.0000,2
3.1079,0.0000,0
7.1191,0.0000,1
1.7375,0.0000,0
4.7436,0.0000,0
5.2082,0.0000,0
3.2480,0.0000,0
4.6460,0.0000,0
5.2401,0.0000,0
5.6976,0.0000,0
8.0477,0.0000,0
3.8725,0.0000,0
5.6702,0.0000,0
2.9709,0.0000,0
6.6771,0.0000,0
6.3114,0.0000,0
3.5585,0.0000,2
5.3522,0.0000,3
4.0266,0.0000,0
7.9075,0.0000,4
4.7198,0.0000,2
6.5431,0.0000,1
7.3406,0.0000,2
3.1988,0.0000,0
7.8688,0.0000,6
3.8820,0.0000,0
6.0787,0.0000,3
5.1769,0.0000,0
2.8581,0.0000,2
3.0532,0.0000,0
5.3226,0.0000,5
6.7655,0.0000,2
4.4867,0.0000,3
6.3698,0.0000,0
3.2064,0.0000,0
4.1072,0.0000,0
3.7991,0.0000,1
2.7730,0.0000,1
1.7294,0.0000,4
5.6922,0.0000,3
5.3396,0.0000,0
5.1539,0.0000,0
6.9779,0.0000,0
7.7651,0.0000,0
6.9590,0.0000,0
7.8164,0.0000,2
4.6128,0.0000,0
6.2840,0.0000,0
7.0188,0.0000,0
5.8020,0.0000,0
4.1588,0.0000,0
6.8018,0.0000,2
2.9379,0.0000,0
3.6259,0.0000,0
4.7366,0.0000,0
5.6963,0.0000,0
6.4111,0.0000,5
7.1513,0.0000,0
2.5566,0.0000,0
4.2809,0.0000,1
3.6955,0.0000,0
8.5067,0.0000,0
3.0722,0.0000,2
4.2824,0.0000,0
3.9631,0.0000,0
3.7361,0.0000,2
4.7075,0.0000,0
2.9382,0.0000,0
5.1660,0.0000,0
4.0954,0.0000,3
7.0653,0.0000,2
6.6386,0.0000,0
4.4973,0.0000,5
5.0846,0.0000,2
6.3196,0.0000,0
6.0997,0.0000,0
6.6799,0.0000,6
6.7403,0.0000,0
3.7222,0.0000,2
2.2476,0.0000,0
6.3964,0.0000,2
8.1365,0.0000,0
7.4240,0.0000,5
3.2472,0.0000,5
6.5227,0.0000,0
5.3654,0.0000,0
1.5703,0.0000,2
6.7386,0.0000,0
5.5160,0.0000,0
7.0344,0.0000,9
7.0676,0.0000,1
3.7275,0.0000,2
4.8576,0.0000,0
6.8817,0.0000,0
7.3176,0.0000,1
5.6699,0.0000,0
5.0450,0.0000,0
6.8585,0.0000,4
5.5912,0.0000,1
5.4384,0.0000,3
4.8127,0.0000,0
4.8879,0.0000,0
4.8843,0.0000,0
4.7721,0.0000,1
4.1459,0.0000,0
5.7462,0.0000,0
3.0839,0.0000,1
7.2351,0.0000,0
4.0487,0.0000,3
5.6481,0.0000,0
7.0338,0.0000,0
5.2173,0.0000,1
6.3519,0.0000,0
5.1483,0.0000,0
6.8975,0.0000,2
7.2222,0.0000,0
6.7318,0.0000,0
6.1523,0.0000,3
5.1701,0.0000,1
4.1045,0.0000,0
7.8849,0.0000,1
6.2530,0.0000,0
3.0689,0.0000,2
4.2310,0.0000,0
3.9932,0.0000,0
5.1576,0.0000,0
3.8660,0.0000,11
7.1108,0.0000,0
3.9942,0.0000,0
5.0363,0.0000,0
6.4446,0.0000,2
4.4962,0.0000,0
5.2780,0.0000,2
3.2820,0.0000,0
6.7731,0.0000,0
3.1010,0.0000,0
4.9785,0.0000,0
5.2805,0.0000,0
4.9044,0.0000,0
7.7399,0.0000,0
3.5003,0.0000,2
5.7012,0.0000,0
5.4652,0.0000,1
4.7061,0.0000,0
4.5842,0.0000,0
3.1904,0.0000,0
1.9137,0.0000,2
5.8129,0.0000,0
4.6408,0.0000,0
7.4606,0.0000,0
5.0264,0.0000,0
6.0231,0.0000,0
7.3725,0.0000,1
4.2188,0.0000,0
3.9613,0.0000,0
6.2619,0.0000,2
2.8490,0.0000,0
5.8664,0.0000,1
4.5843,0.0000,0
6.4228,0.0000,0
6.8678,0.0000,0
3.5379,0.0000,0
5.1223,0.0000,0
3.1485,0.0000,0
4.7702,0.0000,0
6.8616,0.0000,0
2.6532,0.0000,1
3.3412,0.0000,0
2.1623,0.0000,0
6.6896,0.0000,0
5.5298,0.0000,0
4.2839,0.0000,0
4.7549,0.0000,1
7.0789,0.0000,0
5.3752,0.0000,4
5.4150,0.0000,4
3.6849,0.0000,0
5.2927,0.0000,3
3.4759,0.0000,0
1.4955,0.0000,0
8.2034,0.0000,0
4.9181,0.0000,0
5.4203,0.0000,0
4.5309,0.0000,1
5.4804,0.0000,5
5.3175,0.0000,1
5.9266,0.0000,0
6.0603,0.0000,0
2.6727,0.0000,0
4.1696,0.0000,2
2.6237,0.0000,0
7.9182,0.0000,1
6.1682,0.0000,0
4.4792,0.0000,0
4.0142,0.0000,1
5.3450,0.0000,0
8.0334,0.0000,0
5.1615,0.0000,1
6.4904,0.0000,0
6.7205,0.0000,0
4.3612,0.0000,1
7.3170,0.0000,0
4.8843,0.0000,2
4.6290,0.0000,0
3.8746,0.0000,0
6.9143,0.0000,1
2.4647,0.0000,0
6.5882,0.0000,0
5.6135,0.0000,5
4.3529,0.0000,0
6.3644,0.0000,0
3.6205,0.0000,0
4.0101,0.0000,0
6.2528,0.0000,0
5.5348,0.0000,0
3.1088,0.0000,0
7.3154,0.0000,0
5.0934,0.0000,0
6.5615,0.0000,1
4.9678,0.0000,0
5.9368,0.0000,0
3.8491,0.0000,0
6.9559,0.0000,0
7.1943,0.0000,0
6.6734,0.0000,0
4.4344,0.0000,0
4.4893,0.0000,0
5.9974,0.0000,0
4.9133,0.0000,0
5.3278,0.0000,0
3.7513,0.0000,0
4.2726,0.0000,5
5.8327,0.0000,0
6.0919,0.0000,0
3.6495,0.0000,0
4.9772,0.0000,3
7.3581,0.0000,0
3.8894,0.0000,0
6.2093,0.0000,0
3.2742,0.0000,1
3.6791,0.0000,2
5.1921,0.0000,0
3.3623,0.0000,0
6.8788,0.0000,3
6.6021,0.0000,0
6.1427,0.0000,0
2.9921,0.0000,0
6.6877,0.0000,1
5.2837,0.0000,3
5.0245,0.0000,0
5.1645,0.0000,0
6.0240,0.0000,2
3.8218,0.0000,1
3.8888,0.0000,3
2.2595,0.0000,0
3.3666,0.0000,0
4.5131,0.0000,0
4.4806,0.0000,0
6.4929,0.0000,0
2.2447,0.0000,0
6.4403,0.0000,0
2.8461,0.0000,0
6.6612,0.0000,0
6.4473,0.0000,0
8.2254,0.0000,8
6.1263,0.0000,0
6.1342,0.0000,0
3.5123,0.0000,0
4.5315,0.0000,0
8.1074,0.0000,0
6.2358,0.0000,0
5.1731,0.0000,1
2.5026,0.0000,0
4.3316,0.0000,0
5.7385,0.0000,0
6.7625,0.0000,0
4.9733,0.0000,0
3.5814,0.0000,0
3.9009,0.0000,0
6.9933,0.0000,0
5.0576,0.0000,0
7.0807,0.0000,0
2.6525,0.0000,0
6.0249,0.0000,0
2.5550,0.0000,3
7.3978,0.0000,0
3.2270,0.0000,3
6.7569,0.0000,0
4.1008,0.0000,1
2.3624,0.0000,0
4.2690,0.0000,0
6.3535,0.0000,1
5.7843,0.0000,0
5.5213,0.0000,0
6.0635,0.0000,0
2.7546,0.0000,4
4.6577,0.0000,1
1.4866,0.0000,0
4.5296,0.0000,0
4.9667,0.0000,0
1.7438,0.0000,3
5.5771,0.0000,0
7.1014,0.0000,0
4.1390,0.0000,0
3.4973,0.0000,0
4.5356,0.0000,0
7.0741,0.0000,1
4.8208,0.0000,1
3.9562,0.0000,0
6.1256,0.0000,2
1.9960,0.0000,2
7.1427,0.0000,0
3.5532,0.0000,0
7.4915,0.0000,4
6.5849,0.0000,0
1.8814,0.0000,0
3.4311,0.0000,0
2.9513,0.0000,0
3.4281,0.0000,0
4.4512,0.0000,0
3.5912,0.0000,3
6.4244,0.0000,0
6.5739,0.0000,0
7.3215,0.0000,3
7.4101,0.0000,0
4.2918,0.0000,3
5.7393,0.0000,0
6.7180,0.0000,0
7.4924,0.0000,2
5.4873,0.0000,0
5.8309,0.0000,0
4.1623,0.0000,0
6.2196,0.0000,0
6.4966,0.0000,2
7.1287,0.0000,0
6.2245,0.0000,0
5.0836,0.0000,7
3.5557,0.0000,4
4.5213,0.0000,0
4.0691,0.0000,2
7.7802,0.0000,0
2.9454,0.0000,0
4.9327,0.0000,0
3.2290,0.0000,2
5.7052,0.0000,0
7.6961,0.0000,0
6.1510,0.0000,0
5.0842,0.0000,0
7.1058,0.0000,0
5.5984,0.0000,0
3.5557,0.0000,0
1.8233,0.0000,0
7.0142,0.0000,1
5.3031,0.0000,1
3.2143,0.0000,0
5.0639,0.0000,6
6.5999,0.0000,0
4.3731,0.0000,1
4.9801,0.0000,0
6.6004,0.0000,0
9.1724,0.0000,0
5.2195,0.0000,0
3.1295,0.0000,4
2.4640,0.0000,1
4.7395,0.0000,1
5.7486,0.0000,0
6.0031,0.0000,1
6.9792,0.0000,3
4.7974,0.0000,0
2.7070,0.0000,1
5.2496,0.0000,1
3.4953,0.0000,0
4.5325,0.0000,0
4.7804,0.0000,0
5.4688,0.0000,0
6.5282,0.0000,4
5.4614,0.0000,1
3.9901,0.0000,4
4.5884,0.0000,0
5.5965,0.0000,0
2.7772,0.0000,0
4.4769,0.0000,0
5.6148,0.0000,0
5.9974,0.0000,2
2.4980,0.0000,3
1.4274,0.0000,0
4.6099,0.0000,2
7.1873,0.0000,2
2.2999,0.0000,0
7.7352,0.0000,3
5.4404,0.0000,2
4.6155,0.0000,2
4.3255,0.0000,0
5.1398,0.0000,0
4.0987,0.0000,4
5.9773,0.0000,0
3.5704,0.0000,0
5.5063,0.0000,2
7.0003,0.0000,0
3.7028,0.0000,2
3.1020,0.0000,0
6.9125,0.0000,0
4.3453,0.0000,0
8.1682,0.0000,0
6.7897,0.0000,4
6.5441,0.0000,0
4.2358,0.0000,0
6.3700,0.0000,0
3.4508,0.0000,0
6.2980,0.0000,0
2.6118,0.0000,0
3.5973,0.0000,0
2.4307,0.0000,0
6.1909,0.0000,6
3.3271,0.0000,1
5.5064,0.0000,0
5.6683,0.0000,6
2.9802,0.0000,0
6.8284,0.0000,6
6.6321,0.0000,0
6.9211,0.0000,0
6.5455,0.0000,2
2.4403,0.0000,3
5.4190,0.0000,2
4.9904,0.0000,2
3.7484,0.0000,0
6.8214,0.0000,5
1.8328,0.0000,0
3.4186,0.0000,0
4.7203,0.0000,0
7.6556,0.0000,0
5.1139,0.0000,0
2.4777,0.0000,1
6.9977,0.0000,0
3.6388,0.0000,5
6.2645,0.0000,0
7.1346,0.0000,9
5.9101,0.0000,0
3.7925,0.0000,0
5.4096,0.0000,0
4.0650,0.0000,1
3.1801,0.0000,0
3.5236,0.0000,1
2.3189,0.0000,1
6.9809,0.0000,0
5.4864,0.0000,0
7.2897,0.0000,0
3.6476,0.0000,0
2.5637,0.0000,0
3.1133,0.0000,0
7.2170,0.0000,0
2.6739,0.0000,0
2.8012,0.0000,7
5.7701,0.0000,7
4.4727,0.0000,2
4.2683,0.0000,0
6.9298,0.0000,0
7.3507,0.0000,0
5.7894,0.0000,3
3.4525,0.0000,0
4.8797,0.0000,0
1.8991,0.0000,0
5.6859,0.0000,0
3.4909,0.0000,0
3.8050,0.0000,0
5.6957,0.0000,0
8.0018,0.0000,2
5.9972,0.0000,1
4.7041,0.0000,0
2.4798,0.0000,0
5.1440,0.0000,3
7.1323,0.0000,0
6.5101,0.0000,0
6.4013,0.0000,0
4.4251,0.0000,1
5.2051,0.0000,0
6.5127,0.0000,0
3.6153,0.0000,9
5.1174,0.0000,0
5.7165,0.0000,0
4.2292,0.0000,1
6.1087,0.0000,0
0.6722,0.0000,2
5.8826,0.0000,0
6.5308,0.0000,3
6.2077,0.0000,0
3.1355,0.0000,0
5.7424,0.0000,0
4.5028,0.0000,0
4.3620,0.0000,0
7.0050,0.0000,0
3.7992,0.0000,8
3.9369,0.0000,0
5.3621,0.0000,0
5.6350,0.0000,2
8.4359,0.0000,0
6.1711,0.0000,0
4.3431,0.0000,3
3.5848,0.0000,1
5.7402,0.0000,0
3.1389,0.0000,0
4.9154,0.0000,0
5.9825,0.0000,2
6.4576,0.0000,2
2.8495,0.0000,3
6.7105,0.0000,0
3.6139,0.0000,0
5.1468,0.0000,0
5.6432,0.0000,0
5.1993,0.0000,0
3.1313,0.0000,0
4.4151,0.0000,0
7.7816,0.0000,0
2.3456,0.0000,0
3.2381,0.0000,0
6.6155,0.0000,0
4.1205,0.0000,3
4.8868,0.0000,0
6.4507,0.0000,0
3.0937,0.0000,3
4.7253,0.0000,0
5.7330,0.0000,0
2.5048,0.0000,0
3.9869,0.0000,0
5.0432,0.0000,0
3.4868,0.0000,0
5.4152,0.0000,3
3.2049,0.0000,2
3.8008,0.0000,0
4.2130,0.0000,1
4.9011,0.0000,0
3.6218,0.0000,0
5.4897,0.0000,0
5.6171,0.0000,13
7.4278,0.0000,0
2.6752,0.0000,1
3.9263,0.0000,10
1.6303,0.0000,3
5.7268,0.0000,1
7.2525,0.0000,0
3.0465,0.0000,2
7.9621,0.0000,0
4.5146,0.0000,1
4.6814,0.0000,0
6.6425,0.0000,2
6.7129,0.0000,0
3.4864,0.0000,0
8.0139,0.0000,3
3.2731,0.0000,3
3.1527,0.0000,0
5.6913,0.0000,3
2.8503,0.0000,0
3.8805,0.0000,0
7.8187,0.0000,0
2.3053,0.0000,2
5.7975,0.0000,0
4.6381,0.0000,2
7.4132,0.0000,4
4.4873,0.0000,0
4.5987,0.0000,0
6.2485,0.0000,0
6.0047,0.0000,0
2.5726,0.0000,0
6.5373,0.0000,0
5.0423,0.0000,1
3.2800,0.0000,2
7.1031,0.0000,0
7.6145,0.0000,1
5.7481,0.0000,0
2.0650,0.0000,1
4.5268,0.0000,1
3.3883,0.0000,0
6.1146,0.0000,6
6.6330,0.0000,0
7.3355,0.0000,0
1.8825,0.0000,4
5.7133,0.0000,1
2.1847,0.0000,4
2.6735,0.0000,1
6.8536,0.0000,0
4.3942,0.0000,0
5.5745,0.0000,5
5.8847,0.0000,0
2.4547,0.0000,5
1.9995,0.0000,0
5.2709,0.0000,1
5.1942,0.0000,0
6.4721,0.0000,0
6.6040,0.0000,0
7.2761,0.0000,2
5.6935,0.0000,0
4.6197,0.0000,0
8.0189,0.0000,0
5.5333,0.0000,0
6.3400,0.0000,0
7.0635,0.0000,6
3.4211,0.0000,0
8.0823,0.0000,0
5.4069,0.0000,0
4.4747,0.0000,2
5.6163,0.0000,0
4.0348,0.0000,0
4.1456,0.0000,3
5.4727,0.0000,0
2.9007,0.0000,3
4.6174,0.0000,0
4.4883,0.0000,0
3.9736,0.0000,0
3.2429,0.0000,0
3.3200,0.0000,0
8.3635,0.0000,0
7.1800,0.0000,1
5.2460,0.0000,0
7.7179,0.0000,1
2.8785,0.0000,1
3.4826,0.0000,0
6.2849,0.0000,0
5.8964,0.0000,0
3.3998,0.0000,3
2.9229,0.0000,0
4.0029,0.0000,2
1.5686,0.0000,0
5.6273,0.0000,0
4.0841,0.0000,0
5.3467,0.0000,0
2.0261,0.0000,0
4.2486,0.0000,3
5.3769,0.0000,2
4.9951,0.0000,0
6.1429,0.0000,0
7.6861,0.0000,2
6.4304,0.0000,0
5.7669,0.0000,0
4.5626,0.0000,0
3.8748,0.0000,0
4.2519,0.0000,0
5.3058,0.0000,4
3.6793,0.0000,1
4.0199,0.0000,0
4.1937,0.0000,0
3.9453,0.0000,0
4.8595,0.0000,0
5.4043,0.0000,0
6.8537,0.0000,0
1.6352,0.0000,0
4.8389,0.0000,1
3.2379,0.0000,0
5.4922,0.0000,3
4.4816,0.0000,3
6.7263,0.0000,0
5.1888,0.0000,0
1.7393,0.0000,1
4.2572,0.0000,0
6.6169,0.0000,2
5.1227,0.0000,3
4.9868,0.0000,0
3.9044,0.0000,0
4.7115,0.0000,0
2.6714,0.0000,0
8.0191,0.0000,0
4.4702,0.0000,0
2.6504,0.0000,1
5.5213,0.0000,0
2.1237,0.0000,0
5.1094,0.0000,0
3.1150,0.0000,0
7.1524,0.0000,0
4.9096,0.0000,0
6.9193,0.0000,4
4.8284,0.0000,1
2.9390,0.0000,0
4.6007,0.0000,0
3.9218,0.0000,0
4.9393,0.0000,0
4.7196,0.0000,0
3.8577,0.0000,2
5.7411,0.0000,1
2.3950,0.0000,0
3.6891,0.0000,0
4.1481,0.0000,0
6.1581,0.0000,0
3.1576,0.0000,1
6.9248,0.0000,0
4.3351,0.0000,5
1.5984,0.0000,5
5.6414,0.0000,0
1.1512,0.0000,0
6.7965,0.0000,0
3.8131,0.0000,0
6.3519,0.0000,0
5.2423,0.0000,0
4.3833,0.0000,0
3.4718,0.0000,5
4.9399,0.0000,1
5.4095,0.0000,0
1.3678,0.0000,1
6.9518,0.0000,0
7.0056,0.0000,0
7.1708,0.0000,0
5.3899,0.0000,0
6.2915,0.0000,0
7.5923,0.0000,1
3.7216,0.0000,0
5.5538,0.0000,1
7.8175,0.0000,0
5.3913,0.0000,0
6.5637,0.0000,0
3.4268,0.0000,0
4.6940,0.0000,4
6.4989,0.0000,0
5.7738,0.0000,2
3.4238,0.0000,0
3.7934,0.0000,2
5.6013,0.0000,0
4.4659,0.0000,5
7.8769,0.0000,2
3.1081,0.0000,3
3.1796,0.0000,0
2.6697,0.0000,1
3.4617,0.0000,2
6.4018,0.0000,0
4.2982,0.0000,0
2.8689,0.0000,0
5.7293,0.0000,5
4.9214,0.0000,3
4.8985,0.0000,0
6.9839,0.0000,0
5.2376,0.0000,3
4.4062,0.0000,0
3.6435,0.0000,1
2.5344,0.0000,0
3.7235,0.0000,0
2.9312,0.0000,0
2.9953,0.0000,0
3.4914,0.0000,4
5.0380,0.0000,0
5.7354,0.0000,0
6.9578,0.0000,2
7.3730,0.0000,0
4.0468,0.0000,2
3.9661,0.0000,0
5.1084,0.0000,0
5.5301,0.0000,0
3.4724,0.0000,0
2.5672,0.0000,0
7.7039,0.0000,0
5.5332,0.0000,0
6.7248,0.0000,0
7.4940,0.0000,4
7.4160,0.0000,2
3.3007,0.0000,0
8.4716,0.0000,0
6.2514,0.0000,3
2.9881,0.0000,0
6.7690,0.0000,11
4.6850,0.0000,0
5.6833,0.0000,0
5.3663,0.0000,0
5.4665,0.0000,0
6.2351,0.0000,0
7.2798,0.0000,0
8.2522,0.0000,0
5.1944,0.0000,0
6.4059,0.0000,0
6.6011,0.0000,2
6.0912,0.0000,0
3.1660,0.0000,0
3.8263,0.0000,0
6.0056,0.0000,1
5.4749,0.0000,0
2.4253,0.0000,0
3.9071,0.0000,0
5.9628,0.0000,0
4.2605,0.0000,2
5.3268,0.0000,0
7.1153,0.0000,1
5.1196,0.0000,4
5.3106,0.0000,4
5.9254,0.0000,0
5.1392,0.0000,0
6.4897,0.0000,0
3.0184,0.0000,0
6.8931,0.0000,0
4.5572,0.0000,0
1.5831,0.0000,3
4.9624,0.0000,2
4.9889,0.0000,4
3.6006,0.0000,2
5.1041,0.0000,0
5.4202,0.0000,0
5.0116,0.0000,0
4.7987,0.0000,2
5.5951,0.0000,4
5.3248,0.0000,0
4.2892,0.0000,0
4.7124,0.0000,1
1.5901,0.0000,0
3.0840,0.0000,2
4.4903,0.0000,8
5.3798,0.0000,0
6.0468,0.0000,2
5.8790,0.0000,0
4.1077,0.0000,3
7.2540,0.0000,0
6.0558,0.0000,0
4.6858,0.0000,0
6.3008,0.0000,1
5.4780,0.0000,0
2.8282,0.0000,0
3.7659,0.0000,0
6.3945,0.0000,0
4.7548,0.0000,0
4.1147,0.0000,0
3.6751,0.0000,0
4.2971,0.0000,2
6.6987,0.0000,0
8.1692,0.0000,0
5.8250,0.0000,0
8.0757,0.0000,0
6.7354,0.0000,3
6.3879,0.0000,4
7.3257,0.0000,0
6.1019,0.0000,0
4.0462,0.0000,4
6.0615,0.0000,0
2.0634,0.0000,8
6.2138,0.0000,0
3.3104,0.0000,7
3.8884,0.0000,2
2.8809,0.0000,0
7.4748,0.0000,0
4.2548,0.0000,0
4.8559,0.0000,0
5.8698,0.0000,3
5.2203,0.0000,0
5.4093,0.0000,0
5.7087,0.0000,0
3.9107,0.0000,0
4.8614,0.0000,0
5.4662,0.0000,3
4.8876,0.0000,1
6.3837,0.0000,0
4.9079,0.0000,1
4.4939,0.0000,0
4.7725,0.0000,1
5.7489,0.0000,7
3.0726,0.0000,1
3.7268,0.0000,4
5.2458,0.0000,2
6.9219,0.0000,1
6.9977,0.0000,0
7.9925,0.0000,3
3.8320,0.0000,0
5.2409,0.0000,2
6.4556,0.0000,3
7.0523,0.0000,2
2.7443,0.0000,1
2.9113,0.0000,0
6.3969,0.0000,2
7.0564,0.0000,0
5.5321,0.0000,0
6.5884,0.0000,0
3.4881,0.0000,0
7.5740,0.0000,0
3.2503,0.0000,0
5.5891,0.0000,0
2.5797,0.0000,0
6.1818,0.0000,5
4.3646,0.0000,0
5.7195,0.0000,1
2.2395,0.0000,3
1.3594,0.0000,0
2.6312,0.0000,0
5.7459,0.0000,0
3.0697,0.0000,0
4.8887,0.0000,0
4.0096,0.0000,0
2.2469,0.0000,0
5.6974,0.0000,0
7.5969,0.0000,0
5.1525,0.0000,0
4.6723,0.0000,0
6.9499,0.0000,0
5.1920,0.0000,0
2.1147,0.0000,0
2.9600,0.0000,1
3.7580,0.0000,0
4.6904,0.0000,0
5.2072,0.0000,0
4.1425,0.0000,0
2.7542,0.0000,1
1.8221,0.0000,4
3.3146,0.0000,0
4.1790,0.0000,3
6.6014,0.0000,0
2.6987,0.0000,2
5.2882,0.0000,2
4.9896,0.0000,0
3.9947,0.0000,0
7.6672,0.0000,0
5.3867,0.0000,0
7.6764,0.0000,0
6.7182,0.0000,0
3.7871,0.0000,4
1.2473,0.0000,2
6.1507,0.0000,3
5.9358,0.0000,1
7.0611,0.0000,0
7.0792,0.0000,4
6.4547,0.0000,0
3.6366,0.0000,0
5.3072,0.0000,0
4.4424,0.0000,7
5.2297,0.0000,3
4.1713,0.0000,0
3.5602,0.0000,0
4.1896,0.0000,3
3.5075,0.0000,0
4.6900,0.0000,0
2.5889,0.0000,0
5.9696,0.0000,3
6.0665,0.0000,0
3.5066,0.0000,0
4.8606,0.0000,0
4.0774,0.0000,0
4.5391,0.0000,0
6.0025,0.0000,8
5.4019,0.0000,0
5.1037,0.0000,0
5.3828,0.0000,0
5.4035,0.0000,0
4.6990,0.0000,2
3.6911,0.0000,0
5.8015,0.0000,7
5.9443,0.0000,1
7.3167,0.0000,0
6.8445,0.0000,0
7.1505,0.0000,1
6.4406,0.0000,0
7.7652,0.0000,2
3.0747,0.0000,0
7.9353,0.0000,0
1.2998,0.0000,0
5.1226,0.0000,0
5.1805,0.0000,2
4.6951,0.0000,1
5.4229,0.0000,0
5.9723,0.0000,0
4.0959,0.0000,0
6.9713,0.0000,0
6.5880,0.0000,2
6.3604,0.0000,0
2.6862,0.0000,0
5.4316,0.0000,1
3.8391,0.0000,0
3.2998,0.0000,0
4.8156,0.0000,0
4.1189,0.0000,1
4.4733,0.0000,0
1.4381,0.0000,0
4.1043,0.0000,0
7.9837,0.0000,0
5.4547,0.0000,2
3.2085,0.0000,2
2.5722,0.0000,0
4.5973,0.0000,0
3.2827,0.0000,1
6.0657,0.0000,4
5.9716,0.0000,0
4.1040,0.0000,2
3.6502,0.0000,0
4.5755,0.0000,7
5.8307,0.0000,1
4.7941,0.0000,0
5.7968,0.0000,0
6.7306,0.0000,0
5.3991,0.0000,0
2.0540,0.0000,0
3.7685,0.0000,0
6.5159,0.0000,0
6.5774,0.0000,4
5.3216,0.0000,0
4.3156,0.0000,0
4.7290,0.0000,0
6.0350,0.0000,0
7.6001,0.0000,0
2.3615,0.0000,0
5.9707,0.0000,1
6.5395,0.0000,12
3.4841,0.0000,0
4.6571,0.0000,0
4.3793,0.0000,2
5.7578,0.0000,0
4.4611,0.0000,3
4.2846,0.0000,0
6.1277,0.0000,1
8.2983,0.0000,0
2.5136,0.0000,0
4.4928,0.0000,6
5.4996,0.0000,0
6.3448,0.0000,1
7.3900,0.0000,0
6.0652,0.0000,0
6.2792,0.0000,0
7.9080,0.0000,0
5.6079,0.0000,0
6.7129,0.0000,1
6.2103,0.0000,0
6.3590,0.0000,0
3.9644,0.0000,0
4.6304,0.0000,2
3.5030,0.0000,3
7.3818,0.0000,0
6.4940,0.0000,0
7.2550,0.0000,1
3.9303,0.0000,1
3.4802,0.0000,0
1.1820,0.0000,0
7.7222,0.0000,1
4.9082,0.0000,0
6.0738,0.0000,1
2.3309,0.0000,0
4.7698,0.0000,0
4.4614,0.0000,1
5.2796,0.0000,5
3.3067,0.0000,0
3.9027,0.0000,0
1.9052,0.0000,0
1.9101,0.0000,0
6.5236,0.0000,1
5.7336,0.0000,0
6.8139,0.0000,0
2.2627,0.0000,2
6.9570,0.0000,2
3.4032,0.0000,0
5.3007,0.0000,0
3.3066,0.0000,2
3.8937,0.0000,0
5.7246,0.0000,5
4.9623,0.0000,0
4.5558,0.0000,0
5.7591,0.0000,1
3.0418,0.0000,0
7.3349,0.0000,0
7.3843,0.0000,0
4.4541,0.0000,0
5.9042,0.0000,3
5.4459,0.0000,0
7.7186,0.0000,2
7.7024,0.0000,0
5.6373,0.0000,0
5.9014,0.0000,3
3.0725,0.0000,0
2.2201,0.0000,0
5.3868,0.0000,0
4.4810,0.0000,0
2.7494,0.0000,2
6.5425,0.0000,0
3.1794,0.0000,0
3.2584,0.0000,2
5.6552,0.0000,0
2.3656,0.0000,2
4.4734,0.0000,0
4.2708,0.0000,0
5.7981,0.0000,0
4.8417,0.0000,0
6.7074,0.0000,0
7.6944,0.0000,0
5.0606,0.0000,1
6.5254,0.0000,0
5.6185,0.0000,3
3.8943,0.0000,0
5.3106,0.0000,0
4.6540,0.0000,2
3.2489,0.0000,0
2.1374,0.0000,0
5.9899,0.0000,10
4.8775,0.0000,2
3.9570,0.0000,0
3.9470,0.0000,3
3.9941,0.0000,0
3.2422,0.0000,4
4.0103,0.0000,0
4.7200,0.0000,0
3.4898,0.0000,0
7.6555,0.0000,0
6.8954,0.0000,0
3.8366,0.0000,0
4.3056,0.0000,0
5.2927,0.0000,0
6.0769,0.0000,0
4.5834,0.0000,0
5.9353,0.0000,0
5.6462,0.0000,0
7.8848,0.0000,0
6.6550,0.0000,0
4.7862,0.0000,0
4.6572,0.0000,0
7.3512,0.0000,0
6.8276,0.0000,0
1.3963,0.0000,0
4.8293,0.0000,0
7.0343,0.0000,0
7.3946,0.0000,1
3.5257,0.0000,0
4.3304,0.0000,2
5.9031,0.0000,4
3.8837,0.0000,0
3.8572,0.0000,1
7.9489,0.0000,2
7.5614,0.0000,0
5.8491,0.0000,0
5.1571,0.0000,2
6.7895,0.0000,1
5.1195,0.0000,2
6.9735,0.0000,0
5.8946,0.0000,0
3.2537,0.0000,1
6.1715,0.0000,0
6.3051,0.0000,0
3.2610,0.0000,0
4.2639,0.0000,0
6.4296,0.0000,3
7.0842,0.0000,4
3.0880,0.0000,4
6.4767,0.0000,0
7.1621,0.0000,8
4.7322,0.0000,0
6.7373,0.0000,0
3.6680,0.0000,0
4.1377,0.0000,0
6.1236,0.0000,0
4.6800,0.0000,0
1.9054,0.0000,0
6.9045,0.0000,5
2.2134,0.0000,0
4.8585,0.0000,0
5.0862,0.0000,0
3.7310,0.0000,0
7.4470,0.0000,0
5.8204,0.0000,0
6.0038,0.0000,0
5.9555,0.0000,3
4.9789,0.0000,0
4.8596,0.0000,0
2.0141,0.0000,0
2.4547,0.0000,5
5.3351,0.0000,0
4.6579,0.0000,0
7.4520,0.0000,0
5.1834,0.0000,0
2.0864,0.0000,0
2.4723,0.0000,4
2.4171,0.0000,0
5.0244,0.0000,0
5.2850,0.0000,0
4.5714,0.0000,0
6.5150,0.0000,1
5.1927,0.0000,0
5.3205,0.0000,0
6.1593,0.0000,0
4.8602,0.0000,0
5.0851,0.0000,0
5.3972,0.0000,8
4.0529,0.0000,0
4.7253,0.0000,0
4.8782,0.0000,0
4.5565,0.0000,0
5.6064,0.0000,0
4.5336,0.0000,0
6.1621,0.0000,0
6.3423,0.0000,0
6.5771,0.0000,0
3.7742,0.0000,0
2.9577,0.0000,0
3.8961,0.0000,0
5.7241,0.0000,0
3.7458,0.0000,1
5.5547,0.0000,0
6.1072,0.0000,3
4.0270,0.0000,2
7.1996,0.0000,0
4.8003,0.0000,0
1.1061,0.0000,0
4.7017,0.0000,1
8.4309,0.0000,3
3.7006,0.0000,3
2.4469,0.0000,0
4.3198,0.0000,0
5.3939,0.0000,0
3.4676,0.0000,0
5.4057,0.0000,0
2.1277,0.0000,4
5.2740,0.0000,5
4.5971,0.0000,5
2.5339,0.0000,2
5.7353,0.0000,0
2.9618,0.0000,0
5.0997,0.0000,0
6.8620,0.0000,0
6.4495,0.0000,0
5.9291,0.0000,3
2.0986,0.0000,0
2.4566,0.0000,1
7.1412,0.0000,2
6.7740,0.0000,0
2.6129,0.0000,2
7.7781,0.0000,2
5.5841,0.0000,0
5.6748,0.0000,0
5.1555,0.0000,4
3.8013,0.0000,0
3.8096,0.0000,0
5.7563,0.0000,1
5.6963,0.0000,1
5.4987,0.0000,0
4.3758,0.0000,0
6.2730,0.0000,0
4.9144,0.0000,0
6.0299,0.0000,0
2.6681,0.0000,2
3.5665,0.0000,0
6.5839,0.0000,0
3.6300,0.0000,0
5.6107,0.0000,0
1.5598,0.0000,3
4.8983,0.0000,1
3.2849,0.0000,0
3.5466,0.0000,0
5.5818,0.0000,0
6.2969,0.0000,0
6.1594,0.0000,3
6.2886,0.0000,0
5.6109,0.0000,0
5.0680,0.0000,1
4.0434,0.0000,0
5.3322,0.0000,0
2.8275,0.0000,0
4.4310,0.0000,1
4.9486,0.0000,4
3.7120,0.0000,7
1.0885,0.0000,4
5.9950,0.0000,0
2.8629,0.0000,0
3.9087,0.0000,0
5.5027,0.0000,2
