step,rl_roll_raw,rl_pitch_raw,rl_yaw_raw,baseline_roll_raw,baseline_pitch_raw,baseline_yaw_raw,pid_roll_raw,pid_pitch_raw,pid_yaw_raw,rl_roll_ema,rl_pitch_ema,rl_yaw_ema,baseline_roll_ema,baseline_pitch_ema,baseline_yaw_ema,pid_roll_ema,pid_pitch_ema,pid_yaw_ema
0,0.8876887559890747,1.334326148033142,18.189224243164062,1.2608232498168945,1.2440412044525146,18.168912887573242,1.4020017385482788,1.6571661233901978,18.16304588317871,0.8876887559890747,1.334326148033142,18.189224243164062,1.2608232498168945,1.2440412044525146,18.168912887573242,1.4020017385482788,1.6571661233901978,18.16304588317871
1,1.8582500219345093,2.8142271041870117,18.270105361938477,2.906583309173584,3.164616346359253,18.095911026000977,3.722426414489746,3.8385210037231445,18.103940963745117,0.8973943686485291,1.3491251575946808,18.190033054351808,1.2772808504104616,1.263246955871582,18.16818286895752,1.4252059853076935,1.6789796721935273,18.162454833984377
2,2.0794429779052734,3.304456949234009,18.407398223876953,4.928070068359375,5.003767490386963,17.894567489624023,5.773478984832764,5.424039840698242,18.01019859313965,0.9092148547410965,1.368678475511074,18.19220670604706,1.3137887425899508,1.3006521612167357,18.165446715164183,1.4686887153029442,1.7164302738785744,18.16093227157593
3,2.101853370666504,3.743049144744873,18.607648849487305,6.814529895782471,6.457081317901611,17.67723846435547,7.174892425537109,6.5331315994262695,17.927566528320312,0.9211412399003506,1.392422182203412,18.196361127481463,1.368796154121876,1.3522164527835845,18.160564632656097,1.525750752405286,1.7645972871340514,18.158598614143376
4,2.228137731552124,4.568021297454834,18.878063201904297,8.032143592834473,7.316128730773926,17.490976333618164,7.934743881225586,7.181596755981445,17.85004997253418,0.9342112048168684,1.4241781733559262,18.203178148225692,1.435429628509002,1.411855575563488,18.15386874966572,1.589840683693489,1.8187672818225253,18.155513127727282
5,2.34854793548584,5.559551239013672,19.189285278320312,8.636004447937012,7.7055745124816895,17.350994110107422,8.320613861083984,7.554063320159912,17.794105529785156,0.9483545721235581,1.4655319040125039,18.213039219526635,1.5074353767032822,1.4747927649326702,18.145840003270134,1.657148415467394,1.8761202422058991,18.151899051747858
6,2.5983119010925293,6.180237770080566,19.50153350830078,8.630309104919434,7.717072010040283,17.25847625732422,8.272852897644043,7.736851215362549,17.78118896484375,0.9648541454132479,1.5126789626731845,18.225924162414376,1.5786641139854438,1.5372155573837463,18.13696636581067,1.7233054602891607,1.9347275519374658,18.148191950878818
7,2.9473917484283447,6.498186111450195,19.823936462402344,8.1242094039917,7.330057621002197,17.208017349243164,7.805572032928467,7.677433967590332,17.80382537841797,0.9846795214433989,1.5625340341609548,18.241904285414254,1.6441195668855064,1.5951439780199308,18.127676875644998,1.7841281260155537,1.9921546160939945,18.14474828515421
8,3.274224042892456,6.463738918304443,20.18535041809082,7.232790946960449,6.709435939788818,17.188873291015625,7.034435749053955,7.277778148651123,17.86897850036621,1.0075749666578895,1.6115460830023898,18.261338746741018,1.700006280686256,1.6462868976376197,18.1182888397987,1.8366312022459377,2.045010851419566,18.14199058730633
9,3.6691951751708984,6.169752597808838,20.53172492980957,6.455206871032715,5.923514366149902,17.172100067138672,6.346423625946045,6.677552223205566,17.9748592376709,1.0341911687430196,1.6571281481504543,18.284042608571703,1.7475582865897206,1.6890591723227426,18.1088269520721,1.8817291264829388,2.091336265137426,18.140319273809975
10,3.785426139831543,5.569462299346924,20.463464736938477,5.968051910400391,4.999932765960693,17.26485252380371,5.984951972961426,5.85087776184082,18.121658325195312,1.061703518453905,1.696251489662419,18.30583682985537,1.7897632228278273,1.7221679082591221,18.100387207789417,1.9227613549477236,2.1289316801044595,18.14013266432383
11,4.090235233306885,4.960972309112549,20.61251449584961,5.868646144866943,4.016995906829834,17.267080307006836,6.208662509918213,4.997779369354248,18.287452697753906,1.0919888356024348,1.7288986978569203,18.32890360651531,1.8305520520482186,1.7451161882448294,18.09205413878159,1.9656203664974286,2.1576201569969577,18.14160586465813
12,4.480213165283203,4.862730979919434,20.646394729614258,6.049366474151611,3.0030219554901123,17.4665584564209,6.956731796264648,4.640194892883301,18.91374397277832,1.1258710788992423,1.7602370206775453,18.3520785177463,1.8727401962692525,1.7576952459172823,18.085799181957984,2.015531480795101,2.1824459043558213,18.14932724573933
13,4.965956211090088,5.155916690826416,21.389766693115234,6.6221537590026855,2.927550792694092,17.769412994384766,7.5343546867370605,4.507595539093018,19.312395095825195,1.1642719302211506,1.794193817379034,18.38245539949999,1.9202343318965869,1.7693938013850503,18.082635320082254,2.0707197128545207,2.205697400703193,18.160957924240186
14,5.587044715881348,5.571628570556641,21.267356872558594,7.262063026428223,3.505248546600342,18.168930053710938,7.353051662445068,4.420888423919678,19.742109298706055,1.2084996580777527,1.83196816491081,18.411304414230575,1.9736526188419032,1.7867523488372032,18.08349826741854,2.123543032350426,2.227849310935358,18.176769437984845
15,6.174132347106934,6.126388072967529,22.004749298095703,7.350662708282471,3.9103033542633057,18.52157211303711,6.867294788360596,4.4634246826171875,19.465526580810547,1.2581559849680446,1.8749123639913772,18.447238863069224,2.027422719736309,1.8079878588914642,18.08787900587473,2.170980549910528,2.250205064652176,18.1896570094131
16,6.74449348449707,6.4748687744140625,22.863698959350586,7.5021467208862305,4.633665084838867,18.275007247924805,6.512632369995117,4.899180889129639,19.274736404418945,1.3130193599633349,1.9209119280956042,18.49140346403204,2.082169959747808,1.8362446311509382,18.089750288295228,2.214397068111374,2.2766948228969506,18.20050780336316
17,7.123444557189941,6.812661170959473,23.48382568359375,7.67197322845459,5.375004768371582,18.694913864135742,6.556778907775879,5.434881687164307,19.850332260131836,1.371123611935601,1.969829420524243,18.541327686227657,2.138067992434876,1.8716322325231447,18.09580192405363,2.2578208865080187,2.3082766915396244,18.217006047930845
18,7.294658660888672,7.073454856872559,24.641128540039062,7.161048889160156,5.933513164520264,18.64302635192871,5.844506740570068,5.95553731918335,20.37105369567871,1.4303589624251316,2.0208656748877263,18.60232569476577,2.1882978014021286,1.9122510418431158,18.101274168332385,2.2936877450486395,2.344749297816062,18.238546524408324
19,7.071992874145508,7.312296390533447,25.995195388793945,6.939479827880859,6.17720890045166,18.40558433532715,5.875768184661865,6.296632766723633,20.62885284423828,1.4867753015423353,2.0737799820441833,18.676254391706053,2.235809621666916,1.9549006204292012,18.10431727000233,2.3295085494447716,2.3842681325051376,18.26244958760662
20,6.817351818084717,7.601985931396484,26.65428352355957,6.640652179718018,6.1848464012146,18.292266845703125,6.18917989730835,6.426535606384277,20.78104019165039,1.5400810667077591,2.1290620415377064,18.756034683024588,2.279858047247427,1.9972000782370554,18.10619676575934,2.3681052629234074,2.424690807243929,18.28763549364706
21,6.591716766357422,7.843223571777344,27.39175033569336,6.451723098754883,5.9986772537231445,18.6390380859375,6.325131893157959,6.13259744644165,20.949644088745117,1.590597423704256,2.186203656840103,18.842391839551276,2.3215766977625014,2.0372148499919165,18.11152517896112,2.407675529225753,2.461769873635906,18.31425557959804
22,6.270772933959961,8.169788360595703,28.522912979125977,6.16192102432251,5.693113327026367,18.280906677246094,5.955183982849121,5.802700996398926,21.177989959716797,1.637399178806813,2.246039503877659,18.939197050947023,2.359980141028102,2.073773834762261,18.11321899394397,2.4431506137619863,2.4951791848635363,18.342892923399226
23,5.997722625732422,7.912765026092529,28.321922302246094,5.5563435554504395,5.332092761993408,18.443634033203125,6.065853118896484,5.39086389541626,21.375375747680664,1.6810024132760693,2.3027067590998076,19.033024303460014,2.391943775172325,2.1063570240345726,18.11652314433656,2.4793776388133315,2.5241360319690638,18.373217751642038
24,6.409049987792969,7.61580753326416,28.78888511657715,5.551424503326416,4.957746982574463,18.441776275634766,5.64408540725708,5.166912078857422,21.67729377746582,1.7282828890212383,2.3558377668414514,19.130582911591183,2.423538582453866,2.1348709236199714,18.119775675649542,2.511024716497769,2.550563792437947,18.406258511900273
25,7.391859531402588,6.782393455505371,29.682464599609375,5.649524211883545,4.6507463455200195,18.485532760620117,5.292962074279785,4.8975300788879395,21.924728393554688,1.7849186554450518,2.4001033237280907,19.236101728471365,2.4557984387481633,2.160029677838972,18.123433246499246,2.5388440900755893,2.5740334553024473,18.44144321071682
26,8.849923133850098,6.612003803253174,30.847732543945312,5.7552642822265625,4.608188629150391,18.762439727783203,4.935714244842529,4.726737022399902,21.892763137817383,1.8555687002291024,2.4422223285233415,19.352218036626105,2.4887930971829473,2.184511267352086,18.129823311312087,2.5628127916232586,2.595560490973422,18.475956409987827
27,12.265057563781738,7.50870418548584,32.19255065917969,6.0455427169799805,4.826517581939697,18.46331024169922,4.955649375915527,4.727888107299805,21.89680290222168,1.959663588864629,2.4928871470929668,19.48062136285164,2.5243605933809175,2.210931330497962,18.133158180615958,2.5867411574661814,2.616883767136686,18.510164874910167
28,18.429304122924805,8.000307083129883,33.81273651123047,6.4096999168396,5.125358581542969,18.826990127563477,5.446134090423584,4.794375419616699,22.03669548034668,2.1243599942052307,2.547961346453336,19.62394251433543,2.5632139866155046,2.240075603008412,18.140096500085434,2.6153350867957554,2.638658683661486,18.545430180964534
29,15.179160118103027,8.066778182983398,37.45341110229492,6.135941028594971,5.364903926849365,19.07626724243164,6.15508508682251,4.866569995880127,22.303184509277344,2.254907995444209,2.603149514818637,19.802237200215025,2.598941257035299,2.271323886246822,18.149458207508896,2.650732586796023,2.6609377967836725,18.58300772424766
30,13.34619140625,8.400015830993652,36.75761413574219,6.341834545135498,5.4054765701293945,19.219877243041992,6.615999698638916,4.8817925453186035,22.671403884887695,2.3658208295522667,2.6611181779803874,19.971790969570296,2.6363701899163012,2.3026654130856476,18.160162397864227,2.690385257914452,2.683146344269022,18.62389168585406
31,15.5635347366333,9.410348892211914,33.70387268066406,6.340656757354736,5.376977920532227,19.45537757873535,7.0522565841674805,5.012673854827881,22.76026725769043,2.497797968623077,2.7286104851227027,20.109111786681233,2.6734130555906854,2.3334085381601137,18.17311454967294,2.7340039711769824,2.7064416193746106,18.66525544157242
32,21.052371978759766,10.26716136932373,35.20851135253906,6.518032073974609,5.385908603668213,19.659250259399414,7.094198226928711,5.4308857917785645,22.942277908325195,2.6833437087244443,2.803995993964713,20.26010578233981,2.7118592457745248,2.363933538815195,18.187975906770202,2.7776059137344995,2.7336860610986498,18.708025666239948
33,25.07541275024414,11.288071632385254,39.13502502441406,6.639754772186279,5.329028606414795,19.663070678710938,6.977137088775635,6.027207374572754,22.4322509765625,2.9072643991396414,2.888836750348919,20.448854974760554,2.7511382010386423,2.393584489491191,18.202726854489608,2.8196012254849108,2.766621274233391,18.745267919343174
34,18.528566360473633,12.602904319763184,42.0892219543457,6.621672630310059,5.210220813751221,19.668710708618164,6.778350353240967,6.387316703796387,22.347871780395508,3.0634774187529814,2.985977426043062,20.665258644556406,2.7898435453313564,2.421750852733791,18.217386693030893,2.8591887167624717,2.802828228529021,18.7812939579537
35,18.128185272216797,11.528999328613281,40.57830047607422,6.485269069671631,5.116790771484375,19.259254455566406,7.553952693939209,6.348745822906494,21.913515090942383,3.21412449728762,3.0714076450687644,20.864389062871584,2.8267978005747594,2.448701251921297,18.22780537065625,2.906136356534239,2.838287404472796,18.812616169283586
36,20.69371223449707,11.848716735839844,38.70679473876953,6.318813800811768,5.189844608306885,19.422128677368164,8.198330879211426,5.871081829071045,22.22176170349121,3.3889203746597145,3.1591807359764754,21.042813119630562,2.8617179605771295,2.4761126854851527,18.23974860372337,2.959058301761011,2.8686153487187784,18.84670762462566
37,27.044464111328125,13.74197006225586,40.89345169067383,6.110741138458252,5.329478740692139,19.494441986083984,8.28636360168457,5.333889961242676,22.764934539794922,3.625475812026399,3.265008629239269,21.241319505340996,2.894208192355941,2.5046463460372226,18.252295537546974,3.012331354760247,2.8932680948440175,18.885889893777353
38,30.249666213989258,12.827425956726074,40.101539611816406,5.955175399780273,5.289510250091553,19.47010040283203,7.776646137237549,5.298660755157471,23.30031394958496,3.8917177160460277,3.360632802514137,21.42992170640575,2.9248178644301843,2.532494985077766,18.264473586199827,3.05997450258502,2.917322021447152,18.93003413433543
39,23.035036087036133,11.975198745727539,41.75071334838867,6.019457817077637,5.204535961151123,19.392738342285156,7.31344747543335,5.659770965576172,23.192541122436523,4.083150899755929,3.446778461946271,21.63312962282558,2.9557642639566586,2.5592153948384997,18.27575623376068,3.102509232313503,2.944746510888442,18.97265920421644
40,23.770164489746094,12.002754211425781,39.98270034790039,6.5667572021484375,5.378763198852539,19.72620391845703,7.927042484283447,5.784924030303955,22.65575408935547,4.280021035655831,3.5323382194410664,21.81662533007633,2.9918741933385764,2.58741087287864,18.290260710607644,3.1507545648332025,2.9731482860825973,19.009490153067834
41,31.870059967041016,14.562068939208984,44.22130584716797,6.5429606437683105,5.647953510284424,20.03921890258789,9.748369216918945,5.339591979980469,22.526477813720703,4.555921424969682,3.642635526638746,22.04067213524725,3.027385057842874,2.6180162992526976,18.307750292527448,3.2167307113540597,2.996812723021576,19.04466002967436
42,37.195682525634766,15.912313461303711,50.55868148803711,6.9036455154418945,5.8047261238098145,20.296846389770508,11.36943531036377,5.060463905334473,22.71962547302246,4.882319035976333,3.7653323059853956,22.325852228775148,3.066147662418864,2.6498833974982685,18.327641253499877,3.2982577573441567,3.017449234844705,19.08140968410784
43,34.46067810058594,16.97223472595215,54.01325988769531,7.2131805419921875,5.894840240478516,20.642919540405273,13.494471549987793,5.658772945404053,23.03847885131836,5.1781026266224295,3.897401330185063,22.642726305364352,3.1076179912145974,2.682332965928071,18.35079403636893,3.400219895270593,3.0438624719502987,19.120980375779947
44,25.294384002685547,14.78278923034668,44.75161361694336,7.160651206970215,5.94953727722168,20.560171127319336,15.747365951538086,7.217123031616211,22.902708053588867,5.379265440383061,4.006255209186679,22.86381517848014,3.1481483233721534,2.715005009041007,18.372887807278435,3.523691355833268,3.085595077546958,19.158797652558036
45,36.126808166503906,16.549182891845703,43.4572639465332,7.170837879180908,5.835920810699463,20.74727439880371,19.24688148498535,9.77807903289795,24.464296340942383,5.68674086764427,4.1316844860132695,23.069749666160675,3.1883752189302412,2.7462141670575915,18.39663167319369,3.680923257124789,3.1525199171004674,19.21185263944188
46,38.51571273803711,16.073158264160156,43.521766662597656,7.240944862365723,5.945277690887451,21.064281463623047,7.385119438171387,5.434133052825928,23.001205444335938,6.015030586348199,4.251099223794738,23.274269836125047,3.228900915364596,2.77820480229589,18.423308171097982,3.717965218935255,3.175336048457722,19.24974616749082
47,30.77370262145996,16.30231475830078,45.27104187011719,7.179641246795654,6.170359134674072,21.470006942749023,7.039466857910156,6.067145824432373,23.385343551635742,6.262617306699316,4.371611379139798,23.49423755646497,3.268408318678907,2.8121263456196717,18.453775158814494,3.751180235325004,3.2042541462174685,19.29110214133227
48,27.48140525817871,13.499326705932617,40.551963806152344,7.203681945800781,6.337806224822998,21.466188430786133,7.252129077911377,6.755181789398193,23.357759475708008,6.47480518621411,4.462888532407726,23.664814818961844,3.3077610549501255,2.8473831444117046,18.48389929153421,3.786189723750868,3.2397634226492755,19.331768714676027
49,26.956748962402344,12.527874946594238,42.02589797973633,7.29627799987793,6.511693954467773,21.850309371948242,9.152639389038086,6.816891670227051,23.100805282592773,6.679624623975992,4.543538396549591,23.848425650569588,3.3476462243994036,2.8840262525122653,18.517563392338353,3.83985422040374,3.2755347051250534,19.369459080355195
50,29.318035125732422,14.550466537475586,46.19607162475586,7.111064434051514,6.760513782501221,22.119068145751953,11.57302188873291,6.298262596130371,23.235151290893555,6.906008728993556,4.643607677958851,24.071902110311452,3.3852804064959248,2.9227911278121548,18.55357843987249,3.9171858970870317,3.3057619840351062,19.408116002460577
51,35.87626647949219,15.130661010742188,46.591434478759766,7.0168890953063965,6.948230266571045,22.42388343811035,13.665596961975098,6.089613437652588,23.8096923828125,7.195711306498542,4.748478211286685,24.297097433995937,3.4215964933840293,2.963045519199744,18.59228148985487,4.014670007735912,3.3336004985712813,19.452131766264095
52,39.54898452758789,13.550381660461426,48.09815216064453,7.464758396148682,6.745864391326904,22.82856559753418,15.23219108581543,7.176867485046387,24.708194732666016,7.519244038709436,4.836497245778432,24.53510798126242,3.4620281124116756,3.0008737079210155,18.63464433093166,4.126845218516707,3.3720331684360323,19.504692395928114
53,29.510746002197266,10.018471717834473,50.87916564941406,8.227021217346191,6.432700157165527,23.178871154785156,15.732270240783691,9.773882865905762,26.2542781829834,7.739159058344315,4.888316990498993,24.798548557943935,3.509678043461021,3.0351919724134606,18.680086599170195,4.2428994687393775,3.43605166541073,19.572188253798664
54,23.129480361938477,12.374727249145508,48.42548751831055,8.836493492126465,6.798203468322754,23.772762298583984,12.435729026794434,12.659584045410156,28.72453498840332,7.893062271380257,4.963181093085458,25.0348179475476,3.5629461979476758,3.0728220873725536,18.731013356164333,4.324827764319928,3.5282869892107245,19.66371172114471
55,18.983646392822266,16.089557647705078,44.93590545654297,8.764710426330566,7.960190773010254,24.032608032226562,19.065929412841797,8.688863754272461,23.939531326293945,8.003968112594677,5.074444858631654,25.233828822637555,3.6149638402315047,3.1216957742289306,18.784029302924957,4.472238780805147,3.5798927568613417,19.706469917196202
56,31.352399826049805,18.215618133544922,43.42069625854492,8.527608871459961,9.50888442993164,23.34847640991211,16.48125457763672,7.250514984130859,23.84130096435547,8.23745242972923,5.205856591380788,25.41569749699663,3.6640902905437893,3.1855676607859578,18.829673773994827,4.592328938773463,3.616598979134037,19.747818227667796
57,38.678565979003906,17.896879196166992,40.560447692871094,13.900729179382324,9.18419361114502,22.04248046875,14.401951789855957,6.747282028198242,24.027082443237305,8.541863565221977,5.3327668174286496,25.567144998955374,3.7664566794321748,3.2455539202895483,18.86180184094238,4.690425167284288,3.647905809624679,19.79061086982349
58,29.036453247070312,13.3184175491333,39.001529693603516,15.683738708496094,7.176036834716797,21.967708587646484,12.291760444641113,6.762429714202881,24.128416061401367,8.74680946204046,5.412623324745696,25.701488845901856,3.885629499722814,3.284858749433821,18.89286090840942,4.766438520057856,3.679051048670461,19.83398892173927
59,31.15403938293457,12.63398551940918,40.199623107910156,14.869436264038086,6.996404647827148,22.310667037963867,8.16928482055664,6.5671868324279785,24.120798110961914,8.970881761249402,5.484836946692331,25.84647018852194,3.995467567365967,3.3219742084177546,18.927038969704967,4.800466983062845,3.7079324065080357,19.876857013631493
60,21.927518844604492,12.612895011901855,42.86388397216797,12.098942756652832,8.457881927490234,23.07328224182129,8.524043083190918,6.569154262542725,24.60455894470215,9.100448132082953,5.556117527344426,26.016644326358403,4.076502319258836,3.3733332856084797,18.968501402426128,4.837702744064125,3.7365446250683827,19.9241340329422
61,22.97433853149414,10.691766738891602,40.27493667602539,8.954328536987305,10.226819038391113,24.18344497680664,8.8041353225708,6.8102874755859375,25.553470611572266,9.239187036077064,5.6074740194598975,26.15922724985507,4.125280581436121,3.4418681431363063,19.020650838169935,4.877367069849192,3.7672820535735583,19.980427398728498
62,23.85695457458496,12.188299179077148,39.30657196044922,9.196442604064941,9.401834487915039,23.14771842956543,8.652399063110352,7.220043659210205,26.37800407409668,9.385364711462143,5.67328227105607,26.290700696961014,4.175992201662409,3.5014678065840936,19.061921514083892,4.915117389781804,3.801809669629925,20.04440316548218
63,26.198816299438477,15.98471736907959,39.85310363769531,12.164299011230469,10.28503704071045,22.381248474121094,8.332714080810547,7.5487284660339355,26.84308433532715,9.553499227341907,5.776396622036306,26.42632472636836,4.25587526975809,3.569303498925357,19.095114783684263,4.949293356692091,3.8392788575939654,20.11238997718063
64,29.479753494262695,17.63776206970215,43.85462951660156,18.104707717895508,9.595924377441406,20.794742584228516,8.110810279846191,7.509791374206543,27.27589988708496,9.752761770011116,5.895010276512965,26.600607774270692,4.394363594239464,3.629569707710518,19.112111061689706,4.980908525923632,3.8759839827600913,20.18402507627967
65,31.862247467041016,14.478510856628418,42.654632568359375,19.766338348388672,7.694911479949951,20.628589630126953,7.761783599853516,7.153841018676758,27.420230865478516,9.973856626981416,5.980845282314119,26.761148022211582,4.5480833417809565,3.670223125432912,19.12727584737408,5.008717276662931,3.908762553119258,20.25638713417166
66,31.369478225708008,12.81131649017334,45.35415267944336,17.414684295654297,9.367762565612793,21.114261627197266,7.6838226318359375,6.859447002410889,27.91791534423828,10.187812842968683,6.049149994392712,26.947078068783902,4.67674935131969,3.727198519834711,19.147145705172314,5.035468330214661,3.9382693976121743,20.333002416272326
67,34.28165817260742,14.741374015808105,41.992130279541016,10.229610443115234,11.007813453674316,24.30399513244629,8.474056243896484,7.201682090759277,28.541248321533203,10.42875129626507,6.136072234606866,27.09752859089147,4.732277962237646,3.800004669173107,19.198714199445053,5.069854209351479,3.9709035245436453,20.415084875324933
68,40.579132080078125,19.366262435913086,44.92526626586914,10.272911071777344,10.58547306060791,27.959667205810547,9.966917991638184,8.906438827514648,29.67816162109375,10.7302551041032,6.268374136619928,27.275805967641247,4.787684293333043,3.867859353087455,19.28632372950871,5.118824847174346,4.020258877573355,20.50771564278262
69,44.77692794799805,18.97968292236328,48.93550491333008,7.849493980407715,6.797961711883545,21.945152282714844,20.773792266845703,10.452232360839844,28.75501823425293,11.07072183254215,6.395487224477362,27.492402957098136,4.818302390203789,3.8971603766754157,19.312912015040773,5.2753745213710594,4.08457861240602,20.590188668697323
70,41.82050704956055,15.517509460449219,54.18556213378906,7.369117259979248,6.95089864730835,22.47719955444336,22.54501724243164,9.09489917755127,30.1953182220459,11.378219684712334,6.48670744683708,27.759334548865045,4.843810538901544,3.9276977593817453,19.344554890434797,5.448070948581666,4.134681818057472,20.686239964230808
71,33.213226318359375,11.177934646606445,44.563194274902344,7.476401329040527,7.113214015960693,22.515592575073242,24.748044967651367,10.752171516418457,33.6956901550293,11.596569751048804,6.533619718834774,27.92737314612542,4.870136446802934,3.9595529219475347,19.376265267281184,5.641070688772364,4.200856715041082,20.816334466138795
72,28.054840087890625,12.813238143920898,45.13416290283203,8.00396728515625,7.089942932128906,22.979970932006836,24.004737854003906,11.242696762084961,34.277984619140625,11.761152454417223,6.596415903085635,28.099441043692483,4.901474755186467,3.9908568220493486,19.41230232392844,5.824707360424679,4.2712751155115205,20.950950967668813
73,22.63786506652832,12.2572021484375,42.45598602294922,8.436247825622559,7.239688396453857,23.723461151123047,19.98995018005371,8.633454322814941,34.7238655090332,11.869919580538335,6.653023765539154,28.24300649348505,4.936822485890827,4.0233451377933935,19.455413912200385,5.966359788620969,4.314896907584555,21.088680113082457
74,26.642911911010742,12.973122596740723,38.814659118652344,8.299586296081543,7.9910969734191895,24.605117797851562,21.49359130859375,7.038393974304199,34.3213005065918,12.017649503843058,6.7162247538511695,28.348723019736724,4.970450123992734,4.063022656149651,19.506910951056895,6.121632103820698,4.3421318782517515,21.22100631701755
75,25.134117126464844,14.45970630645752,43.814151763916016,8.035512924194336,9.522355079650879,25.07483673095703,17.223018646240234,8.778916358947754,27.705612182617188,12.148814180069277,6.793659569377232,28.503377307178518,5.00110075199475,4.117615980384663,19.562590208855895,6.232645969244894,4.386499723058712,21.285852375673546
76,29.96103858947754,13.847983360290527,38.90549850463867,12.343070030212402,10.9190034866333,23.28635025024414,17.73594856262207,7.64326286315918,26.349580764770508,12.326936424163359,6.8642028072863654,28.60739851915312,5.074520444776926,4.185629855447149,19.59982780926978,6.347678995178666,4.419067354459717,21.336489659564513
77,30.835094451904297,11.977361679077148,36.93638229370117,17.113439559936523,8.703509330749512,23.681692123413086,8.553333282470703,8.264120101928711,26.971769332885742,12.512018004440769,6.9153343960042735,28.690688356898598,5.194909635928522,4.2308086502001725,19.64064645241121,6.369735538051587,4.457517881934407,21.392842456297725
78,30.0611629486084,13.502263069152832,35.600502014160156,16.999595642089844,8.26353931427002,24.343894958496094,10.460676193237305,10.279938697814941,28.576229095458984,12.687509453882445,6.981203682735759,28.759786493471214,5.312956495990136,4.2711359568408716,19.687678937472057,6.410644944603444,4.5157420900932115,21.46467632268934
79,23.078868865966797,12.634227752685547,37.35262680053711,13.347166061401367,10.145971298217773,25.57783317565918,18.93210220336914,10.249443054199219,26.10248565673828,12.791423048003288,7.037733923435257,28.84571489654187,5.393298591644248,4.3298843102546405,19.74658047985393,6.535859517191101,4.573079099734271,21.511054416029825
80,20.61066246032715,9.26050090789795,36.63687515258789,9.024823188781738,10.316679000854492,28.458505630493164,18.01592445373535,8.787301063537598,26.464794158935547,12.869615442126527,7.059961593279884,28.92362649910233,5.429613837615623,4.389752257160639,19.83369973136032,6.650660166556544,4.615221319372305,21.56059181345888
81,22.190093994140625,11.520061492919922,37.108428955078125,12.107236862182617,9.581361770629883,30.20962142944336,17.38165855407715,8.25738525390625,27.207216262817383,12.962820227646668,7.104562592276285,29.00547452366209,5.4963900678612925,4.4416683522953315,19.93745894834115,6.75797015043175,4.651642958717644,21.617058057952466
82,22.38827896118164,13.541341781616211,39.02490234375,16.622705459594727,8.506501197814941,30.78999900817871,16.836585998535156,8.622756958007812,28.565847396850586,13.05707481498202,7.168930384169684,29.105668801862972,5.607653221778627,4.482316680750528,20.045984348939523,6.858756308912785,4.691354098710546,21.686545951341447
83,14.135031700134277,14.145133018493652,38.01963806152344,9.904335021972656,7.953315734863281,26.01814842224121,17.069250106811523,8.87384033203125,29.85562515258789,13.067854383833543,7.238692410512924,29.194808494459576,5.650620039780567,4.517026671291656,20.10570598967254,6.960861246891772,4.733178961043753,21.768236743353913
84,23.879236221313477,12.724961280822754,35.64223861694336,12.217089653015137,7.848873615264893,27.179290771484375,22.0119571685791,9.05941104888916,31.286869049072266,13.175968202208342,7.293555099216022,29.259282795684413,5.716284735912913,4.550345140731388,20.176441837490657,7.111372206108646,4.7764412819222075,21.863423066411098
85,25.9298152923584,12.034412384033203,33.73782730102539,16.18001937866211,7.8692145347595215,28.496631622314453,24.30645179748535,9.088050842285156,31.5244197845459,13.303506673109842,7.340963672064193,29.304068240737823,5.820922082340404,4.58353383467167,20.259643735338894,7.283323002022413,4.819557377525837,21.960033033592445
86,31.508392333984375,11.74109935760498,34.10482406616211,18.586090087890625,7.846749305725098,30.09813690185547,16.866783142089844,8.297882080078125,31.058547973632812,13.485555529718587,7.384965028919601,29.352075798992065,5.948573762395907,4.616165989382203,20.35802866700406,7.379157603423087,4.85434062455136,22.05101818299285
87,27.60556983947754,11.673516273498535,38.33917999267578,12.460576057434082,7.6463398933410645,29.592021942138672,13.16136646270752,7.055849075317383,28.708635330200195,13.626755672816177,7.427850541365391,29.441946840928903,6.013693785346289,4.646467728421793,20.450368599755407,7.436979692015931,4.876355709059021,22.11759435446492
88,24.580947875976562,11.73294734954834,42.92396545410156,10.498929977416992,8.034635543823242,27.379756927490234,15.725113868713379,8.244404792785645,26.684974670410156,13.73629759484778,7.470901509447221,29.576767027060633,6.058546147266996,4.6803494065758064,20.519662483032754,7.519861033782906,4.910036199896286,22.163268157624373
89,19.35030746459961,12.657955169677734,40.54866027832031,19.524198532104492,8.576369285583496,25.251646041870117,17.967458724975586,7.573056221008301,25.081995010375977,13.792437693545299,7.522772046049526,29.68648595957323,6.193202671115371,4.719309605365884,20.566982318621125,7.624337010694832,4.9366664001074065,22.19245542615189
90,29.652381896972656,13.236358642578125,42.45669174194336,15.84186840057373,7.9534525871276855,25.742582321166992,7.961159706115723,6.757152557373047,25.320865631103516,13.951037135579572,7.579907912014812,29.81418801739693,6.289689328409954,4.751651035183501,20.61873831864658,7.6277052376490415,4.954871261680063,22.223739528201406
91,27.33624267578125,10.892595291137695,39.21029281616211,8.902109146118164,7.993020534515381,25.961381912231445,8.332066535949707,6.80313777923584,25.977354049682617,14.084889190981588,7.61303478580604,29.90814906538458,6.3158135265870365,4.78406473017682,20.67216475458243,7.634748850632048,4.973353926855621,22.26127567341622
92,25.596302032470703,12.389317512512207,39.198665618896484,8.812774658203125,8.21159553527832,26.210643768310547,8.768746376037598,6.969424247741699,25.97015380859375,14.20000331939648,7.660797613073101,30.0010542309197,6.340783137903197,4.818340038227835,20.72754954471971,7.646088825886102,4.993314630064482,22.298364454767995
93,22.399593353271484,15.31401252746582,40.83084487915039,9.08945369720459,8.194419860839844,26.568567276000977,9.32512378692627,7.2917985916137695,26.277624130249023,14.28199921973523,7.737329762217029,30.109352137402006,6.368269843496211,4.852100836453955,20.785959722032523,7.662879175496504,5.016299469679975,22.338157051522806
94,22.921722412109375,13.167377471923828,38.70103454589844,9.449580192565918,8.204235076904297,26.953386306762695,9.806268692016602,7.768880367279053,26.568832397460938,14.36839645165897,7.791630239314097,30.19526896148697,6.399082946986908,4.885622178858458,20.847633987879824,7.684313070661704,5.043825278655966,22.380463804982185
95,29.132070541381836,11.074017524719238,37.77936553955078,9.878771781921387,8.2716064453125,27.27068519592285,10.147455215454102,8.407240867614746,27.2142276763916,14.516033192556199,7.824454112168149,30.27110992726761,6.433879835336253,4.919482021522999,20.911864499960252,7.708944492109628,5.077459434545554,22.42880144369628
96,31.21293830871582,10.516722679138184,34.342891693115234,10.261659622192383,8.027170181274414,27.546144485473633,10.163036346435547,8.795090675354004,27.741283416748047,14.683002243717796,7.851376797837849,30.311827744926084,6.472157633204814,4.9505589031205135,20.978207299815388,7.733485410652888,5.114635746953639,22.4819262634268
97,34.97456359863281,12.79769515991211,36.98701858520508,10.800545692443848,7.164187431335449,27.675630569458008,10.002460479736328,8.622321128845215,28.17267608642578,14.885917857266946,7.900839981458592,30.378579653328874,6.515441513797204,4.972695188402663,21.045181532511812,7.756175161343722,5.149712600772554,22.538833761656793
98,30.822656631469727,14.530364036560059,44.82220458984375,11.022746086120605,6.522432327270508,28.40686798095703,10.045632362365723,7.872737884521484,28.589187622070312,15.045285245008975,7.967135222009607,30.52301590269402,6.560514559520438,4.988192559791342,21.118798396996265,7.779069733353942,5.1769428536100435,22.599337300260927
99,21.596431732177734,13.189279556274414,45.145347595214844,11.226981163024902,7.101691246032715,29.124536514282227,10.415701866149902,7.340047359466553,29.5463809967041,15.110796709880661,8.019356665352255,30.66923921961923,6.607179225555483,5.009327546653756,21.198855778169122,7.805436054681901,5.1985738986686085,22.66880773722536
100,27.88991355895996,13.206221580505371,41.213966369628906,11.613417625427246,8.962111473083496,29.70527458190918,8.923872947692871,7.472357749938965,28.44066047668457,15.238587878371455,8.071225314503787,30.774686491119326,6.657241609554201,5.048855385918053,21.283919966206522,7.816620423612011,5.221311737181312,22.726526264619952
101,34.93220901489258,13.593231201171875,38.24119567871094,16.030879974365234,10.371541976928711,29.277372360229492,8.751882553100586,8.385849952697754,28.735435485839844,15.435524089736665,8.126445373370467,30.84935158299524,6.750977993202311,5.102082251828159,21.36385449014675,7.825973044906896,5.252957119336476,22.78661535683215
102,29.802616119384766,12.419700622558594,38.704959869384766,19.57071304321289,10.774869918823242,30.488361358642578,9.685369491577148,9.804985046386719,28.100923538208008,15.579195010033146,8.16937792586235,30.927907665859138,6.879175343702417,5.158810128498111,21.45509955883171,7.844567009373598,5.298477398606979,22.83975843864591
103,23.51668930053711,14.041182518005371,38.94919204711914,24.630075454711914,11.61018180847168,32.121089935302734,15.165355682373047,9.400655746459961,27.597148895263672,15.658569952938185,8.22809597178378,31.008120509671738,7.0566843448125125,5.2233238452978465,21.561759462596417,7.917774896103593,5.3394991820855084,22.887332343212087
104,21.763681411743164,13.582181930541992,38.98515701293945,20.745248794555664,12.253473281860352,29.197099685668945,17.07175064086914,7.535634994506836,28.24658966064453,15.719621067526235,8.281636831371362,31.087890874704414,7.193569989309944,5.293625339663472,21.638112864827143,8.009314653551248,5.361460540209722,22.94092491638641
105,28.74774169921875,9.47875690460205,36.35239791870117,18.742721557617188,11.80998706817627,29.38816261291504,17.335758209228516,6.915577411651611,29.16305923461914,15.84990227384316,8.29360803210367,31.140535945144382,7.309061504993016,5.3587889569486,21.71561336230802,8.102579089108021,5.3770017089241415,23.003146259568737
106,22.506786346435547,9.617358207702637,34.680686950683594,18.404481887817383,10.149574279785156,30.8800048828125,16.93163299560547,8.676627159118652,30.649932861328125,15.916471114569083,8.30684553385966,31.175937455199772,7.42001570882126,5.406696810176966,21.807257277513063,8.190869628172996,5.409997963426087,23.079614125586332
107,17.810571670532227,10.088186264038086,35.7841682434082,16.041566848754883,8.22398567199707,27.019140243530273,16.88860511779785,10.715303421020508,33.98222351074219,15.935412120128715,8.324658941161445,31.222019763081857,7.506231220220596,5.434869698795167,21.859376107173233,8.277846983069244,5.463051018002032,23.188640219437893
108,21.754487991333008,11.079804420471191,40.01475524902344,14.593708038330078,9.547456741333008,27.724573135375977,9.618825912475586,10.286391258239746,33.12879180908203,15.993602878840758,8.352210395954543,31.309947117941274,7.577105988401691,5.475995569220545,21.918028077455258,8.291256772363306,5.511284420404409,23.288041735334332
109,24.13337516784668,11.70617389678955,39.538509368896484,9.822516441345215,10.05850887298584,27.620758056640625,9.541125297546387,10.099566459655762,30.50543785095215,16.075000601730817,8.385750030962894,31.392232740450826,7.599560092931125,5.521820702258198,21.975055377247113,8.303755457615136,5.557167240796923,23.36021569649051
110,23.550350189208984,11.950185775756836,40.42132568359375,10.811786651611328,10.087613105773926,29.644826889038086,14.731266021728516,10.077677726745605,30.165000915527344,16.149754097605598,8.421394388410834,31.482523669882255,7.631682358517927,5.567478626293355,22.051753092365022,8.36803056325627,5.60237234565641,23.428263548680878
111,24.62856674194336,13.62302017211914,42.14558410644531,10.16309928894043,7.448573589324951,28.089740753173828,16.609729766845703,8.452644348144531,31.053489685058594,16.234542224048976,8.473410646247917,31.589154274247885,7.656996527822153,5.586289575923671,22.11213296897311,8.450447555292165,5.630875065681291,23.504515810044655
112,29.926759719848633,14.905641555786133,40.22083282470703,10.240440368652344,7.289929389953613,28.635093688964844,16.182348251342773,8.741089820861816,32.04647445678711,16.37146439900697,8.5377329553433,31.675471059752475,7.682830966230454,5.603325974063971,22.177362576173028,8.52776656225267,5.661977213233096,23.58993539651208
113,29.002527236938477,15.26351547241211,37.955360412597656,10.51818561553955,7.036783695220947,29.084686279296875,14.40368366241455,10.252242088317871,33.52347946166992,16.497775027386286,8.604990780513988,31.738269953280927,7.711184512723545,5.617660551275541,22.246435813204265,8.58652573325429,5.707879861983944,23.689270837163658
114,31.009397506713867,14.116140365600586,41.51764678955078,10.838903427124023,7.170285701751709,29.950332641601562,15.129640579223633,11.498350143432617,35.621429443359375,16.642891252179563,8.660102276364855,31.836063721643626,7.7424617018675495,5.633186802780303,22.323474781488237,8.651956881713982,5.765784564798431,23.808592423225615
115,30.374237060546875,15.143569946289062,42.69160842895508,11.215276718139648,7.826983451843262,30.80707550048828,18.60720443725586,11.406455993652344,34.324058532714844,16.780204710263238,8.724936953064097,31.94461916871674,7.77718985203027,5.655124769270933,22.40831078867824,8.7515093572694,5.8221912790869705,23.91374708432051
116,34.03378677368164,15.69938850402832,46.3978157043457,11.363874435424805,9.200581550598145,31.92521095275879,16.31547737121582,12.15695858001709,36.97599411010742,16.952740530897422,8.794681468573739,32.089151134073035,7.813056697864216,5.690579337084205,22.503479790319044,8.827149037408864,5.8855389520962715,24.04436955457838
117,38.55350875854492,15.23546314239502,39.933170318603516,11.347963333129883,11.136176109313965,33.095027923583984,13.724404335021973,9.82968807220459,34.141265869140625,17.168748213173895,8.859089285311951,32.16759132591834,7.8484057642168725,5.745035304806502,22.609395271651692,8.876121590384995,5.924980443297355,24.145338517724003
118,41.41826629638672,13.030497550964355,45.01175308227539,19.19704246520996,12.525834083557129,31.623821258544922,16.756940841674805,9.57885456085205,33.55074691772461,17.411243394006025,8.900803367968475,32.296032943481904,7.961892131226803,5.812843292594009,22.699539531520625,8.954929782897894,5.961519184472902,24.23939260172401
119,42.99217987060547,14.908573150634766,45.17792892456055,17.644023895263672,11.205253601074219,31.32647705078125,23.461509704589844,9.683324813842773,32.98079299926758,17.66705275877202,8.960881065795139,32.42485190329269,8.058713448867172,5.866767395678811,22.785808906713232,9.099995582114813,5.998737240766601,24.326806605699446
120,26.177152633666992,17.876773834228516,44.84575653076172,17.4974422454834,9.751054763793945,31.918399810791016,22.04532241821289,9.085245132446289,32.594512939453125,17.75215375752097,9.050039993479473,32.549060949567384,8.153100736833334,5.905610269359962,22.877134815754008,9.229448850475794,6.029602319683398,24.409483669036984
121,20.710311889648438,16.899581909179688,49.301090240478516,17.408267974853516,9.510972023010254,32.99203109741211,22.282638549804688,11.778782844543457,33.44929885864258,17.781735338842243,9.128535412636475,32.716581242476494,8.245652409213536,5.941663886896466,22.97828377857059,9.359980747469084,6.0870941249319985,24.49988182093304
122,28.663291931152344,12.238969802856445,43.3546142578125,17.41720962524414,10.895315170288086,34.71340560913086,13.3514404296875,12.470520973205566,33.79718780517578,17.89055090476534,9.159639756538676,32.82296157262985,8.337367981373841,5.991200399730382,23.095634996876193,9.399895344291268,6.150928393414734,24.592854880775466
123,24.105878829956055,9.543449401855469,34.97356033325195,18.017087936401367,12.468598365783691,37.09010696411133,14.642868995666504,12.502692222595215,36.226898193359375,17.95270418401725,9.163477852991845,32.84446756023607,8.434165180924117,6.055974379390916,23.235579716548546,9.45232508080502,6.214446031706539,24.709195313901304
124,22.852495193481445,9.373456954956055,36.10285949707031,25.48590850830078,13.46180534362793,35.6693115234375,18.822782516479492,12.055340766906738,38.57939910888672,18.00170209411189,9.165577644011487,32.87705147960441,8.604682614197884,6.1300326890332855,23.359917034617435,9.546029655161764,6.2728549790585415,24.84789735185116
125,21.554885864257812,12.09382152557373,36.395694732666016,20.197750091552734,13.677628517150879,37.61240005493164,21.328601837158203,13.419025421142578,39.22041320800781,18.03723393181335,9.194860082827109,32.91223791213503,8.720613288971432,6.205508647314462,23.50244186482058,9.663855376981727,6.344316683479382,24.991622510412725
126,22.346372604370117,14.801429748535156,37.75881576538086,20.84193229675293,11.778691291809082,35.98881530761719,23.247591018676758,13.293627738952637,32.845909118652344,18.080325318538918,9.25092577948419,32.96070369066749,8.841826479049248,6.261240473759408,23.627305599248547,9.799692733398677,6.4138097940341146,25.070165376495122
127,22.955778121948242,16.3464412689209,40.946250915527344,22.41507911682129,10.559192657470703,36.72642517089844,22.110313415527344,9.838040351867676,33.802337646484375,18.129079846573013,9.321880934378557,33.0405591629161,8.977559005426968,6.304219995596521,23.758296794965048,9.922798940219963,6.44805209961245,25.157487099195013
128,26.460491180419922,13.855223655700684,36.77741241455078,24.560998916625977,10.967484474182129,37.39495849609375,19.916711807250977,10.525507926940918,35.16786575317383,18.21239395991148,9.36721436159178,33.07792769543244,9.133393404538959,6.350852640382377,23.894663411976335,10.022738068890272,6.488826657885735,25.2575908857348
129,33.302001953125,14.202327728271484,39.8059196472168,24.78586769104004,11.915279388427734,37.28007125854492,15.528629302978516,12.412786483764648,37.608795166015625,18.363290039843616,9.415565495258576,33.14520761495029,9.28991814740397,6.40649690786283,24.02851749044202,10.077796981231154,6.548066256144524,25.381102928537608
130,26.358299255371094,14.2207612991333,43.43461608886719,21.803171157836914,13.19389533996582,38.000640869140625,21.647579193115234,12.188570022583008,35.01633834838867,18.44324013199889,9.463617453297324,33.24810169968946,9.4150506775083,6.4743708921838605,24.168238724229006,10.193494803349996,6.604471293808908,25.47745528273612
131,21.907108306884766,10.691402435302734,42.47562789916992,17.907869338989258,11.793923377990723,37.79862976074219,18.286582946777344,9.302971839904785,35.40298843383789,18.47787881374775,9.47589530311738,33.340376961684264,9.49997886412311,6.527566417041929,24.30454263459414,10.27442568478427,6.631456299269868,25.57671061424714
132,24.195451736450195,12.899460792541504,39.211429595947266,21.903112411499023,11.762500762939453,39.92887878417969,17.105554580688477,9.128944396972656,36.36419677734375,18.535054542974773,9.51013095801162,33.39908748802689,9.624010199596867,6.579915760500904,24.460785996089996,10.342736973743312,6.656431180246895,25.68458547587811
133,31.388776779174805,11.903474807739258,38.462646484375,17.970176696777344,12.00075626373291,37.49791717529297,16.34224510192871,10.674371719360352,38.352500915527344,18.663591765336772,9.534064396508898,33.44972307799037,9.707471864568673,6.6341241655332235,24.591157307882025,10.402732055025165,6.69661058563803,25.8112646302746
134,24.419702529907227,14.656050682067871,40.17937469482422,20.178241729736328,11.566131591796875,39.11841583251953,20.445093154907227,12.591413497924805,38.32319259643555,18.721152872982476,9.585284259364487,33.51701959415871,9.81217956322035,6.683444239795859,24.7364298931284,10.503155666023986,6.755558614760898,25.93638390993621
135,21.4544734954834,14.424107551574707,40.70294189453125,20.614551544189453,10.521818161010742,38.502044677734375,25.789949417114258,11.318743705749512,37.48131561279297,18.748486079207485,9.633672492286589,33.58887881716244,9.920203283030041,6.721827979008008,24.874086040974458,10.656023603534889,6.801190465670784,26.05183322696478
136,29.91209602355957,12.538116455078125,40.68880844116211,14.985337257385254,9.664060592651367,37.0610237121582,29.13873863220215,12.795973777770996,38.728271484375,18.860122178651004,9.662716931914504,33.659878113402435,9.970854622773594,6.751250305144442,24.995955417686297,10.840850753821561,6.8611382987917855,26.178597609538883
137,29.703968048095703,11.661637306213379,45.44761657714844,10.809601783752441,9.476455688476562,35.65281295776367,23.564476013183594,15.280840873718262,38.91633605957031,18.96856063734545,9.682706135657494,33.777755498039895,9.979242094383382,6.778502358977763,25.10252399308707,10.968087006415182,6.945335324541051,26.305974994039197
138,27.31694984436035,12.389892578125,43.724178314208984,10.670920372009277,9.841730117797852,36.25577926635742,17.86452865600586,12.281363487243652,37.95426559448242,19.0520445294156,9.709778000082169,33.87721972620159,9.986158877159642,6.809134636565964,25.21405654581977,11.03705142291109,6.998695606168076,26.42245790004363
139,29.22505760192871,12.505210876464844,44.01036071777344,10.670330047607422,10.499369621276855,37.03802490234375,22.56615447998047,12.885785102844238,37.22489547729492,19.153774660140733,9.737732328845997,33.978551136117304,9.99300058886412,6.846036986413073,25.33229622938501,11.152342453481783,7.057566501134838,26.53048227581614
140,27.094505310058594,11.80844497680664,42.26933288574219,10.865619659423828,11.562606811523438,37.26507568359375,27.219806671142578,10.843865394592285,33.664886474609375,19.23318196663991,9.758439455325602,34.06145895361355,10.001726779569717,6.8932026846641765,25.451624023927096,11.31301709565839,7.095429490069413,26.601826317804075
141,26.51100730895996,12.939064025878906,36.34587478637695,12.709732055664062,13.301444053649902,36.96955108642578,23.122102737426758,10.721603393554688,35.13740539550781,19.30596022006311,9.790245701031136,34.08430311194118,10.028806832330659,6.957285098354034,25.56680329455208,11.431107952076074,7.131691229104265,26.687182108581112
142,32.055973052978516,13.84583568572998,38.00605010986328,22.40999412536621,12.982914924621582,35.2912483215332,25.035972595214844,12.951104164123535,37.30966567993164,19.433460348392266,9.830801600878123,34.1235205819204,10.152618705261014,7.01754139661671,25.66404774482189,11.567156598507463,7.1898853584544575,26.793406944294617
143,34.62091827392578,13.320365905761719,39.89724349975586,26.865278244018555,10.601584434509277,36.423851013183594,20.265823364257812,13.798306465148926,35.92231369018555,19.5853349276476,9.86569724392696,34.18125781109876,10.31974530064859,7.053381826995635,25.77164577750551,11.654143266164967,7.255969569521403,26.884696011753526
144,35.84477996826172,17.408964157104492,40.666656494140625,29.954723358154297,12.318802833557129,38.341285705566406,21.588003158569336,12.775629043579102,34.9291877746582,19.747929378053744,9.941129913058735,34.246111797929174,10.516095081223648,7.10603603706125,25.89734217678612,11.753481865089011,7.311166164261979,26.965140929382574
145,16.5000057220459,14.276881217956543,41.305747985839844,24.711652755737305,16.241710662841797,40.01348114013672,19.735593795776367,9.627494812011719,34.080963134765625,19.715450141493665,9.984487426107712,34.316708159808286,10.658050657968786,7.197392783319055,26.038503566419624,11.833302984395885,7.334329450739476,27.036299151436406
146,20.845291137695312,13.486576080322266,38.81681442260742,23.98721694946289,16.822845458984375,43.99726486206055,19.025802612304688,9.048779487609863,34.493080139160156,19.72674855145568,10.019508312649858,34.361709222436275,10.791342320883729,7.293647310075708,26.218091179376035,11.905227980674974,7.35147395110818,27.110866961313643
147,22.63736343383789,15.761943817138672,36.561683654785156,23.243677139282227,14.336092948913574,42.22674560546875,16.451370239257812,9.328042984008789,34.06188201904297,19.755854700279503,10.076932667694747,34.38370896675976,10.915865669067715,7.364071766464087,26.378177723636963,11.950689403260803,7.371239641437186,27.180377111890934
148,33.89706802368164,13.652250289916992,36.41230392456055,26.989009857177734,14.11270523071289,38.956390380859375,18.332660675048828,10.221424102783203,34.678279876708984,19.897266833513523,10.11268584391697,34.40399491633777,11.076597110948814,7.431558101106575,26.503959850209185,12.014509115978685,7.3997414860506465,27.255356139539114
149,36.71931457519531,11.878185272216797,39.89028549194336,23.02736473083496,13.055984497070312,35.33127975463867,19.747343063354492,11.471526145935059,36.01585388183594,20.065487310930344,10.130340838199968,34.458857822093826,11.196104787147675,7.487802365066213,26.59223304925348,12.091837455452444,7.440459332649491,27.342961116962083
150,35.79638671875,13.952462196350098,45.50897216796875,22.342063903808594,11.008638381958008,37.2015266418457,13.490011215209961,11.869706153869629,38.3624382019043,20.22279630500854,10.16856205178147,34.56935896555258,11.307564378314284,7.523010725235132,26.6983259851794,12.105819193050019,7.484751800861692,27.453155887811505
151,32.641517639160156,13.175671577453613,46.52273178100586,23.936628341674805,10.304985046386719,38.525386810302734,10.318824768066406,10.766012191772461,34.78308868408203,20.346983518350058,10.19863314703819,34.68889269370712,11.43385501794789,7.550830468446648,26.816596593430635,12.087949248800184,7.5175644047708,27.52645521577421
152,29.385896682739258,9.40444278717041,40.44163131713867,24.583553314208984,12.082049369812012,38.377559661865234,11.024218559265137,11.321572303771973,34.66202163696289,20.43737264999395,10.190691243439513,34.74642007994144,11.5653520009105,7.596142657460302,26.932206224114978,12.077311941904833,7.555604483760812,27.597810879986096
153,28.477094650268555,8.552318572998047,41.059791564941406,18.84636116027832,10.107571601867676,36.40402603149414,13.736212730407715,11.6248197555542,34.5278205871582,20.517769869996695,10.174307516735098,34.809553794791434,11.63816209250418,7.621256946904376,27.026924422188767,12.093900949789862,7.596296636478746,27.667110977057817
154,18.272380828857422,9.504117012023926,39.76327133178711,14.767317771911621,10.493672370910645,37.8171501159668,18.247264862060547,11.380666732788086,35.1048469543457,20.495315979585303,10.167605611687987,34.85909097016139,11.669453649298255,7.649981101144439,27.134826679126547,12.155434588912568,7.634140337441839,27.741488336830695
155,20.08745002746582,10.642181396484375,40.63335037231445,10.85637378692627,10.21341609954834,36.691749572753906,21.907014846801758,11.152145385742188,36.772727966308594,20.49123732006411,10.172351369535951,34.91683356418292,11.661322850674535,7.675615451128477,27.23039590806282,12.252950391491462,7.669320387924842,27.831800733125473
156,13.88505744934082,10.112548828125,40.53255844116211,11.729315757751465,11.807877540588379,35.58355712890625,25.884429931640625,11.262774467468262,37.85680389404297,20.425175521356874,10.171753344121841,34.972990812952716,11.662002779745306,7.716938072023076,27.313927520271257,12.389265186892953,7.705254928720277,27.932050764734647
157,13.872873306274414,10.309874534606934,39.2611198425293,22.504663467407227,11.713961601257324,34.194679260253906,27.75098991394043,12.395297050476074,38.34172821044922,20.35965249920605,10.17313455602669,35.01587210324848,11.770429386621926,7.756908307315419,27.382735037671083,12.542882434163428,7.752155349937835,28.03614753919179
158,20.915727615356445,12.540725708007812,37.56174850463867,16.479984283447266,10.065028190612793,35.03902816772461,27.53596305847168,13.23743724822998,39.971229553222656,20.365213250367553,10.196810467546502,35.04133086726238,11.817524935590178,7.779989506148392,27.45929796897162,12.69281324040651,7.807008168920756,28.1554983593321
159,30.675193786621094,13.310941696166992,36.26966857910156,17.88788414001465,10.858566284179688,36.73021697998047,25.550016403198242,12.605670928955078,39.85323715209961,20.468313055730086,10.227951779832706,35.053614244380775,11.878228527634423,7.810775273928705,27.552007159081707,12.821385272034426,7.854994796521099,28.272475747259776
160,36.84481430053711,15.265380859375,37.573394775390625,19.067930221557617,11.244780540466309,36.85361099243164,22.681257247924805,11.784069061279297,37.25284957885742,20.632078068178156,10.278326070628129,35.078812049690875,11.950125544573655,7.845115326594081,27.645023197415206,12.91998399179333,7.894285539168681,28.362279485575755
161,30.04497718811035,14.271773338317871,43.3306999206543,18.002079010009766,11.083395957946777,36.27290344238281,23.3174991607666,14.637983322143555,36.974456787109375,20.72620705937748,10.318260543305026,35.16133092840051,12.010645079228016,7.877498132907609,27.731301999864883,13.023959143483063,7.96172251699843,28.44840125859109
162,32.62300491333008,14.947470664978027,41.67660903930664,15.468552589416504,10.717362403869629,35.725013732910156,14.526930809020996,13.174290657043457,37.41407775878906,20.845175037917006,10.364552644521757,35.22648370950957,12.045224154329901,7.905896775617229,27.81123911719534,13.038988860138442,8.013848198398879,28.53805802359307
163,26.05225372314453,14.676389694213867,45.031333923339844,12.47693157196045,9.966976165771484,34.17985153198242,13.839479446411133,11.617588996887207,36.711727142333984,20.897245824769282,10.407671015018677,35.32453221164787,12.049541228506206,7.9265075695187726,27.87492524134321,13.04699376600117,8.049885606383762,28.61979471478048
164,22.196910858154297,12.212799072265625,41.36968231201172,13.317549705505371,10.012726783752441,34.763797760009766,12.52572250366211,10.693355560302734,35.85009002685547,20.910242475103132,10.425722295591147,35.38498371265151,12.062221313276197,7.947369761661109,27.943813966529873,13.04178105337778,8.076320305922952,28.69209766790123
165,25.71889305114746,12.28739070892334,41.11175537109375,14.30254077911377,8.359416961669922,32.94639205932617,12.651227951049805,11.575252532958984,37.442508697509766,20.958328980863577,10.444338979724469,35.44225142923593,12.084624507934572,7.951490233661198,27.993839747457837,13.0378755223545,8.111309628193311,28.779601778197314
166,28.736162185668945,13.752053260803223,41.500675201416016,15.942626953125,8.482778549194336,33.38924026489258,15.93950366973877,13.162883758544922,39.81388473510742,21.036107312911632,10.477416122535256,35.50283566695773,12.123204532386477,7.956803116816529,28.047793752632185,13.066891803828344,8.161825369496826,28.889944607766413
167,29.0589656829834,11.11135482788086,43.51408004760742,16.944887161254883,10.03076457977295,34.04543685913086,25.79729461669922,12.644264221191406,38.69914627075195,21.116335896612348,10.483755509588713,35.58294811076423,12.171421358675161,7.977542731446094,28.107770183697173,13.194195831957053,8.206649758013773,28.98803662439627
168,25.46031379699707,12.299386978149414,39.81300735473633,12.63270378112793,12.341340065002441,37.045631408691406,23.82196044921875,11.200726509094238,37.584190368652344,21.159775675616196,10.50191182427432,35.62524870320395,12.176034182899688,8.021180704781658,28.19714879594712,13.30047347812967,8.236590525524578,29.07399816183883
169,28.056228637695312,15.326970100402832,43.23735046386719,8.614197731018066,9.084210395812988,34.303890228271484,19.367355346679688,9.398120880126953,35.44121170043945,21.228740205236985,10.550162407035604,35.70136972081058,12.140415818380871,8.031811001691972,28.258216210270362,13.361142296815169,8.248205829070601,29.137670297224837
170,27.04833984375,12.4132719039917,41.82889938354492,9.1403169631958,9.100897789001465,34.83690643310547,14.284806251525879,8.011336326599121,34.46937942504883,21.28693620162211,10.568793502005164,35.762645017437926,12.11041482982902,8.042501869565067,28.324003112498715,13.370378936362277,8.245837134045885,29.19098738850308
171,31.866348266601562,10.273895263671875,40.939517974853516,10.190950393676758,9.401999473571777,35.48555374145508,13.108631134033203,9.119864463806152,35.0908088684082,21.392730322271905,10.56584451962183,35.81441374701208,12.091220185467497,8.056096845605135,28.39561861878828,13.367761458338988,8.254577407343488,29.24998560330213
172,34.425743103027344,11.885139465332031,37.842323303222656,13.099109649658203,10.133777618408203,36.66610336303711,12.479314804077148,10.40446662902832,34.36805725097656,21.523060450079463,10.579037469078933,35.83469284257419,12.101299080109403,8.076873653333164,28.47832346623077,13.35887699179637,8.276076299560337,29.301166319778872
173,34.269256591796875,16.437862396240234,40.15421676635742,18.49213218688965,10.637412071228027,38.1839714050293,13.996711730957031,11.669260025024414,34.49257278442383,21.650522411496635,10.637625718350547,35.877888081812024,12.165207411177205,8.102479037512113,28.575379945618756,13.365255339187977,8.310008136814979,29.353080384425322
174,29.082551956176758,16.36396026611328,49.34040832519531,19.4405574798584,10.7823486328125,39.59423828125,14.482834815979004,11.894331932067871,33.55850601196289,21.724842706943434,10.694889063828175,36.012513284245856,12.237960911864016,8.129277733465116,28.685568528975068,13.376431133955887,8.345851374767507,29.3951346407007
175,30.949235916137695,14.889644622802734,49.448516845703125,13.296786308288574,10.644399642944336,35.822357177734375,16.495519638061523,10.723223686218262,34.489646911621094,21.817086639035377,10.73683661941792,36.146873319860426,12.248549165828262,8.154428952559908,28.75693641546266,13.407622018996943,8.369625097882015,29.446079763409905
176,38.18841552734375,15.010771751403809,44.0703239440918,15.511224746704102,11.505681037902832,35.700923919677734,15.666064262390137,10.723447799682617,35.421142578125,21.980799927918458,10.779575970737778,36.22610782610274,12.28117592163702,8.187941473413337,28.82637629050481,13.430206441430874,8.393163324900021,29.50583039155706
177,37.13808822631836,12.739737510681152,43.18025588989258,19.03845977783203,12.148077964782715,35.254051208496094,13.72302532196045,12.03581714630127,35.58941650390625,22.13237281090246,10.799177586137212,36.295649306740636,12.348748760198971,8.22754283832703,28.89065303968472,13.43313463023617,8.429589863114034,29.56666625268055
178,30.5264949798584,11.69548225402832,42.03215408325195,24.31017303466797,12.530779838562012,35.750885009765625,16.247365951538086,12.806259155273438,33.760009765625,22.21631403259202,10.808140632816123,36.353014354505746,12.468363002943661,8.27057520832938,28.95925535938553,13.461276943449189,8.473356556035627,29.608599687809996
179,22.7685546875,13.507865905761719,39.644805908203125,23.24028968811035,11.403878211975098,36.64328384399414,18.627450942993164,12.14298152923584,34.1473503112793,22.2218364391411,10.83513788554558,36.38593227004272,12.576082269795327,8.301908238365836,29.036095644231615,13.512938683444629,8.51005280576763,29.65398719404469
180,13.8358793258667,11.214966773986816,35.04039764404297,21.704816818237305,10.543272018432617,36.2318115234375,18.150516510009766,9.837355613708496,34.43309020996094,22.137976868008355,10.83893617442999,36.37247692378273,12.667369615279746,8.324321876166504,29.108052803023675,13.559314461710281,8.52332583384704,29.701778224203853
181,18.80525779724121,11.220534324645996,32.51976013183594,17.95303726196289,11.59794807434082,37.506744384765625,12.403067588806152,12.092172622680664,36.16368103027344,22.104649677300685,10.842752155932152,36.33394975586326,12.720226291746577,8.357058138148249,29.192039718841094,13.54775199298124,8.559014301735374,29.766397252264547
182,25.77815818786621,11.593793869018555,33.60464859008789,14.797447204589844,12.0737943649292,39.416629791259766,10.77213191986084,10.845799446105957,36.771141052246094,22.141384762406343,10.850262573063016,36.306656744205505,12.74099850087501,8.394225500416058,29.294285619565283,13.519995792250036,8.581882153179079,29.83644469026436
183,27.67772674560547,9.623745918273926,37.14308166503906,20.06768035888672,12.44210433959961,43.216400146484375,20.236743927001953,10.53467082977295,35.014896392822266,22.196748182238334,10.837997406515127,36.31502099341384,12.814265319455128,8.434704288807893,29.433506764834473,13.587163273597556,8.601410039945016,29.888229207289942
184,24.165586471557617,9.45266056060791,35.83146667480469,22.025516510009766,12.017667770385742,42.53366470336914,18.34820556640625,8.407428741455078,35.08403778076172,22.216436565131527,10.824144038056055,36.31018545022775,12.906377831360674,8.470533923623673,29.56450834421982,13.634773696525643,8.599470226960115,29.94018729302466
185,18.9593448638916,11.476346015930176,37.98663330078125,19.997732162475586,12.00744342803955,42.65484619140625,15.650116920471191,8.244180679321289,35.73849105834961,22.183865648119127,10.830666057834797,36.326949928733285,12.977291374671822,8.505903018667832,29.695411722691684,13.6549271287651,8.595917331483726,29.99817033067791
186,15.678206443786621,13.441610336303711,41.02980422973633,14.613409042358398,12.242218971252441,37.875789642333984,11.809216499328613,9.178759574890137,36.771636962890625,22.1188090560758,10.856775500619486,36.373978471743314,12.993652551348687,8.543266178193678,29.777215501888108,13.636470022470736,8.60174575391779,30.065904997000036
187,24.786170959472656,12.991935729980469,44.08027648925781,21.79445457458496,12.736037254333496,36.8177375793457,10.286666870117188,10.23175048828125,38.268672943115234,22.14548267510977,10.878127102913096,36.451041451918464,13.081660571581049,8.585193888955075,29.847620722662686,13.6029719909472,8.618045801261424,30.14793267646119
188,17.323078155517578,13.03493595123291,35.34125900268555,25.983901977539062,12.040515899658203,37.41443634033203,10.9082670211792,9.20815658569336,36.55252456665039,22.097258629913846,10.899695191396296,36.43994362742613,13.210682985640629,8.619747109062107,29.92328887883938,13.576024941249521,8.623946909105742,30.21197859536308
189,28.23077964782715,15.528998374938965,38.1030387878418,24.80498504638672,12.300463676452637,38.94055938720703,11.555804252624512,9.733829498291016,37.06627655029297,22.15859384009298,10.945988223231723,36.45657457903029,13.326626006248091,8.656554274736013,30.013461583923053,13.555822734363272,8.635045734997595,30.28052157491238
190,26.767391204833984,14.155302047729492,34.44468307495117,25.66214942932129,13.31109619140625,39.15217590332031,12.228503227233887,10.865078926086426,37.83446502685547,22.20468181374039,10.9780813614767,36.4364556639895,13.449981240478824,8.703099693902717,30.104848727117027,13.542549539291977,8.657346066908483,30.356061009431812
191,31.99165916442871,10.66097640991211,35.04548645019531,23.276155471801758,14.585741996765137,38.4388313293457,12.886604309082031,12.341070175170898,38.5601806640625,22.302551587247272,10.974910311961054,36.422545971851555,13.548242982792052,8.76192611693134,30.188188553139312,13.535990086989878,8.694183307991107,30.43810220597812
192,28.666885375976562,13.483098983764648,40.89954376220703,15.189565658569336,12.923185348510742,40.52859878540039,13.892374992370605,13.61044692993164,39.15471267700195,22.366194925134568,10.99999219867909,36.467315949755104,13.564656209549826,8.803538709247134,30.291592655461923,13.539553936043685,8.743345944210514,30.525268310688357
193,19.60568618774414,13.386950492858887,42.160133361816406,18.449392318725586,10.660167694091797,39.28601837158203,18.017656326293945,14.335773468017578,40.139068603515625,22.33858983776066,11.023861781620887,36.52424412387572,13.613503570641583,8.82210499909558,30.381536912623126,13.584334959946188,8.799270219448585,30.62140631361663
194,18.051481246948242,11.26199722290039,43.90115737915039,18.232036590576172,9.464576721191406,36.777889251708984,22.604785919189453,13.011234283447266,39.98121643066406,22.295718751852537,11.026243136033681,36.598013256428466,13.659688900840928,8.828529716316538,30.445500436013987,13.67453946953862,8.841389860088572,30.715004414787106
195,18.929141998291016,9.742278099060059,41.83205032348633,18.019901275634766,11.203022956848145,37.577579498291016,20.276206970214844,11.839522361755371,39.753700256347656,22.262052984316924,11.013403485663945,36.65035362709905,13.703291024588866,8.852274648721854,30.516821226636758,13.740556144545382,8.871371185105241,30.805391373202713
196,23.26886558532715,10.30222225189209,42.43364715576172,15.167060852050781,10.136582374572754,37.01606750488281,18.816387176513672,11.569268226623535,39.95992660522461,22.272121110327028,11.006291673326228,36.70818656238568,13.717928722863485,8.865117725980364,30.58181368941922,13.791314454865065,8.898350155520424,30.89693672552293
197,20.58296775817871,13.43707275390625,40.56390380859375,11.466652870178223,11.886632919311523,37.97161102294922,18.082134246826172,12.121532440185547,36.61552429199219,22.255229576805544,11.030599484132027,36.746743734847755,13.695415964336632,8.895332877913676,30.65571166275452,13.834222652784675,8.930581978367075,30.954122601187624
198,25.970422744750977,12.710784912109375,37.22319412231445,11.143272399902344,12.301071166992188,39.43028259277344,18.643476486206055,11.417055130004883,37.58765411376953,22.292381508485,11.0474013384118,36.751508238722415,13.66989452869229,8.92939026080446,30.74345737205471,13.882315191118888,8.955446709883452,31.020457916313443
199,29.62118911743164,12.128912925720215,38.398155212402344,11.854304313659668,10.222783088684082,37.90351867675781,18.828256607055664,12.58465576171875,38.30543518066406,22.365669584574466,11.058216454284885,36.76797470845922,13.651738626541963,8.942324189083257,30.81505798510174,13.931774605278255,8.991738800401805,31.09330768895695
200,25.200237274169922,15.196050643920898,37.82257080078125,13.9044771194458,11.11221981048584,39.20376968383789,21.83300018310547,12.466069221496582,41.10405349731445,22.39401526147042,11.099594796181245,36.77852066938244,13.654266011471002,8.964023145297283,30.8989451020891,14.010786861056527,9.026482104612754,31.19341514704053
201,30.269756317138672,15.457444190979004,44.338314056396484,17.6785888671875,12.869333267211914,41.12609100341797,15.66100788116455,11.776463508605957,39.10405731201172,22.4727726720271,11.143173290129223,36.85411860325258,13.694509240028166,9.003076246516429,31.00121656110239,14.027289071257607,9.053981918652685,31.27252156869024
202,39.57386779785156,14.381794929504395,50.98533630371094,20.463375091552734,14.917183876037598,43.07985305786133,16.06045150756836,12.394537925720215,39.14201736450195,22.643783623285348,11.175559506522974,36.995430780257166,13.762197898543413,9.062217322811641,31.122002926069978,14.047620695620715,9.087387478723361,31.351216526648358
203,40.13019561767578,14.318958282470703,52.98740768432617,24.534975051879883,14.18164348602295,39.729740142822266,17.706138610839844,13.15500259399414,39.470458984375,22.818647743229253,11.206993494282452,37.15535054929786,13.869925670076777,9.113411584443755,31.2080802982375,14.084205874772907,9.128063629876069,31.432408951225625
204,36.314659118652344,16.113441467285156,57.059364318847656,24.62203025817871,11.24682331085205,39.37986373901367,16.233867645263672,12.435733795166016,39.50450897216797,22.953607856983485,11.256057974012478,37.354390686993355,13.977446715957797,9.134745701707837,31.289798132645263,14.105702492477814,9.16114033152897,31.513129951435047
205,33.378570556640625,16.41986083984375,50.258460998535156,26.497833251953125,12.832385063171387,38.224544525146484,22.63583755493164,12.60185432434082,38.60866928100586,23.057857483980055,11.307696002670792,37.48343139010878,14.10265058131775,9.171722095322473,31.359145596570272,14.191003843102353,9.195547471457088,31.584085344730756
206,34.01266098022461,14.247175216674805,50.479984283447266,21.564302444458008,13.676102638244629,38.85069274902344,24.860830307006836,12.400186538696289,39.554771423339844,23.167405518942502,11.337090794810832,37.61339691904216,14.177267099949152,9.216765900751694,31.434061068094802,14.297702107741399,9.227593862129481,31.663792205516845
207,31.66840171813965,17.140975952148438,52.5724983215332,19.226940155029297,12.387639045715332,40.52640914916992,25.533554077148438,11.782755851745605,40.212196350097656,23.252415480934474,11.395129646384209,37.76298793306707,14.227763830499953,9.248474632201331,31.524984548905554,14.41006062743547,9.253145482025642,31.749276246962655
208,33.47869110107422,15.914770126342773,47.47996520996094,18.138057708740234,10.323479652404785,37.24225997924805,27.011293411254883,12.381166458129883,41.9686164855957,23.35467823713587,11.440326051183796,37.860157705836016,14.266866769282355,9.259224682403365,31.58215730320898,14.536072955273664,9.284425691786684,31.851469649348985
209,32.65840148925781,18.08245277404785,49.39419937133789,14.399707794189453,9.814919471740723,38.391380310058594,25.54167366027832,13.287924766540527,43.039981842041016,23.44771546965709,11.506747318412437,37.97549812249103,14.268195179531427,9.26478163029674,31.650249533277478,14.64612896232371,9.324460682534221,31.963354771275906
210,40.93476867675781,16.247032165527344,46.75016403198242,11.420058250427246,10.821659088134766,40.20480728149414,28.87677574157715,15.665254592895508,45.80381393432617,23.6225860017281,11.554150166883586,38.063244781585944,14.239713810240385,9.28035040487512,31.735795110759646,14.788435430116243,9.387868621637834,32.10175936290641
211,41.040592193603516,12.42860221862793,48.05437088012695,15.956113815307617,10.96109676361084,41.442535400390625,24.200103759765625,16.00790023803711,43.98520278930664,23.796766063646853,11.562894687401029,38.16315604257135,14.256877810291058,9.297157868462477,31.832862513655957,14.882552113412737,9.454068937801827,32.22059379717041
212,38.579471588134766,13.411457061767578,41.919925689697266,14.671201705932617,10.246078491210938,37.35133743286133,19.84463882446289,15.346805572509766,40.744781494140625,23.944593118891735,11.581380311144693,38.20072373904261,14.261021049247473,9.306647074689963,31.888047262848012,14.932172980523239,9.512996304148906,32.30583567414011
213,33.12953186035156,13.907161712646484,40.31978988647461,17.14790916442871,9.580378532409668,37.00698471069336,27.09908103942871,15.37419605255127,40.634521484375,24.036442506306333,11.604638125159711,38.22191440051693,14.289889930399285,9.30938438926716,31.939236637326466,15.053842061112295,9.571608301632931,32.38912253224246
214,26.582244873046875,15.99477481842041,46.98942184448242,19.100624084472656,10.316844940185547,37.588130950927734,25.19571876525879,11.394047737121582,38.562477111816406,24.061900529973737,11.64853949209232,38.30958947495658,14.337997271940019,9.319458994776346,31.99572558046248,15.155260828153759,9.589832695987818,32.4508560780382
215,25.966259002685547,13.370302200317383,43.40962219238281,20.60186004638672,13.632240295410156,37.45372009277344,25.295188903808594,9.798347473144531,38.61690139770508,24.080944114700856,11.66575711917457,38.360589802130846,14.400635899684486,9.362586807782684,32.05030552558559,15.256660108910307,9.591917843759385,32.51251653123487
216,22.885772705078125,12.523070335388184,43.79630661010742,22.0136661529541,17.722965240478516,36.25380325317383,26.534942626953125,11.76529598236084,40.268310546875,24.06899240060463,11.674330251336706,38.414946970210615,14.476766202217181,9.446190592109641,32.092340502861475,15.369442934090735,9.6136516251454,32.590074471391276
217,27.377683639526367,14.6234712600708,44.99661636352539,26.076881408691406,19.081052780151367,36.590843200683594,25.56414031982422,14.887594223022461,41.22531509399414,24.102079312993844,11.703821661424048,38.48076366414376,14.592767354281923,9.542539213990057,32.13732552983969,15.471389907948069,9.66639105112417,32.6764268776173
218,33.86856460571289,14.308451652526855,45.09724807739258,27.38694190979004,18.54517364501953,42.386993408203125,28.08521842956543,14.893857955932617,40.352622985839844,24.199744165921036,11.729867961335076,38.546928508276245,14.720709099837004,9.632565558300351,32.23982220862333,15.597528193164242,9.718665720172256,32.75318883869953
219,29.33685874938965,12.608368873596191,47.518516540527344,24.1132869720459,14.508456230163574,40.2294807434082,30.192346572875977,12.88856029510498,42.308467864990234,24.251115311755722,11.738652970457688,38.636644388598754,14.814634878559094,9.681324465018983,32.31971879397118,15.743476376961361,9.750364665921582,32.848741628962436
220,27.6772403717041,11.87016487121582,49.14604949951172,19.9619083404541,13.654977798461914,37.04350662231445,27.127710342407227,11.707623481750488,42.23527145385742,24.285376562355204,11.739968089465268,38.74173843970788,14.866107613178043,9.721060998353414,32.36695667225461,15.85731871661582,9.76993725407987,32.942606927211386
221,27.012380599975586,13.480185508728027,47.71961212158203,21.028778076171875,12.11155891418457,37.03524398803711,20.125843048095703,12.41848087310791,37.21265411376953,24.31264660273141,11.757370263657895,38.83151717652662,14.927734317807982,9.744965977511725,32.41363954541244,15.900003959930618,9.796422690270152,32.985307399076966
222,31.921926498413086,15.196490287780762,45.368473052978516,19.294042587280273,9.93974494934082,37.481876373291016,22.68523406982422,11.23418140411377,39.07959747314453,24.388739401688227,11.791761463899125,38.89688673529114,14.971397400502706,9.746913767230016,32.46432191369122,15.967856261029555,9.810800277408587,33.04625029981764
223,29.045625686645508,13.498351097106934,42.283695220947266,16.039762496948242,9.145243644714355,34.354679107666016,15.962298393249512,9.085792541503906,34.92312240600586,24.4353082645378,11.808827360231204,38.9307548201477,14.98208105146716,9.740897066004859,32.483225485630975,15.967800682351754,9.80355020004954,33.065019020879525
224,33.68917465209961,11.91284465789795,44.075469970703125,16.0822696685791,9.729097366333008,34.71351623535156,19.452913284301758,9.24528694152832,35.971839904785156,24.527846928413418,11.809867533207871,38.98220197165325,14.99308293763828,9.740779069008141,32.50552839312818,16.002651808371255,9.797967567464326,33.09408722971858
225,33.447696685791016,15.500762939453125,48.38311767578125,15.50494384765625,11.283077239990234,35.264503479003906,21.76366424560547,9.913601875305176,37.743873596191406,24.617045425987193,11.846776487270324,39.076211128694524,14.99820154673846,9.756202050717963,32.53311814398693,16.060261932743597,9.799123910542734,33.140585093383315
226,35.752296447753906,18.613677978515625,48.89772415161133,14.395502090454102,12.984467506408691,39.33024597167969,19.522544860839844,11.07003116607666,38.12432098388672,24.72839793620486,11.914445502182778,39.17442625892369,14.992174552175616,9.78848470527487,32.60108942226386,16.09488476202456,9.811832983098073,33.190422452288345
227,39.887760162353516,16.691570281982422,50.993404388427734,15.446280479431152,10.399547576904297,36.68439865112305,18.183883666992188,12.15963363647461,39.74650955200195,24.879991558466347,11.962216749980774,39.29261604021873,14.996715611448172,9.794595333991165,32.64192251455245,16.115774751074238,9.835310989631838,33.25598332328548
228,41.29351806640625,14.765480041503906,52.35500717163086,20.022029876708984,11.312066078186035,38.07793426513672,11.587629318237305,11.84118938446045,36.399845123291016,25.04412682354575,11.990249382896005,39.42323995153285,15.046968754100781,9.809770041433113,32.69628263205829,16.07049329674587,9.855369773580122,33.28742194128553
229,43.7905158996582,17.1538143157959,53.82530975341797,15.8959321975708,11.644553184509277,39.40583801269531,12.499899864196777,11.304497718811035,35.907798767089844,25.231590714306872,12.041885032225004,39.5672606495517,15.055458388535481,9.828117872863874,32.76337818586467,16.034787362420378,9.869861053032432,33.31362570954357
230,42.79804611206055,19.252105712890625,45.92908477783203,11.497379302978516,10.169703483581543,37.117103576660156,15.278112411499023,10.817667007446289,35.67054748535156,25.40725526828441,12.11398723903166,39.6308788908345,15.01987759767991,9.831533728971051,32.806915439772624,16.027220612911165,9.879339112576572,33.33719492730165
231,28.38902473449707,18.084569931030273,47.618202209472656,11.826591491699219,10.997604370117188,38.26728057861328,13.382670402526855,10.04346752166748,35.0476188659668,25.437072962946534,12.173693065951648,39.710752124020885,14.987944736620104,9.843194435382513,32.861519091161036,16.00077511080732,9.880980396667482,33.35429916668831
232,27.18849754333496,13.602458000183105,42.57985305786133,13.095292091369629,12.430856704711914,39.98043441772461,14.589959144592285,10.333483695983887,36.08587646484375,25.454587208750418,12.187980715293962,39.73944313335929,14.969018210167599,9.869071058075807,32.93270824442667,15.986666951145171,9.885505429660645,33.381614939669866
233,26.926496505737305,11.30434799194336,42.92454528808594,18.035572052001953,12.143681526184082,37.92544174194336,16.441143035888672,12.030908584594727,37.19534683227539,25.469306301720287,12.179144388060456,39.77129415490655,14.999683748585943,9.89181716275689,32.98263557940184,15.991211711992607,9.906959461209986,33.41975225859592
234,24.44333839416504,11.546723365783691,37.60095977783203,17.20599365234375,11.264850616455078,38.18880844116211,21.38572883605957,14.37806224822998,37.701316833496094,25.459046622644735,12.172820177837687,39.7495908111358,15.02174684762352,9.905547497293872,33.03469730801944,16.045156883233275,9.951670489080186,33.46256790434492
235,26.460725784301758,12.752559661865234,35.94963455200195,16.3714542388916,10.577692031860352,38.48310470581055,22.804500579833984,12.181726455688477,35.35212707519531,25.469063414261306,12.178617572677963,39.711591248544465,15.035243921536201,9.912268942639537,33.08918138199735,16.112750320199282,9.97397104874627,33.48146349605343
236,31.560569763183594,12.114212036132812,40.580936431884766,15.369315147399902,10.221039772033691,38.906158447265625,18.149898529052734,11.019903182983398,36.183563232421875,25.52997847775053,12.177973517312513,39.72028470037787,15.038584633794837,9.915356650933479,33.14735115265003,16.133121802287818,9.984430370088642,33.508484493417114
237,32.22383117675781,12.783973693847656,41.69633102416992,11.88886833190918,10.147826194763184,39.229251861572266,13.804739952087402,8.664997100830078,34.6408576965332,25.5969170047406,12.184033519077863,39.74004516361579,15.00708747077598,9.917681346371776,33.208170159739254,16.109837983785813,9.971236037396057,33.51980822544827
238,21.791187286376953,14.759634017944336,41.01038360595703,12.058509826660156,10.622633934020996,39.50251007080078,10.525870323181152,10.199769973754883,36.00321578979492,25.558859707556962,12.209789524066528,39.7527485480392,14.977601694334822,9.924730872248269,33.27111355884987,16.053998307179768,9.973521376759646,33.544642301091734
239,21.60416603088379,14.99998664855957,41.11281967163086,13.117047309875488,11.192766189575195,39.71192932128906,12.958820343017578,11.285490989685059,39.40481185913086,25.519312770790233,12.237691495311458,39.76634925927512,14.95899615049023,9.937411225421538,33.33552171647426,16.023046527538146,9.986641072888899,33.60324399667213
240,24.97768211364746,8.683877944946289,36.93151092529297,15.265693664550781,12.634343147277832,39.52143096923828,10.460295677185059,10.53089714050293,35.72888946533203,25.513896464218806,12.202153359807806,39.7380008759353,14.962063125630834,9.9643805446401,33.3973808090019,15.967419019034615,9.99208363356504,33.62450045135873
241,28.38036346435547,9.604799270629883,38.59933090209961,22.482316970825195,11.659337997436523,39.60490036010742,11.318843841552734,10.85480785369873,36.145267486572266,25.542561134220172,12.176179818916026,39.72661417619694,15.037265664082778,9.981330119168064,33.45945600451295,15.920933267259796,10.000710875766377,33.649708121710866
242,31.098342895507812,13.963871002197266,40.50236892700195,19.19949722290039,12.407488822937012,40.8624267578125,12.243131637573242,10.907113075256348,36.951133728027344,25.59811895183305,12.194056730748839,39.73437172370499,15.078887979670954,10.005591706205752,33.533485712045945,15.884155250962932,10.009774897761275,33.68272237777403
243,22.850643157958984,12.394881248474121,48.51681900024414,22.844228744506836,15.153219223022461,42.416709899902344,12.921120643615723,11.002822875976562,37.73855972290039,25.57064419389431,12.196064975926092,39.82219619647038,15.156541387319312,10.057067981373919,33.62231795392451,15.854524904889459,10.01970537754343,33.72328075122529
244,23.890668869018555,12.637751579284668,43.22761535644531,25.898303985595703,17.04046058654785,44.94792175292969,14.636163711547852,11.230535507202148,38.84418869018555,25.553844440645552,12.200481841959677,39.85625038807013,15.263959013302076,10.126901907425658,33.735573991914556,15.842341292956043,10.031813678840017,33.7744898306149
245,27.63665771484375,11.873254776000977,40.750431060791016,28.81264877319336,13.651360511779785,39.66056823730469,18.273481369018555,11.200809478759766,39.681095123291016,25.574672573387534,12.197209571300089,39.86519219479734,15.399445910900988,10.1621464934692,33.79482393436846,15.866652693716668,10.043503636839214,33.833555883541656
246,20.060535430908203,10.53022289276123,39.157691955566406,27.261157989501953,11.860732078552246,38.93492889404297,21.26537322998047,10.65691089630127,40.85466384887695,25.519531201962742,12.1805397045147,39.85811719240503,15.518063031687,10.179132349320032,33.84622498396521,15.920639899079307,10.049637709433835,33.90376696319501
247,18.438188552856445,10.32165813446045,36.39630889892578,24.11717414855957,12.295598983764648,38.830570220947266,18.402082443237305,9.76233196258545,40.68170166015625,25.448717775471682,12.161950888814157,39.82349910947024,15.604054142855725,10.200297015664477,33.89606843633503,15.945454324520886,10.046764651965352,33.97154631016463
248,17.525224685668945,13.936535835266113,37.027099609375,22.008180618286133,13.877997398376465,38.22145462036133,17.548946380615234,9.396829605102539,40.07740783691406,25.369482844573653,12.179696738278677,39.79553511446929,15.668095407610029,10.237074019491596,33.93932229817529,15.96148924508183,10.040265301496724,34.03260492543212
249,24.797054290771484,13.307904243469238,40.301055908203125,22.21727180480957,15.539813995361328,37.29862594604492,17.876867294311523,11.423578262329102,39.71183395385742,25.36375855903563,12.190978813330583,39.80059032240663,15.733587171582025,10.290101419250293,33.97291533465398,15.980643025574128,10.054098431105048,34.08939721571637
250,26.77356719970703,11.51407241821289,42.793113708496094,18.961952209472656,14.011685371398926,41.032020568847656,14.934253692626953,11.8091402053833,37.68728256225586,25.377856645442343,12.184209749379406,39.83051555626752,15.765870821960931,10.32731725877178,34.04350638699592,15.970179132244656,10.07164884884783,34.12537606918176
251,33.07574462890625,13.684739112854004,46.50606918334961,23.226463317871094,10.161409378051758,38.240962982177734,19.789854049682617,10.75429916381836,38.044647216796875,25.45483552527698,12.199215043014153,39.89727109253835,15.840476746920034,10.325658179964579,34.08548095294774,16.008375881419038,10.078475351997536,34.16456878065791
252,23.74747085571289,15.667862892150879,43.647987365722656,19.60749053955078,10.990784645080566,36.53086853027344,20.825597763061523,11.442602157592773,38.934593200683594,25.43776187858134,12.23390152150552,39.93477825527019,15.878146884846341,10.332309444615738,34.109934828721,16.056548100235464,10.092116620053488,34.212269024858166
253,24.52679443359375,12.848612785339355,46.07133102416992,21.63166046142578,14.038610458374023,36.9530029296875,18.565040588378906,14.158040046691895,40.71100997924805,25.428652204131467,12.240048634143857,39.99614378295919,15.935682020612136,10.369372454753321,34.13836550973067,16.081633025116897,10.132775854319872,34.27725643440207
254,27.73392105102539,7.967134952545166,43.23125076293945,18.243118286132812,12.729762077331543,37.670162200927734,20.228246688842773,14.644743919372559,39.99610137939453,25.451704892600407,12.19731949732787,40.028494852758996,15.958756383267344,10.392976350979104,34.17368347664264,16.123099161754155,10.177895534970398,34.334444883851994
255,24.357561111450195,10.622967720031738,41.56050109863281,18.08504295349121,10.528885841369629,36.82863998413086,23.434144973754883,16.620800018310547,40.96546936035156,25.440763454788904,12.181575979554909,40.04381491521773,15.980019248969583,10.394335445883009,34.20023304171752,16.19620961987416,10.2423245798038,34.400755128616986
256,13.765907287597656,10.579283714294434,40.002601623535156,11.569063186645508,10.098237037658691,35.29717254638672,25.696147918701172,14.912108421325684,38.82469177246094,25.324014893116992,12.165553056902304,40.0434027823009,15.935909688346342,10.391374461800766,34.21120243676421,16.29120900286243,10.28902241821902,34.444994495055425
257,18.986988067626953,9.542099952697754,38.614994049072266,12.524836540222168,10.471562385559082,35.745765686035156,25.789653778076172,14.278848648071289,41.320064544677734,25.260644624862092,12.139318525860258,40.029118694968616,15.9017989568651,10.392176341038349,34.22654806925692,16.38619345061457,10.328920680517543,34.51374519555165
258,17.381105422973633,10.691874504089355,40.99503707885742,13.382965087890625,10.852052688598633,36.332698822021484,26.267414093017578,12.92436695098877,40.54747772216797,25.18184923284321,12.124844085642549,40.0387778788075,15.876610618175356,10.396775104513951,34.24760957678457,16.485005657038602,10.354875143222255,34.57408252081781
259,20.222610473632812,10.6496000289917,40.1051139831543,14.11276626586914,11.51355266571045,36.871456146240234,19.329618453979492,14.714348793029785,36.770206451416016,25.132256845251106,12.110091645076041,40.03944123985097,15.858972174652294,10.407942880125916,34.27384804247913,16.51345178500801,10.39846987972033,34.59604376012379
260,24.673084259033203,10.34776782989502,38.11796188354492,16.400331497192383,12.252237319946289,37.49213790893555,18.52662467956543,13.673848152160645,39.30609893798828,25.127665119388926,12.092468406924231,40.02022644628791,15.864385767877694,10.426385824524118,34.306030941143696,16.53358351395358,10.431223662444733,34.64314431190244
261,32.04619598388672,11.286736488342285,41.662017822265625,21.410106658935547,13.054304122924805,38.85293960571289,19.867431640625,13.044692993164062,41.002384185791016,25.1968504280339,12.084411087738411,40.03664436004769,15.919842976788273,10.452665007508125,34.35150002778939,16.566921995220294,10.457358355751925,34.70673671064133
262,25.087726593017578,11.343559265136719,46.303077697753906,16.727991104125977,12.838765144348145,39.328819274902344,25.530515670776367,13.179803848266602,46.43663787841797,25.195759189683738,12.077002569512395,40.09930869342475,15.927924458061648,10.476526008876526,34.40127322026052,16.656557931975854,10.484582810677072,34.824035722319095
263,21.843238830566406,9.702326774597168,42.659141540527344,17.37749671936035,11.099665641784668,36.14943313598633,21.49087905883789,11.84699535369873,41.19282913208008,25.162233986092566,12.053255811563242,40.12490702189578,15.942420180674635,10.482757405205607,34.41875481941778,16.704901143244474,10.498206936107287,34.8877236564167
264,27.48398780822754,13.054662704467773,42.54521560668945,19.7359561920166,10.917038917541504,36.08063888549805,26.046186447143555,12.787396430969238,43.32769775390625,25.185451524313915,12.063269880492287,40.14911010774372,15.980355540788054,10.487100220328966,34.43537366007858,16.79831399628346,10.521098831055907,34.9721233973916
265,33.45198059082031,14.753207206726074,43.02219772338867,15.350855827331543,10.13538646697998,35.09909439086914,24.785104751586914,13.141979217529297,41.261436462402344,25.26811681497898,12.090169253754624,40.17784098390016,15.97406054365349,10.483583082795477,34.442010867386486,16.878181903836495,10.547307634920642,35.03501652804171
266,31.841203689575195,12.850086212158203,46.54652404785156,11.331707000732422,10.433347702026367,35.116031646728516,28.399919509887695,14.338395118713379,42.684146881103516,25.33384768372494,12.097768423338659,40.24152781453967,15.927637008224279,10.483080728987785,34.448751075179906,16.99339927989701,10.58521850975857,35.111507831572325
267,34.33423614501953,10.180513381958008,46.8326301574707,14.660701751708984,10.91877555847168,34.330604553222656,21.755102157592773,12.18070125579834,42.532188415527344,25.423851568337884,12.078595872924852,40.30743883796898,15.914967655659126,10.487437677282625,34.44756960996033,17.041016308673967,10.601173337218968,35.18571463741188
268,33.51678466796875,13.375322341918945,41.09690475463867,17.464122772216797,9.316429138183594,34.669620513916016,15.922378540039062,12.070886611938477,43.11819839477539,25.504780899334193,12.091563137614793,40.315333497135676,15.930459206824702,10.475727591891633,34.44979011899989,17.029829930987617,10.615870469966163,35.26503947498551
269,22.835750579833984,14.17678451538086,45.74723815917969,17.510744094848633,8.613490104675293,35.168113708496094,15.048511505126953,11.830727577209473,42.3630256652832,25.47809059613919,12.112415351392453,40.36965254375612,15.946262055704942,10.45710521701947,34.456973354894856,17.01001674672901,10.628019041038597,35.336019336888484
270,12.828903198242188,11.103753089904785,43.701141357421875,15.6111421585083,9.768351554870605,36.048221588134766,15.634003639221191,12.877141952514648,40.854248046875,25.35159872216022,12.102328728777577,40.402967431892776,15.942910856732976,10.45021768039798,34.47288583722725,16.996256615653934,10.650510270153358,35.39120162398835
271,16.27696990966797,9.56770133972168,41.25337600708008,13.424514770507812,11.348806381225586,37.087486267089844,18.407255172729492,11.802826881408691,38.964141845703125,25.260852434035293,12.076982454887018,40.41147151764465,15.917726895870723,10.459203567406256,34.49903184152588,17.01036660122469,10.662033436265911,35.4269310262055
272,24.722923278808594,10.12588119506836,41.629024505615234,13.525794982910156,13.16424560546875,39.5324821472168,19.46363639831543,11.488691329956055,40.29341506958008,25.255473142483027,12.057471442288831,40.423647047524355,15.893807576741118,10.486253987786881,34.549366344582786,17.034899299195597,10.670300015202812,35.475595866639246
273,26.846113204956055,11.138399124145508,39.1334114074707,20.173799514770508,12.234333992004395,40.25876235961914,20.544309616088867,13.129335403442383,41.715396881103516,25.271379543107756,12.048280719107398,40.41074469112382,15.936607496121413,10.503734787829057,34.60646030473315,17.069993402364528,10.694890369085208,35.53799387678389
274,33.205665588378906,13.89006233215332,43.40287399291992,14.132476806640625,10.238138198852539,38.18002700805664,24.347492218017578,15.986886024475098,44.24159622192383,25.350722403560468,12.066698535237856,40.44066598414177,15.918566189226604,10.501078821939291,34.642195971766384,17.14276839052106,10.747810325639106,35.62502990023528
275,34.62946319580078,12.221790313720703,40.4670524597168,10.312676429748535,8.24065113067627,36.79301452636719,31.40958023071289,16.972614288330078,43.97153091430664,25.443509811482873,12.068249453022684,40.44092984889752,15.862507291631823,10.47847454502666,34.66370415731239,17.285436508922977,10.810058365266016,35.708494910376
276,31.506635665893555,10.316105842590332,44.60902786254883,10.403258323669434,8.410042762756348,37.20925521850586,24.967588424682617,14.740216255187988,39.81853485107422,25.50414107002698,12.050728016918361,40.48261082903403,15.8079148019522,10.457790227203956,34.68915966792432,17.362258028080575,10.849359944165236,35.74959530978298
277,30.9398250579834,11.032322883605957,44.52053451538086,10.580390930175781,8.733542442321777,37.28668212890625,27.691829681396484,15.121447563171387,39.017608642578125,25.558497909906546,12.040543965585238,40.522990065897496,15.755639563234434,10.440547749355135,34.715134892534145,17.465553744613732,10.892080820355298,35.78227544311093
278,24.837120056152344,14.161349296569824,43.00565719604492,11.573204040527344,9.072820663452148,37.61931228637695,25.08220100402832,12.005395889282227,38.631290435791016,25.551284131369005,12.061752018895083,40.54781673719897,15.713815208007363,10.426870478496104,34.74417666647257,17.541720217207878,10.903213971044567,35.81076559303773
279,20.571029663085938,11.206822395324707,39.61060333251953,12.939167976379395,9.626215934753418,38.27347946166992,25.364273071289062,12.947509765625,38.74115753173828,25.50148158668617,12.05320272265938,40.53844460315218,15.686068735691082,10.418863933058677,34.77946969442455,17.61994574574869,10.923656928990372,35.84006951242473
280,15.92100715637207,8.48503303527832,38.863037109375,13.50735855102539,10.568879127502441,38.83244705200195,26.876707077026367,14.59276294708252,41.37477111816406,25.40567684238303,12.01752102578557,40.52169052821441,15.664281633844425,10.420364085003115,34.81999946800032,17.712513359061468,10.960347989171295,35.89541652848213
281,13.547432899475098,8.593106269836426,35.873756408691406,14.149369239807129,11.847768783569336,38.85381317138672,21.214218139648438,12.288628578186035,41.46919250488281,25.28709440295395,11.983276878226079,40.47521118701918,15.649132509904053,10.434638131988777,34.86033760503418,17.747530406867337,10.97363079506144,35.95115428824614
282,17.77787971496582,12.21445369720459,35.065330505371094,16.02802276611328,13.128089904785156,38.48131561279297,21.9409236907959,13.615750312805176,40.813148498535156,25.212002256074072,11.985588646415863,40.42111238020269,15.652921412466146,10.461572649716741,34.896547385111774,17.789464339706626,11.000051990238878,35.99977423034903
283,27.968215942382812,11.732664108276367,33.43284606933594,20.681983947753906,13.805004119873047,37.57395935058594,22.599044799804688,15.15221881866455,41.95869064331055,25.239564392937158,11.983059401034469,40.35122971709402,15.703212037819023,10.495006964418305,34.92332150476652,17.837560144307606,11.041573658523134,36.059363394478645
284,34.650630950927734,14.289277076721191,35.25626754760742,24.168657302856445,12.930218696594238,40.47709274291992,25.033039093017578,12.77807903289795,40.83155059814453,25.333675058517063,12.006121577791335,40.30028009539915,15.787866490469398,10.519359081740065,34.97885921714805,17.909514933794707,11.058938712266883,36.107085266515305
285,28.853713989257812,14.847610473632812,44.29472732543945,19.274169921875,10.532022476196289,39.534610748291016,21.78496551513672,11.166726112365723,41.17433166503906,25.368875447824472,12.034536466749751,40.34022456769956,15.822729524783455,10.519485715684628,35.02441673245948,17.94826943960813,11.06001658626787,36.15775773050055
286,32.88441467285156,15.39578628540039,42.68122100830078,18.420846939086914,9.495030403137207,39.838035583496094,11.97556209564209,9.644631385803223,38.607139587402344,25.444030840074745,12.068148964936256,40.36363453210557,15.848710698926489,10.509241162559153,35.07255292096984,17.88854236616847,11.045862734263226,36.18225154906957
287,32.10836410522461,15.226813316345215,42.312713623046875,13.81460952758789,9.504059791564941,40.07109451293945,13.424591064453125,9.848113059997559,39.49030303955078,25.510674172726244,12.099735608450347,40.38312532301499,15.828369687213103,10.499189348849212,35.12253833688954,17.843902853151313,11.033885237520568,36.21533206397439
288,28.12316131591797,9.861974716186523,39.48061752319336,10.504093170166016,10.023401260375977,38.40268325805664,15.503788948059082,10.823549270629883,40.681236267089844,25.53679904415816,12.07735799952771,40.37410024501677,15.775126922042633,10.49443146796448,35.15533978610121,17.82050171410039,11.031781877851662,36.25999110600554
289,19.255212783813477,8.819425582885742,39.84977722167969,11.195141792297363,10.259591102600098,38.466835021972656,18.774677276611328,12.271461486816406,41.17470169067383,25.47398318155471,12.044778675361291,40.3688570147834,15.72932707074518,10.492083064310835,35.188454738459924,17.830043469725503,11.044178673941309,36.30913821185222
290,16.863142013549805,10.773079872131348,38.643943786621094,13.00635814666748,10.297412872314453,38.18638610839844,21.83437156677246,12.966111183166504,40.451148986816406,25.38787476987466,12.03206168732899,40.351607882501774,15.702097381504403,10.49013636239087,35.21843405215931,17.87008675069597,11.06339799903356,36.35055831960186
291,21.925811767578125,13.203038215637207,44.152225494384766,17.84572410583496,8.960384368896484,38.098392486572266,19.824920654296875,11.496767044067383,40.556922912597656,25.353254139851696,12.043771452612074,40.3896140586206,15.72353364874771,10.474838842455926,35.24723363650344,17.88963508973198,11.067731689483898,36.39262196553182
292,22.80854034423828,14.62925910949707,44.478031158447266,18.584142684936523,8.212297439575195,38.26680374145508,20.14568519592285,11.375068664550781,40.208797454833984,25.32780700189556,12.069626329180924,40.43049822961887,15.752139739109596,10.452213428427118,35.27742933755296,17.91219559079389,11.070805059234567,36.43078372042484
293,27.72606658935547,14.288666725158691,44.89723587036133,18.087514877319336,10.117537498474121,38.818912506103516,23.015159606933594,14.224326133728027,40.09651565551758,25.35178959777016,12.091816733140702,40.475165606026295,15.775493490491693,10.448866669127588,35.31284416923846,17.96322523095529,11.102340269979504,36.467441039775764
294,27.203712463378906,9.084891319274902,38.064964294433594,11.402639389038086,12.293050765991211,40.665679931640625,25.113239288330078,14.590274810791016,38.929832458496094,25.37030882642625,12.061747479002044,40.451063592910366,15.731764949477157,10.467308510096224,35.366372526862484,18.034725371529035,11.13721961538762,36.49206495396297
295,24.957096099853516,9.269158363342285,39.8553581237793,13.500630378723145,10.863040924072266,42.22160339355469,22.540639877319336,14.512118339538574,40.924991607666016,25.366176699160523,12.033821587845447,40.44510653821905,15.709453603769617,10.471265834235984,35.43492483552941,18.07978451658694,11.170968602629129,36.5363942205
296,12.287579536437988,11.261908531188965,43.086368560791016,17.897907257080078,10.461200714111328,43.00597381591797,23.130216598510742,11.217818260192871,39.40555191040039,25.235390727533296,12.026102457278881,40.47151915844477,15.731338140302721,10.471165183034739,35.5106353253333,18.130288837406177,11.171437099204766,36.56508579739901
297,13.99087142944336,13.638628959655762,44.341644287109375,17.32616424560547,10.844147682189941,40.28050231933594,19.91653823852539,10.510374069213867,39.278263092041016,25.1229455345524,12.04222772230265,40.51022040973142,15.74728640135575,10.47489500802629,35.55833399527332,18.148151331417367,11.164826468904858,36.592217570345426
298,12.979132652282715,12.146586418151855,35.485321044921875,19.131568908691406,11.967111587524414,40.36971664428711,14.459515571594238,10.554844856262207,38.28129196166992,25.001507405729704,12.043271309261142,40.45997141608332,15.781129226429107,10.489817173821272,35.60644782176347,18.111264973819136,11.158726652778432,36.60910831425867
299,22.33052635192871,10.056748390197754,35.278804779052734,16.98792266845703,13.461920738220215,42.21995162963867,13.597661972045898,11.857647895812988,38.32598876953125,24.974797595191692,12.023406080070508,40.408159749713015,15.793197160849385,10.519538209465262,35.67258285984222,18.066128943801402,11.165715865208776,36.626277118811394
300,24.242504119873047,8.174276351928711,36.247047424316406,13.323453903198242,10.82766342163086,40.63031768798828,15.016555786132812,12.574763298034668,38.14818572998047,24.96747466043851,11.98491478278909,40.36654862645905,15.768499728272873,10.522619461586917,35.72216020812368,18.035633212224717,11.179806339537034,36.64149620492309
301,25.298919677734375,12.981942176818848,37.8466796875,17.209232330322266,11.383356094360352,40.936885833740234,12.75298023223877,9.911715507507324,37.80950927734375,24.970789110611467,11.994885056729387,40.34134993706946,15.782907054293368,10.53122682791465,35.774307464379845,17.982806682424858,11.167125431216736,36.65317633564729
302,20.03415298461914,17.988008499145508,41.01092529296875,23.347076416015625,12.23057746887207,41.481529235839844,14.235321044921875,9.416552543640137,38.44031524658203,24.921422749351542,12.054816291153548,40.34804569062845,15.85854874791059,10.548220334324226,35.83137968209444,17.945331826049827,11.14961970234097,36.67104772475664
303,30.20395278930664,19.20383071899414,45.061851501464844,25.84002685546875,14.302395820617676,43.74345397949219,15.240427017211914,10.137640953063965,39.039241790771484,24.974248049751093,12.126306435431953,40.39518374873681,15.95836352898617,10.58576208918716,35.91050042506842,17.918282777961448,11.1394999148482,36.69472966541679
304,42.10084915161133,18.280805587768555,52.97523880004883,22.397754669189453,12.608012199401855,40.810394287109375,18.915653228759766,11.548582077026367,38.48407745361328,25.1455140607697,12.18785142695532,40.52098429924993,16.022757440388204,10.605984590289307,35.95949936368883,17.92825648246943,11.143590736469982,36.71262314329875
305,44.422489166259766,15.31406307220459,49.10962677001953,24.896726608276367,9.747244834899902,37.07307434082031,23.54034423828125,11.809853553771973,39.47585678100586,25.3382838118246,12.219113543407811,40.60687072395763,16.111497132067086,10.597397192735412,35.97063511346014,17.984377360027544,11.150253364643003,36.74025547967582
306,42.734066009521484,15.967324256896973,52.91766357421875,26.33109474182129,10.600570678710938,37.488563537597656,25.817970275878906,14.051898002624512,43.250343322753906,25.51224163380157,12.256595650542701,40.72997865246024,16.213693108164627,10.59742892759517,35.98581439770151,18.062713289186057,11.179269811022818,36.80535635810659
307,41.28553009033203,16.701915740966797,57.24563980102539,27.229110717773438,14.780479431152344,38.83774948120117,18.07998275756836,13.374201774597168,43.129634857177734,25.669974518366875,12.301048851446941,40.89513526394589,16.323847284260715,10.639259432630741,36.01433374853651,18.06288598386988,11.201219130658561,36.868599143097306
308,43.55060958862305,18.038166046142578,62.09201431274414,12.838470458984375,13.73019027709961,41.746788024902344,20.443614959716797,15.5075101852417,46.74053955078125,25.848780869069437,12.358420023393899,41.10710405443387,16.288993516007952,10.67016874107543,36.07165829130016,18.08669327362835,11.244282041204391,36.967318547174145
309,49.97502899169922,17.687767028808594,63.862701416015625,12.641664505004883,11.403607368469238,41.626487731933594,25.532291412353516,15.346114158630371,43.77835464477539,26.090043350295733,12.411713493448046,41.33466002804969,16.25252022589792,10.677503127349368,36.127206585706496,18.1611492550156,11.285300362378651,37.03542890815016
310,49.86820983886719,14.478857040405273,60.14931869506836,13.49998950958252,11.40523624420166,40.90902328491211,28.704729080200195,14.02224349975586,38.43274688720703,26.32782501518145,12.432384928917617,41.522806614719876,16.224994918734765,10.684780458517892,36.175024752698555,18.266585053267445,11.312669793752423,37.04940208794073
311,44.982810974121094,18.363466262817383,56.58272933959961,17.237627029418945,12.385725975036621,41.397403717041016,22.59795570373535,13.399913787841797,38.19347381591797,26.514374874770848,12.491695742256615,41.67340584196867,16.235121239841607,10.70178991368308,36.22724854234198,18.309898759772125,11.333542233693317,37.0608428052205
312,35.93607711791992,14.435258865356445,48.507389068603516,22.68608856201172,13.590532302856445,40.954925537109375,22.902482986450195,14.922381401062012,38.30715560913086,26.60859189720234,12.511131373487613,41.74174567423503,16.299630913063307,10.730677337574813,36.27452531228966,18.355824602038908,11.369430625367004,37.073305933259604
313,33.82855987548828,12.059100151062012,51.33113098144531,16.41910743713379,12.79523754119873,39.07271957397461,26.46476936340332,15.341065406799316,37.667015075683594,26.6807915769852,12.506611061263357,41.83763952730713,16.30082567830401,10.751322939611052,36.302507254906516,18.43691404965255,11.409146973181327,37.07924302468385
314,26.59345245361328,10.841896057128906,47.12723922729492,16.081308364868164,14.35395336151123,39.28033447265625,30.661357879638672,13.513592720031738,36.18879699707031,26.67991818575148,12.489963911222011,41.89053552430701,16.29863050516965,10.787349243830054,36.33228552708402,18.559158487952413,11.430191430649833,37.07033856440771
315,28.233173370361328,14.640876770019531,43.445289611816406,17.505830764770508,15.836145401000977,37.57291793823242,27.941024780273438,14.452317237854004,35.468196868896484,26.69545073759758,12.511473039809987,41.90608306518211,16.31070250776566,10.837837205401762,36.344691851195506,18.65297715087562,11.460412688721874,37.0543171474526
316,36.177852630615234,13.247652053833008,39.11738967895508,23.040786743164062,14.415905952453613,36.7313346862793,18.721790313720703,9.886558532714844,38.29582214355469,26.790274756527758,12.518834829950217,41.87819613131984,16.378003350119645,10.87361789287228,36.348558279546346,18.653665282504072,11.444674147161804,37.06673219741362
317,34.82219696044922,11.344403266906738,42.14659118652344,25.75574493408203,12.297021865844727,37.21406936645508,17.3470401763916,9.2806978225708,38.05384826660156,26.870593978566973,12.507090514319781,41.88088008187187,16.471780765959267,10.887851932602004,36.35721339041543,18.640599031442946,11.423034383915894,37.0766033581055
318,37.22196578979492,12.191719055175781,48.754573822021484,30.205209732055664,12.230134010314941,39.71494674682617,20.35074234008789,11.141100883483887,37.738441467285156,26.974107696679255,12.50393679972834,41.94961701927337,16.609115055620233,10.901274753379134,36.390790723979535,18.657700464529395,11.420215048911574,37.0832217391973
319,26.976787567138672,11.617238998413086,47.080810546875,27.247438430786133,11.608720779418945,38.89096450805664,20.417984008789062,10.888333320617676,35.67765808105469,26.97413449538385,12.495069821715187,42.00092895454938,16.715498289371894,10.908349213639532,36.4157924618203,18.675303299971993,11.414896231628635,37.069166102615874
320,27.432369232177734,14.936686515808105,41.75228500366211,21.852251052856445,13.828643798828125,40.85456466674805,11.868185997009277,9.076484680175781,33.39741516113281,26.97871684275179,12.519485988656117,41.9984425150405,16.76686581700674,10.937552159491418,36.46018018386958,18.607232126942364,11.391512116114106,37.032448593201046
321,25.39223861694336,13.393749237060547,36.49800109863281,26.708683013916016,15.815258026123047,43.09867477416992,13.764899253845215,8.342324256896973,34.19412612915039,26.96285206049371,12.528228621140162,41.94343810087643,16.86628398897583,10.986329218157733,36.526565129772585,18.55880879821139,11.361020237521933,37.00406536856054
322,24.293926239013672,10.504899024963379,35.804344177246094,27.15224266052246,13.481278419494629,45.87809371948242,16.812572479248047,9.245122909545898,35.20893096923828,26.93616280227891,12.507995325178394,41.88204716164012,16.969143575691295,11.011278710171101,36.62008041566968,18.541346435021758,11.339861264242172,36.986114024567314
323,20.27581787109375,10.050459861755371,39.14031982421875,25.95553207397461,11.38151741027832,41.299747467041016,21.020143508911133,10.872481346130371,36.30324172973633,26.86955935296706,12.483419970544164,41.85462988826591,17.059007460674128,11.014981097172173,36.6668770861834,18.56613440576065,11.335187465061054,36.979285301619
324,17.96788215637207,13.110673904418945,37.88298797607422,13.972369194030762,11.473649024963379,37.25742721557617,14.985368728637695,12.481096267700195,36.74909210205078,26.780542581001107,12.489692509882913,41.814913469143995,17.028141078007692,11.019567776450085,36.67278258747732,18.53032674898942,11.346646553087444,36.97698336962332
325,27.115528106689453,13.769874572753906,40.11317443847656,19.546974182128906,10.806892395019531,36.55096435546875,13.336586952209473,11.149911880493164,32.853302001953125,26.783892436257993,12.502494330511622,41.79789607883732,17.053329409048903,11.01744102263578,36.671564405157234,18.478389351021622,11.344679206361501,36.93574655594662
326,31.895259857177734,10.8608980178833,35.384578704833984,15.402745246887207,10.390907287597656,36.8557014465332,16.9361515045166,10.591270446777344,33.64017868041992,26.83500611046719,12.486078367385339,41.73376290509729,17.036823567427284,11.011175685285398,36.67340577557099,18.462966972556575,11.33714511876566,36.90279087719136
327,28.715871810913086,11.826658248901367,37.25773620605469,14.141779899597168,10.956942558288574,37.58613204956055,21.105966567993164,10.049824714660645,35.39930725097656,26.85381476747165,12.4794841662005,41.68900263810686,17.00787313074898,11.010633354015429,36.68253303831089,18.489396968510942,11.32427191472461,36.88775604092921
328,21.23204803466797,13.522588729858398,41.665958404541016,16.88315200805664,12.068211555480957,38.17593765258789,25.383028030395508,10.066808700561523,37.63282775878906,26.797597100143612,12.48991521183708,41.6887721957712,17.006625919522055,11.021209136030084,36.69746708445366,18.558333279129787,11.31169728258298,36.895206758107804
329,15.926706314086914,15.680206298828125,43.20060729980469,22.143789291381836,13.311188697814941,38.91294479370117,18.705469131469727,10.54074764251709,37.61072540283203,26.688888192283045,12.521818122706991,41.703890546811536,17.057997553240654,11.044108931647932,36.71962186154614,18.559804637653183,11.30398778618232,36.90236194455505
330,20.873085021972656,16.114534378051758,41.438636779785156,23.944812774658203,13.069528579711914,39.511985778808594,19.6514892578125,11.309950828552246,39.521942138671875,26.63073016057994,12.55774528526044,41.70123800914127,17.12686570545483,11.064363128128571,36.747545500718765,18.570721483854776,11.30404741660602,36.92855774649622
331,26.241609573364258,15.156072616577148,38.89365005493164,28.043136596679688,12.588057518005371,40.428924560546875,16.627731323242188,12.520242691040039,36.24213409423828,26.626838954707782,12.583728558573606,41.67316212959917,17.23602841436708,11.079600072027338,36.784359291317045,18.55129158224865,11.316209369350359,36.921693509973636
332,33.09318161010742,14.515140533447266,41.54889678955078,25.211631774902344,13.864977836608887,42.24217987060547,21.508365631103516,10.26358699798584,34.66347122192383,26.691502381261778,12.60304267832234,41.67191947619868,17.315784447972433,11.107453849673153,36.83893749710993,18.580862322737197,11.305683145636714,36.89911128709314
333,35.05440902709961,11.9728422164917,40.35972595214844,26.412302017211914,16.031782150268555,44.5693359375,21.07564926147461,9.97592544555664,33.9100341796875,26.775131447720156,12.596740673704033,41.658797540958176,17.406749623664826,11.156697132679106,36.91624148151383,18.60581019212457,11.292385568635913,36.869220516019084
334,32.542808532714844,13.426179885864258,44.004669189453125,25.68161392211914,15.659141540527344,40.84258270263672,18.34912872314453,8.941956520080566,32.495582580566406,26.832808218570104,12.605035065825636,41.68225625744312,17.48949826664937,11.201721576757588,36.95550489372506,18.603243377434765,11.26888127815036,36.825484136664556
335,29.289554595947266,14.302396774291992,47.76206588745117,21.584945678710938,11.81756591796875,39.99729919433594,19.954837799072266,8.167031288146973,32.21878433227539,26.85737568234388,12.622008682910298,41.743054353743204,17.530452740769984,11.2078800201697,36.98592283673117,18.61675932165114,11.237862778250326,36.779417138620666
336,27.930015563964844,13.119377136230469,49.343360900878906,21.434301376342773,11.087151527404785,35.79735565185547,20.719402313232422,10.813090324401855,33.6934928894043,26.86810208116009,12.6269823674435,41.81905741921456,17.569491227125713,11.206672735242051,36.97403716488241,18.637785751566955,11.233615053711842,36.7485578961285
337,31.91718864440918,17.41972541809082,50.82392501831055,18.07048988342285,11.053083419799805,35.20631408691406,20.668899536132812,13.483255386352539,36.2210693359375,26.91859294679258,12.674909797949972,41.909106095205516,17.574501213688684,11.20513684208763,36.95635993410273,18.658096889412615,11.25611145703825,36.74328301052659
338,35.0956916809082,18.402545928955078,51.08601760864258,18.52588653564453,12.842588424682617,34.55698013305664,25.802534103393555,15.218561172485352,37.86371612548828,27.000363934133734,12.732186159260023,42.000875210339885,17.584015066908243,11.22151135791358,36.93236613609227,18.729541261552423,11.29573595419272,36.75448734167621
339,38.518070220947266,18.33823013305664,50.64791488647461,22.851743698120117,13.600029945373535,33.735294342041016,20.06357192993164,12.960923194885254,36.50252151489258,27.115540997001872,12.788246598997988,42.087345607101234,17.63669235322036,11.245296543788179,36.90039541815176,18.742881568236218,11.312387826599647,36.751967683408374
340,42.444393157958984,18.40768814086914,47.906803131103516,18.7667179107666,12.335526466369629,34.219329833984375,18.17623519897461,10.650468826293945,36.27143478393555,27.268829518611444,12.844441014416699,42.14554018234126,17.647992608795825,11.256198843013994,36.87358476231009,18.7372151045436,11.30576863659659,36.747162354413646
341,38.2237548828125,16.221651077270508,43.46703338623047,17.152990341186523,11.594658851623535,36.750789642333984,18.617841720581055,9.088972091674805,36.78460693359375,27.378378772253456,12.878213115045236,42.15875511438015,17.643042586119734,11.25958344310009,36.87235681111033,18.736021370703973,11.28360067114737,36.74753680020545
342,38.111446380615234,13.747213363647461,41.615020751953125,13.608732223510742,10.808871269226074,35.83616256713867,20.60504150390625,8.641980171203613,37.08959197998047,27.485709448337072,12.886903117531258,42.153317770755876,17.60269948249364,11.255076321361349,36.861994868670614,18.754711572035994,11.257184466147933,36.750957352003205
343,37.05089569091797,13.085830688476562,43.46869659423828,11.634627342224121,13.054357528686523,37.20509719848633,19.982458114624023,10.43051815032959,34.88127136230469,27.581361310762883,12.888892393240711,42.1664715589907,17.543018761090945,11.2730691334346,36.86542589196877,18.766989037461876,11.24891780298975,36.73226049210622
344,32.631690979003906,15.7243013381958,46.623435974121094,19.627246856689453,13.370657920837402,38.77931594848633,21.309429168701172,10.275580406188965,35.98675537109375,27.631864607445294,12.917246482690262,42.21104120314201,17.56386104204693,11.294045021308628,36.88456479253394,18.79241343877427,11.23918442902174,36.72480544089609
345,31.61385154724121,14.291757583618164,45.08392333984375,23.462007522583008,11.427811622619629,37.1993522644043,14.143556594848633,11.22602367401123,37.21726608276367,27.671684476843254,12.93099159369954,42.23977002450903,17.62284250685229,11.29538268732174,36.88771266725264,18.745924870335013,11.239052821471637,36.72973004731477
346,32.61933135986328,13.597651481628418,44.94422149658203,24.98879623413086,12.024102210998535,36.530155181884766,12.286087989807129,10.755094528198242,35.698795318603516,27.721160945673454,12.93765819257883,42.266814539229756,17.696502044125076,11.302669882558506,36.88413709239896,18.681326501529732,11.234213238538903,36.719420700027655
347,29.923728942871094,13.838702201843262,43.43738555908203,19.47193145751953,14.561408996582031,36.55784225463867,15.072700500488281,9.584700584411621,35.32788848876953,27.74318662564543,12.946668632671475,42.278520249428276,17.71425633825902,11.33525727369874,36.880874144021355,18.645240241519318,11.217718111997629,36.705505377915074
348,22.807889938354492,11.463886260986328,41.610504150390625,17.136266708374023,13.30967903137207,38.15782165527344,13.828800201416016,8.497847557067871,33.93738555908203,27.69383365877252,12.931840808954624,42.2718400884379,17.70847644196017,11.355001491275473,36.893643619133876,18.597075841118286,11.190519406448331,36.67782417972674
349,23.924209594726562,11.57631778717041,41.526161193847656,18.370773315429688,13.913619041442871,38.138031005859375,15.433531761169434,7.781903266906738,34.434814453125,27.656137418132058,12.918285578736782,42.264383299491996,17.715099410694865,11.380587666777148,36.90608749300113,18.565440400318796,11.156433245052915,36.655394082460724
350,30.07373809814453,12.474235534667969,40.662872314453125,23.025043487548828,12.089820861816406,38.23615264892578,10.206911087036133,7.946115970611572,35.13579559326172,27.680313424932184,12.913845078296093,42.2483681896416,17.768198851463406,11.38767999872754,36.91938814456037,18.481855107185968,11.124330072308501,36.640198097568735
351,32.13814926147461,15.056721687316895,42.27412414550781,25.114418029785156,13.24472713470459,37.11835861206055,12.036694526672363,8.783398628234863,36.147193908691406,27.724891783297608,12.935273844386302,42.248625749200265,17.841661043246624,11.40625047008731,36.92137784923538,18.417403501380832,11.100920757867764,36.63526805567996
352,33.69239807128906,14.131967544555664,49.04909896850586,26.078622817993164,12.009331703186035,34.53499984741211,15.798486709594727,9.656356811523438,37.87582015991211,27.78456684617752,12.947240781387995,42.31663048139332,17.924030660994088,11.412281282418297,36.897514069217145,18.391214333462973,11.086475118404321,36.647673576722276
353,30.371200561523438,12.199151039123535,51.81375503540039,24.332504272460938,13.289512634277344,36.51258087158203,20.058300018310547,9.772116661071777,39.6996955871582,27.81043318333098,12.939759883965351,42.41160172693339,17.988115397108757,11.431053595936888,36.8936647372408,18.407885190311447,11.073331533830995,36.67819379682663
354,29.11547088623047,9.940877914428711,47.5479850769043,22.232559204101562,14.868522644042969,39.065704345703125,10.90365982055664,8.806221961975098,36.77244186401367,27.823483560359975,12.909771064269984,42.4629655604331,18.030559835178686,11.465428286417948,36.91538513332542,18.3328429366139,11.050660438112436,36.6791362774985
355,28.849029541015625,10.081623077392578,43.94765853881836,17.758928298950195,12.478419303894043,38.3084831237793,11.326028823852539,9.011743545532227,37.643436431884766,27.83373902016653,12.88148958440121,42.47781249021695,18.0278435198164,11.47555819659271,36.929316113229966,18.262774795486287,11.030271269186635,36.688779279042365
356,24.011333465576172,9.25025749206543,41.50831604003906,16.180871963500977,10.71753978729248,37.66209411621094,11.333328247070312,9.888678550720215,38.37269973754883,27.795514964620626,12.845177263477852,42.46811752571517,18.009373804253244,11.467978012499708,36.93664389325978,18.193480330002124,11.01885534200197,36.70561848362743
357,21.306570053100586,9.23965072631836,40.9964714050293,13.143795013427734,8.920614242553711,34.951900482177734,12.135699272155762,11.530328750610352,38.68222427368164,27.730625515505427,12.809121998106257,42.45340106450832,17.960718016344988,11.442504374800249,36.91679645914896,18.132902519423663,11.023970076088053,36.72538454152798
358,25.507152557373047,11.82735824584961,39.267120361328125,13.306675910949707,9.928438186645508,34.93785095214844,17.196392059326172,12.366665840148926,38.28423309326172,27.708390785924102,12.79930436058369,42.42153825747652,17.914177595291033,11.427363712918702,36.89700700407896,18.123537414822685,11.037397033728663,36.74097302704532
359,32.15534210205078,10.432129859924316,38.51646423339844,11.901711463928223,10.08069133758545,34.4564323425293,23.4553279876709,10.832892417907715,39.92890548706055,27.75286029908537,12.775632615577097,42.38248751723574,17.854052933977403,11.41389698916537,36.872601257463465,18.17685532055117,11.035351987570452,36.772852351645476
360,29.83207130432129,12.643423080444336,40.115943908691406,12.798171997070312,10.054336547851562,34.82422637939453,27.647716522216797,9.934310913085938,38.34457015991211,27.77365240913773,12.77431052022577,42.3598220811503,17.80349412460833,11.40030138475223,36.852117508682774,18.271563932567826,11.024341576825607,36.78856952972814
361,29.443071365356445,14.893258094787598,37.51890563964844,14.235448837280273,10.262041091918945,35.296783447265625,26.102134704589844,11.242448806762695,38.723350524902344,27.790346598699916,12.795499995971388,42.31141291673528,17.767813671735052,11.388918781823898,36.836564168068605,18.349869640288045,11.026522649124978,36.80791733967988
362,34.078330993652344,13.838189125061035,41.00906753540039,16.47296905517578,10.962540626525879,36.04001998901367,14.219035148620605,13.389444351196289,40.653839111328125,27.85322644264944,12.805926887262284,42.29838946292193,17.75486522556946,11.384655000270918,36.82859872627805,18.30856129537137,11.05015186614569,36.84637655739636
363,26.718843460083008,11.899983406066895,37.516929626464844,19.726333618164062,12.506484985351562,37.218082427978516,23.0076847076416,13.117237091064453,42.51116180419922,27.841882612823774,12.796867452450332,42.250574864557365,17.774579909495408,11.395873300121725,36.83249356329506,18.35555252949407,11.070822718394878,36.90302440986439
364,28.451187133789062,11.09424114227295,36.53548049926758,12.049793243408203,11.62116813659668,36.320335388183594,21.606557846069336,8.606557846069336,39.009708404541016,27.847975658033427,12.77984118934856,42.193423920904465,17.717332042834535,11.398126248486474,36.82737198154395,18.38806258265982,11.046180069671623,36.924091249811156
365,19.841644287109375,8.359777450561523,35.960323333740234,13.425008773803711,11.702181816101074,36.61865997314453,20.53850746154785,10.005815505981445,38.53891372680664,27.767912344324184,12.735640551960689,42.13109291503282,17.67440881014423,11.401166804162619,36.82528486145995,18.4095670314487,11.03577642403472,36.940239474581105
366,17.412160873413086,9.761534690856934,37.05567169189453,14.742547035217285,11.342788696289062,37.0032844543457,13.924168586730957,7.415060043334961,36.46344757080078,27.66435482961507,12.705899493349651,42.08033870280144,17.645090192394957,11.400583023083882,36.827064857388805,18.36471304700152,10.999569260227723,36.9354715555433
367,19.387115478515625,11.907387733459473,40.37150192260742,15.633535385131836,10.57461929321289,37.47407150268555,10.334466934204102,7.833436012268066,36.74070739746094,27.58158243610408,12.697914375750749,42.0632503349995,17.624974644322325,11.392323385785172,36.83353492384177,18.284410585873545,10.967907927748126,36.93352391396248
368,24.460956573486328,10.42438793182373,38.885398864746094,16.46622085571289,9.895451545715332,37.75463104248047,11.251694679260254,8.295391082763672,37.316646575927734,27.5503761774779,12.67517911131148,42.03147182029697,17.61338710643623,11.377354667384473,36.84274588502815,18.214083426807413,10.94118275929828,36.937355140582135
369,22.397916793823242,11.413970947265625,38.85378646850586,17.414033889770508,9.852471351623535,38.237030029296875,11.976311683654785,9.013335227966309,38.049625396728516,27.498851583641354,12.66256702967102,41.99969496677906,17.611393574269574,11.362105834226865,36.856688726470836,18.151705709375886,10.921904283984961,36.9484778431436
370,22.959936141967773,11.933684349060059,41.70803451538086,18.037473678588867,11.467131614685059,38.817691802978516,13.082354545593262,10.050264358520508,39.01691436767578,27.45346242922462,12.655278202864912,41.996778362265076,17.61565437531277,11.363156092031447,36.876298757235915,18.101012197738058,10.913187884730316,36.96916220838892
371,27.16474151611328,13.442354202270508,40.31694793701172,15.359573364257812,9.752326965332031,39.265830993652344,15.670000076293945,11.553971290588379,40.07110595703125,27.450575220093505,12.663148962858967,41.97998005801254,17.59309356520222,11.347047800764454,36.90019407960008,18.076702076523617,10.919595718788896,37.000181645875344
372,30.548654556274414,14.176831245422363,42.330265045166016,20.537263870239258,10.33304214477539,40.659732818603516,21.727251052856445,12.309892654418945,40.57549285888672,27.481556013455315,12.6782857856846,41.98348290788408,17.62253526825259,11.336907744204563,36.93778946699011,18.113207566286942,10.933498688145196,37.03593475800546
373,33.17193603515625,12.14294147491455,41.10275650024414,18.58234214782715,10.557290077209473,42.394287109375,22.00971221923828,11.91993522644043,40.75563430786133,27.538459813672326,12.672932342576901,41.97467564380768,17.632133337048337,11.329111567534612,36.99235444341396,18.152172612816454,10.943363053528149,37.073131753504015
374,33.46897888183594,12.530922889709473,36.68775177001953,15.81954574584961,9.948707580566406,41.48707580566406,20.079360961914062,11.509681701660156,39.73512649536133,27.59776500435396,12.671512248048227,41.921806405069795,17.61400746113635,11.31530752766493,37.037301657036465,18.17144449630743,10.949026240009468,37.09975170092259
375,29.52227020263672,16.00917625427246,40.37156677246094,18.18857192993164,11.070178031921387,41.95258712768555,21.82890510559082,10.933311462402344,38.74327850341797,27.617010056336788,12.704888888110471,41.90630400874371,17.6197531058243,11.312856232707494,37.08645451174296,18.208019102400264,10.948869092233396,37.11618696894754
376,26.382322311401367,14.53744125366211,44.67530059814453,20.087064743041992,11.18496036529541,41.7476692199707,24.171499252319336,10.730306625366211,39.73066329956055,27.60466317888743,12.723214411765989,41.933993974637715,17.64442622219648,11.311577274033374,37.133066658825236,18.267653903899454,10.946683467564725,37.14233173225367
377,30.271757125854492,10.65036392211914,40.584190368652344,20.111501693725586,12.18563461303711,41.68439483642578,19.77145004272461,10.366620063781738,39.253273010253906,27.631334118357103,12.702485906869521,41.92049593857786,17.66909697691177,11.32031784742341,37.178579940601246,18.282691865287706,10.940882833526896,37.16344114503367
378,27.308597564697266,9.916948318481445,40.47277069091797,17.22417449951172,12.657756805419922,40.959354400634766,18.4445743560791,10.202082633972168,39.20097351074219,27.628106752820504,12.67463053098564,41.906018686101255,17.664647752137768,11.333692237003374,37.21638768520158,18.284310690195618,10.933494831531348,37.18381646869076
379,20.30830192565918,10.52999210357666,31.952878952026367,16.99485969543457,12.361040115356445,40.542144775390625,22.243257522583008,11.68537712097168,39.424720764160156,27.55490870454889,12.653184146711551,41.80648728876051,17.657949871570736,11.343965715786906,37.24964525610348,18.323900158519493,10.941013654425753,37.20622551164546
380,21.07367515563965,13.772195816040039,34.293548583984375,18.229961395263672,11.942992210388184,40.13747787475586,20.248506546020508,8.676348686218262,37.006690979003906,27.490096369059795,12.664374263404834,41.73135790171275,17.663669986807665,11.349955980732918,37.27852358229,18.343146222394502,10.918367004743677,37.20423016631904
381,17.802446365356445,13.075697898864746,40.62184143066406,18.86381721496582,11.744108200073242,38.754791259765625,18.327377319335938,8.244328498840332,36.971866607666016,27.39321986902276,12.668487499759435,41.720262737002265,17.675671459089248,11.353897502926323,37.29328625906475,18.342988533363915,10.891626619684645,37.20190653073251
382,28.33373260498047,11.475075721740723,39.00447463989258,19.82146644592285,12.38000774383545,39.00802993774414,16.529544830322266,10.54500961303711,38.04371643066406,27.402624996382336,12.656553381979247,41.69310485603117,17.697129408957583,11.364158605335415,37.31043369585155,18.3248540963335,10.88816044961817,37.21032462973182
383,26.79143524169922,11.388888359069824,37.712860107421875,13.391908645629883,11.195592880249023,40.98291015625,12.926852226257324,10.97021484375,36.53617858886719,27.396513098835502,12.643876731750153,41.65330240854507,17.654077201324306,11.362472948084552,37.34715846045554,18.27087407763274,10.888980993559489,37.203583169323174
384,29.669397354125977,12.184736251831055,41.16196060180664,14.367279052734375,9.524523735046387,39.11843490600586,18.34014129638672,12.099837303161621,38.16447067260742,27.419241941388407,12.639285326950962,41.648388990477685,17.621209219838406,11.34409345595417,37.36487122491104,18.27156674982028,10.90108955665551,37.21319204435601
385,29.59722328186035,12.783269882202148,48.406028747558594,16.712697982788086,9.972579956054688,39.140289306640625,17.550195693969727,11.891961097717285,36.76301574707031,27.441021754793123,12.640725172503474,41.715965388048495,17.612124107467903,11.330378320955175,37.382625405728334,18.264353039261774,10.910998272066127,37.20869028138316
386,30.584503173828125,12.253546714782715,40.25131607055664,20.780492782592773,11.040970802307129,39.69743347167969,14.94688606262207,11.134040832519531,36.61495590209961,27.472456568983475,12.636853387926267,41.70131889487358,17.643807794219153,11.327484245768694,37.405773486387844,18.231178369495378,10.913228697670663,37.202752937590326
387,23.654090881347656,12.865507125854492,39.493011474609375,18.258075714111328,11.50145435333252,41.576332092285156,13.601810455322266,10.006772994995117,36.489017486572266,27.43427291210712,12.63913992530555,41.67923582067094,17.649950473418077,11.329223946844333,37.44747907244681,18.18488469035365,10.904164140643907,37.19561558308014
388,17.06343650817871,13.977091789245605,41.323490142822266,21.72223663330078,11.525291442871094,42.362335205078125,13.06430721282959,8.560342788696289,36.815731048583984,27.330564548067837,12.65251944394495,41.67567836389245,17.690673335016903,11.331184621804601,37.49662763377312,18.133678915578407,10.88072592712443,37.19181673773518
389,18.92717170715332,15.27542495727539,38.068206787109375,25.497743606567383,14.06715202331543,42.71757125854492,13.147931098937988,7.845978260040283,37.41455078125,27.246530619658692,12.678748499078253,41.63960364812462,17.768744037732407,11.358544295819708,37.548837070020845,18.083821437412002,10.850378450453588,37.19404407817033
390,28.860427856445312,11.632059097290039,39.51100158691406,27.255266189575195,17.403980255126953,44.63609313964844,14.109986305236816,8.41589641571045,38.08829116821289,27.26266959202656,12.668281605060372,41.61831762751252,17.863609259250836,11.418998655412782,37.61970963071712,18.04408308609025,10.826033630106156,37.20298654907075
391,28.10785484313965,10.286589622497559,37.87625503540039,23.205238342285156,15.162506103515625,42.61729431152344,13.234480857849121,8.47867202758789,38.82655715942383,27.271121444537687,12.644464685234745,41.580897001591396,17.917025550081178,11.45643372989381,37.66968547752518,17.99598706380784,10.802560014080974,37.21922225517428
392,25.553035736083984,13.084059715270996,37.44061279296875,20.202930450439453,12.709418296813965,39.77812194824219,18.565166473388672,8.590621948242188,40.5700798034668,27.25394058745315,12.648860635535108,41.53949415950517,17.939884599084763,11.468963575563011,37.69076984223235,18.001678857903645,10.780440633422586,37.2527308306572
393,18.97995376586914,12.768597602844238,41.3225212097168,23.748493194580078,12.659623146057129,38.56928634643555,16.79416847229004,8.512887954711914,40.885066986083984,27.17120071923731,12.650058005208198,41.53732443000728,17.997970685039718,11.480870171267952,37.699555007274384,17.98960375404751,10.757765106635478,37.289054192211466
394,24.05559539794922,13.13967514038086,40.927490234375,22.222496032714844,12.4450044631958,38.33934783935547,13.425116539001465,8.835249900817871,40.499969482421875,27.140044666024426,12.654954176559924,41.531226088050964,18.04021593851647,11.490511514187231,37.7059529355952,17.94395888189705,10.738539954577302,37.32116334511357
395,32.4818229675293,14.032064437866211,37.307464599609375,19.84389877319336,13.922971725463867,38.553955078125,12.817085266113281,9.99954891204834,40.43313217163086,27.193462449039476,12.668725279172985,41.48898847316654,18.05825276686324,11.514836116299996,37.7144329570205,17.892690145739213,10.731150044152011,37.35228303337874
396,22.619491577148438,11.076767921447754,35.98085403442383,25.153121948242188,15.29531478881836,37.234493255615234,13.950289726257324,11.731084823608398,39.45166778564453,27.147722740320564,12.652805705595734,41.43390712877912,18.12920145867703,11.55264090302518,37.709633560006445,17.853266141544395,10.741149391946575,37.37327688090139
397,26.355255126953125,13.275758743286133,38.03645706176758,24.80030632019043,13.303756713867188,38.260833740234375,19.10186004638672,12.390036582946777,40.21586227416992,27.139798064186888,12.659035235972638,41.399932628109006,18.195912507292164,11.5701520611336,37.715145561808725,17.865752080592816,10.757638263856576,37.40170273483408
398,27.385679244995117,14.527950286865234,43.75328826904297,18.728090286254883,11.693093299865723,37.713924407958984,26.94365119934082,10.735052108764648,37.48064041137695,27.14225687599497,12.677724386481563,41.42346618451834,18.201234285081792,11.57138147352092,37.71513335027023,17.956531071780297,10.757412402305656,37.40249211159951
399,37.680206298828125,15.749155044555664,50.910823822021484,18.42152214050293,9.061245918273926,37.54961395263672,27.55344581604004,9.92811393737793,37.73194885253906,27.247636370223304,12.708438693062304,41.51833976089337,18.203437163636004,11.546280117968452,37.713478156293895,18.052500219222896,10.74911941765638,37.405786679008905
400,49.51768493652344,17.172420501708984,47.359039306640625,18.526731491088867,9.905736923217773,38.26958084106445,27.537429809570312,12.601729393005371,38.67045211791992,27.470336855886305,12.753078511148772,41.57674675635084,18.206670106910533,11.529874686020944,37.719039183141604,18.14734951512637,10.76764551740987,37.41843333339801
401,41.25279235839844,17.88615608215332,55.070648193359375,18.659631729125977,10.853690147399902,38.771644592285156,28.24642562866211,13.159122467041016,42.310203552246094,27.608161410911425,12.804409286858817,41.711685770720926,18.21119972313269,11.523112840634733,37.72956523723304,18.24834027626173,10.791560286906181,37.467351035586496
402,26.52945899963379,12.674860000610352,48.88869094848633,22.324565887451172,13.351264953613281,41.47032928466797,20.395099639892578,11.602557182312012,42.01542282104492,27.59737438679865,12.803113793996333,41.78345582249858,18.252333384775874,11.541394361764517,37.76697287770739,18.269807869898038,10.79967025586024,37.512831753441084
403,21.460365295410156,10.888174057006836,44.158355712890625,20.78359031677246,12.03885269165039,43.55954360961914,19.070659637451172,12.000785827636719,40.99259567260742,27.536004295884762,12.783964396626438,41.8072048214025,18.27764595409584,11.546368945063376,37.82489858502651,18.27781638757357,10.811681411578004,37.54762939263275
404,22.13249969482422,10.894201278686523,40.33972930908203,16.897008895874023,10.572549819946289,42.52311706542969,12.829365730285645,11.380524635314941,37.265174865722656,27.481969249874158,12.765066765447038,41.79253006627929,18.263839583513622,11.536630753812206,37.87188076983055,18.22333188100069,10.817369843815372,37.54480484736365
405,24.83756446838379,13.00477409362793,36.86863327026367,13.270968437194824,9.13647747039795,40.29508590698242,15.957566261291504,8.821881294250488,36.812503814697266,27.455525202059256,12.767463838728846,41.74329109831913,18.213910872050434,11.512629220978063,37.89611282120207,18.2006742248036,10.797414958319724,37.537481837036985
406,23.197311401367188,14.231842041015625,41.5986442565918,15.497054100036621,9.322737693786621,40.36537170410156,15.681092262268066,7.41778564453125,35.11416244506836,27.412943064052335,12.782107620751713,41.741844629901856,18.186742304330295,11.49073030570615,37.920805410031065,18.175478405178247,10.763618665181838,37.5132486431173
407,30.310531616210938,13.611387252807617,43.45396041870117,21.27373695373535,10.32814884185791,40.73088073730469,17.520469665527344,7.400154113769531,35.852752685546875,27.44191894957392,12.790400417072272,41.75896578778985,18.217612250824345,11.479104491067668,37.9489061633038,18.168928317781738,10.729984019667715,37.4966436835416
408,41.15316390991211,12.571115493774414,45.708011627197266,18.42464828491211,9.929483413696289,41.66033172607422,20.035324096679688,8.490113258361816,36.69865417480469,27.579031399177303,12.788207567839292,41.798456246183925,18.219682611165226,11.463608280293954,37.98602041893151,18.18759227557072,10.707585312054656,37.48866378845423
409,34.07529830932617,12.913920402526855,45.360206604003906,16.361494064331055,9.62647819519043,41.63182067871094,19.77634048461914,10.33266544342041,37.87368392944336,27.64399406827879,12.789464696186167,41.834073749762126,18.201100725696882,11.445236979442917,38.02247842152931,18.203479757661203,10.703836113368313,37.49251398986412
410,29.833187103271484,13.658196449279785,46.43732833862305,21.617860794067383,10.338919639587402,41.703269958496094,13.635978698730469,11.512114524841309,38.34208679199219,27.665885998628717,12.798152013717104,41.880106295650734,18.235268326380588,11.434173806044361,38.05928633689897,18.157804747071896,10.711918897483041,37.5010097178854
411,28.137218475341797,14.094072341918945,44.414466857910156,22.47650146484375,10.81637191772461,41.73807907104492,16.476552963256836,11.102801322937012,40.47433090209961,27.670599323395848,12.811111216999123,41.90544990127333,18.27768065776522,11.427995787161164,38.09607426424043,18.140992229233746,10.71582772173758,37.530742929727545
412,26.83469009399414,14.37051773071289,40.410194396972656,17.164432525634766,9.7781343460083,40.57173156738281,18.3958797454834,9.681535720825195,38.8328971862793,27.662240231101833,12.826705282136261,41.890497346230326,18.266548176443916,11.411497172749636,38.120830837271846,18.143541104396242,10.705484801728456,37.54376447229306
413,28.692428588867188,11.554840087890625,40.94899368286133,13.90407657623291,10.563859939575195,39.625484466552734,9.018879890441895,8.328167915344238,35.28135681152344,27.672542114679487,12.813986630193805,41.881082309596636,18.222923460441805,11.403020800417892,38.135877373564654,18.052294492256696,10.681711632864614,37.52114039568537
414,24.806921005249023,8.485814094543457,38.976173400878906,20.028947830200195,9.797818183898926,39.15715026855469,9.505427360534668,8.503314971923828,35.3695068359375,27.643885903585183,12.770704904837302,41.852033220509455,18.24098370413939,11.386968774252702,38.14609010251455,17.966825820939473,10.659927666255207,37.499624060087896
415,21.079574584960938,8.62552261352539,37.164329528808594,14.564834594726562,9.367319107055664,39.69994354248047,10.811333656311035,8.434517860412598,35.51811981201172,27.57824279039894,12.729253081924183,41.805156183592445,18.20422221304526,11.366772277580733,38.16162863691421,17.895270899293187,10.637673568196782,37.47980901760713
416,20.849929809570312,11.105732917785645,38.70752716064453,10.791316986083984,9.493021011352539,40.10304260253906,11.941564559936523,8.107016563415527,36.009674072265625,27.51095966059065,12.713017880282798,41.77417989336297,18.130093160775647,11.348034764918452,38.18104277657046,17.83573383589962,10.61236699814897,37.46510766815371
417,20.976726531982422,14.080474853515625,41.95589828491211,10.762073516845703,9.150790214538574,40.504390716552734,12.489959716796875,8.346807479858398,36.58944320678711,27.445617329304568,12.726692450015127,41.775997077278454,18.056412964336346,11.326062319414653,38.20427625597028,17.782276094708592,10.589711402966064,37.456351023540044
418,30.66611671447754,12.119511604309082,39.77162170410156,10.875434875488281,8.766939163208008,40.890811920166016,12.885334968566895,9.50920295715332,36.942195892333984,27.477822323156296,12.720620641558067,41.755953323546684,17.984603183447863,11.300471087852586,38.231141612612234,17.733306683447175,10.578906318507936,37.45120947222799
419,31.728012084960938,9.95583724975586,38.9152717590332,10.88245964050293,9.081819534301758,41.38494873046875,14.741748809814453,10.872483253479004,36.48596954345703,27.52032422077434,12.692972807640045,41.72754650790155,17.913581748018412,11.278284572317077,38.2626796837908,17.70339110471085,10.581842087857646,37.44155707294028
420,31.58138656616211,9.88329029083252,38.771541595458984,10.681365966796875,10.014068603515625,41.87346649169922,19.851951599121094,11.168445587158203,36.798095703125,27.560934844228218,12.66487598247197,41.69798645877712,17.841259590206196,11.265642412629061,38.29878755186988,17.724876709654954,10.587708122850653,37.43512245924212
421,27.306249618530273,12.758211135864258,39.074241638183594,10.711346626281738,11.174147605895996,42.116455078125,19.602920532226562,10.715691566467285,39.17071533203125,27.558387991971237,12.665809334005894,41.67174901057118,17.76996046056695,11.26472746456173,38.33696422713243,17.74365714788067,10.58898795728682,37.45247838797001
422,26.051637649536133,12.893912315368652,42.1279182434082,14.64352035522461,11.48229694366455,41.66670227050781,19.3675594329834,9.410467147827148,38.36003875732422,27.543320488546886,12.668090363819523,41.676310702899556,17.738696059513526,11.266903159352758,38.37026160756618,17.759896170731697,10.577202749192223,37.46155399166356
423,19.465303421020508,8.118618965148926,40.691829681396484,17.033899307250977,10.239706993103027,42.312015533447266,20.8795223236084,10.852221488952637,39.33990478515625,27.46254031787162,12.622595649832817,41.66646589268452,17.7316480919909,11.25663119769026,38.40967914682499,17.791092432260463,10.579952936589828,37.480337499598484
424,23.700159072875977,9.43873119354248,40.51420974731445,17.175994873046875,10.582537651062012,42.7121467590332,22.113454818725586,12.451754570007324,42.520050048828125,27.424916505421663,12.590757005269914,41.65494333123082,17.726091559801457,11.249890262223976,38.45270382294707,17.834316056125115,10.598670952924003,37.53073462509078
425,21.56100082397461,10.826593399047852,35.60264587402344,17.670249938964844,12.687830924987793,42.1379280090332,14.093825340270996,9.360221862792969,37.586219787597656,27.36627734860719,12.573115369207693,41.59442035665874,17.72553314359309,11.264269668851615,38.489556064807935,17.796911148966572,10.586286462022693,37.53128947671585
426,20.092388153076172,12.680699348449707,39.78280258178711,21.82536506652832,12.483356475830078,42.287296295166016,9.129670143127441,8.879908561706543,35.81257247924805,27.29353845665188,12.574191209000112,41.57630417891002,17.766531462822442,11.2764605369214,38.52753346711151,17.71023873890818,10.569222683019532,37.51410230674117
427,22.96274185180664,10.304658889770508,35.83453369140625,23.565031051635742,10.211893081665039,42.939552307128906,10.21660327911377,8.664456367492676,36.249351501464844,27.25023049060343,12.551495885807816,41.518886474034986,17.824516458710576,11.265814862368837,38.57165365551169,17.63530238431024,10.550175019864264,37.50145479868841
428,28.46826934814453,10.047771453857422,36.034664154052734,27.60663604736328,10.481827735900879,44.090614318847656,13.169050216674805,8.881735801696777,37.34584045410156,27.26241087917884,12.526458641488311,41.464044250835165,17.9223376545971,11.257974991104156,38.62684326214505,17.590639862633886,10.533490627682589,37.49989865524254
429,32.601097106933594,13.790335655212402,35.050594329833984,28.74273109436035,12.51169490814209,45.453121185302734,18.67669105529785,9.010741233825684,38.99071502685547,27.31579774145639,12.539097411625553,41.39990975162515,18.030541588994733,11.270512190274536,38.69510604137663,17.601500374560526,10.518263133744021,37.51480681895867
430,26.10382652282715,11.334622383117676,39.31325149536133,25.485260009765625,15.016956329345703,47.99610137939453,15.51766586303711,9.439030647277832,39.468238830566406,27.3036780292701,12.527052661340475,41.37904316906251,18.105088773202443,11.307976631665246,38.788115994756815,17.580662029445293,10.50747080887936,37.53434113907474
431,13.933732986450195,11.016176223754883,43.34937286376953,24.81348991394043,13.156387329101562,42.47922897338867,10.417961120605469,10.351280212402344,38.363555908203125,27.1699785788419,12.51194389696462,41.39874646600958,18.172172784609824,11.32646073863961,38.82502712454313,17.509035020356894,10.505908902914591,37.542633286766026
432,14.372350692749023,9.97481918334961,41.174476623535156,22.778623580932617,14.711403846740723,44.67046356201172,12.755775451660156,11.571094512939453,37.159446716308594,27.042002299980968,12.48657264982847,41.39650376758483,18.21823729257305,11.360310169720622,38.883481488917816,17.461502424669927,10.51656075901484,37.53880142106145
433,27.184080123901367,13.383667945861816,39.30788040161133,25.43753433227539,14.729511260986328,41.555625915527344,22.95516586303711,9.061614036560059,35.585960388183594,27.043423078220172,12.495543602788803,41.375617533925094,18.290430262970073,11.39400218063328,38.91020293318391,17.5164390590536,10.502011291790293,37.519273010732675
434,23.617033004760742,11.862613677978516,36.68386459350586,22.136987686157227,14.890388488769531,43.32101058959961,20.12636375427246,8.570198059082031,36.15968704223633,27.00915917748558,12.4892143035407,41.328700004520904,18.328895837201944,11.428966043714643,38.95431100974807,17.54253830600579,10.482693159463212,37.505677151047706
435,26.434480667114258,11.952312469482422,37.72758102416992,26.01789665222168,14.608531951904297,40.92945861816406,12.465124130249023,8.925461769104004,36.94906997680664,27.003412392381865,12.483845285200118,41.292688814717394,18.405785845352142,11.46076170279654,38.97406248583223,17.49176416424822,10.46712084555962,37.50011107930529
436,25.446340560913086,9.396129608154297,38.89242172241211,26.060956954956055,14.001757621765137,41.38139724731445,9.961252212524414,11.088683128356934,37.80324935913086,26.987841674067177,12.45296812842966,41.26868614379434,18.482337556448183,11.486171661986226,38.99813583344705,17.41645904473098,10.473336468387593,37.50314246210355
437,17.252798080444336,11.208590507507324,41.65993881225586,15.55067253112793,13.757545471191406,40.662784576416016,10.132311820983887,10.335062026977539,36.98388671875,26.89049123813095,12.440524352220436,41.272598670478956,18.453020906194983,11.50888540007828,39.01478232087674,17.343617572493507,10.471953723973494,37.497949904670016
438,18.13192367553711,10.740642547607422,44.050201416015625,18.257003784179688,12.864012718200684,42.23386001586914,12.359960556030273,10.65368366241455,36.82533264160156,26.80290556250501,12.423525534174306,41.30037469793432,18.451060734974828,11.522436673259502,39.04697309782666,17.293781002328878,10.473771023357905,37.49122373203933
439,33.656429290771484,14.324090003967285,41.77183532714844,21.964981079101562,10.51305103302002,41.36661148071289,15.046588897705078,10.282377243041992,36.644989013671875,26.871440799787678,12.442531178872237,41.30508930422646,18.486199938416096,11.512342816857107,39.07016948165552,17.27130908128264,10.471857085554747,37.48276138485566
440,39.41108703613281,12.490034103393555,40.75571823120117,22.804407119750977,10.989116668701172,41.11799621582031,16.902524948120117,10.130407333374023,36.84197998046875,26.99683726215113,12.443006208117449,41.29959559349621,18.529382010229444,11.507110555375547,39.09064774899716,17.267621239951016,10.46844258803294,37.47635357081179
441,42.76273727416992,14.072839736938477,48.25156784057617,21.476966857910156,14.03608226776123,39.553611755371094,18.679941177368164,11.620889663696289,36.54290008544922,27.154496262271316,12.45930454340566,41.36911531596701,18.55885785870625,11.532400272499403,39.095277389060904,17.281744439325188,10.479967058789573,37.46701903595816
442,27.51798439025879,13.650934219360352,49.055850982666016,14.425895690917969,10.17359447479248,37.08639907836914,23.97510528564453,13.189716339111328,35.55174255371094,27.15813114355119,12.471220840165206,41.445982672634,18.51752823702837,11.518812214522333,39.07518860595398,17.34867804778838,10.507064551592789,37.44786627113569
443,31.731199264526367,14.479303359985352,51.05387878417969,16.997886657714844,9.187393188476562,37.63184356689453,22.177696228027344,9.394186019897461,35.98225784301758,27.203861824760946,12.491301665363407,41.542061633749455,18.502331821235234,11.495498024261876,39.060755155563385,17.39696822959077,10.495935766275835,37.43321018685451
444,33.31178665161133,11.853044509887695,45.81537628173828,17.642366409301758,9.963489532470703,38.32479476928711,25.501375198364258,9.735201835632324,38.0287971496582,27.264941073029448,12.48491909380865,41.584794780229345,18.4937321671159,11.480177939343964,39.053395551700625,17.478012299278504,10.4883284269694,37.43916605648255
445,40.82783508300781,9.811422348022461,45.052860260009766,16.217103958129883,12.650012016296387,38.99785614013672,23.99358367919922,11.169790267944336,38.03402328491211,27.40057001312923,12.458184126350789,41.619475435027155,18.47096588502604,11.491876280113487,39.05284015758499,17.54316801307771,10.495143045379148,37.445114628766845
446,32.94963455200195,12.967247009277344,43.777427673339844,11.965672492980957,14.902168273925781,39.87487030029297,14.965657234191895,11.985746383666992,36.994998931884766,27.456060658517956,12.463274755180054,41.64105495741028,18.40591295110559,11.52597920005161,39.06106045901207,17.51739290528885,10.510049078762027,37.440613471798024
447,29.499065399169922,15.753429412841797,44.69091033935547,19.68478012084961,11.34383773803711,37.6922607421875,13.856642723083496,14.008545875549316,40.321632385253906,27.476490705924476,12.496176301756671,41.67155351122974,18.41870162280303,11.524157785431465,39.04737246184382,17.480785403466797,10.5450340467299,37.469423660932584
448,26.591527938842773,13.713824272155762,46.44783401489258,20.547468185424805,9.882859230041504,38.04115676879883,21.645709991455078,14.499495506286621,44.1935920715332,27.467641078253656,12.508352781460664,41.71931631626637,18.43998928842925,11.507744799877566,39.03731030491337,17.52243464934668,10.584578661325466,37.536665345038585
449,31.54529571533203,13.800246238708496,45.23305892944336,21.8004150390625,10.454377174377441,38.878631591796875,27.564598083496094,12.134526252746582,42.18580627441406,27.50841762462444,12.521271716033143,41.75445374239814,18.473593545935582,11.497211123622565,39.0357235177822,17.622856283688172,10.600078137239677,37.58315675433234
450,34.778011322021484,10.958388328552246,39.56242370605469,24.07223892211914,13.228203773498535,39.76414108276367,20.72412872314453,11.78463363647461,38.21927261352539,27.581113561598407,12.505642882158332,41.73253344203471,18.529579999697418,11.514521050121324,39.04300769343202,17.653869008082733,10.611923692232027,37.58951791292427
451,34.2188606262207,13.471694946289062,39.137611389160156,29.44877052307129,16.064632415771484,42.294212341308594,18.57134437561035,12.086227416992188,37.71046829223633,27.64749103224463,12.51530340279964,41.70658422150596,18.638771904931158,11.560022163777827,39.07551973991078,17.663043761758008,10.626666729479629,37.59072741671739
452,28.78923988342285,13.594368934631348,49.31545639038086,29.418519973754883,16.70096206665039,42.44516372680664,14.710844993591309,13.086742401123047,38.49374008178711,27.658908520756412,12.526094058117957,41.78267294319471,18.746569385619395,11.611431562806551,39.109216179779736,17.633521774076343,10.651267486196062,37.599757543368085
453,27.47817039489746,12.399765968322754,51.526397705078125,27.566896438598633,15.557100296020508,42.93155288696289,16.186553955078125,13.115815162658691,40.12419128417969,27.657101139497822,12.524830777220005,41.88011019081355,18.834772656149187,11.65088825013869,39.147439546851565,17.61905209588636,10.67591296296069,37.6250018807762
454,27.46306800842285,13.295063018798828,53.13768768310547,20.731130599975586,12.7252197265625,37.0047607421875,18.69961929321289,13.031855583190918,41.102760314941406,27.655160808187073,12.532533099635794,41.99268596573646,18.85373623558745,11.661631564902928,39.126012758804926,17.629857767859622,10.699472389162992,37.65977946511786
455,31.27714729309082,13.130681037902832,48.20369338989258,21.53387451171875,13.235719680786133,36.796409606933594,26.72878074645996,11.808475494384766,40.32950973510742,27.69138067303611,12.538514579018464,42.05479603997802,18.880537618348765,11.67737244606176,39.102716727286214,17.720846997645626,10.71056242021521,37.68647676781776
456,28.814105987548828,12.392340660095215,46.95125198364258,12.097639083862305,11.925148010253906,36.574371337890625,21.14800453186035,10.652997970581055,35.60186767578125,27.702607926181237,12.537052839829231,42.10376059941467,18.8127086330039,11.679850201703681,39.07743327339226,17.755118572987772,10.709986775718868,37.66563067689739
457,23.226476669311523,11.318553924560547,39.6912841796875,15.51449966430664,12.102396965026855,40.3130989074707,20.24517822265625,11.572197914123535,35.094947814941406,27.65784661361254,12.524867850676545,42.0796358352174,18.77972654331693,11.684075669336913,39.08978992973304,17.780019169484458,10.718608887102915,37.63992384827784
458,28.3199405670166,12.379182815551758,40.540382385253906,12.311274528503418,12.223204612731934,36.82211685180664,21.416051864624023,11.960904121398926,33.23310089111328,27.664467553146583,12.523411000325297,42.06424330071776,18.715042023168795,11.689466958770863,39.06711319895378,17.816379496435854,10.731031839445874,37.595855618706196
459,33.2337532043457,14.025132179260254,42.2010498046875,18.63748550415039,10.035428047180176,35.78278732299805,19.26690673828125,12.364296913146973,34.29305648803711,27.720160409658575,12.538428212114646,42.065611365757455,18.71426645797861,11.672926569654956,39.03426994019422,17.830884768854308,10.747364490182886,37.5628276273995
460,36.52895736694336,15.848119735717773,49.27178192138672,18.03421401977539,8.859318733215332,36.480003356933594,19.09725570678711,11.511931419372559,37.30500411987305,27.808248379231422,12.571525127350677,42.13767307131375,18.70746593359658,11.644790491290559,39.00872727436162,17.843548478233632,10.755010159474782,37.56024939232424
461,39.13102722167969,13.491186141967773,47.90919876098633,11.777975082397461,9.676426887512207,36.61991500854492,15.083386421203613,11.07893180847168,34.05696105957031,27.921476167655904,12.580721737496848,42.19538832821048,18.63817102508459,11.625106855252774,38.984839151703454,17.81594685766333,10.75824937596475,37.52521650899669
462,37.07754898071289,13.992236137390137,47.14653778076172,11.7022705078125,10.96696949005127,36.6412239074707,16.881696701049805,12.7020845413208,33.33115768432617,28.013036895786474,12.594836881495782,42.24489982273599,18.568812019911867,11.61852548160076,38.961402999261125,17.806604356097196,10.77768772761831,37.48327592074999
463,28.82933807373047,17.905107498168945,56.00316619873047,15.074275016784668,10.23540210723877,36.17633819580078,19.745485305786133,10.53624439239502,33.234092712402344,28.02119990756591,12.647939587662513,42.38248248649593,18.533866649880597,11.60469424785714,38.93355235122652,17.825993165594088,10.775273294266077,37.44078408866651
464,31.076740264892578,22.355911254882812,57.1415901184082,17.10433578491211,8.613882064819336,36.62038803100586,23.7447566986084,10.283447265625,35.307518005371094,28.05175531113918,12.745019304334717,42.530073562815055,18.519571341230915,11.574786126026762,38.91042070802431,17.885180800924232,10.770355033979666,37.41945142783356
465,49.4180793762207,18.279075622558594,43.03143310546875,17.1665096282959,8.195487976074219,36.96394729614258,16.0845947265625,9.177754402160645,32.40277099609375,28.265418551789995,12.800359867516955,42.535087158241595,18.506040724101563,11.540993144527237,38.89095597390549,17.867174940180615,10.754429027661475,37.36928462351616
466,45.43485641479492,14.539811134338379,41.701419830322266,15.235032081604004,9.47728157043457,37.39362716674805,13.90816593170166,10.609134674072266,32.79923629760742,28.437112930420046,12.81775438018517,42.5267504849624,18.47333063767659,11.52035602878631,38.87598268583392,17.827584850095825,10.752976084125583,37.323584140257076
467,32.324825286865234,14.327937126159668,43.35451889038086,12.28858757019043,10.271944046020508,38.45785903930664,10.167289733886719,10.81354808807373,31.94223403930664,28.475990053984496,12.832856207644914,42.535028169016584,18.411483207001726,11.507871908958652,38.87180144936865,17.750981898933734,10.753581804165064,37.269770639247575
468,30.90530014038086,14.931439399719238,43.9376335144043,12.96750545501709,10.263213157653809,40.70956039428711,11.156190872192383,10.241914749145508,31.73697280883789,28.500283154848457,12.853842039565658,42.54905422247046,18.35704342948188,11.495425321445603,38.890179038817834,17.68503398866632,10.748465133614868,37.214442660943476
469,34.59982681274414,14.846795082092285,39.40290451049805,16.88378143310547,9.823823928833008,43.11769104003906,12.337180137634277,9.038439750671387,32.02619934082031,28.561278591427413,12.873771569990923,42.51759272535073,18.342310809518118,11.478709307519477,38.93245415883004,17.631555450156,10.731364879785433,37.16256022774224
470,32.4644660949707,16.531816482543945,43.47391891479492,13.366898536682129,9.771477699279785,40.13676452636719,13.228588104248047,8.413146018981934,32.69049072265625,28.600310466462847,12.910352019116454,42.52715598724517,18.29255668678976,11.461636991437079,38.94449726250541,17.58752577669692,10.708182691177399,37.11783953269138
471,20.668598175048828,14.122594833374023,47.205848693847656,16.301589965820312,10.444985389709473,41.61106872558594,10.330632209777832,9.069371223449707,32.668148040771484,28.520993343548707,12.92247444725903,42.5739429143112,18.272647019580063,11.451470475419802,38.97116297713621,17.514956841027733,10.691794576500122,37.07334261777218
472,20.367403030395508,12.903180122375488,48.09117889404297,19.828126907348633,10.333127975463867,41.39690017700195,10.001504898071289,10.444270133972168,33.01872253417969,28.439457440417172,12.922281504010193,42.62911527410852,18.28820181845775,11.440287050420242,38.99542034913487,17.439822321598168,10.689319332074842,37.03279641693625
473,23.97081756591797,13.715126991271973,46.02210998535156,16.380712509155273,9.949819564819336,41.235713958740234,12.927956581115723,11.56645393371582,31.72873878479004,28.39477104167218,12.930209958882811,42.66304522122095,18.269126925364723,11.425382375564233,39.01782328523092,17.394703664193344,10.698090678091251,36.979755840614786
474,34.33864212036133,13.450152397155762,44.279937744140625,15.825448989868164,9.569012641906738,41.53053283691406,16.874725341796875,9.665379524230957,32.01469802856445,28.45420975245907,12.93540938326554,42.67921414645014,18.244690146009756,11.406818678227657,39.042950380747754,17.38950388096938,10.687763566552649,36.93010526249428
475,32.107181549072266,13.165007591247559,42.3502311706543,19.392480850219727,9.300711631774902,42.57356262207031,16.740785598754883,7.980025291442871,32.26426696777344,28.490739470425204,12.93770536534536,42.67592431669218,18.256168053051855,11.385757607763129,39.078256503160986,17.383016698147234,10.660686183801552,36.88344687954707
476,29.60336685180664,12.01356315612793,44.67587661743164,21.493396759033203,9.89519214630127,42.5399284362793,15.274459838867188,8.21379566192627,32.77046203613281,28.50186574423902,12.928463943253186,42.69592383969958,18.28854034011167,11.37085195314851,39.11287322249217,17.361931129554435,10.6362172785828,36.842317031112934
477,24.81334686279297,10.879727363586426,38.423831939697266,16.004072189331055,9.901320457458496,41.72483825683594,12.405606269836426,9.531725883483887,33.324214935302734,28.46498055542456,12.90797657745652,42.653202920699556,18.265695658603864,11.356156638191608,39.13899287283561,17.312367880957254,10.625172364631812,36.80713601015483
478,26.064167022705078,13.251495361328125,35.413818359375,14.136921882629395,9.451306343078613,40.16828155517578,10.767013549804688,11.174152374267578,33.82133483886719,28.440972420097367,12.911411765295236,42.58080907508631,18.22440792084412,11.337108135240479,39.14928575965901,17.246914337645727,10.63066216472817,36.77727799844195
479,24.777097702026367,14.421469688415527,34.8952522277832,14.973865509033203,10.75323486328125,39.94572830200195,16.352399826049805,11.420571327209473,35.711063385009766,28.404333672916657,12.92651234452644,42.50395350661328,18.19190249672601,11.331269402520887,39.15725018508244,17.237969192529768,10.638561256352983,36.76661585230763
480,22.121206283569336,14.26174259185791,38.45515060424805,19.695724487304688,12.477374076843262,39.392333984375,17.66820526123047,9.548232078552246,35.48814392089844,28.341502399023184,12.939864646999755,42.46346547758962,18.206940716631795,11.34273044926411,39.15960102307537,17.242271553216774,10.627657964574976,36.75383113299354
481,30.00924301147461,13.074061393737793,39.96435546875,18.860939025878906,11.833749771118164,39.904808044433594,10.028207778930664,8.548721313476562,33.589359283447266,28.358179805147696,12.941206614467136,42.43847437750123,18.21348069972427,11.34764064248265,39.16705309328895,17.170130915473912,10.606868598063992,36.722186414498076
482,28.997880935668945,13.775046348571777,41.506797790527344,17.9671573638916,11.45258903503418,40.75382614135742,10.3436918258667,8.251283645629883,33.94968032836914,28.364576816452907,12.949545011808182,42.42915761163149,18.21101746636594,11.348690126408165,39.182920823769635,17.10186652457784,10.583312748539651,36.69446135363679
483,27.873916625976562,12.61546802520752,46.44898986816406,14.424155235290527,10.67770004272461,39.96229934692383,10.73331069946289,8.087536811828613,34.4709587097168,28.359670214548142,12.946204241942175,42.46935593419681,18.173148844055188,11.34198022557133,39.190714609001176,17.038180966326692,10.55835498917254,36.67222632719759
484,31.313201904296875,13.128182411193848,47.09093475341797,12.998002052307129,10.652941703796387,39.704742431640625,11.182828903198242,8.592053413391113,35.039466857910156,28.38920553144563,12.948024023634693,42.515571722389026,18.121397376137708,11.33508984035358,39.19585488722757,16.979627445695407,10.538691973414727,36.65589873250472
485,27.9327335357666,12.8335599899292,44.118408203125,11.224467277526855,11.111753463745117,38.166927337646484,11.575127601623535,9.741554260253906,35.78929901123047,28.38464081148884,12.946879383297638,42.53160008719639,18.0524280751516,11.332856476587496,39.18556561173176,16.92558244725469,10.530720596283118,36.64723273529197
486,29.17151641845703,11.079252243041992,42.74187469482422,14.844182014465332,11.42564868927002,37.3032341003418,11.386406898498535,10.795952796936035,36.13528823852539,28.39250956755852,12.928203111895082,42.53370283327266,18.020345614544738,11.33378439871432,39.16674229661786,16.870190691767128,10.533372918289647,36.6421132903243
487,29.328481674194336,9.812230110168457,43.05442428588867,17.124048233032227,10.174140930175781,37.38740158081055,11.141111373901367,11.335071563720703,36.0942268371582,28.40186928862488,12.897043381877815,42.53891004779882,18.01138264072961,11.322187964028934,39.14894888945979,16.81289989858847,10.541389904743957,36.63663442579264
488,24.408313751220703,10.719902038574219,43.486228942871094,17.48015022277832,9.75524616241455,37.82698059082031,13.1860933303833,10.720498085021973,36.28163528442383,28.361933733250837,12.875271968444778,42.54838323674955,18.006070316550097,11.306518546012791,39.13572920647339,16.776631832906418,10.543180986546737,36.63308443437896
489,24.228801727294922,13.015366554260254,37.71331787109375,15.997514724731445,10.447718620300293,38.39595031738281,14.45433521270752,10.068131446838379,36.45392990112305,28.320602413191274,12.876672914302933,42.50003258309299,17.98598476063191,11.297930546755666,39.12833141758249,16.75340886670443,10.538430491149652,36.6312928890464
490,19.72859764099121,12.9483003616333,39.38428497314453,11.143248558044434,11.010507583618164,39.954383850097656,16.561874389648438,9.694536209106445,36.254493713378906,28.234682365469272,12.877389188776236,42.46887510699351,17.917557398606036,11.295056317124292,39.13659194190764,16.75149352193387,10.529991548329221,36.627524897289724
491,19.7735595703125,14.761821746826172,36.814510345458984,13.948030471801758,11.45505142211914,42.04950714111328,16.208250045776367,9.08908748626709,36.254756927490234,28.150071137517706,12.896233514356735,42.41233145937816,17.87786212933799,11.29665626817424,39.16572109389969,16.746061087172297,10.5155825077086,36.62379721759173
492,32.04447555541992,16.62725257873535,33.7340087890625,20.419471740722656,11.655167579650879,44.83967971801758,18.712039947509766,8.359956741333008,36.835792541503906,28.18901518169673,12.933543705000522,42.325548232675,17.90327822545184,11.300241381289007,39.22246068014087,16.765720875775674,10.494026250044845,36.62591717083085
493,31.00690269470215,11.734992980957031,32.21231460571289,20.16202163696289,10.219764709472656,40.82893753051758,19.40912437438965,10.146591186523438,37.93692398071289,28.217194056826784,12.921558197760087,42.224415896405375,17.92586565956695,11.289436614570844,39.23852544864464,16.792154910761816,10.490551899409631,36.63902723892967
494,25.974119186401367,9.633508682250977,33.155479431152344,18.486173629760742,10.354219436645508,41.3980712890625,18.542240142822266,12.63248348236084,37.31625747680664,28.19476330812253,12.888677702604996,42.13372653175284,17.931468739268887,11.28008444279159,39.260120907048815,16.80965576308242,10.511971215239143,36.64579954130844
495,18.227298736572266,12.541923522949219,34.69320297241211,16.78267478942871,10.554448127746582,40.74604415893555,24.359512329101562,12.929341316223145,38.85472869873047,28.095088662407026,12.885210160808438,42.05932129615944,17.919980799770485,11.27282807964114,39.27498013956768,16.885154328742612,10.536144916248983,36.66788883288266
496,18.790550231933594,7.438194751739502,36.17446517944336,18.710464477539062,11.504451751708984,41.361995697021484,24.839645385742188,14.921161651611328,42.48863220214844,28.002043278102292,12.830740006717749,42.00047273499228,17.927885636548172,11.27514431636182,39.29585029514222,16.964699239312605,10.579995083602606,36.72609626657532
497,21.138490676879883,8.666194915771484,35.12204360961914,26.025726318359375,14.257906913757324,43.740230560302734,19.187437057495117,13.892051696777344,38.349979400634766,27.93340775209007,12.789094555808287,41.931688443738544,18.008864043366284,11.304971942335774,39.34029409779383,16.98692661749443,10.613115649734354,36.74233509791591
498,15.367960929870605,7.312337875366211,34.48386001586914,24.149261474609375,14.269613265991211,41.99443817138672,15.346746444702148,12.602691650390625,36.48631286621094,27.807753283867875,12.734326989003867,41.85721015945985,18.070268017678714,11.334618355572328,39.36683553852976,16.970524815766506,10.633011409740917,36.73977487559886
499,9.092555046081543,7.048402309417725,33.68216323852539,18.884450912475586,14.167510986328125,40.15614700317383,17.13060760498047,11.740791320800781,36.33186721801758,27.620601301490012,12.677467742208005,41.7754596902505,18.078409846626684,11.362947281879887,39.374728653176206,16.972125643658647,10.644089208851515,36.73569579902305
