step,rl_roll_raw,rl_pitch_raw,rl_yaw_raw,baseline_roll_raw,baseline_pitch_raw,baseline_yaw_raw,rl_roll_ema,rl_pitch_ema,rl_yaw_ema,baseline_roll_ema,baseline_pitch_ema,baseline_yaw_ema
0,0.9267804622650146,1.1714545488357544,16.07542610168457,1.4286147356033325,1.375527262687683,16.08812713623047,0.9267804622650146,1.1714545488357544,16.07542610168457,1.4286147356033325,1.375527262687683,16.08812713623047
1,2.0365865230560303,2.8519651889801025,16.045364379882812,4.3080363273620605,4.169982433319092,16.08515739440918,0.9378785228729247,1.1882596552371978,16.075125484466554,1.4574089515209199,1.4034718143939973,16.088097438812255
2,2.9990267753601074,3.9095370769500732,16.00627326965332,6.7123026847839355,6.544553279876709,16.10280418395996,0.9584900053977966,1.2154724294543267,16.074436962318423,1.50995788885355,1.4548826290488244,16.08824450626373
3,3.7601280212402344,4.447628021240234,15.973644256591797,8.234387397766113,8.108453750610352,16.134443283081055,0.986506385556221,1.2477939853721858,16.073429035261157,1.5772021839426758,1.5214183402644397,16.088706494031904
4,4.367297649383545,4.695634841918945,15.93345832824707,9.01137638092041,8.993147850036621,16.174114227294922,1.0203142981944944,1.2822723939376535,16.072029328191018,1.6515439259124531,1.5961356353621614,16.089560571364533
5,4.835777759552002,4.650097370147705,15.887503623962402,9.07824420928955,9.235021591186523,16.215641021728516,1.0584689328080694,1.315950643699754,16.07018407114873,1.7258109287462242,1.6725244949204052,16.09082137586817
6,4.986545085906982,4.3683342933654785,15.871837615966797,8.49778938293457,8.858399391174316,16.2510986328125,1.0977496943390586,1.346474480196411,16.06820060659691,1.7935307132881078,1.7443832438829443,16.092424148437615
7,4.91603946685791,3.9058480262756348,15.932035446166992,7.338994979858398,7.932092189788818,16.284893035888672,1.1359325920642471,1.3720682156572035,16.066838954992612,1.8489853559538107,1.806260333342003,16.094348837312126
8,4.589557647705078,3.318402051925659,16.022916793823242,5.718011856079102,6.562714576721191,16.325592041015625,1.1704688426206555,1.391531554019888,16.06639973338092,1.8876756209550636,1.853824875775795,16.09666126934916
9,3.9173851013183594,2.9095561504364014,16.160594940185547,3.912665605545044,4.96339750289917,16.36136245727539,1.1979380052076325,1.406711799984053,16.067341685448966,1.9079255208009633,1.8849206020470288,16.09930828122842
10,3.3477368354797363,2.8384435176849365,16.411787033081055,2.2480812072753906,3.092486619949341,16.43121337890625,1.2194359935103534,1.4210291171610618,16.070786138925286,1.9113270776657076,1.8969962622260519,16.1026273322052
11,2.8553011417388916,3.1208105087280273,16.72258949279785,1.8792959451675415,1.9004936218261719,16.45454978942871,1.2357946449926387,1.4380269310767315,16.07730417246401,1.911006766340726,1.8970312358220531,16.106146556777432
12,2.3657336235046387,3.374056100845337,17.12165069580078,2.9797630310058594,1.8661428689956665,16.483577728271484,1.2470940347777588,1.4573872227744176,16.08774763769738,1.9216943289873774,1.8967223521537893,16.109920868492374
13,2.488176107406616,3.4805123805999756,17.65204620361328,4.852643966674805,2.443647623062134,16.512767791748047,1.2595048555040473,1.4776184743526732,16.10339062335654,1.9510038253642517,1.9021916048628726,16.113949337724932
14,2.862713575363159,3.5327184200286865,17.950910568237305,6.570103168487549,3.609628200531006,16.54021644592285,1.2755369427026384,1.4981694738094333,16.121865822805347,1.9971948187954847,1.919265970819554,16.11821200880691
15,3.5452451705932617,3.4984939098358154,18.567995071411133,7.980935096740723,4.6892900466918945,16.576269149780273,1.2982340249815447,1.5181727181696971,16.146327115291406,2.057032221574937,1.9469662115782775,16.122792580216643
16,4.202866077423096,3.161426067352295,19.28322410583496,8.992451667785645,5.457884311676025,16.489625930786133,1.3272803455059603,1.5346052516615232,16.177696085196843,2.126386416037044,1.982075392579255,16.12646091372234
17,4.541680335998535,3.0286312103271484,20.210113525390625,9.453802108764648,5.81633996963501,16.570045471191406,1.359424345410886,1.5495455112481795,16.218020259598777,2.19966057296432,2.0204180383498125,16.13089675929703
18,4.57935094833374,3.133584499359131,21.335290908813477,9.438068389892578,5.882012844085693,16.65234375,1.3916236114401146,1.5653859011292892,16.269192966090923,2.272044651133603,2.0590339864071714,16.136111229204058
19,4.45682430267334,3.1436288356781006,22.57826042175293,8.803485870361328,5.507734298706055,16.472055435180664,1.4222756183524468,1.5811683304747775,16.332283640647542,2.3373590633258807,2.0935209895301603,16.139470671263826
20,3.845870018005371,2.934333324432373,23.459938049316406,7.89772367477417,4.984745025634766,16.52356719970703,1.4465115623489762,1.5946999804143536,16.403560184734232,2.392962709440364,2.122433229891206,16.14331163654826
21,3.6727135181427,2.998746156692505,24.633195877075195,6.592922210693359,4.1876044273376465,16.573415756225586,1.4687735819069134,1.6087404421771352,16.485856541657643,2.434962304452894,2.1430849418656703,16.14761267774503
22,3.470417022705078,3.096726894378662,26.381498336791992,4.959700107574463,3.2491908073425293,16.652795791625977,1.488790016314895,1.6236203066991504,16.584812959608985,2.46020968248411,2.1541460005204387,16.152664508883838
23,3.0008904933929443,3.2766149044036865,27.79771614074707,4.153151035308838,2.610041856765747,16.79415512084961,1.5039110210856754,1.6401502526761957,16.696941991420367,2.477139096012357,2.1587049590828915,16.159079415003497
24,2.865414619445801,3.4901247024536133,29.415971755981445,4.183264255523682,2.4246506690979004,16.835302352905273,1.5175260570692768,1.65864999717397,16.82413228906598,2.49420034760747,2.1613644161830416,16.165841644382514
25,3.0671472549438477,3.489980459213257,31.119279861450195,4.852614879608154,2.54860258102417,16.96550178527832,1.5330222690480226,1.676963301794363,16.967083764789823,2.517784492927477,2.165236797831453,16.173838245791472
26,3.0796585083007812,3.769151449203491,32.64015197753906,5.705604553222656,2.8923654556274414,17.02096176147461,1.5484886314405502,1.6978851832684543,17.123814446917315,2.5496626935304287,2.172508084409413,16.1823094809483
27,3.4610910415649414,3.8574066162109375,34.08588790893555,6.874827861785889,3.3769023418426514,17.303905487060547,1.567614655541794,1.7194803975978792,17.293435181537497,2.592914345212983,2.1845520269837455,16.193525441009424
28,4.157366752624512,3.6364660263061523,35.63813018798828,7.875162124633789,3.923445463180542,17.413442611694336,1.5935121765126212,1.738650253884962,17.476882131602004,2.645736823007191,2.2019409613457137,16.205724612716274
29,4.503467082977295,3.4511325359344482,37.2581787109375,8.679681777954102,4.413825988769531,17.54278564453125,1.622611725577268,1.755775076705457,17.674695097395357,2.7060762725566603,2.2240598116199517,16.219095223034426
30,4.766190528869629,3.4288103580474854,38.375125885009766,9.044215202331543,4.863370418548584,17.664854049682617,1.6540475136101918,1.7725054295188774,17.8816994052715,2.769457661854409,2.250452917689238,16.23355281130091
31,5.479849338531494,3.1401758193969727,39.687217712402344,8.920370101928711,5.1680731773376465,17.94288444519043,1.6923055318594047,1.7861821334176584,18.099754588342808,2.830966786255152,2.2796291202857217,16.250646127639808
32,6.290882587432861,2.9549126625061035,41.19099426269531,8.363629341125488,5.165948390960693,17.745948791503906,1.7382913024151392,1.797869438708543,18.33066698508633,2.8862934118038557,2.3084923129924713,16.26559915427845
33,7.338636875152588,3.0494384765625,43.08325958251953,7.654091835021973,5.021191120147705,17.47214126586914,1.7942947581425137,1.8103851290870825,18.57819291106066,2.933971396036037,2.3356193010640234,16.277664575394358
34,6.743249893188477,3.3339738845825195,44.83467483520508,6.996331691741943,4.782041072845459,17.439756393432617,1.8437843094929733,1.8256210166420368,18.840757730302105,2.974594998993096,2.360083518781838,16.28928549357474
35,6.98078727722168,3.8124969005584717,45.63521194458008,6.534051418304443,4.616028308868408,17.512557983398438,1.8951543391702605,1.8454897754812012,19.108702272444884,3.0101895631862097,2.3826429666827034,16.301518218472978
36,6.612063407897949,4.196330547332764,47.08514404296875,6.267088413238525,4.404903888702393,17.605039596557617,1.9423234298575374,1.868998183199717,19.38846669015012,3.042758551686733,2.4028655759029003,16.314553432253824
37,5.413683891296387,4.032658100128174,46.23793411254883,6.298996448516846,4.118200302124023,17.903541564941406,1.977037034471926,1.8906347823690015,19.65696136437411,3.075320930655034,2.4200189231651112,16.330443313580698
38,5.5724077224731445,4.007823467254639,45.81452560424805,6.707956314086914,4.087369441986084,18.017213821411133,2.0129907413519383,1.911806669217858,19.918537006772848,3.1116472844893526,2.4366924283533207,16.347311018659003
39,7.21494722366333,4.302460670471191,47.536346435546875,7.376307964324951,4.294338703155518,18.159687042236328,2.065010306175052,1.9357132092303913,20.194715101060588,3.1542938912877085,2.4552688911013427,16.365434778894777
40,8.868684768676758,4.717041015625,49.14820098876953,8.335137367248535,4.823941707611084,18.334890365600586,2.133047050800069,1.9635264872943374,20.484249959937678,3.2061023260473167,2.47895561926644,16.385129334761835
41,10.861955642700195,5.296357154846191,49.82988357543945,9.447596549987793,5.459198951721191,18.701807022094727,2.2203361367190704,1.996854793969856,20.777706296092695,3.2685172682867214,2.5087580525909874,16.408296111635163
42,9.474453926086426,5.5503458976745605,48.61785125732422,10.189162254333496,6.12576961517334,18.99163055419922,2.292877314612744,2.0323897050069033,21.056107745705013,3.337723718147189,2.544928168216811,16.434129456060802
43,9.062775611877441,5.952767848968506,49.76836395263672,10.837729454040527,6.518374919891357,19.05328369140625,2.360576297585391,2.071593486446519,21.34323030777433,3.412723775506122,2.5846626357335563,16.460320998414257
44,9.806659698486328,6.113442897796631,49.17991638183594,11.036026000976562,6.803513050079346,19.250507354736328,2.4350371315944006,2.1120119805600206,21.621597168514946,3.4889567977608267,2.6268511398770142,16.488222861977476
45,11.256335258483887,5.954145431518555,48.95003890991211,10.786277770996094,6.8157196044921875,19.23329734802246,2.5232501128632956,2.150433315069606,21.894881585928918,3.5619300074931797,2.668739824523166,16.515673606837925
46,13.845273971557617,6.0717010498046875,47.50952911376953,10.38216495513916,6.5995774269104,19.19988441467285,2.636470351450239,2.1896459924169567,22.151028061207324,3.6301323569696398,2.7080482005470383,16.542515714916274
47,12.080170631408691,6.403770446777344,48.753055572509766,10.012661933898926,6.394627571105957,19.325899124145508,2.7309073542498234,2.2317872369605603,22.41704833632035,3.693957652738933,2.7449139942526277,16.570349549008565
48,11.352400779724121,6.738147258758545,48.64475631713867,8.982829093933105,5.816522598266602,19.35792350769043,2.817122288504567,2.2768508371785403,22.679325416128535,3.7468463671508747,2.7756300802927676,16.598225288595383
49,10.879374504089355,5.7762908935546875,48.72593688964844,8.339481353759766,5.496159553527832,19.46099281311035,2.897744810660415,2.311845237742302,22.939791530863733,3.792772717016964,2.8028353750251185,16.626852963840534
50,11.623674392700195,5.533140182495117,47.97278594970703,7.4421868324279785,5.093789577484131,18.71055793762207,2.985004106480813,2.3440581871898307,23.190121475052166,3.829266858171074,2.8257449170497084,16.64769001357835
51,8.808444023132324,6.490041255950928,47.20875930786133,7.304892539978027,5.094287395477295,19.03143310546875,3.043238505647328,2.385518017877442,23.430307853380256,3.8640231149891435,2.8484303418339842,16.671527444497254
52,10.002957344055176,6.368370056152344,47.50333023071289,7.710242748260498,5.318734169006348,19.294729232788086,3.1128356940314066,2.4253465382601913,23.671038077153582,3.9024853113218567,2.873133380105708,16.697759462380162
53,12.009013175964355,5.678589820861816,47.571102142333984,8.349607467651367,5.648637771606445,19.468475341796875,3.201797468850736,2.4578789710862075,23.910038717805385,3.9469565328851517,2.9008884240207156,16.72546662117433
54,11.559531211853027,5.879133224487305,49.44623947143555,9.283496856689453,6.128993511199951,19.70925521850586,3.285374806280759,2.4920915136202186,24.165400725341687,4.0003219361231945,2.9331694748925083,16.755304507147645
55,8.975683212280273,5.714205741882324,47.88397216796875,10.365640640258789,6.631345272064209,20.03944969177246,3.342277890340754,2.5243126559028397,24.40258643976796,4.063975123164551,2.970151232864225,16.788145958993894
56,11.678236961364746,6.993082046508789,46.94004821777344,11.324655532836914,6.9625701904296875,20.41707420349121,3.425637481050994,2.5690003498088996,24.627961057548013,4.1365819272612745,3.0100754224398796,16.824435241438866
57,11.71932601928711,6.5924201011657715,44.97551727294922,11.965048789978027,7.275462627410889,20.818361282348633,3.5085743664333555,2.6092345473224685,24.831436619702025,4.2148665958884415,3.0527292944895894,16.864374501847966
58,10.784127235412598,5.577454090118408,43.811912536621094,12.275885581970215,7.384387016296387,21.252567291259766,3.581329895123148,2.638916742750428,25.021241378871213,4.295476785749259,3.0960458717076573,16.908256429742085
59,11.472125053405762,5.536307334899902,43.43461990356445,12.098658561706543,7.227931976318359,21.64777946472168,3.660237846705974,2.6678906486719227,25.205375164118145,4.373508603508832,3.137364732753764,16.95565166009188
60,12.734746932983398,6.777497291564941,42.330589294433594,11.406746864318848,7.162271022796631,21.956438064575195,3.7509829375687485,2.7089867151008526,25.3766273054213,4.443840986116933,3.1776137956541928,17.005659524136714
61,12.589543342590332,7.6208415031433105,42.98297119140625,10.99599552154541,7.277276039123535,22.269838333129883,3.8393685416189642,2.7581052629812772,25.55269074428115,4.509362531471218,3.218610418088886,17.058301312226646
62,13.28664493560791,7.829638481140137,45.04267883300781,10.451566696166992,7.276501178741455,22.568506240844727,3.933841305558854,2.808820595162866,25.747590625168417,4.568784573118175,3.2591893256954116,17.113403361512827
63,11.065329551696777,6.629411697387695,42.36109161376953,9.732786178588867,6.922269821166992,22.462526321411133,4.005156188020233,2.8470265061851143,25.91372563505443,4.620424589172882,3.2958201306501276,17.16689459111181
64,10.757415771484375,7.065391540527344,42.110931396484375,9.059329986572266,6.942777156829834,22.387020111083984,4.072678783854874,2.8892101565285366,26.07569769266873,4.664813643146876,3.3322897009119243,17.219095846311532
65,11.383607864379883,8.853835105895996,42.72642517089844,8.922076225280762,7.10299015045166,22.60175895690918,4.145788074660125,2.948856406022211,26.242204967451027,4.707386268968214,3.369996705407322,17.27292247741751
66,13.973114967346191,8.97329044342041,40.69178771972656,9.118796348571777,7.203085899353027,22.9237060546875,4.244061343586986,3.009100746396193,26.386700794973784,4.7515003697642495,3.408327597346779,17.32943031319021
67,14.032149314880371,7.108754634857178,39.006248474121094,9.258089065551758,7.3963623046875,23.32142448425293,4.341942223299919,3.0500972852808026,26.512896271765257,4.796566256722125,3.448207944420186,17.389350254900833
68,13.7893648147583,6.923583984375,39.062191009521484,9.52254867553711,7.781113147735596,23.764892578125,4.436416449214503,3.0888321522717446,26.63838921914282,4.843826080910275,3.4915369964533403,17.453105678133074
69,14.392396926879883,6.386141777038574,39.79849624633789,10.205276489257812,7.766322612762451,24.106386184692383,4.535976253991157,3.121805248519413,26.76999028941477,4.89744058499375,3.534284852616431,17.51963848319867
70,13.716279029846191,6.819892406463623,40.34938049316406,10.902824401855469,7.959710597991943,24.637426376342773,4.627779281749707,3.158786120098855,26.905784191452266,4.957494423162367,3.5785391100701864,17.59081636213011
71,15.660922050476074,7.206743240356445,42.49710464477539,11.526328086853027,8.162149429321289,25.226947784423828,4.738110709436971,3.199265691301431,27.061697395985497,5.023182759799274,3.6243752132626974,17.667177676353045
72,14.743453979492188,6.119823932647705,40.72465515136719,11.913866996765137,8.203508377075195,25.807836532592773,4.838164142137524,3.2284712737148933,27.198326973539316,5.092089602168933,3.6701665449008223,17.748584264915443
73,11.899271011352539,6.022461891174316,39.56003189086914,12.076220512390137,8.129241943359375,26.365392684936523,4.908775210829674,3.2564111798894873,27.321944022712614,5.161930911271146,3.714757298885408,17.834752349115654
74,12.232117652893066,6.832189559936523,39.14461898803711,12.143372535705566,8.099889755249023,26.881839752197266,4.982008635250308,3.292168963689958,27.44017077236586,5.23174532751549,3.758608623449044,17.925223223146467
75,8.161620140075684,5.640433311462402,35.86181640625,12.373954772949219,8.13046646118164,27.344467163085938,5.013804750298561,3.3156516071676823,27.5243872287047,5.303167421969828,3.8023272018263703,18.01941566254586
76,8.576237678527832,4.681915283203125,36.459922790527344,12.235133171081543,8.272537231445312,27.662601470947266,5.049429079580854,3.3293142439280365,27.613742584322928,5.372487079460945,3.84702930212256,18.115847520629874
77,9.585760116577148,5.155623435974121,37.15626525878906,11.86348819732666,8.383543968200684,27.860910415649414,5.094792389950817,3.3475773358484973,27.709167811067587,5.437397090639602,3.892394448783341,18.21329814958007
78,8.795995712280273,5.550403118133545,35.704227447509766,11.461993217468262,8.261474609375,28.179853439331055,5.1318044231741125,3.3696055936713476,27.78911840743201,5.497643051907889,3.936085250389258,18.312963702477578
79,7.487473964691162,4.746891975402832,37.060543060302734,11.207101821899414,8.496634483337402,28.5917911529541,5.155361118589283,3.3833784574886625,27.881832653960718,5.554737639607804,3.9816907427187394,18.415751976982342
80,7.858399868011475,4.813355922698975,38.15504837036133,10.675324440002441,8.838882446289062,29.09463882446289,5.182391506083505,3.3976782321407653,27.984564811124724,5.605943507611751,4.030262659754443,18.522540845457147
81,8.029293060302734,4.435278415679932,39.42507553100586,10.183009147644043,9.006266593933105,29.470510482788086,5.210860521625698,3.408054233976157,28.098969918323533,5.651714164012073,4.080022699096229,18.632020541830457
82,9.416097640991211,4.8610663414001465,40.68890380859375,10.088872909545898,9.000327110290527,29.99571990966797,5.252912892819353,3.422584355050397,28.22486925722624,5.696085751467412,4.129225743208173,18.745657535508833
83,8.761612892150879,5.993608474731445,41.13043975830078,9.925749778747559,8.914560317993164,30.580394744873047,5.287999892812668,3.448294596247208,28.353924962236984,5.738382391740213,4.177079088956023,18.864004907602475
84,10.063100814819336,5.945772647857666,41.49740219116211,10.153045654296875,8.956466674804688,31.1108341217041,5.335750902032735,3.4732693767633123,28.485359734526234,5.78252902436578,4.22487296481451,18.986473199743493
85,8.471145629882812,5.812592506408691,40.21446990966797,10.528355598449707,8.886578559875488,31.633901596069336,5.367104849311236,3.4966626080597663,28.602650836277654,5.82998729010662,4.271490020765119,19.11294748370675
86,10.613754272460938,5.450999736785889,38.73218536376953,11.386147499084473,8.676737785339355,32.25782775878906,5.419571343542733,3.5162059793470273,28.703946181552574,5.8855488921963985,4.315542498410862,19.244396286457572
87,9.967127799987793,4.790820121765137,38.8138542175293,12.367121696472168,8.954090118408203,33.05915451049805,5.465046908107184,3.5289521207712085,28.805045261912344,5.9503646202391565,4.361927974610835,19.382543868697976
88,10.257790565490723,5.591001033782959,40.03169631958008,13.730469703674316,9.575995445251465,34.40348434448242,5.5129743446810195,3.549572609901326,28.917311772489022,6.028165671073508,4.414068649317241,19.53275327345582
89,10.599430084228516,5.884743690490723,40.577781677246094,15.129026412963867,9.778427124023438,35.58720779418945,5.563838902076495,3.57292432070722,29.033916471536592,6.1191742784924115,4.467712234064304,19.693297818663158
90,9.137478828430176,6.247272968292236,41.69563293457031,15.47870922088623,9.933602333068848,36.31563949584961,5.599575301340032,3.5996678071830703,29.16053363616693,6.21276962791635,4.522371135054349,19.859521235435025
91,9.55859375,6.373327732086182,42.966312408447266,15.270901679992676,10.130189895629883,36.51978302001953,5.639165485826632,3.6274044064321016,29.298591423889736,6.303350948437113,4.578449322660104,20.02612385328087
92,12.024662017822266,6.174724102020264,43.85997009277344,15.17212200164795,10.687810897827148,36.83287811279297,5.703020451146587,3.6528776033879833,29.444205210578573,6.392038658969222,4.639542938411775,20.194191395875986
93,14.028098106384277,5.27260160446167,44.08368682861328,16.364688873291016,11.19225025177002,35.40589904785156,5.786271227698965,3.66907484339872,29.59060002675892,6.49176516111244,4.705070011545357,20.346308472395744
94,11.804874420166016,4.9452948570251465,43.27651596069336,16.628995895385742,10.337451934814453,34.07937240600586,5.8464572596236355,3.6818370435349843,29.727459186098265,6.593137468455173,4.761393830778048,20.483639111731847
95,9.401530265808105,5.668592929840088,42.2441291809082,17.037736892700195,10.011950492858887,34.1060676574707,5.882007989685481,3.7017046023980353,29.852625886046365,6.697583462697623,4.813899397398856,20.619863397189235
96,8.86801815032959,5.245082855224609,42.809486389160156,16.972476959228516,10.69552993774414,34.77840042114258,5.911868091291922,3.7171383849263013,29.982194491077504,6.800332397662932,4.872715702802309,20.761448767428767
97,11.110954284667969,5.552977561950684,42.80414962768555,15.342795372009277,11.484929084777832,35.57045364379883,5.963858953225682,3.7354967766965452,30.110414042443583,6.885757027406395,4.938837836622064,20.90953881619247
98,12.011929512023926,6.211097240447998,42.01471710205078,13.28395938873291,11.30642032623291,37.821128845214844,6.024339658813664,3.76025278133406,30.229457073039658,6.949739051019661,5.002513661518173,21.078654716482696
99,11.02679443359375,5.551175594329834,41.77581024169922,11.990890502929688,10.585577964782715,36.98737716674805,6.074364206561466,3.7781620094640176,30.344920604726255,7.000150565538761,5.058344304550818,21.23774194098535
100,8.314925193786621,5.182581901550293,40.545772552490234,12.305599212646484,9.734223365783691,36.37791061401367,6.096769816433718,3.79220620838488,30.446929124203898,7.053205052009839,5.105103095163147,21.389143627715633
101,10.061005592346191,6.399072170257568,39.89400863647461,11.661530494689941,8.752199172973633,35.80978012084961,6.136412174192842,3.8182748680036074,30.541399919326604,7.09928830643664,5.141574055941252,21.533349992646976
102,8.770716667175293,4.999438762664795,40.6357307434082,11.87932300567627,9.22120189666748,36.45825958251953,6.162755219122666,3.8300865069502192,30.64234322756742,7.147088653429036,5.182370334348515,21.6825990885457
103,9.286863327026367,5.830545902252197,40.85285949707031,12.201622009277344,10.158329963684082,37.247745513916016,6.193996300201704,3.850091100903239,30.74444839026245,7.19763398698752,5.232129930641871,21.838250552799405
104,9.60637092590332,5.66595458984375,41.71963882446289,12.476015090942383,11.022905349731445,38.444061279296875,6.22812004645872,3.8682497357926438,30.854200294604453,7.250417798027068,5.290037684832766,22.00430866006438
105,9.62480354309082,5.494134902954102,41.21473693847656,12.902084350585938,9.527386665344238,36.26137161254883,6.2620868814250406,3.8845085874642584,30.957805661043174,7.306934463552657,5.332411174637881,22.146879289589222
106,11.235641479492188,4.941760540008545,40.27500915527344,14.014513969421387,9.026272773742676,36.56201171875,6.311822427405712,3.8950811069897013,31.05097769598548,7.374010258611344,5.369349790628928,22.29103061388083
107,10.991744995117188,4.701675891876221,39.72136688232422,15.220063209533691,9.396968841552734,37.08051681518555,6.358621653082826,3.9031470548385667,31.137681587848867,7.452470788120567,5.409625981138166,22.438925475893882
108,11.178418159484863,5.671918869018555,39.97202682495117,15.597025871276855,9.942266464233398,37.314449310302734,6.406819618146846,3.9208347729803665,31.22602504021989,7.53391633895213,5.4549523859691185,22.58768071423797
109,11.292122840881348,5.822520732879639,40.501651763916016,14.614079475402832,10.324337005615234,37.69618606567383,6.455672650374192,3.9398516325793596,31.318781307456852,7.604717970316638,5.50364623216558,22.738765767752326
110,10.202664375305176,7.192902565002441,41.56715774536133,14.781259536743164,11.502689361572266,38.63308334350586,6.493142567623502,3.9723821419035907,31.421265071835897,7.676483385980903,5.563636663459647,22.897708943509862
111,12.037114143371582,7.015209674835205,41.48387908935547,15.516987800598145,12.641352653503418,39.0482063293457,6.548582283380982,4.002810417232907,31.52189121201109,7.7548884301270755,5.634413823360085,23.059213917368222
112,12.177154541015625,6.095857620239258,42.16170883178711,14.532435417175293,13.404181480407715,39.905033111572266,6.604868005957329,4.023740889262971,31.62828938820885,7.822663899997558,5.712111499930562,23.227672109310262
113,13.237160682678223,6.653655052185059,39.7155647277832,13.196247100830078,12.344474792480469,37.8809814453125,6.671190932724538,4.050040030892192,31.70916214160459,7.876399732005883,5.778435132856061,23.374205202670282
114,12.38932991027832,5.727735996246338,38.47983169555664,13.573460578918457,12.180407524108887,37.38216781616211,6.728372322500076,4.066816990545734,31.77686883714411,7.933370340475008,5.842454856768589,23.514284828805202
115,11.103533744812012,6.062763690948486,38.70823669433594,14.894339561462402,11.43673038482666,36.25180435180664,6.772123936723196,4.086776457549762,31.84618251571603,8.002980032684881,5.898397612049171,23.641660024035215
116,11.742599487304688,6.889580726623535,39.445884704589844,16.410018920898438,10.47559928894043,36.298397064208984,6.82182869222901,4.1148045002405,31.92217953760477,8.087050421567017,5.944169628818083,23.768227394436952
117,8.927791595458984,6.500355243682861,40.11145782470703,16.720989227294922,9.37398624420166,36.552982330322266,6.842888321261309,4.138660007674924,32.00407232047579,8.173389809624295,5.97846779497192,23.896074943795806
118,10.552703857421875,5.292628288269043,38.67931365966797,15.728354454040527,9.256884574890137,37.614356994628906,6.879986476622915,4.150199690480865,32.07082473386772,8.248939456068458,6.011251962771102,24.03325776430414
119,10.65883731842041,5.061270236968994,39.30241775512695,16.1000919342041,10.164022445678711,38.34310531616211,6.917774985040889,4.159310395945746,32.143140664080306,8.327450980849813,6.052779667600178,24.17635623982272
120,8.745407104492188,5.287460803985596,37.974552154541016,15.358773231506348,10.726957321166992,39.30987548828125,6.936051306235402,4.170591900026144,32.20145477898491,8.397764203356378,6.099521444135846,24.327691432307308
121,9.253504753112793,5.306694984436035,36.771793365478516,17.172780990600586,11.109184265136719,40.737674713134766,6.9592258407041765,4.181952930870244,32.24715816484985,8.48551437122882,6.149618072345855,24.491791265115584
122,7.378105163574219,4.576067924499512,36.12579345703125,15.84945011138916,10.434462547302246,39.43727111816406,6.963414633932877,4.185894080806536,32.28594451777166,8.559153728630424,6.192466517095419,24.64124606364607
123,5.509572505950928,4.160090446472168,36.19166564941406,17.1280517578125,10.55478572845459,38.37116241455078,6.948876212653057,4.185636044463192,32.325001729088086,8.644842708922244,6.236089709209011,24.778545227155117
124,5.373319625854492,4.415815830230713,37.1717529296875,17.176225662231445,11.338536262512207,38.898860931396484,6.9331206467850715,4.187937842320867,32.37346924109408,8.730156538455335,6.287114174742043,24.919748384197533
125,6.814382076263428,5.620985507965088,38.562286376953125,14.359865188598633,11.45662784576416,37.346397399902344,6.9319332610798545,4.202268318977309,32.43535741245267,8.786453624956767,6.338809311452264,25.04401487435458
126,7.1238250732421875,5.1868486404418945,38.23395538330078,14.75239086151123,11.99940013885498,36.44062042236328,6.933852179201478,4.212114122191954,32.493343392161144,8.846112997322312,6.395415219726291,25.157980929834668
127,8.857291221618652,5.104446887969971,38.16691589355469,13.763642311096191,12.37462329864502,37.32106018066406,6.953086569625649,4.221037449849734,32.55007911717507,8.89528829046005,6.455207300515479,25.279611722342963
128,9.653127670288086,4.84554386138916,38.07037353515625,11.993331909179688,11.015398979187012,38.39006805419922,6.980086980632273,4.227282513965129,32.605282061354885,8.926268726647246,6.500809217302194,25.410716285661525
129,9.78427505493164,4.699803352355957,38.22285079956055,12.338872909545898,11.072802543640137,39.324588775634766,7.008128861375267,4.232007722349037,32.66145774873694,8.960394768476233,6.546529150565574,25.549855010561256
130,7.471669673919678,3.7918596267700195,38.127742767333984,10.75484561920166,9.958024978637695,37.700443267822266,7.012764269500711,4.2276062413932465,32.71612059892291,8.978339276983487,6.580644108846295,25.671360893133865
131,7.559459209442139,4.070544242858887,38.7816162109375,10.686649322509766,10.052292823791504,37.98369598388672,7.018231218900126,4.2260356214079025,32.77677555504306,8.99542237743875,6.615360595995747,25.794484244041396
132,8.737167358398438,5.170166015625,39.5008430480957,11.925668716430664,10.456708908081055,38.420780181884766,7.035420580295108,4.235476925350073,32.84401622997358,9.024724840828668,6.6537740791166,25.920747203419833
133,8.46741771697998,5.410764217376709,41.14181137084961,13.929759979248047,9.687551498413086,38.68111801147461,7.049740551661958,4.2472297982703395,32.92699418138235,9.073775192212862,6.684111853309564,26.048350911500382
134,5.603269577026367,3.9019711017608643,40.62155532836914,13.119067192077637,9.136762619018555,38.193359375,7.035275841915602,4.243777211305245,33.003939792852215,9.11422811221151,6.7086383609666544,26.16980099613538
135,4.794154644012451,3.9233531951904297,40.302764892578125,13.547443389892578,9.677443504333496,38.6840705871582,7.012864629936571,4.240572971144097,33.07692804384947,9.15856026498832,6.738326412400323,26.294943692045607
136,5.4724836349487305,4.50682258605957,41.08979797363281,13.2689790725708,10.170166015625,39.44983673095703,6.997460819986693,4.2432354672932515,33.1570567431473,9.199664453064145,6.772644808432569,26.42649262243472
137,6.165092468261719,4.439423561096191,42.08773422241211,14.293068885803223,11.914664268493652,40.784934997558594,6.989137136469443,4.245197348231281,33.246363517939955,9.250598497391534,6.824065003033181,26.570077046185958
138,8.640667915344238,4.671321868896484,42.56997299194336,14.887174606323242,11.471171379089355,38.5911979675293,7.005652444258191,4.249458593437933,33.33959961267999,9.306964258480852,6.8705360667937425,26.69028825539939
139,10.077665328979492,4.900371551513672,44.13357162475586,14.795685768127441,11.035244941711426,39.63578796386719,7.036372573105404,4.25596772301869,33.447539332800744,9.361851473577318,6.912183155542919,26.81974325248407
140,9.161957740783691,5.02659273147583,45.45586013793945,15.781973838806152,10.835322380065918,40.592079162597656,7.0576284247821865,4.263673973103262,33.567622540852135,9.426052697229606,6.951414547788149,26.957466611585208
141,9.594953536987305,5.213820457458496,44.55146026611328,14.493549346923828,10.227052688598633,40.58800506591797,7.083001675904238,4.273175437946814,33.67746091810475,9.47672766372655,6.984170929196254,27.093771996128538
142,9.357908248901367,5.082858085632324,44.43952560424805,14.374133110046387,9.898802757263184,40.66611862182617,7.10575074163421,4.281272264423669,33.785081564966184,9.52570171818975,7.013317247476923,27.229495462385515
143,9.276385307312012,5.331068992614746,43.706565856933594,16.28664207458496,10.119521141052246,41.68065643310547,7.1274570872909875,4.29177023170558,33.88429640788586,9.593311121753702,7.044379286412677,27.374007072092713
144,10.454045295715332,5.944680213928223,42.617801666259766,16.182085037231445,10.327167510986328,41.7989501953125,7.1607229693752315,4.308299331527806,33.9716314604696,9.65919886090848,7.077207168658413,27.518256503324913
145,10.944775581359863,6.330033302307129,42.36827850341797,14.11417007446289,10.604990005493164,41.93463134765625,7.198563495495078,4.328516671235599,34.05559793089909,9.703748573044026,7.11248499702676,27.66242025176823
146,10.597347259521484,6.666837215423584,42.18254470825195,12.90152645111084,9.40109634399414,41.83059310913086,7.232551333135342,4.3518998766774795,34.13686739867262,9.735726351824693,7.1353711104964335,27.804101980341855
147,9.615263938903809,6.326326847076416,44.18068313598633,14.292267799377441,9.666165351867676,42.261356353759766,7.2563784591930265,4.371644146381469,34.237305556045754,9.781291766300221,7.160679052910146,27.948674524076036
148,10.59982681274414,4.894125938415527,42.84817123413086,16.83314323425293,10.317130088806152,42.60768127441406,7.289812942728537,4.376868964301809,34.323414212826606,9.851810280979748,7.1922435632691055,28.09526459157942
149,10.967020988464355,5.248151779174805,43.21949005126953,15.508336067199707,10.101043701171875,39.5670051574707,7.3265850231858956,4.385581792450539,34.41237497121104,9.908375538841947,7.221331564648133,28.209981997238334
150,10.455707550048828,5.391654968261719,45.18535614013672,14.503945350646973,10.216836929321289,39.11909484863281,7.357876248454525,4.39564252420865,34.52010478290029,9.954331236959998,7.2512866182948645,28.31907312575228
151,9.677821159362793,4.83593225479126,44.26448059082031,13.785526275634766,10.665244102478027,39.43486785888672,7.381075697563608,4.400045421514476,34.61754854097949,9.992643187346747,7.285426193136696,28.430231073083622
152,9.232454299926758,6.004329204559326,45.29819107055664,13.674936294555664,10.264589309692383,39.51702880859375,7.399589483587239,4.416088259344924,34.724354966275264,10.029466118418837,7.315217824302254,28.541099050438724
153,9.009276390075684,5.924225330352783,45.96806716918945,13.649958610534668,9.405399322509766,39.34623336791992,7.415686352652124,4.4311696300550025,34.836792088304406,10.065671043339995,7.336119639284329,28.649150393613535
154,9.72883129119873,5.519454002380371,47.497459411621094,14.52571964263916,9.445672035217285,39.41112518310547,7.43881780203759,4.442052473778256,34.963398761537576,10.110271529332987,7.357215163243658,28.756770141508454
155,9.37170124053955,5.134731292724609,45.612098693847656,16.18189239501953,10.229537963867188,39.775634765625,7.45814663642261,4.448979261967719,35.06988576086068,10.170987737989853,7.385938391249893,28.86695878774962
156,10.564411163330078,5.4295244216918945,46.24627685546875,14.571467399597168,9.983434677124023,39.04376220703125,7.489209281691684,4.458784713564961,35.18164967180676,10.214992534605926,7.411913354108635,28.968726821942436
157,10.259867668151855,5.66674280166626,47.55544662475586,14.752120971679688,9.602978706359863,38.13258361816406,7.516915865556285,4.470864294445975,35.30538764133625,10.260363818976662,7.433824007631148,29.060365389904653
158,6.625416278839111,4.87186861038208,44.556610107421875,14.407034873962402,9.406916618347168,38.08437728881836,7.508000869689114,4.474874337605336,35.39789986599711,10.301830529526521,7.453554933738308,29.15060550889379
159,8.251555442810059,5.227339744567871,45.31621551513672,15.643747329711914,9.98798942565918,37.68178176879883,7.515436415420323,4.482398991674962,35.49708302248851,10.355249697528375,7.478899278657517,29.23591727149284
160,9.649226188659668,5.573471546173096,44.57930374145508,15.575522422790527,9.641749382019043,38.07637023925781,7.5367743131527165,4.493309717219943,35.58790522967818,10.407452424780995,7.500527779691132,29.32432180117049
161,11.396502494812012,6.34423303604126,45.370765686035156,12.75275707244873,9.065253257751465,38.91845703125,7.57537159496931,4.5118189504081565,35.685733834241745,10.430905471257672,7.516175034471735,29.420263153471286
162,13.138223648071289,6.627888202667236,46.520408630371094,11.900102615356445,9.015974998474121,38.345062255859375,7.6310001155003295,4.532979642930748,35.794080582203044,10.44559744269866,7.531173034111759,29.509511144495168
163,13.168156623840332,7.181618690490723,48.21918869018555,12.029017448425293,9.677582740783691,36.45061111450195,7.686371680583729,4.559466033406348,35.91833166328287,10.461431642755926,7.552637131178479,29.578922144195236
164,14.08194637298584,6.79970121383667,47.28002166748047,11.491439819335938,9.17731761932373,34.73950958251953,7.7503274275077505,4.581868385210652,36.031948563324846,10.471731724521726,7.568883936059931,29.630528018578477
165,12.354437828063965,5.698227405548096,47.82350540161133,11.128497123718262,8.36773681640625,34.44862365722656,7.796368531513313,4.593031975414027,36.14986413170771,10.478299378513691,7.576872464863395,29.67870897496496
166,13.21325397491455,6.558408260345459,49.74229049682617,12.363837242126465,9.005650520324707,34.72392654418945,7.850537385947325,4.612685738263341,36.28578839535889,10.497154757149818,7.591160245418008,29.729161150657205
167,15.387518882751465,7.228346347808838,50.92560577392578,11.593743324279785,9.476954460144043,35.210323333740234,7.925907200915367,4.638842344358796,36.43218656914456,10.508120642821119,7.610018187565268,29.783972772488035
168,17.606225967407227,8.187455177307129,51.50960922241211,12.223139762878418,10.005620956420898,36.23130798339844,8.022710388580286,4.67432847268828,36.58296079567724,10.525270834021692,7.633974215253825,29.84844612459714
169,14.483574867248535,6.753592491149902,47.50486373901367,12.543729782104492,10.04395866394043,36.85524368286133,8.087319033366969,4.695121112872895,36.6921798251106,10.54545542350252,7.658074059740691,29.91851410017978
170,10.216788291931152,7.576894760131836,45.806888580322266,12.006867408752441,8.03759765625,34.862117767333984,8.108613725952612,4.723938849345485,36.783326912662716,10.56006954335502,7.661869295705784,29.967950136851325
171,13.021515846252441,7.077171325683594,40.671875,12.554306030273438,8.090018272399902,35.18107604980469,8.157742747155611,4.747471174108867,36.82221239353609,10.580011908224204,7.666150785472725,30.02008139598086
172,14.092756271362305,6.124283790588379,38.872657775878906,12.002821922302246,8.456692695617676,35.27662658691406,8.217092882397678,4.761239300273663,36.84271684735952,10.594240008364986,7.674056204574174,30.072646847890194
173,13.645710945129395,6.445590496063232,38.69418716430664,12.768303871154785,8.76058578491211,35.82585906982422,8.271379063024995,4.778082812231558,36.86123155052899,10.615980646992885,7.684921500377554,30.130178970109533
174,8.649256706237793,4.803597927093506,38.56544494628906,10.185531616210938,7.83388614654541,35.55173110961914,8.275157839457123,4.778337963380177,36.878273684486594,10.611676156685066,7.686411146839232,30.18439449150463
175,7.511621952056885,4.4274582862854,39.1948127746582,9.873675346374512,7.763803482055664,35.766632080078125,8.26752248058312,4.774829166609229,36.90143907538831,10.60429614858196,7.687185070191396,30.240216867390366
176,9.997261047363281,5.1369853019714355,39.652198791503906,8.534049034118652,7.908362865447998,34.974491119384766,8.284819866250922,4.778450727962851,36.928946672549465,10.583593677437328,7.6893968481439625,30.28755960991031
177,11.532919883728027,5.197099685668945,40.17986297607422,9.179672241210938,8.21522331237793,35.03323745727539,8.317300866425693,4.7826372175399126,36.96145583558471,10.569554463075065,7.694655112786302,30.335016388383963
178,8.093945503234863,5.2348785400390625,39.70713424682617,10.846030235290527,8.807425498962402,34.80481719970703,8.315067312793785,4.787159630764903,36.98891261969712,10.572319220797219,7.705782816648063,30.379714396497192
179,7.189306259155273,5.135890960693359,39.27560806274414,12.421636581420898,8.557804107666016,35.01264190673828,8.3038097022574,4.7906469440641875,37.01177957412759,10.590812394403457,7.714303029558242,30.426043671599604
180,9.229785919189453,5.398040771484375,38.26358413696289,13.727545738220215,8.610503196716309,35.719356536865234,8.313069464426722,4.796720882338389,37.024297619755934,10.622179727841624,7.723265031229823,30.478976800252262
181,7.306288242340088,3.9315240383148193,37.98424530029297,13.461373329162598,9.255644798278809,36.30702209472656,8.303001652205854,4.788068913898153,37.033897096561304,10.650571663854834,7.738588828900312,30.537257253197005
182,7.517127513885498,4.28436803817749,38.70024871826172,13.063072204589844,9.361010551452637,37.16511535644531,8.29514291082265,4.7830319051409464,37.05056061277831,10.674696669262184,7.754813046125836,30.60353583422949
183,7.015671730041504,4.8476386070251465,37.71407699584961,14.455476760864258,9.67748737335205,38.26167678833008,8.282348199014839,4.783677972159788,37.05719577660902,10.712504470178205,7.774039789398098,30.680117243770496
184,5.903811454772949,4.975644588470459,39.49895095825195,14.30590534210205,9.654886245727539,37.186668395996094,8.25856283157242,4.785597638322895,37.081613328425455,10.748438478897445,7.792848253961393,30.745182755292753
185,8.03960132598877,5.216061115264893,39.63810729980469,13.103193283081055,9.158093452453613,37.88816833496094,8.256373216516582,4.7899022730923155,37.10717826813924,10.77198602693928,7.806500705946315,30.816612611089436
186,7.85373067855835,5.252910137176514,39.57416534423828,13.140655517578125,8.521466255187988,38.718017578125,8.252346791137,4.7945323517331575,37.13184813890024,10.795672721845667,7.813650361438732,30.895626660759792
187,7.985328197479248,4.211668491363525,39.538734436035156,10.345921516418457,7.805586338043213,37.2269172668457,8.249676605200422,4.788703713129461,37.155917001871586,10.791175209791394,7.813569721204777,30.95893956682065
188,9.290573120117188,4.6874237060546875,39.49515914916992,9.87648868560791,7.8023505210876465,36.969642639160156,8.26008557034959,4.7876909130587135,37.17930942334457,10.782028344549559,7.813457529203606,31.019046597544044
189,10.606493949890137,5.219095230102539,39.47129821777344,10.145050048828125,7.747976303100586,36.602108001708984,8.283549654144995,4.792004956229151,37.20222931128886,10.775658561592346,7.812802716942576,31.074877211585694
190,8.683761596679688,4.435082912445068,38.40004348754883,10.30295181274414,8.01347541809082,36.76799011230469,8.28755177357034,4.78843573579131,37.21420745305146,10.770931494103863,7.814809443954058,31.131808340592883
191,8.014679908752441,3.9769725799560547,37.70358657836914,10.508939743041992,8.61192798614502,36.31473159790039,8.284823054922162,4.780321104232958,37.21910124430463,10.768311576593245,7.822780629375968,31.183637573165957
192,8.445274353027344,4.476727485656738,36.84377670288086,10.926715850830078,9.354063987731934,36.745906829833984,8.286427567903214,4.777285168047196,37.215347998890394,10.769895619335614,7.838093462959527,31.23926026573264
193,9.164995193481445,4.609586238861084,35.69050216674805,8.908750534057617,9.129157066345215,37.47268295288086,8.295213244158996,4.775608178755334,37.20009954056897,10.751284168482833,7.851004098993385,31.30159449260412
194,8.012086868286133,4.732236862182617,37.343597412109375,9.722121238708496,9.568434715270996,38.35118103027344,8.292381980400267,4.775174465589607,37.20153451928437,10.74099253918509,7.868178405156161,31.372090357980813
195,7.068735599517822,5.687863826751709,38.23585891723633,9.678000450134277,9.62106704711914,37.62602233886719,8.28014551659144,4.784301359201228,37.21187776326389,10.730362618294581,7.885707291575791,31.434629677789676
196,9.186629295349121,5.572048187255859,38.39753723144531,10.7725191116333,9.927206993103027,38.20820236206055,8.28921035437902,4.7921788274817745,37.22373435794571,10.73078418322797,7.906122288591064,31.502365404632382
197,10.4547119140625,4.8332061767578125,39.998897552490234,12.247625350952148,9.78045654296875,37.64035415649414,8.310865369975854,4.792589100974535,37.25148598989116,10.745952594905212,7.924865631134841,31.563745292150998
198,9.320674896240234,4.966862201690674,40.70847702026367,12.654301643371582,8.933350563049316,37.65030288696289,8.320963465238497,4.7943318319816965,37.28605590019488,10.765036085389877,7.934950480453986,31.624610868099115
199,10.740038871765137,5.703683376312256,41.65403366088867,12.880712509155273,8.426247596740723,37.92699432373047,8.345154219303764,4.803425347425002,37.32973567780182,10.78619284962753,7.939863451616853,31.687634702655426
200,9.710981369018555,5.964565753936768,40.56943130493164,12.900336265563965,8.704106330871582,38.34980010986328,8.358812490800911,4.81503675149012,37.36213263407312,10.807334283786895,7.9475058804094,31.754256356727506
201,9.989567756652832,5.65508508682251,41.706993103027344,12.8688325881958,9.640666007995605,39.03949737548828,8.37512004345943,4.823437234843444,37.405581238762664,10.827949266830984,7.964437481685262,31.827108766915114
202,9.83296012878418,5.153190612792969,40.80412673950195,10.943325996398926,9.37308406829834,39.275901794433594,8.389698444312678,4.82673476862294,37.43956669377006,10.829103034126664,7.978523947551393,31.901596697190296
203,10.916891098022461,5.161911964416504,40.3189582824707,10.989649772644043,8.914534568786621,40.555564880371094,8.414970370849776,4.830086540580876,37.46836060965707,10.830708501511838,7.987884053763745,31.988136379022105
204,11.070656776428223,5.0494184494018555,38.6611213684082,11.083616256713867,8.659942626953125,40.726566314697266,8.44152723490556,4.832279859669086,37.480288217244585,10.833237579063859,7.9946046394956385,32.07552067837886
205,10.419448852539062,5.357664585113525,39.19414138793945,10.405941009521484,8.159193992614746,40.09819793701172,8.461306451081896,4.83753370692353,37.49742674895153,10.828964613368434,7.996250533026829,32.15574745096519
206,11.79297924041748,5.77398681640625,39.09574890136719,9.14676284790039,8.311379432678223,38.430938720703125,8.494623178975251,4.8468982380183565,37.51340997047569,10.812142595713754,7.9994018220233425,32.218499363662566
207,9.229365348815918,5.607397556304932,36.622718811035156,8.087306022644043,8.160781860351562,37.84696960449219,8.501970600673658,4.854503231201222,37.50450305888128,10.784894229983058,8.001015622406625,32.274784066070865
208,9.247875213623047,6.02324104309082,37.1375732421875,8.452609062194824,8.054864883422852,37.914588928222656,8.509429646803152,4.8661906093201175,37.50083376071434,10.761571378305176,8.001554115016788,32.33118211469238
209,9.042460441589355,4.7890625,36.126502990722656,9.01760196685791,7.73237419128418,38.019866943359375,8.514759954751014,4.865419328226916,37.48709045301443,10.744131684190704,7.998862315779462,32.388068962979055
210,8.887578964233398,4.325687885284424,35.98426818847656,9.816221237182617,7.842384338378906,38.36609649658203,8.518488144845838,4.860022013797491,37.47206223036905,10.734852579720624,7.997297536005457,32.44784923831509
211,10.43553352355957,5.13203763961792,36.06031036376953,10.700498580932617,8.048232078552246,38.85551071166992,8.537658598632975,4.862742170055696,37.45794471170305,10.734509039732743,7.997806881430924,32.51192585304864
212,9.331381797790527,5.681342601776123,35.47666931152344,11.014820098876953,8.729243278503418,39.315853118896484,8.545595830624551,4.8709281743729,37.43813195770126,10.737312150324184,8.00512124540165,32.57996512570712
213,6.97472620010376,6.222449779510498,34.16891860961914,11.243209838867188,9.347358703613281,39.135276794433594,8.529887134319342,4.884443390424276,37.40543982422044,10.742371127209614,8.018543619983767,32.64551824239438
214,8.415506362915039,6.808243274688721,34.292659759521484,12.721016883850098,9.526765823364258,39.42637252807617,8.5287433266053,4.903681389266921,37.374312023573445,10.762157584776018,8.033625842017573,32.7133267852512
215,8.81307601928711,5.439419269561768,35.14923858642578,12.263964653015137,9.562870025634766,40.018821716308594,8.531586653532118,4.90903876806987,37.35206128920196,10.777175655458409,8.048918283853745,32.78638173456177
216,10.965815544128418,4.0466108322143555,35.464019775390625,11.177919387817383,9.137449264526367,39.79047775268555,8.555928942438081,4.900414488711315,37.33318087406385,10.781183092782,8.05980359366047,32.85642269474301
217,9.610859870910645,3.810120105743408,34.478416442871094,11.352697372436523,9.22123908996582,39.65052032470703,8.566478251722806,4.8895115448816355,37.30463322975192,10.786898235578544,8.071417948623523,32.924363671042656
218,8.56800365447998,4.786555767059326,35.64707565307617,12.095525741577148,9.66615104675293,39.429290771484375,8.566493505750378,4.888481987103412,37.28805765398516,10.799984510638529,8.087365279604818,32.98941294204707
219,7.75405216217041,5.60335111618042,36.70991134643555,11.99931812286377,9.384780883789062,38.22044372558594,8.558369092314578,4.895630678394182,37.28227619090967,10.811977846760781,8.10033943564666,33.04172324988245
220,7.0993218421936035,5.315771579742432,36.916893005371094,11.565126419067383,8.822835922241211,40.600101470947266,8.543778619813368,4.899832087407665,37.27862235905428,10.819509332483848,8.107564400512606,33.1173070320931
221,7.849617958068848,4.840559482574463,37.42787551879883,10.062663078308105,8.310755729675293,40.427978515625,8.536837013195925,4.899239361359333,37.280114890651724,10.811940869942092,8.109596313804232,33.19041374692842
222,8.06065559387207,4.031853675842285,38.09599304199219,10.795345306396484,8.208924293518066,38.73909378051758,8.532075199002685,4.8905655045041625,37.288273672165126,10.811774914306636,8.110589593601372,33.24590054726431
223,7.927123069763184,3.2095165252685547,37.39076232910156,11.313254356384277,8.115097045898438,39.87661361694336,8.52602567771029,4.873755014711806,37.289298558734494,10.816789708727413,8.110634668124343,33.312207677961105
224,6.01051139831543,2.943129301071167,37.144527435302734,11.879134178161621,8.184708595275879,40.34539794921875,8.500870534916341,4.854448757575399,37.28785084750018,10.827413153421755,8.111375407395858,33.382539580673686
225,6.966609477996826,3.813366651535034,38.59751510620117,12.391324996948242,8.983315467834473,40.57596969604492,8.485527924347146,4.844037936514996,37.30094749008719,10.84305227185702,8.120094808000244,33.454473881827404
226,6.122109889984131,5.122255802154541,41.027976989746094,11.713704109191895,9.67166805267334,39.881019592285156,8.461893744003515,4.846820115171392,37.33821778508378,10.851758790230368,8.135610540446976,33.51873933893198
227,5.621394634246826,5.385102272033691,40.83660125732422,11.089523315429688,9.995566368103027,40.4794807434082,8.433488752905948,4.852202936740015,37.37320161980618,10.854136435482362,8.154210098723535,33.58834675297674
228,7.704028129577637,4.984098434448242,40.11791229248047,11.930490493774414,10.14106559753418,41.23370361328125,8.426194146672664,4.853521891717096,37.40064872653292,10.864899976065281,8.174078653711641,33.66480032157978
229,10.243237495422363,4.971968650817871,39.7971076965332,10.36912727355957,9.576926231384277,39.476985931396484,8.444364580160162,4.854706359308104,37.42461331623293,10.859942249040223,8.188107129488367,33.72292217767795
230,12.25714111328125,5.122182369232178,40.19432067871094,10.142401695251465,10.197526931762695,39.784053802490234,8.482492345491373,4.857381119407345,37.45231038985771,10.852766843502337,8.20820132751111,33.78353349392607
231,12.928107261657715,5.728304386138916,40.685970306396484,11.12391185760498,10.523289680480957,39.63740921020508,8.526948494653036,4.86609035207466,37.4846469890231,10.855478293643364,8.231352211040809,33.84207225108886
232,9.939017295837402,5.007981300354004,39.44766616821289,12.375431060791016,10.19813346862793,39.77044677734375,8.541069182664879,4.867509261557453,37.504277180814995,10.87067782131484,8.25102002361668,33.901355996351406
233,9.56747817993164,4.191018104553223,40.13105773925781,14.023879051208496,9.89928913116455,39.76058578491211,8.551333272637546,4.86074434998741,37.53054498639943,10.902209833613776,8.26750271469216,33.959948294237016
234,9.091081619262695,5.285609722137451,41.697959899902344,15.958793640136719,9.68312931060791,39.95405578613281,8.556730756103798,4.864993003708911,37.57221913553445,10.952775671679005,8.281658980651319,34.019889369155976
235,9.031306266784668,6.05699348449707,43.15559387207031,14.859725952148438,9.125993728637695,39.31959533691406,8.561476511210607,4.876913008516792,37.628052882899816,10.991845174483698,8.290102328131182,34.07288642883356
236,9.127826690673828,5.001372814178467,43.00373458862305,15.410761833190918,10.119693756103516,39.35504913330078,8.567140013005238,4.878157606573409,37.68180969995705,11.03603434107077,8.308398242410904,34.125708055878235
237,8.351703643798828,2.997767925262451,42.099300384521484,16.3268985748291,11.567055702209473,39.53550720214844,8.564985649313174,4.8593537097603,37.7259846068027,11.088942983408353,8.340984817008891,34.17980604734094
238,8.57333755493164,4.632411003112793,41.987308502197266,13.337039947509766,11.133527755737305,38.78037643432617,8.565069168369359,4.857084282693824,37.768597845756645,11.111423953049368,8.368910246396176,34.22581175121079
239,7.50922966003418,4.869924068450928,40.002159118652344,14.499260902404785,10.272858619689941,38.117557525634766,8.554510773286006,4.857212680551395,37.790933458485604,11.145302322542921,8.387949730129113,34.26472920895503
240,8.586953163146973,5.268746376037598,40.57745361328125,16.04898452758789,10.898354530334473,35.08740234375,8.554835197184616,4.861328017506257,37.81879866003356,11.194339144593371,8.413053778131166,34.27295594030298
241,8.978225708007812,6.106461048126221,41.432918548583984,15.682401657104492,10.431801795959473,36.07841873168945,8.559069102292847,4.873779347812457,37.85493985891906,11.239219769718483,8.43324125830945,34.29101056821684
242,9.923346519470215,6.810240268707275,42.20209503173828,16.79286766052246,10.194318771362305,36.642822265625,8.57271187646462,4.893143957021405,37.89841141064725,11.294756248626523,8.450852033439977,34.31452868519092
243,11.248950004577637,7.103829383850098,42.00144958496094,17.508745193481445,10.51814079284668,37.58286666870117,8.59947425774575,4.915250811289691,37.93944179239038,11.356896138075072,8.471524921034044,34.34721206502603
244,12.130742073059082,5.416826248168945,40.31468963623047,16.81157684326172,10.846517562866211,38.16574478149414,8.634786935898886,4.920266565658483,37.96319427082879,11.41144294512694,8.495274847452366,34.38539739219071
245,10.883588790893555,5.381271839141846,41.18873977661133,16.49204444885254,11.709478378295898,37.87122344970703,8.657274954448832,4.924876618393316,37.995449725886616,11.462248960164196,8.5274168827608,34.420255652765874
246,9.580205917358398,5.666055679321289,41.543460845947266,15.13916015625,11.962652206420898,37.59774398803711,8.666504264077927,4.932288409002596,38.03092983708722,11.499018072125054,8.561769235997401,34.452030536118585
247,9.795814514160156,6.99867582321167,43.35020446777344,15.468729972839355,11.469508171081543,38.824195861816406,8.67779736657875,4.952952283144687,38.084122583394084,11.538715191132198,8.590846625348242,34.495752189375565
248,12.434094429016113,7.501923084259033,44.192020416259766,11.340987205505371,8.768577575683594,35.541011810302734,8.715360337203123,4.97844199115583,38.14520156172274,11.536737911275928,8.592623934851595,34.50620478558484
249,12.380274772644043,5.9626336097717285,43.86272048950195,11.671945571899414,8.266707420349121,34.959869384765625,8.752009481557531,4.988283907341989,38.202376751000536,11.538089987882163,8.58936476970657,34.51074143157665
250,12.936573028564453,6.5286760330200195,45.39956283569336,13.081588745117188,7.821927547454834,34.55524444580078,8.7938551170276,5.003687828598769,38.274348611847465,11.553524975454513,8.581690397484053,34.511186461718886
251,11.624792098999023,6.875288963317871,44.6558837890625,11.108739852905273,7.612760066986084,33.20183563232422,8.822164486847313,5.0224038399459605,38.338163963619614,11.54907712422902,8.572001094179072,34.49809295342494
252,12.942658424377441,7.051944255828857,44.52333450317383,10.766868591308594,8.348217964172363,33.561744689941406,8.863369426222613,5.0426992441047895,38.400015669015154,11.541255038899816,8.569763262879006,34.4887294707901
253,13.53600788116455,7.2940568923950195,44.920780181884766,11.505889892578125,8.8264741897583,33.87805938720703,8.910095810772033,5.065212820587692,38.465223314143856,11.5409013874366,8.5723303721478,34.48262276995427
254,15.695770263671875,6.636507034301758,46.33992385864258,11.01615047454834,8.292633056640625,33.78152847290039,8.977952555301032,5.080925762724832,38.543970319588844,11.535653878307718,8.569533398992728,34.47561182698373
255,13.482181549072266,5.537193298339844,45.14796447753906,11.620889663696289,8.39709758758545,34.06135559082031,9.022994845238744,5.085488438080982,38.61001026116835,11.536506236161603,8.567809040878656,34.4714692646221
256,11.352484703063965,5.2283501625061035,44.76339340209961,12.256851196289062,8.901211738586426,34.67090606689453,9.046289743816995,5.086917055325233,38.67154409257766,11.543709685762877,8.571143067855735,34.47346363264482
257,11.238743782043457,6.872630596160889,42.06005859375,12.597257614135742,10.027975082397461,35.02854919433594,9.068214284199259,5.10477419073359,38.705429237589385,11.554245165046606,8.585711388001151,34.47901448826173
258,10.835883140563965,5.220217704772949,39.1412239074707,13.818591117858887,11.01120376586914,34.98673629760742,9.085890972762906,5.105928625873983,38.709787184288196,11.576888624574728,8.60996631177983,34.484091706355194
259,7.768856525421143,5.387215614318848,37.798988342285156,11.914495468139648,10.611347198486328,34.16212463378906,9.072720628289488,5.108741495758432,38.70067919586816,11.580264693010378,8.629980120646897,34.48087203562954
260,7.128582000732422,6.046622276306152,38.687522888183594,12.20577621459961,10.418848991394043,34.03920364379883,9.053279242013918,5.1181203035639085,38.70054763279131,11.586519808226269,8.64786880935437,34.47645535171123
261,7.845216274261475,5.062373638153076,38.21572494506836,12.69279670715332,9.836661338806152,33.90106964111328,9.041198612336393,5.1175628369098,38.695699405914084,11.59758257721554,8.659756734648886,34.47070149460525
262,8.523040771484375,4.840890884399414,39.44403076171875,12.711566925048828,9.257758140563965,34.32764434814453,9.036017033927873,5.114796117384696,38.70318271947213,11.608722420693873,8.665736748708037,34.46927092314064
263,8.30035400390625,5.181626319885254,39.73299789428711,12.183765411376953,8.04100513458252,33.832237243652344,9.028660403627656,5.115464419409702,38.713480871220284,11.614472850600704,8.659489432566783,34.462900586345754
264,7.189747333526611,5.63012170791626,39.732662200927734,13.048524856567383,8.712635040283203,34.754661560058594,9.010271272926646,5.120610992294768,38.72367268451736,11.62881337066037,8.660020888643947,34.46581819608288
265,8.022994995117188,5.745841979980469,40.06830596923828,12.80808162689209,9.938334465026855,35.145999908447266,9.000398510148552,5.126863302171626,38.73711901736457,11.640606053222687,8.672804024407776,34.47262001320652
266,8.742328643798828,5.183705806732178,40.743797302246094,13.669422149658203,10.366928100585938,34.813453674316406,8.997817811485055,5.127431727217231,38.757185800213385,11.66089421418704,8.689745265169558,34.476028349817625
267,8.798693656921387,5.426140785217285,41.18978500366211,14.09334659576416,9.935952186584473,35.38859176635742,8.995826569939418,5.130418817797231,38.781511792247876,11.685218738002812,8.702207334383706,34.485153983983025
268,7.71124267578125,4.578402996063232,39.655696868896484,13.309479713439941,9.094608306884766,33.55397033691406,8.982980730997836,5.124898659579891,38.79025364301436,11.701461347757183,8.706131344108718,34.47584214751234
269,7.47222375869751,5.270021438598633,38.68553924560547,12.48173999786377,8.45657730102539,32.39473342895508,8.967873161274833,5.126349887370078,38.78920649904027,11.709264134258248,8.703635803677885,34.45503106032677
270,8.907740592956543,5.328515529632568,38.4819221496582,13.475184440612793,8.77320671081543,32.42306900024414,8.96727183559165,5.128371543792703,38.78613365554645,11.726923337321795,8.704331512749262,34.434711439725945
271,8.949305534362793,5.751774787902832,38.71880340576172,14.919623374938965,9.728321075439453,32.749481201171875,8.96709217257936,5.134605576233804,38.7854603530486,11.758850337697966,8.714571408376163,34.41785913734041
272,10.720330238342285,6.10309362411499,38.94760513305664,14.168832778930664,10.4512939453125,32.36545944213867,8.984624553236989,5.144290456712616,38.78708180084868,11.782950162110293,8.731938633745525,34.397335140388385
273,9.420746803283691,6.437483787536621,39.87641906738281,13.744839668273926,10.763565063476562,33.35972213745117,8.988985775737456,5.1572223900208565,38.797975173514025,11.80256905717193,8.752254898042835,34.386959010359014
274,10.676249504089355,6.037960529327393,41.10750961303711,11.96689224243164,9.765328407287598,33.61181640625,9.005858413020976,5.166029771413922,38.821070517909256,11.804212289024527,8.762385633135283,34.379207584317925
275,9.742236137390137,5.831839561462402,41.84617233276367,11.746270179748535,8.698843955993652,33.46540069580078,9.013222190264667,5.172687869314407,38.8513215360578,11.803632867931768,8.761750216363867,34.37006951543275
276,7.41126823425293,5.41987943649292,41.6197395324707,11.16478443145752,8.688688278198242,32.696407318115234,8.99720265070455,5.1751597849861914,38.879005716021936,11.797244383567024,8.76101959698221,34.35333289345958
277,7.084477424621582,5.528003215789795,40.67408752441406,10.680408477783203,8.599043846130371,31.922475814819336,8.978075398443721,5.178688219294227,38.896956534105854,11.786076024509185,8.759399839473692,34.32902432267318
278,7.549155235290527,5.909071922302246,37.83563995361328,11.84710693359375,8.73831844329834,31.275625228881836,8.96378619681219,5.185992056324308,38.88634336830093,11.78668633360003,8.759189025511938,34.298490331735266
279,10.650283813476562,5.549142837524414,37.83052444458008,12.724663734436035,8.6995849609375,31.463590621948242,8.980651172978835,5.189623564136309,38.87578517906372,11.79606610760839,8.758592984866194,34.2701413346374
280,10.276201248168945,5.556433200836182,39.28814697265625,13.341178894042969,8.657633781433105,31.98912239074707,8.993606673730735,5.1932916605033075,38.87990879699964,11.811517235472735,8.757583392831862,34.247331145198494
281,11.158528327941895,6.634274005889893,39.68829345703125,13.789057731628418,9.845491409301758,32.57129669189453,9.015255890272847,5.207701483957173,38.88799264359996,11.831292640434292,8.76846247299656,34.230570800665454
282,10.949091911315918,7.535059452056885,39.66946029663086,14.473197937011719,10.685567855834961,32.44868469238281,9.034594250483279,5.23097506363817,38.89580732013027,11.857711693400066,8.787633526824946,34.212751939582624
283,13.66555118560791,7.555638313293457,39.15031814575195,15.125136375427246,10.74233341217041,32.21027374267578,9.080903819834525,5.2542216961347235,38.89835242838649,11.89038594022034,8.8071805256784,34.19272715761356
284,13.436248779296875,6.015753269195557,39.624794006347656,14.104731559753418,10.003937721252441,31.98671531677246,9.124457269429147,5.261837011865332,38.9056168441661,11.91252939641567,8.819148097634141,34.17066703920515
285,11.363564491271973,5.783488750457764,41.181724548339844,14.909481048583984,9.367655754089355,31.751754760742188,9.146848341647575,5.267053529251256,38.92837792120783,11.942498912937353,8.824633174198693,34.14647791642052
286,10.253287315368652,6.370760917663574,39.583831787109375,14.642473220825195,10.0547456741333,30.49139404296875,9.157912731384785,5.27809060313538,38.93493245986685,11.969498656016231,8.83693429919804,34.109927077686
287,11.372379302978516,6.66960334777832,40.54582595825195,15.000025749206543,10.886698722839355,30.328866958618164,9.180057397100724,5.292005730581809,38.9510413948507,11.999803926948134,8.857431943434454,34.072116476495324
288,10.20547103881836,5.042813777923584,38.76227951049805,16.356287002563477,11.543216705322266,31.909147262573242,9.1903115335179,5.289513811055227,38.94915377600717,12.043368757704288,8.884289791053332,34.05048678435611
289,8.401198387145996,4.332000732421875,39.82012176513672,13.477465629577637,9.943339347839355,29.397794723510742,9.182420402054179,5.279938680268893,38.95786345589847,12.057709726423022,8.894880286621193,34.00395986374765
290,8.21923828125,5.237344264984131,39.08916473388672,12.692397117614746,8.488120079040527,27.974124908447266,9.172788580846138,5.279512736116046,38.95917646867835,12.06405660033494,8.890812684545386,33.94366151419465
291,9.4440279006958,5.707075119018555,39.02645492553711,12.593859672546387,8.681467056274414,28.0711669921875,9.175500974044635,5.2837883599450715,38.95984925324694,12.069354631057054,8.888719228262676,33.88493656897458
292,7.8440470695495605,5.377266883850098,38.82891845703125,11.414149284362793,9.624982833862305,28.73654556274414,9.162186434999684,5.284723145184122,38.95853994528478,12.06280257759011,8.896081864318672,33.83345265891228
293,8.320684432983398,5.198909759521484,38.060386657714844,11.81767463684082,9.708580017089844,29.08989906311035,9.15377141497952,5.283865011327496,38.949558412409075,12.060351298182619,8.904206845846383,33.78601712295426
294,8.189996719360352,6.02156400680542,37.11077880859375,10.063532829284668,8.693976402282715,28.356332778930664,9.144133668023327,5.291242001282275,38.93117061637092,12.04038311349364,8.902104541410745,33.73172027951403
295,9.599703788757324,5.592487812042236,37.33586120605469,11.494729995727539,8.677179336547852,28.976579666137695,9.148689369230667,5.294254459389875,38.91521752226776,12.034926582315979,8.899855289362117,33.684168873380266
296,9.100418090820312,5.278449535369873,38.84319305419922,11.855974197387695,8.580355644226074,29.108732223510742,9.148206656446563,5.294096410149675,38.914497277587074,12.033137058466696,8.896660292910758,33.63841450688157
297,7.549238204956055,4.390549659729004,38.091861724853516,12.722496032714844,9.313429832458496,28.763744354248047,9.132216971931658,5.285060942645468,38.90627092205973,12.040030648209179,8.900827988306235,33.589667805355234
298,8.95367431640625,5.505273342132568,39.86024856567383,12.615506172180176,9.159506797790527,27.56827163696289,9.130431545376405,5.287263066640339,38.915810698495875,12.045785403448889,8.903414776401078,33.52945384367131
299,10.256513595581055,6.9761176109313965,40.694400787353516,13.197038650512695,8.60125732421875,28.098358154296875,9.141692365878452,5.30415161208325,38.93359659938445,12.057297935919527,8.900393201879256,33.47514288677757
300,11.143048286437988,8.135161399841309,39.80195999145508,12.389408111572266,8.46837043762207,28.354278564453125,9.161705925084048,5.33246170996083,38.942280233305155,12.060619037676053,8.896072974236684,33.42393424355433
301,12.485190391540527,7.674219131469727,41.19810485839844,11.9739990234375,8.211385726928711,28.750099182128906,9.194940769748614,5.355879284175919,38.964838479556086,12.059752837533669,8.889226101763605,33.37719589294007
302,14.381789207458496,5.999231338500977,42.40541076660156,12.030187606811523,8.77154541015625,29.461400985717773,9.246809254125713,5.36231280471917,38.99924420242654,12.059457185226448,8.888049294847532,33.338037943867846
303,13.538253784179688,6.1484904289245605,42.72075271606445,13.466744422912598,9.448773384094238,30.532949447631836,9.289723699426254,5.370174580961224,39.03645928756292,12.07353005760331,8.89365653574,33.309987058905485
304,11.405519485473633,7.236548900604248,44.47633743286133,11.84626579284668,8.193511962890625,30.335634231567383,9.310881657286728,5.388838324157653,39.09085806901591,12.071257414955744,8.886655090011505,33.280243530632106
305,9.828947067260742,7.252952575683594,44.09818649291992,11.079328536987305,7.237758636474609,29.082538604736328,9.31606231138647,5.407479466672912,39.14093135325495,12.061338126176059,8.870166125476137,33.23826648137315
306,12.027006149291992,6.492434978485107,42.177791595458984,10.882773399353027,7.017532825469971,28.493017196655273,9.343171749765524,5.418329021791035,39.17129995567699,12.04955247890783,8.851639792476076,33.190813988525974
307,12.425725936889648,4.8678879737854,42.16348648071289,11.647165298461914,7.265152454376221,28.86808967590332,9.373997291636766,5.412824611310978,39.20122182092735,12.045528607103371,8.835774919095078,33.14758674539975
308,11.438737869262695,4.169063568115234,41.905921936035156,11.775004386901855,7.580130577087402,29.24406623840332,9.394644697413025,5.400387000879021,39.22826882207843,12.042823364901356,8.823218475675,33.108551540329785
309,8.331583023071289,5.635951519012451,42.14903259277344,11.857247352600098,7.573963642120361,29.32684898376465,9.384014080669608,5.402742646060355,39.25747645978538,12.040967604778343,8.810725927339455,33.07073451476413
310,7.170929431915283,6.741211891174316,42.70688247680664,12.101197242736816,7.938381195068359,29.390409469604492,9.361883234182065,5.416127338511496,39.29197051995559,12.041569901157928,8.802002480016744,33.033931264312535
311,7.875112056732178,7.294268608093262,43.41293716430664,11.76046371459961,8.722556114196777,28.679489135742188,9.347015522407565,5.434908751207313,39.333180186399105,12.038758839292345,8.801208016358546,32.99038684302683
312,13.27385425567627,7.142269611358643,42.42051696777344,12.818072319030762,9.207684516906738,28.50644874572754,9.386283909740252,5.451982359808826,39.364053554212845,12.04655197408973,8.805272781364028,32.94554746205384
313,15.134783744812012,5.084733963012695,40.61460876464844,13.39956283569336,9.539562225341797,29.24560546875,9.44376890809097,5.448309875840865,39.3765591063172,12.060082082705767,8.812615675803807,32.9085480421208
314,13.918930053710938,4.882970333099365,41.2224006652832,14.069156646728516,9.91222858428955,29.27809715270996,9.48852051954717,5.44265648041345,39.395017521906865,12.080172828345995,8.823611804888664,32.872243533226694
315,13.104232788085938,5.496859073638916,42.52479934692383,12.5894775390625,9.855520248413086,29.38945198059082,9.524677642232557,5.443198506345705,39.42631534015704,12.08526587545316,8.833930889323907,32.83741561770034
316,11.238167762756348,6.494194030761719,42.907798767089844,11.744905471801758,10.027740478515625,30.062894821166992,9.541812543437796,5.453708461589866,39.46113017442637,12.081862271416647,8.845868985215825,32.809670409735
317,11.52595043182373,7.066842079162598,43.864219665527344,12.804519653320312,9.682988166809082,30.792503356933594,9.561653922321655,5.469839797765593,39.50516106933738,12.089088845235683,8.854240177031757,32.789498739206984
318,10.109837532043457,4.937827110290527,41.57392120361328,13.826948165893555,9.387288093566895,31.24241828918457,9.567135758418873,5.464519670890842,39.52584867068015,12.106467438442262,8.859570656197109,32.77402793470676
319,10.630743980407715,5.53680419921875,42.569427490234375,11.895882606506348,8.655253410339355,30.685285568237305,9.57777184063876,5.46524251617412,39.55628445887569,12.104361590122902,8.857527483738531,32.75314051104206
320,11.49956226348877,6.420717239379883,40.89425277709961,11.293801307678223,8.811985969543457,30.44493293762207,9.596989744867262,5.4747972634061774,39.569664142057924,12.096255987298456,8.85707206859658,32.73005843530786
321,11.311017036437988,5.675773620605469,40.82525634765625,11.22046947479248,8.039332389831543,30.056859970092773,9.61413001778297,5.47680702697817,39.58222006411391,12.087498122173397,8.848894671808928,32.703326450655716
322,8.752765655517578,4.612026691436768,39.99153518676758,11.120267868041992,8.368911743164062,29.345584869384766,9.605516374160315,5.468159223622756,39.58631321534045,12.077825819632084,8.84409484252248,32.669749034843
323,6.539931297302246,4.475673198699951,39.714500427246094,11.839289665222168,8.4410400390625,30.20713233947754,9.574860523391735,5.458234363373528,39.587595087459505,12.075440458087984,8.840064294487881,32.64512286788935
324,7.215695858001709,4.197634696960449,40.346412658691406,12.068538665771484,8.721436500549316,30.539113998413086,9.551268876737835,5.445628366709396,39.59518326317182,12.075371440164819,8.838878016548495,32.62406277919459
325,9.575984954833984,4.44406270980835,41.99937057495117,12.857797622680664,8.954870223999023,29.74151611328125,9.551516037518796,5.4356127101403855,39.619225136289614,12.083195701989977,8.840037938623,32.59523731253545
326,11.18844223022461,6.162222385406494,43.7670783996582,12.45527172088623,8.570894241333008,29.0166072845459,9.567885299445855,5.442878806893047,39.6607036689233,12.08691646217894,8.8373465016501,32.55945101225556
327,11.377350807189941,7.229560375213623,45.97088623046875,12.72031307220459,8.686558723449707,29.68342399597168,9.585979954523296,5.460745622576253,39.72380549453875,12.093250428279196,8.835838623868096,32.530690742092716
328,12.669726371765137,7.9019904136657715,46.85427474975586,12.389288902282715,9.75776195526123,30.373456954956055,9.616817418695716,5.485158070487148,39.79511018709092,12.096210813019232,8.845057857182027,32.50911840422135
329,15.654455184936523,8.286340713500977,43.62049865722656,12.01152229309082,10.430706977844238,31.011137008666992,9.677193796358123,5.513169896917286,39.833364071792275,12.095363927819946,8.86091434838865,32.494138590265806
330,14.728835105895996,6.484366416931152,41.01588439941406,11.629032135009766,10.518119812011719,31.762298583984375,9.727710209453502,5.5228818621174245,39.84518927506849,12.090700609891844,8.877486403024882,32.48682019020299
331,13.780323028564453,6.309723854064941,42.26679611206055,12.440156936645508,10.208677291870117,32.77684020996094,9.76823633764461,5.5307502820369,39.86940534343841,12.094195173159381,8.890798311913334,32.48972039040057
332,10.8206787109375,6.503305435180664,40.13810348510742,13.123430252075195,9.842188835144043,33.56067657470703,9.77876076137754,5.540475833568337,39.8720923248551,12.10448752394854,8.900312217145641,32.500429952243636
333,11.08895492553711,7.007197856903076,40.55097579956055,13.401063919067383,9.257650375366211,33.92807388305664,9.791862703019136,5.555143053801684,39.87888115960215,12.117453287899728,8.903885598727847,32.51470639155177
334,12.91569995880127,6.975516319274902,41.50300216674805,12.635184288024902,9.269755363464355,33.34040832519531,9.823101075576957,5.569346786456416,39.895122369673615,12.12263059790098,8.907544296375212,32.52296341088821
335,13.411757469177246,5.95936918258667,39.7952995300293,11.792421340942383,9.305657386779785,33.81380844116211,9.85898763951296,5.573247010417718,39.894124141277175,12.119328505331394,8.911525427279258,32.53587186119095
336,10.961312294006348,5.770583152770996,39.445858001708984,10.60824966430664,8.835870742797852,34.02968978881836,9.870010886057894,5.575220371841251,39.88964147988149,12.104217716921147,8.910768880434444,32.550810040467226
337,9.172476768493652,6.482767105102539,39.79105758666992,12.742948532104492,7.929770469665527,33.962703704833984,9.863035544882253,5.584295839173864,39.88865564094937,12.11060502507298,8.900958896326754,32.56492897711089
338,10.400716781616211,6.583713054656982,40.772422790527344,11.876044273376465,6.825562477111816,32.510372161865234,9.868412357249593,5.594290011328695,39.89749331244516,12.108259417556015,8.880204932134605,32.564383408958435
339,10.701879501342773,6.190325736999512,40.39582824707031,12.267763137817383,7.550631999969482,33.067073822021484,9.876747028690524,5.600250368585404,39.90247666179141,12.10985445475863,8.866909202812954,32.569410313089065
340,11.671961784362793,5.898738384246826,38.34040451049805,12.553422927856445,8.835894584655762,33.88404846191406,9.894699176247247,5.603235248742018,39.88685594027848,12.114290139489608,8.866599056631381,32.58255669457731
341,12.599812507629395,6.005746364593506,38.278751373291016,12.075568199157715,10.023046493530273,35.07936096191406,9.921750309561068,5.607260359900533,39.8707748946086,12.11390292008629,8.87816353100037,32.60752473725068
342,10.831269264221191,4.673070430755615,37.92978286743164,14.371901512145996,10.40329360961914,35.00592803955078,9.930845499107669,5.597918460609083,39.85136497433683,12.136482906006886,8.893414831786556,32.631508770273676
343,10.654573440551758,5.54294490814209,38.37628936767578,15.35522174835205,9.847650527954102,36.36851119995117,9.93808277852211,5.597368725084413,39.83661421827022,12.168670294430338,8.90295718874823,32.668878794570446
344,10.334906578063965,6.479632377624512,38.99362564086914,15.379682540893555,10.180460929870605,36.96188735961914,9.942051016517528,5.606191361609814,39.82818433249621,12.20078041689497,8.915732226159452,32.71180888022093
345,6.521180152893066,6.705751895904541,38.06450271606445,12.397181510925293,10.790332794189453,36.40743637084961,9.907842307881282,5.617186966952762,39.810547516331894,12.202744427835274,8.934478231839751,32.74876515512722
346,8.740357398986816,7.444229602813721,38.4078254699707,11.390522003173828,10.889535903930664,36.77595901489258,9.896167458792338,5.635457393311372,39.796520295868284,12.19462220358866,8.954028808560661,32.78903709372487
347,10.358290672302246,6.511227130889893,37.296566009521484,10.202340126037598,10.13735580444336,35.49526596069336,9.900788690927437,5.644215090687156,39.77152075300482,12.17469938281315,8.96586207851949,32.81609938239456
348,11.17484188079834,5.570509910583496,38.23442840576172,10.625821113586426,9.728827476501465,35.47592544555664,9.913529222826146,5.64347803888612,39.75614982953239,12.159210600120884,8.973491732499308,32.842697643026185
349,9.922182083129883,4.791025161743164,38.49897003173828,11.44731616973877,8.639568328857422,35.70039367675781,9.913615751429182,5.63495351011469,39.74357803155445,12.152091655817063,8.97015249846289,32.871274603363496
350,10.330880165100098,5.351373195648193,39.36840057373047,12.148355484008789,8.077180862426758,36.24515914916992,9.917788395565893,5.632117706970025,39.73982625697621,12.152054294098981,8.961222782102528,32.905013448821556
351,9.767536163330078,6.288171291351318,39.998779296875,12.212625503540039,8.338531494140625,37.01108932495117,9.916285873243535,5.638678242813838,39.742415787375194,12.152660006193392,8.954995869222909,32.94607420758285
352,10.684148788452148,5.073744773864746,39.264610290527344,11.593084335327148,8.733047485351562,38.27994918823242,9.92396450239562,5.633028908124348,39.73763773240672,12.14706424948473,8.952776385384196,32.999412957389346
353,8.774922370910645,4.263792037963867,38.66282272338867,11.855443954467773,8.818683624267578,36.790245056152344,9.91247408108077,5.619336539422743,39.72688958231654,12.14414804653456,8.951435457773028,33.03732127837698
354,8.69231128692627,4.404155254364014,37.90990447998047,13.804984092712402,8.831136703491211,37.0269775390625,9.900272453139225,5.6071847265721555,39.70871973129318,12.160756406996338,8.95023247023021,33.077217840983835
355,8.7836275100708,5.436166286468506,38.72005844116211,12.778600692749023,8.522340774536133,37.69184875488281,9.889106003708541,5.605474542171119,39.69883311839187,12.166934849853865,8.94595355327327,33.123364150122825
356,9.875422477722168,5.955179214477539,40.12963104248047,12.065526962280273,8.979496002197266,38.59933090209961,9.888969168448678,5.608971588894183,39.70314109763275,12.16592077097813,8.94628897776251,33.17812381764259
357,11.02934455871582,5.9471116065979,40.400352478027344,10.61739444732666,9.304970741271973,38.41587448120117,9.90037292235135,5.61235298907122,39.7101132114367,12.150435507741614,8.949875795397604,33.23050132427818
358,10.3679780960083,5.698514938354492,38.252685546875,10.822335243225098,9.38181209564209,38.179256439208984,9.90504897408792,5.613214608564053,39.69553893479108,12.137154505096449,8.954195158400049,33.27998887542749
359,10.47385025024414,5.685109615325928,38.11763000488281,11.003096580505371,9.302634239196777,38.600521087646484,9.910736986849482,5.613933558631672,39.679759845492,12.125813925850538,8.957679549208017,33.33319419754968
360,9.664996147155762,5.010943412780762,36.26749038696289,11.187003135681152,8.81959342956543,39.32035827636719,9.908279578452545,5.607903657173162,39.645637150906715,12.116425817948844,8.956298688011591,33.39306583833786
361,9.641417503356934,5.2673020362854,37.120155334472656,11.01410961151123,8.823391914367676,39.84845733642578,9.905610957701589,5.604497640964285,39.62038233274237,12.105402655884468,8.954969620275152,33.45761975331874
362,8.773222923278809,5.41353702545166,35.78151321411133,11.02835464477539,8.974416732788086,40.57371520996094,9.89428707735736,5.602588034809158,39.58199364155606,12.094632175773377,8.955164091400281,33.52878070788516
363,8.411097526550293,5.763340950012207,36.74383544921875,11.128122329711914,9.522684097290039,41.44365692138672,9.87945518184929,5.604195563961189,39.553612059632684,12.084967077312763,8.960839291459179,33.60792947002018
364,9.986461639404297,5.470178127288818,37.461673736572266,14.007075309753418,9.606194496154785,42.20097732543945,9.88052524642484,5.602855389594464,39.53269267640208,12.10418815963717,8.967292843506135,33.69385994857437
365,10.724194526672363,5.421729564666748,37.37386703491211,14.349677085876465,8.616883277893066,41.1754150390625,9.888961939227315,5.601044131345187,39.51110441998718,12.126643048899563,8.963788747850005,33.76867549947926
366,7.2256598472595215,4.845556735992432,35.60734939575195,15.04146957397461,8.355095863342285,40.66622543334961,9.862328918307638,5.593489257391659,39.47206686974482,12.155791314150314,8.957701819004928,33.83765099881796
367,7.2187323570251465,4.893738746643066,36.45340347290039,15.799421310424805,8.516590118408203,41.28120040893555,9.835892952694813,5.586491752284173,39.44188023577638,12.192227614113058,8.953290701998961,33.91208649291914
368,7.511651992797852,4.718443393707275,37.44375228881836,15.055765151977539,9.05234146118164,42.547813415527344,9.812650543095844,5.5778112686984045,39.421898956306805,12.220862989491703,8.954281209590787,33.99844376214522
369,5.455554008483887,4.881796360015869,34.967041015625,13.577540397644043,8.520176887512207,41.92741012573242,9.769079577749725,5.570851119611579,39.37735037689998,12.234429763573226,8.94994016637,34.07773342578109
370,6.417943954467773,4.386114597320557,34.3046760559082,14.208650588989258,8.708659172058105,42.0955810546875,9.735568221516905,5.559003754388669,39.32662363369007,12.254171971827386,8.947527356426882,34.15791190207016
371,7.323744773864746,4.2442626953125,34.447303771972656,13.040553092956543,8.311772346496582,39.47489547729492,9.711449987040382,5.545856343797907,39.2778304350729,12.262035783038677,8.94116980632758,34.21108173782241
372,8.129356384277344,4.9367170333862305,34.7313232421875,13.621302604675293,8.313940048217773,40.09789276123047,9.695629051012752,5.539764950693791,39.23236536314405,12.275628451255043,8.93489750874648,34.26994984805649
373,7.205477237701416,4.983462810516357,35.4591064453125,13.372936248779297,8.593008041381836,40.05889892578125,9.670727532879637,5.534201929292017,39.19463277396573,12.286601529230285,8.931478614072835,34.32783933883374
374,5.544609069824219,5.246621608734131,36.45402908325195,13.47164535522461,8.738460540771484,39.73786544799805,9.629466348249082,5.531326126086438,39.16722673705859,12.298451967490228,8.929548433339821,34.38193959992538
375,8.321728706359863,5.635881423950195,37.07978057861328,12.745467185974121,8.65392780303955,39.89002227783203,9.61638897183019,5.532371679065076,39.146352275474136,12.302922119675067,8.926792227036819,34.43702042670445
376,9.00283145904541,4.8703155517578125,37.588951110839844,10.756357192993164,8.372615814208984,39.65054702758789,9.610253396702342,5.525751117792003,39.13077826382779,12.287456470408248,8.92125046290854,34.48915569271328
377,10.264762878417969,5.497835159301758,36.739192962646484,10.780497550964355,7.871973037719727,39.36579895019531,9.616798491519498,5.525471958207102,39.10686241081598,12.27238688121381,8.910757688656652,34.537922125288105
378,11.148215293884277,6.2243804931640625,36.815486907958984,11.064823150634766,8.575817108154297,39.78276443481445,9.632112659543147,5.532461043556672,39.08394865578741,12.26031124390802,8.907408282851629,34.59037054838337
379,9.893929481506348,6.704758167266846,38.17009735107422,11.666444778442383,9.258146286010742,39.81240463256836,9.634730827762779,5.544184014793774,39.074810142740276,12.254372579253365,8.91091566288322,34.64259088922522
380,12.829093933105469,7.292635917663574,36.714935302734375,13.789751052856445,9.172481536865234,38.56471252441406,9.666674458816207,5.561668533822472,39.051211394340214,12.269726363989395,8.913531321623038,34.68181210557711
381,11.460358619689941,6.506872177124023,35.99463653564453,15.054471969604492,8.755988121032715,38.910640716552734,9.684611300424944,5.571120570255487,39.020645645753255,12.297573820045546,8.911955889617134,34.72410039168687
382,10.706317901611328,6.149458408355713,37.05842208862305,15.094794273376465,9.06350040435791,39.9388313293457,9.69482836643681,5.576903948636489,39.00102341018195,12.325546024578856,8.913471334764541,34.776247701063454
383,10.659059524536133,6.4099297523498535,33.515052795410156,14.84278678894043,9.705278396606445,39.87936782836914,9.704470678017802,5.585234206673623,38.94616370403423,12.350718432222472,8.92138940538296,34.82727890233651
384,10.074700355529785,6.078431129455566,32.12796401977539,15.101202964782715,9.863119125366211,40.60865020751953,9.708172974792923,5.590166175901442,38.87798170719164,12.378223277548074,8.930806702582794,34.885092615388345
385,8.802002906799316,5.686542987823486,34.17603302001953,15.359135627746582,8.837991714477539,39.45856857299805,9.699111274112987,5.591129944020662,38.83096222031992,12.40803240105006,8.929878552701743,34.93082737496444
386,8.580005645751953,5.148522853851318,34.18049621582031,13.447453498840332,9.146740913391113,38.653709411621094,9.687920217829378,5.586703873118968,38.784457560274916,12.418426612027961,8.932047176308636,34.96805619533101
387,8.146306991577148,4.5398688316345215,33.888145446777344,13.166129112243652,9.111250877380371,38.72999572753906,9.672504085566857,5.576235522704123,38.73549443913994,12.425903637030117,8.933839213319354,35.005675590653084
388,7.0547332763671875,4.840404987335205,34.95640563964844,13.709626197814941,9.362141609191895,38.990966796875,9.64632637747486,5.568877217350434,38.697703551145025,12.438740862637966,8.93812223727808,35.04552850271531
389,6.584753036499023,4.485409259796143,34.01519775390625,14.983997344970703,9.408476829528809,40.33976364135742,9.615710644065102,5.558042537774891,38.65087849317264,12.464193427461293,8.942825783200586,35.09847085410173
390,7.848143577575684,4.453756809234619,34.73898696899414,14.479984283447266,9.668766021728516,40.01690673828125,9.598034973400207,5.546999680489488,38.611759577930854,12.484351336021152,8.950085185585865,35.14765521294352
391,8.867121696472168,4.526244640350342,34.6865119934082,14.497180938720703,9.857714653015137,39.86612319946289,9.590725840630926,5.536792130088097,38.57250710208562,12.504479632048149,8.959161480260159,35.194839892808716
392,8.995912551879883,4.570095062255859,33.7666015625,13.64000129699707,8.933850288391113,39.102012634277344,9.584777707743415,5.527125159409774,38.52444804668976,12.515834848697637,8.958908368341469,35.2339116202234
393,9.241299629211426,4.684600830078125,33.284263610839844,14.242592811584473,8.255688667297363,39.58877182006836,9.581342926958095,5.518699916116457,38.47204620233126,12.533102428326504,8.951876171331028,35.27746022222185
394,9.019561767578125,4.64357328414917,34.318233489990234,12.786274909973145,7.250093936920166,37.90109634399414,9.575725115364296,5.509948649796785,38.430508075207854,12.535634153142972,8.934858348986918,35.30369658343957
395,8.707195281982422,5.1722540855407715,35.741249084472656,12.07945728302002,7.889854431152344,38.66175079345703,9.567039817030478,5.506571704154225,38.403615485300506,12.531072384441742,8.924408309808571,35.33727712553974
396,9.875826835632324,5.808980464935303,36.507728576660156,10.35793399810791,7.817789077758789,37.72794723510742,9.570127687216498,5.5095957917620355,38.3846566162141,12.509341000578404,8.913342117488074,35.36118382663542
397,10.039549827575684,5.194705009460449,36.7795295715332,10.241303443908691,8.42502212524414,38.0645751953125,9.574821908620091,5.506446883939019,38.36860534576729,12.486660625011707,8.908458917565635,35.38821774032219
398,8.914413452148438,4.443436622619629,34.21484375,9.810772895812988,8.350574493408203,38.32987594604492,9.568217824055376,5.495816781325825,38.32706772980962,12.45990174771972,8.90288007332406,35.41763432237942
399,8.80003833770752,4.932609558105469,33.28448486328125,9.467629432678223,7.527944087982178,36.83370590209961,9.560536029191898,5.490184709093621,38.27664190114433,12.429979024569306,8.88913071347064,35.431795038176624
400,9.254467964172363,5.143603324890137,34.535926818847656,10.461042404174805,7.5721435546875,36.636131286621094,9.557475348541702,5.486718895251586,38.23923475032136,12.410289658365361,8.875960841882808,35.443838400661065
401,9.088976860046387,5.024406433105469,36.28654098510742,11.72050666809082,7.5731401443481445,37.11880111694336,9.552790363656749,5.482095770630125,38.21970781266922,12.403391828462615,8.862932634907462,35.46058802782389
402,9.698573112487793,5.261628150939941,36.501930236816406,12.921358108520508,7.798129081726074,37.99260330200195,9.55424819114506,5.479891094433223,38.20253003691069,12.408571491263194,8.852284599375649,35.485908180565666
403,10.301918983459473,5.616069316864014,37.79411697387695,12.949904441833496,8.831790924072266,39.34669494628906,9.561724899068203,5.481252876657531,38.19844590628035,12.413984820768897,8.852079662622616,35.5245160482229
404,7.124076843261719,4.793248176574707,36.35266876220703,12.264809608459473,9.075349807739258,39.5228157043457,9.537348418510138,5.474372829656702,38.17998813483961,12.412493068645803,8.854312364073783,35.56449904478413
405,8.310928344726562,5.559610843658447,34.31789779663086,12.217488288879395,9.321195602416992,39.59217071533203,9.525084217772303,5.47522520979672,38.14136723145752,12.41054302084814,8.858981196457215,35.604775761489606
406,8.572945594787598,5.216346263885498,33.33246612548828,13.72331428527832,9.615243911743164,38.52151107788086,9.515562831542455,5.472636420337608,38.093278220397835,12.423670733492441,8.866543823610074,35.63394311465352
407,10.068008422851562,4.428565979003906,35.18606948852539,14.536020278930664,9.48243236541748,38.15764236450195,9.521087287455547,5.4621957159242704,38.06420613307911,12.444794228946824,8.872702709028149,35.659180107152004
408,9.265380859375,4.3144450187683105,37.207496643066406,13.017414093017578,8.614290237426758,37.39308547973633,9.518530223174741,5.450718208952711,38.05563903817899,12.450520427587533,8.870118584312136,35.676519160877845
409,7.16491174697876,4.292356967926025,37.32416915893555,12.815403938293457,8.911911010742188,37.13075256347656,9.49499403841278,5.439134596542444,38.048324339386554,12.454169262694592,8.870536508576437,35.691061494903835
410,7.780515670776367,4.7784247398376465,37.07398986816406,13.013423919677734,9.814925193786621,36.448543548583984,9.477849254736416,5.432527497975396,38.03858099467433,12.459761809264423,8.879980395428538,35.69863631544064
411,7.9282450675964355,4.875099182128906,37.84223937988281,14.337355613708496,10.10912799835205,35.81460189819336,9.462353212865017,5.4269532148169315,38.03661757852641,12.478537747308863,8.892271871457773,35.699795971268166
412,7.1329498291015625,4.599006652832031,37.96246337890625,14.979537010192871,10.226036071777344,35.23116683959961,9.439059179027382,5.418673749197082,38.03587603653021,12.503547739937703,8.905609513460968,35.695109679951486
413,8.209879875183105,5.116737365722656,38.08448028564453,12.215934753417969,8.765524864196777,36.023292541503906,9.426767385988938,5.415654385362338,38.03636207902135,12.500671610072505,8.904208666968326,35.69839150856701
414,10.935209274291992,5.68393611907959,40.64725875854492,13.08523178100586,9.238605499267578,36.9794921875,9.44185180487197,5.41833720269951,38.06247104581659,12.506517211781839,8.907552635291319,35.71120251535634
415,10.390942573547363,5.934412479400635,40.18425750732422,13.982828140258789,9.448301315307617,38.04145812988281,9.451342712558723,5.423497955466521,38.08368891043166,12.521280321066609,8.912960122091482,35.73450507150161
416,8.537496566772461,5.147474765777588,40.50569152832031,15.545154571533203,9.919568061828613,39.60906982421875,9.442204251100861,5.420737723569632,38.10790893661055,12.551519063571275,8.923026201488854,35.77325071902878
417,7.445859909057617,4.674394607543945,40.815391540527344,16.588157653808594,9.958476066589355,39.001468658447266,9.42224080768043,5.413274292409374,38.13498376264972,12.591885449473647,8.933380700139859,35.80553289842297
418,8.504720687866211,4.496402263641357,40.6646728515625,14.376216888427734,8.78642463684082,37.56049346923828,9.413065606482288,5.404105572121694,38.16028065353885,12.609728763863188,8.931911139506868,35.82308250413112
419,10.269392013549805,4.863668918609619,40.25029373168945,12.38737678527832,9.269871711730957,37.06264114379883,9.421628870552963,5.3987012055865735,38.181180784320354,12.60750524407734,8.935290745229109,35.8354780905278
420,10.411993980407715,4.601401329040527,38.59950637817383,14.564376831054688,9.285226821899414,37.84268569946289,9.43153252165151,5.390728206821113,38.18536404025889,12.627073959947113,8.938790105995812,35.85555016661715
421,9.36066722869873,5.376214504241943,39.69938278198242,12.830403327941895,8.811362266540527,36.174652099609375,9.430823868721983,5.390583069795322,38.20050422767613,12.62910725362706,8.93751582760126,35.85874118594707
422,11.096646308898926,6.294203281402588,40.64500045776367,12.103413581848145,9.701092720031738,36.94427490234375,9.447482093123753,5.399619271911394,38.224949189977,12.623850316909271,8.945151596525564,35.86959652311103
423,9.672614097595215,6.350811004638672,42.001380920410156,10.633461952209473,8.803084373474121,36.441219329833984,9.449733413168468,5.409131189238667,38.26271350728133,12.603946433262273,8.94373092429505,35.87531275117826
424,10.314759254455566,5.968842506408691,42.31898880004883,10.819668769836426,8.722983360290527,35.90755844116211,9.45838367158134,5.414728302410366,38.303276260209,12.586103656628014,8.941523448655003,35.875635208078094
425,11.71844482421875,5.667052268981934,41.678260803222656,12.345672607421875,9.155560493469238,35.206939697265625,9.480984283107714,5.417251542076081,38.33702610563914,12.583699346135951,8.943663819103145,35.86894825296997
426,13.038863182067871,5.84242582321167,43.22919845581055,12.788037300109863,9.240131378173828,35.627742767333984,9.516563072097316,5.421503284887438,38.385947829140854,12.585742725675692,8.946628494693853,35.866536198113614
427,11.530430793762207,5.445704460144043,43.263221740722656,10.208799362182617,8.394315719604492,35.24671173095703,9.536701749313965,5.421745296640003,38.43472056825667,12.56197329204076,8.941105366942958,35.86033795344205
428,11.291679382324219,5.71418571472168,43.892635345458984,11.547849655151367,8.58781623840332,35.722740173339844,9.554251525644068,5.42466970082082,38.4892997160287,12.551832055671866,8.93757247565756,35.85896197564102
429,11.01871109008789,6.003146171569824,43.5827522277832,12.56168270111084,8.534890174865723,35.11159133911133,9.568896121288507,5.430454465528309,38.540234241146244,12.551930562126257,8.933545652649643,35.85148826927573
430,16.053781509399414,7.129072666168213,44.16102981567383,12.56196403503418,8.41115665435791,35.68610382080078,9.633744975169616,5.447440647534709,38.59644219689152,12.552030896855337,8.928321762666725,35.84983442479098
431,12.792424201965332,5.450381278991699,41.8583984375,12.746365547180176,8.973608016967773,36.956329345703125,9.665331767437575,5.447470053849278,38.629061759297606,12.553974243358585,8.928774625209735,35.8608993740001
432,10.836191177368164,5.031585693359375,40.37201690673828,12.494643211364746,8.918318748474121,37.254234313964844,9.67704036153688,5.443311210244379,38.646491310772014,12.553380933038646,8.928670066442379,35.87483272339975
433,9.962522506713867,5.594262599945068,40.97196578979492,11.555464744567871,8.801904678344727,37.95159912109375,9.67989518298865,5.444820724141385,38.66974605556224,12.543401771153938,8.927402412561403,35.89560038737669
434,8.695661544799805,5.479714870452881,38.45954132080078,11.886305809020996,8.580512046813965,38.46478271484375,9.670052846606762,5.445169665604499,38.66764400821463,12.536830811532608,8.923933508903927,35.92129221065136
435,8.745222091674805,5.373111248016357,39.16212463378906,9.630176544189453,7.643691062927246,35.910099029541016,9.660804539057443,5.444449081428618,38.67258881447037,12.507764268859177,8.91113108444416,35.921180278840254
436,10.069061279296875,5.265416145324707,38.76219940185547,10.19929313659668,7.916905403137207,36.14512252807617,9.664887106459837,5.442658752067579,38.67348492034422,12.484679557536552,8.90118882763109,35.92341970133261
437,6.387614727020264,4.29598331451416,38.0615348815918,10.07448673248291,7.867948055267334,36.42211151123047,9.63211438266544,5.431191997692045,38.667365419956695,12.460577629286016,8.890856419907454,35.92840661943159
438,5.989991188049316,3.47261905670166,38.13744354248047,10.287919998168945,8.152220726013184,36.276573181152344,9.595693150719278,5.41160626828214,38.66206620118193,12.438851052974846,8.883470062968511,35.9318882850488
439,6.383970737457275,3.6180968284606934,37.11708450317383,11.904091835021973,8.815298080444336,36.56721878051758,9.563575926586658,5.393671173883926,38.64661638420185,12.433503460795317,8.88278834314327,35.938241590003486
440,5.41896390914917,3.5604608058929443,36.092864990234375,12.762490272521973,9.048131942749023,36.8240852355957,9.522129806412284,5.375339070204016,38.621078870262174,12.436793328912582,8.884441779139328,35.94710002645941
441,4.767517566680908,3.5853898525238037,36.82079315185547,11.690475463867188,9.060739517211914,37.302574157714844,9.47458368401497,5.357439578027214,38.60307601307811,12.429330150262128,8.886204756520055,35.96065476777197
442,4.71434211730957,3.5104801654815674,36.287445068359375,12.105997085571289,8.540656089782715,36.65696716308594,9.426981268347916,5.338969983901758,38.57991970363092,12.42609681961522,8.882749269852681,35.96761789172511
443,5.603239059448242,3.8626370429992676,36.731258392333984,11.5393648147583,8.179378509521484,36.34901809692383,9.38874384625892,5.324206654492732,38.56143309051795,12.41722949956665,8.875715562249368,35.971431893777094
444,6.89497184753418,4.453492164611816,38.40219497680664,11.668184280395508,8.393514633178711,36.56547164916992,9.363806126271673,5.315499509593923,38.55984070938084,12.409739047374938,8.870893552958663,35.97737229133102
445,7.678295612335205,5.007410049438477,39.834129333496094,12.85164737701416,8.559833526611328,35.861228942871094,9.346951021132309,5.312418614992368,38.57258359562199,12.41415813067133,8.867782952695189,35.976210857846425
446,7.573139667510986,5.071161270141602,38.995574951171875,10.97225570678711,7.751769065856934,35.69498825073242,9.329212907596096,5.310006041543861,38.57681350917749,12.399739106432488,8.856622813826805,35.97339863177528
447,8.428808212280273,5.682885646820068,39.73152542114258,11.078801155090332,7.578073501586914,35.897098541259766,9.32020886064294,5.313734837596623,38.588360628297146,12.386529726919067,8.843837320704406,35.97263563087012
448,11.09521484375,6.601137161254883,40.14193344116211,11.514548301696777,8.057673454284668,36.6089973449707,9.33795892047401,5.326608860833207,38.60389635642579,12.377809912666844,8.835975682040209,35.978999248011135
449,10.917526245117188,5.848999977111816,38.77052307128906,10.310803413391113,8.641702651977539,36.240169525146484,9.353754593720442,5.331832771995993,38.60556262357442,12.357139847674086,8.834032951739582,35.98161095078249
450,10.5519380569458,5.2018046379089355,39.23774719238281,11.526576042175293,9.47236156463623,35.64124298095703,9.365736428352696,5.330532490655123,38.611884469262506,12.348834209619097,8.84041623786855,35.97820727108424
451,10.749643325805664,5.456275463104248,38.39867401123047,13.425399780273438,9.416755676269531,36.05910873413086,9.379575497327226,5.331789920379614,38.60975236468219,12.35959986532564,8.846179632252559,35.97901628571471
452,11.17028522491455,6.467955112457275,39.88252258300781,15.288683891296387,9.097716331481934,35.68678665161133,9.3974825946031,5.34315157230039,38.62248006686544,12.388890705585348,8.848694999244854,35.97609398937367
453,11.020017623901367,5.914031982421875,41.288902282714844,15.33523178100586,9.214381217956543,35.70072555541992,9.413707944896082,5.348860376401605,38.64914428902394,12.418354116339554,8.852351861431972,35.973340305034135
454,11.188400268554688,6.227453708648682,43.0009765625,16.148502349853516,9.89179801940918,35.968204498291016,9.431454868132668,5.357646309724076,38.6926626117587,12.455655598674694,8.862746323011743,35.973288946966704
455,11.190152168273926,6.224611759185791,43.434104919433594,15.413540840148926,10.95333480834961,37.52976608276367,9.44904184113408,5.366315964218693,38.74007703483545,12.485234451089436,8.883652207865122,35.98885371832467
456,10.995962142944336,6.31847620010376,43.66777420043945,15.97961711883545,11.025894165039062,39.212162017822266,9.464511044152182,5.375837566577544,38.789354006491486,12.520178277766895,8.905074627436862,36.02108680131965
457,9.62684154510498,6.096762657165527,43.33816909790039,14.62042236328125,9.317390441894531,37.79112243652344,9.46613434916171,5.383046817483424,38.834842157405575,12.541180718622039,8.909197785581439,36.038787157671685
458,12.125871658325195,6.109554767608643,43.58929443359375,15.287555694580078,9.230422973632812,37.45330810546875,9.492731722253344,5.390311896984676,38.88238668016746,12.56864446838162,8.912410037461953,36.05293236714965
459,10.926823616027832,6.157676696777344,43.22093200683594,13.898204803466797,8.971962928771973,35.38511276245117,9.50707264119109,5.397985544982603,38.925772133434144,12.581940071732472,8.913005566375054,36.04625417110266
460,11.38150405883789,6.353024005889893,42.874717712402344,12.370039939880371,8.652460098266602,35.44527816772461,9.525816955367558,5.407535929591677,38.96526158922383,12.579821070413951,8.910400111693969,36.040244411068876
461,11.481820106506348,5.676840782165527,40.62788391113281,12.802242279052734,9.14166259765625,36.28635787963867,9.545376986878946,5.4102289781174155,38.98188781244292,12.582045282500339,8.91271273655359,36.04270554575457
462,8.831233978271484,5.743997097015381,41.397544860839844,9.879364013671875,8.622183799743652,34.330650329589844,9.53823555679287,5.413566659306395,39.00604438292689,12.555018469812055,8.909807447185491,36.02558499359292
463,7.873240947723389,6.577966213226318,40.78929901123047,10.53983211517334,8.825210571289062,34.25210952758789,9.521585610702175,5.425210654845594,39.02387692920992,12.534866606265668,8.908961478426528,36.00785023893287
464,9.244604110717773,6.128396034240723,40.65867614746094,12.07594108581543,9.400618553161621,33.91715621948242,9.51881579570233,5.432242508639544,39.04022492139243,12.530277351061166,8.91387804917388,35.98694329873837
465,9.730798721313477,4.975034236907959,39.28535842895508,12.133173942565918,9.674799919128418,33.60845184326172,9.520935624958442,5.427670425922228,39.042676256468056,12.526306316976214,8.921487267873426,35.96315838418361
466,10.339828491210938,5.554399490356445,40.04122543334961,12.605705261230469,8.996172904968262,32.16264724731445,9.529124553620967,5.42893771656657,39.05266174823687,12.527100306418756,8.922234124244374,35.92515327281491
467,10.294187545776367,6.3665361404418945,41.348838806152344,14.007242202758789,8.83273696899414,31.90691566467285,9.536775183542522,5.438313700805323,39.07562351881602,12.541901725382157,8.921339152691873,35.884970896733485
468,11.570741653442383,6.339719295501709,41.05413055419922,14.257463455200195,8.73859691619873,32.77076721191406,9.55711484824152,5.447327756752287,39.09540858916985,12.559057342680337,8.919511730326942,35.85382885988529
469,13.98585319519043,6.531363487243652,41.75133514404297,14.038147926330566,8.910110473632812,33.92118835449219,9.60140223171101,5.458168114057202,39.12196785471858,12.573848248516839,8.91941771776,35.83450245483136
470,14.164613723754883,6.966667175292969,42.79188537597656,12.0083589553833,9.337520599365234,34.57757568359375,9.647034346631449,5.473253104669559,39.15866702993115,12.568193355585503,8.923598746576053,35.82193318711899
471,11.829267501831055,6.734050273895264,42.805809020996094,12.162775993347168,9.776782035827637,33.749481201171875,9.668856678183444,5.485861076361815,39.1951384498418,12.56413918196312,8.932130579468568,35.801208667259516
472,8.9527587890625,5.4623260498046875,41.60198211669922,10.828505516052246,8.723047256469727,32.04548263549805,9.661695699292235,5.485625726096243,39.21920688651037,12.54678284530401,8.93003974623858,35.763651406941904
473,8.34062385559082,4.676300525665283,41.60541915893555,10.926595687866211,9.127695083618164,32.98212432861328,9.648484980855219,5.477532474091934,39.24306900923462,12.530580973729633,8.932016299612375,35.73583613615862
474,9.944100379943848,4.698382377624512,42.36745071411133,10.867764472961426,9.513534545898438,32.75082778930664,9.651441134846104,5.4697409731272595,39.274312826283385,12.51395280872195,8.937831482075236,35.7059860526901
475,8.264874458312988,4.701631546020508,39.2119140625,11.43264389038086,9.73997688293457,32.94797897338867,9.637575468080772,5.462059878856191,39.27368883864555,12.50313971953854,8.94585293608383,35.678405981897086
476,9.885530471801758,5.70257043838501,39.45875549316406,13.029572486877441,9.871298789978027,33.2362060546875,9.640055018117982,5.46446498445148,39.27553950519073,12.508404047211929,8.955107394622772,35.65398398262499
477,9.306784629821777,6.482308387756348,41.42213821411133,12.931365966796875,10.050971031188965,32.26612854003906,9.636722314235021,5.474643418484528,39.297005492279936,12.512633666407778,8.966066030988435,35.62010542819914
478,9.85731029510498,7.15408992767334,42.640098571777344,13.69839859008789,9.684386253356934,32.26297378540039,9.638928194043721,5.491437883576417,39.330436423074914,12.52449131564458,8.973249233212119,35.58653411177115
479,10.8062744140625,7.418311595916748,42.66511154174805,13.591867446899414,9.196258544921875,33.247798919677734,9.650601656243909,5.51070662069982,39.36378317426164,12.53516507695713,8.975479326329216,35.56314675985021
480,13.345253944396973,6.562144756317139,41.90974426269531,13.516176223754883,8.899300575256348,32.460594177246094,9.687548179125441,5.521221002055993,39.38924278514598,12.544975188425108,8.974717538818487,35.532121234024174
481,13.357463836669922,5.3964457511901855,41.78620529174805,13.922282218933105,8.79538631439209,32.807579040527344,9.724247335700886,5.519973249547335,39.413212410212,12.558748258730189,8.972924226574223,35.5048758120892
482,12.134064674377441,5.383230686187744,41.28908157348633,13.636974334716797,7.5671281814575195,32.85506820678711,9.748345509087653,5.518605823913739,39.43197110184474,12.569530519490057,8.958866266123056,35.47837773603618
483,12.400012969970703,6.759519100189209,41.719085693359375,12.170534133911133,7.739887714385986,32.01862335205078,9.774862183696483,5.531014956676494,39.454842247759885,12.565540555634268,8.946676480605687,35.44378019219633
484,9.279746055603027,5.7725443840026855,38.43031311035156,12.223607063293457,8.162884712219238,32.424102783203125,9.769911022415547,5.533430250949756,39.4445969563858,12.56212122071086,8.938838562921823,35.4135834181064
485,12.718673706054688,5.766516208648682,37.738494873046875,12.29537582397461,9.415821075439453,32.36234664916992,9.79939864925194,5.535761110526745,39.427535935552406,12.559453766743497,8.943608388047,35.38307105041703
486,12.85781478881836,5.005538463592529,37.46934127807617,12.1376314163208,10.61542797088623,34.04750442504883,9.829982810647603,5.530458884057403,39.407953988977646,12.55523554323927,8.960326583875393,35.36971538416335
487,11.021249771118164,4.414757251739502,38.0270881652832,13.164583206176758,11.267887115478516,35.42547607421875,9.841895480252308,5.519301867734224,39.394145330740706,12.561329019868644,8.983402189191423,35.3702729910639
488,8.791449546813965,4.958738803863525,38.07646942138672,11.776982307434082,10.608710289001465,34.01057052612305,9.831391020917923,5.513696237095517,39.380968571647166,12.553485552744299,8.999655270189525,35.35667596641449
489,7.327761173248291,4.099634170532227,37.326969146728516,11.942411422729492,10.27407169342041,34.38988494873047,9.806354722441226,5.499555616429884,39.36042857739798,12.54737481144415,9.012399434421832,35.34700805623765
490,9.37060546875,4.681824207305908,35.82526779174805,12.795621871948242,10.917263984680176,34.01087951660156,9.801997229904313,5.491378302338645,39.325076969541485,12.549857282049192,9.031448079924417,35.33364677084129
491,10.69690990447998,4.390793323516846,35.94602584838867,11.387438774108887,10.895017623901367,32.909095764160156,9.810946356650069,5.4803724525504265,39.29128645832996,12.538233096969789,9.050083775364186,35.30940126077448
492,8.046732902526855,5.32149076461792,35.90985107421875,12.22191047668457,10.977128982543945,33.12541961669922,9.793304222108835,5.4787836356711015,39.25747210448884,12.535069870766936,9.069354227435985,35.287561444333726
493,6.282865047454834,4.414913654327393,36.6035041809082,14.550600051879883,10.499883651733398,33.03789138793945,9.758199830362296,5.468144935857664,39.23093242525304,12.555225172578066,9.083659521678959,35.265064743769784
494,6.786657333374023,3.936757802963257,37.78435516357422,13.96682071685791,9.26273250579834,32.724037170410156,9.728484405392413,5.45283106452872,39.21646665263625,12.569341128020865,9.085450251520154,35.239654468036186
495,8.387032508850098,4.106781959533691,38.45585250854492,14.274605751037598,8.517192840576172,32.97046661376953,9.71506988642699,5.43937057347877,39.20886051119534,12.586393774251032,9.079767677410715,35.21696258949352
496,9.412764549255371,4.859218120574951,38.937469482421875,14.13188362121582,8.243081092834473,33.28156280517578,9.712046833055274,5.433569048949731,39.20614660090761,12.601848672720681,9.071400811564953,35.19760859165034
497,8.215659141540527,4.4178361892700195,40.27964782714844,12.281999588012695,7.093227386474609,32.54779815673828,9.697082956140125,5.4234117203529335,39.21688161317002,12.598650181873602,9.05161907731405,35.17111048730121
498,6.889698505401611,3.643456220626831,40.197181701660156,12.751904487609863,7.424069881439209,32.7247314453125,9.66900911163274,5.405612165355672,39.22668461405492,12.600182724930963,9.035343585355303,35.14664669688133
499,5.920234203338623,3.4633195400238037,39.7962646484375,12.630152702331543,7.9630446434021,33.06454086303711,9.631521362549798,5.386189239102353,39.23238041439874,12.60048242470497,9.02462059593577,35.125825638542885
