epoch,reward_raw,reward_smooth,residual_std
1,-20.57484055,-20.57484055,0.73478079
2,-20.49903488,-20.57408249,0.73478324
3,-20.43484116,-20.57269008,0.73784838
4,-20.35451889,-20.57050836,0.79361200
5,-20.36560440,-20.56845932,0.80113407
6,-20.34039688,-20.56617870,0.80102947
7,-20.27198219,-20.56323673,0.82631663
8,-20.15418053,-20.55914617,0.82617950
9,-20.24038696,-20.55595858,0.82716397
10,-20.16226006,-20.55202160,0.83437654
11,-19.94114685,-20.54591285,0.83615446
12,-20.12271690,-20.54168089,0.83848734
13,-19.52243423,-20.53148842,0.86564937
14,-20.21785545,-20.52835209,0.86549542
15,-19.67430115,-20.51981158,0.86558044
16,-19.88655281,-20.51347899,0.90562237
17,-20.43274689,-20.51267167,1.15571050
18,-19.82188034,-20.50576376,1.24989768
19,-20.22353745,-20.50294150,1.25772779
20,-20.37126160,-20.50162470,1.25832318
21,-20.94638062,-20.50607226,1.25955406
22,-20.04594040,-20.50147094,1.27631000
23,-20.38911819,-20.50034741,1.38984541
24,-20.27997971,-20.49814373,1.43182882
25,-21.24633217,-20.50562562,1.43237545
26,-20.71693230,-20.50773869,1.47591628
27,-20.12421417,-20.50390344,1.58133250
28,-21.56348991,-20.51449931,1.58192034
29,-20.79212189,-20.51727553,1.60540800
30,-20.35042763,-20.51560705,1.63560097
31,-21.14801788,-20.52193116,1.64597308
32,-20.72799301,-20.52399178,1.65515626
33,-20.29884529,-20.52174031,1.65775383
34,-21.66221237,-20.53314503,1.82008203
35,-19.90522003,-20.52686578,1.85808947
36,-19.39700890,-20.51556722,1.85878201
37,-18.40808296,-20.49449237,1.87482279
38,-19.50804710,-20.48462792,1.94125075
39,-19.13674545,-20.47114910,1.97556516
40,-19.68868065,-20.46332441,1.99382409
41,-19.55492210,-20.45424039,1.99381658
42,-19.34914207,-20.44318941,1.99573105
43,-20.52234840,-20.44398100,2.01413951
44,-18.40223885,-20.42356357,2.01474585
45,-25.52979660,-20.47462590,2.01483497
46,-18.90902138,-20.45896986,2.07330422
47,-19.44040298,-20.44878419,2.15752151
48,-20.65272903,-20.45082364,2.22328064
49,-20.64469719,-20.45276237,2.27743281
50,-20.34985352,-20.45173329,2.34504638
51,-22.19356346,-20.46915159,2.39719328
52,-20.25601578,-20.46702023,2.48823998
53,-19.66534805,-20.45900351,2.53301010
54,-17.35955620,-20.42800903,2.54951398
55,-21.40816307,-20.43781057,2.56744743
56,-20.33729744,-20.43680544,2.60826106
57,-18.22462082,-20.41468360,2.61275786
58,-20.20907784,-20.41262754,2.62672902
59,-20.69281960,-20.41542946,2.65197192
60,-21.38416672,-20.42511683,2.66888908
61,-20.85119247,-20.42937759,2.70870453
62,-19.62986755,-20.42138249,2.71953868
63,-18.06764221,-20.39784509,2.73871453
64,-20.16094208,-20.39547606,2.74454407
65,-19.99818993,-20.39150319,2.76831114
66,-22.93127060,-20.41690087,2.77702462
67,-27.58564949,-20.48858835,2.83063796
68,-25.25927925,-20.53629526,2.84121435
69,-21.92782593,-20.55021057,2.89627696
70,-20.92121315,-20.55392060,2.92107856
71,-19.96466446,-20.54802803,2.92780636
72,-22.62435913,-20.56879135,2.92686305
73,-26.17573929,-20.62486082,2.92852454
74,-24.18662262,-20.66047844,2.94784726
75,-20.33345413,-20.65720820,2.97446615
76,-17.10824966,-20.62171861,2.96948992
77,-26.46047592,-20.68010619,3.01640784
78,-21.23772240,-20.68568235,3.02703503
79,-18.00294113,-20.65885494,3.02702024
80,-17.55037880,-20.62777018,3.02441859
81,-18.79777718,-20.60947025,3.03601593
82,-18.86747169,-20.59205026,3.05330824
83,-21.55581665,-20.60168792,3.05653704
84,-28.29403305,-20.67861138,3.07428586
85,-24.59828377,-20.71780810,3.06902851
86,-20.32379150,-20.71386793,3.08508662
87,-18.35234642,-20.69025272,3.09304731
88,-15.66783619,-20.64002855,3.13797580
89,-16.96448135,-20.60327308,3.18012982
90,-23.37839127,-20.63102426,3.22476644
91,-20.68087196,-20.63152274,3.27008829
92,-19.79479980,-20.62315551,3.31377490
93,-17.89926147,-20.59591657,3.33079630
94,-20.11231232,-20.59108053,3.33575052
95,-20.41330338,-20.58930276,3.34369204
96,-15.61590099,-20.53956874,3.28519105
97,-14.41444588,-20.47831751,3.28756076
98,-14.90522671,-20.42258660,3.31062813
99,-15.23146248,-20.37067536,3.33489541
100,-14.45936871,-20.31156229,3.34411485
101,-14.96813774,-20.25812805,3.37408650
102,-13.12996197,-20.18684639,3.40276321
103,-14.95248222,-20.13450275,3.44513627
104,-16.72649384,-20.10042266,3.51756792
105,-16.52961922,-20.06471462,3.61444425
106,-24.25941277,-20.10666160,3.65960842
107,-21.22739029,-20.11786889,3.69848166
108,-16.90812492,-20.08577145,3.76951022
109,-15.88775826,-20.04379132,3.82939139
110,-16.46467781,-20.00800018,3.92334967
111,-14.74089050,-19.95532909,3.95421466
112,-16.89058495,-19.92468165,4.02199212
113,-16.00141716,-19.88544900,4.12752308
114,-17.37762833,-19.86037079,4.21654521
115,-15.48257256,-19.81659281,4.23419393
116,-16.86573792,-19.78708426,4.29984626
117,-13.46602917,-19.72387371,4.37027086
118,-16.33797073,-19.69001468,4.37729519
119,-13.13866806,-19.62450122,4.30783921
120,-14.82531071,-19.57650931,4.31569991
121,-20.82513428,-19.58899556,4.32822066
122,-19.80318832,-19.59113749,4.35568868
123,-17.57841873,-19.57101030,4.37256655
124,-15.10817242,-19.52638192,4.31921137
125,-14.43484879,-19.47546659,4.31177994
126,-18.73505592,-19.46806248,4.33583711
127,-23.97777748,-19.51315963,4.35807668
128,-15.86660862,-19.47669412,4.23968134
129,-16.34372139,-19.44536440,4.22879289
130,-17.94611549,-19.43037191,4.25760177
131,-15.48878002,-19.39095599,4.28199860
132,-14.50909710,-19.34213740,4.29140381
133,-16.16539764,-19.31037000,4.31953124
134,-14.59211731,-19.26318748,4.29406420
135,-19.55803108,-19.26613591,4.13183646
136,-14.73644543,-19.22083901,4.02654938
137,-15.65760231,-19.18520664,4.01844263
138,-12.41930103,-19.11754758,4.03698554
139,-12.47171688,-19.05108928,4.06335818
140,-12.17563820,-18.98233477,4.06432078
141,-11.92235279,-18.91173495,3.98949432
142,-11.86117935,-18.84122939,3.96127971
143,-13.77250576,-18.79054215,3.95637047
144,-19.67470932,-18.79938383,3.95994122
145,-14.78871346,-18.75927712,3.93904614
146,-14.55964279,-18.71728078,3.90311200
147,-15.69024181,-18.68701039,3.91552221
148,-12.87630844,-18.62890337,3.93175824
149,-12.23651505,-18.56497949,3.94642441
150,-13.39965630,-18.51332625,3.94388717
151,-11.64274025,-18.44462039,3.94917123
152,-10.55388165,-18.36571301,3.94742142
153,-10.45354843,-18.28659136,3.94914580
154,-8.74063301,-18.19113178,3.94702359
155,-7.43039656,-18.08352442,3.93463976
156,-8.99782467,-17.99266743,3.91991915
157,-9.61024475,-17.90884320,3.78118193
158,-7.96693230,-17.80942409,3.68990142
159,-7.91865110,-17.71051636,3.68119444
160,-5.80086708,-17.59141987,3.68956048
161,-8.45178032,-17.50002347,3.71185747
162,-6.35325193,-17.38855576,3.73803237
163,-4.63460398,-17.26101624,3.75674081
164,-5.29664803,-17.14137256,3.75037182
165,-8.92474270,-17.05920626,3.73844033
166,-5.54590273,-16.94407322,3.73355114
167,-3.48614669,-16.80949396,3.72283003
168,-1.99168074,-16.66131583,3.73225358
169,-9.32769108,-16.58797958,3.71023716
170,-6.64928389,-16.48859262,3.72032678
171,-6.86039066,-16.39231060,3.72302887
172,-6.10910463,-16.28947854,3.60903153
173,-4.54512262,-16.17203498,3.51718634
174,-4.44382334,-16.05475287,3.46072899
175,-3.70099425,-15.93121528,3.45938159
176,-4.80180979,-15.81992123,3.45645001
177,-6.36048555,-15.72532687,3.43446405
178,-7.52207565,-15.64329436,3.19839579
179,-5.93583679,-15.54621978,3.18185989
180,-4.83443117,-15.43910190,3.12551592
181,-5.15029669,-15.33621384,3.05013109
182,-5.56311131,-15.23848282,3.01126231
183,-3.70007372,-15.12309873,2.97826614
184,-5.32335234,-15.02510126,2.91274849
185,-3.38479757,-14.90869823,2.88784719
186,-6.80911160,-14.82770236,2.72512694
187,-4.10669899,-14.72049233,2.68258005
188,-3.40600491,-14.60734745,2.61050949
189,-3.75229764,-14.49879695,2.60757742
190,-5.80318213,-14.41184081,2.58917869
191,-3.92954588,-14.30701786,2.57993725
192,-3.82510543,-14.20219873,2.56526140
193,-2.57182074,-14.08589495,2.56535341
194,-3.41933155,-13.97922932,2.51647423
195,-2.85330963,-13.86797012,2.27510070
196,-3.47404957,-13.76403092,2.18819788
197,-3.33516741,-13.65974228,2.10146805
198,-3.13418365,-13.55448669,1.96974878
199,-2.98464632,-13.44878829,1.91556406
200,-5.57198191,-13.37002023,1.87073271
201,-4.10418367,-13.27736186,1.79293406
202,-7.41137695,-13.21870201,1.75771837
203,-5.04937124,-13.13700870,1.73617939
204,-7.30763483,-13.07871497,1.72757549
205,-4.35408306,-12.99146865,1.72334676
206,-6.40074825,-12.92556144,1.73077219
207,-1.47768736,-12.81108270,1.73066247
208,-5.71247196,-12.74009659,1.71441926
209,-2.16549134,-12.63435054,1.75078089
210,-1.13451457,-12.51935218,1.79896916
211,0.66674423,-12.38749122,1.79778406
212,0.23892304,-12.26122708,1.79522275
213,1.38068402,-12.12480796,1.79524490
214,-1.24181938,-12.01597808,1.81876966
215,0.20780523,-11.89374025,1.81572121
216,-1.01029348,-11.78490578,1.79977034
217,0.36402395,-11.66341648,1.80028466
218,-0.38774973,-11.55065981,1.77891044
219,-1.05739939,-11.44572721,1.74367384
220,-0.03405212,-11.33161046,1.71400427
221,0.65043294,-11.21179002,1.71480785
222,-0.45511997,-11.10422332,1.71275723
223,0.13717626,-10.99180933,1.72108137
224,-0.95816243,-10.89147286,1.72997647
225,1.79753411,-10.76458279,1.75518322
226,1.26134574,-10.64432350,1.75110514
227,5.22012138,-10.48567905,1.75224333
228,3.04563284,-10.35036594,1.76721451
229,3.14025474,-10.21545973,1.76233570
230,-0.55668885,-10.11887202,1.77637497
231,2.73892856,-9.99029401,1.77996576
232,1.70819759,-9.87330910,1.78125061
233,0.28149357,-9.77176107,1.79100544
234,-0.78235531,-9.68186701,1.79922848
235,2.83470368,-9.55670131,1.79928533
236,2.39406466,-9.43719365,1.81495751
237,2.25876021,-9.32023411,1.80221885
238,0.45875156,-9.22244425,1.80766834
239,3.53612852,-9.09485852,1.81218148
240,1.86494339,-8.98526051,1.81924218
241,3.19643450,-8.86344356,1.81453389
242,2.21964264,-8.75261269,1.81451545
243,4.38214064,-8.62126516,1.81912902
244,1.95091748,-8.51554333,1.81487755
245,3.85355282,-8.39185237,1.81630068
246,1.78061485,-8.29012770,1.84109537
247,2.38075805,-8.18341884,1.88314785
248,2.02951407,-8.08128951,1.94776379
249,3.19205093,-7.96855611,1.96757874
250,2.54621053,-7.86340844,1.96698431
251,2.14254928,-7.76334887,1.95496819
252,4.14558172,-7.64425956,1.95335391
253,3.50182462,-7.53279872,1.91399855
254,5.45102644,-7.40296047,1.90902657
255,3.54088163,-7.29352204,1.86935305
256,1.86235559,-7.20196327,1.94701085
257,1.89536834,-7.11098995,1.96602228
258,3.58682895,-7.00401176,1.97201249
259,0.07851166,-6.93318653,1.98860341
260,-0.46743774,-6.86852904,2.06416069
261,2.87214541,-6.77112230,2.10420011
262,2.70561576,-6.67635492,2.11331014
263,4.47983742,-6.56479299,2.11143134
264,0.51437211,-6.49400134,2.08648092
265,4.91580391,-6.37990329,2.08630641
266,4.54914522,-6.27061280,2.08766957
267,3.45519280,-6.17335475,2.08952515
268,4.46593237,-6.06696188,2.07808038
269,2.30959082,-5.98319635,2.08137956
270,4.46988440,-5.87866554,2.09935009
271,3.87258315,-5.78115306,2.09991502
272,4.34559393,-5.67988559,2.10338886
273,3.17426991,-5.59134403,2.11735810
274,2.85647321,-5.50686586,2.12700054
275,1.79499996,-5.43384720,2.14621664
276,3.66425800,-5.34286615,2.12096191
277,4.21735573,-5.24726393,2.10893216
278,2.67704010,-5.16802089,2.05346638
279,3.47154903,-5.08162519,2.02951114
280,2.98628283,-5.00094611,2.04824061
281,4.25230598,-4.90841359,2.08235080
282,4.81542873,-4.81117517,2.12347564
283,3.60245943,-4.72703882,2.18097249
284,3.57672238,-4.64400121,2.18541792
285,5.13771343,-4.54618406,2.20209418
286,3.07256866,-4.46999653,2.17229378
287,5.33702755,-4.37192629,2.17117114
288,4.49806023,-4.28322643,2.19023369
289,4.40346050,-4.19635956,2.23036612
290,4.38153076,-4.11058066,2.23553439
291,5.29771614,-4.01649769,2.25858879
292,6.10135984,-3.91531911,2.23847872
293,5.03632069,-3.82580271,2.23867030
294,5.91501808,-3.72839451,2.20008441
295,5.67942142,-3.63431635,2.19503493
296,3.40017509,-3.56397143,2.16046387
297,2.59404325,-3.50239129,2.15467538
298,1.57187331,-3.45164864,2.15772032
299,3.77828884,-3.37934927,2.16714412
300,6.77358484,-3.27781992,2.15170628
301,6.86889744,-3.17635275,2.17542660
302,7.12677097,-3.07332151,2.17231609
303,5.49981356,-2.98759016,2.15872864
304,5.76813841,-2.90003288,2.16599132
305,5.45806074,-2.81645194,2.11193323
306,1.61833751,-2.77210405,2.08598592
307,2.86074018,-2.71577560,2.08414708
308,5.30958557,-2.63552199,2.07735597
309,3.48470569,-2.57431972,2.06566041
310,1.81683969,-2.53040812,2.07073792
311,3.02527308,-2.47485131,2.08704358
312,3.60184169,-2.41408438,2.08690375
313,4.80661345,-2.34187740,2.08551514
314,5.44347954,-2.26402383,2.04766172
315,6.39091396,-2.17747445,2.04883492
316,4.91584539,-2.10654125,2.01113996
317,6.06883717,-2.02478747,1.98520872
318,6.45745850,-1.93996501,2.03678799
319,5.62123775,-1.86435298,2.03572835
320,4.77573729,-1.79795208,2.04699479
321,5.79306459,-1.72204191,2.02785957
322,4.98718691,-1.65494963,2.01099027
323,4.99325657,-1.58846756,2.00692022
324,5.05116606,-1.52207123,2.00162144
325,4.84936333,-1.45835688,1.99318898
326,8.32404423,-1.36053287,1.99191208
327,6.43221951,-1.28260535,1.97718579
328,3.40997362,-1.23567956,1.96371081
329,4.82506990,-1.17507206,1.96217456
330,2.59713888,-1.13734995,1.95393469
331,3.95531392,-1.08642331,1.95545655
332,2.01780462,-1.05538104,1.93845564
333,1.92671490,-1.02556008,1.91954074
334,5.71953487,-0.95810913,1.93897423
335,4.99330091,-0.89859503,1.93344488
336,6.61065292,-0.82350255,1.91525389
337,4.53004265,-0.76996709,1.93830003
338,3.47349072,-0.72753252,1.91788394
339,3.28253412,-0.68743185,1.93090963
340,3.10103750,-0.64954716,1.91668953
341,3.48264122,-0.60822527,1.90188870
342,5.19658518,-0.55017717,1.88114520
343,4.75615406,-0.49711386,1.86449512
344,4.92892742,-0.44285344,1.85195256
345,5.64550209,-0.38196989,1.82057668
346,5.80286551,-0.32012153,1.78662004
347,6.14952421,-0.25542508,1.79173489
348,4.69093418,-0.20596148,1.79297191
349,4.55385685,-0.15836330,1.79286736
350,5.40373993,-0.10274227,1.78534413
351,3.38380790,-0.06787677,1.74604873
352,5.64497566,-0.01074824,1.68663413
353,4.13646793,0.03072392,1.61548031
354,3.58128738,0.06622955,1.59341353
355,5.01713657,0.11573862,1.55709271
356,6.44970894,0.17907833,1.53101460
357,6.02651978,0.23755274,1.53083090
358,7.24433804,0.30762059,1.55195044
359,5.08488607,0.35539325,1.55925172
360,6.15117788,0.41335110,1.56274946
361,4.91632938,0.45838088,1.57412513
362,5.18883801,0.50568545,1.57443739
363,5.52841902,0.55591279,1.59072636
364,7.71038628,0.62745752,1.58163324
365,7.04039526,0.69158690,1.56363531
366,6.06239223,0.74529495,1.52376288
367,5.63359785,0.79417798,1.51261881
368,2.35801840,0.80981638,1.48345186
369,3.98425460,0.84156077,1.44179592
370,4.98386145,0.88298377,1.41947968
371,5.29705667,0.92712450,1.41477381
372,6.16286993,0.97948196,1.39590056
373,4.42626953,1.01394983,1.40466371
374,5.93204021,1.06313074,1.39374742
375,7.49127007,1.12741213,1.38764076
376,7.55129623,1.19165097,1.37901040
377,8.42504406,1.26398490,1.28511221
378,5.83380127,1.30968307,1.24768246
379,6.57704687,1.36235670,1.25243113
380,6.59717035,1.41470484,1.24477976
381,6.00027657,1.46056056,1.24194708
382,6.63417816,1.51229673,1.24406964
383,5.84395123,1.55561328,1.24087747
384,4.32464123,1.58330356,1.23190871
385,6.36731672,1.63114369,1.25008210
386,5.42001820,1.66903243,1.27926328
387,4.42679119,1.69661002,1.27044694
388,5.36053371,1.73324926,1.26783006
389,4.09453011,1.75686207,1.27729048
390,6.37696266,1.80306307,1.27785046
391,6.61410427,1.85117349,1.27635026
392,5.62876654,1.88894942,1.28005910
393,4.21241283,1.91218405,1.27401196
394,5.31009674,1.94616318,1.31370692
395,5.48967886,1.98159833,1.31458641
396,6.32088184,2.02499117,1.33334467
397,5.61532354,2.06089449,1.35227608
398,6.72127485,2.10749830,1.34111085
399,7.22382450,2.15866156,1.35190600
400,7.45013523,2.21157629,1.35736844
401,4.99810457,2.23944158,1.38620393
402,6.58093929,2.28285655,1.38967759
403,7.77151918,2.33774318,1.40842733
404,5.88031769,2.37316893,1.41542086
405,7.17937422,2.42123098,1.42978630
406,6.49482822,2.46196695,1.43078391
407,8.45781898,2.52192547,1.41544393
408,5.12665415,2.54797276,1.40540000
409,4.50029278,2.56749596,1.39524358
410,6.26229715,2.60444397,1.41827115
411,5.67359543,2.63513549,1.41833583
412,7.19651270,2.68074926,1.41757650
413,5.25959635,2.70653773,1.42297008
414,6.44483089,2.74392066,1.44008229
415,9.10173798,2.80749883,1.43202653
416,6.98251772,2.84924902,1.41302653
417,8.82835197,2.90904005,1.40701716
418,9.03130627,2.97026271,1.40725458
419,7.60370970,3.01659718,1.39777656
420,8.63094044,3.07274062,1.40211347
421,6.62336826,3.10824689,1.42135042
422,6.48923683,3.14205679,1.41993348
423,5.44688940,3.16510512,1.41253058
424,7.27825928,3.20623666,1.43277389
425,9.30762386,3.26725053,1.43080407
426,8.46570015,3.31923503,1.41620431
427,8.01620960,3.36620477,1.40287577
428,8.14646149,3.41400734,1.35624902
429,6.95125818,3.44937985,1.35614960
430,7.80132294,3.49289928,1.34837163
431,8.17858124,3.53975610,1.34811771
432,9.04161453,3.59477468,1.34618966
433,9.49564266,3.65378336,1.33773917
434,7.57658482,3.69301138,1.33558042
435,5.33092165,3.70939048,1.33743730
436,5.23728704,3.72466945,1.33175640
437,5.73742867,3.74479704,1.33152578
438,8.14907360,3.78883980,1.33439860
439,9.91161823,3.85006759,1.33677876
440,7.73403263,3.88890724,1.33203464
441,8.83191013,3.93833727,1.33608805
442,7.40854836,3.97303938,1.33066801
443,8.68325138,4.02014150,1.33132601
444,5.17379761,4.03167806,1.32651931
445,7.43571377,4.06571842,1.32750617
446,5.70955896,4.08215682,1.33345488
447,5.57423449,4.09707760,1.34147600
448,7.28668118,4.12897363,1.34384470
449,6.62009764,4.15388487,1.33954647
450,7.14679909,4.18381402,1.33015244
451,5.33012819,4.19527716,1.32841331
452,7.19086885,4.22523308,1.33706490
453,5.69686317,4.23994938,1.33411058
454,7.01414490,4.26769133,1.32454278
455,6.30634403,4.28807786,1.32451146
456,7.51005602,4.32029764,1.31790566
457,7.94784307,4.35657309,1.31667936
458,8.67199230,4.39972729,1.31960938
459,6.13921595,4.41712217,1.32725510
460,5.78529406,4.43080389,1.32041866
461,6.66456366,4.45314149,1.32838166
462,8.26309013,4.49124098,1.33023311
463,7.01068687,4.51643544,1.34947165
464,5.98145008,4.53108558,1.38891284
465,5.57816553,4.54155638,1.39550441
466,7.42065477,4.57034737,1.36125913
467,7.60450172,4.60068891,1.35803420
468,7.29372931,4.62761931,1.33014097
469,6.92449141,4.65058803,1.29792544
470,7.16866732,4.67576883,1.29143269
471,6.06536531,4.68966479,1.28674461
472,8.37822914,4.72655044,1.28602605
473,8.28994274,4.76218436,1.29624154
474,6.04348135,4.77499733,1.29509050
475,7.55526352,4.80279999,1.29812681
476,6.67501307,4.82152212,1.26326848
477,6.47763109,4.83808321,1.24591043
478,8.43437672,4.87404615,1.24171626
479,9.42980671,4.91960375,1.22974910
480,9.33421803,4.96374989,1.23370050
481,6.84829760,4.98259537,1.24934760
482,9.27302837,5.02549970,1.23703205
483,9.16827393,5.06692744,1.20889588
484,8.30934715,5.09935164,1.17272894
485,9.65204906,5.14487861,1.16774996
486,8.47052097,5.17813504,1.16356897
487,8.56746006,5.21202829,1.15986793
488,9.89841938,5.25889220,1.16039887
489,7.95939875,5.28589726,1.14941667
490,9.02908421,5.32332913,1.10075769
491,7.31543446,5.34325019,1.09523260
492,8.35026455,5.37332033,1.08252974
493,8.33972931,5.40298442,1.08321746
494,8.71214867,5.43607606,1.06589344
495,9.45614719,5.47627677,1.05551304
496,10.25544548,5.52406846,1.05473220
497,7.30876303,5.54191541,1.05324829
498,8.20197296,5.56851598,1.05637533
499,8.54166508,5.59824747,1.05607388
500,9.48636341,5.63712863,1.07611848
501,10.79485703,5.68870592,1.07803200
502,7.45291901,5.70634805,1.07552038
503,8.98362446,5.73912081,1.07731461
504,10.44786072,5.78620821,1.06989953
505,9.10900307,5.81943616,1.10031528
506,9.62469959,5.85748879,1.10032526
507,8.90155411,5.88792945,1.09934780
508,6.47543335,5.89380449,1.11071083
509,7.61005163,5.91096696,1.10067061
510,9.02780724,5.94213536,1.09693942
511,7.75573730,5.96027138,1.09184862
512,10.04556942,6.00112436,1.09170080
513,6.69360113,6.00804913,1.10320737
514,5.87975740,6.00676621,1.10738824
515,7.80799437,6.02477849,1.10086548
516,9.04952049,6.05502591,1.09142469
517,9.09744263,6.08545008,1.09148674
518,9.03628922,6.11495847,1.11554907
519,9.02741337,6.14408302,1.11856085
520,8.55177879,6.16815998,1.11749368
521,7.00814581,6.17655984,1.11982582
522,9.04433823,6.20523762,1.11550738
523,7.58123922,6.21899764,1.11381243
524,9.77353477,6.25454301,1.11265919
525,7.90520239,6.27104960,1.10297922
526,9.82444763,6.30658358,1.10721509
527,8.69746780,6.33049242,1.10379309
528,7.91048622,6.34629236,1.10174230
529,8.69836235,6.36981306,1.09934676
530,8.10973930,6.38721232,1.08913843
531,6.79787827,6.39131898,1.07834919
532,8.82227802,6.41562857,1.07478629
533,9.39464664,6.44541875,1.06643126
534,8.39909363,6.46495550,1.06330933
535,9.57095623,6.49601551,1.08939504
536,9.83494854,6.52940484,1.09127438
537,8.47663975,6.54887719,1.11638943
538,8.48438931,6.56823231,1.12592197
539,9.35343456,6.59608433,1.11169391
540,9.26120663,6.62273556,1.11168863
541,9.11162949,6.64762450,1.12681971
542,10.80956554,6.68924391,1.12615625
543,8.55483341,6.70789980,1.12565838
544,9.85960388,6.73941684,1.12619784
545,9.09616089,6.76298428,1.12861428
546,10.03298283,6.79568427,1.12063107
547,8.60441494,6.81377157,1.10120495
548,8.05185223,6.82615238,1.09901346
549,9.10356712,6.84892653,1.10395388
550,11.66290760,6.89706634,1.12320834
551,10.32252216,6.93132090,1.11618915
552,11.06889057,6.97269659,1.09139553
553,10.40104198,7.00698005,1.08887408
554,9.62942123,7.03320446,1.13334574
555,7.17758369,7.03464825,1.11303537
556,10.49074936,7.06920926,1.11322208
557,9.82089424,7.09672611,1.10574554
558,7.99263096,7.10568516,1.11089708
559,9.28298664,7.12745818,1.09564182
560,9.53928280,7.15157642,1.09437694
561,10.69075203,7.18696818,1.11359776
562,10.38606167,7.21895911,1.11888602
563,11.89600658,7.26572959,1.10733073
564,9.00766563,7.28314895,1.09406940
565,10.43184566,7.31463592,1.06659608
566,9.17947006,7.33328426,1.06465189
567,9.93011379,7.35925255,1.06919034
568,12.48495197,7.41050955,1.06767140
569,11.03506470,7.44675510,1.06952720
570,10.21240902,7.47441164,1.07078008
571,9.48452091,7.49451273,1.08227321
572,11.29847240,7.53255233,1.07254452
573,10.95955086,7.56682231,1.07698152
574,10.92685509,7.60042264,1.07391471
575,10.03588676,7.62477728,1.06892453
576,9.45874691,7.64311698,1.06819719
577,10.12731075,7.66795892,1.11449494
578,11.45017910,7.70578112,1.14789108
579,10.72659016,7.73598921,1.15463112
580,11.38913631,7.77252068,1.15464352
581,10.96173573,7.80441283,1.15842162
582,10.34334183,7.82980212,1.15542484
583,10.04539585,7.85195806,1.15544897
584,11.71004105,7.89053889,1.17128285
585,8.22240257,7.89385752,1.19175699
586,8.72451687,7.90216412,1.18942785
587,8.14974785,7.90463995,1.18839679
588,8.95100212,7.91510358,1.18863950
589,9.67242432,7.93267678,1.18992590
590,10.53867245,7.95873674,1.19019951
591,12.77417088,8.00689108,1.19027137
592,10.12704086,8.02809258,1.19020604
593,10.76882935,8.05549995,1.18542337
594,10.23371220,8.07728207,1.19125607
595,11.72509956,8.11376024,1.18811544
596,10.95775414,8.14220018,1.18884794
597,11.18195248,8.17259771,1.19838468
598,10.34085083,8.19428024,1.19775013
599,9.75517273,8.20988916,1.19466279
600,8.67817307,8.21457200,1.19789299
601,10.50594425,8.23748572,1.17126565
602,9.73278141,8.25243868,1.16761324
603,10.60066223,8.27592092,1.15279077
604,7.52118397,8.26837355,1.14628457
605,11.20764637,8.29776627,1.16322813
606,9.90639400,8.31385255,1.14631808
607,11.07485104,8.34146254,1.18987126
608,9.55513859,8.35359930,1.18928438
609,10.85767841,8.37864009,1.18398047
610,11.37197876,8.40857348,1.18890444
611,8.67498112,8.41123755,1.20972034
612,9.58352757,8.42296045,1.20167582
613,10.54536438,8.44418449,1.20339389
614,10.92334366,8.46897608,1.17937422
615,10.20155048,8.48630183,1.18339882
616,10.87908268,8.51022964,1.17958925
617,12.11969948,8.54632433,1.18914595
618,11.02637672,8.57112486,1.18884036
619,11.83816147,8.60379522,1.15199135
620,11.75926208,8.63534989,1.14576240
621,9.49659348,8.64396233,1.14513320
622,10.42830467,8.66180575,1.14507806
623,10.04052258,8.67559292,1.13022504
624,10.43855858,8.69322258,1.12003206
625,10.76833439,8.71397369,1.16900385
626,11.83946609,8.74522862,1.20332461
627,7.75451946,8.73532153,1.23787375
628,8.33586025,8.73132691,1.24985380
629,9.61192226,8.74013287,1.23407543
630,11.05289268,8.76326047,1.23778575
631,12.28570175,8.79848488,1.22727990
632,9.39891243,8.80448915,1.21857974
633,11.10631180,8.82750738,1.22073964
634,9.16245174,8.83085682,1.21952356
635,8.91520023,8.83170026,1.20132593
636,11.04034042,8.85378666,1.19804185
637,10.29831600,8.86823195,1.21998410
638,10.74203014,8.88696994,1.22353695
639,11.88785744,8.91697881,1.22260135
640,11.77019024,8.94551092,1.22986575
641,10.90085316,8.96506435,1.23496262
642,11.16757011,8.98708940,1.19125215
643,9.77090168,8.99492753,1.19145964
644,10.00899315,9.00506818,1.18932314
645,11.18516731,9.02686917,1.20410046
646,11.72646046,9.05386509,1.18449976
647,9.46994591,9.05802590,1.17807891
648,11.47956181,9.08224126,1.16674482
649,11.85560894,9.10997493,1.17017689
650,10.47399902,9.12361517,1.17630470
651,11.70919514,9.14947097,1.18114734
652,10.61365128,9.16411278,1.18062524
653,10.89975357,9.18146918,1.18060189
654,11.23233509,9.20197784,1.19218337
655,9.30226040,9.20298067,1.19837154
656,11.54891682,9.22644003,1.19620817
657,7.87979174,9.21297355,1.20004098
658,10.82083607,9.22905217,1.19233761
659,10.90910053,9.24585266,1.21176832
660,10.25991154,9.25599324,1.21163214
661,9.06014347,9.25403475,1.22908754
662,10.93628597,9.27085726,1.22550858
663,10.00134373,9.27816212,1.22614237
664,10.22136116,9.28759411,1.22538792
665,10.26313591,9.29734953,1.22196878
666,10.63000107,9.31067605,1.23388523
667,9.74898148,9.31505910,1.23188042
668,11.84989643,9.34040747,1.21437790
669,12.38178062,9.37082121,1.22615656
670,10.11083031,9.37822130,1.21214891
671,10.51212788,9.38956036,1.19890185
672,11.29442310,9.40860899,1.19912972
673,11.73117542,9.43183465,1.19834078
674,11.06769753,9.44819328,1.19985950
675,7.56042480,9.42931560,1.20091521
676,8.25520134,9.41757446,1.20565991
677,8.22860718,9.40568478,1.27992345
678,9.23051834,9.40393312,1.27075272
679,10.58812618,9.41577505,1.26586797
680,9.43637085,9.41598101,1.26544676
681,9.90039539,9.42082515,1.26276173
682,10.52839088,9.43190081,1.25004754
683,9.83983707,9.43598017,1.25155380
684,10.71997643,9.44882013,1.25972266
685,10.16810036,9.45601294,1.26126282
686,10.18540955,9.46330690,1.26634019
687,8.56358910,9.45430972,1.28631235
688,9.39183617,9.45368499,1.31183557
689,10.92840290,9.46843217,1.31175948
690,12.38381481,9.49758599,1.31173410
691,9.47234917,9.49733363,1.33535374
692,10.85491467,9.51090944,1.35884931
693,11.67022514,9.53250259,1.36737883
694,9.97625351,9.53694010,1.38009912
695,8.94781685,9.53104887,1.38012879
696,10.62839794,9.54202236,1.38034971
697,10.22998428,9.54890198,1.37220706
698,10.89439964,9.56235696,1.37072851
699,12.14495564,9.58818294,1.36471450
700,12.20337009,9.61433481,1.35627410
701,12.44792938,9.64267076,1.35596174
702,11.85840321,9.66482808,1.34759744
703,11.11091518,9.67928896,1.35574247
704,9.14540577,9.67395012,1.35428807
705,8.58821297,9.66309275,1.35112588
706,12.42058659,9.69066769,1.34942087
707,12.07229996,9.71448401,1.34654436
708,11.17875576,9.72912673,1.32854699
709,8.89372826,9.72077275,1.32859989
710,12.20997620,9.74566478,1.37608123
711,13.76182365,9.78582637,1.38641738
712,11.72052479,9.80517335,1.38351508
713,10.73374271,9.81445905,1.38288364
714,11.79563046,9.83427076,1.38455459
715,10.59148884,9.84184294,1.38689235
716,12.98290825,9.87325360,1.40849938
717,11.97511768,9.89427224,1.43693239
718,12.05349922,9.91586451,1.43588705
719,13.32963181,9.95000218,1.43234700
720,11.66322517,9.96713441,1.42068222
721,11.25976658,9.98006073,1.42228048
722,11.84753609,9.99873548,1.43772029
723,11.39322758,10.01268041,1.44252750
724,11.96687031,10.03222230,1.44685395
725,10.70523071,10.03895239,1.44820550
726,12.68724060,10.06543527,1.43824117
727,6.64525986,10.03123352,1.43997597
728,12.99867630,10.06090794,1.42692285
729,12.69430733,10.08724194,1.42470943
730,11.10775852,10.09744710,1.42540846
731,10.93056774,10.10577831,1.42657157
732,10.15543175,10.10627484,1.42791021
733,10.46780109,10.10989011,1.43051799
734,9.61058617,10.10489707,1.43111760
735,10.24490833,10.10629718,1.43472867
736,13.03994083,10.13563362,1.43996073
737,8.93449593,10.12362224,1.43985036
738,14.01296806,10.16251570,1.42899650
739,10.85743427,10.16946488,1.43413703
740,9.67553234,10.16452556,1.43633331
741,8.35400295,10.14642033,1.46335575
742,8.64680862,10.13142422,1.46163638
743,9.39427853,10.12405276,1.46172428
744,9.31494522,10.11596168,1.45719602
745,11.36064148,10.12840848,1.46098606
746,10.12235355,10.12834793,1.46075217
747,11.75798321,10.14464428,1.47309019
748,11.39713097,10.15716915,1.47314605
749,11.55008411,10.17109830,1.47262857
750,11.96803951,10.18906771,1.46416375
751,11.28561497,10.20003319,1.45987155
752,11.19910526,10.21002391,1.45741182
753,12.82650566,10.23618872,1.45158964
754,11.05978012,10.24442464,1.45100658
755,10.93121719,10.25129256,1.44805388
756,10.65189838,10.25529862,1.43883528
757,12.24724865,10.27521812,1.43560040
758,12.22730350,10.29473898,1.42954739
759,11.91592979,10.31095088,1.43359707
760,7.66869593,10.28452833,1.42452048
761,9.58908463,10.27757390,1.42475813
762,12.10745335,10.29587269,1.39100369
763,11.82103634,10.31112433,1.39274127
764,12.10091400,10.32902222,1.39272972
765,12.19748592,10.34770686,1.43211024
766,8.88965511,10.33312634,1.43283290
767,8.43721581,10.31416724,1.42538714
768,11.26927471,10.32371831,1.41967520
769,10.14495087,10.32193064,1.41411771
770,12.22455788,10.34095691,1.39552119
771,10.58082962,10.34335564,1.40262268
772,9.14576912,10.33137977,1.40233309
773,9.70314789,10.32509745,1.40037964
774,9.38969898,10.31574347,1.39971199
775,10.18451595,10.31443119,1.39807376
776,9.03267097,10.30161359,1.39940861
777,9.00489902,10.28864645,1.40007604
778,10.54076290,10.29116761,1.34321419
779,11.86524391,10.30690837,1.32626081
780,10.65652084,10.31040450,1.39644343
781,12.25783825,10.32987884,1.40018161
782,10.47865200,10.33136657,1.39989180
783,10.32576847,10.33131059,1.40392218
784,11.87173176,10.34671480,1.42870823
785,12.35194302,10.36676708,1.42566658
786,12.54326248,10.38853204,1.44234088
787,11.38634396,10.39851015,1.42360876
788,11.74164295,10.41194148,1.41481903
789,9.76590443,10.40548111,1.37685013
790,10.37028885,10.40512919,1.40367509
791,7.82170153,10.37929491,1.40039500
792,11.80858517,10.39358782,1.39071938
793,11.77853966,10.40743733,1.39152995
794,10.75899029,10.41095286,1.38550761
795,10.12899590,10.40813329,1.39228749
796,12.72696590,10.43132162,1.40151538
797,13.27274704,10.45973587,1.40510927
798,11.62903023,10.47142882,1.40455201
799,11.20214939,10.47873602,1.40373357
800,11.89428329,10.49289150,1.40411407
801,10.06392765,10.48860186,1.41886930
802,13.12448978,10.51496074,1.41968524
803,11.04561138,10.52026724,1.41938091
804,10.92534447,10.52431802,1.41228865
805,10.36215878,10.52269642,1.41619585
806,12.38948917,10.54136435,1.43015538
807,13.02548695,10.56620558,1.44260251
808,12.14975357,10.58204106,1.44158402
809,12.69215870,10.60314223,1.44223898
810,11.98616886,10.61697250,1.45608580
811,9.84874916,10.60929027,1.42119966
812,10.88415623,10.61203893,1.44904351
813,12.75136280,10.63343216,1.44663358
814,11.54548168,10.64255266,1.44736494
815,7.85166168,10.61464375,1.44785913
816,10.92297745,10.61772709,1.44708419
817,9.48373413,10.60638716,1.43142283
818,10.82860661,10.60860935,1.40988975
819,12.01648903,10.62268815,1.41189179
820,12.73597622,10.64382103,1.41212878
821,13.09324646,10.66831528,1.40831712
822,10.82672977,10.66989943,1.41294960
823,10.41299057,10.66733034,1.40209757
824,11.91594124,10.67981645,1.40183204
825,12.43652916,10.69738358,1.39066185
826,11.97941303,10.71020387,1.39838504
827,9.30349445,10.69613678,1.38203056
828,10.68844128,10.69605982,1.36961306
829,10.47727013,10.69387192,1.36930346
830,6.40189886,10.65095219,1.36797256
831,10.06156826,10.64505835,1.36874704
832,11.22771454,10.65088492,1.36758083
833,12.38761234,10.66825219,1.36528893
834,8.51621628,10.64673183,1.36467287
835,10.76390457,10.64790356,1.36356986
836,13.45636940,10.67598822,1.37229611
837,11.59077644,10.68513610,1.36765917
838,10.53235531,10.68360829,1.36796414
839,10.64535046,10.68322571,1.36746740
840,8.40485954,10.66044205,1.39310658
841,11.00634956,10.66390113,1.39342274
842,12.79656219,10.68522774,1.34844577
843,13.34882736,10.71186373,1.34781024
844,11.42144394,10.71895954,1.37331092
845,13.31047821,10.74487472,1.44035187
846,13.11575317,10.76858351,1.43894760
847,12.62023449,10.78710002,1.43259854
848,12.33042240,10.80253324,1.42118491
849,11.08820629,10.80538997,1.42096106
850,12.26835918,10.82001966,1.42796891
851,13.83737183,10.85019318,1.43711622
852,12.16392231,10.86333048,1.43251335
853,11.34451675,10.86814234,1.42227687
854,12.85954285,10.88805634,1.42394683
855,12.61917782,10.90536756,1.42340842
856,13.59330750,10.93224696,1.42351815
857,13.55805588,10.95850505,1.42034377
858,12.82790279,10.97719902,1.42025891
859,13.00447750,10.99747181,1.44487706
860,13.93135929,11.02681068,1.44652970
861,12.77293205,11.04427190,1.44566466
862,15.04452610,11.08427444,1.44374384
863,12.47130585,11.09814475,1.44316268
864,12.75989246,11.11476223,1.43912767
865,12.97615814,11.13337619,1.44025176
866,10.95005322,11.13154296,1.41423517
867,12.56204224,11.14584795,1.41344060
868,13.01282310,11.16451770,1.40068543
869,11.23003960,11.16517292,1.39947328
870,10.95287704,11.16304996,1.39879945
871,11.76464081,11.16906587,1.42483878
872,13.29995441,11.19037476,1.41620606
873,11.02469730,11.18871798,1.41512221
874,10.58668709,11.18269767,1.41944539
875,12.00606441,11.19093134,1.42481775
876,13.87227535,11.21774478,1.42678586
877,12.44679451,11.23003528,1.42746879
878,13.37674809,11.25150241,1.41233382
879,11.56894112,11.25467679,1.42101012
880,12.08803272,11.26301035,1.42387277
881,12.97994804,11.28017973,1.33559093
882,13.04419899,11.29781992,1.32859187
883,12.39346886,11.30877641,1.32963386
884,13.17583179,11.32744697,1.33351932
885,12.30178356,11.33719033,1.30189209
886,14.19325447,11.36575097,1.30133378
887,12.00251293,11.37211859,1.28924552
888,12.05006123,11.37889802,1.30510470
889,12.33670902,11.38847613,1.30724922
890,9.20595455,11.36665091,1.32194305
891,13.36987019,11.38668311,1.30061506
892,12.15207100,11.39433699,1.30500469
893,12.46787548,11.40507237,1.30341355
894,9.68751717,11.38789682,1.31310174
895,7.89002037,11.35291805,1.33787583
896,11.25652027,11.35195408,1.32864920
897,12.51216125,11.36355615,1.32002388
898,11.66390514,11.36655964,1.32832828
899,12.35627460,11.37645679,1.33437110
900,10.82301998,11.37092242,1.33684577
901,10.51209831,11.36233418,1.33734952
902,11.66838932,11.36539473,1.31969588
903,12.59829521,11.37772373,1.32281115
904,13.01075077,11.39405401,1.32258993
905,12.50116062,11.40512507,1.31848144
906,13.34759140,11.42454973,1.31678293
907,12.47473621,11.43505160,1.30520311
908,10.69640636,11.42766515,1.30418570
909,9.46511650,11.40803966,1.30028585
910,10.72937870,11.40125305,1.29502946
911,11.87232304,11.40596375,1.30135101
912,10.83470154,11.40025113,1.29656164
913,12.48662472,11.41111486,1.25139373
914,11.38655281,11.41086924,1.24859621
915,12.77713013,11.42453185,1.24602497
916,9.94616318,11.40974817,1.25351396
917,12.21201038,11.41777079,1.25329588
918,12.44945049,11.42808759,1.24984007
919,12.30625248,11.43686923,1.24232929
920,12.64630604,11.44896360,1.24990494
921,15.31415272,11.48761549,1.24851426
922,12.63036060,11.49904294,1.25848869
923,12.68940639,11.51094658,1.28068829
924,10.77766609,11.50361377,1.28079883
925,10.99667072,11.49854434,1.27633012
926,11.07609940,11.49431989,1.27829487
927,11.60702038,11.49544690,1.26108648
928,11.66779804,11.49717041,1.26029372
929,10.50585556,11.48725726,1.25905280
930,13.64889908,11.50887368,1.25901410
931,11.28691769,11.50665412,1.25848940
932,12.77391338,11.51932671,1.27412676
933,12.99601269,11.53409357,1.26724761
934,11.04515362,11.52920417,1.26922715
935,11.68161488,11.53072828,1.26248581
936,11.75404549,11.53296145,1.26149618
937,13.13085270,11.54894036,1.23986698
938,10.34273434,11.53687830,1.24627892
939,13.65317154,11.55804124,1.28929086
940,10.22952652,11.54475609,1.29136760
941,10.38435078,11.53315204,1.26939722
942,11.19230461,11.52974356,1.26222891
943,11.26640320,11.52711016,1.26392552
944,9.88170719,11.51065613,1.26352441
945,9.68656731,11.49241524,1.24618441
946,13.15622139,11.50905330,1.18453858
947,12.77907848,11.52175355,1.18397787
948,14.13702869,11.54790631,1.18255003
949,13.81361198,11.57056336,1.18370454
950,13.29382801,11.58779601,1.18310623
951,13.14519501,11.60337000,1.17927214
952,12.85091686,11.61584547,1.18088522
953,11.28587723,11.61254578,1.18332244
954,12.26543808,11.61907471,1.18766405
955,13.02773380,11.63316130,1.18704797
956,11.62556648,11.63308535,1.18532227
957,13.22186852,11.64897318,1.18551794
958,10.47685528,11.63725200,1.19169114
959,11.66062927,11.63748578,1.18715112
960,11.56712723,11.63678219,1.17213120
961,9.58050442,11.61621941,1.16933897
962,11.89891338,11.61904635,1.17146426
963,12.33072758,11.62616316,1.16675119
964,12.05426598,11.63044419,1.16582452
965,11.34247208,11.62756447,1.16505309
966,10.16789627,11.61296779,1.18445456
967,12.71486950,11.62398681,1.16832274
968,12.18367004,11.62958364,1.16801843
969,11.96371555,11.63292496,1.16701204
970,13.55905724,11.65218628,1.16699319
971,12.50240040,11.66068842,1.16558494
972,10.53529549,11.64943449,1.11642000
973,15.05161095,11.68345626,1.11428959
974,11.49583149,11.68158001,1.11869822
975,12.33101940,11.68807440,1.11260985
976,12.97820187,11.70097568,1.11444761
977,11.65176582,11.70048358,1.11283987
978,11.56476879,11.69912643,1.11729592
979,13.74722290,11.71960740,1.11688423
980,12.29229450,11.72533427,1.10776639
981,12.17424011,11.72982333,1.11092701
982,9.78614140,11.71038651,1.10885494
983,12.04033566,11.71368600,1.11003527
984,11.11873627,11.70773650,1.10555608
985,11.42916107,11.70495075,1.10431383
986,12.40128231,11.71191406,1.10694737
987,12.87572765,11.72355220,1.10675026
988,13.39429379,11.74025961,1.10192196
989,15.48559761,11.77771299,1.10827516
990,11.22828865,11.77221875,1.10211485
991,13.09566212,11.78545318,1.09051322
992,11.35630703,11.78116172,1.24427661
993,12.93570518,11.79270716,1.24734156
994,12.78445053,11.80262459,1.24707478
995,12.34846306,11.80808298,1.24134806
996,12.08833313,11.81088548,1.22257045
997,11.85730648,11.81134969,1.24180327
998,12.65390968,11.81977529,1.24322242
999,11.71827888,11.81876032,1.22298276
1000,11.87084484,11.81928117,1.21430400
1001,12.51436043,11.82623196,1.20977831
1002,10.82526016,11.81622224,1.20863733
1003,11.47921467,11.81285217,1.20470220
1004,13.55482483,11.83027189,1.20425654
1005,13.39789677,11.84594814,1.20460320
1006,12.42027569,11.85169142,1.20939097
1007,13.81000710,11.87127457,1.22144276
1008,13.68747616,11.88943659,1.21369849
1009,12.91416740,11.89968390,1.20811768
1010,13.91933918,11.91988045,1.20853088
1011,11.57073784,11.91638903,1.20828421
1012,11.70616150,11.91428675,1.19086976
1013,12.60404491,11.92118433,1.19299098
1014,12.75859547,11.92955844,1.20099573
1015,12.77683735,11.93803123,1.21073422
1016,10.11237907,11.91977471,1.20983234
1017,12.48774052,11.92545437,1.19874081
1018,12.32009506,11.92940078,1.19804590
1019,12.23913574,11.93249813,1.19838708
1020,12.05162430,11.93368939,1.21775028
1021,11.99026203,11.93425511,1.20890516
1022,12.28536129,11.93776618,1.20748243
1023,12.40840530,11.94247257,1.20079860
1024,13.63908863,11.95943873,1.15802671
1025,12.41007996,11.96394514,1.15833984
1026,13.60042858,11.98030997,1.15742861
1027,13.13901901,11.99189706,1.16471680
1028,11.40134239,11.98599152,1.16591056
1029,12.54131031,11.99154471,1.17830326
1030,12.14137173,11.99304298,1.23300223
1031,10.59471989,11.97905974,1.23298581
1032,12.39305496,11.98319970,1.23529591
1033,11.48893929,11.97825709,1.22601181
1034,12.24022198,11.98087674,1.22697422
1035,11.65858173,11.97765379,1.22567763
1036,13.25695610,11.99044681,1.22497947
1037,12.54498100,11.99599216,1.23874805
1038,12.90618229,12.00509406,1.23748936
1039,10.40807915,11.98912391,1.23320402
1040,11.22743988,11.98150707,1.18009003
1041,11.73375797,11.97902958,1.19520084
1042,6.10463476,11.92028563,1.20050184
1043,11.15767288,11.91265950,1.20598208
1044,11.70508480,11.91058375,1.20112099
1045,10.66729259,11.89815084,1.20267291
1046,11.90810490,11.89825038,1.20148142
1047,9.72663689,11.87653425,1.23332259
1048,11.13371468,11.86910605,1.23597446
1049,12.45021439,11.87491714,1.23779281
1050,10.89657402,11.86513371,1.26539254
1051,11.16837406,11.85816611,1.27645261
1052,10.92570686,11.84884152,1.28606699
1053,12.28401566,11.85319326,1.29115546
1054,11.63138866,11.85097521,1.29227448
1055,12.59682846,11.85843374,1.30027266
1056,10.47021961,11.84455160,1.29057144
1057,10.29614830,11.82906757,1.28915863
1058,12.15612984,11.83233819,1.33319529
1059,11.34733868,11.82748820,1.33789610
1060,11.65459156,11.82575923,1.36377172
1061,12.08687973,11.82837044,1.34832016
1062,11.14762592,11.82156299,1.35039707
1063,12.75396729,11.83088703,1.35519725
1064,13.53612423,11.84793941,1.35388114
1065,13.64305019,11.86589051,1.35066036
1066,12.32731819,11.87050479,1.34735694
1067,12.53827286,11.87718247,1.33716807
1068,11.39081764,11.87231882,1.33879697
1069,11.68429375,11.87043857,1.34063685
1070,9.89917755,11.85072596,1.33992037
1071,11.18291092,11.84404781,1.33969384
1072,11.73265743,11.84293391,1.34247379
1073,11.78319550,11.84233652,1.34420652
1074,11.86678886,11.84258105,1.35173003
1075,12.44746399,11.84862988,1.34232081
1076,11.86998653,11.84884344,1.34558696
1077,10.24563980,11.83281141,1.33693082
1078,11.39721870,11.82845548,1.33665110
1079,10.19882870,11.81215921,1.37163774
1080,16.09422684,11.85497989,1.37300328
1081,11.54636574,11.85189375,1.37262600
1082,12.81079769,11.86148279,1.36788852
1083,10.59492874,11.84881725,1.41286181
1084,11.45134449,11.84484252,1.41442161
1085,12.43462658,11.85074036,1.43665138
1086,12.04134846,11.85264644,1.43883232
1087,10.03395653,11.83445954,1.43537474
1088,11.05981064,11.82671305,1.43892087
1089,13.09975147,11.83944344,1.43829373
1090,11.42382050,11.83528721,1.43523182
1091,9.87082291,11.81564256,1.43628051
1092,10.11542797,11.79864042,1.43678979
1093,13.06995678,11.81135358,1.33394920
1094,11.56094170,11.80884946,1.34871988
1095,10.64908886,11.79725186,1.35201095
1096,11.89476490,11.79822699,1.35495987
1097,14.64124680,11.82665718,1.36407410
1098,11.01581764,11.81854879,1.35189942
1099,12.90367031,11.82940000,1.34968106
1100,9.15615082,11.80266751,1.36263409
1101,10.07411003,11.78538194,1.37122797
1102,9.98219109,11.76735003,1.42571402
1103,13.22560310,11.78193256,1.42176610
1104,12.37916851,11.78790492,1.43522166
1105,9.43424797,11.76436835,1.44124064
1106,12.00506592,11.76677533,1.44989628
1107,11.44678593,11.76357543,1.45887785
1108,7.62007570,11.72214043,1.47427389
1109,13.84419727,11.74336100,1.47822400
1110,14.53168201,11.77124421,1.47748418
1111,12.20557880,11.77558756,1.47736540
1112,10.84309196,11.76626260,1.47861659
1113,12.78254414,11.77642542,1.47889893
1114,12.20203876,11.78068155,1.48666219
1115,11.88898087,11.78176454,1.47857117
1116,11.90738773,11.78302078,1.47596171
1117,11.72054863,11.78239606,1.48583628
1118,10.65993404,11.77117144,1.48788888
1119,12.51780128,11.77863773,1.49494599
1120,11.50219822,11.77587334,1.49719967
1121,11.73432446,11.77545785,1.51985044
1122,10.70977306,11.76480100,1.51969928
1123,12.46314430,11.77178443,1.52015914
1124,10.01289940,11.75419558,1.52061079
1125,12.53825665,11.76203620,1.52064880
1126,12.71752167,11.77159105,1.52153276
1127,12.55684376,11.77944358,1.52241621
1128,10.22451115,11.76389425,1.51216211
1129,14.70373726,11.79329268,1.52001339
1130,10.61628914,11.78152265,1.50880996
1131,11.41914749,11.77789890,1.46304721
1132,11.86291504,11.77874906,1.46461687
1133,15.23473835,11.81330895,1.46831294
1134,12.40165043,11.81919236,1.46079561
1135,14.26058483,11.84360629,1.46104336
1136,10.88000584,11.83397028,1.46094139
1137,12.69096375,11.84254022,1.46123143
1138,10.43924618,11.82850728,1.46030967
1139,12.64855480,11.83670775,1.47841669
1140,12.76646900,11.84600537,1.48193647
1141,12.55046082,11.85304992,1.48073538
1142,12.13587284,11.85587815,1.46758226
1143,13.81596756,11.87547904,1.45832388
1144,13.99479008,11.89667215,1.47282439
1145,12.86388683,11.90634430,1.47234946
1146,10.36629486,11.89094381,1.46904502
1147,13.48975945,11.90693196,1.48362040
1148,13.12362385,11.91909888,1.46520444
1149,12.03825665,11.92029046,1.48427634
1150,13.95153046,11.94060286,1.48280122
1151,13.90176964,11.96021453,1.45663093
1152,16.12421799,12.00185456,1.44284409
1153,12.06426716,12.00247869,1.42543491
1154,10.13115501,11.98376545,1.42302638
1155,13.50498486,11.99897765,1.42346135
1156,13.86317825,12.01761965,1.39735448
1157,9.91983700,11.99664183,1.40074260
1158,9.39929771,11.97066838,1.39993114
1159,10.99119377,11.96087364,1.34544980
1160,11.70080662,11.95827297,1.34147768
1161,12.32900143,11.96198025,1.32732463
1162,11.46218395,11.95698229,1.32775401
1163,11.22462654,11.94965873,1.31977638
1164,13.81720161,11.96833416,1.33672511
1165,12.20970058,11.97074782,1.34434268
1166,13.50896358,11.98612998,1.35041659
1167,13.88040352,12.00507272,1.35111872
1168,13.09564877,12.01597848,1.35704909
1169,13.76832104,12.03350190,1.34834416
1170,13.10492611,12.04421615,1.35144367
1171,8.80275345,12.01180152,1.34857339
1172,12.98600101,12.02154351,1.34735331
1173,12.67931652,12.02812124,1.33989439
1174,12.66470909,12.03448712,1.34393211
1175,12.42657185,12.03840797,1.32478679
1176,11.55572510,12.03358114,1.32517590
1177,12.77202034,12.04096553,1.32541685
1178,12.45487499,12.04510463,1.33187060
1179,13.96563911,12.06430997,1.31695766
1180,12.41277218,12.06779459,1.29987522
1181,13.83100891,12.08542674,1.29066396
1182,13.19772148,12.09654969,1.31019227
1183,13.61700058,12.11175419,1.32778723
1184,12.15658569,12.11220251,1.31004962
1185,11.66029549,12.10768344,1.31003983
1186,12.64706516,12.11307726,1.31199819
1187,12.06840324,12.11263052,1.31050813
1188,14.41972733,12.13570148,1.31388132
1189,15.03555775,12.16470005,1.30034097
1190,11.08183956,12.15387144,1.30902296
1191,12.88317966,12.16116452,1.32337369
1192,11.36659431,12.15321882,1.32338042
1193,11.32343960,12.14492103,1.32574207
1194,14.78134632,12.17128528,1.32003907
1195,13.01330280,12.17970546,1.33307205
1196,11.39306164,12.17183902,1.33287887
1197,14.67981148,12.19691874,1.31942697
1198,13.24714851,12.20742104,1.31953822
1199,15.29705334,12.23831736,1.31928434
1200,12.60588074,12.24199300,1.32626655
1201,13.97807980,12.25935387,1.32686353
1202,11.90234375,12.25578377,1.32751231
1203,12.51116467,12.25833757,1.28542995
1204,13.23470592,12.26810126,1.28529611
1205,12.37071896,12.26912743,1.26944437
1206,12.06274414,12.26706360,1.26674756
1207,11.74065495,12.26179952,1.26434273
1208,12.10204601,12.26020198,1.24831737
1209,15.31806087,12.29078057,1.20788974
1210,14.00809097,12.30795367,1.24719877
1211,13.91163540,12.32399049,1.24412086
1212,12.50953197,12.32584591,1.24584180
1213,13.05275440,12.33311499,1.24118643
1214,15.10281467,12.36081199,1.23547500
1215,14.40707588,12.38127463,1.23009345
1216,14.37536716,12.40121555,1.23414757
1217,13.68277550,12.41403115,1.23116285
1218,11.57822895,12.40567313,1.23469124
1219,12.24281502,12.40404455,1.24240073
1220,12.08836174,12.40088772,1.26312324
1221,12.94838142,12.40636266,1.26283103
1222,12.70583725,12.40935740,1.20561881
1223,13.96973324,12.42496116,1.20554127
1224,14.14111423,12.44212269,1.21535346
1225,13.94798565,12.45718132,1.21888064
1226,12.81287670,12.46073828,1.22758304
1227,12.77919865,12.46392288,1.22329069
1228,14.48821259,12.48416578,1.22617865
1229,12.17237282,12.48104785,1.22764387
1230,13.81631565,12.49440052,1.23987505
1231,14.25037575,12.51196028,1.24242702
1232,10.69876957,12.49382837,1.24190195
1233,10.92244244,12.47811451,1.24707953
1234,11.43386841,12.46767205,1.25814459
1235,13.14692497,12.47446458,1.26651687
1236,15.05788040,12.50029874,1.26392094
1237,11.66664314,12.49196218,1.28834984
1238,14.12345886,12.50827715,1.28676902
1239,12.37876225,12.50698200,1.27648998
1240,14.72008991,12.52911308,1.25671002
1241,15.21039391,12.55592589,1.24688740
1242,13.30189514,12.56338558,1.25316795
1243,14.18277073,12.57957943,1.24769494
1244,13.36757088,12.58745934,1.24157514
1245,15.65302944,12.61811505,1.22669499
1246,13.43781948,12.62631209,1.22775037
1247,12.15169811,12.62156595,1.22496047
1248,14.23749638,12.63772525,1.21131601
1249,12.93404865,12.64068849,1.21259010
1250,11.84977722,12.63277938,1.20882334
1251,11.92569065,12.62570849,1.21358081
1252,11.92811489,12.61873255,1.20810261
1253,12.16909504,12.61423618,1.21540727
1254,12.71027184,12.61519653,1.21680849
1255,14.67798901,12.63582446,1.23313459
1256,13.53769779,12.64484319,1.24805946
1257,12.32518482,12.64164661,1.24758868
1258,11.46129704,12.62984311,1.24414151
1259,12.76960087,12.63124069,1.24346728
1260,9.72857571,12.60221404,1.21866205
1261,13.38447094,12.61003661,1.21965150
1262,13.98121452,12.62374839,1.22043972
1263,12.89578247,12.62646873,1.22027192
1264,14.01986027,12.64040264,1.22489058
1265,13.09304142,12.64492903,1.20797466
1266,12.21134949,12.64059324,1.20295730
1267,13.41819096,12.64836921,1.19387620
1268,11.71988297,12.63908435,1.19551625
1269,14.74751186,12.66016863,1.19543763
1270,10.70398426,12.64060678,1.20354455
1271,12.85120773,12.64271279,1.20516393
1272,12.72923470,12.64357801,1.20533782
1273,13.58896923,12.65303192,1.20551452
1274,14.85066509,12.67500826,1.20083025
1275,14.26086140,12.69086679,1.20327892
1276,14.85451603,12.71250328,1.20011061
1277,13.89579773,12.72433622,1.20005626
1278,14.26753235,12.73976819,1.20321268
1279,12.76135254,12.73998403,1.19555041
1280,15.58151054,12.76839929,1.19327041
1281,14.35406494,12.78425595,1.19477793
1282,12.48451233,12.78125851,1.18788925
1283,12.23141670,12.77576010,1.16825736
1284,11.53748417,12.76337734,1.16095064
1285,11.81216812,12.75386524,1.15095339
1286,12.67747784,12.75310137,1.15693522
1287,10.84371281,12.73400748,1.13968234
1288,13.21420860,12.73880950,1.14804995
1289,13.74349213,12.74885632,1.14350375
1290,12.94919872,12.75085975,1.15012297
1291,12.83565998,12.75170775,1.14703006
1292,12.05636215,12.74475429,1.14325991
1293,14.04106331,12.75771738,1.15246530
1294,14.07440758,12.77088428,1.14847620
1295,13.94139862,12.78258943,1.14787230
1296,13.95713234,12.79433486,1.12595279
1297,14.54531002,12.81184461,1.12914532
1298,13.77860928,12.82151226,1.14128124
1299,12.72030830,12.82050022,1.13602709
1300,11.09227371,12.80321795,1.13602821
1301,14.47664356,12.81995221,1.19597205
1302,13.41189957,12.82587168,1.19160211
1303,11.75216770,12.81513464,1.19140660
1304,14.03944016,12.82737770,1.18872956
1305,11.30410576,12.81214498,1.18940131
1306,11.34313965,12.79745492,1.18290624
1307,12.67934799,12.79627385,1.27077413
1308,12.84962654,12.79680738,1.27393258
1309,13.89050007,12.80774431,1.26699633
1310,13.00923061,12.80975917,1.26685278
1311,14.62631035,12.82792468,1.22528441
1312,14.51913643,12.84483680,1.23531515
1313,13.10198212,12.84740825,1.23166001
1314,12.25687885,12.84150296,1.23165178
1315,12.34434700,12.83653140,1.22798954
1316,12.16383171,12.82980440,1.22893371
1317,12.82783508,12.82978471,1.23447495
1318,14.32140446,12.84470091,1.25548355
1319,14.55086136,12.86176251,1.24929920
1320,14.87168026,12.88186169,1.23732248
1321,14.38295460,12.89687262,1.21881600
1322,13.17087841,12.89961268,1.21871856
1323,13.10572815,12.90167383,1.21847500
1324,13.41191578,12.90677625,1.22777393
1325,14.84756184,12.92618411,1.21565760
1326,13.92672443,12.93618951,1.23230181
1327,13.43931007,12.94122072,1.22167068
1328,12.51587868,12.93696729,1.21933822
1329,12.64373493,12.93403497,1.21982688
1330,13.52122307,12.93990685,1.22068809
1331,14.46539974,12.95516178,1.20460629
1332,13.52101517,12.96082031,1.19959217
1333,12.80741405,12.95928625,1.19839511
1334,15.00303555,12.97972375,1.20358386
1335,13.62009621,12.98612747,1.19404875
1336,14.70814896,13.00334768,1.18744589
1337,13.95793629,13.01289357,1.18662095
1338,11.57747173,12.99853935,1.19895340
1339,13.95582771,13.00811224,1.21889448
1340,12.10287285,12.99905984,1.21800845
1341,14.98529339,13.01892218,1.21805584
1342,11.47640800,13.00349704,1.22093675
1343,11.92930889,12.99275515,1.22677884
1344,12.69909859,12.98981859,1.22750388
1345,13.32602501,12.99318065,1.22349965
1346,14.80047798,13.01125363,1.23761494
1347,14.36487961,13.02478989,1.23470037
1348,11.52054882,13.00974748,1.22858492
1349,13.93126202,13.01896262,1.22719469
1350,13.48079777,13.02358097,1.23556882
1351,9.42115593,12.98755672,1.22664753
1352,13.11131287,12.98879428,1.22117973
1353,14.40355587,13.00294190,1.22548339
1354,13.19254208,13.00483790,1.22346826
1355,13.89694881,13.01375901,1.25056071
1356,12.28037453,13.00642517,1.24161427
1357,8.60021973,12.96236311,1.23057530
1358,14.39959812,12.97673546,1.23607695
1359,14.02938080,12.98726191,1.23735623
1360,13.24887943,12.98987809,1.26908099
1361,13.16762066,12.99165552,1.27055744
1362,15.02536583,13.01199262,1.26108982
1363,13.23397923,13.01421248,1.25540889
1364,13.50816822,13.01915204,1.25963722
1365,13.70114231,13.02597194,1.26405407
1366,12.91045761,13.02481680,1.26252914
1367,11.96351433,13.01420378,1.25910277
1368,11.01063061,12.99416804,1.26050077
1369,13.53710079,12.99959737,1.25555577
1370,13.51123142,13.00471371,1.24762803
1371,14.17677784,13.01643435,1.23627393
1372,13.34670258,13.01973704,1.23578626
1373,13.24721909,13.02201186,1.28378598
1374,15.03411007,13.04213284,1.60859667
1375,13.92828846,13.05099439,1.60859062
1376,15.80760384,13.07856049,1.59839788
1377,14.16295910,13.08940448,1.63680893
1378,13.17715931,13.09028202,1.63895713
1379,12.19719315,13.08135113,1.66225781
1380,12.85613346,13.07909896,1.66458010
1381,14.92133141,13.09752128,1.70730755
1382,14.01436710,13.10668974,1.70630758
1383,13.73556232,13.11297847,1.71304597
1384,14.89382648,13.13078695,1.71600792
1385,13.05237770,13.13000285,1.70527731
1386,13.85998535,13.13730268,1.71740958
1387,13.43038940,13.14023355,1.71153708
1388,10.64402294,13.11527144,1.71669701
1389,11.24919319,13.09661066,1.71478743
1390,12.98958492,13.09554040,1.71686688
1391,13.62146187,13.10079962,1.71591410
1392,12.55480576,13.09533968,1.70371501
1393,11.83896828,13.08277596,1.69847718
1394,12.34550858,13.07540329,1.70075633
1395,13.43466759,13.07899593,1.70115129
1396,11.28261089,13.06103208,1.70082442
1397,13.60013008,13.06642306,1.68964963
1398,14.14033985,13.07716223,1.68445850
1399,13.72055054,13.08359611,1.69146469
1400,11.83697891,13.07112994,1.69122108
1401,12.03585148,13.06077716,1.69280956
1402,12.48963070,13.05506569,1.66484599
1403,14.39219570,13.06843699,1.68799325
1404,14.43857002,13.08213832,1.68735393
1405,10.52330303,13.05654997,1.68814934
1406,14.19765854,13.06796105,1.68575516
1407,13.76914024,13.07497285,1.68925264
1408,14.60663033,13.09028942,1.63775251
1409,12.76167965,13.08700332,1.63115340
1410,10.37637329,13.05989702,1.62796400
1411,12.68342876,13.05613234,1.62864966
1412,13.45210648,13.06009208,1.63614144
1413,14.10630798,13.07055424,1.63084783
1414,14.34631729,13.08331187,1.63342164
1415,14.68635464,13.09934230,1.63303640
1416,13.78231812,13.10617206,1.63627630
1417,13.42076778,13.10931801,1.63628911
1418,12.72112274,13.10543606,1.63415109
1419,13.83532715,13.11273497,1.62754321
1420,13.59201431,13.11752777,1.63060809
1421,13.81430149,13.12449550,1.63753173
1422,14.57533169,13.13900387,1.63445989
1423,9.83034611,13.10591729,1.63419179
1424,3.42168808,13.00907500,1.64345921
1425,12.70592022,13.00604345,1.63386179
1426,13.33256435,13.00930866,1.64478504
1427,9.36839485,12.97289952,1.62099913
1428,12.02750301,12.96344555,1.61669690
1429,10.12459183,12.93505702,1.61882432
1430,11.99230671,12.92562951,1.62027664
1431,8.99255562,12.88629877,1.62575106
1432,11.33869076,12.87082269,1.62219325
1433,11.09907913,12.85310526,1.62250604
1434,13.77617073,12.86233591,1.62570775
1435,11.82329941,12.85194555,1.61930487
1436,10.49922752,12.82841837,1.63086765
1437,13.87929249,12.83892711,1.62952552
1438,14.42983341,12.85483617,1.62925142
1439,11.71789360,12.84346675,1.62730529
1440,14.09354782,12.85596756,1.61912082
1441,12.22251606,12.84963304,1.61927683
1442,12.12862968,12.84242301,1.62443151
1443,12.91295242,12.84312830,1.63057775
1444,11.40463829,12.82874340,1.62641532
1445,13.06443310,12.83110030,1.66165321
1446,12.30494404,12.82583874,1.67278294
1447,12.80622768,12.82564263,1.69623800
1448,13.39335632,12.83131976,1.70684822
1449,10.59873867,12.80899395,1.70601459
1450,13.69195080,12.81782352,1.70536050
1451,13.61464596,12.82579175,1.70877714
1452,14.10129642,12.83854679,1.73816741
1453,15.54359627,12.86559729,1.75226713
1454,14.20623589,12.87900367,1.75239503
1455,13.36875725,12.88390121,1.74874329
1456,12.30273438,12.87808954,1.72900052
1457,14.01255226,12.88943417,1.73692170
1458,13.78804207,12.89842025,1.74019165
1459,12.59280205,12.89536406,1.73568380
1460,12.32587528,12.88966918,1.73537970
1461,12.18669605,12.88263945,1.71551374
1462,11.15252399,12.86533829,1.71548914
1463,14.43740177,12.88105893,1.73086864
1464,13.74819279,12.88973026,1.73261412
1465,13.26788044,12.89351177,1.72957772
1466,14.08987904,12.90547544,1.74846570
1467,12.85229492,12.90494363,1.75841756
1468,12.37304688,12.89962467,1.76376433
1469,11.62138271,12.88684225,1.76564172
1470,13.98622036,12.89783603,1.77441490
1471,14.44554138,12.91331308,1.77927587
1472,13.57175350,12.91989749,1.78219878
1473,12.51382065,12.91583672,1.78148182
1474,14.61875916,12.93286594,1.75665560
1475,13.93104553,12.94284774,1.45228187
1476,15.00637054,12.96348297,1.45902857
1477,13.25038910,12.96635203,1.45993999
1478,12.75296497,12.96421816,1.40425652
1479,13.71116161,12.97168759,1.41520089
1480,13.91244125,12.98109513,1.39039278
1481,11.51717854,12.96645596,1.43605284
1482,11.19490719,12.94874047,1.37448549
1483,13.91365242,12.95838959,1.36135263
1484,14.10619831,12.96986768,1.35939800
1485,14.07698727,12.98093888,1.36344627
1486,14.81088257,12.99923831,1.35832568
1487,13.40711975,13.00331713,1.36029049
1488,13.16960621,13.00498002,1.36488292
1489,15.13811874,13.02631141,1.36460754
1490,13.63376999,13.03238599,1.35693353
1491,13.20269966,13.03408913,1.35640591
1492,14.41357422,13.04788398,1.35867495
1493,14.52712250,13.06267636,1.36019682
1494,13.38512135,13.06590081,1.43031158
1495,16.60449219,13.10128673,1.41850316
1496,15.11760616,13.12144992,1.41811087
1497,16.59833908,13.15621881,1.41426795
1498,15.23598480,13.17701647,1.42296614
1499,14.08475685,13.18609388,1.42904615
1500,13.04298782,13.18466282,1.40244644
1501,15.04865456,13.20330273,1.40241011
1502,16.80000496,13.23926976,1.40277878
1503,15.80943775,13.26497144,1.42830275
1504,12.30063915,13.25532811,1.41672072
1505,13.10918903,13.25386672,1.41594465
1506,14.12209702,13.26254903,1.41740713
1507,11.51977539,13.24512129,1.41265491
1508,14.62580490,13.25892813,1.80903414
1509,13.90401173,13.26537896,1.83464306
1510,13.06012630,13.26332644,1.83295477
1511,12.30210018,13.25371417,1.83494516
1512,14.01764107,13.26135344,1.84114158
1513,15.81942558,13.28693416,1.82704034
1514,12.35534000,13.27761822,1.82837236
1515,13.74649143,13.28230695,1.83607687
1516,16.44084740,13.31389236,1.83844798
1517,15.48586845,13.33561212,1.84759456
1518,14.96471977,13.35190320,1.85372427
1519,14.64357281,13.36481989,1.86628438
1520,15.47722912,13.38594398,1.86551894
1521,15.01171112,13.40220166,1.86495656
1522,14.80200005,13.41619964,1.87250910
1523,14.74767208,13.42951436,1.87436322
1524,15.76580429,13.45287726,1.87144403
1525,12.93792915,13.44772778,1.86866963
1526,15.50159168,13.46826642,1.87569167
1527,14.46984386,13.47828220,1.87067318
1528,13.21423149,13.47564169,1.87346205
1529,11.67780972,13.45766337,1.87168837
1530,11.96651459,13.44275188,1.87912310
1531,10.01481438,13.40847251,1.87900107
1532,15.28684998,13.42725628,1.86971725
1533,13.15458202,13.42452954,1.85782816
1534,11.77403450,13.40802459,1.86497945
1535,15.08935356,13.42483788,1.86476918
1536,15.06905079,13.44128001,1.86439337
1537,10.99626350,13.41682984,1.86574370
1538,12.75929928,13.41025454,1.86614609
1539,14.96266937,13.42577868,1.88112909
1540,14.89244747,13.44044537,1.88127752
1541,13.48268414,13.44086776,1.88144731
1542,12.56886578,13.43214774,1.88193912
1543,15.48770809,13.45270334,1.88389213
1544,9.51753807,13.41335169,1.88305027
1545,13.22878170,13.41150599,1.88453255
1546,14.04678440,13.41785877,1.87112344
1547,14.35256672,13.42720585,1.86670829
1548,15.74762249,13.45041002,1.84704227
1549,12.72509098,13.44315683,1.85012112
1550,14.69306946,13.45565596,1.85069473
1551,14.31593132,13.46425871,1.85109814
1552,13.73842525,13.46700038,1.84929462
1553,16.91318893,13.50146226,1.82686369
1554,15.06032658,13.51705090,1.81758087
1555,14.66971302,13.52857753,1.81367493
1556,14.84800243,13.54177177,1.82474603
1557,13.81834888,13.54453755,1.82870671
1558,2.66089725,13.43570114,1.81710151
1559,10.83571529,13.40970128,1.82054644
1560,13.75712395,13.41317551,1.82155952
1561,15.33471203,13.43239088,1.82207390
1562,15.96712112,13.45773818,1.81513307
1563,14.15202713,13.46468107,1.81761176
1564,15.26641369,13.48269839,1.80967750
1565,12.33967400,13.47126815,1.80601793
1566,13.07605457,13.46731601,1.80631933
1567,12.05135727,13.45315643,1.79530841
1568,15.65154266,13.47514029,1.81761899
1569,16.51833153,13.50557220,1.83093078
1570,15.94122124,13.52992869,1.83574099
1571,14.16149426,13.53624435,1.84391613
1572,16.10677528,13.56194966,1.85247464
1573,15.05449390,13.57687510,1.85872604
1574,14.21268654,13.58323321,1.85896164
1575,14.06666565,13.58806754,1.85281371
1576,15.92479324,13.61143480,1.84907589
1577,14.04259109,13.61574636,1.86260836
1578,15.36886311,13.63327753,1.86394512
1579,14.00681496,13.63701290,1.86193921
1580,16.00794601,13.66072223,1.84825894
1581,14.19733143,13.66608832,1.83540695
1582,15.39463615,13.68337380,1.78873778
1583,13.12635422,13.67780361,1.78762779
1584,16.07983780,13.70182395,1.78651031
1585,14.13160706,13.70612178,1.77111005
1586,14.43426323,13.71340319,1.79459881
1587,13.09745121,13.70724367,1.89908284
1588,14.90507126,13.71922195,1.87408115
1589,16.91216087,13.75115134,1.86864469
1590,15.90477753,13.77268760,1.86725332
1591,14.22292233,13.77718995,1.86643737
1592,13.79867744,13.77740482,1.86492612
1593,13.41699791,13.77380075,1.86141630
1594,14.99475956,13.78601034,1.87853357
1595,13.64624119,13.78461265,1.82089249
1596,16.17410660,13.80850759,1.82906394
1597,14.71755314,13.81759804,1.83024226
1598,15.04955292,13.82991759,1.84818167
1599,12.68818855,13.81850030,1.86007703
1600,13.90615463,13.81937685,1.85527712
1601,13.58206272,13.81700371,1.85907346
1602,13.49870777,13.81382075,1.85978143
1603,15.13059616,13.82698850,1.86086527
1604,15.10421848,13.83976080,1.84453704
1605,15.38463116,13.85520950,1.85740038
1606,12.27681446,13.83942555,1.85742293
1607,15.67763424,13.85780764,1.86167777
1608,15.54029751,13.87463254,1.86211303
1609,15.86492062,13.89453542,1.46169177
1610,15.14360046,13.90702607,1.41793231
1611,15.50769615,13.92303277,1.42001512
1612,14.76876068,13.93149005,1.42293947
1613,15.57424736,13.94791762,1.41650627
1614,15.38575649,13.96229601,1.42357078
1615,13.53560352,13.95802909,1.42240699
1616,15.02884960,13.96873729,1.41375695
1617,16.08677101,13.98991763,1.40903987
1618,17.91423035,14.02916076,1.38826054
1619,17.14795685,14.06034872,1.38945811
1620,16.23611832,14.08210641,1.37653852
1621,17.04469681,14.11173232,1.37638314
1622,16.85403442,14.13915534,1.37712160
1623,16.55705070,14.16333429,1.37120333
1624,15.56674480,14.17736840,1.37809705
1625,14.42985439,14.17989326,1.38188370
1626,14.57276058,14.18382193,1.38232244
1627,12.25005913,14.16448430,1.38548151
1628,14.06459332,14.16348539,1.38758886
1629,15.20941162,14.17394465,1.38632433
1630,15.90903187,14.19129553,1.38654117
1631,14.64190960,14.19580167,1.38556853
1632,14.57740688,14.19961772,1.38580568
1633,15.87203217,14.21634186,1.39494693
1634,15.85516548,14.23273010,1.39087534
1635,15.70873356,14.24749013,1.38356490
1636,18.14496803,14.28646491,1.38263711
1637,8.74364662,14.23103673,1.38634609
1638,14.14859009,14.23021226,1.37858819
1639,15.30553913,14.24096553,1.37840670
1640,15.10602379,14.24961612,1.36266629
1641,14.71934509,14.25431341,1.36111525
1642,15.15631771,14.26333345,1.36027795
1643,16.33532143,14.28405333,1.36600901
1644,17.97227859,14.32093558,1.36110201
1645,16.35014915,14.34122772,1.37040711
1646,17.35563469,14.37137179,1.36640972
1647,16.06654358,14.38832350,1.36160238
1648,17.97029686,14.42414324,1.36207274
1649,12.86712742,14.40857308,1.36407938
1650,14.37275600,14.40821491,1.35759452
1651,16.60819626,14.43021472,1.35863117
1652,14.86213112,14.43453389,1.35299174
1653,14.45313549,14.43471990,1.43090467
1654,15.50076389,14.44538034,1.43934811
1655,13.05987167,14.43152526,1.44470742
1656,15.60107422,14.44322075,1.47364822
1657,16.69437408,14.46573228,1.46055195
1658,16.15127563,14.48258771,1.45882424
1659,13.57666111,14.47352845,1.45823314
1660,16.09248543,14.48971802,1.45544072
1661,16.63716316,14.51119247,1.45569510
1662,16.84518814,14.53453242,1.46792688
1663,15.13766766,14.54056378,1.47810633
1664,17.11106110,14.56626875,1.47798013
1665,16.06339645,14.58124003,1.48517148
1666,14.10295105,14.57645714,1.48594482
1667,14.74900627,14.57818263,1.48596496
1668,16.34099960,14.59581080,1.48306092
1669,14.48859692,14.59473866,1.45726332
1670,15.99825191,14.60877379,1.46136611
1671,17.02791595,14.63296521,1.46307909
1672,15.07546616,14.63739022,1.45776919
1673,14.97636700,14.64077999,1.45443545
1674,14.23622513,14.63673444,1.44817490
1675,14.56674767,14.63603457,1.44860178
1676,15.01697445,14.63984397,1.45051879
1677,14.04907227,14.63393626,1.44947218
1678,14.67599106,14.63435680,1.42069975
1679,16.08318329,14.64884507,1.41623853
1680,14.97511101,14.65210773,1.42094518
1681,14.36971188,14.64928377,1.41959811
1682,15.11494255,14.65394036,1.41830204
1683,13.83000565,14.64570101,1.42110778
1684,14.54364204,14.64468042,1.42434487
1685,15.45268154,14.65276043,1.42998500
1686,15.59503841,14.66218321,1.44064828
1687,16.66813278,14.68224271,1.42098970
1688,15.11082268,14.68652851,1.26135408
1689,15.68642330,14.69652745,1.27012709
1690,14.89297771,14.69849196,1.27554423
1691,16.65765762,14.71808361,1.28256889
1692,15.71885109,14.72809129,1.29051375
1693,17.25663376,14.75337671,1.29142434
1694,16.36757469,14.76951869,1.28896192
1695,17.39674568,14.79579096,1.26720439
1696,16.23826981,14.81021575,1.26544411
1697,16.56090736,14.82772267,1.25309075
1698,16.21673584,14.84161280,1.26068924
1699,16.63936234,14.85959029,1.23827562
1700,17.61173248,14.88711172,1.23833912
1701,14.83519173,14.88659252,1.23301484
1702,15.61503124,14.89387690,1.23085064
1703,11.02107906,14.85514893,1.22904068
1704,14.26909542,14.84928839,1.23478995
1705,17.15511894,14.87234670,1.23869715
1706,18.90098763,14.91263311,1.21299869
1707,17.72694969,14.94077627,1.21446831
1708,15.81062794,14.94947479,1.21900815
1709,16.45994568,14.96457950,1.24126579
1710,16.02997589,14.97523346,1.22497699
1711,16.37478065,14.98922893,1.22443267
1712,18.05735397,15.01991018,1.22567246
1713,17.89163971,15.04862748,1.22043521
1714,16.65429878,15.06468419,1.22328460
1715,17.69363785,15.09097373,1.22496665
1716,17.85842514,15.11864824,1.23594074
1717,16.15682411,15.12903000,1.22549681
1718,16.02140045,15.13795371,1.22161138
1719,16.06717300,15.14724590,1.22069559
1720,18.55253410,15.18129878,1.21535207
1721,14.98418331,15.17932763,1.21551233
1722,17.65289879,15.20406334,1.20933747
1723,14.92614746,15.20128418,1.20729171
1724,16.35276985,15.21279904,1.20676700
1725,16.76214981,15.22829254,1.19688787
1726,15.17581749,15.22776779,1.19145763
1727,16.60034943,15.24149361,1.19766431
1728,15.63327885,15.24541146,1.28909438
1729,16.04552650,15.25341261,1.28485793
1730,15.15347862,15.25241327,1.30338941
1731,16.55012321,15.26539037,1.30318290
1732,16.31742287,15.27591070,1.29511759
1733,17.49752808,15.29812687,1.29325118
1734,17.52338600,15.32037946,1.28913782
1735,17.81493187,15.34532499,1.33226507
1736,18.26770782,15.37454881,1.33196861
1737,17.89005280,15.39970385,1.34315924
1738,17.25881195,15.41829493,1.34180154
1739,14.62502575,15.41036224,1.35191009
1740,17.78148842,15.43407350,1.35193100
1741,18.02293205,15.45996209,1.35931282
1742,18.29940605,15.48835653,1.35937796
1743,17.30418205,15.50651478,1.36306644
1744,16.97466469,15.52119628,1.35722317
1745,17.35501862,15.53953451,1.35825243
1746,17.21365166,15.55627568,1.35049713
1747,16.41123009,15.56482522,1.35757690
1748,18.24368095,15.59161378,1.37495647
1749,16.74696541,15.60316730,1.37491601
1750,14.04317856,15.58756741,1.37349310
1751,17.09420586,15.60263379,1.36503748
1752,16.06731606,15.60728062,1.36098340
1753,16.48774529,15.61608526,1.36573276
1754,15.11627388,15.61108715,1.27733083
1755,17.78466988,15.63282298,1.27158582
1756,16.46812630,15.64117601,1.26603688
1757,16.22912216,15.64705547,1.23759630
1758,15.31365585,15.64372147,1.22575206
1759,14.36058044,15.63089006,1.22743104
1760,17.06392479,15.64522041,1.23186564
1761,16.52500343,15.65401824,1.23188603
1762,17.94811249,15.67695918,1.23408624
1763,17.11343384,15.69132393,1.22064739
1764,17.85432053,15.71295390,1.21528481
1765,18.42675591,15.74009192,1.21401042
1766,15.18860149,15.73457701,1.21192483
1767,16.93969917,15.74662823,1.20001522
1768,16.96197319,15.75878168,1.20002414
1769,16.56534958,15.76684736,1.20003124
1770,17.46983719,15.78387726,1.20282781
1771,16.65448380,15.79258333,1.19062505
1772,16.78493118,15.80250681,1.19528977
1773,17.05487251,15.81503046,1.19087470
1774,17.74150848,15.83429524,1.19006029
1775,17.34049606,15.84935725,1.19479933
1776,17.60767937,15.86694047,1.19690232
1777,15.59092331,15.86418030,1.20312371
1778,11.90015125,15.82454001,1.21206777
1779,17.44280624,15.84072267,1.21229510
1780,14.78356075,15.83015105,1.21828282
1781,17.82642365,15.85011378,1.21424814
1782,16.91374397,15.86075008,1.22049702
1783,16.85194016,15.87066198,1.22466663
1784,15.33710289,15.86532639,1.21777549
1785,13.40951538,15.84076828,1.21404478
1786,16.77938080,15.85015441,1.20331960
1787,15.25594234,15.84421228,1.18579293
1788,16.42921638,15.85006233,1.17500277
1789,15.17668629,15.84332857,1.17354520
1790,17.15585899,15.85645387,1.17174343
1791,15.28017902,15.85069112,1.17010036
1792,17.82093239,15.87039353,1.15732611
1793,15.98061943,15.87149579,1.17841000
1794,17.56830597,15.88846389,1.18483504
1795,16.27516937,15.89233095,1.18352017
1796,16.59320259,15.89933967,1.18434468
1797,15.53231812,15.89566945,1.18974760
1798,14.63789368,15.88309169,1.19279891
1799,16.59411621,15.89020194,1.17882992
1800,17.34679985,15.90476792,1.17846512
1801,16.14889908,15.90720923,1.15565999
1802,16.93678093,15.91750495,1.15503609
1803,18.13904953,15.93972039,1.15994987
1804,17.53098106,15.95563300,1.16054806
1805,15.90435410,15.95512021,1.15410698
1806,16.86385155,15.96420752,1.14640639
1807,18.22070694,15.98677252,1.15668113
1808,16.73238182,15.99422861,1.15699209
1809,17.71668816,16.01145321,1.15209326
1810,18.22023582,16.03354103,1.13437422
1811,17.16449928,16.04485061,1.13768877
1812,16.27403831,16.04714249,1.13984776
1813,17.92978668,16.06596893,1.14711500
1814,15.64138317,16.06172308,1.14724558
1815,17.27833366,16.07388918,1.13944351
1816,15.57936001,16.06894389,1.13258208
1817,16.46040535,16.07285850,1.13141092
1818,17.12218094,16.08335173,1.13184520
1819,17.09647179,16.09348293,1.13513716
1820,17.87619400,16.11131004,1.13515008
1821,15.28429985,16.10303994,1.13210563
1822,15.47284126,16.09673795,1.13210219
1823,18.17378235,16.11750839,1.14898523
1824,18.14014626,16.13773477,1.15861237
1825,18.17066193,16.15806405,1.15384301
1826,18.04039955,16.17688740,1.15156807
1827,15.52685738,16.17038710,1.15441299
1828,15.53557301,16.16403896,1.15442891
1829,17.66139412,16.17901251,1.05528499
1830,15.86747646,16.17589715,1.07168426
1831,17.26025009,16.18674068,1.06808684
1832,15.79462814,16.18281955,1.08335935
1833,16.04943657,16.18148572,1.08658085
1834,16.86705017,16.18834137,1.08885333
1835,16.10868073,16.18754476,1.08418507
1836,16.85164833,16.19418580,1.04245290
1837,16.76217270,16.19986567,1.05396004
1838,17.53956413,16.21326265,1.05003243
1839,16.12726212,16.21240265,1.07787974
1840,18.46537399,16.23493236,1.06866970
1841,18.47289085,16.25731194,1.07220692
1842,17.39385223,16.26867735,1.06628302
1843,20.10932732,16.30708385,1.06434593
1844,18.72354507,16.33124846,1.06996270
1845,17.47141838,16.34265016,1.07900933
1846,18.27073479,16.36193101,1.07834640
1847,18.61301994,16.38444189,1.09485280
1848,16.33347893,16.38393226,1.08881028
1849,16.84325218,16.38852546,1.07138383
1850,16.95618439,16.39420205,1.07647468
1851,17.44712639,16.40473130,1.07643929
1852,16.61833000,16.40686728,1.07638851
1853,18.34492683,16.42624788,1.07620384
1854,16.84986496,16.43048405,1.06773450
1855,17.68413353,16.44302054,1.07788945
1856,17.37564468,16.45234679,1.09642206
1857,15.69395638,16.44476288,1.09826458
1858,17.58726120,16.45618787,1.10204260
1859,17.63697624,16.46799575,1.13871333
1860,16.77718163,16.47108761,1.22296229
1861,16.22342110,16.46861094,1.25711192
1862,18.00156021,16.48394044,1.25790097
1863,15.30564499,16.47215748,1.25943983
1864,16.57398605,16.47317577,1.25616963
1865,17.56637383,16.48410775,1.26697704
1866,18.73062134,16.50657288,1.29131503
1867,18.49333000,16.52644045,1.29096425
1868,17.83840752,16.53956012,1.31423500
1869,18.30298233,16.55719435,1.31622814
1870,17.28996849,16.56452209,1.31589205
1871,16.98144341,16.56869130,1.31498214
1872,17.25469017,16.57555129,1.33973635
1873,15.33453560,16.56314113,1.35216274
1874,18.91328049,16.58664253,1.36942108
1875,16.85869980,16.58936310,1.37350641
1876,17.53230476,16.59879252,1.37908119
1877,18.64838791,16.61928847,1.37162433
1878,18.40737534,16.63716934,1.37186735
1879,17.56973267,16.64649497,1.38245466
1880,19.52363777,16.67526640,1.37905012
1881,15.84184742,16.66693221,1.38135478
1882,15.29034901,16.65316638,1.38009816
1883,16.55052185,16.65213993,1.38015282
1884,16.68627739,16.65248131,1.38730063
1885,16.60990524,16.65205555,1.39993293
1886,16.26467514,16.64818174,1.45402442
1887,15.85542583,16.64025418,1.45664172
1888,16.40057755,16.63785742,1.46274394
1889,14.93394089,16.62081825,1.46483613
1890,17.18071556,16.62641723,1.50165369
1891,16.35591888,16.62371224,1.49014952
1892,18.10530663,16.63852819,1.47852000
1893,18.41438103,16.65628671,1.47643232
1894,18.74597359,16.67718358,1.43692544
1895,15.77828121,16.66819456,1.42309065
1896,17.39316940,16.67544431,1.42339596
1897,19.38525772,16.70254244,1.41431988
1898,17.57793236,16.71129634,1.41029632
1899,18.19770050,16.72616038,1.41027845
1900,16.48802567,16.72377904,1.41202696
1901,16.91145134,16.72565576,1.42026712
1902,18.10842323,16.73948343,1.41977777
1903,17.60295677,16.74811817,1.41979349
1904,17.22924995,16.75292948,1.41682922
1905,19.25262833,16.77792647,1.42046229
1906,19.82740021,16.80842121,1.41678684
1907,17.00068283,16.81034383,1.41641007
1908,15.92555618,16.80149595,1.41897663
1909,14.68367004,16.78031769,1.41674016
1910,12.89963913,16.74151091,1.41700594
1911,14.12270260,16.71532282,1.42265841
1912,16.73880768,16.71555767,1.42231513
1913,18.15605736,16.72996267,1.41640830
1914,18.18697548,16.74453280,1.42478593
1915,15.41128635,16.73120033,1.44244274
1916,14.78211594,16.71170949,1.44545775
1917,16.25941277,16.70718652,1.43645023
1918,14.81784630,16.68829312,1.42639434
1919,16.43116760,16.68572186,1.42450696
1920,17.56962395,16.69456088,1.42469548
1921,16.18714714,16.68948675,1.43024898
1922,14.30312252,16.66562310,1.43260876
1923,15.01654053,16.64913228,1.43531873
1924,14.48316097,16.62747256,1.43102541
1925,15.24208546,16.61361869,1.41538253
1926,15.04797649,16.59796227,1.42309709
1927,17.03925705,16.60237522,1.46083320
1928,18.14798546,16.61783132,1.46769988
1929,19.12592697,16.64291228,1.46249367
1930,16.80765152,16.64455967,1.46107716
1931,18.24054337,16.66051951,1.43707147
1932,17.24212456,16.66633556,1.43492496
1933,16.26530075,16.66232521,1.42689418
1934,15.58235645,16.65152552,1.42854204
1935,15.18751812,16.63688545,1.43251602
1936,13.04303932,16.60094699,1.43961781
1937,17.93459892,16.61428351,1.44855333
1938,18.39901543,16.63213083,1.44465173
1939,15.83221626,16.62413168,1.44418325
1940,13.62772751,16.59416764,1.43224631
1941,17.01622581,16.59838822,1.43824238
1942,16.86987114,16.60110305,1.44703704
1943,17.00078392,16.60509986,1.44913777
1944,17.65859604,16.61563482,1.48634158
1945,17.55384445,16.62501692,1.47855045
1946,17.81638336,16.63693058,1.47494950
1947,17.14006233,16.64196190,1.48428201
1948,15.22872448,16.62782952,1.47167863
1949,17.15755272,16.63312676,1.47395447
1950,16.12957764,16.62809126,1.47420866
1951,15.26808357,16.61449119,1.47949794
1952,17.57676506,16.62411393,1.47985647
1953,16.90960693,16.62696886,1.47578540
1954,15.36373043,16.61433647,1.47489259
1955,15.73500347,16.60554314,1.47842294
1956,16.44374657,16.60392518,1.46284598
1957,16.04915428,16.59837747,1.47799107
1958,18.01261520,16.61251985,1.48048840
1959,17.32781792,16.61967283,1.47866022
1960,17.83786774,16.63185478,1.46193899
1961,18.09363937,16.64647262,1.41051997
1962,16.54250526,16.64543295,1.41079709
1963,17.17526245,16.65073124,1.41105830
1964,18.90740204,16.67329795,1.40976202
1965,19.17100334,16.69827500,1.42468347
1966,18.20817947,16.71337405,1.42122423
1967,18.12789917,16.72751930,1.41016287
1968,17.36713028,16.73391541,1.40826200
1969,17.75834465,16.74415970,1.39080919
1970,18.52521515,16.76197026,1.38918813
1971,15.56773853,16.75002794,1.39150432
1972,17.80236626,16.76055132,1.38983280
1973,17.97507477,16.77269656,1.36621066
1974,17.88962173,16.78386581,1.36942696
1975,16.95418739,16.78556902,1.34497560
1976,18.49335861,16.80264692,1.33216978
1977,20.45225716,16.83914302,1.31935848
1978,19.39158249,16.86466742,1.31984220
1979,16.17148209,16.85773556,1.34642221
1980,16.77018356,16.85686004,1.33321840
1981,17.19606972,16.86025214,1.33289873
1982,17.69587517,16.86860837,1.32853470
1983,17.46152306,16.87453752,1.32853289
1984,17.86855125,16.88447766,1.33391362
1985,18.22215462,16.89785443,1.32654458
1986,18.62895966,16.91516548,1.31441779
1987,18.94687271,16.93548255,1.24992292
1988,17.13676453,16.93749537,1.25000126
1989,16.84983253,16.93661874,1.27793092
1990,17.96343803,16.94688693,1.28354442
1991,18.62703896,16.96368845,1.27623194
1992,15.56765079,16.94972808,1.27672146
1993,15.84563160,16.93868711,1.28426328
1994,13.53364754,16.90463672,1.28435890
1995,18.16342545,16.91722460,1.28372162
1996,16.70712280,16.91512359,1.28440771
1997,18.91830254,16.93515538,1.28333209
1998,18.67075348,16.95251136,1.28956233
1999,18.24249649,16.96541121,1.28421385
2000,18.48270226,16.98058412,1.28696507
2001,18.60524368,16.99683071,1.28280873
2002,17.61064911,17.00296890,1.26834091
2003,17.24594879,17.00539870,1.27978806
2004,17.56809616,17.01102567,1.28937131
2005,18.33444786,17.02425989,1.27675896
2006,16.71465302,17.02116383,1.27284297
2007,13.67262268,16.98767841,1.27471413
2008,16.28796959,16.98068133,1.28019722
2009,17.91417122,16.99001622,1.29170151
2010,16.65231133,16.98663918,1.29197489
2011,18.51613045,17.00193409,1.29123945
2012,20.20793533,17.03399410,1.29511116
2013,17.75704765,17.04122464,1.30263113
2014,18.29831696,17.05379556,1.30655118
2015,19.75457382,17.08080334,1.30695335
2016,18.77477837,17.09774309,1.30163147
2017,18.96467400,17.11641240,1.30092316
2018,17.95530319,17.12480131,1.29976735
2019,18.13142204,17.13486752,1.30402389
2020,17.41145897,17.13763343,1.30705098
2021,18.51058578,17.15136295,1.37479812
2022,16.93822670,17.14923159,1.36524735
2023,16.42425537,17.14198183,1.36745739
2024,15.28884602,17.12345047,1.37228441
2025,18.04134750,17.13262944,1.37220686
2026,17.40974808,17.13540063,1.37880102
2027,16.73084259,17.13135505,1.37982820
2028,18.03525162,17.14039401,1.35945585
2029,14.76075172,17.11659759,1.36640235
2030,16.91479874,17.11457960,1.36016895
2031,17.65159416,17.11994975,1.35984464
2032,17.29146385,17.12166489,1.36301183
2033,17.70127106,17.12746095,1.36632431
2034,19.08969688,17.14708331,1.36650025
2035,18.30729866,17.15868546,1.36695731
2036,16.89940643,17.15609267,1.36523377
2037,17.73295593,17.16186131,1.36555227
2038,18.50837326,17.17532643,1.36214584
2039,14.73691273,17.15094229,1.36192999
2040,15.87310123,17.13816388,1.36062180
2041,14.42851448,17.11106738,1.38581824
2042,17.99561310,17.11991284,1.38180890
2043,19.07797432,17.13949346,1.37632899
2044,17.46481323,17.14274665,1.37110065
2045,17.34314728,17.14475066,1.31151910
2046,17.06572723,17.14396043,1.31045462
2047,18.07625961,17.15328342,1.30860512
2048,18.95629501,17.17131353,1.30382404
2049,19.26269913,17.19222739,1.31192983
2050,18.60988426,17.20640396,1.31049440
2051,18.02709961,17.21461091,1.30803315
2052,17.79221344,17.22038694,1.30510834
2053,19.59707642,17.24415383,1.31081494
2054,19.49614525,17.26667375,1.31020611
2055,18.46750641,17.27868208,1.31017816
2056,16.78092384,17.27370449,1.31352680
2057,19.03328323,17.29130028,1.32235759
2058,19.72053909,17.31559267,1.26395848
2059,19.91215324,17.34155827,1.25655101
2060,18.33466339,17.35148933,1.26025389
2061,18.29657745,17.36094021,1.25903970
2062,19.34059906,17.38073680,1.26236351
2063,19.77060890,17.40463552,1.24408907
2064,19.21436501,17.42273281,1.24878135
2065,19.71526718,17.44565815,1.26032689
2066,19.46532822,17.46585486,1.25376282
2067,17.60041618,17.46720047,1.25526763
2068,17.82931328,17.47082160,1.25219922
2069,19.28615761,17.48897496,1.25559976
2070,19.18291473,17.50591435,1.28742225
2071,13.77930260,17.46864824,1.28853731
2072,19.15434837,17.48550524,1.29882252
2073,19.06822777,17.50133246,1.30648240
2074,19.49982643,17.52131740,1.29950475
2075,18.60783768,17.53218261,1.27194873
2076,16.78876114,17.52474839,1.27253689
2077,17.12145805,17.52071549,1.27726431
2078,19.93460655,17.54485440,1.27159125
2079,15.88492870,17.52825514,1.27280358
2080,17.89753342,17.53194792,1.24550710
2081,17.50717545,17.53170020,1.24152146
2082,17.19917679,17.52837497,1.25183562
2083,17.20228577,17.52511407,1.25724871
2084,18.40670776,17.53393001,1.25751895
2085,17.68462753,17.53543699,1.26092578
2086,18.17615700,17.54184419,1.27993396
2087,17.02384758,17.53666422,1.27644012
2088,19.17674446,17.55306502,1.28232720
2089,17.83631516,17.55589752,1.28200059
2090,18.53443718,17.56568292,1.23918078
2091,15.46989632,17.54472505,1.22094933
2092,18.35626602,17.55284046,1.16630256
2093,19.71270561,17.57443912,1.18118118
2094,19.44793129,17.59317404,1.17789034
2095,18.63040543,17.60354635,1.18801427
2096,18.48279953,17.61233888,1.19031172
2097,18.87440872,17.62495958,1.18692133
2098,18.96664810,17.63837647,1.19342078
2099,16.50524521,17.62704515,1.20015311
2100,18.23360062,17.63311071,1.19813979
2101,18.56317902,17.64241139,1.19947192
2102,17.88412476,17.64482853,1.19917398
2103,19.53348923,17.66371513,1.20128215
2104,18.24193764,17.66949736,1.19568001
2105,18.36734772,17.67647586,1.19403301
2106,17.16037750,17.67131488,1.19407810
2107,20.15007973,17.69610253,1.19711947
2108,19.26399803,17.71178148,1.20337644
2109,18.76530266,17.72231669,1.20197718
2110,19.45983124,17.73969184,1.21810146
2111,17.55926895,17.73788761,1.22257094
2112,19.69939041,17.75750264,1.23904137
2113,19.66229630,17.77655057,1.24382136
2114,19.61533165,17.79493838,1.24857729
2115,20.34752655,17.82046427,1.25022700
2116,20.01901627,17.84244979,1.24636596
2117,19.72473335,17.86127262,1.25032832
2118,19.28307343,17.87549063,1.25335529
2119,19.57242012,17.89245992,1.25428716
2120,21.56292343,17.92916456,1.25299524
2121,19.47177505,17.94459066,1.25229625
2122,20.50015831,17.97014634,1.15326023
2123,20.56485367,17.99609341,1.15509983
2124,19.62540817,18.01238656,1.15465501
2125,18.52202797,18.01748298,1.15245609
2126,19.29838753,18.03029202,1.15462184
2127,17.64602852,18.02644939,1.13842731
2128,19.35061455,18.03969104,1.13577373
2129,19.50562286,18.05435036,1.13058672
2130,17.02984428,18.04410530,1.09408674
2131,19.47182846,18.05838253,1.08996094
2132,20.68138695,18.08461257,1.08716938
2133,20.47584152,18.10852486,1.08940489
2134,19.57114983,18.12315111,1.07701749
2135,20.46506500,18.14657025,1.08518274
2136,16.88578415,18.13396239,1.07846511
2137,19.88702774,18.15149304,1.07629813
2138,17.82270813,18.14820519,1.05942489
2139,19.35006523,18.16022379,1.06173677
2140,18.36305809,18.16225214,1.05957701
2141,18.39220238,18.16455164,1.06070893
2142,19.98170853,18.18272321,1.00258890
2143,17.33057785,18.17420175,1.00924182
2144,19.42001724,18.18665991,1.01188792
2145,20.96532249,18.21444653,1.02980636
2146,20.43496132,18.23665168,1.02955278
2147,20.06012726,18.25488644,1.03357112
2148,20.63668251,18.27870440,1.03608288
2149,20.85615921,18.30447895,1.04092848
2150,18.74134636,18.30884762,1.00946836
2151,20.06839752,18.32644312,1.00634246
2152,19.54015350,18.33858022,1.01321217
2153,20.36173058,18.35881173,1.00601838
2154,19.91518021,18.37437541,1.03007820
2155,20.43062973,18.39493796,1.02613959
2156,19.64669609,18.40745554,1.02408725
2157,21.39019394,18.43728292,1.00613565
2158,20.97602654,18.46267036,1.00331127
2159,20.74712563,18.48551491,1.00422383
2160,22.11372566,18.52179702,1.00316777
2161,20.77227783,18.54430183,1.01025467
2162,21.79566383,18.57681545,1.00185735
2163,21.13276100,18.60237490,1.00141883
2164,21.42950821,18.63064623,1.00118959
2165,20.72807503,18.65162052,1.00474381
2166,19.43644714,18.65946879,0.99955999
2167,21.16152573,18.68448936,1.03957912
2168,18.50139046,18.68265837,1.05778031
2169,20.87696457,18.70460143,1.06062644
2170,19.77019310,18.71525735,1.06060352
2171,19.69531822,18.72505796,1.04175791
2172,19.79563713,18.73576375,1.04167973
2173,20.78074646,18.75621358,1.07246085
2174,19.98774719,18.76852891,1.07278162
2175,19.82493591,18.77909298,1.07328032
2176,20.76476669,18.79894972,1.07074049
2177,20.52676010,18.81622782,1.07191395
2178,21.61434555,18.84420900,1.05871703
2179,20.28013802,18.85856829,1.06779133
2180,20.88893700,18.87887198,1.07782934
2181,20.09192657,18.89100252,1.06160687
2182,19.11756516,18.89326815,1.06164382
2183,18.41760254,18.88851149,1.10216216
2184,20.49930573,18.90461944,1.11182847
2185,21.71640587,18.93273730,1.11891047
2186,20.12696266,18.94467955,1.11389820
2187,20.65546036,18.96178736,1.08862109
2188,20.22884178,18.97445791,1.09180015
2189,19.64870644,18.98120039,1.08066082
2190,19.49687004,18.98635709,1.10627284
2191,19.73974037,18.99389092,1.13979942
2192,20.73525620,19.01130457,1.14284044
2193,21.81572151,19.03934874,1.14216565
2194,19.48464966,19.04380175,1.12385141
2195,18.49780273,19.03834176,1.13377745
2196,20.79516983,19.05591004,1.15358826
2197,19.41259384,19.05947688,1.15146175
2198,21.24950790,19.08137719,1.14979610
2199,19.49589539,19.08552237,1.14970754
2200,20.49302864,19.09959743,1.14503940
2201,20.27687263,19.11137019,1.14332555
2202,21.89729500,19.13922943,1.14726155
2203,20.87310982,19.15656824,1.14725910
2204,22.94188881,19.19442144,1.14498048
2205,20.48841667,19.20736140,1.14515476
2206,20.23228455,19.21761063,1.14145459
2207,20.08556175,19.22629014,1.14154981
2208,20.20051765,19.23603241,1.12651249
2209,20.32144165,19.24688651,1.16108627
2210,20.73620033,19.26177965,1.15684952
2211,22.02141953,19.28937604,1.12820191
2212,19.72689629,19.29375125,1.12487765
2213,20.53098869,19.30612362,1.10252100
2214,21.14066887,19.32446907,1.09382853
2215,19.93874741,19.33061186,1.07794836
2216,20.76806641,19.34498640,1.07254521
2217,17.85120201,19.33004856,1.08500692
2218,18.76308632,19.32437894,1.07393739
2219,19.98063469,19.33094149,1.07288274
2220,20.52095413,19.34284162,1.06738948
2221,19.77195930,19.34713280,1.07059393
2222,20.69803429,19.36064181,1.07082071
2223,17.89972687,19.34603266,1.08079470
2224,19.42276001,19.34679994,1.07793918
2225,21.12658882,19.36459782,1.07931027
2226,20.34484482,19.37440029,1.09517740
2227,20.20305824,19.38268687,1.08986997
2228,21.05956650,19.39945567,1.08641543
2229,19.34158897,19.39887700,1.06896398
2230,19.24126625,19.39730090,1.07361235
2231,19.32181740,19.39654606,1.06992856
2232,20.60748482,19.40865545,1.08146595
2233,17.44446182,19.38901351,1.08993761
2234,18.80907249,19.38321410,1.08426006
2235,21.94147491,19.40879671,1.08184502
2236,20.70110321,19.42171977,1.06470074
2237,19.87250137,19.42622759,1.08452269
2238,19.72615051,19.42922682,1.08491954
2239,20.97994614,19.44473401,1.09075709
2240,18.31333733,19.43342005,1.09124952
2241,17.70809364,19.41616678,1.09192266
2242,19.33876610,19.41539278,1.10342266
2243,20.22245407,19.42346339,1.10879305
2244,20.36207581,19.43284951,1.10029768
2245,19.15182304,19.43003925,1.10209720
2246,17.96989250,19.41543778,1.10944128
2247,21.35252571,19.43480866,1.10519048
2248,20.49140549,19.44537463,1.10685536
2249,19.40567207,19.44497760,1.09676784
2250,19.61084557,19.44663628,1.09878715
2251,20.29616547,19.45513157,1.09633754
2252,21.73982811,19.47797854,1.10661407
2253,20.54711342,19.48866989,1.08595685
2254,21.12285042,19.50501169,1.08468981
2255,20.16364288,19.51159801,1.04703000
2256,20.67539597,19.52323598,1.04790817
2257,20.43624496,19.53236607,1.04750396
2258,20.51129150,19.54215533,1.04840682
2259,17.40274048,19.52076118,1.05567945
2260,21.28976059,19.53845117,1.05560641
2261,20.63840103,19.54945067,1.07633106
2262,19.67636108,19.55071978,1.05840543
2263,20.46246529,19.55983723,1.07116751
2264,19.76360130,19.56187487,1.07575626
2265,20.42323494,19.57048847,1.06707258
2266,20.06551552,19.57543874,1.07303532
2267,22.16938591,19.60137822,1.07443145
2268,20.67755318,19.61213997,1.05996973
2269,19.54053116,19.61142388,1.05689690
2270,19.85951805,19.61390482,1.05691468
2271,19.65177536,19.61428352,1.05471132
2272,20.74599075,19.62560060,1.05482871
2273,22.02085114,19.64955310,1.05515594
2274,19.71543121,19.65021188,1.04955584
2275,19.87596321,19.65246940,1.05293650
2276,18.62200737,19.64216478,1.04965984
2277,20.79872322,19.65373036,1.06428085
2278,20.59201622,19.66311322,1.07401840
2279,20.43379974,19.67082008,1.06944906
2280,21.67704391,19.69088232,1.06857099
2281,19.68893051,19.69086280,1.06682092
2282,22.15029526,19.71545713,1.06577492
2283,22.04409409,19.73874350,1.06357261
2284,21.27688026,19.75412487,1.03556727
2285,20.41631508,19.76074677,1.03208664
2286,20.26459312,19.76578523,1.01674480
2287,18.44837189,19.75261110,1.01476040
2288,19.57600021,19.75084499,1.01786078
2289,19.27717209,19.74610826,1.01814497
2290,20.16452789,19.75029246,1.01997784
2291,20.97746849,19.76256422,1.00997112
2292,18.91015244,19.75404010,0.98625343
2293,19.00218773,19.74652158,1.01895660
2294,18.89000130,19.73795637,1.02184175
2295,19.74332237,19.73801003,1.02216407
2296,18.63708305,19.72700076,1.02012059
2297,19.95198631,19.72925062,1.01372208
2298,21.09280777,19.74288619,1.00488371
2299,20.55522156,19.75100954,1.00596066
2300,19.69232178,19.75042267,1.02449906
2301,20.51483154,19.75806676,1.02756387
2302,18.78063965,19.74829248,1.02824648
2303,20.51431274,19.75595269,1.01390769
2304,21.35575104,19.77195067,1.01827324
2305,18.95870018,19.76381817,1.01830188
2306,19.46269608,19.76080694,1.04787705
2307,20.68335152,19.77003239,1.04666103
2308,20.86338043,19.78096587,1.05010968
2309,21.65892982,19.79974551,1.05222442
2310,20.86986542,19.81044671,1.02091786
2311,18.01742554,19.79251650,1.01341538
2312,19.24258232,19.78701716,1.01232311
2313,18.59748650,19.77512185,1.01228165
2314,18.97307014,19.76710133,1.03002023
2315,20.23649216,19.77179524,1.02963103
2316,21.37836838,19.78786097,1.02900377
2317,21.37145424,19.80369690,1.03505887
2318,19.46610832,19.80032102,1.05109865
2319,19.63546181,19.79867243,1.11862346
2320,20.46503067,19.80533601,1.11774194
2321,20.05563354,19.80783898,1.12777990
2322,20.10492325,19.81080983,1.13873403
2323,21.20075607,19.82470929,1.14362472
2324,21.89563370,19.84541853,1.12801285
2325,21.30204582,19.85998481,1.13727821
2326,19.38964844,19.85528144,1.13931243
2327,22.19796371,19.87870827,1.13864819
2328,18.86548996,19.86857608,1.13669483
2329,21.00048447,19.87989517,1.14159244
2330,20.05269241,19.88162314,1.14698815
2331,20.51799583,19.88798687,1.13977233
2332,20.67813873,19.89588838,1.13912021
2333,20.57196808,19.90264918,1.12120184
2334,20.27135849,19.90633627,1.10489938
2335,19.74557114,19.90472862,1.10276436
2336,19.40988731,19.89978021,1.10229914
2337,19.88447189,19.89962713,1.10233029
2338,19.56282806,19.89625914,1.09378612
2339,20.66018677,19.90389841,1.09435131
2340,21.62016296,19.92106106,1.09232791
2341,19.69661522,19.91881660,1.09231266
2342,20.61137199,19.92574215,1.08895878
2343,17.75826454,19.90406738,1.09678719
2344,21.23284912,19.91735519,1.09201104
2345,19.87766266,19.91695827,1.13622608
2346,20.79804802,19.92576917,1.14456522
2347,22.02616882,19.94677316,1.13666153
2348,20.87592316,19.95606466,1.14382723
2349,19.74328423,19.95393686,1.13952364
2350,18.40892410,19.93848673,1.15468092
2351,21.30260468,19.95212791,1.16171393
2352,20.96906471,19.96229728,1.16952851
2353,20.00655746,19.96273988,1.16763411
2354,19.30655861,19.95617807,1.16862026
2355,19.22176743,19.94883396,1.16295889
2356,22.91770363,19.97852266,1.16677900
2357,20.92052650,19.98794270,1.17027439
2358,21.42426300,20.00230590,1.19214726
2359,21.31794548,20.01546230,1.18969575
2360,20.08192444,20.01612692,1.18359968
2361,20.77482224,20.02371387,1.18080664
2362,20.89945984,20.03247133,1.16904558
2363,20.17191315,20.03386575,1.16840993
2364,22.49842262,20.05851132,1.17192525
2365,20.50678253,20.06299403,1.16767914
2366,20.51482773,20.06751237,1.16763762
2367,19.41904831,20.06102773,1.16131142
2368,17.68555069,20.03727296,1.15845184
2369,16.50351715,20.00193540,1.15816798
2370,20.30095482,20.00492559,1.15770104
2371,21.93427849,20.02421912,1.15687483
2372,22.08416367,20.04481857,1.16740199
2373,21.75609970,20.06193138,1.16950906
2374,20.96481133,20.07096018,1.16458502
2375,22.01173019,20.09036788,1.15341791
2376,19.80230713,20.08748727,1.15629141
2377,19.11138344,20.07772623,1.15884633
2378,20.77384567,20.08468743,1.13998074
2379,19.31112671,20.07695182,1.17100395
2380,19.29222298,20.06910453,1.19765407
2381,21.41322517,20.08254574,1.20931772
2382,20.45771980,20.08629748,1.20845141
2383,20.07400131,20.08617452,1.20745717
2384,20.81827927,20.09349556,1.21595648
2385,19.46000290,20.08716064,1.21676291
2386,20.49087143,20.09119774,1.21713790
2387,20.61405945,20.09642636,1.21580015
2388,19.54207611,20.09088286,1.22386621
2389,21.05992317,20.10057326,1.28912265
2390,20.92969894,20.10886452,1.30497216
2391,20.47808456,20.11255672,1.29621058
2392,20.37297630,20.11516091,1.29847149
2393,18.67251205,20.10073443,1.29766039
2394,20.08709908,20.10059807,1.28589715
2395,17.03678322,20.06995992,1.34008008
2396,18.95751953,20.05883552,1.34838985
2397,20.81044388,20.06635160,1.34671615
2398,19.09448624,20.05663295,1.33014111
2399,20.65204811,20.06258710,1.32747289
2400,18.40691566,20.04603039,1.32759482
2401,18.99214363,20.03549152,1.31953904
2402,21.77348900,20.05287149,1.31387386
2403,19.26992226,20.04504200,1.31016069
2404,19.65056992,20.04109728,1.31048885
2405,19.68034935,20.03748980,1.31230861
2406,21.76295662,20.05474447,1.31062504
2407,21.44610023,20.06865803,1.27963859
2408,17.96573067,20.04762875,1.29175327
2409,20.58936691,20.05304614,1.32490589
2410,19.24159050,20.04493158,1.33641782
2411,20.17478943,20.04623016,1.34055365
2412,19.15423203,20.03731018,1.33760803
2413,20.98453903,20.04678247,1.33712351
2414,18.58888817,20.03220352,1.33802016
2415,20.62111473,20.03809263,1.31588406
2416,20.12788200,20.03899053,1.32068556
2417,19.73897934,20.03599042,1.31910852
2418,19.20264626,20.02765697,1.33188799
2419,19.75429726,20.02492338,1.31493790
2420,20.05013275,20.02517547,1.30034278
2421,20.26345634,20.02755828,1.30177186
2422,21.84339714,20.04571667,1.30323098
2423,19.56203651,20.04087987,1.28414937
2424,20.68310738,20.04730214,1.26984228
2425,21.14312744,20.05826039,1.26921890
2426,21.76459122,20.07532370,1.25154055
2427,21.34047890,20.08797526,1.25440305
2428,20.49112511,20.09200675,1.25298355
2429,17.31688499,20.06425554,1.25080277
2430,17.51585579,20.03877154,1.25363558
2431,21.90537262,20.05743755,1.26678637
2432,20.22327232,20.05909590,1.25900370
2433,20.60053253,20.06451026,1.25742914
2434,18.67452812,20.05061044,1.25879357
2435,19.69034576,20.04700780,1.25488382
2436,20.62152481,20.05275297,1.27015698
2437,19.92127419,20.05143818,1.27689621
2438,18.76238441,20.03854764,1.27966292
2439,16.02178955,19.99838006,1.27939413
2440,17.91858673,19.97758213,1.27976292
2441,19.41548538,19.97196116,1.27649201
2442,19.19586945,19.96420024,1.27763293
2443,19.54584694,19.96001671,1.27674766
2444,18.68161392,19.94723268,1.27507768
2445,15.91556454,19.90691600,1.27503821
2446,18.37171364,19.89156398,1.27444645
2447,20.46421623,19.89729050,1.27882796
2448,19.78445435,19.89616214,1.27634762
2449,19.34618568,19.89066237,1.28546887
2450,19.59064484,19.88766220,1.29450677
2451,19.72240829,19.88600966,1.28841900
2452,19.11788368,19.87832840,1.28608670
2453,20.23919487,19.88193706,1.27297982
2454,20.12540245,19.88437172,1.28874433
2455,20.72813034,19.89280930,1.30064924
2456,19.86118698,19.89249308,1.30142047
2457,20.79567146,19.90152486,1.29075249
2458,17.74147606,19.87992438,1.28082567
2459,16.37250137,19.84485015,1.27901946
2460,21.99752808,19.86637692,1.28475185
2461,20.81165314,19.87582969,1.28472175
2462,19.69955254,19.87406692,1.28884114
2463,20.68239975,19.88215024,1.28712007
2464,20.30873299,19.88641607,1.29603002
2465,18.79918861,19.87554380,1.32112402
2466,18.37593651,19.86054772,1.32187598
2467,19.68039322,19.85874618,1.32167444
2468,17.72639275,19.83742264,1.32232797
2469,19.89027023,19.83795112,1.32119094
2470,16.95688248,19.80914043,1.33203830
2471,18.81845284,19.79923356,1.33368349
2472,21.81852722,19.81942649,1.33459059
2473,19.88408661,19.82007310,1.32092942
2474,19.47048759,19.81657724,1.33209765
2475,20.64594650,19.82487093,1.34727140
2476,19.08036041,19.81742583,1.34575467
2477,18.68311501,19.80608272,1.33300333
2478,19.88914490,19.80691334,1.32528704
2479,18.91256714,19.79796988,1.33129621
2480,20.51046371,19.80509482,1.30696282
2481,21.47006798,19.82174455,1.28550466
2482,18.83306313,19.81185773,1.28020981
2483,19.63539696,19.81009313,1.28217474
2484,20.18739891,19.81386619,1.28328750
2485,19.56093979,19.81133692,1.27780280
2486,17.50035858,19.78822714,1.27781547
2487,20.99720001,19.80031687,1.29426161
2488,20.69033813,19.80921708,1.29427549
2489,19.47496605,19.80587457,1.28893003
2490,20.81320000,19.81594782,1.23649966
2491,20.14651108,19.81925346,1.22809189
2492,18.66441917,19.80770511,1.24371007
2493,19.20508575,19.80167892,1.25386844
2494,18.57296562,19.78939179,1.25557368
2495,19.75759697,19.78907384,1.26699612
2496,22.26276016,19.81381070,1.20184201
2497,20.95326614,19.82520526,1.19622980
2498,19.01315880,19.81708479,1.19666574
2499,17.85464668,19.79746041,1.20035159
2500,17.75259972,19.77701180,1.20172158
2501,20.04297638,19.77967145,1.20582107
2502,19.41452408,19.77601998,1.20547929
2503,20.25321579,19.78079193,1.20817626
2504,21.63132286,19.79929724,1.20808632
2505,21.35520935,19.81485636,1.21488661
2506,20.06966019,19.81740440,1.21887344
2507,20.56719398,19.82490230,1.21873737
2508,19.45212555,19.82117453,1.23085422
2509,21.33825684,19.83634535,1.20935854
2510,21.07045937,19.84868649,1.15277388
2511,20.26107597,19.85281039,1.15427037
2512,20.75844765,19.86186676,1.15257458
2513,19.91449165,19.86239301,1.15450785
2514,21.59531021,19.87972218,1.18130276
2515,16.80497742,19.84897473,1.18689123
2516,20.56106949,19.85609568,1.18316561
2517,19.81068802,19.85564161,1.17270730
2518,20.11593628,19.85824455,1.17232466
2519,19.33111572,19.85297326,1.15526641
2520,17.94729996,19.83391653,1.16130070
2521,20.35210800,19.83909845,1.14035930
2522,20.30944443,19.84380190,1.13439527
2523,20.18550682,19.84721895,1.12125467
2524,21.43344498,19.86308121,1.13784922
2525,21.89573860,19.88340779,1.13721610
2526,20.79919434,19.89256565,1.13799588
2527,19.82589531,19.89189895,1.13368166
2528,19.71221352,19.89010210,1.13390150
2529,21.11214638,19.90232254,1.14370291
2530,20.12375641,19.90453688,1.14603114
2531,19.96574974,19.90514901,1.14725146
2532,21.38441277,19.91994164,1.17441276
2533,20.56631851,19.92640541,1.16962360
2534,20.65945053,19.93373586,1.16977204
2535,19.41837311,19.92858224,1.16988828
2536,20.05886269,19.92988504,1.16879088
2537,22.01813889,19.95076758,1.14654900
2538,19.78161621,19.94907607,1.14334465
2539,19.90203285,19.94860563,1.14220683
2540,21.29727554,19.96209233,1.15436588
2541,21.39732933,19.97644470,1.17223826
2542,22.06397247,19.99731998,1.17397116
2543,21.84579086,20.01580469,1.17945726
2544,19.25293732,20.00817602,1.18404800
2545,17.87986565,19.98689291,1.18310317
2546,19.66233635,19.98364735,1.18830667
2547,21.19254875,19.99573636,1.16938303
2548,20.67163086,20.00249530,1.16795791
2549,21.09249306,20.01339528,1.16999748
2550,21.02778435,20.02353917,1.16321401
2551,21.26270866,20.03593087,1.14139498
2552,20.30229568,20.03859452,1.16314565
2553,21.43959999,20.05260457,1.16332114
2554,20.33970451,20.05547557,1.16567939
2555,21.53813362,20.07030215,1.18697758
2556,21.45353508,20.08413448,1.18235173
2557,20.39956665,20.08728880,1.18507200
2558,18.37464523,20.07016237,1.18558086
2559,20.00669098,20.06952765,1.18667744
2560,20.42470741,20.07307945,1.18018995
2561,18.24357033,20.05478436,1.21895111
2562,20.65810966,20.06081761,1.22041723
2563,19.47554779,20.05496491,1.21825765
2564,17.59755135,20.03039078,1.21828452
2565,18.96716309,20.01975850,1.21537642
2566,19.39104271,20.01347134,1.17792248
2567,20.57438660,20.01908050,1.18568601
2568,20.32954979,20.02218519,1.18575071
2569,21.31893730,20.03515271,1.19078824
2570,21.44716835,20.04927287,1.19161130
2571,22.46315384,20.07341168,1.17834528
2572,19.91417694,20.07181933,1.17924802
2573,20.51633072,20.07626444,1.18937410
2574,22.31703758,20.09867217,1.19218134
2575,19.88166618,20.09650211,1.18533788
2576,21.07221413,20.10625923,1.17104488
2577,20.17657852,20.10696243,1.16806431
2578,21.86099625,20.12450276,1.17121268
2579,18.89985847,20.11225632,1.18026527
2580,19.00680542,20.10120181,1.17484302
2581,19.71565437,20.09734634,1.17542700
2582,17.45856094,20.07095848,1.17746757
2583,20.95339584,20.07978286,1.17039136
2584,20.83444023,20.08732943,1.16903985
2585,20.55850601,20.09204120,1.16764537
2586,20.23992538,20.09352004,1.17782143
2587,19.18022728,20.08438711,1.18763984
2588,20.06557846,20.08419903,1.17294838
2589,20.03114891,20.08366852,1.17305084
2590,18.55011559,20.06833299,1.17675958
2591,18.10761261,20.04872579,1.17126407
2592,19.61987686,20.04443730,1.16335051
2593,22.09231949,20.06491612,1.16827931
2594,21.69892502,20.08125621,1.15507925
2595,18.93111801,20.06975483,1.15434937
2596,19.17486572,20.06080594,1.13692855
2597,19.74703598,20.05766824,1.13664564
2598,19.60024452,20.05309400,1.13050599
2599,19.02627945,20.04282586,1.14638846
2600,18.49178505,20.02731545,1.14370907
2601,20.46234512,20.03166575,1.14738665
2602,17.99951935,20.01134428,1.14670395
2603,20.88153839,20.02004622,1.16478685
2604,21.05193329,20.03036509,1.15757293
2605,17.46180916,20.00467953,1.16023183
2606,21.04623795,20.01509512,1.15881631
2607,19.39208603,20.00886503,1.15798680
2608,19.52520752,20.00402845,1.15842387
2609,20.94811630,20.01346933,1.14757298
2610,20.63479996,20.01968264,1.14756829
2611,16.90295982,19.98851541,1.14779199
2612,19.45430183,19.98317327,1.13450419
2613,20.36337852,19.98697533,1.13298026
2614,20.00204659,19.98712604,1.13423151
2615,18.71406746,19.97439545,1.10822778
2616,19.14515495,19.96610305,1.12159798
2617,18.56866455,19.95212866,1.12752279
2618,20.23862267,19.95499360,1.13900883
2619,21.17992592,19.96724293,1.13852662
2620,19.29698753,19.96054037,1.13156575
2621,21.01340866,19.97106905,1.12389869
2622,20.71187782,19.97847714,1.09792864
2623,18.49789810,19.96367135,1.10684588
2624,19.21607208,19.95619536,1.10907236
2625,19.31723404,19.94980575,1.10884930
2626,20.61682129,19.95647590,1.12551451
2627,20.02762413,19.95718738,1.13018690
2628,20.90789223,19.96669443,1.14984773
2629,18.53290558,19.95235654,1.13821425
2630,20.21332550,19.95496623,1.14199394
2631,19.59055328,19.95132210,1.13707296
2632,20.70456314,19.95885451,1.13825365
2633,20.58548546,19.96512082,1.10744564
2634,19.80340576,19.96350367,1.10438122
2635,20.38754654,19.96774410,1.10563774
2636,21.67773438,19.98484400,1.12278182
2637,21.59639168,20.00095948,1.12982555
2638,20.78878784,20.00883776,1.12565011
2639,20.34684563,20.01221784,1.12817458
2640,21.03462791,20.02244194,1.13059389
2641,19.51998711,20.01741740,1.11977728
2642,20.20351791,20.01927840,1.12979930
2643,17.70399666,19.99612558,1.13404823
2644,20.52231407,20.00138747,1.11778066
2645,19.36514282,19.99502502,1.10763631
2646,20.64338303,20.00150860,1.10518776
2647,19.79508781,19.99944439,1.10088044
2648,20.06422234,20.00009217,1.10359405
2649,17.94246483,19.97951590,1.10544543
2650,20.73585892,19.98707933,1.10373713
2651,21.35818481,20.00079039,1.10346280
2652,21.17430878,20.01252557,1.10979630
2653,17.88028717,19.99120319,1.09165749
2654,20.55823517,19.99687350,1.10062948
2655,20.81059265,20.00501070,1.09809769
2656,21.37306595,20.01869125,1.06469797
2657,21.33115959,20.03181593,1.07166116
2658,20.46923828,20.03619016,1.07649942
2659,20.46439171,20.04047217,1.07517178
2660,20.00351715,20.04010262,1.07807849
2661,19.55534172,20.03525501,1.08387251
2662,19.66991043,20.03160157,1.03424893
2663,19.80124855,20.02929804,1.04751972
2664,20.78364372,20.03684149,1.04785035
2665,20.00572205,20.03653030,1.04770935
2666,17.98705101,20.01603551,1.03715738
2667,18.68238831,20.00269903,1.03805928
2668,18.24193573,19.98509140,1.02974655
2669,20.02857780,19.98552626,1.02992992
2670,20.34585190,19.98912952,1.05613207
2671,19.32285118,19.98246674,1.05406583
2672,20.40975571,19.98673963,1.05113101
2673,21.33406639,20.00021289,1.05495390
2674,20.80987549,20.00830952,1.04308415
2675,22.23801231,20.03060655,1.07633416
2676,21.93915176,20.04969200,1.07372712
2677,21.46369171,20.06383200,1.07756011
2678,22.18369865,20.08503066,1.08674211
2679,20.71355438,20.09131590,1.08506893
2680,21.60201645,20.10642291,1.07422753
2681,20.36912346,20.10904991,1.07783127
2682,20.78212929,20.11578071,1.08449414
2683,20.18954849,20.11651838,1.08926931
2684,20.25200844,20.11787328,1.10207924
2685,21.05028534,20.12719741,1.10491320
2686,22.20354271,20.14796086,1.10693347
2687,21.49087524,20.16139000,1.09934617
2688,20.26050949,20.16238120,1.09935949
2689,21.01619148,20.17091930,1.12164495
2690,19.49106216,20.16412073,1.12342957
2691,19.91167259,20.16159625,1.12933730
2692,17.69642067,20.13694449,1.14072871
2693,21.35770798,20.14915213,1.14077896
2694,20.44129562,20.15207356,1.11396597
2695,20.52931023,20.15584593,1.11461795
2696,21.22393990,20.16652687,1.12732115
2697,20.16172791,20.16647888,1.12977500
2698,21.17038536,20.17651794,1.13857080
2699,21.17347145,20.18648748,1.13933354
2700,21.31869125,20.19780952,1.11606042
2701,18.66517067,20.18248313,1.12364595
2702,19.09243202,20.17158262,1.12062918
2703,19.52534485,20.16512024,1.12767388
2704,21.91424942,20.18261153,1.11184741
2705,20.77573776,20.18854279,1.11464464
2706,20.61182785,20.19277564,1.11459914
2707,21.88524437,20.20970033,1.11132169
2708,19.08370781,20.19844041,1.10960891
2709,20.79591179,20.20441512,1.11431841
2710,21.49928665,20.21736383,1.12509498
2711,19.19716072,20.20716180,1.12913909
2712,19.99588013,20.20504899,1.12712578
2713,22.28355980,20.22583409,1.15100092
2714,20.16123772,20.22518813,1.16097323
2715,20.32551003,20.22619135,1.19267274
2716,20.66626930,20.23059213,1.19832078
2717,19.31565475,20.22144276,1.18950599
2718,19.49627113,20.21419104,1.20741126
2719,20.67352676,20.21878440,1.19012825
2720,17.89418602,20.19553841,1.19060956
2721,21.03524399,20.20393547,1.19108680
2722,20.26548386,20.20455095,1.20320985
2723,19.38041306,20.19630957,1.21086852
2724,21.01474571,20.20449393,1.21308328
2725,23.33835793,20.23583257,1.21247372
2726,21.04358292,20.24391008,1.20303565
2727,21.53250504,20.25679603,1.19380357
2728,22.01261902,20.27435426,1.19226160
2729,20.39414787,20.27555219,1.18651290
2730,21.40526772,20.28684935,1.18642431
2731,21.51996803,20.29918054,1.18198424
2732,19.23040199,20.28849275,1.30807888
2733,19.49571800,20.28056500,1.30955497
2734,22.33339310,20.30109328,1.31340540
2735,19.68984985,20.29498085,1.31352482
2736,19.93340492,20.29136509,1.31539416
2737,21.07478905,20.29919933,1.31179186
2738,21.91190720,20.31532641,1.30747257
2739,18.30162048,20.29518935,1.31005545
2740,21.22626686,20.30450012,1.31164563
2741,19.19612312,20.29341635,1.31814614
2742,18.75352669,20.27801746,1.31791858
2743,20.40557289,20.27929301,1.29122710
2744,21.24036789,20.28890376,1.29011370
2745,20.12013817,20.28721610,1.29865661
2746,18.62333870,20.27057733,1.30326760
2747,19.69092751,20.26478083,1.30107668
2748,19.01381493,20.25227117,1.30203997
2749,20.96916008,20.25944006,1.30679719
2750,20.50904655,20.26193613,1.30750709
2751,19.12254333,20.25054220,1.30713439
2752,21.24377060,20.26047448,1.29719448
2753,22.09119987,20.27878174,1.29731751
2754,22.03825951,20.29637652,1.30218728
2755,19.74747467,20.29088750,1.29491594
2756,20.05901718,20.28856879,1.30666464
2757,21.22679138,20.29795102,1.30773496
2758,19.72808838,20.29225239,1.30119958
2759,19.48859978,20.28421587,1.29349969
2760,22.12352753,20.30260898,1.29432409
2761,19.54603767,20.29504327,1.29205634
2762,20.26924706,20.29478531,1.28712892
2763,18.09705734,20.27280803,1.30117883
2764,22.13626099,20.29144256,1.29639952
2765,23.37715340,20.32229967,1.29806241
2766,21.83525085,20.33742918,1.29895991
2767,18.80671120,20.32212200,1.30069020
2768,23.32474136,20.35214819,1.31751285
2769,21.18270874,20.36045380,1.31512128
2770,21.21404266,20.36898969,1.31870056
2771,21.09335709,20.37623336,1.31488460
2772,22.80587196,20.40052975,1.31560606
2773,22.20158386,20.41854029,1.31558662
2774,19.64447594,20.41079964,1.32285520
2775,20.92238426,20.41591549,1.33724020
2776,21.81560707,20.42991241,1.31146325
2777,20.99092484,20.43552253,1.31091193
2778,21.64594460,20.44762675,1.30991305
2779,19.51998901,20.43835037,1.30587902
2780,21.02487564,20.44421563,1.30837771
2781,20.25172043,20.44229067,1.31011813
2782,15.05847168,20.38845248,1.31565695
2783,19.91113663,20.38367933,1.31072049
2784,19.60749435,20.37591748,1.30638602
2785,20.41562271,20.37631453,1.31066061
2786,19.63629913,20.36891437,1.30755994
2787,22.15749741,20.38680020,1.30576004
2788,20.87924576,20.39172466,1.30541480
2789,21.46996498,20.40250706,1.30067506
2790,21.54022598,20.41388425,1.28026213
2791,22.28952026,20.43264061,1.28729413
2792,21.16369629,20.43995117,1.28107511
2793,20.09920883,20.43654375,1.27363517
2794,19.96759796,20.43185429,1.27855136
2795,22.22886086,20.44982435,1.27767573
2796,21.86435699,20.46396968,1.28031514
2797,20.76642609,20.46699424,1.26538909
2798,21.36266136,20.47595092,1.26262449
2799,19.43821716,20.46557358,1.25181317
2800,21.58638382,20.47678168,1.25238810
2801,21.54732132,20.48748708,1.25485260
2802,21.61868858,20.49879909,1.25208438
2803,19.39707565,20.48778186,1.26727956
2804,22.31255150,20.50602955,1.26075898
2805,21.08856201,20.51185488,1.25375201
2806,22.63906860,20.53312702,1.25319518
2807,21.41948509,20.54199060,1.25314894
2808,21.14898109,20.54806050,1.25270278
2809,20.58462143,20.54842611,1.25218606
2810,20.35737801,20.54651563,1.24822438
2811,20.30808449,20.54413132,1.24152617
2812,20.16056061,20.54029561,1.23875447
2813,18.85473633,20.52344002,1.24082365
2814,22.19199181,20.54012554,1.21528861
2815,21.62518311,20.55097611,1.22862910
2816,20.33448601,20.54881121,1.20082708
2817,20.17203140,20.54504341,1.19860995
2818,18.39513588,20.52354434,1.19132075
2819,21.47705078,20.53307940,1.16315067
2820,19.84626007,20.52621121,1.19857478
2821,23.30728912,20.55402199,1.19757431
2822,21.56535912,20.56413536,1.20694869
2823,21.21268463,20.57062085,1.20943138
2824,22.79758453,20.59289049,1.20629780
2825,23.02276993,20.61718928,1.20267511
2826,20.31290817,20.61414647,1.20306110
2827,20.78204346,20.61582544,1.20199778
2828,21.74402237,20.62710741,1.20236332
2829,21.91277122,20.63996405,1.19863205
2830,21.86444473,20.65220886,1.19306375
2831,19.98870087,20.64557378,1.19267344
2832,19.47538948,20.63387193,1.19349481
2833,21.78574181,20.64539063,1.06358828
2834,20.61100960,20.64504682,1.06079480
2835,23.01003647,20.66869672,1.06568859
2836,21.39623451,20.67597210,1.06961588
2837,21.31984901,20.68241087,1.08060483
2838,20.80805206,20.68366728,1.07168164
2839,21.56466484,20.69247725,1.07293896
2840,20.51580811,20.69071056,1.07842619
2841,22.55207253,20.70932418,1.08444558
2842,21.93824005,20.72161334,1.08254774
2843,19.76665497,20.71206376,1.08466688
2844,19.96201324,20.70456325,1.08603709
2845,20.86622810,20.70617990,1.08991632
2846,20.10135651,20.70013167,1.08028210
2847,20.47573662,20.69788772,1.07435090
2848,20.58486557,20.69675749,1.09174214
2849,21.35378647,20.70332778,1.09012565
2850,20.67352676,20.70302977,1.08814080
2851,20.31962776,20.69919575,1.08542063
2852,19.80636024,20.69026740,1.11562554
2853,19.04595375,20.67382426,1.11238669
2854,21.65664291,20.68365245,1.10879802
2855,20.84929466,20.68530887,1.10137210
2856,20.21684837,20.68062427,1.10146947
2857,21.68686295,20.69068665,1.08389816
2858,21.50909042,20.69887069,1.08208217
2859,20.20061302,20.69388811,1.08307464
2860,21.76774788,20.70462671,1.08304916
2861,20.53213120,20.70290176,1.10638221
2862,20.31052208,20.69897796,1.10592885
2863,20.25529099,20.69454109,1.11685314
2864,20.53841591,20.69297984,1.10316917
2865,18.74280167,20.67347806,1.09581608
2866,21.69370651,20.68368034,1.09300222
2867,21.92853546,20.69612889,1.09353215
2868,19.72298622,20.68639746,1.09258065
2869,20.55487251,20.68508222,1.07067629
2870,18.01578140,20.65838921,1.07354501
2871,20.68549347,20.65866025,1.07062685
2872,22.53526306,20.67742628,1.03816083
2873,23.24750710,20.70312709,1.04537318
2874,19.75816536,20.69367747,1.04815999
2875,20.51959419,20.69193664,1.07893182
2876,20.57790565,20.69079633,1.05982704
2877,19.93644142,20.68325278,1.05962670
2878,21.36643982,20.69008465,1.07627340
2879,20.99973869,20.69318119,1.07004287
2880,21.05806160,20.69682999,1.06855518
2881,20.82870102,20.69814870,1.07125667
2882,21.59041214,20.70707134,1.07014678
2883,19.61141968,20.69611482,1.06810372
2884,21.08630371,20.70001671,1.07148136
2885,19.50960159,20.68811256,1.07272743
2886,20.02684593,20.68149989,1.04433714
2887,19.10536385,20.66573853,1.04298732
2888,21.47394180,20.67382056,1.04376506
2889,21.52591515,20.68234151,1.05466523
2890,22.32824135,20.69880051,1.04989899
2891,22.42674255,20.71607993,1.05131471
2892,19.54795265,20.70439866,1.03684686
2893,20.13474274,20.69870210,1.02937475
2894,21.78126335,20.70952771,1.05215451
2895,22.18552971,20.72428773,1.05746907
2896,20.62193298,20.72326418,1.05697342
2897,21.04936218,20.72652516,1.05648048
2898,19.00547791,20.70931469,1.05946111
2899,20.67518044,20.70897335,1.05943835
2900,19.86090469,20.70049266,1.05647262
2901,20.48898697,20.69837760,1.05653254
2902,18.14185715,20.67281240,1.06665863
2903,20.44045067,20.67048878,1.07118763
2904,19.94759178,20.66325981,1.06323038
2905,19.78489876,20.65447620,1.06731808
2906,21.26169205,20.66054836,1.06771593
2907,20.73822975,20.66132517,1.08984908
2908,20.35765648,20.65828849,1.09998335
2909,21.45439339,20.66624954,1.09490182
2910,20.75474167,20.66713446,1.10612866
2911,18.46090126,20.64507212,1.10377880
2912,20.64216805,20.64504308,1.11457725
2913,19.08672523,20.62945991,1.11801593
2914,20.95434570,20.63270876,1.11783438
2915,19.83044434,20.62468612,1.11907399
2916,21.31628418,20.63160210,1.10637674
2917,21.17283440,20.63701442,1.09955835
2918,20.67215729,20.63736585,1.11748071
2919,20.31231880,20.63411538,1.11538907
2920,21.90430832,20.64681731,1.11540092
2921,20.79380608,20.64828720,1.09182566
2922,21.04775810,20.65228191,1.09946370
2923,19.18597412,20.63761883,1.08542677
2924,19.73227882,20.62856543,1.05185091
2925,17.25625992,20.59484237,1.05814157
2926,19.24561882,20.58135014,1.06185205
2927,20.72033691,20.58274001,1.06918962
2928,18.61546898,20.56306730,1.06903519
2929,20.32703018,20.56070692,1.06692618
2930,19.24376297,20.54753749,1.06582300
2931,18.90393639,20.53110147,1.07478989
2932,20.64915276,20.53228199,1.07469174
2933,21.25967216,20.53955589,1.07059423
2934,18.90598106,20.52322014,1.07471535
2935,20.93593407,20.52734728,1.08329392
2936,20.22465324,20.52432034,1.07884867
2937,21.06528854,20.52973002,1.09275077
2938,21.27338791,20.53716660,1.09687149
2939,21.95742607,20.55136919,1.11959966
2940,20.38426399,20.54969814,1.11589438
2941,19.85111427,20.54271230,1.10713350
2942,21.36010170,20.55088620,1.09396023
2943,19.78679085,20.54324524,1.09098974
2944,18.01790237,20.51799182,1.09159555
2945,19.11304474,20.50394235,1.11395687
2946,20.14891434,20.50039207,1.10277149
2947,20.53657722,20.50075392,1.10475881
2948,21.11427879,20.50688917,1.10863711
2949,20.28727150,20.50469299,1.09786018
2950,20.02494049,20.49989546,1.10097011
2951,20.08885765,20.49578509,1.10271625
2952,18.78568840,20.47868412,1.10720116
2953,19.05390167,20.46443629,1.08661370
2954,19.71533966,20.45694533,1.09181960
2955,21.76952362,20.47007111,1.09064332
2956,20.73802948,20.47275069,1.09019797
2957,18.02029037,20.44822609,1.08832555
2958,18.23877335,20.42613156,1.10365954
2959,20.32583237,20.42512857,1.10623170
2960,21.77642441,20.43864153,1.10417965
2961,21.29278755,20.44718299,1.10715703
2962,21.77265739,20.46043773,1.09095794
2963,21.12893486,20.46712271,1.09918892
2964,20.17244911,20.46417597,1.11031446
2965,19.69325829,20.45646679,1.11988562
2966,19.98878670,20.45178999,1.12886636
2967,20.17170143,20.44898911,1.13512354
2968,22.72408485,20.47174006,1.13519815
2969,19.95841408,20.46660680,1.13740722
2970,20.14658928,20.46340663,1.14712070
2971,21.10883331,20.46986090,1.14980922
2972,21.61846161,20.48134690,1.15269568
2973,21.33594704,20.48989290,1.15158349
2974,19.74951744,20.48248915,1.14444895
2975,21.65691185,20.49423338,1.14176778
2976,21.20167160,20.50130776,1.10698208
2977,21.58977699,20.51219245,1.11201958
2978,19.78808212,20.50495135,1.11790687
2979,19.78585243,20.49776036,1.10090687
2980,20.20125389,20.49479529,1.10793365
2981,21.81565094,20.50800385,1.10067439
2982,20.60375214,20.50896133,1.11477445
2983,20.83430672,20.51221479,1.11501174
2984,21.65175056,20.52361014,1.11539867
2985,18.84792137,20.50685326,1.10562665
2986,20.45991707,20.50638390,1.10654471
2987,18.49318886,20.48625194,1.10612202
2988,22.00668716,20.50145630,1.10605565
2989,22.82002449,20.52464198,1.10369824
2990,19.96999741,20.51909553,1.09583526
2991,21.48209763,20.52872555,1.10161499
2992,21.14788437,20.53491714,1.10540152
2993,20.93268013,20.53889477,1.10418893
2994,20.93189430,20.54282477,1.11915062
2995,22.96336937,20.56703021,1.10448970
2996,20.70447159,20.56840463,1.09563910
2997,21.09131241,20.57363371,1.10755360
2998,19.36107826,20.56150815,1.11181900
2999,20.42423820,20.56013545,1.11952930
3000,21.26269913,20.56716109,1.12022735
3001,19.47918320,20.55628131,1.11904598
3002,19.39615059,20.54468000,1.11803780
3003,19.32282257,20.53246143,1.10404295
3004,19.30390549,20.52017587,1.09408976
3005,20.63974762,20.52137159,1.09074379
3006,19.71423531,20.51330022,1.09206871
3007,20.74638939,20.51563111,1.10076203
3008,18.48625374,20.49533734,1.09664894
3009,21.11431885,20.50152716,1.07427764
3010,19.66517258,20.49316361,1.07552571
3011,19.45077133,20.48273969,1.08305011
3012,21.00703812,20.48798267,1.08134289
3013,21.70934296,20.50019627,1.07843049
3014,22.51585960,20.52035291,1.08573820
3015,18.85466003,20.50369598,1.10772785
3016,21.98461151,20.51850513,1.12625032
3017,21.86210632,20.53194115,1.12477376
3018,21.08667183,20.53748845,1.12516147
3019,19.70225143,20.52913608,1.10957950
3020,18.88855743,20.51273030,1.13824982
3021,21.99565887,20.52755958,1.13797020
3022,21.28056335,20.53508962,1.14123152
3023,20.43206024,20.53405933,1.13626734
3024,20.82052040,20.53692394,1.13377004
3025,20.28999901,20.53445469,1.13209989
3026,22.15546989,20.55066484,1.12925819
3027,22.22350121,20.56739320,1.12753648
3028,21.73112297,20.57903050,1.12308594
3029,20.50960350,20.57833623,1.12082823
3030,19.29989624,20.56555183,1.11847610
3031,20.24682808,20.56236459,1.11837236
3032,18.13264084,20.53806736,1.12211494
3033,20.80399132,20.54072660,1.12239413
3034,19.75626373,20.53288197,1.12640769
3035,21.20681572,20.53962130,1.13351196
3036,19.94219780,20.53364707,1.12107476
3037,20.53956223,20.53370622,1.14198676
3038,21.06025314,20.53897169,1.12408979
3039,20.63108444,20.53989282,1.11459660
3040,21.02821159,20.54477601,1.09584049
3041,21.70097542,20.55633800,1.09561137
3042,21.74343872,20.56820901,1.09435717
3043,19.98450089,20.56237193,1.09281904
3044,22.60033226,20.58275153,1.09417774
3045,18.82665443,20.56519056,1.09428828
3046,20.27570724,20.56229572,1.07434423
3047,22.32888603,20.57996163,1.08820072
3048,21.65271759,20.59068919,1.12696550
3049,19.23530197,20.57713532,1.12416257
3050,21.14760017,20.58283996,1.16036019
3051,20.46258926,20.58163746,1.16131583
3052,20.55722427,20.58139333,1.16313309
3053,20.46143913,20.58019378,1.15860440
3054,21.00600052,20.58445185,1.15807228
3055,20.79889679,20.58659630,1.16440579
3056,19.38723755,20.57460271,1.16533378
3057,22.09479523,20.58980464,1.16504067
3058,23.13727951,20.61527939,1.17178101
3059,21.64014816,20.62552807,1.15615274
3060,21.43394089,20.63361220,1.16058783
3061,19.08859062,20.61816199,1.15829909
3062,21.07572174,20.62273758,1.16277877
3063,19.94939995,20.61600421,1.16271362
3064,22.14910316,20.63133520,1.16060783
3065,18.51081085,20.61012995,1.15341736
3066,18.49187660,20.58894742,1.14219117
3067,20.86712265,20.59172917,1.18710192
3068,20.21526146,20.58796450,1.18597208
3069,19.68613052,20.57894616,1.18553952
3070,18.02687645,20.55342546,1.18262042
3071,20.32425308,20.55113373,1.19460962
3072,19.58745384,20.54149694,1.18641268
3073,20.51224518,20.54120442,1.20526054
3074,20.35748672,20.53936724,1.25215256
3075,21.08791161,20.54485269,1.25388775
3076,21.36624908,20.55306665,1.29037508
3077,20.76452065,20.55518119,1.28250589
3078,20.82289696,20.55785835,1.27586381
3079,20.33423615,20.55562212,1.27031039
3080,20.84898186,20.55855572,1.27453604
3081,20.94733810,20.56244355,1.26900732
3082,22.19058990,20.57872501,1.28828998
3083,20.39178467,20.57685561,1.26935585
3084,19.63781738,20.56746522,1.26912390
3085,18.91675568,20.55095813,1.27336846
3086,20.39713860,20.54941993,1.27426246
3087,18.37125015,20.52763824,1.27410899
3088,20.55508232,20.52791268,1.27913174
3089,20.69582748,20.52959182,1.27871407
3090,19.51586342,20.51945454,1.27958981
3091,21.02555084,20.52451550,1.28021486
3092,19.71431351,20.51641348,1.27609303
3093,20.73553848,20.51860473,1.27081685
3094,19.80258179,20.51144450,1.27142874
3095,20.02698898,20.50659995,1.26916865
3096,19.16025162,20.49313647,1.25789214
3097,22.19665146,20.51017162,1.25802815
3098,23.49323654,20.54000226,1.27203384
3099,21.39134979,20.54851574,1.27886916
3100,23.47334099,20.57776399,1.27222679
3101,21.43082428,20.58629460,1.27112889
3102,21.91613770,20.59959303,1.29957815
3103,21.27254868,20.60632258,1.30085808
3104,19.43496132,20.59460897,1.30323775
3105,18.87216759,20.57738456,1.30785462
3106,21.11199951,20.58273071,1.30921491
3107,21.48719215,20.59177532,1.30369265
3108,21.95788574,20.60543642,1.29911656
3109,19.82631111,20.59764517,1.27674378
3110,19.53496361,20.58701836,1.27378184
3111,20.12150192,20.58236319,1.27128393
3112,19.13718796,20.56791144,1.28294003
3113,21.07409668,20.57297329,1.29943628
3114,21.54576874,20.58270125,1.31468835
3115,22.08853149,20.59775955,1.32018573
3116,21.33561897,20.60513814,1.30204005
3117,17.10959435,20.57018270,1.29853785
3118,19.41473198,20.55862820,1.30323289
3119,20.15792656,20.55462118,1.30687215
3120,20.72619057,20.55633687,1.30331181
3121,18.19102097,20.53268372,1.27725771
3122,20.14723969,20.52882928,1.28146993
3123,18.22730255,20.50581401,1.28612223
3124,17.01358414,20.47089171,1.28802051
3125,21.16436195,20.47782641,1.29279796
3126,23.53542709,20.50840242,1.29550771
3127,21.27805901,20.51609898,1.29622169
3128,21.56206703,20.52655866,1.30250831
3129,20.38781738,20.52517125,1.30596543
3130,21.53007698,20.53522031,1.30625185
3131,20.19808388,20.53184895,1.34514876
3132,22.78507233,20.55438118,1.35961286
3133,19.59972572,20.54483462,1.35459428
3134,20.63417625,20.54572804,1.35518419
3135,21.88481712,20.55911893,1.37792974
3136,21.39430046,20.56747075,1.36780345
3137,20.00315857,20.56182763,1.39945942
3138,21.74548340,20.57366418,1.38245533
3139,20.24679375,20.57039548,1.38512396
3140,20.11409187,20.56583244,1.40877650
3141,19.96651459,20.55983926,1.40311527
3142,21.04505157,20.56469139,1.40600395
3143,20.42358017,20.56328027,1.40174792
3144,21.27389526,20.57038642,1.40204430
3145,18.65902138,20.55127277,1.40117622
3146,20.80050278,20.55376507,1.39899493
3147,20.88368797,20.55706430,1.39180882
3148,23.15912628,20.58308492,1.38632949
3149,22.30231667,20.60027724,1.36190402
3150,20.25375366,20.59681200,1.36089484
3151,20.47274780,20.59557136,1.33610112
3152,23.37174225,20.62333307,1.34434565
3153,21.25757790,20.62967552,1.34748308
3154,19.85837173,20.62196248,1.35073067
3155,19.47394371,20.61048229,1.34352026
3156,19.99652863,20.60434276,1.32905270
3157,20.72831726,20.60558250,1.33117164
3158,21.63308334,20.61585751,1.33047518
3159,21.31541443,20.62285308,1.35394252
3160,21.13937378,20.62801829,1.35012174
3161,20.59198380,20.62765794,1.34511796
3162,22.98561287,20.65123749,1.35828808
3163,22.82866859,20.67301180,1.35335192
3164,22.89409065,20.69522259,1.35448178
3165,22.67383957,20.71500876,1.35309196
3166,20.82445335,20.71610321,1.34877797
3167,22.86660194,20.73760819,1.35607968
3168,22.01878357,20.75041995,1.30429806
3169,22.04384422,20.76335419,1.29668754
3170,20.48659134,20.76058656,1.30468749
3171,21.75229645,20.77050366,1.30809119
3172,19.83967018,20.76119533,1.28028028
3173,19.35496140,20.74713299,1.27821049
3174,21.70399284,20.75670159,1.25344138
3175,22.17575836,20.77089215,1.20134590
3176,21.91016769,20.78228491,1.22427311
3177,20.27443504,20.77720641,1.19645142
3178,22.30326843,20.79246703,1.19737963
3179,21.99644661,20.80450683,1.19811445
3180,21.60214806,20.81248324,1.21254003
3181,17.78989029,20.78225731,1.21248488
3182,23.02701759,20.80470491,1.24133142
3183,21.77118111,20.81436967,1.22680483
3184,21.64055824,20.82263156,1.22680159
3185,23.88786125,20.85328386,1.25148005
3186,22.11501694,20.86590119,1.25095759
3187,18.12644768,20.83850665,1.25215459
3188,22.27714348,20.85289302,1.24983281
3189,20.25200462,20.84688414,1.25092885
3190,18.53733444,20.82378864,1.24959400
3191,21.41174698,20.82966822,1.24743391
3192,20.19409752,20.82331252,1.24433726
3193,21.19469643,20.82702635,1.24433945
3194,20.82809830,20.82703707,1.24561020
3195,22.04316139,20.83919832,1.26221833
3196,21.35026550,20.84430899,1.24841859
3197,22.08667374,20.85673264,1.24852826
3198,20.69637680,20.85512908,1.24993441
3199,21.53253365,20.86190312,1.23694521
3200,21.11691666,20.86445326,1.23078451
3201,21.14975548,20.86730628,1.23498067
3202,22.76922226,20.88632544,1.23718911
3203,22.57558823,20.90321807,1.21422883
3204,20.17373466,20.89592324,1.22135292
3205,21.58041000,20.90276810,1.21796534
3206,21.63951874,20.91013561,1.20933437
3207,20.44404984,20.90547475,1.20573615
3208,20.82412720,20.90466128,1.20817467
3209,18.42990685,20.87991373,1.20738914
3210,20.93584633,20.88047306,1.21277686
3211,21.83379555,20.89000628,1.21281198
3212,19.12316132,20.87233783,1.21371490
3213,19.88526535,20.86246711,1.19853146
3214,21.75643539,20.87140679,1.18851766
3215,21.43636894,20.87705641,1.17498658
3216,21.69601059,20.88524595,1.16628515
3217,19.66031265,20.87299662,1.16746939
3218,21.47486305,20.87901529,1.15251936
3219,20.85614777,20.87878661,1.16658829
3220,22.84351730,20.89843392,1.16185250
3221,22.21761131,20.91162569,1.17352351
3222,21.48721123,20.91738155,1.17685582
3223,21.52479935,20.92345572,1.17153067
3224,22.27237701,20.93694494,1.16828881
3225,19.86750031,20.92625049,1.16746052
3226,18.95635223,20.90655151,1.16252144
3227,21.05379295,20.90802392,1.15942209
3228,20.68843651,20.90582805,1.15745641
3229,22.07736969,20.91754347,1.20260333
3230,19.33469009,20.90171493,1.20316718
3231,20.64079475,20.89910573,1.20153369
3232,18.46217537,20.87473643,1.15986720
3233,21.12958717,20.87728493,1.15643386
3234,19.92295074,20.86774159,1.15573355
3235,23.72348022,20.89629898,1.15603659
3236,20.30195236,20.89035551,1.12019768
3237,20.45541382,20.88600609,1.11685651
3238,21.64006805,20.89354671,1.08407977
3239,20.19785881,20.88658984,1.07886951
3240,20.94563103,20.88718025,1.07627385
3241,21.00032234,20.88831167,1.05953840
3242,21.45696640,20.89399822,1.06000024
3243,21.38102341,20.89886847,1.06649354
3244,20.48842430,20.89476403,1.06724334
3245,19.10154915,20.87683188,1.06945491
3246,20.02009773,20.86826454,1.08439203
3247,21.00176048,20.86959950,1.08715762
3248,20.57718658,20.86667537,1.08742822
3249,22.56914520,20.88370006,1.09493060
3250,20.47487450,20.87961181,1.09756812
3251,22.37606239,20.89457631,1.10363586
3252,22.05800819,20.90621063,1.10801884
3253,21.78764915,20.91502502,1.10775504
3254,22.58878136,20.93176258,1.09660270
3255,21.79718971,20.94041685,1.09408493
3256,21.33240128,20.94433670,1.09487983
3257,21.35886002,20.94848193,1.09661436
3258,22.10414696,20.96003858,1.09843108
3259,20.78515053,20.95828970,1.10462633
3260,20.07318687,20.94943867,1.07769872
3261,21.05422592,20.95048654,1.07799557
3262,21.87066078,20.95968829,1.07563067
3263,21.89133072,20.96900471,1.06942549
3264,22.29062462,20.98222091,1.06600716
3265,21.91114616,20.99151016,1.06714357
3266,20.38664246,20.98546149,1.06787367
3267,20.69515419,20.98255841,1.06893119
3268,21.08200073,20.98355284,1.06214586
3269,19.09671211,20.96468443,1.06270758
3270,20.95396614,20.96457725,1.06655787
3271,22.92013359,20.98413281,1.05093515
3272,20.00587463,20.97435023,1.05020304
3273,21.27187920,20.97732552,1.04922757
3274,19.83332825,20.96588554,1.09409217
3275,21.77311325,20.97395782,1.08702739
3276,21.70699692,20.98128821,1.08157487
3277,21.54783440,20.98695367,1.08913222
3278,21.39902878,20.99107443,1.09311646
3279,17.60472298,20.95721091,1.09825680
3280,22.22632217,20.96990202,1.09442056
3281,21.09494400,20.97115244,1.08509350
3282,21.43017769,20.97574270,1.08468029
3283,23.01027298,20.99608800,1.06583159
3284,20.50899124,20.99121703,1.06790440
3285,20.44891930,20.98579405,1.06782735
3286,20.78644180,20.98380053,1.04081993
3287,21.82999420,20.99226247,1.03873208
3288,22.07461548,21.00308600,1.04453832
3289,21.85123444,21.01156748,1.04275580
3290,21.11406136,21.01259242,1.04050495
3291,22.78932381,21.03035974,1.04051687
3292,21.73290634,21.03738520,1.04643600
3293,19.78208923,21.02483224,1.04815853
3294,21.66608620,21.03124478,1.04791768
3295,20.50531960,21.02598553,1.05610563
3296,19.11323357,21.00685801,1.04081720
3297,20.30538368,20.99984327,1.04484069
3298,22.26972198,21.01254205,1.04787274
3299,19.82641983,21.00068083,1.05433803
3300,20.19500351,20.99262406,1.04740947
3301,19.93494797,20.98204730,1.04679339
3302,22.11561966,20.99338302,1.03996177
3303,19.32261086,20.97667530,1.03908775
3304,21.27843285,20.97969287,1.03855414
3305,21.35893822,20.98348533,1.02661684
3306,21.80287552,20.99167923,1.02670227
3307,20.16496468,20.98341208,1.02739487
3308,21.90456581,20.99262362,1.04069419
3309,22.28442001,21.00554159,1.03557604
3310,20.32762909,20.99876246,1.03640978
3311,20.85154915,20.99729033,1.04483158
3312,20.67366409,20.99405407,1.04534375
3313,19.63884926,20.98050202,1.04491047
3314,20.41919327,20.97488893,1.04049124
3315,20.14179420,20.96655798,1.03920733
3316,21.67919922,20.97368439,1.05364133
3317,21.93896103,20.98333716,1.05236859
3318,21.62087440,20.98971253,1.06040668
3319,21.70495605,20.99686497,1.06041128
3320,22.04936981,21.00739002,1.04724396
3321,21.08827019,21.00819882,1.04831842
3322,22.26004601,21.02071729,1.04571353
3323,21.22338486,21.02274397,1.04281136
3324,17.91788483,20.99169537,1.04421785
3325,20.77984047,20.98957683,1.03896552
3326,20.82382584,20.98791932,1.03583818
3327,18.63718414,20.96441196,1.04234912
3328,21.97641373,20.97453198,1.04342983
3329,22.16373825,20.98642404,1.04425823
3330,21.63871574,20.99294696,0.99103303
3331,20.25547409,20.98557223,0.99429091
3332,21.23744583,20.98809097,1.01156828
3333,19.58979416,20.97410800,1.01068632
3334,20.37429237,20.96810984,0.99290256
3335,20.02192688,20.95864801,0.99220521
3336,22.39055634,20.97296710,0.99097379
3337,20.97574425,20.97299487,0.99282515
3338,22.29747009,20.98623962,0.98895387
3339,20.85496521,20.98492688,0.98264252
3340,21.46065903,20.98968420,0.98519713
3341,21.15905762,20.99137793,0.98994000
3342,22.22838020,21.00374796,0.97328762
3343,20.34791374,20.99718961,0.98725204
3344,20.78159142,20.99503363,0.98075320
3345,19.66215897,20.98170489,0.98966941
3346,20.57079315,20.97759577,1.03366015
3347,19.74279404,20.96524775,1.02178633
3348,20.24735451,20.95806882,1.02552901
3349,19.79969597,20.94648509,1.01951907
3350,19.92625237,20.93628276,1.01529294
3351,21.28001213,20.93972006,1.01822574
3352,20.19586563,20.93228151,1.02467475
3353,19.90741920,20.92203289,1.02053328
3354,20.12328720,20.91404543,1.00730834
3355,21.43966293,20.91930161,1.01270464
3356,21.79496765,20.92805827,1.01335211
3357,21.47280693,20.93350575,1.01404717
3358,22.66413498,20.95081205,1.03987920
3359,20.44065094,20.94571044,1.03612168
3360,20.47909927,20.94104432,1.02823686
3361,19.32239151,20.92485780,1.02635566
3362,21.25759888,20.92818521,1.03145295
3363,19.99588966,20.91886225,1.03213169
3364,20.93730354,20.91904666,1.05888282
3365,19.57534790,20.90560968,1.06479678
3366,22.86273956,20.92518097,1.07438155
3367,20.99754906,20.92590466,1.07299791
3368,22.21912956,20.93883690,1.06888415
3369,21.04176140,20.93986615,1.06808700
3370,21.67573738,20.94722486,1.06714054
3371,21.41401291,20.95189274,1.07704778
3372,19.08019638,20.93317578,1.07737986
3373,20.39474487,20.92779147,1.07084079
3374,21.53092194,20.93382277,1.07123963
3375,20.58936882,20.93037823,1.02658192
3376,20.66650581,20.92773951,1.03311623
3377,22.29793167,20.94144143,1.03334396
3378,20.11539841,20.93318100,1.01981299
3379,21.50843239,20.93893352,1.01697255
3380,21.18320274,20.94137621,1.02390136
3381,19.37758064,20.92573825,1.02445651
3382,22.78717804,20.94435265,1.02146452
3383,20.67871284,20.94169625,1.03002270
3384,21.69665146,20.94924580,1.02003276
3385,21.13977051,20.95115105,1.02216999
3386,20.85706329,20.95021017,1.01874571
3387,20.27651024,20.94347317,1.01097026
3388,20.84488678,20.94248731,1.03236997
3389,20.98776817,20.94294012,1.02581067
3390,22.04208946,20.95393161,1.02769795
3391,19.89477921,20.94334009,1.04798740
3392,21.12259674,20.94513266,1.05191059
3393,18.98707771,20.92555211,1.04902887
3394,20.75415039,20.92383809,1.04701971
3395,22.36209106,20.93822062,1.04754978
3396,23.92551994,20.96809361,1.04238378
3397,21.91503906,20.97756307,1.05685504
3398,22.07725525,20.98855999,1.05844032
3399,20.33620453,20.98203643,1.05567611
3400,20.27930832,20.97500915,1.04848081
3401,22.07174301,20.98597649,1.04259300
3402,19.40932274,20.97020995,1.04296796
3403,21.62266541,20.97673451,1.04507866
3404,20.95633507,20.97653051,1.06711084
3405,19.86543083,20.96541952,1.06242820
3406,20.40477562,20.95981308,1.06278294
3407,21.86138344,20.96882878,1.06446154
3408,23.44056892,20.99354618,1.06419663
3409,21.18135643,20.99542429,1.06254415
3410,20.95635033,20.99503355,1.07398629
3411,21.21986771,20.99728189,1.07205063
3412,19.94209480,20.98673002,1.06719511
3413,21.47521591,20.99161488,1.07059701
3414,18.22985649,20.96399729,1.06821356
3415,22.22202301,20.97657755,1.07050196
3416,22.67327309,20.99354450,1.05993979
3417,20.60024643,20.98961152,1.04753391
3418,21.04693222,20.99018473,1.10105065
3419,21.46872711,20.99497015,1.10954878
3420,21.54438972,21.00046435,1.11500284
3421,22.81929588,21.01865267,1.12711108
3422,20.74728203,21.01593896,1.12677248
3423,20.66904831,21.01247005,1.11582826
3424,21.36861801,21.01603153,1.11551310
3425,21.24316597,21.01830288,1.11536890
3426,19.83927155,21.00651256,1.11391017
3427,21.31314087,21.00957885,1.11409683
3428,22.74259758,21.02690903,1.10874675
3429,20.51472282,21.02178717,1.10448206
3430,22.73141098,21.03888341,1.11020387
3431,21.78197289,21.04631430,1.11092275
3432,21.11222076,21.04697337,1.09808697
3433,22.47135925,21.06121723,1.08685800
3434,21.42192268,21.06482428,1.08581440
3435,20.19229507,21.05609899,1.08544147
3436,21.75503349,21.06308833,1.08601532
3437,21.55043411,21.06796179,1.08724160
3438,23.29826164,21.09026479,1.08349715
3439,20.90380859,21.08840023,1.11647922
3440,21.86898232,21.09620605,1.11619602
3441,23.32867432,21.11853073,1.11993037
3442,20.31873512,21.11053278,1.11174641
3443,22.02183723,21.11964582,1.11167311
3444,20.83293343,21.11677870,1.08911425
3445,21.71743774,21.12278529,1.09321707
3446,22.28798485,21.13443728,1.08834040
3447,19.42468071,21.11733972,1.05690320
3448,22.77691078,21.13393543,1.05673665
3449,20.87325859,21.13132866,1.05392543
3450,20.83822250,21.12839760,1.05233453
3451,20.88651276,21.12597875,1.05459853
3452,20.98637199,21.12458268,1.05185824
3453,20.16141891,21.11495104,1.03766133
3454,23.82312775,21.14203281,1.03741621
3455,21.24235344,21.14303602,1.04908503
3456,21.77859497,21.14939161,1.04674444
3457,20.47640800,21.14266177,1.04312718
3458,21.11958694,21.14243102,1.04182090
3459,22.74924278,21.15849914,1.02082380
3460,23.12259483,21.17814010,1.02466837
3461,21.66593552,21.18301805,1.03277097
3462,19.87870598,21.16997493,1.03301195
3463,22.28652573,21.18114044,1.02430321
3464,20.49662018,21.17429524,1.03088285
3465,20.67756271,21.16932791,0.98476212
3466,20.94137001,21.16704833,0.98138210
3467,21.87893105,21.17416716,0.97608456
3468,17.95850945,21.14201058,0.97348485
3469,19.57219887,21.12631247,0.97938780
3470,20.18591499,21.11690849,0.98228388
3471,23.06033707,21.13634278,0.98396711
3472,21.30398941,21.13801924,0.97386271
3473,22.66856956,21.15332475,0.97552135
3474,22.09331512,21.16272465,0.98513189
3475,21.71806908,21.16827809,0.99213557
3476,21.43209267,21.17091624,0.99230767
3477,20.86601830,21.16786726,0.98547946
3478,21.65967178,21.17278531,0.99192737
3479,21.02096939,21.17126715,0.98979442
3480,22.60214615,21.18557594,0.98633006
3481,21.83743858,21.19209456,0.97839470
3482,20.82734108,21.18844703,0.97934494
3483,21.18313217,21.18839388,0.98062664
3484,21.27231407,21.18923308,1.02894499
3485,21.85456276,21.19588638,1.02891539
3486,21.80480957,21.20197561,1.03046962
3487,22.08381462,21.21079400,1.03916358
3488,21.67692375,21.21545530,1.03936434
3489,24.26153755,21.24591612,1.02402351
3490,21.57328415,21.24918980,1.03203756
3491,22.77545166,21.26445242,1.05075668
3492,21.52079010,21.26701580,1.03652287
3493,21.64704514,21.27081609,1.03223045
3494,21.24468994,21.27055483,1.05047227
3495,22.71288109,21.28497809,1.05333405
3496,21.92168427,21.29134515,1.06436719
3497,21.89364052,21.29736811,1.06519323
3498,21.01995850,21.29459401,1.05119898
3499,21.48961067,21.29654418,1.04361113
3500,20.84550476,21.29203378,1.04656883
3501,22.84856415,21.30759909,1.04739163
3502,21.62624550,21.31078555,1.04667581
3503,22.41832161,21.32186091,1.04618012
3504,21.87072754,21.32734958,1.05055990
3505,20.04358292,21.31451191,1.02345845
3506,20.39018631,21.30526865,1.02347482
3507,21.46578598,21.30687383,1.02597987
3508,21.46027756,21.30840786,1.03473530
3509,22.00328636,21.31535665,1.03472916
3510,20.72098351,21.30941292,1.03688067
3511,20.25996399,21.29891843,1.04584439
3512,21.36032104,21.29953246,1.06008253
3513,21.69364166,21.30347355,1.11514788
3514,22.81475830,21.31858639,1.11080920
3515,21.86269760,21.32402751,1.10800773
3516,22.04224014,21.33120963,1.11930010
3517,20.79270935,21.32582463,1.11877442
3518,21.73038483,21.32987023,1.13310930
3519,20.53838539,21.32195538,1.08570002
3520,22.43269539,21.33306278,1.07713437
3521,22.29134941,21.34264565,1.07375022
3522,21.24767113,21.34169590,1.06104404
3523,22.49997330,21.35327868,1.10133342
3524,20.13391876,21.34108508,1.10348515
3525,20.46518135,21.33232604,1.12516041
3526,21.85394478,21.33754223,1.12574071
3527,22.60382271,21.35020503,1.13286039
3528,22.84330940,21.36513608,1.13330986
3529,20.47637367,21.35624845,1.13655186
3530,21.75606346,21.36024660,1.13973911
3531,22.23347664,21.36897890,1.13684561
3532,21.08305359,21.36611965,1.14111149
3533,22.25587273,21.37501718,1.14082468
3534,18.32138443,21.34448085,1.14249326
3535,21.63925552,21.34742860,1.14301918
3536,22.93787575,21.36333307,1.14150545
3537,20.23819351,21.35208168,1.14260012
3538,21.34511375,21.35201200,1.19200799
3539,22.37573242,21.36224920,1.19328746
3540,20.24798203,21.35110653,1.16180452
3541,19.52411652,21.33283663,1.18050094
3542,20.55682373,21.32507650,1.17961553
3543,21.21612740,21.32398701,1.18931962
3544,23.63879776,21.34713512,1.18868002
3545,22.52300453,21.35889381,1.19023481
3546,19.99352074,21.34524008,1.18522999
3547,20.51011658,21.33688885,1.19333091
3548,20.75667953,21.33108675,1.19290671
3549,20.83232880,21.32609917,1.19574029
3550,20.59844017,21.31882258,1.19834423
3551,22.15199471,21.32715430,1.19779814
3552,21.32761192,21.32715888,1.19233019
3553,21.62520409,21.33013933,1.19212822
3554,23.07644463,21.34760239,1.19252295
3555,20.91071510,21.34323351,1.19400659
3556,21.65946198,21.34639580,1.18955069
3557,22.39585686,21.35689041,1.21958712
3558,23.20360947,21.37535760,1.21963884
3559,21.86168861,21.38022091,1.22629034
3560,20.05844879,21.36700319,1.22468344
3561,19.29875755,21.34632073,1.55221785
3562,19.71348381,21.32999236,1.55048823
3563,17.66756439,21.29336808,1.55156689
3564,21.46458054,21.29508021,1.55303303
3565,21.37647247,21.29589413,1.54516070
3566,23.15633202,21.31449851,1.54345430
3567,21.32601357,21.31461366,1.54119719
3568,19.53507805,21.29681830,1.54138589
3569,20.81013680,21.29195149,1.54847293
3570,22.49853897,21.30401736,1.54747798
3571,22.20783424,21.31305553,1.54659678
3572,20.94380569,21.30936303,1.54250882
3573,18.46945190,21.28096392,1.54683683
3574,19.83954620,21.26654974,1.54171756
3575,18.97726631,21.24365691,1.53917562
3576,20.71379280,21.23835827,1.54030332
3577,19.99727440,21.22594743,1.54888705
3578,20.79641151,21.22165207,1.54249262
3579,20.28964424,21.21233199,1.53357337
3580,22.14352226,21.22164390,1.53551022
3581,22.38015747,21.23322903,1.56376580
3582,22.45096779,21.24540642,1.56061461
3583,21.63360786,21.24928843,1.56068653
3584,21.94336891,21.25622924,1.55930719
3585,21.67733192,21.26044027,1.53633102
3586,21.29333878,21.26076925,1.53570071
3587,22.06981659,21.26885972,1.52472074
3588,17.76544189,21.23382555,1.53321650
3589,20.53237915,21.22681108,1.54890813
3590,22.50317764,21.23957475,1.54437621
3591,19.06858063,21.21786481,1.54229188
3592,22.67339516,21.23242011,1.53468614
3593,22.77176857,21.24781359,1.54560180
3594,21.16054153,21.24694087,1.54554638
3595,21.84378815,21.25290935,1.52466723
3596,20.25314140,21.24291167,1.52008540
3597,19.62129402,21.22669549,1.52260020
3598,20.56650543,21.22009359,1.52692508
3599,22.00909615,21.22798362,1.52772808
3600,22.00696182,21.23577340,1.52759627
3601,21.03929901,21.23380865,1.52837083
3602,20.02085304,21.22167910,1.53027353
3603,21.47336388,21.22419595,1.53302732
3604,22.37171364,21.23567112,1.53999855
3605,22.02650261,21.24357944,1.54726954
3606,21.77723885,21.24891603,1.55199753
3607,18.31421471,21.21956902,1.55100938
3608,21.40529442,21.22142627,1.55885078
3609,22.45773315,21.23378934,1.55183696
3610,20.71296310,21.22858108,1.55013012
3611,11.40460873,21.13034135,1.55343797
3612,20.49551964,21.12399314,1.54531921
3613,20.31252670,21.11587847,1.53882870
3614,21.82946968,21.12301439,1.50294493
3615,21.53966522,21.12718089,1.52140258
3616,20.90870857,21.12499617,1.52218294
3617,21.27921104,21.12653832,1.51235994
3618,21.34630966,21.12873603,1.51830701
3619,19.30093956,21.11045807,1.53715987
3620,20.77332497,21.10708674,1.54012914
3621,19.65512848,21.09256715,1.53469792
3622,20.46065903,21.08624807,1.54034120
3623,22.02134323,21.09559902,1.54097154
3624,20.23851013,21.08702814,1.51763285
3625,21.17459106,21.08790376,1.51209027
3626,21.71538353,21.09417856,1.50219560
3627,22.67977524,21.11003453,1.50272521
3628,20.40947533,21.10302894,1.50777663
3629,20.36639786,21.09566263,1.51063858
3630,19.82844734,21.08299047,1.51702108
3631,17.71170616,21.04927763,1.51440591
3632,20.09842682,21.03976912,1.51239560
3633,20.87153435,21.03808677,1.51160867
3634,21.72918129,21.04499772,1.52767570
3635,20.31834984,21.03773124,1.52744839
3636,20.32324982,21.03058643,1.52711853
3637,21.14639091,21.03174447,1.53096843
3638,22.54216766,21.04684870,1.53266874
3639,23.00501442,21.06643036,1.50141456
3640,21.30176163,21.06878367,1.50242089
3641,20.93649673,21.06746080,1.50129840
3642,20.74863052,21.06427250,1.49314159
3643,22.74382973,21.08106807,1.48697487
3644,20.82730865,21.07853048,1.48089521
3645,20.85541725,21.07629935,1.48088009
3646,19.97204208,21.06525677,1.48123450
3647,22.19043350,21.07650854,1.47978618
3648,19.51112366,21.06085469,1.47347844
3649,20.19784546,21.05222460,1.47924162
3650,20.68529510,21.04855531,1.48536990
3651,21.45324707,21.05260222,1.50305396
3652,22.13184929,21.06339469,1.50288729
3653,19.82607460,21.05102149,1.49874201
3654,22.37278557,21.06423913,1.49867659
3655,23.32172585,21.08681400,1.49607207
3656,22.07847404,21.09673060,1.49436654
3657,20.81395721,21.09390287,1.49628525
3658,22.89504051,21.11191424,1.46747906
3659,22.32561684,21.12405127,1.46762909
3660,20.88344765,21.12164523,1.46360034
3661,22.36866188,21.13411540,1.46548915
3662,21.83097649,21.14108401,1.09789418
3663,20.91389084,21.13881208,1.09873142
3664,21.95619583,21.14698592,1.10510349
3665,23.43035507,21.16981961,1.10472601
3666,21.58248901,21.17394630,1.11839677
3667,20.08393288,21.16304617,1.11789733
3668,19.63216209,21.14773733,1.12083382
3669,23.94040871,21.17566404,1.12977209
3670,22.10255051,21.18493291,1.11274106
3671,20.92713356,21.18235491,1.11165564
3672,22.74764442,21.19800781,1.10188178
3673,20.56832504,21.19171098,1.11025153
3674,21.47178841,21.19451175,1.11269282
3675,21.47943306,21.19736097,1.11126247
3676,22.53913307,21.21077869,1.11506322
3677,21.82967186,21.21696762,1.12292497
3678,22.96891785,21.23448712,1.12995838
3679,20.20099258,21.22415218,1.12643534
3680,22.93952179,21.24130587,1.13660601
3681,21.33685684,21.24226138,1.14585998
3682,20.42184067,21.23405718,1.12470661
3683,22.34653091,21.24518191,1.12722379
3684,18.95275116,21.22225761,1.12963433
3685,20.51169205,21.21515195,1.12877029
3686,20.83422852,21.21134272,1.13167166
3687,22.27194214,21.22194871,1.13074865
3688,20.04594994,21.21018872,1.14016126
3689,22.68290901,21.22491592,1.13493722
3690,22.11967659,21.23386353,1.12659001
3691,22.36516571,21.24517655,1.12840091
3692,22.78588104,21.26058360,1.12901675
3693,20.93573189,21.25733508,1.12870809
3694,20.58688164,21.25063055,1.12773825
3695,21.19420624,21.25006630,1.13966712
3696,21.93198013,21.25688544,1.14231264
3697,22.03330231,21.26464961,1.18130036
3698,22.20554924,21.27405861,1.17791102
3699,22.83837891,21.28970181,1.16518656
3700,22.90701866,21.30587498,1.17821554
3701,18.92588806,21.28207511,1.18084474
3702,21.41839790,21.28343834,1.18077675
3703,20.77086639,21.27831262,1.17822019
3704,21.19595718,21.27748906,1.17058798
3705,21.96020508,21.28431622,1.16537827
3706,21.14672852,21.28294035,1.14737327
3707,22.23722076,21.29248315,1.14455159
3708,21.76519966,21.29721032,1.14485367
3709,21.61366081,21.30037482,1.15302571
3710,20.99395180,21.29731059,1.14833410
3711,20.40510178,21.28838850,1.16089089
3712,22.69797707,21.30248439,1.15552741
3713,20.55745316,21.29503408,1.16315138
3714,19.91119766,21.28119571,1.16516129
3715,20.96857071,21.27806946,1.16439478
3716,23.22724724,21.29756124,1.14423976
3717,21.66159821,21.30120161,1.14690379
3718,20.64842987,21.29467389,1.18456599
3719,20.01263046,21.28185346,1.17419683
3720,21.60044479,21.28503937,1.15398150
3721,21.34458542,21.28563483,1.15628772
3722,22.15274429,21.29430593,1.16351273
3723,23.12489510,21.31261182,1.15339710
3724,22.56908417,21.32517654,1.15234060
3725,22.49523544,21.33687713,1.15264333
3726,22.53808975,21.34888926,1.15291527
3727,20.19995689,21.33739993,1.15197334
3728,19.69553947,21.32098133,1.19436052
3729,21.66654778,21.32443699,1.18097819
3730,19.72903824,21.30848300,1.19125896
3731,19.43003464,21.28969852,1.18157778
3732,18.69368172,21.26373835,1.20089425
3733,20.08407402,21.25194171,1.20433018
3734,20.62186432,21.24564094,1.19923798
3735,21.25278473,21.24571237,1.18054437
3736,20.20624161,21.23531767,1.21523638
3737,22.23226357,21.24528713,1.21547952
3738,19.96406937,21.23247495,1.21141116
3739,22.13786507,21.24152885,1.20876380
3740,22.51869011,21.25430046,1.19997729
3741,22.09365463,21.26269400,1.21338734
3742,20.95596695,21.25962673,1.21023057
3743,21.01696777,21.25720014,1.20001495
3744,22.85899544,21.27321810,1.20003556
3745,23.20464134,21.29253233,1.19930705
3746,20.60247231,21.28563173,1.20842397
3747,18.16181564,21.25439357,1.21820182
3748,21.68744850,21.25872412,1.21414254
3749,21.53353500,21.26147223,1.20871219
3750,19.39044189,21.24276192,1.21504143
3751,22.41698456,21.25450415,1.20668418
3752,21.30016518,21.25496076,1.18862524
3753,21.04618645,21.25287302,1.18870312
3754,21.90792847,21.25942357,1.19051454
3755,21.50504684,21.26187980,1.19976911
3756,21.48615646,21.26412257,1.19926601
3757,21.51098824,21.26659123,1.21433736
3758,21.96788597,21.27360417,1.21698631
3759,19.28070259,21.25367516,1.21590986
3760,21.15646744,21.25270308,1.21495227
3761,19.60721397,21.23624819,1.24246474
3762,21.20553398,21.23594105,1.27507743
3763,22.81481552,21.25172979,1.26639447
3764,20.58828163,21.24509531,1.26890408
3765,21.91897011,21.25183406,1.26498066
3766,21.27903938,21.25210611,1.27341656
3767,20.46587372,21.24424379,1.30371432
3768,18.08338547,21.21263520,1.30584271
3769,21.24816132,21.21299047,1.31789652
3770,19.60917282,21.19695229,1.31703888
3771,22.38860130,21.20886878,1.32255152
3772,19.88434792,21.19562357,1.33480932
3773,21.05814362,21.19424877,1.34515054
3774,21.57909393,21.19809722,1.33161115
3775,20.81558037,21.19427205,1.32909971
3776,21.57615852,21.19809092,1.32906140
3777,19.91709900,21.18528100,1.32198015
3778,17.87112617,21.15213945,1.32406998
3779,20.83281136,21.14894617,1.32189172
3780,19.21452141,21.12960192,1.33351838
3781,20.04462624,21.11875217,1.34382215
3782,18.79571915,21.09552184,1.34138578
3783,19.80585098,21.08262513,1.31903937
3784,21.51320076,21.08693088,1.32672971
3785,21.10281944,21.08708977,1.33196120
3786,17.96070099,21.05582588,1.33866445
3787,20.56516647,21.05091929,1.34495314
3788,21.57936668,21.05620376,1.36683767
3789,20.28768158,21.04851854,1.36212206
3790,20.15325356,21.03956589,1.36860713
3791,18.71114922,21.01628172,1.37320127
3792,21.81394958,21.02425840,1.38331583
3793,21.55937958,21.02960961,1.39115660
3794,20.92264557,21.02853997,1.40258275
3795,20.94464874,21.02770106,1.39445669
3796,19.28473282,21.01027138,1.38175971
3797,22.58895683,21.02605823,1.38125053
3798,20.73658562,21.02316351,1.34682091
3799,20.99806404,21.02291251,1.34801565
3800,22.98089790,21.04249237,1.34820110
3801,21.97515869,21.05181903,1.33708084
3802,21.16671371,21.05296798,1.35293768
3803,20.43031693,21.04674147,1.37086279
3804,21.54148102,21.05168886,1.37098113
3805,19.30176163,21.03418959,1.37330036
3806,19.92117691,21.02305946,1.37633689
3807,22.71280479,21.03995692,1.38480460
3808,22.24575615,21.05201491,1.38468633
3809,20.31405258,21.04463528,1.38350303
3810,20.49713326,21.03916026,1.36864125
3811,18.12785721,21.01004723,1.36908473
3812,17.74468422,20.97739360,1.35854171
3813,19.80832291,20.96570290,1.35850091
3814,21.55017281,20.97154760,1.35114726
3815,20.31670570,20.96499918,1.35166479
3816,22.14483261,20.97679751,1.35779657
3817,24.30012894,21.01003083,1.35797943
3818,21.72254372,21.01715595,1.35571836
3819,22.59233665,21.03290776,1.31726318
3820,21.69614983,21.03954018,1.32957001
3821,22.14781189,21.05062290,1.32688019
3822,22.68029404,21.06691961,1.34707467
3823,22.86003685,21.08485078,1.34076406
3824,21.53879547,21.08939023,1.35497852
3825,22.09107780,21.09940711,1.35939518
3826,22.26569557,21.11106999,1.36268326
3827,21.21520042,21.11211129,1.36660675
3828,19.69155502,21.09790573,1.35866418
3829,22.06355667,21.10756224,1.31541959
3830,22.76943588,21.12418098,1.31931738
3831,23.14497566,21.14438892,1.30147172
3832,22.52317047,21.15817674,1.31222807
3833,21.17361259,21.15833110,1.29688221
3834,22.88055038,21.17555329,1.28676548
3835,22.43258476,21.18812361,1.28701830
3836,22.49707794,21.20121315,1.28696234
3837,22.83062363,21.21750725,1.23899566
3838,23.87801552,21.24411234,1.23592731
3839,21.83201599,21.24999137,1.23655161
3840,22.88561440,21.26634760,1.23215501
3841,22.98472023,21.28353133,1.22692042
3842,23.19430351,21.30263905,1.19589076
3843,22.89048195,21.31851748,1.19562121
3844,19.53190422,21.30065135,1.19612228
3845,21.66418648,21.30428670,1.20346847
3846,21.44375992,21.30568143,1.20276430
3847,21.92391586,21.31186378,1.18483056
3848,21.95636177,21.31830876,1.18212916
3849,22.06679344,21.32579360,1.18565286
3850,21.70051765,21.32954084,1.18556661
3851,22.26781464,21.33892358,1.18004982
3852,19.05115509,21.31604590,1.18343498
3853,19.12281418,21.29411358,1.18297229
3854,21.02506638,21.29142311,1.19076063
3855,22.34842682,21.30199314,1.19075451
3856,22.29669952,21.31194021,1.17353868
3857,22.92966652,21.32811747,1.16187732
3858,21.37354851,21.32857178,1.15667639
3859,21.10639191,21.32634998,1.15596232
3860,21.49648476,21.32805133,1.14897895
3861,21.00824928,21.32485331,1.14410839
3862,21.29523659,21.32455714,1.09279904
3863,21.46516228,21.32596319,1.02549344
3864,20.96425819,21.32234614,1.01307673
3865,20.56639671,21.31478665,1.02628383
3866,22.82770920,21.32991587,1.02764447
3867,21.64063263,21.33302304,1.04724738
3868,21.06540489,21.33034686,1.01529174
3869,21.67280960,21.33377149,1.01634559
3870,19.61128807,21.31654665,1.02054507
3871,22.92827034,21.33266389,1.02447009
3872,24.05657578,21.35990301,1.02339106
3873,22.19582939,21.36826227,1.01839085
3874,23.56348038,21.39021445,1.01201567
3875,22.71587372,21.40347105,1.01562326
3876,22.74479103,21.41688425,1.01536285
3877,20.56743813,21.40838979,1.01432224
3878,21.72851753,21.41159106,1.01434654
3879,20.81386757,21.40561383,1.00277494
3880,22.84577179,21.42001541,1.00639239
3881,21.42397499,21.42005500,1.00073577
3882,23.92315102,21.44508596,0.99296443
3883,23.51960373,21.46583114,0.98991724
3884,22.12838173,21.47245665,0.98919688
3885,21.59386635,21.47367074,0.98283543
3886,22.21013832,21.48103542,0.98469977
3887,21.84985542,21.48472362,0.98251182
3888,21.66505623,21.48652695,0.98090348
3889,22.32950592,21.49495674,0.96043722
3890,21.35280228,21.49353519,0.96069968
3891,21.25419807,21.49114182,0.95444929
3892,21.78260040,21.49405641,0.95123783
3893,21.76284599,21.49674430,0.94252643
3894,21.60421562,21.49781902,0.93687674
3895,23.43909836,21.51723181,0.91221952
3896,22.39721870,21.52603168,0.91258955
3897,22.84506798,21.53922204,0.92316694
3898,22.73782730,21.55120809,0.93487508
3899,20.83960724,21.54409208,0.93505901
3900,22.59170914,21.55456826,0.96207595
3901,22.92240715,21.56824664,0.96581511
3902,21.08168602,21.56338104,0.97283181
3903,22.27988625,21.57054609,0.95033253
3904,23.89394951,21.59378012,0.91395585
3905,22.16282272,21.59947055,0.91092880
3906,21.10468483,21.59452269,0.91008015
3907,22.21982574,21.60077572,0.91210128
3908,22.30086708,21.60777664,0.90596242
3909,21.66286850,21.60832756,0.90620944
3910,22.03422737,21.61258655,0.90895840
3911,22.49266815,21.62138737,0.92053710
3912,21.55216217,21.62069512,0.91938713
3913,21.60180855,21.62050625,0.94678221
3914,23.10716248,21.63537281,0.95026905
3915,20.62300491,21.62524914,0.94720105
3916,20.86411285,21.61763777,0.93974633
3917,20.13153076,21.60277670,0.93651724
3918,22.96761703,21.61642511,0.94540717
3919,22.70114899,21.62727234,0.96047797
3920,23.58262825,21.64682590,0.96046629
3921,21.33838081,21.64374145,0.93562751
3922,22.04872513,21.64779129,0.93029320
3923,22.03532219,21.65166660,0.91243999
3924,22.61416626,21.66129160,0.91195773
3925,21.35270691,21.65820575,0.90159516
3926,21.84136581,21.66003735,0.89738323
3927,21.80744171,21.66151139,0.89334403
3928,21.75991631,21.66249544,0.88847115
3929,20.99769020,21.65584739,0.88840910
3930,21.23942375,21.65168315,0.88391648
3931,22.50338554,21.66020018,0.88193122
3932,22.98370552,21.67343523,0.89476034
3933,22.53044128,21.68200529,0.87120925
3934,21.87413979,21.68392664,0.85676007
3935,22.60184288,21.69310580,0.85668818
3936,21.22476196,21.68842236,0.86239042
3937,22.65237427,21.69806188,0.88326152
3938,23.17420578,21.71282332,0.88684942
3939,22.99922752,21.72568736,0.88665716
3940,21.94629288,21.72789342,0.89513471
3941,21.82535172,21.72886800,0.89392473
3942,23.16599083,21.74323923,0.89194112
3943,22.85042953,21.75431113,0.89203578
3944,22.66135597,21.76338158,0.89458675
3945,22.78656960,21.77361346,0.89431684
3946,21.95750999,21.77545242,0.88183028
3947,23.70470810,21.79474498,0.88300348
3948,23.78842926,21.81468182,0.88019082
3949,22.07077026,21.81724271,0.87772694
3950,19.98474503,21.79891773,0.87866635
3951,21.39694595,21.79489801,0.87601432
3952,20.96696472,21.78661868,0.87048558
3953,20.49512672,21.77370376,0.86838131
3954,22.54576683,21.78142439,0.86896877
3955,22.23668098,21.78597696,0.84691230
3956,21.86068726,21.78672406,0.85731501
3957,21.45302963,21.78338712,0.85354141
3958,21.80314255,21.78358467,0.86107428
3959,21.77561951,21.78350502,0.86457280
3960,23.23103523,21.79798032,0.88499695
3961,23.78271866,21.81782770,0.88516618
3962,22.97441673,21.82939359,0.88427517
3963,19.96638870,21.81076355,0.88386226
3964,23.19386101,21.82459452,0.88315347
3965,21.95199013,21.82586848,0.88389283
3966,21.96106339,21.82722043,0.87415936
3967,21.69136429,21.82586186,0.87120709
3968,20.98661041,21.81746935,0.88124349
3969,20.41801262,21.80347478,0.88804540
3970,22.39088631,21.80934890,0.88631095
3971,22.22722816,21.81352769,0.87279140
3972,22.78722191,21.82326463,0.87914891
3973,23.58506775,21.84088266,0.87913752
3974,22.11246490,21.84359849,0.87974308
3975,21.25872421,21.83774974,0.88936233
3976,22.34895706,21.84286182,0.88757764
3977,21.97725296,21.84420573,0.91842251
3978,21.41503334,21.83991400,0.92774248
3979,22.28343773,21.84434924,0.92762047
3980,21.78759193,21.84378167,0.92330482
3981,21.45012665,21.83984512,0.93333292
3982,23.85502815,21.85999695,0.98080170
3983,22.45302391,21.86592722,0.98952053
3984,21.81323624,21.86540031,0.98830494
3985,22.01366806,21.86688299,0.99687068
3986,23.30610847,21.88127524,1.00590038
3987,20.30537987,21.86551629,1.00283438
3988,23.05942726,21.87745540,1.00190112
3989,22.17424583,21.88042330,1.00726249
3990,20.93116570,21.87093072,1.00576107
3991,22.45957184,21.87681714,1.01293389
3992,22.41060448,21.88215501,1.02891022
3993,22.10619736,21.88439543,1.02377876
3994,22.97096825,21.89526116,1.05197541
3995,22.10877800,21.89739633,1.05018599
3996,22.63640404,21.90478641,1.04923532
3997,22.96672058,21.91540575,1.04919499
3998,21.68101120,21.91306180,1.05889415
3999,21.77556992,21.91168688,1.05900576
4000,21.12325668,21.90380258,1.06876892
4001,22.31134796,21.90787804,1.04769409
4002,22.47599983,21.91355925,1.04915704
4003,22.82879829,21.92271164,1.04916550
4004,22.76372528,21.93112178,1.03674450
4005,22.19528770,21.93376344,1.03738440
4006,20.88953590,21.92332116,1.04142508
4007,22.33170319,21.92740498,1.04158599
4008,23.45133018,21.94264424,1.03937677
4009,23.15029335,21.95472073,1.04345563
4010,24.25150871,21.97768861,1.05124703
4011,22.52954292,21.98320715,1.05496082
4012,22.66829300,21.99005801,1.04513702
4013,22.01828575,21.99034029,1.05414465
4014,22.21613884,21.99259827,1.03548180
4015,23.53792953,22.00805158,1.03095558
4016,21.98407745,22.00781184,1.03682573
4017,21.50961304,22.00282986,1.03696933
4018,20.08163071,21.98361786,1.05404624
4019,20.85152054,21.97229689,1.05368695
4020,22.79360008,21.98050992,1.04053671
4021,22.70730019,21.98777782,1.04015835
4022,23.59077644,22.00380781,1.04474678
4023,22.34213257,22.00719106,1.19280352
4024,22.69720459,22.01409119,1.18472691
4025,23.83076668,22.03225795,1.18687173
4026,22.77498436,22.03968521,1.18426422
4027,24.83522606,22.06764062,1.18665383
4028,21.11076546,22.05807187,1.18706210
4029,22.19918823,22.05948303,1.18534800
4030,21.90618896,22.05795009,1.18565238
4031,20.84722519,22.04584284,1.19257588
4032,19.32114792,22.01859589,1.19415088
4033,24.02060890,22.03861602,1.18211843
4034,22.40794945,22.04230936,1.18649195
4035,23.74139595,22.05930022,1.18639206
4036,20.94676399,22.04817486,1.20563056
4037,22.61942291,22.05388734,1.21582834
4038,22.82814980,22.06162997,1.20421629
4039,23.95705795,22.08058425,1.20302100
4040,23.17920876,22.09157049,1.21089921
4041,21.21931076,22.08284790,1.21407446
4042,20.57643700,22.06778379,1.21394999
4043,22.01614761,22.06726742,1.21455812
4044,19.78742409,22.04446899,1.21738529
4045,22.34308243,22.04745513,1.21474531
4046,22.91609764,22.05614155,1.22429749
4047,22.31316757,22.05871181,1.22622088
4048,24.53656769,22.08349037,1.22368430
4049,24.08429146,22.10349838,1.22297319
4050,23.86049271,22.12106832,1.22262319
4051,22.43536377,22.12421128,1.26462197
4052,23.37767601,22.13674593,1.26850136
4053,21.30802917,22.12845876,1.27333290
4054,22.36710548,22.13084523,1.27224078
4055,21.91744614,22.12871123,1.27101384
4056,23.41321182,22.14155624,1.27599071
4057,22.15970993,22.14173778,1.31304498
4058,22.52093697,22.14552977,1.31989251
4059,21.50681305,22.13914260,1.31309458
4060,21.14167976,22.12916797,1.30890216
4061,21.02496529,22.11812595,1.29362430
4062,21.58773422,22.11282203,1.29726537
4063,20.74381638,22.09913197,1.30199385
4064,21.63290977,22.09446975,1.30242115
4065,21.84880829,22.09201314,1.31073730
4066,23.49068069,22.10599981,1.31023550
4067,22.15759659,22.10651578,1.31646905
4068,20.41485596,22.08959918,1.31577394
4069,23.43706512,22.10307384,1.30093526
4070,22.54565048,22.10749961,1.29790898
4071,22.44727898,22.11089740,1.29818571
4072,23.41335869,22.12392201,1.30069545
4073,16.51412582,22.06782405,1.30641888
4074,21.69710922,22.06411690,1.30905671
4075,21.55522919,22.05902803,1.30788936
4076,22.36013222,22.06203907,1.29805253
4077,21.45965576,22.05601524,1.29707517
4078,22.59471893,22.06140227,1.26806243
4079,22.29334641,22.06372171,1.27745001
4080,21.92903519,22.06237485,1.27950323
4081,23.61872101,22.07793831,1.30051568
4082,21.42701149,22.07142904,1.30537405
4083,22.80973244,22.07881208,1.27834138
4084,23.39745522,22.09199851,1.28472189
4085,22.08765984,22.09195512,1.29589073
4086,20.12714005,22.07230697,1.28674755
4087,20.23156166,22.05389952,1.28166226
4088,22.67566681,22.06011719,1.32365413
4089,23.09315872,22.07044760,1.34194540
4090,23.67141151,22.08645724,1.32879076
4091,23.77104378,22.10330311,1.32421011
4092,22.64554405,22.10872552,1.32166319
4093,22.83338547,22.11597212,1.33737031
4094,23.19352150,22.12674761,1.33774381
4095,22.60901260,22.13157026,1.32164412
4096,20.80839729,22.11833853,1.32127515
4097,21.45629311,22.11171808,1.32391078
4098,21.98787308,22.11047963,1.34171526
4099,22.38122177,22.11318705,1.32710214
4100,22.15398407,22.11359502,1.31091964
4101,18.87825966,22.08124167,1.31147659
4102,23.29270172,22.09335627,1.31101683
4103,21.07773972,22.08320010,1.31009534
4104,22.77311707,22.09009927,1.31045277
4105,22.62377357,22.09543601,1.31355696
4106,23.41029930,22.10858465,1.33458712
4107,18.90317535,22.07653055,1.33392794
4108,23.61982536,22.09196350,1.33484054
4109,22.07817078,22.09182557,1.33647282
4110,22.18476486,22.09275497,1.34003696
4111,22.99619484,22.10178937,1.33824548
4112,23.30184555,22.11378993,1.33819857
4113,23.50019073,22.12765394,1.33811234
4114,22.62236023,22.13260100,1.33241287
4115,23.77898788,22.14906487,1.33272640
4116,20.93537521,22.13692797,1.33315903
4117,20.95165062,22.12507520,1.32615688
4118,21.80628204,22.12188727,1.32940822
4119,21.81284142,22.11879681,1.32036747
4120,21.36184120,22.11122725,1.31293208
4121,21.49919128,22.10510689,1.31466875
4122,23.24728394,22.11652866,1.31390278
4123,20.28657341,22.09822911,1.30641872
4124,21.30653000,22.09031212,1.18994513
4125,21.92407608,22.08864976,1.21147420
4126,21.48887253,22.08265199,1.22691855
4127,21.65056610,22.07833113,1.22825844
4128,21.99158669,22.07746368,1.24521679
4129,23.95164490,22.09620549,1.24650500
4130,22.87946892,22.10403813,1.26299828
4131,24.53387451,22.12833649,1.26455182
4132,23.94002724,22.14645340,1.26099074
4133,23.20572472,22.15704611,1.27108759
4134,19.98418999,22.13531755,1.26911382
4135,20.47440720,22.11870845,1.28026587
4136,21.69767952,22.11449816,1.28049587
4137,22.35487747,22.11690195,1.27582108
4138,18.76743889,22.08340732,1.26355164
4139,19.73011780,22.05987443,1.26474535
4140,21.91691589,22.05844484,1.26192656
4141,22.15186691,22.05937906,1.25923977
4142,22.17396927,22.06052496,1.24785109
4143,19.48529243,22.03477264,1.25033195
4144,21.67923355,22.03121725,1.25078581
4145,21.19263649,22.02283144,1.25304766
4146,22.05286598,22.02313179,1.25603259
4147,23.23052597,22.03520573,1.25233026
4148,19.77152061,22.01256888,1.25106952
4149,20.38051796,21.99624837,1.25496151
4150,21.91493797,21.99543526,1.26149561
4151,19.94722557,21.97495317,1.26571406
4152,21.52671051,21.97047074,1.22706671
4153,23.13245392,21.98209057,1.22123510
4154,22.58611488,21.98813081,1.23354277
4155,20.84881210,21.97673763,1.23721830
4156,24.23311424,21.99930139,1.23811090
4157,23.21813011,22.01148968,1.23155357
4158,21.35634804,22.00493826,1.19168123
4159,21.01345825,21.99502346,1.18181781
4160,20.73847198,21.98245795,1.18443937
4161,22.30944443,21.98572781,1.18581858
4162,22.81838799,21.99405442,1.18218183
4163,21.49395370,21.98905341,1.17556996
4164,21.90582657,21.98822114,1.16665324
4165,21.41662025,21.98250513,1.16798375
4166,22.24525833,21.98513266,1.18753440
4167,22.47327805,21.99001412,1.18332936
4168,22.83627319,21.99847671,1.19196764
4169,22.16880035,22.00017994,1.20123921
4170,22.15355873,22.00171373,1.20683819
4171,21.01521683,21.99184876,1.20500666
4172,21.84173775,21.99034765,1.20648279
4173,22.00203514,21.99046453,1.21392880
4174,22.50060081,21.99556589,1.20202265
4175,24.26631737,22.01827341,1.20632346
4176,24.01191902,22.03820986,1.21618372
4177,22.68368912,22.04466465,1.21573669
4178,24.20474625,22.06626547,1.22515580
4179,22.85793877,22.07418220,1.23115321
4180,19.99730682,22.05341345,1.21941592
4181,22.69598579,22.05983917,1.22281442
4182,23.28383827,22.07207916,1.19790771
4183,23.82928658,22.08965124,1.18488200
4184,22.18630981,22.09061782,1.19610884
4185,19.92092514,22.06892090,1.17870946
4186,21.79759216,22.06620761,1.18589994
4187,20.44989967,22.05004453,1.21775073
4188,21.68377876,22.04638187,1.22198976
4189,21.18530655,22.03777112,1.18705195
4190,21.37702370,22.03116365,1.17257681
4191,23.40351105,22.04488712,1.17261024
4192,21.72901535,22.04172840,1.18348305
4193,22.98281288,22.05113925,1.18373087
4194,22.84737968,22.05910165,1.15874746
4195,20.61271858,22.04463782,1.16085193
4196,23.00817871,22.05427323,1.15741157
4197,22.77682877,22.06149878,1.16489904
4198,21.79718781,22.05885567,1.16023641
4199,23.01736450,22.06844076,1.15031417
4200,23.36939812,22.08145034,1.14100219
4201,20.99340820,22.07056992,1.15886344
4202,22.66927147,22.07655693,1.13995115
4203,22.21008492,22.07789221,1.13856807
4204,20.03168106,22.05743010,1.13407002
4205,20.81342697,22.04499007,1.13540478
4206,22.75029755,22.05204314,1.12863065
4207,21.55366707,22.04705938,1.11494269
4208,22.19151497,22.04850394,1.11546322
4209,22.28993416,22.05091824,1.12167663
4210,21.20603180,22.04246938,1.12400020
4211,21.39154816,22.03596016,1.11596991
4212,21.76239777,22.03322454,1.12713780
4213,22.08477211,22.03374001,1.12515764
4214,22.07249451,22.03412756,1.12339465
4215,21.11396980,22.02492598,1.12326702
4216,19.08513451,21.99552807,1.12197028
4217,21.51922607,21.99076505,1.12743389
4218,23.65648842,22.00742228,1.13450738
4219,23.42631531,22.02161121,1.13349640
4220,23.12783241,22.03267342,1.13549021
4221,21.97568512,22.03210354,1.13606179
4222,21.14604950,22.02324300,1.14039277
4223,20.08546257,22.00386520,1.18622740
4224,21.77380371,22.00156458,1.18758075
4225,20.65894318,21.98813837,1.18962625
4226,23.46574593,22.00291444,1.16979338
4227,22.31977654,22.00608306,1.15621800
4228,23.52204704,22.02124270,1.15965137
4229,23.20365143,22.03306679,1.19164077
4230,22.84143066,22.04115043,1.19211929
4231,23.23517799,22.05309070,1.20228725
4232,21.96560097,22.05221581,1.20190930
4233,22.59212303,22.05761488,1.19814131
4234,19.92722702,22.03631100,1.19829789
4235,21.92394257,22.03518732,1.20339252
4236,24.01511383,22.05498658,1.18443805
4237,24.84134293,22.08285015,1.18750903
4238,23.12198639,22.09324151,1.18754342
4239,20.51414108,22.07745050,1.19287521
4240,23.53238869,22.09199989,1.19386436
4241,21.92727089,22.09035260,1.32410501
4242,23.75539589,22.10700303,1.31777256
4243,21.89716339,22.10490463,1.32248354
4244,23.12729645,22.11512855,1.31965451
4245,23.03641129,22.12434138,1.32089140
4246,21.99421501,22.12304011,1.34161464
4247,23.57004547,22.13751017,1.34012917
4248,22.54453278,22.14158039,1.33895276
4249,20.44334030,22.12459799,1.33875198
4250,23.19010353,22.13525305,1.35108823
4251,20.19555283,22.11585605,1.34439872
4252,21.73985100,22.11209600,1.34073954
4253,22.11248970,22.11209993,1.33941163
4254,22.27379799,22.11371691,1.34057346
4255,21.50161171,22.10759586,1.33920717
4256,22.36909676,22.11021087,1.34043600
4257,21.03507614,22.09945952,1.33860459
4258,23.37051010,22.11217003,1.34214694
4259,20.79533386,22.09900167,1.34355551
4260,23.52325439,22.11324419,1.34349809
4261,22.01483154,22.11226007,1.34513085
4262,23.86590576,22.12979652,1.35752271
4263,22.41217232,22.13262028,1.35724212
4264,22.23478699,22.13364195,1.36155781
4265,22.12928200,22.13359835,1.36351675
4266,21.81644440,22.13042681,1.36257544
4267,21.13864517,22.12050899,1.33108416
4268,20.91190147,22.10842292,1.34112462
4269,22.76928329,22.11503152,1.33355535
4270,22.91831207,22.12306433,1.35180408
4271,21.87541389,22.12058782,1.35109233
4272,20.74270248,22.10680897,1.35439089
4273,18.88107681,22.07455165,1.35164158
4274,21.57587624,22.06956489,1.33839359
4275,22.97802162,22.07864946,1.34810064
4276,22.01502609,22.07801323,1.34540266
4277,22.84650040,22.08569810,1.34240771
4278,23.21894455,22.09703056,1.34323242
4279,18.61174583,22.06217772,1.36213500
4280,22.92459869,22.07080193,1.35920380
4281,19.45761490,22.04467006,1.35944775
4282,22.61091995,22.05033256,1.36100300
4283,21.24715233,22.04230075,1.37055044
4284,23.81029701,22.05998072,1.37052380
4285,23.16499901,22.07103090,1.35378985
4286,22.15063667,22.07182696,1.35766404
4287,22.99114609,22.08102015,1.35429464
4288,23.76185799,22.09782853,1.34264307
4289,23.37216949,22.11057194,1.34294925
4290,23.24065399,22.12187276,1.33499631
4291,16.32214165,22.06387545,1.33067887
4292,22.38344383,22.06707113,1.33554432
4293,20.90455437,22.05544596,1.32874605
4294,21.74419212,22.05233342,1.33518145
4295,23.03791428,22.06218923,1.33163337
4296,19.27156258,22.03428297,1.34045492
4297,21.27084732,22.02664861,1.34981630
4298,22.48740959,22.03125622,1.34433309
4299,22.01240349,22.03106769,1.34468050
4300,19.88526917,22.00960971,1.33436061
4301,21.84925270,22.00800614,1.33017423
4302,21.77524567,22.00567853,1.33222214
4303,22.21393013,22.00776105,1.33887531
4304,22.54223824,22.01310582,1.33920900
4305,20.06445122,21.99361927,1.34242991
4306,23.27081680,22.00639125,1.34200356
4307,21.72993279,22.00362666,1.34565012
4308,23.05351257,22.01412552,1.34582998
4309,22.63222122,22.02030648,1.34247027
4310,21.74897385,22.01759315,1.33906677
4311,23.05541229,22.02797134,1.33315916
4312,23.99460602,22.04763769,1.34062134
4313,22.12242889,22.04838560,1.33126739
4314,20.95731926,22.03747494,1.33398848
4315,22.78705788,22.04497077,1.33393039
4316,21.27958679,22.03731693,1.33404665
4317,22.32597351,22.04020350,1.33399569
4318,23.84147644,22.05821623,1.33062687
4319,22.81670570,22.06580112,1.32577440
4320,24.75389862,22.09268209,1.32515998
4321,21.20700073,22.08382528,1.32808235
4322,21.16567039,22.07464373,1.32810333
4323,22.44928741,22.07839017,1.32473186
4324,21.56967163,22.07330298,1.28723522
4325,23.81994629,22.09076942,1.28607792
4326,21.03910637,22.08025279,1.29363684
4327,23.21726799,22.09162294,1.30914506
4328,22.71011162,22.09780783,1.30959699
4329,19.45510483,22.07138080,1.30775697
4330,21.41779900,22.06484498,1.26116696
4331,22.91602516,22.07335678,1.26138785
4332,23.44198608,22.08704307,1.23184846
4333,23.77393913,22.10391203,1.23783604
4334,22.63605881,22.10923350,1.23437107
4335,22.51331711,22.11327434,1.23265377
4336,23.25419426,22.12468354,1.23000136
4337,23.83691406,22.14180584,1.24168188
4338,24.24235725,22.16281136,1.24126417
4339,23.24512100,22.17363445,1.23393579
4340,23.03787041,22.18227681,1.22963915
4341,21.45742226,22.17502827,1.22714342
4342,21.07126617,22.16399064,1.07886787
4343,21.38392067,22.15618995,1.07879080
4344,20.84641075,22.14309215,1.07302319
4345,22.23479271,22.14400916,1.07835637
4346,20.35638428,22.12613291,1.07564540
4347,20.50472641,22.10991884,1.03570387
4348,22.88037872,22.11762344,1.07089621
4349,22.62562180,22.12270343,1.07123384
4350,22.12437248,22.12272012,1.07664253
4351,22.14430428,22.12293596,1.05935368
4352,24.21746445,22.14388124,1.07458073
4353,23.59550667,22.15839750,1.07393800
4354,21.89627838,22.15577631,1.07566036
4355,21.24217033,22.14664025,1.07552734
4356,22.73783684,22.15255221,1.06222258
4357,21.16140366,22.14264073,1.06310060
4358,21.04520226,22.13166634,1.06185889
4359,21.35974884,22.12394717,1.06599675
4360,23.07110214,22.13341872,1.06594803
4361,22.72661972,22.13935073,1.07938596
4362,20.71992683,22.12515649,1.08090253
4363,21.42030525,22.11810798,1.07034515
4364,21.18545532,22.10878145,1.06999870
4365,22.08616447,22.10855528,1.06045233
4366,21.90264320,22.10649616,1.08117496
4367,22.35057259,22.10893692,1.07714193
4368,22.26018715,22.11044943,1.07970723
4369,22.46463776,22.11399131,1.07212791
4370,22.63120461,22.11916344,1.07268115
4371,23.32297134,22.13120152,1.05048734
4372,21.87255478,22.12861505,1.04518257
4373,23.16444206,22.13897332,1.03866749
4374,21.40878868,22.13167148,1.03882731
4375,22.26095200,22.13296428,1.03618263
4376,23.84834099,22.15011805,1.02917110
4377,24.27639198,22.17138079,1.02265429
4378,23.02478790,22.17991486,1.02258333
4379,23.03869057,22.18850262,1.07877901
4380,23.08075142,22.19742511,1.04187246
4381,23.09825325,22.20643339,1.04246155
4382,22.18136597,22.20618271,1.04254111
4383,23.66875458,22.22080843,1.03854707
4384,22.66790390,22.22527939,1.02966865
4385,23.84923744,22.24151897,1.03414510
4386,22.85188103,22.24762259,1.03515421
4387,20.68729210,22.23201928,1.03161677
4388,21.68848991,22.22658399,1.02519611
4389,23.07714844,22.23508963,1.01087369
4390,22.82905769,22.24102931,1.00819192
4391,22.97970200,22.24841604,1.01305428
4392,22.90574455,22.25498933,1.01146177
4393,22.44772720,22.25691670,1.00702832
4394,23.21252823,22.26647282,1.01501342
4395,21.26807976,22.25648889,1.00282079
4396,22.31532669,22.25707727,1.00730693
4397,23.03076363,22.26481413,0.98603941
4398,25.45584106,22.29672440,0.96894230
4399,22.89896393,22.30274680,0.98157370
4400,21.43708611,22.29409019,0.99593746
4401,24.01476288,22.31129692,0.99748903
4402,24.51114655,22.33329541,0.99713746
4403,23.07358170,22.34069827,0.98144534
4404,23.30679703,22.35035926,0.97510261
4405,22.78308296,22.35468650,0.97657552
4406,24.25669861,22.37370662,0.96929261
4407,23.75201607,22.38748971,0.98015690
4408,22.36960793,22.38731090,0.97152392
4409,21.58817673,22.37931955,0.97176699
4410,22.97563744,22.38528273,0.96902719
4411,24.59929085,22.40742281,0.97164381
4412,21.90685081,22.40241709,0.97817097
4413,22.27322006,22.40112512,0.96307022
4414,22.76263046,22.40474018,0.96788308
4415,22.67240906,22.40741687,0.96220425
4416,20.58605576,22.38920326,0.96861209
4417,22.15601540,22.38687138,0.96943616
4418,23.49461937,22.39794886,1.01198021
4419,23.39994621,22.40796883,1.01288684
4420,23.29495239,22.41683867,1.01506192
4421,21.91408157,22.41181110,1.02768106
4422,22.17773628,22.40947035,1.02856489
4423,22.34818077,22.40885745,1.05796284
4424,22.54824638,22.41025134,1.05732448
4425,23.12664795,22.41741531,1.05305245
4426,22.03050423,22.41354620,1.06669965
4427,23.47237206,22.42413445,1.08892727
4428,21.96158600,22.41950897,1.08231106
4429,19.22286224,22.38754250,1.08487257
4430,21.92340469,22.38290112,1.08392416
4431,21.66564178,22.37572853,1.08628935
4432,23.24241829,22.38439543,1.08512440
4433,23.21327019,22.39268418,1.11674872
4434,22.89017105,22.39765905,1.12072992
4435,21.67565918,22.39043905,1.12405011
4436,22.18444061,22.38837906,1.11632063
4437,22.74468231,22.39194209,1.12131657
4438,23.51569939,22.40317967,1.10861836
4439,21.99153519,22.39906322,1.10838027
4440,23.03762627,22.40544885,1.14676177
4441,23.82606697,22.41965503,1.14640375
4442,21.88689613,22.41432745,1.15946210
4443,23.61449242,22.42632909,1.15854677
4444,24.36483765,22.44571418,1.15907884
4445,22.94622231,22.45071926,1.15809652
4446,23.74980164,22.46371009,1.15569136
4447,23.12395477,22.47031253,1.16142898
4448,22.16088104,22.46721822,1.16215410
4449,21.16107941,22.45415683,1.12558744
4450,21.05715942,22.44018686,1.12539489
4451,22.10831070,22.43686809,1.12099371
4452,22.63908958,22.43889031,1.11212299
4453,22.81599617,22.44266137,1.09942818
4454,22.46027756,22.44283753,1.10144099
4455,23.50500870,22.45345924,1.09857821
4456,22.88044930,22.45772914,1.09877269
4457,24.27491951,22.47590105,1.08649086
4458,22.78885841,22.47903062,1.12631449
4459,21.36467743,22.46788709,1.13228323
4460,23.64351082,22.47964332,1.12972952
4461,21.88265991,22.47367349,1.13019246
4462,21.62832069,22.46521996,1.10990678
4463,22.59377098,22.46650547,1.12233063
4464,24.25594521,22.48439987,1.13655305
4465,22.10452080,22.48060108,1.14238056
4466,21.65119362,22.47230700,1.14348289
4467,22.13591194,22.46894305,1.12919608
4468,19.86462402,22.44289986,1.12947310
4469,22.30216217,22.44149249,1.13563867
4470,23.44708633,22.45154842,1.13878392
4471,21.13556099,22.43838855,1.13668993
4472,21.74904060,22.43149507,1.13597389
4473,20.14601326,22.40864025,1.13576427
4474,22.01013184,22.40465517,1.14107538
4475,22.41688347,22.40477745,1.14766641
4476,24.41763878,22.42490607,1.14571994
4477,25.35719109,22.45422892,1.14525839
4478,24.11658859,22.47085251,1.14182988
4479,23.70738792,22.48321787,1.14517107
4480,22.45532227,22.48293891,1.13910411
4481,23.71838570,22.49529338,1.13872055
4482,23.11765480,22.50151699,1.14696872
4483,20.08574104,22.47735923,1.14562196
4484,21.19065857,22.46449223,1.14286789
4485,21.79874992,22.45783480,1.16455616
4486,23.09734154,22.46422987,1.16410252
4487,21.53254318,22.45491300,1.18403565
4488,23.16020203,22.46196589,1.19367365
4489,21.95454025,22.45689164,1.19168909
4490,19.61207199,22.42844344,1.19568989
4491,22.89841270,22.43314313,1.19424658
4492,20.76292419,22.41644094,1.18523474
4493,22.73619080,22.41963844,1.18441922
4494,22.22284889,22.41767055,1.17805567
4495,21.92842293,22.41277807,1.17163144
4496,21.70069122,22.40565720,1.17347202
4497,23.73397827,22.41894041,1.16665155
4498,23.32087517,22.42795976,1.16457233
4499,23.36876488,22.43736781,1.16817153
4500,22.98858833,22.44288002,1.16912940
4501,22.60089493,22.44446017,1.16380804
4502,21.90056801,22.43902124,1.16662811
4503,23.75439644,22.45217500,1.17011073
4504,23.48911095,22.46254436,1.17074356
4505,22.30335236,22.46095244,1.17079460
4506,22.17856216,22.45812853,1.16630240
4507,21.82827187,22.45182997,1.18377541
4508,19.21490479,22.41946071,1.17287703
4509,21.26602173,22.40792633,1.18844260
4510,22.14683151,22.40531538,1.18366777
4511,23.08942413,22.41215646,1.18672170
4512,22.80578804,22.41609278,1.19130769
4513,20.65468216,22.39847867,1.19086851
4514,24.22881126,22.41678200,1.19515615
4515,23.65535355,22.42916772,1.18371160
4516,23.01901817,22.43506622,1.18321341
4517,22.80815887,22.43879715,1.18369848
4518,22.10808372,22.43549001,1.18812308
4519,20.86091805,22.41974429,1.16226242
4520,21.11808968,22.40672775,1.16436750
4521,21.84087372,22.40106921,1.18107316
4522,22.65996552,22.40365817,1.17678790
4523,22.44824982,22.40410409,1.17850469
4524,23.52265167,22.41528956,1.15741624
4525,23.68053818,22.42794205,1.15676369
4526,22.62186432,22.42988127,1.17333380
4527,22.67546082,22.43233707,1.19368890
4528,21.90418625,22.42705556,1.16912678
4529,23.44272232,22.43721223,1.16715427
4530,19.47089958,22.40754910,1.16527357
4531,22.04751968,22.40394880,1.16552422
4532,20.84536171,22.38836293,1.15931535
4533,23.04266357,22.39490594,1.16738369
4534,22.56255722,22.39658245,1.14230428
4535,20.05943871,22.37321102,1.13485077
4536,21.73408699,22.36681978,1.13651741
4537,20.13039780,22.34445556,1.15854187
4538,23.89328003,22.35994380,1.18209035
4539,21.38441849,22.35018855,1.18418814
4540,21.24031258,22.33908979,1.18274040
4541,21.90138626,22.33471275,1.14648922
4542,22.06310272,22.33199665,1.14792911
4543,22.29150009,22.33159169,1.13423678
4544,21.90212440,22.32729701,1.13542398
4545,23.83978271,22.34242187,1.14034383
4546,23.13960457,22.35039370,1.13978713
4547,22.81470871,22.35503685,1.14689409
4548,21.92841721,22.35077065,1.14199963
4549,23.18884468,22.35915139,1.13987182
4550,23.56793404,22.37123922,1.13882642
4551,22.98903084,22.37741713,1.14449275
4552,23.18873405,22.38553030,1.15784766
4553,23.28733063,22.39454831,1.19304743
4554,22.92522240,22.39985505,1.18786898
4555,22.22994995,22.39815600,1.18766230
4556,22.73786163,22.40155305,1.19014830
4557,24.46842384,22.42222176,1.19024678
4558,23.27791786,22.43077872,1.18878065
4559,24.37149811,22.45018592,1.14384443
4560,22.27827835,22.44846684,1.15026383
4561,23.90383339,22.46302051,1.14941839
4562,21.23628616,22.45075316,1.15300185
4563,23.19883537,22.45823398,1.15338501
4564,23.49088287,22.46856047,1.13802254
4565,21.80048370,22.46187971,1.13179636
4566,22.35538483,22.46081476,1.14100407
4567,21.56135750,22.45182018,1.14065640
4568,21.34190178,22.44072100,1.14055562
4569,23.10548592,22.44736865,1.15221209
4570,23.18211937,22.45471616,1.14078889
4571,20.20333672,22.43220236,1.13091808
4572,21.61119270,22.42399227,1.13052452
4573,21.47533607,22.41450570,1.13216764
4574,22.06946945,22.41105534,1.14203334
4575,22.49978447,22.41194263,1.15170200
4576,24.42375183,22.43206072,1.14805525
4577,25.44547462,22.46219486,1.14850099
4578,24.05484009,22.47812132,1.15201034
4579,23.98861504,22.49322625,1.16266913
4580,23.52685928,22.50356258,1.16004690
4581,22.27287102,22.50125567,1.12011427
4582,22.60343742,22.50227748,1.17671494
4583,24.03282928,22.51758300,1.16439174
4584,22.61228180,22.51852999,1.16515662
4585,22.39641380,22.51730883,1.16518040
4586,23.53591919,22.52749493,1.13737705
4587,24.95573235,22.55177731,1.14954085
4588,25.25530624,22.57881260,1.12904120
4589,23.62459373,22.58927041,1.12185598
4590,22.49209404,22.58829864,1.11728294
4591,22.25852966,22.58500095,1.11151436
4592,22.06974030,22.57984835,1.12341215
4593,22.41183472,22.57816821,1.12270916
4594,22.18312645,22.57421779,1.13561436
4595,23.86662865,22.58714190,1.13353930
4596,23.31672287,22.59443771,1.13203993
4597,24.36531258,22.61214646,1.15706133
4598,23.15531349,22.61757813,1.15779144
4599,22.85236549,22.61992600,1.15560855
4600,22.23064423,22.61603319,1.15607123
4601,21.56871796,22.60556003,1.15324351
4602,20.97773552,22.58928179,1.15361458
4603,25.75527954,22.62094177,1.15316038
4604,22.61237907,22.62085614,1.15274565
4605,23.62821388,22.63092972,1.16175412
4606,21.95026016,22.62412302,1.18272232
4607,22.31530380,22.62103483,1.18284226
4608,23.31509018,22.62797538,1.16852862
4609,23.81696510,22.63986528,1.16755295
4610,24.72977448,22.66076437,1.15465746
4611,23.17010117,22.66585774,1.15878688
4612,21.89780235,22.65817719,1.15266605
4613,22.56122780,22.65720769,1.14613134
4614,23.56179428,22.66625356,1.14577093
4615,21.90171623,22.65860818,1.14713303
4616,21.10017776,22.64302388,1.14629865
4617,23.10253334,22.64761898,1.14719095
4618,22.80115128,22.64915430,1.15366435
4619,24.61723518,22.66883511,1.15252045
4620,22.14365005,22.66358326,1.15931223
4621,23.22878838,22.66923531,1.15830358
4622,22.16089821,22.66415194,1.13359978
4623,23.54670906,22.67297751,1.13040350
4624,21.39733505,22.66022108,1.12492359
4625,21.15259743,22.64514485,1.13152700
4626,22.38747025,22.64256810,1.13539611
4627,23.18220711,22.64796449,1.12708134
4628,23.78074837,22.65929233,1.09311862
4629,21.11781883,22.64387759,1.08537431
4630,22.70717430,22.64451056,1.08120763
4631,23.76695251,22.65573498,1.07849157
4632,19.17856789,22.62096331,1.07884771
4633,22.40011215,22.61875480,1.07994648
4634,22.23371696,22.61490442,1.07249915
4635,22.92452431,22.61800062,1.11228628
4636,22.91955757,22.62101619,1.11244119
4637,20.95341301,22.60434016,1.12859462
4638,21.69379807,22.59523474,1.11616017
4639,23.03557396,22.59963813,1.09512101
4640,22.18968964,22.59553864,1.09760755
4641,22.12488937,22.59083215,1.12369434
4642,24.64944458,22.61141827,1.12824398
4643,22.51762199,22.61048031,1.12765040
4644,24.66006470,22.63097616,1.12845256
4645,22.71688652,22.63183526,1.13219802
4646,21.85244179,22.62404132,1.12542479
4647,25.39478683,22.65174878,1.12305548
4648,22.49679947,22.65019929,1.11020300
4649,22.91028786,22.65280017,1.11420610
4650,22.30791855,22.64935136,1.11597058
4651,22.49562263,22.64781407,1.12059499
4652,23.37622452,22.65509817,1.11781975
4653,22.49519730,22.65349916,1.12707725
4654,22.35234261,22.65048760,1.12161017
4655,21.40161133,22.63799884,1.12818143
4656,20.57904434,22.61740929,1.13310700
4657,22.62144279,22.61744963,1.13504263
4658,22.80843735,22.61935950,1.13531602
4659,22.35206985,22.61668661,1.13338083
4660,22.60702896,22.61659003,1.13268596
4661,23.83824348,22.62880657,1.11407141
4662,23.23102951,22.63482879,1.11351192
4663,22.16554451,22.63013595,1.11561166
4664,23.29803085,22.63681490,1.12543420
4665,21.76957893,22.62814254,1.12179467
4666,23.49935532,22.63685467,1.12089817
4667,23.35402870,22.64402641,1.11831760
4668,24.49211693,22.66250731,1.11746341
4669,24.10857582,22.67696800,1.12279085
4670,21.55616188,22.66575994,1.11889419
4671,22.70084381,22.66611078,1.12305896
4672,23.43266296,22.67377630,1.12390477
4673,23.55079842,22.68254652,1.13667996
4674,22.51011658,22.68082222,1.14179492
4675,21.56176949,22.66963169,1.15447379
4676,23.89760017,22.68191138,1.14735041
4677,21.86100388,22.67370230,1.14713533
4678,22.93557549,22.67632104,1.15478010
4679,22.44031906,22.67396102,1.15300846
4680,21.94438171,22.66666522,1.14263735
4681,23.21355820,22.67213415,1.15267849
4682,22.35186386,22.66893145,1.14774097
4683,22.33454704,22.66558761,1.09517824
4684,22.32062531,22.66213798,1.16775025
4685,19.79745865,22.63349119,1.16892110
4686,22.44528198,22.63160910,1.17070622
4687,20.59000969,22.61119310,1.18772872
4688,21.02556419,22.59533681,1.17797516
4689,21.06985855,22.58008203,1.17487533
4690,23.86721230,22.59295333,1.17413773
4691,20.13965607,22.56842036,1.18225483
4692,23.63093758,22.57904553,1.18937414
4693,22.22427177,22.57549780,1.17625353
4694,22.10839272,22.57082674,1.17659195
4695,21.55025101,22.56062099,1.16269312
4696,22.14934731,22.55650825,1.16727482
4697,22.33258438,22.55426901,1.17827248
4698,21.89897919,22.54771611,1.14807722
4699,23.61916924,22.55843064,1.16022764
4700,23.20216751,22.56486801,1.16257911
4701,21.42245865,22.55344392,1.16848675
4702,23.08771896,22.55878667,1.18341316
4703,24.69957924,22.58019460,1.18775440
4704,25.54005814,22.60979323,1.19553887
4705,21.35827065,22.59727801,1.19637258
4706,21.06597137,22.58196494,1.18973972
4707,21.60994339,22.57224472,1.17098925
4708,22.88707161,22.57539299,1.17100318
4709,22.83984756,22.57803754,1.17627075
4710,23.69970322,22.58925420,1.17563260
4711,23.08237648,22.59418542,1.17851225
4712,22.97842216,22.59802779,1.17466668
4713,23.53200722,22.60736758,1.17729771
4714,24.07190323,22.62201294,1.17679995
4715,22.79915047,22.62378431,1.18173739
4716,22.02043724,22.61775084,1.18694325
4717,23.91502953,22.63072363,1.18585338
4718,22.78172493,22.63223364,1.18424804
4719,23.74280739,22.64333938,1.17133530
4720,24.36861229,22.66059211,1.16455372
4721,21.54202271,22.64940641,1.16444255
4722,21.89468193,22.64185917,1.16447463
4723,24.42013359,22.65964191,1.16781362
4724,21.22658157,22.64531131,1.16680450
4725,24.77974510,22.66665565,1.17418679
4726,23.48293495,22.67481844,1.16874309
4727,22.52625656,22.67333282,1.16411931
4728,24.14647675,22.68806426,1.16312030
4729,23.60750961,22.69725871,1.16513436
4730,22.49460220,22.69523215,1.16510737
4731,21.19709015,22.68025073,1.16911456
4732,22.85724258,22.68202065,1.17678221
4733,22.24459457,22.67764639,1.18045049
4734,18.59274483,22.63679737,1.20591810
4735,21.98760986,22.63030550,1.20647906
4736,23.36586189,22.63766106,1.17210211
4737,20.59041023,22.61718855,1.17265422
4738,21.98015594,22.61081823,1.15422578
4739,22.94040680,22.61411411,1.14674419
4740,22.66057968,22.61457877,1.13579551
4741,24.10833931,22.62951637,1.13273914
4742,24.08832932,22.64410450,1.10614567
4743,23.61159325,22.65377939,1.11976969
4744,22.37822151,22.65102381,1.12103956
4745,23.52838898,22.65979746,1.12363648
4746,23.74343300,22.67063382,1.11860468
4747,20.88226509,22.65275013,1.12432706
4748,23.25402260,22.65876286,1.13095694
4749,24.38368607,22.67601209,1.14904133
4750,23.48954201,22.68414739,1.14724350
4751,23.97491646,22.69705508,1.17883366
4752,24.66853714,22.71676990,1.17282430
4753,24.00967407,22.72969894,1.17425527
4754,24.21541214,22.74455607,1.16129620
4755,22.23550034,22.73946551,1.13819104
4756,22.42122078,22.73628307,1.13851398
4757,22.48664093,22.73378665,1.12828296
4758,22.72360611,22.73368484,1.12369075
4759,23.98501587,22.74619815,1.12506655
4760,22.84050560,22.74714122,1.12831836
4761,22.02608299,22.73993064,1.12845411
4762,22.31122971,22.73564363,1.12864248
4763,23.78275299,22.74611473,1.12820810
4764,23.33174706,22.75197105,1.14173252
4765,21.63523483,22.74080369,1.13554203
4766,21.35559082,22.72695156,1.13549088
4767,22.23311043,22.72201315,1.15101766
4768,22.68796730,22.72167269,1.14427544
4769,22.96633720,22.72411933,1.14421504
4770,23.32644272,22.73014257,1.14000465
4771,23.96829033,22.74252405,1.12741910
4772,22.72154808,22.74231429,1.13639813
4773,23.95004272,22.75439157,1.14106330
4774,23.46114159,22.76145907,1.13758245
4775,24.20692635,22.77591374,1.12907750
4776,23.29929543,22.78114756,1.11479420
4777,22.49134636,22.77824955,1.11346131
4778,22.09890747,22.77145613,1.13989896
4779,22.14835358,22.76522510,1.13591696
4780,23.17359543,22.76930881,1.13213303
4781,21.58116341,22.75742735,1.13235915
4782,21.39868546,22.74383993,1.13349828
4783,21.79105377,22.73431207,1.13860247
4784,20.25587273,22.70952768,1.13774308
4785,22.21397400,22.70457214,1.06883501
4786,23.10449600,22.70857138,1.06646926
4787,22.33270264,22.70481269,1.06456323
4788,23.10839462,22.70884851,1.04938547
4789,23.86894035,22.72044943,1.05794359
4790,22.44371986,22.71768213,1.05779577
4791,22.04898071,22.71099512,1.06127044
4792,23.58949471,22.71978012,1.05411402
4793,20.85900497,22.70117236,1.05816402
4794,22.10090065,22.69516965,1.05870730
4795,21.84149170,22.68663287,1.06372919
4796,23.18730164,22.69163956,1.06049111
4797,24.10521889,22.70577535,1.05638987
4798,21.55451584,22.69426275,1.06196737
4799,20.61944580,22.67351458,1.06091804
4800,22.09220695,22.66770151,1.05024433
4801,19.95263100,22.64055080,1.05158677
4802,22.52556992,22.63940099,1.04391573
4803,23.46525002,22.64765948,1.03045956
4804,23.78680801,22.65905097,1.03218659
4805,24.42347336,22.67669519,1.04530749
4806,21.39672852,22.66389553,1.04414259
4807,22.31140518,22.66037062,1.04620077
4808,22.53043175,22.65907123,1.04756441
4809,22.13001823,22.65378070,1.05164356
4810,21.83606148,22.64560351,1.06655090
4811,23.78213120,22.65696879,1.07288370
4812,23.19875526,22.66238665,1.07090431
4813,22.70977783,22.66286057,1.07821375
4814,24.71008492,22.68333281,1.07315909
4815,22.03631973,22.67686268,1.07946698
4816,22.67251015,22.67681915,1.08562991
4817,20.70268822,22.65707784,1.09594093
4818,22.61596107,22.65666668,1.11263158
4819,22.72150993,22.65731511,1.11563834
4820,23.12021255,22.66194408,1.11543726
4821,22.62133026,22.66153794,1.12920354
4822,20.83135223,22.64323609,1.12520587
4823,23.93980598,22.65620179,1.12665755
4824,24.18539810,22.67149375,1.12123266
4825,22.34706497,22.66824946,1.11931984
4826,23.77130318,22.67928000,1.11840819
4827,23.27528763,22.68524008,1.12391356
4828,20.20190430,22.66040672,1.12673119
4829,23.77694702,22.67157212,1.16779504
4830,22.64001656,22.67125656,1.16872272
4831,22.35535431,22.66809754,1.16944067
4832,24.22973251,22.68371389,1.17324497
4833,23.79796410,22.69485639,1.16857529
4834,22.65654564,22.69447329,1.16928800
4835,23.90769768,22.70660553,1.14883437
4836,22.80647469,22.70760422,1.15322259
4837,22.63513184,22.70687950,1.15893940
4838,21.68883705,22.69669907,1.16913902
4839,21.23348808,22.68206696,1.16872939
4840,22.93950081,22.68464130,1.17415045
4841,21.87896919,22.67658458,1.18049304
4842,22.00443268,22.66986306,1.17906122
4843,24.41143990,22.68727883,1.17705606
4844,23.71678734,22.69757392,1.16838250
4845,21.64270782,22.68702525,1.16938451
4846,22.79684258,22.68812343,1.16589510
4847,23.18836784,22.69312587,1.16580374
4848,20.59480095,22.67214262,1.16234206
4849,23.02281189,22.67564932,1.15916607
4850,23.46980095,22.68359083,1.15190305
4851,23.66099739,22.69336490,1.16267386
4852,22.63917351,22.69282298,1.13275415
4853,23.70642281,22.70295898,1.13295561
4854,24.12956810,22.71722507,1.13145406
4855,24.95405197,22.73959334,1.12842144
4856,22.81675529,22.74036496,1.11712325
4857,22.00169373,22.73297825,1.11033826
4858,23.33140755,22.73896254,1.11040152
4859,23.68842506,22.74845717,1.11154455
4860,20.54919052,22.72646450,1.13447691
4861,21.51273346,22.71432719,1.13869899
4862,22.89366341,22.71612055,1.15341224
4863,24.03914070,22.72935075,1.15724722
4864,22.71314621,22.72918871,1.16374570
4865,24.04186058,22.74231543,1.15005994
4866,24.36841011,22.75857637,1.14778545
4867,24.87554359,22.77974605,1.19489373
4868,20.80255127,22.75997410,1.17848994
4869,21.96008492,22.75197521,1.18846105
4870,22.79753685,22.75243082,1.18873559
4871,24.65954971,22.77150201,1.19147269
4872,22.07655144,22.76455251,1.19948404
4873,22.20189095,22.75892589,1.20255489
4874,23.18589592,22.76319559,1.20178244
4875,22.53915405,22.76095518,1.19838254
4876,24.13182259,22.77466385,1.20027647
4877,24.01942825,22.78711149,1.20558553
4878,23.66155243,22.79585590,1.20488230
4879,19.61058235,22.76400317,1.17713613
4880,21.98026276,22.75616576,1.17569469
4881,23.33664894,22.76197060,1.17575184
4882,24.29952049,22.77734609,1.17662965
4883,23.70537376,22.78662637,1.17540259
4884,21.75098419,22.77626995,1.17775898
4885,21.60082054,22.76451545,1.17958876
4886,23.99064827,22.77677678,1.18311370
4887,24.06391716,22.78964819,1.18518762
4888,21.23628044,22.77411451,1.18515131
4889,22.96096611,22.77598303,1.18306523
4890,21.23715973,22.76059479,1.17269613
4891,24.09058762,22.77389472,1.18315376
4892,23.26528740,22.77880865,1.18069689
4893,22.41379356,22.77515850,1.17821816
4894,21.57401848,22.76314710,1.16897915
4895,22.00024414,22.75551807,1.17835824
4896,22.76971436,22.75566003,1.18721613
4897,23.23015594,22.76040499,1.21235486
4898,21.81108093,22.75091175,1.21247740
4899,23.63921165,22.75979475,1.20008532
4900,24.55584145,22.77775521,1.20056424
4901,24.64072418,22.79638490,1.20626071
4902,23.99813843,22.80840244,1.20333824
4903,23.33539009,22.81367232,1.20328481
4904,23.26515579,22.81818715,1.21058318
4905,22.48021126,22.81480739,1.21406268
4906,23.01837349,22.81684305,1.20615742
4907,23.66277695,22.82530239,1.21062805
4908,22.45886993,22.82163807,1.20883916
4909,23.57572937,22.82917898,1.21408335
4910,20.58442879,22.80673148,1.22413169
4911,21.56890869,22.79435325,1.21858294
4912,20.80844688,22.77449419,1.22211499
4913,21.83449745,22.76509422,1.22820673
4914,24.12146378,22.77865791,1.22582530
4915,23.59095955,22.78678093,1.22582999
4916,22.72648621,22.78617798,1.21974217
4917,19.50447655,22.75336097,1.21577197
4918,23.33386993,22.75916606,1.19867689
4919,21.28779793,22.74445238,1.19029175
4920,22.57000923,22.74270795,1.18942055
4921,23.73127174,22.75259358,1.19131870
4922,24.26174355,22.76768508,1.17699698
4923,20.75009537,22.74750919,1.17744155
4924,23.96102715,22.75964437,1.17806281
4925,23.95561981,22.77160412,1.18280154
4926,23.68479156,22.78073600,1.19249503
4927,24.40948105,22.79702345,1.19032284
4928,23.14972878,22.80055050,1.19804914
4929,23.00170898,22.80256208,1.19893535
4930,22.14721870,22.79600865,1.16150833
4931,22.72474861,22.79529605,1.16068461
4932,22.28120041,22.79015509,1.16963983
4933,24.24463272,22.80469987,1.15941754
4934,24.17389297,22.81839180,1.15544811
4935,23.63170433,22.82652493,1.15230364
4936,21.51042747,22.81336395,1.14750479
4937,23.63413811,22.82157169,1.14146004
4938,22.77478981,22.82110387,1.13393128
4939,22.05612946,22.81345413,1.14136328
4940,22.96320534,22.81495164,1.14164267
4941,21.33890915,22.80019122,1.13568738
4942,23.43280411,22.80651735,1.12754666
4943,22.72964287,22.80574860,1.12631803
4944,22.30989456,22.80079006,1.12991961
4945,21.12933540,22.78407551,1.14244524
4946,21.00820541,22.76631681,1.14057128
4947,20.33863640,22.74204001,1.14295363
4948,23.27533722,22.74737298,1.14269237
4949,24.09250832,22.76082433,1.13965358
4950,23.28206444,22.76603674,1.14783360
4951,21.45797157,22.75295608,1.13681842
4952,23.14337349,22.75686026,1.12581534
4953,22.84532166,22.75774487,1.21913309
4954,21.15332794,22.74170070,1.22597527
4955,24.45261192,22.75880981,1.22955202
4956,21.06733513,22.74189507,1.23084137
4957,21.68028259,22.73127894,1.23875695
4958,23.03396034,22.73430576,1.23589336
4959,24.02818489,22.74724455,1.23597345
4960,24.60446548,22.76581676,1.23336395
4961,24.70271873,22.78518578,1.23109089
4962,24.45210838,22.80185500,1.23131838
4963,24.13753128,22.81521177,1.21807469
4964,21.94070816,22.80646673,1.21771130
4965,22.78406143,22.80624268,1.21803454
4966,22.96906471,22.80787090,1.21449295
4967,21.64065933,22.79619878,1.21628893
4968,22.47178650,22.79295466,1.17582128
4969,21.42741203,22.77929923,1.17410411
4970,22.12215233,22.77272776,1.17147907
4971,23.47930527,22.77979354,1.17314916
4972,22.51371193,22.77713272,1.16923532
4973,23.57044601,22.78506586,1.16181193
4974,22.10480881,22.77826329,1.16803743
4975,23.94835091,22.78996416,1.17492460
4976,21.25037575,22.77456828,1.16913188
4977,23.93241119,22.78614671,1.16880142
4978,20.92172241,22.76750246,1.16327641
4979,21.72124481,22.75703989,1.16436767
4980,21.79788589,22.74744835,1.16469354
4981,23.37242699,22.75369813,1.16652799
4982,21.15839767,22.73774513,1.17275883
4983,22.60114288,22.73637911,1.17642177
4984,22.71165276,22.73613184,1.16663202
4985,23.18153000,22.74058582,1.15818433
4986,23.13774109,22.74455738,1.15864701
4987,22.33370781,22.74044888,1.15293713
4988,22.74416733,22.74048607,1.14932495
4989,20.68952751,22.71997648,1.15172803
4990,23.01804161,22.72295713,1.15024703
4991,21.76771736,22.71340473,1.15071106
4992,22.52716827,22.71154237,1.14669357
4993,22.48974228,22.70932437,1.14446678
4994,21.67639351,22.69899506,1.14454854
4995,20.57203293,22.67772544,1.14673076
4996,22.44473076,22.67539549,1.13687431
4997,21.83675194,22.66700906,1.15102992
4998,23.08385849,22.67117755,1.14532804
4999,22.77670860,22.67223286,1.14423417
5000,20.88177872,22.65432832,1.14173798
5001,21.49887085,22.64277375,1.14630255
5002,21.27450371,22.62909104,1.13882126
5003,17.48158646,22.57761600,1.13829042
5004,23.86586380,22.59049848,1.13885138
5005,23.53558350,22.59994933,1.12923170
5006,22.97274399,22.60367727,1.11805127
5007,23.87653923,22.61640589,1.10688924
5008,23.01996994,22.62044153,1.10993214
5009,22.63811874,22.62061831,1.11191098
5010,22.91804886,22.62359261,1.10712860
5011,24.35544586,22.64091114,1.09637937
5012,23.59840775,22.65048611,1.08087237
5013,22.22585487,22.64623980,1.06942380
5014,21.76439857,22.63742139,1.06593413
5015,24.02090454,22.65125622,1.06282154
5016,22.47435570,22.64948721,1.06520841
5017,23.19119072,22.65490425,1.06629201
5018,22.79658127,22.65632102,1.06585623
5019,22.77022934,22.65746010,1.06822617
5020,21.44102478,22.64529575,1.05972124
5021,23.19091415,22.65075193,1.06006328
5022,22.06435204,22.64488793,1.05823863
5023,23.45063972,22.65294545,1.06023608
5024,24.84041405,22.67482014,1.06050983
5025,24.42444038,22.69231634,1.06620577
5026,22.15147400,22.68690792,1.06290219
5027,23.55934525,22.69563229,1.07224539
5028,23.87966347,22.70747260,1.07756051
5029,23.29490662,22.71334694,1.06149842
5030,22.22001457,22.70841362,1.05814460
5031,23.49685669,22.71629805,1.05441246
5032,21.40558624,22.70319093,1.05316198
5033,23.65451813,22.71270420,1.06288654
5034,22.55609512,22.71113811,1.07557634
5035,22.97240829,22.71375081,1.07560384
5036,21.61649323,22.70277824,1.07925981
5037,22.31022835,22.69885274,1.07895027
5038,22.41922569,22.69605647,1.07957267
5039,23.33367157,22.70243262,1.07958889
5040,22.32156372,22.69862393,1.08636148
5041,23.00882530,22.70172594,1.08753959
5042,23.57128525,22.71042154,1.09369991
5043,22.61441040,22.70946142,1.09677583
5044,22.47225952,22.70708941,1.09729434
5045,23.43930626,22.71441157,1.09185941
5046,23.11702919,22.71843775,1.07424662
5047,25.19182777,22.74317165,1.07436511
5048,24.87417030,22.76448164,1.07144711
5049,22.85762596,22.76541308,1.07145440
5050,23.86688614,22.77642781,1.08471166
5051,23.94784546,22.78814199,1.06664926
5052,22.98139381,22.79007451,1.05787395
5053,22.78105736,22.78998433,1.04624067
5054,23.19115829,22.79399607,0.91082023
5055,23.53464127,22.80140253,0.90616788
5056,23.25410080,22.80592951,0.90442130
5057,22.16500282,22.79952024,0.90810901
5058,21.46111488,22.78613619,0.90307273
5059,23.55945015,22.79386933,0.91907389
5060,23.51213646,22.80105200,0.93015163
5061,23.76060486,22.81064753,0.94089117
5062,23.20966721,22.81463772,0.93622560
5063,22.41037560,22.81059510,0.93454061
5064,21.79562950,22.80044545,0.93346217
5065,23.04863739,22.80292737,0.92664058
5066,23.52695465,22.81016764,0.92653473
5067,22.29655266,22.80503149,0.93852022
5068,21.67967987,22.79377797,0.93932869
5069,23.58970070,22.80173720,0.94738739
5070,22.61723518,22.79989218,0.95469708
5071,23.56444740,22.80753773,0.95347738
5072,23.07719994,22.81023435,0.95374855
5073,23.57130241,22.81784504,0.95712851
5074,22.05135155,22.81018010,0.95696175
5075,24.17175674,22.82379587,0.94588607
5076,22.10996246,22.81665753,0.94911125
5077,24.99838066,22.83847476,0.94674192
5078,24.44368553,22.85452687,0.94591148
5079,22.45972824,22.85057889,0.94273464
5080,22.19629860,22.84403608,0.94319077
5081,22.39842796,22.83958000,0.94166768
5082,22.79770660,22.83916127,0.94717638
5083,20.69990921,22.81776875,0.94396385
5084,21.20447922,22.80163585,0.94214642
5085,22.98672295,22.80348672,0.94133293
5086,23.84937668,22.81394562,0.95331095
5087,22.68865967,22.81269276,0.95555980
5088,22.27402687,22.80730610,0.95329534
5089,22.78679657,22.80710101,0.95383743
5090,25.36367416,22.83266674,0.96911486
5091,23.49195671,22.83925964,0.96805413
5092,24.56739998,22.85654104,0.96805811
5093,22.10099030,22.84898554,0.96935411
5094,23.48770714,22.85537275,0.96898884
5095,22.59209824,22.85274001,0.97234792
5096,21.87524605,22.84296507,0.97436573
5097,23.44291115,22.84896453,0.97473190
5098,23.65535545,22.85702844,0.95751228
5099,23.27736855,22.86123184,0.94057302
5100,24.77711105,22.88039063,0.94337956
5101,23.25434303,22.88413015,0.95117032
5102,23.02219963,22.88551085,0.94720350
5103,23.44515038,22.89110724,0.95323844
5104,24.70067406,22.90920291,0.95290511
5105,22.98257446,22.90993663,0.97282118
5106,23.49233627,22.91576062,0.97514743
5107,22.39155769,22.91051859,0.97646828
5108,23.11211205,22.91253453,0.97962899
5109,24.95021248,22.93291131,0.97749509
5110,21.75559807,22.92113818,0.98543739
5111,21.77250862,22.90965188,0.99209768
5112,22.06971169,22.90125248,0.99131781
5113,23.56599998,22.90789995,0.99297074
5114,22.65836525,22.90540461,1.03462135
5115,23.21114731,22.90846203,1.03756476
5116,24.28284454,22.92220586,1.04064015
5117,21.60472107,22.90903101,1.04080313
5118,23.65378571,22.91647856,1.03917017
5119,24.44017792,22.93171555,1.03808608
5120,24.41956902,22.94659409,1.03896360
5121,24.68360710,22.96396422,1.03845318
5122,23.60556793,22.97038025,1.04884259
5123,22.06958771,22.96137233,1.05476904
5124,23.73252106,22.96908382,1.05812328
5125,24.44261742,22.98381915,1.09578141
5126,21.61332893,22.97011425,1.11156255
5127,23.71324730,22.97754558,1.22774542
5128,23.68972778,22.98466740,1.21223278
5129,22.81703377,22.98299107,1.21261325
5130,22.81614494,22.98132260,1.21706225
5131,23.79119492,22.98942133,1.21429445
5132,22.10128403,22.98053995,1.21333857
5133,21.88325882,22.96956714,1.21319550
5134,22.87216568,22.96859313,1.19855068
5135,23.33548737,22.97226207,1.18475687
5136,21.69388199,22.95947827,1.18575064
5137,24.72614479,22.97714494,1.18959304
5138,23.24383163,22.97981180,1.19767173
5139,22.61164474,22.97613013,1.19636903
5140,25.03591537,22.99672798,1.19675980
5141,23.79196167,23.00468032,1.18206086
5142,23.33686638,23.00800218,1.18165408
5143,24.07271767,23.01864934,1.17297174
5144,23.02701378,23.01873298,1.17058447
5145,24.32030296,23.03174868,1.17602467
5146,24.11129761,23.04254417,1.19112699
5147,23.65028191,23.04862155,1.19005572
5148,22.24190140,23.04055435,1.18939524
5149,23.00952148,23.04024402,1.19006492
5150,24.07883453,23.05062992,1.19083265
5151,24.81500435,23.06827367,1.18004579
5152,23.45139503,23.07210488,1.17997348
5153,22.25796318,23.06396346,1.20079197
5154,23.45608330,23.06788466,1.20090091
5155,25.34377670,23.09064358,1.18977040
5156,24.20171547,23.10175430,1.18978390
5157,22.85636902,23.09930045,1.18988270
5158,22.16278458,23.08993529,1.22717656
5159,21.88968658,23.07793280,1.23032356
5160,21.99744034,23.06712788,1.22038447
5161,22.07808304,23.05723743,1.22665909
5162,23.89316750,23.06559673,1.24763760
5163,23.91929626,23.07413373,1.25737982
5164,20.29864883,23.04637888,1.27476778
5165,21.80077362,23.03392282,1.28311755
5166,24.08070564,23.04439065,1.29329332
5167,22.75400352,23.04148678,1.28528250
5168,22.82067490,23.03927866,1.27992698
5169,24.56729698,23.05455885,1.28625291
5170,24.00355721,23.06404883,1.27824185
5171,23.62975502,23.06970589,1.27424775
5172,24.91600609,23.08816889,1.26151604
5173,24.50524521,23.10233966,1.25930945
5174,24.36905670,23.11500683,1.26028672
5175,20.32306671,23.08708742,1.26323804
5176,21.15223503,23.06773890,1.25787226
5177,17.91335678,23.01619508,1.25246756
5178,23.47050285,23.02073816,1.25241869
5179,24.65893555,23.03712013,1.24975053
5180,24.43322182,23.05108115,1.25216100
5181,23.05449677,23.05111530,1.25439109
5182,22.82639885,23.04886814,1.25050291
5183,23.42337608,23.05261322,1.25173426
5184,21.88737679,23.04096086,1.25446317
5185,23.38286781,23.04437992,1.27516165
5186,22.78697395,23.04180586,1.27687500
5187,24.54211426,23.05680895,1.29411264
5188,24.76508522,23.07389171,1.28192051
5189,22.77141571,23.07086695,1.28157926
5190,23.75670433,23.07772533,1.28443087
5191,22.01749420,23.06712301,1.26630483
5192,23.58833504,23.07233513,1.26466188
5193,23.68736839,23.07848547,1.27704002
5194,22.68507195,23.07455133,1.27380130
5195,22.06706047,23.06447642,1.29923257
5196,21.28963661,23.04672802,1.29276617
5197,22.18753815,23.03813613,1.28871888
5198,23.15544891,23.03930925,1.28630824
5199,22.47636223,23.03367978,1.30056949
5200,22.70443153,23.03038730,1.31974148
5201,22.50471115,23.02513054,1.31315336
5202,22.97506714,23.02462991,1.31101935
5203,20.89247704,23.00330838,1.31533991
5204,22.63861084,22.99966140,1.31689971
5205,22.65907860,22.99625557,1.31520716
5206,23.14182281,22.99771125,1.29152119
5207,22.55533409,22.99328747,1.28435855
5208,19.95348549,22.96288945,1.29769663
5209,22.10340309,22.95429459,1.29628732
5210,21.73864365,22.94213808,1.33946810
5211,21.22128677,22.92492957,1.34008821
5212,20.34074020,22.89908767,1.33849242
5213,21.09639168,22.88106071,1.33680171
5214,20.60458374,22.85829595,1.33186618
5215,21.30655479,22.84277853,1.31254777
5216,21.08397675,22.82519052,1.31116328
5217,22.60546494,22.82299326,1.30617104
5218,22.44268990,22.81919023,1.30849538
5219,21.17314911,22.80272982,1.30868634
5220,23.44386673,22.80914118,1.29722398
5221,21.41449928,22.79519477,1.29221111
5222,22.10509491,22.78829377,1.29323427
5223,22.29073715,22.78331820,1.27614447
5224,23.48766518,22.79036167,1.26814350
5225,23.90679359,22.80152599,1.27520744
5226,21.46433830,22.78815411,1.25238557
5227,22.62778664,22.78655044,1.25914327
5228,23.52283859,22.79391332,1.19301300
5229,22.95018768,22.79547606,1.19422080
5230,23.40048027,22.80152611,1.17976035
5231,21.85886383,22.79209948,1.16869116
5232,22.56751823,22.78985367,1.16843851
5233,23.49757004,22.79693083,1.17737165
5234,23.87601280,22.80772165,1.17551576
5235,24.98215675,22.82946600,1.17576388
5236,23.53217697,22.83649311,1.19067154
5237,25.15227509,22.85965093,1.19254309
5238,23.27239037,22.86377833,1.18275355
5239,22.98316765,22.86497222,1.16529655
5240,21.84406471,22.85476315,1.16636647
5241,22.52428818,22.85145840,1.16362691
5242,23.38144302,22.85675824,1.20917177
5243,20.83247948,22.83651546,1.21676776
5244,21.82085228,22.82635882,1.21548890
5245,20.01656151,22.79826085,1.21701043
5246,23.34701920,22.80374843,1.21991545
5247,21.75836182,22.79329457,1.21975322
5248,22.85229492,22.79388457,1.22890555
5249,20.50921822,22.77103791,1.23030832
5250,20.20282936,22.74535582,1.23302907
5251,22.46453476,22.74254761,1.23305368
5252,24.36249924,22.75874713,1.23968050
5253,23.73617554,22.76852141,1.24073294
5254,23.30757523,22.77391195,1.22963047
5255,22.56387138,22.77181154,1.23177681
5256,23.00643921,22.77415782,1.24471129
5257,22.83316040,22.77474785,1.24823603
5258,24.34513283,22.79045170,1.24824634
5259,22.65007782,22.78904796,1.21852464
5260,18.93975830,22.75055506,1.21777587
5261,21.56420326,22.73869154,1.23475416
5262,22.48854637,22.73619009,1.24152714
5263,23.34871483,22.74231534,1.22856676
5264,22.59642982,22.74085648,1.21802741
5265,23.32056427,22.74665356,1.20000498
5266,23.19445801,22.75113161,1.19242315
5267,21.79775810,22.74159787,1.18682933
5268,21.64632797,22.73064517,1.19707988
5269,22.66640854,22.73000281,1.19703389
5270,21.83699608,22.72107274,1.19869095
5271,22.94216537,22.72328366,1.19645954
5272,23.42914772,22.73034231,1.20450217
5273,21.83590508,22.72139793,1.20537853
5274,23.39597130,22.72814367,1.20639244
5275,24.48703384,22.74573257,1.20397231
5276,22.44318962,22.74270714,1.19931887
5277,24.50525856,22.76033265,1.19342610
5278,19.83660507,22.73109538,1.19395807
5279,23.36533546,22.73743778,1.19786992
5280,22.86482811,22.73871168,1.19773254
5281,22.88811493,22.74020571,1.20028428
5282,22.62253761,22.73902903,1.19729994
5283,23.90848541,22.75072360,1.21365031
5284,22.39384460,22.74715481,1.21616750
5285,21.54774857,22.73516074,1.21043919
5286,20.40214729,22.71183061,1.20311870
5287,21.69665527,22.70167886,1.20193018
5288,23.35770988,22.70823917,1.19544404
5289,22.15576935,22.70271447,1.20330462
5290,22.84833527,22.70417068,1.20344050
5291,21.65390015,22.69366797,1.20154087
5292,18.89682388,22.65569953,1.20183967
5293,23.91163826,22.66825892,1.19977257
5294,21.40514755,22.65562780,1.18690221
5295,21.61552238,22.64522675,1.20798674
5296,23.26657867,22.65144027,1.19461837
5297,23.62069321,22.66113280,1.19628190
5298,23.88570976,22.67337857,1.19601500
5299,21.53765869,22.66202137,1.19925935
5300,23.14719200,22.66687308,1.18514193
5301,22.38990974,22.66410344,1.16135413
5302,23.61936760,22.67365608,1.16562791
5303,22.92455292,22.67616505,1.15630460
5304,22.98416901,22.67924509,1.15190060
5305,23.10167694,22.68346941,1.15067448
5306,24.19680214,22.69860274,1.15077658
5307,23.45414925,22.70615820,1.15041189
5308,22.25538254,22.70165045,1.15267361
5309,22.14119530,22.69604589,1.14204544
5310,22.02352905,22.68932073,1.14245792
5311,24.73018265,22.70972935,1.08021004
5312,24.49768066,22.72760886,1.07781013
5313,24.13384438,22.74167121,1.08105280
5314,22.89003563,22.74315486,1.09519387
5315,22.99630165,22.74568633,1.10198860
5316,22.17102242,22.73993969,1.11841293
5317,21.46492195,22.72718951,1.11856670
5318,21.03178406,22.71023545,1.11445440
5319,22.85061646,22.71163926,1.11364394
5320,20.93797302,22.69390260,1.11841947
5321,22.45283318,22.69149191,1.11525262
5322,24.50516701,22.70962866,1.11700670
5323,23.40145874,22.71654696,1.11562987
5324,21.98638344,22.70924532,1.11288429
5325,22.72714996,22.70942437,1.11338074
5326,22.07275581,22.70305769,1.10081856
5327,22.30141830,22.69904129,1.10213670
5328,22.24073410,22.69445822,1.08997833
5329,23.88817787,22.70639542,1.09127029
5330,22.45623970,22.70389386,1.08994233
5331,23.66954994,22.71355042,1.09216332
5332,22.59062386,22.71232115,1.09591603
5333,20.60390282,22.69123697,1.10150431
5334,21.44614410,22.67878604,1.10972442
5335,22.43786812,22.67637686,1.10953721
5336,20.63161659,22.65592926,1.10348849
5337,23.17010498,22.66107102,1.07939938
5338,24.63126564,22.68077296,1.07575898
5339,20.97546005,22.66371983,1.07572202
5340,22.83239746,22.66540661,1.08101005
5341,22.94078064,22.66816035,1.08148674
5342,22.17436981,22.66322245,1.09594523
5343,22.55204964,22.66211072,1.03204722
5344,22.01343536,22.65562396,1.02608317
5345,24.92814445,22.67834917,1.01762851
5346,20.58549309,22.65742061,1.01212396
5347,23.45825195,22.66542892,1.01477190
5348,23.41812515,22.67295588,1.01616892
5349,23.46919632,22.68091829,1.02174184
5350,23.73644066,22.69147351,1.01684853
5351,21.92188644,22.68377764,1.01921786
5352,23.66635132,22.69360338,1.02712393
5353,23.39421844,22.70060953,1.02893513
5354,22.44637871,22.69806722,1.04586305
5355,22.91248894,22.70021144,1.05956852
5356,22.41975021,22.69740683,1.06582075
5357,22.52262688,22.69565903,1.06473058
5358,23.36571693,22.70235961,1.06270689
5359,23.07485962,22.70608461,1.06944487
5360,22.94151306,22.70843889,1.06796249
5361,22.35928917,22.70494739,1.10326867
5362,23.55972099,22.71349513,1.08761762
5363,23.57417488,22.72210193,1.08603467
5364,24.60015106,22.74088242,1.07685289
5365,23.99595642,22.75343316,1.07842059
5366,24.79096222,22.77380845,1.08286846
5367,23.26181984,22.77868856,1.08163743
5368,22.65685654,22.77747024,1.07529099
5369,21.76768112,22.76737235,1.06273986
5370,23.86292648,22.77832789,1.06298215
5371,23.24394226,22.78298404,1.04855645
5372,23.50115585,22.79016575,1.05407042
5373,22.53785515,22.78764265,1.04206090
5374,23.38875198,22.79365374,1.04163305
5375,23.55629539,22.80128016,1.04075959
5376,22.93644524,22.80263181,1.04081785
5377,23.52105141,22.80981600,1.03992952
5378,22.45858383,22.80630368,1.03916234
5379,19.83406639,22.77658131,1.07268055
5380,22.58624268,22.77467792,1.06671968
5381,22.09455681,22.76787671,1.07663260
5382,21.86310196,22.75882896,1.07676082
5383,21.63977242,22.74763840,1.07757910
5384,20.93715477,22.72953356,1.05651208
5385,22.44385719,22.72667680,1.05718492
5386,22.87652206,22.72817525,1.05723552
5387,22.96014786,22.73049498,1.03847762
5388,23.28212357,22.73601126,1.03768528
5389,23.38542175,22.74250537,1.02917594
5390,24.02237892,22.75530410,1.01991893
5391,23.14734650,22.75922453,1.01999778
5392,20.69832993,22.73861558,1.02268712
5393,21.87277031,22.72995713,1.03032435
5394,23.17718887,22.73442945,1.03474342
5395,22.86141777,22.73569933,1.03879334
5396,23.16576195,22.73999996,1.01721702
5397,23.74642754,22.75006423,1.01760142
5398,23.87353516,22.76129894,1.01733035
5399,21.27630806,22.74644903,1.01812781
5400,23.50207138,22.75400526,1.04017628
5401,23.65386963,22.76300390,1.03966592
5402,21.51092148,22.75048308,1.04494766
5403,23.90399170,22.76201816,1.04196376
5404,20.92881393,22.74368612,1.04021258
5405,21.05807495,22.72683001,1.03994940
5406,21.53456497,22.71490736,1.04901736
5407,24.14519501,22.72921023,1.04952563
5408,22.45485497,22.72646668,1.05318435
5409,21.43923950,22.71359441,1.05549566
5410,22.79681015,22.71442657,1.06319383
5411,19.83000946,22.68558240,1.06739521
5412,21.82755852,22.67700216,1.06767979
5413,24.36483574,22.69388049,1.06539355
5414,22.86340714,22.69557576,1.06337438
5415,22.02344513,22.68885445,1.04807373
5416,23.67922592,22.69875817,1.06698939
5417,22.57230186,22.69749360,1.05175854
5418,23.02287102,22.70074738,1.05537867
5419,22.46916008,22.69843151,1.05757098
5420,22.96306801,22.70107787,1.05245210
5421,22.74046326,22.70147172,1.04878127
5422,21.58463097,22.69030332,1.05077697
5423,23.53109360,22.69871122,1.05414091
5424,23.32184029,22.70494251,1.06097112
5425,23.28164101,22.71070950,1.06337585
5426,22.59842300,22.70958663,1.06771249
5427,23.18656349,22.71435640,1.09290988
5428,22.64114761,22.71362431,1.09127145
5429,25.48876381,22.74137571,1.10340731
5430,22.90029716,22.74296492,1.06395188
5431,24.29697990,22.75850507,1.06535602
5432,21.86728287,22.74959285,1.06553326
5433,23.24418831,22.75453880,1.06527908
5434,22.62552452,22.75324866,1.06360389
5435,24.20221138,22.76773829,1.04666829
5436,22.51046753,22.76516558,1.04727853
5437,22.13403320,22.75885426,1.05245311
5438,22.81007957,22.75936651,1.05850700
5439,21.51598740,22.74693272,1.07164016
5440,21.72354698,22.73669886,1.07195062
5441,22.96993637,22.73903124,1.06646598
5442,23.59322166,22.74757314,1.06622211
5443,24.23412514,22.76243866,1.07536372
5444,21.86549759,22.75346925,1.07494254
5445,24.04769707,22.76641153,1.07544786
5446,22.46115875,22.76335900,1.07839642
5447,25.08652687,22.78659068,1.08922345
5448,23.54378700,22.79416264,1.08681274
5449,23.66884232,22.80290944,1.08468624
5450,20.64936256,22.78137397,1.08200162
5451,21.96466064,22.77320684,1.08085362
5452,24.23518181,22.78782659,1.07859954
5453,22.50649834,22.78501330,1.07015549
5454,22.88386726,22.78600184,1.07304541
5455,23.11908340,22.78933266,1.05479008
5456,21.46874619,22.77612679,1.04007656
5457,22.36491966,22.77201472,1.03281523
5458,23.77777290,22.78207230,1.02650274
5459,23.78686905,22.79212027,1.03245646
5460,21.54412842,22.77964035,1.02170143
5461,21.87173843,22.77056133,1.03384622
5462,23.32122040,22.77606793,0.98810744
5463,23.18506241,22.78015787,0.98543576
5464,23.28186798,22.78517497,0.97950874
5465,22.81688499,22.78549207,0.99042161
5466,25.19659042,22.80960305,0.98677031
5467,22.04028511,22.80190988,1.05553341
5468,23.83010483,22.81219183,1.05543558
5469,23.55869865,22.81965689,1.05932171
5470,22.81009483,22.81956127,1.05970526
5471,23.41647911,22.82553045,1.06504318
5472,23.65235710,22.83379872,1.06879099
5473,23.96921158,22.84515285,1.06052310
5474,24.16742134,22.85837553,1.06436956
5475,23.82831001,22.86807488,1.06792011
5476,24.13740730,22.88076820,1.10433638
5477,20.57780266,22.85773854,1.10414276
5478,23.18332672,22.86099443,1.10526374
5479,24.62942505,22.87867873,1.10501146
5480,23.72315407,22.88712349,1.07879102
5481,22.36485291,22.88190078,1.07898857
5482,22.17740440,22.87485582,1.07024355
5483,23.98368835,22.88594414,1.06631548
5484,21.92435074,22.87632821,1.07637195
5485,23.35660172,22.88113094,1.07611100
5486,23.60717201,22.88839135,1.06911817
5487,24.11207962,22.90062824,1.07765111
5488,24.22572136,22.91387917,1.07768728
5489,21.34491348,22.89818951,1.07768684
5490,22.49438095,22.89415143,1.07804659
5491,23.31800652,22.89838998,1.08377798
5492,23.13662529,22.90077233,1.08390815
5493,20.42103386,22.87597494,1.08403339
5494,23.98615265,22.88707672,1.07920800
5495,23.48680305,22.89307398,1.09257450
5496,23.86403084,22.90278355,1.08978672
5497,24.65116119,22.92026733,1.09122704
5498,22.69895744,22.91805423,1.07880765
5499,22.40107155,22.91288440,1.07738784
5500,21.62268066,22.89998237,1.08004550
5501,23.38246727,22.90480722,1.05484101
5502,22.78577995,22.90361694,1.04989853
5503,23.35028458,22.90808362,1.04324288
5504,24.34239960,22.92242678,1.04713306
5505,23.17155647,22.92491808,1.04854255
5506,23.70630836,22.93273198,1.05077479
5507,22.50115013,22.92841616,1.04640941
5508,23.53081703,22.93444017,1.04835939
5509,24.37063026,22.94880207,1.04611600
5510,23.04839706,22.94979802,1.05652620
5511,21.56607819,22.93596082,1.04628873
5512,22.73763657,22.93397758,1.04228850
5513,22.35762405,22.92821404,1.04891125
5514,22.21359825,22.92106789,1.06298622
5515,24.64343262,22.93829153,1.06671354
5516,23.50060463,22.94391466,1.07059774
5517,19.29394531,22.90741497,1.05119111
5518,22.81458855,22.90648671,1.05089085
5519,24.04479027,22.91786974,1.05377977
5520,23.67397881,22.92543083,1.05835307
5521,24.23702049,22.93854673,1.06148352
5522,22.24211121,22.93158237,1.06286015
5523,23.06265259,22.93289308,1.06169790
5524,24.27100563,22.94627420,1.05945752
5525,22.22130013,22.93902446,1.05474935
5526,20.27687836,22.91240300,1.05647063
5527,23.34927940,22.91677176,1.05200014
5528,22.54198456,22.91302389,1.02226021
5529,23.24000931,22.91629375,1.02414421
5530,22.19598389,22.90909065,1.01471635
5531,23.28597450,22.91285949,1.01459091
5532,23.01396370,22.91387053,1.01931363
5533,22.58766556,22.91060848,1.02356861
5534,24.60203743,22.92752277,1.02017523
5535,22.91870880,22.92743463,1.03548012
5536,22.76954079,22.92585569,1.03736172
5537,24.52920914,22.94188922,1.03865453
5538,22.30578995,22.93552823,1.03452057
5539,23.23623276,22.93853528,1.04018772
5540,21.66730118,22.92582294,1.03528370
5541,24.77620316,22.94432674,1.03544204
5542,22.97598267,22.94464330,1.03589273
5543,22.46343231,22.93983119,1.04177597
5544,23.90933990,22.94952627,1.01829465
5545,25.19888115,22.97201982,1.01516221
5546,23.92050743,22.98150470,1.01983999
5547,23.97482872,22.99143794,1.06090925
5548,21.89927292,22.98051629,1.05127383
5549,23.25189400,22.98323007,1.06248114
5550,24.20225525,22.99542032,1.06044916
5551,23.28032112,22.99826933,1.05853885
5552,23.17257309,23.00001236,1.06160798
5553,23.54685783,23.00548082,1.06143556
5554,22.17800713,22.99720608,1.07487020
5555,23.77414894,23.00497551,1.07506679
5556,23.92881012,23.01421386,1.08268790
5557,24.46745491,23.02874627,1.08345810
5558,24.21890640,23.04064787,1.08208594
5559,23.56234169,23.04586481,1.08180503
5560,21.61369514,23.03154311,1.07710438
5561,23.18818283,23.03310951,1.08649431
5562,24.00303078,23.04280872,1.07496050
5563,24.54327583,23.05781339,1.07672389
5564,25.09928703,23.07822813,1.09424397
5565,24.30388069,23.09048465,1.09897410
5566,24.36436272,23.10322343,1.09052745
5567,23.84179688,23.11060917,1.09615078
5568,24.46641350,23.12416721,1.04652517
5569,24.50656700,23.13799121,1.05171890
5570,22.36605263,23.13027182,1.04850237
5571,24.33163452,23.14228545,1.05282002
5572,24.07780647,23.15164066,1.04808395
5573,23.51487160,23.15527297,1.04458417
5574,23.89724350,23.16269268,1.05747685
5575,23.45306015,23.16559635,1.05328118
5576,22.55187035,23.15945909,1.05095307
5577,23.42049599,23.16206946,1.00918309
5578,22.85207558,23.15896952,1.01393146
5579,22.82287788,23.15560860,1.01353579
5580,22.95934105,23.15364593,1.02092208
5581,22.86561012,23.15076557,1.01662667
5582,22.14461899,23.14070410,1.01816880
5583,22.04777145,23.12977478,1.04083119
5584,23.53610039,23.13383803,1.04324275
5585,25.57326698,23.15823232,1.04197920
5586,24.10408211,23.16769082,1.04723910
5587,24.13903046,23.17740422,1.04865086
5588,23.38618088,23.17949198,1.04353046
5589,21.91335678,23.16683063,1.04009803
5590,21.91315651,23.15429389,1.04011579
5591,22.72526550,23.15000361,1.03459267
5592,23.04548454,23.14895842,1.02572570
5593,22.26916885,23.14016052,1.02685721
5594,21.82498550,23.12700877,1.05622710
5595,23.67412567,23.13247994,1.05762751
5596,22.31329727,23.12428811,1.04807779
5597,20.27074432,23.09575268,1.04650198
5598,22.67478752,23.09154302,1.04438869
5599,21.64592743,23.07708687,1.03885709
5600,23.11868858,23.07750288,1.03954302
5601,24.57142067,23.09244206,1.03696962
5602,22.40589523,23.08557659,1.03697731
5603,23.03842163,23.08510504,1.03988248
5604,25.01138115,23.10436781,1.04005250
5605,24.55612564,23.11888538,1.04236252
5606,24.62228203,23.13391935,1.04128367
5607,24.04944611,23.14307462,1.03918805
5608,23.68690300,23.14851290,1.03900722
5609,23.65844154,23.15361219,1.03479221
5610,22.68015099,23.14887758,1.03613148
5611,24.80549431,23.16544374,1.02453074
5612,23.48267365,23.16861604,1.02600398
5613,24.16638374,23.17859372,1.02337503
5614,21.27437973,23.15955158,1.01557012
5615,24.80805588,23.17603662,1.00054128
5616,23.94219589,23.18369822,1.01541746
5617,24.59985352,23.19785977,1.01003317
5618,25.60011482,23.22188232,1.01080914
5619,22.39671135,23.21363061,1.01626388
5620,23.59164810,23.21741078,1.05280596
5621,24.58629417,23.23109962,1.09067276
5622,23.47050285,23.23349365,1.09838528
5623,24.01957130,23.24135443,1.09483171
5624,21.86097145,23.22755060,1.10145632
5625,23.95058823,23.23478097,1.09989627
5626,24.25992775,23.24503244,1.09991735
5627,23.46676254,23.24724974,1.10048032
5628,22.57215500,23.24049879,1.10063680
5629,22.92791367,23.23737294,1.10266752
5630,24.80908203,23.25309003,1.11266747
5631,23.12610817,23.25182022,1.11254322
5632,23.01803589,23.24948237,1.12379164
5633,21.36887741,23.23067632,1.11952254
5634,24.52067566,23.24357632,1.11442992
5635,22.28784943,23.23401905,1.11447729
5636,22.42560005,23.22593486,1.09229854
5637,24.24553108,23.23613082,1.09078824
5638,22.75656891,23.23133520,1.08772661
5639,23.17490578,23.23077091,1.08755567
5640,23.46042442,23.23306744,1.08111043
5641,24.68002319,23.24753700,1.08051490
5642,24.25238800,23.25758551,1.08257407
5643,24.13696480,23.26637930,1.08701430
5644,20.94336891,23.24314920,1.08507872
5645,22.66217041,23.23733941,1.08690610
5646,22.14492607,23.22641528,1.08610083
5647,23.08211708,23.22497229,1.08805946
5648,23.11589622,23.22388153,1.05022381
5649,24.23160362,23.23395876,1.04921029
5650,23.09893036,23.23260847,1.04986358
5651,24.10840797,23.24136647,1.10067131
5652,23.42608070,23.24321361,1.09147217
5653,22.69096947,23.23769117,1.09040569
5654,23.10138702,23.23632813,1.10287188
5655,24.75541115,23.25151896,1.08801707
5656,23.28044701,23.25180824,1.08064117
5657,23.62033463,23.25549350,1.06996507
5658,22.27179718,23.24565654,1.06578558
5659,23.69712067,23.25017118,1.07714108
5660,24.07850266,23.25845449,1.07715732
5661,23.99962807,23.26586623,1.07978946
5662,22.93274689,23.26253504,1.06722324
5663,23.52734566,23.26518314,1.07203308
5664,23.59815216,23.26851283,1.06930484
5665,22.93605614,23.26518826,1.05428630
5666,21.38420105,23.24637839,1.04209543
5667,23.01076317,23.24402224,1.05894730
5668,24.10505486,23.25263257,1.04855863
5669,21.75100517,23.23761629,1.01903858
5670,20.25261879,23.20776632,1.02805721
5671,20.25714874,23.17826014,1.03087571
5672,21.44919968,23.16096954,1.02402080
5673,23.38628197,23.16322266,1.03471894
5674,21.89032936,23.15049373,1.03203670
5675,22.67858315,23.14577462,1.02650296
5676,23.44382668,23.14875514,1.02348174
5677,23.83988190,23.15566641,1.01948551
5678,22.82158470,23.15232559,1.02315401
5679,23.89248276,23.15972717,1.02465038
5680,24.71995544,23.17532945,1.03058593
5681,23.33385658,23.17691472,1.02550638
5682,21.55476189,23.16069319,1.02577991
5683,22.94366837,23.15852294,1.02575301
5684,23.45942879,23.16153200,1.01098674
5685,22.79635048,23.15788019,1.00304488
5686,22.23101234,23.14861151,0.99976812
5687,23.89629173,23.15608831,0.99792163
5688,23.67436790,23.16127111,1.00477731
5689,23.25629997,23.16222139,1.00455087
5690,23.52726746,23.16587186,1.00475399
5691,21.96630287,23.15387617,1.00431180
5692,23.96459389,23.16198334,0.99719474
5693,24.18321419,23.17219565,0.99143713
5694,22.57666397,23.16624033,0.98645217
5695,21.70629883,23.15164092,0.96442298
5696,23.48162460,23.15494076,0.98034491
5697,22.10603905,23.14445174,0.98472775
5698,23.24311256,23.14543835,0.98839557
5699,23.26278114,23.14661178,0.98854034
5700,21.65460587,23.13169172,0.98307232
5701,19.81357193,23.09851052,0.99029518
5702,23.44341660,23.10195958,0.98980661
5703,23.62026024,23.10714259,0.99250674
5704,21.44082069,23.09047937,0.99128648
5705,22.46267700,23.08420134,0.99202002
5706,23.78751945,23.09123452,0.98087783
5707,23.02298927,23.09055207,0.98191021
5708,22.94828606,23.08912941,0.98184566
5709,21.32781219,23.07151624,0.97778383
5710,23.58451080,23.07664618,0.97661471
5711,23.87153435,23.08459507,0.97847398
5712,22.54473495,23.07919647,0.98208576
5713,24.10166931,23.08942119,0.98331648
5714,22.24302483,23.08095723,0.98620770
5715,22.88660622,23.07901372,0.98563278
5716,23.60399628,23.08426355,0.98525244
5717,25.09063148,23.10432723,0.96866773
5718,22.99118996,23.10319585,0.97778314
5719,22.93460846,23.10150998,0.97466911
5720,24.54823112,23.11597719,0.96379015
5721,23.92770767,23.12409449,0.93459582
5722,23.86097527,23.13146330,0.88659461
5723,24.58150673,23.14596374,0.87285945
5724,22.60334969,23.14053760,0.87868586
5725,23.75150299,23.14664725,0.86954402
5726,22.94285583,23.14460934,0.86869071
5727,23.69007301,23.15006397,0.86931639
5728,23.99183083,23.15848164,0.88169482
5729,23.89541245,23.16585095,0.88089606
5730,21.94202995,23.15361274,0.87895110
5731,21.74805832,23.13955720,0.86790089
5732,23.26940155,23.14085564,0.86815207
5733,23.13182640,23.14076535,0.85159185
5734,23.32714844,23.14262918,0.85392804
5735,22.52212906,23.13642418,0.90141157
5736,22.80788994,23.13313883,0.90041856
5737,23.39838028,23.13579125,0.89683077
5738,21.39738083,23.11840714,0.90633336
5739,23.30054665,23.12022854,0.90759941
5740,23.22277451,23.12125400,0.91119279
5741,23.16479683,23.12168943,0.91761326
5742,23.99137688,23.13038630,0.90894983
5743,23.30290794,23.13211152,0.91187680
5744,23.03348160,23.13112522,0.91132405
5745,22.37454987,23.12355947,0.93912296
5746,24.86479759,23.14097185,0.93092901
5747,24.43770027,23.15393913,0.93076366
5748,23.95388794,23.16193862,0.94013240
5749,23.27890587,23.16310829,0.94102520
5750,23.29533386,23.16443055,0.94938320
5751,24.31607819,23.17594702,0.94921804
5752,23.99664497,23.18415400,0.88977978
5753,23.91028214,23.19141528,0.89501574
5754,23.08149338,23.19031607,0.89534451
5755,23.54376984,23.19385060,0.95215032
5756,23.58136749,23.19772577,0.94960312
5757,22.67695808,23.19251809,0.94857899
5758,23.54547501,23.19604766,0.95651305
5759,22.93651962,23.19345238,0.97610074
5760,23.27967644,23.19431462,0.97474492
5761,24.21407700,23.20451225,0.97476164
5762,24.31834412,23.21565057,0.97723263
5763,23.74642372,23.22095830,0.97513395
5764,24.00629616,23.22881168,0.97102217
5765,23.33365250,23.22986008,0.97102437
5766,23.09321404,23.22849362,0.98070221
5767,22.89695549,23.22517824,0.98413611
5768,24.58244133,23.23875087,0.96619848
5769,22.86064148,23.23496978,0.96719080
5770,23.46043396,23.23722442,0.96716526
5771,25.08836937,23.25573587,0.96156339
5772,23.59898949,23.25916841,0.95923822
5773,24.26489639,23.26922569,0.96260504
5774,24.41272926,23.28066072,0.95350633
5775,22.85842514,23.27643837,0.95351314
5776,22.95024681,23.27317645,0.95192730
5777,23.01901054,23.27063479,0.95414720
5778,24.99429703,23.28787141,0.95305222
5779,23.15135956,23.28650630,0.95618126
5780,23.27193642,23.28636060,0.95484265
5781,23.69919395,23.29048893,0.95100491
5782,23.18633080,23.28944735,0.94361619
5783,23.09959602,23.28754884,0.94365629
5784,22.68551064,23.28152845,0.94660945
5785,20.45061493,23.25321932,0.94928923
5786,23.18776894,23.25256482,0.95039571
5787,23.98218536,23.25986102,0.95038958
5788,21.88106155,23.24607303,0.95683086
5789,22.67747688,23.24038706,0.94824370
5790,24.14348793,23.24941807,0.95121458
5791,22.19219971,23.23884589,0.95150712
5792,23.37882233,23.24024565,0.95198094
5793,24.36310959,23.25147429,0.94955184
5794,22.44622803,23.24342183,0.95019192
5795,20.91093063,23.22009692,0.95012535
5796,24.14945412,23.22939049,0.95262480
5797,23.48620796,23.23195867,0.94050319
5798,21.55431557,23.21518223,0.93574362
5799,22.86583138,23.21168873,0.93432549
5800,24.56020546,23.22517389,0.93850460
5801,21.74349403,23.21035709,0.94929110
5802,22.69940186,23.20524754,0.95085650
5803,24.32393265,23.21643439,0.94873589
5804,23.80379677,23.22230802,0.95584520
5805,19.59162331,23.18600117,0.95656016
5806,23.12006950,23.18534185,0.95821967
5807,23.69030952,23.19039153,0.96553669
5808,24.55571556,23.20404477,0.96441387
5809,25.32050514,23.22520937,0.96580368
5810,21.53717232,23.20832900,0.97548003
5811,22.95427704,23.20578848,0.97566464
5812,22.34928703,23.19722347,0.97113077
5813,23.39495087,23.19920074,0.97261017
5814,23.29734612,23.20018220,0.97097667
5815,22.35355568,23.19171593,0.96834836
5816,21.86907196,23.17848949,0.97572949
5817,24.21494293,23.18885403,0.98612430
5818,23.50198174,23.19198530,1.01159956
5819,23.77113914,23.19777684,1.01752841
5820,23.03908157,23.19618989,1.01723402
5821,22.41454315,23.18837342,1.01713114
5822,22.94632339,23.18595292,1.00504804
5823,24.30773544,23.19717075,1.00748395
5824,22.87131310,23.19391217,1.00257764
5825,22.65016556,23.18847470,0.99784231
5826,23.13327980,23.18792276,0.99846924
5827,22.52309799,23.18127451,0.99840319
5828,23.42950630,23.18375683,1.00432481
5829,24.34412956,23.19536055,0.99214590
5830,23.70880508,23.20049500,0.99213953
5831,22.32356834,23.19172573,0.99840078
5832,22.42661858,23.18407466,0.99865040
5833,23.10327339,23.18326665,1.00137700
5834,22.46178818,23.17605186,1.00153556
5835,22.46637917,23.16895514,1.00213257
5836,22.39822769,23.16124786,0.97326185
5837,23.54429626,23.16507835,0.97589647
5838,24.34948730,23.17692243,0.97355402
5839,24.47085571,23.18986177,0.96367291
5840,22.48490143,23.18281216,0.97896759
5841,23.48852730,23.18586932,0.97602342
5842,22.94296837,23.18344031,0.97149211
5843,22.80505753,23.17965648,0.97570337
5844,22.85013390,23.17636125,0.97046750
5845,23.30838585,23.17768150,0.97182505
5846,24.30521965,23.18895688,0.94542203
5847,22.54507828,23.18251809,0.94334683
5848,22.38723755,23.17456529,0.94403347
5849,22.60080338,23.16882767,0.92743901
5850,24.08394051,23.17797880,0.93932287
5851,21.73089027,23.16350791,0.93245452
5852,21.86084175,23.15048125,0.92110301
5853,23.67419434,23.15571838,0.91888201
5854,21.70946693,23.14125587,0.91524014
5855,22.71007729,23.13694408,0.92200162
5856,23.78652382,23.14343988,0.84393815
5857,24.37766266,23.15578211,0.84462885
5858,23.02554321,23.15447972,0.84743353
5859,22.45347023,23.14746962,0.86506339
5860,24.51595497,23.16115448,0.84242930
5861,22.90052605,23.15854819,0.82386516
5862,23.57852173,23.16274793,0.82524792
5863,24.39847374,23.17510519,0.82020132
5864,23.17458725,23.17510001,0.82058744
5865,23.53790665,23.17872807,0.82935114
5866,24.35960197,23.19053681,0.82370390
5867,24.61281204,23.20475956,0.81741679
5868,25.50678635,23.22777983,0.81871031
5869,24.98435020,23.24534554,0.83050442
5870,23.55333710,23.24842545,0.83270285
5871,23.10430527,23.24698425,0.83236719
5872,22.28111458,23.23732555,0.82740500
5873,24.01769066,23.24512920,0.83433610
5874,23.40566826,23.24673459,0.82966077
5875,23.84559250,23.25272317,0.83070487
5876,23.76667213,23.25786266,0.83852696
5877,23.53050041,23.26058904,0.84468915
5878,24.38805580,23.27186371,0.84722031
5879,23.95993996,23.27874447,0.84750664
5880,23.14744568,23.27743148,0.84288343
5881,22.12954521,23.26595262,0.85476843
5882,22.74828529,23.26077595,0.85160399
5883,23.98925781,23.26806077,0.84610392
5884,23.49772644,23.27035742,0.84885408
5885,23.94739151,23.27712776,0.84377408
5886,24.78903770,23.29224686,0.83873672
5887,24.07053566,23.30002975,0.83338148
5888,23.34775543,23.30050701,0.83327563
5889,23.60362053,23.30353814,0.82815731
5890,25.23526382,23.32285540,0.83326805
5891,23.69507217,23.32657757,0.86553287
5892,24.04073906,23.33371918,0.87572292
5893,24.35220337,23.34390402,0.87490791
5894,23.47121620,23.34517715,0.87336113
5895,24.49435234,23.35666890,0.88766280
5896,22.58353424,23.34893755,0.88775838
5897,22.97064972,23.34515467,0.88532984
5898,23.85269928,23.35023012,0.88463311
5899,23.25398827,23.34926770,0.87931657
5900,21.89120483,23.33468707,0.88847304
5901,23.88811493,23.34022135,0.89701789
5902,24.10815620,23.34790070,0.88202038
5903,23.53374672,23.34975916,0.86862564
5904,24.00816536,23.35634322,0.88622602
5905,22.26626587,23.34544245,0.87071766
5906,23.37488747,23.34573690,0.87753450
5907,23.92159843,23.35149551,0.89111757
5908,22.73018074,23.34528237,0.88552702
5909,21.33228874,23.32515243,0.88485794
5910,23.63452148,23.32824612,0.88063605
5911,23.22653008,23.32722896,0.87343582
5912,24.06375694,23.33459424,0.88009812
5913,23.82339096,23.33948221,0.88131454
5914,23.74289894,23.34351637,0.88011197
5915,22.25924683,23.33267368,0.87993745
5916,23.53449440,23.33469189,0.88620275
5917,24.54592323,23.34680420,0.88081737
5918,22.50874138,23.33842357,0.87299214
5919,24.91743660,23.35421370,0.84805499
5920,24.25848579,23.36325642,0.83553008
5921,23.74929619,23.36711682,0.84409033
5922,23.80105591,23.37145621,0.84791702
5923,24.73236465,23.38506529,0.84152969
5924,23.82280731,23.38944271,0.83895677
5925,24.25749016,23.39812319,0.83975201
5926,24.99578476,23.41409980,0.84509172
5927,24.71672058,23.42712601,0.84986111
5928,22.54379272,23.41829268,0.85783140
5929,23.42767525,23.41838651,0.85611234
5930,23.89679718,23.42317061,0.86350116
5931,22.16782379,23.41061714,0.86327929
5932,22.83025360,23.40481351,0.85609045
5933,23.61986542,23.40696403,0.85526657
5934,22.87047386,23.40159913,0.88385392
5935,23.58344460,23.40341758,0.89595314
5936,23.54165459,23.40479995,0.89482916
5937,23.33729172,23.40412487,0.88507643
5938,23.69189835,23.40700260,0.88563068
5939,23.47688103,23.40770139,0.88815176
5940,22.19664574,23.39559083,0.89911485
5941,21.04964066,23.37213133,0.88180026
5942,22.19419670,23.36035198,0.88633143
5943,23.70382309,23.36378669,0.88523505
5944,23.73490906,23.36749792,0.88136880
5945,25.25934982,23.38641644,0.89832565
5946,23.74859810,23.39003825,0.89557131
5947,24.23154640,23.39845333,0.89991497
5948,24.39600754,23.40842888,0.90235503
5949,23.35410309,23.40788562,0.90784587
5950,22.11547089,23.39496147,0.90952275
5951,25.05254364,23.41153729,0.90372268
5952,23.34905243,23.41091244,0.91137870
5953,23.62009048,23.41300423,0.90935944
5954,21.85765648,23.39745075,0.93357500
5955,23.40386581,23.39751490,0.93765533
5956,22.34701347,23.38700988,0.93372063
5957,21.99801636,23.37311995,0.94215152
5958,23.60709381,23.37545969,0.94840593
5959,23.58825111,23.37758760,0.96112738
5960,23.90970802,23.38290881,0.94172625
5961,23.62646103,23.38534433,0.94941041
5962,22.40652084,23.37555609,0.95132365
5963,23.07268524,23.37252738,0.94991059
5964,24.49601936,23.38376230,0.95371507
5965,23.48386002,23.38476328,0.95767368
5966,22.50623512,23.37597800,0.95876266
5967,23.54040909,23.37762231,0.95978044
5968,23.18630791,23.37570917,0.95735787
5969,23.10749435,23.37302702,0.95274696
5970,22.82354927,23.36753224,0.94887802
5971,22.24883652,23.35634528,0.95356000
5972,22.60654640,23.34884730,0.95402073
5973,23.65434456,23.35190227,0.95474121
5974,23.39780998,23.35236134,0.94759769
5975,23.08121109,23.34964984,0.94848219
5976,24.53667259,23.36152007,0.94868519
5977,24.47002602,23.37260513,0.95124923
5978,24.68563271,23.38573541,0.95439769
5979,24.34855461,23.39536360,0.94968731
5980,22.22784424,23.38368840,0.95002077
5981,23.36127472,23.38346427,0.94934917
5982,22.93994141,23.37902904,0.94204048
5983,24.00486946,23.38528744,0.94037896
5984,25.85798073,23.41001438,0.94043742
5985,25.04947662,23.42640900,0.93840985
5986,23.83842278,23.43052914,0.93885912
5987,23.28577042,23.42908155,0.93956047
5988,24.28177452,23.43760848,0.93956588
5989,24.26276779,23.44586007,0.93991495
5990,25.02526855,23.46165416,0.94562606
5991,23.67226601,23.46376027,0.94079967
5992,24.54386902,23.47456136,0.90971528
5993,23.25968361,23.47241258,0.90338725
5994,23.88582039,23.47654666,0.90334528
5995,25.38019753,23.49558317,0.90559938
5996,22.92290688,23.48985641,0.89093774
5997,22.34733391,23.47843118,0.89101985
5998,22.76352692,23.47128214,0.89343267
5999,22.50426483,23.46161197,0.89337338
6000,24.17453575,23.46874121,0.89514776
6001,22.40270424,23.45808084,0.88643196
6002,24.85503387,23.47205037,0.87490163
6003,23.41787148,23.47150858,0.87865084
6004,21.43710136,23.45116450,0.88485400
6005,22.49132347,23.44156609,0.86991825
6006,22.73725700,23.43452300,0.88453653
6007,24.80767441,23.44825452,0.90174714
6008,24.75341225,23.46130609,0.91091396
6009,25.33004570,23.47999349,0.91284459
6010,24.56062508,23.49079981,0.92402647
6011,24.89191818,23.50481099,0.92470202
6012,24.35804367,23.51334332,0.92584267
6013,23.51461792,23.51335606,0.92277393
6014,24.61079025,23.52433041,0.92319479
6015,24.62006378,23.53528774,0.94044884
6016,25.10658073,23.55100067,0.94109607
6017,23.31625938,23.54865326,0.93542556
6018,24.48225212,23.55798924,0.93773294
6019,23.32822227,23.55569158,0.94406761
6020,22.69328499,23.54706751,0.95821528
6021,24.93343163,23.56093115,0.96806735
6022,23.39637947,23.55928563,0.96178670
6023,23.29578018,23.55665058,0.97800399
6024,23.73771858,23.55846126,0.97817491
6025,24.22423363,23.56511898,0.98056155
6026,23.00303459,23.55949814,0.97966002
6027,22.08745956,23.54477775,0.97882301
6028,22.23813248,23.53171130,0.97471187
6029,23.40015030,23.53039569,0.96845033
6030,23.36588287,23.52875056,0.97417946
6031,23.71329117,23.53059597,1.00898598
6032,24.32343864,23.53852440,1.00993333
6033,23.24285126,23.53556766,1.03097623
6034,23.80170822,23.53822907,1.04305131
6035,23.43696404,23.53721642,1.01773526
6036,23.97116661,23.54155592,1.00715613
6037,24.04861259,23.54662649,1.00934913
6038,23.47661400,23.54592636,1.01804464
6039,23.38411903,23.54430829,1.01818055
6040,24.74169540,23.55628216,1.01861515
6041,24.68344688,23.56755381,1.01418652
6042,24.44970894,23.57637536,1.01850657
6043,24.65782166,23.58718982,1.02382736
6044,23.89136124,23.59023154,1.02528248
6045,24.48110771,23.59914030,1.02474361
6046,24.09106636,23.60405956,1.00940314
6047,23.62526321,23.60427160,1.01310042
6048,24.73325348,23.61556141,1.00672231
6049,24.60610962,23.62546690,1.00415411
6050,23.20725250,23.62128475,1.00072587
6051,23.01670265,23.61523893,0.99855665
6052,23.81616592,23.61724820,1.01163683
6053,22.95379066,23.61061363,1.00247313
6054,22.74111938,23.60191868,1.01051107
6055,23.19884872,23.59788798,0.99244932
6056,22.15296364,23.58343874,0.99200394
6057,21.59936142,23.56359797,0.99343246
6058,21.69879532,23.54494994,0.99192988
6059,23.10564804,23.54055692,0.98755835
6060,25.16649437,23.55681630,0.97460717
6061,24.23896027,23.56363774,0.96972190
6062,23.26869011,23.56068826,0.95901224
6063,24.62009048,23.57128228,0.95767685
6064,24.34665489,23.57903601,0.97393220
6065,25.82573891,23.60150304,0.96927554
6066,24.19288254,23.60741683,0.96350171
6067,23.48598862,23.60620255,0.95126637
6068,23.16101456,23.60175067,0.95595263
6069,22.63829803,23.59211614,0.95412575
6070,22.06805038,23.57687549,0.95624033
6071,22.18901825,23.56299691,0.96867228
6072,23.06608391,23.55802778,0.95947976
6073,21.71932030,23.53964071,0.96166715
6074,23.50677681,23.53931207,0.97363676
6075,23.01460838,23.53406503,0.97335540
6076,23.56483078,23.53437269,0.97171757
6077,22.78098297,23.52683879,0.97107699
6078,23.40769958,23.52564740,0.96242258
6079,23.99695587,23.53036049,0.96181088
6080,22.30753899,23.51813227,0.96642936
6081,20.67272186,23.48967817,0.99949907
6082,23.13155174,23.48609690,0.99938262
6083,21.40842438,23.46532018,1.00722250
6084,25.24961853,23.48316316,1.01032764
6085,24.12884521,23.48961998,1.01464523
6086,23.04787254,23.48520251,1.02098590
6087,24.30666161,23.49341710,1.02038336
6088,24.92836952,23.50776662,1.01946828
6089,22.77719688,23.50046092,1.02000909
6090,24.38324738,23.50928879,1.02006337
6091,22.36976814,23.49789358,1.01615835
6092,24.50419807,23.50795663,1.01304029
6093,22.04915810,23.49336864,1.00907151
6094,22.90938187,23.48752877,1.00271230
6095,23.71523666,23.48980585,1.00208527
6096,22.85308838,23.48343868,0.99801235
6097,24.52532578,23.49385755,0.99640173
6098,23.50781250,23.49399710,0.99765049
6099,23.59778214,23.49503495,0.99239690
6100,24.06278801,23.50071248,0.99055148
6101,23.64362907,23.50214165,1.00068295
6102,21.55396843,23.48265991,1.00466248
6103,23.46239281,23.48245724,1.01519810
6104,22.19405937,23.46957326,1.01362452
6105,24.15784073,23.47645594,1.01645265
6106,22.56398201,23.46733120,1.01689247
6107,22.58442116,23.45850210,1.00860683
6108,22.22495842,23.44616666,1.00533191
6109,24.34892082,23.45519420,0.99062779
6110,22.46058083,23.44524807,0.99297980
6111,22.87086105,23.43950420,0.98385829
6112,23.39638710,23.43907303,0.98241813
6113,24.13542747,23.44603657,0.98205724
6114,21.56964302,23.42727264,1.00328046
6115,22.63379860,23.41933790,1.01104796
6116,23.85717392,23.42371626,0.99575413
6117,22.62802505,23.41575935,0.99583820
6118,22.31300926,23.40473184,0.99974006
6119,24.15594482,23.41224397,1.00155018
6120,22.61465454,23.40426808,1.00415409
6121,24.99598312,23.42018523,1.00595218
6122,23.97748566,23.42575823,1.00077326
6123,22.63015556,23.41780221,1.00071992
6124,21.72121048,23.40083629,0.98519422
6125,23.00301170,23.39685805,1.00303200
6126,23.83195496,23.40120901,1.00317679
6127,23.05983925,23.39779532,1.00420152
6128,23.13184547,23.39513582,1.00151391
6129,24.37505150,23.40493497,1.00555198
6130,24.24225044,23.41330813,1.06206115
6131,25.89959717,23.43817102,1.05524631
6132,23.57483673,23.43953768,1.03280002
6133,24.90026855,23.45414499,1.03202302
6134,24.20815468,23.46168508,1.01087835
6135,24.39875603,23.47105579,1.00288053
6136,24.56447983,23.48199003,1.00628094
6137,23.76233292,23.48479346,1.00864596
6138,23.78261757,23.48777170,1.00661307
6139,23.76864433,23.49058043,1.00426161
6140,23.28451157,23.48851974,1.00144533
6141,24.29996300,23.49663417,1.00288862
6142,24.30711555,23.50473899,0.99682571
6143,23.70592690,23.50675087,0.99462469
6144,23.56206512,23.50730401,0.99890192
6145,23.56224823,23.50785345,0.99875981
6146,23.75828743,23.51035779,0.99857194
6147,23.32378387,23.50849205,0.99737579
6148,22.89035416,23.50231067,0.99443352
6149,24.06358528,23.50792342,0.99849606
6150,24.31070328,23.51595122,1.01241926
6151,24.89306259,23.52972233,1.01127323
6152,22.39538193,23.51837893,1.01201630
6153,24.93765831,23.53257172,0.99577930
6154,23.55665970,23.53281260,0.99624150
6155,24.57644463,23.54324892,0.99281512
6156,23.95173454,23.54733378,1.00124009
6157,23.99910355,23.55185147,0.99710687
6158,21.75023842,23.53383534,1.00629312
6159,24.14037704,23.53990076,0.99850869
6160,22.71583939,23.53166015,0.99597060
6161,24.42810249,23.54062457,0.99561514
6162,23.96762657,23.54489459,0.99403741
6163,23.59342766,23.54537992,1.00366288
6164,25.87815857,23.56870771,1.00184272
6165,25.05698204,23.58359045,0.98403692
6166,22.17497444,23.56950429,0.98009465
6167,24.17458153,23.57555506,0.98776161
6168,24.44970894,23.58429660,0.98529728
6169,24.31517220,23.59160536,0.97795440
6170,24.80387688,23.60372807,0.98111653
6171,21.96278763,23.58731867,0.97685363
6172,22.65635681,23.57800905,0.98815094
6173,24.10402298,23.58326919,0.99628705
6174,24.20489693,23.58948547,0.99332549
6175,25.56272697,23.60921788,0.98019075
6176,23.05982208,23.60372392,0.97963972
6177,23.20876122,23.59977430,0.97949307
6178,23.32377625,23.59701432,0.99446408
6179,24.60637665,23.60710794,1.00517679
6180,20.17437744,23.57278063,1.00196123
6181,23.26669312,23.56971976,1.01496519
6182,21.73140335,23.55133660,0.98852326
6183,23.72727394,23.55309597,0.99179093
6184,23.20129776,23.54957799,0.98305965
6185,22.48691177,23.53895132,0.98315190
6186,24.62110138,23.54977283,0.98070359
6187,24.48171806,23.55909228,0.97567713
6188,23.24422836,23.55594364,0.97601186
6189,22.40787697,23.54446297,0.98297740
6190,23.69821739,23.54600052,0.98659349
6191,22.57428169,23.53628333,0.99746695
6192,23.22029495,23.53312344,0.99632874
6193,22.84665871,23.52625880,0.99384263
6194,21.79488945,23.50894510,0.99725472
6195,24.11084938,23.51496415,1.00379676
6196,23.58450699,23.51565957,1.00566646
6197,23.10179710,23.51152095,1.00847814
6198,22.86655998,23.50507134,1.00852099
6199,22.59816551,23.49600228,1.00640387
6200,25.20713806,23.51311364,1.00568812
6201,23.78441620,23.51582666,1.00872105
6202,23.94566345,23.52012503,1.03205442
6203,24.29897499,23.52791353,1.02870041
6204,23.88983154,23.53153271,1.02609471
6205,22.53797150,23.52159710,1.02622477
6206,22.09630966,23.50734423,1.02558171
6207,23.76544380,23.50992522,1.02574165
6208,21.89147949,23.49374076,1.02635569
6209,23.67149162,23.49551827,1.00957549
6210,23.07010841,23.49126417,1.00945551
6211,24.54188347,23.50177037,1.02499172
6212,23.84440041,23.50519667,1.04790274
6213,24.99022484,23.52004695,1.04774385
6214,23.50814819,23.51992796,1.05071154
6215,24.05623055,23.52529099,1.03166651
6216,23.57598305,23.52579791,1.02648788
6217,24.92520523,23.53979198,1.01751233
6218,24.24676704,23.54686173,1.02580274
6219,23.91102791,23.55050339,1.02505464
6220,22.67857552,23.54178412,1.05228679
6221,23.60384750,23.54240475,1.04728714
6222,21.55039978,23.52248470,1.03275326
6223,22.24349976,23.50969485,1.03544372
6224,23.18401718,23.50643807,1.03883187
6225,24.35362434,23.51490994,1.04143038
6226,24.02504349,23.52001127,1.02827586
6227,23.90365219,23.52384768,1.02785955
6228,25.46492195,23.54325842,1.03731328
6229,25.24090958,23.56023493,1.03917059
6230,23.80632591,23.56269584,1.05167930
6231,21.92236519,23.54629254,0.99270792
6232,24.03106117,23.55114022,0.99356237
6233,24.48380280,23.56046685,0.97648397
6234,23.86616898,23.56352387,0.97654279
6235,22.99887466,23.55787738,0.97554146
6236,24.11638641,23.56346247,0.97952175
6237,23.66828537,23.56451070,0.98104099
6238,23.31521988,23.56201779,0.98636717
6239,24.84878922,23.57488550,0.99416658
6240,24.54232216,23.58455987,0.98574898
6241,25.20921898,23.60080646,0.98584627
6242,23.19113541,23.59670975,0.98521180
6243,23.72453880,23.59798804,0.98460673
6244,24.53727913,23.60738095,0.98427852
6245,24.87558746,23.62006302,0.96749302
6246,24.36022377,23.62746463,0.96686936
6247,24.52380371,23.63642802,0.96792433
6248,24.09286308,23.64099237,0.98720465
6249,23.42081261,23.63879057,0.98400319
6250,23.58162308,23.63821889,0.98609661
6251,24.80881310,23.64992484,0.97759267
6252,26.32668304,23.67669242,0.99438794
6253,24.81048775,23.68803037,0.99604488
6254,22.82369804,23.67938705,1.00702540
6255,24.03280640,23.68292124,1.01564573
6256,22.99808502,23.67607288,1.03991494
6257,23.46953964,23.67400755,1.02981764
6258,23.30647659,23.67033224,1.03853328
6259,23.35904694,23.66721939,1.02780951
6260,24.24669075,23.67301410,1.03264108
6261,25.86906624,23.69497462,1.03747074
6262,26.19319725,23.71995685,1.03967122
6263,24.06477547,23.72340503,1.05497708
6264,23.08599091,23.71703089,1.04990914
6265,23.06279945,23.71048858,1.05402500
6266,24.69994354,23.72038313,1.05338259
6267,24.59413528,23.72912065,1.05334793
6268,25.28518105,23.74468125,1.04760861
6269,24.49648857,23.75219933,1.04664850
6270,21.42017555,23.72887909,1.04640839
6271,23.55523872,23.72714268,1.04167400
6272,24.02393341,23.73011059,1.04643617
6273,25.20590973,23.74486858,1.03984011
6274,24.83613205,23.75578122,1.03287216
6275,24.79954338,23.76621884,1.03911236
6276,24.60514069,23.77460806,1.04149496
6277,24.60101509,23.78287213,1.04114317
6278,22.42772675,23.76932067,1.04114718
6279,23.16549301,23.76328240,1.02951060
6280,22.06202507,23.74626982,1.01829195
6281,23.24392319,23.74124636,1.04685143
6282,24.54897881,23.74932368,1.03788508
6283,24.75024033,23.75933285,1.03957338
6284,23.85210609,23.76026058,1.04542549
6285,23.63487816,23.75900676,1.05346276
6286,22.41212082,23.74553790,1.05298207
6287,22.89455032,23.73702802,1.05302080
6288,22.62687492,23.72592649,1.05365489
6289,22.53840446,23.71405127,1.05545223
6290,23.92341232,23.71614488,1.05014760
6291,23.74404716,23.71642390,1.04693264
6292,22.80266380,23.70728630,1.03631938
6293,24.22232437,23.71243668,1.03558048
6294,23.06539917,23.70596631,1.03880949
6295,23.34725571,23.70237920,1.03730981
6296,24.10482788,23.70640369,1.03108947
6297,23.42056274,23.70354528,1.03097995
6298,21.82421875,23.68475201,1.02808468
6299,24.01676178,23.68807211,1.02767031
6300,22.60068703,23.67719826,1.03492092
6301,24.65079117,23.68693419,1.04399904
6302,21.99868584,23.67005171,1.05080765
6303,23.17066193,23.66505781,1.02701515
6304,22.15872192,23.64999445,1.02689030
6305,22.39949989,23.63748950,1.02885622
6306,21.21898460,23.61330446,1.02954774
6307,24.13103676,23.61848178,1.03743211
6308,25.10494804,23.63334644,1.03739931
6309,24.65862083,23.64359919,1.03712839
6310,24.81002808,23.65526347,1.03657175
6311,24.99739647,23.66868480,1.03787271
6312,24.95660782,23.68156403,1.01918251
6313,22.02366638,23.66498506,0.99868520
6314,22.98193741,23.65815458,0.99848004
6315,24.75754166,23.66914845,0.99576852
6316,23.92748451,23.67173181,0.99609567
6317,23.85603905,23.67357488,1.01704759
6318,24.39624405,23.68080158,1.01470442
6319,24.15983772,23.68559194,1.00807667
6320,23.83368874,23.68707291,1.00670100
6321,23.75617409,23.68776392,0.97666495
6322,24.85386467,23.69942493,0.98241779
6323,25.68524361,23.71928311,0.98288550
6324,23.08468437,23.71293712,0.97473430
6325,22.64313698,23.70223912,0.97436209
6326,24.86495018,23.71386623,0.97118610
6327,23.75352478,23.71426282,0.96979814
6328,23.70921898,23.71421238,0.96821853
6329,23.09431267,23.70801338,0.95884293
6330,23.75096321,23.70844288,0.95656907
6331,21.37452888,23.68510374,0.93815181
6332,22.71946526,23.67544736,0.93658502
6333,23.09620285,23.66965491,0.94017342
6334,22.38311005,23.65678946,0.93740643
6335,25.09203529,23.67114192,0.94198867
6336,24.37953568,23.67822586,0.94249653
6337,24.24620056,23.68390561,0.93805599
6338,24.17645645,23.68883111,0.93856111
6339,24.54776764,23.69742048,0.93628550
6340,24.25918198,23.70303809,0.92624401
6341,23.95939636,23.70560168,0.92694800
6342,23.71690178,23.70571468,0.93440363
6343,23.48353386,23.70349287,0.92772608
6344,24.64425659,23.71290051,0.93614814
6345,24.42761421,23.72004764,0.93687937
6346,23.98008919,23.72264806,0.94854554
6347,23.19134140,23.71733499,0.94842133
6348,23.58742714,23.71603592,0.96297124
6349,24.02940369,23.71916959,0.94102749
6350,25.08285522,23.73280645,0.94573575
6351,25.23711777,23.74784956,0.93855009
6352,25.46907425,23.76506181,0.93692496
6353,25.10016060,23.77841280,0.93981047
6354,24.89933968,23.78962207,0.93777423
6355,25.07050514,23.80243090,0.92133613
6356,24.37234879,23.80813008,0.93264915
6357,25.47755814,23.82482436,0.89766025
6358,24.32293701,23.82980548,0.91140640
6359,24.45750618,23.83608249,0.91280242
6360,24.33721352,23.84109380,0.91026872
6361,24.68009377,23.84948380,0.91011768
6362,23.59618187,23.84695078,0.91662252
6363,25.12191582,23.85970043,0.91306869
6364,23.96709633,23.86077439,0.90778513
6365,24.22222137,23.86438886,0.90376674
6366,24.86734772,23.87441845,0.91204865
6367,26.28411102,23.89851537,0.93018118
6368,24.04310989,23.89996132,0.93252016
6369,24.80811691,23.90904287,0.93298244
6370,23.80994987,23.90805194,0.93295021
6371,24.41239166,23.91309534,0.93286134
6372,25.24024582,23.92636685,0.94230934
6373,24.44785881,23.93158177,0.93933086
6374,24.08790016,23.93314495,0.92593871
6375,24.98211861,23.94363469,0.92082536
6376,24.44882011,23.94868654,0.91022498
6377,23.72074318,23.94640711,0.90885013
6378,23.76241684,23.94456720,0.90824622
6379,24.79924583,23.95311399,0.90758864
6380,23.72272873,23.95081014,0.90240554
6381,24.14579582,23.95276000,0.90250052
6382,23.71274757,23.95035987,0.88590982
6383,25.18533134,23.96270959,0.88669148
6384,24.47486115,23.96783110,0.88152176
6385,23.22171974,23.96036999,0.88354073
6386,23.70744896,23.95784078,0.88266229
6387,25.41991234,23.97246149,0.88590184
6388,23.07697868,23.96350667,0.88631317
6389,23.02962112,23.95416781,0.88867415
6390,23.89168930,23.95354302,0.88761555
6391,23.82138062,23.95222140,0.88817547
6392,22.96834183,23.94238260,0.88959823
6393,24.01724052,23.94313118,0.89291601
6394,22.86436653,23.93234354,0.89089301
6395,23.20719337,23.92509204,0.88943254
6396,22.52688217,23.91110994,0.89338304
6397,23.99507713,23.91194961,0.89329912
6398,25.89203072,23.93175042,0.88863251
6399,23.76323128,23.93006523,0.91428615
6400,25.13781929,23.94214277,0.92831211
6401,24.85481644,23.95126951,0.92961481
6402,23.78453827,23.94960219,0.93769689
6403,26.33530235,23.97345920,0.92793339
6404,24.78644180,23.98158902,0.95118050
6405,23.86906433,23.98046377,0.95448605
6406,22.15038490,23.96216299,0.95719356
6407,23.31458473,23.95568720,0.96263372
6408,22.67398834,23.94287021,0.95287352
6409,25.53701401,23.95881165,0.96188860
6410,24.42708015,23.96349434,0.96524513
6411,25.11308479,23.97499024,0.96575481
6412,22.76152611,23.96285560,0.96483864
6413,24.82425690,23.97146961,0.96610457
6414,25.96836090,23.99143853,0.96118162
6415,24.84938431,24.00001798,0.96978411
6416,25.79916382,24.01800944,0.97025950
6417,26.23096657,24.04013901,0.96808977
6418,25.10432816,24.05078091,0.96362164
6419,24.88352203,24.05910832,0.96474738
6420,24.50245285,24.06354176,0.96282772
6421,24.62681389,24.06917448,0.96424108
6422,25.84396362,24.08692237,0.96382319
6423,24.62577248,24.09231088,0.95731933
6424,24.49922371,24.09638000,0.96074189
6425,24.24840546,24.09790026,0.96470735
6426,24.13666153,24.09828787,0.98359919
6427,25.07044411,24.10800943,0.98311848
6428,24.39609718,24.11089031,0.98235594
6429,24.70018768,24.11678328,0.98635108
6430,24.23966026,24.11801205,0.98707884
6431,24.91777802,24.12600971,0.98790984
6432,22.41949081,24.10894453,0.98903404
6433,23.09268570,24.09878194,0.99041907
6434,24.27219582,24.10051608,0.99418571
6435,22.70991898,24.08661010,1.00686325
6436,23.56481361,24.08139214,1.00458798
6437,25.31490898,24.09372731,1.00458837
6438,24.82117081,24.10100174,1.00360380
6439,23.84786415,24.09847037,0.99961082
6440,24.38142014,24.10129987,1.00363506
6441,24.13870239,24.10167389,1.00499427
6442,23.96597672,24.10031692,1.01193632
6443,23.62173271,24.09553108,1.00832529
6444,24.52847099,24.09986048,1.01150099
6445,24.29688454,24.10183072,1.00445038
6446,25.40224838,24.11483489,1.03542494
6447,24.55009270,24.11918747,1.02601404
6448,24.59377480,24.12393334,1.02805001
6449,22.27281761,24.10542219,1.01284453
6450,22.84996605,24.09286763,1.01358508
6451,25.57505798,24.10768953,1.00875424
6452,22.77030182,24.09431565,1.00677082
6453,24.62786102,24.09965111,1.00657419
6454,22.05983162,24.07925291,0.98651156
6455,23.20841408,24.07054452,0.98427898
6456,23.08789253,24.06071800,0.98420881
6457,25.40314102,24.07414223,0.96592902
6458,24.58961296,24.07929694,0.96286202
6459,22.96554375,24.06815941,0.95801152
6460,25.21115112,24.07958933,0.95614193
6461,23.90406418,24.07783407,0.96031825
6462,23.87167358,24.07577247,0.96508562
6463,25.00234985,24.08503824,0.95633595
6464,24.64831161,24.09067098,0.95547973
6465,25.64113998,24.10617567,0.94262191
6466,24.68009377,24.11191485,0.94201388
6467,24.73437691,24.11813947,0.93736399
6468,22.36341286,24.10059220,0.92303029
6469,23.82259560,24.09781224,0.91888440
6470,24.65042877,24.10333840,0.91624701
6471,24.90701675,24.11137518,0.91683324
6472,24.21059990,24.11236743,0.91577365
6473,24.25660515,24.11380981,0.90369569
6474,25.18954849,24.12456720,0.91375292
6475,25.20813370,24.13540286,0.91606697
6476,22.19041443,24.11595298,0.98144015
6477,24.15756607,24.11636911,0.98376248
6478,24.33466911,24.11855211,0.97969968
6479,23.31951523,24.11056174,0.98237298
6480,23.47075653,24.10416369,0.98104081
6481,23.69353676,24.10005742,0.98810377
6482,24.73066902,24.10636353,0.98596989
6483,24.92733192,24.11457322,0.97257566
6484,25.66327667,24.13006025,0.96722094
6485,22.63011742,24.11506082,0.99634161
6486,23.69086647,24.11081888,0.98684685
6487,24.66979599,24.11640865,0.98997211
6488,23.02275276,24.10547209,0.99591682
6489,23.75370216,24.10195439,0.99377146
6490,25.66715813,24.11760643,0.99333695
6491,24.86087418,24.12503911,1.01376828
6492,23.05273819,24.11431610,1.03873162
6493,23.52690315,24.10844197,1.03946793
6494,23.45168495,24.10187440,1.03823846
6495,23.99057579,24.10076141,1.04202802
6496,21.55838585,24.07533766,1.04250020
6497,24.88920784,24.08347636,1.04239433
6498,23.58946800,24.07853628,1.04745657
6499,24.58731842,24.08362410,1.04683162
6500,24.74701118,24.09025797,1.03079537
6501,23.91279030,24.08848329,1.03520008
6502,24.65611458,24.09415960,1.04942801
6503,24.47471809,24.09796519,1.04067960
6504,25.19774055,24.10896294,1.03955745
6505,24.34637642,24.11133708,1.02003772
6506,24.45402527,24.11476396,1.01756775
6507,23.79755592,24.11159188,1.01647989
6508,24.09463501,24.11142231,1.00859285
6509,23.21532249,24.10246131,1.00789273
6510,22.93026161,24.09073932,1.00371139
6511,25.19232368,24.10175516,0.99829930
6512,25.64328003,24.11717041,1.00017241
6513,24.61937141,24.12219242,1.01208857
6514,24.85144043,24.12948490,1.00952758
6515,25.22416878,24.14043174,1.01424248
6516,24.90979958,24.14812541,1.01232672
6517,25.64795113,24.16312367,1.01251068
6518,25.54805946,24.17697303,1.01075832
6519,24.01155663,24.17531887,0.99755086
6520,24.19320297,24.17549771,0.99716902
6521,24.75826645,24.18132539,0.99571259
6522,24.25599861,24.18207213,0.99336380
6523,23.54650116,24.17571642,0.99666572
6524,25.71166420,24.19107589,0.99821147
6525,25.01938629,24.19935900,0.99300633
6526,20.70729256,24.16443833,0.99094828
6527,23.54083443,24.15820230,0.97798194
6528,24.06788254,24.15729910,0.98236381
6529,23.42631721,24.14998928,0.99042954
6530,24.37555695,24.15224496,1.00294115
6531,25.39288521,24.16465136,1.00213167
6532,23.82796097,24.16128445,1.00234155
6533,23.61096382,24.15578125,1.00770834
6534,23.94672775,24.15369071,1.00944309
6535,21.76435661,24.12979737,1.00026059
6536,24.48266029,24.13332600,0.98934504
6537,25.17125511,24.14370529,0.99213643
6538,25.81525612,24.16042080,0.99597593
6539,24.26430702,24.16145966,0.98935732
6540,24.12410355,24.16108610,0.98860366
6541,26.29883957,24.18246364,0.99128820
6542,26.57295418,24.20636854,0.99099172
6543,24.77901268,24.21209498,0.98596996
6544,24.62585831,24.21623262,0.98570538
6545,23.37306404,24.20780093,0.98299761
6546,23.98100471,24.20553297,0.98279096
6547,23.09604454,24.19443808,0.94967594
6548,23.16031265,24.18409683,0.94932963
6549,24.05578613,24.18281372,0.95248683
6550,23.75877571,24.17857334,0.95243981
6551,22.60721397,24.16285975,0.95175582
6552,21.95453072,24.14077646,0.95132393
6553,24.07815170,24.14015021,0.95472285
6554,24.19226456,24.14067135,0.96503649
6555,23.72162056,24.13648085,0.96034750
6556,23.60766983,24.13119274,0.96081970
6557,23.26424026,24.12252321,0.96064700
6558,24.06055069,24.12190349,0.95973814
6559,24.44138527,24.12509830,0.95967369
6560,24.88565063,24.13270383,0.95444011
6561,23.94065285,24.13078332,0.95044987
6562,24.84842300,24.13795971,0.94821129
6563,22.59773827,24.12255750,0.93845170
6564,23.65851784,24.11791710,0.93801602
6565,25.27673531,24.12950529,0.93824839
6566,22.76428604,24.11585309,0.93330909
6567,23.51676178,24.10986218,0.94302830
6568,24.27133179,24.11147688,0.93306706
6569,23.52514839,24.10561359,0.92976912
6570,24.16245270,24.10618198,0.98797977
6571,24.12151146,24.10633528,1.00143075
6572,23.69170189,24.10218894,1.12931981
6573,24.92620277,24.11042908,1.12935344
6574,24.69248390,24.11624963,1.13370597
6575,23.79741478,24.11306128,1.14128266
6576,24.98406219,24.12177129,1.14591005
6577,23.05592155,24.11111279,1.09475474
6578,25.05256271,24.12052729,1.09335491
6579,25.42746925,24.13359671,1.09502379
6580,25.96539307,24.15191468,1.09639446
6581,23.64848328,24.14688036,1.09757851
6582,24.69674110,24.15237897,1.09462829
6583,22.98821640,24.14073734,1.10540632
6584,25.16485977,24.15097857,1.10438041
6585,24.81485939,24.15761738,1.10463776
6586,24.54500198,24.16149122,1.08011385
6587,25.10725021,24.17094881,1.09788174
6588,25.24967003,24.18173602,1.09320883
6589,24.29069710,24.18282563,1.08068990
6590,24.08474350,24.18184481,1.08063925
6591,25.92122459,24.19923861,1.08933897
6592,23.65176010,24.19376383,1.07188452
6593,23.73171043,24.18914329,1.04639297
6594,24.89600945,24.19621195,1.04689956
6595,24.19407845,24.19619062,1.05075113
6596,24.27029228,24.19693164,1.04807411
6597,23.65807533,24.19154307,1.05168111
6598,23.64408684,24.18606851,1.04954224
6599,25.28697777,24.19707760,1.05097577
6600,24.69388580,24.20204568,1.07155546
6601,24.72456551,24.20727088,1.07924919
6602,24.27891731,24.20798735,1.06887415
6603,25.26001930,24.21850767,1.04806364
6604,25.79794884,24.23430208,1.04870782
6605,24.26028824,24.23456194,1.05195344
6606,24.68559456,24.23907227,1.05865956
6607,24.24870300,24.23916857,1.06052289
6608,24.49392319,24.24171612,1.06038331
6609,24.46586609,24.24395762,1.06353265
6610,24.56971931,24.24721524,1.06832255
6611,25.39073753,24.25865046,1.06654183
6612,23.74468040,24.25351076,1.06655040
6613,24.14883041,24.25246395,1.06517365
6614,24.61347580,24.25607407,1.07211345
6615,23.74346352,24.25094797,1.08142184
6616,24.28121758,24.25125066,1.11297022
6617,25.88472176,24.26758537,1.15390241
6618,24.32794189,24.26818894,1.15325904
6619,25.37640381,24.27927109,1.16125758
6620,20.96393967,24.24611777,1.16499339
6621,22.64702415,24.23012684,1.16500018
6622,18.92661858,24.17709176,1.17395031
6623,24.05272865,24.17584812,1.17595625
6624,22.98043823,24.16389403,1.17726428
6625,22.07821465,24.14303723,1.17980533
6626,22.71407509,24.12874761,1.18168825
6627,24.22168922,24.12967703,1.17863811
6628,24.28908730,24.13127113,1.17743484
6629,24.72512436,24.13720966,1.17679232
6630,23.21424103,24.12797998,1.16983978
6631,23.52683067,24.12196848,1.15471090
6632,23.09248543,24.11167365,1.16465253
6633,25.65905762,24.12714749,1.16273465
6634,24.28877831,24.12876380,1.16074298
6635,23.79875946,24.12546376,1.17003212
6636,24.45533943,24.12876251,1.16744171
6637,26.16271019,24.14910199,1.17904634
6638,24.13304329,24.14894140,1.17755346
6639,24.14311218,24.14888311,1.17284979
6640,24.08971786,24.14829146,1.17273963
6641,25.53744888,24.16218303,1.17537596
6642,23.28700066,24.15343121,1.16645491
6643,24.69222450,24.15881914,1.16656461
6644,23.39691925,24.15120014,1.16693682
6645,23.05169106,24.14020505,1.17927378
6646,23.94329262,24.13823593,1.18128879
6647,23.16886711,24.12854224,1.18555220
6648,23.27440834,24.12000090,1.18821165
6649,22.93592262,24.10816012,1.18767647
6650,26.16640472,24.12874256,1.18338918
6651,22.71423721,24.11459751,1.19090498
6652,24.07983017,24.11424984,1.19671817
6653,23.66938210,24.10980116,1.21022207
6654,24.45578003,24.11326095,1.21131479
6655,24.93198586,24.12144820,1.20080668
6656,25.38563347,24.13409005,1.31876392
6657,23.30409813,24.12579013,1.31789008
6658,23.27672577,24.11729949,1.32240602
6659,23.27634430,24.10888993,1.32225749
6660,23.00847626,24.09788580,1.32198889
6661,24.54983139,24.10240525,1.32651689
6662,23.90464020,24.10042760,1.32126821
6663,23.54828644,24.09490619,1.33121048
6664,22.10979843,24.07505511,1.34905582
6665,22.52760124,24.05958058,1.34829702
6666,21.03748703,24.02935964,1.34828946
6667,20.58241463,23.99489019,1.35734494
6668,24.16254425,23.99656673,1.34608152
6669,25.29700661,24.00957113,1.34594417
6670,24.98352432,24.01931066,1.33947612
6671,24.08177185,24.01993527,1.31128203
6672,22.45394897,24.00427541,1.31088790
6673,24.67507935,24.01098345,1.23775242
6674,24.99465752,24.02082019,1.23945953
6675,22.88501930,24.00946218,1.23749072
6676,24.61939240,24.01556148,1.22300314
6677,23.45589256,24.00996479,1.22060935
6678,23.11158371,24.00098098,1.23108804
6679,24.86544418,24.00962562,1.23944065
6680,23.29453468,24.00247471,1.23936318
6681,24.36780167,24.00612798,1.23709345
6682,25.45643425,24.02063104,1.24798047
6683,23.88638306,24.01928856,1.24848706
6684,24.67604637,24.02585614,1.24027771
6685,22.01017380,24.00569931,1.24299552
6686,24.04170418,24.00605936,1.24335203
6687,25.61946678,24.02219344,1.25450809
6688,24.78546524,24.02982615,1.23612815
6689,23.27477455,24.02227564,1.23798067
6690,24.07560158,24.02280890,1.23954346
6691,24.66876984,24.02926851,1.24257194
6692,22.64636993,24.01543952,1.23335016
6693,23.43349266,24.00962005,1.24263728
6694,23.41751480,24.00369900,1.24083340
6695,21.85631371,23.98222515,1.23954792
6696,24.50306511,23.98743355,1.25151229
6697,24.84127617,23.99597197,1.26251333
6698,24.68068504,24.00281910,1.25993553
6699,23.83699417,24.00116085,1.25777364
6700,24.59500694,24.00709932,1.25317729
6701,25.34049416,24.02043326,1.25679059
6702,25.22923279,24.03252126,1.25175275
6703,25.71286392,24.04932469,1.25838935
6704,25.20934105,24.06092485,1.26011585
6705,24.54651833,24.06578078,1.25948472
6706,18.33183670,24.00844134,1.25834158
6707,24.25200462,24.01087698,1.25229423
6708,24.92171288,24.01998533,1.25046940
6709,24.22970963,24.02208258,1.24827661
6710,23.44663239,24.01632808,1.24632399
6711,25.03365707,24.02650137,1.24362728
6712,24.46219635,24.03085832,1.24292980
6713,25.49036598,24.04545339,1.24294731
6714,26.07198334,24.06571869,1.24476376
6715,23.57374001,24.06079890,1.22988951
6716,24.18980598,24.06208898,1.22398038
6717,22.26102638,24.04407835,1.18734482
6718,24.34888077,24.04712637,1.15359457
6719,23.62428665,24.04289798,1.15428190
6720,23.79737282,24.04044273,1.14935255
6721,22.45949364,24.02463323,1.14882352
6722,25.17359734,24.03612288,1.15082087
6723,21.20229530,24.00778460,1.13975532
6724,24.50459480,24.01275270,1.13999603
6725,24.62510872,24.01887626,1.13880482
6726,24.26540947,24.02134159,1.13347851
6727,24.98056030,24.03093378,1.13236172
6728,22.28578568,24.01348230,1.13896854
6729,22.40418625,23.99738934,1.14012087
6730,23.13764572,23.98879190,1.13763935
6731,24.02072716,23.98911126,1.15822440
6732,25.59844208,24.00520456,1.16360951
6733,24.89049339,24.01405745,1.15914254
6734,24.69511986,24.02086808,1.15914699
6735,23.03257751,24.01098517,1.16203376
6736,24.26894188,24.01356474,1.14403584
6737,22.13812637,23.99481035,1.14428867
6738,23.68628311,23.99172508,1.13414579
6739,24.53946495,23.99720248,1.18389761
6740,24.49687386,24.00219919,1.18238623
6741,24.74489212,24.00962612,1.18288137
6742,23.83565712,24.00788643,1.18896182
6743,22.15187454,23.98932631,1.18217240
6744,24.00797272,23.98951278,1.18071021
6745,23.65931892,23.98621084,1.17938231
6746,25.83122444,24.00466098,1.19177079
6747,25.56890106,24.02030338,1.19236855
6748,24.16656113,24.02176595,1.19540072
6749,23.85375977,24.02008589,1.19953644
6750,23.93318367,24.01921687,1.20238182
6751,26.28522682,24.04187697,1.20154150
6752,24.66560936,24.04811429,1.19475488
6753,25.29911613,24.06062431,1.19313173
6754,23.23097420,24.05232781,1.18314327
6755,23.98317909,24.05163632,1.18403453
6756,24.68177223,24.05793768,1.18502366
6757,24.44683838,24.06182669,1.04372864
6758,23.66402626,24.05784869,1.05530890
6759,23.76773643,24.05494756,1.05164398
6760,24.33628082,24.05776090,1.05723721
6761,24.66981697,24.06388146,1.05814798
6762,24.27040672,24.06594671,1.05378072
6763,24.20808029,24.06736804,1.06181173
6764,23.17638779,24.05845824,1.07007504
6765,24.25149918,24.06038865,1.07813495
6766,25.00348854,24.06981965,1.08079356
6767,23.68054390,24.06592689,1.08352075
6768,26.17486000,24.08701622,1.07040570
6769,24.59106064,24.09205667,1.07523522
6770,23.62542725,24.08739037,1.07476691
6771,23.32236481,24.07974012,1.12638318
6772,24.83097267,24.08725244,1.12595971
6773,24.45481110,24.09092803,1.11928081
6774,24.80823517,24.09810110,1.08629290
6775,24.90955925,24.10621568,1.09413242
6776,23.69355011,24.10208903,1.09911667
6777,24.08578110,24.10192595,1.09982042
6778,25.60331726,24.11693986,1.13605248
6779,23.09174538,24.10668792,1.12621384
6780,24.17915726,24.10741261,1.12183485
6781,21.84774208,24.08481590,1.12082168
6782,22.98727036,24.07384045,1.12401546
6783,25.06084251,24.08371047,1.11170325
6784,24.34948349,24.08636820,1.10922805
6785,23.12075806,24.07671210,1.10733581
6786,24.33337021,24.07927868,1.11022010
6787,24.40069199,24.08249281,1.10967431
6788,24.06008339,24.08226872,1.09684620
6789,20.59795570,24.04742559,1.10234417
6790,23.58628082,24.04281414,1.10008483
6791,24.41353798,24.04652138,1.10214986
6792,25.44084358,24.06046460,1.09881244
6793,23.50266266,24.05488658,1.11401988
6794,23.91630745,24.05350079,1.10409023
6795,23.81028938,24.05106868,1.10580805
6796,21.29696083,24.02352760,1.10758025
6797,23.44050217,24.01769734,1.09094173
6798,22.83693314,24.00588970,1.08346099
6799,25.23188210,24.01814963,1.08290760
6800,24.89812851,24.02694941,1.08290079
6801,24.39208031,24.03060072,1.10076394
6802,23.79934502,24.02828817,1.07670800
6803,22.99059486,24.01791123,1.07431927
6804,24.66451454,24.02437727,1.06808393
6805,22.70277977,24.01116129,1.06736218
6806,23.22461128,24.00329579,1.07353148
6807,24.20491409,24.00531197,1.07819517
6808,25.60971832,24.02135604,1.07815247
6809,24.17580223,24.02290050,1.07928774
6810,22.89618683,24.01163336,1.07970985
6811,24.73239517,24.01884098,1.08025911
6812,23.71013832,24.01575395,1.08647998
6813,22.59651375,24.00156155,1.09667068
6814,21.93436813,23.98088962,1.11264806
6815,21.39407349,23.95502146,1.11056746
6816,24.71327591,23.96260400,1.12038628
6817,24.67954254,23.96977339,1.11550551
6818,23.69171333,23.96699279,1.12333447
6819,24.99442863,23.97726714,1.10651461
6820,24.06264114,23.97812088,1.10893450
6821,20.47214317,23.94306111,1.10897385
6822,22.39558983,23.92758639,1.10863293
6823,23.96234131,23.92793394,1.10575284
6824,23.95635986,23.92821820,1.10792978
6825,25.29870033,23.94192302,1.10455063
6826,22.59495735,23.92845337,1.11053268
6827,23.30994797,23.92226831,1.11083360
6828,20.71973419,23.89024297,1.11314328
6829,24.32735062,23.89461405,1.10523684
6830,22.67603874,23.88242830,1.10223611
6831,23.20066071,23.87561062,1.10207107
6832,22.88611794,23.86571569,1.10445806
6833,23.28649330,23.85992347,1.10172828
6834,22.99287987,23.85125303,1.09666826
6835,24.21746063,23.85491511,1.10031171
6836,22.53338242,23.84169978,1.09828332
6837,23.42767525,23.83755954,1.09853813
6838,23.60220718,23.83520601,1.10291308
6839,22.54662704,23.82232022,1.10315639
6840,23.58207893,23.81991781,1.05764440
6841,22.66893196,23.80840795,1.06137843
6842,23.25161171,23.80283999,1.06042302
6843,25.46954536,23.81950704,1.05869843
6844,24.39188194,23.82523079,1.07716608
6845,24.31560707,23.83013456,1.09077090
6846,24.33631325,23.83519634,1.09583347
6847,23.16491699,23.82849355,1.06402849
6848,22.45739937,23.81478261,1.06704160
6849,23.60635185,23.81269830,1.06518098
6850,23.60921097,23.81066343,1.06144835
6851,25.62070084,23.82876380,1.05788982
6852,24.44881248,23.83496429,1.06052680
6853,23.21489906,23.82876363,1.06049016
6854,22.69773674,23.81745337,1.05774421
6855,24.02228737,23.81950171,1.05612753
6856,24.77111053,23.82901779,1.05351370
6857,24.93517494,23.84007937,1.05152963
6858,24.22108269,23.84388940,1.05124764
6859,24.16725731,23.84712308,1.03830540
6860,23.95808601,23.84823271,1.03799823
6861,23.03502846,23.84010066,1.03444629
6862,25.06598663,23.85235952,1.03130470
6863,25.21740341,23.86600996,1.03741366
6864,25.61194801,23.88346934,1.03525928
6865,23.88512611,23.88348591,1.02012439
6866,25.26118660,23.89726292,0.98970418
6867,23.39475822,23.89223787,0.98852946
6868,25.08631706,23.90417866,0.98835829
6869,24.88261986,23.91396308,0.98921965
6870,24.74745560,23.92229800,0.98447650
6871,24.07344627,23.92380948,0.98623108
6872,24.30853462,23.92765673,0.92665262
6873,23.36085320,23.92198870,0.92621916
6874,24.64153290,23.92918414,0.92652608
6875,23.84541130,23.92834641,0.92683040
6876,25.28602982,23.94192325,0.91734034
6877,24.14690208,23.94397304,0.90921895
6878,23.04124260,23.93494573,0.90824218
6879,24.75707054,23.94316698,0.85701930
6880,24.00996017,23.94383491,0.85591766
6881,23.91387367,23.94353530,0.84805549
6882,21.55820274,23.91968197,0.84549690
6883,23.25253296,23.91301048,0.83994222
6884,23.31513214,23.90703170,0.84207025
6885,24.74320030,23.91539339,0.84315681
6886,24.18153572,23.91805481,0.84739267
6887,23.27424812,23.91161674,0.86803587
6888,24.85643768,23.92106495,0.96931338
6889,24.03396034,23.92219391,0.96981442
6890,22.77332306,23.91070520,0.96217119
6891,22.81329536,23.89973110,0.96410116
6892,23.51455116,23.89587930,0.96207757
6893,25.16301155,23.90855062,0.96326951
6894,25.82975578,23.92776267,0.95490642
6895,25.55415916,23.94402664,0.96097323
6896,24.91897583,23.95377613,0.95959004
6897,23.64743042,23.95071267,0.95858117
6898,22.91697121,23.94037526,0.95936968
6899,22.96334267,23.93060493,0.95101285
6900,24.79131699,23.93921205,0.95092095
6901,23.46221542,23.93444209,0.99574597
6902,22.94709969,23.92456866,0.98165739
6903,23.91127396,23.92443572,0.98012392
6904,24.36589241,23.92885028,0.97882590
6905,24.27498436,23.93231162,0.97487944
6906,22.86832619,23.92167177,0.98112886
6907,23.59061050,23.91836116,0.97588594
6908,23.97823524,23.91895990,0.97017977
6909,23.50279045,23.91479820,0.96902982
6910,23.75619125,23.91321213,0.98180307
6911,24.35444260,23.91762444,0.99302979
6912,23.83008194,23.91674901,1.00353454
6913,24.98364449,23.92741797,0.99686331
6914,22.69373703,23.91508116,0.98739308
6915,22.97303963,23.90566074,1.01196454
6916,23.58204460,23.90242458,1.01244898
6917,23.18805695,23.89528091,1.00149440
6918,24.58964729,23.90222457,1.01324952
6919,23.36545563,23.89685688,1.03245750
6920,24.31940079,23.90108232,1.02711275
6921,23.20253944,23.89409689,1.02343869
6922,24.14371490,23.89659307,1.02454596
6923,22.37693787,23.88139652,1.02731342
6924,24.09136009,23.88349615,1.03810703
6925,23.58568573,23.88051805,1.03737099
6926,23.34083939,23.87512126,1.04201687
6927,23.46189117,23.87098896,1.03103924
6928,23.44960594,23.86677513,1.04226851
6929,24.67712593,23.87487864,1.04055798
6930,23.96604347,23.87579029,1.03822588
6931,23.59634399,23.87299583,1.05316464
6932,23.76912308,23.87195710,1.05406652
6933,24.00885201,23.87332605,1.03184180
6934,23.03599358,23.86495272,1.03419548
6935,22.89565086,23.85525970,1.04935257
6936,22.91796112,23.84588672,1.04602269
6937,21.51699638,23.82259781,1.04634674
6938,19.38871002,23.77825894,1.05021425
6939,23.35668564,23.77404320,1.04531497
6940,23.68805695,23.77318334,1.06166872
6941,23.07500267,23.76620153,1.05809056
6942,24.63157654,23.77485528,1.05723679
6943,24.46693802,23.78177611,1.05727450
6944,24.85555077,23.79251386,1.07049348
6945,22.50444794,23.77963320,1.06036221
6946,23.85585213,23.78039539,1.05135704
6947,23.38902283,23.77648166,1.04680021
6948,24.45908546,23.78330770,1.05017761
6949,24.11645508,23.78663917,1.05319077
6950,23.63783455,23.78515113,1.06641247
6951,20.74074173,23.75470703,1.06292504
6952,22.87428093,23.74590277,1.06744821
6953,23.22126579,23.74065640,1.06934022
6954,23.78792381,23.74112908,1.06987921
6955,24.22149849,23.74593277,1.07459710
6956,22.51055908,23.73357903,1.07578768
6957,23.46966171,23.73093986,1.07946848
6958,24.18851662,23.73551563,1.10023158
6959,23.54117775,23.73357225,1.11184695
6960,25.28868675,23.74912340,1.11228929
6961,25.18354034,23.76346756,1.12175238
6962,25.33773613,23.77921025,1.12054719
6963,24.25242805,23.78394243,1.12616464
6964,24.07376671,23.78684067,1.12729941
6965,20.77331924,23.75670546,1.13257493
6966,23.97426414,23.75888104,1.14010155
6967,23.66820908,23.75797432,1.14019742
6968,25.23635292,23.77275811,1.13915149
6969,26.05933380,23.79562387,1.14077905
6970,23.91647720,23.79683240,1.14022344
6971,23.30330467,23.79189712,1.14472416
6972,23.09771729,23.78495532,1.14654492
6973,22.70994568,23.77420523,1.14851521
6974,22.04658127,23.75692899,1.14032159
6975,24.38236237,23.76318332,1.14007698
6976,22.59198380,23.75147133,1.15041045
6977,23.39332008,23.74788981,1.15103376
6978,21.94431114,23.72985403,1.15078572
6979,23.86518288,23.73120732,1.15236447
6980,22.76774788,23.72157272,1.16183377
6981,25.32560158,23.73761301,1.16586153
6982,24.00998497,23.74033673,1.17658703
6983,23.35774803,23.73651084,1.17714946
6984,24.42422295,23.74338796,1.17957538
6985,21.71547508,23.72310884,1.17745347
6986,22.95506096,23.71542836,1.17443817
6987,22.97399330,23.70801401,1.17338571
6988,24.52309608,23.71616483,1.15705211
6989,23.00797462,23.70908292,1.07384434
6990,21.57435417,23.68773564,1.07470932
6991,23.20427513,23.68290103,1.08328485
6992,22.69961929,23.67306821,1.08396006
6993,23.63644028,23.67270194,1.08113454
6994,25.71422768,23.69311719,1.09074335
6995,25.00790977,23.70626512,1.09178111
6996,24.69154739,23.71611794,1.08503090
6997,24.16788101,23.72063557,1.08521403
6998,24.35250664,23.72695428,1.09494861
6999,24.66790390,23.73636378,1.09769191
7000,25.42084885,23.75320863,1.09714396
7001,22.99912453,23.74566779,1.09964859
7002,24.59900856,23.75420120,1.06272210
7003,24.62701607,23.76292935,1.07570686
7004,23.22462845,23.75754634,1.07556381
7005,24.78144455,23.76778532,1.07858031
7006,22.87714386,23.75887890,1.08068423
7007,22.31630898,23.74445320,1.08424461
7008,21.39450836,23.72095376,1.09571369
7009,25.17847633,23.73552898,1.09781629
7010,23.95440674,23.73771776,1.10308394
7011,25.04568481,23.75079743,1.10134620
7012,23.88140297,23.75210349,1.09284923
7013,22.43874931,23.73896994,1.09241474
7014,24.90773964,23.75065764,1.09143498
7015,25.13031006,23.76445416,1.09289033
7016,25.17943001,23.77860392,1.05418180
7017,23.90512848,23.77986917,1.06405962
7018,23.99704361,23.78204091,1.06753345
7019,24.68641090,23.79108461,1.05816989
7020,23.45325851,23.78770635,1.03454092
7021,24.83947945,23.79822408,1.04952630
7022,22.80936623,23.78833550,1.04996475
7023,24.45384979,23.79499065,1.04941401
7024,24.02839851,23.79732473,1.05180466
7025,23.88331032,23.79818458,1.03826393
7026,22.13158607,23.78151860,1.05325487
7027,23.09775543,23.77468097,1.04871878
7028,23.88089561,23.77574311,1.04855685
7029,22.98644066,23.76785009,1.03224137
7030,21.89378929,23.74910948,1.04716436
7031,24.63399124,23.75795830,1.04274899
7032,22.01750946,23.74055381,1.03367341
7033,23.98136139,23.74296188,1.03533232
7034,24.42898178,23.74982208,1.03445843
7035,23.60270500,23.74835091,1.03263289
7036,23.56651497,23.74653255,1.01189901
7037,24.31423759,23.75220960,1.01430436
7038,22.61456490,23.74083316,1.01209128
7039,23.79560661,23.74138089,1.01239581
7040,24.29581451,23.74692523,1.01415629
7041,22.33153534,23.73277133,0.99560659
7042,22.92849731,23.72472859,0.99589544
7043,24.12340736,23.72871538,1.00045432
7044,25.32711601,23.74469938,1.00066617
7045,22.47471428,23.73199953,0.98338455
7046,23.78085136,23.73248805,0.97668835
7047,23.92284775,23.73439165,0.97439422
7048,25.21903419,23.74923807,0.97863454
7049,24.78272438,23.75957294,0.98173759
7050,23.80017471,23.75997895,0.98242122
7051,24.50159073,23.76739507,0.96980207
7052,24.79747581,23.77769588,0.96649225
7053,21.88019753,23.75872089,0.96372947
7054,24.28912735,23.76402496,0.96569049
7055,24.60966682,23.77248138,0.96843176
7056,24.62291527,23.78098572,0.97208048
7057,25.39293098,23.79710517,0.97864761
7058,25.50984383,23.81423256,0.96757113
7059,24.68261337,23.82291636,0.93834810
7060,22.77773476,23.81246455,0.92968665
7061,22.52425766,23.79958248,0.92986679
7062,23.71421623,23.79872882,0.94049840
7063,22.29561043,23.78369763,0.94134376
7064,23.74510765,23.78331173,0.92991379
7065,23.13408470,23.77681946,0.92564222
7066,24.54040718,23.78445534,0.92509213
7067,25.29818726,23.79959266,0.91691942
7068,24.72901726,23.80888690,0.91694955
7069,23.75316429,23.80832968,0.91774488
7070,23.66671753,23.80691356,0.91970347
7071,25.62331200,23.82507754,0.92586552
7072,23.24733162,23.81930008,0.93012585
7073,23.21301460,23.81323723,0.92889568
7074,22.52414322,23.80034629,0.93439322
7075,24.28077507,23.80515058,0.94423080
7076,25.74547958,23.82455387,0.94530901
7077,23.15208244,23.81782915,0.92943251
7078,24.27236366,23.82237450,0.92672697
7079,24.16332436,23.82578399,0.92983066
7080,22.12275124,23.80875367,0.92502973
7081,23.51723862,23.80583852,0.90425437
7082,23.24374008,23.80021753,0.90287374
7083,23.22575569,23.79447291,0.88768952
7084,23.92876434,23.79581583,0.88769417
7085,23.95230865,23.79738076,0.89858292
7086,23.95570755,23.79896402,0.95617338
7087,22.77233887,23.78869777,0.98410493
7088,23.41208458,23.78493164,0.98458411
7089,24.64183235,23.79350065,0.97808834
7090,24.87769699,23.80434261,0.98734291
7091,25.01104736,23.81640966,0.98670051
7092,24.61363792,23.82438194,0.97629333
7093,25.47054100,23.84084353,0.98348364
7094,24.30233383,23.84545844,0.98925232
7095,23.97987175,23.84680257,0.98211206
7096,23.87417603,23.84707630,0.98373478
7097,23.46422768,23.84324782,0.98420351
7098,22.98082924,23.83462363,0.98421780
7099,22.98944092,23.82617180,0.97947201
7100,24.84560204,23.83636611,0.97786670
7101,23.90656662,23.83706811,0.97782760
7102,23.70981598,23.83579559,0.98165655
7103,24.11876488,23.83862528,0.99815286
7104,24.92881775,23.84952721,0.98417601
7105,24.91571999,23.86018914,0.98780633
7106,25.21932793,23.87378052,0.98743008
7107,25.51984787,23.89024120,0.98556934
7108,23.50765991,23.88641538,0.97778566
7109,24.78008461,23.89535208,0.96642913
7110,24.05373764,23.89693593,0.96553081
7111,24.25217247,23.90048830,0.97119963
7112,25.89713860,23.92045480,0.96103752
7113,23.68014908,23.91805174,0.96201449
7114,24.13223267,23.92019355,0.94977867
7115,23.67318726,23.91772349,0.94953497
7116,25.25338554,23.93108011,0.94578755
7117,23.91910553,23.93096036,0.94569448
7118,24.00234604,23.93167422,0.93833172
7119,24.47682762,23.93712575,0.93625173
7120,23.10867691,23.92884127,0.93878805
7121,25.25870132,23.94213987,0.94431675
7122,25.36948395,23.95641331,0.94322906
7123,25.17352676,23.96858444,0.94740405
7124,22.99843788,23.95888298,0.95882998
7125,22.73166466,23.94661079,0.94886968
7126,23.63033867,23.94344807,0.94904950
7127,24.60096550,23.95002325,0.93387379
7128,23.66128159,23.94713583,0.93031117
7129,24.89569283,23.95662140,0.93075115
7130,24.31795883,23.96023477,0.93094193
7131,24.79785347,23.96861096,0.91198450
7132,23.73778343,23.96630269,0.91451088
7133,23.17414093,23.95838107,0.91138270
7134,24.21258163,23.96092307,0.90900941
7135,22.67203712,23.94803421,0.91055385
7136,20.79542923,23.91650816,0.92935011
7137,21.68555641,23.89419865,0.93884563
7138,23.50758553,23.89033252,0.93809523
7139,24.61411476,23.89757034,0.94046690
7140,25.43341255,23.91292876,0.93844231
7141,24.21636963,23.91596317,0.94057795
7142,23.44404793,23.91124402,0.93556681
7143,25.66246796,23.92875626,0.93778230
7144,25.23510170,23.94181971,0.92759403
7145,23.43287086,23.93673022,0.92728705
7146,22.55817032,23.92294462,0.92812251
7147,24.45407677,23.92825594,0.92894514
7148,24.17633820,23.93073677,0.92790754
7149,23.25887489,23.92401815,0.92213064
7150,24.74282837,23.93220625,0.91635094
7151,24.20121956,23.93489638,0.91368290
7152,25.15620041,23.94710942,0.91362973
7153,26.15122032,23.96915053,0.91638078
7154,25.42842484,23.98374328,0.93679521
7155,25.12086868,23.99511453,0.93984505
7156,23.66026306,23.99176602,0.94335438
7157,24.03808212,23.99222918,0.94174208
7158,24.83295441,24.00063643,0.94787527
7159,24.36489487,24.00427901,0.94905850
7160,23.64586449,24.00069487,0.94830386
7161,22.55674553,23.98625537,0.94854701
7162,23.81019783,23.98449480,0.95036687
7163,24.68896675,23.99153952,0.94755748
7164,24.90129280,24.00063705,0.94719129
7165,24.34955788,24.00412626,0.94762606
7166,24.40192604,24.00810426,0.96333446
7167,24.75444984,24.01556771,0.95586878
7168,24.72184563,24.02263049,0.95691833
7169,24.56252480,24.02802944,0.95733311
7170,23.49219131,24.02267105,0.96116201
7171,25.33902550,24.03583460,0.95936858
7172,22.70893097,24.02256556,0.96856654
7173,23.02936554,24.01263356,0.96209267
7174,22.50438118,23.99755104,0.95676991
7175,24.67580605,24.00433359,0.96421883
7176,24.54207420,24.00971099,0.96360914
7177,23.86846542,24.00829854,0.99936084
7178,23.96763420,24.00789190,0.99801471
7179,24.59039307,24.01371691,0.99949132
7180,23.95592499,24.01313899,0.99568855
7181,24.17343712,24.01474197,0.99759951
7182,25.07845116,24.02537906,0.99655834
7183,24.40958405,24.02922111,1.00049910
7184,24.71691132,24.03609801,1.00295957
7185,24.82749176,24.04401195,1.00356320
7186,22.39127541,24.02748458,1.00514028
7187,22.89538956,24.01616363,0.96429382
7188,23.04941368,24.00649614,0.93888913
7189,25.13444519,24.01777563,0.94042108
7190,24.17656898,24.01936356,0.94060926
7191,23.15127182,24.01068264,0.93213343
7192,23.98934937,24.01046931,0.93223641
7193,23.29907608,24.00335538,0.93454683
7194,24.63825417,24.00970436,0.92065646
7195,24.34450722,24.01305239,0.92642552
7196,24.58223152,24.01874418,0.93283709
7197,24.61446762,24.02470142,0.92214496
7198,24.54953003,24.02994970,0.95729682
7199,24.30563164,24.03270652,0.95719081
7200,24.25178146,24.03489727,0.95553617
7201,24.64047623,24.04095306,0.95473223
7202,24.15675926,24.04211113,0.95503940
7203,23.45139503,24.03620396,0.95765907
7204,22.24761963,24.01831812,0.94343626
7205,22.98515892,24.00798653,0.93182634
7206,22.91832733,23.99708994,0.92470804
7207,25.22082520,24.00932729,0.92465230
7208,22.24748039,23.99170882,0.92905180
7209,23.41024780,23.98589421,0.92624680
7210,24.78070068,23.99384228,0.94482036
7211,24.31830788,23.99708693,0.94545669
7212,23.44055939,23.99152166,0.94144526
7213,25.83823204,24.00998876,0.95227538
7214,23.90655899,24.00895446,0.94952147
7215,24.41626358,24.01302755,0.94516695
7216,22.30791473,23.99597642,0.94802987
7217,24.41237450,24.00014041,0.94870570
7218,24.53357887,24.00547479,0.94541467
7219,24.36675644,24.00908761,0.94409281
7220,25.07526398,24.01974937,0.94575491
7221,23.41300011,24.01368188,0.96436055
7222,22.23345566,23.99587962,0.95402431
7223,24.82611084,24.00418193,0.95106771
7224,24.61678123,24.01030792,0.95063705
7225,25.65325356,24.02673738,0.94285993
7226,25.36655235,24.04013553,0.95983058
7227,21.40279579,24.01376213,0.97458822
7228,24.34718132,24.01709632,0.97739805
7229,23.42701149,24.01119547,0.97905519
7230,23.96820259,24.01076554,0.99497718
7231,24.76347542,24.01829264,1.00667427
7232,24.70417023,24.02515142,1.00738595
7233,25.03427505,24.03524266,1.00154163
7234,22.98593140,24.02474954,1.00034148
7235,23.68570328,24.02135908,1.00804302
7236,22.61639595,24.00730945,1.01156909
7237,22.63286972,23.99356505,1.00039280
7238,23.46199608,23.98824936,0.99899521
7239,24.81720734,23.99653894,0.99766968
7240,24.74913788,24.00406493,0.99079955
7241,23.43558693,23.99838015,0.99092704
7242,24.34315681,24.00182792,0.98776621
7243,24.96723366,24.01148197,0.99554114
7244,23.77519226,24.00911908,1.00521577
7245,22.45028305,23.99353072,1.00609930
7246,22.80101013,23.98160551,1.00548121
7247,24.07614517,23.98255091,1.00387637
7248,21.37158966,23.95644130,1.00347105
7249,24.15045547,23.95838144,1.00283942
7250,24.40426636,23.96284029,1.00739408
7251,23.31422615,23.95635415,1.00803903
7252,23.62803841,23.95307099,1.00625749
7253,22.54532433,23.93899352,1.00977286
7254,22.43313026,23.92393489,1.00839151
7255,24.06807137,23.92537625,1.00171400
7256,24.14032745,23.92752577,0.99870381
7257,24.11328888,23.92938340,0.99316011
7258,24.79429626,23.93803253,0.99085064
7259,23.35164070,23.93216861,0.97571231
7260,25.81133652,23.95096029,0.97457796
7261,24.37077522,23.95515844,0.98248900
7262,25.02330780,23.96583993,1.01060217
7263,22.47769547,23.95095848,1.00922885
7264,24.01034164,23.95155232,1.00274839
7265,23.65619087,23.94859870,1.00779862
7266,24.74612808,23.95657400,1.03260425
7267,23.32597923,23.95026805,1.07541809
7268,23.98480225,23.95061339,1.07535582
7269,23.29056358,23.94401289,1.07556767
7270,23.01371193,23.93470988,1.07796440
7271,21.87202644,23.91408305,1.07744695
7272,23.85815811,23.91352380,1.07854545
7273,22.85741234,23.90296268,1.06502536
7274,22.95939636,23.89352702,1.07014582
7275,24.45219612,23.89911371,1.06906285
7276,21.80025291,23.87812510,1.07646919
7277,21.89741707,23.85831802,1.06872870
7278,24.46393967,23.86437424,1.04000338
7279,24.31079102,23.86883841,1.03994437
7280,25.67342377,23.88688426,1.03815825
7281,25.32318878,23.90124731,1.03928834
7282,24.26119804,23.90484681,1.04049922
7283,24.20908356,23.90788918,1.04060625
7284,23.86076355,23.90741792,1.03705699
7285,25.28749657,23.92121871,1.03519501
7286,25.05418396,23.93254836,1.03585475
7287,24.13145447,23.93453742,1.03205992
7288,24.75438118,23.94273586,1.02405640
7289,24.61377144,23.94944622,1.02257071
7290,23.97716331,23.94972339,1.02256902
7291,24.16022110,23.95182837,1.02402968
7292,23.95550537,23.95186514,1.02231198
7293,25.16067123,23.96395320,1.03515955
7294,25.49497414,23.97926341,1.03119630
7295,24.74105644,23.98688134,1.03089567
7296,23.93078804,23.98632040,1.02244206
7297,23.79174232,23.98437462,1.01510937
7298,24.50962639,23.98962714,1.02193290
7299,24.38231468,23.99355402,0.99468620
7300,24.98011208,24.00341960,0.99560876
7301,24.41698837,24.00755528,0.99978581
7302,23.78763390,24.00535607,0.99959614
7303,23.09630013,23.99626551,1.00347938
7304,24.07120705,23.99701493,0.99396635
7305,22.66184235,23.98366320,0.98853024
7306,24.58464813,23.98967305,0.98895891
7307,24.13042641,23.99108058,0.99632194
7308,25.00512123,24.00122099,0.99776869
7309,23.81282997,23.99933708,0.99682308
7310,24.36441994,24.00298791,0.99571489
7311,25.50501442,24.01800817,0.98350896
7312,26.47286224,24.04255671,0.98603219
7313,24.37718391,24.04590299,0.98528386
7314,25.46814919,24.06012545,0.98276239
7315,25.15086937,24.07103289,0.98734248
7316,21.80741692,24.04839673,0.99958702
7317,20.56775665,24.01359033,0.99764672
7318,24.41230392,24.01757746,0.99504026
7319,23.46468544,24.01204854,0.99535379
7320,23.19916534,24.00391971,0.99246235
7321,25.01505280,24.01403104,1.00132560
7322,24.79864502,24.02187718,0.97778597
7323,24.54389763,24.02709739,0.98168518
7324,25.38780403,24.04070445,0.97589445
7325,24.38388634,24.04413627,0.97523802
7326,26.13428879,24.06503780,0.97452975
7327,24.11714363,24.06555885,0.94823179
7328,23.15463066,24.05644957,0.95613310
7329,23.82432556,24.05412833,0.96092345
7330,23.97710609,24.05335811,0.96405278
7331,24.59762383,24.05880077,0.95071372
7332,24.97643280,24.06797709,0.94347090
7333,24.77163506,24.07501367,0.95043770
7334,23.69989777,24.07126251,0.95202668
7335,23.22377586,24.06278764,0.95241933
7336,23.56851768,24.05784494,0.94447177
7337,25.24930573,24.06975955,0.94093396
7338,24.77170372,24.07677899,0.95257597
7339,24.42616653,24.08027287,0.96554025
7340,23.41902351,24.07366037,0.96384662
7341,23.26142120,24.06553798,0.96404250
7342,23.93728256,24.06425543,0.96972197
7343,22.44413948,24.04805427,0.98360331
7344,23.98284340,24.04740216,0.98006456
7345,23.98143768,24.04674252,0.98096007
7346,23.20998573,24.03837495,0.98135309
7347,24.17049599,24.03969616,0.98848863
7348,25.30021477,24.05230134,0.98823508
7349,22.88008690,24.04057920,0.99056041
7350,24.57401276,24.04591353,0.98992246
7351,23.12941933,24.03674859,0.98889358
7352,23.41572762,24.03053838,0.98806767
7353,23.12096596,24.02144266,0.98810686
7354,23.61098671,24.01733810,0.98726237
7355,22.91242409,24.00628896,0.99282285
7356,24.39088631,24.01013493,0.98915980
7357,22.85220337,23.99855562,0.99063933
7358,23.50749397,23.99364500,0.99086909
7359,23.37201309,23.98742868,0.98563878
7360,24.46917915,23.99224619,0.98573454
7361,24.96271896,24.00195091,0.98978130
7362,24.85892105,24.01052062,0.97838288
7363,25.00069046,24.02042231,0.95106586
7364,25.47178841,24.03493597,0.95419961
7365,25.08771515,24.04546377,0.94752812
7366,25.78124237,24.06282155,0.94167549
7367,24.44207191,24.06661406,0.92947950
7368,24.31463242,24.06909424,0.86620692
7369,24.45590019,24.07296230,0.86737009
7370,24.35778999,24.07581058,0.90736863
7371,22.48856926,24.05993816,0.90820332
7372,24.37536049,24.06309239,0.90282918
7373,25.12778282,24.07373929,0.89976174
7374,24.81496239,24.08115152,0.90320577
7375,23.19812775,24.07232128,0.89568321
7376,24.31515503,24.07474962,0.89495087
7377,24.35148811,24.07751701,0.87412493
7378,21.76576805,24.05439952,0.88426686
7379,23.18209839,24.04567651,0.88057458
7380,23.38606644,24.03908040,0.88479503
7381,23.92288780,24.03791848,0.88887130
7382,24.68560028,24.04439530,0.88739883
7383,22.99151993,24.03386654,0.88243969
7384,23.57127571,24.02924063,0.88167102
7385,24.47721291,24.03372036,0.88212525
7386,24.34028053,24.03678596,0.88220241
7387,24.74437904,24.04386189,0.88153885
7388,22.63581467,24.02978142,0.87615180
7389,22.34900856,24.01297369,0.87270027
7390,23.90631866,24.01190714,0.87454566
7391,23.87285995,24.01051667,0.87977208
7392,25.14908600,24.02190236,0.87747174
7393,25.77317238,24.03941506,0.87811685
7394,23.36573410,24.03267825,0.86484007
7395,22.54788017,24.01783027,0.86506898
7396,23.26494026,24.01030137,0.86643151
7397,25.24645615,24.02266292,0.86857373
7398,24.01554871,24.02259178,0.87797615
7399,23.20628548,24.01442871,0.86852527
7400,23.95317841,24.01381621,0.86973345
7401,23.16340828,24.00531213,0.86882483
7402,24.05745316,24.00583354,0.86968066
7403,24.24429131,24.00821812,0.86901011
7404,23.19881058,24.00012404,0.86934144
7405,22.93033218,23.98942612,0.86884484
7406,22.97417641,23.97927363,0.86303030
7407,23.14506340,23.97093152,0.87793202
7408,24.22147560,23.97343697,0.87138954
7409,24.04277229,23.97413032,0.87086404
7410,24.16404724,23.97602949,0.86894053
7411,22.95621300,23.96583132,0.86758627
7412,23.62976265,23.96247064,0.87820412
7413,24.85198975,23.97136583,0.87926359
7414,24.78499794,23.97950215,0.87560169
7415,22.93032265,23.96901035,0.87391224
7416,23.34556007,23.96277585,0.87386298
7417,25.41613770,23.97730947,0.85670441
7418,23.74573517,23.97499373,0.87110952
7419,24.56850624,23.98092885,0.87089914
7420,26.71759796,24.00829554,0.86990931
7421,23.10402298,23.99925282,0.87036840
7422,24.18321419,24.00109243,0.86433961
7423,23.70981216,23.99817963,0.86789726
7424,24.94384956,24.00763633,0.86046286
7425,24.70542717,24.01461424,0.85997563
7426,24.03429413,24.01481103,0.86238681
7427,24.82864189,24.02294934,0.86283729
7428,22.61465263,24.00886638,0.87493881
7429,24.22039795,24.01098169,0.85077603
7430,23.06717682,24.00154364,0.85300740
7431,23.08189392,23.99234715,0.89121207
7432,23.60847664,23.98850844,0.89427675
7433,23.62495995,23.98487296,0.89936457
7434,23.19546127,23.97697884,0.91584794
7435,24.28550148,23.98006407,0.91999757
7436,23.12336922,23.97149712,0.91989003
7437,23.67398643,23.96852201,0.92066218
7438,24.69526291,23.97578942,0.92401182
7439,23.74655533,23.97349708,0.91680976
7440,24.60406685,23.97980278,0.91535267
7441,25.01564980,23.99016125,0.92408372
7442,24.26441765,23.99290381,0.94001937
7443,24.26956940,23.99567047,0.93378036
7444,23.72134972,23.99292726,0.91639346
7445,24.14175224,23.99441551,0.91488693
7446,23.44637108,23.98893506,0.90525746
7447,24.94284630,23.99847418,0.90344510
7448,22.63844681,23.98487390,0.90070716
7449,24.13070488,23.98633221,0.90076740
7450,22.72029495,23.97367184,0.90477377
7451,23.45151138,23.96845024,0.91420179
7452,22.96511459,23.95841688,0.94676016
7453,23.46209717,23.95345368,0.95261252
7454,23.00898933,23.94400904,0.97525567
7455,24.02499962,23.94481894,0.97891580
7456,23.68167877,23.94218754,1.00751269
7457,25.57864952,23.95855216,1.00442402
7458,23.67654800,23.95573212,1.00259735
7459,24.24955940,23.95867039,1.01455031
7460,23.98636627,23.95894735,1.01452833
7461,24.06885147,23.96004639,1.01529087
7462,25.63692474,23.97681518,1.01286384
7463,22.94958115,23.96654284,1.01889601
7464,24.56166267,23.97249403,1.01487476
7465,25.31859016,23.98595500,1.01401986
7466,25.03469849,23.99644243,1.01628418
7467,23.53360558,23.99181406,1.01647844
7468,25.58934021,24.00778932,1.00746259
7469,24.18635368,24.00957497,1.00934775
7470,23.79343987,24.00741362,1.00849822
7471,23.48303223,24.00216980,0.97065640
7472,22.82601547,23.99040826,0.97672024
7473,23.02775383,23.98078172,0.98088686
7474,23.83514404,23.97932534,0.98945778
7475,24.66711044,23.98620319,0.98539551
7476,24.93318748,23.99567303,0.98287777
7477,23.48704338,23.99058674,0.98761491
7478,22.38015556,23.97448242,0.98364860
7479,23.09388542,23.96567645,0.98430757
7480,24.89732552,23.97499294,0.98378933
7481,21.21084213,23.94735144,0.98971330
7482,23.10167885,23.93889471,0.98678919
7483,22.60168839,23.92552265,0.98842462
7484,25.81876183,23.94445504,1.00363072
7485,24.82695198,23.95328001,1.00443094
7486,24.38139343,23.95756114,1.00940145
7487,24.42308235,23.96221636,1.01745571
7488,22.75539780,23.95014817,1.01726163
7489,23.25018692,23.94314856,1.01788732
7490,25.39558983,23.95767297,1.02245504
7491,25.19739151,23.97007016,1.02302509
7492,22.16850853,23.95205454,1.01718862
7493,24.37565804,23.95629057,1.02556298
7494,24.00292015,23.95675687,1.02500638
7495,24.14573097,23.95864661,1.02982213
7496,24.35569000,23.96261704,1.03389641
7497,24.31007004,23.96609157,1.03958380
7498,22.83387375,23.95476940,1.03784159
7499,24.00934601,23.95531516,1.03770197
7500,22.74458122,23.94320782,1.04008017
7501,22.53655624,23.92914131,1.05649485
7502,26.48084259,23.95465832,1.05641917
7503,24.98404884,23.96495223,1.05374849
7504,26.07176208,23.98602032,1.05763832
7505,22.79848099,23.97414493,1.09348432
7506,21.30850601,23.94748854,1.09602209
7507,23.34964561,23.94151011,1.09978343
7508,23.39623451,23.93605736,1.08938753
7509,22.28858757,23.91958266,1.09343824
7510,23.76156616,23.91800249,1.09314965
7511,24.33175278,23.92214000,1.11450795
7512,24.54214478,23.92834004,1.11576576
7513,22.72511673,23.91630781,1.10332767
7514,23.65872192,23.91373195,1.10784695
7515,24.61791039,23.92077374,1.10632338
7516,25.08924294,23.93245843,1.10065788
7517,24.52896500,23.93842349,1.09666163
7518,23.32719612,23.93231122,1.10280973
7519,24.54643822,23.93845249,1.09138808
7520,24.37143898,23.94278235,1.09127864
7521,23.63835144,23.93973805,1.13296104
7522,22.48642731,23.92520494,1.13563670
7523,22.89199257,23.91487281,1.13311094
7524,22.48957443,23.90061983,1.13110538
7525,24.31625938,23.90477623,1.13348286
7526,24.16436768,23.90737214,1.13137016
7527,22.80609894,23.89635941,1.12736205
7528,23.50403023,23.89243612,1.13568080
7529,22.43291473,23.87784090,1.12886023
7530,23.85713768,23.87763387,1.12681776
7531,22.37930107,23.86265054,1.14009167
7532,23.88291168,23.86285315,1.10999422
7533,23.10246086,23.85524923,1.11422813
7534,25.51657104,23.87186245,1.11201165
7535,24.56393242,23.87878315,1.09596551
7536,24.87739754,23.88876929,1.09250949
7537,25.32200050,23.90310161,1.09571131
7538,23.95066071,23.90357720,1.10372477
7539,24.70935249,23.91163495,1.09841385
7540,24.84878159,23.92100642,1.10290238
7541,23.08981895,23.91269454,1.10743112
7542,23.84551620,23.91202276,1.09945631
7543,25.21194267,23.92502196,1.08950283
7544,23.81152725,23.92388701,1.09640278
7545,24.89025879,23.93355073,1.11023103
7546,24.83138466,23.94252907,1.10977934
7547,25.11227989,23.95422658,1.10852829
7548,24.69713783,23.96165569,1.11739694
7549,25.26391792,23.97467831,1.12397325
7550,23.22878647,23.96721939,1.12400228
7551,26.23419380,23.98988914,1.12435825
7552,24.53939629,23.99538421,1.11919007
7553,23.32831192,23.98871348,1.08653391
7554,22.95748901,23.97840124,1.08930902
7555,21.01549911,23.94877222,1.07043226
7556,24.71709442,23.95645544,1.06616770
7557,24.93849373,23.96627582,1.03805995
7558,24.50697708,23.97168284,1.05395112
7559,24.99215508,23.98188756,1.05340033
7560,23.91820717,23.98125075,1.04994851
7561,21.78823280,23.95932057,1.05511605
7562,23.40703964,23.95379777,1.05376598
7563,23.80089760,23.95226876,1.05274705
7564,25.37541008,23.96650018,1.04803937
7565,23.85938644,23.96542904,1.05360693
7566,24.69740677,23.97274882,1.08239184
7567,24.43503761,23.97737170,1.07384690
7568,25.23119736,23.98990996,1.08660498
7569,23.93859100,23.98939677,1.08727278
7570,24.09020233,23.99040483,1.09193808
7571,20.86064911,23.95910727,1.09107661
7572,22.98682976,23.94938450,1.09248745
7573,24.74028778,23.95729353,1.09214643
7574,23.29396248,23.95066022,1.09498703
7575,24.67966080,23.95795022,1.08963532
7576,23.80851173,23.95645584,1.09267065
7577,23.74311066,23.95432239,1.09787852
7578,22.44071960,23.93918636,1.10143333
7579,22.96929550,23.92948745,1.10451046
7580,23.41007233,23.92429330,1.09748363
7581,21.84951591,23.90354553,1.10018114
7582,24.45278549,23.90903792,1.12576711
7583,22.59633064,23.89591085,1.12701493
7584,22.77257919,23.88467754,1.12877440
7585,23.46891022,23.88051986,1.14867103
7586,23.45377350,23.87625240,1.15136579
7587,22.80059242,23.86549580,1.14625164
7588,22.30229759,23.84986382,1.14649868
7589,23.83412552,23.84970643,1.14639514
7590,22.57463074,23.83695568,1.15020491
7591,21.84095573,23.81699568,1.15869504
7592,23.33514595,23.81217718,1.15790439
7593,24.37479401,23.81780335,1.16485884
7594,25.05254745,23.83015079,1.15721996
7595,21.91303253,23.81097961,1.16090889
7596,23.75796890,23.81044950,1.15639818
7597,23.77134514,23.81005846,1.16743806
7598,22.13476181,23.79330549,1.16165533
7599,22.05814743,23.77595391,1.16084363
7600,23.84462547,23.77664062,1.15632244
7601,22.52675247,23.76414174,1.15916039
7602,24.17782402,23.76827857,1.13673968
7603,23.59012604,23.76649704,1.14037789
7604,25.02957153,23.77912779,1.14908893
7605,22.51869774,23.76652349,1.14662917
7606,23.44988060,23.76335706,1.11820304
7607,23.53466415,23.76107013,1.13931346
7608,21.67423248,23.74020175,1.13522853
7609,23.50845909,23.73788432,1.13432814
7610,24.73636246,23.74786911,1.14575404
7611,22.51362038,23.73552662,1.16122181
7612,23.80209923,23.73619234,1.14072244
7613,24.20449448,23.74087537,1.14080985
7614,23.72978401,23.74076445,1.14374115
7615,22.46099091,23.72796672,1.13809659
7616,20.85113907,23.69919844,1.13804746
7617,23.68309212,23.69903738,1.13630082
7618,25.34844208,23.71553142,1.13931142
7619,24.05254173,23.71890153,1.14419147
7620,22.17527390,23.70346525,1.18456070
7621,22.95792961,23.69600989,1.18699115
7622,22.88278770,23.68787767,1.14692765
7623,24.63422012,23.69734110,1.14852817
7624,24.62522125,23.70661990,1.15016338
7625,24.05964279,23.71015013,1.14898006
7626,24.54598999,23.71850853,1.14983930
7627,24.70798302,23.72840327,1.16455855
7628,24.85844612,23.73970370,1.16848244
7629,24.46098900,23.74691655,1.15844687
7630,24.00933456,23.74954073,1.15514248
7631,24.41425896,23.75618791,1.15363180
7632,20.84525681,23.72707860,1.13533381
7633,24.15426636,23.73135048,1.13597307
7634,24.51200867,23.73915706,1.12795566
7635,26.42333221,23.76599881,1.12304763
7636,24.79026794,23.77624151,1.12316890
7637,23.77163124,23.77619540,1.12206113
7638,25.22820663,23.79071552,1.11707005
7639,23.70987511,23.78990711,1.10390865
7640,24.99893951,23.80199744,1.11366375
7641,25.45943260,23.81857179,1.10480873
7642,24.31827354,23.82356880,1.08867651
7643,25.03193092,23.83565243,1.09306393
7644,24.03598022,23.83765570,1.09392345
7645,24.69523811,23.84623153,1.09901285
7646,23.60946083,23.84386382,1.07799121
7647,25.65914726,23.86201666,1.07746427
7648,24.20652962,23.86546179,1.07819070
7649,24.48192787,23.87162645,1.06161653
7650,24.70906258,23.88000081,1.04721039
7651,24.85003853,23.88970118,1.05037814
7652,23.29372787,23.88374145,1.07199910
7653,24.91200829,23.89402412,1.07255864
7654,25.34961891,23.90858007,1.07178686
7655,24.41889572,23.91368322,1.06871591
7656,25.24654770,23.92701187,1.06596456
7657,26.26329041,23.95037465,1.08315677
7658,24.10426712,23.95191358,1.08242251
7659,24.25063896,23.95490083,1.06174704
7660,25.87950134,23.97414684,1.06684495
7661,25.89505005,23.99335587,1.06598341
7662,24.24725342,23.99589485,1.06353299
7663,23.42640305,23.99019993,1.06633266
7664,23.17173195,23.98201525,1.06764382
7665,24.79805946,23.99017569,1.06703414
7666,24.09074974,23.99118143,1.05410033
7667,23.70028305,23.98827245,1.00268848
7668,24.95667458,23.99795647,1.01445560
7669,22.35924721,23.98156938,1.00750489
7670,20.84539413,23.95020762,1.00791816
7671,24.69728470,23.95767839,0.99339549
7672,23.72318840,23.95533349,0.98875322
7673,25.11857033,23.96696586,0.98072822
7674,24.97741127,23.97707032,0.97973818
7675,24.44231415,23.98172275,0.98030168
7676,23.16708374,23.97357636,0.98024766
7677,25.88103867,23.99265099,0.98005946
7678,25.03902817,24.00311476,0.98241657
7679,23.82601738,24.00134379,0.98187256
7680,24.61128616,24.00744321,0.98502518
7681,24.09876442,24.00835642,0.98778636
7682,24.73872566,24.01566011,0.99222927
7683,24.71137619,24.02261727,0.95520187
7684,24.57681656,24.02815927,0.97137877
7685,24.84612465,24.03633892,0.97354803
7686,23.59628677,24.03193840,0.94923644
7687,24.47109795,24.03633000,0.95507866
7688,24.83211899,24.04428788,0.96613766
7689,24.45508575,24.04839586,0.96072722
7690,25.76284599,24.06554036,0.96198547
7691,24.75926971,24.07247766,0.96328235
7692,23.15060043,24.06325889,0.96218053
7693,25.55267715,24.07815307,0.97805700
7694,24.87423706,24.08611391,0.99836505
7695,25.79797363,24.10323251,1.00637010
7696,24.05178833,24.10271806,1.01647634
7697,24.36332130,24.10532410,1.02410522
7698,24.92479134,24.11351877,1.01644327
7699,23.89450455,24.11132863,1.01949727
7700,23.38599014,24.10407524,1.01944517
7701,23.56056786,24.09864017,1.01998787
7702,21.73381615,24.07499193,1.02040643
7703,24.75094414,24.08175145,1.01623723
7704,24.13017464,24.08223568,1.01421781
7705,24.87255096,24.09013883,1.01402764
7706,25.79139900,24.10715144,1.01429360
7707,22.38169861,24.08989691,1.01016827
7708,24.03750420,24.08937298,0.99158674
7709,25.58747482,24.10435400,0.99686844
7710,25.69036484,24.12021411,1.01370082
7711,24.04446030,24.11945657,1.07405694
7712,25.94400597,24.13770206,1.08610569
7713,25.39525604,24.15027760,1.09016350
7714,24.01682854,24.14894311,1.09037196
7715,24.35630226,24.15101670,1.08678729
7716,24.78432083,24.15734975,1.10218200
7717,24.95636940,24.16533994,1.11155721
7718,22.98750496,24.15356159,1.11126255
7719,24.52329254,24.15725890,1.10919086
7720,24.90700150,24.16475633,1.09817316
7721,25.62336349,24.17934240,1.04665870
7722,23.91944122,24.17674339,1.04730331
7723,24.44106483,24.17938660,1.04633418
7724,24.54500008,24.18304274,1.04549560
7725,24.09486961,24.18216101,1.06698831
7726,24.59817505,24.18632115,1.06691177
7727,24.96565437,24.19411448,1.06130761
7728,25.52918434,24.20746518,1.06575106
7729,25.24741173,24.21786464,1.07641719
7730,23.84734726,24.21415947,1.09012499
7731,23.89913368,24.21100921,1.09043533
7732,25.64545441,24.22535366,1.10064106
7733,22.69445038,24.21004463,1.10100448
7734,22.88694572,24.19681364,1.10130739
7735,25.39166451,24.20876215,1.10548242
7736,25.04970932,24.21717162,1.11450450
7737,23.43407822,24.20934069,1.11908865
7738,23.09231949,24.19817048,1.12666731
7739,24.68328094,24.20302158,1.12928446
7740,23.91201210,24.20011149,1.13099114
7741,25.55606842,24.21367105,1.12161309
7742,25.78038597,24.22933820,1.12137376
7743,26.42813683,24.25132619,1.12032990
7744,22.47476578,24.23356059,1.11369319
7745,23.32235146,24.22444849,1.11190951
7746,23.06723022,24.21287631,1.10179145
7747,25.99158478,24.23066340,1.10195572
7748,25.28157997,24.24117256,1.10592681
7749,25.42194557,24.25298029,1.11869316
7750,24.42404747,24.25469096,1.11906533
7751,25.20325470,24.26417660,1.12160997
7752,23.97263145,24.26126115,1.12091318
7753,24.89159584,24.26756450,1.10588794
7754,24.59753418,24.27086419,1.11111277
7755,25.70794296,24.28523498,1.11508736
7756,24.93138123,24.29169644,1.11617219
7757,24.91739845,24.29795346,1.10537945
7758,24.35647011,24.29853863,1.09024922
7759,23.58203125,24.29137356,1.09012531
7760,26.50502777,24.31351010,1.09159231
7761,20.69962883,24.27737129,1.09821390
7762,22.24010468,24.25699862,1.09810313
7763,23.55936241,24.25002226,1.08452313
7764,25.36720848,24.26119412,1.08628294
7765,25.16690063,24.27025119,1.08654529
7766,22.60234070,24.25357208,1.08652446
7767,23.03734398,24.24140980,1.08500611
7768,24.01725960,24.23916830,1.08272503
7769,24.70404053,24.24381702,1.07762942
7770,23.46569252,24.23603577,1.09614522
7771,24.06340027,24.23430942,1.09649372
7772,23.90943718,24.23106070,1.09464340
7773,24.72846413,24.23603473,1.09439719
7774,25.29057121,24.24658010,1.09405089
7775,26.81273651,24.27224166,1.09387971
7776,24.44644547,24.27398370,1.09855069
7777,24.61872292,24.27743109,1.10723811
7778,22.66041756,24.26126096,1.10732950
7779,22.78752327,24.24652358,1.09917288
7780,22.68356133,24.23089396,1.09395957
7781,24.92318344,24.23781685,1.09351097
7782,22.93544960,24.22479318,1.09571938
7783,25.02971649,24.23284241,1.08593081
7784,24.99545670,24.24046855,1.07994570
7785,25.49000168,24.25296389,1.07451397
7786,22.90554237,24.23948967,1.06781079
7787,23.22839737,24.22937875,1.07955745
7788,23.06890869,24.21777405,1.07772521
7789,25.39214706,24.22951778,1.08357818
7790,23.73665810,24.22458918,1.08477865
7791,24.85326767,24.23087596,1.08576825
7792,23.90895462,24.22765675,1.08082489
7793,25.35975456,24.23897773,1.08093996
7794,23.92864037,24.23587436,1.07145667
7795,24.45313835,24.23804700,1.06408120
7796,23.97811890,24.23544771,1.06094007
7797,24.63575935,24.23945083,1.06120482
7798,23.40996552,24.23115598,1.04663787
7799,22.49177933,24.21376221,1.04243739
7800,23.88029289,24.21042752,1.03659710
7801,25.45042419,24.22282749,1.04606542
7802,23.81486511,24.21874786,1.04200775
7803,26.03898811,24.23695026,1.05329893
7804,23.17691040,24.22634987,1.05440591
7805,23.40605164,24.21814688,1.05465859
7806,25.17716789,24.22773709,1.05694458
7807,24.40322685,24.22949199,1.05728340
7808,24.51327133,24.23232978,1.05506161
7809,24.47549820,24.23476147,1.07009648
7810,22.88068008,24.22122065,1.07307800
7811,22.39494514,24.20295790,1.04989351
7812,24.29285049,24.20385683,0.99020993
7813,24.18649101,24.20368317,0.97132111
7814,22.89782906,24.19062463,0.96931612
7815,23.93230629,24.18804144,0.96426732
7816,24.38096428,24.18997067,0.96145188
7817,24.08974648,24.18896843,0.95051188
7818,23.91835976,24.18626234,0.94329466
7819,23.65359879,24.18093571,0.95792296
7820,22.12881470,24.16041450,0.96408872
7821,24.96116638,24.16842202,0.96643023
7822,22.83934593,24.15513125,0.96663046
7823,24.15968132,24.15517676,0.96660677
7824,24.19708443,24.15559583,0.96765690
7825,23.78827286,24.15192260,0.96171296
7826,23.08764839,24.14127986,0.93147819
7827,25.58185005,24.15568556,0.93669061
7828,24.94779778,24.16360668,0.93586047
7829,24.28777122,24.16484833,0.92390067
7830,24.04432487,24.16364310,0.91629418
7831,24.09679413,24.16297461,0.90719221
7832,23.35699081,24.15491477,0.91757733
7833,24.28940773,24.15625970,0.93135049
7834,23.18996620,24.14659676,0.93155194
7835,23.46216774,24.13975247,0.92778351
7836,24.39120483,24.14226700,0.93778225
7837,25.92859077,24.16013023,0.93291811
7838,24.46755409,24.16320447,0.92937381
7839,22.55106544,24.14708308,0.95703380
7840,24.84191895,24.15403144,0.96379128
7841,24.64044952,24.15889562,0.96717261
7842,25.03976440,24.16770431,0.96690501
7843,25.74234962,24.18345076,0.96772300
7844,25.85146904,24.20013094,0.96795126
7845,22.98383904,24.18796803,0.96834611
7846,23.88613701,24.18494972,0.96800692
7847,25.31191635,24.19621938,0.96908608
7848,23.85891533,24.19284634,1.00301770
7849,24.68766785,24.19779456,1.00609399
7850,23.62897110,24.19210632,1.00332357
7851,25.58107376,24.20599600,1.00382051
7852,24.51069832,24.20904302,0.99509797
7853,25.74417496,24.22439434,0.99495329
7854,25.01576042,24.23230800,0.98310677
7855,24.63110352,24.23629596,0.99143831
7856,22.54094887,24.21934248,0.98943116
7857,23.37835312,24.21093259,0.98387592
7858,24.26356316,24.21145890,0.98350101
7859,25.95379066,24.22888221,0.98244621
7860,25.21176529,24.23871104,0.98575602
7861,23.82606697,24.23458460,0.97925131
7862,23.90945435,24.23133330,0.96900879
7863,24.64181519,24.23543812,0.96866088
7864,23.97269058,24.23281064,0.97446436
7865,23.66012955,24.22708383,0.98212494
7866,24.76362419,24.23244924,0.99005789
7867,24.94266319,24.23955138,0.99287056
7868,24.46596909,24.24181555,0.99382233
7869,22.52804184,24.22467782,0.99603085
7870,22.99405289,24.21237157,0.99673493
7871,23.16905403,24.20193839,0.98817732
7872,23.92470360,24.19916604,0.99363950
7873,24.45199966,24.20169438,0.99169662
7874,24.87032127,24.20838065,0.99331275
7875,24.14867592,24.20778360,0.99417656
7876,23.16225243,24.19732829,0.99615203
7877,23.08315659,24.18618657,0.99734191
7878,24.26313591,24.18695607,0.98661432
7879,24.36747932,24.18876130,0.98575510
7880,23.39064980,24.18078018,0.98607711
7881,23.38150597,24.17278744,0.98801569
7882,22.51216507,24.15618122,0.98824734
7883,22.04486465,24.13506805,0.98695703
7884,24.96137238,24.14333110,1.00911480
7885,24.14569283,24.14335471,1.01271598
7886,22.08728027,24.12279397,1.01101004
7887,23.25269699,24.11409300,1.01274812
7888,24.33863068,24.11633838,0.99729636
7889,26.57464981,24.14092149,0.99842433
7890,22.33591652,24.12287144,1.00898245
7891,23.10870552,24.11272978,1.00679825
7892,24.70442772,24.11864676,1.00864269
7893,24.46793938,24.12213969,1.00401047
7894,25.27251434,24.13364343,0.99103891
7895,24.38195992,24.13612660,0.98052103
7896,23.85112953,24.13327663,0.97458680
7897,24.52350998,24.13717896,0.97457276
7898,21.34839249,24.10929110,0.97742552
7899,22.91784096,24.09737659,0.97885914
7900,22.54757309,24.08187856,0.98054536
7901,23.57148552,24.07677463,0.98222944
7902,23.60451698,24.07205205,0.97492942
7903,24.12104416,24.07254197,0.98381141
7904,22.68343735,24.05865093,0.98168989
7905,22.30712318,24.04113565,0.99876662
7906,23.86332512,24.03935754,0.99765031
7907,24.26998711,24.04166384,0.99581071
7908,24.08885002,24.04213570,1.00203910
7909,23.75802612,24.03929461,1.00205124
7910,22.91086197,24.02801028,0.99015579
7911,23.96623802,24.02739256,0.98902165
7912,23.04690933,24.01758773,0.99323168
7913,23.75321770,24.01494403,0.99616382
7914,24.92305565,24.02402514,0.99462572
7915,25.54796791,24.03926457,0.99463488
7916,25.17125893,24.05058451,0.99530061
7917,23.07998085,24.04087848,0.99452263
7918,24.33899117,24.04385960,0.99472899
7919,24.58981323,24.04931914,1.00871192
7920,23.36374283,24.04246338,1.00124307
7921,25.32917595,24.05533050,0.99623909
7922,22.54159927,24.04019319,0.99371782
7923,24.96094894,24.04940075,0.99370772
7924,23.35534859,24.04246023,0.99284224
7925,23.47907257,24.03682635,0.98945941
7926,24.60936928,24.04255178,0.99023150
7927,25.02971649,24.05242343,0.98658454
7928,23.53897858,24.04728898,0.99704648
7929,24.73648834,24.05418097,1.00978916
7930,24.29169846,24.05655615,1.01591059
7931,24.58073235,24.06179791,1.02206658
7932,24.18158722,24.06299580,1.02955697
7933,24.46567345,24.06702258,1.01819968
7934,26.13496208,24.08770197,0.99877364
7935,25.28625870,24.09968754,0.99911506
7936,23.82323265,24.09692299,1.00209628
7937,23.37764359,24.08973020,0.98326566
7938,23.55587196,24.08439161,0.98836737
7939,24.62483406,24.08979604,0.98801607
7940,21.88227463,24.06772082,0.97558318
7941,24.37119865,24.07075560,0.96004217
7942,23.13584328,24.06140648,0.95630341
7943,23.89072990,24.05969971,0.96850952
7944,24.37303162,24.06283303,0.97109446
7945,24.97476006,24.07195230,0.96919273
7946,24.01116562,24.07134444,0.96900480
7947,23.77723503,24.06840334,0.97278250
7948,25.40826035,24.08180191,0.98929955
7949,24.55650139,24.08654891,0.96017684
7950,24.81863022,24.09386972,0.96567940
7951,23.24364281,24.08536745,0.95274660
7952,24.85459328,24.09305971,0.95143924
7953,25.38694572,24.10599857,0.95090121
7954,22.47097778,24.08964836,0.95472083
7955,21.85118294,24.06726371,0.97434684
7956,23.59744835,24.06256555,0.96251801
7957,22.49670601,24.04690696,0.96210505
7958,25.20704269,24.05850832,0.97736943
7959,23.69391060,24.05486234,0.98468936
7960,22.78272247,24.04214094,1.00216148
7961,24.92143440,24.05093387,0.99765215
7962,22.90757942,24.03950033,0.99745877
7963,23.05716515,24.02967698,0.99294272
7964,24.07100868,24.03009029,0.99438065
7965,23.75321388,24.02732153,0.99729723
7966,24.35382080,24.03058652,0.99131919
7967,24.44849586,24.03476562,0.99733823
7968,24.76803589,24.04209832,0.99490670
7969,22.08246040,24.02250194,0.99846175
7970,24.67029953,24.02897992,1.00890133
7971,24.08300972,24.02952021,1.00823878
7972,24.34317398,24.03265675,1.01815614
7973,23.76528931,24.02998308,1.00958204
7974,23.82237816,24.02790703,1.01709534
7975,23.99917603,24.02761972,1.01339404
7976,24.26410675,24.02998459,1.01080496
7977,23.71822929,24.02686704,1.01894386
7978,25.62017441,24.04280011,1.02091616
7979,25.54500389,24.05782215,1.01888210
7980,25.10486221,24.06829255,1.01834039
7981,25.28841782,24.08049380,1.02035970
7982,22.53930855,24.06508195,1.02170532
7983,23.76712608,24.06210239,1.02175280
7984,24.26623535,24.06414372,1.02297970
7985,24.92883682,24.07279065,1.00840270
7986,24.79360008,24.07999874,1.00389397
7987,24.43988991,24.08359766,1.00398560
7988,22.72952652,24.07005694,1.00088788
7989,24.05660629,24.06992244,1.00109625
7990,25.96270943,24.08885031,1.00063835
7991,23.98096657,24.08777147,0.97271573
7992,24.54532242,24.09234698,0.97507538
7993,25.74749184,24.10889843,0.97015630
7994,24.90390778,24.11684852,0.97031619
7995,25.08911133,24.12657115,0.97039921
7996,23.94793701,24.12478481,0.96858496
7997,25.03277588,24.13386472,0.96907165
7998,26.00882721,24.15261434,0.96877998
7999,25.64911842,24.16757939,0.96542745
8000,22.59621811,24.15186577,1.04464541
8001,24.01837921,24.15053091,1.04837051
8002,23.93771362,24.14840273,1.04370615
8003,24.66571045,24.15357581,1.05184106
8004,25.10559082,24.16309596,1.04711961
8005,21.78335190,24.13929852,1.03159023
8006,25.25567818,24.15046232,1.00333168
8007,24.28893661,24.15184706,1.00312521
8008,26.02152443,24.17054383,0.98720916
8009,25.52427864,24.18408118,0.99182860
8010,26.27747726,24.20501514,0.99400533
8011,23.50704575,24.19803545,0.98399167
8012,24.25094604,24.19856455,0.98259233
8013,23.73655701,24.19394448,0.97294080
8014,25.07579994,24.20276303,0.96743838
8015,23.31539536,24.19388936,0.97665446
8016,23.54994583,24.18744992,0.99679305
8017,25.81967926,24.20377222,1.01608153
8018,25.25019646,24.21423646,1.01714085
8019,25.25288200,24.22462291,1.01700209
8020,25.92259216,24.24160261,0.99389628
8021,25.24300194,24.25161660,0.99460528
8022,26.25917244,24.27169216,0.99731020
8023,23.39131546,24.26288839,0.99861469
8024,23.03239632,24.25058347,1.00233899
8025,24.28065300,24.25088416,1.00560569
8026,24.22214317,24.25059676,1.00554079
8027,25.81962395,24.26628703,1.01828918
8028,25.48848343,24.27850899,1.01793098
8029,24.85999489,24.28432385,1.00989474
8030,24.20483780,24.28352899,1.00678625
8031,23.85583496,24.27925205,1.00456691
8032,25.11321068,24.28759164,1.00211733
8033,24.65738487,24.29128957,0.99271578
8034,25.05679321,24.29894460,0.99642564
8035,25.11461067,24.30710126,1.00193933
8036,24.31946182,24.30722487,1.00023575
8037,25.02357101,24.31438833,1.09055247
8038,24.04445839,24.31168903,1.10542405
8039,23.74982452,24.30607039,1.09620539
8040,24.42393684,24.30724905,1.09644186
8041,25.04981804,24.31467474,1.08876550
8042,23.86439133,24.31017191,1.09083924
8043,25.19546318,24.31902482,1.09090759
8044,25.04438972,24.32627847,1.08757772
8045,24.72850227,24.33030071,1.09502986
8046,24.83568573,24.33535456,1.09211098
8047,25.05063629,24.34250738,1.09228065
8048,24.10276604,24.34010996,1.09162879
8049,25.30186272,24.34972749,1.07926455
8050,20.53638840,24.31159410,1.07277023
8051,23.49198914,24.30339805,1.05967923
8052,24.16712761,24.30203534,1.06412342
8053,23.06596375,24.28967463,1.07722244
8054,24.92180061,24.29599589,1.08029814
8055,24.32688904,24.29630482,1.09094204
8056,24.84707451,24.30181252,1.06402844
8057,23.86308479,24.29742524,1.08694816
8058,24.59394646,24.30039045,1.08734592
8059,23.20260620,24.28941261,1.07272501
8060,25.42334175,24.30075190,1.06570489
8061,25.09008217,24.30864520,1.05929649
8062,24.25022125,24.30806096,1.06071197
8063,24.74716568,24.31245201,1.06071996
8064,23.89576149,24.30828511,1.05947667
8065,23.20050812,24.29720734,1.05674897
8066,22.46105576,24.27884582,1.05343156
8067,22.51536369,24.26121100,1.05998343
8068,24.99837303,24.26858262,1.04922783
8069,24.97198868,24.27561668,1.04785055
8070,24.28316307,24.27569214,1.04586076
8071,25.07702827,24.28370550,1.03335798
8072,25.31303596,24.29399881,1.04734284
8073,24.03215027,24.29138032,1.02842840
8074,23.52553749,24.28372190,1.02757690
8075,23.59219170,24.27680659,1.02033681
8076,24.77828789,24.28182141,1.02538210
8077,26.17243576,24.30072755,1.02651494
8078,25.09133911,24.30863367,1.01574195
8079,24.31742859,24.30872161,1.01065175
8080,23.60395622,24.30167396,1.01957362
8081,24.97939110,24.30845113,1.02579242
8082,25.22400093,24.31760663,1.02693273
8083,23.44523048,24.30888287,1.02742958
8084,23.52377319,24.30103177,1.03052219
8085,25.60931015,24.31411456,1.02973283
8086,24.73869514,24.31836036,1.02706097
8087,20.09726715,24.27614943,1.04064338
8088,22.61747169,24.25956265,1.04029366
8089,23.92927170,24.25625974,1.04050090
8090,24.13619804,24.25505913,1.03903607
8091,25.53264999,24.26783503,1.04128611
8092,25.19177628,24.27707445,1.03942741
8093,24.16188240,24.27592253,1.03934294
8094,25.65104103,24.28967371,1.03684531
8095,23.02027702,24.27697974,1.04083619
8096,24.53221893,24.27953214,1.04029309
8097,24.82121277,24.28494894,1.04018274
8098,25.08775330,24.29297699,1.04411840
8099,24.89717674,24.29901898,1.04673547
8100,23.79111290,24.29393992,1.04319251
8101,24.61019707,24.29710249,0.97445229
8102,23.41371727,24.28826864,0.97161411
8103,22.68348122,24.27222077,0.97157527
8104,23.46912575,24.26418982,0.96654689
8105,22.59626389,24.24751056,0.96650934
8106,24.74741364,24.25250959,0.96676730
8107,21.87261200,24.22871061,0.96556312
8108,23.99928665,24.22641637,0.96821742
8109,24.22961807,24.22644839,0.96857277
8110,24.66531754,24.23083708,0.96290165
8111,25.94707298,24.24799944,0.96252560
8112,25.23163033,24.25783575,0.96438198
8113,24.27462387,24.25800363,0.96467967
8114,24.27322006,24.25815580,0.96705336
8115,24.60032463,24.26157748,0.97588146
8116,24.75766754,24.26653838,0.98865163
8117,22.94421005,24.25331510,0.97713303
8118,24.68197060,24.25760166,0.96082530
8119,25.14091492,24.26643479,0.96412828
8120,25.05662537,24.27433669,0.96214604
8121,24.56651497,24.27725848,0.96481386
8122,22.30773354,24.25756323,0.96266583
8123,24.21574211,24.25714502,0.95773578
8124,25.01479530,24.26472152,0.95751689
8125,24.20214844,24.26409579,0.96529708
8126,25.31390381,24.27459387,0.96322993
8127,24.79327583,24.27978069,0.96284088
8128,24.65351486,24.28351803,0.95098857
8129,24.92725372,24.28995539,0.94955998
8130,25.78450394,24.30490087,0.95379908
8131,25.48128700,24.31666473,0.96430506
8132,25.03227425,24.32382083,0.96202737
8133,23.49830246,24.31556565,0.96690432
8134,25.22403717,24.32465036,0.96356457
8135,23.73550987,24.31875896,0.96812160
8136,24.05755234,24.31614689,0.96009800
8137,22.61536980,24.29913912,0.96425853
8138,24.96174431,24.30576517,0.88258345
8139,24.63834000,24.30909092,0.87606145
8140,24.35735321,24.30957354,0.87799947
8141,23.60441399,24.30252195,0.88164790
8142,24.69912148,24.30648794,0.87525373
8143,24.72845078,24.31070757,0.87131822
8144,24.81113243,24.31571182,0.87169441
8145,25.49030876,24.32745779,0.86460113
8146,24.10911560,24.32527437,0.85573271
8147,24.80693626,24.33009098,0.85656214
8148,25.49382591,24.34172833,0.85958377
8149,23.55102158,24.33382127,0.85635325
8150,24.74819756,24.33796503,0.85471294
8151,23.80935669,24.33267895,0.85400995
8152,24.74371529,24.33678931,0.85776389
8153,24.51780701,24.33859949,0.85625318
8154,25.18557167,24.34706921,0.84315023
8155,23.82362747,24.34183479,0.87010576
8156,24.61566544,24.34457310,0.85449762
8157,24.51338768,24.34626124,0.85345905
8158,23.51649094,24.33796354,0.82994843
8159,24.74794388,24.34206334,0.88817670
8160,24.82300758,24.34687279,0.89896659
8161,25.44559288,24.35785999,0.89950037
8162,23.44786835,24.34876007,0.88958700
8163,24.12565041,24.34652897,0.88391348
8164,25.18141556,24.35487784,0.88904225
8165,22.98730087,24.34120207,0.91418112
8166,22.40083122,24.32179836,0.93425615
8167,23.28109360,24.31139131,0.93888034
8168,24.35730362,24.31185044,0.93258765
8169,23.28589058,24.30159084,0.93132608
8170,24.57554817,24.30433041,0.92812206
8171,25.06475067,24.31193461,0.92774455
8172,23.93179131,24.30813318,0.94310384
8173,24.10962677,24.30614812,0.92585684
8174,24.13957977,24.30448243,0.92604540
8175,22.85018921,24.28993950,0.92192018
8176,24.58877373,24.29292784,0.92336331
8177,24.70711708,24.29706974,0.93964066
8178,25.40127563,24.30811180,0.93897670
8179,23.72167206,24.30224740,0.93953892
8180,25.21229744,24.31134790,0.97899547
8181,22.70614624,24.29529588,0.96406140
8182,24.13848305,24.29372775,0.95376707
8183,22.90542603,24.27984474,0.95368379
8184,24.45125389,24.28155883,0.95706752
8185,25.48781013,24.29362134,0.95007121
8186,24.66729355,24.29735806,0.95052485
8187,25.29215813,24.30730606,0.95171629
8188,22.79511642,24.29218417,0.96826058
8189,25.61581039,24.30542043,0.96446742
8190,25.06012917,24.31296752,0.96317927
8191,25.20745850,24.32191243,0.96340742
8192,23.80350113,24.31672831,0.96538870
8193,24.09841537,24.31454518,0.96503240
8194,24.05000877,24.31189982,0.96366307
8195,23.59355164,24.30471634,0.96519804
8196,24.64006233,24.30806980,0.96189253
8197,24.78294182,24.31281852,0.96604096
8198,23.44418335,24.30413217,0.96361458
8199,24.53833008,24.30647415,0.95262759
8200,24.56687355,24.30907814,0.95512104
8201,24.70964050,24.31308376,0.95543711
8202,23.45787048,24.30453163,0.95594291
8203,23.58604240,24.29734674,0.95614540
8204,23.74021721,24.29177544,0.96454568
8205,21.97486115,24.26860630,0.95977206
8206,24.51586914,24.27107893,0.96724963
8207,24.50657845,24.27343392,0.96703092
8208,22.99170876,24.26061667,0.96681678
8209,21.05720329,24.22858254,0.97278337
8210,22.81402779,24.21443699,1.00732891
8211,23.64379311,24.20873055,1.08951778
8212,23.05778503,24.19722110,1.08288896
8213,24.34441566,24.19869304,1.08375525
8214,23.16357040,24.18834182,1.10719163
8215,21.94474411,24.16590584,1.10145894
8216,22.05680656,24.14481485,1.10625206
8217,22.89029884,24.13226969,1.10201577
8218,24.47744370,24.13572143,1.10410626
8219,24.25539589,24.13691817,1.11347595
8220,24.64437675,24.14199276,1.11170719
8221,24.89177704,24.14949060,1.12750392
8222,22.24208260,24.13041652,1.13805899
8223,23.80475616,24.12715992,1.15037830
8224,24.20721626,24.12796048,1.15535352
8225,23.91037560,24.12578463,1.15947653
8226,23.45558739,24.11908266,1.15945063
8227,21.81670570,24.09605889,1.15844326
8228,23.30938721,24.08819217,1.17556841
8229,24.55146599,24.09282491,1.16865234
8230,20.96552849,24.06155195,1.17127788
8231,23.82750511,24.05921148,1.18920197
8232,23.76945496,24.05631391,1.18223274
8233,24.76347923,24.06338557,1.19388107
8234,22.81038094,24.05085552,1.19745967
8235,23.87195778,24.04906654,1.20335143
8236,23.34144211,24.04199030,1.20094508
8237,24.25369072,24.04410730,1.20902898
8238,21.46608543,24.01832708,1.21668319
8239,24.10445023,24.01918831,1.21145784
8240,24.08850098,24.01988144,1.20720567
8241,23.33023643,24.01298499,1.20382587
8242,22.96814346,24.00253658,1.19988375
8243,24.34602928,24.00597150,1.21418160
8244,24.20443726,24.00795616,1.21728559
8245,24.68066597,24.01468326,1.21793089
8246,24.94660759,24.02400250,1.21681025
8247,22.80659294,24.01182841,1.21816046
8248,24.08415794,24.01255170,1.21735492
8249,23.87698936,24.01119608,1.21525234
8250,24.53367615,24.01642088,1.21478348
8251,24.47232819,24.02097995,1.21476022
8252,24.09356308,24.02170578,1.23830885
8253,24.45998001,24.02608853,1.23715626
8254,22.32690811,24.00909672,1.23621592
8255,24.34045792,24.01241033,1.23604930
8256,24.92290306,24.02151526,1.21633138
8257,24.25724602,24.02387257,1.21597724
8258,24.14665794,24.02510042,1.21565759
8259,24.92537498,24.03410317,1.20998805
8260,20.96298981,24.00339203,1.17039828
8261,19.34519577,23.95681007,1.18547740
8262,22.68945312,23.94413650,1.18434070
8263,24.21089363,23.94680407,1.18025575
8264,25.86560059,23.96599204,1.18030417
8265,24.00112534,23.96634337,1.19957070
8266,25.03608131,23.97704075,1.18640635
8267,24.88620377,23.98613238,1.16968038
8268,24.65680122,23.99283907,1.18063370
8269,25.18900871,24.00480077,1.18994987
8270,24.05735970,24.00532635,1.19129202
8271,25.70878792,24.02236097,1.19072085
8272,25.62788582,24.03841622,1.19150062
8273,25.48522186,24.05288428,1.17813914
8274,22.70556068,24.03941104,1.17745955
8275,24.77586937,24.04677562,1.18700430
8276,25.01215744,24.05642944,1.18927716
8277,23.61123466,24.05197749,1.18767383
8278,25.95043564,24.07096207,1.16488662
8279,24.16816139,24.07193407,1.17015152
8280,24.71698189,24.07838455,1.16988352
8281,26.23500252,24.09995073,1.12548468
8282,24.42184448,24.10316966,1.12482758
8283,25.61021996,24.11824017,1.12455038
8284,22.40890312,24.10114680,1.13636141
8285,25.18406677,24.11197600,1.13200075
8286,25.08102036,24.12166644,1.13123481
8287,25.47224808,24.13517226,1.13765683
8288,25.77803230,24.15160086,1.13795154
8289,24.75983810,24.15768323,1.10417457
8290,22.96377182,24.14574411,1.11296308
8291,23.93585587,24.14364523,1.11700171
8292,24.37104607,24.14591924,1.11292674
8293,25.90209961,24.16348104,1.10744997
8294,24.90126419,24.17085888,1.11185936
8295,23.60695839,24.16521987,1.11247277
8296,23.79969978,24.16156467,1.11273819
8297,24.77293205,24.16767834,1.11188047
8298,24.44705963,24.17047216,1.10348994
8299,24.12534332,24.17002087,1.10352949
8300,24.17067528,24.17002741,1.10278723
8301,24.42299461,24.17255708,1.10580353
8302,26.54304123,24.19626193,1.10574576
8303,23.57714844,24.19007079,1.10548597
8304,24.44543457,24.19262443,1.11417492
8305,24.50197220,24.19571791,1.09642273
8306,24.07070351,24.19446776,1.09764814
8307,24.24130630,24.19493615,1.10015985
8308,23.98340797,24.19282087,1.10149756
8309,23.91943550,24.19008701,1.10263565
8310,24.60788345,24.19426498,1.10131650
8311,21.79885864,24.17031091,1.04979244
8312,24.18567276,24.17046453,0.92634247
8313,23.63532448,24.16511313,0.91397616
8314,23.92040634,24.16266606,0.91674873
8315,21.73047638,24.13834417,0.90480630
8316,25.39204788,24.15088120,0.91319085
8317,24.76712036,24.15704360,0.91071563
8318,26.25932121,24.17806637,0.91011929
8319,25.76647568,24.19395046,0.91118701
8320,24.83112526,24.20032221,0.96208736
8321,24.50382423,24.20335723,0.96227955
8322,25.08041382,24.21212780,1.00313883
8323,25.10697365,24.22107626,0.99625529
8324,24.21790695,24.22104456,0.99885630
8325,25.84680557,24.23730217,1.01531307
8326,25.16762733,24.24660543,1.07399562
8327,24.86371994,24.25277657,1.08596846
8328,25.09325600,24.26118137,1.08588594
8329,25.91757774,24.27774533,1.07277598
8330,24.35217667,24.27848964,1.07279566
8331,23.73594666,24.27306421,1.07178855
8332,24.70304298,24.27736400,1.05712802
8333,24.05566597,24.27514702,1.05714854
8334,26.22609711,24.29465652,1.07615276
8335,25.63886833,24.30809864,1.06244591
8336,24.46056747,24.30962333,1.07490174
8337,26.14814186,24.32800851,1.08115386
8338,24.33802032,24.32810863,1.07467690
8339,23.96179390,24.32444548,1.08187357
8340,23.18884277,24.31308946,1.08065337
8341,23.61257553,24.30608432,1.07471958
8342,24.45771408,24.30760061,1.07444881
8343,25.35869789,24.31811159,1.07435436
8344,25.63995552,24.33133003,1.08998565
8345,25.05170822,24.33853381,1.08864972
8346,24.23439407,24.33749241,1.08731160
8347,24.22218895,24.33633938,1.08706463
8348,23.99538612,24.33292984,1.08558961
8349,24.91903687,24.33879091,1.10197670
8350,24.87630272,24.34416603,1.10550111
8351,23.81675720,24.33889194,1.10574870
8352,24.58101082,24.34131313,1.10635588
8353,24.69599342,24.34485994,1.08196894
8354,23.24178505,24.33382919,1.10337082
8355,24.76704979,24.33816139,1.10324780
8356,24.13488770,24.33612866,1.10448108
8357,25.61491394,24.34891651,1.10529089
8358,24.11314392,24.34655878,1.11009440
8359,24.11978531,24.34429105,1.11534410
8360,24.86802673,24.34952840,1.11484507
8361,24.31900597,24.34922318,1.11435250
8362,25.08463478,24.35657730,1.10873074
8363,25.44210434,24.36743257,1.11681524
8364,24.04511261,24.36420937,1.12663451
8365,24.98151779,24.37038245,1.13535466
8366,23.46193886,24.36129802,1.11066175
8367,24.74490929,24.36513413,1.11077898
8368,25.15408325,24.37302362,1.12023399
8369,24.21768761,24.37147026,1.10295468
8370,21.48049545,24.34256051,1.09402664
8371,24.33405685,24.34247547,1.09280064
8372,21.45760155,24.31362674,1.09710487
8373,24.00808144,24.31057128,1.09429240
8374,23.17036247,24.29916919,1.09443679
8375,22.10277939,24.27720530,1.09771457
8376,20.89972115,24.24343045,1.08931101
8377,22.61452675,24.22714142,1.08564070
8378,23.79716682,24.22284167,1.08941609
8379,24.69882011,24.22760146,1.09740383
8380,24.47166634,24.23004211,1.08737287
8381,24.51821327,24.23292382,1.09937699
8382,23.44575882,24.22505217,1.09790332
8383,24.13593292,24.22416097,1.09772016
8384,21.84355927,24.20035496,1.11561767
8385,23.83067322,24.19665814,1.10313699
8386,26.22231293,24.21691469,1.09496389
8387,25.78407478,24.23258629,1.09492606
8388,23.98777199,24.23013815,1.10689431
8389,22.29312515,24.21076802,1.10799927
8390,24.08067513,24.20946709,1.10962132
8391,24.77368355,24.21510925,1.10894016
8392,24.15021896,24.21446035,1.10717529
8393,24.34712410,24.21578699,1.10910355
8394,21.73345184,24.19096363,1.11550981
8395,23.75049019,24.18655890,1.10743075
8396,24.40652275,24.18875854,1.10487599
8397,24.52953148,24.19216627,1.11279752
8398,24.11236000,24.19136821,1.12828993
8399,26.16108513,24.21106537,1.13184837
8400,23.34812737,24.20243599,1.13433534
8401,24.47565842,24.20516822,1.14534788
8402,24.67177391,24.20983428,1.14860687
8403,24.24748230,24.21021076,1.16155735
8404,26.52742767,24.23338293,1.16449867
8405,24.40756226,24.23512472,1.17394861
8406,24.87140274,24.24148750,1.17337102
8407,24.75310326,24.24660366,1.17414176
8408,25.35070419,24.25764466,1.16879976
8409,25.45928001,24.26966102,1.16847281
8410,24.25572014,24.26952161,1.18147534
8411,24.39999771,24.27082637,1.18367105
8412,22.15123940,24.24963050,1.18365922
8413,22.95885277,24.23672272,1.19335924
8414,22.67708969,24.22112639,1.18944531
8415,25.74413490,24.23635648,1.20025290
8416,25.12778282,24.24527074,1.19957466
8417,25.51060677,24.25792410,1.19600927
8418,25.92759705,24.27462083,1.19832219
8419,24.21424675,24.27401709,1.19866827
8420,24.83737755,24.27965069,1.19866725
8421,24.53827095,24.28223689,1.16654693
8422,23.34548378,24.27286936,1.17413033
8423,24.17583466,24.27189902,1.13945770
8424,23.45943260,24.26377435,1.14748470
8425,25.17251205,24.27286173,1.14837123
8426,23.52365875,24.26536970,1.12579769
8427,24.27460098,24.26546201,1.07292411
8428,25.38269043,24.27663430,1.06037072
8429,25.87282562,24.29259621,1.05925121
8430,24.95063400,24.29917659,1.06200143
8431,25.97365379,24.31592136,1.06427860
8432,24.43407440,24.31710289,1.06476209
8433,24.02452850,24.31417715,1.05960711
8434,22.30602074,24.29409558,1.05898140
8435,23.33112907,24.28446592,1.02768659
8436,24.22695541,24.28389081,1.02799915
8437,24.41025162,24.28515442,1.01422700
8438,21.73584747,24.25966135,1.00659772
8439,24.70197868,24.26408452,1.01108320
8440,23.51962090,24.25663989,0.99198384
8441,23.19655418,24.24603903,0.99142805
8442,24.13011742,24.24487981,0.99755450
8443,24.88269043,24.25125792,0.99679984
8444,25.83761978,24.26712154,0.99907105
8445,24.43077278,24.26875805,0.96330140
8446,24.38894081,24.26995988,0.96322480
8447,25.55511856,24.28281147,0.96311889
8448,26.13125610,24.30129591,0.96516264
8449,25.23545647,24.31063752,0.96413090
8450,25.26427269,24.32017387,0.95119561
8451,26.00739670,24.33704610,0.95240887
8452,25.36200333,24.34729567,0.95551887
8453,26.13362503,24.36515896,0.97021665
8454,25.29314804,24.37443885,0.96974120
8455,26.31452751,24.39383974,0.95117479
8456,24.48730469,24.39477439,0.95205127
8457,24.96029091,24.40042956,0.95908342
8458,24.90307045,24.40545597,0.95904406
8459,24.54976082,24.40689901,0.98367451
8460,22.66286087,24.38945863,0.98570543
8461,23.54928589,24.38105690,0.98586389
8462,24.38171387,24.38106347,0.98853088
8463,26.11002350,24.39835307,0.96249701
8464,24.05308342,24.39490038,0.95670571
8465,26.10270500,24.41197842,0.94279668
8466,24.05103874,24.40836903,0.94726017
8467,24.61046028,24.41038994,0.95022548
8468,25.28683472,24.41915439,0.94902979
8469,25.26410866,24.42760393,0.94981001
8470,24.69460869,24.43027398,0.94898942
8471,25.50052643,24.44097650,0.94886425
8472,23.17605400,24.42832728,0.95703271
8473,25.34816170,24.43752562,0.94896194
8474,26.01282501,24.45327862,0.95419833
8475,25.98110580,24.46855689,0.95511148
8476,25.25839996,24.47645532,0.95339996
8477,25.67689323,24.48845970,0.94763162
8478,25.63613892,24.49993649,0.94924448
8479,24.27407265,24.49767785,0.95112476
8480,25.57373047,24.50843838,0.95005560
8481,24.07611084,24.50411510,0.95369388
8482,25.10306549,24.51010461,0.95073507
8483,24.69590950,24.51196265,0.95601635
8484,24.86377335,24.51548076,0.95701271
8485,24.14486122,24.51177457,0.94426125
8486,25.55889130,24.52224573,0.93636425
8487,24.64829826,24.52350626,0.93593095
8488,24.96974373,24.52796863,0.93577589
8489,25.93774605,24.54206641,0.89984440
8490,25.95196152,24.55616536,0.92440894
8491,24.56731224,24.55627683,0.91985847
8492,23.74939346,24.54820799,0.91889903
8493,24.92954063,24.55202132,0.93813065
8494,24.17184448,24.54821955,0.94362403
8495,24.03515053,24.54308886,0.94574167
8496,25.68692780,24.55452725,0.95077343
8497,24.92535400,24.55823552,0.95129865
8498,25.56525421,24.56830571,0.96062024
8499,24.98315430,24.57245419,0.99707798
8500,24.84398079,24.57516946,0.99457974
8501,23.61851692,24.56560293,1.00796834
8502,24.13534927,24.56130040,1.00646871
8503,26.63299179,24.58201731,1.00623033
8504,25.07897949,24.58698693,0.99290705
8505,25.31975937,24.59431466,0.98951068
8506,24.49759674,24.59334748,0.97194128
8507,26.16162872,24.60903029,0.97371094
8508,24.85145950,24.61145458,0.97572115
8509,22.61085892,24.59144862,0.97701019
8510,23.82217216,24.58375586,0.97776155
8511,24.52353668,24.58315367,0.97212294
8512,25.65779877,24.59390012,0.97156817
8513,24.05272484,24.58848837,0.97187965
8514,23.69883537,24.57959184,0.95943848
8515,23.97408104,24.57353673,0.96607980
8516,26.42208862,24.59202225,0.95522962
8517,25.87808037,24.60488283,0.95415576
8518,24.17270279,24.60056103,0.95485060
8519,26.32643509,24.61781977,0.95573612
8520,24.92717552,24.62091333,0.95637941
8521,24.80532265,24.62275742,0.95670890
8522,23.68771172,24.61340696,0.95237669
8523,24.77956963,24.61506859,0.94455607
8524,23.84872437,24.60740515,0.94485672
8525,23.71895409,24.59852064,0.93648497
8526,24.92619896,24.60179742,0.93049466
8527,25.13125229,24.60709197,0.92841803
8528,24.29380608,24.60395911,0.93163263
8529,23.93335915,24.59725311,0.93294276
8530,23.69505501,24.58823113,0.94045509
8531,23.95151329,24.58186395,0.93824987
8532,26.02996063,24.59634492,0.93796308
8533,23.83922005,24.58877367,0.95272631
8534,25.58452797,24.59873121,0.95263642
8535,23.22239685,24.58496787,0.95276234
8536,24.66049957,24.58572318,0.95344483
8537,25.09895134,24.59085547,0.94814186
8538,24.94079208,24.59435483,0.94886978
8539,23.72380257,24.58564931,0.94878529
8540,22.74419212,24.56723474,0.94581109
8541,25.36738968,24.57523629,0.94417575
8542,23.58288574,24.56531278,0.95112000
8543,22.90899849,24.54874964,0.94780285
8544,23.75457954,24.54080794,0.94738065
8545,23.35177612,24.52891762,0.94719866
8546,23.78780746,24.52150652,0.94888815
8547,24.42486572,24.52054011,0.94221118
8548,23.04011345,24.50573584,0.94149662
8549,21.52719498,24.47595044,0.93725374
8550,24.37060547,24.47489699,0.93829868
8551,22.77791405,24.45792716,0.94184082
8552,23.11627388,24.44451062,0.93784142
8553,23.64129829,24.43647850,0.93777394
8554,24.91895294,24.44130324,0.91811869
8555,24.30629158,24.43995313,0.91672263
8556,24.50460815,24.44059968,0.91371728
8557,25.08695412,24.44706322,0.91549879
8558,25.31656456,24.45575824,0.90175512
8559,25.18914032,24.46309206,0.90130658
8560,24.11849594,24.45964610,0.88112350
8561,25.99512482,24.47500088,0.87874582
8562,25.44092178,24.48466009,0.87878279
8563,24.85955048,24.48840900,0.87758852
8564,25.00876617,24.49361257,0.87982226
8565,25.82849121,24.50696135,0.89325314
8566,25.25880051,24.51447975,0.89139669
8567,24.68934250,24.51622837,0.87671586
8568,25.00589371,24.52112503,0.86717072
8569,23.74224281,24.51333620,0.87213567
8570,25.43837929,24.52258663,0.85515814
8571,24.92493629,24.52661013,0.86115170
8572,24.94188881,24.53076292,0.86132344
8573,24.06258202,24.52608111,0.85693398
8574,23.74852562,24.51830555,0.85713726
8575,23.78231430,24.51094564,0.87271553
8576,25.57436562,24.52157984,0.86914907
8577,24.95763206,24.52594036,0.87421032
8578,25.96869850,24.54036795,0.88378595
8579,25.79745483,24.55293881,0.89077609
8580,25.85070801,24.56591651,0.89634748
8581,25.40204048,24.57427775,0.89253441
8582,24.20116425,24.57054661,0.89597808
8583,22.84348297,24.55327597,0.88352491
8584,24.53935242,24.55313674,0.90303378
8585,24.23913193,24.54999669,0.89671929
8586,24.03816605,24.54487838,0.89131759
8587,24.56999397,24.54512954,0.89441246
8588,24.95998192,24.54927806,0.90426628
8589,24.16577148,24.54544300,0.91549891
8590,25.72842789,24.55727285,0.93568064
8591,23.26881027,24.54438822,0.92406658
8592,25.70313454,24.55597568,0.91986757
8593,24.65345192,24.55695045,0.92671976
8594,24.32021904,24.55458313,0.92137426
8595,24.89788246,24.55801613,0.93878874
8596,23.79051399,24.55034110,0.93275768
8597,24.48493767,24.54968707,0.93873016
8598,24.47925186,24.54898272,0.94305413
8599,24.05667496,24.54405964,0.95054243
8600,25.14847374,24.55010378,0.90525233
8601,23.64122963,24.54101504,0.91138198
8602,24.22265053,24.53783139,0.92561663
8603,24.90461922,24.54149927,0.91737129
8604,23.68565941,24.53294087,0.91542101
8605,24.67125130,24.53432398,0.92223628
8606,24.71078873,24.53608863,0.92191596
8607,23.89510536,24.52967879,0.93448199
8608,24.11093521,24.52549136,0.93326820
8609,24.59337044,24.52617015,0.93065064
8610,24.49463654,24.52585481,0.94037440
8611,24.73354149,24.52793168,0.94934604
8612,24.39032173,24.52655558,0.93951754
8613,25.50123787,24.53630240,0.93998756
8614,25.28890991,24.54382848,0.94741195
8615,26.29907417,24.56138093,0.96276500
8616,24.63429642,24.56211009,0.97495397
8617,23.62282753,24.55271726,0.98747016
8618,24.25900841,24.54978018,0.99855491
8619,25.52089310,24.55949130,0.99796618
8620,24.13897896,24.55528618,0.99389528
8621,25.59023857,24.56563570,0.99184308
8622,24.80705452,24.56804989,0.99824268
8623,24.44181061,24.56678750,1.00269815
8624,24.23170853,24.56343671,1.00415821
8625,22.69556618,24.54475801,1.00058384
8626,24.26711845,24.54198161,0.99688697
8627,23.44847298,24.53104652,0.99873803
8628,22.99941635,24.51573022,1.00064363
8629,25.58582687,24.52643119,1.04623434
8630,25.63715363,24.53753841,1.06011580
8631,24.36392975,24.53580233,1.05611601
8632,23.49479485,24.52539225,1.05297109
8633,24.42245102,24.52436284,1.06156397
8634,22.43326187,24.50345183,1.05165104
8635,24.49489212,24.50336623,1.05304994
8636,25.24095345,24.51074210,1.05396602
8637,23.66254044,24.50226009,1.05546298
8638,22.92809677,24.48651845,1.05585619
8639,22.84993935,24.47015266,1.05636275
8640,22.24312019,24.44788234,1.05997922
8641,25.17562675,24.45515978,1.05444530
8642,24.53746033,24.45598279,1.04598395
8643,22.89866066,24.44040957,1.05614418
8644,25.50168800,24.45102235,1.05616125
8645,26.32789421,24.46979107,1.05564649
8646,24.72984886,24.47239165,1.05604766
8647,23.14178658,24.45908560,1.05253397
8648,25.31856728,24.46768041,1.05932925
8649,26.31543732,24.48615798,1.06412588
8650,24.92611122,24.49055752,1.06252720
8651,25.58955574,24.50154750,1.06331667
8652,26.94335938,24.52596562,1.05835097
8653,25.27346420,24.53344060,1.05783148
8654,25.29242897,24.54103049,1.05771979
8655,25.84492683,24.55406945,1.09331560
8656,24.69229507,24.55545171,1.09336895
8657,26.22930336,24.57219022,1.10030569
8658,24.50832176,24.57155154,1.09879189
8659,24.93285179,24.57516454,1.09758308
8660,26.19707680,24.59138366,1.09951115
8661,26.13431740,24.60681300,1.10541845
8662,24.93367577,24.61008163,1.10711576
8663,23.84197998,24.60240061,1.11906564
8664,25.95192337,24.61589584,1.11720779
8665,22.94629288,24.59919981,1.11571582
8666,26.69204521,24.62012826,1.11096256
8667,26.45030975,24.63843008,1.11295201
8668,26.27525330,24.65479831,1.10823741
8669,24.72220802,24.65547241,1.10754672
8670,24.86330605,24.65755074,1.10858840
8671,24.34521103,24.65442735,1.11168360
8672,25.96584892,24.66754156,1.12467393
8673,23.80159378,24.65888208,1.12620004
8674,23.97550201,24.65204828,1.12591717
8675,25.07673836,24.65629518,1.12520492
8676,24.71117401,24.65684397,1.10866886
8677,23.67588615,24.64703439,1.11452361
8678,24.06403351,24.64120439,1.11163739
8679,21.34889030,24.60828124,1.10254922
8680,22.54526520,24.58765108,1.10097016
8681,23.74493790,24.57922395,1.10303593
8682,24.56189728,24.57905069,1.10242543
8683,26.01471329,24.59340731,1.09716671
8684,25.60445023,24.60351774,1.09794186
8685,25.21119308,24.60959449,1.07529366
8686,25.25269699,24.61602552,1.07527786
8687,25.50480461,24.62491331,1.07449321
8688,25.00369072,24.62870108,1.06908831
8689,24.23496819,24.62476376,1.05875492
8690,25.70947647,24.63561088,1.04586808
8691,24.76277351,24.63688251,1.01613294
8692,24.49008179,24.63541450,1.01783522
8693,26.55547333,24.65461509,1.02764973
8694,24.69101715,24.65497911,1.01126061
8695,24.77800560,24.65620938,1.02899592
8696,25.13943291,24.66104161,1.03093254
8697,24.78231621,24.66225436,1.03469957
8698,26.00985718,24.67573038,1.02455961
8699,25.85080719,24.68748115,1.02523221
8700,25.05515862,24.69115793,1.01391842
8701,24.20820808,24.68632843,1.01377153
8702,24.71016121,24.68656676,1.01352102
8703,24.51317978,24.68483289,0.99395826
8704,24.98734856,24.68785804,1.00154973
8705,21.84429169,24.65942238,1.01258411
8706,24.89550781,24.66178323,1.00771284
8707,26.04699135,24.67563532,1.02401940
8708,24.29929924,24.67187196,1.02194453
8709,25.02568626,24.67541010,1.03461430
8710,24.15567780,24.67021278,1.04297531
8711,25.99211693,24.68343182,1.03649860
8712,25.46629524,24.69126045,1.03810126
8713,23.16474533,24.67599530,1.03922445
8714,24.30111504,24.67224650,1.03931209
8715,24.59361267,24.67146016,1.03232547
8716,23.51466179,24.65989218,1.03536737
8717,25.43672752,24.66766053,1.01762084
8718,24.92906761,24.67027460,1.01633336
8719,24.67997742,24.67037163,1.03053699
8720,23.79116440,24.66157956,1.03053369
8721,25.76426125,24.67260637,1.03047753
8722,26.75057030,24.69338601,1.02978323
8723,25.42782211,24.70073037,1.02578466
8724,24.79738426,24.70169691,1.03769182
8725,25.07905960,24.70547054,1.03649968
8726,24.34613991,24.70187723,1.04891468
8727,26.10522842,24.71591074,1.05208249
8728,25.88337135,24.72758535,1.06823108
8729,25.91171837,24.73942668,1.06652057
8730,25.56272697,24.74765968,1.01041850
8731,23.82421875,24.73842527,0.99787194
8732,24.90348053,24.74007583,0.99533888
8733,25.56537247,24.74832879,0.99932975
8734,24.43941116,24.74523962,0.99297870
8735,25.55227661,24.75330999,0.98973090
8736,25.25482559,24.75832514,0.99378451
8737,24.75186539,24.75826054,1.00292519
8738,25.12998772,24.76197782,1.00159199
8739,23.97320747,24.75409011,1.00989608
8740,24.10770607,24.74762627,1.01053849
8741,25.10191154,24.75116913,1.01227118
8742,25.78661346,24.76152357,1.02829937
8743,26.52970314,24.77920536,1.02853887
8744,25.46047783,24.78601809,1.02802714
8745,23.04890823,24.76864699,1.04436801
8746,23.36299515,24.75459047,1.04445289
8747,24.13657951,24.74841036,1.04685541
8748,25.70920563,24.75801832,1.07605030
8749,24.36467552,24.75408489,1.07337736
8750,24.71435165,24.75368756,1.07369574
8751,25.00049973,24.75615568,1.08169948
8752,25.82325172,24.76682664,1.08752823
8753,25.87758636,24.77793423,1.08805371
8754,26.37510109,24.79390590,1.08785940
8755,26.64969254,24.81246377,1.09122441
8756,25.33309555,24.81767009,1.05572293
8757,23.21880150,24.80168140,1.05624548
8758,23.74885368,24.79115312,1.05161239
8759,23.33973503,24.77663894,1.05208353
8760,23.62404060,24.76511296,1.05289364
8761,24.10490417,24.75851087,1.05133385
8762,23.39971352,24.74492290,1.04411717
8763,24.35088158,24.74098249,1.04209487
8764,23.96248436,24.73319750,1.03124970
8765,24.95969391,24.73546247,1.03104876
8766,26.85056114,24.75661345,1.03170626
8767,24.70518494,24.75609917,1.02779816
8768,26.50476265,24.77358580,1.02816738
8769,22.58361053,24.75168605,1.02867284
8770,24.83694839,24.75253868,1.03058985
8771,24.82129669,24.75322626,1.02608362
8772,24.71006584,24.75279465,1.02138214
8773,25.64303970,24.76169710,1.09293594
8774,22.99480820,24.74402821,1.09569666
8775,25.42236710,24.75081160,1.09649120
8776,26.51976013,24.76850109,1.09669125
8777,25.71438980,24.77795997,1.09999870
8778,27.09978294,24.80117820,1.09259861
8779,24.54647446,24.79863117,1.08663137
8780,24.95229530,24.80016781,1.08042967
8781,23.41409111,24.78630704,1.07726850
8782,25.75271416,24.79597111,1.07443017
8783,24.07299423,24.78874134,1.08150158
8784,25.45466042,24.79540053,1.07998031
8785,25.01553726,24.79760190,1.08292890
8786,23.97914314,24.78941731,1.07981691
8787,26.41891479,24.80571229,1.07980903
8788,24.51418877,24.80279705,1.08557813
8789,23.64256859,24.79119477,1.08562121
8790,24.28764343,24.78615925,1.08347154
8791,23.82429695,24.77654063,1.08341704
8792,23.07112312,24.75948646,1.08301911
8793,24.53050804,24.75719667,1.07776905
8794,23.07268906,24.74035160,1.06995425
8795,22.94767189,24.72242480,1.07138428
8796,24.64139557,24.72161451,1.05910187
8797,25.61979103,24.73059627,1.05996772
8798,22.25855446,24.70587585,1.06439362
8799,23.66938400,24.69551094,1.05987074
8800,25.90068245,24.70756265,1.06344822
8801,26.10921860,24.72157921,1.06909932
8802,26.01560783,24.73451950,1.07165946
8803,25.12826347,24.73845694,1.06788936
8804,24.87883759,24.73986074,1.06199684
8805,23.88304710,24.73129261,1.05605054
8806,25.55597115,24.73953939,1.06990671
8807,25.19137192,24.74405772,1.06766693
8808,23.96543884,24.73627153,1.05867804
8809,24.25532150,24.73146203,1.05531484
8810,25.30340958,24.73718150,1.04785653
8811,24.85521889,24.73836188,1.07600947
8812,24.97017288,24.74067999,1.09222295
8813,25.10446548,24.74431784,1.09039319
8814,25.26337433,24.74950841,1.11790936
8815,24.42514801,24.74626480,1.16504335
8816,24.41523170,24.74295447,1.16530206
8817,25.66239738,24.75214890,1.14209823
8818,25.58386612,24.76046607,1.14464107
8819,25.22149849,24.76507640,1.12743787
8820,25.50638771,24.77248951,1.13912871
8821,24.75800323,24.77234465,1.13920921
8822,24.93530464,24.77397425,1.14045901
8823,20.41207504,24.73035526,1.14037858
8824,23.69901848,24.72004189,1.13461433
8825,25.17130470,24.72455452,1.12672527
8826,25.16080666,24.72891704,1.12319061
8827,23.80438995,24.71967177,1.11455270
8828,24.20373154,24.71451236,1.13354466
8829,24.90191269,24.71638637,1.10300656
8830,24.93515396,24.71857404,1.10508693
8831,24.81848145,24.71957312,1.10588165
8832,25.12807655,24.72365815,1.10218104
8833,25.97991562,24.73622073,1.09448594
8834,24.12494087,24.73010793,1.09447836
8835,23.84889793,24.72129583,1.09396547
8836,24.63018417,24.72038471,1.09353775
8837,24.14463234,24.71462719,1.09337553
8838,23.53011703,24.70278209,1.07608806
8839,24.20151138,24.69776938,1.08221799
8840,24.86765480,24.69946823,1.09897438
8841,25.23917198,24.70486527,1.10157847
8842,24.92453957,24.70706201,1.10248347
8843,24.73728371,24.70736423,1.09790111
8844,23.35537720,24.69384436,1.10593285
8845,23.64410400,24.68334696,1.10729133
8846,24.66826439,24.68319613,1.10074092
8847,23.20780373,24.66844221,1.10500287
8848,23.46238136,24.65638160,1.10893803
8849,24.19589806,24.65177676,1.10034162
8850,23.61388588,24.64139785,1.11665024
8851,25.65141487,24.65149802,1.10960795
8852,25.37988472,24.65878189,1.09719005
8853,25.28653908,24.66505946,1.08913468
8854,24.11512566,24.65956013,1.08726440
8855,23.22626114,24.64522714,1.09158185
8856,21.80243301,24.61679919,1.09428024
8857,24.26673508,24.61329855,1.08865612
8858,24.43565941,24.61152216,1.08876899
8859,24.58181381,24.61122508,1.08918021
8860,24.59134483,24.61102628,1.09120438
8861,21.76986694,24.58261468,1.08910632
8862,22.43352509,24.56112379,1.08833583
8863,25.35964584,24.56910901,1.08846757
8864,21.87260628,24.54214398,1.10542651
8865,20.95333862,24.50625593,1.10347931
8866,23.75703621,24.49876373,1.10533220
8867,23.99941826,24.49377027,1.10650173
8868,25.03747559,24.49920733,1.09985462
8869,24.06838608,24.49489912,1.09490318
8870,21.68955040,24.46684563,1.09216692
8871,24.57700348,24.46794721,1.09180126
8872,24.83219337,24.47158967,1.09150051
8873,24.38421631,24.47071593,1.10973938
8874,24.35413361,24.46955011,1.05563555
8875,24.80375671,24.47289218,1.05379297
8876,24.48942757,24.47305753,1.05472259
8877,22.67765236,24.45510348,1.05756458
8878,21.67185211,24.42727097,1.06006122
8879,24.45112228,24.42750948,1.06780296
8880,23.35519981,24.41678638,1.07961733
8881,23.34689140,24.40608743,1.07987094
8882,24.42746544,24.40630121,1.07930852
8883,23.73449326,24.39958313,1.07851065
8884,23.67920303,24.39237933,1.06891805
8885,22.97653580,24.37822090,1.10532890
8886,23.40062904,24.36844498,1.10400912
8887,23.59951782,24.36075571,1.11336701
8888,23.28346825,24.34998283,1.11669854
8889,25.08166695,24.35729967,1.13507265
8890,26.00465775,24.37377325,1.14903793
8891,23.18373489,24.36187287,1.15539395
8892,23.23514557,24.35060560,1.15379791
8893,24.73643303,24.35446387,1.16551039
8894,25.32012177,24.36412045,1.16567878
8895,25.41074562,24.37458670,1.16023700
8896,24.78976059,24.37873844,1.16130016
8897,25.05909538,24.38554201,1.16949463
8898,25.60650253,24.39775162,1.16242170
8899,25.73457146,24.41111981,1.15907615
8900,26.20731163,24.42908173,1.20359251
8901,24.90521431,24.43384306,1.20656703
8902,24.10336876,24.43053832,1.20282190
8903,23.27767944,24.41900973,1.19968240
8904,24.39107895,24.41873042,1.20636129
8905,23.00577164,24.40460083,1.20806366
8906,25.02391815,24.41079400,1.20273338
8907,24.31133461,24.40979941,1.18343771
8908,24.87773705,24.41447879,1.18553001
8909,23.54322624,24.40576626,1.18567023
8910,24.77538490,24.40946245,1.18690475
8911,23.50443077,24.40041213,1.19650909
8912,24.24496460,24.39885766,1.16493827
8913,23.45795059,24.38944858,1.15244138
8914,26.12955475,24.40684965,1.15392192
8915,24.60722160,24.40885337,1.12356076
8916,24.72423744,24.41200721,1.06720417
8917,23.56217957,24.40350893,1.06806450
8918,23.76922607,24.39716610,1.08172818
8919,24.57883644,24.39898281,1.08115100
8920,23.78535080,24.39284648,1.08216079
8921,25.09644890,24.39988251,1.04406210
8922,23.78287315,24.39371242,1.04471241
8923,26.12857628,24.41106105,1.04715434
8924,26.12867928,24.42823724,1.05607938
8925,24.51374626,24.42909233,1.05619235
8926,25.00633240,24.43486473,1.05710602
8927,23.06463623,24.42116244,1.05735222
8928,25.09330750,24.42788389,1.04095757
8929,25.47059822,24.43831104,1.00027823
8930,25.85057640,24.45243369,1.00337765
8931,24.72678947,24.45517725,1.00124503
8932,24.11125183,24.45173799,1.00327792
8933,24.71253204,24.45434593,1.00612539
8934,24.64346695,24.45623714,1.00599635
8935,21.29211426,24.42459592,1.00547547
8936,24.32326126,24.42358257,0.99198362
8937,25.61069107,24.43545365,0.98838568
8938,25.08430672,24.44194218,0.98650632
8939,26.45254517,24.46204821,0.98543811
8940,26.06766510,24.47810438,1.01084042
8941,25.55194473,24.48884279,1.00412124
8942,23.83977890,24.48235215,0.99612962
8943,25.99684525,24.49749708,0.98721517
8944,23.97378349,24.49225994,0.98977130
8945,24.36850548,24.49102240,0.99524847
8946,25.29471588,24.49905933,0.99283086
8947,25.73495483,24.51141829,0.99310966
8948,24.20798683,24.50838397,1.00306646
8949,23.80259514,24.50132609,1.00290671
8950,21.02775764,24.46659040,0.99806532
8951,25.51288033,24.47705330,0.98718772
8952,24.98361969,24.48211896,0.98869142
8953,24.12088585,24.47850663,0.98722858
8954,25.82023811,24.49192395,0.97736837
8955,25.08188438,24.49782355,0.97918620
8956,23.78822899,24.49072761,0.96895046
8957,25.97350502,24.50555538,0.99259982
8958,25.15583992,24.51205823,0.99949688
8959,24.21080589,24.50904570,0.99999496
8960,24.96373558,24.51359260,0.99996842
8961,25.96165276,24.52807320,1.00019757
8962,24.54895973,24.52828207,0.99326320
8963,25.70552635,24.54005451,0.99334541
8964,25.53094482,24.54996341,0.98480573
8965,24.21653175,24.54662910,0.98859448
8966,25.15326118,24.55269542,0.99024632
8967,25.52109528,24.56237942,0.99544168
8968,26.46942902,24.58144991,1.00450812
8969,24.95181847,24.58515360,0.99993243
8970,25.38172531,24.59311932,1.00210251
8971,25.12334251,24.59842155,1.02924738
8972,25.10544777,24.60349181,1.03573406
8973,25.50067139,24.61246361,1.03183190
8974,26.17063332,24.62804530,1.03325167
8975,25.10356331,24.63280048,1.02495495
8976,25.27369308,24.63920941,1.02738338
8977,24.52865219,24.63810384,1.03222068
8978,25.39867210,24.64570952,1.02444967
8979,25.47048378,24.65395726,1.03105371
8980,24.05130577,24.64793075,1.02928462
8981,23.75923729,24.63904381,1.02846357
8982,26.32855415,24.65593892,1.03089843
8983,24.10082436,24.65038777,1.02985795
8984,23.99334335,24.64381733,1.04154577
8985,23.98126411,24.63719179,1.05061288
8986,24.90480423,24.63986792,0.99297282
8987,25.81596375,24.65162888,0.99472837
8988,25.80091667,24.66312175,0.99269905
8989,23.66704559,24.65316099,1.00402615
8990,22.61066628,24.63273605,0.99045035
8991,25.61176682,24.64252635,1.03350542
8992,24.21665955,24.63826769,1.03412989
8993,24.52555847,24.63714059,1.06586123
8994,25.65235138,24.64729270,1.06008711
8995,26.19434357,24.66276321,1.05920009
8996,25.22477722,24.66838335,1.07066330
8997,25.22892761,24.67398879,1.08733133
8998,26.45316124,24.69178052,1.08506257
8999,25.89457130,24.70380842,1.08429866
9000,24.71027374,24.70387308,1.09300699
9001,25.23760223,24.70921037,1.02983553
9002,25.57580185,24.71787628,1.03562687
9003,25.28955269,24.72359305,1.03533921
9004,25.35672760,24.72992439,1.03708748
9005,24.34456253,24.72607078,1.03328215
9006,24.08172607,24.71962733,1.03530474
9007,27.24761963,24.74490725,1.03243431
9008,26.35236931,24.76098187,1.02571332
9009,25.45157814,24.76788783,1.02691540
9010,23.89887619,24.75919772,1.02574304
9011,25.32824707,24.76488821,1.02556534
9012,25.54516983,24.77269103,1.01972179
9013,25.69162750,24.78188039,1.02421367
9014,25.03441620,24.78440575,1.01990608
9015,26.78514671,24.80441316,1.01714135
9016,25.81504250,24.81451945,1.01893044
9017,24.17716026,24.80814586,1.02330980
9018,23.35242653,24.79358867,1.02067395
9019,24.86175537,24.79427034,1.00720564
9020,24.48399353,24.79116757,1.01231414
9021,22.58888054,24.76914470,1.03326321
9022,26.36557388,24.78510899,1.04138808
9023,25.59740829,24.79323198,1.04092640
9024,26.63654518,24.81166511,1.03890857
9025,25.24740982,24.81602256,1.03000914
9026,25.98371506,24.82769949,1.02956425
9027,26.25540543,24.84197655,1.04798389
9028,24.02006531,24.83375743,1.04769133
9029,24.02153206,24.82563518,1.04998926
9030,25.43693733,24.83174820,1.05209312
9031,24.26705933,24.82610131,1.05296244
9032,25.92587090,24.83709901,1.05204369
9033,24.66686249,24.83539664,1.04116518
9034,23.62450218,24.82328770,1.03971274
9035,23.77398300,24.81279465,1.04352614
9036,24.60181808,24.81068489,1.04421007
9037,24.42205238,24.80679856,1.04902627
9038,24.68246460,24.80555522,1.06944502
9039,23.60859871,24.79358566,1.06797904
9040,25.15818787,24.79723168,1.06325978
9041,21.84147644,24.76767413,1.05092589
9042,24.17104721,24.76170786,1.04956086
9043,22.24866867,24.73657746,1.04942876
9044,24.38487053,24.73306040,1.05189222
9045,25.59741974,24.74170399,1.04840889
9046,23.35490227,24.72783597,1.03943664
9047,22.93812752,24.70993889,1.04543460
9048,25.65890503,24.71942855,1.05891383
9049,24.62682533,24.71850252,1.04580688
9050,26.61654663,24.73748296,1.04498771
9051,25.26012611,24.74270939,1.06084743
9052,23.64660645,24.73174836,1.08373193
9053,24.91803169,24.73361119,1.09094449
9054,24.11867332,24.72746181,1.09394201
9055,25.59834862,24.73617068,1.09557306
9056,24.22678947,24.73107687,1.09501373
9057,24.43791008,24.72814520,1.09339703
9058,24.56558609,24.72651961,1.06612532
9059,25.60937691,24.73534818,1.05485807
9060,25.12852478,24.73927995,1.05634287
9061,25.08540154,24.74274117,1.05517882
9062,25.48400497,24.75015380,1.05897713
9063,23.97403908,24.74239266,1.06235170
9064,24.76038551,24.74257259,1.05928507
9065,25.16119003,24.74675876,1.06064287
9066,24.13213348,24.74061251,1.04561986
9067,23.87677193,24.73197410,1.05609147
9068,25.17966461,24.73645101,1.05410255
9069,25.36789322,24.74276543,1.04420653
9070,25.95822525,24.75492003,1.05655912
9071,27.12196922,24.77859052,1.05583754
9072,26.32878113,24.79409242,1.03574127
9073,24.97656631,24.79591716,1.02601273
9074,24.70992661,24.79505726,1.03362997
9075,25.09975815,24.79810427,1.02203729
9076,24.93398857,24.79946311,1.02410935
9077,22.90692329,24.78053771,1.01882128
9078,24.93678856,24.78210022,1.01044644
9079,25.86257935,24.79290501,1.00727061
9080,23.96714783,24.78464744,1.00336161
9081,25.77992630,24.79460023,1.00631741
9082,25.89311409,24.80558537,1.00947766
9083,24.92135620,24.80674308,1.00777689
9084,24.52535439,24.80392919,1.00860493
9085,26.18657494,24.81775565,1.01119497
9086,24.07124901,24.81029058,1.00461390
9087,23.95176506,24.80170532,1.00400033
9088,22.59489632,24.77963723,1.00555048
9089,24.03563690,24.77219723,1.02002339
9090,25.33467674,24.77782203,1.01141793
9091,23.48364639,24.76488027,1.01938544
9092,25.54713631,24.77270283,0.97286521
9093,25.44106483,24.77938645,0.97298369
9094,25.69866562,24.78857924,0.93515295
9095,24.97763443,24.79046979,0.93418181
9096,24.66358376,24.78920093,0.93209086
9097,23.68683052,24.77817723,0.93987135
9098,23.10457993,24.76144126,0.91856991
9099,24.60483360,24.75987518,0.92082403
9100,25.88211060,24.77109753,0.94742733
9101,22.97290230,24.75311558,0.95070022
9102,27.10959244,24.77668035,0.95246570
9103,26.34711647,24.79238471,0.95288114
9104,23.89445686,24.78340543,0.95288055
9105,23.99564171,24.77552780,0.95282111
9106,25.07305908,24.77850311,0.96001573
9107,25.19273949,24.78264547,0.97345650
9108,25.08799934,24.78569901,0.97218210
9109,24.67705345,24.78461256,0.98521593
9110,25.68472099,24.79361364,0.98977486
9111,25.57660103,24.80144351,0.99118969
9112,25.89599037,24.81238898,0.99336803
9113,25.98942375,24.82415933,0.99203792
9114,25.16867828,24.82760452,0.98760046
9115,25.45681763,24.83389665,0.98941675
9116,25.63310432,24.84188873,0.98925902
9117,26.67409897,24.86021083,0.98847867
9118,25.10843277,24.86269305,0.98387163
9119,25.33658218,24.86743194,0.98471692
9120,26.58404160,24.88459804,1.02402769
9121,25.04385185,24.88619057,1.02343872
9122,26.00546646,24.89738333,1.00131479
9123,25.34887695,24.90189827,0.99678984
9124,26.46933365,24.91757262,0.99683346
9125,25.75713730,24.92596827,1.00494355
9126,25.77579308,24.93446652,1.00975211
9127,25.07525826,24.93587444,1.01643485
9128,24.92875671,24.93580326,1.00100966
9129,25.46999741,24.94114520,1.00123556
9130,24.85011101,24.94023486,0.99945068
9131,24.11540031,24.93198651,0.99572469
9132,26.09272194,24.94359387,0.99293351
9133,25.84350204,24.95259295,1.00278913
9134,25.57614517,24.95882847,1.00339483
9135,26.62974358,24.97553762,1.00327794
9136,24.84112930,24.97419354,0.99622795
9137,25.24709129,24.97692252,0.99515708
9138,25.94481468,24.98660144,0.99244643
9139,23.39437485,24.97067917,0.96729886
9140,24.88601112,24.96983249,0.96561512
9141,23.83058548,24.95844002,0.96741724
9142,24.64487267,24.95530435,0.95560809
9143,25.95416451,24.96529295,0.97066604
9144,25.25716019,24.96821162,0.97062771
9145,24.80908394,24.96662035,0.96970930
9146,25.13926888,24.96834683,0.96982818
9147,23.16825294,24.95034589,0.97103156
9148,25.15827370,24.95242517,0.96362930
9149,24.21374512,24.94503837,0.94406031
9150,22.87486839,24.92433667,0.94302566
9151,23.22048569,24.90729816,0.94369176
9152,25.76320076,24.91585719,0.92066321
9153,26.41196060,24.93081822,0.89886409
9154,25.12946701,24.93280471,0.89243131
9155,25.95121002,24.94298876,0.88504569
9156,26.51851654,24.95874404,0.91735013
9157,23.38418007,24.94299840,0.91760256
9158,25.16127396,24.94518115,0.92558140
9159,23.49031639,24.93063251,0.97282298
9160,23.93852997,24.92071148,0.97255191
9161,25.68227005,24.92832707,0.97286888
9162,25.80363655,24.93708016,0.97572011
9163,25.30409622,24.94075032,0.97181083
9164,24.95125961,24.94085542,0.96992962
9165,24.50176620,24.93646452,0.97088948
9166,24.98503685,24.93695025,0.97032182
9167,25.83829117,24.94596366,0.96839261
9168,25.62467194,24.95275074,0.95442778
9169,24.69288254,24.95015206,0.95512482
9170,22.25950050,24.92324554,0.95488347
9171,24.10618782,24.91507496,0.95144615
9172,25.61106682,24.92203488,0.95230170
9173,26.09005356,24.93371507,0.94765173
9174,24.96640968,24.93404202,0.94793842
9175,26.39224243,24.94862402,0.93687493
9176,26.11506081,24.96028839,0.94836575
9177,23.93370819,24.95002259,0.96346640
9178,26.12598419,24.96178220,0.96455420
9179,24.92323112,24.96139669,0.96829595
9180,24.45162010,24.95629892,0.96842153
9181,25.59814644,24.96271740,0.96841410
9182,25.45713615,24.96766159,0.96764842
9183,23.41973877,24.95218236,0.96555674
9184,25.45448875,24.95720542,0.96457755
9185,25.51609230,24.96279429,0.96321790
9186,24.85388184,24.96170517,0.95351040
9187,25.87751961,24.97086331,0.96529710
9188,25.84385109,24.97959319,0.96555817
9189,25.99385834,24.98973584,0.97793545
9190,25.97266579,24.99956514,0.96628305
9191,25.91316986,25.00870119,0.97075460
9192,25.20981789,25.01071235,0.96435548
9193,27.06947899,25.03130002,0.96363338
9194,25.69025803,25.03788960,0.96678660
9195,25.80040741,25.04551478,0.97039619
9196,25.46894264,25.04974906,0.97302503
9197,25.93735123,25.05862508,0.98289136
9198,25.98842239,25.06792305,0.96574910
9199,25.56201553,25.07286398,0.97934016
9200,25.51740265,25.07730936,0.99938255
9201,24.49094200,25.07144569,0.97966933
9202,25.28432655,25.07357450,0.96603516
9203,25.03343201,25.07317307,0.97203081
9204,24.67288589,25.06917020,0.97330385
9205,25.16846085,25.07016311,0.97344756
9206,22.67560577,25.04621754,0.96898585
9207,25.09234619,25.04667882,0.96778721
9208,24.06442642,25.03685630,0.95577537
9209,22.23231125,25.00881085,0.95569030
9210,24.99657822,25.00868852,0.96158914
9211,25.95414162,25.01814305,0.97904994
9212,24.28671646,25.01082879,0.98654184
9213,25.10634995,25.01178400,0.98374190
9214,24.42562485,25.00592241,0.98943639
9215,25.65489769,25.01241216,0.99114848
9216,25.48830795,25.01717112,0.99051829
9217,25.19187927,25.01891820,0.99180434
9218,25.25403595,25.02126938,0.98795358
9219,24.79699898,25.01902667,0.98593923
9220,25.40703964,25.02290680,0.99277102
9221,23.81621552,25.01083989,0.95682433
9222,24.72230721,25.00795456,0.96294710
9223,24.80554581,25.00593047,0.96154231
9224,25.53102303,25.01118140,0.95506253
9225,25.14721298,25.01254172,0.95542527
9226,23.41932297,24.99660953,0.94422539
9227,23.15474129,24.97819085,0.93839396
9228,25.49798775,24.98338882,0.94436640
9229,25.90030289,24.99255796,0.94445499
9230,24.53564835,24.98798886,0.94785148
9231,24.90246201,24.98713359,0.94919941
9232,25.82973099,24.99555957,0.94708585
9233,25.94669342,25.00507090,0.94942554
9234,25.77964783,25.01281667,0.94102365
9235,24.83966255,25.01108513,0.94237931
9236,25.90559959,25.02003028,0.94900602
9237,23.52105904,25.00504056,0.95168465
9238,25.36839485,25.00867411,0.95078612
9239,26.87418556,25.02732922,0.94874369
9240,24.48326874,25.02188862,0.94389822
9241,26.03321457,25.03200188,0.94138745
9242,25.53225708,25.03700443,0.94325102
9243,25.22516823,25.03888607,0.94293087
9244,23.89196014,25.02741681,0.92063177
9245,25.97088051,25.03685144,0.91908883
9246,24.34265518,25.02990948,0.91593006
9247,23.66989899,25.01630938,0.93103045
9248,25.00857162,25.01623200,0.92789190
9249,23.41503334,25.00022001,0.92365352
9250,22.87413979,24.97895921,0.92180940
9251,24.35965919,24.97276621,0.92288607
9252,25.64603043,24.97949885,0.93036966
9253,26.39853668,24.99368923,0.93044203
9254,26.57705688,25.00952291,0.93150971
9255,24.87651062,25.00819278,0.93498094
9256,24.99237061,25.00803456,0.93464697
9257,23.61241150,24.99407833,0.90951113
9258,24.55744171,24.98971197,0.93114499
9259,25.14940453,24.99130889,0.92949177
9260,23.18811989,24.97327700,0.89785564
9261,22.87685776,24.95231281,0.89792183
9262,23.53521729,24.93814185,0.89494074
9263,25.37523842,24.94251282,0.90168196
9264,23.80283165,24.93111601,0.90221839
9265,25.51580238,24.93696287,0.90146324
9266,25.18897438,24.93948299,0.90860314
9267,25.45918083,24.94467996,0.90659760
9268,25.08920860,24.94612525,0.91145771
9269,25.17581177,24.94842212,0.91438803
9270,23.73276520,24.93626555,0.91622991
9271,25.07447624,24.93764765,0.91798452
9272,23.57155800,24.92398676,0.91259426
9273,24.47838020,24.91953069,0.91383253
9274,24.58130836,24.91614847,0.91384873
9275,25.17154694,24.91870245,0.91601022
9276,24.89816856,24.91849711,0.91676934
9277,25.43988800,24.92371102,0.91143935
9278,26.37079620,24.93818187,0.89841634
9279,23.70778275,24.92587788,0.89664658
9280,25.70825958,24.93370170,0.89011651
9281,25.62067413,24.94057142,0.89051794
9282,24.76435661,24.93880928,0.89549328
9283,25.76765633,24.94709775,0.89415271
9284,24.08925819,24.93851935,0.90940490
9285,24.18690872,24.93100325,0.90786222
9286,26.18506622,24.94354388,0.92199703
9287,24.19180298,24.93602647,0.92265250
9288,25.75313950,24.94419760,0.91335775
9289,25.55792427,24.95033486,0.91469901
9290,25.30553627,24.95388688,0.89816589
9291,25.66011620,24.96094917,0.91009777
9292,23.77752304,24.94911491,0.90307737
9293,24.80898476,24.94771361,0.90228094
9294,24.34982872,24.94173476,0.90185157
9295,24.32141113,24.93553152,0.90325824
9296,25.22299004,24.93840611,0.90641668
9297,23.04134560,24.91943550,0.90712667
9298,25.44886971,24.92472984,0.90427242
9299,25.35991859,24.92908173,0.91992628
9300,24.55579948,24.92534891,0.91321588
9301,24.02336884,24.91632911,0.89862927
9302,23.48470116,24.90201283,0.89784348
9303,24.32819366,24.89627464,0.90056967
9304,25.19436264,24.89925552,0.88990345
9305,25.58222771,24.90608524,0.87573770
9306,24.67587090,24.90378310,0.88088023
9307,24.26392555,24.89738452,0.88943739
9308,22.70291138,24.87543979,0.88061924
9309,24.11936951,24.86787909,0.88012738
9310,23.68873787,24.85608767,0.88301595
9311,24.88257980,24.85635260,0.86782918
9312,23.87620544,24.84655112,0.84554317
9313,23.42440605,24.83232967,0.83568845
9314,24.23296165,24.82633599,0.83938275
9315,24.80016708,24.82607430,0.83837946
9316,23.21044922,24.80991805,0.87190696
9317,24.30637360,24.80488261,0.87306484
9318,25.62563133,24.81309010,0.87509840
9319,25.47288513,24.81968805,0.87983776
9320,24.02742386,24.81176540,0.88095710
9321,25.43366241,24.81798437,0.87804044
9322,24.59574699,24.81576200,0.88427624
9323,24.12892532,24.80889363,0.87860370
9324,24.66763115,24.80748101,0.87867133
9325,25.57476044,24.81515380,0.87837179
9326,25.12370872,24.81823935,0.88673854
9327,23.64609146,24.80651787,0.89085508
9328,24.05486107,24.79900131,0.89946263
9329,25.02109528,24.80122225,0.88866076
9330,24.72748947,24.80048492,0.88192409
9331,24.22960472,24.79477612,0.87913076
9332,25.57003403,24.80252869,0.87702526
9333,23.70240402,24.79152745,0.89502845
9334,26.63214111,24.80993358,0.90526384
9335,25.42169189,24.81605117,0.90253628
9336,26.26190376,24.83050969,0.90052333
9337,25.78159332,24.84002053,0.89690570
9338,24.61795425,24.83779987,0.89767634
9339,25.40217781,24.84344365,0.92644677
9340,23.62010002,24.83121021,0.92517825
9341,23.10087776,24.81390689,0.93428600
9342,25.02778816,24.81604570,0.94830049
9343,23.98640251,24.80774927,0.94161893
9344,24.26808739,24.80235265,0.94187058
9345,25.63280296,24.81065715,0.94219243
9346,25.98553467,24.82240593,0.94237013
9347,24.00589943,24.81424086,0.94950021
9348,25.50811386,24.82117959,0.93334409
9349,26.36025620,24.83657036,0.94850386
9350,25.55961800,24.84380083,0.94834180
9351,25.81002426,24.85346307,0.96597759
9352,24.41311455,24.84905958,0.96225452
9353,25.79390144,24.85850800,0.95802894
9354,25.37746620,24.86369758,0.95631634
9355,24.09588623,24.85601947,0.95791568
9356,25.67368126,24.86419609,0.96530504
9357,25.98254013,24.87537953,0.97660750
9358,24.83394814,24.87496521,0.97416877
9359,24.64414215,24.87265698,0.96630376
9360,23.97454453,24.86367586,0.96350677
9361,25.07149124,24.86575401,0.96224544
9362,24.52370071,24.86233348,0.96741113
9363,25.05970383,24.86430718,0.97084829
9364,23.83236504,24.85398776,0.96038149
9365,23.80022240,24.84345011,0.95712628
9366,22.21455956,24.81716120,0.95694387
9367,25.28680038,24.82185759,0.93999511
9368,25.58381844,24.82947720,0.93920071
9369,23.74645233,24.81864695,0.93750242
9370,25.26710129,24.82313150,0.93663516
9371,25.53557587,24.83025594,0.93325652
9372,25.82018661,24.84015525,0.94413137
9373,25.53309441,24.84708464,0.94368086
9374,25.16402054,24.85025400,0.94302199
9375,24.64513397,24.84820280,0.94227499
9376,26.05961800,24.86031695,0.94118899
9377,23.92861748,24.85099996,0.94116971
9378,26.17717171,24.86426167,0.93433901
9379,24.23977661,24.85801682,0.93474297
9380,25.12186241,24.86065528,0.93475957
9381,25.25639534,24.86461268,0.94058244
9382,24.34456444,24.85941220,0.93692877
9383,26.60479927,24.87686607,0.93577758
9384,26.45775986,24.89267501,0.92608550
9385,24.46456909,24.88839395,0.91327311
9386,25.19922829,24.89150229,0.92133620
9387,25.85391998,24.90112647,0.91527801
9388,25.67727661,24.90888797,0.91577287
9389,22.38582993,24.88365739,0.91477870
9390,25.28439903,24.88766480,0.92235045
9391,26.21437836,24.90093194,0.93328706
9392,26.66660881,24.91858871,0.92715333
9393,25.01005363,24.91950336,0.92706405
9394,24.64258194,24.91673414,0.92391712
9395,24.26618576,24.91022866,0.91999222
9396,25.50854874,24.91621186,0.91908587
9397,26.11870384,24.92823678,0.91838122
9398,24.25424004,24.92149681,0.91588320
9399,26.72187233,24.93950057,0.91747606
9400,24.56464767,24.93575204,0.92237958
9401,26.85954285,24.95498995,0.92431755
9402,24.62269020,24.95166695,0.92937643
9403,26.16306496,24.96378093,0.92655186
9404,25.29598999,24.96710302,0.93043055
9405,25.64458656,24.97387786,0.93021924
9406,26.40460205,24.98818510,0.92472910
9407,23.52876091,24.97359086,0.92862215
9408,25.18242455,24.97567919,0.92531508
9409,26.99353027,24.99585770,0.92605394
9410,24.65506363,24.99244976,0.94219926
9411,26.34443283,25.00596959,0.93632551
9412,26.18157005,25.01772560,0.93657231
9413,26.60979462,25.03364629,0.94383241
9414,25.96417618,25.04295159,0.94381415
9415,25.38671112,25.04638918,0.93711508
9416,25.11044884,25.04702978,0.93250000
9417,24.99029922,25.04646247,0.88570235
9418,25.92036629,25.05520151,0.89151315
9419,25.35295105,25.05817901,0.89261002
9420,25.20542336,25.05965145,0.88695892
9421,25.95896721,25.06864461,0.88738396
9422,23.81505394,25.05610870,0.89624835
9423,25.65066528,25.06205427,0.89873610
9424,24.44676018,25.05590133,0.89922013
9425,25.37692833,25.05911160,0.90452818
9426,25.55000114,25.06402049,0.90652744
9427,25.29707527,25.06635104,0.91340923
9428,24.47931862,25.06048072,0.91880444
9429,24.27075577,25.05258347,0.91658435
9430,25.36786652,25.05573630,0.92249339
9431,26.42668724,25.06944581,0.92272133
9432,25.31286240,25.07187997,0.93013239
9433,25.51887703,25.07634994,0.92737189
9434,25.16142082,25.07720065,0.91937603
9435,25.49473381,25.08137598,0.91030081
9436,26.63497543,25.09691198,0.91210760
9437,25.84605217,25.10440338,0.91364722
9438,24.61654472,25.09952479,0.91596875
9439,25.57252884,25.10425483,0.91827287
9440,26.60601425,25.11927243,0.87893683
9441,27.50414467,25.14312115,0.88422430
9442,27.21990967,25.16388903,0.88028906
9443,25.48497200,25.16709986,0.89182403
9444,24.62787247,25.16170759,0.89469457
9445,25.75553703,25.16764588,0.90884876
9446,25.74975204,25.17346695,0.90515880
9447,24.78702354,25.16960251,0.90541584
9448,26.47173309,25.18262382,0.90108231
9449,24.90028572,25.17980044,0.89938678
9450,23.98386002,25.16784103,0.88646364
9451,24.76270485,25.16378967,0.88844612
9452,24.28826904,25.15503446,0.87852062
9453,25.35431099,25.15702723,0.87679557
9454,26.53600693,25.17081703,0.87503329
9455,25.54081154,25.17451697,0.87624781
9456,25.83958626,25.18116767,0.89270764
9457,26.49896622,25.19434565,0.88472006
9458,25.54285622,25.19783076,0.87334794
9459,24.99621010,25.19581455,0.87338668
9460,23.66253662,25.18048177,0.85612599
9461,24.92492676,25.17792622,0.85975512
9462,25.73299789,25.18347694,0.86286709
9463,24.14053154,25.17304748,0.85738602
9464,25.38789177,25.17519593,0.84789068
9465,24.77561188,25.17120009,0.85080025
9466,24.49370003,25.16442508,0.85064547
9467,25.55010033,25.16828184,0.85058339
9468,24.47065926,25.16130561,0.85755156
9469,26.11658859,25.17085844,0.85662680
9470,24.51648712,25.16431473,0.85701627
9471,25.20549583,25.16472654,0.85715156
9472,24.16185951,25.15469787,0.85639741
9473,24.50959396,25.14824683,0.85268077
9474,24.95537758,25.14631814,0.85924801
9475,24.44390869,25.13929404,0.85648633
9476,24.64103127,25.13431142,0.85687138
9477,23.93103981,25.12227870,0.86571143
9478,23.82002068,25.10925612,0.86606037
9479,26.21729279,25.12033649,0.86435994
9480,26.76739120,25.13680703,0.85928135
9481,25.62255096,25.14166447,0.86357377
9482,24.21734619,25.13242129,0.86329311
9483,25.71405220,25.13823760,0.88416827
9484,26.21533203,25.14900854,0.88378709
9485,25.56727028,25.15319116,0.88379133
9486,26.32508469,25.16491010,0.88600912
9487,24.89612770,25.16222227,0.87518209
9488,26.38972282,25.17449728,0.87804718
9489,26.27708435,25.18552315,0.88034720
9490,26.27616119,25.19642953,0.88025145
9491,26.49452400,25.20941047,0.87140014
9492,26.07832146,25.21809958,0.84355009
9493,23.44947243,25.20041331,0.82561271
9494,24.72657394,25.19567492,0.83182075
9495,23.75242615,25.18124243,0.83036746
9496,25.06162071,25.18004621,0.82925369
9497,25.04348183,25.17868057,0.83558380
9498,25.73177147,25.18421148,0.83459563
9499,24.69879913,25.17935735,0.83163220
9500,25.60128784,25.18357666,0.84790613
9501,26.29970932,25.19473799,0.83962616
9502,24.42918968,25.18708250,0.83860027
9503,25.50701141,25.19028179,0.83650575
9504,26.22220230,25.20060100,0.84233988
9505,24.95334816,25.19812847,0.84683824
9506,23.62351227,25.18238231,0.84621940
9507,25.15003586,25.18205884,0.86434308
9508,24.55328560,25.17577111,0.86680022
9509,25.46024513,25.17861585,0.87180919
9510,24.85100937,25.17533978,0.87330363
9511,26.31863403,25.18677273,0.86052721
9512,26.75668144,25.20247181,0.87063400
9513,25.40792656,25.20452636,0.86907714
9514,25.95374489,25.21201855,0.87470358
9515,26.42714691,25.22416983,0.87495301
9516,25.39016724,25.22582981,0.87416567
9517,25.45124054,25.22808391,0.87198828
9518,26.54796982,25.24128277,0.87559280
9519,25.98244095,25.24869435,0.87257063
9520,25.15466690,25.24775408,0.87173759
9521,25.27521515,25.24802869,0.86989141
9522,24.80789566,25.24362736,0.87640079
9523,24.24132729,25.23360436,0.87577017
9524,24.24365425,25.22370486,0.88735031
9525,25.04499245,25.22191773,0.88892882
9526,25.69082642,25.22660682,0.88752545
9527,24.08815384,25.21522229,0.88589791
9528,25.62863159,25.21935638,0.87741749
9529,25.87835693,25.22594639,0.87215440
9530,25.27107048,25.22639763,0.86989904
9531,24.50789070,25.21921256,0.85724933
9532,24.16862679,25.20870670,0.85766610
9533,27.29696655,25.22958930,0.85296050
9534,25.50992393,25.23239265,0.85523293
9535,25.31211281,25.23318985,0.84977081
9536,26.07719612,25.24162991,0.85800509
9537,25.40301704,25.24324378,0.86660305
9538,26.32827759,25.25409412,0.86748985
9539,24.49561691,25.24650935,0.86618649
9540,25.69182968,25.25096255,0.86217244
9541,24.86945343,25.24714746,0.85510987
9542,24.87035370,25.24337952,0.85721321
9543,26.25719643,25.25351769,0.85258493
9544,24.27880287,25.24377054,0.85036449
9545,24.95898438,25.24092268,0.84923520
9546,25.03386497,25.23885211,0.84012274
9547,26.47208595,25.25118444,0.84185961
9548,25.11534691,25.24982607,0.84667284
9549,24.31148338,25.24044264,0.84663716
9550,23.57990646,25.22383728,0.84745612
9551,25.61605835,25.22775949,0.84671892
9552,25.49388695,25.23042077,0.85063872
9553,26.04000664,25.23851662,0.84765427
9554,24.30348778,25.22916634,0.84776998
9555,23.69536972,25.21382837,0.84628080
9556,25.23576355,25.21404772,0.85150219
9557,23.34262848,25.19533353,0.84044552
9558,23.72095108,25.18058970,0.85689229
9559,26.18324089,25.19061622,0.85627487
9560,25.74221420,25.19613220,0.86492826
9561,24.90591431,25.19323002,0.87015418
9562,26.58491325,25.20714685,0.86214256
9563,25.20878410,25.20716322,0.85209869
9564,26.71817780,25.22227337,0.85221994
9565,24.99811554,25.22003179,0.84914861
9566,25.50915718,25.22292304,0.84282290
9567,24.89936066,25.21968742,0.91915112
9568,24.39509964,25.21144154,0.92172756
9569,25.35778427,25.21290497,0.91316931
9570,26.08124542,25.22158837,0.91004343
9571,24.86439705,25.21801646,0.91098121
9572,26.35908699,25.22942717,0.91356120
9573,26.32699966,25.24040289,0.92022445
9574,23.69897461,25.22498861,0.91787883
9575,24.69903946,25.21972912,0.91896859
9576,24.70571709,25.21458900,0.91976675
9577,25.10967064,25.21353981,0.92327741
9578,24.95922852,25.21099670,0.92272717
9579,24.30634880,25.20195022,0.92202006
9580,24.48068619,25.19473758,0.91894540
9581,24.75131226,25.19030333,0.91868211
9582,25.75415993,25.19594189,0.92838805
9583,25.63097382,25.20029221,0.92881169
9584,24.44138527,25.19270314,0.91645980
9585,24.92237091,25.18999982,0.91638499
9586,26.49532318,25.20305305,0.91601151
9587,23.55931664,25.18661569,0.91457886
9588,24.71501923,25.18189973,0.91440373
9589,24.06972313,25.17077796,0.92368198
9590,24.43053627,25.16337554,0.92925824
9591,25.14884758,25.16323026,0.93673809
9592,26.59418678,25.17753983,0.93737235
9593,25.19611931,25.17772562,0.95970915
9594,26.78437614,25.19379213,0.95185082
9595,25.04033089,25.19225752,0.95173035
9596,25.91925812,25.19952752,0.95172932
9597,24.65031624,25.19403541,0.95708981
9598,24.27720070,25.18486706,0.94804954
9599,24.63880730,25.17940646,0.94887596
9600,24.56295395,25.17324194,0.94654604
9601,24.92445183,25.17075404,0.93647235
9602,23.73526382,25.15639914,0.93511669
9603,25.23748779,25.15721002,0.93488099
9604,24.74331093,25.15307103,0.92951210
9605,24.15546608,25.14309498,0.92763767
9606,24.10846710,25.13274870,0.93441782
9607,24.46789742,25.12610019,0.96160272
9608,26.77485847,25.14258777,0.94794220
9609,25.60401154,25.14720201,0.94195375
9610,23.83126640,25.13404265,0.95669059
9611,24.07996750,25.12350190,0.96264005
9612,25.16656876,25.12393257,0.96354635
9613,26.00734520,25.13276670,0.95590260
9614,25.37462425,25.13518527,0.96337982
9615,24.68621063,25.13069553,0.95794806
9616,24.26361465,25.12202472,0.96568474
9617,21.26715279,25.08347600,0.96824728
9618,24.14478874,25.07408913,0.97110870
9619,24.14731216,25.06482136,0.97464406
9620,24.36859322,25.05785908,0.97435889
9621,25.30032158,25.06028370,0.96960532
9622,25.60483360,25.06572920,0.96974061
9623,26.04564476,25.07552835,0.96600677
9624,25.43123055,25.07908538,0.96068402
9625,23.97377586,25.06803228,0.95160408
9626,24.52252579,25.06257722,0.95389651
9627,23.86218452,25.05057329,0.95578305
9628,25.80384254,25.05810598,0.95628332
9629,24.45587349,25.05208366,0.95867392
9630,24.55491447,25.04711197,0.95731026
9631,24.86654472,25.04530629,0.96061916
9632,23.40085220,25.02886175,0.96017088
9633,23.93245888,25.01789772,0.96874178
9634,26.51427460,25.03286149,0.97032593
9635,24.36857414,25.02621862,0.97186146
9636,24.92395782,25.02519601,0.97274042
9637,25.73156738,25.03225972,0.96363179
9638,24.49674225,25.02690455,0.96078441
9639,26.66972923,25.04333280,0.96382288
9640,26.01649666,25.05306444,0.95940472
9641,23.48899269,25.03742372,0.96211692
9642,25.21914482,25.03924093,0.96669260
9643,22.72791862,25.01612771,0.95934418
9644,24.82396126,25.01420604,0.96383050
9645,24.05568314,25.00462081,0.95319091
9646,24.81464577,25.00272106,0.96784064
9647,23.73420143,24.99003587,0.96649360
9648,25.39265633,24.99406207,0.97597681
9649,25.15966034,24.99571805,0.97219811
9650,24.89750481,24.99473592,0.97090940
9651,25.03893661,24.99517793,0.97722242
9652,25.11798286,24.99640598,0.97912100
9653,25.21435165,24.99858543,0.97068019
9654,25.00291252,24.99862870,0.97162071
9655,25.13414001,24.99998382,0.97248637
9656,26.53436661,25.01532765,0.96822377
9657,27.14327049,25.03660707,0.97223643
9658,24.41063499,25.03034735,0.96903430
9659,24.12155151,25.02125939,0.95898686
9660,26.92211914,25.04026799,0.95874934
9661,26.18402100,25.05170552,0.94958886
9662,25.36162949,25.05480476,0.94549606
9663,25.82818222,25.06253854,0.94577510
9664,23.68704033,25.04878355,0.94595341
9665,26.19867706,25.06028249,0.94613846
9666,26.14678383,25.07114750,0.94471075
9667,25.76210403,25.07805707,0.94662816
9668,25.71788597,25.08445536,0.87492372
9669,26.05410767,25.09415188,0.86852312
9670,25.08687973,25.09407916,0.87033730
9671,25.13956070,25.09453397,0.88175916
9672,24.68482208,25.09043686,0.88304376
9673,24.01002121,25.07963270,0.88414698
9674,25.63722420,25.08520861,0.89634813
9675,25.34217453,25.08777827,0.89633131
9676,25.73677826,25.09426827,0.88959822
9677,25.70193481,25.10034494,0.88997866
9678,25.30278778,25.10236937,0.88565533
9679,25.69921875,25.10833786,0.95033199
9680,25.63588524,25.11361333,0.94826072
9681,23.99793434,25.10245654,0.95198985
9682,24.82273293,25.09965931,0.95314996
9683,26.47188187,25.11338153,0.94881390
9684,25.79597664,25.12020748,0.94375856
9685,25.93177032,25.12832311,0.94195423
9686,25.53721619,25.13241204,0.94043057
9687,24.82192612,25.12930718,0.96145900
9688,26.46714592,25.14268557,0.96034454
9689,25.99543953,25.15121311,0.96533699
9690,25.68789291,25.15657991,0.98076884
9691,26.18919182,25.16690603,0.97675744
9692,26.12918091,25.17652878,0.96419968
9693,25.93540955,25.18411759,0.96629060
9694,26.13822174,25.19365863,0.93915110
9695,25.87093353,25.20043138,0.93872119
9696,26.92768669,25.21770393,0.93309749
9697,25.71674919,25.22269438,0.93269146
9698,26.75175285,25.23798497,0.92276257
9699,25.70896339,25.24269475,0.92590057
9700,24.97330475,25.24000085,0.92592178
9701,26.62843704,25.25388521,0.92893652
9702,26.04182625,25.26176462,0.93163550
9703,24.55393982,25.25468637,0.93208715
9704,24.91581154,25.25129763,0.97598272
9705,26.01091194,25.25889377,0.97944647
9706,24.75934029,25.25389823,0.98054395
9707,26.84005356,25.26975979,0.97089179
9708,25.49526405,25.27201483,0.95123626
9709,24.86094093,25.26790409,0.94883464
9710,25.12653351,25.26649039,0.94398878
9711,24.87135887,25.26253907,0.92695586
9712,26.18658638,25.27177954,0.92488581
9713,25.16290283,25.27069078,0.93066060
9714,24.63994026,25.26438327,0.95609907
9715,25.61524582,25.26789190,0.95477182
9716,25.65532684,25.27176625,0.95764081
9717,24.23349380,25.26138352,0.95600797
9718,23.80561066,25.24682579,0.96786722
9719,25.14788055,25.24583634,0.96608824
9720,24.17963982,25.23517438,0.96320779
9721,23.72548866,25.22007752,0.96329485
9722,24.88713074,25.21674805,0.96330072
9723,25.96591759,25.22423975,0.96524698
9724,23.65482140,25.20854556,0.95916511
9725,25.11880875,25.20764819,0.96310268
9726,24.80111313,25.20358284,0.96313417
9727,26.08063507,25.21235337,0.96157771
9728,26.40200424,25.22424987,0.95987126
9729,21.82614136,25.19026879,0.98187745
9730,24.95573425,25.18792344,0.98975457
9731,24.25889015,25.17863311,0.98954778
9732,24.73875237,25.17423430,1.01867902
9733,23.78822899,25.16037425,1.06232434
9734,24.56867409,25.15445725,1.05793703
9735,26.51536369,25.16806631,1.08361585
9736,24.71717644,25.16355741,1.08003719
9737,23.24753380,25.14439718,1.08494775
9738,25.61736107,25.14912682,1.09489859
9739,24.07416725,25.13837722,1.09881429
9740,22.88365746,25.11583002,1.09661191
9741,25.28600311,25.11753176,1.10374226
9742,25.60561371,25.12241257,1.09801857
9743,24.54996490,25.11668810,1.09762272
9744,25.87668228,25.12428804,1.09757728
9745,25.14876747,25.12453283,1.09755041
9746,25.50407219,25.12832823,1.09461973
9747,25.10991096,25.12814405,1.08424898
9748,25.51354980,25.13199811,1.09120318
9749,26.09081459,25.14158628,1.08081889
9750,25.22054482,25.14237586,1.08007616
9751,24.48848152,25.13583692,1.08027792
9752,26.00585365,25.14453709,1.07011718
9753,24.99559593,25.14304768,1.06628847
9754,22.33407021,25.11495790,1.06552525
9755,24.38423347,25.10765066,1.06556802
9756,24.74133492,25.10398750,1.06166453
9757,24.83252907,25.10127291,1.12771682
9758,24.59595871,25.09621977,1.11352227
9759,25.10126495,25.09627022,1.11298114
9760,25.28619385,25.09816946,1.11366930
9761,25.43833351,25.10157110,1.11391635
9762,26.04452324,25.11100062,1.13489900
9763,26.25331306,25.12242375,1.12911460
9764,27.52849388,25.14648445,1.13178945
9765,26.62488937,25.16126850,1.14171261
9766,23.96947861,25.14935060,1.14012993
9767,24.39602280,25.14181732,1.14215130
9768,23.54182816,25.12581743,1.14223604
9769,25.17584610,25.12631772,1.13686956
9770,24.61032677,25.12115781,1.13757419
9771,25.28475380,25.12279377,1.13467680
9772,25.11266518,25.12269248,1.12955230
9773,24.38944244,25.11535998,1.13011661
9774,24.98493195,25.11405570,1.13272232
9775,24.10976791,25.10401282,1.12478575
9776,24.86674309,25.10164012,1.12612872
9777,24.79296303,25.09855335,1.12925594
9778,24.92306328,25.09679845,1.12533477
9779,22.97209740,25.07555144,1.12211794
9780,23.62399673,25.06103589,1.08237507
9781,24.46629333,25.05508847,1.08373250
9782,22.31880569,25.02772564,1.08131735
9783,21.87415886,24.99618997,1.08341705
9784,25.99710655,25.00619914,1.07751259
9785,27.41375160,25.03027466,1.08400269
9786,24.78561974,25.02782811,1.07437864
9787,26.09379005,25.03848773,1.07799918
9788,23.42914581,25.02239431,1.09104587
9789,26.63997269,25.03857010,1.08961206
9790,24.27114296,25.03089583,1.08746610
9791,26.34454727,25.04403234,1.06770030
9792,25.07444000,25.04433642,1.07434430
9793,25.96447372,25.05353779,1.09679787
9794,24.03935242,25.04339594,1.10170751
9795,25.99471664,25.05290914,1.11236728
9796,25.01316071,25.05251166,1.11420653
9797,25.99614143,25.06194796,1.11581257
9798,26.31891823,25.07451766,1.11582075
9799,25.63014793,25.08007396,1.11704812
9800,25.40160370,25.08328926,1.12053594
9801,24.68561554,25.07931252,1.12049224
9802,24.49380875,25.07345749,1.12402383
9803,24.56623268,25.06838524,1.12921382
9804,24.56170654,25.06331845,1.13407825
9805,24.69573593,25.05964263,1.10367799
9806,25.09527779,25.05999898,1.10411400
9807,20.97444344,25.01914342,1.10790864
9808,24.51841736,25.01413616,1.12540345
9809,25.08528519,25.01484765,1.12577374
9810,25.19126892,25.01661186,1.16509126
9811,24.50395393,25.01148528,1.16492190
9812,22.53963280,24.98676676,1.16396708
9813,25.01604843,24.98705958,1.16925840
9814,25.51581955,24.99234718,1.16209613
9815,26.29409027,25.00536461,1.13424169
9816,24.72369003,25.00254786,1.12218748
9817,25.68797874,25.00940217,1.13612941
9818,25.55642128,25.01487236,1.13486908
9819,24.30885124,25.00781215,1.12636275
9820,25.20123482,25.00974638,1.12640331
9821,24.93150330,25.00896395,1.12591331
9822,24.10601807,24.99993449,1.12630824
9823,25.16549110,25.00159005,1.12906895
9824,26.02718925,25.01184605,1.12778463
9825,24.67533112,25.00848090,1.12834405
9826,24.23782158,25.00077430,1.12857603
9827,25.67864609,25.00755302,1.13181054
9828,25.30301476,25.01050764,1.13805498
9829,23.69357109,24.99733827,1.14224706
9830,23.73001862,24.98466508,1.13234429
9831,25.33549309,24.98817336,1.12678944
9832,24.83319092,24.98662353,1.12631219
9833,25.53162384,24.99207354,1.09698666
9834,25.21724510,24.99432525,1.06991675
9835,26.11729431,25.00555494,1.06476548
9836,25.24152756,25.00791467,1.03490011
9837,23.90451050,24.99688063,1.04563468
9838,22.38501930,24.97076201,1.04486534
9839,25.10672951,24.97212169,1.04088955
9840,25.38851738,24.97628564,1.02996001
9841,24.63610458,24.97288383,1.03497186
9842,26.08536339,24.98400863,1.05147460
9843,27.18364525,25.00600500,1.06554473
9844,26.05146408,25.01645959,1.06477764
9845,26.70016479,25.03329664,1.07016096
9846,24.27901840,25.02575386,1.06901758
9847,24.14523315,25.01694865,1.06926743
9848,24.80324173,25.01481158,1.06244812
9849,24.16424942,25.00630596,1.05680428
9850,23.45351791,24.99077808,1.05423049
9851,24.63190460,24.98718934,1.05439152
9852,23.79916954,24.97530915,1.05495577
9853,26.32172775,24.98877333,1.05773205
9854,25.90497780,24.99793538,1.05945581
9855,25.28852081,25.00084123,1.09594624
9856,24.19441605,24.99277698,1.10261720
9857,25.85044098,25.00135362,1.10801689
9858,22.87757111,24.98011579,1.05018326
9859,25.35211372,24.98383577,1.05372299
9860,21.80733299,24.95207074,1.05307131
9861,25.07399940,24.95329003,1.05351805
9862,24.88949203,24.95265205,1.05481741
9863,23.21385002,24.93526403,1.03558875
9864,24.57614708,24.93167286,1.03521151
9865,25.17691994,24.93412533,1.03672112
9866,24.98616219,24.93464570,1.02862136
9867,26.77705574,24.95306980,1.03601720
9868,24.90871239,24.95262623,1.03337061
9869,24.96320724,24.95273204,1.03750810
9870,24.53519058,24.94855662,1.04844933
9871,24.83116913,24.94738275,1.05544093
9872,24.31644630,24.94107338,1.06488638
9873,25.58253670,24.94748802,1.07313882
9874,24.64556122,24.94446875,1.08752946
9875,24.41033363,24.93912740,1.08179320
9876,23.90298462,24.92876597,1.08950383
9877,23.88118553,24.91829017,1.08835858
9878,23.51665878,24.90427385,1.09987886
9879,23.71413994,24.89237251,1.10102690
9880,25.90297127,24.90247850,1.09607632
9881,25.34866142,24.90694033,1.09612609
9882,24.46293831,24.90250031,1.09505905
9883,24.59954834,24.89947079,1.10454948
9884,23.00299263,24.88050601,1.11140618
9885,25.10799599,24.88278091,1.11707852
9886,24.77541733,24.88170727,1.10933238
9887,26.26340294,24.89552423,1.11492083
9888,23.61497307,24.88271872,1.11701757
9889,23.60426140,24.86993414,1.09262315
9890,23.78759956,24.85911080,1.09417635
9891,25.88396263,24.86935932,1.09959728
9892,22.28660774,24.84353180,1.09985654
9893,22.86686134,24.82376510,1.09303932
9894,23.52058220,24.81073327,1.07230349
9895,23.23382759,24.79496421,1.06698839
9896,23.43804169,24.78139498,1.06635937
9897,24.17992210,24.77538026,1.09057668
9898,24.50817871,24.77270824,1.10162624
9899,23.38236427,24.75880480,1.11313477
9900,23.98649025,24.75108166,1.11304507
9901,25.09910583,24.75456190,1.10471653
9902,24.07037544,24.74772003,1.11445903
9903,25.24536514,24.75269648,1.11518963
9904,25.08240128,24.75599353,1.10991235
9905,21.58058739,24.72423947,1.10528110
9906,23.15289688,24.70852604,1.10468602
9907,23.17712021,24.69321199,1.11243011
9908,25.43672752,24.70064714,1.10990294
9909,25.28725624,24.70651323,1.10612668
9910,24.43148422,24.70376294,1.10873419
9911,24.97171974,24.70644251,1.07249362
9912,23.82848358,24.69766292,1.08298621
9913,25.17064476,24.70239274,1.08525292
9914,24.54908562,24.70085967,1.07371299
9915,25.40854836,24.70793655,1.08463573
9916,25.31394386,24.71399663,1.08535112
9917,23.16475487,24.69850421,1.09370312
9918,25.03771210,24.70189629,1.07862287
9919,23.11166382,24.68599396,1.08033445
9920,25.95258713,24.69865990,1.08032052
9921,25.72380638,24.70891136,1.09471872
9922,25.86957169,24.72051796,1.09490876
9923,25.93280792,24.73264086,1.09428590
9924,26.31437683,24.74845822,1.09418732
9925,23.87982559,24.73977190,1.09514683
9926,25.79285431,24.75030272,1.09720399
9927,24.60469437,24.74884664,1.09342318
9928,26.36122894,24.76497046,1.09333464
9929,23.77400398,24.75506080,1.08996487
9930,24.36176300,24.75112782,1.08491738
9931,25.55685043,24.75918504,1.09032619
9932,24.83489037,24.75994210,1.09340235
9933,26.00901794,24.77243286,1.09888997
9934,23.08102417,24.75551877,1.09874825
9935,23.27940178,24.74075760,1.08855702
9936,24.83776474,24.74172767,1.09188958
9937,25.71888542,24.75149925,1.09361428
9938,25.61213875,24.76010564,1.08605992
9939,24.94379044,24.76194249,1.08116750
9940,25.23975563,24.76672062,1.08837436
9941,25.83370972,24.77739051,1.08493439
9942,24.29854965,24.77260210,1.09747350
9943,24.11766815,24.76605277,1.07099739
9944,25.65673256,24.77495956,1.05769147
9945,25.22106552,24.77942062,1.05268040
9946,26.42674255,24.79589384,1.04168017
9947,26.95595360,24.81749444,1.03571779
9948,26.34575462,24.83277704,1.03467833
9949,26.27981949,24.84724747,1.03496080
9950,25.36449814,24.85241997,1.02631473
9951,24.43449402,24.84824071,1.02395099
9952,23.19316673,24.83168997,1.02396990
9953,23.56543159,24.81902739,1.02223056
9954,23.61169624,24.80695408,1.02163492
9955,25.01356316,24.80902017,1.02163993
9956,24.92677689,24.81019774,0.97278830
9957,26.10281754,24.82312393,0.96054449
9958,25.34384537,24.82833115,0.94864083
9959,22.93936729,24.80944151,0.94685701
9960,23.68655205,24.79821262,0.94597643
9961,23.69100761,24.78714057,0.94616308
9962,26.18206406,24.80108980,0.94651596
9963,25.37010956,24.80678000,0.94296713
9964,24.67495537,24.80546175,0.94258334
9965,26.26290703,24.82003620,0.94305898
9966,25.24511147,24.82428696,0.94119257
9967,23.32807350,24.80932482,0.93990280
9968,25.39714813,24.81520306,0.92792321
9969,25.30488777,24.82009990,0.92795079
9970,24.55564308,24.81745533,0.91505468
9971,26.51433754,24.83442416,0.90725965
9972,24.51330948,24.83121301,0.90213853
9973,25.08135223,24.83371440,0.89515003
9974,23.97971916,24.82517445,0.88717317
9975,24.20388603,24.81896157,0.87290635
9976,25.49928093,24.82576476,0.86965644
9977,24.62939072,24.82380102,0.86309668
9978,25.67177200,24.83228073,0.86344467
9979,23.75919342,24.82154986,0.84755114
9980,25.08282089,24.82416257,0.84319556
9981,23.19333267,24.80785427,0.84299189
9982,23.71052742,24.79688100,0.83871753
9983,23.52222443,24.78413443,0.83886392
9984,24.72154808,24.78350857,0.82847471
9985,23.72837639,24.77295725,0.81393164
9986,23.73035049,24.76253118,0.80280409
9987,25.26981926,24.76760406,0.80293631
9988,25.39143753,24.77384240,0.79622649
9989,25.18385887,24.77794256,0.79073605
9990,26.42809677,24.79444410,0.79043928
9991,25.23724556,24.79887212,0.78844698
9992,22.71642113,24.77804761,0.77969640
9993,25.31344032,24.78340153,0.77921292
9994,23.84790039,24.77404652,0.77779060
9995,24.02790260,24.76658508,0.77127204
9996,24.73014069,24.76622064,0.76918113
9997,25.46596909,24.77321812,0.74823981
9998,25.13872528,24.77687320,0.71160948
9999,24.41431427,24.77324761,0.69072279
10000,24.44345665,24.76994970,0.67072203
