Importing module 'gym_38' (/home/lwulo/isaacgym/python/isaacgym/_bindings/linux-x86_64/gym_38.so)
Setting GYM_USD_PLUG_INFO_PATH to /home/lwulo/isaacgym/python/isaacgym/_bindings/linux-x86_64/usd/plugInfo.json
PyTorch version 1.13.1+cu117
Device count 1
/home/lwulo/isaacgym/python/isaacgym/_bindings/src/gymtorch
Using /home/lwulo/.cache/torch_extensions/py38_cu117 as PyTorch extensions root...
Emitting ninja build file /home/lwulo/.cache/torch_extensions/py38_cu117/gymtorch/build.ninja...
Building extension module gymtorch...
Allowing ninja to set a default number of workers... (overridable by setting the environment variable MAX_JOBS=N)
ninja: no work to do.
Loading extension module gymtorch...
Gym has been unmaintained since 2022 and does not support NumPy 2.0 amongst other critical functionality.
Please upgrade to Gymnasium, the maintained drop-in replacement of Gym, or contact the authors of your software and request that they upgrade.
See the migration guide at https://gymnasium.farama.org/introduction/migration_guide/ for additional information.
/home/lwulo/miniconda3/envs/rlgpu/lib/python3.8/site-packages/torch/utils/tensorboard/__init__.py:4: DeprecationWarning: distutils Version classes are deprecated. Use packaging.version instead.
  if not hasattr(tensorboard, "__version__") or LooseVersion(
[37m[1485 ms][compare_rl_vs_baseline] - INFO : ====================================================================== (compare_rl_vs_baseline_v2.py:564)[0m
[37m[1485 ms][compare_rl_vs_baseline] - INFO : Comparative Experiment: RL vs PID+Greedy Baseline (compare_rl_vs_baseline_v2.py:565)[0m
[37m[1485 ms][compare_rl_vs_baseline] - INFO : ====================================================================== (compare_rl_vs_baseline_v2.py:566)[0m
[37m[1485 ms][compare_rl_vs_baseline] - INFO : Initializing environment (num_envs=100, seed=42)... (compare_rl_vs_baseline_v2.py:576)[0m
[37m[1485 ms][base_task] - INFO : Setting seed: 42 (base_task.py:38)[0m
[37m[1485 ms][navigation_task_gmm_noise] - INFO : Building environment for navigation task (GMM noise). (navigation_task_gmm_noise.py:46)[0m
[37m[1485 ms][navigation_task_gmm_noise] - INFO : Sim Name: base_sim, Env Name: env_with_obstacles, Robot Name: lmf2, Controller Name: lmf2_velocity_control (navigation_task_gmm_noise.py:47)[0m
[37m[1485 ms][env_manager] - INFO : Populating environments. (env_manager.py:73)[0m
[37m[1485 ms][env_manager] - INFO : Creating simulation instance. (env_manager.py:87)[0m
[37m[1485 ms][env_manager] - INFO : Instantiating IGE object. (env_manager.py:88)[0m
[37m[1485 ms][IsaacGymEnvManager] - INFO : Creating Isaac Gym Environment (IGE_env_manager.py:41)[0m
[37m[1485 ms][IsaacGymEnvManager] - INFO : Acquiring gym object (IGE_env_manager.py:73)[0m
[37m[1485 ms][IsaacGymEnvManager] - INFO : Acquired gym object (IGE_env_manager.py:75)[0m
[37m[1486 ms][IsaacGymEnvManager] - INFO : Fixing devices (IGE_env_manager.py:89)[0m
[37m[1486 ms][IsaacGymEnvManager] - INFO : Using GPU pipeline for simulation. (IGE_env_manager.py:102)[0m
[37m[1486 ms][IsaacGymEnvManager] - INFO : Sim Device type: cuda, Sim Device ID: 0 (IGE_env_manager.py:105)[0m
[31;1m[1486 ms][IsaacGymEnvManager] - CRITICAL : 
 Setting graphics device to -1.
 This is done because the simulation is run in headless mode and no Isaac Gym cameras are used.
 No need to worry. The simulation and warp rendering will work as expected. (IGE_env_manager.py:112)[0m
[37m[1486 ms][IsaacGymEnvManager] - INFO : Graphics Device ID: -1 (IGE_env_manager.py:119)[0m
[37m[1486 ms][IsaacGymEnvManager] - INFO : Creating Isaac Gym Simulation Object (IGE_env_manager.py:120)[0m
[33;20m[1486 ms][IsaacGymEnvManager] - WARNING : If you have set the CUDA_VISIBLE_DEVICES environment variable, please ensure that you set it
to a particular one that works for your system to use the viewer or Isaac Gym cameras.
If you want to run parallel simulations on multiple GPUs with camera sensors,
please disable Isaac Gym and use warp (by setting use_warp=True), set the viewer to headless. (IGE_env_manager.py:127)[0m
[33;20m[1486 ms][IsaacGymEnvManager] - WARNING : If you see a segfault in the next lines, it is because of the discrepancy between the CUDA device and the graphics device.
Please ensure that the CUDA device and the graphics device are the same. (IGE_env_manager.py:132)[0m
Not connected to PVD
+++ Using GPU PhysX
Physics Engine: PhysX
Physics Device: cuda:0
GPU Pipeline: enabled
[37m[2143 ms][IsaacGymEnvManager] - INFO : Created Isaac Gym Simulation Object (IGE_env_manager.py:136)[0m
[37m[2143 ms][IsaacGymEnvManager] - INFO : Created Isaac Gym Environment (IGE_env_manager.py:43)[0m
[37m[2306 ms][env_manager] - INFO : IGE object instantiated. (env_manager.py:109)[0m
[37m[2306 ms][env_manager] - INFO : Creating warp environment. (env_manager.py:112)[0m
[37m[2306 ms][env_manager] - INFO : Warp environment created. (env_manager.py:114)[0m
[37m[2306 ms][env_manager] - INFO : Creating robot manager. (env_manager.py:118)[0m
[37m[2306 ms][BaseRobot] - INFO : [DONE] Initializing controller (base_robot.py:26)[0m
[37m[2306 ms][BaseRobot] - INFO : Initializing controller lmf2_velocity_control (base_robot.py:29)[0m
[33;20m[2307 ms][base_multirotor] - WARNING : Creating 100 multirotors. (base_multirotor.py:32)[0m
[37m[2307 ms][env_manager] - INFO : [DONE] Creating robot manager. (env_manager.py:123)[0m
[37m[2307 ms][env_manager] - INFO : [DONE] Creating simulation instance. (env_manager.py:125)[0m
[37m[2307 ms][asset_loader] - INFO : Loading asset: model.urdf for the first time. Next use of this asset will be via the asset buffer. (asset_loader.py:71)[0m
[37m[2307 ms][asset_loader] - INFO : Loading asset: panel.urdf for the first time. Next use of this asset will be via the asset buffer. (asset_loader.py:71)[0m
[37m[2309 ms][asset_loader] - INFO : Loading asset: small_cube.urdf for the first time. Next use of this asset will be via the asset buffer. (asset_loader.py:71)[0m
[37m[2309 ms][asset_loader] - INFO : Loading asset: left_wall.urdf for the first time. Next use of this asset will be via the asset buffer. (asset_loader.py:71)[0m
[37m[2310 ms][asset_loader] - INFO : Loading asset: right_wall.urdf for the first time. Next use of this asset will be via the asset buffer. (asset_loader.py:71)[0m
[37m[2311 ms][asset_loader] - INFO : Loading asset: back_wall.urdf for the first time. Next use of this asset will be via the asset buffer. (asset_loader.py:71)[0m
[37m[2311 ms][asset_loader] - INFO : Loading asset: front_wall.urdf for the first time. Next use of this asset will be via the asset buffer. (asset_loader.py:71)[0m
[37m[2312 ms][asset_loader] - INFO : Loading asset: bottom_wall.urdf for the first time. Next use of this asset will be via the asset buffer. (asset_loader.py:71)[0m
[37m[2313 ms][asset_loader] - INFO : Loading asset: top_wall.urdf for the first time. Next use of this asset will be via the asset buffer. (asset_loader.py:71)[0m
[37m[2318 ms][env_manager] - INFO : Populating environment 0 (env_manager.py:179)[0m
[33;20m[2613 ms][robot_manager] - WARNING : 
Robot mass: 12.03999999910593,
Inertia: tensor([[0.3404, 0.0000, 0.0000],
        [0.0000, 0.3404, 0.0000],
        [0.0000, 0.0000, 0.7508]], device='cuda:0'),
Robot COM: tensor([[0., 0., 0., 1.]], device='cuda:0') (robot_manager.py:427)[0m
[33;20m[2613 ms][robot_manager] - WARNING : Calculated robot mass and inertia for this robot. This code assumes that your robot is the same across environments. (robot_manager.py:430)[0m
[31;1m[2613 ms][robot_manager] - CRITICAL : If your robot differs across environments you need to perform this computation for each different robot here. (robot_manager.py:433)[0m
[33;20m[2768 ms][env_manager] - WARNING : DEBUG: keep_in_env=19, num_obstacles_in_env=19 (env_manager.py:253)[0m
[37m[2768 ms][env_manager] - INFO : [DONE] Populating environments. (env_manager.py:75)[0m
[33;20m[2787 ms][IsaacGymEnvManager] - WARNING : Headless: True (IGE_env_manager.py:424)[0m
[37m[2787 ms][IsaacGymEnvManager] - INFO : Headless mode. Viewer not created. (IGE_env_manager.py:434)[0m
*** Can't create empty tensor
[33;20m[2966 ms][asset_manager] - WARNING : Number of obstacles to be kept in the environment: 19 (asset_manager.py:32)[0m
/home/lwulo/workspaces/aerial_gym_ws/src/aerial_gym_simulator/aerial_gym/control/controllers/base_lee_controller.py:33: UserWarning: To copy construct from a tensor, it is recommended to use sourceTensor.clone().detach() or sourceTensor.clone().detach().requires_grad_(True), rather than torch.tensor(sourceTensor).
  self.K_pos_tensor_max = torch.tensor(
/home/lwulo/workspaces/aerial_gym_ws/src/aerial_gym_simulator/aerial_gym/control/controllers/base_lee_controller.py:36: UserWarning: To copy construct from a tensor, it is recommended to use sourceTensor.clone().detach() or sourceTensor.clone().detach().requires_grad_(True), rather than torch.tensor(sourceTensor).
  self.K_pos_tensor_min = torch.tensor(
/home/lwulo/workspaces/aerial_gym_ws/src/aerial_gym_simulator/aerial_gym/control/controllers/base_lee_controller.py:39: UserWarning: To copy construct from a tensor, it is recommended to use sourceTensor.clone().detach() or sourceTensor.clone().detach().requires_grad_(True), rather than torch.tensor(sourceTensor).
  self.K_linvel_tensor_max = torch.tensor(
/home/lwulo/workspaces/aerial_gym_ws/src/aerial_gym_simulator/aerial_gym/control/controllers/base_lee_controller.py:42: UserWarning: To copy construct from a tensor, it is recommended to use sourceTensor.clone().detach() or sourceTensor.clone().detach().requires_grad_(True), rather than torch.tensor(sourceTensor).
  self.K_linvel_tensor_min = torch.tensor(
/home/lwulo/workspaces/aerial_gym_ws/src/aerial_gym_simulator/aerial_gym/control/controllers/base_lee_controller.py:45: UserWarning: To copy construct from a tensor, it is recommended to use sourceTensor.clone().detach() or sourceTensor.clone().detach().requires_grad_(True), rather than torch.tensor(sourceTensor).
  self.K_rot_tensor_max = torch.tensor(
/home/lwulo/workspaces/aerial_gym_ws/src/aerial_gym_simulator/aerial_gym/control/controllers/base_lee_controller.py:48: UserWarning: To copy construct from a tensor, it is recommended to use sourceTensor.clone().detach() or sourceTensor.clone().detach().requires_grad_(True), rather than torch.tensor(sourceTensor).
  self.K_rot_tensor_min = torch.tensor(
/home/lwulo/workspaces/aerial_gym_ws/src/aerial_gym_simulator/aerial_gym/control/controllers/base_lee_controller.py:51: UserWarning: To copy construct from a tensor, it is recommended to use sourceTensor.clone().detach() or sourceTensor.clone().detach().requires_grad_(True), rather than torch.tensor(sourceTensor).
  self.K_angvel_tensor_max = torch.tensor(
/home/lwulo/workspaces/aerial_gym_ws/src/aerial_gym_simulator/aerial_gym/control/controllers/base_lee_controller.py:54: UserWarning: To copy construct from a tensor, it is recommended to use sourceTensor.clone().detach() or sourceTensor.clone().detach().requires_grad_(True), rather than torch.tensor(sourceTensor).
  self.K_angvel_tensor_min = torch.tensor(
/home/lwulo/workspaces/aerial_gym_ws/src/aerial_gym_simulator/aerial_gym/control/motor_model.py:45: UserWarning: To copy construct from a tensor, it is recommended to use sourceTensor.clone().detach() or sourceTensor.clone().detach().requires_grad_(True), rather than torch.tensor(sourceTensor).
  torch.tensor(self.min_thrust, device=self.device, dtype=torch.float32).expand(
/home/lwulo/workspaces/aerial_gym_ws/src/aerial_gym_simulator/aerial_gym/control/motor_model.py:48: UserWarning: To copy construct from a tensor, it is recommended to use sourceTensor.clone().detach() or sourceTensor.clone().detach().requires_grad_(True), rather than torch.tensor(sourceTensor).
  torch.tensor(self.max_thrust, device=self.device, dtype=torch.float32).expand(
[33;20m[3119 ms][control_allocation] - WARNING : Control allocation does not account for actuator limits. This leads to suboptimal allocation (control_allocation.py:48)[0m
[37m[3881 ms][WarpSensor] - INFO : Lidar sensor initialized (warp_sensor.py:41)[0m
[37m[5202 ms][compare_rl_vs_baseline] - INFO : Saving initial state snapshot... (compare_rl_vs_baseline_v2.py:581)[0m
[37m[5203 ms][compare_rl_vs_baseline] - INFO : 
====================================================================== (compare_rl_vs_baseline_v2.py:585)[0m
[37m[5203 ms][compare_rl_vs_baseline] - INFO : PHASE 1: Evaluating RL (PPO) Model (compare_rl_vs_baseline_v2.py:586)[0m
[37m[5203 ms][compare_rl_vs_baseline] - INFO : ====================================================================== (compare_rl_vs_baseline_v2.py:587)[0m
[37m[5203 ms][compare_rl_vs_baseline] - INFO : Loading PPO model from: /home/lwulo/workspaces/aerial_gym_ws/src/aerial_gym_simulator/aerial_gym/rl_training/rl_games/runs/gmm_noise_run_18-21-28-26/nn/last_gmm_noise_run_ep_4950_rew_69.69058.pth (compare_rl_vs_baseline_v2.py:203)[0m
[37m[5205 ms][compare_rl_vs_baseline] - INFO : PPO model loaded successfully (compare_rl_vs_baseline_v2.py:253)[0m
[37m[5206 ms][compare_rl_vs_baseline] - INFO : Starting RL phase for 1200 steps... (compare_rl_vs_baseline_v2.py:268)[0m
[33;20m[6281 ms][navigation_task_gmm_noise] - WARNING : TensorBoard writer not initialized (env vars not set) (navigation_task_gmm_noise.py:984)[0m
[33;20m[6281 ms][navigation_task_gmm_noise] - WARNING : [Step 0] success=0.0%, crash=0.0%, timeout=0.0%, hover_time=0.0, noise=0.685, tilt=1.3°, reward=-0.32 (navigation_task_gmm_noise.py:1084)[0m
[37m[6646 ms][compare_rl_vs_baseline] - INFO :   Step 0/1200 | Mean J = 7.3859 | Crashes: 0/100 (compare_rl_vs_baseline_v2.py:312)[0m
[37m[17214 ms][compare_rl_vs_baseline] - INFO :   Step 100/1200 | Mean J = 6.7394 | Crashes: 100/100 (compare_rl_vs_baseline_v2.py:312)[0m
[37m[27088 ms][compare_rl_vs_baseline] - INFO :   Step 200/1200 | Mean J = 6.5116 | Crashes: 100/100 (compare_rl_vs_baseline_v2.py:312)[0m
[37m[37016 ms][compare_rl_vs_baseline] - INFO :   Step 300/1200 | Mean J = 7.0454 | Crashes: 100/100 (compare_rl_vs_baseline_v2.py:312)[0m
[37m[47503 ms][compare_rl_vs_baseline] - INFO :   Step 400/1200 | Mean J = 7.7848 | Crashes: 100/100 (compare_rl_vs_baseline_v2.py:312)[0m
[37m[57447 ms][compare_rl_vs_baseline] - INFO :   Step 500/1200 | Mean J = 6.9257 | Crashes: 100/100 (compare_rl_vs_baseline_v2.py:312)[0m
[37m[67736 ms][compare_rl_vs_baseline] - INFO :   Step 600/1200 | Mean J = 5.8707 | Crashes: 100/100 (compare_rl_vs_baseline_v2.py:312)[0m
[37m[77701 ms][compare_rl_vs_baseline] - INFO :   Step 700/1200 | Mean J = 6.5897 | Crashes: 100/100 (compare_rl_vs_baseline_v2.py:312)[0m
[37m[87948 ms][compare_rl_vs_baseline] - INFO :   Step 800/1200 | Mean J = 6.9253 | Crashes: 100/100 (compare_rl_vs_baseline_v2.py:312)[0m
[37m[97990 ms][compare_rl_vs_baseline] - INFO :   Step 900/1200 | Mean J = 6.4927 | Crashes: 100/100 (compare_rl_vs_baseline_v2.py:312)[0m
[33;20m[107768 ms][navigation_task_gmm_noise] - WARNING : [Step 1000] success=0.0%, crash=100.0%, timeout=0.0%, hover_time=0.0, noise=0.701, tilt=6.8°, reward=-0.41 (navigation_task_gmm_noise.py:1084)[0m
[37m[107824 ms][compare_rl_vs_baseline] - INFO :   Step 1000/1200 | Mean J = 6.9469 | Crashes: 100/100 (compare_rl_vs_baseline_v2.py:312)[0m
[37m[118043 ms][compare_rl_vs_baseline] - INFO :   Step 1100/1200 | Mean J = 6.5791 | Crashes: 100/100 (compare_rl_vs_baseline_v2.py:312)[0m
[37m[127786 ms][compare_rl_vs_baseline] - INFO : RL phase completed. Final Mean J = 6.8275 | Total Crashed: 100/100 (compare_rl_vs_baseline_v2.py:314)[0m
[37m[128046 ms][compare_rl_vs_baseline] - INFO : Saved RL raw data to: /home/lwulo/workspaces/aerial_gym_ws/src/aerial_gym_simulator/aerial_gym/scripts/comparison_results/rl_j_curve_raw.csv (compare_rl_vs_baseline_v2.py:595)[0m
[37m[128046 ms][compare_rl_vs_baseline] - INFO : 
====================================================================== (compare_rl_vs_baseline_v2.py:601)[0m
[37m[128046 ms][compare_rl_vs_baseline] - INFO : PHASE 2: Evaluating PID + Greedy Baseline (compare_rl_vs_baseline_v2.py:602)[0m
[37m[128046 ms][compare_rl_vs_baseline] - INFO : ====================================================================== (compare_rl_vs_baseline_v2.py:603)[0m
[37m[128046 ms][compare_rl_vs_baseline] - INFO : Restoring initial state... (compare_rl_vs_baseline_v2.py:606)[0m
[37m[128050 ms][compare_rl_vs_baseline] - INFO : Starting Baseline phase for 1200 steps... (compare_rl_vs_baseline_v2.py:268)[0m
[37m[128147 ms][compare_rl_vs_baseline] - INFO :   Step 0/1200 | Mean J = 7.3736 | Crashes: 0/100 (compare_rl_vs_baseline_v2.py:312)[0m
[37m[137983 ms][compare_rl_vs_baseline] - INFO :   Step 100/1200 | Mean J = 1.8273 | Crashes: 32/100 (compare_rl_vs_baseline_v2.py:312)[0m
[37m[147838 ms][compare_rl_vs_baseline] - INFO :   Step 200/1200 | Mean J = 2.1882 | Crashes: 83/100 (compare_rl_vs_baseline_v2.py:312)[0m
[37m[157629 ms][compare_rl_vs_baseline] - INFO :   Step 300/1200 | Mean J = 2.1874 | Crashes: 93/100 (compare_rl_vs_baseline_v2.py:312)[0m
[37m[167468 ms][compare_rl_vs_baseline] - INFO :   Step 400/1200 | Mean J = 2.3100 | Crashes: 96/100 (compare_rl_vs_baseline_v2.py:312)[0m
[37m[177565 ms][compare_rl_vs_baseline] - INFO :   Step 500/1200 | Mean J = 2.1787 | Crashes: 96/100 (compare_rl_vs_baseline_v2.py:312)[0m
[37m[187411 ms][compare_rl_vs_baseline] - INFO :   Step 600/1200 | Mean J = 2.8142 | Crashes: 96/100 (compare_rl_vs_baseline_v2.py:312)[0m
[37m[197511 ms][compare_rl_vs_baseline] - INFO :   Step 700/1200 | Mean J = 1.8915 | Crashes: 96/100 (compare_rl_vs_baseline_v2.py:312)[0m
[33;20m[207235 ms][navigation_task_gmm_noise] - WARNING : [Step 2000] success=0.0%, crash=100.0%, timeout=0.0%, hover_time=0.0, noise=0.782, tilt=17.5°, reward=0.01 (navigation_task_gmm_noise.py:1084)[0m
[37m[207292 ms][compare_rl_vs_baseline] - INFO :   Step 800/1200 | Mean J = 1.9441 | Crashes: 96/100 (compare_rl_vs_baseline_v2.py:312)[0m
[37m[217165 ms][compare_rl_vs_baseline] - INFO :   Step 900/1200 | Mean J = 1.8682 | Crashes: 96/100 (compare_rl_vs_baseline_v2.py:312)[0m
[37m[226986 ms][compare_rl_vs_baseline] - INFO :   Step 1000/1200 | Mean J = 1.9457 | Crashes: 96/100 (compare_rl_vs_baseline_v2.py:312)[0m
[37m[237007 ms][compare_rl_vs_baseline] - INFO :   Step 1100/1200 | Mean J = 1.7034 | Crashes: 96/100 (compare_rl_vs_baseline_v2.py:312)[0m
[37m[247062 ms][compare_rl_vs_baseline] - INFO : Baseline phase completed. Final Mean J = 2.3537 | Total Crashed: 97/100 (compare_rl_vs_baseline_v2.py:314)[0m
[37m[247162 ms][compare_rl_vs_baseline] - INFO : Saved Baseline raw data to: /home/lwulo/workspaces/aerial_gym_ws/src/aerial_gym_simulator/aerial_gym/scripts/comparison_results/baseline_j_curve_raw.csv (compare_rl_vs_baseline_v2.py:616)[0m
[37m[247163 ms][compare_rl_vs_baseline] - INFO : 
====================================================================== (compare_rl_vs_baseline_v2.py:622)[0m
[37m[247163 ms][compare_rl_vs_baseline] - INFO : AGGREGATION AND VISUALIZATION (compare_rl_vs_baseline_v2.py:623)[0m
[37m[247163 ms][compare_rl_vs_baseline] - INFO : ====================================================================== (compare_rl_vs_baseline_v2.py:624)[0m
[37m[247163 ms][compare_rl_vs_baseline] - INFO : Aggregating data and generating plots... (compare_rl_vs_baseline_v2.py:347)[0m
[37m[247168 ms][compare_rl_vs_baseline] - INFO : Saved aggregated statistics to: /home/lwulo/workspaces/aerial_gym_ws/src/aerial_gym_simulator/aerial_gym/scripts/comparison_results/aggregated_stats.csv (compare_rl_vs_baseline_v2.py:373)[0m
findfont: Generic family 'serif' not found because none of the following families were found: Times New Roman
findfont: Generic family 'serif' not found because none of the following families were found: Times New Roman
findfont: Generic family 'serif' not found because none of the following families were found: Times New Roman
findfont: Generic family 'serif' not found because none of the following families were found: Times New Roman
findfont: Generic family 'serif' not found because none of the following families were found: Times New Roman
findfont: Generic family 'serif' not found because none of the following families were found: Times New Roman
findfont: Generic family 'serif' not found because none of the following families were found: Times New Roman
findfont: Generic family 'serif' not found because none of the following families were found: Times New Roman
findfont: Generic family 'serif' not found because none of the following families were found: Times New Roman
findfont: Generic family 'serif' not found because none of the following families were found: Times New Roman
findfont: Generic family 'serif' not found because none of the following families were found: Times New Roman
findfont: Generic family 'serif' not found because none of the following families were found: Times New Roman
findfont: Generic family 'serif' not found because none of the following families were found: Times New Roman
findfont: Generic family 'serif' not found because none of the following families were found: Times New Roman
findfont: Generic family 'serif' not found because none of the following families were found: Times New Roman
findfont: Generic family 'serif' not found because none of the following families were found: Times New Roman
findfont: Font family ['serif'] not found. Falling back to DejaVu Sans.
findfont: Generic family 'serif' not found because none of the following families were found: Times New Roman
findfont: Generic family 'serif' not found because none of the following families were found: Times New Roman
findfont: Generic family 'serif' not found because none of the following families were found: Times New Roman
findfont: Generic family 'serif' not found because none of the following families were found: Times New Roman
findfont: Generic family 'serif' not found because none of the following families were found: Times New Roman
findfont: Generic family 'serif' not found because none of the following families were found: Times New Roman
findfont: Generic family 'serif' not found because none of the following families were found: Times New Roman
findfont: Generic family 'serif' not found because none of the following families were found: Times New Roman
findfont: Generic family 'serif' not found because none of the following families were found: Times New Roman
findfont: Generic family 'serif' not found because none of the following families were found: Times New Roman
findfont: Generic family 'serif' not found because none of the following families were found: Times New Roman
findfont: Generic family 'serif' not found because none of the following families were found: Times New Roman
findfont: Generic family 'serif' not found because none of the following families were found: Times New Roman
findfont: Generic family 'serif' not found because none of the following families were found: Times New Roman
findfont: Generic family 'serif' not found because none of the following families were found: Times New Roman
findfont: Generic family 'serif' not found because none of the following families were found: Times New Roman
findfont: Generic family 'serif' not found because none of the following families were found: Times New Roman
findfont: Generic family 'serif' not found because none of the following families were found: Times New Roman
findfont: Generic family 'serif' not found because none of the following families were found: Times New Roman
findfont: Generic family 'serif' not found because none of the following families were found: Times New Roman
findfont: Generic family 'serif' not found because none of the following families were found: Times New Roman
findfont: Generic family 'serif' not found because none of the following families were found: Times New Roman
findfont: Generic family 'serif' not found because none of the following families were found: Times New Roman
findfont: Generic family 'serif' not found because none of the following families were found: Times New Roman
findfont: Generic family 'serif' not found because none of the following families were found: Times New Roman
findfont: Generic family 'serif' not found because none of the following families were found: Times New Roman
findfont: Generic family 'serif' not found because none of the following families were found: Times New Roman
findfont: Generic family 'serif' not found because none of the following families were found: Times New Roman
findfont: Generic family 'serif' not found because none of the following families were found: Times New Roman
findfont: Generic family 'serif' not found because none of the following families were found: Times New Roman
findfont: Generic family 'serif' not found because none of the following families were found: Times New Roman
findfont: Generic family 'serif' not found because none of the following families were found: Times New Roman
findfont: Generic family 'serif' not found because none of the following families were found: Times New Roman
findfont: Generic family 'serif' not found because none of the following families were found: Times New Roman
findfont: Generic family 'serif' not found because none of the following families were found: Times New Roman
findfont: Generic family 'serif' not found because none of the following families were found: Times New Roman
findfont: Generic family 'serif' not found because none of the following families were found: Times New Roman
findfont: Generic family 'serif' not found because none of the following families were found: Times New Roman
findfont: Generic family 'serif' not found because none of the following families were found: Times New Roman
findfont: Generic family 'serif' not found because none of the following families were found: Times New Roman
findfont: Generic family 'serif' not found because none of the following families were found: Times New Roman
findfont: Generic family 'serif' not found because none of the following families were found: Times New Roman
findfont: Generic family 'serif' not found because none of the following families were found: Times New Roman
findfont: Generic family 'serif' not found because none of the following families were found: Times New Roman
findfont: Generic family 'serif' not found because none of the following families were found: Times New Roman
findfont: Generic family 'serif' not found because none of the following families were found: Times New Roman
findfont: Generic family 'serif' not found because none of the following families were found: Times New Roman
findfont: Generic family 'serif' not found because none of the following families were found: Times New Roman
findfont: Generic family 'serif' not found because none of the following families were found: Times New Roman
findfont: Generic family 'serif' not found because none of the following families were found: Times New Roman
findfont: Generic family 'serif' not found because none of the following families were found: Times New Roman
findfont: Generic family 'serif' not found because none of the following families were found: Times New Roman
findfont: Generic family 'serif' not found because none of the following families were found: Times New Roman
findfont: Generic family 'serif' not found because none of the following families were found: Times New Roman
findfont: Generic family 'serif' not found because none of the following families were found: Times New Roman
findfont: Generic family 'serif' not found because none of the following families were found: Times New Roman
findfont: Generic family 'serif' not found because none of the following families were found: Times New Roman
findfont: Generic family 'serif' not found because none of the following families were found: Times New Roman
findfont: Generic family 'serif' not found because none of the following families were found: Times New Roman
findfont: Generic family 'serif' not found because none of the following families were found: Times New Roman
findfont: Generic family 'serif' not found because none of the following families were found: Times New Roman
findfont: Generic family 'serif' not found because none of the following families were found: Times New Roman
findfont: Generic family 'serif' not found because none of the following families were found: Times New Roman
findfont: Generic family 'serif' not found because none of the following families were found: Times New Roman
findfont: Generic family 'serif' not found because none of the following families were found: Times New Roman
findfont: Generic family 'serif' not found because none of the following families were found: Times New Roman
findfont: Generic family 'serif' not found because none of the following families were found: Times New Roman
findfont: Generic family 'serif' not found because none of the following families were found: Times New Roman
findfont: Generic family 'serif' not found because none of the following families were found: Times New Roman
findfont: Generic family 'serif' not found because none of the following families were found: Times New Roman
findfont: Generic family 'serif' not found because none of the following families were found: Times New Roman
findfont: Generic family 'serif' not found because none of the following families were found: Times New Roman
findfont: Generic family 'serif' not found because none of the following families were found: Times New Roman
findfont: Generic family 'serif' not found because none of the following families were found: Times New Roman
findfont: Generic family 'serif' not found because none of the following families were found: Times New Roman
findfont: Generic family 'serif' not found because none of the following families were found: Times New Roman
findfont: Generic family 'serif' not found because none of the following families were found: Times New Roman
findfont: Generic family 'serif' not found because none of the following families were found: Times New Roman
findfont: Generic family 'serif' not found because none of the following families were found: Times New Roman
findfont: Generic family 'serif' not found because none of the following families were found: Times New Roman
findfont: Generic family 'serif' not found because none of the following families were found: Times New Roman
findfont: Generic family 'serif' not found because none of the following families were found: Times New Roman
findfont: Generic family 'serif' not found because none of the following families were found: Times New Roman
findfont: Generic family 'serif' not found because none of the following families were found: Times New Roman
findfont: Generic family 'serif' not found because none of the following families were found: Times New Roman
findfont: Generic family 'serif' not found because none of the following families were found: Times New Roman
findfont: Generic family 'serif' not found because none of the following families were found: Times New Roman
findfont: Generic family 'serif' not found because none of the following families were found: Times New Roman
findfont: Generic family 'serif' not found because none of the following families were found: Times New Roman
findfont: Generic family 'serif' not found because none of the following families were found: Times New Roman
findfont: Generic family 'serif' not found because none of the following families were found: Times New Roman
findfont: Generic family 'serif' not found because none of the following families were found: Times New Roman
findfont: Generic family 'serif' not found because none of the following families were found: Times New Roman
findfont: Generic family 'serif' not found because none of the following families were found: Times New Roman
findfont: Generic family 'serif' not found because none of the following families were found: Times New Roman
findfont: Generic family 'serif' not found because none of the following families were found: Times New Roman
findfont: Generic family 'serif' not found because none of the following families were found: Times New Roman
findfont: Generic family 'serif' not found because none of the following families were found: Times New Roman
findfont: Generic family 'serif' not found because none of the following families were found: Times New Roman
findfont: Generic family 'serif' not found because none of the following families were found: Times New Roman
findfont: Generic family 'serif' not found because none of the following families were found: Times New Roman
findfont: Generic family 'serif' not found because none of the following families were found: Times New Roman
findfont: Generic family 'serif' not found because none of the following families were found: Times New Roman
findfont: Generic family 'serif' not found because none of the following families were found: Times New Roman
findfont: Generic family 'serif' not found because none of the following families were found: Times New Roman
findfont: Generic family 'serif' not found because none of the following families were found: Times New Roman
findfont: Generic family 'serif' not found because none of the following families were found: Times New Roman
findfont: Generic family 'serif' not found because none of the following families were found: Times New Roman
findfont: Generic family 'serif' not found because none of the following families were found: Times New Roman
findfont: Generic family 'serif' not found because none of the following families were found: Times New Roman
findfont: Generic family 'serif' not found because none of the following families were found: Times New Roman
findfont: Generic family 'serif' not found because none of the following families were found: Times New Roman
findfont: Generic family 'serif' not found because none of the following families were found: Times New Roman
findfont: Generic family 'serif' not found because none of the following families were found: Times New Roman
findfont: Generic family 'serif' not found because none of the following families were found: Times New Roman
findfont: Generic family 'serif' not found because none of the following families were found: Times New Roman
findfont: Generic family 'serif' not found because none of the following families were found: Times New Roman
findfont: Generic family 'serif' not found because none of the following families were found: Times New Roman
findfont: Generic family 'serif' not found because none of the following families were found: Times New Roman
findfont: Generic family 'serif' not found because none of the following families were found: Times New Roman
findfont: Generic family 'serif' not found because none of the following families were found: Times New Roman
findfont: Generic family 'serif' not found because none of the following families were found: Times New Roman
findfont: Generic family 'serif' not found because none of the following families were found: Times New Roman
findfont: Generic family 'serif' not found because none of the following families were found: Times New Roman
findfont: Generic family 'serif' not found because none of the following families were found: Times New Roman
findfont: Generic family 'serif' not found because none of the following families were found: Times New Roman
findfont: Generic family 'serif' not found because none of the following families were found: Times New Roman
findfont: Generic family 'serif' not found because none of the following families were found: Times New Roman
findfont: Generic family 'serif' not found because none of the following families were found: Times New Roman
findfont: Generic family 'serif' not found because none of the following families were found: Times New Roman
findfont: Generic family 'serif' not found because none of the following families were found: Times New Roman
findfont: Generic family 'serif' not found because none of the following families were found: Times New Roman
findfont: Generic family 'serif' not found because none of the following families were found: Times New Roman
[37m[247486 ms][compare_rl_vs_baseline] - INFO : Saved PNG plot to: /home/lwulo/workspaces/aerial_gym_ws/src/aerial_gym_simulator/aerial_gym/scripts/comparison_results/j_convergence_comparison_600dpi.png (compare_rl_vs_baseline_v2.py:418)[0m
findfont: Generic family 'serif' not found because none of the following families were found: Times New Roman
findfont: Generic family 'serif' not found because none of the following families were found: Times New Roman
findfont: Generic family 'serif' not found because none of the following families were found: Times New Roman
findfont: Generic family 'serif' not found because none of the following families were found: Times New Roman
findfont: Generic family 'serif' not found because none of the following families were found: Times New Roman
findfont: Generic family 'serif' not found because none of the following families were found: Times New Roman
findfont: Generic family 'serif' not found because none of the following families were found: Times New Roman
findfont: Generic family 'serif' not found because none of the following families were found: Times New Roman
findfont: Generic family 'serif' not found because none of the following families were found: Times New Roman
findfont: Generic family 'serif' not found because none of the following families were found: Times New Roman
findfont: Generic family 'serif' not found because none of the following families were found: Times New Roman
findfont: Generic family 'serif' not found because none of the following families were found: Times New Roman
findfont: Generic family 'serif' not found because none of the following families were found: Times New Roman
findfont: Generic family 'serif' not found because none of the following families were found: Times New Roman
findfont: Generic family 'serif' not found because none of the following families were found: Times New Roman
findfont: Generic family 'serif' not found because none of the following families were found: Times New Roman
findfont: Generic family 'serif' not found because none of the following families were found: Times New Roman
findfont: Generic family 'serif' not found because none of the following families were found: Times New Roman
findfont: Generic family 'serif' not found because none of the following families were found: Times New Roman
findfont: Generic family 'serif' not found because none of the following families were found: Times New Roman
findfont: Generic family 'serif' not found because none of the following families were found: Times New Roman
findfont: Generic family 'serif' not found because none of the following families were found: Times New Roman
findfont: Generic family 'serif' not found because none of the following families were found: Times New Roman
findfont: Generic family 'serif' not found because none of the following families were found: Times New Roman
findfont: Generic family 'serif' not found because none of the following families were found: Times New Roman
findfont: Generic family 'serif' not found because none of the following families were found: Times New Roman
findfont: Generic family 'serif' not found because none of the following families were found: Times New Roman
findfont: Generic family 'serif' not found because none of the following families were found: Times New Roman
findfont: Generic family 'serif' not found because none of the following families were found: Times New Roman
findfont: Generic family 'serif' not found because none of the following families were found: Times New Roman
findfont: Generic family 'serif' not found because none of the following families were found: Times New Roman
findfont: Generic family 'serif' not found because none of the following families were found: Times New Roman
findfont: Generic family 'serif' not found because none of the following families were found: Times New Roman
findfont: Generic family 'serif' not found because none of the following families were found: Times New Roman
findfont: Generic family 'serif' not found because none of the following families were found: Times New Roman
findfont: Generic family 'serif' not found because none of the following families were found: Times New Roman
findfont: Generic family 'serif' not found because none of the following families were found: Times New Roman
findfont: Generic family 'serif' not found because none of the following families were found: Times New Roman
findfont: Generic family 'serif' not found because none of the following families were found: Times New Roman
findfont: Generic family 'serif' not found because none of the following families were found: Times New Roman
findfont: Generic family 'serif' not found because none of the following families were found: Times New Roman
findfont: Generic family 'serif' not found because none of the following families were found: Times New Roman
findfont: Generic family 'serif' not found because none of the following families were found: Times New Roman
findfont: Generic family 'serif' not found because none of the following families were found: Times New Roman
findfont: Generic family 'serif' not found because none of the following families were found: Times New Roman
findfont: Generic family 'serif' not found because none of the following families were found: Times New Roman
findfont: Generic family 'serif' not found because none of the following families were found: Times New Roman
findfont: Generic family 'serif' not found because none of the following families were found: Times New Roman
findfont: Generic family 'serif' not found because none of the following families were found: Times New Roman
findfont: Generic family 'serif' not found because none of the following families were found: Times New Roman
findfont: Generic family 'serif' not found because none of the following families were found: Times New Roman
findfont: Generic family 'serif' not found because none of the following families were found: Times New Roman
findfont: Generic family 'serif' not found because none of the following families were found: Times New Roman
findfont: Generic family 'serif' not found because none of the following families were found: Times New Roman
findfont: Generic family 'serif' not found because none of the following families were found: Times New Roman
findfont: Generic family 'serif' not found because none of the following families were found: Times New Roman
findfont: Generic family 'serif' not found because none of the following families were found: Times New Roman
findfont: Generic family 'serif' not found because none of the following families were found: Times New Roman
findfont: Generic family 'serif' not found because none of the following families were found: Times New Roman
findfont: Generic family 'serif' not found because none of the following families were found: Times New Roman
findfont: Generic family 'serif' not found because none of the following families were found: Times New Roman
findfont: Generic family 'serif' not found because none of the following families were found: Times New Roman
findfont: Generic family 'serif' not found because none of the following families were found: Times New Roman
findfont: Generic family 'serif' not found because none of the following families were found: Times New Roman
findfont: Generic family 'serif' not found because none of the following families were found: Times New Roman
findfont: Generic family 'serif' not found because none of the following families were found: Times New Roman
findfont: Generic family 'serif' not found because none of the following families were found: Times New Roman
findfont: Generic family 'serif' not found because none of the following families were found: Times New Roman
findfont: Generic family 'serif' not found because none of the following families were found: Times New Roman
findfont: Generic family 'serif' not found because none of the following families were found: Times New Roman
findfont: Generic family 'serif' not found because none of the following families were found: Times New Roman
findfont: Generic family 'serif' not found because none of the following families were found: Times New Roman
findfont: Generic family 'serif' not found because none of the following families were found: Times New Roman
findfont: Generic family 'serif' not found because none of the following families were found: Times New Roman
findfont: Generic family 'serif' not found because none of the following families were found: Times New Roman
findfont: Generic family 'serif' not found because none of the following families were found: Times New Roman
findfont: Generic family 'serif' not found because none of the following families were found: Times New Roman
findfont: Generic family 'serif' not found because none of the following families were found: Times New Roman
findfont: Generic family 'serif' not found because none of the following families were found: Times New Roman
findfont: Generic family 'serif' not found because none of the following families were found: Times New Roman
findfont: Generic family 'serif' not found because none of the following families were found: Times New Roman
findfont: Generic family 'serif' not found because none of the following families were found: Times New Roman
findfont: Generic family 'serif' not found because none of the following families were found: Times New Roman
findfont: Generic family 'serif' not found because none of the following families were found: Times New Roman
findfont: Generic family 'serif' not found because none of the following families were found: Times New Roman
findfont: Generic family 'serif' not found because none of the following families were found: Times New Roman
findfont: Generic family 'serif' not found because none of the following families were found: Times New Roman
findfont: Generic family 'serif' not found because none of the following families were found: Times New Roman
findfont: Generic family 'serif' not found because none of the following families were found: Times New Roman
findfont: Generic family 'serif' not found because none of the following families were found: Times New Roman
findfont: Generic family 'serif' not found because none of the following families were found: Times New Roman
findfont: Generic family 'serif' not found because none of the following families were found: Times New Roman
findfont: Generic family 'serif' not found because none of the following families were found: Times New Roman
findfont: Generic family 'serif' not found because none of the following families were found: Times New Roman
findfont: Generic family 'serif' not found because none of the following families were found: Times New Roman
findfont: Generic family 'serif' not found because none of the following families were found: Times New Roman
findfont: Generic family 'serif' not found because none of the following families were found: Times New Roman
findfont: Generic family 'serif' not found because none of the following families were found: Times New Roman
findfont: Generic family 'serif' not found because none of the following families were found: Times New Roman
findfont: Generic family 'serif' not found because none of the following families were found: Times New Roman
findfont: Generic family 'serif' not found because none of the following families were found: Times New Roman
findfont: Generic family 'serif' not found because none of the following families were found: Times New Roman
findfont: Generic family 'serif' not found because none of the following families were found: Times New Roman
findfont: Generic family 'serif' not found because none of the following families were found: Times New Roman
findfont: Generic family 'serif' not found because none of the following families were found: Times New Roman
findfont: Generic family 'serif' not found because none of the following families were found: Times New Roman
findfont: Generic family 'serif' not found because none of the following families were found: Times New Roman
findfont: Generic family 'serif' not found because none of the following families were found: Times New Roman
[37m[247618 ms][compare_rl_vs_baseline] - INFO : Saved PDF plot to: /home/lwulo/workspaces/aerial_gym_ws/src/aerial_gym_simulator/aerial_gym/scripts/comparison_results/j_convergence_comparison.pdf (compare_rl_vs_baseline_v2.py:423)[0m
[37m[247618 ms][compare_rl_vs_baseline] - INFO : === Summary Statistics === (compare_rl_vs_baseline_v2.py:428)[0m
[37m[247618 ms][compare_rl_vs_baseline] - INFO : RL Final EMA: 6.8949 (compare_rl_vs_baseline_v2.py:429)[0m
[37m[247618 ms][compare_rl_vs_baseline] - INFO : Baseline Final EMA: 2.1371 (compare_rl_vs_baseline_v2.py:430)[0m
[37m[247618 ms][compare_rl_vs_baseline] - INFO : Improvement: -222.63% (compare_rl_vs_baseline_v2.py:431)[0m
[37m[247618 ms][compare_rl_vs_baseline] - INFO : Generating crash rate comparison plot... (compare_rl_vs_baseline_v2.py:436)[0m
findfont: Generic family 'serif' not found because none of the following families were found: Times New Roman
findfont: Generic family 'serif' not found because none of the following families were found: Times New Roman
findfont: Generic family 'serif' not found because none of the following families were found: Times New Roman
findfont: Generic family 'serif' not found because none of the following families were found: Times New Roman
findfont: Generic family 'serif' not found because none of the following families were found: Times New Roman
findfont: Generic family 'serif' not found because none of the following families were found: Times New Roman
findfont: Generic family 'serif' not found because none of the following families were found: Times New Roman
findfont: Generic family 'serif' not found because none of the following families were found: Times New Roman
findfont: Generic family 'serif' not found because none of the following families were found: Times New Roman
findfont: Generic family 'serif' not found because none of the following families were found: Times New Roman
findfont: Generic family 'serif' not found because none of the following families were found: Times New Roman
findfont: Generic family 'serif' not found because none of the following families were found: Times New Roman
findfont: Generic family 'serif' not found because none of the following families were found: Times New Roman
findfont: Generic family 'serif' not found because none of the following families were found: Times New Roman
findfont: Generic family 'serif' not found because none of the following families were found: Times New Roman
findfont: Generic family 'serif' not found because none of the following families were found: Times New Roman
findfont: Generic family 'serif' not found because none of the following families were found: Times New Roman
findfont: Generic family 'serif' not found because none of the following families were found: Times New Roman
findfont: Generic family 'serif' not found because none of the following families were found: Times New Roman
findfont: Generic family 'serif' not found because none of the following families were found: Times New Roman
findfont: Generic family 'serif' not found because none of the following families were found: Times New Roman
findfont: Generic family 'serif' not found because none of the following families were found: Times New Roman
findfont: Generic family 'serif' not found because none of the following families were found: Times New Roman
findfont: Generic family 'serif' not found because none of the following families were found: Times New Roman
findfont: Generic family 'serif' not found because none of the following families were found: Times New Roman
findfont: Generic family 'serif' not found because none of the following families were found: Times New Roman
findfont: Generic family 'serif' not found because none of the following families were found: Times New Roman
findfont: Generic family 'serif' not found because none of the following families were found: Times New Roman
findfont: Generic family 'serif' not found because none of the following families were found: Times New Roman
findfont: Generic family 'serif' not found because none of the following families were found: Times New Roman
findfont: Generic family 'serif' not found because none of the following families were found: Times New Roman
findfont: Generic family 'serif' not found because none of the following families were found: Times New Roman
findfont: Generic family 'serif' not found because none of the following families were found: Times New Roman
findfont: Generic family 'serif' not found because none of the following families were found: Times New Roman
findfont: Generic family 'serif' not found because none of the following families were found: Times New Roman
findfont: Generic family 'serif' not found because none of the following families were found: Times New Roman
findfont: Generic family 'serif' not found because none of the following families were found: Times New Roman
findfont: Generic family 'serif' not found because none of the following families were found: Times New Roman
findfont: Generic family 'serif' not found because none of the following families were found: Times New Roman
findfont: Generic family 'serif' not found because none of the following families were found: Times New Roman
findfont: Generic family 'serif' not found because none of the following families were found: Times New Roman
findfont: Generic family 'serif' not found because none of the following families were found: Times New Roman
findfont: Generic family 'serif' not found because none of the following families were found: Times New Roman
findfont: Generic family 'serif' not found because none of the following families were found: Times New Roman
findfont: Generic family 'serif' not found because none of the following families were found: Times New Roman
findfont: Generic family 'serif' not found because none of the following families were found: Times New Roman
findfont: Generic family 'serif' not found because none of the following families were found: Times New Roman
findfont: Generic family 'serif' not found because none of the following families were found: Times New Roman
findfont: Generic family 'serif' not found because none of the following families were found: Times New Roman
findfont: Generic family 'serif' not found because none of the following families were found: Times New Roman
findfont: Generic family 'serif' not found because none of the following families were found: Times New Roman
findfont: Generic family 'serif' not found because none of the following families were found: Times New Roman
findfont: Generic family 'serif' not found because none of the following families were found: Times New Roman
findfont: Generic family 'serif' not found because none of the following families were found: Times New Roman
findfont: Generic family 'serif' not found because none of the following families were found: Times New Roman
findfont: Generic family 'serif' not found because none of the following families were found: Times New Roman
findfont: Generic family 'serif' not found because none of the following families were found: Times New Roman
findfont: Generic family 'serif' not found because none of the following families were found: Times New Roman
findfont: Generic family 'serif' not found because none of the following families were found: Times New Roman
findfont: Generic family 'serif' not found because none of the following families were found: Times New Roman
findfont: Generic family 'serif' not found because none of the following families were found: Times New Roman
findfont: Generic family 'serif' not found because none of the following families were found: Times New Roman
findfont: Generic family 'serif' not found because none of the following families were found: Times New Roman
findfont: Generic family 'serif' not found because none of the following families were found: Times New Roman
findfont: Generic family 'serif' not found because none of the following families were found: Times New Roman
findfont: Generic family 'serif' not found because none of the following families were found: Times New Roman
findfont: Generic family 'serif' not found because none of the following families were found: Times New Roman
findfont: Generic family 'serif' not found because none of the following families were found: Times New Roman
findfont: Generic family 'serif' not found because none of the following families were found: Times New Roman
findfont: Generic family 'serif' not found because none of the following families were found: Times New Roman
findfont: Generic family 'serif' not found because none of the following families were found: Times New Roman
findfont: Generic family 'serif' not found because none of the following families were found: Times New Roman
findfont: Generic family 'serif' not found because none of the following families were found: Times New Roman
findfont: Generic family 'serif' not found because none of the following families were found: Times New Roman
findfont: Generic family 'serif' not found because none of the following families were found: Times New Roman
findfont: Generic family 'serif' not found because none of the following families were found: Times New Roman
findfont: Generic family 'serif' not found because none of the following families were found: Times New Roman
findfont: Generic family 'serif' not found because none of the following families were found: Times New Roman
findfont: Generic family 'serif' not found because none of the following families were found: Times New Roman
findfont: Generic family 'serif' not found because none of the following families were found: Times New Roman
findfont: Generic family 'serif' not found because none of the following families were found: Times New Roman
findfont: Generic family 'serif' not found because none of the following families were found: Times New Roman
findfont: Generic family 'serif' not found because none of the following families were found: Times New Roman
findfont: Generic family 'serif' not found because none of the following families were found: Times New Roman
findfont: Generic family 'serif' not found because none of the following families were found: Times New Roman
findfont: Generic family 'serif' not found because none of the following families were found: Times New Roman
findfont: Generic family 'serif' not found because none of the following families were found: Times New Roman
findfont: Generic family 'serif' not found because none of the following families were found: Times New Roman
findfont: Generic family 'serif' not found because none of the following families were found: Times New Roman
findfont: Generic family 'serif' not found because none of the following families were found: Times New Roman
findfont: Generic family 'serif' not found because none of the following families were found: Times New Roman
findfont: Generic family 'serif' not found because none of the following families were found: Times New Roman
findfont: Generic family 'serif' not found because none of the following families were found: Times New Roman
findfont: Generic family 'serif' not found because none of the following families were found: Times New Roman
findfont: Generic family 'serif' not found because none of the following families were found: Times New Roman
findfont: Generic family 'serif' not found because none of the following families were found: Times New Roman
findfont: Generic family 'serif' not found because none of the following families were found: Times New Roman
findfont: Generic family 'serif' not found because none of the following families were found: Times New Roman
findfont: Generic family 'serif' not found because none of the following families were found: Times New Roman
findfont: Generic family 'serif' not found because none of the following families were found: Times New Roman
findfont: Generic family 'serif' not found because none of the following families were found: Times New Roman
findfont: Generic family 'serif' not found because none of the following families were found: Times New Roman
findfont: Generic family 'serif' not found because none of the following families were found: Times New Roman
findfont: Generic family 'serif' not found because none of the following families were found: Times New Roman
findfont: Generic family 'serif' not found because none of the following families were found: Times New Roman
findfont: Generic family 'serif' not found because none of the following families were found: Times New Roman
findfont: Generic family 'serif' not found because none of the following families were found: Times New Roman
findfont: Generic family 'serif' not found because none of the following families were found: Times New Roman
findfont: Generic family 'serif' not found because none of the following families were found: Times New Roman
findfont: Generic family 'serif' not found because none of the following families were found: Times New Roman
findfont: Generic family 'serif' not found because none of the following families were found: Times New Roman
findfont: Generic family 'serif' not found because none of the following families were found: Times New Roman
findfont: Generic family 'serif' not found because none of the following families were found: Times New Roman
findfont: Generic family 'serif' not found because none of the following families were found: Times New Roman
findfont: Generic family 'serif' not found because none of the following families were found: Times New Roman
findfont: Generic family 'serif' not found because none of the following families were found: Times New Roman
findfont: Generic family 'serif' not found because none of the following families were found: Times New Roman
findfont: Generic family 'serif' not found because none of the following families were found: Times New Roman
findfont: Generic family 'serif' not found because none of the following families were found: Times New Roman
findfont: Generic family 'serif' not found because none of the following families were found: Times New Roman
findfont: Generic family 'serif' not found because none of the following families were found: Times New Roman
findfont: Generic family 'serif' not found because none of the following families were found: Times New Roman
findfont: Generic family 'serif' not found because none of the following families were found: Times New Roman
findfont: Generic family 'serif' not found because none of the following families were found: Times New Roman
findfont: Generic family 'serif' not found because none of the following families were found: Times New Roman
findfont: Generic family 'serif' not found because none of the following families were found: Times New Roman
findfont: Generic family 'serif' not found because none of the following families were found: Times New Roman
findfont: Generic family 'serif' not found because none of the following families were found: Times New Roman
findfont: Generic family 'serif' not found because none of the following families were found: Times New Roman
findfont: Generic family 'serif' not found because none of the following families were found: Times New Roman
findfont: Generic family 'serif' not found because none of the following families were found: Times New Roman
findfont: Generic family 'serif' not found because none of the following families were found: Times New Roman
findfont: Generic family 'serif' not found because none of the following families were found: Times New Roman
findfont: Generic family 'serif' not found because none of the following families were found: Times New Roman
findfont: Generic family 'serif' not found because none of the following families were found: Times New Roman
findfont: Generic family 'serif' not found because none of the following families were found: Times New Roman
findfont: Generic family 'serif' not found because none of the following families were found: Times New Roman
findfont: Generic family 'serif' not found because none of the following families were found: Times New Roman
findfont: Generic family 'serif' not found because none of the following families were found: Times New Roman
findfont: Generic family 'serif' not found because none of the following families were found: Times New Roman
findfont: Generic family 'serif' not found because none of the following families were found: Times New Roman
findfont: Generic family 'serif' not found because none of the following families were found: Times New Roman
findfont: Generic family 'serif' not found because none of the following families were found: Times New Roman
findfont: Generic family 'serif' not found because none of the following families were found: Times New Roman
findfont: Generic family 'serif' not found because none of the following families were found: Times New Roman
findfont: Generic family 'serif' not found because none of the following families were found: Times New Roman
findfont: Generic family 'serif' not found because none of the following families were found: Times New Roman
findfont: Generic family 'serif' not found because none of the following families were found: Times New Roman
[37m[247783 ms][compare_rl_vs_baseline] - INFO : Saved crash rate PNG to: /home/lwulo/workspaces/aerial_gym_ws/src/aerial_gym_simulator/aerial_gym/scripts/comparison_results/crash_rate_comparison_600dpi.png (compare_rl_vs_baseline_v2.py:470)[0m
findfont: Generic family 'serif' not found because none of the following families were found: Times New Roman
findfont: Generic family 'serif' not found because none of the following families were found: Times New Roman
findfont: Generic family 'serif' not found because none of the following families were found: Times New Roman
findfont: Generic family 'serif' not found because none of the following families were found: Times New Roman
findfont: Generic family 'serif' not found because none of the following families were found: Times New Roman
findfont: Generic family 'serif' not found because none of the following families were found: Times New Roman
findfont: Generic family 'serif' not found because none of the following families were found: Times New Roman
findfont: Generic family 'serif' not found because none of the following families were found: Times New Roman
findfont: Generic family 'serif' not found because none of the following families were found: Times New Roman
findfont: Generic family 'serif' not found because none of the following families were found: Times New Roman
findfont: Generic family 'serif' not found because none of the following families were found: Times New Roman
findfont: Generic family 'serif' not found because none of the following families were found: Times New Roman
findfont: Generic family 'serif' not found because none of the following families were found: Times New Roman
findfont: Generic family 'serif' not found because none of the following families were found: Times New Roman
findfont: Generic family 'serif' not found because none of the following families were found: Times New Roman
findfont: Generic family 'serif' not found because none of the following families were found: Times New Roman
findfont: Generic family 'serif' not found because none of the following families were found: Times New Roman
findfont: Generic family 'serif' not found because none of the following families were found: Times New Roman
findfont: Generic family 'serif' not found because none of the following families were found: Times New Roman
findfont: Generic family 'serif' not found because none of the following families were found: Times New Roman
findfont: Generic family 'serif' not found because none of the following families were found: Times New Roman
findfont: Generic family 'serif' not found because none of the following families were found: Times New Roman
findfont: Generic family 'serif' not found because none of the following families were found: Times New Roman
findfont: Generic family 'serif' not found because none of the following families were found: Times New Roman
findfont: Generic family 'serif' not found because none of the following families were found: Times New Roman
findfont: Generic family 'serif' not found because none of the following families were found: Times New Roman
findfont: Generic family 'serif' not found because none of the following families were found: Times New Roman
findfont: Generic family 'serif' not found because none of the following families were found: Times New Roman
findfont: Generic family 'serif' not found because none of the following families were found: Times New Roman
findfont: Generic family 'serif' not found because none of the following families were found: Times New Roman
findfont: Generic family 'serif' not found because none of the following families were found: Times New Roman
findfont: Generic family 'serif' not found because none of the following families were found: Times New Roman
findfont: Generic family 'serif' not found because none of the following families were found: Times New Roman
findfont: Generic family 'serif' not found because none of the following families were found: Times New Roman
findfont: Generic family 'serif' not found because none of the following families were found: Times New Roman
findfont: Generic family 'serif' not found because none of the following families were found: Times New Roman
findfont: Generic family 'serif' not found because none of the following families were found: Times New Roman
findfont: Generic family 'serif' not found because none of the following families were found: Times New Roman
findfont: Generic family 'serif' not found because none of the following families were found: Times New Roman
findfont: Generic family 'serif' not found because none of the following families were found: Times New Roman
findfont: Generic family 'serif' not found because none of the following families were found: Times New Roman
findfont: Generic family 'serif' not found because none of the following families were found: Times New Roman
findfont: Generic family 'serif' not found because none of the following families were found: Times New Roman
findfont: Generic family 'serif' not found because none of the following families were found: Times New Roman
findfont: Generic family 'serif' not found because none of the following families were found: Times New Roman
findfont: Generic family 'serif' not found because none of the following families were found: Times New Roman
findfont: Generic family 'serif' not found because none of the following families were found: Times New Roman
findfont: Generic family 'serif' not found because none of the following families were found: Times New Roman
findfont: Generic family 'serif' not found because none of the following families were found: Times New Roman
findfont: Generic family 'serif' not found because none of the following families were found: Times New Roman
findfont: Generic family 'serif' not found because none of the following families were found: Times New Roman
findfont: Generic family 'serif' not found because none of the following families were found: Times New Roman
findfont: Generic family 'serif' not found because none of the following families were found: Times New Roman
findfont: Generic family 'serif' not found because none of the following families were found: Times New Roman
findfont: Generic family 'serif' not found because none of the following families were found: Times New Roman
findfont: Generic family 'serif' not found because none of the following families were found: Times New Roman
findfont: Generic family 'serif' not found because none of the following families were found: Times New Roman
findfont: Generic family 'serif' not found because none of the following families were found: Times New Roman
findfont: Generic family 'serif' not found because none of the following families were found: Times New Roman
findfont: Generic family 'serif' not found because none of the following families were found: Times New Roman
findfont: Generic family 'serif' not found because none of the following families were found: Times New Roman
findfont: Generic family 'serif' not found because none of the following families were found: Times New Roman
findfont: Generic family 'serif' not found because none of the following families were found: Times New Roman
findfont: Generic family 'serif' not found because none of the following families were found: Times New Roman
findfont: Generic family 'serif' not found because none of the following families were found: Times New Roman
findfont: Generic family 'serif' not found because none of the following families were found: Times New Roman
findfont: Generic family 'serif' not found because none of the following families were found: Times New Roman
findfont: Generic family 'serif' not found because none of the following families were found: Times New Roman
findfont: Generic family 'serif' not found because none of the following families were found: Times New Roman
findfont: Generic family 'serif' not found because none of the following families were found: Times New Roman
findfont: Generic family 'serif' not found because none of the following families were found: Times New Roman
findfont: Generic family 'serif' not found because none of the following families were found: Times New Roman
findfont: Generic family 'serif' not found because none of the following families were found: Times New Roman
findfont: Generic family 'serif' not found because none of the following families were found: Times New Roman
findfont: Generic family 'serif' not found because none of the following families were found: Times New Roman
findfont: Generic family 'serif' not found because none of the following families were found: Times New Roman
findfont: Generic family 'serif' not found because none of the following families were found: Times New Roman
findfont: Generic family 'serif' not found because none of the following families were found: Times New Roman
findfont: Generic family 'serif' not found because none of the following families were found: Times New Roman
findfont: Generic family 'serif' not found because none of the following families were found: Times New Roman
findfont: Generic family 'serif' not found because none of the following families were found: Times New Roman
findfont: Generic family 'serif' not found because none of the following families were found: Times New Roman
findfont: Generic family 'serif' not found because none of the following families were found: Times New Roman
findfont: Generic family 'serif' not found because none of the following families were found: Times New Roman
findfont: Generic family 'serif' not found because none of the following families were found: Times New Roman
findfont: Generic family 'serif' not found because none of the following families were found: Times New Roman
findfont: Generic family 'serif' not found because none of the following families were found: Times New Roman
findfont: Generic family 'serif' not found because none of the following families were found: Times New Roman
findfont: Generic family 'serif' not found because none of the following families were found: Times New Roman
findfont: Generic family 'serif' not found because none of the following families were found: Times New Roman
findfont: Generic family 'serif' not found because none of the following families were found: Times New Roman
findfont: Generic family 'serif' not found because none of the following families were found: Times New Roman
findfont: Generic family 'serif' not found because none of the following families were found: Times New Roman
findfont: Generic family 'serif' not found because none of the following families were found: Times New Roman
findfont: Generic family 'serif' not found because none of the following families were found: Times New Roman
findfont: Generic family 'serif' not found because none of the following families were found: Times New Roman
findfont: Generic family 'serif' not found because none of the following families were found: Times New Roman
findfont: Generic family 'serif' not found because none of the following families were found: Times New Roman
findfont: Generic family 'serif' not found because none of the following families were found: Times New Roman
findfont: Generic family 'serif' not found because none of the following families were found: Times New Roman
findfont: Generic family 'serif' not found because none of the following families were found: Times New Roman
findfont: Generic family 'serif' not found because none of the following families were found: Times New Roman
findfont: Generic family 'serif' not found because none of the following families were found: Times New Roman
findfont: Generic family 'serif' not found because none of the following families were found: Times New Roman
findfont: Generic family 'serif' not found because none of the following families were found: Times New Roman
findfont: Generic family 'serif' not found because none of the following families were found: Times New Roman
findfont: Generic family 'serif' not found because none of the following families were found: Times New Roman
findfont: Generic family 'serif' not found because none of the following families were found: Times New Roman
[37m[247854 ms][compare_rl_vs_baseline] - INFO : Saved crash rate PDF to: /home/lwulo/workspaces/aerial_gym_ws/src/aerial_gym_simulator/aerial_gym/scripts/comparison_results/crash_rate_comparison.pdf (compare_rl_vs_baseline_v2.py:474)[0m
[37m[247855 ms][compare_rl_vs_baseline] - INFO : Saved crash rate stats to: /home/lwulo/workspaces/aerial_gym_ws/src/aerial_gym_simulator/aerial_gym/scripts/comparison_results/crash_rate_stats.csv (compare_rl_vs_baseline_v2.py:485)[0m
[37m[247855 ms][compare_rl_vs_baseline] - INFO : Generating survival time comparison plot... (compare_rl_vs_baseline_v2.py:490)[0m
findfont: Generic family 'serif' not found because none of the following families were found: Times New Roman
findfont: Generic family 'serif' not found because none of the following families were found: Times New Roman
findfont: Generic family 'serif' not found because none of the following families were found: Times New Roman
findfont: Generic family 'serif' not found because none of the following families were found: Times New Roman
findfont: Generic family 'serif' not found because none of the following families were found: Times New Roman
findfont: Generic family 'serif' not found because none of the following families were found: Times New Roman
findfont: Generic family 'serif' not found because none of the following families were found: Times New Roman
findfont: Generic family 'serif' not found because none of the following families were found: Times New Roman
findfont: Generic family 'serif' not found because none of the following families were found: Times New Roman
findfont: Generic family 'serif' not found because none of the following families were found: Times New Roman
findfont: Generic family 'serif' not found because none of the following families were found: Times New Roman
findfont: Generic family 'serif' not found because none of the following families were found: Times New Roman
findfont: Generic family 'serif' not found because none of the following families were found: Times New Roman
findfont: Generic family 'serif' not found because none of the following families were found: Times New Roman
findfont: Generic family 'serif' not found because none of the following families were found: Times New Roman
findfont: Generic family 'serif' not found because none of the following families were found: Times New Roman
findfont: Generic family 'serif' not found because none of the following families were found: Times New Roman
findfont: Generic family 'serif' not found because none of the following families were found: Times New Roman
findfont: Generic family 'serif' not found because none of the following families were found: Times New Roman
findfont: Generic family 'serif' not found because none of the following families were found: Times New Roman
findfont: Generic family 'serif' not found because none of the following families were found: Times New Roman
findfont: Generic family 'serif' not found because none of the following families were found: Times New Roman
findfont: Generic family 'serif' not found because none of the following families were found: Times New Roman
findfont: Generic family 'serif' not found because none of the following families were found: Times New Roman
findfont: Generic family 'serif' not found because none of the following families were found: Times New Roman
findfont: Generic family 'serif' not found because none of the following families were found: Times New Roman
findfont: Generic family 'serif' not found because none of the following families were found: Times New Roman
findfont: Generic family 'serif' not found because none of the following families were found: Times New Roman
findfont: Generic family 'serif' not found because none of the following families were found: Times New Roman
findfont: Generic family 'serif' not found because none of the following families were found: Times New Roman
findfont: Generic family 'serif' not found because none of the following families were found: Times New Roman
findfont: Generic family 'serif' not found because none of the following families were found: Times New Roman
findfont: Generic family 'serif' not found because none of the following families were found: Times New Roman
findfont: Generic family 'serif' not found because none of the following families were found: Times New Roman
findfont: Generic family 'serif' not found because none of the following families were found: Times New Roman
findfont: Generic family 'serif' not found because none of the following families were found: Times New Roman
findfont: Generic family 'serif' not found because none of the following families were found: Times New Roman
findfont: Generic family 'serif' not found because none of the following families were found: Times New Roman
findfont: Generic family 'serif' not found because none of the following families were found: Times New Roman
findfont: Generic family 'serif' not found because none of the following families were found: Times New Roman
findfont: Generic family 'serif' not found because none of the following families were found: Times New Roman
findfont: Generic family 'serif' not found because none of the following families were found: Times New Roman
findfont: Generic family 'serif' not found because none of the following families were found: Times New Roman
findfont: Generic family 'serif' not found because none of the following families were found: Times New Roman
findfont: Generic family 'serif' not found because none of the following families were found: Times New Roman
findfont: Generic family 'serif' not found because none of the following families were found: Times New Roman
findfont: Generic family 'serif' not found because none of the following families were found: Times New Roman
findfont: Generic family 'serif' not found because none of the following families were found: Times New Roman
findfont: Generic family 'serif' not found because none of the following families were found: Times New Roman
findfont: Generic family 'serif' not found because none of the following families were found: Times New Roman
findfont: Generic family 'serif' not found because none of the following families were found: Times New Roman
findfont: Generic family 'serif' not found because none of the following families were found: Times New Roman
findfont: Generic family 'serif' not found because none of the following families were found: Times New Roman
findfont: Generic family 'serif' not found because none of the following families were found: Times New Roman
findfont: Generic family 'serif' not found because none of the following families were found: Times New Roman
findfont: Generic family 'serif' not found because none of the following families were found: Times New Roman
findfont: Generic family 'serif' not found because none of the following families were found: Times New Roman
findfont: Generic family 'serif' not found because none of the following families were found: Times New Roman
findfont: Generic family 'serif' not found because none of the following families were found: Times New Roman
findfont: Generic family 'serif' not found because none of the following families were found: Times New Roman
findfont: Generic family 'serif' not found because none of the following families were found: Times New Roman
findfont: Generic family 'serif' not found because none of the following families were found: Times New Roman
findfont: Generic family 'serif' not found because none of the following families were found: Times New Roman
findfont: Generic family 'serif' not found because none of the following families were found: Times New Roman
findfont: Generic family 'serif' not found because none of the following families were found: Times New Roman
findfont: Generic family 'serif' not found because none of the following families were found: Times New Roman
findfont: Generic family 'serif' not found because none of the following families were found: Times New Roman
findfont: Generic family 'serif' not found because none of the following families were found: Times New Roman
findfont: Generic family 'serif' not found because none of the following families were found: Times New Roman
findfont: Generic family 'serif' not found because none of the following families were found: Times New Roman
findfont: Generic family 'serif' not found because none of the following families were found: Times New Roman
findfont: Generic family 'serif' not found because none of the following families were found: Times New Roman
findfont: Generic family 'serif' not found because none of the following families were found: Times New Roman
findfont: Generic family 'serif' not found because none of the following families were found: Times New Roman
findfont: Generic family 'serif' not found because none of the following families were found: Times New Roman
findfont: Generic family 'serif' not found because none of the following families were found: Times New Roman
findfont: Generic family 'serif' not found because none of the following families were found: Times New Roman
findfont: Generic family 'serif' not found because none of the following families were found: Times New Roman
findfont: Generic family 'serif' not found because none of the following families were found: Times New Roman
findfont: Generic family 'serif' not found because none of the following families were found: Times New Roman
findfont: Generic family 'serif' not found because none of the following families were found: Times New Roman
findfont: Generic family 'serif' not found because none of the following families were found: Times New Roman
findfont: Generic family 'serif' not found because none of the following families were found: Times New Roman
findfont: Generic family 'serif' not found because none of the following families were found: Times New Roman
findfont: Generic family 'serif' not found because none of the following families were found: Times New Roman
findfont: Generic family 'serif' not found because none of the following families were found: Times New Roman
findfont: Generic family 'serif' not found because none of the following families were found: Times New Roman
findfont: Generic family 'serif' not found because none of the following families were found: Times New Roman
findfont: Generic family 'serif' not found because none of the following families were found: Times New Roman
findfont: Generic family 'serif' not found because none of the following families were found: Times New Roman
findfont: Generic family 'serif' not found because none of the following families were found: Times New Roman
findfont: Generic family 'serif' not found because none of the following families were found: Times New Roman
findfont: Generic family 'serif' not found because none of the following families were found: Times New Roman
findfont: Generic family 'serif' not found because none of the following families were found: Times New Roman
findfont: Generic family 'serif' not found because none of the following families were found: Times New Roman
findfont: Generic family 'serif' not found because none of the following families were found: Times New Roman
findfont: Generic family 'serif' not found because none of the following families were found: Times New Roman
findfont: Generic family 'serif' not found because none of the following families were found: Times New Roman
findfont: Generic family 'serif' not found because none of the following families were found: Times New Roman
findfont: Generic family 'serif' not found because none of the following families were found: Times New Roman
findfont: Generic family 'serif' not found because none of the following families were found: Times New Roman
findfont: Generic family 'serif' not found because none of the following families were found: Times New Roman
findfont: Generic family 'serif' not found because none of the following families were found: Times New Roman
findfont: Generic family 'serif' not found because none of the following families were found: Times New Roman
findfont: Generic family 'serif' not found because none of the following families were found: Times New Roman
findfont: Generic family 'serif' not found because none of the following families were found: Times New Roman
findfont: Generic family 'serif' not found because none of the following families were found: Times New Roman
findfont: Generic family 'serif' not found because none of the following families were found: Times New Roman
findfont: Generic family 'serif' not found because none of the following families were found: Times New Roman
findfont: Generic family 'serif' not found because none of the following families were found: Times New Roman
findfont: Generic family 'serif' not found because none of the following families were found: Times New Roman
findfont: Generic family 'serif' not found because none of the following families were found: Times New Roman
findfont: Generic family 'serif' not found because none of the following families were found: Times New Roman
findfont: Generic family 'serif' not found because none of the following families were found: Times New Roman
findfont: Generic family 'serif' not found because none of the following families were found: Times New Roman
findfont: Generic family 'serif' not found because none of the following families were found: Times New Roman
findfont: Generic family 'serif' not found because none of the following families were found: Times New Roman
findfont: Generic family 'serif' not found because none of the following families were found: Times New Roman
findfont: Generic family 'serif' not found because none of the following families were found: Times New Roman
findfont: Generic family 'serif' not found because none of the following families were found: Times New Roman
findfont: Generic family 'serif' not found because none of the following families were found: Times New Roman
findfont: Generic family 'serif' not found because none of the following families were found: Times New Roman
findfont: Generic family 'serif' not found because none of the following families were found: Times New Roman
findfont: Generic family 'serif' not found because none of the following families were found: Times New Roman
findfont: Generic family 'serif' not found because none of the following families were found: Times New Roman
findfont: Generic family 'serif' not found because none of the following families were found: Times New Roman
findfont: Generic family 'serif' not found because none of the following families were found: Times New Roman
findfont: Generic family 'serif' not found because none of the following families were found: Times New Roman
findfont: Generic family 'serif' not found because none of the following families were found: Times New Roman
findfont: Generic family 'serif' not found because none of the following families were found: Times New Roman
findfont: Generic family 'serif' not found because none of the following families were found: Times New Roman
findfont: Generic family 'serif' not found because none of the following families were found: Times New Roman
findfont: Generic family 'serif' not found because none of the following families were found: Times New Roman
findfont: Generic family 'serif' not found because none of the following families were found: Times New Roman
findfont: Generic family 'serif' not found because none of the following families were found: Times New Roman
findfont: Generic family 'serif' not found because none of the following families were found: Times New Roman
findfont: Generic family 'serif' not found because none of the following families were found: Times New Roman
findfont: Generic family 'serif' not found because none of the following families were found: Times New Roman
[37m[248028 ms][compare_rl_vs_baseline] - INFO : Saved survival time PNG to: /home/lwulo/workspaces/aerial_gym_ws/src/aerial_gym_simulator/aerial_gym/scripts/comparison_results/survival_time_comparison_600dpi.png (compare_rl_vs_baseline_v2.py:543)[0m
findfont: Generic family 'serif' not found because none of the following families were found: Times New Roman
findfont: Generic family 'serif' not found because none of the following families were found: Times New Roman
findfont: Generic family 'serif' not found because none of the following families were found: Times New Roman
findfont: Generic family 'serif' not found because none of the following families were found: Times New Roman
findfont: Generic family 'serif' not found because none of the following families were found: Times New Roman
findfont: Generic family 'serif' not found because none of the following families were found: Times New Roman
findfont: Generic family 'serif' not found because none of the following families were found: Times New Roman
findfont: Generic family 'serif' not found because none of the following families were found: Times New Roman
findfont: Generic family 'serif' not found because none of the following families were found: Times New Roman
findfont: Generic family 'serif' not found because none of the following families were found: Times New Roman
findfont: Generic family 'serif' not found because none of the following families were found: Times New Roman
findfont: Generic family 'serif' not found because none of the following families were found: Times New Roman
findfont: Generic family 'serif' not found because none of the following families were found: Times New Roman
findfont: Generic family 'serif' not found because none of the following families were found: Times New Roman
findfont: Generic family 'serif' not found because none of the following families were found: Times New Roman
findfont: Generic family 'serif' not found because none of the following families were found: Times New Roman
findfont: Generic family 'serif' not found because none of the following families were found: Times New Roman
findfont: Generic family 'serif' not found because none of the following families were found: Times New Roman
findfont: Generic family 'serif' not found because none of the following families were found: Times New Roman
findfont: Generic family 'serif' not found because none of the following families were found: Times New Roman
findfont: Generic family 'serif' not found because none of the following families were found: Times New Roman
findfont: Generic family 'serif' not found because none of the following families were found: Times New Roman
findfont: Generic family 'serif' not found because none of the following families were found: Times New Roman
findfont: Generic family 'serif' not found because none of the following families were found: Times New Roman
findfont: Generic family 'serif' not found because none of the following families were found: Times New Roman
findfont: Generic family 'serif' not found because none of the following families were found: Times New Roman
findfont: Generic family 'serif' not found because none of the following families were found: Times New Roman
findfont: Generic family 'serif' not found because none of the following families were found: Times New Roman
findfont: Generic family 'serif' not found because none of the following families were found: Times New Roman
findfont: Generic family 'serif' not found because none of the following families were found: Times New Roman
findfont: Generic family 'serif' not found because none of the following families were found: Times New Roman
findfont: Generic family 'serif' not found because none of the following families were found: Times New Roman
findfont: Generic family 'serif' not found because none of the following families were found: Times New Roman
findfont: Generic family 'serif' not found because none of the following families were found: Times New Roman
findfont: Generic family 'serif' not found because none of the following families were found: Times New Roman
findfont: Generic family 'serif' not found because none of the following families were found: Times New Roman
findfont: Generic family 'serif' not found because none of the following families were found: Times New Roman
findfont: Generic family 'serif' not found because none of the following families were found: Times New Roman
findfont: Generic family 'serif' not found because none of the following families were found: Times New Roman
findfont: Generic family 'serif' not found because none of the following families were found: Times New Roman
findfont: Generic family 'serif' not found because none of the following families were found: Times New Roman
findfont: Generic family 'serif' not found because none of the following families were found: Times New Roman
findfont: Generic family 'serif' not found because none of the following families were found: Times New Roman
findfont: Generic family 'serif' not found because none of the following families were found: Times New Roman
findfont: Generic family 'serif' not found because none of the following families were found: Times New Roman
findfont: Generic family 'serif' not found because none of the following families were found: Times New Roman
findfont: Generic family 'serif' not found because none of the following families were found: Times New Roman
findfont: Generic family 'serif' not found because none of the following families were found: Times New Roman
findfont: Generic family 'serif' not found because none of the following families were found: Times New Roman
findfont: Generic family 'serif' not found because none of the following families were found: Times New Roman
findfont: Generic family 'serif' not found because none of the following families were found: Times New Roman
findfont: Generic family 'serif' not found because none of the following families were found: Times New Roman
findfont: Generic family 'serif' not found because none of the following families were found: Times New Roman
findfont: Generic family 'serif' not found because none of the following families were found: Times New Roman
findfont: Generic family 'serif' not found because none of the following families were found: Times New Roman
findfont: Generic family 'serif' not found because none of the following families were found: Times New Roman
findfont: Generic family 'serif' not found because none of the following families were found: Times New Roman
findfont: Generic family 'serif' not found because none of the following families were found: Times New Roman
findfont: Generic family 'serif' not found because none of the following families were found: Times New Roman
findfont: Generic family 'serif' not found because none of the following families were found: Times New Roman
findfont: Generic family 'serif' not found because none of the following families were found: Times New Roman
findfont: Generic family 'serif' not found because none of the following families were found: Times New Roman
findfont: Generic family 'serif' not found because none of the following families were found: Times New Roman
findfont: Generic family 'serif' not found because none of the following families were found: Times New Roman
findfont: Generic family 'serif' not found because none of the following families were found: Times New Roman
findfont: Generic family 'serif' not found because none of the following families were found: Times New Roman
findfont: Generic family 'serif' not found because none of the following families were found: Times New Roman
findfont: Generic family 'serif' not found because none of the following families were found: Times New Roman
findfont: Generic family 'serif' not found because none of the following families were found: Times New Roman
findfont: Generic family 'serif' not found because none of the following families were found: Times New Roman
findfont: Generic family 'serif' not found because none of the following families were found: Times New Roman
findfont: Generic family 'serif' not found because none of the following families were found: Times New Roman
findfont: Generic family 'serif' not found because none of the following families were found: Times New Roman
findfont: Generic family 'serif' not found because none of the following families were found: Times New Roman
findfont: Generic family 'serif' not found because none of the following families were found: Times New Roman
findfont: Generic family 'serif' not found because none of the following families were found: Times New Roman
findfont: Generic family 'serif' not found because none of the following families were found: Times New Roman
findfont: Generic family 'serif' not found because none of the following families were found: Times New Roman
findfont: Generic family 'serif' not found because none of the following families were found: Times New Roman
findfont: Generic family 'serif' not found because none of the following families were found: Times New Roman
findfont: Generic family 'serif' not found because none of the following families were found: Times New Roman
findfont: Generic family 'serif' not found because none of the following families were found: Times New Roman
findfont: Generic family 'serif' not found because none of the following families were found: Times New Roman
findfont: Generic family 'serif' not found because none of the following families were found: Times New Roman
findfont: Generic family 'serif' not found because none of the following families were found: Times New Roman
findfont: Generic family 'serif' not found because none of the following families were found: Times New Roman
findfont: Generic family 'serif' not found because none of the following families were found: Times New Roman
findfont: Generic family 'serif' not found because none of the following families were found: Times New Roman
findfont: Generic family 'serif' not found because none of the following families were found: Times New Roman
findfont: Generic family 'serif' not found because none of the following families were found: Times New Roman
findfont: Generic family 'serif' not found because none of the following families were found: Times New Roman
findfont: Generic family 'serif' not found because none of the following families were found: Times New Roman
findfont: Generic family 'serif' not found because none of the following families were found: Times New Roman
findfont: Generic family 'serif' not found because none of the following families were found: Times New Roman
findfont: Generic family 'serif' not found because none of the following families were found: Times New Roman
findfont: Generic family 'serif' not found because none of the following families were found: Times New Roman
findfont: Generic family 'serif' not found because none of the following families were found: Times New Roman
findfont: Generic family 'serif' not found because none of the following families were found: Times New Roman
findfont: Generic family 'serif' not found because none of the following families were found: Times New Roman
findfont: Generic family 'serif' not found because none of the following families were found: Times New Roman
findfont: Generic family 'serif' not found because none of the following families were found: Times New Roman
findfont: Generic family 'serif' not found because none of the following families were found: Times New Roman
[37m[248099 ms][compare_rl_vs_baseline] - INFO : Saved survival time PDF to: /home/lwulo/workspaces/aerial_gym_ws/src/aerial_gym_simulator/aerial_gym/scripts/comparison_results/survival_time_comparison.pdf (compare_rl_vs_baseline_v2.py:547)[0m
[37m[248103 ms][compare_rl_vs_baseline] - INFO : Saved survival time stats to: /home/lwulo/workspaces/aerial_gym_ws/src/aerial_gym_simulator/aerial_gym/scripts/comparison_results/survival_time_stats.csv (compare_rl_vs_baseline_v2.py:560)[0m
[37m[248103 ms][compare_rl_vs_baseline] - INFO : 
====================================================================== (compare_rl_vs_baseline_v2.py:630)[0m
[37m[248103 ms][compare_rl_vs_baseline] - INFO : Experiment completed successfully! (compare_rl_vs_baseline_v2.py:631)[0m
[37m[248103 ms][compare_rl_vs_baseline] - INFO : All results saved to: /home/lwulo/workspaces/aerial_gym_ws/src/aerial_gym_simulator/aerial_gym/scripts/comparison_results (compare_rl_vs_baseline_v2.py:632)[0m
[37m[248103 ms][compare_rl_vs_baseline] - INFO : ====================================================================== (compare_rl_vs_baseline_v2.py:633)[0m
Warp 1.0.0 initialized:
   CUDA Toolkit 11.5, Driver 12.2
   Devices:
     "cpu"      : "x86_64"
     "cuda:0"   : "NVIDIA GeForce RTX 4060 Laptop GPU" (8 GiB, sm_89, mempool enabled)
   Kernel cache:
     /home/lwulo/.cache/warp/1.0.0
[isaacgym:gymutil.py] Unknown args:  []
WARNING: allocation matrix is not full rank. Rank: 4
creating render graph
Module warp.utils load on device 'cuda:0' took 2.25 ms
Module aerial_gym.sensors.warp.warp_kernels.warp_camera_kernels load on device 'cuda:0' took 6.01 ms
Module aerial_gym.sensors.warp.warp_kernels.warp_stereo_camera_kernels load on device 'cuda:0' took 9.05 ms
Module aerial_gym.sensors.warp.warp_kernels.warp_lidar_kernels load on device 'cuda:0' took 4.31 ms
finishing capture of render graph
Encoder network initialized.
Defined encoder.
[ImgDecoder] Starting create_model
[ImgDecoder] Done with create_model
Defined decoder.
Loading weights from file:  /home/lwulo/workspaces/aerial_gym_ws/src/aerial_gym_simulator/aerial_gym/utils/vae/weights/ICRA_test_set_more_sim_data_kld_beta_3_LD_64_epoch_49.pth
