dist,speed,max_hold_steps
18.8219,0.0000,0
21.5338,0.0000,0
19.8397,0.0000,0
23.7189,0.0000,0
25.3698,0.0000,0
17.0656,0.0000,0
22.7629,0.0000,0
21.1323,0.0000,0
21.3658,0.0000,0
24.4176,0.0000,0
20.6006,0.0000,0
16.8421,0.0000,0
24.6888,0.0000,0
24.2034,0.0000,0
18.5645,0.0000,0
22.9961,0.0000,0
16.1322,0.0000,0
20.6630,0.0000,0
20.0252,0.0000,0
20.3707,0.0000,0
21.8025,0.0000,0
22.7262,0.0000,0
17.6027,0.0000,0
21.3335,0.0000,0
16.2798,0.0000,0
22.0421,0.0000,0
16.2758,0.0000,0
16.9545,0.0000,0
22.0769,0.0000,0
24.4233,0.0000,0
16.9244,0.0000,0
23.8349,0.0000,0
22.5261,0.0000,0
16.9529,0.0000,0
18.3342,0.0000,0
17.4722,0.0000,0
19.1034,0.0000,0
15.8266,0.0000,0
21.4607,0.0000,0
25.5390,0.0000,0
23.3817,0.0000,0
25.3541,0.0000,0
19.6584,0.0000,0
17.8361,0.0000,0
17.2797,0.0000,0
15.9973,0.0000,0
25.7107,0.0000,0
22.5881,0.0000,0
19.0792,0.0000,0
23.1389,0.0000,0
21.6936,0.0000,0
23.3247,0.0000,0
19.2219,0.0000,0
20.5576,0.0000,0
20.6443,0.0000,0
22.5904,0.0000,0
20.8250,0.0000,0
19.4968,0.0000,0
19.8417,0.0000,0
24.8059,0.0000,0
22.6238,0.0000,0
20.7487,0.0000,0
22.6557,0.0000,0
22.8423,0.0000,0
15.7038,0.0000,0
22.2116,0.0000,0
18.0376,0.0000,0
19.5200,0.0000,0
24.7238,0.0000,0
25.7461,0.0000,0
16.3930,0.0000,0
23.3579,0.0000,0
24.8730,0.0000,0
17.6423,0.0000,0
15.9166,0.0000,0
22.7595,0.0000,0
17.3735,0.0000,0
17.8632,0.0000,0
23.7187,0.0000,0
21.7407,0.0000,0
18.8896,0.0000,0
21.0892,0.0000,0
23.5750,0.0000,0
18.7144,0.0000,0
17.3324,0.0000,0
20.2085,0.0000,0
20.4930,0.0000,0
21.9518,0.0000,0
21.1482,0.0000,0
17.0744,0.0000,0
24.8342,0.0000,0
16.9231,0.0000,0
19.5147,0.0000,0
21.6723,0.0000,0
24.6186,0.0000,0
18.7905,0.0000,0
23.7026,0.0000,0
17.8005,0.0000,0
24.2518,0.0000,0
25.2457,0.0000,0
15.7142,0.0000,0
20.1743,0.0000,0
20.7453,0.0000,0
25.6773,0.0000,0
18.7101,0.0000,0
19.3505,0.0000,0
24.0602,0.0000,0
16.4501,0.0000,0
24.0319,0.0000,0
17.7102,0.0000,0
25.6609,0.0000,0
19.7963,0.0000,0
17.0043,0.0000,0
22.3914,0.0000,0
24.8981,0.0000,0
22.1113,0.0000,0
17.2972,0.0000,0
25.8769,0.0000,0
16.7330,0.0000,0
21.1845,0.0000,0
19.6225,0.0000,0
23.3605,0.0000,0
25.7822,0.0000,0
23.7240,0.0000,0
19.5054,0.0000,0
16.3968,0.0000,0
24.2508,0.0000,0
23.6823,0.0000,0
22.2042,0.0000,0
25.3560,0.0000,0
23.7023,0.0000,0
23.5687,0.0000,0
20.1478,0.0000,0
24.7170,0.0000,0
24.8273,0.0000,0
21.1917,0.0000,0
16.6357,0.0000,0
24.1193,0.0000,0
16.9444,0.0000,0
24.5191,0.0000,0
17.8613,0.0000,0
20.9203,0.0000,0
21.2340,0.0000,0
15.6602,0.0000,0
20.2925,0.0000,0
19.1342,0.0000,0
19.9913,0.0000,0
15.7580,0.0000,0
19.5876,0.0000,0
17.6098,0.0000,0
25.8784,0.0000,0
17.7493,0.0000,0
21.6242,0.0000,0
23.8337,0.0000,0
21.0646,0.0000,0
24.3570,0.0000,0
24.2868,0.0000,0
17.3452,0.0000,0
18.7114,0.0000,0
25.8368,0.0000,0
15.8157,0.0000,0
18.2702,0.0000,0
24.8429,0.0000,0
21.5929,0.0000,0
18.2013,0.0000,0
25.8879,0.0000,0
17.3672,0.0000,0
19.8067,0.0000,0
18.4725,0.0000,0
16.1054,0.0000,0
17.7621,0.0000,0
25.2657,0.0000,0
22.9622,0.0000,0
16.1671,0.0000,0
25.4370,0.0000,0
21.9167,0.0000,0
21.3895,0.0000,0
18.9063,0.0000,0
25.3224,0.0000,0
16.8996,0.0000,0
16.4396,0.0000,0
19.9559,0.0000,0
23.0792,0.0000,0
22.0198,0.0000,0
19.6120,0.0000,0
19.6493,0.0000,0
17.1853,0.0000,0
19.0190,0.0000,0
22.9228,0.0000,0
19.0548,0.0000,0
18.0520,0.0000,0
23.6005,0.0000,0
21.3392,0.0000,0
20.6795,0.0000,0
19.3359,0.0000,0
25.4868,0.0000,0
18.9807,0.0000,0
16.4354,0.0000,0
17.2101,0.0000,0
21.9811,0.0000,0
23.6645,0.0000,0
18.8582,0.0000,0
20.8269,0.0000,0
17.1220,0.0000,0
23.7770,0.0000,0
21.8064,0.0000,0
23.8264,0.0000,0
22.1956,0.0000,0
17.9810,0.0000,0
23.5808,0.0000,0
25.0304,0.0000,0
24.5419,0.0000,0
22.4933,0.0000,0
18.9341,0.0000,0
17.2072,0.0000,0
16.4613,0.0000,0
22.5783,0.0000,0
19.3688,0.0000,0
18.3637,0.0000,0
21.6910,0.0000,0
17.5745,0.0000,0
19.2916,0.0000,0
15.6972,0.0000,0
22.9276,0.0000,0
21.7958,0.0000,0
19.0777,0.0000,0
16.1631,0.0000,0
24.3864,0.0000,0
21.7707,0.0000,0
20.1202,0.0000,0
17.0005,0.0000,0
18.1893,0.0000,0
24.7661,0.0000,0
21.5801,0.0000,0
21.3689,0.0000,0
24.3832,0.0000,0
20.2889,0.0000,0
19.1832,0.0000,0
19.9251,0.0000,0
21.2048,0.0000,0
23.4449,0.0000,0
15.9586,0.0000,0
24.6063,0.0000,0
19.6609,0.0000,0
20.0230,0.0000,0
17.7413,0.0000,0
18.6843,0.0000,0
20.1758,0.0000,0
21.2259,0.0000,0
16.4839,0.0000,0
24.0404,0.0000,0
16.4389,0.0000,0
20.0110,0.0000,0
22.6183,0.0000,0
24.6223,0.0000,0
20.1349,0.0000,0
23.9723,0.0000,0
24.4189,0.0000,0
20.2173,0.0000,0
22.0599,0.0000,0
25.7342,0.0000,0
17.1971,0.0000,0
24.3570,0.0000,0
21.5800,0.0000,0
23.9982,0.0000,0
15.6710,0.0000,0
19.1421,0.0000,0
25.1584,0.0000,0
21.9631,0.0000,0
24.7147,0.0000,0
19.1302,0.0000,0
19.0506,0.0000,0
21.5315,0.0000,0
20.3032,0.0000,0
22.5731,0.0000,0
17.1808,0.0000,0
16.4993,0.0000,0
23.1359,0.0000,0
23.3576,0.0000,0
21.1105,0.0000,0
23.7827,0.0000,0
18.9283,0.0000,0
20.1816,0.0000,0
16.2172,0.0000,0
22.4230,0.0000,0
19.4953,0.0000,0
19.5955,0.0000,0
20.0798,0.0000,0
18.0751,0.0000,0
22.6935,0.0000,0
19.5282,0.0000,0
22.5199,0.0000,0
22.9785,0.0000,0
19.1973,0.0000,0
20.0484,0.0000,0
25.1768,0.0000,0
17.8863,0.0000,0
24.5596,0.0000,0
24.4270,0.0000,0
23.9539,0.0000,0
21.0957,0.0000,0
21.4097,0.0000,0
23.3381,0.0000,0
19.4062,0.0000,0
17.3877,0.0000,0
21.7114,0.0000,0
23.5672,0.0000,0
22.6861,0.0000,0
22.7000,0.0000,0
19.3316,0.0000,0
16.9675,0.0000,0
20.2228,0.0000,0
21.6008,0.0000,0
16.8852,0.0000,0
19.7628,0.0000,0
18.9920,0.0000,0
15.6360,0.0000,0
22.0249,0.0000,0
25.0528,0.0000,0
15.8338,0.0000,0
24.9949,0.0000,0
16.3568,0.0000,0
23.6243,0.0000,0
23.5355,0.0000,0
24.1175,0.0000,0
20.3679,0.0000,0
21.5191,0.0000,0
17.0606,0.0000,0
19.9381,0.0000,0
19.0383,0.0000,0
23.9117,0.0000,0
22.3314,0.0000,0
19.4898,0.0000,0
15.9224,0.0000,0
19.8595,0.0000,0
22.0299,0.0000,0
23.0903,0.0000,0
20.9036,0.0000,0
20.8266,0.0000,0
17.4028,0.0000,0
24.0040,0.0000,0
19.2346,0.0000,0
22.5316,0.0000,0
23.4809,0.0000,0
25.4637,0.0000,0
21.2787,0.0000,0
21.6586,0.0000,0
24.1176,0.0000,0
17.5188,0.0000,0
16.7710,0.0000,0
21.4164,0.0000,0
17.1422,0.0000,0
25.8019,0.0000,0
18.4704,0.0000,0
16.8035,0.0000,0
25.2354,0.0000,0
15.8744,0.0000,0
17.8693,0.0000,0
16.7176,0.0000,0
15.7563,0.0000,0
16.7322,0.0000,0
20.1913,0.0000,0
22.7756,0.0000,0
16.8766,0.0000,0
15.6383,0.0000,0
18.9359,0.0000,0
18.0014,0.0000,0
20.7263,0.0000,0
22.2551,0.0000,0
22.8663,0.0000,0
16.1661,0.0000,0
22.6792,0.0000,0
25.1020,0.0000,0
23.2440,0.0000,0
15.8204,0.0000,0
17.4454,0.0000,0
20.6574,0.0000,0
18.7677,0.0000,0
21.7399,0.0000,0
16.8665,0.0000,0
25.0642,0.0000,0
23.1751,0.0000,0
21.2530,0.0000,0
17.0911,0.0000,0
17.6586,0.0000,0
22.9275,0.0000,0
19.5129,0.0000,0
25.0456,0.0000,0
18.1317,0.0000,0
21.9123,0.0000,0
20.1630,0.0000,0
20.0047,0.0000,0
19.0419,0.0000,0
19.6080,0.0000,0
21.3812,0.0000,0
16.3504,0.0000,0
22.1657,0.0000,0
17.9447,0.0000,0
22.4701,0.0000,0
20.2636,0.0000,0
16.0895,0.0000,0
19.1267,0.0000,0
20.2644,0.0000,0
25.2425,0.0000,0
15.8580,0.0000,0
21.1512,0.0000,0
22.3657,0.0000,0
22.2056,0.0000,0
23.9540,0.0000,0
19.7157,0.0000,0
22.0109,0.0000,0
25.1853,0.0000,0
19.7541,0.0000,0
16.1058,0.0000,0
17.0197,0.0000,0
25.1379,0.0000,0
20.1999,0.0000,0
24.9618,0.0000,0
22.7094,0.0000,0
21.0763,0.0000,0
21.6937,0.0000,0
18.3031,0.0000,0
21.9802,0.0000,0
22.7782,0.0000,0
17.6857,0.0000,0
19.7376,0.0000,0
16.6811,0.0000,0
22.3652,0.0000,0
17.7123,0.0000,0
25.7982,0.0000,0
16.0781,0.0000,0
22.8217,0.0000,0
16.5653,0.0000,0
15.7181,0.0000,0
23.3974,0.0000,0
20.2324,0.0000,0
18.5349,0.0000,0
21.0154,0.0000,0
19.4333,0.0000,0
25.0370,0.0000,0
22.9605,0.0000,0
20.6427,0.0000,0
25.2356,0.0000,0
25.7647,0.0000,0
22.2758,0.0000,0
21.2121,0.0000,0
22.1835,0.0000,0
20.8157,0.0000,0
18.7625,0.0000,0
23.0825,0.0000,0
21.0137,0.0000,0
15.9378,0.0000,0
17.9724,0.0000,0
25.3665,0.0000,0
22.1322,0.0000,0
24.1922,0.0000,0
16.5180,0.0000,0
19.8631,0.0000,0
17.1909,0.0000,0
15.8920,0.0000,0
21.9417,0.0000,0
19.7175,0.0000,0
20.8062,0.0000,0
21.6398,0.0000,0
16.0076,0.0000,0
16.9579,0.0000,0
21.4616,0.0000,0
24.2710,0.0000,0
22.5848,0.0000,0
19.0883,0.0000,0
22.8542,0.0000,0
24.0499,0.0000,0
19.5326,0.0000,0
21.4613,0.0000,0
24.5711,0.0000,0
19.8790,0.0000,0
16.0792,0.0000,0
16.7912,0.0000,0
19.1165,0.0000,0
15.7502,0.0000,0
22.1554,0.0000,0
25.1364,0.0000,0
18.4158,0.0000,0
17.1473,0.0000,0
17.5214,0.0000,0
23.3023,0.0000,0
17.4416,0.0000,0
22.3468,0.0000,0
21.7557,0.0000,0
22.9358,0.0000,0
15.8659,0.0000,0
17.4565,0.0000,0
25.5042,0.0000,0
17.8325,0.0000,0
17.9010,0.0000,0
23.3664,0.0000,0
17.0675,0.0000,0
25.4265,0.0000,0
17.9932,0.0000,0
24.4910,0.0000,0
17.0652,0.0000,0
16.7217,0.0000,0
24.0106,0.0000,0
21.5106,0.0000,0
18.6294,0.0000,0
21.4086,0.0000,0
24.4160,0.0000,0
17.1954,0.0000,0
19.2742,0.0000,0
18.3795,0.0000,0
17.2247,0.0000,0
20.5395,0.0000,0
15.7729,0.0000,0
23.3444,0.0000,0
17.6583,0.0000,0
24.9178,0.0000,0
19.2251,0.0000,0
23.3443,0.0000,0
23.7641,0.0000,0
25.2019,0.0000,0
20.0839,0.0000,0
17.9164,0.0000,0
23.9396,0.0000,0
17.1824,0.0000,0
19.7123,0.0000,0
18.7929,0.0000,0
23.4300,0.0000,0
25.5141,0.0000,0
19.6278,0.0000,0
18.9279,0.0000,0
17.7516,0.0000,0
25.6672,0.0000,0
21.2947,0.0000,0
21.6976,0.0000,0
22.8228,0.0000,0
18.3453,0.0000,0
20.0953,0.0000,0
21.7421,0.0000,0
17.7447,0.0000,0
21.5121,0.0000,0
21.5528,0.0000,0
17.7339,0.0000,0
24.5306,0.0000,0
24.5878,0.0000,0
19.8721,0.0000,0
25.2010,0.0000,0
24.3623,0.0000,0
23.2185,0.0000,0
16.8831,0.0000,0
21.5657,0.0000,0
23.7507,0.0000,0
22.1428,0.0000,0
17.8150,0.0000,0
17.0561,0.0000,0
21.0819,0.0000,0
20.8902,0.0000,0
23.5547,0.0000,0
23.9270,0.0000,0
20.3584,0.0000,0
24.8992,0.0000,0
21.4083,0.0000,0
18.2326,0.0000,0
21.6345,0.0000,0
16.8949,0.0000,0
15.6316,0.0000,0
17.7450,0.0000,0
19.2501,0.0000,0
17.9124,0.0000,0
25.5273,0.0000,0
16.1173,0.0000,0
17.9721,0.0000,0
19.4113,0.0000,0
23.8621,0.0000,0
23.2421,0.0000,0
23.8181,0.0000,0
20.1963,0.0000,0
21.2444,0.0000,0
18.0393,0.0000,0
19.6420,0.0000,0
17.3882,0.0000,0
22.3545,0.0000,0
16.5667,0.0000,0
20.4393,0.0000,0
24.5270,0.0000,0
18.8175,0.0000,0
17.8060,0.0000,0
23.5608,0.0000,0
22.4735,0.0000,0
20.1144,0.0000,0
20.0691,0.0000,0
17.8259,0.0000,0
21.9248,0.0000,0
15.9372,0.0000,0
21.9082,0.0000,0
16.2901,0.0000,0
19.3707,0.0000,0
20.8740,0.0000,0
16.9204,0.0000,0
24.2072,0.0000,0
24.1671,0.0000,0
19.2795,0.0000,0
18.5446,0.0000,0
21.9149,0.0000,0
24.6050,0.0000,0
19.2451,0.0000,0
15.6260,0.0000,0
19.1550,0.0000,0
20.3848,0.0000,0
21.3649,0.0000,0
20.7893,0.0000,0
20.2506,0.0000,0
24.3390,0.0000,0
19.3601,0.0000,0
19.2796,0.0000,0
18.7661,0.0000,0
24.5525,0.0000,0
18.7981,0.0000,0
21.4692,0.0000,0
23.0627,0.0000,0
21.3312,0.0000,0
15.6679,0.0000,0
18.9624,0.0000,0
21.1604,0.0000,0
19.1175,0.0000,0
20.4917,0.0000,0
22.8630,0.0000,0
22.1673,0.0000,0
16.8541,0.0000,0
20.9227,0.0000,0
23.4302,0.0000,0
22.0558,0.0000,0
17.9857,0.0000,0
17.4885,0.0000,0
19.6639,0.0000,0
21.7255,0.0000,0
16.0788,0.0000,0
23.3039,0.0000,0
19.8832,0.0000,0
18.0914,0.0000,0
20.2551,0.0000,0
22.0992,0.0000,0
20.8969,0.0000,0
15.8371,0.0000,0
23.1014,0.0000,0
18.1383,0.0000,0
21.2095,0.0000,0
16.3680,0.0000,0
24.9425,0.0000,0
17.9223,0.0000,0
16.8980,0.0000,0
16.9820,0.0000,0
21.2719,0.0000,0
20.9542,0.0000,0
18.5205,0.0000,0
20.4709,0.0000,0
23.7480,0.0000,0
23.4669,0.0000,0
25.3010,0.0000,0
24.0737,0.0000,0
25.9887,0.0000,0
23.4247,0.0000,0
19.5395,0.0000,0
24.0224,0.0000,0
23.8482,0.0000,0
18.1844,0.0000,0
24.6047,0.0000,0
18.0929,0.0000,0
18.9230,0.0000,0
20.1322,0.0000,0
22.1178,0.0000,0
17.1569,0.0000,0
23.7558,0.0000,0
25.4975,0.0000,0
22.8197,0.0000,0
18.8249,0.0000,0
21.7696,0.0000,0
20.7932,0.0000,0
24.1362,0.0000,0
22.4997,0.0000,0
20.4932,0.0000,0
25.5146,0.0000,0
19.0502,0.0000,0
16.8426,0.0000,0
24.6028,0.0000,0
16.4912,0.0000,0
16.0072,0.0000,0
25.6176,0.0000,0
19.1020,0.0000,0
24.1062,0.0000,0
21.2980,0.0000,0
23.5997,0.0000,0
24.9743,0.0000,0
25.3400,0.0000,0
22.3416,0.0000,0
16.6443,0.0000,0
23.8563,0.0000,0
24.9720,0.0000,0
21.1178,0.0000,0
19.9482,0.0000,0
16.1794,0.0000,0
25.3330,0.0000,0
18.5901,0.0000,0
17.7139,0.0000,0
15.7408,0.0000,0
22.1475,0.0000,0
21.0996,0.0000,0
24.6424,0.0000,0
20.3648,0.0000,0
20.7181,0.0000,0
22.1359,0.0000,0
22.9633,0.0000,0
19.7727,0.0000,0
24.8609,0.0000,0
19.0684,0.0000,0
23.6410,0.0000,0
21.3113,0.0000,0
17.8196,0.0000,0
19.9458,0.0000,0
23.2410,0.0000,0
19.2444,0.0000,0
16.3371,0.0000,0
15.6937,0.0000,0
19.4239,0.0000,0
25.5519,0.0000,0
21.9921,0.0000,0
22.4040,0.0000,0
25.8656,0.0000,0
17.9156,0.0000,0
19.8377,0.0000,0
22.5041,0.0000,0
16.1343,0.0000,0
24.9422,0.0000,0
18.2071,0.0000,0
18.5960,0.0000,0
22.9941,0.0000,0
17.7456,0.0000,0
25.8017,0.0000,0
24.3570,0.0000,0
23.1918,0.0000,0
15.7158,0.0000,0
24.8357,0.0000,0
21.9466,0.0000,0
19.5258,0.0000,0
25.4917,0.0000,0
20.2086,0.0000,0
16.9636,0.0000,0
19.9879,0.0000,0
19.3159,0.0000,0
20.6056,0.0000,0
18.3105,0.0000,0
24.5047,0.0000,0
19.6626,0.0000,0
16.2028,0.0000,0
23.7918,0.0000,0
23.7066,0.0000,0
22.3564,0.0000,0
17.5867,0.0000,0
18.8539,0.0000,0
22.4586,0.0000,0
22.8618,0.0000,0
25.1473,0.0000,0
17.2553,0.0000,0
17.2080,0.0000,0
18.1936,0.0000,0
23.7525,0.0000,0
17.3037,0.0000,0
17.5231,0.0000,0
16.5426,0.0000,0
22.3554,0.0000,0
20.8263,0.0000,0
24.7086,0.0000,0
18.0529,0.0000,0
23.7536,0.0000,0
21.7500,0.0000,0
23.7463,0.0000,0
18.4804,0.0000,0
16.8831,0.0000,0
23.1159,0.0000,0
22.9027,0.0000,0
23.7714,0.0000,0
20.5092,0.0000,0
23.4438,0.0000,0
20.1622,0.0000,0
18.4657,0.0000,0
25.4125,0.0000,0
24.4355,0.0000,0
19.8175,0.0000,0
17.9363,0.0000,0
24.1350,0.0000,0
22.3608,0.0000,0
20.6149,0.0000,0
25.9808,0.0000,0
23.5286,0.0000,0
23.4679,0.0000,0
21.8498,0.0000,0
19.8864,0.0000,0
23.9623,0.0000,0
16.0997,0.0000,0
21.3412,0.0000,0
16.0635,0.0000,0
18.2785,0.0000,0
17.1833,0.0000,0
21.7511,0.0000,0
16.3081,0.0000,0
22.8898,0.0000,0
18.6824,0.0000,0
17.6335,0.0000,0
25.6011,0.0000,0
22.3859,0.0000,0
22.1531,0.0000,0
18.7997,0.0000,0
17.7670,0.0000,0
20.5373,0.0000,0
17.0178,0.0000,0
18.8466,0.0000,0
21.0999,0.0000,0
19.0232,0.0000,0
25.1980,0.0000,0
20.1588,0.0000,0
25.7157,0.0000,0
20.4180,0.0000,0
16.0246,0.0000,0
15.8581,0.0000,0
24.4900,0.0000,0
24.7642,0.0000,0
22.1779,0.0000,0
22.4332,0.0000,0
19.4425,0.0000,0
24.7828,0.0000,0
25.0647,0.0000,0
19.9618,0.0000,0
18.2364,0.0000,0
16.4398,0.0000,0
16.8465,0.0000,0
23.3314,0.0000,0
20.7039,0.0000,0
17.1827,0.0000,0
17.5508,0.0000,0
23.2569,0.0000,0
21.0177,0.0000,0
20.5447,0.0000,0
22.7083,0.0000,0
21.4682,0.0000,0
24.5335,0.0000,0
19.4589,0.0000,0
24.4533,0.0000,0
21.9755,0.0000,0
24.9178,0.0000,0
18.0354,0.0000,0
19.0202,0.0000,0
15.7698,0.0000,0
19.6260,0.0000,0
15.7076,0.0000,0
16.7162,0.0000,0
22.4795,0.0000,0
21.4100,0.0000,0
22.5377,0.0000,0
19.0626,0.0000,0
16.1424,0.0000,0
23.6834,0.0000,0
18.8273,0.0000,0
21.1397,0.0000,0
23.8593,0.0000,0
18.1197,0.0000,0
22.0425,0.0000,0
23.2122,0.0000,0
23.6832,0.0000,0
17.0743,0.0000,0
20.7585,0.0000,0
18.6329,0.0000,0
19.4702,0.0000,0
21.1296,0.0000,0
18.8346,0.0000,0
22.5542,0.0000,0
15.7996,0.0000,0
18.9665,0.0000,0
17.6475,0.0000,0
16.9552,0.0000,0
18.4056,0.0000,0
15.7285,0.0000,0
18.1411,0.0000,0
17.3481,0.0000,0
25.8329,0.0000,0
22.5240,0.0000,0
24.5769,0.0000,0
21.3762,0.0000,0
16.0871,0.0000,0
24.5744,0.0000,0
17.9698,0.0000,0
20.6048,0.0000,0
16.9861,0.0000,0
20.1014,0.0000,0
17.5724,0.0000,0
20.5408,0.0000,0
25.9696,0.0000,0
18.7887,0.0000,0
24.7445,0.0000,0
22.6143,0.0000,0
16.4410,0.0000,0
17.5506,0.0000,0
18.4965,0.0000,0
23.6197,0.0000,0
19.6491,0.0000,0
17.2869,0.0000,0
18.8394,0.0000,0
24.5174,0.0000,0
16.6141,0.0000,0
23.0956,0.0000,0
22.2261,0.0000,0
25.9080,0.0000,0
17.1614,0.0000,0
16.5912,0.0000,0
18.5793,0.0000,0
17.8699,0.0000,0
22.8732,0.0000,0
25.7700,0.0000,0
19.0504,0.0000,0
18.8856,0.0000,0
18.0908,0.0000,0
20.6095,0.0000,0
24.5010,0.0000,0
22.1538,0.0000,0
21.9550,0.0000,0
24.8587,0.0000,0
22.0931,0.0000,0
25.1769,0.0000,0
15.7398,0.0000,0
23.5313,0.0000,0
25.8530,0.0000,0
23.5791,0.0000,0
17.4156,0.0000,0
19.9559,0.0000,0
22.0525,0.0000,0
17.7283,0.0000,0
15.8453,0.0000,0
20.9699,0.0000,0
17.8193,0.0000,0
24.4515,0.0000,0
25.6003,0.0000,0
15.7377,0.0000,0
18.9210,0.0000,0
22.0084,0.0000,0
25.8710,0.0000,0
25.3572,0.0000,0
24.4445,0.0000,0
20.9585,0.0000,0
20.2686,0.0000,0
17.2330,0.0000,0
22.8900,0.0000,0
18.6883,0.0000,0
21.7999,0.0000,0
21.8062,0.0000,0
18.8725,0.0000,0
21.8581,0.0000,0
23.9483,0.0000,0
23.4848,0.0000,0
16.7809,0.0000,0
19.0591,0.0000,0
25.1428,0.0000,0
23.9515,0.0000,0
20.6216,0.0000,0
15.6394,0.0000,0
23.3806,0.0000,0
20.0293,0.0000,0
18.5731,0.0000,0
24.9464,0.0000,0
25.3380,0.0000,0
25.7037,0.0000,0
20.4638,0.0000,0
22.9454,0.0000,0
21.7077,0.0000,0
22.0785,0.0000,0
25.7133,0.0000,0
21.4573,0.0000,0
17.9959,0.0000,0
25.4289,0.0000,0
22.2684,0.0000,0
16.0353,0.0000,0
16.8354,0.0000,0
25.0581,0.0000,0
19.8372,0.0000,0
21.2779,0.0000,0
16.6877,0.0000,0
16.4499,0.0000,0
24.0733,0.0000,0
19.9207,0.0000,0
18.7245,0.0000,0
23.5507,0.0000,0
24.6830,0.0000,0
15.9584,0.0000,0
15.6322,0.0000,0
23.2564,0.0000,0
22.6315,0.0000,0
16.5881,0.0000,0
18.0998,0.0000,0
18.7465,0.0000,0
16.3561,0.0000,0
20.0733,0.0000,0
24.3914,0.0000,0
16.5340,0.0000,0
21.9637,0.0000,0
18.1536,0.0000,0
24.6425,0.0000,0
25.5588,0.0000,0
17.7274,0.0000,0
16.2291,0.0000,0
18.4738,0.0000,0
20.3584,0.0000,0
17.6645,0.0000,0
23.0494,0.0000,0
16.3962,0.0000,0
19.7199,0.0000,0
22.0455,0.0000,0
16.1822,0.0000,0
18.8353,0.0000,0
16.0940,0.0000,0
16.4086,0.0000,0
21.8353,0.0000,0
20.8273,0.0000,0
20.2407,0.0000,0
22.9913,0.0000,0
17.8338,0.0000,0
25.0240,0.0000,0
23.3696,0.0000,0
24.4355,0.0000,0
20.6696,0.0000,0
25.9865,0.0000,0
15.7643,0.0000,0
18.4369,0.0000,0
17.8994,0.0000,0
24.8196,0.0000,0
19.2756,0.0000,0
21.8432,0.0000,0
20.1158,0.0000,0
16.0597,0.0000,0
16.7287,0.0000,0
21.0378,0.0000,0
25.8153,0.0000,0
15.9146,0.0000,0
17.4906,0.0000,0
21.9208,0.0000,0
22.0811,0.0000,0
21.2936,0.0000,0
25.0671,0.0000,0
17.1937,0.0000,0
25.6842,0.0000,0
17.6248,0.0000,0
19.8382,0.0000,0
25.0891,0.0000,0
19.5754,0.0000,0
16.4179,0.0000,0
22.1449,0.0000,0
19.2651,0.0000,0
20.5161,0.0000,0
16.6024,0.0000,0
19.8465,0.0000,0
25.8152,0.0000,0
21.1820,0.0000,0
15.9176,0.0000,0
18.8402,0.0000,0
20.5271,0.0000,0
16.9636,0.0000,0
22.8597,0.0000,0
17.3561,0.0000,0
23.1020,0.0000,0
21.7795,0.0000,0
22.5932,0.0000,0
23.5897,0.0000,0
23.0483,0.0000,0
17.3034,0.0000,0
22.3932,0.0000,0
22.9374,0.0000,0
23.7092,0.0000,0
25.8516,0.0000,0
16.8529,0.0000,0
23.5099,0.0000,0
21.4109,0.0000,0
15.6324,0.0000,0
16.0421,0.0000,0
17.7837,0.0000,0
22.5501,0.0000,0
20.5269,0.0000,0
16.9360,0.0000,0
22.0464,0.0000,0
25.1170,0.0000,0
23.2244,0.0000,0
18.4968,0.0000,0
23.3682,0.0000,0
22.1164,0.0000,0
17.4729,0.0000,0
20.0794,0.0000,0
19.2557,0.0000,0
18.1638,0.0000,0
18.3809,0.0000,0
17.6053,0.0000,0
19.4454,0.0000,0
16.8950,0.0000,0
16.8091,0.0000,0
15.6624,0.0000,0
17.9383,0.0000,0
16.6921,0.0000,0
16.5911,0.0000,0
25.1545,0.0000,0
25.9519,0.0000,0
23.5499,0.0000,0
19.0239,0.0000,0
19.2778,0.0000,0
18.5859,0.0000,0
15.7548,0.0000,0
16.8585,0.0000,0
23.6127,0.0000,0
23.8552,0.0000,0
16.9822,0.0000,0
23.4964,0.0000,0
20.2084,0.0000,0
20.7463,0.0000,0
25.6826,0.0000,0
16.2437,0.0000,0
16.2062,0.0000,0
16.7284,0.0000,0
16.4294,0.0000,0
24.9062,0.0000,0
23.4459,0.0000,0
21.7637,0.0000,0
17.4896,0.0000,0
23.6890,0.0000,0
23.1817,0.0000,0
23.0041,0.0000,0
23.4800,0.0000,0
20.9620,0.0000,0
17.0530,0.0000,0
20.6276,0.0000,0
16.6175,0.0000,0
16.2845,0.0000,0
23.0595,0.0000,0
22.9482,0.0000,0
22.6968,0.0000,0
20.5731,0.0000,0
22.0650,0.0000,0
15.6207,0.0000,0
25.2310,0.0000,0
23.2338,0.0000,0
22.3139,0.0000,0
18.9484,0.0000,0
19.1478,0.0000,0
25.7790,0.0000,0
16.7549,0.0000,0
23.1260,0.0000,0
22.2121,0.0000,0
21.3240,0.0000,0
17.0171,0.0000,0
25.4892,0.0000,0
16.0207,0.0000,0
25.3544,0.0000,0
22.6663,0.0000,0
22.3183,0.0000,0
17.8209,0.0000,0
20.5182,0.0000,0
20.2654,0.0000,0
16.0446,0.0000,0
23.8817,0.0000,0
18.3184,0.0000,0
24.5175,0.0000,0
20.3329,0.0000,0
20.6258,0.0000,0
18.7110,0.0000,0
16.5758,0.0000,0
19.6615,0.0000,0
22.6040,0.0000,0
22.7099,0.0000,0
22.1211,0.0000,0
25.3513,0.0000,0
20.3812,0.0000,0
16.7947,0.0000,0
19.8527,0.0000,0
17.1473,0.0000,0
19.8962,0.0000,0
23.1580,0.0000,0
19.0055,0.0000,0
25.5632,0.0000,0
22.3259,0.0000,0
16.1038,0.0000,0
24.6003,0.0000,0
16.6196,0.0000,0
23.0332,0.0000,0
17.5086,0.0000,0
18.1761,0.0000,0
23.4529,0.0000,0
19.7939,0.0000,0
18.4020,0.0000,0
25.1140,0.0000,0
15.6554,0.0000,0
17.0037,0.0000,0
15.9899,0.0000,0
23.3825,0.0000,0
15.9556,0.0000,0
19.5779,0.0000,0
19.2431,0.0000,0
17.8031,0.0000,0
24.3242,0.0000,0
24.5921,0.0000,0
21.6594,0.0000,0
18.7173,0.0000,0
19.8273,0.0000,0
21.6294,0.0000,0
18.0798,0.0000,0
17.4795,0.0000,0
22.8349,0.0000,0
23.5562,0.0000,0
24.5394,0.0000,0
25.5476,0.0000,0
21.8480,0.0000,0
18.3075,0.0000,0
24.7245,0.0000,0
15.9843,0.0000,0
17.2252,0.0000,0
18.3025,0.0000,0
23.3098,0.0000,0
17.6919,0.0000,0
25.4725,0.0000,0
17.3284,0.0000,0
23.4910,0.0000,0
24.9643,0.0000,0
18.8893,0.0000,0
21.0900,0.0000,0
23.4386,0.0000,0
22.9738,0.0000,0
24.7790,0.0000,0
17.0242,0.0000,0
25.4904,0.0000,0
22.3405,0.0000,0
23.3568,0.0000,0
25.7255,0.0000,0
18.6371,0.0000,0
18.9106,0.0000,0
22.3980,0.0000,0
23.7177,0.0000,0
25.7777,0.0000,0
18.8677,0.0000,0
20.7098,0.0000,0
25.6306,0.0000,0
21.7469,0.0000,0
23.4039,0.0000,0
16.9154,0.0000,0
18.0587,0.0000,0
22.3915,0.0000,0
15.6968,0.0000,0
25.8975,0.0000,0
24.7178,0.0000,0
24.0381,0.0000,0
18.7705,0.0000,0
21.9981,0.0000,0
18.0400,0.0000,0
19.3977,0.0000,0
25.6986,0.0000,0
22.8543,0.0000,0
23.3967,0.0000,0
24.4485,0.0000,0
18.5451,0.0000,0
21.8543,0.0000,0
19.1095,0.0000,0
17.2172,0.0000,0
18.0569,0.0000,0
16.1539,0.0000,0
22.2976,0.0000,0
18.1734,0.0000,0
23.6909,0.0000,0
23.4976,0.0000,0
17.0404,0.0000,0
16.1597,0.0000,0
15.6831,0.0000,0
23.7160,0.0000,0
18.1407,0.0000,0
19.8527,0.0000,0
22.5624,0.0000,0
19.0060,0.0000,0
18.1994,0.0000,0
17.1202,0.0000,0
20.4802,0.0000,0
17.1600,0.0000,0
24.8386,0.0000,0
17.8344,0.0000,0
16.4208,0.0000,0
22.7458,0.0000,0
22.0472,0.0000,0
19.0593,0.0000,0
22.1511,0.0000,0
15.7051,0.0000,0
16.4399,0.0000,0
19.4835,0.0000,0
20.6535,0.0000,0
17.6371,0.0000,0
17.2200,0.0000,0
15.8606,0.0000,0
23.9563,0.0000,0
25.3003,0.0000,0
18.0899,0.0000,0
17.3968,0.0000,0
23.9137,0.0000,0
16.1823,0.0000,0
18.4258,0.0000,0
21.6022,0.0000,0
22.3078,0.0000,0
18.3645,0.0000,0
20.4370,0.0000,0
23.2119,0.0000,0
17.5890,0.0000,0
23.9538,0.0000,0
15.7641,0.0000,0
25.3459,0.0000,0
24.3874,0.0000,0
17.6981,0.0000,0
18.4003,0.0000,0
21.0131,0.0000,0
22.9867,0.0000,0
25.0261,0.0000,0
16.8597,0.0000,0
24.1860,0.0000,0
19.1740,0.0000,0
16.3705,0.0000,0
24.2632,0.0000,0
25.5290,0.0000,0
16.6115,0.0000,0
24.8509,0.0000,0
18.5474,0.0000,0
18.6165,0.0000,0
24.9493,0.0000,0
20.1800,0.0000,0
20.3145,0.0000,0
21.9911,0.0000,0
23.3810,0.0000,0
16.1093,0.0000,0
23.1844,0.0000,0
22.3272,0.0000,0
24.1698,0.0000,0
23.4915,0.0000,0
17.6151,0.0000,0
17.6912,0.0000,0
16.5840,0.0000,0
22.6307,0.0000,0
19.0061,0.0000,0
25.0485,0.0000,0
22.3437,0.0000,0
19.0234,0.0000,0
20.1790,0.0000,0
23.8725,0.0000,0
25.2795,0.0000,0
16.4528,0.0000,0
20.0067,0.0000,0
20.9942,0.0000,0
17.1219,0.0000,0
22.9105,0.0000,0
18.2451,0.0000,0
19.7675,0.0000,0
23.8949,0.0000,0
23.7440,0.0000,0
24.2942,0.0000,0
22.9229,0.0000,0
22.2516,0.0000,0
19.9061,0.0000,0
20.7892,0.0000,0
23.7283,0.0000,0
19.9450,0.0000,0
20.9777,0.0000,0
18.2151,0.0000,0
19.4128,0.0000,0
21.3944,0.0000,0
20.2611,0.0000,0
18.0888,0.0000,0
25.2006,0.0000,0
24.7030,0.0000,0
25.2450,0.0000,0
25.2409,0.0000,0
25.5081,0.0000,0
20.5404,0.0000,0
23.9805,0.0000,0
16.1222,0.0000,0
16.4818,0.0000,0
15.7810,0.0000,0
15.8602,0.0000,0
15.8958,0.0000,0
17.7027,0.0000,0
21.4249,0.0000,0
19.5812,0.0000,0
23.8814,0.0000,0
23.1115,0.0000,0
24.3351,0.0000,0
23.0656,0.0000,0
15.7836,0.0000,0
21.7357,0.0000,0
19.0257,0.0000,0
19.9497,0.0000,0
19.9646,0.0000,0
18.1477,0.0000,0
16.5860,0.0000,0
16.2197,0.0000,0
19.7688,0.0000,0
25.2082,0.0000,0
17.3485,0.0000,0
16.3088,0.0000,0
24.6354,0.0000,0
19.8828,0.0000,0
19.3594,0.0000,0
16.2303,0.0000,0
18.0980,0.0000,0
24.5504,0.0000,0
21.8272,0.0000,0
23.2163,0.0000,0
22.1602,0.0000,0
24.9683,0.0000,0
16.8900,0.0000,0
16.1695,0.0000,0
17.5503,0.0000,0
20.0436,0.0000,0
18.9216,0.0000,0
16.2655,0.0000,0
21.8799,0.0000,0
25.9668,0.0000,0
22.3085,0.0000,0
18.8701,0.0000,0
22.8335,0.0000,0
19.2006,0.0000,0
16.1350,0.0000,0
18.7297,0.0000,0
25.4193,0.0000,0
16.5955,0.0000,0
22.3515,0.0000,0
16.9857,0.0000,0
25.6146,0.0000,0
25.7700,0.0000,0
21.9140,0.0000,0
23.5069,0.0000,0
21.5335,0.0000,0
16.6425,0.0000,0
20.5355,0.0000,0
20.3041,0.0000,0
22.5490,0.0000,0
17.3061,0.0000,0
20.4286,0.0000,0
21.4379,0.0000,0
16.0504,0.0000,0
19.2053,0.0000,0
23.5939,0.0000,0
16.5480,0.0000,0
24.4458,0.0000,0
20.5118,0.0000,0
19.7612,0.0000,0
17.5967,0.0000,0
22.3572,0.0000,0
21.3611,0.0000,0
18.4672,0.0000,0
24.0649,0.0000,0
15.9733,0.0000,0
21.2428,0.0000,0
21.2656,0.0000,0
19.1653,0.0000,0
16.5943,0.0000,0
23.7508,0.0000,0
21.9878,0.0000,0
20.0276,0.0000,0
18.5822,0.0000,0
20.8921,0.0000,0
22.8103,0.0000,0
25.1838,0.0000,0
17.5357,0.0000,0
24.4503,0.0000,0
23.3018,0.0000,0
23.0741,0.0000,0
23.3855,0.0000,0
21.5975,0.0000,0
22.0073,0.0000,0
21.6977,0.0000,0
19.3987,0.0000,0
19.2045,0.0000,0
20.7759,0.0000,0
23.9288,0.0000,0
20.6002,0.0000,0
18.4905,0.0000,0
16.9186,0.0000,0
16.5704,0.0000,0
22.5471,0.0000,0
22.1858,0.0000,0
15.7729,0.5599,0
23.3444,1.0467,0
17.6583,1.9315,0
24.9178,1.1064,0
19.2251,1.6465,0
23.3443,0.8525,0
23.7641,1.5150,0
25.2019,1.0396,0
20.0839,0.9432,0
17.9164,0.9466,0
23.9396,1.0375,0
17.1824,1.6058,0
19.7123,1.5570,0
18.7929,1.4643,0
23.4300,1.4851,0
25.5141,1.2541,0
19.6278,1.2459,0
18.9279,0.8255,0
17.7516,0.4828,0
25.6672,1.7835,0
21.2947,1.2372,0
21.6976,0.9532,0
22.8228,0.8654,0
18.3453,1.9258,0
20.0953,1.1763,0
21.7421,0.5561,0
17.7447,0.9040,0
21.5121,0.9505,0
21.5528,0.7363,0
17.7339,1.5653,0
24.5306,0.5519,0
24.5878,0.7559,0
19.8721,1.6000,0
25.2010,2.7948,0
24.3623,1.2075,0
23.2185,0.8831,0
16.8831,0.7464,0
21.5657,1.7654,0
23.7507,1.6489,0
22.1428,0.8322,0
17.8150,1.2312,0
17.0561,1.4195,0
21.0819,0.9707,0
20.8902,1.7247,0
23.5547,0.5956,0
23.9270,0.9751,0
20.3584,1.2617,0
24.8992,0.1516,0
21.4083,1.3448,0
18.2326,0.8949,0
21.6345,0.5341,0
16.8949,1.8609,0
15.6316,0.9958,0
17.7450,1.5917,0
19.2501,1.3147,0
17.9124,1.1675,0
25.5273,1.1276,0
16.1173,0.8048,0
17.9721,0.5953,0
19.4113,0.9535,0
23.8621,0.9099,0
23.2421,0.8144,0
23.8181,1.3082,0
20.1963,1.4158,0
21.2444,1.2752,0
18.0393,1.0845,0
19.6420,2.1727,0
17.3882,0.8238,0
22.3545,0.4314,0
16.5667,1.2754,0
20.4393,1.2802,0
24.5270,1.2233,0
18.8175,1.6099,0
17.8060,1.0537,0
23.5608,1.2638,0
22.4735,1.5008,0
20.1144,1.6543,0
20.0691,1.0742,0
17.8259,1.2756,0
21.9248,0.0000,0
15.9372,0.1988,0
21.9082,0.4872,0
16.2901,0.5746,0
19.3707,1.1353,0
20.8740,0.8115,0
16.9204,0.0000,0
24.2072,0.9320,0
24.1671,2.0041,0
19.2795,0.5322,0
18.5446,1.6249,0
21.9149,2.9254,0
24.6050,1.3951,0
19.2451,0.2380,0
15.6260,1.2112,0
19.1550,2.3492,0
20.3848,1.4414,0
21.3649,1.5665,0
20.7893,0.9428,0
20.2506,1.1290,0
24.3390,1.1621,0
19.3601,0.8445,0
19.2796,1.6199,0
18.7661,0.9998,0
24.5525,2.4193,0
18.7981,1.2803,0
21.4692,1.6544,0
23.0627,1.4188,0
21.3312,1.5132,0
15.6679,0.2133,0
18.9624,1.8484,0
21.1604,0.4154,0
19.1175,0.6822,0
20.4917,0.9651,0
22.8630,0.3588,0
22.1673,1.7186,0
16.8541,0.6728,0
20.9227,1.1134,0
23.4302,1.2588,0
22.0558,0.7870,0
17.9857,1.2583,0
17.4885,1.4836,0
19.6639,0.6760,0
21.7255,1.7161,0
16.0788,1.1276,0
23.3039,2.2498,0
19.8832,2.8700,0
18.0914,0.2709,0
20.2551,1.7250,0
22.0992,0.8988,0
20.8969,1.5795,0
15.8371,1.3510,0
23.1014,1.3105,0
18.1383,1.6441,0
21.2095,1.1676,0
16.3680,0.6590,0
24.9425,0.5793,0
17.9223,1.4542,0
16.8980,0.7402,0
16.9820,1.1211,0
21.2719,2.2509,0
20.9542,2.1578,0
18.5205,0.2476,0
20.4709,2.1697,0
23.7480,1.2178,0
23.4669,2.0521,0
25.3010,0.9931,0
24.0737,0.4310,0
25.9887,1.4257,0
23.4247,0.9934,0
19.5395,1.1632,0
24.0224,0.8506,0
23.8482,1.1830,0
18.1844,0.9113,0
24.6047,0.6229,0
18.0929,2.4625,0
18.9230,2.1117,0
20.1322,0.8178,0
22.1178,1.1570,0
17.1569,2.5069,0
23.7558,2.4039,0
25.4975,1.5176,0
22.8197,1.4956,0
18.8249,1.2628,0
21.7696,1.7331,0
20.7932,0.3828,0
24.1362,0.8839,0
22.4997,1.3174,0
20.4932,1.6493,0
25.5146,1.6754,0
19.0502,1.4185,0
16.8426,0.9059,0
24.6028,2.4542,0
16.4912,1.0006,0
16.0072,0.8608,0
25.6176,1.9929,0
19.1020,1.6715,0
24.1062,0.9787,0
21.2980,0.9781,0
23.5997,2.5018,0
24.9743,0.9618,0
25.3400,1.8085,0
22.3416,1.3820,0
16.6443,0.9646,0
23.8563,1.8154,0
24.9720,0.8705,0
21.1178,0.9922,0
19.9482,1.0001,0
16.1794,0.8297,0
25.3330,0.9225,0
18.5901,1.4364,0
17.7139,1.5160,0
15.7408,1.4462,0
22.1475,1.3229,0
21.0996,1.4160,0
24.6424,1.2144,0
20.3648,1.6901,0
20.7181,0.4001,0
22.1359,1.0041,0
22.9633,0.6967,0
19.7727,1.5447,0
24.8609,1.5715,0
19.0684,1.2169,0
23.6410,1.4945,0
21.3113,0.4914,0
17.8196,0.7506,0
19.9458,0.8139,0
23.2410,2.0041,0
19.2444,1.5900,0
16.3371,1.1854,0
15.6937,0.6749,0
19.4239,2.0247,0
25.5519,1.9789,0
21.9921,2.1030,0
22.4040,0.5000,0
25.8656,1.2553,0
17.9156,1.6736,0
19.8377,1.2634,0
22.5041,0.5795,0
16.1343,0.9201,0
24.9422,2.0057,0
18.2071,0.5334,0
18.5960,1.0148,0
22.9941,0.8328,0
17.7456,1.6452,0
25.8017,0.6381,0
24.3570,0.8093,0
23.1918,1.5724,0
15.7158,1.6157,0
24.8357,1.7784,0
21.9466,1.0316,0
19.5258,0.6664,0
25.4917,0.8755,0
20.2086,1.1333,0
16.9636,1.5975,0
19.9879,1.1023,0
19.3159,0.3092,0
20.6056,1.4501,0
18.3105,1.0663,0
24.5047,1.3126,0
19.6626,0.8637,0
16.2028,0.6530,0
23.7918,0.9137,0
23.7066,1.5107,0
22.3564,1.2772,0
17.5867,1.6227,0
18.8539,0.2771,0
22.4586,1.6100,0
22.8618,2.2263,0
25.1473,1.0805,0
17.2553,0.9053,0
17.2080,0.4247,0
18.1936,0.8482,0
23.7525,0.9850,0
17.3037,1.7352,0
17.5231,0.7726,0
16.5426,0.9718,0
15.6513,0.0000,0
25.0564,0.0000,0
16.7155,0.0000,0
22.4019,0.0000,0
23.7353,0.0000,0
25.7939,0.0000,0
19.1592,0.0000,0
20.8452,0.0000,0
15.6297,0.0000,0
16.5027,0.0000,0
25.3330,0.0000,0
24.0397,0.0000,0
25.2418,0.0000,0
22.3057,0.0000,0
15.8496,0.0000,0
18.3837,0.0000,0
16.8670,0.0000,0
22.9814,0.0000,0
19.6773,0.0000,0
25.3555,0.0000,0
23.2655,0.0000,0
18.4225,0.0000,0
20.2320,0.0000,0
18.0383,0.0000,0
20.0673,0.0000,0
20.2729,0.0000,0
21.9447,0.0000,0
17.3225,0.0000,0
24.3346,0.0000,0
24.6293,0.0000,0
15.8543,0.0000,0
18.4487,0.0000,0
18.2422,0.0000,0
22.2677,0.0000,0
22.4647,0.0000,0
16.2453,0.0000,0
16.7342,0.0000,0
23.4681,0.0000,0
18.7310,0.0000,0
19.7543,0.0000,0
20.0656,0.0000,0
20.6267,0.0000,0
24.9750,0.0000,0
23.4819,0.0000,0
23.5271,0.0000,0
19.9060,0.0000,0
25.9502,0.0000,0
21.9541,0.0000,0
18.0998,0.0000,0
23.2995,0.0000,0
24.0958,0.0000,0
19.5523,0.0000,0
24.6736,0.0000,0
22.0300,0.0000,0
25.6011,0.0000,0
22.3859,0.0000,0
16.9779,0.0000,0
19.8150,0.0000,0
19.4891,0.0000,0
21.0016,0.0000,0
19.7913,0.0000,0
16.0997,0.0000,0
15.6841,0.0000,0
16.8241,0.0000,0
16.9203,0.0000,0
17.2309,0.0000,0
17.9940,0.0000,0
16.3867,0.0000,0
19.6826,0.0000,0
19.0088,0.0000,0
16.6472,0.0000,0
22.0948,0.0000,0
20.2210,0.0000,0
24.3965,0.0000,0
23.6566,0.0000,0
23.0634,0.0000,0
23.8050,0.0000,0
15.8880,0.0000,0
23.1337,0.0000,0
17.5762,0.0000,0
25.7545,0.0000,0
24.2485,0.0000,0
22.0238,0.0000,0
24.6047,0.0000,0
23.3653,0.0000,0
23.9791,0.0000,0
24.9334,0.0000,0
15.8568,0.0000,0
16.3109,0.0000,0
15.8128,0.0000,0
23.6253,0.0000,0
18.9375,0.0000,0
18.1353,0.0000,0
18.1383,0.0000,0
21.6734,0.0000,0
24.9757,0.0000,0
15.7728,0.0000,0
16.0151,0.0000,0
22.2482,0.0000,0
21.1409,0.0000,0
25.8009,0.0000,0
19.3500,0.0000,0
25.4787,0.0000,0
16.4219,0.0000,0
16.9377,0.0000,0
23.1694,0.0000,0
19.2823,0.0000,0
16.3414,0.0000,0
16.1254,0.0000,0
17.0334,0.0000,0
17.4827,0.0000,0
24.2511,0.0000,0
22.6123,0.0000,0
17.6754,0.0000,0
22.2154,0.0000,0
17.9634,0.0000,0
22.3436,0.0000,0
15.6369,0.0000,0
16.8011,0.0000,0
24.6297,0.0000,0
17.2143,0.0000,0
21.0930,0.0000,0
21.1564,0.0000,0
17.4968,0.0000,0
22.7453,0.0000,0
23.7962,0.0000,0
17.7508,0.0000,0
17.1090,0.0000,0
16.6606,0.0000,0
25.1612,0.0000,0
23.9284,0.0000,0
18.7433,0.0000,0
24.1268,0.0000,0
16.1124,0.0000,0
25.6422,0.0000,0
19.6527,0.0000,0
17.7599,0.0000,0
16.5266,0.0000,0
21.8621,0.0000,0
17.8938,0.0000,0
17.0878,0.0000,0
23.6230,0.0000,0
19.0675,0.0000,0
20.1563,0.0000,0
22.9350,0.0000,0
25.9955,0.0000,0
25.1329,0.0000,0
23.2456,0.0000,0
21.5706,0.0000,0
19.3648,0.0000,0
22.7634,0.0000,0
17.3931,0.0000,0
22.1803,0.0000,0
20.1828,0.0000,0
19.9596,0.0000,0
16.5749,0.0000,0
18.6254,0.0000,0
19.6068,0.0000,0
20.1525,0.0000,0
23.6082,0.0000,0
21.0569,0.0000,0
19.9649,0.0000,0
16.1083,0.0000,0
23.4661,0.0000,0
23.9119,0.0000,0
24.9210,0.0000,0
22.6437,0.0000,0
20.1341,0.0000,0
21.3628,0.0000,0
20.6265,0.0000,0
18.2802,0.0000,0
15.8893,0.0000,0
16.5416,0.0000,0
20.2608,0.0000,0
16.0118,0.0000,0
18.6146,0.0000,0
22.8242,0.0000,0
21.3471,0.0000,0
19.1488,0.0000,0
23.8325,0.0000,0
17.4245,0.0000,0
15.9908,0.0000,0
15.7580,0.0000,0
17.6084,0.0000,0
25.4127,0.0000,0
25.2597,0.0000,0
23.6119,0.0000,0
17.9335,0.0000,0
19.5402,0.0000,0
20.2101,0.0000,0
20.9136,0.0000,0
25.1908,0.0000,0
20.9347,0.0000,0
18.3259,0.0000,0
19.5246,0.0000,0
24.5222,0.0000,0
24.7000,0.0000,0
16.7776,0.0000,0
20.8622,0.0000,0
21.7194,0.0000,0
24.6539,0.0000,0
16.2005,0.0000,0
20.8588,0.0000,0
16.8862,0.0000,0
22.9710,0.0000,0
23.5700,0.0000,0
21.7945,0.0000,0
19.2527,0.0000,0
22.7394,0.0000,0
22.8135,0.0000,0
21.0041,0.0000,0
17.9849,0.0000,0
25.0599,0.0000,0
16.5878,0.0000,0
22.0875,0.0000,0
22.2126,0.0000,0
18.6877,0.0000,0
25.1599,0.0000,0
25.0181,0.0000,0
23.3679,0.0000,0
18.7043,0.0000,0
16.5286,0.0000,0
18.6934,0.0000,0
24.8568,0.0000,0
24.6494,0.0000,0
20.7643,0.0000,0
17.1975,0.0000,0
24.1552,0.0000,0
16.7047,0.0000,0
19.1084,0.0000,0
19.7233,0.0000,0
20.3968,0.0000,0
18.0658,0.0000,0
25.8363,0.0000,0
16.5612,0.0000,0
25.3864,0.0000,0
18.7126,0.0000,0
18.9261,0.0000,0
20.2246,0.0000,0
20.6775,0.0000,0
22.3203,0.0000,0
21.0117,0.0000,0
17.8457,0.0000,0
23.4885,0.0000,0
18.4514,0.0000,0
22.7896,0.0000,0
19.2495,0.0000,0
17.4418,0.0000,0
17.7210,0.0000,0
20.7757,0.0000,0
22.4812,0.0000,0
23.8456,0.0000,0
20.4778,0.0000,0
15.7301,0.0000,0
24.2904,0.0000,0
21.3097,0.0000,0
17.5049,0.0000,0
25.0064,0.0000,0
18.3681,0.0000,0
16.1274,0.0000,0
21.5312,0.0000,0
24.5781,0.0000,0
16.5372,0.0000,0
19.7569,0.0000,0
18.8457,0.0000,0
25.3954,0.0000,0
21.9517,0.0000,0
15.7559,0.0000,0
16.6448,0.0000,0
21.6890,0.0000,0
18.7373,0.0000,0
18.4414,0.0000,0
18.5858,0.0000,0
25.2110,0.0000,0
19.2167,0.0000,0
23.6701,0.0000,0
23.2352,0.0000,0
20.0642,0.0000,0
17.1728,0.0000,0
18.4993,0.0000,0
21.2075,0.0000,0
21.8449,0.0000,0
21.0233,0.0000,0
20.9354,0.0000,0
23.5782,0.0000,0
19.7612,0.0000,0
24.5165,0.0000,0
16.3858,0.0000,0
20.8011,0.0000,0
16.0850,0.0000,0
18.8402,0.0000,0
15.6536,0.0000,0
18.0749,0.0000,0
17.3215,0.0000,0
20.3926,0.0000,0
25.8460,0.0000,0
24.5864,0.0000,0
17.2809,0.0000,0
23.8021,0.0000,0
19.7710,0.0000,0
19.6207,0.0000,0
16.0989,0.0000,0
23.7212,0.0000,0
21.8736,0.0000,0
22.4740,0.0000,0
20.2188,0.0000,0
23.6360,0.0000,0
21.7463,0.0000,0
15.7467,0.0000,0
18.9234,0.0000,0
20.1572,0.0000,0
22.5379,0.0000,0
22.9234,0.0000,0
21.7223,0.0000,0
20.1765,0.0000,0
16.7070,0.0000,0
22.2531,0.0000,0
17.4732,0.0000,0
25.9140,0.0000,0
17.9840,0.0000,0
20.0429,0.0000,0
25.0639,0.0000,0
21.1177,0.0000,0
18.4425,0.0000,0
25.6396,0.0000,0
20.3044,0.0000,0
20.2937,0.0000,0
20.3328,0.0000,0
25.9126,0.0000,0
25.5981,0.0000,0
16.8469,0.0000,0
21.7953,0.0000,0
20.9307,0.0000,0
16.5421,0.0000,0
17.0651,0.0000,0
19.4517,0.0000,0
23.5672,0.0000,0
24.9801,0.0000,0
15.9216,0.0000,0
22.3840,0.0000,0
21.9965,0.0000,0
23.1693,0.0000,0
17.6117,0.0000,0
20.7431,0.0000,0
17.2024,0.0000,0
18.8238,0.0000,0
25.0047,0.0000,0
18.6522,0.0000,0
24.4028,0.0000,0
17.1272,0.0000,0
22.6885,0.0000,0
22.2064,0.0000,0
24.3911,0.0000,0
22.1037,0.0000,0
16.7524,0.0000,0
21.9035,0.0000,0
16.5271,0.0000,0
21.7498,0.0000,0
21.6408,0.0000,0
17.1961,0.0000,0
16.8099,0.0000,0
18.2823,0.0000,0
16.9330,0.0000,0
16.5565,0.0000,0
17.0981,0.0000,0
20.6979,0.0000,0
23.0581,0.0000,0
15.6337,0.0000,0
20.2763,0.0000,0
16.0154,0.0000,0
22.9374,0.0000,0
22.0947,0.0000,0
16.0450,0.0000,0
24.9898,0.0000,0
25.0521,0.0000,0
19.4095,0.0000,0
19.8134,0.0000,0
19.2860,0.0000,0
19.7914,0.0000,0
24.2953,0.0000,0
20.3376,0.0000,0
25.2787,0.0000,0
24.3931,0.0000,0
20.4741,0.0000,0
17.2331,0.0000,0
19.9303,0.0000,0
18.5849,0.0000,0
22.3424,0.0000,0
17.3454,0.0000,0
22.0691,0.0000,0
18.1966,0.0000,0
21.8273,0.0000,0
25.1722,0.0000,0
25.2039,0.0000,0
25.4685,0.0000,0
18.8600,0.0000,0
17.4806,0.0000,0
21.9425,0.0000,0
16.0284,0.0000,0
23.9384,0.0000,0
19.4654,0.0000,0
18.0682,0.0000,0
21.0215,0.0000,0
20.3903,0.0000,0
20.0872,0.0000,0
25.3969,0.0000,0
24.8486,0.0000,0
18.9524,0.0000,0
16.7290,0.0000,0
18.2572,0.0000,0
24.7012,0.0000,0
25.3748,0.0000,0
25.6872,0.0000,0
19.3264,0.0000,0
17.8111,0.0000,0
23.8638,0.0000,0
23.2102,0.0000,0
23.4073,0.0000,0
22.9417,0.0000,0
23.2917,0.0000,0
15.8219,0.0000,0
18.7699,0.0000,0
23.7937,0.0000,0
22.7029,0.0000,0
21.4356,0.0000,0
15.8120,0.0000,0
18.4737,0.0000,0
23.1766,0.0000,0
22.7136,0.0000,0
18.3239,0.0000,0
18.7359,0.0000,0
25.5201,0.0000,0
20.6472,0.0000,0
19.3772,0.0000,0
25.1323,0.0000,0
25.5019,0.0000,0
17.9387,0.0000,0
19.4417,0.0000,0
24.6080,0.0000,0
19.5779,0.0000,0
22.9130,0.0000,0
25.3264,0.0000,0
15.8099,0.0000,0
17.5234,0.0000,0
18.5847,0.0000,0
15.6426,0.0000,0
22.3500,0.0000,0
18.1766,0.0000,0
21.4283,0.0000,0
20.0105,0.0000,0
24.4376,0.0000,0
23.6926,0.0000,0
18.6752,0.0000,0
25.8398,0.0000,0
17.0669,0.0000,0
23.0050,0.0000,0
15.8396,0.0000,0
22.0697,0.0000,0
16.9341,0.0000,0
22.5572,0.0000,0
25.9264,0.0000,0
20.2201,0.0000,0
25.9658,0.0000,0
23.6376,0.0000,0
16.3825,0.0000,0
18.5301,0.0000,0
23.6006,0.0000,0
22.3318,0.0000,0
22.7706,0.0000,0
16.1990,0.0000,0
17.8248,0.0000,0
23.5039,0.0000,0
17.0433,0.0000,0
20.0973,0.0000,0
25.4735,0.0000,0
17.1726,0.0000,0
22.5397,0.0000,0
25.7036,0.0000,0
18.8288,0.0000,0
24.4262,0.0000,0
16.5681,0.0000,0
17.2200,0.0000,0
23.2560,0.0000,0
23.1823,0.0000,0
22.8480,0.0000,0
24.2383,0.0000,0
17.1648,0.0000,0
19.4642,0.0000,0
24.1988,0.0000,0
21.7688,0.0000,0
18.9737,0.0000,0
24.2255,0.0000,0
18.0628,0.0000,0
17.7287,0.0000,0
21.5620,0.0000,0
20.7056,0.0000,0
22.2397,0.0000,0
19.6579,0.0000,0
24.7758,0.0000,0
25.5364,0.0000,0
18.0111,0.0000,0
20.8425,0.0000,0
16.8342,0.0000,0
21.5751,0.0000,0
20.2453,0.0000,0
20.5674,0.0000,0
20.0186,0.0000,0
24.4011,0.0000,0
24.4542,0.0000,0
16.4163,0.0000,0
19.4286,0.0000,0
16.7961,0.0000,0
20.7400,0.0000,0
19.6654,0.0000,0
25.1098,0.0000,0
16.4469,0.0000,0
17.4100,0.0000,0
17.5505,0.0000,0
23.2933,0.0000,0
18.7993,0.0000,0
24.9599,0.0000,0
25.7714,0.0000,0
19.9485,0.0000,0
17.5150,0.0000,0
24.3051,0.0000,0
17.0242,0.0000,0
16.7648,0.0000,0
19.0351,0.0000,0
16.5652,0.0000,0
21.7186,0.0000,0
18.4399,0.0000,0
22.6921,0.0000,0
24.9449,0.0000,0
25.4908,0.0000,0
17.1243,0.0000,0
21.8223,0.0000,0
25.7572,0.0000,0
16.6354,0.0000,0
17.5949,0.0000,0
15.9086,0.0000,0
22.6634,0.0000,0
22.9665,0.0000,0
18.8737,0.0000,0
16.6186,0.0000,0
22.7694,0.0000,0
25.4902,0.0000,0
24.0381,0.0000,0
18.7705,0.0000,0
25.3127,0.0000,0
16.1871,0.0000,0
25.2375,0.0000,0
22.2227,0.0000,0
18.9789,0.0000,0
18.2006,0.0000,0
24.5791,0.0000,0
18.6851,0.0000,0
21.3722,0.0000,0
25.3024,0.0000,0
22.1373,0.0000,0
19.4999,0.0000,0
16.9309,0.0000,0
20.6198,0.0000,0
18.6466,0.0000,0
23.7063,0.0000,0
17.8030,0.0000,0
18.4500,0.0000,0
17.4382,0.0000,0
17.9941,0.0000,0
24.5376,0.0000,0
17.1481,0.0000,0
25.8607,0.0000,0
18.8652,0.0000,0
20.5517,0.0000,0
21.7910,0.0000,0
23.4744,0.0000,0
17.0807,0.0000,0
25.6568,0.0000,0
19.5801,0.0000,0
19.6965,0.0000,0
15.7725,0.0000,0
16.0564,0.0000,0
16.8205,0.0000,0
19.9462,0.0000,0
17.7615,0.0000,0
21.0517,0.0000,0
24.5853,0.0000,0
18.1655,0.0000,0
18.3553,0.0000,0
22.1843,0.0000,0
25.2691,0.0000,0
20.3038,0.0000,0
17.8494,0.0000,0
20.6091,0.0000,0
15.9430,0.0000,0
21.8395,0.0000,0
22.1361,0.0000,0
23.0628,0.0000,0
24.6753,0.0000,0
22.1127,0.0000,0
25.0346,0.0000,0
17.1538,0.0000,0
25.8068,0.0000,0
18.0996,0.0000,0
25.7304,0.0000,0
21.9469,0.0000,0
23.1692,0.0000,0
23.9869,0.0000,0
21.6487,0.0000,0
16.5566,0.0000,0
16.4368,0.0000,0
25.3505,0.0000,0
19.3365,0.0000,0
21.5407,0.0000,0
17.6927,0.0000,0
21.5597,0.0000,0
16.5420,0.0000,0
18.8263,0.0000,0
23.6043,0.0000,0
17.5259,0.0000,0
24.3348,0.0000,0
25.1276,0.0000,0
21.5465,0.0000,0
19.8918,0.0000,0
19.2495,0.0000,0
21.3774,0.0000,0
24.6357,0.0000,0
23.9135,0.0000,0
20.8028,0.0000,0
25.2737,0.0000,0
18.2181,0.0000,0
16.8262,0.0000,0
15.6508,0.0000,0
16.1962,0.0000,0
16.1635,0.0000,0
16.0166,0.0000,0
23.8315,0.0000,0
18.2364,0.0000,0
20.5699,0.0000,0
21.9695,0.0000,0
21.3101,0.0000,0
19.9863,0.0000,0
17.9708,0.0000,0
16.2607,0.0000,0
22.8162,0.0000,0
23.0749,0.0000,0
19.2968,0.0000,0
19.9799,0.0000,0
15.9826,0.0000,0
18.8042,0.0000,0
16.7117,0.0000,0
20.3579,0.0000,0
21.4950,0.0000,0
25.2723,0.0000,0
17.8006,0.0000,0
22.3732,0.0000,0
24.2327,0.0000,0
21.4959,0.0000,0
16.4524,0.0000,0
16.6476,0.0000,0
21.8475,0.0000,0
16.4607,0.0000,0
25.5131,0.0000,0
15.7891,0.0000,0
25.4451,0.0000,0
18.1925,0.0000,0
23.4481,0.0000,0
18.9203,0.0000,0
24.4713,0.0000,0
19.9424,0.0000,0
19.0958,0.0000,0
23.1610,0.0000,0
20.4148,0.0000,0
23.3378,0.0000,0
15.8358,0.0000,0
18.9704,0.0000,0
22.4786,0.0000,0
20.8749,0.0000,0
23.3852,0.0000,0
18.9337,0.0000,0
22.9912,0.0000,0
20.2743,0.0000,0
19.8221,0.0000,0
18.8819,0.0000,0
24.4959,0.0000,0
20.4401,0.0000,0
22.0856,0.0000,0
17.7109,0.0000,0
23.1781,0.0000,0
21.7940,0.0000,0
23.5105,0.0000,0
25.2863,0.0000,0
21.1492,0.0000,0
17.9118,0.0000,0
19.6409,0.0000,0
25.4016,0.0000,0
15.6699,0.0000,0
19.4557,0.0000,0
23.3492,0.0000,0
17.7002,0.0000,0
19.0374,0.0000,0
18.7169,0.0000,0
23.3035,0.0000,0
17.4457,0.0000,0
15.7951,0.0000,0
21.4654,0.0000,0
24.8952,0.0000,0
23.5180,0.0000,0
21.0777,0.0000,0
24.5108,0.0000,0
18.5248,0.0000,0
17.2792,0.0000,0
16.5279,0.0000,0
17.8832,0.0000,0
16.3595,0.0000,0
21.6852,0.0000,0
23.3512,0.0000,0
20.8374,0.0000,0
22.2358,0.0000,0
18.7204,0.0000,0
16.6407,0.0000,0
24.4542,0.0000,0
19.4651,0.0000,0
16.8759,0.0000,0
19.7925,0.0000,0
23.2011,0.0000,0
19.5013,0.0000,0
20.2819,0.0000,0
16.5748,0.0000,0
20.2098,0.0000,0
18.3352,0.0000,0
19.6162,0.0000,0
25.3671,0.0000,0
25.4712,0.0000,0
18.9348,0.0000,0
17.4133,0.0000,0
17.3213,0.0000,0
21.3980,0.0000,0
22.7436,0.0000,0
18.2964,0.0000,0
23.8782,0.0000,0
22.9234,0.0000,0
25.5119,0.0000,0
19.8454,0.0000,0
16.7293,0.0000,0
21.6620,0.0000,0
19.1682,0.0000,0
19.0297,0.0000,0
25.5659,0.0000,0
18.1190,0.0000,0
22.0798,0.0000,0
16.6998,0.0000,0
17.0660,0.0000,0
17.5193,0.0000,0
17.0342,0.0000,0
17.9725,0.0000,0
22.1545,0.0000,0
24.3922,0.0000,0
23.6442,0.0000,0
17.0780,0.0000,0
25.0103,0.0000,0
21.1502,0.0000,0
23.7503,0.0000,0
16.4267,0.0000,0
23.6000,0.0000,0
22.1008,0.0000,0
17.2143,0.0000,0
16.0007,0.0000,0
25.8504,0.0000,0
18.6535,0.0000,0
16.9416,0.0000,0
19.1478,0.0000,0
22.4381,0.0000,0
24.3715,0.0000,0
19.3728,0.0000,0
20.0688,0.0000,0
25.6433,1.2205,0
19.1888,0.7814,0
21.0527,1.0164,0
15.7829,0.7971,0
24.0943,0.9233,0
25.7339,1.5675,0
19.9812,2.3545,0
25.9685,0.5395,0
24.9464,1.9690,0
23.8948,1.6998,0
19.2352,1.1958,0
25.9287,1.0408,0
19.8515,0.9565,0
22.1352,1.4156,0
20.5770,1.9744,0
16.4783,0.9647,0
20.6470,0.5153,0
20.4552,1.9289,0
25.9326,2.4340,0
22.5826,1.2364,0
22.0664,1.8777,0
18.5874,0.3553,0
24.9562,1.5803,0
21.0090,0.6842,0
20.8951,2.8103,0
20.0407,1.4738,0
22.2775,1.7933,0
16.2069,1.2922,0
15.7677,1.9323,0
22.5812,0.0000,0
23.5958,1.5908,0
18.8779,2.0054,0
16.6176,1.9719,0
21.1115,0.7302,0
17.0421,2.1069,0
25.4097,1.3327,0
25.3967,1.4316,0
15.7010,1.3286,0
19.4257,1.5525,0
20.6379,0.9240,0
20.7717,0.3988,0
21.7689,2.1331,0
21.8918,1.3240,0
22.6784,0.9459,0
21.7329,1.7334,0
23.8254,1.8672,0
24.1064,1.3410,0
18.5103,1.5659,0
19.0782,1.0879,0
17.5877,1.4912,0
24.7070,0.4509,0
20.7337,1.5557,0
20.7301,1.4264,0
16.5381,0.6699,0
22.4274,1.0608,0
25.5610,1.6207,0
19.9097,1.3875,0
21.7298,1.2762,0
19.4582,0.6143,0
19.1226,1.6269,0
18.3588,2.3967,0
16.8502,1.2025,0
18.9885,1.4049,0
20.1461,1.5988,0
20.9513,0.8467,0
23.4627,1.3637,0
16.7242,1.0013,0
18.1454,1.6788,0
19.1430,0.8356,0
25.2765,0.8423,0
17.7302,0.7346,0
22.9228,0.5806,0
21.1084,1.3955,0
22.3186,1.0946,0
21.7998,1.7590,0
21.4695,1.0434,0
21.2079,1.9164,0
20.5473,2.2803,0
18.7126,1.2469,0
21.5307,2.2520,0
19.4322,1.2487,0
24.5270,1.0809,0
15.6579,1.6782,0
18.5097,0.8007,0
21.3000,1.5635,0
20.0461,1.1780,0
23.1593,0.0000,0
19.4474,0.3241,0
20.1181,1.1040,0
23.9581,1.6233,0
25.0389,2.5452,0
23.0847,1.2475,0
24.3323,0.8194,0
24.2049,1.5480,0
17.5759,0.1563,0
16.2197,1.1975,0
15.7419,1.9944,0
17.8374,1.2451,0
15.8861,0.4868,0
20.3464,1.8662,0
19.9026,1.5679,0
17.4503,1.1087,0
17.6386,2.0704,0
17.2035,1.3894,0
22.5417,2.0332,0
25.9795,0.4156,0
24.2482,0.6941,0
20.4246,1.2460,0
15.7578,1.3248,0
16.4973,1.6677,0
17.1153,0.8181,0
23.5743,1.7488,0
18.5225,2.1239,0
25.8509,1.2951,0
20.2534,2.1856,0
16.3116,1.3283,0
19.4373,0.7541,0
18.5566,2.2295,0
19.6834,1.5419,0
25.7571,1.2853,0
18.8346,1.2999,0
23.3270,0.3659,0
25.2865,1.0471,0
25.0698,0.7505,0
23.6469,2.8336,0
22.0142,1.0641,0
18.4940,1.2669,0
18.5625,1.0661,0
23.8346,0.2662,0
17.2093,1.2179,0
23.6479,1.7209,0
21.4740,1.2514,0
20.2475,1.1659,0
21.5415,2.4950,0
24.1294,1.0912,0
16.2222,0.7155,0
25.7706,2.2110,0
20.0084,2.2780,0
19.8967,0.5666,0
20.4896,0.5734,0
24.0837,1.7869,0
18.7812,1.8274,0
23.5045,0.4638,0
20.8772,1.5460,0
17.3244,1.2946,0
17.5939,1.3697,0
17.0678,0.9562,0
24.5738,1.4876,0
19.3258,1.4093,0
20.4910,2.1486,0
17.4921,0.7061,0
20.6681,1.7724,0
23.1885,1.9340,0
19.4728,0.8999,0
17.9027,1.5583,0
22.9807,1.0789,0
25.4507,2.6819,0
18.7313,0.8194,0
18.6618,1.8321,0
20.6435,0.9155,0
18.2772,0.3002,0
17.5398,1.3805,0
20.4645,1.2887,0
25.5062,2.1057,0
17.4897,1.4208,0
17.3150,1.1112,0
21.3781,1.5188,0
17.0940,1.3513,0
21.9143,1.6365,0
19.0290,2.1357,0
19.7853,0.8753,0
25.9376,1.5665,0
25.2984,1.2020,0
23.5761,1.0411,0
24.2089,1.5899,0
24.1588,2.2543,0
24.9621,0.7271,0
20.2217,0.0000,0
16.5463,0.9825,0
16.0782,2.0277,0
18.9491,0.5565,0
24.5326,2.1517,0
24.4433,1.9650,0
17.7073,0.5532,0
22.6086,1.4710,0
17.5741,2.1873,0
21.3781,1.5725,0
19.7365,0.9675,0
16.9012,1.8132,0
16.4010,0.5450,0
19.4397,0.6089,0
24.1766,1.3129,0
22.4543,2.2075,0
24.0233,0.4259,0
22.9598,1.8977,0
21.4858,0.6665,0
17.6997,0.6093,0
21.1163,1.0876,0
17.3856,1.7257,0
25.5216,1.9992,0
16.1734,0.8773,0
16.3673,1.4752,0
25.0620,1.0719,0
25.8599,1.6290,0
15.9184,0.6378,0
17.6559,2.3641,0
18.8679,1.7069,0
20.1737,1.6233,0
18.7451,0.9066,0
19.4472,0.8808,0
22.1603,1.2123,0
19.9867,1.8746,0
16.7965,1.0115,0
18.7219,1.5772,0
21.4774,1.5128,0
18.6758,2.3656,0
18.4990,1.5556,0
18.5952,0.7782,0
23.5261,1.0960,0
18.2605,1.7272,0
21.6096,0.6790,0
17.1804,1.3213,0
18.9517,1.0476,0
18.5614,1.3221,0
16.1815,0.6128,0
15.7975,1.2059,0
15.7312,1.0163,0
19.3555,1.2889,0
24.3575,0.4867,0
17.0624,0.0000,0
18.7716,2.0349,0
18.2878,0.8467,0
16.8989,1.1121,0
19.5786,1.3745,0
21.1358,0.4603,0
20.4473,1.0618,0
17.2331,1.4960,0
19.5201,2.1051,0
21.1542,1.7866,0
21.2125,2.4941,0
23.7305,1.0794,0
19.3056,1.4326,0
19.1001,1.7702,0
16.5005,1.6958,0
25.7837,2.1340,0
23.5645,1.7971,0
18.3829,1.7490,0
24.4009,1.4712,0
23.5213,1.2949,0
18.8487,1.0863,0
25.9694,1.6935,0
23.7805,1.0279,0
24.0357,1.1311,0
18.6009,2.5879,0
24.8763,1.3012,0
18.2648,1.8517,0
21.8567,0.0000,0
24.1627,0.0000,0
23.6291,0.0000,0
17.2083,0.0000,0
23.2476,0.0000,0
25.4133,0.0000,0
15.8436,0.0000,0
22.2877,0.0000,0
19.4651,0.0000,0
17.4168,0.0000,0
23.2842,0.0000,0
22.6176,0.0000,0
16.4165,0.0000,0
21.3182,0.0000,0
23.1926,0.0000,0
24.6350,0.0000,0
23.9107,0.0000,0
24.4867,0.0000,0
17.2140,0.0000,0
21.4446,0.0000,0
25.4052,0.0000,0
25.5852,0.0000,0
24.1507,0.0000,0
19.0717,0.0000,0
19.6924,0.0000,0
20.6591,0.0000,0
21.0570,0.0000,0
17.6000,0.0000,0
23.4498,0.0000,0
24.7578,0.0000,0
20.1340,0.0000,0
23.9674,0.0000,0
25.9988,0.0000,0
25.5210,0.0000,0
17.8519,0.0000,0
24.6489,0.0000,0
22.0042,0.0000,0
19.3457,0.0000,0
25.4220,0.0000,0
25.6288,0.0000,0
18.4644,0.0000,0
16.0721,0.0000,0
20.1113,0.0000,0
19.3165,0.0000,0
16.9208,0.0000,0
23.1339,0.0000,0
21.2753,0.0000,0
25.3690,0.0000,0
20.2968,0.0000,0
21.0184,0.0000,0
16.5143,0.0000,0
21.7069,0.0000,0
17.2213,0.0000,0
22.9113,0.0000,0
23.0793,0.0000,0
23.2125,0.0000,0
21.9194,0.0000,0
25.7261,0.0000,0
24.7922,0.0000,0
20.8581,0.0000,0
21.2336,0.0000,0
20.0116,0.0000,0
22.3193,0.0000,0
17.3599,0.0000,0
16.3650,0.0000,0
25.8739,0.0000,0
25.0086,0.0000,0
25.8121,0.0000,0
22.0210,0.0000,0
24.5833,0.0000,0
21.3201,0.0000,0
15.8023,0.0000,0
23.9496,0.0000,0
19.0508,0.0000,0
20.5944,0.0000,0
25.2233,0.0000,0
24.2857,0.0000,0
22.5744,0.0000,0
24.4206,0.0000,0
21.4038,0.0000,0
24.2114,0.0000,0
23.0890,0.0000,0
17.6594,0.0000,0
24.9178,0.0000,0
18.2135,0.0000,0
23.8427,0.0000,0
19.3569,0.0000,0
21.5292,0.0000,0
17.3667,0.0000,0
15.8950,0.0000,0
19.6323,0.0000,0
16.5402,0.0000,0
22.0979,0.0000,0
20.0978,0.0000,0
23.3673,0.0000,0
21.9567,0.0000,0
23.2086,0.0000,0
15.8282,0.0000,0
21.3792,0.0000,0
21.0226,0.0000,0
15.9517,0.0000,0
24.9236,0.0000,0
22.0677,0.0000,0
23.8963,0.0000,0
21.4245,0.0000,0
25.1190,0.0000,0
22.4276,0.0000,0
21.7168,0.0000,0
17.4621,0.0000,0
15.9578,0.0000,0
23.2116,0.0000,0
23.6181,0.0000,0
19.3721,0.0000,0
18.6113,0.0000,0
18.2316,0.0000,0
25.0043,0.0000,0
18.1659,0.0000,0
17.6898,0.0000,0
24.4959,0.0000,0
19.7681,0.0000,0
16.3717,0.0000,0
22.7158,0.0000,0
18.7546,0.0000,0
16.2139,0.0000,0
16.0670,0.0000,0
16.7465,0.0000,0
19.4356,0.0000,0
20.9883,0.0000,0
18.1265,0.0000,0
24.8783,0.0000,0
18.9209,0.0000,0
25.5526,0.0000,0
22.8486,0.0000,0
19.4326,0.0000,0
16.5332,0.0000,0
19.3400,0.0000,0
18.1669,0.0000,0
22.7020,0.0000,0
25.9962,0.0000,0
19.7908,0.0000,0
25.2336,0.0000,0
23.1408,0.0000,0
17.8809,0.0000,0
23.2433,0.0000,0
20.2593,0.0000,0
23.2002,0.0000,0
17.1401,0.0000,0
19.1011,0.0000,0
25.9322,0.0000,0
15.9644,0.0000,0
23.3534,0.0000,0
23.7057,0.0000,0
21.3927,0.0000,0
15.8277,0.0000,0
17.0016,0.0000,0
21.8576,0.0000,0
18.6130,0.0000,0
21.3363,0.0000,0
22.9706,0.0000,0
19.9686,0.0000,0
15.7864,0.0000,0
18.9673,0.0000,0
21.6778,0.0000,0
20.0186,0.0000,0
20.7428,0.0000,0
20.6068,0.0000,0
18.5061,0.0000,0
23.6985,0.0000,0
23.0186,0.0000,0
15.8552,0.0000,0
16.6771,0.0000,0
21.5616,0.0000,0
19.3678,0.0000,0
20.4517,0.0000,0
16.7210,0.0000,0
19.9476,0.0000,0
17.7102,0.0000,0
19.7724,0.0000,0
21.6826,0.0000,0
18.7601,0.0000,0
19.5901,0.0000,0
16.6539,0.0000,0
18.9806,0.0000,0
20.1982,0.0000,0
16.1583,0.0000,0
20.8880,0.0000,0
20.2620,0.0000,0
25.1152,0.0000,0
24.0183,0.0000,0
22.4629,0.0000,0
21.0196,0.0000,0
16.1380,0.0000,0
16.4693,0.0000,0
24.2243,0.0000,0
25.3746,0.0000,0
22.4655,0.0000,0
16.4041,0.0000,0
17.5453,0.0000,0
24.2585,0.0000,0
20.7770,0.0000,0
23.9136,0.0000,0
22.9144,0.0000,0
16.5587,0.0000,0
21.0682,0.0000,0
15.9239,0.0000,0
20.7614,0.0000,0
16.2347,0.0000,0
24.2010,0.0000,0
15.8360,0.0000,0
21.7202,0.0000,0
21.9234,0.0000,0
23.3209,0.0000,0
19.2006,0.0000,0
17.9958,0.0000,0
19.7184,0.0000,0
19.9514,0.0000,0
18.0667,0.0000,0
21.7300,0.0000,0
23.9595,0.0000,0
16.9542,0.0000,0
18.0380,0.0000,0
21.9295,0.0000,0
21.4898,0.0000,0
24.0937,0.0000,0
17.0739,0.0000,0
17.5494,0.0000,0
22.2536,0.0000,0
21.6132,0.0000,0
24.4887,0.0000,0
18.1553,0.0000,0
24.2960,0.0000,0
17.9009,0.0000,0
24.0269,0.0000,0
25.2069,0.0000,0
23.7683,0.0000,0
23.9128,0.0000,0
18.1313,0.0000,0
20.9882,0.0000,0
24.2374,0.0000,0
18.4585,0.0000,0
25.7625,0.0000,0
21.3388,0.0000,0
24.2752,0.0000,0
25.3994,0.0000,0
22.1945,0.0000,0
23.6125,0.0000,0
22.9071,0.0000,0
19.8357,0.0000,0
25.1249,0.0000,0
17.5870,0.0000,0
18.2256,0.0000,0
21.6958,0.0000,0
24.4608,0.0000,0
23.3502,0.0000,0
16.1740,0.0000,0
16.2515,0.0000,0
25.8268,0.0000,0
22.4229,0.0000,0
17.9025,0.0000,0
25.3672,0.0000,0
24.4463,0.0000,0
16.9740,0.0000,0
16.5439,0.0000,0
17.1438,0.0000,0
23.7910,0.0000,0
24.7513,0.0000,0
15.6534,0.0000,0
18.7888,0.0000,0
18.3197,0.0000,0
22.3297,0.0000,0
17.8006,0.0000,0
25.5675,0.0000,0
23.6973,0.0000,0
24.2975,0.0000,0
21.9565,0.0000,0
18.2797,0.0000,0
22.2812,0.0000,0
23.5395,0.0000,0
25.5980,0.0000,0
19.0194,0.0000,0
21.2983,0.0000,0
21.8447,0.0000,0
23.7292,0.0000,0
21.0065,0.0000,0
22.8578,0.0000,0
19.0728,0.0000,0
16.6404,0.0000,0
16.6903,0.0000,0
18.0263,0.0000,0
16.4614,0.0000,0
17.8628,0.0000,0
19.6141,0.0000,0
25.9724,0.0000,0
24.1387,0.0000,0
23.4800,0.0000,0
21.9521,0.0000,0
19.1511,0.0000,0
21.5288,0.0000,0
24.2025,0.0000,0
25.1468,0.0000,0
21.4701,0.0000,0
18.0127,0.0000,0
15.8352,0.0000,0
18.4782,0.0000,0
17.3946,0.0000,0
17.7251,0.0000,0
25.0093,0.0000,0
18.9763,0.0000,0
23.7995,0.0000,0
18.8265,0.0000,0
22.8351,0.0000,0
25.5045,0.0000,0
25.1878,0.0000,0
21.2236,0.0000,0
22.4190,0.0000,0
20.5372,0.0000,0
21.0959,0.0000,0
23.2443,0.0000,0
20.3361,0.0000,0
23.0794,0.0000,0
20.2088,0.0000,0
16.9189,0.0000,0
20.0712,0.0000,0
22.9868,0.0000,0
25.3282,0.0000,0
25.7492,0.0000,0
24.8638,0.0000,0
18.9628,0.0000,0
25.1346,0.0000,0
18.3449,0.0000,0
25.8780,0.0000,0
19.8031,0.0000,0
16.9864,0.0000,0
23.1734,0.0000,0
24.3995,0.0000,0
19.6045,0.0000,0
22.2260,0.0000,0
21.7736,0.0000,0
20.9838,0.0000,0
25.4735,0.0000,0
22.2602,0.0000,0
22.9776,0.0000,0
25.7740,0.0000,0
23.9994,0.0000,0
16.1690,0.0000,0
25.5367,0.0000,0
20.9984,0.0000,0
23.2378,0.0000,0
19.4364,0.0000,0
18.4384,0.0000,0
23.6743,0.0000,0
22.5567,0.0000,0
19.7606,0.0000,0
22.9800,0.0000,0
25.6046,0.0000,0
19.1305,0.0000,0
16.7926,0.0000,0
15.6759,0.0000,0
20.2428,0.0000,0
21.6508,0.0000,0
18.4611,0.0000,0
25.1048,0.0000,0
23.1247,0.0000,0
23.9754,0.0000,0
21.0677,0.0000,0
16.7282,0.0000,0
25.4142,0.0000,0
25.9766,0.0000,0
25.3453,0.0000,0
25.4719,0.0000,0
22.5036,0.0000,0
24.8186,0.0000,0
19.2245,0.0000,0
19.6278,0.0000,0
18.9076,0.0000,0
16.7235,0.0000,0
22.4847,0.0000,0
20.4986,0.0000,0
19.6663,0.0000,0
20.8292,0.0000,0
25.1246,0.0000,0
17.9091,0.0000,0
25.0222,0.0000,0
23.2264,0.0000,0
23.0922,0.0000,0
17.3978,0.0000,0
23.6791,0.0000,0
25.8890,0.0000,0
25.6380,0.0000,0
22.5941,0.0000,0
21.8561,0.0000,0
17.4547,0.0000,0
21.4590,0.0000,0
21.8280,0.0000,0
18.1609,0.0000,0
17.7660,0.0000,0
18.4333,0.0000,0
23.3428,0.0000,0
22.5933,0.0000,0
21.3290,0.0000,0
18.6370,0.0000,0
17.0344,0.0000,0
19.6227,0.0000,0
22.5288,0.0000,0
22.9684,0.0000,0
21.5083,0.0000,0
15.7351,0.0000,0
22.8598,0.0000,0
18.8514,0.0000,0
16.8518,0.0000,0
15.9720,0.0000,0
19.0468,0.0000,0
22.4483,0.0000,0
23.0827,0.0000,0
19.8374,0.0000,0
25.9562,0.0000,0
24.8320,0.0000,0
25.9343,0.0000,0
23.4905,0.0000,0
22.5561,0.0000,0
21.5829,0.0000,0
18.0536,0.0000,0
25.2859,0.0000,0
16.6401,0.0000,0
24.2964,0.0000,0
25.9493,0.0000,0
24.6546,0.0000,0
21.3310,0.0000,0
20.3055,0.0000,0
19.9495,0.0000,0
20.5076,0.0000,0
17.7500,0.0000,0
23.1549,0.0000,0
25.9295,0.0000,0
16.5978,0.0000,0
19.8716,0.0000,0
21.0183,0.0000,0
17.6316,0.0000,0
18.0972,0.0000,0
23.3202,0.0000,0
22.1517,0.0000,0
21.5418,0.0000,0
23.4537,0.0000,0
19.8159,0.0000,0
24.7080,0.0000,0
25.4992,0.0000,0
17.8419,0.0000,0
23.6953,0.0000,0
20.7296,0.0000,0
18.7385,0.0000,0
20.5228,0.0000,0
16.8039,0.0000,0
16.5982,0.0000,0
23.0609,0.0000,0
25.1463,0.0000,0
16.6213,0.0000,0
18.4447,0.0000,0
18.4552,0.0000,0
16.3451,0.0000,0
22.8169,0.0000,0
17.7494,0.0000,0
24.3410,0.0000,0
17.4598,0.0000,0
19.7242,0.0000,0
18.5298,0.0000,0
22.0431,0.0000,0
18.6458,0.0000,0
22.1181,0.0000,0
18.3371,0.0000,0
15.8910,0.0000,0
16.3930,0.0000,0
19.3116,0.0000,0
18.6168,0.0000,0
19.4784,0.0000,0
16.4713,0.0000,0
25.2483,0.0000,0
16.9555,0.0000,0
22.8625,0.0000,0
19.1109,0.0000,0
21.1115,0.0000,0
24.3368,0.0000,0
17.4553,0.0000,0
21.6783,0.0000,0
20.6411,0.0000,0
21.4384,0.0000,0
16.2603,0.0000,0
19.0216,0.0000,0
18.6210,0.0000,0
24.6256,0.0000,0
15.9173,0.0000,0
16.7000,0.0000,0
22.0086,0.0000,0
24.8682,0.0000,0
19.2504,0.0000,0
18.4578,0.0000,0
22.9414,0.0000,0
19.3700,0.0000,0
24.6142,0.0000,0
21.6327,0.0000,0
23.5444,0.0000,0
21.8387,0.0000,0
16.2693,0.0000,0
18.8950,0.0000,0
18.2668,0.0000,0
21.2703,0.0000,0
17.9854,0.0000,0
20.0042,0.0000,0
16.4311,0.0000,0
21.6040,0.0000,0
23.3744,0.0000,0
25.3223,0.0000,0
23.0311,0.0000,0
20.4656,0.0000,0
18.0696,0.0000,0
25.6134,0.0000,0
17.0278,0.0000,0
25.9706,0.0000,0
19.3776,0.0000,0
16.7739,0.0000,0
23.3521,0.0000,0
24.1082,0.0000,0
16.3313,0.0000,0
22.8062,0.0000,0
25.3837,0.0000,0
15.9836,0.0000,0
20.3951,0.0000,0
16.4703,0.0000,0
19.7452,0.0000,0
16.0891,0.0000,0
16.8959,0.0000,0
22.1356,0.0000,0
15.6521,0.0000,0
22.5108,0.0000,0
15.6715,0.0000,0
20.0899,0.0000,0
17.3505,0.0000,0
21.6938,0.0000,0
18.0647,0.0000,0
16.6518,0.0000,0
21.3069,0.0000,0
17.3518,0.0000,0
19.7316,0.0000,0
20.5130,0.0000,0
18.6525,0.0000,0
25.1731,0.0000,0
20.4282,0.0000,0
19.1599,0.0000,0
16.8793,0.0000,0
23.1468,0.0000,0
18.0754,0.0000,0
16.5594,0.0000,0
25.9719,0.0000,0
17.5944,0.0000,0
23.2811,0.0000,0
20.9348,0.0000,0
16.2271,0.0000,0
23.6638,0.0000,0
19.1643,0.0000,0
16.7922,0.0000,0
21.8620,0.0000,0
18.3719,0.0000,0
17.8375,0.0000,0
22.3357,0.0000,0
19.5896,0.0000,0
22.7490,0.0000,0
17.9787,0.0000,0
16.8274,0.0000,0
19.6116,0.0000,0
20.7832,0.0000,0
25.2425,0.0000,0
16.3028,0.0000,0
20.4317,0.0000,0
15.7098,0.0000,0
19.6397,0.0000,0
25.9631,0.0000,0
15.6780,0.0000,0
16.0558,0.0000,0
22.7302,0.0000,0
23.5921,0.0000,0
17.5075,0.0000,0
20.9506,0.0000,0
23.8324,0.0000,0
22.7486,0.0000,0
21.3112,0.0000,0
16.3699,0.0000,0
18.3234,0.0000,0
19.4731,0.0000,0
18.5832,0.0000,0
18.8307,0.0000,0
24.3239,0.0000,0
22.3767,0.0000,0
24.7601,0.0000,0
21.3813,0.0000,0
23.2770,0.0000,0
17.2452,0.0000,0
19.0009,0.0000,0
21.8997,0.0000,0
21.0122,0.0000,0
24.7292,0.0000,0
17.3560,0.0000,0
15.8183,0.0000,0
16.3591,0.0000,0
17.8199,0.0000,0
20.9916,0.0000,0
25.1877,0.0000,0
22.9976,0.0000,0
16.2643,0.0000,0
19.8406,0.0000,0
25.2515,0.0000,0
19.2237,0.0000,0
15.7543,0.0000,0
17.0226,0.0000,0
16.6191,0.0000,0
18.1716,0.0000,0
23.3497,0.0000,0
22.3197,0.0000,0
25.5182,0.0000,0
25.7542,0.0000,0
22.4432,0.0000,0
19.4919,0.0000,0
20.9565,0.0000,0
18.7306,0.0000,0
24.0208,0.0000,0
24.5854,0.0000,0
25.2999,0.0000,0
18.8110,0.0000,0
19.4478,0.0000,0
25.5264,0.0000,0
22.3895,0.0000,0
16.6408,0.0000,0
17.9926,0.0000,0
20.4581,0.0000,0
24.8545,0.0000,0
22.7132,0.0000,0
19.5568,0.0000,0
19.6364,0.0000,0
15.9922,0.0000,0
21.3137,0.0000,0
18.4219,0.0000,0
18.9453,0.0000,0
17.0811,0.0000,0
18.8971,0.0000,0
21.9560,0.0000,0
19.9175,0.0000,0
17.2512,0.0000,0
20.7017,0.0000,0
17.1749,0.0000,0
21.6035,0.0000,0
17.7449,0.0000,0
20.7592,0.0000,0
20.4775,0.0000,0
17.5829,0.0000,0
18.0761,0.0000,0
18.9977,0.0000,0
25.4710,0.0000,0
23.7462,0.0000,0
20.8539,0.0000,0
25.8803,0.0000,0
20.2705,0.0000,0
21.9437,0.0000,0
25.2377,0.0000,0
18.9031,0.0000,0
25.2747,0.0000,0
18.5396,0.0000,0
15.6986,0.0000,0
17.6563,0.0000,0
18.6470,0.0000,0
22.4089,0.0000,0
25.0274,0.0000,0
17.2632,0.0000,0
23.4437,0.0000,0
22.1548,0.0000,0
20.6702,0.0000,0
17.6753,0.0000,0
19.2116,0.0000,0
19.1591,0.0000,0
17.5691,0.0000,0
24.7290,0.0000,0
21.7236,0.0000,0
20.1305,0.0000,0
25.7643,0.0000,0
25.0108,0.0000,0
16.7029,0.0000,0
24.6923,0.0000,0
18.7633,0.0000,0
25.0215,0.0000,0
20.9106,0.0000,0
20.3328,0.0000,0
20.2852,0.0000,0
25.6859,0.0000,0
18.9053,0.0000,0
18.5846,0.0000,0
17.9454,0.0000,0
16.3311,0.0000,0
15.9998,0.0000,0
19.1276,0.0000,0
24.9691,0.0000,0
16.0639,0.0000,0
18.6613,0.0000,0
19.0801,0.0000,0
21.1947,0.0000,0
24.1334,0.0000,0
17.0592,0.0000,0
21.8398,0.0000,0
17.5375,0.0000,0
20.9931,0.0000,0
17.2278,0.0000,0
23.1355,0.0000,0
19.3724,0.0000,0
21.4671,0.0000,0
24.9035,0.0000,0
25.5919,0.0000,0
18.5502,0.0000,0
24.4456,0.0000,0
20.8791,0.0000,0
24.6083,0.0000,0
19.9785,0.0000,0
25.5664,0.0000,0
25.6270,0.0000,0
21.3402,0.0000,0
17.8820,0.0000,0
18.4426,0.0000,0
24.8003,0.0000,0
20.8938,0.0000,0
25.6057,0.0000,0
20.4075,0.0000,0
24.0847,0.0000,0
25.6433,1.6692,0
19.1888,0.6721,0
21.0527,1.0652,0
15.7829,1.3318,0
24.0943,1.3096,0
25.7339,0.4050,0
19.9812,1.0703,0
25.9685,1.8360,0
24.9464,1.3552,0
23.8948,1.4421,0
19.2352,1.8990,0
25.9287,1.3780,0
19.8515,1.6784,0
22.1352,0.8823,0
20.5770,2.0527,0
16.4783,0.4080,0
20.6470,3.2011,0
20.4552,1.0000,0
25.9326,0.1427,0
22.5826,1.2397,0
22.0664,1.0984,0
18.5874,1.0373,0
24.9562,1.4784,0
21.0090,2.4699,0
20.8951,1.7772,0
20.0407,1.8723,0
22.2775,0.9048,0
16.2069,1.1578,0
15.7677,0.8350,0
22.5812,1.7787,0
23.5958,1.2815,0
18.8779,1.2125,0
16.6176,0.9366,0
21.1115,1.5704,0
17.0421,1.8509,0
25.4097,1.3762,0
25.3967,0.6282,0
15.7010,1.1943,0
19.4257,1.3162,0
20.6379,0.8324,0
20.7717,0.7922,0
21.7689,0.7112,0
21.8918,1.0626,0
22.6784,1.6037,0
21.7329,1.0208,0
23.8254,0.4908,0
24.1064,1.6959,0
18.5103,0.7529,0
19.0782,1.1255,0
17.5877,1.3216,0
24.7070,1.4292,0
20.7337,0.3127,0
20.7301,1.0287,0
16.5381,0.3921,0
22.4274,0.8706,0
25.5610,1.8062,0
19.9097,0.9829,0
21.7298,1.5278,0
19.4582,0.8738,0
19.1226,1.9161,0
18.3588,0.9210,0
16.8502,0.8203,0
18.9885,1.0652,0
20.1461,1.5775,0
20.9513,1.5720,0
23.4627,1.2049,0
16.7242,1.1452,0
18.1454,1.2734,0
19.1430,0.7331,0
25.2765,1.5959,0
17.7302,1.5868,0
22.9228,1.7899,0
21.1084,0.0471,0
22.3186,2.2183,0
21.7998,2.0329,0
21.4695,2.1093,0
21.2079,1.1464,0
20.5473,0.6023,0
18.7126,1.8376,0
21.5307,0.7700,0
19.4322,1.0901,0
24.5270,0.6571,0
15.6579,1.3861,0
18.5097,2.3658,0
21.3000,1.5298,0
20.0461,1.7445,0
23.1593,1.0967,0
19.4474,0.9701,0
20.1181,0.1934,0
23.9581,0.9203,0
25.0389,1.0077,0
23.0847,1.2389,0
24.3323,1.8470,0
24.2049,1.8307,0
17.5759,1.8658,0
16.2197,1.0976,0
15.7419,1.3296,0
17.8374,1.6391,0
15.8861,1.4596,0
20.3464,1.2058,0
19.9026,0.2025,0
17.4503,1.8408,0
17.6386,1.1915,0
17.2035,1.4178,0
22.5417,1.3080,0
25.9795,1.1386,0
24.2482,2.2308,0
20.4246,1.5604,0
15.7578,0.8104,0
16.4973,2.0342,0
17.1153,0.9854,0
23.5743,1.2132,0
18.5225,0.8481,0
25.8509,1.5120,0
20.2534,0.7230,0
16.3116,1.2782,0
19.4373,0.9281,0
18.5566,0.5881,0
19.6834,2.3405,0
25.7571,1.0569,0
18.8346,0.7892,0
23.3270,0.9071,0
25.2865,0.6303,0
25.0698,0.4248,0
23.6469,1.4895,0
22.0142,0.6455,0
18.4940,2.1406,0
18.5625,2.1891,0
23.8346,1.5008,0
17.2093,2.0235,0
23.6479,0.8871,0
21.4740,0.3867,0
20.2475,1.0814,0
21.5415,0.5186,0
24.1294,1.6754,0
16.2222,0.9976,0
25.7706,2.0893,0
20.0084,0.0000,0
19.8967,1.2754,0
20.4896,0.8681,0
24.0837,1.4103,0
18.7812,1.4029,0
23.5045,1.3402,0
20.8772,0.1582,0
17.3244,0.9181,0
17.5939,0.9738,0
17.0678,0.2682,0
24.5738,2.0950,0
19.3258,0.8470,0
20.4910,2.4173,0
17.4921,1.3631,0
20.6681,2.1228,0
23.1885,0.9548,0
19.4728,1.3376,0
17.9027,1.2478,0
22.9807,1.8370,0
25.4507,0.9085,0
18.7313,1.2039,0
18.6618,1.7694,0
20.6435,0.6873,0
18.2772,1.4508,0
17.5398,0.8839,0
20.4645,1.4952,0
25.5062,0.4666,0
17.4897,1.5052,0
17.3150,2.1115,0
21.3781,0.8940,0
17.0940,0.9558,0
21.9143,1.1106,0
19.0290,1.6696,0
19.7853,0.2639,0
25.9376,1.9325,0
25.2984,1.3052,0
23.5761,1.5733,0
24.2089,1.8566,0
24.1588,2.7318,0
24.9621,1.0863,0
20.2217,1.3695,0
16.5463,0.9704,0
16.0782,1.1655,0
18.9491,0.5714,0
24.5326,2.1997,0
24.4433,1.9689,0
17.7073,1.6564,0
22.6086,1.3351,0
17.5741,1.5731,0
21.3781,0.9173,0
19.7365,0.8176,0
16.9012,1.9782,0
16.4010,0.9146,0
19.4397,1.3206,0
24.1766,0.8915,0
22.4543,1.8359,0
24.0233,2.2913,0
22.9598,1.5851,0
21.4858,1.7655,0
17.6997,1.7243,0
21.1163,1.1084,0
17.3856,0.3874,0
25.5216,1.1245,0
16.1734,1.4064,0
16.3673,1.0131,0
25.0620,0.6046,0
25.8599,1.4231,0
15.9184,0.9096,0
17.6559,0.1745,0
18.8679,1.0936,0
20.1737,1.1286,0
18.7451,1.7590,0
19.4472,1.2975,0
22.1603,0.8866,0
19.9867,1.2200,0
16.7965,1.0569,0
18.7219,0.8932,0
21.4774,1.2412,0
18.6758,0.4382,0
18.4990,0.6316,0
18.5952,1.3383,0
23.5261,0.1759,0
18.2605,1.1603,0
21.6096,0.3675,0
17.1804,1.4240,0
18.9517,0.9451,0
18.5614,1.1237,0
16.1815,1.3450,0
15.7975,1.7833,0
15.7312,2.1580,0
19.3555,1.4977,0
24.3575,1.6140,0
17.0624,0.6937,0
18.7716,0.9307,0
18.2878,0.9536,0
16.8989,1.7795,0
19.5786,1.0865,0
21.1358,1.7373,0
20.4473,1.0829,0
17.2331,0.9769,0
19.5201,1.3628,0
21.1542,1.7397,0
21.2125,0.6250,0
23.7305,1.7018,0
19.3056,0.4868,0
19.1001,1.1935,0
16.5005,1.7863,0
25.7837,1.8735,0
23.5645,2.0637,0
18.3829,1.5698,0
24.4009,0.7163,0
23.5213,2.0603,0
18.8487,1.4302,0
25.9694,1.3986,0
23.7805,0.9265,0
24.0357,1.7746,0
18.6009,0.9671,0
24.8763,1.1332,0
18.2648,0.4153,0
24.5130,0.0000,0
23.5418,0.0000,0
19.3681,0.0000,0
22.6780,0.0000,0
21.1313,0.0000,0
21.0659,0.0000,0
23.7144,0.0000,0
18.0599,0.0000,0
24.2769,0.0000,0
23.2495,0.0000,0
15.6764,0.0000,0
22.5223,0.0000,0
17.1768,0.0000,0
19.5550,0.0000,0
18.5350,0.0000,0
19.7835,0.0000,0
24.3333,0.0000,0
23.5124,0.0000,0
20.2673,0.0000,0
18.3533,0.0000,0
16.9137,0.0000,0
16.6640,0.0000,0
19.7737,0.0000,0
18.3026,0.0000,0
19.9737,0.0000,0
24.0841,0.0000,0
24.0985,0.0000,0
20.6407,0.0000,0
19.5845,0.0000,0
19.5222,0.0000,0
17.9268,0.0000,0
25.5133,0.0000,0
22.5569,0.0000,0
16.9774,0.0000,0
23.4993,0.0000,0
20.4352,0.0000,0
16.6018,0.0000,0
18.6529,0.0000,0
22.4111,0.0000,0
18.5564,0.0000,0
24.5849,0.0000,0
22.3981,0.0000,0
23.2179,0.0000,0
21.6720,0.0000,0
22.5609,0.0000,0
19.6210,0.0000,0
16.1314,0.0000,0
21.7862,0.0000,0
16.1025,0.0000,0
23.4983,0.0000,0
17.3607,0.0000,0
23.2918,0.0000,0
19.0261,0.0000,0
25.9501,0.0000,0
21.3662,0.0000,0
22.0033,0.0000,0
16.9760,0.0000,0
18.7518,0.0000,0
17.7401,0.0000,0
25.0070,0.0000,0
24.2029,0.0000,0
21.3757,0.0000,0
24.6791,0.0000,0
25.8911,0.0000,0
21.5170,0.0000,0
23.7919,0.0000,0
17.2848,0.0000,0
17.4885,0.0000,0
16.7408,0.0000,0
18.3943,0.0000,0
24.9244,0.0000,0
17.2908,0.0000,0
21.8442,0.0000,0
17.1054,0.0000,0
21.2670,0.0000,0
16.3124,0.0000,0
24.5820,0.0000,0
25.8859,0.0000,0
18.4162,0.0000,0
20.0109,0.0000,0
20.1115,0.0000,0
24.6606,0.0000,0
18.8779,0.0000,0
16.3496,0.0000,0
23.7784,0.0000,0
25.1645,0.0000,0
19.5011,0.0000,0
19.1725,0.0000,0
18.1274,0.0000,0
25.0094,0.0000,0
18.1943,0.0000,0
25.5775,0.0000,0
24.1692,0.0000,0
17.1429,0.0000,0
22.7889,0.0000,0
23.8701,0.0000,0
23.0115,0.0000,0
21.7794,0.0000,0
24.2589,0.0000,0
22.8150,0.0000,0
22.3585,0.0000,0
20.3959,0.0000,0
18.5640,0.0000,0
23.6988,0.0000,0
18.0510,0.0000,0
25.1795,0.0000,0
20.6308,0.0000,0
20.4218,0.0000,0
24.0114,0.0000,0
17.3995,0.0000,0
17.9465,0.0000,0
16.0365,0.0000,0
15.9191,0.0000,0
23.0858,0.0000,0
20.4915,0.0000,0
21.6088,0.0000,0
16.0656,0.0000,0
16.5492,0.0000,0
23.0359,0.0000,0
20.8691,0.0000,0
19.4190,0.0000,0
18.1590,0.0000,0
21.9727,0.0000,0
22.8234,0.0000,0
23.3132,0.0000,0
25.9360,0.0000,0
23.4124,0.0000,0
20.6920,0.0000,0
25.7562,0.0000,0
20.5340,0.0000,0
20.7496,0.0000,0
21.0825,0.0000,0
20.3733,0.0000,0
16.3624,0.0000,0
21.2683,0.0000,0
18.9145,0.0000,0
22.1905,0.0000,0
19.3462,0.0000,0
19.3154,0.0000,0
21.2566,0.0000,0
22.7029,0.0000,0
22.8518,0.0000,0
22.2161,0.0000,0
20.2174,0.0000,0
16.5063,0.0000,0
19.3174,0.0000,0
15.7599,0.0000,0
23.5466,0.0000,0
19.2800,0.0000,0
25.3638,0.0000,0
17.8523,0.0000,0
24.5274,0.0000,0
15.8763,0.0000,0
16.5101,0.0000,0
25.3471,0.0000,0
20.2996,0.0000,0
18.5727,0.0000,0
23.3184,0.0000,0
18.1965,0.0000,0
15.9349,0.0000,0
24.3945,0.0000,0
22.6383,0.0000,0
24.5696,0.0000,0
16.1063,0.0000,0
21.9707,0.0000,0
18.9349,0.0000,0
21.3998,0.0000,0
21.8543,0.0000,0
18.1016,0.0000,0
24.4306,0.0000,0
24.8055,0.0000,0
16.4408,0.0000,0
24.3409,0.0000,0
20.5639,0.0000,0
18.5750,0.0000,0
25.6796,0.0000,0
25.4391,0.0000,0
25.3044,0.0000,0
17.4788,0.0000,0
18.7253,0.0000,0
25.8323,0.0000,0
23.3999,0.0000,0
22.2248,0.0000,0
24.8962,0.0000,0
20.5309,0.0000,0
21.9028,0.0000,0
18.3303,0.0000,0
24.4260,0.0000,0
20.6982,0.0000,0
16.6142,0.0000,0
23.1162,0.0000,0
25.6509,0.0000,0
15.9968,0.0000,0
24.3070,0.0000,0
24.9049,0.0000,0
22.8057,0.0000,0
20.5164,0.0000,0
23.9755,0.0000,0
19.2613,0.0000,0
17.9007,0.0000,0
18.4868,0.0000,0
20.6669,0.0000,0
24.9007,0.0000,0
21.0702,0.0000,0
16.0922,0.0000,0
22.4207,0.0000,0
23.4587,0.0000,0
23.5822,0.0000,0
17.9316,0.0000,0
23.4653,0.0000,0
25.8538,0.0000,0
18.5582,0.0000,0
17.8155,0.0000,0
16.7645,0.0000,0
17.5624,0.0000,0
18.0760,0.0000,0
18.2163,0.0000,0
18.0091,0.0000,0
17.7944,0.0000,0
17.8955,0.0000,0
16.0854,0.0000,0
25.6519,0.0000,0
16.2961,0.0000,0
15.9301,0.0000,0
25.0430,0.0000,0
16.7709,0.0000,0
20.8797,0.0000,0
15.6521,0.0000,0
18.6548,0.0000,0
22.6481,0.0000,0
16.8241,0.0000,0
20.3111,0.0000,0
24.4340,0.0000,0
20.1690,0.0000,0
19.4705,0.0000,0
24.8627,0.0000,0
23.4396,0.0000,0
15.8986,0.0000,0
20.0495,0.0000,0
23.9497,0.0000,0
21.7040,0.0000,0
22.3383,0.0000,0
23.3007,0.0000,0
25.9982,0.0000,0
17.2900,0.0000,0
20.0757,0.0000,0
22.6870,0.0000,0
25.1445,0.0000,0
24.7320,0.0000,0
16.7727,0.0000,0
23.4445,0.0000,0
21.2876,0.0000,0
22.2328,0.0000,0
21.5828,0.0000,0
18.2940,0.0000,0
16.6573,0.0000,0
23.2527,0.0000,0
18.8268,0.0000,0
20.6102,0.0000,0
21.7814,0.0000,0
20.5259,0.0000,0
22.9491,0.0000,0
15.6526,0.0000,0
23.6433,0.0000,0
18.1997,0.0000,0
22.5002,0.0000,0
21.8421,0.0000,0
24.1632,0.0000,0
23.5295,0.0000,0
16.7769,0.0000,0
18.3515,0.0000,0
20.2518,0.0000,0
17.8603,0.0000,0
24.4371,0.0000,0
22.7563,0.0000,0
25.0680,0.0000,0
18.8765,0.0000,0
24.5786,0.0000,0
16.0198,0.0000,0
18.1004,0.0000,0
22.6807,0.0000,0
22.7754,0.0000,0
21.1965,0.0000,0
17.0214,0.0000,0
20.1508,0.0000,0
24.3914,0.0000,0
15.9710,0.0000,0
21.3895,0.0000,0
24.5051,0.0000,0
18.6660,0.0000,0
24.0869,0.0000,0
18.5148,0.0000,0
21.8293,0.0000,0
17.4121,0.0000,0
18.1032,0.0000,0
23.7853,0.0000,0
25.7763,0.0000,0
16.7051,0.0000,0
17.5752,0.0000,0
24.3720,0.0000,0
23.4139,0.0000,0
16.3210,0.0000,0
23.0023,0.0000,0
21.6848,0.0000,0
18.2515,0.0000,0
20.0908,0.0000,0
21.9447,0.0000,0
17.6906,0.0000,0
16.1477,0.0000,0
15.7346,0.0000,0
23.4691,0.0000,0
19.9574,0.0000,0
16.9718,0.0000,0
20.7998,0.0000,0
25.8696,0.0000,0
20.6063,0.0000,0
22.8368,0.0000,0
21.9691,0.0000,0
17.8651,0.0000,0
23.9681,0.0000,0
18.4836,0.0000,0
15.9602,0.0000,0
25.1699,0.0000,0
23.4520,0.0000,0
25.3612,0.0000,0
25.9114,0.0000,0
16.2362,0.0000,0
24.7062,0.0000,0
24.8508,0.0000,0
21.8723,0.0000,0
24.8511,0.0000,0
21.7663,0.0000,0
24.6931,0.0000,0
17.9122,0.0000,0
18.6256,0.0000,0
19.9433,0.0000,0
17.3218,0.0000,0
17.3325,0.0000,0
19.8518,0.0000,0
21.7154,0.0000,0
22.9036,0.0000,0
17.7646,0.0000,0
21.6159,0.0000,0
19.7027,0.0000,0
21.1622,0.0000,0
16.8606,0.0000,0
18.7297,0.0000,0
19.7142,0.0000,0
24.3012,0.0000,0
18.6077,0.0000,0
22.5970,0.0000,0
18.1489,0.0000,0
22.0157,0.0000,0
18.9874,0.0000,0
22.3267,0.0000,0
16.6051,0.0000,0
23.4984,0.0000,0
21.3083,0.0000,0
18.7930,0.0000,0
24.4882,0.0000,0
22.2863,0.0000,0
17.2617,0.0000,0
19.8104,0.0000,0
24.4506,0.0000,0
22.5302,0.0000,0
20.1379,0.0000,0
20.0591,0.0000,0
16.3775,0.0000,0
20.7729,0.0000,0
16.5129,0.0000,0
22.1012,0.0000,0
20.9690,0.0000,0
24.9080,0.0000,0
25.9980,0.0000,0
17.4875,0.0000,0
21.9593,0.0000,0
15.7337,0.0000,0
20.8724,0.0000,0
18.4556,0.0000,0
15.9348,0.0000,0
17.2371,0.0000,0
25.6029,0.0000,0
25.5399,0.0000,0
23.5140,0.0000,0
22.2290,0.0000,0
24.8674,0.0000,0
18.1288,0.0000,0
20.4363,0.0000,0
24.0970,0.0000,0
20.6389,0.0000,0
15.9367,0.0000,0
16.4820,0.0000,0
25.2383,0.0000,0
22.4606,0.0000,0
23.2629,0.0000,0
22.6219,0.0000,0
15.9785,0.0000,0
20.3876,0.0000,0
16.4845,0.0000,0
18.6810,0.0000,0
16.9302,0.0000,0
16.3870,0.0000,0
18.7203,0.0000,0
22.7383,0.0000,0
23.2617,0.0000,0
16.2880,0.0000,0
18.7987,0.0000,0
16.9564,0.0000,0
22.9773,0.0000,0
22.8763,0.0000,0
20.7390,0.0000,0
22.7090,0.0000,0
20.3236,0.0000,0
16.1105,0.0000,0
25.0779,0.0000,0
19.5619,0.0000,0
17.3243,0.0000,0
22.7189,0.0000,0
18.2292,0.0000,0
20.0724,0.0000,0
22.2541,0.0000,0
17.6064,0.0000,0
18.6964,0.0000,0
21.2159,0.0000,0
21.0897,0.0000,0
18.8916,0.0000,0
21.9902,0.0000,0
18.7474,0.0000,0
20.7624,0.0000,0
19.1527,0.0000,0
20.4541,0.0000,0
17.3407,0.0000,0
17.4698,0.0000,0
16.0399,0.0000,0
20.0254,0.0000,0
16.8793,0.0000,0
20.1903,0.0000,0
17.2994,0.0000,0
17.0175,0.0000,0
25.1432,0.0000,0
23.8327,0.0000,0
17.8976,0.0000,0
20.4448,0.0000,0
19.7129,0.0000,0
17.9718,0.0000,0
24.4359,0.0000,0
24.9585,0.0000,0
23.2708,0.0000,0
20.5169,0.0000,0
17.9370,0.0000,0
19.7594,0.0000,0
24.7613,0.0000,0
23.7323,0.0000,0
17.0370,0.0000,0
24.6026,0.0000,0
15.7795,0.0000,0
19.9781,0.0000,0
17.8384,0.0000,0
15.8962,0.0000,0
17.8140,0.0000,0
21.4071,0.0000,0
16.6716,0.0000,0
25.7965,0.0000,0
20.7251,0.0000,0
16.7222,0.0000,0
16.9087,0.0000,0
25.2962,0.0000,0
23.5088,0.0000,0
18.9223,0.0000,0
17.2334,0.0000,0
16.1932,0.0000,0
25.6780,0.0000,0
23.6623,0.0000,0
22.4824,0.0000,0
16.4882,0.0000,0
20.5198,0.0000,0
16.8091,0.0000,0
24.5584,0.0000,0
23.7994,0.0000,0
21.5674,0.0000,0
21.2311,0.0000,0
21.5601,0.0000,0
25.9674,0.0000,0
17.4286,0.0000,0
24.0553,0.0000,0
19.3434,0.0000,0
23.8213,0.0000,0
18.7923,0.0000,0
24.4092,0.0000,0
19.3757,0.0000,0
23.7004,0.0000,0
21.1104,0.0000,0
19.0881,0.0000,0
25.2398,0.0000,0
24.0085,0.0000,0
22.6841,0.0000,0
18.3615,0.0000,0
16.4008,0.0000,0
19.4971,0.0000,0
19.2256,0.0000,0
23.7451,0.0000,0
23.8198,0.0000,0
18.9487,0.0000,0
23.7005,0.0000,0
22.9132,0.0000,0
23.1766,0.0000,0
17.3622,0.0000,0
20.1518,0.0000,0
22.7911,0.0000,0
16.0322,0.0000,0
23.9400,0.0000,0
21.5642,0.0000,0
15.9056,0.0000,0
25.5274,0.0000,0
24.5809,0.0000,0
21.8477,0.0000,0
16.3292,0.0000,0
22.1406,0.0000,0
24.2205,0.0000,0
16.6818,0.0000,0
25.4904,0.0000,0
18.4392,0.0000,0
20.9534,0.0000,0
20.1470,0.0000,0
20.7596,0.0000,0
19.8021,0.0000,0
23.7315,0.0000,0
19.1777,0.0000,0
19.8615,0.0000,0
15.9543,0.0000,0
23.2044,0.0000,0
17.2849,0.0000,0
17.0020,0.0000,0
16.6535,0.0000,0
20.5373,0.0000,0
17.7122,0.0000,0
24.8676,0.0000,0
21.8190,0.0000,0
18.3070,0.0000,0
20.6313,0.0000,0
23.6311,0.0000,0
20.9556,0.0000,0
15.9229,0.0000,0
17.0550,0.0000,0
21.6221,0.0000,0
21.0643,0.0000,0
19.0763,0.0000,0
20.4408,0.0000,0
21.1564,0.0000,0
18.6168,0.0000,0
19.4784,0.0000,0
21.7800,0.0000,0
24.6245,0.0000,0
18.3476,0.0000,0
25.3850,0.0000,0
23.3264,0.0000,0
15.7485,0.0000,0
16.0015,0.0000,0
23.0602,0.0000,0
20.2451,0.0000,0
24.3811,0.0000,0
24.8222,0.0000,0
20.8610,0.0000,0
21.2830,0.0000,0
17.7531,0.0000,0
16.0086,0.0000,0
24.9661,0.0000,0
16.1679,0.0000,0
20.4852,0.0000,0
20.4335,0.0000,0
19.9668,0.0000,0
23.8345,0.0000,0
18.3398,0.0000,0
23.9724,0.0000,0
17.2502,0.0000,0
20.3625,0.0000,0
18.1088,0.0000,0
18.6341,0.0000,0
23.0468,0.0000,0
20.2412,0.0000,0
22.5774,0.0000,0
15.7089,0.0000,0
17.7656,0.0000,0
22.3621,0.0000,0
17.8602,0.0000,0
19.3663,0.0000,0
16.0364,0.0000,0
19.2030,0.0000,0
25.5695,0.0000,0
21.8200,0.0000,0
15.9953,0.0000,0
24.2857,0.0000,0
24.5996,0.0000,0
24.5510,0.0000,0
19.0271,0.0000,0
23.8245,0.0000,0
18.4860,0.0000,0
19.0799,0.0000,0
22.7737,0.0000,0
23.8341,0.0000,0
23.4064,0.0000,0
23.0640,0.0000,0
24.5522,0.0000,0
17.9732,0.0000,0
25.1947,0.0000,0
18.2878,0.0000,0
23.6565,0.0000,0
23.9169,1.7912,0
24.6473,1.4260,0
20.8189,2.7875,0
24.2334,1.3700,0
20.4431,1.6385,0
24.3173,1.0729,0
17.3050,1.3682,0
22.1824,1.4906,0
17.7699,0.9604,0
25.5633,1.9493,0
21.3360,1.2387,0
21.3396,1.5376,0
18.4648,1.9276,0
19.9625,1.3747,0
25.7577,0.0000,0
23.9451,0.9954,0
25.8446,1.3943,0
16.4318,1.8673,0
20.2251,1.2807,0
16.7413,2.2269,0
18.9111,0.7339,0
16.6432,0.6160,0
19.0529,1.6887,0
16.7167,2.5088,0
17.2576,2.1399,0
25.4801,1.3894,0
23.2326,2.2630,0
25.1323,0.8075,0
17.6529,1.2495,0
17.2644,2.3681,0
16.1871,2.4029,0
22.0488,2.2137,0
17.7020,1.8146,0
19.5394,0.8773,0
25.9900,1.7291,0
18.0419,1.2374,0
19.3083,1.2382,0
17.2126,1.1650,0
23.3438,1.4165,0
19.5031,1.1473,0
19.7801,0.9354,0
19.8769,1.5145,0
15.7099,1.1060,0
19.9192,1.2077,0
21.9826,0.9324,0
16.6576,0.8848,0
17.9565,1.5190,0
20.0823,1.0547,0
19.9705,1.4276,0
19.4557,0.9783,0
24.3908,1.2616,0
17.0896,2.2617,0
22.8425,0.4485,0
23.3102,1.8020,0
25.2066,1.4304,0
20.5733,0.7415,0
17.1992,1.3260,0
23.8851,0.4001,0
19.0906,2.0954,0
21.0227,1.4422,0
18.7071,1.0724,0
17.0752,0.7641,0
24.6336,1.5041,0
16.1488,1.9693,0
16.5553,2.3193,0
22.3668,1.5231,0
18.5063,1.1828,0
23.1720,0.6801,0
19.0461,1.3610,0
20.2585,0.3470,0
19.1731,0.2552,0
23.3866,1.5264,0
18.6809,0.7664,0
19.1780,0.2037,0
22.0863,1.0660,0
17.5694,1.0857,0
18.0202,1.4043,0
21.1349,1.2706,0
25.4524,1.1644,0
16.5102,0.2714,0
21.2577,1.7694,0
22.0946,1.1235,0
17.6592,1.6525,0
16.2121,1.0545,0
23.3850,1.3232,0
17.5598,0.8245,0
24.5847,1.7846,0
20.3376,1.4020,0
15.7194,1.2969,0
23.0680,1.2212,0
17.8921,0.5397,0
22.1715,0.8635,0
23.2663,0.7211,0
21.7916,1.7782,0
17.5953,1.8581,0
20.1192,0.7736,0
15.7596,2.4984,0
18.3825,2.1873,0
17.6617,1.8013,0
16.5829,1.7542,0
21.0310,0.8092,0
16.9107,0.8268,0
18.3040,1.3685,0
24.1595,1.9791,0
21.2542,2.0441,0
22.3686,0.9612,0
21.7022,1.0680,0
20.7895,0.2167,0
24.2204,0.2380,0
23.4340,0.3378,0
19.1399,0.3205,0
18.6761,0.2495,0
19.9876,1.6978,0
21.6511,0.4709,0
24.8531,1.3853,0
15.6639,1.6702,0
20.0892,2.5063,0
25.3740,0.7970,0
20.2737,1.9713,0
20.8263,1.4611,0
16.9235,1.6027,0
23.6932,0.6175,0
25.0571,0.7950,0
18.5309,1.6404,0
17.2459,1.1767,0
25.0392,1.0673,0
22.8516,2.4773,0
25.7962,1.8854,0
15.7027,0.9880,0
24.7689,0.7851,0
24.1570,0.6627,0
19.8012,0.9946,0
24.5475,2.5899,0
23.2242,0.8866,0
17.3448,0.5521,0
23.0677,0.8337,0
21.6198,0.7098,0
19.1067,2.0920,0
21.4040,1.0453,0
24.1144,1.8862,0
21.1383,1.3224,0
16.0772,1.5356,0
22.1835,1.2774,0
21.6678,0.6783,0
18.4565,1.3984,0
19.1827,1.7364,0
17.4156,0.9054,0
19.2796,1.2386,0
20.0705,1.4561,0
18.7101,2.6412,0
17.1247,1.3520,0
22.2704,0.4111,0
18.2450,1.9034,0
19.5351,0.2881,0
25.5086,1.3157,0
20.7647,1.3899,0
25.5410,2.1964,0
16.9286,2.1475,0
18.7544,1.9546,0
24.0537,1.1004,0
24.9881,2.1000,0
18.2526,1.9619,0
18.4792,0.5106,0
24.1052,1.4487,0
22.2970,0.2445,0
20.0054,0.9970,0
20.5372,1.6220,0
17.9030,0.9543,0
20.0899,1.7986,0
16.8648,1.7081,0
18.2544,2.1390,0
18.8857,0.9752,0
17.7796,0.8030,0
22.2690,0.2707,0
21.1546,2.9242,0
22.2962,0.3354,0
16.9115,2.4610,0
15.7405,1.8473,0
17.2275,2.0552,0
24.8617,1.5352,0
15.7576,1.4786,0
16.8534,1.6266,0
20.7985,1.4476,0
19.6389,0.5900,0
20.2390,1.4904,0
17.5641,1.2764,0
23.5170,1.6879,0
18.8669,1.4934,0
19.3429,0.8582,0
18.7823,0.1803,0
25.2221,1.5805,0
21.3372,1.5113,0
19.6175,1.6105,0
17.2907,2.2157,0
18.4981,1.9286,0
22.3508,1.5349,0
21.1779,0.4876,0
22.0473,1.9642,0
17.0872,1.4686,0
19.9019,1.6148,0
19.2695,0.5325,0
25.6164,0.7052,0
20.8770,1.3637,0
17.2694,1.6723,0
20.4631,0.9583,0
20.6041,1.7592,0
19.7627,0.7292,0
19.3009,0.0000,0
23.9199,0.8642,0
20.0151,0.6706,0
20.1571,0.6664,0
18.0011,1.3072,0
21.2894,1.4442,0
17.2291,1.6610,0
22.2688,2.0806,0
19.6753,1.6364,0
17.3863,1.1800,0
18.6022,0.7963,0
16.8683,1.9022,0
19.5542,1.0798,0
19.5065,0.3361,0
21.5946,1.5678,0
25.3250,1.2161,0
18.9927,1.4129,0
17.8108,1.3458,0
21.6999,1.0462,0
25.2178,1.4961,0
16.1272,0.7991,0
20.5267,1.4680,0
22.6099,0.5168,0
17.1799,1.4420,0
17.1174,1.6031,0
24.1679,1.7796,0
24.9346,1.4430,0
18.5610,0.2376,0
16.5005,1.1644,0
19.7253,1.2877,0
15.6252,0.6684,0
18.5620,2.2629,0
23.5114,1.1610,0
16.3230,1.2311,0
24.1046,0.6659,0
15.8472,0.8549,0
20.2099,0.2394,0
22.4671,0.9803,0
22.2740,0.6236,0
19.8588,1.7865,0
18.1257,1.2115,0
25.7805,1.5808,0
23.9131,1.0362,0
22.0987,0.1731,0
24.6382,1.1347,0
25.3685,2.5051,0
18.2397,1.7143,0
20.4258,0.8931,0
17.8964,1.3548,0
24.7523,0.0000,0
17.9368,0.0000,0
17.0805,0.0000,0
18.5159,0.0000,0
17.5445,0.0000,0
16.4577,0.0000,0
18.5534,0.0000,0
19.9701,0.0000,0
21.9666,0.0000,0
17.4804,0.0000,0
23.5145,0.0000,0
22.2209,0.0000,0
18.1529,0.0000,0
23.2346,0.0000,0
23.7731,0.0000,0
23.8815,0.0000,0
23.5468,0.0000,0
20.8946,0.0000,0
19.6615,0.0000,0
18.0787,0.0000,0
17.4862,0.0000,0
24.4867,0.0000,0
23.6523,0.0000,0
22.3985,0.0000,0
22.0757,0.0000,0
23.7033,0.0000,0
16.1498,0.0000,0
18.1739,0.0000,0
23.4036,0.0000,0
19.2298,0.0000,0
16.5008,0.0000,0
25.0132,0.0000,0
22.3395,0.0000,0
17.7150,0.0000,0
17.6753,0.0000,0
25.7815,0.0000,0
20.8480,0.0000,0
21.4509,0.0000,0
15.8969,0.0000,0
23.0996,0.0000,0
18.3346,0.0000,0
18.8861,0.0000,0
18.8529,0.0000,0
25.1170,0.0000,0
17.9461,0.0000,0
19.4401,0.0000,0
25.3092,0.0000,0
17.8002,0.0000,0
18.4037,0.0000,0
23.0921,0.0000,0
25.0500,0.0000,0
17.3301,0.0000,0
20.2575,0.0000,0
18.2363,0.0000,0
17.6579,0.0000,0
24.7600,0.0000,0
18.2819,0.0000,0
25.2230,0.0000,0
23.1430,0.0000,0
16.5339,0.0000,0
22.3168,0.0000,0
17.7611,0.0000,0
25.0524,0.0000,0
17.9502,0.0000,0
24.9222,0.0000,0
21.3250,0.0000,0
17.5103,0.0000,0
16.3878,0.0000,0
17.3411,0.0000,0
15.6754,0.0000,0
22.0902,0.0000,0
22.5705,0.0000,0
21.5209,0.0000,0
25.2572,0.0000,0
19.9825,0.0000,0
16.5159,0.0000,0
23.2044,0.0000,0
16.8958,0.0000,0
18.6751,0.0000,0
20.4232,0.0000,0
23.4932,0.0000,0
23.3747,0.0000,0
19.4531,0.0000,0
20.9881,0.0000,0
18.0188,0.0000,0
23.3870,0.0000,0
18.5366,0.0000,0
22.7706,0.0000,0
19.1151,0.0000,0
16.3401,0.0000,0
20.9959,0.0000,0
24.4479,0.0000,0
22.8197,0.0000,0
21.6562,0.0000,0
20.1352,0.0000,0
24.4125,0.0000,0
24.9503,0.0000,0
25.6864,0.0000,0
25.3163,0.0000,0
19.0352,0.0000,0
24.6117,0.0000,0
18.4342,0.0000,0
20.7946,0.0000,0
22.5767,0.0000,0
19.1779,0.0000,0
15.9559,0.0000,0
17.6984,0.0000,0
17.9391,0.0000,0
21.5759,0.0000,0
17.8953,0.0000,0
23.9789,0.0000,0
18.8625,0.0000,0
18.7384,0.0000,0
25.0935,0.0000,0
21.9001,0.0000,0
16.9025,0.0000,0
18.1107,0.0000,0
17.6919,0.0000,0
17.1266,0.0000,0
24.4133,0.0000,0
15.7968,0.0000,0
19.7375,0.0000,0
23.4253,0.0000,0
17.1935,0.0000,0
18.4401,0.0000,0
16.9875,0.0000,0
20.9843,0.0000,0
17.7749,0.0000,0
15.7097,0.0000,0
23.8211,0.0000,0
23.0878,0.0000,0
16.5058,0.0000,0
25.3942,0.0000,0
24.6742,0.0000,0
21.2890,0.0000,0
19.4891,0.0000,0
22.3488,0.0000,0
24.3162,0.0000,0
16.6466,0.0000,0
17.2485,0.0000,0
19.0591,0.0000,0
23.7415,0.0000,0
17.0659,0.0000,0
21.0179,0.0000,0
17.5653,0.0000,0
24.6814,0.0000,0
16.4086,0.0000,0
20.5678,0.0000,0
19.8001,0.0000,0
21.0395,0.0000,0
17.5743,0.0000,0
18.9128,0.0000,0
23.3334,0.0000,0
25.2453,0.0000,0
21.4384,0.0000,0
24.9319,0.0000,0
16.9083,0.0000,0
16.5034,0.0000,0
25.5731,0.0000,0
17.3052,0.0000,0
16.0449,0.0000,0
25.0188,0.0000,0
19.6711,0.0000,0
18.4181,0.0000,0
17.1061,0.0000,0
16.4025,0.0000,0
23.9906,0.0000,0
22.4189,0.0000,0
22.3628,0.0000,0
25.9098,0.0000,0
16.6402,0.0000,0
22.0267,0.0000,0
16.0627,0.0000,0
17.7124,0.0000,0
19.0610,0.0000,0
23.5301,0.0000,0
20.4971,0.0000,0
24.6991,0.0000,0
16.4199,0.0000,0
22.1309,0.0000,0
24.1198,0.0000,0
24.2846,0.0000,0
19.8528,0.0000,0
19.1080,0.0000,0
25.4531,0.0000,0
21.2883,0.0000,0
17.6473,0.0000,0
23.1053,0.0000,0
17.6832,0.0000,0
23.2555,0.0000,0
18.5709,0.0000,0
17.0254,0.0000,0
21.7235,0.0000,0
16.0113,0.0000,0
15.7267,0.0000,0
22.3608,0.0000,0
15.7065,0.0000,0
23.4703,0.0000,0
15.7629,0.0000,0
19.0542,0.0000,0
23.8679,0.0000,0
23.4239,0.0000,0
24.6015,0.0000,0
19.0085,0.0000,0
17.1378,0.0000,0
19.6287,0.0000,0
18.9201,0.0000,0
16.9347,0.0000,0
16.5642,0.0000,0
18.2414,0.0000,0
24.3943,0.0000,0
24.0864,0.0000,0
19.3847,0.0000,0
24.9882,0.0000,0
21.5334,0.0000,0
24.0933,0.0000,0
18.9878,0.0000,0
23.3069,0.0000,0
25.0187,0.0000,0
22.9871,0.0000,0
23.3109,0.0000,0
19.2351,0.0000,0
18.3076,0.0000,0
20.1266,0.0000,0
20.7131,0.0000,0
22.3990,0.0000,0
16.6253,0.0000,0
16.9942,0.0000,0
25.9284,0.0000,0
16.1087,0.0000,0
15.6851,0.0000,0
18.8050,0.0000,0
16.9416,0.0000,0
23.6522,0.0000,0
16.0358,0.0000,0
23.8804,0.0000,0
20.4465,0.0000,0
16.6162,0.0000,0
22.1206,0.0000,0
16.9425,0.0000,0
17.3549,0.0000,0
16.1649,0.0000,0
22.2104,0.0000,0
15.7046,0.0000,0
21.0709,0.0000,0
21.7853,0.0000,0
23.5953,0.0000,0
17.3634,0.0000,0
22.3068,0.0000,0
23.8439,0.0000,0
20.2968,0.0000,0
19.7192,0.0000,0
19.7733,0.0000,0
18.2613,0.0000,0
17.0744,0.0000,0
25.1809,0.0000,0
17.9256,0.0000,0
23.0032,0.0000,0
16.4856,0.0000,0
20.5245,0.0000,0
21.6462,0.0000,0
24.4853,0.0000,0
17.6424,0.0000,0
23.4056,0.0000,0
19.8398,0.0000,0
20.5687,0.0000,0
18.4546,0.0000,0
23.2775,0.0000,0
23.1557,0.0000,0
22.8468,0.0000,0
23.5688,0.0000,0
23.8533,0.0000,0
20.1182,0.0000,0
23.7307,0.0000,0
24.7503,0.0000,0
22.3071,0.0000,0
19.4408,0.0000,0
16.8006,0.0000,0
19.7565,0.0000,0
20.7478,0.0000,0
20.5976,0.0000,0
23.1270,0.0000,0
23.8181,0.0000,0
24.3508,0.0000,0
19.2865,0.0000,0
23.3313,0.0000,0
19.2722,0.0000,0
23.2799,0.0000,0
23.1838,0.0000,0
24.2803,0.0000,0
23.3778,0.0000,0
18.6439,0.0000,0
19.2659,0.0000,0
25.1523,0.0000,0
16.6956,0.0000,0
22.4059,0.0000,0
17.2581,0.0000,0
18.7706,0.0000,0
21.8934,0.0000,0
22.5457,0.0000,0
24.7129,0.0000,0
23.6093,0.0000,0
23.0654,0.0000,0
20.4673,0.0000,0
23.8464,0.0000,0
19.6951,0.0000,0
16.3596,0.0000,0
21.2286,0.0000,0
21.0173,0.0000,0
24.3852,0.0000,0
22.2699,0.0000,0
25.6473,0.0000,0
17.3832,0.0000,0
23.9266,0.0000,0
21.8389,0.0000,0
22.1408,0.0000,0
15.7093,0.0000,0
22.7468,0.0000,0
25.9427,0.0000,0
19.4026,0.0000,0
24.8442,0.0000,0
18.3629,0.0000,0
21.9117,0.0000,0
20.6500,0.0000,0
15.9497,0.0000,0
24.9215,0.0000,0
21.2873,0.0000,0
17.6916,0.0000,0
16.0548,0.0000,0
18.3837,0.0000,0
25.0427,0.0000,0
16.4422,0.0000,0
19.8866,0.0000,0
23.8984,0.0000,0
24.0587,0.0000,0
22.1670,0.0000,0
20.9154,0.0000,0
16.6406,0.0000,0
16.6029,0.0000,0
22.2534,0.0000,0
22.4978,0.0000,0
20.2680,0.0000,0
16.9626,0.0000,0
22.4882,0.0000,0
17.0315,0.0000,0
23.9740,0.0000,0
19.6190,0.0000,0
21.9271,0.0000,0
18.4152,0.0000,0
15.9772,0.0000,0
16.4145,0.0000,0
19.2379,0.0000,0
21.9076,0.0000,0
21.8526,0.0000,0
22.7929,0.0000,0
16.4895,0.0000,0
18.5541,0.0000,0
18.1620,0.0000,0
22.4639,0.0000,0
25.8829,0.0000,0
20.5534,0.0000,0
25.7622,0.0000,0
24.2783,0.0000,0
16.2316,0.0000,0
20.9191,0.0000,0
25.7745,0.0000,0
20.5208,0.0000,0
25.5725,0.0000,0
18.8983,0.0000,0
15.7688,0.0000,0
22.8604,0.0000,0
17.0480,0.0000,0
21.1675,0.0000,0
24.2495,0.0000,0
19.4224,0.0000,0
22.8423,0.0000,0
19.5196,0.0000,0
23.0574,0.0000,0
23.6432,0.0000,0
15.8038,0.0000,0
17.2201,0.0000,0
21.3245,0.0000,0
23.0030,0.0000,0
16.0132,0.0000,0
25.2923,0.0000,0
22.6575,0.0000,0
16.3936,0.0000,0
16.1514,0.0000,0
20.2724,0.0000,0
16.1555,0.0000,0
23.2976,0.0000,0
23.7881,0.0000,0
22.8585,0.0000,0
21.6494,0.0000,0
22.1559,0.0000,0
16.0126,0.0000,0
21.2287,0.0000,0
17.5637,0.0000,0
22.3802,0.0000,0
22.8157,0.0000,0
24.9495,0.0000,0
20.9342,0.0000,0
17.7675,0.0000,0
22.8838,0.0000,0
17.0312,0.0000,0
23.8465,0.0000,0
15.6748,0.0000,0
20.6906,0.0000,0
18.7130,0.0000,0
23.9114,0.0000,0
20.0047,0.0000,0
23.5645,0.0000,0
19.2089,0.0000,0
17.5367,0.0000,0
23.8693,0.0000,0
17.4918,0.0000,0
23.0469,0.0000,0
19.0661,0.0000,0
24.3798,0.0000,0
18.8122,0.0000,0
25.8566,0.0000,0
25.1297,0.0000,0
17.2711,0.0000,0
16.9216,0.0000,0
22.2614,0.0000,0
16.5989,0.0000,0
19.9086,0.0000,0
15.8633,0.0000,0
20.3569,0.0000,0
23.7617,0.0000,0
22.6162,0.0000,0
19.8670,0.0000,0
19.6319,0.0000,0
16.0854,0.0000,0
17.7991,0.0000,0
19.9744,0.0000,0
19.1935,0.0000,0
18.2632,0.0000,0
16.3444,0.0000,0
18.5703,0.0000,0
20.4520,0.0000,0
24.5359,0.0000,0
19.2553,0.0000,0
16.9149,0.0000,0
15.6497,0.0000,0
16.2696,0.0000,0
18.1541,0.0000,0
25.7807,0.0000,0
25.0541,0.0000,0
19.0787,0.0000,0
20.2904,0.0000,0
22.4663,0.0000,0
20.8771,0.0000,0
23.7728,0.0000,0
21.9626,0.0000,0
23.1100,0.0000,0
19.8421,0.0000,0
16.4083,0.0000,0
19.0907,0.0000,0
24.7327,0.0000,0
19.3436,0.0000,0
24.6974,0.0000,0
20.7693,0.0000,0
21.2434,0.0000,0
21.4622,0.0000,0
23.1849,0.0000,0
25.1373,0.0000,0
17.8969,0.0000,0
22.1527,0.0000,0
18.6914,0.0000,0
18.1273,0.0000,0
25.4489,0.0000,0
19.9389,0.0000,0
18.7880,0.0000,0
15.6663,0.0000,0
16.9976,0.0000,0
17.5445,0.0000,0
18.4675,0.0000,0
25.0104,0.0000,0
22.0149,0.0000,0
22.3763,0.0000,0
18.4489,0.0000,0
20.8169,0.0000,0
23.8088,0.0000,0
18.2083,0.0000,0
18.2733,0.0000,0
25.1983,0.0000,0
20.1688,0.0000,0
20.2184,0.0000,0
19.1982,0.0000,0
19.8976,0.0000,0
24.6440,0.0000,0
20.8435,0.0000,0
23.6247,0.0000,0
21.4983,0.0000,0
22.4398,0.0000,0
20.6440,0.0000,0
23.7994,0.0000,0
24.5207,0.0000,0
23.3630,0.0000,0
17.3789,0.0000,0
18.4061,0.0000,0
24.0912,0.0000,0
20.2728,0.0000,0
23.1877,0.0000,0
24.6367,0.0000,0
20.6045,0.0000,0
17.7697,0.0000,0
21.6767,0.0000,0
25.6183,0.0000,0
19.4840,0.0000,0
21.5414,0.0000,0
19.3033,0.0000,0
18.3028,0.0000,0
22.2486,0.0000,0
21.6399,0.0000,0
20.6507,0.0000,0
19.0273,0.0000,0
24.6457,0.0000,0
15.7355,0.0000,0
24.6795,0.0000,0
18.3213,0.0000,0
20.9861,0.0000,0
20.4980,0.0000,0
23.1479,0.0000,0
24.8963,0.0000,0
16.6696,0.0000,0
20.2254,0.0000,0
17.6506,0.0000,0
22.9312,0.0000,0
18.1964,0.0000,0
19.0784,0.0000,0
25.3100,0.0000,0
22.8986,0.0000,0
23.3939,0.0000,0
23.1473,0.0000,0
16.5964,0.0000,0
16.7077,0.0000,0
25.7858,0.0000,0
22.7383,0.0000,0
20.1925,0.0000,0
16.6841,0.0000,0
24.9103,0.0000,0
20.3854,0.0000,0
23.4779,0.0000,0
23.3746,0.0000,0
16.0296,0.0000,0
18.3292,0.0000,0
24.4815,0.0000,0
18.9380,0.0000,0
16.1273,0.0000,0
22.7351,0.0000,0
19.1357,0.0000,0
22.8773,0.0000,0
18.6165,0.0000,0
24.0048,0.0000,0
20.8168,0.0000,0
18.4034,0.0000,0
22.4946,0.0000,0
22.5256,0.0000,0
20.8792,0.0000,0
25.3180,0.0000,0
19.2611,0.0000,0
18.2546,0.0000,0
17.3613,0.0000,0
24.7152,0.0000,0
15.7719,0.0000,0
17.9783,0.0000,0
17.8692,0.0000,0
20.3920,0.0000,0
22.0440,0.0000,0
23.3464,0.0000,0
25.7916,0.0000,0
20.4709,0.0000,0
20.9297,0.0000,0
20.7063,0.0000,0
18.5608,0.0000,0
21.7069,0.0000,0
17.4768,0.0000,0
21.3179,0.0000,0
20.2815,0.0000,0
19.8533,0.0000,0
20.7879,0.0000,0
24.2644,0.0000,0
24.0803,0.0000,0
16.1086,0.0000,0
17.9580,0.0000,0
17.0601,0.0000,0
20.5974,0.0000,0
23.6664,0.0000,0
16.6931,0.0000,0
23.3394,0.0000,0
22.8337,0.0000,0
21.4308,0.0000,0
18.0289,0.0000,0
24.4542,0.0000,0
19.4187,0.0000,0
21.9091,0.0000,0
19.9207,0.0000,0
17.5804,0.0000,0
15.6647,0.0000,0
24.8959,0.0000,0
22.4459,0.0000,0
18.8068,0.0000,0
19.4583,0.0000,0
20.7632,0.0000,0
15.9475,0.0000,0
24.2129,0.0000,0
18.5701,0.0000,0
20.6307,0.0000,0
19.0147,0.0000,0
25.3095,0.0000,0
24.4549,0.0000,0
18.2652,0.0000,0
24.9149,0.0000,0
22.9137,0.0000,0
17.7067,0.0000,0
17.4534,0.0000,0
15.9672,0.0000,0
19.0614,0.0000,0
25.5646,0.0000,0
17.7576,0.0000,0
19.2112,0.0000,0
21.5143,0.0000,0
25.6546,0.0000,0
24.3650,0.0000,0
18.9223,0.0000,0
16.2927,0.0000,0
16.7404,0.0000,0
25.5600,0.0000,0
20.4625,0.0000,0
25.6998,0.0000,0
24.4695,0.0000,0
21.2296,0.0000,0
22.8913,0.0000,0
24.9540,0.0000,0
24.6740,0.0000,0
25.3951,0.0000,0
24.1691,0.0000,0
21.8237,0.0000,0
16.0628,0.0000,0
20.9124,0.0000,0
21.0055,0.0000,0
20.7702,0.0000,0
21.6792,0.0000,0
16.5860,0.0000,0
21.0388,0.0000,0
23.7030,0.0000,0
23.5435,0.0000,0
16.7171,0.0000,0
16.9784,0.0000,0
17.8370,0.0000,0
25.0834,0.0000,0
25.1031,0.0000,0
17.6867,0.0000,0
20.6320,0.0000,0
22.2739,0.0000,0
15.7571,0.0000,0
19.4486,0.0000,0
19.3040,0.0000,0
24.7858,0.0000,0
25.0352,0.0000,0
18.1782,0.0000,0
15.8831,0.0000,0
17.0883,0.0000,0
23.2167,0.0000,0
15.7324,0.0000,0
22.6436,0.0000,0
15.6753,0.0000,0
20.9064,0.0000,0
24.5017,0.0000,0
25.2164,0.0000,0
19.6338,0.0000,0
20.8738,0.0000,0
25.6006,0.0000,0
19.2786,0.0000,0
16.6785,0.0000,0
15.6368,0.0000,0
15.8705,0.0000,0
21.3957,0.0000,0
19.1614,0.0000,0
25.2542,0.0000,0
16.7028,0.0000,0
21.9926,0.0000,0
17.5131,0.0000,0
23.4068,0.0000,0
16.9166,0.0000,0
25.9344,0.0000,0
22.5267,0.0000,0
18.1560,0.0000,0
22.9102,0.0000,0
16.1813,0.0000,0
18.8618,0.0000,0
25.3148,0.0000,0
24.6433,0.0000,0
22.6035,0.0000,0
20.5054,0.0000,0
16.1599,0.0000,0
17.6042,0.0000,0
17.7076,0.0000,0
16.2355,0.0000,0
22.3995,0.0000,0
17.2239,0.0000,0
17.5891,0.0000,0
21.8746,0.0000,0
25.3137,0.0000,0
21.5232,0.0000,0
22.6490,0.0000,0
16.7123,0.0000,0
25.9619,0.0000,0
22.2926,0.0000,0
16.5756,0.0000,0
25.9303,0.0000,0
17.5760,0.0000,0
17.6795,0.0000,0
20.8986,0.0000,0
16.1678,0.0000,0
19.0271,0.0000,0
16.6964,0.0000,0
21.9964,0.0000,0
20.2811,0.0000,0
20.7636,0.0000,0
25.6207,0.0000,0
21.7907,0.0000,0
22.1978,0.0000,0
15.8124,0.0000,0
25.8763,0.0000,0
17.5816,0.0000,0
23.7528,0.0000,0
17.6322,0.0000,0
25.9193,0.0000,0
22.0372,0.0000,0
20.1878,0.0000,0
16.9108,0.0000,0
24.8691,0.0000,0
18.8579,0.0000,0
20.2180,0.0000,0
21.1485,0.0000,0
16.0074,0.0000,0
16.3391,0.0000,0
17.7596,0.0000,0
24.7337,0.0000,0
20.4279,0.0000,0
24.4939,0.0000,0
22.6780,0.0000,0
19.3075,0.0000,0
17.4723,0.0000,0
25.8552,0.0000,0
18.4202,0.0000,0
25.8655,0.0000,0
17.4898,0.0000,0
19.5052,0.0000,0
22.7214,0.0000,0
21.3395,0.0000,0
16.4077,0.0000,0
16.8604,0.0000,0
25.3394,0.0000,0
17.9791,0.0000,0
24.6694,0.0000,0
21.8345,0.0000,0
25.7330,0.0000,0
23.4847,0.0000,0
17.4519,0.0000,0
20.5379,0.0000,0
16.4507,0.0000,0
22.3021,0.0000,0
16.7689,0.0000,0
18.8286,0.0000,0
17.1530,0.0000,0
16.0801,0.0000,0
20.6976,0.0000,0
16.4586,0.0000,0
21.8661,0.0000,0
17.0405,0.0000,0
23.7943,0.0000,0
17.7960,0.0000,0
20.0907,0.0000,0
15.6874,0.0000,0
23.8528,0.0000,0
17.7549,0.0000,0
19.1867,0.0000,0
21.0491,0.0000,0
18.9775,0.0000,0
22.2499,0.0000,0
24.3630,0.0000,0
18.6506,0.0000,0
19.9020,0.0000,0
24.5965,0.0000,0
18.7576,0.0000,0
19.1306,0.0000,0
21.7165,0.0000,0
23.1436,0.0000,0
19.0454,0.0000,0
24.6968,0.0000,0
25.2241,0.0000,0
17.6394,0.0000,0
19.8260,0.0000,0
22.0363,0.0000,0
22.5327,0.0000,0
25.5400,0.0000,0
23.7706,0.0000,0
25.3484,0.0000,0
19.2580,0.0000,0
20.5316,0.0000,0
19.8020,0.0000,0
25.0877,0.0000,0
25.1535,0.0000,0
19.5300,0.0000,0
25.2083,0.0000,0
21.2710,0.0000,0
17.9497,0.0000,0
23.6737,0.0000,0
22.0240,0.0000,0
18.9566,0.0000,0
15.7697,0.0000,0
21.6317,0.0000,0
17.6520,0.0000,0
17.5971,0.0000,0
20.2379,0.0000,0
15.7288,0.0000,0
15.7056,0.0000,0
15.6280,0.0000,0
20.2644,0.0000,0
24.7446,0.0000,0
17.1351,0.0000,0
25.7967,0.0000,0
17.6037,0.0000,0
17.9048,0.0000,0
17.4840,0.0000,0
15.7537,0.0000,0
19.4449,0.0000,0
15.8002,0.0000,0
16.4000,0.0000,0
18.6432,0.0000,0
16.7350,0.0000,0
21.2102,0.0000,0
16.9023,0.0000,0
23.6925,0.0000,0
23.0982,0.0000,0
17.0771,0.0000,0
19.9136,0.0000,0
22.7290,0.0000,0
18.7134,0.0000,0
22.4145,0.0000,0
16.7525,0.0000,0
19.8370,0.0000,0
24.3327,0.0000,0
21.4509,0.0000,0
15.6965,0.0000,0
22.3963,0.0000,0
17.6401,0.0000,0
15.7602,0.0000,0
19.0814,0.0000,0
23.0718,0.0000,0
17.1451,0.0000,0
22.7143,0.0000,0
17.8766,0.0000,0
23.9169,0.7829,0
24.6473,0.9989,0
20.8189,2.0024,0
24.2334,0.6920,0
20.4431,0.8396,0
24.3173,0.4729,0
17.3050,0.6547,0
22.1824,0.2090,0
17.7699,1.3871,0
25.5633,0.7200,0
21.3360,0.9539,0
21.3396,2.2115,0
18.4648,0.9807,0
19.9625,1.0411,0
25.7577,1.4760,0
23.9451,1.0114,0
25.8446,1.4408,0
16.4318,0.5137,0
20.2251,1.3694,0
16.7413,1.4869,0
18.9111,1.0904,0
16.6432,1.1260,0
19.0529,1.1060,0
16.7167,3.3456,0
17.2576,0.5733,0
25.4801,1.0063,0
23.2326,0.9267,0
25.1323,0.7329,0
17.6529,0.4102,0
17.2644,1.1859,0
16.1871,2.6631,0
22.0488,1.1257,0
17.7020,1.3157,0
19.5394,1.0646,0
25.9900,1.5855,0
18.0419,0.9857,0
19.3083,0.5988,0
17.2126,0.6573,0
23.3438,0.1615,0
19.5031,1.0846,0
19.7801,1.3610,0
19.8769,0.7277,0
15.7099,0.1993,0
19.9192,0.9330,0
21.9826,0.7796,0
16.6576,0.7698,0
17.9565,1.9813,0
20.0823,1.3549,0
19.9705,0.3820,0
19.4557,1.1823,0
24.3908,0.1892,0
17.0896,0.6473,0
22.8425,1.1498,0
23.3102,0.8577,0
25.2066,2.3772,0
20.5733,1.1378,0
17.1992,0.9793,0
23.8851,0.6829,0
19.0906,1.9949,0
21.0227,1.6737,0
18.7071,0.6473,0
17.0752,2.2751,0
24.6336,0.8521,0
16.1488,0.9892,0
16.5553,0.7791,0
22.3668,1.1651,0
18.5063,0.5317,0
23.1720,1.6286,0
19.0461,1.6265,0
20.2585,2.0765,0
19.1731,0.5238,0
23.3866,1.8782,0
18.6809,0.9219,0
19.1780,1.6800,0
22.0863,1.1598,0
17.5694,1.0509,0
18.0202,1.0994,0
21.1349,1.4074,0
25.4524,0.2662,0
16.5102,0.6633,0
21.2577,1.8186,0
22.0946,0.6064,0
17.6592,0.6893,0
16.2121,0.0000,0
23.3850,1.9812,0
17.5598,0.9894,0
24.5847,0.9842,0
20.3376,2.0011,0
15.7194,0.3690,0
23.0680,1.1824,0
17.8921,1.2777,0
22.1715,0.9724,0
23.2663,1.6575,0
21.7916,1.1025,0
17.5953,0.7193,0
20.1192,0.2284,0
15.7596,0.8002,0
18.3825,1.4805,0
17.6617,0.4828,0
16.5829,1.7570,0
21.0310,0.2761,0
16.9107,1.3352,0
18.3040,1.3866,0
24.1595,0.9291,0
21.2542,0.7397,0
22.3686,2.1015,0
21.7022,0.7279,0
20.7895,1.2411,0
24.2204,1.2351,0
23.4340,1.8289,0
19.1399,1.4007,0
18.6761,1.9408,0
19.9876,0.9620,0
21.6511,1.2204,0
24.8531,1.6798,0
15.6639,0.3867,0
20.0892,1.1603,0
25.3740,0.0000,0
20.2737,1.6065,0
20.8263,1.6305,0
16.9235,0.5014,0
23.6932,0.3472,0
25.0571,0.8279,0
18.5309,1.5882,0
17.2459,0.8159,0
25.0392,0.6685,0
22.8516,1.2644,0
25.7962,1.4837,0
15.7027,0.9369,0
24.7689,1.9887,0
24.1570,1.0012,0
19.8012,1.1709,0
24.5475,1.0832,0
23.2242,0.8092,0
17.3448,1.4245,0
23.0677,1.1664,0
21.6198,0.2930,0
19.1067,1.3135,0
21.4040,0.2202,0
24.1144,1.5893,0
21.1383,1.1235,0
16.0772,0.3917,0
22.1835,1.0553,0
21.6678,0.9198,0
18.4565,1.6518,0
19.1827,1.4730,0
17.4156,2.0488,0
19.2796,1.1750,0
20.0705,1.5976,0
18.7101,1.9909,0
17.1247,0.0000,0
22.2704,1.9630,0
18.2450,2.2276,0
19.5351,1.9549,0
25.5086,1.3135,0
20.7647,0.8819,0
25.5410,1.0891,0
16.9286,1.1481,0
18.7544,1.2513,0
24.0537,0.6885,0
24.9881,1.8920,0
18.2526,0.7404,0
18.4792,1.4431,0
24.1052,1.1593,0
22.2970,2.3019,0
20.0054,0.4866,0
20.5372,0.2419,0
17.9030,0.7205,0
20.0899,1.7475,0
16.8648,1.0503,0
18.2544,2.0392,0
18.8857,0.9150,0
17.7796,0.4074,0
22.2690,0.9705,0
21.1546,0.9383,0
22.2962,1.8200,0
16.9115,2.1900,0
15.7405,1.1841,0
17.2275,1.0161,0
24.8617,1.2106,0
15.7576,0.9653,0
16.8534,0.7445,0
20.7985,1.0442,0
19.6389,0.9334,0
20.2390,1.0408,0
17.5641,0.6686,0
23.5170,0.9933,0
18.8669,1.4518,0
19.3429,0.2164,0
18.7823,1.1741,0
25.2221,1.2636,0
21.3372,0.7266,0
19.6175,2.1627,0
17.2907,0.7400,0
18.4981,1.0612,0
22.3508,1.3781,0
21.1779,0.9480,0
22.0473,1.8394,0
17.0872,1.6715,0
19.9019,1.2637,0
19.2695,0.9176,0
25.6164,1.4642,0
20.8770,1.1740,0
17.2694,1.2130,0
20.4631,1.1920,0
20.6041,1.1744,0
19.7627,1.4636,0
19.3009,1.1521,0
23.9199,1.1146,0
20.0151,0.2870,0
20.1571,0.6558,0
18.0011,0.1389,0
21.2894,0.2763,0
17.2291,1.1237,0
22.2688,1.0545,0
19.6753,1.2119,0
17.3863,1.0743,0
18.6022,1.5766,0
16.8683,0.5172,0
19.5542,1.2711,0
19.5065,0.8943,0
21.5946,0.9504,0
25.3250,0.9144,0
18.9927,2.2959,0
17.8108,1.2419,0
21.6999,2.1752,0
25.2178,2.3010,0
16.1272,1.0628,0
20.5267,1.2964,0
22.6099,2.0163,0
17.1799,0.7780,0
17.1174,0.8875,0
24.1679,1.6393,0
24.9346,0.9787,0
18.5610,1.8925,0
16.5005,1.1653,0
19.7253,1.6035,0
15.6252,0.7970,0
18.5620,1.2354,0
23.5114,1.2726,0
16.3230,0.5591,0
24.1046,0.6259,0
15.8472,1.1843,0
20.2099,0.8271,0
22.4671,0.4806,0
22.2740,0.6935,0
19.8588,1.6008,0
18.1257,1.2767,0
25.7805,1.0962,0
23.9131,0.9413,0
22.0987,2.5570,0
24.6382,0.7959,0
25.3685,1.3128,0
18.2397,0.3264,0
20.4258,1.2340,0
17.8964,0.9141,0
25.1404,0.0000,0
16.9004,0.0000,0
19.4667,0.0000,0
20.8822,0.0000,0
15.8901,0.0000,0
23.1523,0.0000,0
21.8563,0.0000,0
23.3576,0.0000,0
21.6686,0.0000,0
18.6613,0.0000,0
16.1281,0.0000,0
21.5878,0.0000,0
16.8894,0.0000,0
18.1569,0.0000,0
22.4253,0.0000,0
17.8403,0.0000,0
22.8311,0.0000,0
18.9947,0.0000,0
25.6950,0.0000,0
25.8301,0.0000,0
19.0103,0.0000,0
25.3656,0.0000,0
25.0566,0.0000,0
25.2718,0.0000,0
24.3075,0.0000,0
21.5216,0.0000,0
17.0565,0.0000,0
17.3594,0.0000,0
16.8672,0.0000,0
25.9558,0.0000,0
21.3861,0.0000,0
21.7784,0.0000,0
22.5224,0.0000,0
25.1961,0.0000,0
23.8797,0.0000,0
17.5475,0.0000,0
19.2529,0.0000,0
21.3243,0.0000,0
20.6291,0.0000,0
25.7365,0.0000,0
17.8677,0.0000,0
19.4155,0.0000,0
23.0864,0.0000,0
16.9030,0.0000,0
22.6922,0.0000,0
21.2650,0.0000,0
22.7763,0.0000,0
25.5823,0.0000,0
17.7304,0.0000,0
20.5984,0.0000,0
17.5521,0.0000,0
24.7856,0.0000,0
16.5377,0.0000,0
24.2023,0.0000,0
18.3106,0.0000,0
15.9977,0.0000,0
21.5625,0.0000,0
23.4023,0.0000,0
16.0521,0.0000,0
19.5574,0.0000,0
15.8536,0.0000,0
15.9350,0.0000,0
21.5806,0.0000,0
20.2198,0.0000,0
25.2548,0.0000,0
21.1000,0.0000,0
22.6407,0.0000,0
21.4603,0.0000,0
22.0037,0.0000,0
24.9278,0.0000,0
21.7330,0.0000,0
21.0849,0.0000,0
23.5453,0.0000,0
18.6074,0.0000,0
22.2977,0.0000,0
21.4758,0.0000,0
16.5669,0.0000,0
25.5703,0.0000,0
20.6963,0.0000,0
19.5957,0.0000,0
24.9275,0.0000,0
25.7567,0.0000,0
22.5035,0.0000,0
22.6498,0.0000,0
19.9232,0.0000,0
23.4037,0.0000,0
25.1080,0.0000,0
24.3772,0.0000,0
22.8674,0.0000,0
19.6163,0.0000,0
15.7920,0.0000,0
16.4099,0.0000,0
25.2101,0.0000,0
24.5166,0.0000,0
18.7194,0.0000,0
17.0970,0.0000,0
18.8527,0.0000,0
19.6750,0.0000,0
16.1583,0.0000,0
25.6167,0.0000,0
22.5223,0.0000,0
16.5838,0.0000,0
18.5717,0.0000,0
20.6768,0.0000,0
18.2214,0.0000,0
19.0974,0.0000,0
15.7808,0.0000,0
19.5591,0.0000,0
18.4309,0.0000,0
22.6431,0.0000,0
23.3115,0.0000,0
24.2713,0.0000,0
19.0112,0.0000,0
16.6316,0.0000,0
24.4042,0.0000,0
17.5607,0.0000,0
15.9422,0.0000,0
16.1954,0.0000,0
25.0618,0.0000,0
20.6878,0.0000,0
18.6162,0.0000,0
22.8479,0.0000,0
16.1443,0.0000,0
22.0639,0.0000,0
18.1613,0.0000,0
23.4623,0.0000,0
16.1164,0.0000,0
16.3438,0.0000,0
19.0153,0.0000,0
24.8382,0.0000,0
20.1517,0.0000,0
17.2452,0.0000,0
20.7774,0.0000,0
21.4201,0.0000,0
23.7644,0.0000,0
23.5470,0.0000,0
20.0349,0.0000,0
25.3151,0.0000,0
24.8163,0.0000,0
22.5608,0.0000,0
22.1871,0.0000,0
17.6494,0.0000,0
16.7696,0.0000,0
24.8351,0.0000,0
24.5202,0.0000,0
17.3304,0.0000,0
23.9591,0.0000,0
18.5737,0.0000,0
20.4638,0.0000,0
16.2828,0.0000,0
22.9569,0.0000,0
20.8402,0.0000,0
16.7925,0.0000,0
25.4455,0.0000,0
19.9378,0.0000,0
21.7885,0.0000,0
19.3190,0.0000,0
22.4212,0.0000,0
20.3261,0.0000,0
25.6982,0.0000,0
17.3944,0.0000,0
19.8827,0.0000,0
24.0110,0.0000,0
21.4312,0.0000,0
17.6503,0.0000,0
18.0352,0.0000,0
22.9749,0.0000,0
22.4517,0.0000,0
23.9918,0.0000,0
22.3641,0.0000,0
21.8964,0.0000,0
17.4251,0.0000,0
15.6795,0.0000,0
16.7960,0.0000,0
19.9481,0.0000,0
23.4809,0.0000,0
24.8430,0.0000,0
22.8120,0.0000,0
19.7744,0.0000,0
16.4623,0.0000,0
17.2270,0.0000,0
21.9391,0.0000,0
19.0957,0.0000,0
20.5110,0.0000,0
21.3988,0.0000,0
23.5118,0.0000,0
25.3798,0.0000,0
19.5830,0.0000,0
16.3527,0.0000,0
24.2863,0.0000,0
17.4074,0.0000,0
25.7883,0.0000,0
18.8208,0.0000,0
21.6935,0.0000,0
24.0198,0.0000,0
24.4993,0.0000,0
17.5847,0.0000,0
25.2202,0.0000,0
24.4171,0.0000,0
22.0104,0.0000,0
17.0011,0.0000,0
18.2231,0.0000,0
24.6744,0.0000,0
20.8521,0.0000,0
22.7594,0.0000,0
21.7627,0.0000,0
23.7021,0.0000,0
25.9991,0.0000,0
21.4066,0.0000,0
21.4542,0.0000,0
20.2134,0.0000,0
17.7647,0.0000,0
18.3988,0.0000,0
22.8299,0.0000,0
19.6772,0.0000,0
21.5174,0.0000,0
19.6613,0.0000,0
22.1018,0.0000,0
24.3601,0.0000,0
19.6276,0.0000,0
25.9171,0.0000,0
15.7871,0.0000,0
22.1198,0.0000,0
23.5893,0.0000,0
25.6073,0.0000,0
21.5504,0.0000,0
16.1827,0.0000,0
20.5121,0.0000,0
24.3075,0.0000,0
25.7953,0.0000,0
23.5740,0.0000,0
19.1015,0.0000,0
16.8304,0.0000,0
16.0153,0.0000,0
22.1219,0.0000,0
23.9834,0.0000,0
21.9051,0.0000,0
22.0793,0.0000,0
25.2890,0.0000,0
19.4837,0.0000,0
24.2344,0.0000,0
23.7796,0.0000,0
17.1138,0.0000,0
20.6919,0.0000,0
25.6538,0.0000,0
17.0675,0.0000,0
17.0512,0.0000,0
18.8911,0.0000,0
21.1982,0.0000,0
25.0797,0.0000,0
17.4631,0.0000,0
16.0468,0.0000,0
18.4213,0.0000,0
18.1410,0.0000,0
19.3638,0.0000,0
21.1689,0.0000,0
20.0837,0.0000,0
15.9395,0.0000,0
23.1145,0.0000,0
20.1072,0.0000,0
21.5586,0.0000,0
16.8048,0.0000,0
23.6985,0.0000,0
23.2170,0.0000,0
22.4881,0.0000,0
21.6434,0.0000,0
21.3192,0.0000,0
18.3636,0.0000,0
16.3026,0.0000,0
21.8581,0.0000,0
24.5752,0.0000,0
16.1231,0.0000,0
18.6363,0.0000,0
25.6871,0.0000,0
16.3833,0.0000,0
24.4349,0.0000,0
23.8470,0.0000,0
18.4001,0.0000,0
22.8252,0.0000,0
22.3827,0.0000,0
19.6326,0.0000,0
21.0428,0.0000,0
16.1014,0.0000,0
24.3302,0.0000,0
23.8015,0.0000,0
25.1847,0.0000,0
16.9912,0.0000,0
15.7950,0.0000,0
23.6043,0.0000,0
17.2729,0.0000,0
23.1364,0.0000,0
25.3961,0.0000,0
20.2341,0.0000,0
15.6607,0.0000,0
24.8155,0.0000,0
22.8269,0.0000,0
24.4497,0.0000,0
22.1407,0.0000,0
22.7174,0.0000,0
18.4350,0.0000,0
17.7674,0.0000,0
23.2509,0.0000,0
16.9457,0.0000,0
17.1742,0.0000,0
24.0434,0.0000,0
19.4899,0.0000,0
17.9963,0.0000,0
22.4979,0.0000,0
23.3192,0.0000,0
23.2816,0.0000,0
22.4537,0.0000,0
17.9632,0.0000,0
25.8266,0.0000,0
17.3162,0.0000,0
18.2004,0.0000,0
19.8015,0.0000,0
20.9181,0.0000,0
22.5419,0.0000,0
23.2894,0.0000,0
19.2345,0.0000,0
24.4271,0.0000,0
17.8366,0.0000,0
23.8491,0.0000,0
17.9876,0.0000,0
21.5662,0.0000,0
17.4445,0.0000,0
20.8607,0.0000,0
15.9005,0.0000,0
21.1133,0.0000,0
19.3431,0.0000,0
18.0521,0.0000,0
16.7446,0.0000,0
23.5803,0.0000,0
20.8704,0.0000,0
19.9421,0.0000,0
19.3701,0.0000,0
19.1618,0.0000,0
23.9778,0.0000,0
18.3756,0.0000,0
22.9055,0.0000,0
25.6273,0.0000,0
21.9809,0.0000,0
19.7530,0.0000,0
18.2153,0.0000,0
24.1957,0.0000,0
17.6627,0.0000,0
23.2537,0.0000,0
19.3886,0.0000,0
19.7647,0.0000,0
19.2672,0.0000,0
18.4214,0.0000,0
22.0291,0.0000,0
21.9427,0.0000,0
17.4303,0.0000,0
22.3181,0.0000,0
16.1663,0.0000,0
17.6364,0.0000,0
23.9642,0.0000,0
15.8110,0.0000,0
24.3846,0.0000,0
20.9239,0.0000,0
16.1637,0.0000,0
19.8638,0.0000,0
18.6146,0.0000,0
16.3567,0.0000,0
21.2248,0.0000,0
22.7848,0.0000,0
25.6698,0.0000,0
17.6127,0.0000,0
15.8060,0.0000,0
20.3566,0.0000,0
18.6454,0.0000,0
25.7798,0.0000,0
17.6087,0.0000,0
25.6043,0.0000,0
25.1480,0.0000,0
22.2868,0.0000,0
17.4794,0.0000,0
24.3422,0.0000,0
24.6385,0.0000,0
21.9312,0.0000,0
18.2483,0.0000,0
25.5967,0.0000,0
25.2649,0.0000,0
24.5518,0.0000,0
18.4433,0.0000,0
22.0570,0.0000,0
24.1635,0.0000,0
21.5014,0.0000,0
22.1253,0.0000,0
23.5683,0.0000,0
17.2366,0.0000,0
16.8249,0.0000,0
20.2243,0.0000,0
18.5142,0.0000,0
15.6922,0.0000,0
16.6940,0.0000,0
17.6319,0.0000,0
24.4315,0.0000,0
20.1162,0.0000,0
22.8442,0.0000,0
24.2548,0.0000,0
22.8738,0.0000,0
24.0906,0.0000,0
25.8999,0.0000,0
19.6343,0.0000,0
17.0606,0.0000,0
16.5083,0.0000,0
17.5451,0.0000,0
16.6250,0.0000,0
18.4703,0.0000,0
25.7167,0.0000,0
18.1651,0.0000,0
16.9072,0.0000,0
19.1773,0.0000,0
23.6259,0.0000,0
17.2659,0.0000,0
17.1728,0.0000,0
20.2961,0.0000,0
16.7678,0.0000,0
18.3965,0.0000,0
25.0174,0.0000,0
24.7649,0.0000,0
19.6056,0.0000,0
17.9845,0.0000,0
16.7989,0.0000,0
19.5658,0.0000,0
15.9164,0.0000,0
16.6361,0.0000,0
16.0093,0.0000,0
16.2370,0.0000,0
22.9612,0.0000,0
17.3694,0.0000,0
18.4176,0.0000,0
19.4129,0.0000,0
25.7312,0.0000,0
24.4870,0.0000,0
24.1945,0.0000,0
23.4804,0.0000,0
17.3655,0.0000,0
20.6189,0.0000,0
25.8410,0.0000,0
21.1548,0.0000,0
22.7541,0.0000,0
25.4758,0.0000,0
18.0760,0.0000,0
17.6300,0.0000,0
22.2860,0.0000,0
22.4616,0.0000,0
16.7753,0.0000,0
16.0592,0.0000,0
24.9767,0.0000,0
16.9502,0.0000,0
24.3332,0.0000,0
23.0513,0.0000,0
19.4157,0.0000,0
17.7038,0.0000,0
18.3627,0.0000,0
17.0599,0.0000,0
17.2291,0.0000,0
24.6868,0.0000,0
18.9547,0.0000,0
24.9147,0.0000,0
19.7166,0.0000,0
22.4198,0.0000,0
18.8048,0.0000,0
19.0228,0.0000,0
24.6182,0.0000,0
20.4527,0.0000,0
23.3670,0.0000,0
16.6097,0.0000,0
18.2704,0.0000,0
23.6558,0.0000,0
15.9026,0.0000,0
19.5954,0.0000,0
25.6110,0.0000,0
24.6387,0.0000,0
17.9889,0.0000,0
16.8035,0.0000,0
20.9662,0.0000,0
21.2744,0.0000,0
23.1511,0.0000,0
20.6285,0.0000,0
15.8463,0.0000,0
25.7095,0.0000,0
18.4754,0.0000,0
18.7120,0.0000,0
17.8665,0.0000,0
19.9674,0.0000,0
21.9330,0.0000,0
25.4722,0.0000,0
22.2249,0.0000,0
24.0550,0.0000,0
17.5966,0.0000,0
20.8988,0.0000,0
17.5500,0.0000,0
16.3928,0.0000,0
15.8038,0.0000,0
20.5726,0.0000,0
25.6148,0.0000,0
23.0560,0.0000,0
21.5280,0.0000,0
16.3940,0.0000,0
20.4492,0.0000,0
25.0829,0.0000,0
21.5896,0.0000,0
21.8259,0.0000,0
17.9368,0.0000,0
17.0189,0.0000,0
24.5363,0.0000,0
22.1496,0.0000,0
23.4183,0.0000,0
22.3406,0.0000,0
19.5910,0.0000,0
16.8648,0.0000,0
19.6500,0.0000,0
15.9047,0.0000,0
20.1734,0.0000,0
25.1307,0.0000,0
19.0533,0.0000,0
16.2571,0.0000,0
17.6349,0.0000,0
19.6402,0.0000,0
22.1858,0.0000,0
15.7527,0.0000,0
20.4884,0.0000,0
17.2234,0.0000,0
19.4811,0.0000,0
17.0822,0.0000,0
17.5350,0.0000,0
19.1727,0.0000,0
22.8784,0.0000,0
18.7267,0.0000,0
18.4109,0.0000,0
16.8898,0.0000,0
19.2268,0.0000,0
24.7412,0.0000,0
16.8445,0.0000,0
16.4719,0.0000,0
17.6721,0.0000,0
20.2892,0.0000,0
21.1119,0.0000,0
21.6755,0.0000,0
17.3897,0.0000,0
20.6382,0.0000,0
16.9390,0.0000,0
20.8072,0.0000,0
15.7315,0.0000,0
19.9214,0.0000,0
20.7171,0.0000,0
23.2441,0.0000,0
17.0748,0.0000,0
18.0810,0.0000,0
21.2565,0.0000,0
17.9457,0.0000,0
21.5758,0.0000,0
25.1956,0.0000,0
24.4423,0.0000,0
17.6527,0.0000,0
19.7243,0.0000,0
16.3902,0.0000,0
17.5859,0.0000,0
24.8076,0.0000,0
21.3993,0.0000,0
16.4367,0.0000,0
24.2257,0.0000,0
19.9429,0.0000,0
22.4637,0.0000,0
18.8850,0.0000,0
23.2341,0.0000,0
18.4541,0.0000,0
24.5650,0.0000,0
19.1814,0.0000,0
16.5691,0.0000,0
25.0436,0.0000,0
17.1024,0.0000,0
24.3906,0.0000,0
19.7001,0.0000,0
24.1418,0.0000,0
25.0584,0.0000,0
25.7761,0.0000,0
19.3270,0.0000,0
17.6914,0.0000,0
17.4736,0.0000,0
24.6574,0.0000,0
24.3798,0.0000,0
24.5006,0.0000,0
18.4209,0.0000,0
17.6162,0.0000,0
16.0270,0.0000,0
18.0429,0.0000,0
22.9003,0.0000,0
15.9839,0.0000,0
25.2765,0.0000,0
23.8846,0.0000,0
21.3106,0.0000,0
17.0019,0.0000,0
25.2274,0.0000,0
15.8208,0.0000,0
17.9995,0.0000,0
16.8162,0.0000,0
16.7203,0.0000,0
24.8996,0.0000,0
16.4831,0.0000,0
17.9596,0.0000,0
19.5914,0.0000,0
20.3843,0.0000,0
17.7003,0.0000,0
22.3853,0.0000,0
22.0688,0.0000,0
21.1942,0.0000,0
19.7280,0.0000,0
20.6532,0.0000,0
18.6921,0.0000,0
16.5582,0.0000,0
17.1273,0.0000,0
18.8757,0.0000,0
18.3924,0.0000,0
24.1568,0.0000,0
22.1129,0.0000,0
21.1625,0.0000,0
19.8526,0.0000,0
24.9380,0.0000,0
25.9388,0.0000,0
23.8013,0.0000,0
24.9741,0.0000,0
21.6919,0.0000,0
20.2453,0.0000,0
19.3925,0.0000,0
21.8567,0.0000,0
19.6868,0.0000,0
20.4743,0.0000,0
23.6440,0.0000,0
16.7662,0.0000,0
24.8427,0.0000,0
20.8245,0.0000,0
17.3828,0.0000,0
23.2071,0.0000,0
20.6666,0.0000,0
23.7506,0.0000,0
15.7734,0.0000,0
23.3505,0.0000,0
18.5054,0.0000,0
19.3836,0.0000,0
19.9095,0.0000,0
16.8509,0.0000,0
16.3903,0.0000,0
24.5812,0.0000,0
24.9565,0.0000,0
20.2333,0.0000,0
24.3450,0.0000,0
19.3602,0.0000,0
21.8160,0.0000,0
17.0296,0.0000,0
17.8594,0.0000,0
18.1727,0.0000,0
21.5844,0.0000,0
21.5925,0.0000,0
20.7100,0.0000,0
16.1600,0.0000,0
16.2910,0.0000,0
15.9985,0.0000,0
20.3350,0.0000,0
21.0650,0.0000,0
23.6907,0.0000,0
25.9590,0.0000,0
22.6633,0.0000,0
25.9498,0.0000,0
19.6540,0.0000,0
20.5911,0.0000,0
15.9339,0.0000,0
19.9859,0.0000,0
18.4567,0.0000,0
20.2526,0.0000,0
20.1374,0.0000,0
19.2291,0.0000,0
22.0260,0.0000,0
25.4188,0.0000,0
24.0346,0.0000,0
25.2110,0.0000,0
21.0114,0.0000,0
16.5839,0.0000,0
19.7446,0.0000,0
17.3664,0.0000,0
25.4967,0.0000,0
16.0409,0.0000,0
16.9823,0.0000,0
21.2155,0.0000,0
22.5220,0.0000,0
19.8041,0.0000,0
17.8194,0.0000,0
18.0606,0.0000,0
19.1744,0.0000,0
18.0159,0.0000,0
24.6275,0.0000,0
17.6489,0.0000,0
24.2880,0.0000,0
21.1576,0.0000,0
16.8633,0.0000,0
16.2322,0.0000,0
21.2700,0.0000,0
19.7159,0.0000,0
16.8539,0.0000,0
21.2008,0.0000,0
20.6689,0.0000,0
20.0907,0.0000,0
18.4358,0.0000,0
20.7965,0.0000,0
20.9539,0.0000,0
19.8279,0.0000,0
24.1117,0.0000,0
24.2009,0.0000,0
21.2341,0.0000,0
19.5139,0.0000,0
18.3441,0.0000,0
19.6384,0.0000,0
23.1719,0.0000,0
24.6329,0.0000,0
20.7978,0.0000,0
19.0607,0.0000,0
16.7602,0.0000,0
23.9038,0.0000,0
23.0964,0.0000,0
19.1087,0.0000,0
20.4004,0.0000,0
24.3983,0.0000,0
19.4502,0.0000,0
24.7701,0.0000,0
21.9883,0.0000,0
17.7365,0.0000,0
18.4744,0.0000,0
24.7927,0.0000,0
22.3708,0.0000,0
17.0421,0.0000,0
18.7179,0.0000,0
21.4706,0.0000,0
22.6418,0.0000,0
20.3677,0.0000,0
18.6819,0.0000,0
16.5195,0.0000,0
17.6311,0.0000,0
17.0872,0.0000,0
24.2304,0.0000,0
25.7358,0.0000,0
22.3469,0.0000,0
19.6799,0.0000,0
23.8879,0.0000,0
17.3560,0.0000,0
23.6961,0.0000,0
25.7973,0.0000,0
17.3248,0.0000,0
16.9331,0.0000,0
15.8601,0.0000,0
24.1047,0.0000,0
19.3247,0.0000,0
21.8121,0.0000,0
16.0506,0.0000,0
16.5989,0.0000,0
23.6105,0.0000,0
19.3624,0.0000,0
18.0030,0.0000,0
21.0972,0.0000,0
23.1417,0.0000,0
19.6085,0.0000,0
19.7756,0.0000,0
18.0737,0.0000,0
23.2429,0.0000,0
21.2873,0.0000,0
20.6107,0.0000,0
17.4043,0.0000,0
21.8111,0.0000,0
23.8688,0.0000,0
22.4941,0.0000,0
15.9864,0.0000,0
24.0765,0.0000,0
18.4644,0.0000,0
25.0984,0.0000,0
19.7739,0.0000,0
23.2904,0.0000,0
22.5578,0.0000,0
23.5189,0.0000,0
16.2432,0.0000,0
17.1272,0.0000,0
20.1135,0.0000,0
23.2480,0.0000,0
24.2137,0.0000,0
17.6821,0.0000,0
25.6599,0.0000,0
22.7101,0.0000,0
17.8856,0.0000,0
25.4990,0.0000,0
17.4919,0.0000,0
19.0974,0.0000,0
22.7464,0.0000,0
18.0180,0.0000,0
20.7737,0.0000,0
22.3282,0.0000,0
24.1676,0.0000,0
20.3518,0.0000,0
19.1431,0.0000,0
23.1837,0.0000,0
20.3993,0.0000,0
21.9567,0.0000,0
25.0619,0.0000,0
18.7454,0.0000,0
21.3965,0.0000,0
17.9143,0.0000,0
25.1252,0.0000,0
22.8349,0.0000,0
20.6549,0.0000,0
25.9121,0.0000,0
25.4225,0.0000,0
24.0010,0.0000,0
25.3945,0.0000,0
16.5338,0.0000,0
22.0480,0.0000,0
16.2167,0.0000,0
16.8266,0.0000,0
20.5611,0.0000,0
19.9346,0.0000,0
24.0567,0.0000,0
22.9137,0.0000,0
21.1450,0.0000,0
21.1387,0.0000,0
23.4911,0.0000,0
16.3272,0.0000,0
21.6670,0.0000,0
20.5379,0.0000,0
21.2425,0.0000,0
22.0432,0.0000,0
20.8989,0.0000,0
16.8051,0.0000,0
20.7556,0.0000,0
19.7865,0.0000,0
25.1486,0.0000,0
20.0878,0.0000,0
17.8464,0.0000,0
17.8885,0.0000,0
18.9512,0.0000,0
22.3869,0.0000,0
19.6606,0.0000,0
23.5343,0.0000,0
19.5507,0.0000,0
18.5623,0.0000,0
24.5246,0.0000,0
16.6584,0.0000,0
19.0550,0.0000,0
16.6825,0.0000,0
16.9064,0.0000,0
18.9057,0.0000,0
21.1443,0.0000,0
19.7495,0.0000,0
19.9488,0.0000,0
20.1439,0.0000,0
22.7596,0.0000,0
24.3087,0.0000,0
20.5589,0.0000,0
18.0241,0.0000,0
18.7073,0.0000,0
15.8902,0.0000,0
22.1330,0.0000,0
24.3655,0.0000,0
25.9203,0.0000,0
22.8546,0.0000,0
18.3494,0.0000,0
24.6073,0.0000,0
17.4291,0.0000,0
21.4602,0.0000,0
21.4947,0.0000,0
21.8109,0.0000,0
20.5040,0.0000,0
17.6759,0.0000,0
22.9032,0.0000,0
18.8763,0.0000,0
25.4023,0.0000,0
23.6247,0.0000,0
18.4955,0.0000,0
17.2093,0.0000,0
18.3027,0.0000,0
24.0321,0.0000,0
25.5339,0.0000,0
24.1266,0.0000,0
16.6520,0.0000,0
21.3672,0.0000,0
21.7589,0.0000,0
24.0795,0.0000,0
17.5655,0.0000,0
20.0162,0.0000,0
24.8923,0.0000,0
20.0060,0.0000,0
21.7138,0.0000,0
21.8292,0.0000,0
23.1668,0.0000,0
17.2956,0.0000,0
20.5717,0.0000,0
19.7787,0.0000,0
17.7106,0.0000,0
23.3704,0.0000,0
17.5161,0.0000,0
20.5491,0.0000,0
20.6682,0.0000,0
18.9516,0.0000,0
25.8775,0.0000,0
17.3970,0.0000,0
19.8191,0.0000,0
25.2345,0.0000,0
16.7590,0.0000,0
18.8806,0.0000,0
25.6252,0.0000,0
19.6975,0.0000,0
17.0254,0.0000,0
17.3091,0.0000,0
19.2474,0.0000,0
16.1842,0.0000,0
21.7935,0.0000,0
21.2460,0.0000,0
20.1893,0.0000,0
21.4250,0.0000,0
21.1960,0.0000,0
16.6113,0.0000,0
16.7889,0.0000,0
25.7220,0.0000,0
16.5046,0.0000,0
24.3809,0.0000,0
21.6793,0.0000,0
18.8764,0.0000,0
22.0821,0.0000,0
20.2892,0.0000,0
16.6473,0.0000,0
22.6672,0.0000,0
19.9839,0.0000,0
17.2237,0.0000,0
24.1911,0.0000,0
25.0552,0.0000,0
17.5816,0.0000,0
16.0101,0.0000,0
21.5094,0.0000,0
19.2269,0.0000,0
16.7562,0.0000,0
16.9466,0.0000,0
24.1027,0.0000,0
22.4599,0.0000,0
20.8114,0.0000,0
17.1585,0.0000,0
25.8027,0.0000,0
24.6798,0.0000,0
16.8198,0.0000,0
23.8894,0.0000,0
24.0822,0.0000,0
23.8879,0.0000,0
22.3761,0.0000,0
22.3240,0.0000,0
16.7454,0.0000,0
24.8221,0.0000,0
20.4638,0.0000,0
22.8302,0.0000,0
18.5146,0.0000,0
17.9245,0.0000,0
25.1708,0.0000,0
24.6790,0.0000,0
17.8236,0.0000,0
22.4223,0.0000,0
22.5218,0.0000,0
20.4116,0.0000,0
21.6731,0.0000,0
19.2682,0.0000,0
23.5223,0.0000,0
18.1086,0.0000,0
17.6682,0.0000,0
19.8707,0.0000,0
21.3699,0.0000,0
20.3047,0.0000,0
16.9023,0.0000,0
23.2615,0.0000,0
20.6558,0.0000,0
21.1319,0.0000,0
21.2290,0.0000,0
24.9321,0.0000,0
20.1516,0.0000,0
25.0677,0.0000,0
21.2977,0.0000,0
15.6816,0.0000,0
20.2964,0.0000,0
24.3324,0.0000,0
20.0094,0.0000,0
20.2436,0.0000,0
23.1251,0.0000,0
25.2079,0.0000,0
24.5473,0.0000,0
20.9923,0.0000,0
15.7649,0.0000,0
16.2914,0.0000,0
20.8254,0.0000,0
22.2968,0.0000,0
15.9832,0.0000,0
16.7070,0.0000,0
24.7817,0.0000,0
22.8356,0.0000,0
16.3009,0.0000,0
19.9835,0.0000,0
25.4320,0.0000,0
19.8634,0.0000,0
23.7178,0.0000,0
25.9930,0.0000,0
17.9712,0.0000,0
24.8097,0.0000,0
17.4686,0.0000,0
19.4000,0.0000,0
25.3489,0.0000,0
18.9198,0.0000,0
15.9586,0.0000,0
25.3349,0.0000,0
20.1678,0.0000,0
23.8221,0.0000,0
21.4929,0.0000,0
17.0800,0.0000,0
24.4744,0.0000,0
20.1859,0.0000,0
17.2589,0.0000,0
16.0656,0.0000,0
19.3065,0.0000,0
17.3980,0.0000,0
19.1650,0.0000,0
20.9230,0.0000,0
23.9549,0.0000,0
15.6296,0.0000,0
24.8058,0.0000,0
19.9730,0.0000,0
24.0668,0.0000,0
25.8722,0.0000,0
19.1425,0.0000,0
22.7147,0.0000,0
20.9497,0.0000,0
17.1602,0.0000,0
22.3339,0.0000,0
23.2900,0.0000,0
21.1915,0.0000,0
16.7534,0.0000,0
20.1000,0.0000,0
18.1105,0.0000,0
25.1842,0.0000,0
25.1567,0.0000,0
17.5712,0.0000,0
22.8264,0.0000,0
25.1792,0.0000,0
22.2617,0.0000,0
23.5815,0.0000,0
17.8551,0.0000,0
20.4566,0.0000,0
16.2078,0.0000,0
22.4481,0.0000,0
17.5248,0.0000,0
20.6894,0.0000,0
21.2467,0.0000,0
17.4342,0.0000,0
20.0942,0.0000,0
18.6256,0.0000,0
17.5360,0.0000,0
21.7964,0.0000,0
22.5361,0.0000,0
15.7519,0.0000,0
24.6950,0.0000,0
20.8105,0.0000,0
25.5614,0.0000,0
24.7096,0.0000,0
23.4601,0.0000,0
19.3779,0.0000,0
25.7952,0.0000,0
23.6989,0.0000,0
17.5729,0.0000,0
20.2771,0.0000,0
22.3412,0.0000,0
23.0268,0.0000,0
22.1658,0.0000,0
19.1717,0.0000,0
15.8676,0.0000,0
15.9411,0.0000,0
23.9632,0.0000,0
23.0178,0.0000,0
19.6973,0.0000,0
16.8277,0.0000,0
23.7866,0.0000,0
22.2444,0.0000,0
19.3195,0.0000,0
15.9442,0.0000,0
16.0835,0.0000,0
16.1276,0.0000,0
24.2747,0.0000,0
20.4627,0.0000,0
25.5297,0.0000,0
17.2928,0.0000,0
18.8624,0.0000,0
22.7839,0.0000,0
19.2535,0.0000,0
18.7206,0.0000,0
22.8996,0.0000,0
18.0068,0.0000,0
24.6460,0.0000,0
23.6846,0.0000,0
25.5257,0.0000,0
16.9399,0.0000,0
18.5158,0.0000,0
21.5256,0.0000,0
18.7712,0.0000,0
20.7544,0.0000,0
23.2122,0.0000,0
21.4285,0.0000,0
23.4775,0.0000,0
20.0354,0.0000,0
22.3465,0.0000,0
25.7982,0.0000,0
17.5779,0.0000,0
23.5724,0.0000,0
21.6537,0.0000,0
18.2212,0.0000,0
25.6430,0.0000,0
23.7410,0.0000,0
15.7838,0.0000,0
24.1249,0.0000,0
21.4861,0.0000,0
17.8221,0.0000,0
17.9827,0.0000,0
23.8033,0.0000,0
15.8610,0.0000,0
16.8983,0.0000,0
23.5614,0.0000,0
23.7914,0.0000,0
17.1465,0.0000,0
23.7097,0.0000,0
20.6298,0.0000,0
18.5881,0.0000,0
16.5067,0.0000,0
18.3360,0.0000,0
16.5044,0.0000,0
22.8249,0.0000,0
17.6848,0.0000,0
21.8901,0.0000,0
16.0689,0.0000,0
20.1735,0.0000,0
22.1568,0.0000,0
15.6483,0.0000,0
21.2008,0.0000,0
24.8618,0.0000,0
16.0170,0.0000,0
22.6156,0.0000,0
18.7234,0.0000,0
15.9710,0.0000,0
24.5715,0.0000,0
25.1086,0.0000,0
18.0112,0.0000,0
16.6949,0.0000,0
19.5313,0.0000,0
17.7476,0.0000,0
25.6892,0.0000,0
21.6037,0.0000,0
20.6859,0.0000,0
22.1235,0.0000,0
17.4337,0.0000,0
23.7060,0.0000,0
17.9934,0.0000,0
16.6982,0.0000,0
25.6954,0.0000,0
21.0133,0.0000,0
16.2012,0.0000,0
23.2263,0.0000,0
24.9837,0.0000,0
24.9533,0.0000,0
23.5426,0.0000,0
20.6263,0.0000,0
19.4209,0.0000,0
16.1567,0.0000,0
16.0285,0.0000,0
21.8008,0.0000,0
15.7499,0.0000,0
22.6865,0.0000,0
19.8196,0.0000,0
24.2118,0.0000,0
17.0753,0.0000,0
22.5407,0.0000,0
21.8673,0.0000,0
21.2455,0.0000,0
17.9352,0.0000,0
24.4329,0.0000,0
23.0522,0.0000,0
18.4785,0.0000,0
24.0766,0.0000,0
16.6586,0.0000,0
17.4663,0.0000,0
19.7668,0.0000,0
18.7777,0.0000,0
17.1685,0.0000,0
17.6768,0.0000,0
21.7867,0.0000,0
23.6148,0.0000,0
19.8716,0.0000,0
21.2432,0.0000,0
23.4877,0.0000,0
20.4509,0.0000,0
16.6372,0.0000,0
18.7353,0.0000,0
19.0011,0.0000,0
16.3234,0.0000,0
21.0483,0.0000,0
24.0097,0.0000,0
16.3627,0.0000,0
22.9951,0.0000,0
19.3365,0.0000,0
19.2090,0.0000,0
16.9670,0.0000,0
23.8476,0.0000,0
22.6208,0.0000,0
17.0548,0.0000,0
22.8130,0.0000,0
19.7551,0.0000,0
24.4499,0.0000,0
17.9927,0.0000,0
19.9918,0.0000,0
20.7219,0.0000,0
18.6705,0.0000,0
16.2540,0.0000,0
22.2587,0.0000,0
20.0306,0.0000,0
17.2901,0.0000,0
18.8121,0.0000,0
18.7912,0.0000,0
19.5523,0.0000,0
16.3539,0.0000,0
20.7170,0.0000,0
18.7329,0.0000,0
21.7944,0.0000,0
22.1625,0.0000,0
16.9474,0.0000,0
15.6772,0.0000,0
25.2896,0.0000,0
22.4294,0.0000,0
17.8270,0.0000,0
22.3622,0.0000,0
20.6941,0.0000,0
17.0566,0.0000,0
18.3514,0.0000,0
17.2084,0.0000,0
21.7304,0.0000,0
20.5243,0.0000,0
15.7136,0.0000,0
24.5959,0.0000,0
19.2799,0.0000,0
19.0336,0.0000,0
18.5843,0.0000,0
22.5059,0.0000,0
20.8587,0.0000,0
25.6013,0.0000,0
20.3111,0.7904,0
18.2825,1.3204,0
15.7888,1.5988,0
25.7864,1.3926,0
19.5046,0.7154,0
21.9885,1.6250,0
19.0823,1.6499,0
21.5444,1.2077,0
23.9755,1.2052,0
17.6972,1.5576,0
18.1427,1.4300,0
22.3607,0.8342,0
20.8029,1.7418,0
20.3506,0.3813,0
19.9657,2.0003,0
17.2004,0.9914,0
22.9227,1.2278,0
18.6276,0.9952,0
25.2911,0.0000,0
16.6071,0.4932,0
18.0494,0.7857,0
17.3630,0.4787,0
20.3602,2.2388,0
25.3670,1.4375,0
16.7184,1.3296,0
23.4577,1.2851,0
18.3367,2.3210,0
24.2533,1.6479,0
19.7352,2.6826,0
25.2170,1.4683,0
20.3304,0.0751,0
20.0170,2.4657,0
18.2315,1.1013,0
22.4457,1.5212,0
22.7654,2.1764,0
19.4871,1.3356,0
23.0031,0.4512,0
18.2086,1.4705,0
17.0542,2.6090,0
21.3931,2.1650,0
18.6343,1.4087,0
25.8334,1.2361,0
17.6927,1.4923,0
20.7486,0.0435,0
20.0488,0.1859,0
16.2307,0.7197,0
20.8052,1.5469,0
23.8284,1.1696,0
15.7202,2.0394,0
25.5909,1.4366,0
18.5521,1.7027,0
20.3471,1.2948,0
16.0014,1.2050,0
19.4948,0.9468,0
22.6142,1.4529,0
24.5101,2.3811,0
16.5371,2.0488,0
20.6046,2.9520,0
20.1430,2.2886,0
16.4067,1.2234,0
23.2762,1.8624,0
20.6073,1.6366,0
18.5684,1.6195,0
23.9543,1.0807,0
20.1804,1.3091,0
24.3147,2.3954,0
19.5621,1.3222,0
17.0982,1.5004,0
19.8402,0.9721,0
16.3129,1.3907,0
17.8123,1.8042,0
17.9237,0.5207,0
18.8283,2.0047,0
22.7851,2.4144,0
22.6574,1.1682,0
17.7320,1.0694,0
24.0056,1.6021,0
19.5662,1.3839,0
18.8337,1.9346,0
16.7393,1.7596,0
16.9168,1.7125,0
19.1577,1.3326,0
23.2195,1.7964,0
19.0746,1.5211,0
25.3568,0.4659,0
20.3705,1.6915,0
24.3422,1.8797,0
23.6308,1.2940,0
16.4208,0.7995,0
16.1881,1.0245,0
16.6418,1.0588,0
24.7902,0.1978,0
23.2716,0.4181,0
22.3886,2.5187,0
25.0922,1.5094,0
18.7746,0.6700,0
25.0336,1.1002,0
21.6139,0.1905,0
25.0434,1.2973,0
20.7094,1.8960,0
18.8185,0.4121,0
16.8427,1.1304,0
25.5037,1.5728,0
15.7185,1.3388,0
17.4750,2.6062,0
16.7864,1.1736,0
24.6439,1.0698,0
24.9024,1.8491,0
15.7690,1.1008,0
22.5026,1.2440,0
20.4860,2.1690,0
16.1296,2.1764,0
24.6667,2.0660,0
24.4272,1.1343,0
22.2125,2.3529,0
23.9672,1.0519,0
24.7923,1.1887,0
21.9230,0.0000,0
19.4761,1.1354,0
25.6454,1.0168,0
18.9988,1.0388,0
19.7868,1.2877,0
18.1973,0.9063,0
21.7472,0.8745,0
17.9485,1.0699,0
24.0634,0.9756,0
16.3510,0.9939,0
24.2009,2.3368,0
25.0142,0.9611,0
20.5814,1.2944,0
25.9034,1.6412,0
20.8451,0.8660,0
21.4988,0.9667,0
23.9549,1.4762,0
22.4575,1.2207,0
24.4328,1.1826,0
16.5629,2.4094,0
25.8033,1.7495,0
16.9900,1.6274,0
15.9729,0.3737,0
16.6789,1.1186,0
23.6554,1.2527,0
25.4701,2.1674,0
22.4748,1.5599,0
16.8300,1.8767,0
23.3062,1.4840,0
22.5145,0.6415,0
21.5876,1.3304,0
19.6420,0.5630,0
17.1957,1.3507,0
23.3893,1.2493,0
18.4005,1.2195,0
24.6385,1.3657,0
20.8535,2.1391,0
21.4143,1.5569,0
23.1222,1.0243,0
25.9537,1.1876,0
24.7291,1.4760,0
17.8616,0.2266,0
21.5487,1.1111,0
25.3637,0.6906,0
22.0435,1.9128,0
23.0756,0.6138,0
16.3347,0.6519,0
20.9569,2.1675,0
24.4309,1.0367,0
20.7489,2.0363,0
22.1182,1.5792,0
19.2704,1.2375,0
20.0965,0.9763,0
19.7285,2.0020,0
24.3706,0.7463,0
22.9590,1.0003,0
17.8477,1.5994,0
25.6134,1.6884,0
17.7365,2.6369,0
17.3935,1.7191,0
24.6268,1.1359,0
16.4462,0.5892,0
16.6895,0.8512,0
17.9705,2.1308,0
25.5951,1.6945,0
24.2823,1.6728,0
25.7606,1.6957,0
16.1694,1.8167,0
24.9694,2.7534,0
20.4489,1.4802,0
21.9757,1.9070,0
17.5089,2.1198,0
16.1793,2.0813,0
19.7343,0.5597,0
24.3833,1.2755,0
23.8975,2.0711,0
22.3989,1.3688,0
20.9837,1.6407,0
25.5735,3.2269,0
16.7031,0.0000,0
18.4374,1.2827,0
17.1383,1.6678,0
23.2151,1.4459,0
17.3801,1.4024,0
19.5100,1.0383,0
17.1944,1.5548,0
18.2864,1.6230,0
21.4679,1.8719,0
17.8283,1.1323,0
20.3919,0.3733,0
21.2069,1.1073,0
17.5154,0.3105,0
16.6023,1.2847,0
24.3305,1.3802,0
22.4136,0.7244,0
20.6576,2.0312,0
17.1523,0.8799,0
25.9769,1.0458,0
23.3288,1.7721,0
16.4736,1.5999,0
22.0036,0.6481,0
19.8145,2.0956,0
24.4907,2.9435,0
23.9728,1.3614,0
15.7487,1.0362,0
23.6030,1.2091,0
17.6627,0.4960,0
16.9737,0.7265,0
23.3165,0.7325,0
20.2083,0.8697,0
21.3340,2.3737,0
16.8639,1.8242,0
25.5402,2.8789,0
24.4584,1.2075,0
24.0810,0.9979,0
20.1220,1.0250,0
18.4251,0.8458,0
19.0280,0.3169,0
24.9657,1.4057,0
22.2771,1.2521,0
23.5335,0.6784,0
23.4193,2.0372,0
22.4744,1.2021,0
24.6260,1.6518,0
21.1132,1.7145,0
21.1526,1.3247,0
19.3343,2.5945,0
18.1746,1.5816,0
18.9472,0.9192,0
20.0483,0.0000,0
19.3572,1.3047,0
24.3311,1.2787,0
17.6747,1.3286,0
25.6841,1.5161,0
25.1381,1.7354,0
17.1220,1.7913,0
25.4375,0.9735,0
24.3830,1.7857,0
22.0102,2.2890,0
21.9456,0.0000,0
25.8237,0.0000,0
17.4481,0.0000,0
24.2221,0.0000,0
19.5098,0.0000,0
19.5507,0.0000,0
17.0385,0.0000,0
24.0046,0.0000,0
19.8966,0.0000,0
21.0554,0.0000,0
25.0899,0.0000,0
20.1973,0.0000,0
21.8038,0.0000,0
20.4674,0.0000,0
17.3149,0.0000,0
23.6332,0.0000,0
22.1947,0.0000,0
20.8251,0.0000,0
18.3169,0.0000,0
17.1833,0.0000,0
24.9408,0.0000,0
23.1581,0.0000,0
24.7425,0.0000,0
17.6711,0.0000,0
18.4136,0.0000,0
16.7937,0.0000,0
21.4831,0.0000,0
21.6704,0.0000,0
25.3724,0.0000,0
25.8648,0.0000,0
15.8215,0.0000,0
18.4307,0.0000,0
22.8244,0.0000,0
20.0422,0.0000,0
22.8517,0.0000,0
23.4453,0.0000,0
18.3596,0.0000,0
21.7853,0.0000,0
24.6564,0.0000,0
19.9611,0.0000,0
23.9127,0.0000,0
18.4330,0.0000,0
23.6936,0.0000,0
25.7833,0.0000,0
18.7213,0.0000,0
16.6555,0.0000,0
25.3168,0.0000,0
20.2885,0.0000,0
15.7014,0.0000,0
15.6359,0.0000,0
23.9216,0.0000,0
19.0270,0.0000,0
20.7683,0.0000,0
25.9633,0.0000,0
16.1080,0.0000,0
20.4884,0.0000,0
17.1344,0.0000,0
18.7671,0.0000,0
21.8777,0.0000,0
25.2360,0.0000,0
18.7057,0.0000,0
16.2139,0.0000,0
21.9701,0.0000,0
18.4110,0.0000,0
20.9801,0.0000,0
17.3424,0.0000,0
15.6962,0.0000,0
20.0209,0.0000,0
24.2419,0.0000,0
16.3100,0.0000,0
21.8705,0.0000,0
22.8762,0.0000,0
19.8860,0.0000,0
16.3954,0.0000,0
20.9064,0.0000,0
23.0690,0.0000,0
22.2299,0.0000,0
17.1454,0.0000,0
20.5491,0.0000,0
22.8813,0.0000,0
19.9462,0.0000,0
17.6064,0.0000,0
24.7405,0.0000,0
18.3286,0.0000,0
16.9540,0.0000,0
25.7792,0.0000,0
21.6325,0.0000,0
16.9066,0.0000,0
23.7371,0.0000,0
19.6093,0.0000,0
20.2859,0.0000,0
21.8396,0.0000,0
25.7306,0.0000,0
19.9712,0.0000,0
22.6999,0.0000,0
18.9281,0.0000,0
16.2626,0.0000,0
24.4817,0.0000,0
23.8683,0.0000,0
17.1278,0.0000,0
23.6252,0.0000,0
17.8505,0.0000,0
23.0429,0.0000,0
19.2552,0.0000,0
24.9563,0.0000,0
22.0551,0.0000,0
20.3621,0.0000,0
24.0991,0.0000,0
18.9934,0.0000,0
22.9371,0.0000,0
22.6439,0.0000,0
24.7809,0.0000,0
21.1456,0.0000,0
19.6102,0.0000,0
19.7159,0.0000,0
20.5529,0.0000,0
24.5186,0.0000,0
19.6190,0.0000,0
17.4796,0.0000,0
20.4184,0.0000,0
25.3670,0.0000,0
17.6751,0.0000,0
21.0908,0.0000,0
25.5957,0.0000,0
20.8529,0.0000,0
19.8365,0.0000,0
24.8292,0.0000,0
18.1212,0.0000,0
16.5023,0.0000,0
17.0985,0.0000,0
19.8799,0.0000,0
18.2427,0.0000,0
25.9514,0.0000,0
23.7664,0.0000,0
19.9742,0.0000,0
17.7296,0.0000,0
21.4581,0.0000,0
18.2050,0.0000,0
24.6984,0.0000,0
21.2979,0.0000,0
20.5277,0.0000,0
20.2375,0.0000,0
21.9264,0.0000,0
25.4130,0.0000,0
16.4036,0.0000,0
20.8494,0.0000,0
19.7520,0.0000,0
16.4190,0.0000,0
17.0128,0.0000,0
16.2243,0.0000,0
22.9726,0.0000,0
17.3410,0.0000,0
15.7915,0.0000,0
16.4812,0.0000,0
17.3039,0.0000,0
25.8888,0.0000,0
24.7527,0.0000,0
16.5073,0.0000,0
23.8945,0.0000,0
24.5751,0.0000,0
18.3179,0.0000,0
22.0331,0.0000,0
22.6061,0.0000,0
21.0615,0.0000,0
19.4848,0.0000,0
16.8462,0.0000,0
18.6611,0.0000,0
17.6927,0.0000,0
25.9445,0.0000,0
22.4972,0.0000,0
23.3212,0.0000,0
25.4220,0.0000,0
22.6397,0.0000,0
19.5357,0.0000,0
21.6400,0.0000,0
24.3516,0.0000,0
21.8423,0.0000,0
24.1705,0.0000,0
23.7832,0.0000,0
17.9025,0.0000,0
22.2553,0.0000,0
22.2339,0.0000,0
22.9608,0.0000,0
18.4545,0.0000,0
25.5601,0.0000,0
24.2010,0.0000,0
15.8718,0.0000,0
24.4130,0.0000,0
18.2111,0.0000,0
20.8176,0.0000,0
18.3899,0.0000,0
20.0294,0.0000,0
22.7088,0.0000,0
23.0431,0.0000,0
23.4699,0.0000,0
20.2415,0.0000,0
15.7952,0.0000,0
17.5305,0.0000,0
25.8778,0.0000,0
17.7445,0.0000,0
19.6811,0.0000,0
20.3145,0.0000,0
22.6185,0.0000,0
18.4146,0.0000,0
23.9479,0.0000,0
25.8465,0.0000,0
15.8655,0.0000,0
25.1381,0.0000,0
23.6239,0.0000,0
18.4012,0.0000,0
25.3039,0.0000,0
20.7524,0.0000,0
16.7009,0.0000,0
17.4921,0.0000,0
19.9303,0.0000,0
20.6712,0.0000,0
18.1987,0.0000,0
16.1007,0.0000,0
18.2256,0.0000,0
23.1717,0.0000,0
22.6097,0.0000,0
17.8893,0.0000,0
25.0720,0.0000,0
16.3283,0.0000,0
22.9460,0.0000,0
25.8902,0.0000,0
22.0992,0.0000,0
19.4991,0.0000,0
20.5774,0.0000,0
18.5071,0.0000,0
24.5575,0.0000,0
23.8527,0.0000,0
25.9265,0.0000,0
25.4268,0.0000,0
21.0522,0.0000,0
22.2072,0.0000,0
23.9673,0.0000,0
25.1539,0.0000,0
16.5798,0.0000,0
17.5276,0.0000,0
24.0003,0.0000,0
17.9240,0.0000,0
25.9365,0.0000,0
17.1765,0.0000,0
25.3776,0.0000,0
19.4795,0.0000,0
16.1154,0.0000,0
24.0037,0.0000,0
17.4647,0.0000,0
16.3198,0.0000,0
22.5507,0.0000,0
23.1896,0.0000,0
17.7717,0.0000,0
22.6777,0.0000,0
17.4737,0.0000,0
17.4054,0.0000,0
25.5974,0.0000,0
17.8411,0.0000,0
15.8824,0.0000,0
18.2047,0.0000,0
18.8032,0.0000,0
24.0416,0.0000,0
25.3799,0.0000,0
16.5373,0.0000,0
25.7181,0.0000,0
18.1611,0.0000,0
17.2692,0.0000,0
24.7744,0.0000,0
24.1989,0.0000,0
22.7378,0.0000,0
22.1116,0.0000,0
19.1938,0.0000,0
17.5319,0.0000,0
16.0361,0.0000,0
15.7535,0.0000,0
22.2014,0.0000,0
21.4780,0.0000,0
17.5872,0.0000,0
21.1739,0.0000,0
23.1753,0.0000,0
24.2162,0.0000,0
23.7554,0.0000,0
24.4550,0.0000,0
17.7705,0.0000,0
18.0329,0.0000,0
17.4986,0.0000,0
16.4913,0.0000,0
24.4054,0.0000,0
19.6681,0.0000,0
15.8253,0.0000,0
19.9057,0.0000,0
24.9445,0.0000,0
25.6561,0.0000,0
20.2306,0.0000,0
15.9459,0.0000,0
17.1288,0.0000,0
16.0191,0.0000,0
15.9352,0.0000,0
23.2311,0.0000,0
25.7604,0.0000,0
24.9031,0.0000,0
19.1040,0.0000,0
24.2825,0.0000,0
20.1167,0.0000,0
20.3139,0.0000,0
24.2647,0.0000,0
16.0611,0.0000,0
21.8736,0.0000,0
22.6276,0.0000,0
20.1440,0.0000,0
25.6927,0.0000,0
24.6468,0.0000,0
17.4956,0.0000,0
21.4115,0.0000,0
19.0760,0.0000,0
19.7422,0.0000,0
22.0224,0.0000,0
23.5355,0.0000,0
15.8256,0.0000,0
17.4406,0.0000,0
19.0593,0.0000,0
25.5209,0.0000,0
23.6520,0.0000,0
25.2753,0.0000,0
19.6619,0.0000,0
25.9424,0.0000,0
19.2256,0.0000,0
18.8047,0.0000,0
20.2374,0.0000,0
18.0571,0.0000,0
16.1985,0.0000,0
17.3785,0.0000,0
23.0356,0.0000,0
25.2338,0.0000,0
23.2271,0.0000,0
16.7183,0.0000,0
16.9975,0.0000,0
18.2392,0.0000,0
22.5208,0.0000,0
21.3906,0.0000,0
22.2997,0.0000,0
17.2854,0.0000,0
23.8892,0.0000,0
18.1367,0.0000,0
16.6149,0.0000,0
19.6188,0.0000,0
24.8740,0.0000,0
22.4180,0.0000,0
19.9422,0.0000,0
23.7754,0.0000,0
20.0045,0.0000,0
16.5538,0.0000,0
21.4697,0.0000,0
17.3535,0.0000,0
17.3415,0.0000,0
19.3230,0.0000,0
16.8340,0.0000,0
18.1305,0.0000,0
21.6744,0.0000,0
25.0898,0.0000,0
23.1960,0.0000,0
23.3409,0.0000,0
19.8351,0.0000,0
24.6326,0.0000,0
22.5186,0.0000,0
18.2048,0.0000,0
19.7275,0.0000,0
17.8028,0.0000,0
16.9830,0.0000,0
21.0050,0.0000,0
21.7045,0.0000,0
19.9132,0.0000,0
20.5360,0.0000,0
15.9377,0.0000,0
21.4904,0.0000,0
25.1084,0.0000,0
24.1003,0.0000,0
22.0118,0.0000,0
24.0890,0.0000,0
18.3963,0.0000,0
25.8822,0.0000,0
15.9075,0.0000,0
18.0829,0.0000,0
17.7305,0.0000,0
18.6901,0.0000,0
16.9275,0.0000,0
25.9870,0.0000,0
18.4885,0.0000,0
17.8373,0.0000,0
20.9007,0.0000,0
20.7302,0.0000,0
21.8270,0.0000,0
24.6688,0.0000,0
20.6817,0.0000,0
16.4607,0.0000,0
20.0395,0.0000,0
17.0026,0.0000,0
17.3802,0.0000,0
21.1758,0.0000,0
19.3432,0.0000,0
24.6953,0.0000,0
21.4328,0.0000,0
15.7878,0.0000,0
20.3242,0.0000,0
15.7209,0.0000,0
17.0835,0.0000,0
23.1774,0.0000,0
17.4834,0.0000,0
18.0559,0.0000,0
23.5513,0.0000,0
25.1560,0.0000,0
23.2212,0.0000,0
16.6017,0.0000,0
16.3412,0.0000,0
16.3095,0.0000,0
20.8102,0.0000,0
22.7715,0.0000,0
23.4726,0.0000,0
16.4731,0.0000,0
22.0130,0.0000,0
25.2057,0.0000,0
17.7738,0.0000,0
20.3103,0.0000,0
19.8173,0.0000,0
20.8659,0.0000,0
25.3107,0.0000,0
25.5696,0.0000,0
25.5399,0.0000,0
23.9281,0.0000,0
21.3759,0.0000,0
17.8922,0.0000,0
25.6451,0.0000,0
25.8529,0.0000,0
23.1472,0.0000,0
24.5056,0.0000,0
17.4158,0.0000,0
25.8635,0.0000,0
22.0869,0.0000,0
19.1292,0.0000,0
21.4935,0.0000,0
19.7768,0.0000,0
24.9300,0.0000,0
20.1647,0.0000,0
20.2164,0.0000,0
20.1537,0.0000,0
20.5289,0.0000,0
24.2049,0.0000,0
19.1563,0.0000,0
16.2051,0.0000,0
23.4378,0.0000,0
17.1044,0.0000,0
16.7217,0.0000,0
18.1351,0.0000,0
21.3926,0.0000,0
22.0106,0.0000,0
18.3440,0.0000,0
15.7892,0.0000,0
15.9935,0.0000,0
17.0800,0.0000,0
21.4064,0.0000,0
16.3595,0.0000,0
19.5044,0.0000,0
18.0422,0.0000,0
22.7661,0.0000,0
21.4500,0.0000,0
17.6833,0.0000,0
16.7452,0.0000,0
22.5516,0.0000,0
24.1763,0.0000,0
19.4695,0.0000,0
25.4494,0.0000,0
20.7391,0.0000,0
18.5518,0.0000,0
17.1494,0.0000,0
15.9802,0.0000,0
16.0022,0.0000,0
16.2368,0.0000,0
18.6407,0.0000,0
20.7085,0.0000,0
16.5081,0.0000,0
16.6576,0.0000,0
17.8941,0.0000,0
20.1358,0.0000,0
17.7786,0.0000,0
25.5768,0.0000,0
16.4722,0.0000,0
16.8724,0.0000,0
17.3633,0.0000,0
17.4228,0.0000,0
18.8728,0.0000,0
16.3022,0.0000,0
25.3140,0.0000,0
19.9517,0.0000,0
19.7616,0.0000,0
21.3889,0.0000,0
17.4058,0.0000,0
25.5820,0.0000,0
16.8316,0.0000,0
25.5075,0.0000,0
20.8535,0.0000,0
25.2660,0.0000,0
22.7873,0.0000,0
21.7896,0.0000,0
19.2536,0.0000,0
22.2500,0.0000,0
23.8954,0.0000,0
19.4971,0.0000,0
17.1836,0.0000,0
24.8866,0.0000,0
22.8047,0.0000,0
17.6249,0.0000,0
18.2280,0.0000,0
15.7148,0.0000,0
24.7047,0.0000,0
25.2998,0.0000,0
16.0155,0.0000,0
21.8911,0.0000,0
18.7667,0.0000,0
15.9988,0.0000,0
19.6567,0.0000,0
25.8404,0.0000,0
20.2919,0.0000,0
19.4117,0.0000,0
24.7676,0.0000,0
22.0195,0.0000,0
20.4513,0.0000,0
23.5510,0.0000,0
16.5064,0.0000,0
25.9465,0.0000,0
19.2488,0.0000,0
20.8385,0.0000,0
18.4612,0.0000,0
24.0694,0.0000,0
18.6493,0.0000,0
23.1253,0.0000,0
25.0433,0.0000,0
18.5729,0.0000,0
22.5197,0.0000,0
18.1117,0.0000,0
18.0510,0.0000,0
21.8073,0.0000,0
23.7315,0.0000,0
23.0674,0.0000,0
18.9660,0.0000,0
18.2424,0.0000,0
18.1963,0.0000,0
17.2647,0.0000,0
24.8816,0.0000,0
18.9751,0.0000,0
25.6993,0.0000,0
24.3454,0.0000,0
17.7394,0.0000,0
17.9062,0.0000,0
23.0109,0.0000,0
24.9518,0.0000,0
21.5280,0.0000,0
25.4040,0.0000,0
20.5491,0.0000,0
17.2934,0.0000,0
22.9797,0.0000,0
18.6055,0.0000,0
18.0880,0.0000,0
22.6904,0.0000,0
19.0672,0.0000,0
16.0440,0.0000,0
23.1352,0.0000,0
16.5550,0.0000,0
23.9778,0.0000,0
19.4093,0.0000,0
23.7663,0.0000,0
20.4699,0.0000,0
23.4057,0.0000,0
24.3285,0.0000,0
22.7959,0.0000,0
18.9065,0.0000,0
23.5034,0.0000,0
20.7744,0.0000,0
21.5139,0.0000,0
18.3213,0.0000,0
24.2516,0.0000,0
15.9466,0.0000,0
18.0422,0.0000,0
24.8207,0.0000,0
16.2437,0.0000,0
19.2795,0.0000,0
15.9757,0.0000,0
19.5323,0.0000,0
20.1468,0.0000,0
17.6901,0.0000,0
20.0475,0.0000,0
20.7284,0.0000,0
21.4444,0.0000,0
25.8391,0.0000,0
22.7152,0.0000,0
23.5884,0.0000,0
24.7259,0.0000,0
19.2470,0.0000,0
16.1552,0.0000,0
17.9958,0.0000,0
17.3427,0.0000,0
25.6244,0.0000,0
19.9586,0.0000,0
25.9785,0.0000,0
23.8143,0.0000,0
19.7208,0.0000,0
20.7359,0.0000,0
16.6984,0.0000,0
16.4156,0.0000,0
19.0192,0.0000,0
16.1811,0.0000,0
25.8867,0.0000,0
15.9381,0.0000,0
19.6839,0.0000,0
18.3099,0.0000,0
24.3521,0.0000,0
23.3316,0.0000,0
18.8636,0.0000,0
20.6963,0.0000,0
16.3792,0.0000,0
15.8408,0.0000,0
22.6483,0.0000,0
17.5960,0.0000,0
18.9350,0.0000,0
21.6635,0.0000,0
22.8353,0.0000,0
24.7663,0.0000,0
23.7284,0.0000,0
21.6596,0.0000,0
19.9758,0.0000,0
18.3420,0.0000,0
24.7050,0.0000,0
23.6869,0.0000,0
15.8268,0.0000,0
18.6593,0.0000,0
23.8402,0.0000,0
16.9286,0.0000,0
17.2343,0.0000,0
18.8130,0.0000,0
20.2729,0.0000,0
23.5844,0.0000,0
21.6870,0.0000,0
18.0696,0.0000,0
18.7233,0.0000,0
23.5961,0.0000,0
18.7211,0.0000,0
23.4816,0.0000,0
24.0030,0.0000,0
16.7295,0.0000,0
25.5409,0.0000,0
19.3036,0.0000,0
22.8118,0.0000,0
18.4170,0.0000,0
21.4461,0.0000,0
19.0677,0.0000,0
17.1936,0.0000,0
18.4580,0.0000,0
23.7121,0.0000,0
22.1052,0.0000,0
22.6545,0.0000,0
16.6954,0.0000,0
17.3227,0.0000,0
23.7661,0.0000,0
17.3150,0.0000,0
20.8027,0.0000,0
22.1783,0.0000,0
18.3131,0.0000,0
21.8406,0.0000,0
16.1025,0.0000,0
21.7685,0.0000,0
23.8689,0.0000,0
21.5851,0.0000,0
24.8882,0.0000,0
15.6494,0.0000,0
23.4882,0.0000,0
17.6423,0.0000,0
24.0554,0.0000,0
19.0186,0.0000,0
17.0416,0.0000,0
22.1519,0.0000,0
25.7953,0.0000,0
22.8859,0.0000,0
18.6096,0.0000,0
21.1097,0.0000,0
23.9583,0.0000,0
18.8160,0.0000,0
20.5403,0.0000,0
17.0760,0.0000,0
22.3201,0.0000,0
25.8343,0.0000,0
20.6309,0.0000,0
18.6338,0.0000,0
17.9774,0.0000,0
23.4367,0.0000,0
21.3378,0.0000,0
16.7147,0.0000,0
15.9003,0.0000,0
16.0186,0.0000,0
19.6304,0.0000,0
20.6628,0.0000,0
22.2975,0.0000,0
24.3134,0.0000,0
24.2575,0.0000,0
25.7965,0.0000,0
23.1272,0.0000,0
21.0554,0.0000,0
20.8238,0.0000,0
22.4094,0.0000,0
19.9366,0.0000,0
20.4228,0.0000,0
22.6075,0.0000,0
17.7529,0.0000,0
25.8639,0.0000,0
20.5112,0.0000,0
21.9397,0.0000,0
23.1515,0.0000,0
16.5759,0.0000,0
16.4097,0.0000,0
24.1629,0.0000,0
20.0210,0.0000,0
20.1789,0.0000,0
17.1560,0.0000,0
25.1575,0.0000,0
15.6862,0.0000,0
16.3306,0.0000,0
21.3772,0.0000,0
22.4850,0.0000,0
21.7057,0.0000,0
18.9932,0.0000,0
22.2702,0.0000,0
24.9031,0.0000,0
23.4166,0.0000,0
22.5186,0.0000,0
24.3182,0.0000,0
19.6786,0.0000,0
23.9078,0.0000,0
22.5259,0.0000,0
18.7449,0.0000,0
16.2964,0.0000,0
15.9782,0.0000,0
18.6790,0.0000,0
22.5007,0.0000,0
22.2234,0.0000,0
25.9193,0.0000,0
18.9524,0.0000,0
17.2935,0.0000,0
23.6790,0.0000,0
20.3752,0.0000,0
22.0321,0.0000,0
15.6739,0.0000,0
16.0667,0.0000,0
18.9111,0.0000,0
21.7765,0.0000,0
16.3461,0.0000,0
24.5368,0.0000,0
17.6392,0.0000,0
16.7834,0.0000,0
17.2700,0.0000,0
19.0847,0.0000,0
24.0758,0.0000,0
15.7723,0.0000,0
22.6862,0.0000,0
24.5318,0.0000,0
22.8859,0.0000,0
21.4245,0.0000,0
17.1251,0.0000,0
16.0891,0.0000,0
18.6013,0.0000,0
23.1203,0.0000,0
20.1861,0.0000,0
16.2524,0.0000,0
18.4641,0.0000,0
17.0022,0.0000,0
19.1068,0.0000,0
16.9721,0.0000,0
20.6804,0.0000,0
21.3685,0.0000,0
23.9555,0.0000,0
21.1292,0.0000,0
17.5124,0.0000,0
19.1340,0.0000,0
19.2109,0.0000,0
15.9699,0.0000,0
24.3480,0.0000,0
22.3093,0.0000,0
17.8686,0.0000,0
17.6740,0.0000,0
16.2453,0.0000,0
21.3243,0.0000,0
23.0017,0.0000,0
16.0646,0.0000,0
17.4216,0.0000,0
20.1897,0.0000,0
21.9519,0.0000,0
18.4205,0.0000,0
16.3848,0.0000,0
18.4007,0.0000,0
17.6916,0.0000,0
17.1508,0.0000,0
18.2809,0.0000,0
25.3039,0.0000,0
18.7880,0.0000,0
18.3751,0.0000,0
22.9910,0.0000,0
21.7685,0.0000,0
18.1652,0.0000,0
17.8341,0.0000,0
18.8594,0.0000,0
17.3618,0.0000,0
21.4986,0.0000,0
17.7453,0.0000,0
16.8721,0.0000,0
16.2716,0.0000,0
25.2145,0.0000,0
19.4992,0.0000,0
24.6264,0.0000,0
16.8539,0.0000,0
18.7513,0.0000,0
21.4591,0.0000,0
20.1754,0.0000,0
20.7492,0.0000,0
24.6677,0.0000,0
21.2525,0.0000,0
17.2004,0.0000,0
24.8301,0.0000,0
22.7099,0.0000,0
24.5646,0.0000,0
17.0821,0.0000,0
24.7331,0.0000,0
15.8561,0.0000,0
20.7009,0.0000,0
24.5238,0.0000,0
20.3111,1.8055,0
18.2825,0.2009,0
15.7888,2.3512,0
25.7864,1.1464,0
19.5046,2.2144,0
21.9885,0.7127,0
19.0823,0.8913,0
21.5444,1.8173,0
23.9755,1.2264,0
17.6972,1.4110,0
18.1427,0.9643,0
22.3607,1.5824,0
20.8029,1.8547,0
20.3506,0.9447,0
19.9657,0.7657,0
17.2004,0.8975,0
22.9227,1.1189,0
18.6276,1.3190,0
25.2911,2.1256,0
16.6071,0.8540,0
18.0494,1.6015,0
17.3630,2.3682,0
20.3602,2.0448,0
25.3670,1.5269,0
16.7184,1.8508,0
23.4577,0.6249,0
18.3367,1.1980,0
24.2533,0.9283,0
19.7352,1.0498,0
25.2170,0.9999,0
20.3304,0.1946,0
20.0170,0.9576,0
18.2315,1.1958,0
22.4457,1.1545,0
22.7654,0.6845,0
19.4871,0.9241,0
23.0031,0.4820,0
18.2086,1.2801,0
17.0542,1.5656,0
21.3931,0.4799,0
18.6343,1.4998,0
25.8334,1.3211,0
17.6927,1.5320,0
20.7486,0.8773,0
20.0488,0.6485,0
16.2307,1.4947,0
20.8052,1.0180,0
23.8284,2.6141,0
15.7202,2.2303,0
25.5909,1.0968,0
18.5521,1.8299,0
20.3471,0.7818,0
16.0014,2.0139,0
19.4948,2.1246,0
22.6142,1.0770,0
24.5101,0.1083,0
16.5371,0.8359,0
20.6046,1.7956,0
20.1430,0.9799,0
16.4067,0.7414,0
23.2762,0.8745,0
20.6073,1.8006,0
18.5684,0.9689,0
23.9543,0.5984,0
20.1804,0.9042,0
24.3147,0.9312,0
19.5621,2.1083,0
17.0982,0.4785,0
19.8402,2.2560,0
16.3129,1.5071,0
17.8123,0.6937,0
17.9237,1.2897,0
18.8283,1.2978,0
22.7851,1.2326,0
22.6574,1.6023,0
17.7320,0.8520,0
24.0056,0.4382,0
19.5662,1.0995,0
18.8337,1.1277,0
16.7393,2.0088,0
16.9168,1.8272,0
19.1577,1.9840,0
23.2195,1.1099,0
19.0746,2.0804,0
25.3568,1.9617,0
20.3705,0.3478,0
24.3422,0.8155,0
23.6308,1.2201,0
16.4208,3.1523,0
16.1881,0.9308,0
16.6418,1.0375,0
24.7902,1.0550,0
23.2716,1.3391,0
22.3886,1.1658,0
25.0922,1.8445,0
18.7746,1.8232,0
25.0336,2.0347,0
21.6139,1.8509,0
25.0434,1.8245,0
20.7094,0.4263,0
18.8185,1.4961,0
16.8427,0.7967,0
25.5037,1.0266,0
15.7185,1.2837,0
17.4750,1.2559,0
16.7864,0.7846,0
24.6439,2.2599,0
24.9024,1.0038,0
15.7690,1.5223,0
22.5026,2.0830,0
20.4860,0.5271,0
16.1296,1.5801,0
24.6667,0.8503,0
24.4272,0.4995,0
22.2125,0.9294,0
23.9672,0.8055,0
24.7923,1.6417,0
21.9230,1.1171,0
19.4761,1.7526,0
25.6454,2.2586,0
18.9988,2.6202,0
19.7868,0.8609,0
18.1973,1.3101,0
21.7472,1.4533,0
17.9485,0.8290,0
24.0634,1.2964,0
16.3510,0.7996,0
24.2009,0.5432,0
25.0142,1.4830,0
20.5814,0.3473,0
25.9034,2.0244,0
20.8451,1.4088,0
21.4988,0.7824,0
23.9549,1.3176,0
22.4575,1.4355,0
24.4328,0.9339,0
16.5629,0.7514,0
25.8033,2.6431,0
16.9900,0.6790,0
15.9729,1.6986,0
16.6789,1.8900,0
23.6554,1.0194,0
25.4701,0.9008,0
22.4748,0.9503,0
16.8300,3.3823,0
23.3062,0.5759,0
22.5145,0.3445,0
21.5876,1.3221,0
19.6420,1.0946,0
17.1957,2.2948,0
23.3893,2.2218,0
18.4005,1.0068,0
24.6385,0.0000,0
20.8535,0.8606,0
21.4143,1.4170,0
23.1222,0.9831,0
25.9537,0.5088,0
24.7291,0.4618,0
17.8616,0.9919,0
21.5487,1.2016,0
25.3637,1.5934,0
22.0435,0.8863,0
23.0756,1.4634,0
16.3347,1.5475,0
20.9569,0.5906,0
24.4309,2.6010,0
20.7489,0.9389,0
22.1182,1.9570,0
19.2704,2.1912,0
20.0965,1.4310,0
19.7285,0.9397,0
24.3706,1.2950,0
22.9590,0.1769,0
17.8477,1.8548,0
25.6134,1.4171,0
17.7365,0.7567,0
17.3935,1.0061,0
24.6268,0.3020,0
16.4462,0.1290,0
16.6895,0.4285,0
17.9705,1.2124,0
25.5951,1.5242,0
24.2823,1.7184,0
25.7606,2.0595,0
16.1694,1.9701,0
24.9694,1.1952,0
20.4489,1.1505,0
21.9757,1.3248,0
17.5089,0.7891,0
16.1793,1.9873,0
19.7343,0.2116,0
24.3833,1.4819,0
23.8975,0.7593,0
22.3989,1.2445,0
20.9837,1.5459,0
25.5735,0.5162,0
16.7031,1.5413,0
18.4374,1.3397,0
17.1383,1.0424,0
23.2151,0.3022,0
17.3801,0.9801,0
19.5100,1.3152,0
17.1944,1.1369,0
18.2864,1.1525,0
21.4679,1.0920,0
17.8283,1.1878,0
20.3919,1.1500,0
21.2069,0.6065,0
17.5154,0.6740,0
16.6023,1.0381,0
24.3305,0.9937,0
22.4136,1.8775,0
20.6576,1.6536,0
17.1523,0.8720,0
25.9769,0.8516,0
23.3288,1.5580,0
16.4736,1.7754,0
22.0036,1.6329,0
19.8145,1.8823,0
24.4907,0.4846,0
23.9728,1.2420,0
15.7487,1.2713,0
23.6030,0.8390,0
17.6627,1.3997,0
16.9737,1.0003,0
23.3165,1.9697,0
20.2083,1.7982,0
21.3340,1.0606,0
16.8639,1.3574,0
25.5402,0.7432,0
24.4584,1.7495,0
24.0810,0.1635,0
20.1220,1.0992,0
18.4251,1.2254,0
19.0280,1.5716,0
24.9657,1.5442,0
22.2771,1.2103,0
23.5335,1.8357,0
23.4193,2.0905,0
22.4744,0.7529,0
24.6260,2.8051,0
21.1132,1.2381,0
21.1526,0.4133,0
19.3343,0.3681,0
18.1746,0.8402,0
18.9472,1.1109,0
20.0483,0.8224,0
19.3572,0.8731,0
24.3311,0.3214,0
17.6747,1.4969,0
25.6841,1.7424,0
25.1381,0.4295,0
17.1220,1.5493,0
25.4375,1.3095,0
24.3830,1.5568,0
22.0102,0.7863,0
15.8211,0.0000,0
23.9977,0.0000,0
16.7302,0.0000,0
25.9783,0.0000,0
16.9379,0.0000,0
25.0867,0.0000,0
24.3258,0.0000,0
18.0214,0.0000,0
20.9491,0.0000,0
25.5255,0.0000,0
22.7788,0.0000,0
18.1340,0.0000,0
20.4674,0.0000,0
18.2835,0.0000,0
21.9426,0.0000,0
25.6542,0.0000,0
16.9636,0.0000,0
20.1390,0.0000,0
25.7310,0.0000,0
16.9301,0.0000,0
25.0289,0.0000,0
21.7735,0.0000,0
22.2862,0.0000,0
20.9689,0.0000,0
16.1196,0.0000,0
17.8098,0.0000,0
23.7585,0.0000,0
19.0310,0.0000,0
15.8417,0.0000,0
23.2692,0.0000,0
15.6461,0.0000,0
19.3554,0.0000,0
16.4405,0.0000,0
21.5420,0.0000,0
21.2918,0.0000,0
18.4400,0.0000,0
24.7093,0.0000,0
15.7844,0.0000,0
25.7199,0.0000,0
17.6732,0.0000,0
21.7856,0.0000,0
24.9098,0.0000,0
22.9756,0.0000,0
17.3309,0.0000,0
19.6119,0.0000,0
23.4106,0.0000,0
21.7367,0.0000,0
21.7829,0.0000,0
16.1795,0.0000,0
24.8275,0.0000,0
17.7909,0.0000,0
22.7317,0.0000,0
23.8200,0.0000,0
25.1549,0.0000,0
22.5399,0.0000,0
17.0300,0.0000,0
23.2698,0.0000,0
20.1981,0.0000,0
23.8681,0.0000,0
20.9792,0.0000,0
16.9108,0.0000,0
23.9274,0.0000,0
20.4450,0.0000,0
19.6014,0.0000,0
23.2116,0.0000,0
22.2654,0.0000,0
16.8227,0.0000,0
19.0370,0.0000,0
16.2561,0.0000,0
23.6393,0.0000,0
16.6157,0.0000,0
23.4057,0.0000,0
25.6995,0.0000,0
16.7021,0.0000,0
20.5396,0.0000,0
22.7004,0.0000,0
20.1854,0.0000,0
22.0022,0.0000,0
21.5760,0.0000,0
20.9024,0.0000,0
18.1895,0.0000,0
23.9589,0.0000,0
25.3290,0.0000,0
16.3755,0.0000,0
19.9551,0.0000,0
22.7408,0.0000,0
17.6472,0.0000,0
16.3617,0.0000,0
23.7018,0.0000,0
25.6700,0.0000,0
21.6063,0.0000,0
17.4652,0.0000,0
16.0865,0.0000,0
25.2790,0.0000,0
19.4618,0.0000,0
21.5726,0.0000,0
22.6444,0.0000,0
18.0259,0.0000,0
21.1386,0.0000,0
17.9524,0.0000,0
17.4534,0.0000,0
25.7133,0.0000,0
22.5228,0.0000,0
24.5410,0.0000,0
23.1703,0.0000,0
21.9372,0.0000,0
18.5471,0.0000,0
16.6552,0.0000,0
22.6301,0.0000,0
18.5328,0.0000,0
23.3466,0.0000,0
18.2814,0.0000,0
16.6250,0.0000,0
20.8584,0.0000,0
24.0073,0.0000,0
22.8192,0.0000,0
25.9164,0.0000,0
16.0113,0.0000,0
21.3523,0.0000,0
17.1374,0.0000,0
23.7951,0.0000,0
17.5650,0.0000,0
16.0123,0.0000,0
25.6049,0.0000,0
16.9833,0.0000,0
16.7245,0.0000,0
16.9757,0.0000,0
25.5075,0.0000,0
16.0972,0.0000,0
24.2052,0.0000,0
17.0648,0.0000,0
16.1047,0.0000,0
17.0363,0.0000,0
24.7782,0.0000,0
24.2229,0.0000,0
22.6743,0.0000,0
22.7113,0.0000,0
19.9036,0.0000,0
17.7496,0.0000,0
18.2013,0.0000,0
23.5076,0.0000,0
23.4572,0.0000,0
25.2521,0.0000,0
20.3308,0.0000,0
23.8647,0.0000,0
24.0984,0.0000,0
25.0467,0.0000,0
22.1511,0.0000,0
17.9161,0.0000,0
22.2835,0.0000,0
23.0032,0.0000,0
20.7443,0.0000,0
18.8792,0.0000,0
20.3738,0.0000,0
24.0682,0.0000,0
15.8292,0.0000,0
18.4397,0.0000,0
21.7155,0.0000,0
23.6137,0.0000,0
24.6601,0.0000,0
18.7334,0.0000,0
21.1431,0.0000,0
19.1392,0.0000,0
15.7171,0.0000,0
25.4185,0.0000,0
25.4605,0.0000,0
16.3439,0.0000,0
22.7869,0.0000,0
16.0297,0.0000,0
18.5759,0.0000,0
24.3749,0.0000,0
20.7741,0.0000,0
22.5833,0.0000,0
20.2423,0.0000,0
22.0728,0.0000,0
19.2691,0.0000,0
17.6094,0.0000,0
16.8186,0.0000,0
17.8797,0.0000,0
20.7782,0.0000,0
23.7836,0.0000,0
16.4047,0.0000,0
24.6400,0.0000,0
23.6209,0.0000,0
17.0589,0.0000,0
23.7545,0.0000,0
19.3393,0.0000,0
22.1013,0.0000,0
15.9240,0.0000,0
16.5876,0.0000,0
16.3401,0.0000,0
18.1800,0.0000,0
22.2840,0.0000,0
24.8054,0.0000,0
24.4329,0.0000,0
24.6478,0.0000,0
16.1075,0.0000,0
22.1855,0.0000,0
20.5449,0.0000,0
17.3244,0.0000,0
20.7458,0.0000,0
24.6768,0.0000,0
20.1537,0.0000,0
17.6611,0.0000,0
16.9586,0.0000,0
23.7024,0.0000,0
16.3905,0.0000,0
25.5166,0.0000,0
20.6086,0.0000,0
25.3120,0.0000,0
22.0754,0.0000,0
19.1333,0.0000,0
21.1309,0.0000,0
19.5092,0.0000,0
15.7540,0.0000,0
25.8138,0.0000,0
18.0889,0.0000,0
20.4685,0.0000,0
18.3253,0.0000,0
21.9558,0.0000,0
22.0074,0.0000,0
22.1679,0.0000,0
24.9811,0.0000,0
20.3116,0.0000,0
24.2069,0.0000,0
19.9402,0.0000,0
21.6255,0.0000,0
17.4080,0.0000,0
24.4342,0.0000,0
23.5625,0.0000,0
15.7184,0.0000,0
21.6765,0.0000,0
15.7634,0.0000,0
16.2979,0.0000,0
18.3590,0.0000,0
22.0633,0.0000,0
18.9879,0.0000,0
21.5481,0.0000,0
18.8888,0.0000,0
16.9395,0.0000,0
16.7952,0.0000,0
18.2185,0.0000,0
16.1068,0.0000,0
20.8190,0.0000,0
17.2883,0.0000,0
16.7074,0.0000,0
25.4636,0.0000,0
25.5460,0.0000,0
23.2916,0.0000,0
22.9886,0.0000,0
17.0324,0.0000,0
19.1085,0.0000,0
18.3789,0.0000,0
16.7664,0.0000,0
20.1425,0.0000,0
20.9577,0.0000,0
19.0775,0.0000,0
19.6709,0.0000,0
22.6543,0.0000,0
17.9556,0.0000,0
16.7794,0.0000,0
23.7751,0.0000,0
23.1608,0.0000,0
23.3673,0.0000,0
22.7504,0.0000,0
18.8641,0.0000,0
20.6369,0.0000,0
22.2147,0.0000,0
18.7473,0.0000,0
25.7652,0.0000,0
25.5565,0.0000,0
18.4129,0.0000,0
22.9336,0.0000,0
16.8187,0.0000,0
19.0203,0.0000,0
25.2055,0.0000,0
24.2123,0.0000,0
23.8784,0.0000,0
25.6565,0.0000,0
20.7812,0.0000,0
16.5864,0.0000,0
20.3483,0.0000,0
19.8528,0.0000,0
25.8020,0.0000,0
19.2267,0.0000,0
22.5476,0.0000,0
22.2159,0.0000,0
21.1118,0.0000,0
18.9753,0.0000,0
21.0172,0.0000,0
15.8022,0.0000,0
23.1418,0.0000,0
23.2242,0.0000,0
20.0909,0.0000,0
22.9780,0.0000,0
16.2770,0.0000,0
20.5004,0.0000,0
15.6670,0.0000,0
25.5738,0.0000,0
19.5311,0.0000,0
19.3979,0.0000,0
17.1088,0.0000,0
21.4042,0.0000,0
19.0946,0.0000,0
18.2333,0.0000,0
16.0277,0.0000,0
17.8638,0.0000,0
23.1283,0.0000,0
17.1578,0.0000,0
19.4534,0.0000,0
21.8442,0.0000,0
16.7695,0.0000,0
15.9160,0.0000,0
19.9187,0.0000,0
17.2704,0.0000,0
17.2401,0.0000,0
21.0621,0.0000,0
18.9319,0.0000,0
19.9708,0.0000,0
16.6238,0.0000,0
21.1101,0.0000,0
25.4502,0.0000,0
15.9910,0.0000,0
17.0541,0.0000,0
17.5081,0.0000,0
16.9094,0.0000,0
23.0782,0.0000,0
23.9562,0.0000,0
23.8993,0.0000,0
16.0334,0.0000,0
23.9432,0.0000,0
18.4663,0.0000,0
18.5214,0.0000,0
25.7228,0.0000,0
24.6897,0.0000,0
24.4540,0.0000,0
22.8382,0.0000,0
25.0914,0.0000,0
18.6492,0.0000,0
19.3724,0.0000,0
23.2211,0.0000,0
17.8184,0.0000,0
23.7615,0.0000,0
17.9276,0.0000,0
18.6260,0.0000,0
19.1099,0.0000,0
20.4308,0.0000,0
24.0859,0.0000,0
22.9956,0.0000,0
22.2295,0.0000,0
16.1861,0.0000,0
18.9713,0.0000,0
24.4371,0.0000,0
24.8344,0.0000,0
22.4623,0.0000,0
18.6165,0.0000,0
23.9056,0.0000,0
19.8247,0.0000,0
16.3860,0.0000,0
22.5029,0.0000,0
17.0874,0.0000,0
20.5461,0.0000,0
20.1534,0.0000,0
25.3541,0.0000,0
25.0904,0.0000,0
25.8199,0.0000,0
17.6819,0.0000,0
16.0771,0.0000,0
19.1966,0.0000,0
19.0855,0.0000,0
18.1633,0.0000,0
23.3406,0.0000,0
18.9560,0.0000,0
24.6760,0.0000,0
16.7039,0.0000,0
20.4319,0.0000,0
24.2378,0.0000,0
16.9056,0.0000,0
16.3443,0.0000,0
18.6185,0.0000,0
25.9032,0.0000,0
22.8006,0.0000,0
23.3848,0.0000,0
22.8072,0.0000,0
25.3933,0.0000,0
16.0044,0.0000,0
18.6407,0.0000,0
21.1903,0.0000,0
22.7862,0.0000,0
19.7225,0.0000,0
17.1141,0.0000,0
19.9492,0.0000,0
16.0163,0.0000,0
24.5204,0.0000,0
23.7752,0.0000,0
16.3720,0.0000,0
18.4770,0.0000,0
16.6734,0.0000,0
21.6792,0.0000,0
24.2932,0.0000,0
17.3935,0.0000,0
21.4995,0.0000,0
18.8976,0.0000,0
24.4720,0.0000,0
21.7425,0.0000,0
17.7859,0.0000,0
25.1037,0.0000,0
22.6769,0.0000,0
20.0285,0.0000,0
18.7905,0.0000,0
20.5838,0.0000,0
22.7576,0.0000,0
19.7538,0.0000,0
20.2168,0.0000,0
18.2067,0.0000,0
17.1259,0.0000,0
16.0147,0.0000,0
20.0119,0.0000,0
18.7375,0.0000,0
16.8731,0.0000,0
15.8489,0.0000,0
17.9372,0.0000,0
17.1456,0.0000,0
15.9282,0.0000,0
16.8861,0.0000,0
22.0080,0.0000,0
20.8055,0.0000,0
18.2778,0.0000,0
21.9395,0.0000,0
20.8601,0.0000,0
22.9578,0.0000,0
16.6991,0.0000,0
24.8346,0.0000,0
24.4296,0.0000,0
22.1502,0.0000,0
19.5407,0.0000,0
18.5991,0.0000,0
21.6607,0.0000,0
18.7634,0.0000,0
18.4097,0.0000,0
24.7779,0.0000,0
17.4882,0.0000,0
20.0772,0.0000,0
25.9965,0.0000,0
16.1047,0.0000,0
23.8476,0.0000,0
18.3720,0.0000,0
17.1030,0.0000,0
16.2394,0.0000,0
24.2477,0.0000,0
23.3451,0.0000,0
20.0101,0.0000,0
25.7248,0.0000,0
24.7559,0.0000,0
23.5609,0.0000,0
24.3219,0.0000,0
20.5337,0.0000,0
24.6549,0.0000,0
25.7424,0.0000,0
15.8783,0.0000,0
17.3732,0.0000,0
21.7908,0.0000,0
18.5003,0.0000,0
16.4441,0.0000,0
15.8996,0.0000,0
22.6219,0.0000,0
24.7788,0.0000,0
21.7633,0.0000,0
22.1175,0.0000,0
17.7095,0.0000,0
18.8650,0.0000,0
16.2046,0.0000,0
25.0875,0.0000,0
23.7594,0.0000,0
23.7713,0.0000,0
19.9351,0.0000,0
16.7309,0.0000,0
15.7025,0.0000,0
21.1111,0.0000,0
22.7726,0.0000,0
24.0970,0.0000,0
16.2055,0.0000,0
18.5351,0.0000,0
18.9659,0.0000,0
25.3353,0.0000,0
21.3723,0.0000,0
25.0917,0.0000,0
25.5082,0.0000,0
17.9811,0.0000,0
19.6477,0.0000,0
25.5067,0.0000,0
20.8605,0.0000,0
20.5411,0.0000,0
15.6654,0.0000,0
23.5614,0.0000,0
20.3592,0.0000,0
18.4129,0.0000,0
24.2436,0.0000,0
16.8074,0.0000,0
18.0671,0.0000,0
21.4446,0.0000,0
20.9069,0.0000,0
23.7076,0.0000,0
19.3833,0.0000,0
21.0891,0.0000,0
15.7157,0.0000,0
19.7416,0.0000,0
18.6102,0.0000,0
19.9884,0.0000,0
21.5479,0.0000,0
21.3944,0.0000,0
19.9830,0.0000,0
21.1571,0.0000,0
17.2759,0.0000,0
17.0840,0.0000,0
23.0935,0.0000,0
20.0814,0.0000,0
18.4794,0.0000,0
21.6785,0.0000,0
18.2169,0.0000,0
24.8910,0.0000,0
20.4243,0.0000,0
23.9328,0.0000,0
18.8164,0.0000,0
24.5609,0.0000,0
21.0403,0.0000,0
25.4246,0.0000,0
25.2793,0.0000,0
23.7058,0.0000,0
21.6931,0.0000,0
20.3566,0.0000,0
17.3117,0.0000,0
16.8984,0.0000,0
19.2964,0.0000,0
22.7814,0.0000,0
24.4342,0.0000,0
24.7188,0.0000,0
15.9428,0.0000,0
22.6213,0.0000,0
16.3593,0.0000,0
25.2428,0.0000,0
18.5707,0.0000,0
18.3780,0.0000,0
23.7845,0.0000,0
20.4209,0.0000,0
22.7535,0.0000,0
19.3927,0.0000,0
20.7740,0.0000,0
22.2466,0.0000,0
23.9327,0.0000,0
25.9083,0.0000,0
20.8915,0.0000,0
18.5484,0.0000,0
24.5595,0.0000,0
17.9342,0.0000,0
16.0560,0.0000,0
18.2410,0.0000,0
22.7446,0.0000,0
16.7907,0.0000,0
22.1964,0.0000,0
23.2290,0.0000,0
17.9987,0.0000,0
25.3161,0.0000,0
17.4967,0.0000,0
25.3923,0.0000,0
17.2050,0.0000,0
16.4461,0.0000,0
24.8344,0.0000,0
23.7528,0.0000,0
25.7725,0.0000,0
17.6400,0.0000,0
25.8100,0.0000,0
19.7326,0.0000,0
15.7772,0.0000,0
17.6781,0.0000,0
25.6442,0.0000,0
22.4227,0.0000,0
17.6265,0.0000,0
24.4805,0.0000,0
20.9947,0.0000,0
20.1552,0.0000,0
18.4735,0.0000,0
25.2842,0.0000,0
21.4195,0.0000,0
16.8543,0.0000,0
18.0022,0.0000,0
24.7602,0.0000,0
19.3424,0.0000,0
20.3237,0.0000,0
17.9105,0.0000,0
18.8431,0.0000,0
22.8082,0.0000,0
20.2379,0.0000,0
23.2287,0.0000,0
18.7130,0.0000,0
17.8944,0.0000,0
24.8019,0.0000,0
23.1913,0.0000,0
17.2429,0.0000,0
19.9286,0.0000,0
24.5574,0.0000,0
19.7934,0.0000,0
16.7937,0.0000,0
23.9671,0.0000,0
24.9967,0.0000,0
23.3957,0.0000,0
19.5846,0.0000,0
21.4120,0.0000,0
15.7983,0.0000,0
25.7365,0.0000,0
23.0931,0.0000,0
24.8910,0.0000,0
22.7737,0.0000,0
24.8013,0.0000,0
24.7056,0.0000,0
20.1411,0.0000,0
22.6136,0.0000,0
22.4800,0.0000,0
17.9436,0.0000,0
19.6967,0.0000,0
24.3181,0.0000,0
16.0380,0.0000,0
22.1465,0.0000,0
18.4853,0.0000,0
16.5020,0.0000,0
24.2377,0.0000,0
15.6565,0.0000,0
17.0524,0.0000,0
21.2256,0.0000,0
16.2370,0.0000,0
18.4016,0.0000,0
17.3436,0.0000,0
21.1884,0.0000,0
24.8584,0.0000,0
20.8688,0.0000,0
21.9044,0.0000,0
24.4260,0.0000,0
16.4850,0.0000,0
19.8563,0.0000,0
18.9936,0.0000,0
24.9636,0.0000,0
25.1800,0.0000,0
16.5797,0.0000,0
17.5965,0.0000,0
24.9069,0.0000,0
23.7507,0.0000,0
20.2815,0.0000,0
24.3042,0.0000,0
21.1000,0.0000,0
24.5302,0.0000,0
20.3211,0.0000,0
25.0632,0.0000,0
16.7379,0.0000,0
19.0368,0.0000,0
24.8782,0.0000,0
23.2032,0.0000,0
18.7947,0.0000,0
18.0115,0.0000,0
24.7275,0.0000,0
25.3413,0.0000,0
25.6708,0.0000,0
18.8990,0.0000,0
18.1000,0.0000,0
23.1039,0.0000,0
24.8281,0.0000,0
23.7931,0.0000,0
19.6788,0.0000,0
20.1397,0.0000,0
15.8669,0.0000,0
20.5363,0.0000,0
18.7317,0.0000,0
19.7114,0.0000,0
25.8877,0.0000,0
23.6852,0.0000,0
22.4947,0.8609,0
22.8563,1.2268,0
20.5190,1.0352,0
16.0574,0.5403,0
17.3054,0.5769,0
22.1506,1.8751,0
18.4146,2.9366,0
25.3562,0.0000,0
18.9165,1.0950,0
16.3272,1.1837,0
23.7600,1.5238,0
22.8318,1.1427,0
22.6232,2.4372,0
23.8457,1.0802,0
22.7647,1.3297,0
16.4558,1.9716,0
19.3273,2.0985,0
17.2373,1.3030,0
25.8717,1.5168,0
20.8747,1.0520,0
25.8037,1.3736,0
19.0788,0.4265,0
16.3587,1.2467,0
25.3060,0.6311,0
18.9392,1.9528,0
24.3374,1.0184,0
20.1173,0.1934,0
19.7692,1.7580,0
16.6582,0.9720,0
24.3726,1.4125,0
22.8853,1.3897,0
15.8078,1.0543,0
21.3882,0.9513,0
18.3441,1.9664,0
19.5075,0.9115,0
25.1261,0.5916,0
18.5891,1.3966,0
18.8075,1.1399,0
25.0325,0.8056,0
16.7257,1.2568,0
24.9158,0.8472,0
19.2680,1.0597,0
19.3876,2.0832,0
19.2862,1.5089,0
19.0164,1.2879,0
23.9433,1.2757,0
20.6418,1.2917,0
25.9602,2.5894,0
25.8467,0.7524,0
16.2326,1.4161,0
23.5863,1.3920,0
20.3545,0.6646,0
19.7328,1.3237,0
17.3784,1.4301,0
15.6746,1.1090,0
16.8354,1.3351,0
18.7878,2.4600,0
21.1835,1.0254,0
19.9033,0.0000,0
23.0590,1.9495,0
16.9938,1.2055,0
25.7684,0.9632,0
21.6505,2.1013,0
17.5989,1.4849,0
21.8740,1.9289,0
18.0779,1.7464,0
20.5792,1.2542,0
18.2966,0.9102,0
21.6148,0.1358,0
21.8214,0.8167,0
20.7668,2.2175,0
24.4529,1.8679,0
24.1577,0.5675,0
15.9571,1.8384,0
18.8203,2.1612,0
17.5739,0.9729,0
16.6272,0.0000,0
16.7018,2.4298,0
20.6472,1.1918,0
21.4173,0.6525,0
25.6797,1.4724,0
24.6224,2.2282,0
24.2692,0.7715,0
19.6798,2.1235,0
20.5752,1.2946,0
22.9764,1.0737,0
25.8587,1.1476,0
22.8875,1.8644,0
25.7238,1.1491,0
25.7009,0.8817,0
20.7983,1.0056,0
23.3929,2.8336,0
23.6278,1.5649,0
17.4482,0.6358,0
16.3396,1.5262,0
21.7411,0.0000,0
17.0199,0.7852,0
19.3173,1.3333,0
21.4937,1.7320,0
15.7730,1.5733,0
21.8565,1.3077,0
25.6722,1.4211,0
24.5361,1.9836,0
20.5527,0.7889,0
21.8827,1.1265,0
19.8769,0.9292,0
17.9697,1.2563,0
22.0661,0.6219,0
18.4796,0.8272,0
20.6160,1.6527,0
24.6060,2.3656,0
20.0918,1.3598,0
20.9486,1.3468,0
24.8735,2.1496,0
19.5117,1.1974,0
20.7515,0.7442,0
20.2990,1.4944,0
25.1104,2.1525,0
23.0705,1.8920,0
17.8763,0.9252,0
19.5117,1.1844,0
16.9768,1.2168,0
16.3166,1.0185,0
22.6816,0.9036,0
20.3946,0.6002,0
19.9500,1.1345,0
20.9801,0.3941,0
20.5712,1.6461,0
18.9220,2.1568,0
17.8789,2.0923,0
17.9139,0.8526,0
22.0871,1.8371,0
21.0693,2.0503,0
24.8182,0.5512,0
22.4634,1.3227,0
18.8608,1.1576,0
18.2884,1.0076,0
20.5625,1.2923,0
20.3491,1.5445,0
19.8637,1.3129,0
25.3988,0.8543,0
16.3364,1.1100,0
19.8947,0.8561,0
19.9582,1.8889,0
16.2852,0.6864,0
23.6243,1.0669,0
25.2015,0.9046,0
16.8814,1.7775,0
24.7548,0.4397,0
24.6938,0.7158,0
17.7414,1.3521,0
24.8058,0.0844,0
25.9055,1.4156,0
17.7973,0.9461,0
15.9870,2.1603,0
19.9892,0.9692,0
18.1569,2.8024,0
17.3988,0.6091,0
16.8251,1.0884,0
20.4644,1.0262,0
24.0212,2.1332,0
24.6911,1.3097,0
23.3162,1.5721,0
21.9955,1.7417,0
20.5099,1.9237,0
24.7173,1.3212,0
19.4325,1.0234,0
25.6163,2.5494,0
21.5159,1.0280,0
18.2379,0.9409,0
19.8516,1.9657,0
22.6977,0.9102,0
16.2916,1.5715,0
18.1985,1.7948,0
25.3577,1.1522,0
22.5890,0.9380,0
19.6173,2.0063,0
18.4096,1.1253,0
24.8157,1.6528,0
20.4531,1.5907,0
24.7377,0.5138,0
24.2111,1.2630,0
17.8063,1.3847,0
23.7648,3.0031,0
18.5369,0.6574,0
21.8673,0.3573,0
22.3555,0.4352,0
24.0598,1.9227,0
25.4506,1.3507,0
22.2327,1.6264,0
22.3121,0.7554,0
19.7503,0.6766,0
21.9275,0.8616,0
21.3020,1.0939,0
19.5963,1.4529,0
18.9887,0.2253,0
24.5183,1.5754,0
23.2764,1.1712,0
18.0588,1.3364,0
18.2507,1.5741,0
21.3488,1.1675,0
18.4788,1.1384,0
15.7629,2.2645,0
20.4060,1.8532,0
23.7045,1.1430,0
25.8664,1.5323,0
25.6176,1.8549,0
23.5714,2.4064,0
23.4714,2.6785,0
25.3987,1.7157,0
15.7695,0.7052,0
17.7359,1.0557,0
16.8395,0.9383,0
17.8388,1.0124,0
16.7079,1.0568,0
21.3808,1.4087,0
15.6480,1.2745,0
17.8648,0.7777,0
25.6050,1.2966,0
17.0531,1.4961,0
15.9627,2.0502,0
23.9160,1.7707,0
19.2833,0.8271,0
20.8141,0.9709,0
19.0339,2.1252,0
19.7927,1.1149,0
22.4496,1.1463,0
22.5072,0.8249,0
22.2565,1.9668,0
21.5389,0.9543,0
17.7028,1.6147,0
23.3232,1.6475,0
17.9985,1.4863,0
20.3020,2.1492,0
18.4000,1.1373,0
19.0112,1.2964,0
17.7086,1.3797,0
25.8277,1.7835,0
21.1714,0.1142,0
22.8015,1.4830,0
18.6098,1.3738,0
24.9804,1.5357,0
18.5215,1.0667,0
22.8007,2.1644,0
19.8473,1.0571,0
20.5866,1.8017,0
24.6693,1.5582,0
23.6741,1.3145,0
19.0513,1.5380,0
24.5571,2.0070,0
16.1994,2.1940,0
21.2377,0.6944,0
17.3565,1.3299,0
24.8323,2.0532,0
21.8285,1.1074,0
25.2091,1.5688,0
24.1371,0.0000,0
24.1306,0.0000,0
22.2051,0.0000,0
18.5557,0.0000,0
25.7130,0.0000,0
20.6871,0.0000,0
16.4746,0.0000,0
23.5276,0.0000,0
18.3620,0.0000,0
20.7294,0.0000,0
16.1707,0.0000,0
24.6584,0.0000,0
16.7652,0.0000,0
25.1335,0.0000,0
24.2624,0.0000,0
23.7127,0.0000,0
18.8599,0.0000,0
25.6456,0.0000,0
17.8476,0.0000,0
16.2162,0.0000,0
23.4665,0.0000,0
21.4043,0.0000,0
25.7089,0.0000,0
21.2145,0.0000,0
24.5097,0.0000,0
25.5207,0.0000,0
24.1802,0.0000,0
23.2515,0.0000,0
16.7176,0.0000,0
22.1845,0.0000,0
25.0625,0.0000,0
18.3945,0.0000,0
17.0149,0.0000,0
18.2521,0.0000,0
23.6838,0.0000,0
19.5662,0.0000,0
17.4033,0.0000,0
19.6038,0.0000,0
17.9680,0.0000,0
15.7011,0.0000,0
17.7729,0.0000,0
17.9523,0.0000,0
19.5835,0.0000,0
22.7737,0.0000,0
16.3442,0.0000,0
19.6043,0.0000,0
22.0139,0.0000,0
22.8923,0.0000,0
17.8978,0.0000,0
18.1822,0.0000,0
16.5998,0.0000,0
18.1942,0.0000,0
23.8630,0.0000,0
25.8892,0.0000,0
17.9189,0.0000,0
17.8157,0.0000,0
21.2972,0.0000,0
19.8760,0.0000,0
16.0153,0.0000,0
23.5341,0.0000,0
23.4623,0.0000,0
19.7502,0.0000,0
16.1655,0.0000,0
17.7922,0.0000,0
20.2924,0.0000,0
21.9456,0.0000,0
25.8165,0.0000,0
23.3464,0.0000,0
20.8686,0.0000,0
24.1796,0.0000,0
20.2129,0.0000,0
16.6212,0.0000,0
23.6293,0.0000,0
23.8733,0.0000,0
20.8434,0.0000,0
23.3652,0.0000,0
20.5427,0.0000,0
17.7802,0.0000,0
22.0967,0.0000,0
18.6337,0.0000,0
16.2628,0.0000,0
17.4669,0.0000,0
21.7893,0.0000,0
25.1633,0.0000,0
17.0350,0.0000,0
19.6818,0.0000,0
20.9947,0.0000,0
17.3388,0.0000,0
16.0753,0.0000,0
16.2185,0.0000,0
17.0512,0.0000,0
17.5941,0.0000,0
21.5414,0.0000,0
15.6228,0.0000,0
19.3328,0.0000,0
22.5830,0.0000,0
21.5778,0.0000,0
17.0342,0.0000,0
18.9934,0.0000,0
25.9847,0.0000,0
24.8840,0.0000,0
22.5232,0.0000,0
21.2779,0.0000,0
21.0465,0.0000,0
19.5955,0.0000,0
21.9642,0.0000,0
18.1565,0.0000,0
25.0506,0.0000,0
18.0830,0.0000,0
21.8096,0.0000,0
25.4779,0.0000,0
16.3831,0.0000,0
22.6227,0.0000,0
25.0182,0.0000,0
18.1598,0.0000,0
18.5955,0.0000,0
17.4985,0.0000,0
22.4349,0.0000,0
24.5361,0.0000,0
19.6331,0.0000,0
22.6962,0.0000,0
15.6549,0.0000,0
18.7710,0.0000,0
24.4001,0.0000,0
22.0095,0.0000,0
21.9043,0.0000,0
19.1408,0.0000,0
19.3989,0.0000,0
23.2147,0.0000,0
25.8106,0.0000,0
17.0167,0.0000,0
22.4053,0.0000,0
24.7151,0.0000,0
18.7306,0.0000,0
22.9723,0.0000,0
25.9613,0.0000,0
22.0173,0.0000,0
17.3629,0.0000,0
19.5445,0.0000,0
17.5026,0.0000,0
17.4344,0.0000,0
23.9728,0.0000,0
21.1447,0.0000,0
20.3268,0.0000,0
22.0340,0.0000,0
19.0890,0.0000,0
22.7974,0.0000,0
17.2884,0.0000,0
18.9338,0.0000,0
24.4388,0.0000,0
17.8638,0.0000,0
16.6580,0.0000,0
16.0155,0.0000,0
20.6463,0.0000,0
21.2442,0.0000,0
24.9857,0.0000,0
18.4167,0.0000,0
21.8141,0.0000,0
17.3005,0.0000,0
25.4646,0.0000,0
21.4740,0.0000,0
23.4279,0.0000,0
16.8276,0.0000,0
17.9323,0.0000,0
18.8028,0.0000,0
19.1061,0.0000,0
15.6923,0.0000,0
16.1038,0.0000,0
16.1573,0.0000,0
18.5841,0.0000,0
18.5967,0.0000,0
21.5626,0.0000,0
16.4956,0.0000,0
18.0807,0.0000,0
15.8278,0.0000,0
15.9856,0.0000,0
15.7868,0.0000,0
16.1929,0.0000,0
20.5418,0.0000,0
17.3293,0.0000,0
18.1500,0.0000,0
20.1718,0.0000,0
17.7057,0.0000,0
15.9753,0.0000,0
23.1620,0.0000,0
15.9823,0.0000,0
21.1569,0.0000,0
22.3145,0.0000,0
22.4161,0.0000,0
16.7706,0.0000,0
24.0437,0.0000,0
20.8996,0.0000,0
16.6359,0.0000,0
23.0343,0.0000,0
24.9198,0.0000,0
25.6582,0.0000,0
21.3569,0.0000,0
23.7366,0.0000,0
19.0568,0.0000,0
17.6908,0.0000,0
18.2735,0.0000,0
23.0000,0.0000,0
20.1615,0.0000,0
16.3917,0.0000,0
19.4127,0.0000,0
21.2391,0.0000,0
15.7008,0.0000,0
21.3195,0.0000,0
23.6193,0.0000,0
24.5189,0.0000,0
22.9589,0.0000,0
22.5110,0.0000,0
16.0992,0.0000,0
17.5024,0.0000,0
20.9284,0.0000,0
24.4080,0.0000,0
24.6105,0.0000,0
21.0394,0.0000,0
21.7934,0.0000,0
16.8079,0.0000,0
25.6761,0.0000,0
21.0063,0.0000,0
16.7278,0.0000,0
20.8367,0.0000,0
24.8013,0.0000,0
21.4332,0.0000,0
17.9423,0.0000,0
21.3158,0.0000,0
24.5368,0.0000,0
19.4587,0.0000,0
23.8878,0.0000,0
22.9877,0.0000,0
23.0333,0.0000,0
16.7351,0.0000,0
19.7979,0.0000,0
19.4095,0.0000,0
20.0477,0.0000,0
20.6814,0.0000,0
23.7836,0.0000,0
24.7078,0.0000,0
18.3980,0.0000,0
24.9120,0.0000,0
16.4573,0.0000,0
18.4731,0.0000,0
20.7661,0.0000,0
17.5705,0.0000,0
20.8764,0.0000,0
25.3106,0.0000,0
22.5226,0.0000,0
24.0519,0.0000,0
17.2340,0.0000,0
25.1167,0.0000,0
22.4432,0.0000,0
20.6588,0.0000,0
16.8299,0.0000,0
15.9749,0.0000,0
21.8449,0.0000,0
17.6217,0.0000,0
20.8798,0.0000,0
25.0766,0.0000,0
21.7292,0.0000,0
22.2566,0.0000,0
19.1278,0.0000,0
17.1653,0.0000,0
25.6668,0.0000,0
21.1958,0.0000,0
21.6772,0.0000,0
25.7372,0.0000,0
20.5002,0.0000,0
19.0593,0.0000,0
15.8632,0.0000,0
16.7261,0.0000,0
23.6632,0.0000,0
23.0747,0.0000,0
19.8025,0.0000,0
20.3924,0.0000,0
17.8325,0.0000,0
25.5103,0.0000,0
17.1442,0.0000,0
17.0317,0.0000,0
15.8240,0.0000,0
22.6844,0.0000,0
18.4970,0.0000,0
21.6459,0.0000,0
16.4400,0.0000,0
20.5497,0.0000,0
25.9129,0.0000,0
20.8945,0.0000,0
21.7759,0.0000,0
23.3572,0.0000,0
23.8019,0.0000,0
20.2494,0.0000,0
17.6482,0.0000,0
21.8810,0.0000,0
22.7479,0.0000,0
22.9491,0.0000,0
20.4153,0.0000,0
23.6921,0.0000,0
20.3194,0.0000,0
17.1137,0.0000,0
19.4477,0.0000,0
24.7772,0.0000,0
18.9416,0.0000,0
25.8817,0.0000,0
16.5945,0.0000,0
25.9145,0.0000,0
17.5383,0.0000,0
19.8476,0.0000,0
24.0879,0.0000,0
24.1888,0.0000,0
16.2982,0.0000,0
15.6998,0.0000,0
22.5381,0.0000,0
16.9752,0.0000,0
23.5518,0.0000,0
23.0069,0.0000,0
17.3107,0.0000,0
18.2926,0.0000,0
20.1779,0.0000,0
23.9817,0.0000,0
21.0413,0.0000,0
22.7303,0.0000,0
20.2833,0.0000,0
19.5144,0.0000,0
17.6252,0.0000,0
16.7241,0.0000,0
19.9671,0.0000,0
16.4883,0.0000,0
17.8041,0.0000,0
15.8756,0.0000,0
18.6054,0.0000,0
24.2959,0.0000,0
18.3016,0.0000,0
19.1820,0.0000,0
25.9025,0.0000,0
22.9079,0.0000,0
19.9550,0.0000,0
15.6589,0.0000,0
24.9871,0.0000,0
22.1469,0.0000,0
20.0551,0.0000,0
21.8644,0.0000,0
22.1355,0.0000,0
24.6769,0.0000,0
19.9164,0.0000,0
16.6303,0.0000,0
24.6055,0.0000,0
22.7463,0.0000,0
23.7431,0.0000,0
21.3310,0.0000,0
18.0903,0.0000,0
19.8597,0.0000,0
20.3067,0.0000,0
16.4875,0.0000,0
24.2911,0.0000,0
24.2057,0.0000,0
19.2054,0.0000,0
19.3411,0.0000,0
21.4680,0.0000,0
20.1934,0.0000,0
17.4165,0.0000,0
24.9584,0.0000,0
20.3322,0.0000,0
20.2768,0.0000,0
18.8455,0.0000,0
20.1696,0.0000,0
16.0088,0.0000,0
25.9646,0.0000,0
25.5976,0.0000,0
22.0296,0.0000,0
22.1385,0.0000,0
22.1609,0.0000,0
21.5730,0.0000,0
19.3944,0.0000,0
24.8284,0.0000,0
21.3991,0.0000,0
23.7626,0.0000,0
22.6154,0.0000,0
24.7346,0.0000,0
18.6918,0.0000,0
23.5284,0.0000,0
24.2698,0.0000,0
25.7487,0.0000,0
22.4564,0.0000,0
16.2886,0.0000,0
23.0942,0.0000,0
23.2022,0.0000,0
15.9183,0.0000,0
25.6784,0.0000,0
24.9111,0.0000,0
16.4452,0.0000,0
18.5366,0.0000,0
22.0637,0.0000,0
20.4955,0.0000,0
21.5330,0.0000,0
24.6357,0.0000,0
22.3936,0.0000,0
23.8299,0.0000,0
25.3624,0.0000,0
23.6862,0.0000,0
16.8805,0.0000,0
19.5862,0.0000,0
18.5918,0.0000,0
18.1202,0.0000,0
18.8789,0.0000,0
25.6186,0.0000,0
17.9949,0.0000,0
21.8322,0.0000,0
22.2889,0.0000,0
23.0774,0.0000,0
17.8768,0.0000,0
16.4783,0.0000,0
25.0832,0.0000,0
16.3255,0.0000,0
25.9674,0.0000,0
24.5383,0.0000,0
18.0932,0.0000,0
20.9377,0.0000,0
17.3106,0.0000,0
21.2025,0.0000,0
24.8699,0.0000,0
16.3668,0.0000,0
21.5167,0.0000,0
23.3080,0.0000,0
16.9768,0.0000,0
21.3738,0.0000,0
17.8100,0.0000,0
18.7460,0.0000,0
17.0085,0.0000,0
16.9374,0.0000,0
16.5192,0.0000,0
23.9859,0.0000,0
23.5629,0.0000,0
23.4422,0.0000,0
22.2159,0.0000,0
17.6193,0.0000,0
19.0346,0.0000,0
20.2417,0.0000,0
17.7408,0.0000,0
18.5890,0.0000,0
21.5379,0.0000,0
23.8691,0.0000,0
25.4712,0.0000,0
19.5186,0.0000,0
22.5743,0.0000,0
18.1938,0.0000,0
24.5367,0.0000,0
23.4963,0.0000,0
24.1534,0.0000,0
21.6637,0.0000,0
25.3386,0.0000,0
23.2254,0.0000,0
22.3122,0.0000,0
18.0456,0.0000,0
20.3021,0.0000,0
17.4410,0.0000,0
25.8537,0.0000,0
20.9071,0.0000,0
18.5796,0.0000,0
16.1695,0.0000,0
19.0964,0.0000,0
18.5344,0.0000,0
21.1704,0.0000,0
21.9218,0.0000,0
25.8346,0.0000,0
25.3568,0.0000,0
21.0236,0.0000,0
16.2478,0.0000,0
20.8515,0.0000,0
23.1871,0.0000,0
16.9243,0.0000,0
17.5396,0.0000,0
16.4938,0.0000,0
20.1524,0.0000,0
21.4040,0.0000,0
24.8181,0.0000,0
20.6765,0.0000,0
18.3660,0.0000,0
20.4879,0.0000,0
24.2675,0.0000,0
22.5103,0.0000,0
20.3032,0.0000,0
23.3273,0.0000,0
19.0282,0.0000,0
18.3110,0.0000,0
24.2389,0.0000,0
17.1537,0.0000,0
16.3637,0.0000,0
19.7437,0.0000,0
25.5515,0.0000,0
20.3588,0.0000,0
19.4821,0.0000,0
22.6831,0.0000,0
22.8897,0.0000,0
19.9923,0.0000,0
22.2574,0.0000,0
20.4946,0.0000,0
16.0543,0.0000,0
16.5983,0.0000,0
21.0461,0.0000,0
16.4265,0.0000,0
23.8403,0.0000,0
15.8635,0.0000,0
23.1927,0.0000,0
22.1297,0.0000,0
18.8575,0.0000,0
16.9578,0.0000,0
18.0235,0.0000,0
18.8920,0.0000,0
24.5966,0.0000,0
24.3147,0.0000,0
20.7365,0.0000,0
23.5045,0.0000,0
25.6450,0.0000,0
18.0229,0.0000,0
20.4885,0.0000,0
19.8749,0.0000,0
18.3095,0.0000,0
16.2581,0.0000,0
18.4580,0.0000,0
21.7421,0.0000,0
25.5465,0.0000,0
19.0227,0.0000,0
23.3328,0.0000,0
18.1035,0.0000,0
25.6775,0.0000,0
25.3218,0.0000,0
24.3644,0.0000,0
22.6757,0.0000,0
21.6077,0.0000,0
19.4883,0.0000,0
21.4007,0.0000,0
23.1980,0.0000,0
24.9465,0.0000,0
21.7639,0.0000,0
19.9781,0.0000,0
24.1046,0.0000,0
24.0333,0.0000,0
25.4308,0.0000,0
25.4688,0.0000,0
20.5304,0.0000,0
17.9779,0.0000,0
23.0694,0.0000,0
23.0412,0.0000,0
23.6389,0.0000,0
16.9690,0.0000,0
22.7648,0.0000,0
24.3449,0.0000,0
17.3103,0.0000,0
19.7334,0.0000,0
20.2982,0.0000,0
20.5001,0.0000,0
17.8163,0.0000,0
20.9126,0.0000,0
25.4322,0.0000,0
15.9252,0.0000,0
19.2329,0.0000,0
21.0368,0.0000,0
25.5006,0.0000,0
25.9922,0.0000,0
22.3498,0.0000,0
20.9479,0.0000,0
19.0859,0.0000,0
24.2778,0.0000,0
16.9091,0.0000,0
25.4615,0.0000,0
16.0042,0.0000,0
15.6446,0.0000,0
25.1396,0.0000,0
17.8260,0.0000,0
16.8028,0.0000,0
22.5922,0.0000,0
15.9016,0.0000,0
19.2053,0.0000,0
21.0838,0.0000,0
16.7294,0.0000,0
16.7679,0.0000,0
25.0025,0.0000,0
19.8396,0.0000,0
22.8087,0.0000,0
18.6182,0.0000,0
23.4864,0.0000,0
23.9109,0.0000,0
16.1604,0.0000,0
17.0436,0.0000,0
21.7084,0.0000,0
21.0000,0.0000,0
16.9229,0.0000,0
22.9465,0.0000,0
16.1039,0.0000,0
22.8195,0.0000,0
22.9656,0.0000,0
23.2682,0.0000,0
24.8719,0.0000,0
19.8570,0.0000,0
17.3105,0.0000,0
19.1302,0.0000,0
16.3785,0.0000,0
20.6373,0.0000,0
24.9744,0.0000,0
25.0776,0.0000,0
21.0497,0.0000,0
19.8923,0.0000,0
16.7798,0.0000,0
21.2093,0.0000,0
20.6810,0.0000,0
22.6595,0.0000,0
18.0167,0.0000,0
21.1450,0.0000,0
17.7260,0.0000,0
18.2784,0.0000,0
19.5225,0.0000,0
21.1556,0.0000,0
17.2328,0.0000,0
17.3941,0.0000,0
25.7485,0.0000,0
19.2448,0.0000,0
17.1175,0.0000,0
18.6639,0.0000,0
25.2275,0.0000,0
17.6639,0.0000,0
22.6528,0.0000,0
20.3893,0.0000,0
20.8633,0.0000,0
18.5858,0.0000,0
18.8175,0.0000,0
25.3620,0.0000,0
18.0782,0.0000,0
18.8500,0.0000,0
17.6851,0.0000,0
24.3999,0.0000,0
22.9397,0.0000,0
25.6732,0.0000,0
23.4852,0.0000,0
19.6011,0.0000,0
21.4263,0.0000,0
19.0478,0.0000,0
22.2729,0.0000,0
24.7784,0.0000,0
19.3196,0.0000,0
20.4371,0.0000,0
22.8104,0.0000,0
19.4800,0.0000,0
23.3719,0.0000,0
16.4042,0.0000,0
17.8858,0.0000,0
21.5141,0.0000,0
21.2988,0.0000,0
20.6676,0.0000,0
25.8363,0.0000,0
21.2996,0.0000,0
16.2963,0.0000,0
17.6642,0.0000,0
19.9505,0.0000,0
22.4194,0.0000,0
17.2337,0.0000,0
19.4710,0.0000,0
25.3134,0.0000,0
25.5654,0.0000,0
15.6847,0.0000,0
19.6221,0.0000,0
22.1877,0.0000,0
21.8830,0.0000,0
24.4601,0.0000,0
19.2250,0.0000,0
21.8540,0.0000,0
17.8573,0.0000,0
17.9493,0.0000,0
20.4414,0.0000,0
25.5606,0.0000,0
24.8536,0.0000,0
20.0888,0.0000,0
19.1638,0.0000,0
17.6544,0.0000,0
16.3358,0.0000,0
24.9852,0.0000,0
18.0428,0.0000,0
17.7899,0.0000,0
16.9585,0.0000,0
22.2201,0.0000,0
17.3072,0.0000,0
17.9939,0.0000,0
25.6928,0.0000,0
17.5731,0.0000,0
20.3514,0.0000,0
16.6612,0.0000,0
16.8343,0.0000,0
23.4505,0.0000,0
19.1548,0.0000,0
17.4799,0.0000,0
22.6030,0.0000,0
25.6570,0.0000,0
16.3772,0.0000,0
19.6362,0.0000,0
25.1478,0.0000,0
23.4401,0.0000,0
19.1361,0.0000,0
17.5951,0.0000,0
23.8703,0.0000,0
20.1053,0.0000,0
23.3804,0.0000,0
21.1376,0.0000,0
25.2779,0.0000,0
16.1883,0.0000,0
16.4026,0.0000,0
20.2888,0.0000,0
24.3259,0.0000,0
19.6738,0.0000,0
20.1309,0.0000,0
21.0982,0.0000,0
25.2246,0.0000,0
23.7513,0.0000,0
22.8702,0.0000,0
16.2227,0.0000,0
25.0592,0.0000,0
19.8889,0.0000,0
25.7841,0.0000,0
18.9778,0.0000,0
25.0431,0.0000,0
16.7820,0.0000,0
21.9631,0.0000,0
18.0004,0.0000,0
25.6920,0.0000,0
18.4573,0.0000,0
20.5330,0.0000,0
25.3819,0.0000,0
19.1974,0.0000,0
19.9963,0.0000,0
23.6648,0.0000,0
17.4837,0.0000,0
23.7629,0.0000,0
21.2110,0.0000,0
20.8770,0.0000,0
19.0767,0.0000,0
19.2206,0.0000,0
24.0188,0.0000,0
20.7253,0.0000,0
23.4765,0.0000,0
17.4330,0.0000,0
19.0275,0.0000,0
18.0425,0.0000,0
24.1335,0.0000,0
17.4397,0.0000,0
22.9059,0.0000,0
19.9378,0.0000,0
22.2733,0.0000,0
21.3702,0.0000,0
24.5742,0.0000,0
22.5439,0.0000,0
19.7270,0.0000,0
18.6930,0.0000,0
20.5151,0.0000,0
16.8486,0.0000,0
20.7387,0.0000,0
22.0395,0.0000,0
16.4133,0.0000,0
16.1962,0.0000,0
24.7179,0.0000,0
16.7705,0.0000,0
17.7783,0.0000,0
16.3739,0.0000,0
25.3686,0.0000,0
17.6048,0.0000,0
24.4370,0.0000,0
22.3951,0.0000,0
21.9429,0.0000,0
16.6862,0.0000,0
19.5414,0.0000,0
15.7305,0.0000,0
24.9349,0.0000,0
20.3839,0.0000,0
24.8778,0.0000,0
15.6866,0.0000,0
24.8482,0.0000,0
25.9050,0.0000,0
24.7390,0.0000,0
16.3096,0.0000,0
20.1340,0.0000,0
18.1513,0.0000,0
21.9372,0.0000,0
18.9884,0.0000,0
17.5793,0.0000,0
22.4947,1.9074,0
22.8563,1.5270,0
20.5190,1.8880,0
16.0574,1.6441,0
17.3054,0.3501,0
22.1506,1.0821,0
18.4146,1.5542,0
25.3562,1.1520,0
18.9165,0.8424,0
16.3272,0.9353,0
23.7600,3.0809,0
22.8318,1.2860,0
22.6232,0.9422,0
23.8457,0.2467,0
22.7647,0.7640,0
16.4558,0.6797,0
19.3273,2.0790,0
17.2373,0.4735,0
25.8717,1.1783,0
20.8747,1.9539,0
25.8037,1.7760,0
19.0788,1.0087,0
16.3587,0.8059,0
25.3060,1.2853,0
18.9392,1.3145,0
24.3374,0.8237,0
20.1173,0.7649,0
19.7692,2.2256,0
16.6582,0.7298,0
24.3726,1.4480,0
22.8853,1.4863,0
15.8078,1.3960,0
21.3882,1.8132,0
18.3441,0.4837,0
19.5075,0.6428,0
25.1261,1.3020,0
18.5891,1.7252,0
18.8075,0.7089,0
25.0325,0.2078,0
16.7257,1.0554,0
24.9158,1.2367,0
19.2680,2.5314,0
19.3876,1.0030,0
19.2862,0.3272,0
19.0164,1.8701,0
23.9433,1.0727,0
20.6418,1.0043,0
25.9602,1.1311,0
25.8467,0.6405,0
16.2326,1.3472,0
23.5863,1.3477,0
20.3545,2.0597,0
19.7328,1.9510,0
17.3784,1.0552,0
15.6746,0.8299,0
16.8354,0.9879,0
18.7878,0.7058,0
21.1835,1.8301,0
19.9033,1.9531,0
23.0590,0.7023,0
16.9938,0.9674,0
25.7684,1.1178,0
21.6505,1.1214,0
17.5989,0.6662,0
21.8740,0.3065,0
18.0779,0.9299,0
20.5792,0.5020,0
18.2966,1.2731,0
21.6148,1.3791,0
21.8214,1.9361,0
20.7668,2.0148,0
24.4529,0.9075,0
24.1577,0.7665,0
15.9571,2.0847,0
18.8203,1.0386,0
17.5739,1.1730,0
16.6272,0.9380,0
16.7018,0.8041,0
20.6472,1.4681,0
21.4173,0.6290,0
25.6797,1.5278,0
24.6224,0.5375,0
24.2692,0.6704,0
19.6798,1.1553,0
20.5752,0.9571,0
22.9764,1.3492,0
25.8587,0.5573,0
22.8875,1.5709,0
25.7238,0.9508,0
25.7009,1.0352,0
20.7983,0.7678,0
23.3929,0.6204,0
23.6278,1.9849,0
17.4482,0.1239,0
16.3396,0.7667,0
21.7411,1.4032,0
17.0199,1.1237,0
19.3173,1.0345,0
21.4937,0.8853,0
15.7730,1.5348,0
21.8565,0.6076,0
25.6722,1.3426,0
24.5361,1.6374,0
20.5527,0.6297,0
21.8827,1.5856,0
19.8769,1.6198,0
17.9697,0.7762,0
22.0661,0.9111,0
18.4796,0.3607,0
20.6160,1.5262,0
24.6060,0.5915,0
20.0918,0.5203,0
20.9486,1.5130,0
24.8735,0.9787,0
19.5117,1.8840,0
20.7515,1.4845,0
20.2990,0.7197,0
25.1104,0.9496,0
23.0705,1.3031,0
17.8763,0.9083,0
19.5117,1.8747,0
16.9768,0.9685,0
16.3166,2.1300,0
22.6816,1.0582,0
20.3946,0.9073,0
19.9500,1.1559,0
20.9801,2.0920,0
20.5712,1.3085,0
18.9220,0.8362,0
17.8789,2.6468,0
17.9139,1.8857,0
22.0871,2.0180,0
21.0693,1.5498,0
24.8182,1.1610,0
22.4634,1.1927,0
18.8608,1.9453,0
18.2884,1.9606,0
20.5625,1.2088,0
20.3491,1.4725,0
19.8637,1.7274,0
25.3988,1.7805,0
16.3364,0.9642,0
19.8947,1.3426,0
19.9582,1.9949,0
16.2852,1.9694,0
23.6243,2.8666,0
25.2015,0.8275,0
16.8814,0.8819,0
24.7548,2.4186,0
24.6938,0.2926,0
17.7414,0.0000,0
24.8058,1.8322,0
25.9055,2.0156,0
17.7973,0.8111,0
15.9870,1.6210,0
19.9892,0.9987,0
18.1569,1.5840,0
17.3988,1.0786,0
16.8251,0.7117,0
20.4644,0.7767,0
24.0212,0.5593,0
24.6911,1.0795,0
23.3162,1.0305,0
21.9955,1.6828,0
20.5099,1.2829,0
24.7173,1.5503,0
19.4325,0.6913,0
25.6163,2.0501,0
21.5159,1.0389,0
18.2379,0.7409,0
19.8516,1.0808,0
22.6977,1.3076,0
16.2916,1.7519,0
18.1985,1.6918,0
25.3577,2.2362,0
22.5890,1.2852,0
19.6173,1.5523,0
18.4096,1.0002,0
24.8157,1.4934,0
20.4531,2.2609,0
24.7377,0.6255,0
24.2111,2.7002,0
17.8063,1.0553,0
23.7648,0.8075,0
18.5369,0.9972,0
21.8673,0.5681,0
22.3555,0.7186,0
24.0598,1.5899,0
25.4506,2.4253,0
22.2327,2.4211,0
22.3121,1.5822,0
19.7503,0.6270,0
21.9275,1.2816,0
21.3020,1.0107,0
19.5963,0.8936,0
18.9887,0.4963,0
24.5183,0.5277,0
23.2764,1.0559,0
18.0588,1.9423,0
18.2507,1.5624,0
21.3488,0.7926,0
18.4788,2.8399,0
15.7629,1.5118,0
20.4060,1.6678,0
23.7045,0.5103,0
25.8664,0.7465,0
25.6176,2.3783,0
23.5714,1.5271,0
23.4714,0.7969,0
25.3987,0.0000,0
15.7695,0.6632,0
17.7359,1.2617,0
16.8395,1.2556,0
17.8388,2.4784,0
16.7079,1.8816,0
21.3808,2.6349,0
15.6480,1.9382,0
17.8648,1.8969,0
25.6050,0.1367,0
17.0531,0.7038,0
15.9627,1.3879,0
23.9160,0.8398,0
19.2833,0.7203,0
20.8141,0.5094,0
19.0339,1.3141,0
19.7927,1.3306,0
22.4496,1.8210,0
22.5072,2.1457,0
22.2565,1.3502,0
21.5389,2.1060,0
17.7028,1.5621,0
23.3232,1.1323,0
17.9985,1.7117,0
20.3020,2.8083,0
18.4000,1.4650,0
19.0112,2.7426,0
17.7086,1.8315,0
25.8277,2.5960,0
21.1714,1.7327,0
22.8015,1.9560,0
18.6098,0.6586,0
24.9804,1.6320,0
18.5215,0.6816,0
22.8007,1.7185,0
19.8473,0.6908,0
20.5866,1.8692,0
24.6693,1.5791,0
23.6741,0.3718,0
19.0513,1.2809,0
24.5571,1.8566,0
16.1994,0.8069,0
21.2377,1.5710,0
17.3565,1.7849,0
24.8323,0.9641,0
21.8285,1.2318,0
25.2091,0.8685,0
20.8584,0.0000,0
22.0544,0.0000,0
25.4211,0.0000,0
23.2273,0.0000,0
21.2942,0.0000,0
19.2493,0.0000,0
15.7164,0.0000,0
16.7864,0.0000,0
20.6617,0.0000,0
25.9083,0.0000,0
18.7174,0.0000,0
17.3776,0.0000,0
19.0173,0.0000,0
25.6861,0.0000,0
23.0087,0.0000,0
19.4746,0.0000,0
18.6223,0.0000,0
16.9565,0.0000,0
15.9034,0.0000,0
17.4667,0.0000,0
17.7957,0.0000,0
24.6383,0.0000,0
18.9404,0.0000,0
16.9993,0.0000,0
20.9059,0.0000,0
23.1487,0.0000,0
20.8290,0.0000,0
19.2460,0.0000,0
21.6651,0.0000,0
24.1628,0.0000,0
22.8996,0.0000,0
18.5887,0.0000,0
21.1287,0.0000,0
17.1944,0.0000,0
24.4456,0.0000,0
20.9361,0.0000,0
25.3414,0.0000,0
23.5094,0.0000,0
23.6160,0.0000,0
22.6583,0.0000,0
18.7529,0.0000,0
24.6370,0.0000,0
23.5082,0.0000,0
18.0966,0.0000,0
21.8648,0.0000,0
20.2810,0.0000,0
15.9950,0.0000,0
20.3229,0.0000,0
18.6650,0.0000,0
23.9576,0.0000,0
21.2215,0.0000,0
16.6081,0.0000,0
23.5189,0.0000,0
21.4191,0.0000,0
17.2203,0.0000,0
19.3433,0.0000,0
23.3854,0.0000,0
24.7292,0.0000,0
19.3185,0.0000,0
16.6995,0.0000,0
16.2636,0.0000,0
15.8082,0.0000,0
25.2422,0.0000,0
21.0659,0.0000,0
17.5158,0.0000,0
19.3223,0.0000,0
23.1943,0.0000,0
19.5274,0.0000,0
23.4061,0.0000,0
16.7701,0.0000,0
19.0194,0.0000,0
25.9560,0.0000,0
16.8164,0.0000,0
18.4811,0.0000,0
23.3538,0.0000,0
16.7051,0.0000,0
20.3329,0.0000,0
25.9813,0.0000,0
17.3418,0.0000,0
18.0837,0.0000,0
23.7516,0.0000,0
22.1890,0.0000,0
24.3343,0.0000,0
16.8377,0.0000,0
17.2265,0.0000,0
21.1025,0.0000,0
18.3182,0.0000,0
19.8798,0.0000,0
18.2646,0.0000,0
23.5179,0.0000,0
20.2281,0.0000,0
25.5237,0.0000,0
25.0134,0.0000,0
19.6037,0.0000,0
21.3548,0.0000,0
25.1284,0.0000,0
20.8333,0.0000,0
23.8822,0.0000,0
16.0803,0.0000,0
25.2463,0.0000,0
17.2890,0.0000,0
23.8110,0.0000,0
25.5593,0.0000,0
21.7616,0.0000,0
24.4742,0.0000,0
21.2496,0.0000,0
24.1846,0.0000,0
20.7757,0.0000,0
24.5254,0.0000,0
22.0522,0.0000,0
20.9945,0.0000,0
19.8479,0.0000,0
17.9143,0.0000,0
21.1511,0.0000,0
18.8651,0.0000,0
16.2208,0.0000,0
25.2233,0.0000,0
21.5726,0.0000,0
20.4590,0.0000,0
21.8883,0.0000,0
22.7285,0.0000,0
24.0687,0.0000,0
21.6230,0.0000,0
17.7503,0.0000,0
24.4913,0.0000,0
18.5492,0.0000,0
24.3242,0.0000,0
25.0331,0.0000,0
25.9913,0.0000,0
23.4278,0.0000,0
18.2976,0.0000,0
22.7565,0.0000,0
17.0738,0.0000,0
20.5213,0.0000,0
24.7837,0.0000,0
20.1442,0.0000,0
21.6690,0.0000,0
25.7567,0.0000,0
20.3158,0.0000,0
17.7726,0.0000,0
18.5735,0.0000,0
17.5312,0.0000,0
19.2721,0.0000,0
20.4062,0.0000,0
25.1082,0.0000,0
20.8329,0.0000,0
24.5359,0.0000,0
19.8913,0.0000,0
17.9434,0.0000,0
15.8743,0.0000,0
22.8440,0.0000,0
20.0903,0.0000,0
15.9559,0.0000,0
20.7443,0.0000,0
23.0783,0.0000,0
19.1062,0.0000,0
16.6635,0.0000,0
22.2419,0.0000,0
21.0549,0.0000,0
19.7003,0.0000,0
19.9004,0.0000,0
16.4333,0.0000,0
22.2315,0.0000,0
16.7504,0.0000,0
19.1046,0.0000,0
20.5353,0.0000,0
17.7879,0.0000,0
24.6019,0.0000,0
16.8174,0.0000,0
20.6541,0.0000,0
25.0634,0.0000,0
17.0997,0.0000,0
25.9105,0.0000,0
20.8582,0.0000,0
21.3129,0.0000,0
25.4382,0.0000,0
23.9163,0.0000,0
20.1606,0.0000,0
22.8341,0.0000,0
21.2261,0.0000,0
25.8433,0.0000,0
19.4768,0.0000,0
20.0895,0.0000,0
25.4602,0.0000,0
17.7022,0.0000,0
19.9415,0.0000,0
16.1395,0.0000,0
19.1108,0.0000,0
23.2422,0.0000,0
22.5689,0.0000,0
18.2251,0.0000,0
21.4631,0.0000,0
17.4995,0.0000,0
21.0564,0.0000,0
16.0093,0.0000,0
18.1303,0.0000,0
20.5325,0.0000,0
19.4064,0.0000,0
19.0554,0.0000,0
25.5989,0.0000,0
16.8343,0.0000,0
19.6852,0.0000,0
16.0467,0.0000,0
23.8495,0.0000,0
19.1666,0.0000,0
22.4238,0.0000,0
22.4629,0.0000,0
16.3342,0.0000,0
17.9622,0.0000,0
22.8125,0.0000,0
21.9874,0.0000,0
18.5693,0.0000,0
20.2318,0.0000,0
23.8755,0.0000,0
25.0125,0.0000,0
17.7064,0.0000,0
23.9977,0.0000,0
24.1959,0.0000,0
19.7369,0.0000,0
18.4155,0.0000,0
21.0083,0.0000,0
19.8904,0.0000,0
19.2485,0.0000,0
23.1294,0.0000,0
16.4781,0.0000,0
23.0372,0.0000,0
22.8438,0.0000,0
22.6685,0.0000,0
24.9545,0.0000,0
20.6374,0.0000,0
21.1684,0.0000,0
21.3803,0.0000,0
16.3939,0.0000,0
22.4372,0.0000,0
21.4035,0.0000,0
20.9008,0.0000,0
18.8116,0.0000,0
16.3848,0.0000,0
21.6656,0.0000,0
16.9144,0.0000,0
16.6500,0.0000,0
15.8494,0.0000,0
23.9927,0.0000,0
21.3340,0.0000,0
17.5780,0.0000,0
21.2850,0.0000,0
20.6346,0.0000,0
25.1197,0.0000,0
21.7727,0.0000,0
16.3154,0.0000,0
19.8137,0.0000,0
20.8518,0.0000,0
17.2092,0.0000,0
18.6908,0.0000,0
19.2219,0.0000,0
15.6211,0.0000,0
23.2900,0.0000,0
18.1015,0.0000,0
21.9936,0.0000,0
18.1617,0.0000,0
22.6591,0.0000,0
23.6379,0.0000,0
16.1426,0.0000,0
25.3674,0.0000,0
20.6843,0.0000,0
18.7393,0.0000,0
16.5945,0.0000,0
25.6044,0.0000,0
22.8594,0.0000,0
25.8711,0.0000,0
20.8452,0.0000,0
16.7189,0.0000,0
16.7701,0.0000,0
18.0340,0.0000,0
25.3602,0.0000,0
17.2017,0.0000,0
18.1282,0.0000,0
21.9326,0.0000,0
21.8854,0.0000,0
19.5688,0.0000,0
17.3118,0.0000,0
17.5705,0.0000,0
20.2571,0.0000,0
18.2987,0.0000,0
16.0395,0.0000,0
25.0759,0.0000,0
20.3318,0.0000,0
15.7114,0.0000,0
23.7041,0.0000,0
21.1885,0.0000,0
21.5027,0.0000,0
19.4426,0.0000,0
25.0367,0.0000,0
25.5329,0.0000,0
23.0176,0.0000,0
19.9356,0.0000,0
20.9698,0.0000,0
15.9873,0.0000,0
19.4834,0.0000,0
23.5942,0.0000,0
23.7074,0.0000,0
21.3448,0.0000,0
16.9182,0.0000,0
15.6682,0.0000,0
20.0699,0.0000,0
21.7898,0.0000,0
24.9210,0.0000,0
20.5529,0.0000,0
23.0394,0.0000,0
18.8277,0.0000,0
22.2923,0.0000,0
20.3124,0.0000,0
25.3151,0.0000,0
23.4892,0.0000,0
17.5250,0.0000,0
17.5779,0.0000,0
17.8924,0.0000,0
25.8190,0.0000,0
20.9188,0.0000,0
21.3335,0.0000,0
22.2858,0.0000,0
23.1837,0.0000,0
24.2717,0.0000,0
17.1003,0.0000,0
21.9540,0.0000,0
25.9251,0.0000,0
25.0694,0.0000,0
21.4792,0.0000,0
21.1519,0.0000,0
23.6536,0.0000,0
21.0817,0.0000,0
16.0140,0.0000,0
16.6501,0.0000,0
22.0123,0.0000,0
16.5767,0.0000,0
18.7604,0.0000,0
21.0162,0.0000,0
20.8817,0.0000,0
15.9473,0.0000,0
23.1822,0.0000,0
25.5722,0.0000,0
20.4723,0.0000,0
17.1890,0.0000,0
24.0614,0.0000,0
23.4630,0.0000,0
23.5842,0.0000,0
18.7733,0.0000,0
24.1298,0.0000,0
25.6036,0.0000,0
23.9720,0.0000,0
19.0304,0.0000,0
25.0145,0.0000,0
18.6920,0.0000,0
25.5430,0.0000,0
17.7742,0.0000,0
23.5518,0.0000,0
19.6610,0.0000,0
16.9151,0.0000,0
19.2443,0.0000,0
20.7703,0.0000,0
24.1581,0.0000,0
17.1737,0.0000,0
19.0605,0.0000,0
23.0981,0.0000,0
19.5104,0.0000,0
24.7429,0.0000,0
15.8658,0.0000,0
20.6003,0.0000,0
15.8422,0.0000,0
20.6783,0.0000,0
20.4279,0.0000,0
23.5954,0.0000,0
21.3766,0.0000,0
24.0805,0.0000,0
24.2681,0.0000,0
22.6111,0.0000,0
23.5252,0.0000,0
24.7240,0.0000,0
24.3100,0.0000,0
24.0182,0.0000,0
25.5654,0.0000,0
25.7723,0.0000,0
17.0396,0.0000,0
16.6456,0.0000,0
17.8142,0.0000,0
25.9991,0.0000,0
22.0021,0.0000,0
21.8646,0.0000,0
16.7803,0.0000,0
19.3521,0.0000,0
23.8017,0.0000,0
20.0212,0.0000,0
19.3017,0.0000,0
16.7676,0.0000,0
20.1088,0.0000,0
19.0265,0.0000,0
24.2858,0.0000,0
21.6331,0.0000,0
21.3366,0.0000,0
19.9957,0.0000,0
17.6993,0.0000,0
22.3315,0.0000,0
15.9754,0.0000,0
19.7934,0.0000,0
25.6235,0.0000,0
24.6665,0.0000,0
24.0994,0.0000,0
17.3200,0.0000,0
18.4373,0.0000,0
19.5999,0.0000,0
24.3255,0.0000,0
20.1280,0.0000,0
15.9834,0.0000,0
23.9634,0.0000,0
24.4269,0.0000,0
21.1291,0.0000,0
20.1152,0.0000,0
23.5177,0.0000,0
16.7072,0.0000,0
18.5857,0.0000,0
22.6644,0.0000,0
21.1714,0.0000,0
18.8354,0.0000,0
20.0925,0.0000,0
18.9765,0.0000,0
16.8445,0.0000,0
17.6465,0.0000,0
22.2495,0.0000,0
24.6408,0.0000,0
23.7474,0.0000,0
22.5610,0.0000,0
21.2985,0.0000,0
22.6878,0.0000,0
21.0456,0.0000,0
19.8651,0.0000,0
23.7349,0.0000,0
20.7955,0.0000,0
21.9085,0.0000,0
19.7159,0.0000,0
20.3967,0.0000,0
20.2120,0.0000,0
22.9424,0.0000,0
16.5596,0.0000,0
18.8763,0.0000,0
20.6143,0.0000,0
18.4317,0.0000,0
16.9532,0.0000,0
16.3781,0.0000,0
23.4140,0.0000,0
15.6864,0.0000,0
17.6723,0.0000,0
23.2464,0.0000,0
15.9926,0.0000,0
24.6211,0.0000,0
20.0153,0.0000,0
19.5425,0.0000,0
19.1556,0.0000,0
16.6464,0.0000,0
16.3352,0.0000,0
17.1594,0.0000,0
15.8429,0.0000,0
20.9146,0.0000,0
20.1598,0.0000,0
18.2871,0.0000,0
18.8152,0.0000,0
15.7156,0.0000,0
25.7863,0.0000,0
20.6878,0.0000,0
23.2475,0.0000,0
17.7394,0.0000,0
24.8684,0.0000,0
16.9699,0.0000,0
22.4120,0.0000,0
17.0210,0.0000,0
18.8057,0.0000,0
22.8126,0.0000,0
18.3383,0.0000,0
18.8486,0.0000,0
17.1280,0.0000,0
16.1407,0.0000,0
17.7034,0.0000,0
18.5883,0.0000,0
16.8526,0.0000,0
22.0877,0.0000,0
24.5996,0.0000,0
24.6198,0.0000,0
15.6555,0.0000,0
20.8935,0.0000,0
24.2711,0.0000,0
17.6906,0.0000,0
16.4361,0.0000,0
21.3600,0.0000,0
25.4116,0.0000,0
21.6169,0.0000,0
20.9869,0.0000,0
22.4700,0.0000,0
18.2907,0.0000,0
23.7372,0.0000,0
25.8136,0.0000,0
21.2167,0.0000,0
18.9219,0.0000,0
22.7454,0.0000,0
20.0990,0.0000,0
25.4080,0.0000,0
18.3536,0.0000,0
19.5824,0.0000,0
20.7241,0.0000,0
22.5514,0.0000,0
19.6902,0.0000,0
17.1445,0.0000,0
19.1119,0.0000,0
16.8300,0.0000,0
25.7475,0.0000,0
17.2377,0.0000,0
17.4185,0.0000,0
24.8161,0.0000,0
17.0438,0.0000,0
18.8247,0.0000,0
18.4329,0.0000,0
24.7312,0.0000,0
17.8062,0.0000,0
19.3172,0.0000,0
19.6628,0.0000,0
25.2180,0.0000,0
24.5243,0.0000,0
17.3765,0.0000,0
23.5525,0.0000,0
20.4927,0.0000,0
25.6414,0.0000,0
25.6925,0.0000,0
18.7821,0.0000,0
23.9631,0.0000,0
25.5265,0.0000,0
17.1177,0.0000,0
17.3676,0.0000,0
25.1700,0.0000,0
15.6928,0.0000,0
23.2950,0.0000,0
19.7413,0.0000,0
21.0098,0.0000,0
17.0313,0.0000,0
17.6442,0.0000,0
17.9011,0.0000,0
17.2948,0.0000,0
21.8925,0.0000,0
20.8716,0.0000,0
25.3740,0.0000,0
15.8841,0.0000,0
19.2073,0.0000,0
24.8350,0.0000,0
17.4270,0.0000,0
21.3395,0.0000,0
25.9254,0.0000,0
21.0095,0.0000,0
21.2017,0.0000,0
22.8580,0.0000,0
18.3876,0.0000,0
15.6900,0.0000,0
24.3399,0.0000,0
23.0048,0.0000,0
22.5169,0.0000,0
16.9578,0.0000,0
18.0235,0.0000,0
19.2032,0.0000,0
16.0899,0.0000,0
20.9190,0.0000,0
15.6501,0.0000,0
18.3974,0.0000,0
16.3624,0.0000,0
20.0934,0.0000,0
16.3344,0.0000,0
23.6124,0.0000,0
15.9194,0.0000,0
18.5715,0.0000,0
17.9845,0.0000,0
24.0406,0.0000,0
16.0848,0.0000,0
22.6546,0.0000,0
23.9084,0.0000,0
17.2337,0.0000,0
23.0935,0.0000,0
18.5218,0.0000,0
16.9646,0.0000,0
21.0343,0.0000,0
20.0208,0.0000,0
22.1239,0.0000,0
20.6075,0.0000,0
16.8020,0.0000,0
19.8703,0.0000,0
21.4196,0.0000,0
17.2386,0.0000,0
18.2106,0.0000,0
16.7309,0.0000,0
17.9959,0.0000,0
15.6580,0.0000,0
24.7776,0.0000,0
21.1080,0.0000,0
21.4209,0.0000,0
23.3134,0.0000,0
15.9818,0.0000,0
18.2685,0.0000,0
25.8698,0.0000,0
20.3109,0.0000,0
19.4327,0.0000,0
19.2603,0.0000,0
15.9173,0.0000,0
20.9346,0.0000,0
23.9299,0.0000,0
21.2266,0.0000,0
25.7741,0.0000,0
22.5930,0.0000,0
18.3582,0.0000,0
24.0388,0.0000,0
21.0020,0.0000,0
20.0569,0.0000,0
21.1093,0.0000,0
18.3259,0.0000,0
24.9131,0.0000,0
21.6984,0.0000,0
22.0883,0.0000,0
20.2325,0.0000,0
17.8033,0.0000,0
24.3022,0.0000,0
17.1890,0.0000,0
17.0356,0.0000,0
18.9819,0.0000,0
20.4024,0.0000,0
19.3942,0.0000,0
18.2638,0.0000,0
16.8893,0.0000,0
24.2768,0.0000,0
23.7165,0.0000,0
20.4834,0.0000,0
19.8839,0.0000,0
18.8284,0.0000,0
23.9661,0.0000,0
16.7040,0.0000,0
19.7417,0.0000,0
18.3631,0.0000,0
19.3424,0.0000,0
20.4442,0.0000,0
17.9502,0.0000,0
17.1640,0.0000,0
21.8640,0.0000,0
18.1007,0.0000,0
17.7335,0.0000,0
23.7521,0.0000,0
16.1729,0.0000,0
20.8627,0.0000,0
23.8256,0.0000,0
18.4420,0.0000,0
15.7720,0.0000,0
20.9783,0.0000,0
20.6623,0.0000,0
16.1478,0.0000,0
20.6590,0.0000,0
18.8538,0.0000,0
17.7329,0.0000,0
24.2478,0.0000,0
17.5140,0.0000,0
18.6606,0.0000,0
20.0719,0.0000,0
20.4269,0.0000,0
15.9594,0.0000,0
20.8229,0.0000,0
20.8486,0.0000,0
19.6223,0.0000,0
22.3186,0.0000,0
16.4067,0.0000,0
19.9674,0.0000,0
19.1595,0.0000,0
17.8219,0.0000,0
24.9472,0.0000,0
23.0267,0.0000,0
22.2138,0.0000,0
22.3011,0.0000,0
18.0196,0.0000,0
19.9569,0.0000,0
22.3836,0.0000,0
20.6362,0.0000,0
24.0819,0.0000,0
20.9420,0.0000,0
19.4524,0.0000,0
25.6493,0.0000,0
20.8177,0.0000,0
25.7781,0.0000,0
22.3549,0.0000,0
23.5776,0.0000,0
25.6098,0.0000,0
24.5130,0.0000,0
21.9016,0.0000,0
22.2476,0.0000,0
23.2685,0.0000,0
22.7543,0.0000,0
21.4998,0.0000,0
18.4842,0.0000,0
16.1446,0.0000,0
25.5861,0.0000,0
19.3735,0.0000,0
24.3929,0.0000,0
24.8920,0.0000,0
23.1712,0.0000,0
25.3560,0.0000,0
25.3185,0.0000,0
21.3905,0.0000,0
18.9691,0.0000,0
25.2037,0.0000,0
25.7543,0.0000,0
16.2842,0.0000,0
22.1111,0.0000,0
19.8315,0.0000,0
25.2314,0.0000,0
22.3722,0.0000,0
17.8049,0.0000,0
20.2530,0.0000,0
15.7635,0.0000,0
23.4303,0.0000,0
25.0251,0.0000,0
16.2298,0.0000,0
21.3476,0.0000,0
17.3824,0.0000,0
17.5395,0.0000,0
19.1546,0.0000,0
15.6587,0.0000,0
21.1691,0.0000,0
20.5492,0.0000,0
19.4542,0.0000,0
15.8302,0.0000,0
25.3004,0.0000,0
18.8316,0.0000,0
21.7686,0.0000,0
17.4960,0.0000,0
23.4063,0.0000,0
19.3615,0.0000,0
24.9332,0.0000,0
21.4441,0.0000,0
24.8764,0.0000,0
23.7048,0.0000,0
21.4524,0.0000,0
24.7941,0.0000,0
16.6184,0.0000,0
23.0977,0.0000,0
23.7063,0.0000,0
19.9378,0.0000,0
19.1525,0.0000,0
16.9060,0.0000,0
16.3145,0.0000,0
17.7261,0.0000,0
21.6584,0.0000,0
17.0475,0.0000,0
21.1708,0.0000,0
18.9588,0.0000,0
20.4599,0.0000,0
16.4128,0.0000,0
22.1189,0.0000,0
18.0025,0.0000,0
18.0793,0.0000,0
24.9073,0.0000,0
21.8080,0.0000,0
21.5102,0.0000,0
23.8351,0.0000,0
23.6608,0.0000,0
22.4707,0.0000,0
20.7337,0.0000,0
22.6632,0.0000,0
19.1782,0.0000,0
20.5764,0.0000,0
21.8261,0.0000,0
20.3134,0.0000,0
25.2671,0.0000,0
19.5789,0.0000,0
25.2854,0.0000,0
15.7622,0.0000,0
21.7099,0.0000,0
22.0877,0.0000,0
17.2710,0.0000,0
20.7132,0.0000,0
25.4713,0.0000,0
16.8439,0.0000,0
16.5573,0.0000,0
23.5366,0.0000,0
19.7431,0.0000,0
21.7693,0.0000,0
16.7332,0.0000,0
16.4104,0.0000,0
22.1423,0.0000,0
18.4695,0.0000,0
15.7968,0.0000,0
19.4229,0.0000,0
19.6558,0.0000,0
16.3074,0.0000,0
22.7027,0.0000,0
21.1477,0.0000,0
22.0328,0.0000,0
17.6428,0.0000,0
25.3450,0.0000,0
18.9772,0.0000,0
19.8521,0.0000,0
24.6334,0.0000,0
20.7339,0.0000,0
23.4615,0.0000,0
17.8607,0.0000,0
18.8348,0.0000,0
21.8443,0.0000,0
23.9459,0.0000,0
15.6544,1.4318,0
23.2810,1.7494,0
20.0729,1.9209,0
16.1913,1.4710,0
16.6117,2.2634,0
21.2509,1.6549,0
18.8961,0.6982,0
18.6153,0.5693,0
19.1081,0.8585,0
16.3698,2.2155,0
16.9575,0.4681,0
17.1340,1.0935,0
16.7794,1.9737,0
23.6098,1.8006,0
24.4868,1.7269,0
25.0141,1.9119,0
20.3843,1.1219,0
17.5101,1.6423,0
17.7724,1.0846,0
25.3376,0.4311,0
23.5256,2.8638,0
17.8867,1.1077,0
19.0552,0.7599,0
19.2479,1.5793,0
20.9882,1.5683,0
21.5305,2.3309,0
22.5708,0.6125,0
18.3315,1.4257,0
16.4027,0.4016,0
19.4301,1.4027,0
20.7193,1.1544,0
19.2858,1.1391,0
21.1673,1.1441,0
19.4531,1.2214,0
21.7110,0.1877,0
22.5540,2.1520,0
25.7345,0.8884,0
16.3420,0.6581,0
24.4178,1.4033,0
19.2074,1.8113,0
20.9942,2.4053,0
24.9602,1.5927,0
20.3650,0.4568,0
16.3361,2.7126,0
19.8736,1.0846,0
19.4580,1.3190,0
19.1353,2.0581,0
24.6696,2.2118,0
19.6582,1.5435,0
23.9314,0.8659,0
18.7006,2.0599,0
25.2521,1.5704,0
17.4026,2.3484,0
20.8027,0.8140,0
20.2775,1.4556,0
16.1487,2.3601,0
18.5479,1.3479,0
18.2176,0.6718,0
21.9018,1.5921,0
23.9382,2.9076,0
18.5827,2.4992,0
20.5244,0.5447,0
18.3881,1.3523,0
21.3995,0.9254,0
20.7488,2.4380,0
20.8084,0.8972,0
15.7673,0.6728,0
15.9512,1.2720,0
23.9400,0.7012,0
16.5717,1.0939,0
17.0085,1.8998,0
17.4868,1.7190,0
23.5979,0.7950,0
16.9995,1.2325,0
17.5990,0.8084,0
18.0691,3.1132,0
20.3817,1.4139,0
19.0196,0.9355,0
24.3940,2.4364,0
20.0445,1.6572,0
19.3054,0.9726,0
16.6162,1.6554,0
23.3263,1.4707,0
23.9861,1.0844,0
20.3442,1.1622,0
19.6957,1.7229,0
24.4752,1.5077,0
16.3599,1.6337,0
21.0552,1.1953,0
22.5986,1.3937,0
25.4381,2.2011,0
22.8395,0.7837,0
23.5689,1.6643,0
17.9200,1.5378,0
21.0634,0.8079,0
21.2572,0.0000,0
17.8195,1.5887,0
20.0435,0.4929,0
22.7729,1.6917,0
21.4367,0.7250,0
23.0893,1.0889,0
19.6408,1.2347,0
18.1159,2.5684,0
16.3869,1.2693,0
25.2965,2.0966,0
21.1705,1.8889,0
22.9428,1.0839,0
23.8681,0.7669,0
17.5801,0.8166,0
17.5604,1.3924,0
16.5067,1.5567,0
19.1497,2.0257,0
20.1920,1.4954,0
23.3724,1.5942,0
20.9613,0.8966,0
19.9983,1.7942,0
18.4210,1.4154,0
24.8813,1.4390,0
16.2948,0.8755,0
17.1887,1.6617,0
22.2364,2.8288,0
25.3052,1.5017,0
18.8883,1.2582,0
21.1507,1.2433,0
16.0047,2.0506,0
19.1576,1.1508,0
20.4983,2.2849,0
18.0399,0.9107,0
18.7466,1.7588,0
20.1468,2.2991,0
23.0658,0.8101,0
20.3803,0.7297,0
23.4726,0.2040,0
18.6203,0.5595,0
18.8661,0.0000,0
21.5628,1.7125,0
23.5722,0.5225,0
16.2649,1.8107,0
20.2157,0.7925,0
17.7346,1.6081,0
24.9163,2.2275,0
21.6600,1.7158,0
22.9549,1.4498,0
16.3431,1.1952,0
19.2106,0.5753,0
23.9336,1.9081,0
22.4510,1.3855,0
16.3183,2.2686,0
23.5167,0.3345,0
24.0901,1.2725,0
21.6470,0.6830,0
23.0001,0.9104,0
19.2943,1.7633,0
19.4020,1.4555,0
19.4895,1.7571,0
17.2546,2.7729,0
21.5071,1.3003,0
22.4561,0.9786,0
24.0444,0.9021,0
22.9532,1.7809,0
18.1164,1.2704,0
19.9162,0.8655,0
16.5959,1.5356,0
17.8157,0.8716,0
17.9390,0.4858,0
17.4735,1.3933,0
19.6339,0.8109,0
22.2930,2.4598,0
24.5671,1.4897,0
20.4613,1.0701,0
22.3460,2.6332,0
22.0570,1.4030,0
24.0476,0.9151,0
15.8255,1.4156,0
23.7918,1.7142,0
16.0223,0.7658,0
25.8444,0.9309,0
17.1159,1.0879,0
25.0661,1.2920,0
23.4902,2.2533,0
18.1177,0.8874,0
17.3528,1.0879,0
19.1931,1.9165,0
24.9999,2.4800,0
23.4751,0.9830,0
21.5222,0.2856,0
23.9205,0.5815,0
20.0443,1.5745,0
16.2779,1.3555,0
17.5274,1.6982,0
19.2140,0.7624,0
18.0968,1.8164,0
24.2691,2.2786,0
16.2343,2.1435,0
21.7447,2.4253,0
24.3519,0.5441,0
15.9407,1.3450,0
18.9291,1.7711,0
25.8361,1.7272,0
22.7530,1.9666,0
24.5869,0.8644,0
23.6937,0.8338,0
15.6837,1.0614,0
23.7673,0.6446,0
22.9992,1.8425,0
17.3275,1.3121,0
23.2598,1.7430,0
21.2701,0.4634,0
21.1253,1.1369,0
24.9700,3.0622,0
22.4182,1.3977,0
23.1626,0.6545,0
21.4152,1.5565,0
24.1846,1.7783,0
18.2239,1.5098,0
25.0570,1.8386,0
18.6022,2.0854,0
23.0377,2.0094,0
22.3404,1.2982,0
17.4483,1.0711,0
17.2974,1.4532,0
23.0216,1.7763,0
25.4202,1.2316,0
17.1593,2.9460,0
18.3859,1.1400,0
19.4561,2.0861,0
22.1827,1.9885,0
24.8601,1.5792,0
19.5095,2.2324,0
20.7717,1.1077,0
20.1976,1.5931,0
18.1549,1.2566,0
22.6343,2.0331,0
25.6286,1.5423,0
15.8712,0.6522,0
19.5989,1.6647,0
25.3141,2.1662,0
16.7473,2.3528,0
16.1052,1.3974,0
17.9272,0.8524,0
17.1052,1.2337,0
19.3076,1.3081,0
21.9495,1.8747,0
17.3228,1.0528,0
22.8645,1.0211,0
20.6110,1.6353,0
17.9054,0.6259,0
21.3959,1.0782,0
21.0204,1.8840,0
20.1933,1.8127,0
23.0688,1.7255,0
21.6440,0.6216,0
21.2594,1.3426,0
18.9832,1.9202,0
23.1412,2.1975,0
17.1277,0.8307,0
16.8243,0.0000,0
23.6374,0.0000,0
24.3355,0.0000,0
21.6722,0.0000,0
19.5179,0.0000,0
21.3111,0.0000,0
19.7860,0.0000,0
21.2166,0.0000,0
17.2549,0.0000,0
21.4804,0.0000,0
20.7423,0.0000,0
22.8627,0.0000,0
24.4586,0.0000,0
18.3708,0.0000,0
15.8167,0.0000,0
24.7194,0.0000,0
20.2262,0.0000,0
16.6844,0.0000,0
16.2953,0.0000,0
23.5899,0.0000,0
22.9591,0.0000,0
19.4619,0.0000,0
17.8313,0.0000,0
24.6600,0.0000,0
24.8150,0.0000,0
25.4969,0.0000,0
21.6431,0.0000,0
17.0957,0.0000,0
17.3792,0.0000,0
25.8495,0.0000,0
25.1934,0.0000,0
23.1807,0.0000,0
24.5269,0.0000,0
21.3885,0.0000,0
20.0710,0.0000,0
23.2890,0.0000,0
25.2318,0.0000,0
16.2238,0.0000,0
17.2167,0.0000,0
17.5083,0.0000,0
24.5234,0.0000,0
22.7085,0.0000,0
21.2917,0.0000,0
25.7548,0.0000,0
22.0872,0.0000,0
22.1505,0.0000,0
16.2669,0.0000,0
24.7384,0.0000,0
19.1665,0.0000,0
21.9661,0.0000,0
19.6611,0.0000,0
16.8790,0.0000,0
17.8233,0.0000,0
23.1731,0.0000,0
20.3026,0.0000,0
25.1921,0.0000,0
16.8499,0.0000,0
17.2442,0.0000,0
20.3816,0.0000,0
21.8578,0.0000,0
19.6161,0.0000,0
22.5753,0.0000,0
25.3543,0.0000,0
18.6585,0.0000,0
24.1672,0.0000,0
20.5967,0.0000,0
25.8508,0.0000,0
23.9050,0.0000,0
21.9952,0.0000,0
25.0932,0.0000,0
24.7488,0.0000,0
18.0054,0.0000,0
25.8387,0.0000,0
17.2898,0.0000,0
25.9453,0.0000,0
16.9717,0.0000,0
16.8331,0.0000,0
16.6414,0.0000,0
21.1206,0.0000,0
16.8347,0.0000,0
22.6086,0.0000,0
24.9356,0.0000,0
24.0769,0.0000,0
25.4405,0.0000,0
19.6039,0.0000,0
23.9355,0.0000,0
23.2697,0.0000,0
22.0965,0.0000,0
17.4087,0.0000,0
23.3137,0.0000,0
23.5988,0.0000,0
17.0558,0.0000,0
23.0789,0.0000,0
25.4506,0.0000,0
23.9393,0.0000,0
21.7947,0.0000,0
16.2439,0.0000,0
19.7675,0.0000,0
18.9254,0.0000,0
19.9539,0.0000,0
21.8649,0.0000,0
22.4671,0.0000,0
15.9256,0.0000,0
16.8343,0.0000,0
18.8992,0.0000,0
25.7502,0.0000,0
16.9632,0.0000,0
21.5982,0.0000,0
22.3101,0.0000,0
16.5795,0.0000,0
19.5105,0.0000,0
18.1651,0.0000,0
22.4451,0.0000,0
15.7534,0.0000,0
17.0032,0.0000,0
16.2651,0.0000,0
19.3917,0.0000,0
16.4889,0.0000,0
19.2323,0.0000,0
25.0963,0.0000,0
21.7381,0.0000,0
16.6161,0.0000,0
21.7397,0.0000,0
20.3376,0.0000,0
22.2418,0.0000,0
23.2466,0.0000,0
16.8068,0.0000,0
17.9451,0.0000,0
17.7246,0.0000,0
23.4311,0.0000,0
23.7844,0.0000,0
20.0153,0.0000,0
16.6991,0.0000,0
18.6131,0.0000,0
16.3497,0.0000,0
16.7706,0.0000,0
18.8652,0.0000,0
16.7423,0.0000,0
16.1563,0.0000,0
22.2277,0.0000,0
16.4607,0.0000,0
16.1920,0.0000,0
24.4628,0.0000,0
17.7733,0.0000,0
17.5104,0.0000,0
18.1567,0.0000,0
25.2394,0.0000,0
22.4818,0.0000,0
23.1388,0.0000,0
17.8326,0.0000,0
18.1393,0.0000,0
18.8783,0.0000,0
21.0504,0.0000,0
20.0411,0.0000,0
20.9473,0.0000,0
18.0605,0.0000,0
24.2634,0.0000,0
20.9031,0.0000,0
25.0149,0.0000,0
23.4909,0.0000,0
16.9497,0.0000,0
22.8321,0.0000,0
16.2706,0.0000,0
18.3208,0.0000,0
18.2681,0.0000,0
19.9345,0.0000,0
23.2065,0.0000,0
25.3459,0.0000,0
23.6059,0.0000,0
19.2775,0.0000,0
25.1811,0.0000,0
17.3150,0.0000,0
18.7105,0.0000,0
24.3602,0.0000,0
24.4385,0.0000,0
16.4889,0.0000,0
20.9662,0.0000,0
19.5540,0.0000,0
18.3318,0.0000,0
23.5192,0.0000,0
23.5244,0.0000,0
20.5334,0.0000,0
22.4879,0.0000,0
21.2506,0.0000,0
24.9782,0.0000,0
25.0500,0.0000,0
24.5747,0.0000,0
17.8939,0.0000,0
18.0697,0.0000,0
20.2135,0.0000,0
17.6315,0.0000,0
23.8379,0.0000,0
22.7344,0.0000,0
19.7470,0.0000,0
19.8212,0.0000,0
22.5187,0.0000,0
21.2270,0.0000,0
25.3713,0.0000,0
16.9991,0.0000,0
17.5054,0.0000,0
19.7812,0.0000,0
19.5071,0.0000,0
18.7947,0.0000,0
17.4458,0.0000,0
18.1343,0.0000,0
22.0038,0.0000,0
19.2811,0.0000,0
17.9828,0.0000,0
17.0690,0.0000,0
20.1625,0.0000,0
22.0154,0.0000,0
16.2569,0.0000,0
17.2620,0.0000,0
15.9081,0.0000,0
19.4720,0.0000,0
17.5341,0.0000,0
23.9511,0.0000,0
16.0535,0.0000,0
22.6226,0.0000,0
21.0917,0.0000,0
25.4087,0.0000,0
21.7768,0.0000,0
21.3909,0.0000,0
22.8653,0.0000,0
20.0214,0.0000,0
17.0868,0.0000,0
22.1585,0.0000,0
22.7209,0.0000,0
24.3936,0.0000,0
17.0030,0.0000,0
23.6180,0.0000,0
22.2323,0.0000,0
17.9998,0.0000,0
16.5456,0.0000,0
16.7350,0.0000,0
22.6493,0.0000,0
20.8715,0.0000,0
19.2380,0.0000,0
17.1961,0.0000,0
18.6953,0.0000,0
24.8834,0.0000,0
22.9786,0.0000,0
18.1475,0.0000,0
17.4326,0.0000,0
23.4928,0.0000,0
24.4708,0.0000,0
20.7314,0.0000,0
21.4960,0.0000,0
17.9251,0.0000,0
25.6731,0.0000,0
16.3087,0.0000,0
17.5198,0.0000,0
23.3491,0.0000,0
16.3964,0.0000,0
21.9175,0.0000,0
19.1409,0.0000,0
16.0810,0.0000,0
19.4529,0.0000,0
21.3818,0.0000,0
18.0187,0.0000,0
16.2871,0.0000,0
15.8693,0.0000,0
19.5391,0.0000,0
18.2213,0.0000,0
20.4135,0.0000,0
19.1631,0.0000,0
19.2532,0.0000,0
25.9861,0.0000,0
24.7874,0.0000,0
16.4332,0.0000,0
15.6394,0.0000,0
16.6089,0.0000,0
15.9249,0.0000,0
24.0051,0.0000,0
17.7306,0.0000,0
24.6391,0.0000,0
16.2747,0.0000,0
17.7342,0.0000,0
20.4311,0.0000,0
18.1488,0.0000,0
25.2324,0.0000,0
22.2827,0.0000,0
17.3621,0.0000,0
16.8154,0.0000,0
21.7968,0.0000,0
21.9418,0.0000,0
15.7632,0.0000,0
19.9585,0.0000,0
20.1535,0.0000,0
22.2938,0.0000,0
17.5836,0.0000,0
25.5516,0.0000,0
24.0372,0.0000,0
18.4491,0.0000,0
16.3196,0.0000,0
17.3287,0.0000,0
16.5874,0.0000,0
19.2111,0.0000,0
21.6537,0.0000,0
16.3610,0.0000,0
22.4768,0.0000,0
18.9552,0.0000,0
23.2489,0.0000,0
20.0681,0.0000,0
21.0434,0.0000,0
25.7141,0.0000,0
20.2802,0.0000,0
22.9230,0.0000,0
24.8535,0.0000,0
16.2999,0.0000,0
16.4212,0.0000,0
20.2736,0.0000,0
24.8974,0.0000,0
23.7867,0.0000,0
22.3935,0.0000,0
15.7648,0.0000,0
17.5390,0.0000,0
16.0280,0.0000,0
23.8495,0.0000,0
19.3277,0.0000,0
21.0705,0.0000,0
21.1738,0.0000,0
25.3753,0.0000,0
23.3842,0.0000,0
18.0131,0.0000,0
20.1786,0.0000,0
21.3299,0.0000,0
23.5252,0.0000,0
23.6117,0.0000,0
19.4445,0.0000,0
17.1595,0.0000,0
18.8418,0.0000,0
22.0118,0.0000,0
19.3253,0.0000,0
21.6078,0.0000,0
25.5375,0.0000,0
19.3649,0.0000,0
25.2665,0.0000,0
24.6291,0.0000,0
16.0518,0.0000,0
18.3265,0.0000,0
24.9529,0.0000,0
16.9215,0.0000,0
22.3128,0.0000,0
22.4292,0.0000,0
22.7829,0.0000,0
16.0267,0.0000,0
25.6092,0.0000,0
16.7793,0.0000,0
25.6188,0.0000,0
17.6382,0.0000,0
18.2552,0.0000,0
15.8680,0.0000,0
23.3293,0.0000,0
22.5678,0.0000,0
18.0413,0.0000,0
18.4896,0.0000,0
20.3086,0.0000,0
17.4688,0.0000,0
16.1020,0.0000,0
23.3683,0.0000,0
21.3961,0.0000,0
21.8646,0.0000,0
18.9406,0.0000,0
25.2193,0.0000,0
16.0314,0.0000,0
21.3878,0.0000,0
19.2624,0.0000,0
18.2905,0.0000,0
15.7031,0.0000,0
17.9700,0.0000,0
16.2906,0.0000,0
25.6318,0.0000,0
17.5219,0.0000,0
24.4903,0.0000,0
16.4074,0.0000,0
16.2455,0.0000,0
20.6974,0.0000,0
23.2148,0.0000,0
19.1322,0.0000,0
23.2223,0.0000,0
23.9481,0.0000,0
16.2787,0.0000,0
18.0722,0.0000,0
19.7313,0.0000,0
20.8433,0.0000,0
22.9907,0.0000,0
17.5801,0.0000,0
16.3779,0.0000,0
23.3903,0.0000,0
16.0070,0.0000,0
18.9624,0.0000,0
21.6409,0.0000,0
25.1351,0.0000,0
24.1996,0.0000,0
18.4148,0.0000,0
16.6843,0.0000,0
22.2708,0.0000,0
25.2299,0.0000,0
23.1176,0.0000,0
20.3795,0.0000,0
21.2680,0.0000,0
22.5935,0.0000,0
18.8683,0.0000,0
16.7527,0.0000,0
15.8752,0.0000,0
15.8892,0.0000,0
23.8453,0.0000,0
21.7129,0.0000,0
19.8948,0.0000,0
17.1782,0.0000,0
18.6314,0.0000,0
20.7449,0.0000,0
19.8118,0.0000,0
25.6087,0.0000,0
24.1745,0.0000,0
16.4733,0.0000,0
22.9110,0.0000,0
18.0651,0.0000,0
24.8917,0.0000,0
24.2754,0.0000,0
21.5908,0.0000,0
18.1332,0.0000,0
23.1856,0.0000,0
22.1582,0.0000,0
18.0889,0.0000,0
21.1596,0.0000,0
22.8649,0.0000,0
19.7897,0.0000,0
16.1746,0.0000,0
23.9874,0.0000,0
20.6736,0.0000,0
21.5738,0.0000,0
22.0362,0.0000,0
22.5053,0.0000,0
19.5777,0.0000,0
16.1250,0.0000,0
21.1645,0.0000,0
17.9118,0.0000,0
18.8694,0.0000,0
24.1508,0.0000,0
21.8537,0.0000,0
17.9382,0.0000,0
16.2298,0.0000,0
22.4159,0.0000,0
19.2755,0.0000,0
19.5566,0.0000,0
21.5385,0.0000,0
23.9999,0.0000,0
18.3215,0.0000,0
16.4163,0.0000,0
19.9519,0.0000,0
21.4950,0.0000,0
17.2418,0.0000,0
23.7042,0.0000,0
21.2932,0.0000,0
19.0047,0.0000,0
22.4101,0.0000,0
22.9909,0.0000,0
23.3601,0.0000,0
21.3315,0.0000,0
20.1189,0.0000,0
17.2858,0.0000,0
16.3540,0.0000,0
20.7392,0.0000,0
18.8632,0.0000,0
21.8272,0.0000,0
15.9075,0.0000,0
22.1406,0.0000,0
15.6698,0.0000,0
16.0966,0.0000,0
22.7649,0.0000,0
25.8557,0.0000,0
24.0262,0.0000,0
18.7405,0.0000,0
16.4643,0.0000,0
21.9817,0.0000,0
22.7522,0.0000,0
25.8165,0.0000,0
22.9430,0.0000,0
19.9745,0.0000,0
20.5494,0.0000,0
20.2717,0.0000,0
21.3186,0.0000,0
19.9974,0.0000,0
21.4776,0.0000,0
20.7917,0.0000,0
18.1605,0.0000,0
24.1009,0.0000,0
17.8769,0.0000,0
20.8601,0.0000,0
20.1023,0.0000,0
22.0124,0.0000,0
23.5282,0.0000,0
16.4304,0.0000,0
24.1281,0.0000,0
19.5613,0.0000,0
20.0049,0.0000,0
17.7691,0.0000,0
18.7421,0.0000,0
22.2771,0.0000,0
16.9177,0.0000,0
20.9818,0.0000,0
21.1511,0.0000,0
19.1879,0.0000,0
15.9074,0.0000,0
22.1654,0.0000,0
24.4432,0.0000,0
19.1828,0.0000,0
23.0417,0.0000,0
18.4446,0.0000,0
20.2131,0.0000,0
24.4325,0.0000,0
20.1765,0.0000,0
15.6331,0.0000,0
22.0806,0.0000,0
20.5244,0.0000,0
15.9198,0.0000,0
20.5017,0.0000,0
21.2765,0.0000,0
21.1365,0.0000,0
18.2818,0.0000,0
24.6618,0.0000,0
16.4325,0.0000,0
25.3806,0.0000,0
22.9054,0.0000,0
24.3800,0.0000,0
23.1960,0.0000,0
17.2221,0.0000,0
25.6996,0.0000,0
22.0811,0.0000,0
24.3169,0.0000,0
19.3285,0.0000,0
17.2352,0.0000,0
22.5915,0.0000,0
18.1753,0.0000,0
24.2641,0.0000,0
16.0678,0.0000,0
25.0354,0.0000,0
21.8262,0.0000,0
17.7625,0.0000,0
15.9695,0.0000,0
21.0638,0.0000,0
17.9202,0.0000,0
20.0438,0.0000,0
20.7790,0.0000,0
16.1316,0.0000,0
20.1698,0.0000,0
18.2537,0.0000,0
21.9834,0.0000,0
18.6769,0.0000,0
17.1636,0.0000,0
20.7997,0.0000,0
23.8350,0.0000,0
16.5721,0.0000,0
20.8344,0.0000,0
18.8140,0.0000,0
23.9184,0.0000,0
18.3671,0.0000,0
16.0013,0.0000,0
16.5832,0.0000,0
18.4901,0.0000,0
24.5337,0.0000,0
19.3903,0.0000,0
23.7770,0.0000,0
24.9062,0.0000,0
25.0877,0.0000,0
20.2469,0.0000,0
21.6439,0.0000,0
21.8472,0.0000,0
18.9061,0.0000,0
22.2739,0.0000,0
25.3126,0.0000,0
22.5934,0.0000,0
21.6201,0.0000,0
23.3344,0.0000,0
18.1896,0.0000,0
23.7350,0.0000,0
25.4837,0.0000,0
18.9092,0.0000,0
22.7697,0.0000,0
18.9930,0.0000,0
17.2415,0.0000,0
25.2462,0.0000,0
18.1774,0.0000,0
16.5015,0.0000,0
21.5259,0.0000,0
25.3635,0.0000,0
23.8991,0.0000,0
15.9823,0.0000,0
20.0242,0.0000,0
24.7455,0.0000,0
16.4380,0.0000,0
15.7968,0.0000,0
22.3894,0.0000,0
23.8941,0.0000,0
21.9265,0.0000,0
20.0245,0.0000,0
24.6749,0.0000,0
20.3384,0.0000,0
23.9634,0.0000,0
23.9539,0.0000,0
16.5903,0.0000,0
16.7224,0.0000,0
18.6972,0.0000,0
25.1706,0.0000,0
17.1735,0.0000,0
22.1958,0.0000,0
18.3364,0.0000,0
15.9430,0.0000,0
20.3941,0.0000,0
23.9157,0.0000,0
17.0670,0.0000,0
20.7645,0.0000,0
15.9562,0.0000,0
18.6149,0.0000,0
23.4494,0.0000,0
18.8488,0.0000,0
18.7938,0.0000,0
24.4313,0.0000,0
18.3088,0.0000,0
16.3344,0.0000,0
24.1267,0.0000,0
16.7287,0.0000,0
18.2758,0.0000,0
24.7427,0.0000,0
16.9722,0.0000,0
18.2056,0.0000,0
16.9262,0.0000,0
20.0943,0.0000,0
22.7093,0.0000,0
22.0596,0.0000,0
20.4587,0.0000,0
16.1641,0.0000,0
24.6319,0.0000,0
20.9205,0.0000,0
15.8540,0.0000,0
24.4379,0.0000,0
17.3887,0.0000,0
20.1209,0.0000,0
23.0108,0.0000,0
20.0542,0.0000,0
23.9212,0.0000,0
15.7710,0.0000,0
20.4903,0.0000,0
25.2498,0.0000,0
25.6031,0.0000,0
19.8439,0.0000,0
17.2130,0.0000,0
22.9140,0.0000,0
17.6672,0.0000,0
19.5463,0.0000,0
20.2483,0.0000,0
22.6082,0.0000,0
16.7044,0.0000,0
24.6649,0.0000,0
17.6239,0.0000,0
24.4326,0.0000,0
21.4182,0.0000,0
18.8058,0.0000,0
15.7605,0.0000,0
23.1542,0.0000,0
20.5893,0.0000,0
24.3809,0.0000,0
24.7182,0.0000,0
18.4822,0.0000,0
21.3011,0.0000,0
25.0010,0.0000,0
17.1790,0.0000,0
19.7489,0.0000,0
17.3533,0.0000,0
20.6401,0.0000,0
22.9551,0.0000,0
21.9001,0.0000,0
16.3662,0.0000,0
19.3865,0.0000,0
18.9326,0.0000,0
16.3660,0.0000,0
24.1043,0.0000,0
20.1234,0.0000,0
19.3870,0.0000,0
23.4414,0.0000,0
23.1752,0.0000,0
18.3763,0.0000,0
21.3349,0.0000,0
24.1310,0.0000,0
21.6539,0.0000,0
21.5230,0.0000,0
16.0827,0.0000,0
20.1538,0.0000,0
19.3859,0.0000,0
19.6193,0.0000,0
15.6753,0.0000,0
24.5087,0.0000,0
22.1117,0.0000,0
23.1854,0.0000,0
18.1131,0.0000,0
18.5828,0.0000,0
18.0413,0.0000,0
16.3098,0.0000,0
19.4147,0.0000,0
20.5633,0.0000,0
16.0780,0.0000,0
22.3651,0.0000,0
25.6454,0.0000,0
25.3795,0.0000,0
20.5171,0.0000,0
24.2149,0.0000,0
16.9381,0.0000,0
21.2438,0.0000,0
17.6892,0.0000,0
18.9900,0.0000,0
16.0767,0.0000,0
20.9470,0.0000,0
17.2296,0.0000,0
18.3676,0.0000,0
17.1169,0.0000,0
15.7610,0.0000,0
25.9912,0.0000,0
17.3048,0.0000,0
15.9320,0.0000,0
16.8723,0.0000,0
16.4136,0.0000,0
20.3066,0.0000,0
18.7905,0.0000,0
20.6035,0.0000,0
22.3409,0.0000,0
16.2645,0.0000,0
16.4663,0.0000,0
18.4463,0.0000,0
21.1092,0.0000,0
17.7783,0.0000,0
16.7379,0.0000,0
24.8427,0.0000,0
24.8129,0.0000,0
21.6766,0.0000,0
19.2542,0.0000,0
22.9047,0.0000,0
20.4492,0.0000,0
22.5922,0.0000,0
24.8079,0.0000,0
18.1509,0.0000,0
18.1934,0.0000,0
21.4410,0.0000,0
19.6267,0.0000,0
22.7909,0.0000,0
16.3336,0.0000,0
18.8584,0.0000,0
18.7569,0.0000,0
23.2209,0.0000,0
21.1909,0.0000,0
24.3813,0.0000,0
22.1947,0.0000,0
24.4305,0.0000,0
20.5275,0.0000,0
16.9451,0.0000,0
16.7956,0.0000,0
25.6958,0.0000,0
15.9629,0.0000,0
21.3231,0.0000,0
23.1724,0.0000,0
19.8031,0.0000,0
22.6066,0.0000,0
15.9099,0.0000,0
24.9735,0.0000,0
23.9520,0.0000,0
18.0973,0.0000,0
23.9509,0.0000,0
23.2710,0.0000,0
21.2913,0.0000,0
17.4554,0.0000,0
17.1833,0.0000,0
22.9486,0.0000,0
18.8551,0.0000,0
20.1189,0.0000,0
22.8391,0.0000,0
21.0108,0.0000,0
21.8123,0.0000,0
17.9805,0.0000,0
20.6130,0.0000,0
24.8416,0.0000,0
22.1833,0.0000,0
23.3772,0.0000,0
23.6834,0.0000,0
16.1286,0.0000,0
20.5130,0.0000,0
23.0857,0.0000,0
17.2675,0.0000,0
18.0323,0.0000,0
19.2012,0.0000,0
19.4355,0.0000,0
18.4146,0.0000,0
24.8648,0.0000,0
19.3485,0.0000,0
17.9404,0.0000,0
16.9977,0.0000,0
16.7217,0.0000,0
24.3195,0.0000,0
19.6797,0.0000,0
18.4640,0.0000,0
16.6379,0.0000,0
19.4895,0.0000,0
19.7741,0.0000,0
20.8471,0.0000,0
17.5339,0.0000,0
21.5841,0.0000,0
23.7453,0.0000,0
25.7151,0.0000,0
18.8433,0.0000,0
20.5683,0.0000,0
18.5430,0.0000,0
19.7524,0.0000,0
19.2477,0.0000,0
19.9313,0.0000,0
21.3188,0.0000,0
25.8963,0.0000,0
23.9873,0.0000,0
23.9266,0.0000,0
22.0543,0.0000,0
23.0663,0.0000,0
20.4551,0.0000,0
23.8840,0.0000,0
17.5084,0.0000,0
15.6264,0.0000,0
18.1096,0.0000,0
20.8201,0.0000,0
22.2662,0.0000,0
22.2428,0.0000,0
20.0498,0.0000,0
21.0577,0.0000,0
16.8941,0.0000,0
23.7024,0.0000,0
20.5532,0.0000,0
16.3125,0.0000,0
15.8645,0.0000,0
17.1432,0.0000,0
18.1707,0.0000,0
16.8361,0.0000,0
23.3849,0.0000,0
22.8334,0.0000,0
19.6684,0.0000,0
19.0625,0.0000,0
22.0919,0.0000,0
17.3978,0.0000,0
24.7015,0.0000,0
21.8512,0.0000,0
24.6693,0.0000,0
19.5161,0.0000,0
16.0977,0.0000,0
19.3257,0.0000,0
22.9538,0.0000,0
20.3557,0.0000,0
21.3419,0.0000,0
19.7952,0.0000,0
23.2877,0.0000,0
17.7978,0.0000,0
20.8712,0.0000,0
15.9884,0.0000,0
18.9222,0.0000,0
25.1357,0.0000,0
21.3547,0.0000,0
25.2873,0.0000,0
18.7514,0.0000,0
19.6291,0.0000,0
17.0287,0.0000,0
18.3298,0.0000,0
23.7233,0.0000,0
24.6704,0.0000,0
18.0446,0.0000,0
15.7671,0.0000,0
16.7363,0.0000,0
19.2774,0.0000,0
25.8075,0.0000,0
24.0434,0.0000,0
15.8358,0.0000,0
23.9340,0.0000,0
24.1000,0.0000,0
20.4879,0.0000,0
18.9950,0.0000,0
20.5061,0.0000,0
17.5024,0.0000,0
18.4818,0.0000,0
23.1679,0.0000,0
19.5307,0.0000,0
15.6976,0.0000,0
18.7864,0.0000,0
16.1945,0.0000,0
21.4245,0.0000,0
20.3296,0.0000,0
18.5440,0.0000,0
16.9359,0.0000,0
22.3889,0.0000,0
24.1874,0.0000,0
17.6078,0.0000,0
15.6527,0.0000,0
21.1552,0.0000,0
24.6371,0.0000,0
25.1623,0.0000,0
19.6827,0.0000,0
20.9019,0.0000,0
24.4548,0.0000,0
21.0340,0.0000,0
25.0626,0.0000,0
22.9803,0.0000,0
19.5513,0.0000,0
25.1241,0.0000,0
16.2836,0.0000,0
25.5111,0.0000,0
17.4805,0.0000,0
17.1886,0.0000,0
20.0373,0.0000,0
25.9445,0.0000,0
16.7053,0.0000,0
21.6676,0.0000,0
19.3934,0.0000,0
17.3495,0.0000,0
21.5704,0.0000,0
19.6448,0.0000,0
15.6789,0.0000,0
23.9699,0.0000,0
23.9165,0.0000,0
20.8214,0.0000,0
22.8375,0.0000,0
15.7990,0.0000,0
20.7913,0.0000,0
25.1118,0.0000,0
18.3067,0.0000,0
20.1117,0.0000,0
16.7404,0.0000,0
17.4906,0.0000,0
22.5999,0.0000,0
24.1699,0.0000,0
24.6925,0.0000,0
23.0163,0.0000,0
16.7147,0.0000,0
20.1407,0.0000,0
17.6963,0.0000,0
23.2599,0.0000,0
21.9502,0.0000,0
21.9480,0.0000,0
15.6460,0.0000,0
16.6700,0.0000,0
19.2737,0.0000,0
24.8833,0.0000,0
23.1829,0.0000,0
15.7514,0.0000,0
19.4914,0.0000,0
25.4532,0.0000,0
16.6578,0.0000,0
21.8522,0.0000,0
15.7521,0.0000,0
23.5781,0.0000,0
22.3704,0.0000,0
18.9004,0.0000,0
15.7451,0.0000,0
22.2877,0.0000,0
18.6555,0.0000,0
16.7141,0.0000,0
19.9981,0.0000,0
20.9406,0.0000,0
18.8119,0.0000,0
16.8127,0.0000,0
23.0038,0.0000,0
23.3584,0.0000,0
24.0416,0.0000,0
25.5194,0.0000,0
19.6231,0.0000,0
22.1090,0.0000,0
22.6251,0.0000,0
17.0357,0.0000,0
25.7214,0.0000,0
20.1693,0.0000,0
24.9632,0.0000,0
22.0733,0.0000,0
19.5335,0.0000,0
25.6604,0.0000,0
22.9107,0.0000,0
18.2417,0.0000,0
24.2703,0.0000,0
21.2438,0.0000,0
22.2649,0.0000,0
24.3839,0.0000,0
17.4701,0.0000,0
19.8166,0.0000,0
23.7792,0.0000,0
21.6438,0.0000,0
21.7126,0.0000,0
25.7680,0.0000,0
19.7704,0.0000,0
18.5023,0.0000,0
25.2092,0.0000,0
23.4293,0.0000,0
21.7985,0.0000,0
17.0019,0.0000,0
24.4235,0.0000,0
15.6614,0.0000,0
24.9290,0.0000,0
16.9758,0.0000,0
18.4792,0.0000,0
15.7706,0.0000,0
17.4825,0.0000,0
16.4099,0.0000,0
24.6757,0.0000,0
17.4363,0.0000,0
22.2010,0.0000,0
24.5218,0.0000,0
17.3515,0.0000,0
16.3763,0.0000,0
24.7194,0.0000,0
24.4311,0.0000,0
19.9431,0.0000,0
25.7623,0.0000,0
23.0918,0.0000,0
17.1385,0.0000,0
22.1018,0.0000,0
22.3489,0.0000,0
23.7529,0.0000,0
25.1131,0.0000,0
17.1826,0.0000,0
19.4608,0.0000,0
16.9105,0.0000,0
23.4422,0.0000,0
22.9019,0.0000,0
19.4739,0.0000,0
20.1760,0.0000,0
19.3392,0.0000,0
19.6485,0.0000,0
22.9503,0.0000,0
17.6135,0.0000,0
18.9649,0.0000,0
16.9543,0.0000,0
23.1195,0.0000,0
21.5683,0.0000,0
17.5608,0.0000,0
22.6129,0.0000,0
16.0238,0.0000,0
23.6908,0.0000,0
16.8855,0.0000,0
15.9690,0.0000,0
22.9669,0.0000,0
20.6374,0.0000,0
19.7429,0.0000,0
20.3940,0.0000,0
19.8161,0.0000,0
15.7635,0.0000,0
17.0453,0.0000,0
21.6467,0.0000,0
19.1884,0.0000,0
16.7685,0.0000,0
20.6332,0.0000,0
24.8634,0.0000,0
19.3719,0.0000,0
23.0883,0.0000,0
16.4812,0.0000,0
18.1904,0.0000,0
22.2262,0.0000,0
22.8924,0.0000,0
16.2852,0.0000,0
22.0037,0.0000,0
18.2717,0.0000,0
22.1643,0.0000,0
19.0760,0.0000,0
16.1212,0.0000,0
17.0397,0.0000,0
25.7442,0.0000,0
25.1693,0.0000,0
18.5661,0.0000,0
21.8194,0.0000,0
18.6316,0.0000,0
20.3597,0.0000,0
20.5870,0.0000,0
20.8335,0.0000,0
22.4256,0.0000,0
23.0970,0.0000,0
20.8141,0.0000,0
19.9531,0.0000,0
21.5635,0.0000,0
25.2450,0.0000,0
18.0574,0.0000,0
19.6357,0.0000,0
21.1900,0.0000,0
17.1690,0.0000,0
20.8527,0.0000,0
19.6731,0.0000,0
18.3627,0.0000,0
22.8496,0.0000,0
15.9167,0.0000,0
21.8403,0.0000,0
16.8023,0.0000,0
18.0535,0.0000,0
18.1211,0.0000,0
18.1629,0.0000,0
24.6132,0.0000,0
15.9971,0.0000,0
19.8679,0.0000,0
18.1877,0.0000,0
18.9535,0.0000,0
23.1269,0.0000,0
15.6243,0.0000,0
19.4412,0.0000,0
23.1645,0.0000,0
18.9911,0.0000,0
21.8513,0.0000,0
22.4281,0.0000,0
17.0536,0.0000,0
24.2755,0.0000,0
24.7277,0.0000,0
22.8303,0.0000,0
19.9619,0.0000,0
22.0655,0.0000,0
17.1187,0.0000,0
23.9996,0.0000,0
17.4971,0.0000,0
25.5589,0.0000,0
21.0558,0.0000,0
21.8450,0.0000,0
16.3651,0.0000,0
21.3171,0.0000,0
19.3067,0.0000,0
18.3392,0.0000,0
24.6267,0.0000,0
20.6611,0.0000,0
16.7387,0.0000,0
20.2035,0.0000,0
17.1617,0.0000,0
18.5726,0.0000,0
16.6951,0.0000,0
23.9799,0.0000,0
18.1181,0.0000,0
16.9825,0.0000,0
17.0433,0.0000,0
25.7002,0.0000,0
24.1932,0.0000,0
19.9086,0.0000,0
22.5428,0.0000,0
24.5819,0.0000,0
18.4423,0.0000,0
22.2827,0.0000,0
17.8131,0.0000,0
22.1423,0.0000,0
19.3681,0.0000,0
25.2332,0.0000,0
24.0978,0.0000,0
24.3131,0.0000,0
22.7472,0.0000,0
24.5853,0.0000,0
20.4704,0.0000,0
22.6292,0.0000,0
24.1477,0.0000,0
15.7242,0.0000,0
25.6731,0.0000,0
15.8994,0.0000,0
19.0201,0.0000,0
19.2818,0.0000,0
20.9521,0.0000,0
18.2778,0.0000,0
17.4011,0.0000,0
24.5806,0.0000,0
20.0305,0.0000,0
25.3889,0.0000,0
20.1998,0.0000,0
25.9079,0.0000,0
25.0495,0.0000,0
24.5075,0.0000,0
20.9599,0.0000,0
25.5162,0.0000,0
23.7102,0.0000,0
24.0720,0.0000,0
17.1981,0.0000,0
20.2573,0.0000,0
17.5231,0.0000,0
21.8555,0.0000,0
24.7085,0.0000,0
22.6644,0.0000,0
19.0540,0.0000,0
18.0625,0.0000,0
22.0427,0.0000,0
17.6435,0.0000,0
21.9988,0.0000,0
23.9855,0.0000,0
25.1041,0.0000,0
24.9226,0.0000,0
19.6646,0.0000,0
19.2400,0.0000,0
22.9275,0.0000,0
15.8906,0.0000,0
18.3952,0.0000,0
16.1756,0.0000,0
19.6775,0.0000,0
17.7903,0.0000,0
15.9613,0.0000,0
25.6776,0.0000,0
19.1204,0.0000,0
16.9965,0.0000,0
19.8704,0.0000,0
17.7742,0.0000,0
18.4032,0.0000,0
23.1281,0.0000,0
25.1060,0.0000,0
23.9213,0.0000,0
19.6306,0.0000,0
20.4821,0.0000,0
16.9134,0.0000,0
19.8740,0.0000,0
21.1353,0.0000,0
25.6108,0.0000,0
17.9068,0.0000,0
16.7830,0.0000,0
21.7658,0.0000,0
17.2680,0.0000,0
17.2492,0.0000,0
20.4985,0.0000,0
23.2223,0.0000,0
24.8046,0.0000,0
25.7414,0.0000,0
19.6687,0.0000,0
17.2366,0.0000,0
20.2481,0.0000,0
18.5709,0.0000,0
17.8930,0.0000,0
20.8276,0.0000,0
17.7851,0.0000,0
15.8963,0.0000,0
20.8521,0.0000,0
16.0590,0.0000,0
19.5484,0.0000,0
19.4325,0.0000,0
25.0988,0.0000,0
17.6847,0.0000,0
17.0991,0.0000,0
16.4488,0.0000,0
18.2498,0.0000,0
24.9219,0.0000,0
19.6495,0.0000,0
22.3339,0.0000,0
18.6676,0.0000,0
16.1257,0.0000,0
20.3664,0.0000,0
24.7737,0.0000,0
16.5041,0.0000,0
22.2719,0.0000,0
16.3989,0.0000,0
21.7810,0.0000,0
15.7413,0.0000,0
15.6544,1.2039,0
23.2810,0.9493,0
20.0729,1.0238,0
16.1913,1.0951,0
16.6117,1.4075,0
21.2509,1.1974,0
18.8961,1.3009,0
18.6153,1.0499,0
19.1081,2.2558,0
16.3698,1.1625,0
16.9575,0.6990,0
17.1340,1.0424,0
16.7794,0.4006,0
23.6098,1.9534,0
24.4868,0.9245,0
25.0141,1.1242,0
20.3843,2.1855,0
17.5101,1.0272,0
17.7724,0.8207,0
25.3376,0.5400,0
23.5256,1.1844,0
17.8867,0.9944,0
19.0552,0.0000,0
19.2479,1.0578,0
20.9882,1.5817,0
21.5305,0.7534,0
22.5708,1.2711,0
18.3315,2.8145,0
16.4027,1.4512,0
19.4301,1.6622,0
20.7193,0.9640,0
19.2858,1.0826,0
21.1673,1.8070,0
19.4531,1.8126,0
21.7110,1.0228,0
22.5540,0.3610,0
25.7345,1.2862,0
16.3420,1.3087,0
24.4178,2.2140,0
19.2074,1.0110,0
20.9942,0.7460,0
24.9602,1.9215,0
20.3650,0.9849,0
16.3361,1.8944,0
19.8736,1.7653,0
19.4580,1.5298,0
19.1353,0.9188,0
24.6696,0.9444,0
19.6582,1.1563,0
23.9314,1.4824,0
18.7006,1.4625,0
25.2521,0.9879,0
17.4026,2.0649,0
20.8027,2.2925,0
20.2775,1.5042,0
16.1487,0.8558,0
18.5479,1.3717,0
18.2176,1.3535,0
21.9018,1.3684,0
23.9382,1.0159,0
18.5827,1.2613,0
20.5244,1.2768,0
18.3881,1.0320,0
21.3995,0.9757,0
20.7488,0.8994,0
20.8084,2.0131,0
15.7673,0.5068,0
15.9512,1.6618,0
23.9400,0.6866,0
16.5717,0.9751,0
17.0085,2.2370,0
17.4868,4.1178,0
23.5979,0.4379,0
16.9995,0.2653,0
17.5990,0.9537,0
18.0691,1.2914,0
20.3817,1.6412,0
19.0196,2.1060,0
24.3940,1.9005,0
20.0445,0.4450,0
19.3054,1.3308,0
16.6162,0.9443,0
23.3263,1.2497,0
23.9861,2.5896,0
20.3442,0.9221,0
19.6957,2.0462,0
24.4752,1.0284,0
16.3599,1.4435,0
21.0552,0.5381,0
22.5986,0.5689,0
25.4381,1.2085,0
22.8395,1.4746,0
23.5689,1.6856,0
17.9200,0.8515,0
21.0634,2.0336,0
21.2572,0.9793,0
17.8195,1.0760,0
20.0435,0.7973,0
22.7729,0.7459,0
21.4367,0.8548,0
23.0893,1.1456,0
19.6408,1.6526,0
18.1159,1.2961,0
16.3869,1.3147,0
25.2965,1.1251,0
21.1705,2.4854,0
22.9428,0.7632,0
23.8681,1.4356,0
17.5801,1.3295,0
17.5604,1.2445,0
16.5067,0.6121,0
19.1497,1.1849,0
20.1920,1.4570,0
23.3724,1.0041,0
20.9613,2.1290,0
19.9983,1.7230,0
18.4210,1.6661,0
24.8813,0.7520,0
16.2948,0.5871,0
17.1887,1.2385,0
22.2364,1.6529,0
25.3052,0.8508,0
18.8883,1.0604,0
21.1507,1.0310,0
16.0047,0.6898,0
19.1576,1.3113,0
20.4983,1.6882,0
18.0399,2.4593,0
18.7466,1.5297,0
20.1468,0.8074,0
23.0658,0.4893,0
20.3803,1.5180,0
23.4726,1.2438,0
18.6203,1.2424,0
18.8661,1.7257,0
21.5628,0.4503,0
23.5722,0.9705,0
16.2649,0.1840,0
20.2157,1.6186,0
17.7346,2.1351,0
24.9163,0.2526,0
21.6600,1.3412,0
22.9549,2.0042,0
16.3431,0.5656,0
19.2106,1.4514,0
23.9336,0.5531,0
22.4510,0.4315,0
16.3183,1.2138,0
23.5167,1.4614,0
24.0901,1.4386,0
21.6470,0.4577,0
23.0001,1.7091,0
19.2943,0.7427,0
19.4020,1.3298,0
19.4895,1.2150,0
17.2546,1.5621,0
21.5071,1.0769,0
22.4561,2.0789,0
24.0444,0.7227,0
22.9532,0.7580,0
18.1164,2.2096,0
19.9162,1.4006,0
16.5959,1.9765,0
17.8157,1.9607,0
17.9390,1.4305,0
17.4735,1.5490,0
19.6339,2.0671,0
22.2930,2.3225,0
24.5671,1.1890,0
20.4613,1.5411,0
22.3460,0.8488,0
22.0570,0.7642,0
24.0476,0.6128,0
15.8255,2.0154,0
23.7918,1.8483,0
16.0223,0.4249,0
25.8444,1.2903,0
17.1159,0.0878,0
25.0661,1.5448,0
23.4902,1.5627,0
18.1177,1.7870,0
17.3528,0.6257,0
19.1931,0.4496,0
24.9999,1.2285,0
23.4751,2.0913,0
21.5222,0.5681,0
23.9205,1.7005,0
20.0443,0.8077,0
16.2779,0.6470,0
17.5274,1.3275,0
19.2140,1.3065,0
18.0968,1.7294,0
24.2691,0.6625,0
16.2343,2.2226,0
21.7447,0.5592,0
24.3519,1.3809,0
15.9407,0.6986,0
18.9291,1.2385,0
25.8361,0.9974,0
22.7530,1.2148,0
24.5869,1.6508,0
23.6937,0.9541,0
15.6837,1.6303,0
23.7673,2.3544,0
22.9992,1.0114,0
17.3275,2.0254,0
23.2598,1.1954,0
21.2701,1.2864,0
21.1253,1.3179,0
24.9700,0.8584,0
22.4182,0.9828,0
23.1626,1.1780,0
21.4152,1.9122,0
24.1846,1.0011,0
18.2239,0.8821,0
25.0570,0.4623,0
18.6022,1.7804,0
23.0377,1.2130,0
22.3404,0.8197,0
17.4483,1.5637,0
17.2974,2.4810,0
23.0216,0.7058,0
25.4202,1.3019,0
17.1593,0.2147,0
18.3859,1.3716,0
19.4561,1.3604,0
22.1827,0.0000,0
24.8601,1.0927,0
19.5095,0.7802,0
20.7717,0.7853,0
20.1976,0.0000,0
18.1549,1.3090,0
22.6343,0.9172,0
25.6286,1.1805,0
15.8712,1.7292,0
19.5989,2.1329,0
25.3141,1.0931,0
16.7473,2.2081,0
16.1052,0.8168,0
17.9272,0.6759,0
17.1052,1.3382,0
19.3076,1.9267,0
21.9495,1.2439,0
17.3228,1.0613,0
22.8645,1.8497,0
20.6110,0.7246,0
17.9054,1.2683,0
21.3959,2.1257,0
21.0204,1.6801,0
20.1933,0.1693,0
23.0688,0.9841,0
21.6440,1.6075,0
21.2594,0.3881,0
18.9832,0.4624,0
23.1412,2.1351,0
17.1277,2.1049,0
24.8162,0.0000,0
24.9854,0.0000,0
16.1337,0.0000,0
17.9909,0.0000,0
16.6484,0.0000,0
19.5706,0.0000,0
22.7703,0.0000,0
17.0035,0.0000,0
19.2337,0.0000,0
24.8416,0.0000,0
24.4103,0.0000,0
23.8695,0.0000,0
16.7302,0.0000,0
21.6344,0.0000,0
21.2570,0.0000,0
21.2495,0.0000,0
19.7907,0.0000,0
23.6165,0.0000,0
17.7283,0.0000,0
21.6512,0.0000,0
17.6705,0.0000,0
23.7271,0.0000,0
16.1145,0.0000,0
16.9168,0.0000,0
24.9179,0.0000,0
19.1963,0.0000,0
18.9135,0.0000,0
15.9439,0.0000,0
19.4052,0.0000,0
25.9299,0.0000,0
20.6942,0.0000,0
21.7606,0.0000,0
21.0706,0.0000,0
24.6877,0.0000,0
24.5618,0.0000,0
16.7770,0.0000,0
23.2363,0.0000,0
16.7263,0.0000,0
25.7236,0.0000,0
22.4957,0.0000,0
20.2178,0.0000,0
19.6335,0.0000,0
18.8533,0.0000,0
23.1149,0.0000,0
19.9913,0.0000,0
19.1093,0.0000,0
22.7520,0.0000,0
25.4781,0.0000,0
23.8184,0.0000,0
20.7283,0.0000,0
18.4263,0.0000,0
19.0150,0.0000,0
19.9329,0.0000,0
19.2878,0.0000,0
19.8641,0.0000,0
19.5901,0.0000,0
16.9586,0.0000,0
18.3050,0.0000,0
23.9918,0.0000,0
23.5020,0.0000,0
25.8922,0.0000,0
19.5283,0.0000,0
21.6417,0.0000,0
16.9773,0.0000,0
22.5430,0.0000,0
19.2928,0.0000,0
21.7182,0.0000,0
20.7779,0.0000,0
20.1301,0.0000,0
15.7507,0.0000,0
18.2617,0.0000,0
19.6312,0.0000,0
16.8047,0.0000,0
23.4438,0.0000,0
19.6156,0.0000,0
23.6037,0.0000,0
18.1249,0.0000,0
18.1716,0.0000,0
22.8567,0.0000,0
16.5287,0.0000,0
25.8874,0.0000,0
16.9472,0.0000,0
16.0470,0.0000,0
19.6235,0.0000,0
23.0435,0.0000,0
25.3281,0.0000,0
25.7631,0.0000,0
16.5284,0.0000,0
25.8074,0.0000,0
16.8520,0.0000,0
18.3839,0.0000,0
22.8218,0.0000,0
18.5565,0.0000,0
20.4537,0.0000,0
15.7052,0.0000,0
25.2323,0.0000,0
24.6465,0.0000,0
25.5561,0.0000,0
15.8359,0.0000,0
23.5294,0.0000,0
23.5399,0.0000,0
17.1470,0.0000,0
17.3940,0.0000,0
20.8052,0.0000,0
18.6941,0.0000,0
18.9465,0.0000,0
21.6040,0.0000,0
24.1549,0.0000,0
21.3533,0.0000,0
24.7528,0.0000,0
18.7162,0.0000,0
19.9676,0.0000,0
15.8739,0.0000,0
18.0596,0.0000,0
18.1398,0.0000,0
22.0981,0.0000,0
25.8019,0.0000,0
24.3457,0.0000,0
20.5575,0.0000,0
21.7055,0.0000,0
24.6816,0.0000,0
17.7860,0.0000,0
16.7648,0.0000,0
18.3369,0.0000,0
20.0285,0.0000,0
19.8460,0.0000,0
16.8616,0.0000,0
21.0879,0.0000,0
16.6816,0.0000,0
21.4615,0.0000,0
22.8487,0.0000,0
22.8084,0.0000,0
19.2087,0.0000,0
24.5924,0.0000,0
24.3705,0.0000,0
25.6455,0.0000,0
23.7119,0.0000,0
23.2686,0.0000,0
16.8717,0.0000,0
19.8877,0.0000,0
20.5472,0.0000,0
18.8457,0.0000,0
20.7386,0.0000,0
17.1667,0.0000,0
25.3945,0.0000,0
24.1146,0.0000,0
23.7572,0.0000,0
23.9564,0.0000,0
16.0506,0.0000,0
17.8643,0.0000,0
15.7300,0.0000,0
23.6273,0.0000,0
20.0772,0.0000,0
17.6431,0.0000,0
18.6949,0.0000,0
24.0925,0.0000,0
25.0756,0.0000,0
18.0993,0.0000,0
20.9660,0.0000,0
18.1825,0.0000,0
25.7265,0.0000,0
21.4912,0.0000,0
22.7715,0.0000,0
23.7723,0.0000,0
16.7033,0.0000,0
23.7679,0.0000,0
23.2790,0.0000,0
17.3381,0.0000,0
17.8004,0.0000,0
17.0371,0.0000,0
23.1897,0.0000,0
24.1784,0.0000,0
21.5645,0.0000,0
22.0970,0.0000,0
25.3228,0.0000,0
23.3819,0.0000,0
17.0827,0.0000,0
18.2445,0.0000,0
24.2737,0.0000,0
21.1312,0.0000,0
23.1005,0.0000,0
20.0007,0.0000,0
17.7206,0.0000,0
17.1290,0.0000,0
23.4707,0.0000,0
20.9286,0.0000,0
17.1577,0.0000,0
24.5052,0.0000,0
22.8685,0.0000,0
16.7520,0.0000,0
17.0059,0.0000,0
16.7552,0.0000,0
16.7040,0.0000,0
19.4336,0.0000,0
22.8586,0.0000,0
23.0223,0.0000,0
18.9568,0.0000,0
18.4986,0.0000,0
18.6933,0.0000,0
25.6435,0.0000,0
24.7664,0.0000,0
16.7512,0.0000,0
25.8831,0.0000,0
16.2468,0.0000,0
16.0312,0.0000,0
18.4528,0.0000,0
17.4534,0.0000,0
17.3284,0.0000,0
21.8845,0.0000,0
21.4584,0.0000,0
22.4689,0.0000,0
25.3288,0.0000,0
18.0984,0.0000,0
24.5237,0.0000,0
23.7974,0.0000,0
23.2465,0.0000,0
24.1073,0.0000,0
24.8728,0.0000,0
21.3869,0.0000,0
17.2679,0.0000,0
16.5653,0.0000,0
20.7974,0.0000,0
21.5301,0.0000,0
22.7401,0.0000,0
23.1783,0.0000,0
20.4246,0.0000,0
23.8446,0.0000,0
17.5400,0.0000,0
20.1639,0.0000,0
20.8548,0.0000,0
23.8300,0.0000,0
22.3244,0.0000,0
19.4589,0.0000,0
19.2958,0.0000,0
19.6074,0.0000,0
17.5423,0.0000,0
25.3028,0.0000,0
17.8260,0.0000,0
20.4176,0.0000,0
24.0100,0.0000,0
16.8191,0.0000,0
19.3941,0.0000,0
21.1205,0.0000,0
23.9256,0.0000,0
20.9618,0.0000,0
22.4633,0.0000,0
21.9914,0.0000,0
21.8393,0.0000,0
23.4846,0.0000,0
22.4038,0.0000,0
16.7175,0.0000,0
17.6075,0.0000,0
23.1927,0.0000,0
21.6001,0.0000,0
16.1764,0.0000,0
18.2936,0.0000,0
22.3584,0.0000,0
22.5538,0.0000,0
24.8312,0.0000,0
18.7217,0.0000,0
25.9277,0.0000,0
25.3585,0.0000,0
24.1067,0.0000,0
23.9113,0.0000,0
21.4888,0.0000,0
19.2721,0.0000,0
16.1762,0.0000,0
22.2388,0.0000,0
25.2763,0.0000,0
18.5804,0.0000,0
21.3969,0.0000,0
22.8084,0.0000,0
17.4033,0.0000,0
25.6159,0.0000,0
16.1152,0.0000,0
20.5744,0.0000,0
24.3950,0.0000,0
16.0922,0.0000,0
23.2550,0.0000,0
23.9913,0.0000,0
21.7222,0.0000,0
16.2619,0.0000,0
21.1063,0.0000,0
17.9802,0.0000,0
23.0480,0.0000,0
21.6187,0.0000,0
22.1134,0.0000,0
21.3615,0.0000,0
21.0082,0.0000,0
17.6519,0.0000,0
22.2302,0.0000,0
16.4175,0.0000,0
23.8350,0.0000,0
16.6866,0.0000,0
18.7196,0.0000,0
22.8937,0.0000,0
19.1793,0.0000,0
16.7369,0.0000,0
16.1387,0.0000,0
24.4822,0.0000,0
23.0061,0.0000,0
15.8473,0.0000,0
17.2412,0.0000,0
23.2950,0.0000,0
20.1053,0.0000,0
24.2632,0.0000,0
25.1785,0.0000,0
25.5887,0.0000,0
25.7038,0.0000,0
16.9179,0.0000,0
20.3968,0.0000,0
19.7997,0.0000,0
18.1230,0.0000,0
23.2301,0.0000,0
19.0348,0.0000,0
24.3124,0.0000,0
19.5446,0.0000,0
18.0665,0.0000,0
21.7998,0.0000,0
25.7283,0.0000,0
21.4113,0.0000,0
18.1204,0.0000,0
17.9429,0.0000,0
23.8618,0.0000,0
20.6842,0.0000,0
24.2544,0.0000,0
15.9538,0.0000,0
24.2453,0.0000,0
19.8836,0.0000,0
23.1243,0.0000,0
19.6299,0.0000,0
25.6956,0.0000,0
21.9138,0.0000,0
24.3805,0.0000,0
21.8375,0.0000,0
25.0207,0.0000,0
20.0974,0.0000,0
23.3232,0.0000,0
17.8562,0.0000,0
24.5645,0.0000,0
16.3424,0.0000,0
21.2433,0.0000,0
15.8470,0.0000,0
16.9591,0.0000,0
21.0224,0.0000,0
18.9716,0.0000,0
21.4853,0.0000,0
21.9985,0.0000,0
24.7961,0.0000,0
17.7207,0.0000,0
17.6866,0.0000,0
22.9730,0.0000,0
16.1662,0.0000,0
17.1548,0.0000,0
16.8528,0.0000,0
24.1559,0.0000,0
23.2664,0.0000,0
18.0483,0.0000,0
16.1039,0.0000,0
19.7525,0.0000,0
20.3584,0.0000,0
16.1701,0.0000,0
15.9162,0.0000,0
20.4199,0.0000,0
16.2754,0.0000,0
25.5742,0.0000,0
15.7457,0.0000,0
17.7047,0.0000,0
19.3551,0.0000,0
17.9326,0.0000,0
22.8348,0.0000,0
16.8305,0.0000,0
18.3447,0.0000,0
16.1612,0.0000,0
20.4589,0.0000,0
21.9978,0.0000,0
24.9166,0.0000,0
18.3434,0.0000,0
21.0733,0.0000,0
23.8515,0.0000,0
24.7365,0.0000,0
16.3039,0.0000,0
20.4024,0.0000,0
20.4892,0.0000,0
22.2868,0.0000,0
16.1458,0.0000,0
21.3055,0.0000,0
18.5099,0.0000,0
18.9219,0.0000,0
18.1116,0.0000,0
17.1374,0.0000,0
25.8267,0.0000,0
21.2135,0.0000,0
19.7152,0.0000,0
23.4270,0.0000,0
18.3865,0.0000,0
18.0701,0.0000,0
22.8222,0.0000,0
25.5441,0.0000,0
22.9398,0.0000,0
19.1226,0.0000,0
17.3702,0.0000,0
20.7199,0.0000,0
15.7796,0.0000,0
20.1045,0.0000,0
24.4270,0.0000,0
23.5573,0.0000,0
18.3925,0.0000,0
20.1613,0.0000,0
15.8700,0.0000,0
20.0998,0.0000,0
23.5859,0.0000,0
22.6014,0.0000,0
21.0788,0.0000,0
19.1274,0.0000,0
22.1231,0.0000,0
15.7498,0.0000,0
24.8123,0.0000,0
16.7615,0.0000,0
19.0327,0.0000,0
18.0731,0.0000,0
23.1614,0.0000,0
24.5002,0.0000,0
25.5363,0.0000,0
17.7494,0.0000,0
21.7547,0.0000,0
16.6259,0.0000,0
24.9921,0.0000,0
20.9779,0.0000,0
23.4415,0.0000,0
21.2029,0.0000,0
17.5529,0.0000,0
18.9065,0.0000,0
25.8189,0.0000,0
16.4361,0.0000,0
25.2238,0.0000,0
24.0744,0.0000,0
20.2981,0.0000,0
21.3427,0.0000,0
18.0036,0.0000,0
22.7616,0.0000,0
16.6522,0.0000,0
15.9668,0.0000,0
24.2519,0.0000,0
17.4369,0.0000,0
24.3445,0.0000,0
22.2970,0.0000,0
19.8694,0.0000,0
18.3962,0.0000,0
19.0632,0.0000,0
18.9557,0.0000,0
25.1286,0.0000,0
22.8611,0.0000,0
25.0795,0.0000,0
16.0882,0.0000,0
19.4193,0.0000,0
18.5018,0.0000,0
25.2226,0.0000,0
19.3852,0.0000,0
18.6971,0.0000,0
21.5198,0.0000,0
22.5469,0.0000,0
19.6920,0.0000,0
18.4610,0.0000,0
17.4817,0.0000,0
23.9534,0.0000,0
21.5625,0.0000,0
19.3378,0.0000,0
16.2334,0.0000,0
17.0540,0.0000,0
18.3220,0.0000,0
23.2469,0.0000,0
25.3566,0.0000,0
25.6337,0.0000,0
18.1263,0.0000,0
17.7073,0.0000,0
16.6425,0.0000,0
23.5593,0.0000,0
19.8866,0.0000,0
22.5756,0.0000,0
25.7261,0.0000,0
19.6074,0.0000,0
16.8985,0.0000,0
17.0125,0.0000,0
22.8234,0.0000,0
23.7488,0.0000,0
20.6939,0.0000,0
20.8350,0.0000,0
22.8807,0.0000,0
24.4412,0.0000,0
24.8568,0.0000,0
24.1853,0.0000,0
18.2929,0.0000,0
20.3923,0.0000,0
25.6880,0.0000,0
22.7266,0.0000,0
23.6580,0.0000,0
18.5939,0.0000,0
25.9487,0.0000,0
17.3043,0.0000,0
19.1550,0.0000,0
19.4295,0.0000,0
21.5595,0.0000,0
23.5013,0.0000,0
25.7170,0.0000,0
21.3090,0.0000,0
17.4822,0.0000,0
19.1712,0.0000,0
25.2195,0.0000,0
24.8839,0.0000,0
24.3046,0.0000,0
19.8353,0.0000,0
24.0727,0.0000,0
19.7361,0.0000,0
17.8150,0.0000,0
19.6041,0.0000,0
17.5447,0.0000,0
18.0189,0.0000,0
20.7829,0.0000,0
17.5140,0.0000,0
25.7242,0.0000,0
25.9242,0.0000,0
25.4429,0.0000,0
20.6363,0.0000,0
17.6279,0.0000,0
19.3144,0.0000,0
18.1842,0.0000,0
18.5824,0.0000,0
25.8945,0.0000,0
19.3364,0.0000,0
25.4269,0.0000,0
20.9625,0.0000,0
24.7494,0.0000,0
25.7780,0.0000,0
22.5366,0.0000,0
17.0262,0.0000,0
20.5482,0.0000,0
20.3175,0.0000,0
23.8575,0.0000,0
25.6118,0.0000,0
23.0613,0.0000,0
19.2334,0.0000,0
22.5474,0.0000,0
18.9618,0.0000,0
16.6026,0.0000,0
22.2318,0.0000,0
24.2952,0.0000,0
18.7429,0.0000,0
17.9906,0.0000,0
19.7006,0.0000,0
18.4198,0.0000,0
23.7950,0.0000,0
25.3238,0.0000,0
20.0753,0.0000,0
22.3735,0.0000,0
25.7395,0.0000,0
22.7027,0.0000,0
21.1391,0.0000,0
22.3014,0.0000,0
15.9750,0.0000,0
16.2076,0.0000,0
21.3638,0.0000,0
21.5727,0.0000,0
16.8262,0.0000,0
16.1542,0.0000,0
22.6466,0.0000,0
16.7151,0.0000,0
23.8723,0.0000,0
24.4222,0.0000,0
16.3333,0.0000,0
23.9075,0.0000,0
22.8516,0.0000,0
18.4966,0.0000,0
19.5262,0.0000,0
24.4803,0.0000,0
25.1825,0.0000,0
19.7244,0.0000,0
24.8292,0.0000,0
23.7580,0.0000,0
23.8283,0.0000,0
15.7368,0.0000,0
15.9996,0.0000,0
23.1901,0.0000,0
20.8338,0.0000,0
22.8295,0.0000,0
17.1320,0.0000,0
20.1040,0.0000,0
17.1952,0.0000,0
24.0383,0.0000,0
21.1632,1.2503,0
17.2813,1.0877,0
15.7147,2.1956,0
16.7343,0.8743,0
20.7768,0.9440,0
23.2604,1.9247,0
19.2797,1.4804,0
18.8409,0.1427,0
20.5188,1.1796,0
25.4788,1.8054,0
17.9162,1.4782,0
23.1337,1.2951,0
15.6778,0.7477,0
25.3807,1.0139,0
20.5367,1.3607,0
21.5039,1.7118,0
21.7755,1.2046,0
17.2792,0.7996,0
22.1611,1.2222,0
16.2605,1.4748,0
20.8883,0.9379,0
16.0052,0.2208,0
24.7252,1.3568,0
19.0131,0.8232,0
24.9362,1.8893,0
20.1865,2.1318,0
21.7016,1.1118,0
17.6179,1.7154,0
23.5851,1.5267,0
19.2665,0.4889,0
22.9820,2.1611,0
25.3135,0.3703,0
20.6377,1.1538,0
23.6671,2.0321,0
16.5599,1.0524,0
17.0059,1.0995,0
21.9752,1.5474,0
18.9694,0.6483,0
20.8670,0.9506,0
18.8126,0.5939,0
19.0585,1.6041,0
18.0255,1.5484,0
16.8498,1.1423,0
22.3342,1.7176,0
21.1746,1.1647,0
25.0444,1.1514,0
18.8477,1.0512,0
20.3924,0.9701,0
25.3212,1.1342,0
25.5638,1.1904,0
19.3590,1.1147,0
15.8401,1.6605,0
18.5067,1.5672,0
21.1544,2.2783,0
19.1074,2.1202,0
23.3352,1.3125,0
23.1748,1.4763,0
25.6520,1.2386,0
16.6870,0.6266,0
21.6516,1.3323,0
21.3794,2.2979,0
24.7870,0.1892,0
17.3706,1.2838,0
17.2093,1.2768,0
19.6973,1.8920,0
20.4573,1.6483,0
20.4273,1.6702,0
20.8525,1.5843,0
18.6193,0.9111,0
25.9069,0.7935,0
25.0317,0.2885,0
20.0910,1.1313,0
17.6371,1.9821,0
25.7091,1.9794,0
23.5190,1.1033,0
21.5871,1.8850,0
17.0879,1.2889,0
22.0973,1.9746,0
21.3331,2.2751,0
19.3067,0.4109,0
23.9540,0.6047,0
18.4561,1.3241,0
17.1690,0.8312,0
19.2042,1.2551,0
22.1372,1.2965,0
22.2586,1.3415,0
21.0354,1.0916,0
18.0851,1.7452,0
23.9943,0.7031,0
18.3061,1.0894,0
20.2873,1.0446,0
16.5803,0.9798,0
19.5455,1.4333,0
16.7363,2.1644,0
16.0411,0.9844,0
23.8996,2.3668,0
15.6367,2.3400,0
20.0357,2.0501,0
19.9774,1.7282,0
25.9271,2.1150,0
24.9873,1.0909,0
16.5696,0.7922,0
23.5258,1.3072,0
20.2074,0.6532,0
22.2902,1.6867,0
23.6297,1.6062,0
24.2374,1.6130,0
16.6851,0.9465,0
20.0696,0.8269,0
17.6180,0.9979,0
17.9743,1.2845,0
23.8647,1.1249,0
20.5707,0.7525,0
19.2947,0.9835,0
23.3743,0.9077,0
17.8948,1.0921,0
21.6571,1.2711,0
21.4061,1.8312,0
16.8881,1.2775,0
18.3693,0.8379,0
22.7332,1.8169,0
17.9128,1.0241,0
18.5343,0.7117,0
22.0611,2.0499,0
25.9591,2.0172,0
18.1601,1.9677,0
17.4636,1.2436,0
25.1859,1.4058,0
21.6809,1.7454,0
24.4326,1.3925,0
21.9894,1.4281,0
22.4344,1.3808,0
21.4305,1.8798,0
21.1621,3.2264,0
22.8223,0.7175,0
23.1581,0.9662,0
22.6512,0.7121,0
19.2467,1.4251,0
22.4073,0.9135,0
22.4188,1.5120,0
21.5035,0.8058,0
18.6807,2.5476,0
23.0635,1.2321,0
24.7016,0.7839,0
24.9946,1.2638,0
17.6534,0.8054,0
19.4157,1.1278,0
22.6201,1.7129,0
16.2573,0.8636,0
17.4565,2.2862,0
23.0827,1.2072,0
21.3123,1.4825,0
20.7666,1.9721,0
23.5223,0.9612,0
16.9608,1.8243,0
16.7877,2.2370,0
25.5408,1.0507,0
21.8860,0.5133,0
21.9802,0.8161,0
18.5454,1.0439,0
20.6810,2.0191,0
23.0176,2.0847,0
25.7941,2.4400,0
18.8652,1.9263,0
20.9279,0.2939,0
18.5265,1.2433,0
23.8484,1.8654,0
15.8149,0.7267,0
25.1199,0.7344,0
18.2416,1.5269,0
20.6028,1.5767,0
19.2529,1.1719,0
20.6560,0.7460,0
21.3719,1.9859,0
20.0199,0.7029,0
18.7023,1.2337,0
19.1518,0.5782,0
17.2577,1.8954,0
22.6398,1.8266,0
24.9467,2.0105,0
18.1462,1.4319,0
19.6404,1.4021,0
19.5958,2.1125,0
22.0146,2.1056,0
21.5588,2.2148,0
22.5902,1.3900,0
21.1767,0.7077,0
21.8085,0.9752,0
19.3570,1.4334,0
16.5950,2.7034,0
19.0700,2.0942,0
24.8311,2.2708,0
18.7609,0.9836,0
22.1825,1.0798,0
21.3419,1.8262,0
22.6304,0.3113,0
23.6742,2.0905,0
19.7448,1.4511,0
22.6149,0.1900,0
18.3762,0.0000,0
19.0315,0.0693,0
25.9107,1.7930,0
21.6122,1.9237,0
20.8845,2.5124,0
16.6038,0.8767,0
20.1263,1.2306,0
23.1643,1.4836,0
19.4757,1.8807,0
22.5491,1.4218,0
17.8942,1.3378,0
15.8809,0.7912,0
17.5117,1.3785,0
16.3118,0.6734,0
16.8485,1.4841,0
16.8572,1.6934,0
23.7762,0.6215,0
21.7629,1.0688,0
21.4515,1.6792,0
21.9202,1.0618,0
21.6419,0.3370,0
20.3288,1.1951,0
23.9774,0.7327,0
23.8191,1.6845,0
18.9768,2.2231,0
22.7039,1.5354,0
17.0402,2.2950,0
16.0826,0.4710,0
21.5715,3.0411,0
20.6969,1.8916,0
21.1977,0.9536,0
18.9239,1.2906,0
25.2943,2.0657,0
15.8612,2.3731,0
17.7069,0.2579,0
25.1389,1.3267,0
19.2008,0.8406,0
17.9867,1.1049,0
18.2514,1.4596,0
19.1442,0.5437,0
18.1817,0.9711,0
16.2946,1.3187,0
24.5347,0.5638,0
24.7139,0.9257,0
23.4551,1.5379,0
18.4104,1.8467,0
24.0699,2.2613,0
17.2976,0.1356,0
19.1968,1.6946,0
23.3163,1.3080,0
25.4715,1.5406,0
24.4958,0.2321,0
19.3750,0.8234,0
17.0936,1.3231,0
16.0958,1.0952,0
23.7089,1.2094,0
18.8818,1.9537,0
20.3140,0.0000,0
21.0343,0.0000,0
23.4617,0.0000,0
20.3711,0.0000,0
18.3118,0.0000,0
24.8649,0.0000,0
25.2486,0.0000,0
24.1423,0.0000,0
20.2754,0.0000,0
24.1036,0.0000,0
22.7228,0.0000,0
20.0271,0.0000,0
18.7462,0.0000,0
24.3839,0.0000,0
23.2542,0.0000,0
19.8624,0.0000,0
20.7466,0.0000,0
15.9390,0.0000,0
21.6642,0.0000,0
24.2792,0.0000,0
21.0520,0.0000,0
25.6582,0.0000,0
15.8922,0.0000,0
18.1228,0.0000,0
20.8879,0.0000,0
24.6404,0.0000,0
25.3249,0.0000,0
19.3679,0.0000,0
18.0031,0.0000,0
24.9186,0.0000,0
23.5452,0.0000,0
19.9618,0.0000,0
24.7087,0.0000,0
20.6503,0.0000,0
18.5269,0.0000,0
23.0722,0.0000,0
17.7046,0.0000,0
21.2731,0.0000,0
17.1589,0.0000,0
18.6546,0.0000,0
21.3325,0.0000,0
20.1263,0.0000,0
19.7498,0.0000,0
15.9072,0.0000,0
21.8509,0.0000,0
22.3685,0.0000,0
20.1097,0.0000,0
15.8665,0.0000,0
20.4780,0.0000,0
25.7477,0.0000,0
18.3115,0.0000,0
19.2640,0.0000,0
25.5299,0.0000,0
22.1814,0.0000,0
24.7000,0.0000,0
18.1694,0.0000,0
22.1143,0.0000,0
16.9344,0.0000,0
19.8960,0.0000,0
23.0631,0.0000,0
23.4759,0.0000,0
19.5208,0.0000,0
23.0716,0.0000,0
20.4915,0.0000,0
22.6767,0.0000,0
19.8962,0.0000,0
20.1201,0.0000,0
25.6333,0.0000,0
22.8957,0.0000,0
15.8315,0.0000,0
19.7929,0.0000,0
23.2665,0.0000,0
25.6833,0.0000,0
17.9294,0.0000,0
19.4379,0.0000,0
18.7108,0.0000,0
23.9940,0.0000,0
19.9390,0.0000,0
22.3656,0.0000,0
24.6350,0.0000,0
17.7549,0.0000,0
17.2561,0.0000,0
23.5732,0.0000,0
16.3817,0.0000,0
25.0392,0.0000,0
22.0167,0.0000,0
17.3854,0.0000,0
20.9640,0.0000,0
22.5563,0.0000,0
16.3620,0.0000,0
16.5421,0.0000,0
19.4848,0.0000,0
15.7266,0.0000,0
20.6122,0.0000,0
16.1403,0.0000,0
20.2560,0.0000,0
19.7443,0.0000,0
18.4260,0.0000,0
18.7461,0.0000,0
19.3160,0.0000,0
25.9934,0.0000,0
16.6241,0.0000,0
19.4888,0.0000,0
24.6445,0.0000,0
25.4410,0.0000,0
20.0475,0.0000,0
19.8805,0.0000,0
20.2536,0.0000,0
24.5468,0.0000,0
18.6976,0.0000,0
22.2480,0.0000,0
16.2341,0.0000,0
17.9197,0.0000,0
18.4726,0.0000,0
24.7937,0.0000,0
17.5206,0.0000,0
17.1739,0.0000,0
24.1048,0.0000,0
22.3588,0.0000,0
17.0720,0.0000,0
23.1495,0.0000,0
23.9279,0.0000,0
20.4911,0.0000,0
16.9688,0.0000,0
21.6431,0.0000,0
19.2165,0.0000,0
24.9439,0.0000,0
19.6556,0.0000,0
21.8683,0.0000,0
15.9570,0.0000,0
18.5945,0.0000,0
20.7255,0.0000,0
23.3665,0.0000,0
17.2000,0.0000,0
25.6931,0.0000,0
19.0829,0.0000,0
22.3610,0.0000,0
20.8648,0.0000,0
20.2911,0.0000,0
21.6713,0.0000,0
16.4903,0.0000,0
16.7475,0.0000,0
24.4821,0.0000,0
17.7109,0.0000,0
20.0830,0.0000,0
16.5201,0.0000,0
17.4494,0.0000,0
23.0195,0.0000,0
17.0016,0.0000,0
18.7894,0.0000,0
16.3914,0.0000,0
19.9214,0.0000,0
19.1135,0.0000,0
18.6055,0.0000,0
25.9429,0.0000,0
22.4996,0.0000,0
17.3759,0.0000,0
23.4824,0.0000,0
25.7635,0.0000,0
25.6891,0.0000,0
18.5438,0.0000,0
18.9545,0.0000,0
18.9383,0.0000,0
21.9248,0.0000,0
22.5605,0.0000,0
16.0822,0.0000,0
16.6220,0.0000,0
25.9257,0.0000,0
17.9641,0.0000,0
17.9333,0.0000,0
21.8488,0.0000,0
17.3177,0.0000,0
25.8176,0.0000,0
17.8238,0.0000,0
24.4162,0.0000,0
15.6478,0.0000,0
24.2600,0.0000,0
21.5419,0.0000,0
16.2941,0.0000,0
20.7889,0.0000,0
23.3726,0.0000,0
24.7028,0.0000,0
15.8766,0.0000,0
16.1784,0.0000,0
19.1937,0.0000,0
24.0344,0.0000,0
17.8739,0.0000,0
19.4643,0.0000,0
16.1374,0.0000,0
19.0468,0.0000,0
16.6892,0.0000,0
22.8220,0.0000,0
22.9697,0.0000,0
15.7059,0.0000,0
19.2366,0.0000,0
21.8229,0.0000,0
22.3483,0.0000,0
20.9807,0.0000,0
22.0179,0.0000,0
19.1753,0.0000,0
23.2013,0.0000,0
19.8979,0.0000,0
20.9248,0.0000,0
24.9550,0.0000,0
22.8845,0.0000,0
19.0738,0.0000,0
24.4834,0.0000,0
23.4139,0.0000,0
21.1449,0.0000,0
17.8765,0.0000,0
25.7118,0.0000,0
19.4079,0.0000,0
23.5294,0.0000,0
25.9810,0.0000,0
16.9015,0.0000,0
22.4466,0.0000,0
22.0201,0.0000,0
24.9787,0.0000,0
19.9450,0.0000,0
20.7851,0.0000,0
22.8307,0.0000,0
16.7844,0.0000,0
21.2064,0.0000,0
21.2124,0.0000,0
21.0651,0.0000,0
16.4107,0.0000,0
20.7560,0.0000,0
22.0294,0.0000,0
22.0825,0.0000,0
17.3203,0.0000,0
21.1496,0.0000,0
19.5180,0.0000,0
18.2636,0.0000,0
21.9844,0.0000,0
19.5917,0.0000,0
17.3174,0.0000,0
24.4402,0.0000,0
17.8901,0.0000,0
19.4507,0.0000,0
19.6797,0.0000,0
17.4019,0.0000,0
16.5611,0.0000,0
25.4898,0.0000,0
21.0506,0.0000,0
23.9818,0.0000,0
18.9186,0.0000,0
16.8359,0.0000,0
16.1598,0.0000,0
21.9206,0.0000,0
16.4581,0.0000,0
22.4578,0.0000,0
19.2375,0.0000,0
19.3022,0.0000,0
21.7447,0.0000,0
18.2188,0.0000,0
24.5076,0.0000,0
23.1029,0.0000,0
22.1397,0.0000,0
24.3006,0.0000,0
25.8294,0.0000,0
21.9310,0.0000,0
21.4184,0.0000,0
16.9492,0.0000,0
22.1654,0.0000,0
25.8977,0.0000,0
18.7954,0.0000,0
18.1613,0.0000,0
17.8230,0.0000,0
23.0313,0.0000,0
18.4040,0.0000,0
21.9003,0.0000,0
25.8699,0.0000,0
15.6903,0.0000,0
19.0490,0.0000,0
23.6751,0.0000,0
18.2057,0.0000,0
21.8272,0.0000,0
17.2456,0.0000,0
24.0642,0.0000,0
20.8584,0.0000,0
19.7955,0.0000,0
21.3208,0.0000,0
18.9492,0.0000,0
21.2282,0.0000,0
22.9124,0.0000,0
17.1970,0.0000,0
19.9460,0.0000,0
16.5038,0.0000,0
25.7913,0.0000,0
21.3782,0.0000,0
24.2527,0.0000,0
21.5534,0.0000,0
19.7321,0.0000,0
20.3117,0.0000,0
20.4127,0.0000,0
17.5723,0.0000,0
23.1182,0.0000,0
16.0072,0.0000,0
20.1162,0.0000,0
19.1648,0.0000,0
17.2709,0.0000,0
24.8863,0.0000,0
23.1003,0.0000,0
18.7088,0.0000,0
18.8582,0.0000,0
19.2057,0.0000,0
25.0120,0.0000,0
18.3556,0.0000,0
23.5207,0.0000,0
23.0246,0.0000,0
21.2184,0.0000,0
23.5742,0.0000,0
24.3369,0.0000,0
21.4771,0.0000,0
25.6885,0.0000,0
19.5083,0.0000,0
20.1393,0.0000,0
24.2246,0.0000,0
19.0077,0.0000,0
20.2691,0.0000,0
16.1332,0.0000,0
17.8840,0.0000,0
25.4454,0.0000,0
15.7581,0.0000,0
18.5128,0.0000,0
17.4142,0.0000,0
25.1284,0.0000,0
20.9860,0.0000,0
24.9354,0.0000,0
24.4674,0.0000,0
16.5423,0.0000,0
24.8104,0.0000,0
16.3231,0.0000,0
17.2678,0.0000,0
23.4934,0.0000,0
25.9497,0.0000,0
19.4263,0.0000,0
17.0082,0.0000,0
24.6116,0.0000,0
16.4311,0.0000,0
20.4007,0.0000,0
19.0570,0.0000,0
25.1541,0.0000,0
23.8813,0.0000,0
18.0664,0.0000,0
16.0586,0.0000,0
25.2757,0.0000,0
21.4924,0.0000,0
23.3782,0.0000,0
17.0685,0.0000,0
17.1982,0.0000,0
23.6391,0.0000,0
16.1345,0.0000,0
17.7562,0.0000,0
25.7372,0.0000,0
22.7515,0.0000,0
18.9254,0.0000,0
21.5952,0.0000,0
23.0935,0.0000,0
16.8425,0.0000,0
21.8404,0.0000,0
24.8505,0.0000,0
22.6735,0.0000,0
21.1745,0.0000,0
18.4365,0.0000,0
25.4971,0.0000,0
22.9164,0.0000,0
24.0413,0.0000,0
19.3550,0.0000,0
18.0854,0.0000,0
17.4603,0.0000,0
21.9125,0.0000,0
19.8628,0.0000,0
20.4995,0.0000,0
22.9536,0.0000,0
21.8590,0.0000,0
25.9472,0.0000,0
22.1667,0.0000,0
16.8003,0.0000,0
24.7474,0.0000,0
23.9024,0.0000,0
19.3891,0.0000,0
21.2161,0.0000,0
22.9044,0.0000,0
20.8544,0.0000,0
18.7374,0.0000,0
24.4080,0.0000,0
19.0333,0.0000,0
17.1934,0.0000,0
17.6342,0.0000,0
18.8907,0.0000,0
15.8676,0.0000,0
24.4076,0.0000,0
16.4424,0.0000,0
20.1028,0.0000,0
16.6000,0.0000,0
16.8487,0.0000,0
25.1926,0.0000,0
21.1883,0.0000,0
22.0835,0.0000,0
17.4137,0.0000,0
20.1920,0.0000,0
18.4980,0.0000,0
21.7469,0.0000,0
25.6363,0.0000,0
22.1767,0.0000,0
19.6519,0.0000,0
21.9024,0.0000,0
17.2020,0.0000,0
17.3796,0.0000,0
25.7984,0.0000,0
24.5171,0.0000,0
20.2344,0.0000,0
16.1896,0.0000,0
24.3103,0.0000,0
24.1197,0.0000,0
18.2463,0.0000,0
19.6641,0.0000,0
21.2046,0.0000,0
15.7140,0.0000,0
20.8630,0.0000,0
19.7598,0.0000,0
16.8021,0.0000,0
21.9952,0.0000,0
19.8062,0.0000,0
19.4026,0.0000,0
21.5816,0.0000,0
16.1663,0.0000,0
15.9064,0.0000,0
18.5508,0.0000,0
22.2930,0.0000,0
23.2951,0.0000,0
20.6685,0.0000,0
15.9563,0.0000,0
19.3115,0.0000,0
21.0794,0.0000,0
16.9835,0.0000,0
24.2172,0.0000,0
18.3917,0.0000,0
16.6613,0.0000,0
16.3145,0.0000,0
23.6342,0.0000,0
18.4336,0.0000,0
21.1471,0.0000,0
22.4722,0.0000,0
19.4481,0.0000,0
22.2666,0.0000,0
25.9361,0.0000,0
17.1152,0.0000,0
16.4317,0.0000,0
19.0838,0.0000,0
19.5670,0.0000,0
21.9406,0.0000,0
20.4036,0.0000,0
17.0992,0.0000,0
25.7956,0.0000,0
24.7117,0.0000,0
20.3621,0.0000,0
25.1719,0.0000,0
21.9710,0.0000,0
19.3773,0.0000,0
17.3967,0.0000,0
24.1605,0.0000,0
21.8646,0.0000,0
18.4908,0.0000,0
21.3940,0.0000,0
22.3250,0.0000,0
25.6453,0.0000,0
23.0108,0.0000,0
22.1371,0.0000,0
23.1511,0.0000,0
23.6844,0.0000,0
16.2369,0.0000,0
21.7197,0.0000,0
23.4568,0.0000,0
23.0109,0.0000,0
20.8679,0.0000,0
25.6868,0.0000,0
19.3723,0.0000,0
15.6627,0.0000,0
23.6039,0.0000,0
19.4397,0.0000,0
17.0141,0.0000,0
18.5440,0.0000,0
22.8548,0.0000,0
24.1692,0.0000,0
16.6937,0.0000,0
20.5222,0.0000,0
16.4930,0.0000,0
24.2618,0.0000,0
22.6913,0.0000,0
22.6721,0.0000,0
25.2863,0.0000,0
16.2037,0.0000,0
16.7676,0.0000,0
23.7346,0.0000,0
24.5960,0.0000,0
25.2680,0.0000,0
25.5012,0.0000,0
21.0393,0.0000,0
17.3906,0.0000,0
16.4728,0.0000,0
21.0222,0.0000,0
17.4616,0.0000,0
16.3506,0.0000,0
18.4690,0.0000,0
16.9074,0.0000,0
23.8857,0.0000,0
16.0549,0.0000,0
21.8543,0.0000,0
24.2906,0.0000,0
20.3520,0.0000,0
19.0829,0.0000,0
16.5554,0.0000,0
19.9654,0.0000,0
15.6398,0.0000,0
21.3364,0.0000,0
22.2836,0.0000,0
25.1485,0.0000,0
18.4924,0.0000,0
20.2653,0.0000,0
25.3493,0.0000,0
16.5042,0.0000,0
18.3215,0.0000,0
20.9713,0.0000,0
24.6757,0.0000,0
17.8344,0.0000,0
19.6833,0.0000,0
18.7417,0.0000,0
17.8095,0.0000,0
25.5925,0.0000,0
23.7259,0.0000,0
16.7609,0.0000,0
17.3376,0.0000,0
20.1821,0.0000,0
17.4423,0.0000,0
18.9912,0.0000,0
16.9976,0.0000,0
18.5870,0.0000,0
23.1624,0.0000,0
15.6574,0.0000,0
17.5856,0.0000,0
15.8681,0.0000,0
21.2739,0.0000,0
21.6614,0.0000,0
19.2186,0.0000,0
20.2745,0.0000,0
25.6233,0.0000,0
15.8219,0.0000,0
20.5167,0.0000,0
23.7265,0.0000,0
16.3646,0.0000,0
23.5926,0.0000,0
23.1643,0.0000,0
19.9760,0.0000,0
19.4718,0.0000,0
22.8410,0.0000,0
16.2819,0.0000,0
18.4023,0.0000,0
16.9574,0.0000,0
18.7058,0.0000,0
17.1401,0.0000,0
15.7953,0.0000,0
21.2285,0.0000,0
16.3513,0.0000,0
22.6672,0.0000,0
17.8872,0.0000,0
16.2225,0.0000,0
25.0542,0.0000,0
19.6037,0.0000,0
18.3220,0.0000,0
20.0351,0.0000,0
21.9175,0.0000,0
22.7640,0.0000,0
24.0468,0.0000,0
23.0682,0.0000,0
24.6101,0.0000,0
16.5157,0.0000,0
19.0072,0.0000,0
17.4022,0.0000,0
22.9021,0.0000,0
20.3762,0.0000,0
19.0632,0.0000,0
25.9673,0.0000,0
25.0280,0.0000,0
16.6621,0.0000,0
16.2666,0.0000,0
19.9833,0.0000,0
20.1855,0.0000,0
15.8359,0.0000,0
22.2610,0.0000,0
17.4669,0.0000,0
25.9410,0.0000,0
16.5284,0.0000,0
17.7289,0.0000,0
23.3394,0.0000,0
19.6053,0.0000,0
21.8272,0.0000,0
22.8008,0.0000,0
20.2323,0.0000,0
18.6845,0.0000,0
18.5196,0.0000,0
21.2696,0.0000,0
25.2360,0.0000,0
16.7063,0.0000,0
22.6824,0.0000,0
17.8009,0.0000,0
18.3603,0.0000,0
18.9793,0.0000,0
20.6514,0.0000,0
25.0270,0.0000,0
25.7780,0.0000,0
17.9188,0.0000,0
21.5896,0.0000,0
21.5032,0.0000,0
19.0261,0.0000,0
22.7063,0.0000,0
17.0435,0.0000,0
22.2945,0.0000,0
25.4139,0.0000,0
18.3501,0.0000,0
21.2261,0.0000,0
18.1572,0.0000,0
17.0552,0.0000,0
15.9470,0.0000,0
25.7832,0.0000,0
22.4467,0.0000,0
25.1650,0.0000,0
23.1511,0.0000,0
18.7852,0.0000,0
25.8467,0.0000,0
16.2839,0.0000,0
16.0374,0.0000,0
23.6309,0.0000,0
18.5129,0.0000,0
17.8586,0.0000,0
18.8783,0.0000,0
20.3172,0.0000,0
17.9581,0.0000,0
23.2393,0.0000,0
24.5269,0.0000,0
18.7699,0.0000,0
20.0146,0.0000,0
16.3103,0.0000,0
24.2954,0.0000,0
16.1379,0.0000,0
19.0680,0.0000,0
16.7704,0.0000,0
15.9646,0.0000,0
23.9362,0.0000,0
18.2816,0.0000,0
16.5687,0.0000,0
15.9285,0.0000,0
16.4292,0.0000,0
23.1495,0.0000,0
18.0127,0.0000,0
22.1000,0.0000,0
16.7293,0.0000,0
19.3558,0.0000,0
17.7006,0.0000,0
23.5458,0.0000,0
22.6383,0.0000,0
16.3766,0.0000,0
24.6521,0.0000,0
19.1188,0.0000,0
19.6637,0.0000,0
23.7196,0.0000,0
19.9019,0.0000,0
24.6723,0.0000,0
16.8997,0.0000,0
17.4142,0.0000,0
23.9486,0.0000,0
23.6733,0.0000,0
25.0892,0.0000,0
25.0026,0.0000,0
24.2799,0.0000,0
20.8483,0.0000,0
20.9192,0.0000,0
17.3123,0.0000,0
23.5255,0.0000,0
22.8345,0.0000,0
15.8732,0.0000,0
21.5086,0.0000,0
21.4963,0.0000,0
18.0126,0.0000,0
23.3624,0.0000,0
25.2926,0.0000,0
20.7183,0.0000,0
25.5480,0.0000,0
25.9616,0.0000,0
22.9658,0.0000,0
24.0827,0.0000,0
22.7168,0.0000,0
17.7798,0.0000,0
18.3516,0.0000,0
24.7616,0.0000,0
24.6758,0.0000,0
19.5869,0.0000,0
25.6757,0.0000,0
19.1927,0.0000,0
21.0524,0.0000,0
17.5252,0.0000,0
18.9186,0.0000,0
23.1783,0.0000,0
22.9634,0.0000,0
25.9742,0.0000,0
16.4921,0.0000,0
19.8631,0.0000,0
23.4169,0.0000,0
16.7491,0.0000,0
22.6661,0.0000,0
16.1947,0.0000,0
25.9773,0.0000,0
21.6324,0.0000,0
16.7263,0.0000,0
17.2224,0.0000,0
23.8763,0.0000,0
20.4181,0.0000,0
17.1797,0.0000,0
25.8348,0.0000,0
25.8873,0.0000,0
16.9527,0.0000,0
21.3270,0.0000,0
24.3622,0.0000,0
23.0864,0.0000,0
25.9884,0.0000,0
23.7560,0.0000,0
17.3144,0.0000,0
24.1846,0.0000,0
15.8578,0.0000,0
20.6140,0.0000,0
18.3812,0.0000,0
16.9537,0.0000,0
20.1134,0.0000,0
23.6103,0.0000,0
23.4371,0.0000,0
15.7632,0.0000,0
18.7620,0.0000,0
23.5444,0.0000,0
15.8458,0.0000,0
24.8444,0.0000,0
17.2932,0.0000,0
25.6974,0.0000,0
22.1281,0.0000,0
16.4243,0.0000,0
16.3954,0.0000,0
25.2294,0.0000,0
15.8791,0.0000,0
21.2417,0.0000,0
25.4105,0.0000,0
18.1595,0.0000,0
25.6957,0.0000,0
16.2033,0.0000,0
16.4477,0.0000,0
15.7327,0.0000,0
17.6480,0.0000,0
16.6827,0.0000,0
25.7315,0.0000,0
24.7776,0.0000,0
16.8562,0.0000,0
16.5568,0.0000,0
21.4836,0.0000,0
17.6589,0.0000,0
24.9928,0.0000,0
22.7917,0.0000,0
20.2505,0.0000,0
24.5840,0.0000,0
21.1486,0.0000,0
22.9082,0.0000,0
22.0626,0.0000,0
17.5422,0.0000,0
24.9047,0.0000,0
16.3321,0.0000,0
25.7792,0.0000,0
17.5143,0.0000,0
19.6474,0.0000,0
20.4413,0.0000,0
25.4704,0.0000,0
25.5595,0.0000,0
19.4844,0.0000,0
17.4951,0.0000,0
15.6727,0.0000,0
20.9427,0.0000,0
25.8233,0.0000,0
18.5707,0.0000,0
24.5433,0.0000,0
23.6179,0.0000,0
17.4883,0.0000,0
17.3687,0.0000,0
16.4000,0.0000,0
24.4675,0.0000,0
20.6611,0.0000,0
23.3631,0.0000,0
20.1447,0.0000,0
17.6305,0.0000,0
25.1622,0.0000,0
19.9372,0.0000,0
22.3626,0.0000,0
23.6514,0.0000,0
19.6463,0.0000,0
23.9649,0.0000,0
25.9531,0.0000,0
16.2845,0.0000,0
24.7432,0.0000,0
20.2382,0.0000,0
22.0954,0.0000,0
17.9265,0.0000,0
19.0496,0.0000,0
19.7802,0.0000,0
17.8573,0.0000,0
17.0577,0.0000,0
23.0605,0.0000,0
25.9877,0.0000,0
20.3138,0.0000,0
23.6327,0.0000,0
16.8554,0.0000,0
21.2373,0.0000,0
16.4479,0.0000,0
24.9859,0.0000,0
22.6042,0.0000,0
24.9684,0.0000,0
18.1100,0.0000,0
25.2789,0.0000,0
22.0721,0.0000,0
21.8660,0.0000,0
16.3627,0.0000,0
23.8207,0.0000,0
19.6854,0.0000,0
17.4545,0.0000,0
22.3468,0.0000,0
21.5874,0.0000,0
20.0880,0.0000,0
23.8279,0.0000,0
16.6024,0.0000,0
20.5655,0.0000,0
19.9599,0.0000,0
22.2547,0.0000,0
18.5376,0.0000,0
25.3038,0.0000,0
24.6652,0.0000,0
19.3485,0.0000,0
24.3567,0.0000,0
17.9148,0.0000,0
18.0215,0.0000,0
24.0058,0.0000,0
15.7948,0.0000,0
17.2362,0.0000,0
18.4604,0.0000,0
22.6490,0.0000,0
23.5929,0.0000,0
24.9238,0.0000,0
24.1684,0.0000,0
17.4116,0.0000,0
22.2705,0.0000,0
16.8427,0.0000,0
17.8014,0.0000,0
19.0121,0.0000,0
18.8381,0.0000,0
23.6779,0.0000,0
16.6884,0.0000,0
19.5862,0.0000,0
19.5048,0.0000,0
24.8097,0.0000,0
25.6582,0.0000,0
17.4427,0.0000,0
19.2493,0.0000,0
19.6415,0.0000,0
18.1357,0.0000,0
18.6898,0.0000,0
15.6991,0.0000,0
21.2607,0.0000,0
24.6383,0.0000,0
20.1203,0.0000,0
25.7054,0.0000,0
25.3229,0.0000,0
23.7232,0.0000,0
16.2592,0.0000,0
22.5870,0.0000,0
25.8962,0.0000,0
20.2681,0.0000,0
23.5925,0.0000,0
21.2652,0.0000,0
24.2195,0.0000,0
18.4533,0.0000,0
21.1870,0.0000,0
19.1966,0.0000,0
23.3612,0.0000,0
16.3897,0.0000,0
20.0916,0.0000,0
19.1928,0.0000,0
17.5767,0.0000,0
22.3370,0.0000,0
24.8555,0.0000,0
25.3457,0.0000,0
17.8273,0.0000,0
20.6102,0.0000,0
16.0233,0.0000,0
19.6852,0.0000,0
15.8381,0.0000,0
24.4456,0.0000,0
24.5957,0.0000,0
22.2177,0.0000,0
21.0545,0.0000,0
16.7489,0.0000,0
24.6198,0.0000,0
24.5661,0.0000,0
22.6033,0.0000,0
21.7420,0.0000,0
19.9848,0.0000,0
24.9642,0.0000,0
16.7311,0.0000,0
17.0791,0.0000,0
21.0216,0.0000,0
24.7533,0.0000,0
18.4139,0.0000,0
20.0450,0.0000,0
16.9486,0.0000,0
19.4472,0.0000,0
19.2269,0.0000,0
20.0967,0.0000,0
23.1456,0.0000,0
20.7357,0.0000,0
25.2212,0.0000,0
25.4345,0.0000,0
24.3259,0.0000,0
18.6918,0.0000,0
17.9082,0.0000,0
21.6821,0.0000,0
15.7086,0.0000,0
15.7151,0.0000,0
17.7309,0.0000,0
21.6371,0.0000,0
20.1805,0.0000,0
18.8155,0.0000,0
19.8093,0.0000,0
25.4197,0.0000,0
25.5658,0.0000,0
21.4911,0.0000,0
20.7440,0.0000,0
16.3423,0.0000,0
21.1632,1.3251,0
17.2813,1.0685,0
15.7147,0.7233,0
16.7343,1.0185,0
20.7768,1.5875,0
23.2604,1.4901,0
19.2797,1.3192,0
18.8409,0.2829,0
20.5188,1.4850,0
25.4788,0.4064,0
17.9162,0.8421,0
23.1337,1.5616,0
15.6778,0.8376,0
25.3807,0.4831,0
20.5367,0.8566,0
21.5039,1.5069,0
21.7755,1.9821,0
17.2792,2.2814,0
22.1611,0.7739,0
16.2605,1.2811,0
20.8883,1.1027,0
16.0052,0.9908,0
24.7252,1.7570,0
19.0131,0.4411,0
24.9362,0.7611,0
20.1865,1.0435,0
21.7016,0.8800,0
17.6179,0.6712,0
23.5851,0.3835,0
19.2665,0.9742,0
22.9820,1.5229,0
25.3135,1.1567,0
20.6377,1.7838,0
23.6671,0.7796,0
16.5599,1.0019,0
17.0059,0.7264,0
21.9752,1.3323,0
18.9694,1.5767,0
20.8670,0.9403,0
18.8126,0.3238,0
19.0585,1.0434,0
18.0255,0.8200,0
16.8498,0.9618,0
22.3342,0.7137,0
21.1746,1.7104,0
25.0444,1.3543,0
18.8477,0.9681,0
20.3924,1.7691,0
25.3212,0.5569,0
25.5638,1.5002,0
19.3590,1.4008,0
15.8401,0.6879,0
18.5067,2.2450,0
21.1544,1.3499,0
19.1074,2.4810,0
23.3352,0.5920,0
23.1748,2.2263,0
25.6520,0.5287,0
16.6870,1.4550,0
21.6516,1.0215,0
21.3794,0.7384,0
24.7870,0.5220,0
17.3706,1.7733,0
17.2093,0.7717,0
19.6973,0.8758,0
20.4573,0.6625,0
20.4273,1.9261,0
20.8525,1.7130,0
18.6193,1.5374,0
25.9069,1.4513,0
25.0317,1.9654,0
20.0910,1.5551,0
17.6371,0.9693,0
25.7091,0.9756,0
23.5190,0.7454,0
21.5871,0.2261,0
17.0879,1.5496,0
22.0973,1.0750,0
21.3331,1.1548,0
19.3067,1.4736,0
23.9540,1.0862,0
18.4561,1.0651,0
17.1690,1.3183,0
19.2042,1.4255,0
22.1372,0.8544,0
22.2586,0.9144,0
21.0354,1.7732,0
18.0851,1.2550,0
23.9943,2.0914,0
18.3061,1.4393,0
20.2873,1.7647,0
16.5803,1.6836,0
19.5455,1.4627,0
16.7363,1.4454,0
16.0411,0.8680,0
23.8996,1.0360,0
15.6367,1.2548,0
20.0357,0.4679,0
19.9774,1.1184,0
25.9271,1.5232,0
24.9873,1.0016,0
16.5696,1.5852,0
23.5258,1.7655,0
20.2074,1.2632,0
22.2902,1.1315,0
23.6297,0.5064,0
24.2374,1.2178,0
16.6851,1.2726,0
20.0696,1.5248,0
17.6180,1.3350,0
17.9743,1.2606,0
23.8647,1.1261,0
20.5707,1.4948,0
19.2947,1.0732,0
23.3743,0.9753,0
17.8948,1.2836,0
21.6571,0.4969,0
21.4061,1.3313,0
16.8881,0.9970,0
18.3693,1.4538,0
22.7332,2.2628,0
17.9128,2.4193,0
18.5343,1.8400,0
22.0611,1.2037,0
25.9591,0.5672,0
18.1601,2.3600,0
17.4636,0.9794,0
25.1859,1.3322,0
21.6809,0.8828,0
24.4326,1.4712,0
21.9894,1.8452,0
22.4344,0.9416,0
21.4305,0.5015,0
21.1621,1.6670,0
22.8223,1.4038,0
23.1581,1.3320,0
22.6512,1.7865,0
19.2467,1.3746,0
22.4073,0.3244,0
22.4188,1.4111,0
21.5035,0.0000,0
18.6807,1.3913,0
23.0635,0.5394,0
24.7016,1.6558,0
24.9946,1.2804,0
17.6534,0.7046,0
19.4157,1.4168,0
22.6201,2.2940,0
16.2573,1.5245,0
17.4565,2.0397,0
23.0827,1.9344,0
21.3123,1.5620,0
20.7666,1.3831,0
23.5223,1.7859,0
16.9608,0.9598,0
16.7877,1.9150,0
25.5408,0.8814,0
21.8860,0.9449,0
21.9802,1.8242,0
18.5454,0.2077,0
20.6810,2.2491,0
23.0176,1.1031,0
25.7941,1.9070,0
18.8652,0.5331,0
20.9279,0.9129,0
18.5265,0.8897,0
23.8484,1.5112,0
15.8149,1.0397,0
25.1199,0.7348,0
18.2416,1.3499,0
20.6028,1.3102,0
19.2529,1.7797,0
20.6560,0.9903,0
21.3719,1.0074,0
20.0199,2.1223,0
18.7023,0.4708,0
19.1518,0.9257,0
17.2577,1.5128,0
22.6398,1.1492,0
24.9467,1.5040,0
18.1462,1.0098,0
19.6404,1.3548,0
19.5958,0.9008,0
22.0146,0.6262,0
21.5588,0.9133,0
22.5902,0.9685,0
21.1767,1.8387,0
21.8085,0.9511,0
19.3570,0.5835,0
16.5950,1.9621,0
19.0700,1.6348,0
24.8311,1.0638,0
18.7609,1.7136,0
22.1825,0.8931,0
21.3419,2.4351,0
22.6304,2.1226,0
23.6742,0.6636,0
19.7448,1.4949,0
22.6149,1.1967,0
18.3762,0.6304,0
19.0315,0.3896,0
25.9107,0.7975,0
21.6122,1.2716,0
20.8845,0.7006,0
16.6038,1.0974,0
20.1263,2.4692,0
23.1643,1.1711,0
19.4757,0.8143,0
22.5491,1.1926,0
17.8942,2.3051,0
15.8809,1.6844,0
17.5117,1.5045,0
16.3118,1.5783,0
16.8485,2.4109,0
16.8572,1.1761,0
23.7762,1.6515,0
21.7629,1.6672,0
21.4515,1.9802,0
21.9202,0.6969,0
21.6419,1.1687,0
20.3288,1.2701,0
23.9774,1.3323,0
23.8191,1.9006,0
18.9768,1.1326,0
22.7039,1.0818,0
17.0402,1.6905,0
16.0826,2.0888,0
21.5715,0.4661,0
20.6969,0.5358,0
21.1977,1.0993,0
18.9239,0.7132,0
25.2943,2.0776,0
15.8612,1.6659,0
17.7069,1.6801,0
25.1389,0.5882,0
19.2008,1.0976,0
17.9867,1.2806,0
18.2514,1.8717,0
19.1442,0.9890,0
18.1817,0.8004,0
16.2946,1.0240,0
24.5347,2.2210,0
24.7139,1.0376,0
23.4551,0.6427,0
18.4104,1.8229,0
24.0699,1.9852,0
17.2976,0.9553,0
19.1968,1.1788,0
23.3163,0.7528,0
25.4715,1.8001,0
24.4958,1.2879,0
19.3750,0.9220,0
17.0936,2.1114,0
16.0958,1.7810,0
23.7089,0.2751,0
18.8818,1.2868,0
23.4641,0.0000,0
23.4000,0.0000,0
18.0914,0.0000,0
23.6908,0.0000,0
21.4239,0.0000,0
23.4485,0.0000,0
16.8785,0.0000,0
19.1858,0.0000,0
23.7050,0.0000,0
24.2414,0.0000,0
22.2366,0.0000,0
17.3307,0.0000,0
15.7800,0.0000,0
16.1856,0.0000,0
24.6867,0.0000,0
17.2565,0.0000,0
16.7055,0.0000,0
21.8030,0.0000,0
19.0940,0.0000,0
16.1590,0.0000,0
24.9211,0.0000,0
23.5278,0.0000,0
18.9966,0.0000,0
21.5412,0.0000,0
17.6873,0.0000,0
21.1013,0.0000,0
25.7242,0.0000,0
23.7141,0.0000,0
25.9254,0.0000,0
15.9226,0.0000,0
18.4078,0.0000,0
18.2941,0.0000,0
21.9599,0.0000,0
20.9216,0.0000,0
22.2543,0.0000,0
20.3054,0.0000,0
17.3311,0.0000,0
25.2109,0.0000,0
19.1550,0.0000,0
17.3511,0.0000,0
20.9032,0.0000,0
25.8169,0.0000,0
20.1005,0.0000,0
22.8131,0.0000,0
23.8790,0.0000,0
18.0119,0.0000,0
17.4929,0.0000,0
17.6796,0.0000,0
17.2416,0.0000,0
25.8876,0.0000,0
24.1198,0.0000,0
20.8684,0.0000,0
22.8343,0.0000,0
25.1996,0.0000,0
16.4266,0.0000,0
25.2966,0.0000,0
16.3581,0.0000,0
25.3453,0.0000,0
17.0547,0.0000,0
24.6170,0.0000,0
25.5715,0.0000,0
23.3117,0.0000,0
23.8986,0.0000,0
18.9976,0.0000,0
16.1607,0.0000,0
19.3229,0.0000,0
18.3777,0.0000,0
19.3326,0.0000,0
23.3279,0.0000,0
25.1565,0.0000,0
25.7744,0.0000,0
20.9654,0.0000,0
16.5317,0.0000,0
18.5555,0.0000,0
21.1100,0.0000,0
22.5611,0.0000,0
20.3956,0.0000,0
19.2335,0.0000,0
20.5682,0.0000,0
23.8037,0.0000,0
22.7684,0.0000,0
16.7648,0.0000,0
24.9493,0.0000,0
22.9122,0.0000,0
20.5268,0.0000,0
20.6123,0.0000,0
15.8450,0.0000,0
19.6481,0.0000,0
20.5491,0.0000,0
18.6102,0.0000,0
18.6290,0.0000,0
20.2948,0.0000,0
19.4097,0.0000,0
24.0458,0.0000,0
22.7781,0.0000,0
17.2829,0.0000,0
25.2000,0.0000,0
21.3579,0.0000,0
16.4131,0.0000,0
18.9768,0.0000,0
24.9400,0.0000,0
16.4432,0.0000,0
25.8536,0.0000,0
15.7088,0.0000,0
19.6202,0.0000,0
18.4055,0.0000,0
20.8152,0.0000,0
18.4244,0.0000,0
24.3061,0.0000,0
16.9774,0.0000,0
22.4582,0.0000,0
23.9145,0.0000,0
25.0934,0.0000,0
25.3410,0.0000,0
17.5846,0.0000,0
20.2749,0.0000,0
25.1417,0.0000,0
17.7557,0.0000,0
20.1862,0.0000,0
22.0618,0.0000,0
21.0825,0.0000,0
18.4915,0.0000,0
17.0223,0.0000,0
17.1606,0.0000,0
15.6863,0.0000,0
23.8535,0.0000,0
24.7827,0.0000,0
23.6856,0.0000,0
18.3900,0.0000,0
16.9974,0.0000,0
15.6848,0.0000,0
20.5023,0.0000,0
21.4854,0.0000,0
23.3451,0.0000,0
20.2935,0.0000,0
20.3439,0.0000,0
25.7490,0.0000,0
25.4491,0.0000,0
17.3133,0.0000,0
16.5397,0.0000,0
19.3891,0.0000,0
19.6290,0.0000,0
25.2098,0.0000,0
17.5227,0.0000,0
18.4466,0.0000,0
25.6038,0.0000,0
15.6757,0.0000,0
19.2013,0.0000,0
21.2172,0.0000,0
22.8400,0.0000,0
25.9188,0.0000,0
20.5802,0.0000,0
24.5704,0.0000,0
18.1615,0.0000,0
20.1117,0.0000,0
22.0012,0.0000,0
16.4168,0.0000,0
24.5363,0.0000,0
17.1190,0.0000,0
24.0852,0.0000,0
23.9169,0.0000,0
21.0522,0.0000,0
23.3768,0.0000,0
22.1851,0.0000,0
18.4994,0.0000,0
16.4506,0.0000,0
18.3710,0.0000,0
24.9814,0.0000,0
24.5695,0.0000,0
18.9277,0.0000,0
21.7681,0.0000,0
25.7886,0.0000,0
16.7606,0.0000,0
20.3787,0.0000,0
16.4683,0.0000,0
22.3804,0.0000,0
18.2309,0.0000,0
17.2417,0.0000,0
20.1872,0.0000,0
16.3656,0.0000,0
23.3160,0.0000,0
16.0925,0.0000,0
17.3423,0.0000,0
15.6990,0.0000,0
24.0494,0.0000,0
15.7069,0.0000,0
17.6081,0.0000,0
19.6597,0.0000,0
23.9492,0.0000,0
20.7297,0.0000,0
20.9637,0.0000,0
19.0752,0.0000,0
24.7544,0.0000,0
25.0067,0.0000,0
24.8593,0.0000,0
16.2086,0.0000,0
20.7032,0.0000,0
17.5599,0.0000,0
21.4135,0.0000,0
18.7083,0.0000,0
23.2988,0.0000,0
24.1967,0.0000,0
23.6814,0.0000,0
21.0066,0.0000,0
24.4298,0.0000,0
19.5877,0.0000,0
17.6324,0.0000,0
16.5206,0.0000,0
24.2830,0.0000,0
17.5983,0.0000,0
21.7872,0.0000,0
24.6093,0.0000,0
17.4664,0.0000,0
16.5082,0.0000,0
19.9672,0.0000,0
25.1600,0.0000,0
17.3298,0.0000,0
25.6693,0.0000,0
25.5710,0.0000,0
23.9347,0.0000,0
23.0620,0.0000,0
15.6485,0.0000,0
25.6600,0.0000,0
25.7241,0.0000,0
20.1541,0.0000,0
25.9784,0.0000,0
19.5665,0.0000,0
21.3383,0.0000,0
25.0984,0.0000,0
17.0290,0.0000,0
22.1736,0.0000,0
18.3771,0.0000,0
18.1611,0.0000,0
17.6133,0.0000,0
23.0864,0.0000,0
18.1909,0.0000,0
17.3147,0.0000,0
23.6509,0.0000,0
17.0644,0.0000,0
22.1882,0.0000,0
22.8616,0.0000,0
18.8469,0.0000,0
19.2528,0.0000,0
24.9576,0.0000,0
22.5865,0.0000,0
25.7468,0.0000,0
25.6739,0.0000,0
21.4271,0.0000,0
18.2296,0.0000,0
25.7122,0.0000,0
22.7750,0.0000,0
24.1242,0.0000,0
17.2730,0.0000,0
19.5968,0.0000,0
19.5062,0.0000,0
15.7305,0.0000,0
17.9611,0.0000,0
17.4684,0.0000,0
25.3844,0.0000,0
23.9060,0.0000,0
18.5963,0.0000,0
20.5025,0.0000,0
25.7143,0.0000,0
16.3949,0.0000,0
25.7500,0.0000,0
23.3521,0.0000,0
22.1794,0.0000,0
16.9844,0.0000,0
20.5272,0.0000,0
24.4598,0.0000,0
15.8504,0.0000,0
22.3707,0.0000,0
22.2223,0.0000,0
24.7389,0.0000,0
17.1588,0.0000,0
18.7612,0.0000,0
22.7662,0.0000,0
18.7907,0.0000,0
21.3369,0.0000,0
17.6214,0.0000,0
18.0428,0.0000,0
24.8273,0.0000,0
23.0414,0.0000,0
16.3684,0.0000,0
25.6420,0.0000,0
25.6459,0.0000,0
19.5723,0.0000,0
25.9447,0.0000,0
22.6585,0.0000,0
23.7242,0.0000,0
22.8446,0.0000,0
21.6969,0.0000,0
24.6901,0.0000,0
19.1040,0.0000,0
22.8691,0.0000,0
19.5488,0.0000,0
16.7354,0.0000,0
21.0601,0.0000,0
18.6423,0.0000,0
22.6203,0.0000,0
20.8594,0.0000,0
21.2035,0.0000,0
19.5453,0.0000,0
22.6013,0.0000,0
21.5783,0.0000,0
24.0398,0.0000,0
22.2696,0.0000,0
18.4748,0.0000,0
21.3260,0.0000,0
15.9995,0.0000,0
21.8723,0.0000,0
18.2307,0.0000,0
20.9559,0.0000,0
23.6990,0.0000,0
19.6777,0.0000,0
20.2396,0.0000,0
22.4523,0.0000,0
20.2988,0.0000,0
24.3616,0.0000,0
23.3109,0.0000,0
18.8182,0.0000,0
24.7487,0.0000,0
16.0091,0.0000,0
25.4061,0.0000,0
20.9773,0.0000,0
24.2911,0.0000,0
20.8555,0.0000,0
22.9029,0.0000,0
20.6516,0.0000,0
25.9993,0.0000,0
19.0234,0.0000,0
17.4772,0.0000,0
21.0392,0.0000,0
21.7854,0.0000,0
23.2626,0.0000,0
24.3253,0.0000,0
24.6447,0.0000,0
21.9367,0.0000,0
21.6700,0.0000,0
22.2500,0.0000,0
23.2707,0.0000,0
15.8712,0.0000,0
24.7340,0.0000,0
25.3309,0.0000,0
19.0838,0.0000,0
20.0120,0.0000,0
17.7666,0.0000,0
16.6116,0.0000,0
15.8508,0.0000,0
16.9355,0.0000,0
16.5499,0.0000,0
21.1658,0.0000,0
16.3045,0.0000,0
20.6871,0.0000,0
24.9914,0.0000,0
22.6411,0.0000,0
21.9848,0.0000,0
20.8661,0.0000,0
23.3784,0.0000,0
21.1145,0.0000,0
21.6984,0.0000,0
17.7815,0.0000,0
19.8015,0.0000,0
25.9387,0.0000,0
19.2413,0.0000,0
25.2817,0.0000,0
24.9553,0.0000,0
24.6426,0.0000,0
16.8666,0.0000,0
15.9167,0.0000,0
16.3048,0.0000,0
18.3819,0.0000,0
15.7939,0.0000,0
18.9069,0.0000,0
17.2917,0.0000,0
18.6758,0.0000,0
19.7055,0.0000,0
16.9187,0.0000,0
19.1706,0.0000,0
23.5740,0.0000,0
15.6828,0.0000,0
22.6237,0.0000,0
19.3177,0.0000,0
15.8625,0.0000,0
25.8952,0.0000,0
23.0524,0.0000,0
23.3790,0.0000,0
20.3979,0.0000,0
23.9145,0.0000,0
21.4812,0.0000,0
25.9330,0.0000,0
16.3691,0.0000,0
23.1232,0.0000,0
23.5108,0.0000,0
21.3209,0.0000,0
17.6214,0.0000,0
17.1385,0.0000,0
16.8304,0.0000,0
16.2150,0.0000,0
15.8075,0.0000,0
25.7273,0.0000,0
20.2962,0.0000,0
23.0217,0.0000,0
25.4934,0.0000,0
24.7743,0.0000,0
18.6019,0.0000,0
19.7102,0.0000,0
24.5268,0.0000,0
21.0736,0.0000,0
24.3587,0.0000,0
17.6450,0.0000,0
23.2398,0.0000,0
19.8540,0.0000,0
21.8044,0.0000,0
19.4734,0.0000,0
22.6655,0.0000,0
25.2631,0.0000,0
23.1685,0.0000,0
21.5521,0.0000,0
20.2122,0.0000,0
17.4495,0.0000,0
18.1331,0.0000,0
16.2452,0.0000,0
23.8894,0.0000,0
18.3124,0.0000,0
21.9123,0.0000,0
23.2682,0.0000,0
17.3283,0.0000,0
17.6801,0.0000,0
17.8498,0.0000,0
17.1433,0.0000,0
25.0551,0.0000,0
21.3079,0.0000,0
22.7238,0.0000,0
21.0379,0.0000,0
24.6156,0.0000,0
21.5014,0.0000,0
17.8598,0.0000,0
25.2316,0.0000,0
21.4846,0.0000,0
24.8725,0.0000,0
16.1808,0.0000,0
23.4941,0.0000,0
23.6950,0.0000,0
24.9860,0.0000,0
18.4154,0.0000,0
23.5705,0.0000,0
15.6236,0.0000,0
19.2059,0.0000,0
20.1466,0.0000,0
25.0611,0.0000,0
16.5961,0.0000,0
20.4127,0.0000,0
23.5898,0.0000,0
22.9077,0.0000,0
18.2057,0.0000,0
23.3583,0.0000,0
21.1134,0.0000,0
21.7589,0.0000,0
25.3216,0.0000,0
24.9086,0.0000,0
22.3133,0.0000,0
15.9492,0.0000,0
24.3107,0.0000,0
20.6108,0.0000,0
18.7044,0.0000,0
21.0424,0.0000,0
18.9074,0.0000,0
24.6600,0.0000,0
16.0119,0.0000,0
17.8433,0.0000,0
25.9130,0.0000,0
23.1637,0.0000,0
24.8219,0.0000,0
20.8563,0.0000,0
17.2489,0.0000,0
17.8049,0.0000,0
21.9434,0.0000,0
21.2585,0.0000,0
18.2471,0.0000,0
19.8757,0.0000,0
24.4680,0.0000,0
18.4173,0.0000,0
22.7134,0.0000,0
17.4138,0.0000,0
21.7417,0.0000,0
17.0424,0.0000,0
23.6254,0.0000,0
18.6079,0.0000,0
20.2746,0.0000,0
19.6422,0.0000,0
25.9103,0.0000,0
17.7187,0.0000,0
16.5179,0.0000,0
22.1600,0.0000,0
17.9913,0.0000,0
21.4313,0.0000,0
22.7004,0.0000,0
21.2216,0.0000,0
19.9703,0.0000,0
16.7041,0.0000,0
17.3828,0.0000,0
24.1575,0.0000,0
17.3287,0.0000,0
21.3555,0.0000,0
18.8385,0.0000,0
23.7966,0.0000,0
22.4577,0.0000,0
18.5663,0.0000,0
21.7528,0.0000,0
19.8457,0.0000,0
18.1693,0.0000,0
23.7197,0.0000,0
24.5641,0.0000,0
16.8932,0.0000,0
19.7506,0.0000,0
23.8106,0.0000,0
21.9970,0.0000,0
20.3465,0.0000,0
23.5448,0.0000,0
18.6684,0.0000,0
16.1020,0.0000,0
16.0463,0.0000,0
22.9385,0.0000,0
19.8338,0.0000,0
24.1934,0.0000,0
20.0951,0.0000,0
23.1099,0.0000,0
21.4985,0.0000,0
20.5018,0.0000,0
24.0214,0.0000,0
24.1524,0.0000,0
25.8114,0.0000,0
15.9064,0.0000,0
17.3055,0.0000,0
25.8681,0.0000,0
17.0979,0.0000,0
21.0649,0.0000,0
22.4036,0.0000,0
16.2892,0.0000,0
17.0098,0.0000,0
15.8348,0.0000,0
16.6657,0.0000,0
19.7840,0.0000,0
20.8646,0.0000,0
22.7060,0.0000,0
24.7965,0.0000,0
23.7949,0.0000,0
23.5419,0.0000,0
19.4920,0.0000,0
16.0429,0.0000,0
25.3745,0.0000,0
16.8679,0.0000,0
24.3911,0.0000,0
16.9732,0.0000,0
22.6000,0.0000,0
25.5451,0.0000,0
16.3022,0.0000,0
16.7211,0.0000,0
25.0759,0.0000,0
25.1553,0.0000,0
18.6070,0.0000,0
24.2845,0.0000,0
19.6825,0.0000,0
16.0612,0.0000,0
20.6913,0.0000,0
22.9814,0.0000,0
19.8362,0.0000,0
17.0244,0.0000,0
20.1795,0.0000,0
16.0727,0.0000,0
25.7162,0.0000,0
23.1855,0.0000,0
21.0484,0.0000,0
22.4799,0.0000,0
23.2680,0.0000,0
15.6437,0.0000,0
16.5753,0.0000,0
21.8233,0.0000,0
20.3195,0.0000,0
21.2675,0.0000,0
20.7402,0.0000,0
21.6427,0.0000,0
22.3453,0.0000,0
22.7574,0.0000,0
22.7172,0.0000,0
19.1629,0.0000,0
23.6839,0.0000,0
17.6081,0.0000,0
21.8705,0.0000,0
17.2313,0.0000,0
22.7739,0.0000,0
24.3986,0.0000,0
22.8254,0.0000,0
17.1252,0.0000,0
19.4691,0.0000,0
23.2952,0.0000,0
15.7777,0.0000,0
25.7435,0.0000,0
22.7196,0.0000,0
24.8806,0.0000,0
20.7750,0.0000,0
25.3675,0.0000,0
22.3506,0.0000,0
25.8654,0.0000,0
24.4018,0.0000,0
21.9100,0.0000,0
21.0381,0.0000,0
19.8633,0.0000,0
18.7041,0.0000,0
23.3860,0.0000,0
22.3417,0.0000,0
17.5360,0.0000,0
24.9221,0.0000,0
24.3560,0.0000,0
24.4556,0.0000,0
22.3281,0.0000,0
23.9712,0.0000,0
21.0139,0.0000,0
15.6335,0.0000,0
17.4195,0.0000,0
18.6275,0.0000,0
18.5564,0.0000,0
21.2310,0.0000,0
17.9216,0.0000,0
16.3054,0.0000,0
23.9785,0.0000,0
21.1464,0.0000,0
24.1536,0.0000,0
19.0199,0.0000,0
23.4774,0.0000,0
19.2483,0.0000,0
15.7679,0.0000,0
23.3355,0.0000,0
21.5398,0.0000,0
22.7545,0.0000,0
17.5697,0.0000,0
17.2082,0.0000,0
22.1801,0.0000,0
18.7645,0.0000,0
20.2743,0.0000,0
21.9631,0.0000,0
18.1095,0.0000,0
23.0349,0.0000,0
16.8470,0.0000,0
20.5788,0.0000,0
24.7242,0.0000,0
24.6326,0.0000,0
16.1418,0.0000,0
22.3963,0.0000,0
17.1569,0.0000,0
16.4057,0.0000,0
25.4640,0.0000,0
17.5051,0.0000,0
18.0124,0.0000,0
18.8639,0.0000,0
25.7759,0.0000,0
21.5995,0.0000,0
22.5629,0.0000,0
17.7600,0.0000,0
20.5507,0.0000,0
16.3952,0.0000,0
23.8572,0.0000,0
23.1707,0.0000,0
24.1339,0.0000,0
17.6112,0.0000,0
23.5336,0.0000,0
23.2541,0.0000,0
20.1367,0.0000,0
21.0914,0.0000,0
16.5173,0.0000,0
21.4153,0.0000,0
23.9251,0.0000,0
25.3732,0.0000,0
15.6950,0.0000,0
22.6678,0.0000,0
22.8166,0.0000,0
25.2105,0.0000,0
21.9564,0.0000,0
21.9413,0.0000,0
23.6512,0.0000,0
19.5281,0.0000,0
20.7869,0.0000,0
22.7192,0.0000,0
15.8217,0.0000,0
17.1946,0.0000,0
17.3013,0.0000,0
20.2087,0.0000,0
22.7454,0.0000,0
19.8021,0.0000,0
15.9659,0.0000,0
22.7096,0.0000,0
19.4034,0.0000,0
23.5987,0.0000,0
21.9161,0.0000,0
16.0594,0.0000,0
24.3341,0.0000,0
23.8907,0.0000,0
22.4927,0.0000,0
19.8100,0.0000,0
24.8658,0.0000,0
25.3699,0.0000,0
25.4888,0.0000,0
23.6578,0.0000,0
21.7539,0.0000,0
20.3969,0.0000,0
18.3732,0.0000,0
15.9554,0.0000,0
24.9149,0.0000,0
25.0328,0.0000,0
22.3464,0.0000,0
22.0203,0.0000,0
19.2333,0.0000,0
21.1102,0.0000,0
21.0034,0.0000,0
17.1181,0.0000,0
23.6658,0.0000,0
15.8442,0.0000,0
18.7748,0.0000,0
16.0743,0.0000,0
20.0175,0.0000,0
19.9909,0.0000,0
18.9788,0.0000,0
24.2510,0.0000,0
19.5416,0.0000,0
22.6089,0.0000,0
23.8696,0.0000,0
25.1039,0.0000,0
22.9579,0.0000,0
19.1765,0.0000,0
16.3682,0.0000,0
16.3571,0.0000,0
19.7866,0.0000,0
22.5612,0.0000,0
23.2765,0.0000,0
25.0503,0.0000,0
18.9197,0.0000,0
20.3658,0.0000,0
25.6002,0.0000,0
17.9495,0.0000,0
23.0926,0.0000,0
19.1230,0.0000,0
24.2023,0.0000,0
19.4953,0.0000,0
17.5269,0.0000,0
15.7999,0.0000,0
24.2649,0.0000,0
19.3515,0.0000,0
22.1196,0.0000,0
16.7315,0.0000,0
19.2584,0.0000,0
25.3828,0.0000,0
16.9864,0.0000,0
25.0287,0.0000,0
24.3317,0.0000,0
22.0483,0.0000,0
20.6255,0.0000,0
22.7046,0.0000,0
22.1279,0.0000,0
18.8860,0.0000,0
17.6216,0.0000,0
22.4255,0.0000,0
18.0525,0.0000,0
23.7370,0.0000,0
18.0708,0.0000,0
16.7159,0.0000,0
24.9394,0.0000,0
24.9768,0.0000,0
17.3213,0.0000,0
21.9528,0.0000,0
19.1284,0.0000,0
23.7956,0.0000,0
21.6991,0.0000,0
24.0707,0.0000,0
19.5611,0.0000,0
18.0177,0.0000,0
16.6631,0.0000,0
15.7739,0.0000,0
23.8309,0.0000,0
17.1727,0.0000,0
24.2223,0.0000,0
22.5530,0.0000,0
23.0763,0.0000,0
17.0295,0.0000,0
22.9246,0.0000,0
24.0525,0.0000,0
24.6879,0.0000,0
20.8972,0.0000,0
16.5068,0.0000,0
16.0379,0.0000,0
19.9978,0.0000,0
16.8461,0.0000,0
17.3696,0.0000,0
23.8357,0.0000,0
15.8750,0.0000,0
24.3799,0.0000,0
21.3483,0.0000,0
20.6816,0.0000,0
22.9045,0.0000,0
18.4261,0.0000,0
21.1815,0.0000,0
18.3171,0.0000,0
19.2689,0.0000,0
15.8507,0.0000,0
18.2353,0.0000,0
16.7704,0.0000,0
15.8317,0.0000,0
22.6505,0.0000,0
22.4303,0.0000,0
21.4311,0.0000,0
17.7841,0.0000,0
22.7363,0.0000,0
25.5799,0.0000,0
22.1928,0.0000,0
17.1338,0.0000,0
15.7184,0.0000,0
19.5118,0.0000,0
19.2363,0.0000,0
19.4359,0.0000,0
24.6262,0.0000,0
17.6935,0.0000,0
23.7148,0.0000,0
22.3830,0.0000,0
21.6712,0.0000,0
22.8276,0.0000,0
16.5833,0.0000,0
25.8160,0.0000,0
17.7377,0.0000,0
20.2720,0.0000,0
25.3390,0.0000,0
18.7234,0.0000,0
21.9506,0.0000,0
23.1966,0.0000,0
22.6940,0.0000,0
16.1419,0.0000,0
18.8515,0.0000,0
25.1459,0.0000,0
21.6852,0.0000,0
16.7847,0.0000,0
16.0713,0.0000,0
24.5179,0.0000,0
20.1693,0.0000,0
19.3055,0.0000,0
25.7792,0.0000,0
17.5143,0.0000,0
23.9188,0.0000,0
24.6060,0.0000,0
21.9593,0.0000,0
15.7616,0.0000,0
23.5931,0.0000,0
16.6687,0.0000,0
16.4034,0.0000,0
23.5974,0.0000,0
24.4523,0.0000,0
21.0828,0.0000,0
25.7929,0.0000,0
18.1349,0.0000,0
21.5301,0.0000,0
19.3521,0.0000,0
22.9550,0.0000,0
23.8296,0.0000,0
17.4322,0.0000,0
23.0417,0.0000,0
19.6846,0.0000,0
25.8442,0.0000,0
21.8227,0.0000,0
15.8887,0.0000,0
25.7052,0.0000,0
18.9770,0.0000,0
21.4628,0.0000,0
24.9834,0.0000,0
21.9269,0.0000,0
24.2941,0.0000,0
22.0966,0.0000,0
17.3742,0.0000,0
19.4046,0.0000,0
19.8803,0.0000,0
23.4761,0.0000,0
24.9126,0.0000,0
22.9324,0.0000,0
21.1286,0.0000,0
24.4584,0.0000,0
18.1517,0.0000,0
23.0240,0.0000,0
18.1067,0.0000,0
25.8843,0.0000,0
18.3129,0.0000,0
21.3386,0.0000,0
18.6571,0.0000,0
15.6928,0.0000,0
17.6935,0.0000,0
19.2903,0.0000,0
16.2497,0.0000,0
19.8698,0.0000,0
22.1039,0.0000,0
19.2612,0.0000,0
20.8605,0.0000,0
22.9673,0.0000,0
18.7672,0.0000,0
21.5057,0.0000,0
21.2034,0.0000,0
17.9571,0.0000,0
23.7207,1.2979,0
22.7382,2.5797,0
15.7917,0.9774,0
24.4124,1.0505,0
16.5807,0.2918,0
19.1280,2.7843,0
18.5995,1.7393,0
16.9515,1.5673,0
23.4743,0.9647,0
23.5199,1.3697,0
25.3349,1.6311,0
17.2998,0.1737,0
25.0553,1.6936,0
21.6850,1.4552,0
20.0328,0.9155,0
24.9777,1.5377,0
17.3285,0.9852,0
15.7717,1.5407,0
23.9197,0.1694,0
17.6858,1.6543,0
21.2635,1.8760,0
16.1448,1.6504,0
16.5777,2.0979,0
17.0169,2.4862,0
21.5330,1.0592,0
24.7399,0.3672,0
19.8665,2.2162,0
25.3855,1.4973,0
15.6734,0.9456,0
16.8720,3.0004,0
16.8538,2.3936,0
22.1847,1.1823,0
19.4272,1.3593,0
17.1140,1.6085,0
25.5310,2.0458,0
25.7479,0.0742,0
21.2045,1.7832,0
22.6045,1.5972,0
16.0136,1.4917,0
19.3939,0.1948,0
18.6347,0.5953,0
17.6949,1.0548,0
23.3979,0.5897,0
19.3172,2.8227,0
18.9863,1.8943,0
20.3008,1.6961,0
25.0604,1.0376,0
20.4723,1.3796,0
23.1807,1.1772,0
19.6437,0.9368,0
19.5726,0.9295,0
23.7125,2.8354,0
15.7458,0.8764,0
24.2868,1.2939,0
16.3593,1.5830,0
19.1798,0.7656,0
25.0060,0.5707,0
19.0016,1.1085,0
18.1530,1.9463,0
21.0624,2.0398,0
20.7328,1.1550,0
18.4076,0.6006,0
19.6137,1.0788,0
22.1955,1.8405,0
25.6514,1.7981,0
24.4211,2.1274,0
18.7323,1.2253,0
19.7137,1.0644,0
19.8361,0.6850,0
25.6133,1.1448,0
19.2869,1.2205,0
16.5450,0.7862,0
18.1425,1.3896,0
21.4435,1.0675,0
24.3486,0.3206,0
23.4437,1.0305,0
22.7740,1.6175,0
18.5835,1.8699,0
16.6557,1.4399,0
21.7705,0.0000,0
23.1131,1.8017,0
24.9658,0.9162,0
23.2662,1.0955,0
23.8803,2.0161,0
23.1966,1.4071,0
18.1789,1.2917,0
19.0525,0.8582,0
20.3438,0.8608,0
17.1195,1.0145,0
16.0453,1.6011,0
23.2684,2.0148,0
21.2312,1.0893,0
25.7474,0.7985,0
20.0658,2.7529,0
24.7026,1.3190,0
23.7185,0.7182,0
21.8206,0.0687,0
22.9827,1.0866,0
22.1500,2.3526,0
20.9639,0.6670,0
21.4290,1.4499,0
18.4171,1.1750,0
21.4002,1.4091,0
24.1821,0.8734,0
19.0360,1.2588,0
15.6356,0.4863,0
20.7225,0.4224,0
25.5530,1.6406,0
17.2430,0.9366,0
23.7835,1.2585,0
19.1401,2.1580,0
25.6341,1.3748,0
24.5993,1.1162,0
22.3694,0.7078,0
22.6875,1.9217,0
18.8992,0.1918,0
16.8531,1.4760,0
22.0228,0.9836,0
16.1351,1.8420,0
16.7982,1.2204,0
23.6654,1.1048,0
16.5140,2.4089,0
24.0079,2.1111,0
18.8426,1.5396,0
24.9964,0.4374,0
16.8903,1.6542,0
18.7529,1.1684,0
25.3545,1.2673,0
22.9054,0.9844,0
25.7458,0.8867,0
17.8838,1.4479,0
16.8419,1.8876,0
16.0224,1.5753,0
22.6226,0.8800,0
25.2119,1.3143,0
25.6947,0.1168,0
17.7095,1.7873,0
19.7669,0.4338,0
24.3133,1.8212,0
18.4773,0.5390,0
18.6031,1.6387,0
24.9216,1.7129,0
19.1455,1.5233,0
22.5894,0.9136,0
20.5601,1.0450,0
23.3937,0.4212,0
18.4458,1.4455,0
25.8702,2.2573,0
16.3578,1.1707,0
23.9144,1.2118,0
22.6918,1.3672,0
24.9849,1.1530,0
22.1516,1.8357,0
23.2226,0.0000,0
17.3760,1.4910,0
19.9164,2.9532,0
20.4824,2.1049,0
16.9772,1.0926,0
18.9282,1.1175,0
16.0161,0.8032,0
18.7191,1.5270,0
22.2796,1.1762,0
16.0551,1.9792,0
18.9423,1.2822,0
20.6553,1.1848,0
18.4328,2.2475,0
17.6924,1.2324,0
23.4387,1.7401,0
17.1465,1.2544,0
19.8602,1.0029,0
18.0767,1.1703,0
23.4071,1.1824,0
16.8862,1.2529,0
20.3061,1.4029,0
17.5968,1.2575,0
19.4070,1.7252,0
25.3514,1.6964,0
18.8564,1.8545,0
16.0178,1.2905,0
22.3484,0.7254,0
22.5374,2.5390,0
21.4257,1.1617,0
25.8881,0.9880,0
19.1615,1.5848,0
16.6854,2.3883,0
22.7295,0.4964,0
17.0034,1.4998,0
20.2974,0.6480,0
20.5092,1.1619,0
18.3789,2.5716,0
22.2997,1.5313,0
24.7985,1.9313,0
20.6429,2.0700,0
18.0900,1.5931,0
25.1886,0.5344,0
23.5830,1.1434,0
16.3034,0.6347,0
19.8003,1.0603,0
21.9706,1.0861,0
19.0522,1.5297,0
22.2740,1.2687,0
23.9341,1.1810,0
17.9927,0.4131,0
16.2449,0.8724,0
22.4671,0.6738,0
22.2968,0.2127,0
20.2404,1.6740,0
22.9945,1.9329,0
22.2505,1.6527,0
21.3127,1.0453,0
18.5408,0.6458,0
25.5287,2.3433,0
17.9300,0.5722,0
18.8752,2.0827,0
19.7338,1.2744,0
25.8957,0.9912,0
21.2621,1.7844,0
18.3610,1.6246,0
22.4895,1.0961,0
18.6497,1.4118,0
16.9687,1.3034,0
20.6799,1.7681,0
19.3639,1.2609,0
17.0136,0.1660,0
17.2591,0.0994,0
16.9043,1.6916,0
24.3044,0.6039,0
24.3745,0.8610,0
17.4099,1.0217,0
24.8390,1.6744,0
16.6347,2.4001,0
23.9682,1.9811,0
20.0817,0.5503,0
16.8463,1.3987,0
16.2138,0.5957,0
22.2072,0.9859,0
17.2515,1.0380,0
21.3932,2.5201,0
21.8466,0.5644,0
24.6143,0.7794,0
20.0933,1.5556,0
21.1405,2.8981,0
22.7862,1.1909,0
21.2152,1.4191,0
24.3795,1.1875,0
17.3400,0.5166,0
25.1306,2.1020,0
20.2626,1.0040,0
20.6498,1.7496,0
17.3724,1.8606,0
19.5836,1.7232,0
18.5584,1.1071,0
16.9552,1.5697,0
25.3790,1.6468,0
21.2256,0.8560,0
20.5034,0.9392,0
22.4265,0.0000,0
23.2207,0.0000,0
18.6676,0.0000,0
25.2784,0.0000,0
24.5635,0.0000,0
17.3846,0.0000,0
19.2732,0.0000,0
24.5402,0.0000,0
25.4915,0.0000,0
22.4035,0.0000,0
24.3707,0.0000,0
18.6069,0.0000,0
18.7525,0.0000,0
20.2930,0.0000,0
21.1281,0.0000,0
20.9064,0.0000,0
19.0375,0.0000,0
19.5128,0.0000,0
17.6029,0.0000,0
25.9188,0.0000,0
20.3809,0.0000,0
22.0811,0.0000,0
21.0760,0.0000,0
17.2941,0.0000,0
16.7906,0.0000,0
17.3385,0.0000,0
17.9042,0.0000,0
18.1329,0.0000,0
23.3197,0.0000,0
18.4355,0.0000,0
19.8382,0.0000,0
20.1839,0.0000,0
25.6680,0.0000,0
17.3702,0.0000,0
22.5090,0.0000,0
20.7245,0.0000,0
16.9493,0.0000,0
16.8039,0.0000,0
25.6342,0.0000,0
15.8626,0.0000,0
24.1010,0.0000,0
18.8165,0.0000,0
19.7151,0.0000,0
21.8215,0.0000,0
22.2334,0.0000,0
25.9519,0.0000,0
23.8069,0.0000,0
19.5709,0.0000,0
18.3248,0.0000,0
21.7216,0.0000,0
19.0603,0.0000,0
22.8948,0.0000,0
25.6886,0.0000,0
21.0066,0.0000,0
16.0389,0.0000,0
25.3871,0.0000,0
21.4256,0.0000,0
18.9722,0.0000,0
24.0357,0.0000,0
18.1186,0.0000,0
22.0665,0.0000,0
24.3702,0.0000,0
15.9242,0.0000,0
25.8641,0.0000,0
16.6918,0.0000,0
22.4449,0.0000,0
21.7781,0.0000,0
24.4641,0.0000,0
21.2041,0.0000,0
20.6894,0.0000,0
20.4773,0.0000,0
17.9538,0.0000,0
21.4497,0.0000,0
19.4544,0.0000,0
23.4455,0.0000,0
21.5900,0.0000,0
17.4101,0.0000,0
23.2434,0.0000,0
21.7519,0.0000,0
17.4041,0.0000,0
15.9419,0.0000,0
25.8278,0.0000,0
16.9518,0.0000,0
21.1110,0.0000,0
17.9983,0.0000,0
15.7319,0.0000,0
17.5702,0.0000,0
25.0970,0.0000,0
25.7095,0.0000,0
22.9684,0.0000,0
19.0032,0.0000,0
24.6156,0.0000,0
18.5522,0.0000,0
21.6453,0.0000,0
16.2517,0.0000,0
21.3771,0.0000,0
24.9595,0.0000,0
17.4348,0.0000,0
24.4059,0.0000,0
15.8532,0.0000,0
23.6929,0.0000,0
24.8115,0.0000,0
23.2693,0.0000,0
21.9097,0.0000,0
19.1413,0.0000,0
23.8149,0.0000,0
25.7713,0.0000,0
16.6884,0.0000,0
23.5746,0.0000,0
24.0197,0.0000,0
24.2091,0.0000,0
25.8071,0.0000,0
16.7325,0.0000,0
17.0806,0.0000,0
18.6086,0.0000,0
24.3900,0.0000,0
19.4809,0.0000,0
21.6956,0.0000,0
17.4293,0.0000,0
24.2595,0.0000,0
19.4904,0.0000,0
20.8229,0.0000,0
21.7340,0.0000,0
23.4587,0.0000,0
23.3698,0.0000,0
23.9209,0.0000,0
21.0454,0.0000,0
16.0923,0.0000,0
21.0612,0.0000,0
17.2015,0.0000,0
17.2893,0.0000,0
25.5194,0.0000,0
20.3144,0.0000,0
24.2263,0.0000,0
21.2978,0.0000,0
18.3185,0.0000,0
16.9329,0.0000,0
20.1393,0.0000,0
23.3796,0.0000,0
25.8872,0.0000,0
20.2659,0.0000,0
22.8456,0.0000,0
21.9063,0.0000,0
20.3914,0.0000,0
24.3432,0.0000,0
18.2000,0.0000,0
20.3260,0.0000,0
17.6058,0.0000,0
18.5400,0.0000,0
18.3575,0.0000,0
16.1381,0.0000,0
21.7637,0.0000,0
17.0162,0.0000,0
22.7085,0.0000,0
16.8124,0.0000,0
23.5343,0.0000,0
25.6428,0.0000,0
22.3619,0.0000,0
22.9240,0.0000,0
19.1212,0.0000,0
18.1962,0.0000,0
22.1641,0.0000,0
18.7639,0.0000,0
18.1500,0.0000,0
20.8415,0.0000,0
25.3741,0.0000,0
19.3653,0.0000,0
20.8961,0.0000,0
16.0492,0.0000,0
18.0211,0.0000,0
21.6939,0.0000,0
25.2604,0.0000,0
17.1589,0.0000,0
15.9229,0.0000,0
16.1593,0.0000,0
16.7645,0.0000,0
22.5735,0.0000,0
20.3985,0.0000,0
22.2174,0.0000,0
18.3237,0.0000,0
23.6542,0.0000,0
20.3100,0.0000,0
18.9109,0.0000,0
25.6527,0.0000,0
17.6682,0.0000,0
21.6789,0.0000,0
22.6221,0.0000,0
18.4524,0.0000,0
19.2066,0.0000,0
24.4393,0.0000,0
17.1448,0.0000,0
20.3399,0.0000,0
18.4632,0.0000,0
17.8952,0.0000,0
24.6318,0.0000,0
21.3652,0.0000,0
18.0542,0.0000,0
19.4320,0.0000,0
17.8445,0.0000,0
20.1196,0.0000,0
23.9011,0.0000,0
19.5090,0.0000,0
20.4369,0.0000,0
17.3709,0.0000,0
17.6506,0.0000,0
22.7371,0.0000,0
22.5798,0.0000,0
25.0669,0.0000,0
25.4325,0.0000,0
19.1295,0.0000,0
16.6987,0.0000,0
22.9902,0.0000,0
23.1328,0.0000,0
24.6310,0.0000,0
16.7379,0.0000,0
18.4774,0.0000,0
21.8226,0.0000,0
25.0356,0.0000,0
18.0936,0.0000,0
15.7398,0.0000,0
25.7274,0.0000,0
17.6660,0.0000,0
22.8573,0.0000,0
24.3748,0.0000,0
21.0279,0.0000,0
16.6252,0.0000,0
18.9547,0.0000,0
16.8303,0.0000,0
24.2402,0.0000,0
18.7961,0.0000,0
19.9199,0.0000,0
15.6875,0.0000,0
19.8017,0.0000,0
15.7994,0.0000,0
18.8922,0.0000,0
19.9752,0.0000,0
22.2855,0.0000,0
16.7325,0.0000,0
25.0888,0.0000,0
16.5302,0.0000,0
21.8848,0.0000,0
20.8872,0.0000,0
22.2984,0.0000,0
25.9737,0.0000,0
19.1396,0.0000,0
22.1166,0.0000,0
16.7402,0.0000,0
22.6593,0.0000,0
20.0850,0.0000,0
15.9286,0.0000,0
16.7910,0.0000,0
25.2112,0.0000,0
21.2414,0.0000,0
23.0451,0.0000,0
20.7927,0.0000,0
18.7443,0.0000,0
23.9554,0.0000,0
25.9108,0.0000,0
18.9205,0.0000,0
16.9974,0.0000,0
17.4374,0.0000,0
17.7354,0.0000,0
24.1338,0.0000,0
23.0105,0.0000,0
20.4569,0.0000,0
22.6093,0.0000,0
20.0694,0.0000,0
17.7696,0.0000,0
16.0310,0.0000,0
25.5754,0.0000,0
21.3400,0.0000,0
19.3455,0.0000,0
21.2242,0.0000,0
25.5255,0.0000,0
15.6882,0.0000,0
19.8075,0.0000,0
21.4843,0.0000,0
22.1714,0.0000,0
25.0159,0.0000,0
16.7214,0.0000,0
22.9015,0.0000,0
25.3949,0.0000,0
19.1359,0.0000,0
21.6695,0.0000,0
22.4693,0.0000,0
25.2047,0.0000,0
22.4632,0.0000,0
17.4405,0.0000,0
24.9979,0.0000,0
21.7126,0.0000,0
17.6277,0.0000,0
17.9367,0.0000,0
16.0920,0.0000,0
16.2601,0.0000,0
20.9679,0.0000,0
23.7497,0.0000,0
22.7384,0.0000,0
21.3995,0.0000,0
20.1533,0.0000,0
22.9445,0.0000,0
17.3013,0.0000,0
25.5356,0.0000,0
22.1997,0.0000,0
16.9781,0.0000,0
18.3351,0.0000,0
15.8745,0.0000,0
25.5165,0.0000,0
16.7671,0.0000,0
18.3523,0.0000,0
21.4379,0.0000,0
21.8592,0.0000,0
22.9532,0.0000,0
20.9696,0.0000,0
20.3085,0.0000,0
25.4512,0.0000,0
23.8596,0.0000,0
18.6076,0.0000,0
19.2526,0.0000,0
23.0564,0.0000,0
19.9614,0.0000,0
20.5642,0.0000,0
18.1254,0.0000,0
20.5439,0.0000,0
17.8111,0.0000,0
16.5172,0.0000,0
23.6079,0.0000,0
17.0363,0.0000,0
19.6822,0.0000,0
24.9028,0.0000,0
17.1006,0.0000,0
20.3337,0.0000,0
23.0067,0.0000,0
20.9949,0.0000,0
24.4698,0.0000,0
18.9695,0.0000,0
17.6260,0.0000,0
23.4823,0.0000,0
17.9745,0.0000,0
25.5930,0.0000,0
22.1070,0.0000,0
18.5381,0.0000,0
20.4341,0.0000,0
24.5061,0.0000,0
25.0039,0.0000,0
16.2626,0.0000,0
23.8650,0.0000,0
18.5352,0.0000,0
19.5224,0.0000,0
19.9100,0.0000,0
21.6982,0.0000,0
18.3974,0.0000,0
25.0307,0.0000,0
16.1643,0.0000,0
20.0013,0.0000,0
25.9243,0.0000,0
18.0826,0.0000,0
15.8005,0.0000,0
21.2715,0.0000,0
15.8385,0.0000,0
17.8945,0.0000,0
23.2247,0.0000,0
18.8752,0.0000,0
24.4188,0.0000,0
23.9946,0.0000,0
17.6354,0.0000,0
17.1034,0.0000,0
24.7741,0.0000,0
21.0542,0.0000,0
25.4778,0.0000,0
19.0297,0.0000,0
21.2979,0.0000,0
24.9380,0.0000,0
19.4862,0.0000,0
19.5991,0.0000,0
17.8506,0.0000,0
23.9605,0.0000,0
16.7376,0.0000,0
23.0922,0.0000,0
22.9897,0.0000,0
19.8318,0.0000,0
23.2264,0.0000,0
23.8980,0.0000,0
22.8671,0.0000,0
21.6769,0.0000,0
21.8896,0.0000,0
25.1950,0.0000,0
21.8890,0.0000,0
16.0601,0.0000,0
16.0190,0.0000,0
23.2342,0.0000,0
25.4204,0.0000,0
15.8882,0.0000,0
18.3914,0.0000,0
20.4487,0.0000,0
15.8557,0.0000,0
16.7497,0.0000,0
20.0281,0.0000,0
20.1339,0.0000,0
16.2208,0.0000,0
18.0593,0.0000,0
17.8245,0.0000,0
18.7504,0.0000,0
24.0965,0.0000,0
16.4340,0.0000,0
21.2453,0.0000,0
23.0425,0.0000,0
17.5539,0.0000,0
15.8402,0.0000,0
17.5664,0.0000,0
20.9138,0.0000,0
19.9657,0.0000,0
24.0700,0.0000,0
17.4860,0.0000,0
20.3512,0.0000,0
17.9436,0.0000,0
19.8198,0.0000,0
23.9390,0.0000,0
17.4913,0.0000,0
24.2782,0.0000,0
24.9257,0.0000,0
20.8874,0.0000,0
24.1722,0.0000,0
16.0921,0.0000,0
25.3632,0.0000,0
21.4924,0.0000,0
22.3346,0.0000,0
20.2501,0.0000,0
23.6606,0.0000,0
17.6939,0.0000,0
25.9290,0.0000,0
24.8652,0.0000,0
15.9222,0.0000,0
17.1382,0.0000,0
16.8628,0.0000,0
23.0386,0.0000,0
16.3678,0.0000,0
25.0336,0.0000,0
22.3881,0.0000,0
18.5483,0.0000,0
21.8587,0.0000,0
24.6666,0.0000,0
17.4230,0.0000,0
17.9284,0.0000,0
21.8360,0.0000,0
24.2122,0.0000,0
19.1447,0.0000,0
20.6561,0.0000,0
18.8254,0.0000,0
19.1818,0.0000,0
16.5425,0.0000,0
17.3977,0.0000,0
19.6135,0.0000,0
21.4821,0.0000,0
21.2152,0.0000,0
22.4477,0.0000,0
17.4409,0.0000,0
24.0055,0.0000,0
24.4402,0.0000,0
22.4297,0.0000,0
24.2382,0.0000,0
23.8959,0.0000,0
19.7086,0.0000,0
19.1709,0.0000,0
23.6520,0.0000,0
17.4732,0.0000,0
16.9810,0.0000,0
16.0989,0.0000,0
22.7122,0.0000,0
23.8814,0.0000,0
25.9128,0.0000,0
21.2993,0.0000,0
17.7367,0.0000,0
15.9821,0.0000,0
21.0132,0.0000,0
16.8790,0.0000,0
22.5807,0.0000,0
21.0690,0.0000,0
19.2446,0.0000,0
21.8444,0.0000,0
18.3927,0.0000,0
24.5253,0.0000,0
17.9733,0.0000,0
17.9995,0.0000,0
18.8234,0.0000,0
22.3186,0.0000,0
20.6474,0.0000,0
20.5510,0.0000,0
25.1282,0.0000,0
20.6550,0.0000,0
17.0196,0.0000,0
20.1148,0.0000,0
25.8951,0.0000,0
22.7270,0.0000,0
23.0636,0.0000,0
18.5894,0.0000,0
23.1781,0.0000,0
22.6830,0.0000,0
15.7280,0.0000,0
20.6867,0.0000,0
17.8995,0.0000,0
16.7047,0.0000,0
25.4708,0.0000,0
17.8399,0.0000,0
16.6622,0.0000,0
18.0272,0.0000,0
16.8384,0.0000,0
19.5972,0.0000,0
22.1049,0.0000,0
16.7793,0.0000,0
22.6787,0.0000,0
25.7417,0.0000,0
23.5136,0.0000,0
23.4965,0.0000,0
21.0069,0.0000,0
23.4179,0.0000,0
23.6186,0.0000,0
25.9394,0.0000,0
23.7966,0.0000,0
18.4875,0.0000,0
25.4117,0.0000,0
20.1730,0.0000,0
21.3729,0.0000,0
19.0634,0.0000,0
17.4992,0.0000,0
24.6213,0.0000,0
15.9264,0.0000,0
17.0658,0.0000,0
23.0364,0.0000,0
15.6562,0.0000,0
21.5182,0.0000,0
16.1071,0.0000,0
16.4022,0.0000,0
18.6983,0.0000,0
23.4717,0.0000,0
20.9479,0.0000,0
20.1438,0.0000,0
15.9220,0.0000,0
25.3677,0.0000,0
15.8523,0.0000,0
24.0742,0.0000,0
22.1480,0.0000,0
22.7748,0.0000,0
19.7762,0.0000,0
23.8246,0.0000,0
18.5543,0.0000,0
23.8308,0.0000,0
24.1455,0.0000,0
17.7045,0.0000,0
22.2751,0.0000,0
21.4336,0.0000,0
17.9902,0.0000,0
22.3804,0.0000,0
20.5073,0.0000,0
25.7386,0.0000,0
17.3391,0.0000,0
21.3546,0.0000,0
17.4404,0.0000,0
25.4608,0.0000,0
25.5298,0.0000,0
24.6188,0.0000,0
23.7957,0.0000,0
24.0788,0.0000,0
25.3076,0.0000,0
15.7319,0.0000,0
21.6595,0.0000,0
18.8155,0.0000,0
15.6537,0.0000,0
22.8236,0.0000,0
24.1532,0.0000,0
15.8996,0.0000,0
24.5081,0.0000,0
16.6054,0.0000,0
23.0891,0.0000,0
15.6636,0.0000,0
17.3151,0.0000,0
18.1796,0.0000,0
24.1065,0.0000,0
24.4629,0.0000,0
19.4291,0.0000,0
25.9083,0.0000,0
25.7510,0.0000,0
22.4334,0.0000,0
18.4875,0.0000,0
24.0393,0.0000,0
25.2190,0.0000,0
19.6159,0.0000,0
17.7879,0.0000,0
21.1884,0.0000,0
25.5733,0.0000,0
15.7279,0.0000,0
18.8958,0.0000,0
15.7653,0.0000,0
17.1175,0.0000,0
21.0455,0.0000,0
23.9142,0.0000,0
21.5549,0.0000,0
19.8278,0.0000,0
16.5941,0.0000,0
17.6568,0.0000,0
19.8410,0.0000,0
25.4840,0.0000,0
20.2058,0.0000,0
18.6289,0.0000,0
16.8422,0.0000,0
21.1506,0.0000,0
19.6571,0.0000,0
16.8711,0.0000,0
25.8798,0.0000,0
19.7504,0.0000,0
23.1891,0.0000,0
24.3135,0.0000,0
24.9314,0.0000,0
17.6306,0.0000,0
20.0592,0.0000,0
16.5112,0.0000,0
20.2994,0.0000,0
21.9579,0.0000,0
24.9753,0.0000,0
22.3214,0.0000,0
16.3750,0.0000,0
18.0131,0.0000,0
18.0605,0.0000,0
25.3386,0.0000,0
16.0358,0.0000,0
20.1075,0.0000,0
16.5539,0.0000,0
15.9375,0.0000,0
17.3337,0.0000,0
19.6593,0.0000,0
22.0541,0.0000,0
25.4581,0.0000,0
17.0181,0.0000,0
20.4083,0.0000,0
25.2368,0.0000,0
20.5301,0.0000,0
18.6432,0.0000,0
18.8539,0.0000,0
16.8877,0.0000,0
18.9861,0.0000,0
23.2247,0.0000,0
20.0105,0.0000,0
25.1289,0.0000,0
17.3478,0.0000,0
20.4859,0.0000,0
18.8766,0.0000,0
17.0433,0.0000,0
22.8124,0.0000,0
25.5253,0.0000,0
19.4038,0.0000,0
24.4950,0.0000,0
22.8109,0.0000,0
19.1485,0.0000,0
25.8637,0.0000,0
24.3539,0.0000,0
21.5543,0.0000,0
18.2015,0.0000,0
23.3018,0.0000,0
25.5943,0.0000,0
19.4553,0.0000,0
16.1109,0.0000,0
25.7710,0.0000,0
20.9598,0.0000,0
17.2381,0.0000,0
15.9023,0.0000,0
20.0120,0.0000,0
23.7111,0.0000,0
22.6396,0.0000,0
18.4068,0.0000,0
25.7017,0.0000,0
23.0560,0.0000,0
25.9680,0.0000,0
22.9171,0.0000,0
23.7049,0.0000,0
20.6257,0.0000,0
23.0550,0.0000,0
25.4912,0.0000,0
16.6536,0.0000,0
21.7741,0.0000,0
16.9209,0.0000,0
23.3173,0.0000,0
19.2297,0.0000,0
25.9825,0.0000,0
16.6758,0.0000,0
20.6073,0.0000,0
22.2421,0.0000,0
18.3716,0.0000,0
15.8672,0.0000,0
18.3390,0.0000,0
23.1480,0.0000,0
20.3400,0.0000,0
24.7257,0.0000,0
19.7210,0.0000,0
16.9933,0.0000,0
18.0066,0.0000,0
25.6448,0.0000,0
21.3730,0.0000,0
22.0527,0.0000,0
19.2913,0.0000,0
16.3557,0.0000,0
25.0408,0.0000,0
21.7016,0.0000,0
21.2729,0.0000,0
23.0417,0.0000,0
19.3328,0.0000,0
16.3168,0.0000,0
20.7820,0.0000,0
19.3703,0.0000,0
23.4846,0.0000,0
16.3426,0.0000,0
21.4414,0.0000,0
22.5873,0.0000,0
17.3664,0.0000,0
21.0260,0.0000,0
17.3886,0.0000,0
18.3854,0.0000,0
21.4515,0.0000,0
24.0218,0.0000,0
20.0218,0.0000,0
25.5185,0.0000,0
15.6536,0.0000,0
19.3525,0.0000,0
20.6221,0.0000,0
15.6635,0.0000,0
16.7009,0.0000,0
19.1166,0.0000,0
24.0810,0.0000,0
24.4542,0.0000,0
17.2367,0.0000,0
22.9050,0.0000,0
25.1851,0.0000,0
17.8164,0.0000,0
17.3473,0.0000,0
19.9045,0.0000,0
24.7786,0.0000,0
19.8597,0.0000,0
15.6357,0.0000,0
25.1632,0.0000,0
23.5984,0.0000,0
16.6157,0.0000,0
20.4459,0.0000,0
20.9151,0.0000,0
25.5892,0.0000,0
20.1298,0.0000,0
16.4284,0.0000,0
20.2120,0.0000,0
23.6318,0.0000,0
16.6811,0.0000,0
19.0889,0.0000,0
24.4059,0.0000,0
19.8312,0.0000,0
17.2260,0.0000,0
24.7484,0.0000,0
23.3566,0.0000,0
16.6502,0.0000,0
21.2772,0.0000,0
25.1907,0.0000,0
17.4111,0.0000,0
18.7945,0.0000,0
18.0422,0.0000,0
21.1977,0.0000,0
17.0565,0.0000,0
17.4707,0.0000,0
16.7987,0.0000,0
22.9445,0.0000,0
20.9141,0.0000,0
17.8878,0.0000,0
25.8742,0.0000,0
22.1970,0.0000,0
15.6409,0.0000,0
15.6548,0.0000,0
24.3616,0.0000,0
18.4571,0.0000,0
23.3570,0.0000,0
16.1151,0.0000,0
24.5744,0.0000,0
23.0012,0.0000,0
21.2579,0.0000,0
16.5630,0.0000,0
25.8030,0.0000,0
19.0909,0.0000,0
21.4181,0.0000,0
21.2515,0.0000,0
20.8419,0.0000,0
25.5461,0.0000,0
18.6392,0.0000,0
25.2215,0.0000,0
19.6614,0.0000,0
18.4026,0.0000,0
25.7754,0.0000,0
19.7132,0.0000,0
18.1061,0.0000,0
16.1992,0.0000,0
24.8371,0.0000,0
15.7442,0.0000,0
16.6094,0.0000,0
25.8039,0.0000,0
19.4616,0.0000,0
16.9520,0.0000,0
23.0851,0.0000,0
24.4902,0.0000,0
23.1083,0.0000,0
21.7081,0.0000,0
15.7623,0.0000,0
23.6826,0.0000,0
23.3533,0.0000,0
24.2806,0.0000,0
21.0666,0.0000,0
21.0523,0.0000,0
16.7184,0.0000,0
22.3063,0.0000,0
15.8204,0.0000,0
24.4642,0.0000,0
23.2665,0.0000,0
15.9496,0.0000,0
18.8143,0.0000,0
25.8862,0.0000,0
16.9703,0.0000,0
18.1826,0.0000,0
24.5848,0.0000,0
18.5174,0.0000,0
17.5042,0.0000,0
23.6743,0.0000,0
21.6444,0.0000,0
20.7331,0.0000,0
18.8701,0.0000,0
19.9389,0.0000,0
21.5720,0.0000,0
19.0200,0.0000,0
18.9570,0.0000,0
23.1838,0.0000,0
22.6924,0.0000,0
15.7663,0.0000,0
21.3484,0.0000,0
18.6738,0.0000,0
21.4117,0.0000,0
24.0073,0.0000,0
21.1482,0.0000,0
18.7426,0.0000,0
17.3035,0.0000,0
16.4907,0.0000,0
18.2195,0.0000,0
21.3127,0.0000,0
19.6999,0.0000,0
17.4597,0.0000,0
15.7751,0.0000,0
22.6007,0.0000,0
25.3839,0.0000,0
22.6311,0.0000,0
25.6351,0.0000,0
18.1496,0.0000,0
25.1393,0.0000,0
25.0335,0.0000,0
21.9952,0.0000,0
21.4033,0.0000,0
20.5217,0.0000,0
24.2854,0.0000,0
20.2112,0.0000,0
18.4394,0.0000,0
19.4217,0.0000,0
16.5659,0.0000,0
17.4910,0.0000,0
21.4768,0.0000,0
25.8141,0.0000,0
22.6611,0.0000,0
17.5036,0.0000,0
22.5055,0.0000,0
25.0216,0.0000,0
22.8143,0.0000,0
25.1485,0.0000,0
19.2052,0.0000,0
16.9344,0.0000,0
19.3475,0.0000,0
24.8993,0.0000,0
25.7914,0.0000,0
20.5963,0.0000,0
20.3852,0.0000,0
22.0491,0.0000,0
22.9440,0.0000,0
19.4159,0.0000,0
25.3149,0.0000,0
16.1724,0.0000,0
24.6665,0.0000,0
18.8204,0.0000,0
20.3453,0.0000,0
24.8321,0.0000,0
18.9591,0.0000,0
25.1827,0.0000,0
22.0412,0.0000,0
17.1476,0.0000,0
15.8831,0.0000,0
21.9723,0.0000,0
15.9273,0.0000,0
20.7496,0.0000,0
25.9694,0.0000,0
19.2210,0.0000,0
24.4311,0.0000,0
21.1188,0.0000,0
20.8634,0.0000,0
20.9045,0.0000,0
17.5239,0.0000,0
24.3003,0.0000,0
24.3218,0.0000,0
17.4351,0.0000,0
17.9179,0.0000,0
22.5498,0.0000,0
19.3246,0.0000,0
16.2352,0.0000,0
23.8403,0.0000,0
19.3142,0.0000,0
22.1979,0.0000,0
23.0343,0.0000,0
21.3351,0.0000,0
16.9741,0.0000,0
19.7066,0.0000,0
22.7572,0.0000,0
16.9839,0.0000,0
17.6703,0.0000,0
15.8465,0.0000,0
18.0752,0.0000,0
25.5061,0.0000,0
24.5766,0.0000,0
25.3916,0.0000,0
18.3509,0.0000,0
19.5470,0.0000,0
24.2376,0.0000,0
23.6019,0.0000,0
21.2788,0.0000,0
24.8178,0.0000,0
25.7263,0.0000,0
19.1634,0.0000,0
15.9854,0.0000,0
19.7882,0.0000,0
19.2572,0.0000,0
17.0192,0.0000,0
16.3376,0.0000,0
18.1078,0.0000,0
20.7847,0.0000,0
19.4592,0.0000,0
24.5740,0.0000,0
20.3071,0.0000,0
23.0693,0.0000,0
24.7143,0.0000,0
20.4737,0.0000,0
17.6567,0.0000,0
15.7650,0.0000,0
24.9567,0.0000,0
25.4078,0.0000,0
19.2334,0.0000,0
18.1304,0.0000,0
15.6416,0.0000,0
23.1648,0.0000,0
25.6477,0.0000,0
20.9760,0.0000,0
24.6192,0.0000,0
23.4953,0.0000,0
22.8594,0.0000,0
21.3075,0.0000,0
22.0892,0.0000,0
24.2452,0.0000,0
19.9304,0.0000,0
18.2455,0.0000,0
25.1061,0.0000,0
21.6159,0.0000,0
20.8265,0.0000,0
23.2698,0.0000,0
17.5400,0.0000,0
21.7842,0.0000,0
17.5848,0.0000,0
19.1635,0.0000,0
16.7967,0.0000,0
23.3009,0.0000,0
20.2153,0.0000,0
25.0477,0.0000,0
24.4240,0.0000,0
24.2979,0.0000,0
21.2823,0.0000,0
22.4574,0.0000,0
24.5771,0.0000,0
22.6132,0.0000,0
24.2537,0.0000,0
19.5681,0.0000,0
16.2862,0.0000,0
23.0210,0.0000,0
18.5237,0.0000,0
21.1776,0.0000,0
22.3248,0.0000,0
19.5226,0.0000,0
22.9046,0.0000,0
17.3737,0.0000,0
16.0308,0.0000,0
25.6014,0.0000,0
22.3547,0.0000,0
21.1680,0.0000,0
16.3341,0.0000,0
22.9857,0.0000,0
25.4709,0.0000,0
15.7600,0.0000,0
18.9773,0.0000,0
18.8113,0.0000,0
16.3796,0.0000,0
16.1002,0.0000,0
19.6007,0.0000,0
21.8004,0.0000,0
17.8270,0.0000,0
25.5632,0.0000,0
23.1353,0.0000,0
23.2975,0.0000,0
19.9161,0.0000,0
24.6990,0.0000,0
19.4012,0.0000,0
20.2857,0.0000,0
17.8691,0.0000,0
16.9864,0.0000,0
25.8027,0.0000,0
17.3485,0.0000,0
24.6504,0.0000,0
22.5217,0.0000,0
22.1289,0.0000,0
16.5914,0.0000,0
25.7225,0.0000,0
21.4812,0.0000,0
22.2642,0.0000,0
25.9047,0.0000,0
24.9020,0.0000,0
22.7107,0.0000,0
23.5507,0.0000,0
24.8990,0.0000,0
19.6879,0.0000,0
22.2184,0.0000,0
22.5100,0.0000,0
25.3051,0.0000,0
20.6439,0.0000,0
25.9789,0.0000,0
16.1220,0.0000,0
16.2513,0.0000,0
20.9926,0.0000,0
25.2974,0.0000,0
17.2169,0.0000,0
23.4400,0.0000,0
21.3814,0.0000,0
16.3008,0.0000,0
17.1607,0.0000,0
17.4853,0.0000,0
15.9839,0.0000,0
15.9981,0.0000,0
22.2850,0.0000,0
15.8468,0.0000,0
17.2723,0.0000,0
19.7573,0.0000,0
21.0839,0.0000,0
16.2660,0.0000,0
16.3657,0.0000,0
20.3023,0.0000,0
20.1122,0.0000,0
25.2197,0.0000,0
22.6866,0.0000,0
23.6181,0.0000,0
16.4930,0.0000,0
20.4170,0.0000,0
18.8715,0.0000,0
18.7303,0.0000,0
19.9467,0.0000,0
21.1566,0.0000,0
16.3820,0.0000,0
24.4521,0.0000,0
23.6425,0.0000,0
19.4235,0.0000,0
21.9778,0.0000,0
17.7647,0.0000,0
18.8366,0.0000,0
23.7966,0.0000,0
23.2451,0.0000,0
21.3430,0.0000,0
21.2111,0.0000,0
25.5057,0.0000,0
25.2039,0.0000,0
16.6395,0.0000,0
23.3381,0.0000,0
21.5372,0.0000,0
23.5870,0.0000,0
20.6332,0.0000,0
17.4642,0.0000,0
21.5884,0.0000,0
18.5364,0.0000,0
19.3161,0.0000,0
18.1779,0.0000,0
20.4384,0.0000,0
22.5008,0.0000,0
25.5658,0.0000,0
15.8388,0.0000,0
17.9255,0.0000,0
17.8633,0.0000,0
20.8209,0.0000,0
18.4136,0.0000,0
23.5913,0.0000,0
22.4726,0.0000,0
17.8914,0.0000,0
19.7673,0.0000,0
16.0546,0.0000,0
23.4565,0.0000,0
17.7629,0.0000,0
15.9298,0.0000,0
18.5388,0.0000,0
24.0798,0.0000,0
22.5896,0.0000,0
22.1551,0.0000,0
23.6637,0.0000,0
19.8142,0.0000,0
17.2436,0.0000,0
19.0683,0.0000,0
17.5366,0.0000,0
17.5581,0.0000,0
22.6198,0.0000,0
18.1890,0.0000,0
25.4238,0.0000,0
16.5429,0.0000,0
23.8573,0.0000,0
16.5738,0.0000,0
21.6726,0.0000,0
22.8828,0.0000,0
21.0658,0.0000,0
17.4077,0.0000,0
23.4644,0.0000,0
24.2640,0.0000,0
23.9550,0.0000,0
16.9067,0.0000,0
18.3478,0.0000,0
23.5893,0.0000,0
15.7214,0.0000,0
23.6943,0.0000,0
21.3598,0.0000,0
25.2824,0.0000,0
20.7098,0.0000,0
16.0409,0.0000,0
19.3024,0.0000,0
17.1877,0.0000,0
16.1904,0.0000,0
22.1035,0.0000,0
20.7240,0.0000,0
16.2406,0.0000,0
25.5735,0.0000,0
25.2710,0.0000,0
18.4217,0.0000,0
18.6887,0.0000,0
16.5981,0.0000,0
20.6698,0.0000,0
16.5317,0.0000,0
17.4705,0.0000,0
24.9106,0.0000,0
20.4407,0.0000,0
25.6583,0.0000,0
18.7448,0.0000,0
22.1289,0.0000,0
22.7940,0.0000,0
24.5048,0.0000,0
22.4822,0.0000,0
22.7653,0.0000,0
17.3603,0.0000,0
19.5814,0.0000,0
24.2566,0.0000,0
18.3291,0.0000,0
17.7644,0.0000,0
21.8209,0.0000,0
22.0471,0.0000,0
23.5707,0.0000,0
19.9329,0.0000,0
20.2162,0.0000,0
20.0681,0.0000,0
21.4660,0.0000,0
19.6379,0.0000,0
22.6007,0.0000,0
16.7584,0.0000,0
20.1347,0.0000,0
23.7291,0.0000,0
25.9702,0.0000,0
16.3524,0.0000,0
21.8398,0.0000,0
15.9006,0.0000,0
16.3627,0.0000,0
20.1613,0.0000,0
17.8222,0.0000,0
16.8741,0.0000,0
17.2350,0.0000,0
19.6317,0.0000,0
16.2670,0.0000,0
19.5176,0.0000,0
19.3839,0.0000,0
15.8012,0.0000,0
16.4335,0.0000,0
22.8212,0.0000,0
24.5428,0.0000,0
22.8692,0.0000,0
22.3566,0.0000,0
22.6521,0.0000,0
24.7255,0.0000,0
20.6598,0.0000,0
20.1490,0.0000,0
23.7207,0.9133,0
22.7382,0.2066,0
15.7917,1.8343,0
24.4124,1.4022,0
16.5807,1.5608,0
19.1280,0.7931,0
18.5995,2.2123,0
16.9515,0.9257,0
23.4743,0.8876,0
23.5199,0.2095,0
25.3349,1.7744,0
17.2998,1.3627,0
25.0553,1.0805,0
21.6850,1.1223,0
20.0328,1.3118,0
24.9777,1.8291,0
17.3285,1.2639,0
15.7717,0.6531,0
23.9197,1.3384,0
17.6858,0.7262,0
21.2635,2.0118,0
16.1448,0.1863,0
16.5777,0.9974,0
17.0169,1.2129,0
21.5330,1.0877,0
24.7399,1.2065,0
19.8665,0.0000,0
25.3855,2.1303,0
15.6734,1.0251,0
16.8720,1.5228,0
16.8538,2.0237,0
22.1847,1.6913,0
19.4272,0.3344,0
17.1140,0.8543,0
25.5310,1.6563,0
25.7479,1.1510,0
21.2045,1.3361,0
22.6045,0.9976,0
16.0136,0.7751,0
19.3939,1.8140,0
18.6347,1.9498,0
17.6949,1.3116,0
23.3979,0.8834,0
19.3172,0.7182,0
18.9863,0.8105,0
20.3008,1.9206,0
25.0604,1.1614,0
20.4723,2.0234,0
23.1807,0.5109,0
19.6437,1.2730,0
19.5726,1.6469,0
23.7125,0.7811,0
15.7458,0.1151,0
24.2868,1.7952,0
16.3593,1.5674,0
19.1798,1.1453,0
25.0060,1.3928,0
19.0016,0.6808,0
18.1530,1.1719,0
21.0624,1.2807,0
20.7328,1.3823,0
18.4076,0.8557,0
19.6137,0.7155,0
22.1955,0.7823,0
25.6514,2.0091,0
24.4211,1.8098,0
18.7323,2.1331,0
19.7137,1.9008,0
19.8361,0.9218,0
25.6133,1.2856,0
19.2869,1.2167,0
16.5450,1.6503,0
18.1425,2.1257,0
21.4435,1.2213,0
24.3486,0.2690,0
23.4437,0.5630,0
22.7740,2.3874,0
18.5835,1.1261,0
16.6557,0.3538,0
21.7705,1.3696,0
23.1131,0.9380,0
24.9658,1.4705,0
23.2662,0.5149,0
23.8803,0.6009,0
23.1966,0.8277,0
18.1789,1.8521,0
19.0525,0.4315,0
20.3438,2.2307,0
17.1195,0.6757,0
16.0453,1.2521,0
23.2684,0.5093,0
21.2312,0.9258,0
25.7474,2.1389,0
20.0658,1.3335,0
24.7026,0.9613,0
23.7185,1.2470,0
21.8206,1.5180,0
22.9827,1.8491,0
22.1500,1.4941,0
20.9639,1.5008,0
21.4290,0.7445,0
18.4171,1.0472,0
21.4002,0.9954,0
24.1821,0.1369,0
19.0360,0.7062,0
15.6356,0.9666,0
20.7225,0.8631,0
25.5530,2.2514,0
17.2430,1.1519,0
23.7835,1.3650,0
19.1401,1.3619,0
25.6341,0.9917,0
24.5993,1.1630,0
22.3694,1.4947,0
22.6875,1.0598,0
18.8992,0.8484,0
16.8531,1.6473,0
22.0228,1.4793,0
16.1351,1.4609,0
16.7982,0.9848,0
23.6654,2.0517,0
16.5140,1.2773,0
24.0079,2.6194,0
18.8426,0.3875,0
24.9964,1.2688,0
16.8903,2.0757,0
18.7529,2.3478,0
25.3545,0.2188,0
22.9054,1.1450,0
25.7458,0.5891,0
17.8838,0.6439,0
16.8419,0.7050,0
16.0224,1.0254,0
22.6226,1.6069,0
25.2119,0.4827,0
25.6947,1.3659,0
17.7095,1.1426,0
19.7669,0.2544,0
24.3133,1.4759,0
18.4773,1.1206,0
18.6031,1.5675,0
24.9216,0.8509,0
19.1455,2.1033,0
22.5894,1.1142,0
20.5601,1.5653,0
23.3937,1.0317,0
18.4458,1.0272,0
25.8702,0.7458,0
16.3578,2.2882,0
23.9144,0.6689,0
22.6918,1.8797,0
24.9849,1.3283,0
22.1516,1.6941,0
23.2226,1.3213,0
17.3760,1.4543,0
19.9164,0.5727,0
20.4824,0.8408,0
16.9772,0.7719,0
18.9282,1.5270,0
16.0161,2.5275,0
18.7191,0.8576,0
22.2796,1.0098,0
16.0551,1.9320,0
18.9423,1.9554,0
20.6553,1.4005,0
18.4328,0.9865,0
17.6924,0.6319,0
23.4387,1.7402,0
17.1465,1.8766,0
19.8602,0.2548,0
18.0767,0.8699,0
23.4071,0.1206,0
16.8862,1.1442,0
20.3061,1.0866,0
17.5968,0.7784,0
19.4070,0.9215,0
25.3514,2.0546,0
18.8564,1.1565,0
16.0178,1.4504,0
22.3484,0.9955,0
22.5374,0.2625,0
21.4257,0.4892,0
25.8881,1.8553,0
19.1615,1.1318,0
16.6854,0.9259,0
22.7295,0.7677,0
17.0034,0.7147,0
20.2974,2.2656,0
20.5092,0.6576,0
18.3789,0.3086,0
22.2997,0.4212,0
24.7985,1.8071,0
20.6429,1.5165,0
18.0900,0.9607,0
25.1886,0.0425,0
23.5830,0.5061,0
16.3034,1.2815,0
19.8003,1.0281,0
21.9706,0.7489,0
19.0522,1.4432,0
22.2740,0.8066,0
23.9341,0.4284,0
17.9927,1.2309,0
16.2449,0.2887,0
22.4671,0.7570,0
22.2968,2.0798,0
20.2404,0.7293,0
22.9945,0.7542,0
22.2505,1.2805,0
21.3127,0.7990,0
18.5408,0.7248,0
25.5287,1.3433,0
17.9300,0.3088,0
18.8752,1.1482,0
19.7338,1.6248,0
25.8957,0.9324,0
21.2621,0.2168,0
18.3610,1.9194,0
22.4895,0.8859,0
18.6497,1.4777,0
16.9687,0.6470,0
20.6799,1.4689,0
19.3639,0.9784,0
17.0136,0.9232,0
17.2591,1.2878,0
16.9043,0.5245,0
24.3044,1.2433,0
24.3745,0.8094,0
17.4099,1.2341,0
24.8390,1.0032,0
16.6347,1.0975,0
23.9682,1.0939,0
20.0817,1.0964,0
16.8463,0.1196,0
16.2138,1.0120,0
22.2072,1.3798,0
17.2515,1.2565,0
21.3932,1.0241,0
21.8466,0.5975,0
24.6143,0.4396,0
20.0933,2.0261,0
21.1405,1.2594,0
22.7862,1.0874,0
21.2152,0.9580,0
24.3795,1.6339,0
17.3400,2.8188,0
25.1306,1.4733,0
20.2626,0.5668,0
20.6498,1.0616,0
17.3724,1.1869,0
19.5836,2.0826,0
18.5584,1.0709,0
16.9552,0.3062,0
25.3790,0.8013,0
21.2256,1.2077,0
20.5034,1.0405,0
15.6320,0.0000,0
23.8334,0.0000,0
22.9865,0.0000,0
22.6318,0.0000,0
18.5354,0.0000,0
25.1690,0.0000,0
25.5431,0.0000,0
22.8568,0.0000,0
20.0416,0.0000,0
24.1347,0.0000,0
15.7922,0.0000,0
21.0556,0.0000,0
24.3092,0.0000,0
24.2456,0.0000,0
24.3155,0.0000,0
18.4097,0.0000,0
19.4887,0.0000,0
24.6479,0.0000,0
17.7929,0.0000,0
20.7237,0.0000,0
16.1215,0.0000,0
19.1818,0.0000,0
20.9987,0.0000,0
23.1736,0.0000,0
15.7261,0.0000,0
16.8588,0.0000,0
15.7147,0.0000,0
19.9485,0.0000,0
21.5947,0.0000,0
23.1729,0.0000,0
19.9794,0.0000,0
25.6093,0.0000,0
17.2380,0.0000,0
23.8871,0.0000,0
22.3929,0.0000,0
21.8050,0.0000,0
18.6634,0.0000,0
18.2505,0.0000,0
20.7717,0.0000,0
18.1565,0.0000,0
25.8787,0.0000,0
21.0670,0.0000,0
21.9510,0.0000,0
20.8761,0.0000,0
20.1637,0.0000,0
17.2000,0.0000,0
19.3590,0.0000,0
17.8187,0.0000,0
21.4813,0.0000,0
16.6529,0.0000,0
22.8092,0.0000,0
20.9117,0.0000,0
20.9039,0.0000,0
18.4491,0.0000,0
25.9219,0.0000,0
24.3477,0.0000,0
23.3379,0.0000,0
16.3278,0.0000,0
21.7783,0.0000,0
18.9313,0.0000,0
18.7933,0.0000,0
17.3928,0.0000,0
15.7178,0.0000,0
21.0221,0.0000,0
21.9109,0.0000,0
19.0578,0.0000,0
25.6673,0.0000,0
22.5248,0.0000,0
15.6328,0.0000,0
22.0054,0.0000,0
20.4265,0.0000,0
21.8510,0.0000,0
25.9977,0.0000,0
25.9382,0.0000,0
25.0048,0.0000,0
18.4660,0.0000,0
21.3258,0.0000,0
19.8865,0.0000,0
25.1953,0.0000,0
25.7841,0.0000,0
15.9167,0.0000,0
23.1352,0.0000,0
21.5568,0.0000,0
25.2886,0.0000,0
16.9670,0.0000,0
18.1167,0.0000,0
22.0267,0.0000,0
25.3252,0.0000,0
20.5531,0.0000,0
21.4208,0.0000,0
24.5041,0.0000,0
18.6135,0.0000,0
17.4237,0.0000,0
18.9258,0.0000,0
22.5379,0.0000,0
22.9517,0.0000,0
25.6112,0.0000,0
17.5904,0.0000,0
23.0871,0.0000,0
17.1853,0.0000,0
16.4208,0.0000,0
19.6847,0.0000,0
22.9782,0.0000,0
24.2048,0.0000,0
16.4249,0.0000,0
20.2670,0.0000,0
22.5264,0.0000,0
23.7494,0.0000,0
24.8329,0.0000,0
16.2480,0.0000,0
23.1069,0.0000,0
19.2317,0.0000,0
20.2585,0.0000,0
17.2003,0.0000,0
16.7222,0.0000,0
19.5255,0.0000,0
23.2074,0.0000,0
25.2117,0.0000,0
16.9570,0.0000,0
25.5735,0.0000,0
24.0133,0.0000,0
25.2772,0.0000,0
20.3365,0.0000,0
20.3410,0.0000,0
24.3467,0.0000,0
16.4786,0.0000,0
24.3925,0.0000,0
22.2156,0.0000,0
19.1931,0.0000,0
23.4891,0.0000,0
22.9075,0.0000,0
17.2137,0.0000,0
20.8946,0.0000,0
21.0020,0.0000,0
24.2295,0.0000,0
25.4998,0.0000,0
24.7809,0.0000,0
19.6376,0.0000,0
22.3554,0.0000,0
19.4999,0.0000,0
16.9763,0.0000,0
23.8286,0.0000,0
25.8070,0.0000,0
17.2189,0.0000,0
17.6414,0.0000,0
15.8657,0.0000,0
25.4626,0.0000,0
24.5535,0.0000,0
19.2779,0.0000,0
17.6185,0.0000,0
15.8976,0.0000,0
25.4359,0.0000,0
24.7491,0.0000,0
20.5735,0.0000,0
21.3484,0.0000,0
17.2683,0.0000,0
23.3449,0.0000,0
20.8886,0.0000,0
23.7052,0.0000,0
23.4826,0.0000,0
20.5944,0.0000,0
19.3902,0.0000,0
20.6580,0.0000,0
22.2466,0.0000,0
20.4882,0.0000,0
20.7274,0.0000,0
24.9566,0.0000,0
18.7382,0.0000,0
24.1655,0.0000,0
19.8217,0.0000,0
16.3121,0.0000,0
17.2234,0.0000,0
16.1911,0.0000,0
17.7187,0.0000,0
18.6192,0.0000,0
25.3567,0.0000,0
15.7594,0.0000,0
16.3801,0.0000,0
20.3201,0.0000,0
24.2679,0.0000,0
20.5101,0.0000,0
16.4279,0.0000,0
15.6516,0.0000,0
19.6621,0.0000,0
20.0260,0.0000,0
21.4202,0.0000,0
17.3023,0.0000,0
17.0908,0.0000,0
24.2681,0.0000,0
17.6174,0.0000,0
20.8468,0.0000,0
23.5495,0.0000,0
25.1248,0.0000,0
22.3386,0.0000,0
17.6476,0.0000,0
17.0373,0.0000,0
15.7902,0.0000,0
16.4194,0.0000,0
23.5065,0.0000,0
22.7256,0.0000,0
22.1360,0.0000,0
18.7063,0.0000,0
20.9554,0.0000,0
16.5049,0.0000,0
25.0324,0.0000,0
21.7575,0.0000,0
20.0306,0.0000,0
15.9371,0.0000,0
18.4865,0.0000,0
16.8539,0.0000,0
25.4423,0.0000,0
17.4617,0.0000,0
18.1695,0.0000,0
24.0418,0.0000,0
19.1443,0.0000,0
24.4415,0.0000,0
18.1019,0.0000,0
18.9276,0.0000,0
16.2405,0.0000,0
16.9236,0.0000,0
22.1148,0.0000,0
17.6827,0.0000,0
24.3322,0.0000,0
20.2408,0.0000,0
24.1606,0.0000,0
24.2200,0.0000,0
18.7700,0.0000,0
15.8589,0.0000,0
19.3271,0.0000,0
21.4904,0.0000,0
22.8151,0.0000,0
20.4643,0.0000,0
25.9051,0.0000,0
25.4882,0.0000,0
23.3538,0.0000,0
17.1788,0.0000,0
15.9428,0.0000,0
25.3811,0.0000,0
22.6152,0.0000,0
25.3284,0.0000,0
25.1596,0.0000,0
19.0299,0.0000,0
23.3999,0.0000,0
15.9805,0.0000,0
19.5704,0.0000,0
16.9256,0.0000,0
18.7157,0.0000,0
18.0999,0.0000,0
22.5501,0.0000,0
21.0301,0.0000,0
16.8651,0.0000,0
24.3679,0.0000,0
18.9376,0.0000,0
19.5353,0.0000,0
22.4749,0.0000,0
20.3567,0.0000,0
21.6519,0.0000,0
15.8715,0.0000,0
22.4100,0.0000,0
18.5408,0.0000,0
17.4628,0.0000,0
20.8867,0.0000,0
16.0962,0.0000,0
25.1931,0.0000,0
15.6940,0.0000,0
19.7992,0.0000,0
21.5015,0.0000,0
15.7041,0.0000,0
18.1068,0.0000,0
15.6556,0.0000,0
21.6065,0.0000,0
24.4332,0.0000,0
21.7994,0.0000,0
21.1854,0.0000,0
22.8821,0.0000,0
20.7076,0.0000,0
17.2410,0.0000,0
23.8308,0.0000,0
15.9449,0.0000,0
18.3103,0.0000,0
19.2279,0.0000,0
15.9936,0.0000,0
19.3668,0.0000,0
21.5739,0.0000,0
16.4621,0.0000,0
18.8189,0.0000,0
22.3083,0.0000,0
22.4105,0.0000,0
18.9601,0.0000,0
24.9512,0.0000,0
18.6771,0.0000,0
23.4790,0.0000,0
22.8552,0.0000,0
25.3233,0.0000,0
24.6650,0.0000,0
21.8141,0.0000,0
25.2657,0.0000,0
17.3118,0.0000,0
19.6700,0.0000,0
17.5914,0.0000,0
17.3408,0.0000,0
18.1009,0.0000,0
23.3425,0.0000,0
25.4742,0.0000,0
24.3739,0.0000,0
24.7671,0.0000,0
21.8209,0.0000,0
24.7934,0.0000,0
17.1641,0.0000,0
24.9054,0.0000,0
17.9273,0.0000,0
24.0809,0.0000,0
20.4418,0.0000,0
22.2191,0.0000,0
23.1598,0.0000,0
24.0751,0.0000,0
24.0415,0.0000,0
24.7002,0.0000,0
22.0695,0.0000,0
15.6501,0.0000,0
25.4254,0.0000,0
25.5772,0.0000,0
24.1239,0.0000,0
18.0906,0.0000,0
22.8518,0.0000,0
20.4997,0.0000,0
16.4478,0.0000,0
18.3277,0.0000,0
21.1370,0.0000,0
19.4785,0.0000,0
21.8704,0.0000,0
16.4787,0.0000,0
22.7648,0.0000,0
17.8813,0.0000,0
25.2479,0.0000,0
25.4534,0.0000,0
15.8292,0.0000,0
24.6926,0.0000,0
23.8381,0.0000,0
18.9317,0.0000,0
20.9046,0.0000,0
20.4672,0.0000,0
19.4909,0.0000,0
19.9259,0.0000,0
24.6894,0.0000,0
22.6288,0.0000,0
18.3585,0.0000,0
23.9773,0.0000,0
22.6668,0.0000,0
24.8756,0.0000,0
21.6412,0.0000,0
16.5177,0.0000,0
23.4571,0.0000,0
22.5843,0.0000,0
16.6214,0.0000,0
17.1643,0.0000,0
17.1771,0.0000,0
18.5672,0.0000,0
22.8906,0.0000,0
22.6803,0.0000,0
22.9033,0.0000,0
16.7578,0.0000,0
15.6720,0.0000,0
21.2996,0.0000,0
23.8876,0.0000,0
19.3884,0.0000,0
17.6821,0.0000,0
17.1616,0.0000,0
18.2287,0.0000,0
18.6721,0.0000,0
17.6218,0.0000,0
21.0807,0.0000,0
16.2884,0.0000,0
17.5636,0.0000,0
23.2398,0.0000,0
21.9225,0.0000,0
23.9990,0.0000,0
24.2746,0.0000,0
20.3175,0.0000,0
23.9662,0.0000,0
16.4992,0.0000,0
23.8489,0.0000,0
17.8784,0.0000,0
16.5567,0.0000,0
17.0410,0.0000,0
19.6308,0.0000,0
21.4814,0.0000,0
20.3607,0.0000,0
21.9424,0.0000,0
16.6083,0.0000,0
20.8839,0.0000,0
15.7752,0.0000,0
20.6110,0.0000,0
20.8640,0.0000,0
19.7923,0.0000,0
22.8072,0.0000,0
17.5879,0.0000,0
21.4724,0.0000,0
16.0784,0.0000,0
22.1962,0.0000,0
22.8234,0.0000,0
24.1740,0.0000,0
20.6462,0.0000,0
17.4216,0.0000,0
18.7418,0.0000,0
19.4492,0.0000,0
24.6147,0.0000,0
24.5432,0.0000,0
25.7980,0.0000,0
19.5452,0.0000,0
22.7959,0.0000,0
23.8375,0.0000,0
16.3987,0.0000,0
20.7711,0.0000,0
25.0047,0.0000,0
23.2558,0.0000,0
21.4369,0.0000,0
16.8610,0.0000,0
22.7526,0.0000,0
21.4848,0.0000,0
15.6254,0.0000,0
20.9582,0.0000,0
23.4729,0.0000,0
24.8416,0.0000,0
18.1323,0.0000,0
19.2639,0.0000,0
19.4489,0.0000,0
22.7273,0.0000,0
22.5334,0.0000,0
15.6498,0.0000,0
25.8995,0.0000,0
24.7060,0.0000,0
19.6009,0.0000,0
19.9752,0.0000,0
17.1660,0.0000,0
23.5685,0.0000,0
25.7560,0.0000,0
23.4445,0.0000,0
25.1847,0.0000,0
23.4092,0.0000,0
17.3697,0.0000,0
17.4599,0.0000,0
24.1884,0.0000,0
18.1645,0.0000,0
18.0593,0.0000,0
17.8245,0.0000,0
18.7504,0.0000,0
19.7288,0.0000,0
24.0222,0.0000,0
17.4765,0.0000,0
21.7375,0.0000,0
24.8325,0.0000,0
24.7322,0.0000,0
24.7896,0.0000,0
18.5775,0.0000,0
20.1239,0.0000,0
17.6464,0.0000,0
22.5874,0.0000,0
24.5965,0.0000,0
19.3836,0.0000,0
25.9325,0.0000,0
16.7281,0.0000,0
17.4954,0.0000,0
20.5571,0.0000,0
17.4033,0.0000,0
23.8518,0.0000,0
24.9559,0.0000,0
23.4074,0.0000,0
24.3176,0.0000,0
19.6219,0.0000,0
16.7514,0.0000,0
24.4885,0.0000,0
16.8415,0.0000,0
16.6753,0.0000,0
23.5962,0.0000,0
22.2421,0.0000,0
24.0475,0.0000,0
16.4089,0.0000,0
24.3886,0.0000,0
21.5146,0.0000,0
16.7988,0.0000,0
24.3379,0.0000,0
17.9258,0.0000,0
23.6253,0.0000,0
20.1118,0.0000,0
24.4177,0.0000,0
18.8398,0.0000,0
19.3325,0.0000,0
25.1998,0.0000,0
23.9025,0.0000,0
25.7875,0.0000,0
19.0313,0.0000,0
16.9001,0.0000,0
17.1035,0.0000,0
16.1490,0.0000,0
15.9773,0.0000,0
20.4804,0.0000,0
24.1109,0.0000,0
17.8679,0.0000,0
16.2802,0.0000,0
20.0597,0.0000,0
18.3375,0.0000,0
16.9669,0.0000,0
16.0063,0.0000,0
16.7952,0.0000,0
17.3486,0.0000,0
18.4759,0.0000,0
25.6956,0.0000,0
21.2521,0.0000,0
21.2232,0.0000,0
21.2229,0.0000,0
16.2855,0.0000,0
24.2974,0.0000,0
15.8612,0.0000,0
17.1307,0.0000,0
16.2990,0.0000,0
20.2864,0.0000,0
17.4510,0.0000,0
16.0299,0.0000,0
21.5180,0.0000,0
20.0966,0.0000,0
18.8769,0.0000,0
23.6523,0.0000,0
24.2898,0.0000,0
17.3049,0.0000,0
24.1385,0.0000,0
22.3997,0.0000,0
16.9456,0.0000,0
21.1281,0.0000,0
25.2177,0.0000,0
17.2597,0.0000,0
23.0271,0.0000,0
22.5983,0.0000,0
18.7484,0.0000,0
22.3987,0.0000,0
17.9797,0.0000,0
24.5932,0.0000,0
16.2214,0.0000,0
16.8897,0.0000,0
20.6505,0.0000,0
20.7757,0.0000,0
25.9458,0.0000,0
23.5046,0.0000,0
21.1939,0.0000,0
17.7544,0.0000,0
19.3756,0.0000,0
21.9526,0.0000,0
18.2319,0.0000,0
17.7717,0.0000,0
24.5550,0.0000,0
22.6458,0.0000,0
20.1515,0.0000,0
16.5225,0.0000,0
16.2875,0.0000,0
20.1258,0.0000,0
15.9156,0.0000,0
23.3885,0.0000,0
20.9647,0.0000,0
21.1709,0.0000,0
24.2033,0.0000,0
24.9779,0.0000,0
16.0668,0.0000,0
18.7705,0.0000,0
19.0770,0.0000,0
20.4288,0.0000,0
21.7105,0.0000,0
24.0441,0.0000,0
18.2212,0.0000,0
25.4868,0.0000,0
21.2098,0.0000,0
18.3662,0.0000,0
22.7625,0.0000,0
24.1062,0.0000,0
17.4281,0.0000,0
19.0680,0.0000,0
19.5272,0.0000,0
24.6734,0.0000,0
25.9335,0.0000,0
19.7234,0.0000,0
21.3018,0.0000,0
23.2600,0.0000,0
24.9114,0.0000,0
16.8608,0.0000,0
21.6504,0.0000,0
19.4218,0.0000,0
20.3225,0.0000,0
22.3337,0.0000,0
20.0061,0.0000,0
19.5114,0.0000,0
17.3981,0.0000,0
25.3369,0.0000,0
25.7747,0.0000,0
23.0696,0.0000,0
17.7499,0.0000,0
18.0253,0.0000,0
21.3906,0.0000,0
22.3098,0.0000,0
25.8986,0.0000,0
20.2126,0.0000,0
21.8361,0.0000,0
23.2804,0.0000,0
21.3189,0.0000,0
24.6781,0.0000,0
21.5649,0.0000,0
22.5960,0.0000,0
17.7593,0.0000,0
16.6767,0.0000,0
25.2751,0.0000,0
23.6077,0.0000,0
25.4764,0.0000,0
24.4710,0.0000,0
20.8988,0.0000,0
19.4135,0.0000,0
21.5306,0.0000,0
18.5641,0.0000,0
16.2893,0.0000,0
19.3395,0.0000,0
20.7650,0.0000,0
25.9269,0.0000,0
21.4459,0.0000,0
21.3105,0.0000,0
25.7312,0.0000,0
24.2638,0.0000,0
23.3247,0.0000,0
21.7381,0.0000,0
17.8134,0.0000,0
20.8858,0.0000,0
17.2458,0.0000,0
18.4500,0.0000,0
18.6040,0.0000,0
25.7049,0.0000,0
15.9731,0.0000,0
21.0398,0.0000,0
19.5514,0.0000,0
16.7218,0.0000,0
19.8589,0.0000,0
25.7513,0.0000,0
19.7572,0.0000,0
18.7844,0.0000,0
18.9424,0.0000,0
23.7041,0.0000,0
18.9919,0.0000,0
21.4111,0.0000,0
25.6376,0.0000,0
23.6370,0.0000,0
21.1663,0.0000,0
25.4716,0.0000,0
21.0816,0.0000,0
25.3371,0.0000,0
21.4058,0.0000,0
16.1593,0.0000,0
25.2167,0.0000,0
19.7279,0.0000,0
17.2999,0.0000,0
20.2717,0.0000,0
21.5379,0.0000,0
23.3528,0.0000,0
17.0771,0.0000,0
23.4548,0.0000,0
22.0281,0.0000,0
15.8234,0.0000,0
15.6724,0.0000,0
20.3637,0.0000,0
24.9311,0.0000,0
18.7905,0.0000,0
23.1506,0.0000,0
19.6058,0.0000,0
18.1238,0.0000,0
19.7005,0.0000,0
17.5042,0.0000,0
15.7651,0.0000,0
18.0197,0.0000,0
24.4227,0.0000,0
22.9513,0.0000,0
21.9313,0.0000,0
21.5679,0.0000,0
24.8662,0.0000,0
24.0402,0.0000,0
25.3210,0.0000,0
22.1460,0.0000,0
19.7260,0.0000,0
20.6855,0.0000,0
24.6016,0.0000,0
21.4947,0.0000,0
22.6361,0.0000,0
20.1835,0.0000,0
20.4623,0.0000,0
20.0607,0.0000,0
24.1574,0.0000,0
25.4019,0.0000,0
23.7389,0.0000,0
16.4103,0.0000,0
21.5232,0.0000,0
23.6299,0.0000,0
17.0170,0.0000,0
25.0001,0.0000,0
16.5024,0.0000,0
24.4895,0.0000,0
22.0630,0.0000,0
20.5491,0.0000,0
17.8925,0.0000,0
18.9725,0.0000,0
16.3506,0.0000,0
24.9963,0.0000,0
24.7948,0.0000,0
24.0193,0.0000,0
18.2354,0.0000,0
21.9460,0.0000,0
17.5455,0.0000,0
22.4661,0.0000,0
22.6635,0.0000,0
17.8402,0.0000,0
17.7197,0.0000,0
24.6509,0.0000,0
16.4157,0.0000,0
16.7698,0.0000,0
24.8893,0.0000,0
16.2132,0.0000,0
19.3859,0.0000,0
17.0954,0.0000,0
24.2102,0.0000,0
24.5695,0.0000,0
24.4133,0.0000,0
15.7208,0.0000,0
17.8615,0.0000,0
20.5368,0.0000,0
23.2516,0.0000,0
23.4080,0.0000,0
15.9192,0.0000,0
23.1605,0.0000,0
21.9208,0.0000,0
19.2081,0.0000,0
20.5973,0.0000,0
18.4043,0.0000,0
20.3493,0.0000,0
20.9300,0.0000,0
23.4085,0.0000,0
18.1266,0.0000,0
22.3182,0.0000,0
16.3221,0.0000,0
20.1802,0.0000,0
24.8650,0.0000,0
23.2754,0.0000,0
16.8432,0.0000,0
25.5263,0.0000,0
16.4489,0.0000,0
19.8974,0.0000,0
25.9536,0.0000,0
18.5795,0.0000,0
16.3075,0.0000,0
23.3864,0.0000,0
24.8058,0.0000,0
15.9522,0.0000,0
22.2353,0.0000,0
25.7146,0.0000,0
20.1666,0.0000,0
17.3922,0.0000,0
24.1350,0.0000,0
19.4858,0.0000,0
22.2174,0.0000,0
16.2498,0.0000,0
15.9843,0.0000,0
18.6979,0.0000,0
17.0303,0.0000,0
