Importing module 'gym_38' (/home/lwulo/isaacgym/python/isaacgym/_bindings/linux-x86_64/gym_38.so)
Setting GYM_USD_PLUG_INFO_PATH to /home/lwulo/isaacgym/python/isaacgym/_bindings/linux-x86_64/usd/plugInfo.json
PyTorch version 1.13.1+cu117
Device count 1
/home/lwulo/isaacgym/python/isaacgym/_bindings/src/gymtorch
Using /home/lwulo/.cache/torch_extensions/py38_cu117 as PyTorch extensions root...
Emitting ninja build file /home/lwulo/.cache/torch_extensions/py38_cu117/gymtorch/build.ninja...
Building extension module gymtorch...
Allowing ninja to set a default number of workers... (overridable by setting the environment variable MAX_JOBS=N)
ninja: no work to do.
Loading extension module gymtorch...
Gym has been unmaintained since 2022 and does not support NumPy 2.0 amongst other critical functionality.
Please upgrade to Gymnasium, the maintained drop-in replacement of Gym, or contact the authors of your software and request that they upgrade.
See the migration guide at https://gymnasium.farama.org/introduction/migration_guide/ for additional information.
/home/lwulo/miniconda3/envs/rlgpu/lib/python3.8/site-packages/torch/utils/tensorboard/__init__.py:4: DeprecationWarning: distutils Version classes are deprecated. Use packaging.version instead.
  if not hasattr(tensorboard, "__version__") or LooseVersion(
[37m[1548 ms][compare_rl_vs_baseline] - INFO : ====================================================================== (compare_rl_vs_baseline_v2.py:1308)[0m
[37m[1548 ms][compare_rl_vs_baseline] - INFO : Comparative Experiment: RL vs PID+Greedy Baseline (compare_rl_vs_baseline_v2.py:1309)[0m
[37m[1548 ms][compare_rl_vs_baseline] - INFO : ====================================================================== (compare_rl_vs_baseline_v2.py:1310)[0m
[37m[1548 ms][compare_rl_vs_baseline] - INFO : Initializing environment (num_envs=100, seed=10)... (compare_rl_vs_baseline_v2.py:1320)[0m
[37m[1548 ms][base_task] - INFO : Setting seed: 10 (base_task.py:38)[0m
[37m[1549 ms][navigation_task_gmm_noise] - INFO : Building environment for navigation task (GMM noise). (navigation_task_gmm_noise.py:46)[0m
[37m[1549 ms][navigation_task_gmm_noise] - INFO : Sim Name: base_sim, Env Name: env_with_obstacles, Robot Name: lmf2, Controller Name: lmf2_velocity_control (navigation_task_gmm_noise.py:47)[0m
[37m[1549 ms][env_manager] - INFO : Populating environments. (env_manager.py:73)[0m
[37m[1549 ms][env_manager] - INFO : Creating simulation instance. (env_manager.py:87)[0m
[37m[1549 ms][env_manager] - INFO : Instantiating IGE object. (env_manager.py:88)[0m
[37m[1549 ms][IsaacGymEnvManager] - INFO : Creating Isaac Gym Environment (IGE_env_manager.py:41)[0m
[37m[1549 ms][IsaacGymEnvManager] - INFO : Acquiring gym object (IGE_env_manager.py:73)[0m
[37m[1549 ms][IsaacGymEnvManager] - INFO : Acquired gym object (IGE_env_manager.py:75)[0m
[37m[1550 ms][IsaacGymEnvManager] - INFO : Fixing devices (IGE_env_manager.py:89)[0m
[37m[1550 ms][IsaacGymEnvManager] - INFO : Using GPU pipeline for simulation. (IGE_env_manager.py:102)[0m
[37m[1550 ms][IsaacGymEnvManager] - INFO : Sim Device type: cuda, Sim Device ID: 0 (IGE_env_manager.py:105)[0m
[31;1m[1550 ms][IsaacGymEnvManager] - CRITICAL : 
 Setting graphics device to -1.
 This is done because the simulation is run in headless mode and no Isaac Gym cameras are used.
 No need to worry. The simulation and warp rendering will work as expected. (IGE_env_manager.py:112)[0m
[37m[1550 ms][IsaacGymEnvManager] - INFO : Graphics Device ID: -1 (IGE_env_manager.py:119)[0m
[37m[1550 ms][IsaacGymEnvManager] - INFO : Creating Isaac Gym Simulation Object (IGE_env_manager.py:120)[0m
[33;20m[1550 ms][IsaacGymEnvManager] - WARNING : If you have set the CUDA_VISIBLE_DEVICES environment variable, please ensure that you set it
to a particular one that works for your system to use the viewer or Isaac Gym cameras.
If you want to run parallel simulations on multiple GPUs with camera sensors,
please disable Isaac Gym and use warp (by setting use_warp=True), set the viewer to headless. (IGE_env_manager.py:127)[0m
[33;20m[1550 ms][IsaacGymEnvManager] - WARNING : If you see a segfault in the next lines, it is because of the discrepancy between the CUDA device and the graphics device.
Please ensure that the CUDA device and the graphics device are the same. (IGE_env_manager.py:132)[0m
Not connected to PVD
+++ Using GPU PhysX
Physics Engine: PhysX
Physics Device: cuda:0
GPU Pipeline: enabled
[37m[2204 ms][IsaacGymEnvManager] - INFO : Created Isaac Gym Simulation Object (IGE_env_manager.py:136)[0m
[37m[2204 ms][IsaacGymEnvManager] - INFO : Created Isaac Gym Environment (IGE_env_manager.py:43)[0m
[37m[2369 ms][env_manager] - INFO : IGE object instantiated. (env_manager.py:109)[0m
[37m[2369 ms][env_manager] - INFO : Creating warp environment. (env_manager.py:112)[0m
[37m[2369 ms][env_manager] - INFO : Warp environment created. (env_manager.py:114)[0m
[37m[2369 ms][env_manager] - INFO : Creating robot manager. (env_manager.py:118)[0m
[37m[2369 ms][BaseRobot] - INFO : [DONE] Initializing controller (base_robot.py:26)[0m
[37m[2369 ms][BaseRobot] - INFO : Initializing controller lmf2_velocity_control (base_robot.py:29)[0m
[33;20m[2369 ms][base_multirotor] - WARNING : Creating 100 multirotors. (base_multirotor.py:32)[0m
[37m[2369 ms][env_manager] - INFO : [DONE] Creating robot manager. (env_manager.py:123)[0m
[37m[2369 ms][env_manager] - INFO : [DONE] Creating simulation instance. (env_manager.py:125)[0m
[37m[2369 ms][asset_loader] - INFO : Loading asset: model.urdf for the first time. Next use of this asset will be via the asset buffer. (asset_loader.py:71)[0m
[37m[2369 ms][asset_loader] - INFO : Loading asset: panel.urdf for the first time. Next use of this asset will be via the asset buffer. (asset_loader.py:71)[0m
[37m[2371 ms][asset_loader] - INFO : Loading asset: left_wall.urdf for the first time. Next use of this asset will be via the asset buffer. (asset_loader.py:71)[0m
[37m[2372 ms][asset_loader] - INFO : Loading asset: right_wall.urdf for the first time. Next use of this asset will be via the asset buffer. (asset_loader.py:71)[0m
[37m[2372 ms][asset_loader] - INFO : Loading asset: back_wall.urdf for the first time. Next use of this asset will be via the asset buffer. (asset_loader.py:71)[0m
[37m[2373 ms][asset_loader] - INFO : Loading asset: front_wall.urdf for the first time. Next use of this asset will be via the asset buffer. (asset_loader.py:71)[0m
[37m[2374 ms][asset_loader] - INFO : Loading asset: bottom_wall.urdf for the first time. Next use of this asset will be via the asset buffer. (asset_loader.py:71)[0m
[37m[2374 ms][asset_loader] - INFO : Loading asset: top_wall.urdf for the first time. Next use of this asset will be via the asset buffer. (asset_loader.py:71)[0m
[37m[2378 ms][env_manager] - INFO : Populating environment 0 (env_manager.py:179)[0m
[33;20m[2665 ms][robot_manager] - WARNING : 
Robot mass: 12.03999999910593,
Inertia: tensor([[0.3404, 0.0000, 0.0000],
        [0.0000, 0.3404, 0.0000],
        [0.0000, 0.0000, 0.7508]], device='cuda:0'),
Robot COM: tensor([[0., 0., 0., 1.]], device='cuda:0') (robot_manager.py:427)[0m
[33;20m[2665 ms][robot_manager] - WARNING : Calculated robot mass and inertia for this robot. This code assumes that your robot is the same across environments. (robot_manager.py:430)[0m
[31;1m[2665 ms][robot_manager] - CRITICAL : If your robot differs across environments you need to perform this computation for each different robot here. (robot_manager.py:433)[0m
[33;20m[2758 ms][env_manager] - WARNING : DEBUG: keep_in_env=12, num_obstacles_in_env=12 (env_manager.py:253)[0m
[37m[2758 ms][env_manager] - INFO : [DONE] Populating environments. (env_manager.py:75)[0m
[33;20m[2772 ms][IsaacGymEnvManager] - WARNING : Headless: True (IGE_env_manager.py:424)[0m
[37m[2772 ms][IsaacGymEnvManager] - INFO : Headless mode. Viewer not created. (IGE_env_manager.py:434)[0m
*** Can't create empty tensor
[33;20m[2916 ms][asset_manager] - WARNING : Number of obstacles to be kept in the environment: 12 (asset_manager.py:32)[0m
/home/lwulo/workspaces/aerial_gym_ws/src/aerial_gym_simulator/aerial_gym/control/controllers/base_lee_controller.py:33: UserWarning: To copy construct from a tensor, it is recommended to use sourceTensor.clone().detach() or sourceTensor.clone().detach().requires_grad_(True), rather than torch.tensor(sourceTensor).
  self.K_pos_tensor_max = torch.tensor(
/home/lwulo/workspaces/aerial_gym_ws/src/aerial_gym_simulator/aerial_gym/control/controllers/base_lee_controller.py:36: UserWarning: To copy construct from a tensor, it is recommended to use sourceTensor.clone().detach() or sourceTensor.clone().detach().requires_grad_(True), rather than torch.tensor(sourceTensor).
  self.K_pos_tensor_min = torch.tensor(
/home/lwulo/workspaces/aerial_gym_ws/src/aerial_gym_simulator/aerial_gym/control/controllers/base_lee_controller.py:39: UserWarning: To copy construct from a tensor, it is recommended to use sourceTensor.clone().detach() or sourceTensor.clone().detach().requires_grad_(True), rather than torch.tensor(sourceTensor).
  self.K_linvel_tensor_max = torch.tensor(
/home/lwulo/workspaces/aerial_gym_ws/src/aerial_gym_simulator/aerial_gym/control/controllers/base_lee_controller.py:42: UserWarning: To copy construct from a tensor, it is recommended to use sourceTensor.clone().detach() or sourceTensor.clone().detach().requires_grad_(True), rather than torch.tensor(sourceTensor).
  self.K_linvel_tensor_min = torch.tensor(
/home/lwulo/workspaces/aerial_gym_ws/src/aerial_gym_simulator/aerial_gym/control/controllers/base_lee_controller.py:45: UserWarning: To copy construct from a tensor, it is recommended to use sourceTensor.clone().detach() or sourceTensor.clone().detach().requires_grad_(True), rather than torch.tensor(sourceTensor).
  self.K_rot_tensor_max = torch.tensor(
/home/lwulo/workspaces/aerial_gym_ws/src/aerial_gym_simulator/aerial_gym/control/controllers/base_lee_controller.py:48: UserWarning: To copy construct from a tensor, it is recommended to use sourceTensor.clone().detach() or sourceTensor.clone().detach().requires_grad_(True), rather than torch.tensor(sourceTensor).
  self.K_rot_tensor_min = torch.tensor(
/home/lwulo/workspaces/aerial_gym_ws/src/aerial_gym_simulator/aerial_gym/control/controllers/base_lee_controller.py:51: UserWarning: To copy construct from a tensor, it is recommended to use sourceTensor.clone().detach() or sourceTensor.clone().detach().requires_grad_(True), rather than torch.tensor(sourceTensor).
  self.K_angvel_tensor_max = torch.tensor(
/home/lwulo/workspaces/aerial_gym_ws/src/aerial_gym_simulator/aerial_gym/control/controllers/base_lee_controller.py:54: UserWarning: To copy construct from a tensor, it is recommended to use sourceTensor.clone().detach() or sourceTensor.clone().detach().requires_grad_(True), rather than torch.tensor(sourceTensor).
  self.K_angvel_tensor_min = torch.tensor(
/home/lwulo/workspaces/aerial_gym_ws/src/aerial_gym_simulator/aerial_gym/control/motor_model.py:45: UserWarning: To copy construct from a tensor, it is recommended to use sourceTensor.clone().detach() or sourceTensor.clone().detach().requires_grad_(True), rather than torch.tensor(sourceTensor).
  torch.tensor(self.min_thrust, device=self.device, dtype=torch.float32).expand(
/home/lwulo/workspaces/aerial_gym_ws/src/aerial_gym_simulator/aerial_gym/control/motor_model.py:48: UserWarning: To copy construct from a tensor, it is recommended to use sourceTensor.clone().detach() or sourceTensor.clone().detach().requires_grad_(True), rather than torch.tensor(sourceTensor).
  torch.tensor(self.max_thrust, device=self.device, dtype=torch.float32).expand(
[33;20m[3066 ms][control_allocation] - WARNING : Control allocation does not account for actuator limits. This leads to suboptimal allocation (control_allocation.py:48)[0m
[37m[3805 ms][WarpSensor] - INFO : Lidar sensor initialized (warp_sensor.py:41)[0m
[37m[5083 ms][compare_rl_vs_baseline] - INFO : Saving initial state snapshot... (compare_rl_vs_baseline_v2.py:1338)[0m
[37m[5083 ms][compare_rl_vs_baseline] - INFO : 
====================================================================== (compare_rl_vs_baseline_v2.py:1342)[0m
[37m[5083 ms][compare_rl_vs_baseline] - INFO : PHASE 1: Evaluating RL (PPO) Model (compare_rl_vs_baseline_v2.py:1343)[0m
[37m[5083 ms][compare_rl_vs_baseline] - INFO : ====================================================================== (compare_rl_vs_baseline_v2.py:1344)[0m
[37m[5083 ms][compare_rl_vs_baseline] - INFO : Loading PPO model from: /home/lwulo/workspaces/aerial_gym_ws/src/aerial_gym_simulator/aerial_gym/rl_training/rl_games/runs/gmm_noise_run_23-21-09-32/nn/last_gmm_noise_run_ep_5000_rew__-5.3149767_.pth (compare_rl_vs_baseline_v2.py:599)[0m
[33;20m[5086 ms][compare_rl_vs_baseline] - WARNING : ⚠️  No running_mean_std in checkpoint - will compute from environment (compare_rl_vs_baseline_v2.py:663)[0m
[37m[5086 ms][compare_rl_vs_baseline] - INFO : PPO model loaded successfully (compare_rl_vs_baseline_v2.py:667)[0m
[37m[5086 ms][compare_rl_vs_baseline] - INFO : Computing normalization statistics from environment... (compare_rl_vs_baseline_v2.py:1350)[0m
[37m[5086 ms][compare_rl_vs_baseline] - INFO : Computing normalization statistics from 2000 environment steps... (compare_rl_vs_baseline_v2.py:95)[0m
[37m[6175 ms][navigation_task_gmm_noise] - INFO : [ΔJ Stats] mean=0.0016, std=0.0149, range=[-0.0277, 0.0442] (navigation_task_gmm_noise.py:823)[0m
[33;20m[6178 ms][navigation_task_gmm_noise] - WARNING : TensorBoard writer not initialized (env vars not set) (navigation_task_gmm_noise.py:1076)[0m
[34m[6178 ms][navigation_task_gmm_noise] - BLUE : [Step 0] dist_to_target mean=5.079, min=1.026, max=9.075 (navigation_task_gmm_noise.py:1248)[0m
[32;20m[6178 ms][navigation_task_gmm_noise] - GREEN : [Step 0] arrival_rate=0.0% (arrived/total=0/0) (navigation_task_gmm_noise.py:1252)[0m
[35m[6178 ms][navigation_task_gmm_noise] - PURPLE : [Step 0] end_speed_avg=0.000m/s(0/0), terminal_hover_rate=0.0% (navigation_task_gmm_noise.py:1267)[0m
[38;5;208m[6178 ms][navigation_task_gmm_noise] - ORANGE : [Step 0] final_J_mean=6.686, min_J_min=0.000, min_J_max=0.000 (navigation_task_gmm_noise.py:1271)[0m
[33;20m[6178 ms][navigation_task_gmm_noise] - WARNING : [Step 0] success=0.0%, crash=0.0%, timeout=100.0%, hover_time=0.0, noise=0.672, tilt=1.2°, reward=-0.10 (navigation_task_gmm_noise.py:1280)[0m
[37m[6826 ms][navigation_task_gmm_noise] - INFO : EVAL mode: init phase complete (passed 5 steps) (navigation_task_gmm_noise.py:1982)[0m
[37m[92991 ms][navigation_task_gmm_noise] - INFO : [ΔJ Stats] mean=-0.0262, std=0.0604, range=[-0.2111, 0.1096] (navigation_task_gmm_noise.py:823)[0m
[34m[92993 ms][navigation_task_gmm_noise] - BLUE : [Step 1000] dist_to_target mean=5.151, min=1.167, max=8.235 (navigation_task_gmm_noise.py:1248)[0m
[32;20m[92993 ms][navigation_task_gmm_noise] - GREEN : [Step 1000] arrival_rate=0.0% (arrived/total=0/100) (navigation_task_gmm_noise.py:1252)[0m
[35m[92993 ms][navigation_task_gmm_noise] - PURPLE : [Step 1000] end_speed_avg=0.000m/s(0/1368), terminal_hover_rate=2.7% (navigation_task_gmm_noise.py:1267)[0m
[38;5;208m[92993 ms][navigation_task_gmm_noise] - ORANGE : [Step 1000] final_J_mean=6.068, min_J_min=0.766, min_J_max=14.029 (navigation_task_gmm_noise.py:1271)[0m
[33;20m[92993 ms][navigation_task_gmm_noise] - WARNING : [Step 1000] success=0.0%, crash=50.0%, timeout=50.0%, hover_time=0.0, noise=0.655, tilt=9.3°, reward=-1.99 (navigation_task_gmm_noise.py:1280)[0m
[37m[178638 ms][compare_rl_vs_baseline] - INFO : Computed normalization stats: mean=[0.5514206  0.02786354 0.27440226], std=[0.38703528 0.55111945 0.4494826 ] (compare_rl_vs_baseline_v2.py:117)[0m
[37m[178646 ms][compare_rl_vs_baseline] - INFO : ✅ Normalization statistics computed and environment state restored (compare_rl_vs_baseline_v2.py:1357)[0m
[37m[178646 ms][compare_rl_vs_baseline] - INFO : Starting RL phase for 500 steps... (compare_rl_vs_baseline_v2.py:686)[0m
[37m[178703 ms][navigation_task_gmm_noise] - INFO : [ΔJ Stats] mean=0.1305, std=3.4813, range=[-8.2763, 8.0855] (navigation_task_gmm_noise.py:823)[0m
[34m[178705 ms][navigation_task_gmm_noise] - BLUE : [Step 2000] dist_to_target mean=4.920, min=1.617, max=8.142 (navigation_task_gmm_noise.py:1248)[0m
[32;20m[178705 ms][navigation_task_gmm_noise] - GREEN : [Step 2000] arrival_rate=0.0% (arrived/total=0/100) (navigation_task_gmm_noise.py:1252)[0m
[35m[178705 ms][navigation_task_gmm_noise] - PURPLE : [Step 2000] end_speed_avg=0.000m/s(0/1428), terminal_hover_rate=3.2% (navigation_task_gmm_noise.py:1267)[0m
[38;5;208m[178705 ms][navigation_task_gmm_noise] - ORANGE : [Step 2000] final_J_mean=6.188, min_J_min=0.740, min_J_max=12.614 (navigation_task_gmm_noise.py:1271)[0m
[33;20m[178705 ms][navigation_task_gmm_noise] - WARNING : [Step 2000] success=0.0%, crash=0.0%, timeout=100.0%, hover_time=0.0, noise=0.679, tilt=1.5°, reward=-0.86 (navigation_task_gmm_noise.py:1280)[0m
[37m[178749 ms][compare_rl_vs_baseline] - INFO :   Step 0/500 | Mean J = 4.9624 | Crashes: 0/100 (compare_rl_vs_baseline_v2.py:759)[0m
[37m[187317 ms][compare_rl_vs_baseline] - INFO :   Step 100/500 | Mean J = 4.9542 | Crashes: 0/100 (compare_rl_vs_baseline_v2.py:759)[0m
[37m[195896 ms][compare_rl_vs_baseline] - INFO :   Step 200/500 | Mean J = 5.2196 | Crashes: 0/100 (compare_rl_vs_baseline_v2.py:759)[0m
[37m[204590 ms][compare_rl_vs_baseline] - INFO :   Step 300/500 | Mean J = 4.3642 | Crashes: 0/100 (compare_rl_vs_baseline_v2.py:759)[0m
[37m[213333 ms][compare_rl_vs_baseline] - INFO :   Step 400/500 | Mean J = 4.9676 | Crashes: 0/100 (compare_rl_vs_baseline_v2.py:759)[0m
[37m[221866 ms][compare_rl_vs_baseline] - INFO : [RL] Final Distance Distribution: (compare_rl_vs_baseline_v2.py:778)[0m
[37m[221866 ms][compare_rl_vs_baseline] - INFO :   < 0.5m: 0/100 (0.0%) (compare_rl_vs_baseline_v2.py:779)[0m
[37m[221866 ms][compare_rl_vs_baseline] - INFO :   0.5-1m: 3/100 (compare_rl_vs_baseline_v2.py:780)[0m
[37m[221866 ms][compare_rl_vs_baseline] - INFO :   1-2m:   6/100 (compare_rl_vs_baseline_v2.py:781)[0m
[37m[221866 ms][compare_rl_vs_baseline] - INFO :   2-3m:   15/100 (compare_rl_vs_baseline_v2.py:782)[0m
[37m[221866 ms][compare_rl_vs_baseline] - INFO :   3-5m:   34/100 (compare_rl_vs_baseline_v2.py:783)[0m
[37m[221866 ms][compare_rl_vs_baseline] - INFO :   > 5m:   42/100 (compare_rl_vs_baseline_v2.py:784)[0m
[37m[221866 ms][compare_rl_vs_baseline] - INFO :   Mean: 4.620m, Std: 1.970m (compare_rl_vs_baseline_v2.py:785)[0m
[37m[221882 ms][compare_rl_vs_baseline] - INFO : Saved RL raw data to: /home/lwulo/workspaces/aerial_gym_ws/src/aerial_gym_simulator/aerial_gym/scripts/comparison_results/rl_j_curve_raw.csv (compare_rl_vs_baseline_v2.py:1366)[0m
[37m[221882 ms][compare_rl_vs_baseline] - INFO : 
====================================================================== (compare_rl_vs_baseline_v2.py:1372)[0m
[37m[221883 ms][compare_rl_vs_baseline] - INFO : PHASE 2: Evaluating PID + Greedy Baseline (compare_rl_vs_baseline_v2.py:1373)[0m
[37m[221883 ms][compare_rl_vs_baseline] - INFO : ====================================================================== (compare_rl_vs_baseline_v2.py:1374)[0m
[37m[221883 ms][compare_rl_vs_baseline] - INFO : Restoring initial state... (compare_rl_vs_baseline_v2.py:1377)[0m
[37m[221890 ms][compare_rl_vs_baseline] - INFO : Starting Baseline phase for 500 steps... (compare_rl_vs_baseline_v2.py:686)[0m
[37m[221976 ms][compare_rl_vs_baseline] - INFO :   Step 0/500 | Mean J = 4.9546 | Crashes: 0/100 (compare_rl_vs_baseline_v2.py:759)[0m
[37m[230385 ms][compare_rl_vs_baseline] - INFO :   Step 100/500 | Mean J = 1.7211 | Crashes: 0/100 (compare_rl_vs_baseline_v2.py:759)[0m
[37m[238998 ms][compare_rl_vs_baseline] - INFO :   Step 200/500 | Mean J = 1.8294 | Crashes: 0/100 (compare_rl_vs_baseline_v2.py:759)[0m
[37m[247562 ms][compare_rl_vs_baseline] - INFO :   Step 300/500 | Mean J = 1.6742 | Crashes: 0/100 (compare_rl_vs_baseline_v2.py:759)[0m
[37m[256195 ms][compare_rl_vs_baseline] - INFO :   Step 400/500 | Mean J = 1.5031 | Crashes: 0/100 (compare_rl_vs_baseline_v2.py:759)[0m
[37m[264748 ms][compare_rl_vs_baseline] - INFO : [Baseline] Final Distance Distribution: (compare_rl_vs_baseline_v2.py:778)[0m
[37m[264748 ms][compare_rl_vs_baseline] - INFO :   < 0.5m: 4/100 (4.0%) (compare_rl_vs_baseline_v2.py:779)[0m
[37m[264748 ms][compare_rl_vs_baseline] - INFO :   0.5-1m: 30/100 (compare_rl_vs_baseline_v2.py:780)[0m
[37m[264748 ms][compare_rl_vs_baseline] - INFO :   1-2m:   36/100 (compare_rl_vs_baseline_v2.py:781)[0m
[37m[264748 ms][compare_rl_vs_baseline] - INFO :   2-3m:   7/100 (compare_rl_vs_baseline_v2.py:782)[0m
[37m[264748 ms][compare_rl_vs_baseline] - INFO :   3-5m:   16/100 (compare_rl_vs_baseline_v2.py:783)[0m
[37m[264748 ms][compare_rl_vs_baseline] - INFO :   > 5m:   7/100 (compare_rl_vs_baseline_v2.py:784)[0m
[37m[264748 ms][compare_rl_vs_baseline] - INFO :   Mean: 1.972m, Std: 1.657m (compare_rl_vs_baseline_v2.py:785)[0m
[37m[264764 ms][compare_rl_vs_baseline] - INFO : Saved Baseline raw data to: /home/lwulo/workspaces/aerial_gym_ws/src/aerial_gym_simulator/aerial_gym/scripts/comparison_results/baseline_j_curve_raw.csv (compare_rl_vs_baseline_v2.py:1389)[0m
[37m[264765 ms][compare_rl_vs_baseline] - INFO : 
====================================================================== (compare_rl_vs_baseline_v2.py:1395)[0m
[37m[264765 ms][compare_rl_vs_baseline] - INFO : PHASE 3: Evaluating Pure PID Navigation (compare_rl_vs_baseline_v2.py:1396)[0m
[37m[264765 ms][compare_rl_vs_baseline] - INFO : ====================================================================== (compare_rl_vs_baseline_v2.py:1397)[0m
[37m[264765 ms][compare_rl_vs_baseline] - INFO : Restoring initial state... (compare_rl_vs_baseline_v2.py:1400)[0m
[37m[264774 ms][compare_rl_vs_baseline] - INFO : Starting Pure PID phase for 500 steps... (compare_rl_vs_baseline_v2.py:686)[0m
[37m[264811 ms][navigation_task_gmm_noise] - INFO : [ΔJ Stats] mean=-1.6809, std=3.2292, range=[-9.3724, 6.3477] (navigation_task_gmm_noise.py:823)[0m
[34m[264812 ms][navigation_task_gmm_noise] - BLUE : [Step 3000] dist_to_target mean=4.914, min=1.611, max=8.137 (navigation_task_gmm_noise.py:1248)[0m
[32;20m[264812 ms][navigation_task_gmm_noise] - GREEN : [Step 3000] arrival_rate=31.0% (arrived/total=31/100) (navigation_task_gmm_noise.py:1252)[0m
[35m[264812 ms][navigation_task_gmm_noise] - PURPLE : [Step 3000] end_speed_avg=1.323m/s(5/1019), terminal_hover_rate=4.9% (navigation_task_gmm_noise.py:1267)[0m
[38;5;208m[264812 ms][navigation_task_gmm_noise] - ORANGE : [Step 3000] final_J_mean=4.166, min_J_min=0.503, min_J_max=13.818 (navigation_task_gmm_noise.py:1271)[0m
[33;20m[264812 ms][navigation_task_gmm_noise] - WARNING : [Step 3000] success=0.0%, crash=0.0%, timeout=100.0%, hover_time=0.0, noise=0.680, tilt=2.2°, reward=-1.13 (navigation_task_gmm_noise.py:1280)[0m
[37m[264860 ms][compare_rl_vs_baseline] - INFO :   Step 0/500 | Mean J = 4.9546 | Crashes: 0/100 (compare_rl_vs_baseline_v2.py:759)[0m
[37m[273331 ms][compare_rl_vs_baseline] - INFO :   Step 100/500 | Mean J = 1.5340 | Crashes: 0/100 (compare_rl_vs_baseline_v2.py:759)[0m
[37m[281937 ms][compare_rl_vs_baseline] - INFO :   Step 200/500 | Mean J = 2.0731 | Crashes: 0/100 (compare_rl_vs_baseline_v2.py:759)[0m
[37m[290529 ms][compare_rl_vs_baseline] - INFO :   Step 300/500 | Mean J = 1.5212 | Crashes: 0/100 (compare_rl_vs_baseline_v2.py:759)[0m
[37m[299019 ms][compare_rl_vs_baseline] - INFO :   Step 400/500 | Mean J = 1.6547 | Crashes: 0/100 (compare_rl_vs_baseline_v2.py:759)[0m
[37m[307395 ms][compare_rl_vs_baseline] - INFO : [Pure PID] Final Distance Distribution: (compare_rl_vs_baseline_v2.py:778)[0m
[37m[307395 ms][compare_rl_vs_baseline] - INFO :   < 0.5m: 11/100 (11.0%) (compare_rl_vs_baseline_v2.py:779)[0m
[37m[307395 ms][compare_rl_vs_baseline] - INFO :   0.5-1m: 21/100 (compare_rl_vs_baseline_v2.py:780)[0m
[37m[307395 ms][compare_rl_vs_baseline] - INFO :   1-2m:   44/100 (compare_rl_vs_baseline_v2.py:781)[0m
[37m[307395 ms][compare_rl_vs_baseline] - INFO :   2-3m:   4/100 (compare_rl_vs_baseline_v2.py:782)[0m
[37m[307395 ms][compare_rl_vs_baseline] - INFO :   3-5m:   13/100 (compare_rl_vs_baseline_v2.py:783)[0m
[37m[307395 ms][compare_rl_vs_baseline] - INFO :   > 5m:   7/100 (compare_rl_vs_baseline_v2.py:784)[0m
[37m[307396 ms][compare_rl_vs_baseline] - INFO :   Mean: 1.836m, Std: 1.621m (compare_rl_vs_baseline_v2.py:785)[0m
[37m[307411 ms][compare_rl_vs_baseline] - INFO : Saved Pure PID raw data to: /home/lwulo/workspaces/aerial_gym_ws/src/aerial_gym_simulator/aerial_gym/scripts/comparison_results/pid_j_curve_raw.csv (compare_rl_vs_baseline_v2.py:1412)[0m
[37m[307412 ms][compare_rl_vs_baseline] - INFO : 
====================================================================== (compare_rl_vs_baseline_v2.py:1419)[0m
[37m[307412 ms][compare_rl_vs_baseline] - INFO : AGGREGATION AND VISUALIZATION (compare_rl_vs_baseline_v2.py:1420)[0m
[37m[307412 ms][compare_rl_vs_baseline] - INFO : ====================================================================== (compare_rl_vs_baseline_v2.py:1421)[0m
[37m[307412 ms][compare_rl_vs_baseline] - INFO : Aggregating data and generating plots... (compare_rl_vs_baseline_v2.py:960)[0m
[37m[307415 ms][compare_rl_vs_baseline] - INFO : Saved aggregated statistics to: /home/lwulo/workspaces/aerial_gym_ws/src/aerial_gym_simulator/aerial_gym/scripts/comparison_results/aggregated_stats.csv (compare_rl_vs_baseline_v2.py:989)[0m
findfont: Generic family 'serif' not found because none of the following families were found: Times New Roman
findfont: Generic family 'serif' not found because none of the following families were found: Times New Roman
findfont: Generic family 'serif' not found because none of the following families were found: Times New Roman
findfont: Generic family 'serif' not found because none of the following families were found: Times New Roman
findfont: Generic family 'serif' not found because none of the following families were found: Times New Roman
findfont: Generic family 'serif' not found because none of the following families were found: Times New Roman
findfont: Generic family 'serif' not found because none of the following families were found: Times New Roman
findfont: Generic family 'serif' not found because none of the following families were found: Times New Roman
findfont: Generic family 'serif' not found because none of the following families were found: Times New Roman
findfont: Generic family 'serif' not found because none of the following families were found: Times New Roman
findfont: Generic family 'serif' not found because none of the following families were found: Times New Roman
findfont: Generic family 'serif' not found because none of the following families were found: Times New Roman
findfont: Generic family 'serif' not found because none of the following families were found: Times New Roman
findfont: Font family ['serif'] not found. Falling back to DejaVu Sans.
findfont: Generic family 'serif' not found because none of the following families were found: Times New Roman
findfont: Generic family 'serif' not found because none of the following families were found: Times New Roman
findfont: Generic family 'serif' not found because none of the following families were found: Times New Roman
findfont: Generic family 'serif' not found because none of the following families were found: Times New Roman
findfont: Generic family 'serif' not found because none of the following families were found: Times New Roman
findfont: Generic family 'serif' not found because none of the following families were found: Times New Roman
findfont: Generic family 'serif' not found because none of the following families were found: Times New Roman
findfont: Generic family 'serif' not found because none of the following families were found: Times New Roman
findfont: Generic family 'serif' not found because none of the following families were found: Times New Roman
findfont: Generic family 'serif' not found because none of the following families were found: Times New Roman
findfont: Generic family 'serif' not found because none of the following families were found: Times New Roman
findfont: Generic family 'serif' not found because none of the following families were found: Times New Roman
findfont: Generic family 'serif' not found because none of the following families were found: Times New Roman
findfont: Generic family 'serif' not found because none of the following families were found: Times New Roman
findfont: Generic family 'serif' not found because none of the following families were found: Times New Roman
findfont: Generic family 'serif' not found because none of the following families were found: Times New Roman
findfont: Generic family 'serif' not found because none of the following families were found: Times New Roman
findfont: Generic family 'serif' not found because none of the following families were found: Times New Roman
findfont: Generic family 'serif' not found because none of the following families were found: Times New Roman
findfont: Generic family 'serif' not found because none of the following families were found: Times New Roman
findfont: Generic family 'serif' not found because none of the following families were found: Times New Roman
findfont: Generic family 'serif' not found because none of the following families were found: Times New Roman
findfont: Generic family 'serif' not found because none of the following families were found: Times New Roman
findfont: Generic family 'serif' not found because none of the following families were found: Times New Roman
findfont: Generic family 'serif' not found because none of the following families were found: Times New Roman
findfont: Generic family 'serif' not found because none of the following families were found: Times New Roman
findfont: Generic family 'serif' not found because none of the following families were found: Times New Roman
findfont: Generic family 'serif' not found because none of the following families were found: Times New Roman
findfont: Generic family 'serif' not found because none of the following families were found: Times New Roman
findfont: Generic family 'serif' not found because none of the following families were found: Times New Roman
findfont: Generic family 'serif' not found because none of the following families were found: Times New Roman
findfont: Generic family 'serif' not found because none of the following families were found: Times New Roman
findfont: Generic family 'serif' not found because none of the following families were found: Times New Roman
findfont: Generic family 'serif' not found because none of the following families were found: Times New Roman
findfont: Generic family 'serif' not found because none of the following families were found: Times New Roman
findfont: Generic family 'serif' not found because none of the following families were found: Times New Roman
findfont: Generic family 'serif' not found because none of the following families were found: Times New Roman
findfont: Generic family 'serif' not found because none of the following families were found: Times New Roman
findfont: Generic family 'serif' not found because none of the following families were found: Times New Roman
findfont: Generic family 'serif' not found because none of the following families were found: Times New Roman
findfont: Generic family 'serif' not found because none of the following families were found: Times New Roman
findfont: Generic family 'serif' not found because none of the following families were found: Times New Roman
findfont: Generic family 'serif' not found because none of the following families were found: Times New Roman
findfont: Generic family 'serif' not found because none of the following families were found: Times New Roman
findfont: Generic family 'serif' not found because none of the following families were found: Times New Roman
findfont: Generic family 'serif' not found because none of the following families were found: Times New Roman
findfont: Generic family 'serif' not found because none of the following families were found: Times New Roman
findfont: Generic family 'serif' not found because none of the following families were found: Times New Roman
findfont: Generic family 'serif' not found because none of the following families were found: Times New Roman
findfont: Generic family 'serif' not found because none of the following families were found: Times New Roman
findfont: Generic family 'serif' not found because none of the following families were found: Times New Roman
findfont: Generic family 'serif' not found because none of the following families were found: Times New Roman
findfont: Generic family 'serif' not found because none of the following families were found: Times New Roman
findfont: Generic family 'serif' not found because none of the following families were found: Times New Roman
findfont: Generic family 'serif' not found because none of the following families were found: Times New Roman
findfont: Generic family 'serif' not found because none of the following families were found: Times New Roman
findfont: Generic family 'serif' not found because none of the following families were found: Times New Roman
findfont: Generic family 'serif' not found because none of the following families were found: Times New Roman
findfont: Generic family 'serif' not found because none of the following families were found: Times New Roman
findfont: Generic family 'serif' not found because none of the following families were found: Times New Roman
findfont: Generic family 'serif' not found because none of the following families were found: Times New Roman
findfont: Generic family 'serif' not found because none of the following families were found: Times New Roman
findfont: Generic family 'serif' not found because none of the following families were found: Times New Roman
findfont: Generic family 'serif' not found because none of the following families were found: Times New Roman
findfont: Generic family 'serif' not found because none of the following families were found: Times New Roman
findfont: Generic family 'serif' not found because none of the following families were found: Times New Roman
findfont: Generic family 'serif' not found because none of the following families were found: Times New Roman
findfont: Generic family 'serif' not found because none of the following families were found: Times New Roman
findfont: Generic family 'serif' not found because none of the following families were found: Times New Roman
findfont: Generic family 'serif' not found because none of the following families were found: Times New Roman
findfont: Generic family 'serif' not found because none of the following families were found: Times New Roman
findfont: Generic family 'serif' not found because none of the following families were found: Times New Roman
findfont: Generic family 'serif' not found because none of the following families were found: Times New Roman
findfont: Generic family 'serif' not found because none of the following families were found: Times New Roman
findfont: Generic family 'serif' not found because none of the following families were found: Times New Roman
findfont: Generic family 'serif' not found because none of the following families were found: Times New Roman
findfont: Generic family 'serif' not found because none of the following families were found: Times New Roman
findfont: Generic family 'serif' not found because none of the following families were found: Times New Roman
findfont: Generic family 'serif' not found because none of the following families were found: Times New Roman
findfont: Generic family 'serif' not found because none of the following families were found: Times New Roman
findfont: Generic family 'serif' not found because none of the following families were found: Times New Roman
findfont: Generic family 'serif' not found because none of the following families were found: Times New Roman
findfont: Generic family 'serif' not found because none of the following families were found: Times New Roman
findfont: Generic family 'serif' not found because none of the following families were found: Times New Roman
findfont: Generic family 'serif' not found because none of the following families were found: Times New Roman
findfont: Generic family 'serif' not found because none of the following families were found: Times New Roman
findfont: Generic family 'serif' not found because none of the following families were found: Times New Roman
findfont: Generic family 'serif' not found because none of the following families were found: Times New Roman
findfont: Generic family 'serif' not found because none of the following families were found: Times New Roman
findfont: Generic family 'serif' not found because none of the following families were found: Times New Roman
findfont: Generic family 'serif' not found because none of the following families were found: Times New Roman
findfont: Generic family 'serif' not found because none of the following families were found: Times New Roman
findfont: Generic family 'serif' not found because none of the following families were found: Times New Roman
findfont: Generic family 'serif' not found because none of the following families were found: Times New Roman
findfont: Generic family 'serif' not found because none of the following families were found: Times New Roman
findfont: Generic family 'serif' not found because none of the following families were found: Times New Roman
findfont: Generic family 'serif' not found because none of the following families were found: Times New Roman
findfont: Generic family 'serif' not found because none of the following families were found: Times New Roman
findfont: Generic family 'serif' not found because none of the following families were found: Times New Roman
findfont: Generic family 'serif' not found because none of the following families were found: Times New Roman
findfont: Generic family 'serif' not found because none of the following families were found: Times New Roman
findfont: Generic family 'serif' not found because none of the following families were found: Times New Roman
findfont: Generic family 'serif' not found because none of the following families were found: Times New Roman
findfont: Generic family 'serif' not found because none of the following families were found: Times New Roman
findfont: Generic family 'serif' not found because none of the following families were found: Times New Roman
findfont: Generic family 'serif' not found because none of the following families were found: Times New Roman
findfont: Generic family 'serif' not found because none of the following families were found: Times New Roman
findfont: Generic family 'serif' not found because none of the following families were found: Times New Roman
findfont: Generic family 'serif' not found because none of the following families were found: Times New Roman
findfont: Generic family 'serif' not found because none of the following families were found: Times New Roman
findfont: Generic family 'serif' not found because none of the following families were found: Times New Roman
findfont: Generic family 'serif' not found because none of the following families were found: Times New Roman
findfont: Generic family 'serif' not found because none of the following families were found: Times New Roman
findfont: Generic family 'serif' not found because none of the following families were found: Times New Roman
findfont: Generic family 'serif' not found because none of the following families were found: Times New Roman
findfont: Generic family 'serif' not found because none of the following families were found: Times New Roman
findfont: Generic family 'serif' not found because none of the following families were found: Times New Roman
findfont: Generic family 'serif' not found because none of the following families were found: Times New Roman
findfont: Generic family 'serif' not found because none of the following families were found: Times New Roman
findfont: Generic family 'serif' not found because none of the following families were found: Times New Roman
findfont: Generic family 'serif' not found because none of the following families were found: Times New Roman
findfont: Generic family 'serif' not found because none of the following families were found: Times New Roman
findfont: Generic family 'serif' not found because none of the following families were found: Times New Roman
findfont: Generic family 'serif' not found because none of the following families were found: Times New Roman
findfont: Generic family 'serif' not found because none of the following families were found: Times New Roman
findfont: Generic family 'serif' not found because none of the following families were found: Times New Roman
findfont: Generic family 'serif' not found because none of the following families were found: Times New Roman
findfont: Generic family 'serif' not found because none of the following families were found: Times New Roman
findfont: Generic family 'serif' not found because none of the following families were found: Times New Roman
findfont: Generic family 'serif' not found because none of the following families were found: Times New Roman
findfont: Generic family 'serif' not found because none of the following families were found: Times New Roman
findfont: Generic family 'serif' not found because none of the following families were found: Times New Roman
findfont: Generic family 'serif' not found because none of the following families were found: Times New Roman
findfont: Generic family 'serif' not found because none of the following families were found: Times New Roman
findfont: Generic family 'serif' not found because none of the following families were found: Times New Roman
findfont: Generic family 'serif' not found because none of the following families were found: Times New Roman
findfont: Generic family 'serif' not found because none of the following families were found: Times New Roman
findfont: Generic family 'serif' not found because none of the following families were found: Times New Roman
findfont: Generic family 'serif' not found because none of the following families were found: Times New Roman
findfont: Generic family 'serif' not found because none of the following families were found: Times New Roman
findfont: Generic family 'serif' not found because none of the following families were found: Times New Roman
findfont: Generic family 'serif' not found because none of the following families were found: Times New Roman
findfont: Generic family 'serif' not found because none of the following families were found: Times New Roman
[37m[307717 ms][compare_rl_vs_baseline] - INFO : Saved PNG plot to: /home/lwulo/workspaces/aerial_gym_ws/src/aerial_gym_simulator/aerial_gym/scripts/comparison_results/j_convergence_comparison_600dpi.png (compare_rl_vs_baseline_v2.py:1039)[0m
findfont: Generic family 'serif' not found because none of the following families were found: Times New Roman
findfont: Generic family 'serif' not found because none of the following families were found: Times New Roman
findfont: Generic family 'serif' not found because none of the following families were found: Times New Roman
findfont: Generic family 'serif' not found because none of the following families were found: Times New Roman
findfont: Generic family 'serif' not found because none of the following families were found: Times New Roman
findfont: Generic family 'serif' not found because none of the following families were found: Times New Roman
findfont: Generic family 'serif' not found because none of the following families were found: Times New Roman
findfont: Generic family 'serif' not found because none of the following families were found: Times New Roman
findfont: Generic family 'serif' not found because none of the following families were found: Times New Roman
findfont: Generic family 'serif' not found because none of the following families were found: Times New Roman
findfont: Generic family 'serif' not found because none of the following families were found: Times New Roman
findfont: Generic family 'serif' not found because none of the following families were found: Times New Roman
findfont: Generic family 'serif' not found because none of the following families were found: Times New Roman
findfont: Generic family 'serif' not found because none of the following families were found: Times New Roman
findfont: Generic family 'serif' not found because none of the following families were found: Times New Roman
findfont: Generic family 'serif' not found because none of the following families were found: Times New Roman
findfont: Generic family 'serif' not found because none of the following families were found: Times New Roman
findfont: Generic family 'serif' not found because none of the following families were found: Times New Roman
findfont: Generic family 'serif' not found because none of the following families were found: Times New Roman
findfont: Generic family 'serif' not found because none of the following families were found: Times New Roman
findfont: Generic family 'serif' not found because none of the following families were found: Times New Roman
findfont: Generic family 'serif' not found because none of the following families were found: Times New Roman
findfont: Generic family 'serif' not found because none of the following families were found: Times New Roman
findfont: Generic family 'serif' not found because none of the following families were found: Times New Roman
findfont: Generic family 'serif' not found because none of the following families were found: Times New Roman
findfont: Generic family 'serif' not found because none of the following families were found: Times New Roman
findfont: Generic family 'serif' not found because none of the following families were found: Times New Roman
findfont: Generic family 'serif' not found because none of the following families were found: Times New Roman
findfont: Generic family 'serif' not found because none of the following families were found: Times New Roman
findfont: Generic family 'serif' not found because none of the following families were found: Times New Roman
findfont: Generic family 'serif' not found because none of the following families were found: Times New Roman
findfont: Generic family 'serif' not found because none of the following families were found: Times New Roman
findfont: Generic family 'serif' not found because none of the following families were found: Times New Roman
findfont: Generic family 'serif' not found because none of the following families were found: Times New Roman
findfont: Generic family 'serif' not found because none of the following families were found: Times New Roman
findfont: Generic family 'serif' not found because none of the following families were found: Times New Roman
findfont: Generic family 'serif' not found because none of the following families were found: Times New Roman
findfont: Generic family 'serif' not found because none of the following families were found: Times New Roman
findfont: Generic family 'serif' not found because none of the following families were found: Times New Roman
findfont: Generic family 'serif' not found because none of the following families were found: Times New Roman
findfont: Generic family 'serif' not found because none of the following families were found: Times New Roman
findfont: Generic family 'serif' not found because none of the following families were found: Times New Roman
findfont: Generic family 'serif' not found because none of the following families were found: Times New Roman
findfont: Generic family 'serif' not found because none of the following families were found: Times New Roman
findfont: Generic family 'serif' not found because none of the following families were found: Times New Roman
findfont: Generic family 'serif' not found because none of the following families were found: Times New Roman
findfont: Generic family 'serif' not found because none of the following families were found: Times New Roman
findfont: Generic family 'serif' not found because none of the following families were found: Times New Roman
findfont: Generic family 'serif' not found because none of the following families were found: Times New Roman
findfont: Generic family 'serif' not found because none of the following families were found: Times New Roman
findfont: Generic family 'serif' not found because none of the following families were found: Times New Roman
findfont: Generic family 'serif' not found because none of the following families were found: Times New Roman
findfont: Generic family 'serif' not found because none of the following families were found: Times New Roman
findfont: Generic family 'serif' not found because none of the following families were found: Times New Roman
findfont: Generic family 'serif' not found because none of the following families were found: Times New Roman
findfont: Generic family 'serif' not found because none of the following families were found: Times New Roman
findfont: Generic family 'serif' not found because none of the following families were found: Times New Roman
findfont: Generic family 'serif' not found because none of the following families were found: Times New Roman
findfont: Generic family 'serif' not found because none of the following families were found: Times New Roman
findfont: Generic family 'serif' not found because none of the following families were found: Times New Roman
findfont: Generic family 'serif' not found because none of the following families were found: Times New Roman
findfont: Generic family 'serif' not found because none of the following families were found: Times New Roman
findfont: Generic family 'serif' not found because none of the following families were found: Times New Roman
findfont: Generic family 'serif' not found because none of the following families were found: Times New Roman
findfont: Generic family 'serif' not found because none of the following families were found: Times New Roman
findfont: Generic family 'serif' not found because none of the following families were found: Times New Roman
findfont: Generic family 'serif' not found because none of the following families were found: Times New Roman
findfont: Generic family 'serif' not found because none of the following families were found: Times New Roman
findfont: Generic family 'serif' not found because none of the following families were found: Times New Roman
findfont: Generic family 'serif' not found because none of the following families were found: Times New Roman
findfont: Generic family 'serif' not found because none of the following families were found: Times New Roman
findfont: Generic family 'serif' not found because none of the following families were found: Times New Roman
findfont: Generic family 'serif' not found because none of the following families were found: Times New Roman
findfont: Generic family 'serif' not found because none of the following families were found: Times New Roman
findfont: Generic family 'serif' not found because none of the following families were found: Times New Roman
findfont: Generic family 'serif' not found because none of the following families were found: Times New Roman
findfont: Generic family 'serif' not found because none of the following families were found: Times New Roman
findfont: Generic family 'serif' not found because none of the following families were found: Times New Roman
findfont: Generic family 'serif' not found because none of the following families were found: Times New Roman
findfont: Generic family 'serif' not found because none of the following families were found: Times New Roman
findfont: Generic family 'serif' not found because none of the following families were found: Times New Roman
findfont: Generic family 'serif' not found because none of the following families were found: Times New Roman
findfont: Generic family 'serif' not found because none of the following families were found: Times New Roman
findfont: Generic family 'serif' not found because none of the following families were found: Times New Roman
findfont: Generic family 'serif' not found because none of the following families were found: Times New Roman
findfont: Generic family 'serif' not found because none of the following families were found: Times New Roman
findfont: Generic family 'serif' not found because none of the following families were found: Times New Roman
findfont: Generic family 'serif' not found because none of the following families were found: Times New Roman
findfont: Generic family 'serif' not found because none of the following families were found: Times New Roman
findfont: Generic family 'serif' not found because none of the following families were found: Times New Roman
findfont: Generic family 'serif' not found because none of the following families were found: Times New Roman
findfont: Generic family 'serif' not found because none of the following families were found: Times New Roman
findfont: Generic family 'serif' not found because none of the following families were found: Times New Roman
findfont: Generic family 'serif' not found because none of the following families were found: Times New Roman
findfont: Generic family 'serif' not found because none of the following families were found: Times New Roman
findfont: Generic family 'serif' not found because none of the following families were found: Times New Roman
findfont: Generic family 'serif' not found because none of the following families were found: Times New Roman
findfont: Generic family 'serif' not found because none of the following families were found: Times New Roman
findfont: Generic family 'serif' not found because none of the following families were found: Times New Roman
findfont: Generic family 'serif' not found because none of the following families were found: Times New Roman
findfont: Generic family 'serif' not found because none of the following families were found: Times New Roman
findfont: Generic family 'serif' not found because none of the following families were found: Times New Roman
findfont: Generic family 'serif' not found because none of the following families were found: Times New Roman
findfont: Generic family 'serif' not found because none of the following families were found: Times New Roman
findfont: Generic family 'serif' not found because none of the following families were found: Times New Roman
findfont: Generic family 'serif' not found because none of the following families were found: Times New Roman
findfont: Generic family 'serif' not found because none of the following families were found: Times New Roman
findfont: Generic family 'serif' not found because none of the following families were found: Times New Roman
findfont: Generic family 'serif' not found because none of the following families were found: Times New Roman
findfont: Generic family 'serif' not found because none of the following families were found: Times New Roman
findfont: Generic family 'serif' not found because none of the following families were found: Times New Roman
findfont: Generic family 'serif' not found because none of the following families were found: Times New Roman
findfont: Generic family 'serif' not found because none of the following families were found: Times New Roman
findfont: Generic family 'serif' not found because none of the following families were found: Times New Roman
findfont: Generic family 'serif' not found because none of the following families were found: Times New Roman
findfont: Generic family 'serif' not found because none of the following families were found: Times New Roman
findfont: Generic family 'serif' not found because none of the following families were found: Times New Roman
findfont: Generic family 'serif' not found because none of the following families were found: Times New Roman
[37m[307846 ms][compare_rl_vs_baseline] - INFO : Saved PDF plot to: /home/lwulo/workspaces/aerial_gym_ws/src/aerial_gym_simulator/aerial_gym/scripts/comparison_results/j_convergence_comparison.pdf (compare_rl_vs_baseline_v2.py:1044)[0m
[37m[307846 ms][compare_rl_vs_baseline] - INFO : === Summary Statistics === (compare_rl_vs_baseline_v2.py:1049)[0m
[37m[307846 ms][compare_rl_vs_baseline] - INFO : RL Final EMA: 4.5867 (compare_rl_vs_baseline_v2.py:1050)[0m
[37m[307847 ms][compare_rl_vs_baseline] - INFO : Baseline Final EMA: 1.7449 (compare_rl_vs_baseline_v2.py:1051)[0m
[37m[307847 ms][compare_rl_vs_baseline] - INFO : Pure PID Final EMA: 1.7466 (compare_rl_vs_baseline_v2.py:1052)[0m
[37m[307847 ms][compare_rl_vs_baseline] - INFO : RL vs Baseline Improvement: -162.87% (compare_rl_vs_baseline_v2.py:1053)[0m
[37m[307847 ms][compare_rl_vs_baseline] - INFO : RL vs Pure PID Improvement: -162.61% (compare_rl_vs_baseline_v2.py:1054)[0m
[37m[307847 ms][compare_rl_vs_baseline] - INFO : Generating crash rate comparison plot... (compare_rl_vs_baseline_v2.py:1059)[0m
findfont: Generic family 'serif' not found because none of the following families were found: Times New Roman
findfont: Generic family 'serif' not found because none of the following families were found: Times New Roman
findfont: Generic family 'serif' not found because none of the following families were found: Times New Roman
findfont: Generic family 'serif' not found because none of the following families were found: Times New Roman
findfont: Generic family 'serif' not found because none of the following families were found: Times New Roman
findfont: Generic family 'serif' not found because none of the following families were found: Times New Roman
findfont: Generic family 'serif' not found because none of the following families were found: Times New Roman
findfont: Generic family 'serif' not found because none of the following families were found: Times New Roman
findfont: Generic family 'serif' not found because none of the following families were found: Times New Roman
findfont: Generic family 'serif' not found because none of the following families were found: Times New Roman
findfont: Generic family 'serif' not found because none of the following families were found: Times New Roman
findfont: Generic family 'serif' not found because none of the following families were found: Times New Roman
findfont: Generic family 'serif' not found because none of the following families were found: Times New Roman
findfont: Generic family 'serif' not found because none of the following families were found: Times New Roman
findfont: Generic family 'serif' not found because none of the following families were found: Times New Roman
findfont: Generic family 'serif' not found because none of the following families were found: Times New Roman
findfont: Generic family 'serif' not found because none of the following families were found: Times New Roman
findfont: Generic family 'serif' not found because none of the following families were found: Times New Roman
findfont: Generic family 'serif' not found because none of the following families were found: Times New Roman
findfont: Generic family 'serif' not found because none of the following families were found: Times New Roman
findfont: Generic family 'serif' not found because none of the following families were found: Times New Roman
findfont: Generic family 'serif' not found because none of the following families were found: Times New Roman
findfont: Generic family 'serif' not found because none of the following families were found: Times New Roman
findfont: Generic family 'serif' not found because none of the following families were found: Times New Roman
findfont: Generic family 'serif' not found because none of the following families were found: Times New Roman
findfont: Generic family 'serif' not found because none of the following families were found: Times New Roman
findfont: Generic family 'serif' not found because none of the following families were found: Times New Roman
findfont: Generic family 'serif' not found because none of the following families were found: Times New Roman
findfont: Generic family 'serif' not found because none of the following families were found: Times New Roman
findfont: Generic family 'serif' not found because none of the following families were found: Times New Roman
findfont: Generic family 'serif' not found because none of the following families were found: Times New Roman
findfont: Generic family 'serif' not found because none of the following families were found: Times New Roman
findfont: Generic family 'serif' not found because none of the following families were found: Times New Roman
findfont: Generic family 'serif' not found because none of the following families were found: Times New Roman
findfont: Generic family 'serif' not found because none of the following families were found: Times New Roman
findfont: Generic family 'serif' not found because none of the following families were found: Times New Roman
findfont: Generic family 'serif' not found because none of the following families were found: Times New Roman
findfont: Generic family 'serif' not found because none of the following families were found: Times New Roman
findfont: Generic family 'serif' not found because none of the following families were found: Times New Roman
findfont: Generic family 'serif' not found because none of the following families were found: Times New Roman
findfont: Generic family 'serif' not found because none of the following families were found: Times New Roman
findfont: Generic family 'serif' not found because none of the following families were found: Times New Roman
findfont: Generic family 'serif' not found because none of the following families were found: Times New Roman
findfont: Generic family 'serif' not found because none of the following families were found: Times New Roman
findfont: Generic family 'serif' not found because none of the following families were found: Times New Roman
findfont: Generic family 'serif' not found because none of the following families were found: Times New Roman
findfont: Generic family 'serif' not found because none of the following families were found: Times New Roman
findfont: Generic family 'serif' not found because none of the following families were found: Times New Roman
findfont: Generic family 'serif' not found because none of the following families were found: Times New Roman
findfont: Generic family 'serif' not found because none of the following families were found: Times New Roman
findfont: Generic family 'serif' not found because none of the following families were found: Times New Roman
findfont: Generic family 'serif' not found because none of the following families were found: Times New Roman
findfont: Generic family 'serif' not found because none of the following families were found: Times New Roman
findfont: Generic family 'serif' not found because none of the following families were found: Times New Roman
findfont: Generic family 'serif' not found because none of the following families were found: Times New Roman
findfont: Generic family 'serif' not found because none of the following families were found: Times New Roman
findfont: Generic family 'serif' not found because none of the following families were found: Times New Roman
findfont: Generic family 'serif' not found because none of the following families were found: Times New Roman
findfont: Generic family 'serif' not found because none of the following families were found: Times New Roman
findfont: Generic family 'serif' not found because none of the following families were found: Times New Roman
findfont: Generic family 'serif' not found because none of the following families were found: Times New Roman
findfont: Generic family 'serif' not found because none of the following families were found: Times New Roman
findfont: Generic family 'serif' not found because none of the following families were found: Times New Roman
findfont: Generic family 'serif' not found because none of the following families were found: Times New Roman
findfont: Generic family 'serif' not found because none of the following families were found: Times New Roman
findfont: Generic family 'serif' not found because none of the following families were found: Times New Roman
findfont: Generic family 'serif' not found because none of the following families were found: Times New Roman
findfont: Generic family 'serif' not found because none of the following families were found: Times New Roman
findfont: Generic family 'serif' not found because none of the following families were found: Times New Roman
findfont: Generic family 'serif' not found because none of the following families were found: Times New Roman
findfont: Generic family 'serif' not found because none of the following families were found: Times New Roman
findfont: Generic family 'serif' not found because none of the following families were found: Times New Roman
findfont: Generic family 'serif' not found because none of the following families were found: Times New Roman
findfont: Generic family 'serif' not found because none of the following families were found: Times New Roman
findfont: Generic family 'serif' not found because none of the following families were found: Times New Roman
findfont: Generic family 'serif' not found because none of the following families were found: Times New Roman
findfont: Generic family 'serif' not found because none of the following families were found: Times New Roman
findfont: Generic family 'serif' not found because none of the following families were found: Times New Roman
findfont: Generic family 'serif' not found because none of the following families were found: Times New Roman
findfont: Generic family 'serif' not found because none of the following families were found: Times New Roman
findfont: Generic family 'serif' not found because none of the following families were found: Times New Roman
findfont: Generic family 'serif' not found because none of the following families were found: Times New Roman
findfont: Generic family 'serif' not found because none of the following families were found: Times New Roman
findfont: Generic family 'serif' not found because none of the following families were found: Times New Roman
findfont: Generic family 'serif' not found because none of the following families were found: Times New Roman
findfont: Generic family 'serif' not found because none of the following families were found: Times New Roman
findfont: Generic family 'serif' not found because none of the following families were found: Times New Roman
findfont: Generic family 'serif' not found because none of the following families were found: Times New Roman
findfont: Generic family 'serif' not found because none of the following families were found: Times New Roman
findfont: Generic family 'serif' not found because none of the following families were found: Times New Roman
findfont: Generic family 'serif' not found because none of the following families were found: Times New Roman
findfont: Generic family 'serif' not found because none of the following families were found: Times New Roman
findfont: Generic family 'serif' not found because none of the following families were found: Times New Roman
findfont: Generic family 'serif' not found because none of the following families were found: Times New Roman
findfont: Generic family 'serif' not found because none of the following families were found: Times New Roman
findfont: Generic family 'serif' not found because none of the following families were found: Times New Roman
findfont: Generic family 'serif' not found because none of the following families were found: Times New Roman
findfont: Generic family 'serif' not found because none of the following families were found: Times New Roman
findfont: Generic family 'serif' not found because none of the following families were found: Times New Roman
findfont: Generic family 'serif' not found because none of the following families were found: Times New Roman
findfont: Generic family 'serif' not found because none of the following families were found: Times New Roman
findfont: Generic family 'serif' not found because none of the following families were found: Times New Roman
findfont: Generic family 'serif' not found because none of the following families were found: Times New Roman
findfont: Generic family 'serif' not found because none of the following families were found: Times New Roman
findfont: Generic family 'serif' not found because none of the following families were found: Times New Roman
findfont: Generic family 'serif' not found because none of the following families were found: Times New Roman
findfont: Generic family 'serif' not found because none of the following families were found: Times New Roman
findfont: Generic family 'serif' not found because none of the following families were found: Times New Roman
findfont: Generic family 'serif' not found because none of the following families were found: Times New Roman
findfont: Generic family 'serif' not found because none of the following families were found: Times New Roman
findfont: Generic family 'serif' not found because none of the following families were found: Times New Roman
findfont: Generic family 'serif' not found because none of the following families were found: Times New Roman
findfont: Generic family 'serif' not found because none of the following families were found: Times New Roman
findfont: Generic family 'serif' not found because none of the following families were found: Times New Roman
findfont: Generic family 'serif' not found because none of the following families were found: Times New Roman
findfont: Generic family 'serif' not found because none of the following families were found: Times New Roman
findfont: Generic family 'serif' not found because none of the following families were found: Times New Roman
findfont: Generic family 'serif' not found because none of the following families were found: Times New Roman
findfont: Generic family 'serif' not found because none of the following families were found: Times New Roman
findfont: Generic family 'serif' not found because none of the following families were found: Times New Roman
findfont: Generic family 'serif' not found because none of the following families were found: Times New Roman
findfont: Generic family 'serif' not found because none of the following families were found: Times New Roman
findfont: Generic family 'serif' not found because none of the following families were found: Times New Roman
findfont: Generic family 'serif' not found because none of the following families were found: Times New Roman
findfont: Generic family 'serif' not found because none of the following families were found: Times New Roman
findfont: Generic family 'serif' not found because none of the following families were found: Times New Roman
findfont: Generic family 'serif' not found because none of the following families were found: Times New Roman
findfont: Generic family 'serif' not found because none of the following families were found: Times New Roman
findfont: Generic family 'serif' not found because none of the following families were found: Times New Roman
findfont: Generic family 'serif' not found because none of the following families were found: Times New Roman
findfont: Generic family 'serif' not found because none of the following families were found: Times New Roman
findfont: Generic family 'serif' not found because none of the following families were found: Times New Roman
findfont: Generic family 'serif' not found because none of the following families were found: Times New Roman
findfont: Generic family 'serif' not found because none of the following families were found: Times New Roman
findfont: Generic family 'serif' not found because none of the following families were found: Times New Roman
findfont: Generic family 'serif' not found because none of the following families were found: Times New Roman
findfont: Generic family 'serif' not found because none of the following families were found: Times New Roman
findfont: Generic family 'serif' not found because none of the following families were found: Times New Roman
findfont: Generic family 'serif' not found because none of the following families were found: Times New Roman
findfont: Generic family 'serif' not found because none of the following families were found: Times New Roman
findfont: Generic family 'serif' not found because none of the following families were found: Times New Roman
findfont: Generic family 'serif' not found because none of the following families were found: Times New Roman
findfont: Generic family 'serif' not found because none of the following families were found: Times New Roman
findfont: Generic family 'serif' not found because none of the following families were found: Times New Roman
findfont: Generic family 'serif' not found because none of the following families were found: Times New Roman
findfont: Generic family 'serif' not found because none of the following families were found: Times New Roman
findfont: Generic family 'serif' not found because none of the following families were found: Times New Roman
findfont: Generic family 'serif' not found because none of the following families were found: Times New Roman
findfont: Generic family 'serif' not found because none of the following families were found: Times New Roman
findfont: Generic family 'serif' not found because none of the following families were found: Times New Roman
findfont: Generic family 'serif' not found because none of the following families were found: Times New Roman
findfont: Generic family 'serif' not found because none of the following families were found: Times New Roman
findfont: Generic family 'serif' not found because none of the following families were found: Times New Roman
findfont: Generic family 'serif' not found because none of the following families were found: Times New Roman
findfont: Generic family 'serif' not found because none of the following families were found: Times New Roman
findfont: Generic family 'serif' not found because none of the following families were found: Times New Roman
findfont: Generic family 'serif' not found because none of the following families were found: Times New Roman
findfont: Generic family 'serif' not found because none of the following families were found: Times New Roman
findfont: Generic family 'serif' not found because none of the following families were found: Times New Roman
findfont: Generic family 'serif' not found because none of the following families were found: Times New Roman
findfont: Generic family 'serif' not found because none of the following families were found: Times New Roman
findfont: Generic family 'serif' not found because none of the following families were found: Times New Roman
findfont: Generic family 'serif' not found because none of the following families were found: Times New Roman
findfont: Generic family 'serif' not found because none of the following families were found: Times New Roman
findfont: Generic family 'serif' not found because none of the following families were found: Times New Roman
findfont: Generic family 'serif' not found because none of the following families were found: Times New Roman
findfont: Generic family 'serif' not found because none of the following families were found: Times New Roman
[37m[308013 ms][compare_rl_vs_baseline] - INFO : Saved crash rate PNG to: /home/lwulo/workspaces/aerial_gym_ws/src/aerial_gym_simulator/aerial_gym/scripts/comparison_results/crash_rate_comparison_600dpi.png (compare_rl_vs_baseline_v2.py:1095)[0m
findfont: Generic family 'serif' not found because none of the following families were found: Times New Roman
findfont: Generic family 'serif' not found because none of the following families were found: Times New Roman
findfont: Generic family 'serif' not found because none of the following families were found: Times New Roman
findfont: Generic family 'serif' not found because none of the following families were found: Times New Roman
findfont: Generic family 'serif' not found because none of the following families were found: Times New Roman
findfont: Generic family 'serif' not found because none of the following families were found: Times New Roman
findfont: Generic family 'serif' not found because none of the following families were found: Times New Roman
findfont: Generic family 'serif' not found because none of the following families were found: Times New Roman
findfont: Generic family 'serif' not found because none of the following families were found: Times New Roman
findfont: Generic family 'serif' not found because none of the following families were found: Times New Roman
findfont: Generic family 'serif' not found because none of the following families were found: Times New Roman
findfont: Generic family 'serif' not found because none of the following families were found: Times New Roman
findfont: Generic family 'serif' not found because none of the following families were found: Times New Roman
findfont: Generic family 'serif' not found because none of the following families were found: Times New Roman
findfont: Generic family 'serif' not found because none of the following families were found: Times New Roman
findfont: Generic family 'serif' not found because none of the following families were found: Times New Roman
findfont: Generic family 'serif' not found because none of the following families were found: Times New Roman
findfont: Generic family 'serif' not found because none of the following families were found: Times New Roman
findfont: Generic family 'serif' not found because none of the following families were found: Times New Roman
findfont: Generic family 'serif' not found because none of the following families were found: Times New Roman
findfont: Generic family 'serif' not found because none of the following families were found: Times New Roman
findfont: Generic family 'serif' not found because none of the following families were found: Times New Roman
findfont: Generic family 'serif' not found because none of the following families were found: Times New Roman
findfont: Generic family 'serif' not found because none of the following families were found: Times New Roman
findfont: Generic family 'serif' not found because none of the following families were found: Times New Roman
findfont: Generic family 'serif' not found because none of the following families were found: Times New Roman
findfont: Generic family 'serif' not found because none of the following families were found: Times New Roman
findfont: Generic family 'serif' not found because none of the following families were found: Times New Roman
findfont: Generic family 'serif' not found because none of the following families were found: Times New Roman
findfont: Generic family 'serif' not found because none of the following families were found: Times New Roman
findfont: Generic family 'serif' not found because none of the following families were found: Times New Roman
findfont: Generic family 'serif' not found because none of the following families were found: Times New Roman
findfont: Generic family 'serif' not found because none of the following families were found: Times New Roman
findfont: Generic family 'serif' not found because none of the following families were found: Times New Roman
findfont: Generic family 'serif' not found because none of the following families were found: Times New Roman
findfont: Generic family 'serif' not found because none of the following families were found: Times New Roman
findfont: Generic family 'serif' not found because none of the following families were found: Times New Roman
findfont: Generic family 'serif' not found because none of the following families were found: Times New Roman
findfont: Generic family 'serif' not found because none of the following families were found: Times New Roman
findfont: Generic family 'serif' not found because none of the following families were found: Times New Roman
findfont: Generic family 'serif' not found because none of the following families were found: Times New Roman
findfont: Generic family 'serif' not found because none of the following families were found: Times New Roman
findfont: Generic family 'serif' not found because none of the following families were found: Times New Roman
findfont: Generic family 'serif' not found because none of the following families were found: Times New Roman
findfont: Generic family 'serif' not found because none of the following families were found: Times New Roman
findfont: Generic family 'serif' not found because none of the following families were found: Times New Roman
findfont: Generic family 'serif' not found because none of the following families were found: Times New Roman
findfont: Generic family 'serif' not found because none of the following families were found: Times New Roman
findfont: Generic family 'serif' not found because none of the following families were found: Times New Roman
findfont: Generic family 'serif' not found because none of the following families were found: Times New Roman
findfont: Generic family 'serif' not found because none of the following families were found: Times New Roman
findfont: Generic family 'serif' not found because none of the following families were found: Times New Roman
findfont: Generic family 'serif' not found because none of the following families were found: Times New Roman
findfont: Generic family 'serif' not found because none of the following families were found: Times New Roman
findfont: Generic family 'serif' not found because none of the following families were found: Times New Roman
findfont: Generic family 'serif' not found because none of the following families were found: Times New Roman
findfont: Generic family 'serif' not found because none of the following families were found: Times New Roman
findfont: Generic family 'serif' not found because none of the following families were found: Times New Roman
findfont: Generic family 'serif' not found because none of the following families were found: Times New Roman
findfont: Generic family 'serif' not found because none of the following families were found: Times New Roman
findfont: Generic family 'serif' not found because none of the following families were found: Times New Roman
findfont: Generic family 'serif' not found because none of the following families were found: Times New Roman
findfont: Generic family 'serif' not found because none of the following families were found: Times New Roman
findfont: Generic family 'serif' not found because none of the following families were found: Times New Roman
findfont: Generic family 'serif' not found because none of the following families were found: Times New Roman
findfont: Generic family 'serif' not found because none of the following families were found: Times New Roman
findfont: Generic family 'serif' not found because none of the following families were found: Times New Roman
findfont: Generic family 'serif' not found because none of the following families were found: Times New Roman
findfont: Generic family 'serif' not found because none of the following families were found: Times New Roman
findfont: Generic family 'serif' not found because none of the following families were found: Times New Roman
findfont: Generic family 'serif' not found because none of the following families were found: Times New Roman
findfont: Generic family 'serif' not found because none of the following families were found: Times New Roman
findfont: Generic family 'serif' not found because none of the following families were found: Times New Roman
findfont: Generic family 'serif' not found because none of the following families were found: Times New Roman
findfont: Generic family 'serif' not found because none of the following families were found: Times New Roman
findfont: Generic family 'serif' not found because none of the following families were found: Times New Roman
findfont: Generic family 'serif' not found because none of the following families were found: Times New Roman
findfont: Generic family 'serif' not found because none of the following families were found: Times New Roman
findfont: Generic family 'serif' not found because none of the following families were found: Times New Roman
findfont: Generic family 'serif' not found because none of the following families were found: Times New Roman
findfont: Generic family 'serif' not found because none of the following families were found: Times New Roman
findfont: Generic family 'serif' not found because none of the following families were found: Times New Roman
findfont: Generic family 'serif' not found because none of the following families were found: Times New Roman
findfont: Generic family 'serif' not found because none of the following families were found: Times New Roman
findfont: Generic family 'serif' not found because none of the following families were found: Times New Roman
findfont: Generic family 'serif' not found because none of the following families were found: Times New Roman
findfont: Generic family 'serif' not found because none of the following families were found: Times New Roman
findfont: Generic family 'serif' not found because none of the following families were found: Times New Roman
findfont: Generic family 'serif' not found because none of the following families were found: Times New Roman
findfont: Generic family 'serif' not found because none of the following families were found: Times New Roman
findfont: Generic family 'serif' not found because none of the following families were found: Times New Roman
findfont: Generic family 'serif' not found because none of the following families were found: Times New Roman
findfont: Generic family 'serif' not found because none of the following families were found: Times New Roman
findfont: Generic family 'serif' not found because none of the following families were found: Times New Roman
findfont: Generic family 'serif' not found because none of the following families were found: Times New Roman
findfont: Generic family 'serif' not found because none of the following families were found: Times New Roman
findfont: Generic family 'serif' not found because none of the following families were found: Times New Roman
findfont: Generic family 'serif' not found because none of the following families were found: Times New Roman
findfont: Generic family 'serif' not found because none of the following families were found: Times New Roman
findfont: Generic family 'serif' not found because none of the following families were found: Times New Roman
findfont: Generic family 'serif' not found because none of the following families were found: Times New Roman
findfont: Generic family 'serif' not found because none of the following families were found: Times New Roman
findfont: Generic family 'serif' not found because none of the following families were found: Times New Roman
findfont: Generic family 'serif' not found because none of the following families were found: Times New Roman
findfont: Generic family 'serif' not found because none of the following families were found: Times New Roman
findfont: Generic family 'serif' not found because none of the following families were found: Times New Roman
findfont: Generic family 'serif' not found because none of the following families were found: Times New Roman
findfont: Generic family 'serif' not found because none of the following families were found: Times New Roman
findfont: Generic family 'serif' not found because none of the following families were found: Times New Roman
findfont: Generic family 'serif' not found because none of the following families were found: Times New Roman
findfont: Generic family 'serif' not found because none of the following families were found: Times New Roman
findfont: Generic family 'serif' not found because none of the following families were found: Times New Roman
findfont: Generic family 'serif' not found because none of the following families were found: Times New Roman
findfont: Generic family 'serif' not found because none of the following families were found: Times New Roman
findfont: Generic family 'serif' not found because none of the following families were found: Times New Roman
findfont: Generic family 'serif' not found because none of the following families were found: Times New Roman
findfont: Generic family 'serif' not found because none of the following families were found: Times New Roman
findfont: Generic family 'serif' not found because none of the following families were found: Times New Roman
findfont: Generic family 'serif' not found because none of the following families were found: Times New Roman
findfont: Generic family 'serif' not found because none of the following families were found: Times New Roman
findfont: Generic family 'serif' not found because none of the following families were found: Times New Roman
findfont: Generic family 'serif' not found because none of the following families were found: Times New Roman
findfont: Generic family 'serif' not found because none of the following families were found: Times New Roman
findfont: Generic family 'serif' not found because none of the following families were found: Times New Roman
findfont: Generic family 'serif' not found because none of the following families were found: Times New Roman
findfont: Generic family 'serif' not found because none of the following families were found: Times New Roman
[37m[308084 ms][compare_rl_vs_baseline] - INFO : Saved crash rate PDF to: /home/lwulo/workspaces/aerial_gym_ws/src/aerial_gym_simulator/aerial_gym/scripts/comparison_results/crash_rate_comparison.pdf (compare_rl_vs_baseline_v2.py:1099)[0m
[37m[308085 ms][compare_rl_vs_baseline] - INFO : Saved crash rate stats to: /home/lwulo/workspaces/aerial_gym_ws/src/aerial_gym_simulator/aerial_gym/scripts/comparison_results/crash_rate_stats.csv (compare_rl_vs_baseline_v2.py:1110)[0m
[37m[308085 ms][compare_rl_vs_baseline] - INFO : Generating distance to target comparison plot... (compare_rl_vs_baseline_v2.py:1115)[0m
findfont: Generic family 'serif' not found because none of the following families were found: Times New Roman
findfont: Generic family 'serif' not found because none of the following families were found: Times New Roman
findfont: Generic family 'serif' not found because none of the following families were found: Times New Roman
findfont: Generic family 'serif' not found because none of the following families were found: Times New Roman
findfont: Generic family 'serif' not found because none of the following families were found: Times New Roman
findfont: Generic family 'serif' not found because none of the following families were found: Times New Roman
findfont: Generic family 'serif' not found because none of the following families were found: Times New Roman
findfont: Generic family 'serif' not found because none of the following families were found: Times New Roman
findfont: Generic family 'serif' not found because none of the following families were found: Times New Roman
findfont: Generic family 'serif' not found because none of the following families were found: Times New Roman
findfont: Generic family 'serif' not found because none of the following families were found: Times New Roman
findfont: Generic family 'serif' not found because none of the following families were found: Times New Roman
findfont: Generic family 'serif' not found because none of the following families were found: Times New Roman
findfont: Generic family 'serif' not found because none of the following families were found: Times New Roman
findfont: Generic family 'serif' not found because none of the following families were found: Times New Roman
findfont: Generic family 'serif' not found because none of the following families were found: Times New Roman
findfont: Generic family 'serif' not found because none of the following families were found: Times New Roman
findfont: Generic family 'serif' not found because none of the following families were found: Times New Roman
findfont: Generic family 'serif' not found because none of the following families were found: Times New Roman
findfont: Generic family 'serif' not found because none of the following families were found: Times New Roman
findfont: Generic family 'serif' not found because none of the following families were found: Times New Roman
findfont: Generic family 'serif' not found because none of the following families were found: Times New Roman
findfont: Generic family 'serif' not found because none of the following families were found: Times New Roman
findfont: Generic family 'serif' not found because none of the following families were found: Times New Roman
findfont: Generic family 'serif' not found because none of the following families were found: Times New Roman
findfont: Generic family 'serif' not found because none of the following families were found: Times New Roman
findfont: Generic family 'serif' not found because none of the following families were found: Times New Roman
findfont: Generic family 'serif' not found because none of the following families were found: Times New Roman
findfont: Generic family 'serif' not found because none of the following families were found: Times New Roman
findfont: Generic family 'serif' not found because none of the following families were found: Times New Roman
findfont: Generic family 'serif' not found because none of the following families were found: Times New Roman
findfont: Generic family 'serif' not found because none of the following families were found: Times New Roman
findfont: Generic family 'serif' not found because none of the following families were found: Times New Roman
findfont: Generic family 'serif' not found because none of the following families were found: Times New Roman
findfont: Generic family 'serif' not found because none of the following families were found: Times New Roman
findfont: Generic family 'serif' not found because none of the following families were found: Times New Roman
findfont: Generic family 'serif' not found because none of the following families were found: Times New Roman
findfont: Generic family 'serif' not found because none of the following families were found: Times New Roman
findfont: Generic family 'serif' not found because none of the following families were found: Times New Roman
findfont: Generic family 'serif' not found because none of the following families were found: Times New Roman
findfont: Generic family 'serif' not found because none of the following families were found: Times New Roman
findfont: Generic family 'serif' not found because none of the following families were found: Times New Roman
findfont: Generic family 'serif' not found because none of the following families were found: Times New Roman
findfont: Generic family 'serif' not found because none of the following families were found: Times New Roman
findfont: Generic family 'serif' not found because none of the following families were found: Times New Roman
findfont: Generic family 'serif' not found because none of the following families were found: Times New Roman
findfont: Generic family 'serif' not found because none of the following families were found: Times New Roman
findfont: Generic family 'serif' not found because none of the following families were found: Times New Roman
findfont: Generic family 'serif' not found because none of the following families were found: Times New Roman
findfont: Generic family 'serif' not found because none of the following families were found: Times New Roman
findfont: Generic family 'serif' not found because none of the following families were found: Times New Roman
findfont: Generic family 'serif' not found because none of the following families were found: Times New Roman
findfont: Generic family 'serif' not found because none of the following families were found: Times New Roman
findfont: Generic family 'serif' not found because none of the following families were found: Times New Roman
findfont: Generic family 'serif' not found because none of the following families were found: Times New Roman
findfont: Generic family 'serif' not found because none of the following families were found: Times New Roman
findfont: Generic family 'serif' not found because none of the following families were found: Times New Roman
findfont: Generic family 'serif' not found because none of the following families were found: Times New Roman
findfont: Generic family 'serif' not found because none of the following families were found: Times New Roman
findfont: Generic family 'serif' not found because none of the following families were found: Times New Roman
findfont: Generic family 'serif' not found because none of the following families were found: Times New Roman
findfont: Generic family 'serif' not found because none of the following families were found: Times New Roman
findfont: Generic family 'serif' not found because none of the following families were found: Times New Roman
findfont: Generic family 'serif' not found because none of the following families were found: Times New Roman
findfont: Generic family 'serif' not found because none of the following families were found: Times New Roman
findfont: Generic family 'serif' not found because none of the following families were found: Times New Roman
findfont: Generic family 'serif' not found because none of the following families were found: Times New Roman
findfont: Generic family 'serif' not found because none of the following families were found: Times New Roman
findfont: Generic family 'serif' not found because none of the following families were found: Times New Roman
findfont: Generic family 'serif' not found because none of the following families were found: Times New Roman
findfont: Generic family 'serif' not found because none of the following families were found: Times New Roman
findfont: Generic family 'serif' not found because none of the following families were found: Times New Roman
findfont: Generic family 'serif' not found because none of the following families were found: Times New Roman
findfont: Generic family 'serif' not found because none of the following families were found: Times New Roman
findfont: Generic family 'serif' not found because none of the following families were found: Times New Roman
findfont: Generic family 'serif' not found because none of the following families were found: Times New Roman
findfont: Generic family 'serif' not found because none of the following families were found: Times New Roman
findfont: Generic family 'serif' not found because none of the following families were found: Times New Roman
findfont: Generic family 'serif' not found because none of the following families were found: Times New Roman
findfont: Generic family 'serif' not found because none of the following families were found: Times New Roman
findfont: Generic family 'serif' not found because none of the following families were found: Times New Roman
findfont: Generic family 'serif' not found because none of the following families were found: Times New Roman
findfont: Generic family 'serif' not found because none of the following families were found: Times New Roman
findfont: Generic family 'serif' not found because none of the following families were found: Times New Roman
findfont: Generic family 'serif' not found because none of the following families were found: Times New Roman
findfont: Generic family 'serif' not found because none of the following families were found: Times New Roman
findfont: Generic family 'serif' not found because none of the following families were found: Times New Roman
findfont: Generic family 'serif' not found because none of the following families were found: Times New Roman
findfont: Generic family 'serif' not found because none of the following families were found: Times New Roman
findfont: Generic family 'serif' not found because none of the following families were found: Times New Roman
findfont: Generic family 'serif' not found because none of the following families were found: Times New Roman
findfont: Generic family 'serif' not found because none of the following families were found: Times New Roman
findfont: Generic family 'serif' not found because none of the following families were found: Times New Roman
findfont: Generic family 'serif' not found because none of the following families were found: Times New Roman
findfont: Generic family 'serif' not found because none of the following families were found: Times New Roman
findfont: Generic family 'serif' not found because none of the following families were found: Times New Roman
findfont: Generic family 'serif' not found because none of the following families were found: Times New Roman
findfont: Generic family 'serif' not found because none of the following families were found: Times New Roman
findfont: Generic family 'serif' not found because none of the following families were found: Times New Roman
findfont: Generic family 'serif' not found because none of the following families were found: Times New Roman
findfont: Generic family 'serif' not found because none of the following families were found: Times New Roman
findfont: Generic family 'serif' not found because none of the following families were found: Times New Roman
findfont: Generic family 'serif' not found because none of the following families were found: Times New Roman
findfont: Generic family 'serif' not found because none of the following families were found: Times New Roman
findfont: Generic family 'serif' not found because none of the following families were found: Times New Roman
findfont: Generic family 'serif' not found because none of the following families were found: Times New Roman
findfont: Generic family 'serif' not found because none of the following families were found: Times New Roman
findfont: Generic family 'serif' not found because none of the following families were found: Times New Roman
findfont: Generic family 'serif' not found because none of the following families were found: Times New Roman
findfont: Generic family 'serif' not found because none of the following families were found: Times New Roman
findfont: Generic family 'serif' not found because none of the following families were found: Times New Roman
findfont: Generic family 'serif' not found because none of the following families were found: Times New Roman
findfont: Generic family 'serif' not found because none of the following families were found: Times New Roman
findfont: Generic family 'serif' not found because none of the following families were found: Times New Roman
findfont: Generic family 'serif' not found because none of the following families were found: Times New Roman
findfont: Generic family 'serif' not found because none of the following families were found: Times New Roman
findfont: Generic family 'serif' not found because none of the following families were found: Times New Roman
findfont: Generic family 'serif' not found because none of the following families were found: Times New Roman
findfont: Generic family 'serif' not found because none of the following families were found: Times New Roman
findfont: Generic family 'serif' not found because none of the following families were found: Times New Roman
findfont: Generic family 'serif' not found because none of the following families were found: Times New Roman
findfont: Generic family 'serif' not found because none of the following families were found: Times New Roman
findfont: Generic family 'serif' not found because none of the following families were found: Times New Roman
findfont: Generic family 'serif' not found because none of the following families were found: Times New Roman
findfont: Generic family 'serif' not found because none of the following families were found: Times New Roman
findfont: Generic family 'serif' not found because none of the following families were found: Times New Roman
findfont: Generic family 'serif' not found because none of the following families were found: Times New Roman
findfont: Generic family 'serif' not found because none of the following families were found: Times New Roman
findfont: Generic family 'serif' not found because none of the following families were found: Times New Roman
findfont: Generic family 'serif' not found because none of the following families were found: Times New Roman
findfont: Generic family 'serif' not found because none of the following families were found: Times New Roman
findfont: Generic family 'serif' not found because none of the following families were found: Times New Roman
findfont: Generic family 'serif' not found because none of the following families were found: Times New Roman
findfont: Generic family 'serif' not found because none of the following families were found: Times New Roman
findfont: Generic family 'serif' not found because none of the following families were found: Times New Roman
findfont: Generic family 'serif' not found because none of the following families were found: Times New Roman
findfont: Generic family 'serif' not found because none of the following families were found: Times New Roman
findfont: Generic family 'serif' not found because none of the following families were found: Times New Roman
findfont: Generic family 'serif' not found because none of the following families were found: Times New Roman
findfont: Generic family 'serif' not found because none of the following families were found: Times New Roman
findfont: Generic family 'serif' not found because none of the following families were found: Times New Roman
findfont: Generic family 'serif' not found because none of the following families were found: Times New Roman
findfont: Generic family 'serif' not found because none of the following families were found: Times New Roman
findfont: Generic family 'serif' not found because none of the following families were found: Times New Roman
findfont: Generic family 'serif' not found because none of the following families were found: Times New Roman
findfont: Generic family 'serif' not found because none of the following families were found: Times New Roman
findfont: Generic family 'serif' not found because none of the following families were found: Times New Roman
findfont: Generic family 'serif' not found because none of the following families were found: Times New Roman
findfont: Generic family 'serif' not found because none of the following families were found: Times New Roman
findfont: Generic family 'serif' not found because none of the following families were found: Times New Roman
findfont: Generic family 'serif' not found because none of the following families were found: Times New Roman
findfont: Generic family 'serif' not found because none of the following families were found: Times New Roman
findfont: Generic family 'serif' not found because none of the following families were found: Times New Roman
findfont: Generic family 'serif' not found because none of the following families were found: Times New Roman
findfont: Generic family 'serif' not found because none of the following families were found: Times New Roman
findfont: Generic family 'serif' not found because none of the following families were found: Times New Roman
findfont: Generic family 'serif' not found because none of the following families were found: Times New Roman
findfont: Generic family 'serif' not found because none of the following families were found: Times New Roman
findfont: Generic family 'serif' not found because none of the following families were found: Times New Roman
findfont: Generic family 'serif' not found because none of the following families were found: Times New Roman
findfont: Generic family 'serif' not found because none of the following families were found: Times New Roman
findfont: Generic family 'serif' not found because none of the following families were found: Times New Roman
findfont: Generic family 'serif' not found because none of the following families were found: Times New Roman
findfont: Generic family 'serif' not found because none of the following families were found: Times New Roman
findfont: Generic family 'serif' not found because none of the following families were found: Times New Roman
[37m[308304 ms][compare_rl_vs_baseline] - INFO : Saved distance PNG to: /home/lwulo/workspaces/aerial_gym_ws/src/aerial_gym_simulator/aerial_gym/scripts/comparison_results/distance_to_target_comparison_600dpi.png (compare_rl_vs_baseline_v2.py:1176)[0m
findfont: Generic family 'serif' not found because none of the following families were found: Times New Roman
findfont: Generic family 'serif' not found because none of the following families were found: Times New Roman
findfont: Generic family 'serif' not found because none of the following families were found: Times New Roman
findfont: Generic family 'serif' not found because none of the following families were found: Times New Roman
findfont: Generic family 'serif' not found because none of the following families were found: Times New Roman
findfont: Generic family 'serif' not found because none of the following families were found: Times New Roman
findfont: Generic family 'serif' not found because none of the following families were found: Times New Roman
findfont: Generic family 'serif' not found because none of the following families were found: Times New Roman
findfont: Generic family 'serif' not found because none of the following families were found: Times New Roman
findfont: Generic family 'serif' not found because none of the following families were found: Times New Roman
findfont: Generic family 'serif' not found because none of the following families were found: Times New Roman
findfont: Generic family 'serif' not found because none of the following families were found: Times New Roman
findfont: Generic family 'serif' not found because none of the following families were found: Times New Roman
findfont: Generic family 'serif' not found because none of the following families were found: Times New Roman
findfont: Generic family 'serif' not found because none of the following families were found: Times New Roman
findfont: Generic family 'serif' not found because none of the following families were found: Times New Roman
findfont: Generic family 'serif' not found because none of the following families were found: Times New Roman
findfont: Generic family 'serif' not found because none of the following families were found: Times New Roman
findfont: Generic family 'serif' not found because none of the following families were found: Times New Roman
findfont: Generic family 'serif' not found because none of the following families were found: Times New Roman
findfont: Generic family 'serif' not found because none of the following families were found: Times New Roman
findfont: Generic family 'serif' not found because none of the following families were found: Times New Roman
findfont: Generic family 'serif' not found because none of the following families were found: Times New Roman
findfont: Generic family 'serif' not found because none of the following families were found: Times New Roman
findfont: Generic family 'serif' not found because none of the following families were found: Times New Roman
findfont: Generic family 'serif' not found because none of the following families were found: Times New Roman
findfont: Generic family 'serif' not found because none of the following families were found: Times New Roman
findfont: Generic family 'serif' not found because none of the following families were found: Times New Roman
findfont: Generic family 'serif' not found because none of the following families were found: Times New Roman
findfont: Generic family 'serif' not found because none of the following families were found: Times New Roman
findfont: Generic family 'serif' not found because none of the following families were found: Times New Roman
findfont: Generic family 'serif' not found because none of the following families were found: Times New Roman
findfont: Generic family 'serif' not found because none of the following families were found: Times New Roman
findfont: Generic family 'serif' not found because none of the following families were found: Times New Roman
findfont: Generic family 'serif' not found because none of the following families were found: Times New Roman
findfont: Generic family 'serif' not found because none of the following families were found: Times New Roman
findfont: Generic family 'serif' not found because none of the following families were found: Times New Roman
findfont: Generic family 'serif' not found because none of the following families were found: Times New Roman
findfont: Generic family 'serif' not found because none of the following families were found: Times New Roman
findfont: Generic family 'serif' not found because none of the following families were found: Times New Roman
findfont: Generic family 'serif' not found because none of the following families were found: Times New Roman
findfont: Generic family 'serif' not found because none of the following families were found: Times New Roman
findfont: Generic family 'serif' not found because none of the following families were found: Times New Roman
findfont: Generic family 'serif' not found because none of the following families were found: Times New Roman
findfont: Generic family 'serif' not found because none of the following families were found: Times New Roman
findfont: Generic family 'serif' not found because none of the following families were found: Times New Roman
findfont: Generic family 'serif' not found because none of the following families were found: Times New Roman
findfont: Generic family 'serif' not found because none of the following families were found: Times New Roman
findfont: Generic family 'serif' not found because none of the following families were found: Times New Roman
findfont: Generic family 'serif' not found because none of the following families were found: Times New Roman
findfont: Generic family 'serif' not found because none of the following families were found: Times New Roman
findfont: Generic family 'serif' not found because none of the following families were found: Times New Roman
findfont: Generic family 'serif' not found because none of the following families were found: Times New Roman
findfont: Generic family 'serif' not found because none of the following families were found: Times New Roman
findfont: Generic family 'serif' not found because none of the following families were found: Times New Roman
findfont: Generic family 'serif' not found because none of the following families were found: Times New Roman
findfont: Generic family 'serif' not found because none of the following families were found: Times New Roman
findfont: Generic family 'serif' not found because none of the following families were found: Times New Roman
findfont: Generic family 'serif' not found because none of the following families were found: Times New Roman
findfont: Generic family 'serif' not found because none of the following families were found: Times New Roman
findfont: Generic family 'serif' not found because none of the following families were found: Times New Roman
findfont: Generic family 'serif' not found because none of the following families were found: Times New Roman
findfont: Generic family 'serif' not found because none of the following families were found: Times New Roman
findfont: Generic family 'serif' not found because none of the following families were found: Times New Roman
findfont: Generic family 'serif' not found because none of the following families were found: Times New Roman
findfont: Generic family 'serif' not found because none of the following families were found: Times New Roman
findfont: Generic family 'serif' not found because none of the following families were found: Times New Roman
findfont: Generic family 'serif' not found because none of the following families were found: Times New Roman
findfont: Generic family 'serif' not found because none of the following families were found: Times New Roman
findfont: Generic family 'serif' not found because none of the following families were found: Times New Roman
findfont: Generic family 'serif' not found because none of the following families were found: Times New Roman
findfont: Generic family 'serif' not found because none of the following families were found: Times New Roman
findfont: Generic family 'serif' not found because none of the following families were found: Times New Roman
findfont: Generic family 'serif' not found because none of the following families were found: Times New Roman
findfont: Generic family 'serif' not found because none of the following families were found: Times New Roman
findfont: Generic family 'serif' not found because none of the following families were found: Times New Roman
findfont: Generic family 'serif' not found because none of the following families were found: Times New Roman
findfont: Generic family 'serif' not found because none of the following families were found: Times New Roman
findfont: Generic family 'serif' not found because none of the following families were found: Times New Roman
findfont: Generic family 'serif' not found because none of the following families were found: Times New Roman
findfont: Generic family 'serif' not found because none of the following families were found: Times New Roman
findfont: Generic family 'serif' not found because none of the following families were found: Times New Roman
findfont: Generic family 'serif' not found because none of the following families were found: Times New Roman
findfont: Generic family 'serif' not found because none of the following families were found: Times New Roman
findfont: Generic family 'serif' not found because none of the following families were found: Times New Roman
findfont: Generic family 'serif' not found because none of the following families were found: Times New Roman
findfont: Generic family 'serif' not found because none of the following families were found: Times New Roman
findfont: Generic family 'serif' not found because none of the following families were found: Times New Roman
findfont: Generic family 'serif' not found because none of the following families were found: Times New Roman
findfont: Generic family 'serif' not found because none of the following families were found: Times New Roman
findfont: Generic family 'serif' not found because none of the following families were found: Times New Roman
findfont: Generic family 'serif' not found because none of the following families were found: Times New Roman
findfont: Generic family 'serif' not found because none of the following families were found: Times New Roman
findfont: Generic family 'serif' not found because none of the following families were found: Times New Roman
findfont: Generic family 'serif' not found because none of the following families were found: Times New Roman
findfont: Generic family 'serif' not found because none of the following families were found: Times New Roman
findfont: Generic family 'serif' not found because none of the following families were found: Times New Roman
findfont: Generic family 'serif' not found because none of the following families were found: Times New Roman
findfont: Generic family 'serif' not found because none of the following families were found: Times New Roman
findfont: Generic family 'serif' not found because none of the following families were found: Times New Roman
findfont: Generic family 'serif' not found because none of the following families were found: Times New Roman
findfont: Generic family 'serif' not found because none of the following families were found: Times New Roman
findfont: Generic family 'serif' not found because none of the following families were found: Times New Roman
findfont: Generic family 'serif' not found because none of the following families were found: Times New Roman
findfont: Generic family 'serif' not found because none of the following families were found: Times New Roman
findfont: Generic family 'serif' not found because none of the following families were found: Times New Roman
findfont: Generic family 'serif' not found because none of the following families were found: Times New Roman
findfont: Generic family 'serif' not found because none of the following families were found: Times New Roman
findfont: Generic family 'serif' not found because none of the following families were found: Times New Roman
findfont: Generic family 'serif' not found because none of the following families were found: Times New Roman
findfont: Generic family 'serif' not found because none of the following families were found: Times New Roman
findfont: Generic family 'serif' not found because none of the following families were found: Times New Roman
findfont: Generic family 'serif' not found because none of the following families were found: Times New Roman
findfont: Generic family 'serif' not found because none of the following families were found: Times New Roman
findfont: Generic family 'serif' not found because none of the following families were found: Times New Roman
findfont: Generic family 'serif' not found because none of the following families were found: Times New Roman
findfont: Generic family 'serif' not found because none of the following families were found: Times New Roman
findfont: Generic family 'serif' not found because none of the following families were found: Times New Roman
findfont: Generic family 'serif' not found because none of the following families were found: Times New Roman
findfont: Generic family 'serif' not found because none of the following families were found: Times New Roman
findfont: Generic family 'serif' not found because none of the following families were found: Times New Roman
findfont: Generic family 'serif' not found because none of the following families were found: Times New Roman
[37m[308399 ms][compare_rl_vs_baseline] - INFO : Saved distance PDF to: /home/lwulo/workspaces/aerial_gym_ws/src/aerial_gym_simulator/aerial_gym/scripts/comparison_results/distance_to_target_comparison.pdf (compare_rl_vs_baseline_v2.py:1180)[0m
[37m[308402 ms][compare_rl_vs_baseline] - INFO : Saved distance stats to: /home/lwulo/workspaces/aerial_gym_ws/src/aerial_gym_simulator/aerial_gym/scripts/comparison_results/distance_to_target_stats.csv (compare_rl_vs_baseline_v2.py:1191)[0m
[37m[308402 ms][compare_rl_vs_baseline] - INFO : === Distance Summary === (compare_rl_vs_baseline_v2.py:1194)[0m
[37m[308402 ms][compare_rl_vs_baseline] - INFO : RL Final Distance (mean): 4.620m (compare_rl_vs_baseline_v2.py:1195)[0m
[37m[308402 ms][compare_rl_vs_baseline] - INFO : Baseline Final Distance (mean): 1.972m (compare_rl_vs_baseline_v2.py:1196)[0m
[37m[308402 ms][compare_rl_vs_baseline] - INFO : Pure PID Final Distance (mean): 1.836m (compare_rl_vs_baseline_v2.py:1197)[0m
[37m[308402 ms][compare_rl_vs_baseline] - INFO : Generating survival time comparison plot... (compare_rl_vs_baseline_v2.py:1203)[0m
findfont: Generic family 'serif' not found because none of the following families were found: Times New Roman
findfont: Generic family 'serif' not found because none of the following families were found: Times New Roman
findfont: Generic family 'serif' not found because none of the following families were found: Times New Roman
findfont: Generic family 'serif' not found because none of the following families were found: Times New Roman
findfont: Generic family 'serif' not found because none of the following families were found: Times New Roman
findfont: Generic family 'serif' not found because none of the following families were found: Times New Roman
findfont: Generic family 'serif' not found because none of the following families were found: Times New Roman
findfont: Generic family 'serif' not found because none of the following families were found: Times New Roman
findfont: Generic family 'serif' not found because none of the following families were found: Times New Roman
findfont: Generic family 'serif' not found because none of the following families were found: Times New Roman
findfont: Generic family 'serif' not found because none of the following families were found: Times New Roman
findfont: Generic family 'serif' not found because none of the following families were found: Times New Roman
findfont: Generic family 'serif' not found because none of the following families were found: Times New Roman
findfont: Generic family 'serif' not found because none of the following families were found: Times New Roman
findfont: Generic family 'serif' not found because none of the following families were found: Times New Roman
findfont: Generic family 'serif' not found because none of the following families were found: Times New Roman
findfont: Generic family 'serif' not found because none of the following families were found: Times New Roman
findfont: Generic family 'serif' not found because none of the following families were found: Times New Roman
findfont: Generic family 'serif' not found because none of the following families were found: Times New Roman
findfont: Generic family 'serif' not found because none of the following families were found: Times New Roman
findfont: Generic family 'serif' not found because none of the following families were found: Times New Roman
findfont: Generic family 'serif' not found because none of the following families were found: Times New Roman
findfont: Generic family 'serif' not found because none of the following families were found: Times New Roman
findfont: Generic family 'serif' not found because none of the following families were found: Times New Roman
findfont: Generic family 'serif' not found because none of the following families were found: Times New Roman
findfont: Generic family 'serif' not found because none of the following families were found: Times New Roman
findfont: Generic family 'serif' not found because none of the following families were found: Times New Roman
findfont: Generic family 'serif' not found because none of the following families were found: Times New Roman
findfont: Generic family 'serif' not found because none of the following families were found: Times New Roman
findfont: Generic family 'serif' not found because none of the following families were found: Times New Roman
findfont: Generic family 'serif' not found because none of the following families were found: Times New Roman
findfont: Generic family 'serif' not found because none of the following families were found: Times New Roman
findfont: Generic family 'serif' not found because none of the following families were found: Times New Roman
findfont: Generic family 'serif' not found because none of the following families were found: Times New Roman
findfont: Generic family 'serif' not found because none of the following families were found: Times New Roman
findfont: Generic family 'serif' not found because none of the following families were found: Times New Roman
findfont: Generic family 'serif' not found because none of the following families were found: Times New Roman
findfont: Generic family 'serif' not found because none of the following families were found: Times New Roman
findfont: Generic family 'serif' not found because none of the following families were found: Times New Roman
findfont: Generic family 'serif' not found because none of the following families were found: Times New Roman
findfont: Generic family 'serif' not found because none of the following families were found: Times New Roman
findfont: Generic family 'serif' not found because none of the following families were found: Times New Roman
findfont: Generic family 'serif' not found because none of the following families were found: Times New Roman
findfont: Generic family 'serif' not found because none of the following families were found: Times New Roman
findfont: Generic family 'serif' not found because none of the following families were found: Times New Roman
findfont: Generic family 'serif' not found because none of the following families were found: Times New Roman
findfont: Generic family 'serif' not found because none of the following families were found: Times New Roman
findfont: Generic family 'serif' not found because none of the following families were found: Times New Roman
findfont: Generic family 'serif' not found because none of the following families were found: Times New Roman
findfont: Generic family 'serif' not found because none of the following families were found: Times New Roman
findfont: Generic family 'serif' not found because none of the following families were found: Times New Roman
findfont: Generic family 'serif' not found because none of the following families were found: Times New Roman
findfont: Generic family 'serif' not found because none of the following families were found: Times New Roman
findfont: Generic family 'serif' not found because none of the following families were found: Times New Roman
findfont: Generic family 'serif' not found because none of the following families were found: Times New Roman
findfont: Generic family 'serif' not found because none of the following families were found: Times New Roman
findfont: Generic family 'serif' not found because none of the following families were found: Times New Roman
findfont: Generic family 'serif' not found because none of the following families were found: Times New Roman
findfont: Generic family 'serif' not found because none of the following families were found: Times New Roman
findfont: Generic family 'serif' not found because none of the following families were found: Times New Roman
findfont: Generic family 'serif' not found because none of the following families were found: Times New Roman
findfont: Generic family 'serif' not found because none of the following families were found: Times New Roman
findfont: Generic family 'serif' not found because none of the following families were found: Times New Roman
findfont: Generic family 'serif' not found because none of the following families were found: Times New Roman
findfont: Generic family 'serif' not found because none of the following families were found: Times New Roman
findfont: Generic family 'serif' not found because none of the following families were found: Times New Roman
findfont: Generic family 'serif' not found because none of the following families were found: Times New Roman
findfont: Generic family 'serif' not found because none of the following families were found: Times New Roman
findfont: Generic family 'serif' not found because none of the following families were found: Times New Roman
findfont: Generic family 'serif' not found because none of the following families were found: Times New Roman
findfont: Generic family 'serif' not found because none of the following families were found: Times New Roman
findfont: Generic family 'serif' not found because none of the following families were found: Times New Roman
findfont: Generic family 'serif' not found because none of the following families were found: Times New Roman
findfont: Generic family 'serif' not found because none of the following families were found: Times New Roman
findfont: Generic family 'serif' not found because none of the following families were found: Times New Roman
findfont: Generic family 'serif' not found because none of the following families were found: Times New Roman
findfont: Generic family 'serif' not found because none of the following families were found: Times New Roman
findfont: Generic family 'serif' not found because none of the following families were found: Times New Roman
findfont: Generic family 'serif' not found because none of the following families were found: Times New Roman
findfont: Generic family 'serif' not found because none of the following families were found: Times New Roman
findfont: Generic family 'serif' not found because none of the following families were found: Times New Roman
findfont: Generic family 'serif' not found because none of the following families were found: Times New Roman
findfont: Generic family 'serif' not found because none of the following families were found: Times New Roman
findfont: Generic family 'serif' not found because none of the following families were found: Times New Roman
findfont: Generic family 'serif' not found because none of the following families were found: Times New Roman
findfont: Generic family 'serif' not found because none of the following families were found: Times New Roman
findfont: Generic family 'serif' not found because none of the following families were found: Times New Roman
findfont: Generic family 'serif' not found because none of the following families were found: Times New Roman
findfont: Generic family 'serif' not found because none of the following families were found: Times New Roman
findfont: Generic family 'serif' not found because none of the following families were found: Times New Roman
findfont: Generic family 'serif' not found because none of the following families were found: Times New Roman
findfont: Generic family 'serif' not found because none of the following families were found: Times New Roman
findfont: Generic family 'serif' not found because none of the following families were found: Times New Roman
findfont: Generic family 'serif' not found because none of the following families were found: Times New Roman
findfont: Generic family 'serif' not found because none of the following families were found: Times New Roman
findfont: Generic family 'serif' not found because none of the following families were found: Times New Roman
findfont: Generic family 'serif' not found because none of the following families were found: Times New Roman
findfont: Generic family 'serif' not found because none of the following families were found: Times New Roman
findfont: Generic family 'serif' not found because none of the following families were found: Times New Roman
findfont: Generic family 'serif' not found because none of the following families were found: Times New Roman
findfont: Generic family 'serif' not found because none of the following families were found: Times New Roman
findfont: Generic family 'serif' not found because none of the following families were found: Times New Roman
findfont: Generic family 'serif' not found because none of the following families were found: Times New Roman
findfont: Generic family 'serif' not found because none of the following families were found: Times New Roman
findfont: Generic family 'serif' not found because none of the following families were found: Times New Roman
findfont: Generic family 'serif' not found because none of the following families were found: Times New Roman
findfont: Generic family 'serif' not found because none of the following families were found: Times New Roman
findfont: Generic family 'serif' not found because none of the following families were found: Times New Roman
findfont: Generic family 'serif' not found because none of the following families were found: Times New Roman
findfont: Generic family 'serif' not found because none of the following families were found: Times New Roman
findfont: Generic family 'serif' not found because none of the following families were found: Times New Roman
findfont: Generic family 'serif' not found because none of the following families were found: Times New Roman
findfont: Generic family 'serif' not found because none of the following families were found: Times New Roman
findfont: Generic family 'serif' not found because none of the following families were found: Times New Roman
findfont: Generic family 'serif' not found because none of the following families were found: Times New Roman
findfont: Generic family 'serif' not found because none of the following families were found: Times New Roman
findfont: Generic family 'serif' not found because none of the following families were found: Times New Roman
findfont: Generic family 'serif' not found because none of the following families were found: Times New Roman
findfont: Generic family 'serif' not found because none of the following families were found: Times New Roman
findfont: Generic family 'serif' not found because none of the following families were found: Times New Roman
findfont: Generic family 'serif' not found because none of the following families were found: Times New Roman
findfont: Generic family 'serif' not found because none of the following families were found: Times New Roman
findfont: Generic family 'serif' not found because none of the following families were found: Times New Roman
findfont: Generic family 'serif' not found because none of the following families were found: Times New Roman
findfont: Generic family 'serif' not found because none of the following families were found: Times New Roman
findfont: Generic family 'serif' not found because none of the following families were found: Times New Roman
findfont: Generic family 'serif' not found because none of the following families were found: Times New Roman
findfont: Generic family 'serif' not found because none of the following families were found: Times New Roman
findfont: Generic family 'serif' not found because none of the following families were found: Times New Roman
findfont: Generic family 'serif' not found because none of the following families were found: Times New Roman
findfont: Generic family 'serif' not found because none of the following families were found: Times New Roman
findfont: Generic family 'serif' not found because none of the following families were found: Times New Roman
findfont: Generic family 'serif' not found because none of the following families were found: Times New Roman
findfont: Generic family 'serif' not found because none of the following families were found: Times New Roman
findfont: Generic family 'serif' not found because none of the following families were found: Times New Roman
findfont: Generic family 'serif' not found because none of the following families were found: Times New Roman
findfont: Generic family 'serif' not found because none of the following families were found: Times New Roman
findfont: Generic family 'serif' not found because none of the following families were found: Times New Roman
findfont: Generic family 'serif' not found because none of the following families were found: Times New Roman
findfont: Generic family 'serif' not found because none of the following families were found: Times New Roman
findfont: Generic family 'serif' not found because none of the following families were found: Times New Roman
findfont: Generic family 'serif' not found because none of the following families were found: Times New Roman
findfont: Generic family 'serif' not found because none of the following families were found: Times New Roman
findfont: Generic family 'serif' not found because none of the following families were found: Times New Roman
findfont: Generic family 'serif' not found because none of the following families were found: Times New Roman
findfont: Generic family 'serif' not found because none of the following families were found: Times New Roman
findfont: Generic family 'serif' not found because none of the following families were found: Times New Roman
[37m[308578 ms][compare_rl_vs_baseline] - INFO : Saved survival time PNG to: /home/lwulo/workspaces/aerial_gym_ws/src/aerial_gym_simulator/aerial_gym/scripts/comparison_results/survival_time_comparison_600dpi.png (compare_rl_vs_baseline_v2.py:1264)[0m
findfont: Generic family 'serif' not found because none of the following families were found: Times New Roman
findfont: Generic family 'serif' not found because none of the following families were found: Times New Roman
findfont: Generic family 'serif' not found because none of the following families were found: Times New Roman
findfont: Generic family 'serif' not found because none of the following families were found: Times New Roman
findfont: Generic family 'serif' not found because none of the following families were found: Times New Roman
findfont: Generic family 'serif' not found because none of the following families were found: Times New Roman
findfont: Generic family 'serif' not found because none of the following families were found: Times New Roman
findfont: Generic family 'serif' not found because none of the following families were found: Times New Roman
findfont: Generic family 'serif' not found because none of the following families were found: Times New Roman
findfont: Generic family 'serif' not found because none of the following families were found: Times New Roman
findfont: Generic family 'serif' not found because none of the following families were found: Times New Roman
findfont: Generic family 'serif' not found because none of the following families were found: Times New Roman
findfont: Generic family 'serif' not found because none of the following families were found: Times New Roman
findfont: Generic family 'serif' not found because none of the following families were found: Times New Roman
findfont: Generic family 'serif' not found because none of the following families were found: Times New Roman
findfont: Generic family 'serif' not found because none of the following families were found: Times New Roman
findfont: Generic family 'serif' not found because none of the following families were found: Times New Roman
findfont: Generic family 'serif' not found because none of the following families were found: Times New Roman
findfont: Generic family 'serif' not found because none of the following families were found: Times New Roman
findfont: Generic family 'serif' not found because none of the following families were found: Times New Roman
findfont: Generic family 'serif' not found because none of the following families were found: Times New Roman
findfont: Generic family 'serif' not found because none of the following families were found: Times New Roman
findfont: Generic family 'serif' not found because none of the following families were found: Times New Roman
findfont: Generic family 'serif' not found because none of the following families were found: Times New Roman
findfont: Generic family 'serif' not found because none of the following families were found: Times New Roman
findfont: Generic family 'serif' not found because none of the following families were found: Times New Roman
findfont: Generic family 'serif' not found because none of the following families were found: Times New Roman
findfont: Generic family 'serif' not found because none of the following families were found: Times New Roman
findfont: Generic family 'serif' not found because none of the following families were found: Times New Roman
findfont: Generic family 'serif' not found because none of the following families were found: Times New Roman
findfont: Generic family 'serif' not found because none of the following families were found: Times New Roman
findfont: Generic family 'serif' not found because none of the following families were found: Times New Roman
findfont: Generic family 'serif' not found because none of the following families were found: Times New Roman
findfont: Generic family 'serif' not found because none of the following families were found: Times New Roman
findfont: Generic family 'serif' not found because none of the following families were found: Times New Roman
findfont: Generic family 'serif' not found because none of the following families were found: Times New Roman
findfont: Generic family 'serif' not found because none of the following families were found: Times New Roman
findfont: Generic family 'serif' not found because none of the following families were found: Times New Roman
findfont: Generic family 'serif' not found because none of the following families were found: Times New Roman
findfont: Generic family 'serif' not found because none of the following families were found: Times New Roman
findfont: Generic family 'serif' not found because none of the following families were found: Times New Roman
findfont: Generic family 'serif' not found because none of the following families were found: Times New Roman
findfont: Generic family 'serif' not found because none of the following families were found: Times New Roman
findfont: Generic family 'serif' not found because none of the following families were found: Times New Roman
findfont: Generic family 'serif' not found because none of the following families were found: Times New Roman
findfont: Generic family 'serif' not found because none of the following families were found: Times New Roman
findfont: Generic family 'serif' not found because none of the following families were found: Times New Roman
findfont: Generic family 'serif' not found because none of the following families were found: Times New Roman
findfont: Generic family 'serif' not found because none of the following families were found: Times New Roman
findfont: Generic family 'serif' not found because none of the following families were found: Times New Roman
findfont: Generic family 'serif' not found because none of the following families were found: Times New Roman
findfont: Generic family 'serif' not found because none of the following families were found: Times New Roman
findfont: Generic family 'serif' not found because none of the following families were found: Times New Roman
findfont: Generic family 'serif' not found because none of the following families were found: Times New Roman
findfont: Generic family 'serif' not found because none of the following families were found: Times New Roman
findfont: Generic family 'serif' not found because none of the following families were found: Times New Roman
findfont: Generic family 'serif' not found because none of the following families were found: Times New Roman
findfont: Generic family 'serif' not found because none of the following families were found: Times New Roman
findfont: Generic family 'serif' not found because none of the following families were found: Times New Roman
findfont: Generic family 'serif' not found because none of the following families were found: Times New Roman
findfont: Generic family 'serif' not found because none of the following families were found: Times New Roman
findfont: Generic family 'serif' not found because none of the following families were found: Times New Roman
findfont: Generic family 'serif' not found because none of the following families were found: Times New Roman
findfont: Generic family 'serif' not found because none of the following families were found: Times New Roman
findfont: Generic family 'serif' not found because none of the following families were found: Times New Roman
findfont: Generic family 'serif' not found because none of the following families were found: Times New Roman
findfont: Generic family 'serif' not found because none of the following families were found: Times New Roman
findfont: Generic family 'serif' not found because none of the following families were found: Times New Roman
findfont: Generic family 'serif' not found because none of the following families were found: Times New Roman
findfont: Generic family 'serif' not found because none of the following families were found: Times New Roman
findfont: Generic family 'serif' not found because none of the following families were found: Times New Roman
findfont: Generic family 'serif' not found because none of the following families were found: Times New Roman
findfont: Generic family 'serif' not found because none of the following families were found: Times New Roman
findfont: Generic family 'serif' not found because none of the following families were found: Times New Roman
findfont: Generic family 'serif' not found because none of the following families were found: Times New Roman
findfont: Generic family 'serif' not found because none of the following families were found: Times New Roman
findfont: Generic family 'serif' not found because none of the following families were found: Times New Roman
findfont: Generic family 'serif' not found because none of the following families were found: Times New Roman
findfont: Generic family 'serif' not found because none of the following families were found: Times New Roman
findfont: Generic family 'serif' not found because none of the following families were found: Times New Roman
findfont: Generic family 'serif' not found because none of the following families were found: Times New Roman
findfont: Generic family 'serif' not found because none of the following families were found: Times New Roman
findfont: Generic family 'serif' not found because none of the following families were found: Times New Roman
findfont: Generic family 'serif' not found because none of the following families were found: Times New Roman
findfont: Generic family 'serif' not found because none of the following families were found: Times New Roman
findfont: Generic family 'serif' not found because none of the following families were found: Times New Roman
findfont: Generic family 'serif' not found because none of the following families were found: Times New Roman
findfont: Generic family 'serif' not found because none of the following families were found: Times New Roman
findfont: Generic family 'serif' not found because none of the following families were found: Times New Roman
findfont: Generic family 'serif' not found because none of the following families were found: Times New Roman
findfont: Generic family 'serif' not found because none of the following families were found: Times New Roman
findfont: Generic family 'serif' not found because none of the following families were found: Times New Roman
findfont: Generic family 'serif' not found because none of the following families were found: Times New Roman
findfont: Generic family 'serif' not found because none of the following families were found: Times New Roman
findfont: Generic family 'serif' not found because none of the following families were found: Times New Roman
findfont: Generic family 'serif' not found because none of the following families were found: Times New Roman
findfont: Generic family 'serif' not found because none of the following families were found: Times New Roman
findfont: Generic family 'serif' not found because none of the following families were found: Times New Roman
findfont: Generic family 'serif' not found because none of the following families were found: Times New Roman
findfont: Generic family 'serif' not found because none of the following families were found: Times New Roman
findfont: Generic family 'serif' not found because none of the following families were found: Times New Roman
findfont: Generic family 'serif' not found because none of the following families were found: Times New Roman
findfont: Generic family 'serif' not found because none of the following families were found: Times New Roman
findfont: Generic family 'serif' not found because none of the following families were found: Times New Roman
findfont: Generic family 'serif' not found because none of the following families were found: Times New Roman
findfont: Generic family 'serif' not found because none of the following families were found: Times New Roman
findfont: Generic family 'serif' not found because none of the following families were found: Times New Roman
findfont: Generic family 'serif' not found because none of the following families were found: Times New Roman
findfont: Generic family 'serif' not found because none of the following families were found: Times New Roman
findfont: Generic family 'serif' not found because none of the following families were found: Times New Roman
findfont: Generic family 'serif' not found because none of the following families were found: Times New Roman
findfont: Generic family 'serif' not found because none of the following families were found: Times New Roman
findfont: Generic family 'serif' not found because none of the following families were found: Times New Roman
findfont: Generic family 'serif' not found because none of the following families were found: Times New Roman
findfont: Generic family 'serif' not found because none of the following families were found: Times New Roman
findfont: Generic family 'serif' not found because none of the following families were found: Times New Roman
[37m[308653 ms][compare_rl_vs_baseline] - INFO : Saved survival time PDF to: /home/lwulo/workspaces/aerial_gym_ws/src/aerial_gym_simulator/aerial_gym/scripts/comparison_results/survival_time_comparison.pdf (compare_rl_vs_baseline_v2.py:1268)[0m
[37m[308654 ms][compare_rl_vs_baseline] - INFO : Saved survival time stats to: /home/lwulo/workspaces/aerial_gym_ws/src/aerial_gym_simulator/aerial_gym/scripts/comparison_results/survival_time_stats.csv (compare_rl_vs_baseline_v2.py:1282)[0m
[37m[308654 ms][compare_rl_vs_baseline] - INFO : Saved arrival rate comparison to: /home/lwulo/workspaces/aerial_gym_ws/src/aerial_gym_simulator/aerial_gym/scripts/comparison_results/arrival_rate_comparison.csv (compare_rl_vs_baseline_v2.py:1291)[0m
[37m[308655 ms][compare_rl_vs_baseline] - INFO : ========================================================================================== (compare_rl_vs_baseline_v2.py:1294)[0m
[37m[308655 ms][compare_rl_vs_baseline] - INFO : COMPARISON SUMMARY (compare_rl_vs_baseline_v2.py:1295)[0m
[37m[308655 ms][compare_rl_vs_baseline] - INFO : ========================================================================================== (compare_rl_vs_baseline_v2.py:1296)[0m
[37m[308655 ms][compare_rl_vs_baseline] - INFO : Metric                              RL                   PID+Greedy           Pure PID             (compare_rl_vs_baseline_v2.py:1297)[0m
[37m[308655 ms][compare_rl_vs_baseline] - INFO : ------------------------------------------------------------------------------------------ (compare_rl_vs_baseline_v2.py:1298)[0m
[37m[308655 ms][compare_rl_vs_baseline] - INFO : Final Crash Rate (%)                               0.0%                0.0%                0.0% (compare_rl_vs_baseline_v2.py:1299)[0m
[37m[308655 ms][compare_rl_vs_baseline] - INFO : Arrival Rate @ 2m (%)                              9.0%               70.0%               76.0% (compare_rl_vs_baseline_v2.py:1300)[0m
[37m[308655 ms][compare_rl_vs_baseline] - INFO : Mean Final J Value                                4.750               1.909               1.812 (compare_rl_vs_baseline_v2.py:1301)[0m
[37m[308655 ms][compare_rl_vs_baseline] - INFO : Mean Final Distance (m)                           4.620               1.972               1.836 (compare_rl_vs_baseline_v2.py:1302)[0m
[37m[308655 ms][compare_rl_vs_baseline] - INFO : ========================================================================================== (compare_rl_vs_baseline_v2.py:1303)[0m
[37m[308655 ms][compare_rl_vs_baseline] - INFO : Generating attitude mean_abs comparison plot... (compare_rl_vs_baseline_v2.py:818)[0m
findfont: Generic family 'serif' not found because none of the following families were found: Times New Roman
findfont: Generic family 'serif' not found because none of the following families were found: Times New Roman
findfont: Generic family 'serif' not found because none of the following families were found: Times New Roman
findfont: Generic family 'serif' not found because none of the following families were found: Times New Roman
findfont: Generic family 'serif' not found because none of the following families were found: Times New Roman
findfont: Generic family 'serif' not found because none of the following families were found: Times New Roman
findfont: Generic family 'serif' not found because none of the following families were found: Times New Roman
findfont: Generic family 'serif' not found because none of the following families were found: Times New Roman
findfont: Generic family 'serif' not found because none of the following families were found: Times New Roman
findfont: Generic family 'serif' not found because none of the following families were found: Times New Roman
findfont: Generic family 'serif' not found because none of the following families were found: Times New Roman
findfont: Generic family 'serif' not found because none of the following families were found: Times New Roman
findfont: Generic family 'serif' not found because none of the following families were found: Times New Roman
findfont: Generic family 'serif' not found because none of the following families were found: Times New Roman
findfont: Generic family 'serif' not found because none of the following families were found: Times New Roman
findfont: Generic family 'serif' not found because none of the following families were found: Times New Roman
findfont: Generic family 'serif' not found because none of the following families were found: Times New Roman
findfont: Generic family 'serif' not found because none of the following families were found: Times New Roman
findfont: Generic family 'serif' not found because none of the following families were found: Times New Roman
findfont: Generic family 'serif' not found because none of the following families were found: Times New Roman
findfont: Generic family 'serif' not found because none of the following families were found: Times New Roman
findfont: Generic family 'serif' not found because none of the following families were found: Times New Roman
findfont: Generic family 'serif' not found because none of the following families were found: Times New Roman
findfont: Generic family 'serif' not found because none of the following families were found: Times New Roman
findfont: Generic family 'serif' not found because none of the following families were found: Times New Roman
findfont: Generic family 'serif' not found because none of the following families were found: Times New Roman
findfont: Generic family 'serif' not found because none of the following families were found: Times New Roman
findfont: Generic family 'serif' not found because none of the following families were found: Times New Roman
findfont: Generic family 'serif' not found because none of the following families were found: Times New Roman
findfont: Generic family 'serif' not found because none of the following families were found: Times New Roman
findfont: Generic family 'serif' not found because none of the following families were found: Times New Roman
findfont: Generic family 'serif' not found because none of the following families were found: Times New Roman
findfont: Generic family 'serif' not found because none of the following families were found: Times New Roman
findfont: Generic family 'serif' not found because none of the following families were found: Times New Roman
findfont: Generic family 'serif' not found because none of the following families were found: Times New Roman
findfont: Generic family 'serif' not found because none of the following families were found: Times New Roman
findfont: Generic family 'serif' not found because none of the following families were found: Times New Roman
findfont: Generic family 'serif' not found because none of the following families were found: Times New Roman
findfont: Generic family 'serif' not found because none of the following families were found: Times New Roman
findfont: Generic family 'serif' not found because none of the following families were found: Times New Roman
findfont: Generic family 'serif' not found because none of the following families were found: Times New Roman
findfont: Generic family 'serif' not found because none of the following families were found: Times New Roman
findfont: Generic family 'serif' not found because none of the following families were found: Times New Roman
findfont: Generic family 'serif' not found because none of the following families were found: Times New Roman
findfont: Generic family 'serif' not found because none of the following families were found: Times New Roman
findfont: Generic family 'serif' not found because none of the following families were found: Times New Roman
findfont: Generic family 'serif' not found because none of the following families were found: Times New Roman
findfont: Generic family 'serif' not found because none of the following families were found: Times New Roman
findfont: Generic family 'serif' not found because none of the following families were found: Times New Roman
findfont: Generic family 'serif' not found because none of the following families were found: Times New Roman
findfont: Generic family 'serif' not found because none of the following families were found: Times New Roman
findfont: Generic family 'serif' not found because none of the following families were found: Times New Roman
findfont: Generic family 'serif' not found because none of the following families were found: Times New Roman
findfont: Generic family 'serif' not found because none of the following families were found: Times New Roman
findfont: Generic family 'serif' not found because none of the following families were found: Times New Roman
findfont: Generic family 'serif' not found because none of the following families were found: Times New Roman
findfont: Generic family 'serif' not found because none of the following families were found: Times New Roman
findfont: Generic family 'serif' not found because none of the following families were found: Times New Roman
findfont: Generic family 'serif' not found because none of the following families were found: Times New Roman
findfont: Generic family 'serif' not found because none of the following families were found: Times New Roman
findfont: Generic family 'serif' not found because none of the following families were found: Times New Roman
findfont: Generic family 'serif' not found because none of the following families were found: Times New Roman
findfont: Generic family 'serif' not found because none of the following families were found: Times New Roman
findfont: Generic family 'serif' not found because none of the following families were found: Times New Roman
findfont: Generic family 'serif' not found because none of the following families were found: Times New Roman
findfont: Generic family 'serif' not found because none of the following families were found: Times New Roman
findfont: Generic family 'serif' not found because none of the following families were found: Times New Roman
findfont: Generic family 'serif' not found because none of the following families were found: Times New Roman
findfont: Generic family 'serif' not found because none of the following families were found: Times New Roman
findfont: Generic family 'serif' not found because none of the following families were found: Times New Roman
findfont: Generic family 'serif' not found because none of the following families were found: Times New Roman
findfont: Generic family 'serif' not found because none of the following families were found: Times New Roman
findfont: Generic family 'serif' not found because none of the following families were found: Times New Roman
findfont: Generic family 'serif' not found because none of the following families were found: Times New Roman
findfont: Generic family 'serif' not found because none of the following families were found: Times New Roman
findfont: Generic family 'serif' not found because none of the following families were found: Times New Roman
findfont: Generic family 'serif' not found because none of the following families were found: Times New Roman
findfont: Generic family 'serif' not found because none of the following families were found: Times New Roman
findfont: Generic family 'serif' not found because none of the following families were found: Times New Roman
findfont: Generic family 'serif' not found because none of the following families were found: Times New Roman
findfont: Generic family 'serif' not found because none of the following families were found: Times New Roman
findfont: Generic family 'serif' not found because none of the following families were found: Times New Roman
findfont: Generic family 'serif' not found because none of the following families were found: Times New Roman
findfont: Generic family 'serif' not found because none of the following families were found: Times New Roman
findfont: Generic family 'serif' not found because none of the following families were found: Times New Roman
findfont: Generic family 'serif' not found because none of the following families were found: Times New Roman
findfont: Generic family 'serif' not found because none of the following families were found: Times New Roman
findfont: Generic family 'serif' not found because none of the following families were found: Times New Roman
findfont: Generic family 'serif' not found because none of the following families were found: Times New Roman
findfont: Generic family 'serif' not found because none of the following families were found: Times New Roman
findfont: Generic family 'serif' not found because none of the following families were found: Times New Roman
findfont: Generic family 'serif' not found because none of the following families were found: Times New Roman
findfont: Generic family 'serif' not found because none of the following families were found: Times New Roman
findfont: Generic family 'serif' not found because none of the following families were found: Times New Roman
findfont: Generic family 'serif' not found because none of the following families were found: Times New Roman
findfont: Generic family 'serif' not found because none of the following families were found: Times New Roman
findfont: Generic family 'serif' not found because none of the following families were found: Times New Roman
findfont: Generic family 'serif' not found because none of the following families were found: Times New Roman
findfont: Generic family 'serif' not found because none of the following families were found: Times New Roman
findfont: Generic family 'serif' not found because none of the following families were found: Times New Roman
findfont: Generic family 'serif' not found because none of the following families were found: Times New Roman
findfont: Generic family 'serif' not found because none of the following families were found: Times New Roman
findfont: Generic family 'serif' not found because none of the following families were found: Times New Roman
findfont: Generic family 'serif' not found because none of the following families were found: Times New Roman
findfont: Generic family 'serif' not found because none of the following families were found: Times New Roman
findfont: Generic family 'serif' not found because none of the following families were found: Times New Roman
findfont: Generic family 'serif' not found because none of the following families were found: Times New Roman
findfont: Generic family 'serif' not found because none of the following families were found: Times New Roman
findfont: Generic family 'serif' not found because none of the following families were found: Times New Roman
findfont: Generic family 'serif' not found because none of the following families were found: Times New Roman
findfont: Generic family 'serif' not found because none of the following families were found: Times New Roman
findfont: Generic family 'serif' not found because none of the following families were found: Times New Roman
findfont: Generic family 'serif' not found because none of the following families were found: Times New Roman
findfont: Generic family 'serif' not found because none of the following families were found: Times New Roman
findfont: Generic family 'serif' not found because none of the following families were found: Times New Roman
findfont: Generic family 'serif' not found because none of the following families were found: Times New Roman
findfont: Generic family 'serif' not found because none of the following families were found: Times New Roman
findfont: Generic family 'serif' not found because none of the following families were found: Times New Roman
findfont: Generic family 'serif' not found because none of the following families were found: Times New Roman
findfont: Generic family 'serif' not found because none of the following families were found: Times New Roman
findfont: Generic family 'serif' not found because none of the following families were found: Times New Roman
findfont: Generic family 'serif' not found because none of the following families were found: Times New Roman
findfont: Generic family 'serif' not found because none of the following families were found: Times New Roman
findfont: Generic family 'serif' not found because none of the following families were found: Times New Roman
findfont: Generic family 'serif' not found because none of the following families were found: Times New Roman
findfont: Generic family 'serif' not found because none of the following families were found: Times New Roman
findfont: Generic family 'serif' not found because none of the following families were found: Times New Roman
findfont: Generic family 'serif' not found because none of the following families were found: Times New Roman
findfont: Generic family 'serif' not found because none of the following families were found: Times New Roman
findfont: Generic family 'serif' not found because none of the following families were found: Times New Roman
findfont: Generic family 'serif' not found because none of the following families were found: Times New Roman
findfont: Generic family 'serif' not found because none of the following families were found: Times New Roman
findfont: Generic family 'serif' not found because none of the following families were found: Times New Roman
findfont: Generic family 'serif' not found because none of the following families were found: Times New Roman
findfont: Generic family 'serif' not found because none of the following families were found: Times New Roman
findfont: Generic family 'serif' not found because none of the following families were found: Times New Roman
findfont: Generic family 'serif' not found because none of the following families were found: Times New Roman
findfont: Generic family 'serif' not found because none of the following families were found: Times New Roman
findfont: Generic family 'serif' not found because none of the following families were found: Times New Roman
findfont: Generic family 'serif' not found because none of the following families were found: Times New Roman
findfont: Generic family 'serif' not found because none of the following families were found: Times New Roman
findfont: Generic family 'serif' not found because none of the following families were found: Times New Roman
findfont: Generic family 'serif' not found because none of the following families were found: Times New Roman
findfont: Generic family 'serif' not found because none of the following families were found: Times New Roman
findfont: Generic family 'serif' not found because none of the following families were found: Times New Roman
findfont: Generic family 'serif' not found because none of the following families were found: Times New Roman
findfont: Generic family 'serif' not found because none of the following families were found: Times New Roman
findfont: Generic family 'serif' not found because none of the following families were found: Times New Roman
findfont: Generic family 'serif' not found because none of the following families were found: Times New Roman
findfont: Generic family 'serif' not found because none of the following families were found: Times New Roman
findfont: Generic family 'serif' not found because none of the following families were found: Times New Roman
findfont: Generic family 'serif' not found because none of the following families were found: Times New Roman
findfont: Generic family 'serif' not found because none of the following families were found: Times New Roman
findfont: Generic family 'serif' not found because none of the following families were found: Times New Roman
findfont: Generic family 'serif' not found because none of the following families were found: Times New Roman
findfont: Generic family 'serif' not found because none of the following families were found: Times New Roman
findfont: Generic family 'serif' not found because none of the following families were found: Times New Roman
findfont: Generic family 'serif' not found because none of the following families were found: Times New Roman
findfont: Generic family 'serif' not found because none of the following families were found: Times New Roman
findfont: Generic family 'serif' not found because none of the following families were found: Times New Roman
findfont: Generic family 'serif' not found because none of the following families were found: Times New Roman
findfont: Generic family 'serif' not found because none of the following families were found: Times New Roman
findfont: Generic family 'serif' not found because none of the following families were found: Times New Roman
findfont: Generic family 'serif' not found because none of the following families were found: Times New Roman
findfont: Generic family 'serif' not found because none of the following families were found: Times New Roman
findfont: Generic family 'serif' not found because none of the following families were found: Times New Roman
findfont: Generic family 'serif' not found because none of the following families were found: Times New Roman
findfont: Generic family 'serif' not found because none of the following families were found: Times New Roman
findfont: Generic family 'serif' not found because none of the following families were found: Times New Roman
findfont: Generic family 'serif' not found because none of the following families were found: Times New Roman
findfont: Generic family 'serif' not found because none of the following families were found: Times New Roman
findfont: Generic family 'serif' not found because none of the following families were found: Times New Roman
findfont: Generic family 'serif' not found because none of the following families were found: Times New Roman
findfont: Generic family 'serif' not found because none of the following families were found: Times New Roman
findfont: Generic family 'serif' not found because none of the following families were found: Times New Roman
findfont: Generic family 'serif' not found because none of the following families were found: Times New Roman
findfont: Generic family 'serif' not found because none of the following families were found: Times New Roman
findfont: Generic family 'serif' not found because none of the following families were found: Times New Roman
findfont: Generic family 'serif' not found because none of the following families were found: Times New Roman
findfont: Generic family 'serif' not found because none of the following families were found: Times New Roman
findfont: Generic family 'serif' not found because none of the following families were found: Times New Roman
findfont: Generic family 'serif' not found because none of the following families were found: Times New Roman
findfont: Generic family 'serif' not found because none of the following families were found: Times New Roman
findfont: Generic family 'serif' not found because none of the following families were found: Times New Roman
findfont: Generic family 'serif' not found because none of the following families were found: Times New Roman
findfont: Generic family 'serif' not found because none of the following families were found: Times New Roman
findfont: Generic family 'serif' not found because none of the following families were found: Times New Roman
findfont: Generic family 'serif' not found because none of the following families were found: Times New Roman
findfont: Generic family 'serif' not found because none of the following families were found: Times New Roman
findfont: Generic family 'serif' not found because none of the following families were found: Times New Roman
findfont: Generic family 'serif' not found because none of the following families were found: Times New Roman
findfont: Generic family 'serif' not found because none of the following families were found: Times New Roman
findfont: Generic family 'serif' not found because none of the following families were found: Times New Roman
findfont: Generic family 'serif' not found because none of the following families were found: Times New Roman
findfont: Generic family 'serif' not found because none of the following families were found: Times New Roman
findfont: Generic family 'serif' not found because none of the following families were found: Times New Roman
findfont: Generic family 'serif' not found because none of the following families were found: Times New Roman
findfont: Generic family 'serif' not found because none of the following families were found: Times New Roman
findfont: Generic family 'serif' not found because none of the following families were found: Times New Roman
findfont: Generic family 'serif' not found because none of the following families were found: Times New Roman
findfont: Generic family 'serif' not found because none of the following families were found: Times New Roman
findfont: Generic family 'serif' not found because none of the following families were found: Times New Roman
findfont: Generic family 'serif' not found because none of the following families were found: Times New Roman
findfont: Generic family 'serif' not found because none of the following families were found: Times New Roman
findfont: Generic family 'serif' not found because none of the following families were found: Times New Roman
findfont: Generic family 'serif' not found because none of the following families were found: Times New Roman
findfont: Generic family 'serif' not found because none of the following families were found: Times New Roman
findfont: Generic family 'serif' not found because none of the following families were found: Times New Roman
findfont: Generic family 'serif' not found because none of the following families were found: Times New Roman
findfont: Generic family 'serif' not found because none of the following families were found: Times New Roman
findfont: Generic family 'serif' not found because none of the following families were found: Times New Roman
findfont: Generic family 'serif' not found because none of the following families were found: Times New Roman
findfont: Generic family 'serif' not found because none of the following families were found: Times New Roman
findfont: Generic family 'serif' not found because none of the following families were found: Times New Roman
findfont: Generic family 'serif' not found because none of the following families were found: Times New Roman
findfont: Generic family 'serif' not found because none of the following families were found: Times New Roman
findfont: Generic family 'serif' not found because none of the following families were found: Times New Roman
findfont: Generic family 'serif' not found because none of the following families were found: Times New Roman
findfont: Generic family 'serif' not found because none of the following families were found: Times New Roman
findfont: Generic family 'serif' not found because none of the following families were found: Times New Roman
findfont: Generic family 'serif' not found because none of the following families were found: Times New Roman
findfont: Generic family 'serif' not found because none of the following families were found: Times New Roman
findfont: Generic family 'serif' not found because none of the following families were found: Times New Roman
findfont: Generic family 'serif' not found because none of the following families were found: Times New Roman
findfont: Generic family 'serif' not found because none of the following families were found: Times New Roman
findfont: Generic family 'serif' not found because none of the following families were found: Times New Roman
findfont: Generic family 'serif' not found because none of the following families were found: Times New Roman
findfont: Generic family 'serif' not found because none of the following families were found: Times New Roman
findfont: Generic family 'serif' not found because none of the following families were found: Times New Roman
findfont: Generic family 'serif' not found because none of the following families were found: Times New Roman
findfont: Generic family 'serif' not found because none of the following families were found: Times New Roman
findfont: Generic family 'serif' not found because none of the following families were found: Times New Roman
findfont: Generic family 'serif' not found because none of the following families were found: Times New Roman
findfont: Generic family 'serif' not found because none of the following families were found: Times New Roman
findfont: Generic family 'serif' not found because none of the following families were found: Times New Roman
findfont: Generic family 'serif' not found because none of the following families were found: Times New Roman
findfont: Generic family 'serif' not found because none of the following families were found: Times New Roman
findfont: Generic family 'serif' not found because none of the following families were found: Times New Roman
findfont: Generic family 'serif' not found because none of the following families were found: Times New Roman
findfont: Generic family 'serif' not found because none of the following families were found: Times New Roman
findfont: Generic family 'serif' not found because none of the following families were found: Times New Roman
findfont: Generic family 'serif' not found because none of the following families were found: Times New Roman
findfont: Generic family 'serif' not found because none of the following families were found: Times New Roman
findfont: Generic family 'serif' not found because none of the following families were found: Times New Roman
findfont: Generic family 'serif' not found because none of the following families were found: Times New Roman
findfont: Generic family 'serif' not found because none of the following families were found: Times New Roman
findfont: Generic family 'serif' not found because none of the following families were found: Times New Roman
findfont: Generic family 'serif' not found because none of the following families were found: Times New Roman
findfont: Generic family 'serif' not found because none of the following families were found: Times New Roman
findfont: Generic family 'serif' not found because none of the following families were found: Times New Roman
findfont: Generic family 'serif' not found because none of the following families were found: Times New Roman
findfont: Generic family 'serif' not found because none of the following families were found: Times New Roman
findfont: Generic family 'serif' not found because none of the following families were found: Times New Roman
findfont: Generic family 'serif' not found because none of the following families were found: Times New Roman
findfont: Generic family 'serif' not found because none of the following families were found: Times New Roman
findfont: Generic family 'serif' not found because none of the following families were found: Times New Roman
findfont: Generic family 'serif' not found because none of the following families were found: Times New Roman
findfont: Generic family 'serif' not found because none of the following families were found: Times New Roman
findfont: Generic family 'serif' not found because none of the following families were found: Times New Roman
findfont: Generic family 'serif' not found because none of the following families were found: Times New Roman
findfont: Generic family 'serif' not found because none of the following families were found: Times New Roman
findfont: Generic family 'serif' not found because none of the following families were found: Times New Roman
findfont: Generic family 'serif' not found because none of the following families were found: Times New Roman
findfont: Generic family 'serif' not found because none of the following families were found: Times New Roman
findfont: Generic family 'serif' not found because none of the following families were found: Times New Roman
findfont: Generic family 'serif' not found because none of the following families were found: Times New Roman
findfont: Generic family 'serif' not found because none of the following families were found: Times New Roman
findfont: Generic family 'serif' not found because none of the following families were found: Times New Roman
findfont: Generic family 'serif' not found because none of the following families were found: Times New Roman
findfont: Generic family 'serif' not found because none of the following families were found: Times New Roman
findfont: Generic family 'serif' not found because none of the following families were found: Times New Roman
findfont: Generic family 'serif' not found because none of the following families were found: Times New Roman
findfont: Generic family 'serif' not found because none of the following families were found: Times New Roman
findfont: Generic family 'serif' not found because none of the following families were found: Times New Roman
findfont: Generic family 'serif' not found because none of the following families were found: Times New Roman
findfont: Generic family 'serif' not found because none of the following families were found: Times New Roman
findfont: Generic family 'serif' not found because none of the following families were found: Times New Roman
findfont: Generic family 'serif' not found because none of the following families were found: Times New Roman
findfont: Generic family 'serif' not found because none of the following families were found: Times New Roman
findfont: Generic family 'serif' not found because none of the following families were found: Times New Roman
findfont: Generic family 'serif' not found because none of the following families were found: Times New Roman
findfont: Generic family 'serif' not found because none of the following families were found: Times New Roman
findfont: Generic family 'serif' not found because none of the following families were found: Times New Roman
findfont: Generic family 'serif' not found because none of the following families were found: Times New Roman
findfont: Generic family 'serif' not found because none of the following families were found: Times New Roman
findfont: Generic family 'serif' not found because none of the following families were found: Times New Roman
findfont: Generic family 'serif' not found because none of the following families were found: Times New Roman
findfont: Generic family 'serif' not found because none of the following families were found: Times New Roman
findfont: Generic family 'serif' not found because none of the following families were found: Times New Roman
findfont: Generic family 'serif' not found because none of the following families were found: Times New Roman
findfont: Generic family 'serif' not found because none of the following families were found: Times New Roman
findfont: Generic family 'serif' not found because none of the following families were found: Times New Roman
findfont: Generic family 'serif' not found because none of the following families were found: Times New Roman
findfont: Generic family 'serif' not found because none of the following families were found: Times New Roman
findfont: Generic family 'serif' not found because none of the following families were found: Times New Roman
findfont: Generic family 'serif' not found because none of the following families were found: Times New Roman
findfont: Generic family 'serif' not found because none of the following families were found: Times New Roman
findfont: Generic family 'serif' not found because none of the following families were found: Times New Roman
findfont: Generic family 'serif' not found because none of the following families were found: Times New Roman
findfont: Generic family 'serif' not found because none of the following families were found: Times New Roman
findfont: Generic family 'serif' not found because none of the following families were found: Times New Roman
findfont: Generic family 'serif' not found because none of the following families were found: Times New Roman
findfont: Generic family 'serif' not found because none of the following families were found: Times New Roman
findfont: Generic family 'serif' not found because none of the following families were found: Times New Roman
findfont: Generic family 'serif' not found because none of the following families were found: Times New Roman
findfont: Generic family 'serif' not found because none of the following families were found: Times New Roman
findfont: Generic family 'serif' not found because none of the following families were found: Times New Roman
findfont: Generic family 'serif' not found because none of the following families were found: Times New Roman
findfont: Generic family 'serif' not found because none of the following families were found: Times New Roman
findfont: Generic family 'serif' not found because none of the following families were found: Times New Roman
findfont: Generic family 'serif' not found because none of the following families were found: Times New Roman
findfont: Generic family 'serif' not found because none of the following families were found: Times New Roman
findfont: Generic family 'serif' not found because none of the following families were found: Times New Roman
findfont: Generic family 'serif' not found because none of the following families were found: Times New Roman
findfont: Generic family 'serif' not found because none of the following families were found: Times New Roman
findfont: Generic family 'serif' not found because none of the following families were found: Times New Roman
findfont: Generic family 'serif' not found because none of the following families were found: Times New Roman
findfont: Generic family 'serif' not found because none of the following families were found: Times New Roman
findfont: Generic family 'serif' not found because none of the following families were found: Times New Roman
findfont: Generic family 'serif' not found because none of the following families were found: Times New Roman
findfont: Generic family 'serif' not found because none of the following families were found: Times New Roman
findfont: Generic family 'serif' not found because none of the following families were found: Times New Roman
findfont: Generic family 'serif' not found because none of the following families were found: Times New Roman
findfont: Generic family 'serif' not found because none of the following families were found: Times New Roman
findfont: Generic family 'serif' not found because none of the following families were found: Times New Roman
findfont: Generic family 'serif' not found because none of the following families were found: Times New Roman
findfont: Generic family 'serif' not found because none of the following families were found: Times New Roman
findfont: Generic family 'serif' not found because none of the following families were found: Times New Roman
findfont: Generic family 'serif' not found because none of the following families were found: Times New Roman
findfont: Generic family 'serif' not found because none of the following families were found: Times New Roman
findfont: Generic family 'serif' not found because none of the following families were found: Times New Roman
findfont: Generic family 'serif' not found because none of the following families were found: Times New Roman
findfont: Generic family 'serif' not found because none of the following families were found: Times New Roman
findfont: Generic family 'serif' not found because none of the following families were found: Times New Roman
findfont: Generic family 'serif' not found because none of the following families were found: Times New Roman
findfont: Generic family 'serif' not found because none of the following families were found: Times New Roman
findfont: Generic family 'serif' not found because none of the following families were found: Times New Roman
findfont: Generic family 'serif' not found because none of the following families were found: Times New Roman
findfont: Generic family 'serif' not found because none of the following families were found: Times New Roman
findfont: Generic family 'serif' not found because none of the following families were found: Times New Roman
findfont: Generic family 'serif' not found because none of the following families were found: Times New Roman
findfont: Generic family 'serif' not found because none of the following families were found: Times New Roman
findfont: Generic family 'serif' not found because none of the following families were found: Times New Roman
[37m[309154 ms][compare_rl_vs_baseline] - INFO : Saved attitude PNG to: /home/lwulo/workspaces/aerial_gym_ws/src/aerial_gym_simulator/aerial_gym/scripts/comparison_results/attitude_mean_abs_comparison_600dpi.png (compare_rl_vs_baseline_v2.py:918)[0m
findfont: Generic family 'serif' not found because none of the following families were found: Times New Roman
findfont: Generic family 'serif' not found because none of the following families were found: Times New Roman
findfont: Generic family 'serif' not found because none of the following families were found: Times New Roman
findfont: Generic family 'serif' not found because none of the following families were found: Times New Roman
findfont: Generic family 'serif' not found because none of the following families were found: Times New Roman
findfont: Generic family 'serif' not found because none of the following families were found: Times New Roman
findfont: Generic family 'serif' not found because none of the following families were found: Times New Roman
findfont: Generic family 'serif' not found because none of the following families were found: Times New Roman
findfont: Generic family 'serif' not found because none of the following families were found: Times New Roman
findfont: Generic family 'serif' not found because none of the following families were found: Times New Roman
findfont: Generic family 'serif' not found because none of the following families were found: Times New Roman
findfont: Generic family 'serif' not found because none of the following families were found: Times New Roman
findfont: Generic family 'serif' not found because none of the following families were found: Times New Roman
findfont: Generic family 'serif' not found because none of the following families were found: Times New Roman
findfont: Generic family 'serif' not found because none of the following families were found: Times New Roman
findfont: Generic family 'serif' not found because none of the following families were found: Times New Roman
findfont: Generic family 'serif' not found because none of the following families were found: Times New Roman
findfont: Generic family 'serif' not found because none of the following families were found: Times New Roman
findfont: Generic family 'serif' not found because none of the following families were found: Times New Roman
findfont: Generic family 'serif' not found because none of the following families were found: Times New Roman
findfont: Generic family 'serif' not found because none of the following families were found: Times New Roman
findfont: Generic family 'serif' not found because none of the following families were found: Times New Roman
findfont: Generic family 'serif' not found because none of the following families were found: Times New Roman
findfont: Generic family 'serif' not found because none of the following families were found: Times New Roman
findfont: Generic family 'serif' not found because none of the following families were found: Times New Roman
findfont: Generic family 'serif' not found because none of the following families were found: Times New Roman
findfont: Generic family 'serif' not found because none of the following families were found: Times New Roman
findfont: Generic family 'serif' not found because none of the following families were found: Times New Roman
findfont: Generic family 'serif' not found because none of the following families were found: Times New Roman
findfont: Generic family 'serif' not found because none of the following families were found: Times New Roman
findfont: Generic family 'serif' not found because none of the following families were found: Times New Roman
findfont: Generic family 'serif' not found because none of the following families were found: Times New Roman
findfont: Generic family 'serif' not found because none of the following families were found: Times New Roman
findfont: Generic family 'serif' not found because none of the following families were found: Times New Roman
findfont: Generic family 'serif' not found because none of the following families were found: Times New Roman
findfont: Generic family 'serif' not found because none of the following families were found: Times New Roman
findfont: Generic family 'serif' not found because none of the following families were found: Times New Roman
findfont: Generic family 'serif' not found because none of the following families were found: Times New Roman
findfont: Generic family 'serif' not found because none of the following families were found: Times New Roman
findfont: Generic family 'serif' not found because none of the following families were found: Times New Roman
findfont: Generic family 'serif' not found because none of the following families were found: Times New Roman
findfont: Generic family 'serif' not found because none of the following families were found: Times New Roman
findfont: Generic family 'serif' not found because none of the following families were found: Times New Roman
findfont: Generic family 'serif' not found because none of the following families were found: Times New Roman
findfont: Generic family 'serif' not found because none of the following families were found: Times New Roman
findfont: Generic family 'serif' not found because none of the following families were found: Times New Roman
findfont: Generic family 'serif' not found because none of the following families were found: Times New Roman
findfont: Generic family 'serif' not found because none of the following families were found: Times New Roman
findfont: Generic family 'serif' not found because none of the following families were found: Times New Roman
findfont: Generic family 'serif' not found because none of the following families were found: Times New Roman
findfont: Generic family 'serif' not found because none of the following families were found: Times New Roman
findfont: Generic family 'serif' not found because none of the following families were found: Times New Roman
findfont: Generic family 'serif' not found because none of the following families were found: Times New Roman
findfont: Generic family 'serif' not found because none of the following families were found: Times New Roman
findfont: Generic family 'serif' not found because none of the following families were found: Times New Roman
findfont: Generic family 'serif' not found because none of the following families were found: Times New Roman
findfont: Generic family 'serif' not found because none of the following families were found: Times New Roman
findfont: Generic family 'serif' not found because none of the following families were found: Times New Roman
findfont: Generic family 'serif' not found because none of the following families were found: Times New Roman
findfont: Generic family 'serif' not found because none of the following families were found: Times New Roman
findfont: Generic family 'serif' not found because none of the following families were found: Times New Roman
findfont: Generic family 'serif' not found because none of the following families were found: Times New Roman
findfont: Generic family 'serif' not found because none of the following families were found: Times New Roman
findfont: Generic family 'serif' not found because none of the following families were found: Times New Roman
findfont: Generic family 'serif' not found because none of the following families were found: Times New Roman
findfont: Generic family 'serif' not found because none of the following families were found: Times New Roman
findfont: Generic family 'serif' not found because none of the following families were found: Times New Roman
findfont: Generic family 'serif' not found because none of the following families were found: Times New Roman
findfont: Generic family 'serif' not found because none of the following families were found: Times New Roman
findfont: Generic family 'serif' not found because none of the following families were found: Times New Roman
findfont: Generic family 'serif' not found because none of the following families were found: Times New Roman
findfont: Generic family 'serif' not found because none of the following families were found: Times New Roman
findfont: Generic family 'serif' not found because none of the following families were found: Times New Roman
findfont: Generic family 'serif' not found because none of the following families were found: Times New Roman
findfont: Generic family 'serif' not found because none of the following families were found: Times New Roman
findfont: Generic family 'serif' not found because none of the following families were found: Times New Roman
findfont: Generic family 'serif' not found because none of the following families were found: Times New Roman
findfont: Generic family 'serif' not found because none of the following families were found: Times New Roman
findfont: Generic family 'serif' not found because none of the following families were found: Times New Roman
findfont: Generic family 'serif' not found because none of the following families were found: Times New Roman
findfont: Generic family 'serif' not found because none of the following families were found: Times New Roman
findfont: Generic family 'serif' not found because none of the following families were found: Times New Roman
findfont: Generic family 'serif' not found because none of the following families were found: Times New Roman
findfont: Generic family 'serif' not found because none of the following families were found: Times New Roman
findfont: Generic family 'serif' not found because none of the following families were found: Times New Roman
findfont: Generic family 'serif' not found because none of the following families were found: Times New Roman
findfont: Generic family 'serif' not found because none of the following families were found: Times New Roman
findfont: Generic family 'serif' not found because none of the following families were found: Times New Roman
findfont: Generic family 'serif' not found because none of the following families were found: Times New Roman
findfont: Generic family 'serif' not found because none of the following families were found: Times New Roman
findfont: Generic family 'serif' not found because none of the following families were found: Times New Roman
findfont: Generic family 'serif' not found because none of the following families were found: Times New Roman
findfont: Generic family 'serif' not found because none of the following families were found: Times New Roman
findfont: Generic family 'serif' not found because none of the following families were found: Times New Roman
findfont: Generic family 'serif' not found because none of the following families were found: Times New Roman
findfont: Generic family 'serif' not found because none of the following families were found: Times New Roman
findfont: Generic family 'serif' not found because none of the following families were found: Times New Roman
findfont: Generic family 'serif' not found because none of the following families were found: Times New Roman
findfont: Generic family 'serif' not found because none of the following families were found: Times New Roman
findfont: Generic family 'serif' not found because none of the following families were found: Times New Roman
findfont: Generic family 'serif' not found because none of the following families were found: Times New Roman
findfont: Generic family 'serif' not found because none of the following families were found: Times New Roman
findfont: Generic family 'serif' not found because none of the following families were found: Times New Roman
findfont: Generic family 'serif' not found because none of the following families were found: Times New Roman
findfont: Generic family 'serif' not found because none of the following families were found: Times New Roman
findfont: Generic family 'serif' not found because none of the following families were found: Times New Roman
findfont: Generic family 'serif' not found because none of the following families were found: Times New Roman
findfont: Generic family 'serif' not found because none of the following families were found: Times New Roman
findfont: Generic family 'serif' not found because none of the following families were found: Times New Roman
findfont: Generic family 'serif' not found because none of the following families were found: Times New Roman
findfont: Generic family 'serif' not found because none of the following families were found: Times New Roman
findfont: Generic family 'serif' not found because none of the following families were found: Times New Roman
findfont: Generic family 'serif' not found because none of the following families were found: Times New Roman
findfont: Generic family 'serif' not found because none of the following families were found: Times New Roman
findfont: Generic family 'serif' not found because none of the following families were found: Times New Roman
findfont: Generic family 'serif' not found because none of the following families were found: Times New Roman
findfont: Generic family 'serif' not found because none of the following families were found: Times New Roman
findfont: Generic family 'serif' not found because none of the following families were found: Times New Roman
findfont: Generic family 'serif' not found because none of the following families were found: Times New Roman
findfont: Generic family 'serif' not found because none of the following families were found: Times New Roman
findfont: Generic family 'serif' not found because none of the following families were found: Times New Roman
findfont: Generic family 'serif' not found because none of the following families were found: Times New Roman
findfont: Generic family 'serif' not found because none of the following families were found: Times New Roman
findfont: Generic family 'serif' not found because none of the following families were found: Times New Roman
findfont: Generic family 'serif' not found because none of the following families were found: Times New Roman
findfont: Generic family 'serif' not found because none of the following families were found: Times New Roman
findfont: Generic family 'serif' not found because none of the following families were found: Times New Roman
findfont: Generic family 'serif' not found because none of the following families were found: Times New Roman
findfont: Generic family 'serif' not found because none of the following families were found: Times New Roman
findfont: Generic family 'serif' not found because none of the following families were found: Times New Roman
findfont: Generic family 'serif' not found because none of the following families were found: Times New Roman
findfont: Generic family 'serif' not found because none of the following families were found: Times New Roman
findfont: Generic family 'serif' not found because none of the following families were found: Times New Roman
findfont: Generic family 'serif' not found because none of the following families were found: Times New Roman
findfont: Generic family 'serif' not found because none of the following families were found: Times New Roman
findfont: Generic family 'serif' not found because none of the following families were found: Times New Roman
findfont: Generic family 'serif' not found because none of the following families were found: Times New Roman
findfont: Generic family 'serif' not found because none of the following families were found: Times New Roman
findfont: Generic family 'serif' not found because none of the following families were found: Times New Roman
findfont: Generic family 'serif' not found because none of the following families were found: Times New Roman
findfont: Generic family 'serif' not found because none of the following families were found: Times New Roman
findfont: Generic family 'serif' not found because none of the following families were found: Times New Roman
findfont: Generic family 'serif' not found because none of the following families were found: Times New Roman
findfont: Generic family 'serif' not found because none of the following families were found: Times New Roman
findfont: Generic family 'serif' not found because none of the following families were found: Times New Roman
findfont: Generic family 'serif' not found because none of the following families were found: Times New Roman
findfont: Generic family 'serif' not found because none of the following families were found: Times New Roman
findfont: Generic family 'serif' not found because none of the following families were found: Times New Roman
findfont: Generic family 'serif' not found because none of the following families were found: Times New Roman
findfont: Generic family 'serif' not found because none of the following families were found: Times New Roman
findfont: Generic family 'serif' not found because none of the following families were found: Times New Roman
findfont: Generic family 'serif' not found because none of the following families were found: Times New Roman
findfont: Generic family 'serif' not found because none of the following families were found: Times New Roman
findfont: Generic family 'serif' not found because none of the following families were found: Times New Roman
findfont: Generic family 'serif' not found because none of the following families were found: Times New Roman
findfont: Generic family 'serif' not found because none of the following families were found: Times New Roman
findfont: Generic family 'serif' not found because none of the following families were found: Times New Roman
findfont: Generic family 'serif' not found because none of the following families were found: Times New Roman
findfont: Generic family 'serif' not found because none of the following families were found: Times New Roman
findfont: Generic family 'serif' not found because none of the following families were found: Times New Roman
findfont: Generic family 'serif' not found because none of the following families were found: Times New Roman
findfont: Generic family 'serif' not found because none of the following families were found: Times New Roman
findfont: Generic family 'serif' not found because none of the following families were found: Times New Roman
findfont: Generic family 'serif' not found because none of the following families were found: Times New Roman
findfont: Generic family 'serif' not found because none of the following families were found: Times New Roman
findfont: Generic family 'serif' not found because none of the following families were found: Times New Roman
findfont: Generic family 'serif' not found because none of the following families were found: Times New Roman
findfont: Generic family 'serif' not found because none of the following families were found: Times New Roman
findfont: Generic family 'serif' not found because none of the following families were found: Times New Roman
findfont: Generic family 'serif' not found because none of the following families were found: Times New Roman
findfont: Generic family 'serif' not found because none of the following families were found: Times New Roman
findfont: Generic family 'serif' not found because none of the following families were found: Times New Roman
findfont: Generic family 'serif' not found because none of the following families were found: Times New Roman
findfont: Generic family 'serif' not found because none of the following families were found: Times New Roman
findfont: Generic family 'serif' not found because none of the following families were found: Times New Roman
findfont: Generic family 'serif' not found because none of the following families were found: Times New Roman
findfont: Generic family 'serif' not found because none of the following families were found: Times New Roman
findfont: Generic family 'serif' not found because none of the following families were found: Times New Roman
findfont: Generic family 'serif' not found because none of the following families were found: Times New Roman
findfont: Generic family 'serif' not found because none of the following families were found: Times New Roman
findfont: Generic family 'serif' not found because none of the following families were found: Times New Roman
findfont: Generic family 'serif' not found because none of the following families were found: Times New Roman
findfont: Generic family 'serif' not found because none of the following families were found: Times New Roman
findfont: Generic family 'serif' not found because none of the following families were found: Times New Roman
findfont: Generic family 'serif' not found because none of the following families were found: Times New Roman
findfont: Generic family 'serif' not found because none of the following families were found: Times New Roman
findfont: Generic family 'serif' not found because none of the following families were found: Times New Roman
findfont: Generic family 'serif' not found because none of the following families were found: Times New Roman
findfont: Generic family 'serif' not found because none of the following families were found: Times New Roman
findfont: Generic family 'serif' not found because none of the following families were found: Times New Roman
findfont: Generic family 'serif' not found because none of the following families were found: Times New Roman
findfont: Generic family 'serif' not found because none of the following families were found: Times New Roman
findfont: Generic family 'serif' not found because none of the following families were found: Times New Roman
findfont: Generic family 'serif' not found because none of the following families were found: Times New Roman
findfont: Generic family 'serif' not found because none of the following families were found: Times New Roman
findfont: Generic family 'serif' not found because none of the following families were found: Times New Roman
findfont: Generic family 'serif' not found because none of the following families were found: Times New Roman
findfont: Generic family 'serif' not found because none of the following families were found: Times New Roman
findfont: Generic family 'serif' not found because none of the following families were found: Times New Roman
findfont: Generic family 'serif' not found because none of the following families were found: Times New Roman
findfont: Generic family 'serif' not found because none of the following families were found: Times New Roman
findfont: Generic family 'serif' not found because none of the following families were found: Times New Roman
findfont: Generic family 'serif' not found because none of the following families were found: Times New Roman
findfont: Generic family 'serif' not found because none of the following families were found: Times New Roman
findfont: Generic family 'serif' not found because none of the following families were found: Times New Roman
findfont: Generic family 'serif' not found because none of the following families were found: Times New Roman
findfont: Generic family 'serif' not found because none of the following families were found: Times New Roman
findfont: Generic family 'serif' not found because none of the following families were found: Times New Roman
findfont: Generic family 'serif' not found because none of the following families were found: Times New Roman
findfont: Generic family 'serif' not found because none of the following families were found: Times New Roman
findfont: Generic family 'serif' not found because none of the following families were found: Times New Roman
findfont: Generic family 'serif' not found because none of the following families were found: Times New Roman
findfont: Generic family 'serif' not found because none of the following families were found: Times New Roman
findfont: Generic family 'serif' not found because none of the following families were found: Times New Roman
findfont: Generic family 'serif' not found because none of the following families were found: Times New Roman
findfont: Generic family 'serif' not found because none of the following families were found: Times New Roman
findfont: Generic family 'serif' not found because none of the following families were found: Times New Roman
findfont: Generic family 'serif' not found because none of the following families were found: Times New Roman
findfont: Generic family 'serif' not found because none of the following families were found: Times New Roman
findfont: Generic family 'serif' not found because none of the following families were found: Times New Roman
findfont: Generic family 'serif' not found because none of the following families were found: Times New Roman
findfont: Generic family 'serif' not found because none of the following families were found: Times New Roman
findfont: Generic family 'serif' not found because none of the following families were found: Times New Roman
findfont: Generic family 'serif' not found because none of the following families were found: Times New Roman
findfont: Generic family 'serif' not found because none of the following families were found: Times New Roman
findfont: Generic family 'serif' not found because none of the following families were found: Times New Roman
findfont: Generic family 'serif' not found because none of the following families were found: Times New Roman
findfont: Generic family 'serif' not found because none of the following families were found: Times New Roman
findfont: Generic family 'serif' not found because none of the following families were found: Times New Roman
findfont: Generic family 'serif' not found because none of the following families were found: Times New Roman
findfont: Generic family 'serif' not found because none of the following families were found: Times New Roman
findfont: Generic family 'serif' not found because none of the following families were found: Times New Roman
findfont: Generic family 'serif' not found because none of the following families were found: Times New Roman
findfont: Generic family 'serif' not found because none of the following families were found: Times New Roman
findfont: Generic family 'serif' not found because none of the following families were found: Times New Roman
findfont: Generic family 'serif' not found because none of the following families were found: Times New Roman
findfont: Generic family 'serif' not found because none of the following families were found: Times New Roman
findfont: Generic family 'serif' not found because none of the following families were found: Times New Roman
findfont: Generic family 'serif' not found because none of the following families were found: Times New Roman
findfont: Generic family 'serif' not found because none of the following families were found: Times New Roman
findfont: Generic family 'serif' not found because none of the following families were found: Times New Roman
findfont: Generic family 'serif' not found because none of the following families were found: Times New Roman
findfont: Generic family 'serif' not found because none of the following families were found: Times New Roman
findfont: Generic family 'serif' not found because none of the following families were found: Times New Roman
findfont: Generic family 'serif' not found because none of the following families were found: Times New Roman
findfont: Generic family 'serif' not found because none of the following families were found: Times New Roman
findfont: Generic family 'serif' not found because none of the following families were found: Times New Roman
findfont: Generic family 'serif' not found because none of the following families were found: Times New Roman
findfont: Generic family 'serif' not found because none of the following families were found: Times New Roman
findfont: Generic family 'serif' not found because none of the following families were found: Times New Roman
findfont: Generic family 'serif' not found because none of the following families were found: Times New Roman
findfont: Generic family 'serif' not found because none of the following families were found: Times New Roman
findfont: Generic family 'serif' not found because none of the following families were found: Times New Roman
findfont: Generic family 'serif' not found because none of the following families were found: Times New Roman
findfont: Generic family 'serif' not found because none of the following families were found: Times New Roman
findfont: Generic family 'serif' not found because none of the following families were found: Times New Roman
findfont: Generic family 'serif' not found because none of the following families were found: Times New Roman
findfont: Generic family 'serif' not found because none of the following families were found: Times New Roman
findfont: Generic family 'serif' not found because none of the following families were found: Times New Roman
findfont: Generic family 'serif' not found because none of the following families were found: Times New Roman
findfont: Generic family 'serif' not found because none of the following families were found: Times New Roman
findfont: Generic family 'serif' not found because none of the following families were found: Times New Roman
findfont: Generic family 'serif' not found because none of the following families were found: Times New Roman
findfont: Generic family 'serif' not found because none of the following families were found: Times New Roman
findfont: Generic family 'serif' not found because none of the following families were found: Times New Roman
findfont: Generic family 'serif' not found because none of the following families were found: Times New Roman
findfont: Generic family 'serif' not found because none of the following families were found: Times New Roman
findfont: Generic family 'serif' not found because none of the following families were found: Times New Roman
findfont: Generic family 'serif' not found because none of the following families were found: Times New Roman
findfont: Generic family 'serif' not found because none of the following families were found: Times New Roman
findfont: Generic family 'serif' not found because none of the following families were found: Times New Roman
findfont: Generic family 'serif' not found because none of the following families were found: Times New Roman
[37m[309377 ms][compare_rl_vs_baseline] - INFO : Saved attitude PDF to: /home/lwulo/workspaces/aerial_gym_ws/src/aerial_gym_simulator/aerial_gym/scripts/comparison_results/attitude_mean_abs_comparison.pdf (compare_rl_vs_baseline_v2.py:922)[0m
[37m[309381 ms][compare_rl_vs_baseline] - INFO : Saved attitude stats to: /home/lwulo/workspaces/aerial_gym_ws/src/aerial_gym_simulator/aerial_gym/scripts/comparison_results/attitude_mean_abs_comparison.csv (compare_rl_vs_baseline_v2.py:948)[0m
[37m[309381 ms][compare_rl_vs_baseline] - INFO : Generating attitude std comparison plot... (compare_rl_vs_baseline_v2.py:818)[0m
findfont: Generic family 'serif' not found because none of the following families were found: Times New Roman
findfont: Generic family 'serif' not found because none of the following families were found: Times New Roman
findfont: Generic family 'serif' not found because none of the following families were found: Times New Roman
findfont: Generic family 'serif' not found because none of the following families were found: Times New Roman
findfont: Generic family 'serif' not found because none of the following families were found: Times New Roman
findfont: Generic family 'serif' not found because none of the following families were found: Times New Roman
findfont: Generic family 'serif' not found because none of the following families were found: Times New Roman
findfont: Generic family 'serif' not found because none of the following families were found: Times New Roman
findfont: Generic family 'serif' not found because none of the following families were found: Times New Roman
findfont: Generic family 'serif' not found because none of the following families were found: Times New Roman
findfont: Generic family 'serif' not found because none of the following families were found: Times New Roman
findfont: Generic family 'serif' not found because none of the following families were found: Times New Roman
findfont: Generic family 'serif' not found because none of the following families were found: Times New Roman
findfont: Generic family 'serif' not found because none of the following families were found: Times New Roman
findfont: Generic family 'serif' not found because none of the following families were found: Times New Roman
findfont: Generic family 'serif' not found because none of the following families were found: Times New Roman
findfont: Generic family 'serif' not found because none of the following families were found: Times New Roman
findfont: Generic family 'serif' not found because none of the following families were found: Times New Roman
findfont: Generic family 'serif' not found because none of the following families were found: Times New Roman
findfont: Generic family 'serif' not found because none of the following families were found: Times New Roman
findfont: Generic family 'serif' not found because none of the following families were found: Times New Roman
findfont: Generic family 'serif' not found because none of the following families were found: Times New Roman
findfont: Generic family 'serif' not found because none of the following families were found: Times New Roman
findfont: Generic family 'serif' not found because none of the following families were found: Times New Roman
findfont: Generic family 'serif' not found because none of the following families were found: Times New Roman
findfont: Generic family 'serif' not found because none of the following families were found: Times New Roman
findfont: Generic family 'serif' not found because none of the following families were found: Times New Roman
findfont: Generic family 'serif' not found because none of the following families were found: Times New Roman
findfont: Generic family 'serif' not found because none of the following families were found: Times New Roman
findfont: Generic family 'serif' not found because none of the following families were found: Times New Roman
findfont: Generic family 'serif' not found because none of the following families were found: Times New Roman
findfont: Generic family 'serif' not found because none of the following families were found: Times New Roman
findfont: Generic family 'serif' not found because none of the following families were found: Times New Roman
findfont: Generic family 'serif' not found because none of the following families were found: Times New Roman
findfont: Generic family 'serif' not found because none of the following families were found: Times New Roman
findfont: Generic family 'serif' not found because none of the following families were found: Times New Roman
findfont: Generic family 'serif' not found because none of the following families were found: Times New Roman
findfont: Generic family 'serif' not found because none of the following families were found: Times New Roman
findfont: Generic family 'serif' not found because none of the following families were found: Times New Roman
findfont: Generic family 'serif' not found because none of the following families were found: Times New Roman
findfont: Generic family 'serif' not found because none of the following families were found: Times New Roman
findfont: Generic family 'serif' not found because none of the following families were found: Times New Roman
findfont: Generic family 'serif' not found because none of the following families were found: Times New Roman
findfont: Generic family 'serif' not found because none of the following families were found: Times New Roman
findfont: Generic family 'serif' not found because none of the following families were found: Times New Roman
findfont: Generic family 'serif' not found because none of the following families were found: Times New Roman
findfont: Generic family 'serif' not found because none of the following families were found: Times New Roman
findfont: Generic family 'serif' not found because none of the following families were found: Times New Roman
findfont: Generic family 'serif' not found because none of the following families were found: Times New Roman
findfont: Generic family 'serif' not found because none of the following families were found: Times New Roman
findfont: Generic family 'serif' not found because none of the following families were found: Times New Roman
findfont: Generic family 'serif' not found because none of the following families were found: Times New Roman
findfont: Generic family 'serif' not found because none of the following families were found: Times New Roman
findfont: Generic family 'serif' not found because none of the following families were found: Times New Roman
findfont: Generic family 'serif' not found because none of the following families were found: Times New Roman
findfont: Generic family 'serif' not found because none of the following families were found: Times New Roman
findfont: Generic family 'serif' not found because none of the following families were found: Times New Roman
findfont: Generic family 'serif' not found because none of the following families were found: Times New Roman
findfont: Generic family 'serif' not found because none of the following families were found: Times New Roman
findfont: Generic family 'serif' not found because none of the following families were found: Times New Roman
findfont: Generic family 'serif' not found because none of the following families were found: Times New Roman
findfont: Generic family 'serif' not found because none of the following families were found: Times New Roman
findfont: Generic family 'serif' not found because none of the following families were found: Times New Roman
findfont: Generic family 'serif' not found because none of the following families were found: Times New Roman
findfont: Generic family 'serif' not found because none of the following families were found: Times New Roman
findfont: Generic family 'serif' not found because none of the following families were found: Times New Roman
findfont: Generic family 'serif' not found because none of the following families were found: Times New Roman
findfont: Generic family 'serif' not found because none of the following families were found: Times New Roman
findfont: Generic family 'serif' not found because none of the following families were found: Times New Roman
findfont: Generic family 'serif' not found because none of the following families were found: Times New Roman
findfont: Generic family 'serif' not found because none of the following families were found: Times New Roman
findfont: Generic family 'serif' not found because none of the following families were found: Times New Roman
findfont: Generic family 'serif' not found because none of the following families were found: Times New Roman
findfont: Generic family 'serif' not found because none of the following families were found: Times New Roman
findfont: Generic family 'serif' not found because none of the following families were found: Times New Roman
findfont: Generic family 'serif' not found because none of the following families were found: Times New Roman
findfont: Generic family 'serif' not found because none of the following families were found: Times New Roman
findfont: Generic family 'serif' not found because none of the following families were found: Times New Roman
findfont: Generic family 'serif' not found because none of the following families were found: Times New Roman
findfont: Generic family 'serif' not found because none of the following families were found: Times New Roman
findfont: Generic family 'serif' not found because none of the following families were found: Times New Roman
findfont: Generic family 'serif' not found because none of the following families were found: Times New Roman
findfont: Generic family 'serif' not found because none of the following families were found: Times New Roman
findfont: Generic family 'serif' not found because none of the following families were found: Times New Roman
findfont: Generic family 'serif' not found because none of the following families were found: Times New Roman
findfont: Generic family 'serif' not found because none of the following families were found: Times New Roman
findfont: Generic family 'serif' not found because none of the following families were found: Times New Roman
findfont: Generic family 'serif' not found because none of the following families were found: Times New Roman
findfont: Generic family 'serif' not found because none of the following families were found: Times New Roman
findfont: Generic family 'serif' not found because none of the following families were found: Times New Roman
findfont: Generic family 'serif' not found because none of the following families were found: Times New Roman
findfont: Generic family 'serif' not found because none of the following families were found: Times New Roman
findfont: Generic family 'serif' not found because none of the following families were found: Times New Roman
findfont: Generic family 'serif' not found because none of the following families were found: Times New Roman
findfont: Generic family 'serif' not found because none of the following families were found: Times New Roman
findfont: Generic family 'serif' not found because none of the following families were found: Times New Roman
findfont: Generic family 'serif' not found because none of the following families were found: Times New Roman
findfont: Generic family 'serif' not found because none of the following families were found: Times New Roman
findfont: Generic family 'serif' not found because none of the following families were found: Times New Roman
findfont: Generic family 'serif' not found because none of the following families were found: Times New Roman
findfont: Generic family 'serif' not found because none of the following families were found: Times New Roman
findfont: Generic family 'serif' not found because none of the following families were found: Times New Roman
findfont: Generic family 'serif' not found because none of the following families were found: Times New Roman
findfont: Generic family 'serif' not found because none of the following families were found: Times New Roman
findfont: Generic family 'serif' not found because none of the following families were found: Times New Roman
findfont: Generic family 'serif' not found because none of the following families were found: Times New Roman
findfont: Generic family 'serif' not found because none of the following families were found: Times New Roman
findfont: Generic family 'serif' not found because none of the following families were found: Times New Roman
findfont: Generic family 'serif' not found because none of the following families were found: Times New Roman
findfont: Generic family 'serif' not found because none of the following families were found: Times New Roman
findfont: Generic family 'serif' not found because none of the following families were found: Times New Roman
findfont: Generic family 'serif' not found because none of the following families were found: Times New Roman
findfont: Generic family 'serif' not found because none of the following families were found: Times New Roman
findfont: Generic family 'serif' not found because none of the following families were found: Times New Roman
findfont: Generic family 'serif' not found because none of the following families were found: Times New Roman
findfont: Generic family 'serif' not found because none of the following families were found: Times New Roman
findfont: Generic family 'serif' not found because none of the following families were found: Times New Roman
findfont: Generic family 'serif' not found because none of the following families were found: Times New Roman
findfont: Generic family 'serif' not found because none of the following families were found: Times New Roman
findfont: Generic family 'serif' not found because none of the following families were found: Times New Roman
findfont: Generic family 'serif' not found because none of the following families were found: Times New Roman
findfont: Generic family 'serif' not found because none of the following families were found: Times New Roman
findfont: Generic family 'serif' not found because none of the following families were found: Times New Roman
findfont: Generic family 'serif' not found because none of the following families were found: Times New Roman
findfont: Generic family 'serif' not found because none of the following families were found: Times New Roman
findfont: Generic family 'serif' not found because none of the following families were found: Times New Roman
findfont: Generic family 'serif' not found because none of the following families were found: Times New Roman
findfont: Generic family 'serif' not found because none of the following families were found: Times New Roman
findfont: Generic family 'serif' not found because none of the following families were found: Times New Roman
findfont: Generic family 'serif' not found because none of the following families were found: Times New Roman
findfont: Generic family 'serif' not found because none of the following families were found: Times New Roman
findfont: Generic family 'serif' not found because none of the following families were found: Times New Roman
findfont: Generic family 'serif' not found because none of the following families were found: Times New Roman
findfont: Generic family 'serif' not found because none of the following families were found: Times New Roman
findfont: Generic family 'serif' not found because none of the following families were found: Times New Roman
findfont: Generic family 'serif' not found because none of the following families were found: Times New Roman
findfont: Generic family 'serif' not found because none of the following families were found: Times New Roman
findfont: Generic family 'serif' not found because none of the following families were found: Times New Roman
findfont: Generic family 'serif' not found because none of the following families were found: Times New Roman
findfont: Generic family 'serif' not found because none of the following families were found: Times New Roman
findfont: Generic family 'serif' not found because none of the following families were found: Times New Roman
findfont: Generic family 'serif' not found because none of the following families were found: Times New Roman
findfont: Generic family 'serif' not found because none of the following families were found: Times New Roman
findfont: Generic family 'serif' not found because none of the following families were found: Times New Roman
findfont: Generic family 'serif' not found because none of the following families were found: Times New Roman
findfont: Generic family 'serif' not found because none of the following families were found: Times New Roman
findfont: Generic family 'serif' not found because none of the following families were found: Times New Roman
findfont: Generic family 'serif' not found because none of the following families were found: Times New Roman
findfont: Generic family 'serif' not found because none of the following families were found: Times New Roman
findfont: Generic family 'serif' not found because none of the following families were found: Times New Roman
findfont: Generic family 'serif' not found because none of the following families were found: Times New Roman
findfont: Generic family 'serif' not found because none of the following families were found: Times New Roman
findfont: Generic family 'serif' not found because none of the following families were found: Times New Roman
findfont: Generic family 'serif' not found because none of the following families were found: Times New Roman
findfont: Generic family 'serif' not found because none of the following families were found: Times New Roman
findfont: Generic family 'serif' not found because none of the following families were found: Times New Roman
findfont: Generic family 'serif' not found because none of the following families were found: Times New Roman
findfont: Generic family 'serif' not found because none of the following families were found: Times New Roman
findfont: Generic family 'serif' not found because none of the following families were found: Times New Roman
findfont: Generic family 'serif' not found because none of the following families were found: Times New Roman
findfont: Generic family 'serif' not found because none of the following families were found: Times New Roman
findfont: Generic family 'serif' not found because none of the following families were found: Times New Roman
findfont: Generic family 'serif' not found because none of the following families were found: Times New Roman
findfont: Generic family 'serif' not found because none of the following families were found: Times New Roman
findfont: Generic family 'serif' not found because none of the following families were found: Times New Roman
findfont: Generic family 'serif' not found because none of the following families were found: Times New Roman
findfont: Generic family 'serif' not found because none of the following families were found: Times New Roman
findfont: Generic family 'serif' not found because none of the following families were found: Times New Roman
findfont: Generic family 'serif' not found because none of the following families were found: Times New Roman
findfont: Generic family 'serif' not found because none of the following families were found: Times New Roman
findfont: Generic family 'serif' not found because none of the following families were found: Times New Roman
findfont: Generic family 'serif' not found because none of the following families were found: Times New Roman
findfont: Generic family 'serif' not found because none of the following families were found: Times New Roman
findfont: Generic family 'serif' not found because none of the following families were found: Times New Roman
findfont: Generic family 'serif' not found because none of the following families were found: Times New Roman
findfont: Generic family 'serif' not found because none of the following families were found: Times New Roman
findfont: Generic family 'serif' not found because none of the following families were found: Times New Roman
findfont: Generic family 'serif' not found because none of the following families were found: Times New Roman
findfont: Generic family 'serif' not found because none of the following families were found: Times New Roman
findfont: Generic family 'serif' not found because none of the following families were found: Times New Roman
findfont: Generic family 'serif' not found because none of the following families were found: Times New Roman
findfont: Generic family 'serif' not found because none of the following families were found: Times New Roman
findfont: Generic family 'serif' not found because none of the following families were found: Times New Roman
findfont: Generic family 'serif' not found because none of the following families were found: Times New Roman
findfont: Generic family 'serif' not found because none of the following families were found: Times New Roman
findfont: Generic family 'serif' not found because none of the following families were found: Times New Roman
findfont: Generic family 'serif' not found because none of the following families were found: Times New Roman
findfont: Generic family 'serif' not found because none of the following families were found: Times New Roman
findfont: Generic family 'serif' not found because none of the following families were found: Times New Roman
findfont: Generic family 'serif' not found because none of the following families were found: Times New Roman
findfont: Generic family 'serif' not found because none of the following families were found: Times New Roman
findfont: Generic family 'serif' not found because none of the following families were found: Times New Roman
findfont: Generic family 'serif' not found because none of the following families were found: Times New Roman
findfont: Generic family 'serif' not found because none of the following families were found: Times New Roman
findfont: Generic family 'serif' not found because none of the following families were found: Times New Roman
findfont: Generic family 'serif' not found because none of the following families were found: Times New Roman
findfont: Generic family 'serif' not found because none of the following families were found: Times New Roman
findfont: Generic family 'serif' not found because none of the following families were found: Times New Roman
findfont: Generic family 'serif' not found because none of the following families were found: Times New Roman
findfont: Generic family 'serif' not found because none of the following families were found: Times New Roman
findfont: Generic family 'serif' not found because none of the following families were found: Times New Roman
findfont: Generic family 'serif' not found because none of the following families were found: Times New Roman
findfont: Generic family 'serif' not found because none of the following families were found: Times New Roman
findfont: Generic family 'serif' not found because none of the following families were found: Times New Roman
findfont: Generic family 'serif' not found because none of the following families were found: Times New Roman
findfont: Generic family 'serif' not found because none of the following families were found: Times New Roman
findfont: Generic family 'serif' not found because none of the following families were found: Times New Roman
findfont: Generic family 'serif' not found because none of the following families were found: Times New Roman
findfont: Generic family 'serif' not found because none of the following families were found: Times New Roman
findfont: Generic family 'serif' not found because none of the following families were found: Times New Roman
findfont: Generic family 'serif' not found because none of the following families were found: Times New Roman
findfont: Generic family 'serif' not found because none of the following families were found: Times New Roman
findfont: Generic family 'serif' not found because none of the following families were found: Times New Roman
findfont: Generic family 'serif' not found because none of the following families were found: Times New Roman
findfont: Generic family 'serif' not found because none of the following families were found: Times New Roman
findfont: Generic family 'serif' not found because none of the following families were found: Times New Roman
findfont: Generic family 'serif' not found because none of the following families were found: Times New Roman
findfont: Generic family 'serif' not found because none of the following families were found: Times New Roman
findfont: Generic family 'serif' not found because none of the following families were found: Times New Roman
findfont: Generic family 'serif' not found because none of the following families were found: Times New Roman
findfont: Generic family 'serif' not found because none of the following families were found: Times New Roman
findfont: Generic family 'serif' not found because none of the following families were found: Times New Roman
findfont: Generic family 'serif' not found because none of the following families were found: Times New Roman
findfont: Generic family 'serif' not found because none of the following families were found: Times New Roman
findfont: Generic family 'serif' not found because none of the following families were found: Times New Roman
findfont: Generic family 'serif' not found because none of the following families were found: Times New Roman
findfont: Generic family 'serif' not found because none of the following families were found: Times New Roman
findfont: Generic family 'serif' not found because none of the following families were found: Times New Roman
findfont: Generic family 'serif' not found because none of the following families were found: Times New Roman
findfont: Generic family 'serif' not found because none of the following families were found: Times New Roman
findfont: Generic family 'serif' not found because none of the following families were found: Times New Roman
findfont: Generic family 'serif' not found because none of the following families were found: Times New Roman
findfont: Generic family 'serif' not found because none of the following families were found: Times New Roman
findfont: Generic family 'serif' not found because none of the following families were found: Times New Roman
findfont: Generic family 'serif' not found because none of the following families were found: Times New Roman
findfont: Generic family 'serif' not found because none of the following families were found: Times New Roman
findfont: Generic family 'serif' not found because none of the following families were found: Times New Roman
findfont: Generic family 'serif' not found because none of the following families were found: Times New Roman
findfont: Generic family 'serif' not found because none of the following families were found: Times New Roman
findfont: Generic family 'serif' not found because none of the following families were found: Times New Roman
findfont: Generic family 'serif' not found because none of the following families were found: Times New Roman
findfont: Generic family 'serif' not found because none of the following families were found: Times New Roman
findfont: Generic family 'serif' not found because none of the following families were found: Times New Roman
findfont: Generic family 'serif' not found because none of the following families were found: Times New Roman
findfont: Generic family 'serif' not found because none of the following families were found: Times New Roman
findfont: Generic family 'serif' not found because none of the following families were found: Times New Roman
findfont: Generic family 'serif' not found because none of the following families were found: Times New Roman
findfont: Generic family 'serif' not found because none of the following families were found: Times New Roman
findfont: Generic family 'serif' not found because none of the following families were found: Times New Roman
findfont: Generic family 'serif' not found because none of the following families were found: Times New Roman
findfont: Generic family 'serif' not found because none of the following families were found: Times New Roman
findfont: Generic family 'serif' not found because none of the following families were found: Times New Roman
findfont: Generic family 'serif' not found because none of the following families were found: Times New Roman
findfont: Generic family 'serif' not found because none of the following families were found: Times New Roman
findfont: Generic family 'serif' not found because none of the following families were found: Times New Roman
findfont: Generic family 'serif' not found because none of the following families were found: Times New Roman
findfont: Generic family 'serif' not found because none of the following families were found: Times New Roman
findfont: Generic family 'serif' not found because none of the following families were found: Times New Roman
findfont: Generic family 'serif' not found because none of the following families were found: Times New Roman
findfont: Generic family 'serif' not found because none of the following families were found: Times New Roman
findfont: Generic family 'serif' not found because none of the following families were found: Times New Roman
findfont: Generic family 'serif' not found because none of the following families were found: Times New Roman
findfont: Generic family 'serif' not found because none of the following families were found: Times New Roman
findfont: Generic family 'serif' not found because none of the following families were found: Times New Roman
findfont: Generic family 'serif' not found because none of the following families were found: Times New Roman
findfont: Generic family 'serif' not found because none of the following families were found: Times New Roman
findfont: Generic family 'serif' not found because none of the following families were found: Times New Roman
findfont: Generic family 'serif' not found because none of the following families were found: Times New Roman
findfont: Generic family 'serif' not found because none of the following families were found: Times New Roman
findfont: Generic family 'serif' not found because none of the following families were found: Times New Roman
findfont: Generic family 'serif' not found because none of the following families were found: Times New Roman
findfont: Generic family 'serif' not found because none of the following families were found: Times New Roman
findfont: Generic family 'serif' not found because none of the following families were found: Times New Roman
findfont: Generic family 'serif' not found because none of the following families were found: Times New Roman
findfont: Generic family 'serif' not found because none of the following families were found: Times New Roman
findfont: Generic family 'serif' not found because none of the following families were found: Times New Roman
findfont: Generic family 'serif' not found because none of the following families were found: Times New Roman
findfont: Generic family 'serif' not found because none of the following families were found: Times New Roman
findfont: Generic family 'serif' not found because none of the following families were found: Times New Roman
findfont: Generic family 'serif' not found because none of the following families were found: Times New Roman
findfont: Generic family 'serif' not found because none of the following families were found: Times New Roman
findfont: Generic family 'serif' not found because none of the following families were found: Times New Roman
findfont: Generic family 'serif' not found because none of the following families were found: Times New Roman
findfont: Generic family 'serif' not found because none of the following families were found: Times New Roman
findfont: Generic family 'serif' not found because none of the following families were found: Times New Roman
findfont: Generic family 'serif' not found because none of the following families were found: Times New Roman
findfont: Generic family 'serif' not found because none of the following families were found: Times New Roman
findfont: Generic family 'serif' not found because none of the following families were found: Times New Roman
findfont: Generic family 'serif' not found because none of the following families were found: Times New Roman
findfont: Generic family 'serif' not found because none of the following families were found: Times New Roman
findfont: Generic family 'serif' not found because none of the following families were found: Times New Roman
findfont: Generic family 'serif' not found because none of the following families were found: Times New Roman
findfont: Generic family 'serif' not found because none of the following families were found: Times New Roman
findfont: Generic family 'serif' not found because none of the following families were found: Times New Roman
findfont: Generic family 'serif' not found because none of the following families were found: Times New Roman
findfont: Generic family 'serif' not found because none of the following families were found: Times New Roman
findfont: Generic family 'serif' not found because none of the following families were found: Times New Roman
findfont: Generic family 'serif' not found because none of the following families were found: Times New Roman
findfont: Generic family 'serif' not found because none of the following families were found: Times New Roman
findfont: Generic family 'serif' not found because none of the following families were found: Times New Roman
findfont: Generic family 'serif' not found because none of the following families were found: Times New Roman
findfont: Generic family 'serif' not found because none of the following families were found: Times New Roman
findfont: Generic family 'serif' not found because none of the following families were found: Times New Roman
findfont: Generic family 'serif' not found because none of the following families were found: Times New Roman
findfont: Generic family 'serif' not found because none of the following families were found: Times New Roman
findfont: Generic family 'serif' not found because none of the following families were found: Times New Roman
findfont: Generic family 'serif' not found because none of the following families were found: Times New Roman
findfont: Generic family 'serif' not found because none of the following families were found: Times New Roman
findfont: Generic family 'serif' not found because none of the following families were found: Times New Roman
findfont: Generic family 'serif' not found because none of the following families were found: Times New Roman
findfont: Generic family 'serif' not found because none of the following families were found: Times New Roman
findfont: Generic family 'serif' not found because none of the following families were found: Times New Roman
findfont: Generic family 'serif' not found because none of the following families were found: Times New Roman
[37m[309893 ms][compare_rl_vs_baseline] - INFO : Saved attitude PNG to: /home/lwulo/workspaces/aerial_gym_ws/src/aerial_gym_simulator/aerial_gym/scripts/comparison_results/attitude_std_comparison_600dpi.png (compare_rl_vs_baseline_v2.py:918)[0m
findfont: Generic family 'serif' not found because none of the following families were found: Times New Roman
findfont: Generic family 'serif' not found because none of the following families were found: Times New Roman
findfont: Generic family 'serif' not found because none of the following families were found: Times New Roman
findfont: Generic family 'serif' not found because none of the following families were found: Times New Roman
findfont: Generic family 'serif' not found because none of the following families were found: Times New Roman
findfont: Generic family 'serif' not found because none of the following families were found: Times New Roman
findfont: Generic family 'serif' not found because none of the following families were found: Times New Roman
findfont: Generic family 'serif' not found because none of the following families were found: Times New Roman
findfont: Generic family 'serif' not found because none of the following families were found: Times New Roman
findfont: Generic family 'serif' not found because none of the following families were found: Times New Roman
findfont: Generic family 'serif' not found because none of the following families were found: Times New Roman
findfont: Generic family 'serif' not found because none of the following families were found: Times New Roman
findfont: Generic family 'serif' not found because none of the following families were found: Times New Roman
findfont: Generic family 'serif' not found because none of the following families were found: Times New Roman
findfont: Generic family 'serif' not found because none of the following families were found: Times New Roman
findfont: Generic family 'serif' not found because none of the following families were found: Times New Roman
findfont: Generic family 'serif' not found because none of the following families were found: Times New Roman
findfont: Generic family 'serif' not found because none of the following families were found: Times New Roman
findfont: Generic family 'serif' not found because none of the following families were found: Times New Roman
findfont: Generic family 'serif' not found because none of the following families were found: Times New Roman
findfont: Generic family 'serif' not found because none of the following families were found: Times New Roman
findfont: Generic family 'serif' not found because none of the following families were found: Times New Roman
findfont: Generic family 'serif' not found because none of the following families were found: Times New Roman
findfont: Generic family 'serif' not found because none of the following families were found: Times New Roman
findfont: Generic family 'serif' not found because none of the following families were found: Times New Roman
findfont: Generic family 'serif' not found because none of the following families were found: Times New Roman
findfont: Generic family 'serif' not found because none of the following families were found: Times New Roman
findfont: Generic family 'serif' not found because none of the following families were found: Times New Roman
findfont: Generic family 'serif' not found because none of the following families were found: Times New Roman
findfont: Generic family 'serif' not found because none of the following families were found: Times New Roman
findfont: Generic family 'serif' not found because none of the following families were found: Times New Roman
findfont: Generic family 'serif' not found because none of the following families were found: Times New Roman
findfont: Generic family 'serif' not found because none of the following families were found: Times New Roman
findfont: Generic family 'serif' not found because none of the following families were found: Times New Roman
findfont: Generic family 'serif' not found because none of the following families were found: Times New Roman
findfont: Generic family 'serif' not found because none of the following families were found: Times New Roman
findfont: Generic family 'serif' not found because none of the following families were found: Times New Roman
findfont: Generic family 'serif' not found because none of the following families were found: Times New Roman
findfont: Generic family 'serif' not found because none of the following families were found: Times New Roman
findfont: Generic family 'serif' not found because none of the following families were found: Times New Roman
findfont: Generic family 'serif' not found because none of the following families were found: Times New Roman
findfont: Generic family 'serif' not found because none of the following families were found: Times New Roman
findfont: Generic family 'serif' not found because none of the following families were found: Times New Roman
findfont: Generic family 'serif' not found because none of the following families were found: Times New Roman
findfont: Generic family 'serif' not found because none of the following families were found: Times New Roman
findfont: Generic family 'serif' not found because none of the following families were found: Times New Roman
findfont: Generic family 'serif' not found because none of the following families were found: Times New Roman
findfont: Generic family 'serif' not found because none of the following families were found: Times New Roman
findfont: Generic family 'serif' not found because none of the following families were found: Times New Roman
findfont: Generic family 'serif' not found because none of the following families were found: Times New Roman
findfont: Generic family 'serif' not found because none of the following families were found: Times New Roman
findfont: Generic family 'serif' not found because none of the following families were found: Times New Roman
findfont: Generic family 'serif' not found because none of the following families were found: Times New Roman
findfont: Generic family 'serif' not found because none of the following families were found: Times New Roman
findfont: Generic family 'serif' not found because none of the following families were found: Times New Roman
findfont: Generic family 'serif' not found because none of the following families were found: Times New Roman
findfont: Generic family 'serif' not found because none of the following families were found: Times New Roman
findfont: Generic family 'serif' not found because none of the following families were found: Times New Roman
findfont: Generic family 'serif' not found because none of the following families were found: Times New Roman
findfont: Generic family 'serif' not found because none of the following families were found: Times New Roman
findfont: Generic family 'serif' not found because none of the following families were found: Times New Roman
findfont: Generic family 'serif' not found because none of the following families were found: Times New Roman
findfont: Generic family 'serif' not found because none of the following families were found: Times New Roman
findfont: Generic family 'serif' not found because none of the following families were found: Times New Roman
findfont: Generic family 'serif' not found because none of the following families were found: Times New Roman
findfont: Generic family 'serif' not found because none of the following families were found: Times New Roman
findfont: Generic family 'serif' not found because none of the following families were found: Times New Roman
findfont: Generic family 'serif' not found because none of the following families were found: Times New Roman
findfont: Generic family 'serif' not found because none of the following families were found: Times New Roman
findfont: Generic family 'serif' not found because none of the following families were found: Times New Roman
findfont: Generic family 'serif' not found because none of the following families were found: Times New Roman
findfont: Generic family 'serif' not found because none of the following families were found: Times New Roman
findfont: Generic family 'serif' not found because none of the following families were found: Times New Roman
findfont: Generic family 'serif' not found because none of the following families were found: Times New Roman
findfont: Generic family 'serif' not found because none of the following families were found: Times New Roman
findfont: Generic family 'serif' not found because none of the following families were found: Times New Roman
findfont: Generic family 'serif' not found because none of the following families were found: Times New Roman
findfont: Generic family 'serif' not found because none of the following families were found: Times New Roman
findfont: Generic family 'serif' not found because none of the following families were found: Times New Roman
findfont: Generic family 'serif' not found because none of the following families were found: Times New Roman
findfont: Generic family 'serif' not found because none of the following families were found: Times New Roman
findfont: Generic family 'serif' not found because none of the following families were found: Times New Roman
findfont: Generic family 'serif' not found because none of the following families were found: Times New Roman
findfont: Generic family 'serif' not found because none of the following families were found: Times New Roman
findfont: Generic family 'serif' not found because none of the following families were found: Times New Roman
findfont: Generic family 'serif' not found because none of the following families were found: Times New Roman
findfont: Generic family 'serif' not found because none of the following families were found: Times New Roman
findfont: Generic family 'serif' not found because none of the following families were found: Times New Roman
findfont: Generic family 'serif' not found because none of the following families were found: Times New Roman
findfont: Generic family 'serif' not found because none of the following families were found: Times New Roman
findfont: Generic family 'serif' not found because none of the following families were found: Times New Roman
findfont: Generic family 'serif' not found because none of the following families were found: Times New Roman
findfont: Generic family 'serif' not found because none of the following families were found: Times New Roman
findfont: Generic family 'serif' not found because none of the following families were found: Times New Roman
findfont: Generic family 'serif' not found because none of the following families were found: Times New Roman
findfont: Generic family 'serif' not found because none of the following families were found: Times New Roman
findfont: Generic family 'serif' not found because none of the following families were found: Times New Roman
findfont: Generic family 'serif' not found because none of the following families were found: Times New Roman
findfont: Generic family 'serif' not found because none of the following families were found: Times New Roman
findfont: Generic family 'serif' not found because none of the following families were found: Times New Roman
findfont: Generic family 'serif' not found because none of the following families were found: Times New Roman
findfont: Generic family 'serif' not found because none of the following families were found: Times New Roman
findfont: Generic family 'serif' not found because none of the following families were found: Times New Roman
findfont: Generic family 'serif' not found because none of the following families were found: Times New Roman
findfont: Generic family 'serif' not found because none of the following families were found: Times New Roman
findfont: Generic family 'serif' not found because none of the following families were found: Times New Roman
findfont: Generic family 'serif' not found because none of the following families were found: Times New Roman
findfont: Generic family 'serif' not found because none of the following families were found: Times New Roman
findfont: Generic family 'serif' not found because none of the following families were found: Times New Roman
findfont: Generic family 'serif' not found because none of the following families were found: Times New Roman
findfont: Generic family 'serif' not found because none of the following families were found: Times New Roman
findfont: Generic family 'serif' not found because none of the following families were found: Times New Roman
findfont: Generic family 'serif' not found because none of the following families were found: Times New Roman
findfont: Generic family 'serif' not found because none of the following families were found: Times New Roman
findfont: Generic family 'serif' not found because none of the following families were found: Times New Roman
findfont: Generic family 'serif' not found because none of the following families were found: Times New Roman
findfont: Generic family 'serif' not found because none of the following families were found: Times New Roman
findfont: Generic family 'serif' not found because none of the following families were found: Times New Roman
findfont: Generic family 'serif' not found because none of the following families were found: Times New Roman
findfont: Generic family 'serif' not found because none of the following families were found: Times New Roman
findfont: Generic family 'serif' not found because none of the following families were found: Times New Roman
findfont: Generic family 'serif' not found because none of the following families were found: Times New Roman
findfont: Generic family 'serif' not found because none of the following families were found: Times New Roman
findfont: Generic family 'serif' not found because none of the following families were found: Times New Roman
findfont: Generic family 'serif' not found because none of the following families were found: Times New Roman
findfont: Generic family 'serif' not found because none of the following families were found: Times New Roman
findfont: Generic family 'serif' not found because none of the following families were found: Times New Roman
findfont: Generic family 'serif' not found because none of the following families were found: Times New Roman
findfont: Generic family 'serif' not found because none of the following families were found: Times New Roman
findfont: Generic family 'serif' not found because none of the following families were found: Times New Roman
findfont: Generic family 'serif' not found because none of the following families were found: Times New Roman
findfont: Generic family 'serif' not found because none of the following families were found: Times New Roman
findfont: Generic family 'serif' not found because none of the following families were found: Times New Roman
findfont: Generic family 'serif' not found because none of the following families were found: Times New Roman
findfont: Generic family 'serif' not found because none of the following families were found: Times New Roman
findfont: Generic family 'serif' not found because none of the following families were found: Times New Roman
findfont: Generic family 'serif' not found because none of the following families were found: Times New Roman
findfont: Generic family 'serif' not found because none of the following families were found: Times New Roman
findfont: Generic family 'serif' not found because none of the following families were found: Times New Roman
findfont: Generic family 'serif' not found because none of the following families were found: Times New Roman
findfont: Generic family 'serif' not found because none of the following families were found: Times New Roman
findfont: Generic family 'serif' not found because none of the following families were found: Times New Roman
findfont: Generic family 'serif' not found because none of the following families were found: Times New Roman
findfont: Generic family 'serif' not found because none of the following families were found: Times New Roman
findfont: Generic family 'serif' not found because none of the following families were found: Times New Roman
findfont: Generic family 'serif' not found because none of the following families were found: Times New Roman
findfont: Generic family 'serif' not found because none of the following families were found: Times New Roman
findfont: Generic family 'serif' not found because none of the following families were found: Times New Roman
findfont: Generic family 'serif' not found because none of the following families were found: Times New Roman
findfont: Generic family 'serif' not found because none of the following families were found: Times New Roman
findfont: Generic family 'serif' not found because none of the following families were found: Times New Roman
findfont: Generic family 'serif' not found because none of the following families were found: Times New Roman
findfont: Generic family 'serif' not found because none of the following families were found: Times New Roman
findfont: Generic family 'serif' not found because none of the following families were found: Times New Roman
findfont: Generic family 'serif' not found because none of the following families were found: Times New Roman
findfont: Generic family 'serif' not found because none of the following families were found: Times New Roman
findfont: Generic family 'serif' not found because none of the following families were found: Times New Roman
findfont: Generic family 'serif' not found because none of the following families were found: Times New Roman
findfont: Generic family 'serif' not found because none of the following families were found: Times New Roman
findfont: Generic family 'serif' not found because none of the following families were found: Times New Roman
findfont: Generic family 'serif' not found because none of the following families were found: Times New Roman
findfont: Generic family 'serif' not found because none of the following families were found: Times New Roman
findfont: Generic family 'serif' not found because none of the following families were found: Times New Roman
findfont: Generic family 'serif' not found because none of the following families were found: Times New Roman
findfont: Generic family 'serif' not found because none of the following families were found: Times New Roman
findfont: Generic family 'serif' not found because none of the following families were found: Times New Roman
findfont: Generic family 'serif' not found because none of the following families were found: Times New Roman
findfont: Generic family 'serif' not found because none of the following families were found: Times New Roman
findfont: Generic family 'serif' not found because none of the following families were found: Times New Roman
findfont: Generic family 'serif' not found because none of the following families were found: Times New Roman
findfont: Generic family 'serif' not found because none of the following families were found: Times New Roman
findfont: Generic family 'serif' not found because none of the following families were found: Times New Roman
findfont: Generic family 'serif' not found because none of the following families were found: Times New Roman
findfont: Generic family 'serif' not found because none of the following families were found: Times New Roman
findfont: Generic family 'serif' not found because none of the following families were found: Times New Roman
findfont: Generic family 'serif' not found because none of the following families were found: Times New Roman
findfont: Generic family 'serif' not found because none of the following families were found: Times New Roman
findfont: Generic family 'serif' not found because none of the following families were found: Times New Roman
findfont: Generic family 'serif' not found because none of the following families were found: Times New Roman
findfont: Generic family 'serif' not found because none of the following families were found: Times New Roman
findfont: Generic family 'serif' not found because none of the following families were found: Times New Roman
findfont: Generic family 'serif' not found because none of the following families were found: Times New Roman
findfont: Generic family 'serif' not found because none of the following families were found: Times New Roman
findfont: Generic family 'serif' not found because none of the following families were found: Times New Roman
findfont: Generic family 'serif' not found because none of the following families were found: Times New Roman
findfont: Generic family 'serif' not found because none of the following families were found: Times New Roman
findfont: Generic family 'serif' not found because none of the following families were found: Times New Roman
findfont: Generic family 'serif' not found because none of the following families were found: Times New Roman
findfont: Generic family 'serif' not found because none of the following families were found: Times New Roman
findfont: Generic family 'serif' not found because none of the following families were found: Times New Roman
findfont: Generic family 'serif' not found because none of the following families were found: Times New Roman
findfont: Generic family 'serif' not found because none of the following families were found: Times New Roman
findfont: Generic family 'serif' not found because none of the following families were found: Times New Roman
findfont: Generic family 'serif' not found because none of the following families were found: Times New Roman
findfont: Generic family 'serif' not found because none of the following families were found: Times New Roman
findfont: Generic family 'serif' not found because none of the following families were found: Times New Roman
findfont: Generic family 'serif' not found because none of the following families were found: Times New Roman
findfont: Generic family 'serif' not found because none of the following families were found: Times New Roman
findfont: Generic family 'serif' not found because none of the following families were found: Times New Roman
findfont: Generic family 'serif' not found because none of the following families were found: Times New Roman
findfont: Generic family 'serif' not found because none of the following families were found: Times New Roman
findfont: Generic family 'serif' not found because none of the following families were found: Times New Roman
findfont: Generic family 'serif' not found because none of the following families were found: Times New Roman
findfont: Generic family 'serif' not found because none of the following families were found: Times New Roman
findfont: Generic family 'serif' not found because none of the following families were found: Times New Roman
findfont: Generic family 'serif' not found because none of the following families were found: Times New Roman
findfont: Generic family 'serif' not found because none of the following families were found: Times New Roman
findfont: Generic family 'serif' not found because none of the following families were found: Times New Roman
findfont: Generic family 'serif' not found because none of the following families were found: Times New Roman
findfont: Generic family 'serif' not found because none of the following families were found: Times New Roman
findfont: Generic family 'serif' not found because none of the following families were found: Times New Roman
findfont: Generic family 'serif' not found because none of the following families were found: Times New Roman
findfont: Generic family 'serif' not found because none of the following families were found: Times New Roman
findfont: Generic family 'serif' not found because none of the following families were found: Times New Roman
findfont: Generic family 'serif' not found because none of the following families were found: Times New Roman
findfont: Generic family 'serif' not found because none of the following families were found: Times New Roman
findfont: Generic family 'serif' not found because none of the following families were found: Times New Roman
findfont: Generic family 'serif' not found because none of the following families were found: Times New Roman
findfont: Generic family 'serif' not found because none of the following families were found: Times New Roman
findfont: Generic family 'serif' not found because none of the following families were found: Times New Roman
findfont: Generic family 'serif' not found because none of the following families were found: Times New Roman
findfont: Generic family 'serif' not found because none of the following families were found: Times New Roman
findfont: Generic family 'serif' not found because none of the following families were found: Times New Roman
findfont: Generic family 'serif' not found because none of the following families were found: Times New Roman
findfont: Generic family 'serif' not found because none of the following families were found: Times New Roman
findfont: Generic family 'serif' not found because none of the following families were found: Times New Roman
findfont: Generic family 'serif' not found because none of the following families were found: Times New Roman
findfont: Generic family 'serif' not found because none of the following families were found: Times New Roman
findfont: Generic family 'serif' not found because none of the following families were found: Times New Roman
findfont: Generic family 'serif' not found because none of the following families were found: Times New Roman
findfont: Generic family 'serif' not found because none of the following families were found: Times New Roman
findfont: Generic family 'serif' not found because none of the following families were found: Times New Roman
findfont: Generic family 'serif' not found because none of the following families were found: Times New Roman
findfont: Generic family 'serif' not found because none of the following families were found: Times New Roman
findfont: Generic family 'serif' not found because none of the following families were found: Times New Roman
findfont: Generic family 'serif' not found because none of the following families were found: Times New Roman
findfont: Generic family 'serif' not found because none of the following families were found: Times New Roman
findfont: Generic family 'serif' not found because none of the following families were found: Times New Roman
findfont: Generic family 'serif' not found because none of the following families were found: Times New Roman
findfont: Generic family 'serif' not found because none of the following families were found: Times New Roman
findfont: Generic family 'serif' not found because none of the following families were found: Times New Roman
findfont: Generic family 'serif' not found because none of the following families were found: Times New Roman
findfont: Generic family 'serif' not found because none of the following families were found: Times New Roman
findfont: Generic family 'serif' not found because none of the following families were found: Times New Roman
findfont: Generic family 'serif' not found because none of the following families were found: Times New Roman
findfont: Generic family 'serif' not found because none of the following families were found: Times New Roman
findfont: Generic family 'serif' not found because none of the following families were found: Times New Roman
findfont: Generic family 'serif' not found because none of the following families were found: Times New Roman
findfont: Generic family 'serif' not found because none of the following families were found: Times New Roman
findfont: Generic family 'serif' not found because none of the following families were found: Times New Roman
[37m[310106 ms][compare_rl_vs_baseline] - INFO : Saved attitude PDF to: /home/lwulo/workspaces/aerial_gym_ws/src/aerial_gym_simulator/aerial_gym/scripts/comparison_results/attitude_std_comparison.pdf (compare_rl_vs_baseline_v2.py:922)[0m
[37m[310110 ms][compare_rl_vs_baseline] - INFO : Saved attitude stats to: /home/lwulo/workspaces/aerial_gym_ws/src/aerial_gym_simulator/aerial_gym/scripts/comparison_results/attitude_std_comparison.csv (compare_rl_vs_baseline_v2.py:948)[0m
[37m[310110 ms][compare_rl_vs_baseline] - INFO : 
====================================================================== (compare_rl_vs_baseline_v2.py:1444)[0m
[37m[310110 ms][compare_rl_vs_baseline] - INFO : Experiment completed successfully! (compare_rl_vs_baseline_v2.py:1445)[0m
[37m[310110 ms][compare_rl_vs_baseline] - INFO : All results saved to: /home/lwulo/workspaces/aerial_gym_ws/src/aerial_gym_simulator/aerial_gym/scripts/comparison_results (compare_rl_vs_baseline_v2.py:1446)[0m
[37m[310110 ms][compare_rl_vs_baseline] - INFO : ====================================================================== (compare_rl_vs_baseline_v2.py:1447)[0m
Warp 1.0.0 initialized:
   CUDA Toolkit 11.5, Driver 12.2
   Devices:
     "cpu"      : "x86_64"
     "cuda:0"   : "NVIDIA GeForce RTX 4060 Laptop GPU" (8 GiB, sm_89, mempool enabled)
   Kernel cache:
     /home/lwulo/.cache/warp/1.0.0
Forcing num_obstacles_in_env to 11 (was 11)
Overriding Asset Params: Panels=6, Objects=0 (Total 6 assets + 6 walls = 12)
[isaacgym:gymutil.py] Unknown args:  []
WARNING: allocation matrix is not full rank. Rank: 4
creating render graph
Module warp.utils load on device 'cuda:0' took 2.02 ms
Module aerial_gym.sensors.warp.warp_kernels.warp_camera_kernels load on device 'cuda:0' took 5.86 ms
Module aerial_gym.sensors.warp.warp_kernels.warp_stereo_camera_kernels load on device 'cuda:0' took 9.16 ms
Module aerial_gym.sensors.warp.warp_kernels.warp_lidar_kernels load on device 'cuda:0' took 4.26 ms
finishing capture of render graph
Encoder network initialized.
Defined encoder.
[ImgDecoder] Starting create_model
[ImgDecoder] Done with create_model
Defined decoder.
Loading weights from file:  /home/lwulo/workspaces/aerial_gym_ws/src/aerial_gym_simulator/aerial_gym/utils/vae/weights/ICRA_test_set_more_sim_data_kld_beta_3_LD_64_epoch_49.pth
