dist,speed,max_hold_steps
4.6273,0.0000,0
3.7238,0.0000,0
5.4848,0.0000,0
4.2162,0.0000,0
3.5202,0.0000,0
5.1769,0.0000,0
2.7244,0.0000,0
5.0383,0.0000,0
2.4931,0.0000,0
3.9149,0.0000,0
6.6906,0.0000,0
5.7049,0.0000,0
3.5271,0.0000,0
0.7966,0.0000,0
4.4838,0.0000,0
4.1594,0.0000,0
3.7814,0.0000,0
1.8511,0.0000,0
4.4421,0.0000,0
5.2236,0.0000,0
3.3397,0.0000,0
2.7419,0.0000,0
6.0698,0.0000,0
4.7693,0.0000,0
5.4631,0.0000,0
5.4104,0.0000,0
4.3810,0.0000,0
4.2405,0.0000,0
3.3777,0.0000,0
6.5485,0.0000,0
2.6527,0.0000,0
5.3405,0.0000,0
6.4876,0.0000,0
3.1537,0.0000,0
4.7611,0.0000,0
8.8241,0.0000,0
7.1609,0.0000,0
4.3992,0.0000,0
3.8136,0.0000,0
4.0565,0.0000,0
6.9763,0.0000,0
5.6864,0.0000,0
5.5161,0.0000,0
6.5357,0.0000,0
6.2075,0.0000,0
5.5535,0.0000,0
7.1245,0.0000,0
7.2964,0.0000,0
4.8355,0.0000,0
6.7905,0.0000,0
6.3294,0.0000,0
4.4446,0.0000,0
1.7389,0.0000,0
7.9747,0.0000,0
6.3020,0.0000,0
5.1447,0.0000,0
4.3758,0.0000,0
5.1976,0.0000,0
6.4729,0.0000,0
3.9951,0.0000,0
7.4517,0.0000,0
5.1021,0.0000,0
4.9811,0.0000,0
5.7790,0.0000,0
7.0133,0.0000,0
4.6111,0.0000,0
3.8751,0.0000,0
4.9936,0.0000,0
2.8876,0.0000,0
3.9751,0.0000,0
4.7923,0.0000,0
6.4391,0.0000,0
3.7699,0.0000,0
2.1551,0.0000,0
2.7832,0.0000,0
5.0252,0.0000,0
5.1067,0.0000,0
5.5568,0.0000,0
6.2340,0.0000,0
2.8077,0.0000,0
5.7035,0.0000,0
4.7336,0.0000,0
5.9628,0.0000,0
3.9458,0.0000,0
4.6595,0.0000,0
5.7841,0.0000,0
5.0267,0.0000,0
5.0671,0.0000,0
5.1865,0.0000,0
4.2492,0.0000,0
5.7630,0.0000,0
5.0362,0.0000,0
5.7100,0.0000,0
6.6013,0.0000,0
7.4308,0.0000,0
2.9424,0.0000,0
5.2225,0.0000,0
5.0939,0.0000,0
2.3282,0.0000,0
5.7720,0.0000,0
5.7756,0.0000,0
3.1770,0.0000,0
7.0785,0.0000,0
6.7677,0.0000,0
5.2037,0.0000,0
5.3551,0.0000,0
7.4353,0.0000,0
1.6162,0.0000,0
3.8983,0.0000,0
4.9169,0.0000,0
4.2796,0.0000,0
6.2045,0.0000,0
5.9172,0.0000,0
2.8596,0.0000,0
3.3789,0.0000,0
7.0188,0.0000,0
6.8395,0.0000,0
3.0454,0.0000,0
6.1056,0.0000,0
2.5643,0.0000,0
4.8799,0.0000,0
7.5242,0.0000,0
2.8281,0.0000,0
3.8440,0.0000,0
5.4461,0.0000,0
3.4355,0.0000,0
3.0295,0.0000,0
3.4125,0.0000,0
4.2271,0.0000,0
2.8120,0.0000,0
7.3519,0.0000,0
5.5486,0.0000,0
4.3561,0.0000,0
8.1415,0.0000,0
6.2110,0.0000,0
7.5244,0.0000,0
4.7166,0.0000,0
6.6703,0.0000,0
2.7157,0.0000,0
6.3229,0.0000,0
3.7153,0.0000,0
4.5004,0.0000,0
6.1705,0.0000,0
4.4723,0.0000,0
5.7207,0.0000,0
2.7157,0.0000,0
4.0574,0.0000,0
5.4772,0.0000,0
4.0801,0.0000,0
3.0244,0.0000,0
3.5950,0.0000,0
4.6081,0.0000,0
6.9704,0.0000,0
8.1233,0.0000,0
6.5873,0.0000,0
4.4390,0.0000,0
6.4429,0.0000,0
6.2758,0.0000,0
5.7014,0.0000,0
5.6074,0.0000,0
8.0684,0.0000,0
3.6087,0.0000,0
3.0013,0.0000,0
3.5726,0.0000,0
2.3712,0.0000,0
5.9067,0.0000,0
3.6888,0.0000,0
4.2233,0.0000,0
7.3965,0.0000,0
5.3730,0.0000,0
4.1963,0.0000,0
6.0343,0.0000,0
4.1481,0.0000,0
4.4320,0.0000,0
3.1994,0.0000,0
7.3532,0.0000,0
5.9754,0.0000,0
3.8187,0.0000,0
6.4735,0.0000,0
4.4425,0.0000,0
8.0965,0.0000,0
2.6704,0.0000,0
4.4365,0.0000,0
6.0689,0.0000,0
4.3183,0.0000,0
3.1125,0.0000,0
2.3897,0.0000,0
6.0559,0.0000,0
2.7072,0.0000,0
4.4887,0.0000,0
4.4227,0.0000,0
3.1443,0.0000,0
5.5470,0.0000,0
5.1978,0.0000,0
3.8868,0.0000,0
2.8167,0.0000,0
6.2544,0.0000,0
5.5548,0.0000,0
7.0822,0.0000,0
3.7611,0.0000,0
4.0385,0.0000,0
3.1034,0.0000,0
4.8474,0.0000,0
7.6477,0.0000,0
7.0534,0.0000,0
3.4279,0.0000,0
7.6626,0.0000,0
2.7649,0.0000,0
4.4138,0.0000,0
3.4733,0.0000,0
3.6722,0.0000,0
6.7972,0.0000,0
5.6389,0.0000,0
3.7206,0.0000,0
4.4531,0.0000,0
7.1863,0.0000,0
3.1580,0.0000,0
5.2233,0.0000,0
6.1476,0.0000,0
4.7846,0.0000,0
3.6665,0.0000,0
4.4689,0.0000,0
5.4683,0.0000,0
5.8535,0.0000,0
5.4900,0.0000,0
4.5693,0.0000,0
2.6327,0.0000,0
2.3193,0.0000,0
6.7020,0.0000,0
5.4739,0.0000,0
5.3106,0.0000,0
8.2618,0.0000,0
6.2897,0.0000,0
5.8639,0.0000,0
5.9906,0.0000,0
2.8713,0.0000,0
4.6892,0.0000,0
5.3378,0.0000,0
6.3151,0.0000,0
3.8948,0.0000,0
3.7156,0.0000,0
4.9180,0.0000,0
6.3821,0.0000,0
6.6942,0.0000,0
3.9587,0.0000,0
4.5357,0.0000,0
2.5225,0.0000,0
7.9937,0.0000,0
4.1456,0.0000,0
6.1292,0.0000,0
2.9453,0.0000,0
6.1997,0.0000,0
2.6813,0.0000,0
6.8551,0.0000,0
4.2106,0.0000,0
5.9324,0.0000,0
3.4426,0.0000,0
4.9224,0.0000,0
1.8880,0.0000,0
3.4015,0.0000,0
5.8071,0.0000,0
4.6779,0.0000,0
2.9637,0.0000,0
4.5957,0.0000,0
3.4595,0.0000,0
4.1295,0.0000,0
4.9800,0.0000,0
6.6207,0.0000,0
6.9878,0.0000,0
4.7020,0.0000,0
6.9841,0.0000,0
6.2282,0.0000,0
5.3932,0.0000,0
2.6586,0.0000,0
1.0166,0.0000,0
2.1840,0.0000,0
5.9429,0.0000,0
7.0741,0.0000,0
6.7066,0.0000,0
4.5491,0.0000,0
7.1749,0.0000,0
5.0315,0.0000,0
7.3346,0.0000,0
6.6829,0.0000,0
6.8720,0.0000,0
6.2118,0.0000,0
6.9227,0.0000,0
3.3727,0.0000,0
4.6197,0.0000,0
7.1081,0.0000,0
5.7849,0.0000,0
3.1445,0.0000,0
7.5716,0.0000,0
3.8411,0.0000,0
6.3120,0.0000,0
5.6151,0.0000,0
7.7186,0.0000,0
1.3008,0.0000,0
9.0918,0.0000,0
4.4968,0.0000,0
4.2228,0.0000,0
3.8071,0.0000,0
7.2852,0.0000,0
2.1678,0.0000,0
4.4287,0.0000,0
4.6266,0.0000,0
1.0018,0.0000,0
5.3347,0.0000,0
2.0579,0.0000,0
3.1699,0.0000,0
2.4560,0.0000,0
4.6605,0.0000,0
2.3512,0.0000,0
4.0967,0.0000,2
4.1727,0.0000,0
7.6197,0.0000,0
6.0938,0.0000,0
5.7892,0.0000,0
2.7929,0.0000,0
4.7243,0.0000,0
2.9681,0.0000,0
4.7276,0.0000,0
0.9809,0.0000,0
4.1336,0.0000,0
6.0845,0.0000,0
2.7875,0.0000,0
3.7910,0.0000,0
3.1332,0.0000,0
2.1097,0.0000,0
7.0332,0.0000,0
6.5707,0.0000,0
3.2972,0.0000,0
3.7471,0.0000,0
5.2996,0.0000,0
2.3055,0.0000,0
7.3744,0.0000,0
6.4136,0.0000,0
7.2376,0.0000,0
4.9857,0.0000,0
7.3680,0.0000,0
5.5400,0.0000,0
6.7311,0.0000,2
5.1146,0.0000,0
6.7098,0.0000,0
5.1267,0.0000,0
7.9534,0.0000,0
3.7439,0.0000,0
2.8836,0.0000,0
3.9596,0.0000,0
5.3195,0.0000,0
6.8793,0.0000,0
7.9141,0.0000,0
6.2115,0.0000,0
5.9448,0.0000,0
6.5593,0.0000,0
1.8826,0.0000,1
7.3090,0.0000,0
6.2580,0.0000,0
4.5346,0.0000,0
4.4443,0.0000,0
4.5791,0.0000,0
5.7362,0.0000,0
4.5912,0.0000,0
5.1487,0.0000,0
3.3387,0.0000,0
5.7004,0.0000,0
5.0695,0.0000,0
4.4130,0.0000,0
6.3006,0.0000,0
6.6869,0.0000,0
3.3950,0.0000,0
2.3225,0.0000,0
4.4626,0.0000,0
4.2196,0.0000,0
6.1194,0.0000,0
5.1818,0.0000,0
4.2789,0.0000,0
4.1140,0.0000,0
4.0364,0.0000,0
6.1379,0.0000,0
4.9543,0.0000,0
6.7582,0.0000,0
1.7815,0.0000,0
7.5468,0.0000,0
5.3095,0.0000,0
5.8990,0.0000,0
1.8633,0.0000,1
8.9355,0.0000,0
3.6004,0.0000,0
7.4053,0.0000,0
5.0027,0.0000,0
5.9942,0.0000,0
3.7101,0.0000,0
3.0329,0.0000,0
4.0593,0.0000,0
7.2540,0.0000,1
4.4921,0.0000,0
5.9648,0.0000,0
4.9436,0.0000,0
3.0976,0.0000,0
5.7091,0.0000,0
3.0465,0.0000,0
4.9723,0.0000,0
6.6556,0.0000,0
5.3771,0.0000,0
6.6845,0.0000,0
4.6854,0.0000,0
2.6108,0.0000,0
5.7260,0.0000,0
5.5199,0.0000,0
5.1563,0.0000,0
4.8899,0.0000,0
3.2018,0.0000,0
4.9616,0.0000,0
6.6590,0.0000,0
6.7349,0.0000,0
5.5894,0.0000,0
3.9999,0.0000,4
5.1314,0.0000,4
6.4942,0.0000,4
4.7923,0.0000,0
7.0634,0.0000,0
6.5229,0.0000,0
2.4625,0.0000,0
5.4827,0.0000,0
6.8409,0.0000,0
1.9475,0.0000,0
3.4633,0.0000,0
6.2869,0.0000,0
0.8333,0.0000,3
4.4923,0.0000,0
3.9502,0.0000,0
7.4683,0.0000,0
7.1795,0.0000,0
2.8108,0.0000,0
3.1669,0.0000,0
3.8763,0.0000,0
3.0237,0.0000,0
2.6282,0.0000,0
2.8954,0.0000,0
6.5482,0.0000,0
5.1024,0.0000,0
5.7626,0.0000,2
3.5984,0.0000,0
4.7343,0.0000,0
6.7574,0.0000,0
3.0385,0.0000,0
2.0600,0.0000,0
1.8770,0.0000,0
3.4647,0.0000,0
2.1810,0.0000,0
2.1719,0.0000,0
5.2713,0.0000,0
4.7593,0.0000,0
6.6924,0.0000,0
6.2732,0.0000,0
2.2753,0.0000,0
1.1597,0.0000,0
5.6225,0.0000,0
7.4216,0.0000,3
6.3261,0.0000,0
6.8037,0.0000,0
2.4689,0.0000,0
6.1694,0.0000,0
5.5829,0.0000,0
5.6535,0.0000,0
4.2426,0.0000,0
2.7790,0.0000,0
6.3295,0.0000,0
2.3682,0.0000,0
5.4552,0.0000,0
5.7411,0.0000,0
2.9991,0.0000,0
4.9004,0.0000,0
2.7908,0.0000,0
7.1149,0.0000,1
3.9791,0.0000,0
4.9140,0.0000,0
5.3971,0.0000,0
3.4112,0.0000,0
4.2113,0.0000,0
5.9993,0.0000,0
4.6973,0.0000,0
4.3678,0.0000,0
5.3442,0.0000,0
3.6007,0.0000,1
5.6014,0.0000,0
1.8339,0.0000,0
3.1578,0.0000,0
4.6355,0.0000,0
3.2345,0.0000,0
1.4026,0.0000,0
4.0167,0.0000,0
5.9195,0.0000,0
7.0025,0.0000,0
5.9364,0.0000,0
5.8131,0.0000,1
2.5203,0.0000,0
5.9568,0.0000,0
5.4635,0.0000,0
6.6285,0.0000,0
4.7646,0.0000,1
6.4559,0.0000,0
6.4425,0.0000,0
5.6008,0.0000,0
5.4192,0.0000,1
5.7116,0.0000,0
5.0104,0.0000,0
6.4263,0.0000,0
3.3892,0.0000,0
5.6038,0.0000,0
5.7897,0.0000,0
3.0155,0.0000,0
4.0423,0.0000,0
8.3409,0.0000,0
5.9694,0.0000,0
8.5301,0.0000,0
5.3328,0.0000,0
5.0159,0.0000,0
2.3023,0.0000,0
5.2963,0.0000,0
7.8761,0.0000,0
6.6436,0.0000,0
5.8962,0.0000,0
4.8283,0.0000,0
5.4694,0.0000,0
6.0103,0.0000,0
4.2264,0.0000,0
4.7360,0.0000,0
2.9721,0.0000,0
4.9774,0.0000,0
6.3060,0.0000,0
4.6318,0.0000,0
5.5661,0.0000,0
6.5617,0.0000,0
4.3332,0.0000,0
7.2152,0.0000,0
4.0906,0.0000,0
3.2542,0.0000,0
4.3244,0.0000,0
5.3832,0.0000,0
6.3056,0.0000,0
4.0693,0.0000,0
5.5395,0.0000,0
1.5772,0.0000,0
5.3029,0.0000,0
3.1884,0.0000,0
7.1925,0.0000,0
5.2712,0.0000,0
1.2112,0.0000,0
6.9895,0.0000,2
3.3849,0.0000,0
5.0331,0.0000,0
7.4920,0.0000,0
3.1295,0.0000,0
4.8058,0.0000,0
4.4381,0.0000,0
5.4851,0.0000,0
3.6205,0.0000,0
5.6790,0.0000,3
6.5698,0.0000,0
6.8403,0.0000,0
6.7891,0.0000,0
2.8179,0.0000,0
6.8052,0.0000,0
5.7728,0.0000,0
3.8919,0.0000,0
4.5370,0.0000,0
4.6104,0.0000,3
4.5561,0.0000,0
6.8190,0.0000,0
5.3878,0.0000,0
6.0820,0.0000,0
7.5659,0.0000,0
3.6193,0.0000,0
3.2698,0.0000,0
7.3065,0.0000,0
3.1524,0.0000,0
5.2620,0.0000,0
4.9282,0.0000,0
4.3935,0.0000,0
6.9885,0.0000,0
3.8504,0.0000,0
5.4983,0.0000,0
2.8970,0.0000,0
3.5070,0.0000,0
2.6182,0.0000,0
5.0189,0.0000,0
2.7695,0.0000,0
1.0440,0.0000,0
6.1119,0.0000,0
4.1483,0.0000,0
5.2578,0.0000,0
5.9553,0.0000,0
4.9655,0.0000,0
2.9154,0.0000,0
6.2837,0.0000,0
4.6442,0.0000,0
5.4241,0.0000,0
7.4384,0.0000,0
5.7225,0.0000,0
2.9395,0.0000,0
2.6046,0.0000,0
4.5020,0.0000,0
3.6971,0.0000,0
3.7117,0.0000,0
4.2138,0.0000,0
5.1224,0.0000,0
2.5170,0.0000,0
3.1601,0.0000,0
6.8195,0.0000,2
2.0203,0.0000,0
4.2003,0.0000,0
3.9342,0.0000,1
3.6749,0.0000,0
2.6900,0.0000,0
3.7529,0.0000,0
5.7577,0.0000,0
4.1976,0.0000,0
4.2346,0.0000,0
5.5561,0.0000,0
4.5250,0.0000,0
6.8158,0.0000,0
5.2541,0.0000,0
5.9979,0.0000,0
2.6895,0.0000,0
3.4279,0.0000,6
6.6387,0.0000,2
5.7883,0.0000,0
2.8090,0.0000,0
4.5738,0.0000,0
3.5313,0.0000,0
5.7716,0.0000,0
6.6178,0.0000,0
1.0062,0.0000,0
6.6291,0.0000,0
5.5346,0.0000,0
2.8624,0.0000,0
7.6657,0.0000,0
3.7261,0.0000,2
6.0857,0.0000,0
4.4055,0.0000,0
2.1629,0.0000,0
3.5478,0.0000,0
8.3916,0.0000,0
4.1965,0.0000,0
7.1685,0.0000,0
4.4817,0.0000,0
5.7195,0.0000,0
7.8012,0.0000,0
5.6401,0.0000,0
6.8003,0.0000,0
5.8174,0.0000,0
5.0760,0.0000,0
4.0928,0.0000,0
5.3348,0.0000,0
4.4207,0.0000,0
5.8591,0.0000,0
6.9496,0.0000,0
2.5961,0.0000,0
5.0265,0.0000,0
3.8506,0.0000,0
3.4401,0.0000,0
5.9457,0.0000,2
5.3954,0.0000,0
4.8768,0.0000,0
6.9302,0.0000,0
4.1599,0.0000,0
3.8278,0.0000,0
5.2932,0.0000,0
6.1840,0.0000,0
6.4259,0.0000,0
7.2948,0.0000,0
2.7666,0.0000,0
4.4328,0.0000,0
5.9369,0.0000,0
5.2491,0.0000,0
6.8194,0.0000,0
5.9121,0.0000,0
3.3404,0.0000,0
3.8375,0.0000,0
3.6974,0.0000,0
5.7484,0.0000,0
1.4617,0.0000,0
5.9096,0.0000,0
5.3344,0.0000,0
5.7142,0.0000,0
2.2281,0.0000,0
4.4837,0.0000,0
3.1346,0.0000,0
5.9828,0.0000,1
4.8966,0.0000,0
1.4363,0.0000,0
3.1273,0.0000,0
6.1654,0.0000,0
7.2462,0.0000,0
3.2442,0.0000,0
6.6085,0.0000,0
6.3880,0.0000,0
7.2797,0.0000,0
2.4537,0.0000,0
5.4328,0.0000,3
6.8205,0.0000,0
2.4556,0.0000,0
4.3713,0.0000,0
1.5786,0.0000,0
4.3457,0.0000,0
4.1475,0.0000,0
6.9175,0.0000,0
4.1437,0.0000,0
5.1773,0.0000,0
5.4527,0.0000,0
6.9170,0.0000,0
7.5926,0.0000,0
3.5453,0.0000,0
4.8940,0.0000,0
1.5135,0.0000,0
4.4451,0.0000,0
7.6440,0.0000,3
3.6966,0.0000,0
8.3999,0.0000,0
7.0215,0.0000,0
4.0604,0.0000,0
3.0145,0.0000,0
4.2096,0.0000,0
5.2080,0.0000,0
5.0454,0.0000,0
5.2976,0.0000,0
6.7934,0.0000,0
8.0767,0.0000,0
5.4601,0.0000,0
5.3189,0.0000,0
3.5536,0.0000,0
3.5686,0.0000,0
3.9326,0.0000,0
2.2422,0.0000,0
2.6882,0.0000,0
3.5467,0.0000,0
4.7273,0.0000,0
6.7261,0.0000,0
3.9627,0.0000,0
8.4702,0.0000,0
5.0249,0.0000,4
5.8857,0.0000,0
6.4318,0.0000,0
5.3463,0.0000,0
5.5109,0.0000,0
5.5372,0.0000,0
7.8296,0.0000,0
2.6448,0.0000,0
4.2959,0.0000,0
3.3339,0.0000,0
6.8711,0.0000,0
4.8190,0.0000,0
8.1906,0.0000,2
4.5219,0.0000,0
4.6347,0.0000,0
5.3574,0.0000,0
4.9567,0.0000,0
5.8271,0.0000,0
6.1294,0.0000,0
2.0460,0.0000,0
2.9692,0.0000,0
2.2839,0.0000,0
2.7837,0.0000,0
5.8092,0.0000,0
4.9306,0.0000,0
5.3940,0.0000,0
4.7379,0.0000,0
5.0765,0.0000,0
5.8440,0.0000,0
7.6272,0.0000,0
6.2715,0.0000,0
3.5767,0.0000,0
6.6845,0.0000,0
4.5922,0.0000,0
6.4408,0.0000,0
6.5130,0.0000,0
7.7141,0.0000,0
4.6159,0.0000,0
7.5734,0.0000,0
5.5050,0.0000,0
4.3893,0.0000,0
3.4660,0.0000,3
5.2228,0.0000,0
4.9084,0.0000,0
6.6598,0.0000,0
2.5030,0.0000,2
5.3770,0.0000,0
2.9041,0.0000,0
7.0486,0.0000,0
6.9757,0.0000,0
4.4183,0.0000,0
7.7351,0.0000,0
6.3058,0.0000,0
5.5428,0.0000,0
2.6237,0.0000,0
5.7119,0.0000,0
2.4547,0.0000,0
4.4803,0.0000,0
8.1019,0.0000,0
4.6340,0.0000,0
7.0530,0.0000,0
2.1495,0.0000,0
4.9313,0.0000,1
1.1268,0.0000,0
2.7147,0.0000,0
2.0050,0.0000,0
3.0544,0.0000,0
3.1662,0.0000,0
5.9462,0.0000,0
4.5386,0.0000,0
5.5118,0.0000,0
1.1902,0.0000,0
4.2395,0.0000,0
5.5642,0.0000,0
5.1829,0.0000,0
4.7092,0.0000,0
6.4206,0.0000,0
3.8338,0.0000,0
3.0740,0.0000,0
5.9510,0.0000,0
6.3421,0.0000,0
3.7639,0.0000,0
4.2422,0.0000,0
5.5044,0.0000,0
5.2450,0.0000,0
3.5902,0.0000,0
2.7802,0.0000,0
5.1484,0.0000,0
6.4700,0.0000,0
3.9743,0.0000,0
2.1575,0.0000,0
3.9835,0.0000,0
5.1640,0.0000,0
7.8336,0.0000,0
6.0019,0.0000,3
5.2174,0.0000,0
6.5211,0.0000,0
2.9287,0.0000,0
5.8742,0.0000,0
6.9551,0.0000,0
6.1389,0.0000,0
5.5273,0.0000,0
6.8650,0.0000,0
3.4884,0.0000,0
4.9209,0.0000,0
4.4784,0.0000,0
3.6291,0.0000,0
3.7399,0.0000,0
4.8606,0.0000,0
2.9650,0.0000,0
3.7913,0.0000,0
2.2135,0.0000,0
4.9753,0.0000,0
1.1348,0.0000,0
5.9948,0.0000,0
4.0761,0.0000,0
5.9927,0.0000,0
7.3026,0.0000,0
4.0252,0.0000,0
4.4357,0.0000,4
4.4885,0.0000,1
6.7151,0.0000,0
3.6544,0.0000,1
5.4301,0.0000,0
4.2987,0.0000,0
6.7044,0.0000,0
3.8668,0.0000,0
1.3510,0.0000,0
3.5297,0.0000,0
2.6468,0.0000,0
5.9034,0.0000,0
4.6166,0.0000,0
3.5791,0.0000,0
5.6164,0.0000,0
4.9361,0.0000,0
3.9576,0.0000,0
6.5852,0.0000,0
4.7503,0.0000,0
4.0157,0.0000,0
5.9679,0.0000,0
6.4711,0.0000,0
4.3221,0.0000,0
4.1893,0.0000,0
5.5815,0.0000,0
6.2709,0.0000,0
3.4239,0.0000,0
3.6713,0.0000,0
5.2842,0.0000,0
3.5823,0.0000,0
3.8106,0.0000,0
4.2036,0.0000,0
5.4432,0.0000,0
4.6657,0.0000,0
2.3089,0.0000,0
8.1580,0.0000,0
6.2244,0.0000,0
3.5815,0.0000,0
5.7628,0.0000,0
6.9590,0.0000,0
5.9077,0.0000,0
3.9588,0.0000,0
3.1909,0.0000,0
7.1816,0.0000,1
3.5444,0.0000,0
5.6316,0.0000,0
2.7519,0.0000,0
3.7964,0.0000,0
5.0351,0.0000,0
6.0368,0.0000,0
6.5208,0.0000,0
4.5476,0.0000,0
3.1740,0.0000,0
7.2733,0.0000,0
5.3869,0.0000,0
3.3659,0.0000,0
4.6610,0.0000,0
5.9461,0.0000,0
5.0334,0.0000,1
3.1766,0.0000,0
1.8655,0.0000,0
2.5513,0.0000,0
2.4830,0.0000,0
6.9950,0.0000,0
8.3164,0.0000,0
5.7131,0.0000,0
6.4967,0.0000,0
5.9804,0.0000,0
4.7213,0.0000,0
4.9878,0.0000,0
7.7767,0.0000,0
7.6231,0.0000,0
4.3063,0.0000,1
6.2106,0.0000,0
6.7486,0.0000,0
4.8447,0.0000,0
4.8717,0.0000,0
6.2656,0.0000,0
6.9222,0.0000,0
5.5228,0.0000,0
5.5057,0.0000,0
3.9840,0.0000,0
5.2596,0.0000,0
3.8330,0.0000,0
4.1784,0.0000,5
6.0187,0.0000,0
1.8452,0.0000,0
5.7863,0.0000,0
3.5464,0.0000,0
7.8551,0.0000,0
7.7614,0.0000,0
5.5930,0.0000,0
5.1480,0.0000,0
7.8423,0.0000,0
5.3239,0.0000,0
2.6773,0.0000,0
4.1350,0.0000,0
6.4121,0.0000,0
5.4487,0.0000,3
5.1949,0.0000,0
2.9060,0.0000,0
4.9747,0.0000,0
4.8424,0.0000,0
1.3712,0.0000,0
2.8050,0.0000,0
5.2806,0.0000,0
7.1450,0.0000,0
2.5791,0.0000,0
8.2289,0.0000,0
5.0119,0.0000,0
4.7536,0.0000,0
6.9122,0.0000,0
6.8204,0.0000,0
5.6901,0.0000,0
6.0974,0.0000,0
4.1743,0.0000,0
6.5982,0.0000,0
6.5325,0.0000,0
6.2452,0.0000,0
4.3605,0.0000,0
2.5490,0.0000,0
3.4177,0.0000,0
4.2742,0.0000,0
3.8694,0.0000,0
6.3722,0.0000,0
5.6907,0.0000,0
6.0697,0.0000,1
3.5143,0.0000,0
4.8292,0.0000,0
5.2580,0.0000,0
6.9741,0.0000,0
2.8259,0.0000,0
6.5620,0.0000,0
6.1971,0.0000,0
1.8700,0.0000,0
8.1792,0.0000,0
3.6434,0.0000,0
3.7755,0.0000,1
5.4590,0.0000,0
8.0310,0.0000,0
3.7538,0.0000,0
6.3404,0.0000,0
6.1582,0.0000,0
3.7983,0.0000,0
5.7985,0.0000,0
6.4879,0.0000,0
5.9569,0.0000,0
4.1963,0.0000,0
3.6068,0.0000,0
5.2012,0.0000,0
8.0384,0.0000,0
3.3858,0.0000,0
3.4081,0.0000,0
6.8237,0.0000,0
2.6328,0.0000,0
7.6325,0.0000,0
3.8247,0.0000,0
5.1407,0.0000,0
4.4534,0.0000,0
5.2743,0.0000,0
6.7158,0.0000,0
4.5599,0.0000,4
1.7991,0.0000,0
1.9953,0.0000,0
4.7561,0.0000,0
5.2662,0.0000,0
5.0600,0.0000,0
6.9022,0.0000,0
5.4343,0.0000,0
3.2316,0.0000,0
4.2265,0.0000,0
5.2885,0.0000,0
4.7107,0.0000,0
4.2687,0.0000,0
6.3166,0.0000,0
5.3507,0.0000,0
2.6934,0.0000,0
3.5833,0.0000,0
5.8396,0.0000,0
6.1162,0.0000,0
2.3827,0.0000,0
3.7880,0.0000,0
6.8012,0.0000,0
3.0656,0.0000,0
7.3953,0.0000,0
3.6860,0.0000,0
4.8282,0.0000,0
3.7666,0.0000,0
7.0690,0.0000,0
5.4958,0.0000,1
6.5054,0.0000,0
2.9648,0.0000,0
4.1157,0.0000,0
6.2428,0.0000,0
8.3926,0.0000,0
4.9543,0.0000,0
2.1989,0.0000,0
4.4208,0.0000,0
6.2857,0.0000,0
2.7041,0.0000,0
5.2759,0.0000,0
5.7977,0.0000,0
6.6614,0.0000,0
4.2796,0.0000,0
5.8077,0.0000,0
6.8173,0.0000,0
4.1728,0.0000,0
4.9631,0.0000,0
8.2951,0.0000,0
3.1705,0.0000,0
5.3019,0.0000,0
6.1946,0.0000,0
7.1140,0.0000,0
4.2428,0.0000,0
2.5848,0.0000,0
6.2528,0.0000,0
7.9098,0.0000,0
3.5197,0.0000,0
5.6195,0.0000,0
5.2340,0.0000,0
2.5509,0.0000,0
2.3144,0.0000,0
7.3577,0.0000,0
5.4759,0.0000,0
4.9343,0.0000,0
4.3339,0.0000,0
4.1613,0.0000,0
7.4679,0.0000,0
2.9089,0.0000,0
6.1222,0.0000,0
5.2703,0.0000,0
6.0844,0.0000,0
4.7213,0.0000,0
4.5859,0.0000,0
2.7373,0.0000,0
2.3354,0.0000,0
3.9828,0.0000,0
5.3651,0.0000,2
4.3207,0.0000,0
5.4775,0.0000,0
7.5835,0.0000,0
4.3919,0.0000,0
2.5763,0.0000,0
2.8371,0.0000,0
7.8823,0.0000,0
6.6940,0.0000,0
2.7391,0.0000,0
2.7923,0.0000,0
6.6383,0.0000,0
2.8817,0.0000,0
5.6352,0.0000,0
4.3093,0.0000,0
2.9468,0.0000,0
4.8763,0.0000,0
5.0956,0.0000,0
4.5115,0.0000,0
5.1594,0.0000,0
4.7460,0.0000,0
6.5896,0.0000,0
4.0498,0.0000,0
8.2079,0.0000,0
5.2180,0.0000,0
4.0420,0.0000,0
4.4311,0.0000,0
4.1818,0.0000,0
3.8950,0.0000,0
7.4476,0.0000,0
5.1219,0.0000,0
3.6461,0.0000,0
6.8323,0.0000,0
7.5436,0.0000,0
5.8372,0.0000,5
3.8915,0.0000,0
4.4018,0.0000,0
4.4107,0.0000,0
8.2491,0.0000,0
4.7542,0.0000,0
5.3625,0.0000,0
3.6537,0.0000,0
6.9120,0.0000,0
3.8444,0.0000,0
5.7212,0.0000,0
2.1762,0.0000,0
2.7112,0.0000,0
6.5478,0.0000,0
2.4029,0.0000,0
3.5874,0.0000,0
4.5849,0.0000,1
7.0037,0.0000,0
2.9028,0.0000,0
4.8717,0.0000,0
4.5013,0.0000,0
5.9234,0.0000,0
6.1961,0.0000,0
3.8246,0.0000,0
4.4876,0.0000,0
3.2258,0.0000,0
6.5659,0.0000,0
3.1588,0.0000,0
3.1790,0.0000,0
4.2323,0.0000,0
6.2756,0.0000,0
4.1319,0.0000,0
6.1731,0.0000,0
5.4086,0.0000,0
4.7127,0.0000,0
4.9795,0.0000,0
5.7278,0.0000,0
2.8351,0.0000,0
5.3606,0.0000,0
3.8346,0.0000,0
2.5310,0.0000,3
5.5451,0.0000,0
1.5609,0.0000,0
5.0833,0.0000,0
4.5341,0.0000,0
4.8425,0.0000,0
6.9464,0.0000,0
5.4363,0.0000,0
5.0304,0.0000,0
4.0377,0.0000,0
2.1549,0.0000,0
3.8052,0.0000,0
4.0059,0.0000,0
6.6965,0.0000,0
3.4841,0.0000,0
1.6840,0.0000,0
4.0502,0.0000,0
2.9919,0.0000,0
5.5244,0.0000,0
5.6254,0.0000,0
5.2570,0.0000,0
7.5294,0.0000,0
4.4587,0.0000,0
3.3290,0.0000,0
1.7619,0.0000,0
5.2155,0.0000,0
4.0007,0.0000,0
6.1592,0.0000,0
3.3716,0.0000,0
6.4714,0.0000,0
2.3776,0.0000,0
1.7905,0.0000,0
4.6112,0.0000,0
5.6825,0.0000,0
3.4495,0.0000,0
6.6623,0.0000,0
6.8949,0.0000,0
6.1343,0.0000,0
5.2157,0.0000,0
3.5870,0.0000,0
3.4394,0.0000,0
6.2632,0.0000,0
5.9299,0.0000,0
6.9685,0.0000,0
4.7259,0.0000,0
2.8034,0.0000,0
6.1841,0.0000,0
2.4214,0.0000,0
4.6723,0.0000,0
6.1108,0.0000,0
6.0213,0.0000,0
4.9571,0.0000,2
7.1532,0.0000,0
4.8838,0.0000,0
4.2486,0.0000,0
4.1829,0.0000,0
6.9024,0.0000,0
4.7638,0.0000,0
7.5917,0.0000,0
3.3586,0.0000,0
6.0023,0.0000,0
5.8837,0.0000,0
6.0687,0.0000,0
5.6796,0.0000,0
5.5265,0.0000,0
5.1886,0.0000,0
5.0747,0.0000,0
1.2887,0.0000,0
7.2518,0.0000,0
6.3789,0.0000,0
5.9586,0.0000,0
2.9056,0.0000,0
6.4961,0.0000,0
8.2641,0.0000,0
5.8547,0.0000,0
2.8234,0.0000,0
2.3810,0.0000,0
4.2555,0.0000,0
4.5051,0.0000,0
5.1023,0.0000,0
6.3262,0.0000,0
7.1891,0.0000,0
6.8446,0.0000,0
5.4083,0.0000,0
6.2870,0.0000,0
4.6219,0.0000,0
4.0769,0.0000,0
5.6818,0.0000,0
6.9087,0.0000,0
4.5063,0.0000,0
4.4419,0.0000,0
5.5694,0.0000,0
4.6873,0.0000,0
3.4636,0.0000,0
1.8477,0.0000,0
4.4175,0.0000,0
7.2971,0.0000,0
6.3940,0.0000,0
6.8539,0.0000,0
3.0732,0.0000,0
4.6120,0.0000,0
6.7041,0.0000,0
7.1670,0.0000,0
8.5378,0.0000,1
5.8380,0.0000,0
4.9654,0.0000,0
4.4519,0.0000,0
6.3721,0.0000,0
6.0795,0.0000,1
5.3940,0.0000,0
4.5391,0.0000,0
4.3427,0.0000,0
5.8698,0.0000,0
6.7661,0.0000,0
4.5222,0.0000,0
3.4670,0.0000,2
5.3073,0.0000,0
4.8840,0.0000,0
5.8927,0.0000,0
4.1010,0.0000,0
4.8485,0.0000,0
5.0167,0.0000,1
5.8870,0.0000,0
7.4374,0.0000,0
5.7819,0.0000,0
5.4921,0.0000,0
4.9362,0.0000,0
4.7892,0.0000,0
1.9462,0.0000,4
5.1545,0.0000,0
2.6490,0.0000,0
4.4578,0.0000,8
4.5112,0.0000,0
5.5552,0.0000,0
6.3160,0.0000,0
5.0681,0.0000,0
6.6416,0.0000,0
5.3522,0.0000,0
3.4024,0.0000,0
5.7435,0.0000,1
2.7275,0.0000,0
6.3543,0.0000,0
5.6599,0.0000,0
6.7709,0.0000,0
1.8546,0.0000,0
4.4470,0.0000,0
4.6409,0.0000,0
7.4256,0.0000,0
4.9009,0.0000,0
3.8820,0.0000,0
6.2747,0.0000,0
3.2062,0.0000,0
2.4101,0.0000,0
2.6920,0.0000,0
4.6338,0.0000,0
4.8149,0.0000,0
5.1801,0.0000,0
5.2472,0.0000,0
6.6404,0.0000,0
5.5059,0.0000,0
7.6746,0.0000,0
5.4049,0.0000,0
4.7198,0.0000,0
5.9700,0.0000,0
5.8771,0.0000,0
5.1807,0.0000,0
6.2276,0.0000,0
2.6911,0.0000,0
5.0967,0.0000,0
1.8640,0.0000,0
4.5266,0.0000,0
3.4455,0.0000,0
5.9907,0.0000,0
3.5886,0.0000,0
5.6193,0.0000,0
5.9746,0.0000,0
5.5378,0.0000,0
7.9464,0.0000,0
8.1856,0.0000,0
5.1312,0.0000,0
4.9054,0.0000,0
4.8324,0.0000,0
6.6741,0.0000,0
7.0715,0.0000,0
7.5773,0.0000,0
7.1025,0.0000,0
4.2467,0.0000,0
1.4083,0.0000,0
4.8189,0.0000,0
6.4770,0.0000,0
7.6969,0.0000,0
7.1167,0.0000,5
4.2992,0.0000,0
6.0470,0.0000,0
7.6813,0.0000,0
4.8447,0.0000,0
1.3522,0.0000,0
5.1726,0.0000,0
4.1165,0.0000,0
5.8153,0.0000,0
3.7158,0.0000,0
2.9173,0.0000,0
4.9815,0.0000,0
7.6361,0.0000,0
7.7409,0.0000,0
2.9994,0.0000,0
6.1851,0.0000,0
6.6228,0.0000,0
4.6346,0.0000,0
4.7124,0.0000,0
5.3141,0.0000,0
4.4678,0.0000,0
5.6177,0.0000,0
6.3017,0.0000,0
6.2542,0.0000,0
4.7573,0.0000,0
3.4793,0.0000,0
5.7815,0.0000,0
4.2564,0.0000,0
4.2296,0.0000,0
2.0100,0.0000,0
5.5154,0.0000,0
2.0555,0.0000,0
2.6759,0.0000,0
8.7810,0.0000,0
4.3410,0.0000,0
4.4859,0.0000,0
5.5670,0.0000,5
4.7523,0.0000,0
6.9236,0.0000,0
4.3051,0.0000,0
8.5690,0.0000,2
3.8346,0.0000,0
3.6294,0.0000,0
2.8606,0.0000,0
6.4864,0.0000,0
1.0246,0.0000,0
6.6408,0.0000,0
1.8816,0.0000,0
4.2611,0.0000,0
5.5129,0.0000,0
3.2104,0.0000,0
6.4564,0.0000,0
5.2246,0.0000,0
4.9616,0.0000,0
5.1059,0.0000,0
3.6329,0.0000,0
6.1715,0.0000,0
4.1855,0.0000,0
6.7589,0.0000,0
6.4633,0.0000,0
3.5995,0.0000,0
5.6356,0.0000,0
5.2546,0.0000,0
2.2008,0.0000,0
2.0753,0.0000,0
8.3111,0.0000,0
6.3852,0.0000,0
4.0579,0.0000,0
4.4191,0.0000,0
3.8300,0.0000,0
4.6672,0.0000,0
4.6043,0.0000,0
5.2587,0.0000,0
8.0474,0.0000,0
4.6629,0.0000,0
4.3719,0.0000,0
7.2230,0.0000,0
4.9371,0.0000,0
4.5582,0.0000,0
5.3864,0.0000,0
6.7639,0.0000,3
3.0429,0.0000,0
3.2925,0.0000,0
4.6006,0.0000,0
3.5001,0.0000,0
5.2634,0.0000,0
7.1196,0.0000,0
6.4549,0.0000,0
5.7074,0.0000,0
4.6916,0.0000,0
3.5742,0.0000,0
3.6214,0.0000,0
4.8617,0.0000,0
5.1477,0.0000,0
5.4332,0.0000,0
2.1215,0.0000,0
2.4962,0.0000,0
5.1737,0.0000,0
4.2892,0.0000,0
4.4533,0.0000,2
5.9279,0.0000,0
3.9934,0.0000,0
5.9802,0.0000,0
5.0465,0.0000,0
4.4429,0.0000,0
5.0681,0.0000,0
6.5575,0.0000,0
7.1924,0.0000,0
4.0375,0.0000,0
6.1344,0.0000,0
5.9642,0.0000,0
5.2017,0.0000,0
5.6278,0.0000,0
2.6730,0.0000,0
3.6708,0.0000,0
3.9363,0.0000,5
4.9025,0.0000,0
6.9433,0.0000,0
1.5812,0.0000,0
5.4153,0.0000,2
4.9387,0.0000,0
1.6085,0.0000,0
4.4093,0.0000,0
6.6669,0.0000,0
4.8910,0.0000,0
4.2087,0.0000,0
4.1511,0.0000,0
6.2427,0.0000,0
4.3861,0.0000,0
6.3103,0.0000,0
3.5627,0.0000,3
4.2754,0.0000,0
2.8165,0.0000,0
6.6514,0.0000,0
3.2357,0.0000,0
3.6758,0.0000,0
3.6048,0.0000,0
6.0027,0.0000,0
3.1920,0.0000,0
5.0428,0.0000,0
2.9069,0.0000,0
4.3239,0.0000,0
2.6802,0.0000,0
3.3088,0.0000,0
6.2670,0.0000,0
6.0136,0.0000,0
7.6256,0.0000,0
7.7947,0.0000,0
1.4876,0.0000,0
4.0609,0.0000,0
4.0091,0.0000,0
6.6141,0.0000,0
4.8180,0.0000,0
6.3658,0.0000,0
4.7379,0.0000,0
3.4793,0.0000,0
5.0720,0.0000,0
3.6373,0.0000,0
5.3838,0.0000,0
6.8700,0.0000,0
5.0849,0.0000,0
6.7647,0.0000,0
1.9709,0.0000,0
4.6629,0.0000,0
7.1065,0.0000,0
3.9644,0.0000,0
3.7010,0.0000,1
3.4512,0.0000,0
4.4225,0.0000,0
5.0230,0.0000,0
2.8740,0.0000,0
5.4170,0.0000,0
2.6940,0.0000,0
5.0089,0.0000,0
6.8178,0.0000,1
0.7577,0.0000,0
2.2297,0.0000,0
5.6514,0.0000,0
4.7552,0.0000,0
4.5670,0.0000,0
6.3702,0.0000,0
1.4369,0.0000,0
6.2880,0.0000,0
3.1793,0.0000,1
5.1569,0.0000,0
4.1030,0.0000,0
4.5845,0.0000,0
5.9386,0.0000,0
3.0511,0.0000,0
6.3632,0.0000,0
4.4848,0.0000,0
5.2916,0.0000,0
6.1850,0.0000,0
3.5179,0.0000,0
4.2606,0.0000,0
4.0654,0.0000,0
3.2624,0.0000,0
2.2878,0.0000,0
4.8890,0.0000,0
3.6496,0.0000,0
8.2075,0.0000,0
6.1938,0.0000,0
6.7650,0.0000,0
3.0039,0.0000,0
3.0689,0.0000,0
1.2990,0.0000,0
4.2314,0.0000,0
6.3652,0.0000,0
1.9527,0.0000,0
3.9842,0.0000,0
6.2680,0.0000,0
4.8404,0.0000,0
3.0522,0.0000,0
4.3432,0.0000,0
5.0974,0.0000,0
8.4269,0.0000,0
5.4689,0.0000,4
6.7706,0.0000,0
7.9613,0.0000,0
5.5230,0.0000,0
3.4295,0.0000,0
7.2326,0.0000,0
4.0891,0.0000,0
5.9802,0.0000,0
5.5013,0.0000,0
4.9660,0.0000,0
5.2656,0.0000,0
6.5613,0.0000,0
6.1074,0.0000,5
6.0867,0.0000,0
3.8466,0.0000,0
7.1704,0.0000,0
6.9765,0.0000,0
2.0082,0.0000,0
6.2183,0.0000,0
4.2586,0.0000,0
4.8030,0.0000,0
2.6737,0.0000,0
5.7765,0.0000,0
3.5316,0.0000,0
5.3416,0.0000,0
3.3701,0.0000,4
3.5989,0.0000,0
6.3305,0.0000,0
4.6446,0.0000,0
4.9242,0.0000,4
2.0484,0.0000,2
6.8165,0.0000,0
7.5339,0.0000,0
4.7859,0.0000,0
6.3574,0.0000,0
6.8141,0.0000,0
4.8198,0.0000,0
3.4158,0.0000,2
6.2066,0.0000,0
5.1380,0.0000,0
5.8375,0.0000,0
3.2056,0.0000,0
4.8682,0.0000,0
6.1959,0.0000,0
3.4706,0.0000,0
7.5474,0.0000,0
4.5488,0.0000,0
3.9011,0.0000,0
1.6252,0.0000,0
2.8250,0.0000,0
6.1255,0.0000,0
5.9964,0.0000,0
3.9060,0.0000,0
9.2553,0.0000,0
3.2629,0.0000,0
1.6525,0.0000,0
4.7517,0.0000,0
6.1330,0.0000,0
7.4859,0.0000,0
5.8677,0.0000,0
6.8239,0.0000,0
2.0878,0.0000,0
2.4474,0.0000,0
6.5808,0.0000,0
4.0855,0.0000,0
6.7269,0.0000,0
5.8843,0.0000,0
2.4960,0.0000,0
3.8357,0.0000,0
6.3399,0.0000,0
5.5311,0.0000,0
4.7087,0.0000,0
3.3346,0.0000,0
6.7563,0.0000,0
5.1231,0.0000,0
4.9193,0.0000,0
7.5992,0.0000,0
6.9238,0.0000,0
5.0621,0.0000,0
5.1419,0.0000,0
7.1982,0.0000,0
2.5454,0.0000,0
6.5895,0.0000,0
5.9267,0.0000,0
6.8250,0.0000,0
4.5591,0.0000,0
6.1903,0.0000,0
3.2002,0.0000,0
3.0938,0.0000,0
3.6042,0.0000,1
4.6965,0.0000,0
3.3563,0.0000,0
6.1455,0.0000,0
5.5403,0.0000,0
4.2088,0.0000,0
3.2928,0.0000,0
4.5763,0.0000,0
1.5672,0.0000,0
1.1398,0.0000,0
3.8125,0.0000,0
4.6185,0.0000,0
5.0421,0.0000,0
2.7623,0.0000,0
3.1800,0.0000,0
6.0715,0.0000,0
5.3427,0.0000,0
3.9637,0.0000,0
6.4632,0.0000,0
6.1281,0.0000,0
4.5519,0.0000,0
5.0966,0.0000,0
7.9094,0.0000,0
4.0553,0.0000,0
5.5412,0.0000,0
1.6762,0.0000,0
3.6119,0.0000,0
3.3412,0.0000,0
2.7938,0.0000,0
4.2199,0.0000,0
3.3939,0.0000,0
3.9026,0.0000,0
3.3152,0.0000,0
7.7248,0.0000,0
6.2445,0.0000,0
4.7768,0.0000,0
3.0279,0.0000,2
4.8972,0.0000,0
3.1156,0.0000,0
6.2945,0.0000,0
4.2830,0.0000,0
1.4681,0.0000,0
5.8609,0.0000,2
8.8124,0.0000,3
6.8870,0.0000,0
5.7849,0.0000,0
5.2321,0.0000,0
3.3288,0.0000,0
6.4716,0.0000,0
5.9869,0.0000,0
3.8599,0.0000,0
3.5603,0.0000,0
6.0478,0.0000,0
2.9478,0.0000,0
6.3558,0.0000,0
5.0681,0.0000,0
3.0375,0.0000,0
8.1739,0.0000,0
3.1272,0.0000,0
5.1202,0.0000,0
5.4168,0.0000,0
3.2674,0.0000,0
4.0632,0.0000,0
6.8910,0.0000,0
2.7550,0.0000,2
4.6786,0.0000,0
6.4249,0.0000,0
5.9677,0.0000,1
1.4999,0.0000,2
4.0762,0.0000,0
4.7025,0.0000,0
4.3371,0.0000,0
5.4940,0.0000,0
5.3666,0.0000,0
7.9445,0.0000,0
5.3028,0.0000,4
4.5621,0.0000,0
2.9158,0.0000,0
3.9872,0.0000,0
3.2869,0.0000,0
5.8745,0.0000,0
6.2102,0.0000,0
7.1271,0.0000,2
3.9447,0.0000,0
5.3378,0.0000,0
5.5454,0.0000,0
4.8982,0.0000,0
4.8334,0.0000,0
6.5339,0.0000,0
5.9011,0.0000,0
3.3797,0.0000,0
4.7573,0.0000,0
5.0943,0.0000,0
5.8904,0.0000,0
3.0052,0.0000,0
4.1717,0.0000,0
1.9912,0.0000,0
3.8148,0.0000,0
4.9862,0.0000,0
6.6553,0.0000,0
7.5622,0.0000,0
5.3889,0.0000,0
2.7505,0.0000,0
5.7866,0.0000,0
3.2837,0.0000,0
1.3706,0.0000,0
1.3442,0.0000,0
6.6799,0.0000,0
4.1851,0.0000,0
7.4810,0.0000,1
3.3041,0.0000,0
6.0153,0.0000,0
6.5506,0.0000,0
4.2241,0.0000,0
4.2071,0.0000,0
6.4295,0.0000,2
5.6570,0.0000,0
4.6624,0.0000,1
5.2664,0.0000,0
7.8238,0.0000,0
5.3889,0.0000,0
8.5734,0.0000,0
6.8789,0.0000,0
2.6598,0.0000,0
3.8581,0.0000,4
6.2880,0.0000,0
5.2198,0.0000,0
6.7975,0.0000,0
8.5447,0.0000,0
6.7414,0.0000,0
6.5381,0.0000,0
7.0146,0.0000,1
5.9515,0.0000,0
2.5950,0.0000,0
3.8446,0.0000,0
4.0911,0.0000,0
6.8225,0.0000,0
7.8112,0.0000,0
4.2642,0.0000,0
4.7103,0.0000,0
6.1742,0.0000,0
6.1379,0.0000,0
4.8839,0.0000,3
6.3228,0.0000,0
4.0982,0.0000,0
5.7751,0.0000,2
3.1831,0.0000,0
7.6932,0.0000,0
4.6295,0.0000,2
7.7898,0.0000,0
5.0282,0.0000,0
5.8648,0.0000,0
6.0484,0.0000,0
4.6847,0.0000,0
2.9001,0.0000,0
5.5748,0.0000,0
6.0806,0.0000,0
6.4069,0.0000,0
6.3101,0.0000,0
6.1022,0.0000,0
6.0329,0.0000,0
2.3835,0.0000,0
6.9462,0.0000,2
6.2555,0.0000,0
7.4433,0.0000,0
4.6744,0.0000,0
6.0624,0.0000,0
4.3141,0.0000,0
6.7099,0.0000,0
2.9214,0.0000,0
3.5374,0.0000,0
3.7540,0.0000,0
6.3402,0.0000,0
4.8198,0.0000,0
4.0921,0.0000,0
5.5486,0.0000,0
4.4024,0.0000,0
2.1998,0.0000,0
8.0506,0.0000,0
2.7932,0.0000,2
3.0041,0.0000,0
6.0986,0.0000,0
7.0763,0.0000,0
4.8912,0.0000,0
2.9159,0.0000,0
6.0136,0.0000,0
3.6062,0.0000,0
3.0218,0.0000,0
4.5546,0.0000,0
4.3377,0.0000,0
4.0582,0.0000,0
7.6609,0.0000,0
6.4517,0.0000,0
6.3630,0.0000,0
6.7141,0.0000,0
4.0419,0.0000,0
4.8996,0.0000,0
7.3973,0.0000,0
4.1017,0.0000,0
2.1406,0.0000,0
6.8623,0.0000,0
3.3242,0.0000,0
2.3803,0.0000,0
2.6179,0.0000,0
6.2116,0.0000,0
6.5342,0.0000,0
7.3659,0.0000,0
2.1628,0.0000,0
5.7142,0.0000,0
5.7090,0.0000,0
3.4871,0.0000,0
3.2504,0.0000,0
3.8636,0.0000,3
4.7046,0.0000,0
2.8363,0.0000,5
5.0760,0.0000,0
4.7261,0.0000,0
5.3598,0.0000,0
4.5972,0.0000,0
5.7914,0.0000,0
5.7692,0.0000,0
6.5468,0.0000,0
5.4239,0.0000,0
3.1381,0.0000,0
6.0027,0.0000,0
2.4353,0.0000,0
2.2654,0.0000,0
4.7027,0.0000,0
3.3989,0.0000,0
4.7556,0.0000,0
6.7599,0.0000,0
4.2361,0.0000,0
3.9311,0.0000,0
5.0851,0.0000,0
4.8790,0.0000,0
5.3351,0.0000,0
4.5942,0.0000,0
6.5402,0.0000,0
4.4675,0.0000,0
4.0746,0.0000,0
5.1029,0.0000,0
5.4346,0.0000,0
5.8095,0.0000,0
4.7646,0.0000,0
5.7025,0.0000,0
5.4174,0.0000,0
4.4513,0.0000,0
6.3489,0.0000,0
8.0658,0.0000,0
6.0715,0.0000,0
8.3348,0.0000,0
1.6712,0.0000,2
7.5845,0.0000,0
7.8659,0.0000,0
5.6388,0.0000,0
6.2607,0.0000,0
5.1752,0.0000,0
1.8408,0.0000,0
5.5148,0.0000,0
3.2701,0.0000,0
4.0934,0.0000,0
7.3197,0.0000,0
5.5095,0.0000,0
1.8652,0.0000,0
3.0172,0.0000,0
4.7205,0.0000,0
4.1083,0.0000,0
6.0073,0.0000,0
3.7590,0.0000,0
5.0481,0.0000,0
5.7365,0.0000,0
4.9861,0.0000,0
3.5808,0.0000,0
4.5166,0.0000,0
3.9539,0.0000,0
3.7032,0.0000,0
1.5318,0.0000,0
4.8895,0.0000,0
5.9846,0.0000,0
3.4415,0.0000,0
6.8906,0.0000,0
7.8197,0.0000,0
6.7464,0.0000,0
3.2507,0.0000,0
2.8158,0.0000,0
7.1725,0.0000,0
2.8005,0.0000,0
2.1718,0.0000,0
4.4186,0.0000,0
7.7476,0.0000,0
4.0887,0.0000,0
2.7260,0.0000,0
7.0129,0.0000,0
2.7193,0.0000,0
7.6231,0.0000,1
1.1600,0.0000,0
7.1944,0.0000,0
5.6097,0.0000,0
3.1130,0.0000,0
6.9966,0.0000,0
4.1414,0.0000,0
4.7944,0.0000,0
5.7489,0.0000,0
6.6902,0.0000,0
6.7138,0.0000,0
3.0489,0.0000,0
3.9211,0.0000,0
4.2885,0.0000,0
7.5842,0.0000,0
2.8008,0.0000,0
3.9306,0.0000,0
2.4508,0.0000,0
6.4276,0.0000,0
4.6494,0.0000,0
7.3746,0.0000,0
3.0019,0.0000,0
4.8428,0.0000,0
2.4720,0.0000,0
2.4089,0.0000,0
4.1835,0.0000,0
5.8332,0.0000,0
3.9909,0.0000,0
4.3777,0.0000,0
4.6833,0.0000,0
7.4774,0.0000,0
3.9772,0.0000,0
6.6251,0.0000,0
4.6010,0.0000,0
4.1642,0.0000,0
4.7497,0.0000,0
4.2866,0.0000,0
4.3713,0.0000,0
3.5667,0.0000,0
5.7281,0.0000,0
5.7575,0.0000,0
5.7392,0.0000,3
3.1629,0.0000,2
6.4638,0.0000,0
4.1219,0.0000,0
3.8859,0.0000,0
4.2092,0.0000,0
6.3121,0.0000,0
5.7722,0.0000,0
6.8684,0.0000,0
3.3206,0.0000,0
1.8829,0.0000,0
5.9403,0.0000,0
5.0917,0.0000,0
6.2749,0.0000,0
3.6207,0.0000,0
6.3331,0.0000,0
4.1670,0.0000,0
4.1327,0.0000,0
8.2498,0.0000,0
3.5213,0.0000,0
5.7334,0.0000,0
1.2406,0.0000,0
4.0661,0.0000,0
7.9480,0.0000,0
5.3999,0.0000,0
2.7946,0.0000,0
7.8139,0.0000,0
5.1170,0.0000,0
3.8053,0.0000,0
2.9460,0.0000,0
6.4810,0.0000,0
6.6944,0.0000,0
6.1857,0.0000,0
4.2297,0.0000,0
7.6964,0.0000,5
2.4620,0.0000,0
3.0577,0.0000,0
4.5759,0.0000,0
4.2664,0.0000,0
5.5301,0.0000,0
5.6529,0.0000,0
3.3927,0.0000,0
6.2910,0.0000,0
2.3439,0.0000,0
7.1922,0.0000,0
7.3711,0.0000,0
7.9197,0.0000,0
4.2908,0.0000,0
5.4312,0.0000,0
6.1383,0.0000,0
7.4633,0.0000,0
3.7371,0.0000,0
7.2543,0.0000,0
4.1654,0.0000,0
5.1123,0.0000,4
7.1206,0.0000,0
3.3107,0.0000,0
4.4175,0.0000,0
6.1130,0.0000,0
5.7051,0.0000,0
8.0129,0.0000,0
2.7688,0.0000,0
6.2899,0.0000,0
4.7681,0.0000,0
5.0358,0.0000,0
2.9948,0.0000,0
6.0602,0.0000,0
3.7089,0.0000,0
1.4049,0.0000,0
7.1918,0.0000,0
5.0617,0.0000,0
5.0048,0.0000,0
4.8480,0.0000,0
5.0647,0.0000,0
6.2880,0.0000,0
4.8857,0.0000,0
5.9009,0.0000,0
6.2265,0.0000,0
5.5049,0.0000,0
6.1944,0.0000,0
7.8448,0.0000,0
5.0624,0.0000,0
6.7374,0.0000,0
2.7642,0.0000,0
2.7246,0.0000,0
3.3551,0.0000,0
6.1295,0.0000,0
2.6773,0.0000,0
6.0846,0.0000,0
5.0852,0.0000,0
6.3178,0.0000,0
4.7046,0.0000,0
1.5068,0.0000,0
7.9384,0.0000,0
8.1607,0.0000,0
5.2939,0.0000,1
6.3243,0.0000,0
4.3316,0.0000,0
4.1231,0.0000,0
4.3883,0.0000,0
1.9124,0.0000,0
7.7254,0.0000,0
4.4091,0.0000,0
3.9960,0.0000,0
3.5504,0.0000,0
3.3511,0.0000,0
4.0635,0.0000,0
3.6879,0.0000,2
3.2460,0.0000,0
5.8161,0.0000,0
4.6057,0.0000,0
6.7476,0.0000,0
4.8990,0.0000,0
5.8161,0.0000,0
4.2026,0.0000,0
2.0356,0.0000,0
5.7334,0.0000,0
6.3814,0.0000,0
6.5996,0.0000,0
4.3950,0.0000,0
3.5384,0.0000,0
3.5790,0.0000,0
5.7107,0.0000,0
6.2751,0.0000,0
6.4969,0.0000,0
6.6074,0.0000,0
6.5981,0.0000,0
6.0957,0.0000,0
4.0216,0.0000,0
4.1283,0.0000,0
6.0971,0.0000,0
2.7943,0.0000,0
5.3983,0.0000,0
4.0897,0.0000,0
6.5221,0.0000,0
5.5996,0.0000,0
4.7090,0.0000,0
6.0318,0.0000,0
8.7141,0.0000,0
3.4665,0.0000,0
7.0415,0.0000,0
3.8387,0.0000,0
2.7062,0.0000,0
5.3185,0.0000,0
3.0849,0.0000,0
3.9481,0.0000,0
4.4903,0.0000,0
4.1589,0.0000,0
7.2754,0.0000,0
6.3289,0.0000,0
5.4786,0.0000,0
5.8775,0.0000,0
5.4019,0.0000,0
4.6099,0.0000,0
7.4217,0.0000,0
5.4843,0.0000,0
1.2829,0.0000,0
2.1136,0.0000,0
6.3574,0.0000,0
5.3279,0.0000,0
6.0350,0.0000,0
3.0663,0.0000,0
4.8503,0.0000,0
1.4154,0.0000,0
6.3833,0.0000,0
2.6543,0.0000,0
7.1358,0.0000,0
4.0726,0.0000,0
5.0373,0.0000,0
4.7853,0.0000,0
5.7535,0.0000,0
2.6832,0.0000,0
5.9913,0.0000,0
6.5300,0.0000,0
3.7556,0.0000,0
5.5129,0.0000,0
4.5337,0.0000,0
6.7476,0.0000,0
4.3903,0.0000,0
3.1159,0.0000,3
2.6140,0.0000,0
5.1557,0.0000,0
3.3546,0.0000,0
7.7994,0.0000,0
6.5478,0.0000,0
5.3114,0.0000,0
2.0475,0.0000,0
6.2302,0.0000,0
6.1865,0.0000,1
2.7068,0.0000,0
4.9899,0.0000,0
5.8140,0.0000,0
4.8725,0.0000,0
7.2837,0.0000,0
4.0298,0.0000,0
5.9524,0.0000,0
3.2696,0.0000,0
6.4216,0.0000,0
8.0325,0.0000,0
6.6667,0.0000,0
5.2809,0.0000,0
2.3383,0.0000,0
3.0089,0.0000,0
4.4694,0.0000,0
4.6078,0.0000,0
5.7664,0.0000,0
2.7440,0.0000,0
6.2343,0.0000,0
4.4153,0.0000,0
6.8056,0.0000,0
6.8019,0.0000,0
4.1948,0.0000,0
3.5848,0.0000,0
5.1436,0.0000,0
5.0940,0.0000,0
3.3140,0.0000,0
2.6810,0.0000,0
6.3198,0.0000,0
8.1981,0.0000,1
4.1375,0.0000,0
3.5932,0.0000,0
5.3180,0.0000,0
3.2783,0.0000,0
2.6094,0.0000,0
4.9367,0.0000,0
3.1083,0.0000,0
5.4130,0.0000,0
5.8178,0.0000,0
4.3031,0.0000,0
5.3484,0.0000,0
5.4686,0.0000,0
5.7958,0.0000,0
5.0060,0.0000,0
7.0067,0.0000,0
4.9778,0.0000,0
4.7420,0.0000,0
3.8369,0.0000,0
7.0955,0.0000,0
5.8207,0.0000,0
6.7468,0.0000,0
4.3312,0.0000,0
4.0856,0.0000,0
5.4817,0.0000,0
4.5976,0.0000,0
8.2458,0.0000,0
5.2584,0.0000,0
7.8760,0.0000,0
3.7946,0.0000,0
6.7935,0.0000,0
5.8738,0.0000,0
6.8161,0.0000,0
6.9394,0.0000,0
6.0275,0.0000,0
2.9101,0.0000,3
3.8838,0.0000,0
2.6789,0.0000,0
4.9010,0.0000,0
4.8729,0.0000,0
5.9741,0.0000,0
4.3363,0.0000,0
7.0825,0.0000,0
2.6374,0.0000,0
5.2078,0.0000,0
5.5176,0.0000,0
4.3053,0.0000,0
5.7396,0.0000,0
4.6675,0.0000,0
4.3002,0.0000,0
6.5453,0.0000,0
4.3161,0.0000,0
4.0161,0.0000,0
4.8110,0.0000,0
5.8123,0.0000,0
4.1482,0.0000,0
5.8050,0.0000,0
5.0404,0.0000,0
6.1457,0.0000,0
2.0675,0.0000,0
5.1314,0.0000,0
4.5912,0.0000,0
5.9658,0.0000,0
6.4376,0.0000,0
6.0595,0.0000,0
2.0537,0.0000,0
4.4681,0.0000,0
2.5822,0.0000,0
2.9354,0.0000,0
6.4285,0.0000,0
7.2244,0.0000,0
3.8198,0.0000,0
6.0731,0.0000,0
4.2673,0.0000,0
3.0014,0.0000,0
7.6954,0.0000,0
5.4551,0.0000,0
8.7317,0.0000,0
1.0519,0.0000,0
4.3733,0.0000,0
5.0566,0.0000,0
4.4450,0.0000,0
6.9456,0.0000,0
6.1988,0.0000,0
4.4029,0.0000,0
6.3857,0.0000,0
6.9623,0.0000,0
5.0973,0.0000,0
5.8131,0.0000,0
5.3261,0.0000,0
5.3977,0.0000,0
3.8762,0.0000,0
4.3321,0.0000,0
5.7537,0.0000,0
4.2346,0.0000,0
2.2622,0.0000,0
4.0160,0.0000,0
5.6307,0.0000,0
3.3019,0.0000,0
6.0605,0.0000,0
2.7171,0.0000,0
4.0097,0.0000,0
6.1888,0.0000,0
0.6970,0.0000,0
6.4870,0.0000,0
4.6913,0.0000,0
2.9353,0.0000,0
3.8076,0.0000,0
5.3693,0.0000,0
5.2666,0.0000,0
4.5494,0.0000,0
5.8930,0.0000,0
6.2462,0.0000,0
6.3438,0.0000,0
8.2131,0.0000,0
6.4176,0.0000,0
6.1390,0.0000,0
6.7514,0.0000,0
4.6513,0.0000,0
6.2442,0.0000,0
7.6555,0.0000,4
5.6013,0.0000,1
5.5701,0.0000,0
2.3179,0.0000,0
5.4096,0.0000,0
1.8940,0.0000,0
3.9596,0.0000,0
5.9863,0.0000,0
7.3455,0.0000,0
6.2350,0.0000,0
1.9873,0.0000,0
6.0893,0.0000,0
5.1149,0.0000,0
3.0426,0.0000,0
5.4192,0.0000,0
2.1171,0.0000,0
4.9940,0.0000,1
3.1944,0.0000,0
3.7957,0.0000,0
3.2176,0.0000,0
3.3575,0.0000,2
3.1407,0.0000,0
5.2342,0.0000,0
5.2772,0.0000,2
4.3533,0.0000,0
5.0553,0.0000,0
6.3396,0.0000,0
5.4767,0.0000,0
6.9773,0.0000,0
3.6216,0.0000,0
7.6927,0.0000,0
4.4328,0.0000,0
7.7118,0.0000,0
5.7433,0.0000,0
3.4100,0.0000,0
6.7616,0.0000,0
5.9044,0.0000,0
4.3473,0.0000,0
6.2990,0.0000,0
4.3971,0.0000,0
3.7090,0.0000,0
5.8505,0.0000,0
1.9182,0.0000,0
5.1721,0.0000,0
5.1439,0.0000,0
5.2580,0.0000,0
4.3003,0.0000,0
4.6075,0.0000,0
4.2789,0.0000,0
3.1816,0.0000,0
8.3007,0.0000,0
3.2231,0.0000,0
6.3679,0.0000,0
7.1772,0.0000,0
7.3561,0.0000,0
4.2066,0.0000,0
5.1064,0.0000,0
3.4906,0.0000,2
1.3012,0.0000,0
4.4810,0.0000,0
3.5464,0.0000,1
2.6835,0.0000,2
4.5031,0.0000,0
5.2948,0.0000,0
5.5501,0.0000,4
4.7333,0.0000,0
5.2580,0.0000,0
3.3875,0.0000,0
6.9871,0.0000,0
5.5789,0.0000,0
6.9562,0.0000,0
4.4049,0.0000,0
6.9276,0.0000,0
5.1711,0.0000,0
7.0110,0.0000,0
6.8268,0.0000,0
2.9091,0.0000,0
3.6315,0.0000,0
3.6839,0.0000,0
5.8957,0.0000,0
4.9021,0.0000,0
4.8895,0.0000,0
2.2475,0.0000,0
4.5405,0.0000,0
4.8222,0.0000,0
6.9621,0.0000,0
3.0969,0.0000,0
5.1030,0.0000,0
6.3664,0.0000,0
4.8247,0.0000,0
1.6547,0.0000,0
4.8126,0.0000,0
4.1846,0.0000,0
4.8556,0.0000,0
7.0552,0.0000,0
7.0011,0.0000,0
6.3445,0.0000,0
6.5790,0.0000,0
6.1177,0.0000,0
6.5117,0.0000,0
4.6799,0.0000,0
2.1226,0.0000,0
2.4326,0.0000,0
3.0957,0.0000,0
3.3735,0.0000,0
3.5790,0.0000,0
4.9234,0.0000,0
4.7257,0.0000,0
5.4896,0.0000,0
9.1854,0.0000,0
2.8725,0.0000,0
4.0686,0.0000,0
4.7725,0.0000,0
6.3375,0.0000,0
5.1745,0.0000,0
6.3766,0.0000,0
5.2806,0.0000,0
5.6283,0.0000,0
6.8233,0.0000,0
4.0792,0.0000,0
6.0752,0.0000,2
6.4441,0.0000,0
7.3803,0.0000,0
5.4689,0.0000,0
6.7360,0.0000,0
5.1435,0.0000,0
7.0339,0.0000,0
1.6255,0.0000,0
6.6929,0.0000,0
7.5350,0.0000,1
5.1099,0.0000,0
2.3491,0.0000,0
5.6928,0.0000,2
5.7376,0.0000,0
5.8045,0.0000,0
8.4672,0.0000,0
6.7070,0.0000,0
6.1618,0.0000,3
4.7333,0.0000,0
4.5394,0.0000,0
6.3466,0.0000,0
5.8061,0.0000,0
3.3437,0.0000,0
7.9105,0.0000,0
5.3878,0.0000,0
6.3134,0.0000,0
6.3076,0.0000,0
2.7891,0.0000,0
6.3531,0.0000,0
3.5276,0.0000,0
3.9141,0.0000,0
5.4264,0.0000,0
3.4094,0.0000,0
7.0723,0.0000,0
3.0254,0.0000,0
4.6893,0.0000,0
3.8154,0.0000,0
3.8884,0.0000,0
6.0670,0.0000,0
6.2926,0.0000,0
8.3998,0.0000,0
2.9551,0.0000,0
5.9066,0.0000,0
5.0444,0.0000,0
9.6418,0.0000,0
3.6507,0.0000,0
5.8440,0.0000,0
5.6508,0.0000,0
3.8569,0.0000,0
6.2838,0.0000,0
5.9030,0.0000,0
2.7539,0.0000,0
5.4794,0.0000,0
5.5564,0.0000,0
7.0533,0.0000,0
6.1433,0.0000,0
5.4552,0.0000,0
2.7924,0.0000,0
8.5740,0.0000,0
5.5309,0.0000,0
5.5379,0.0000,0
4.3058,0.0000,0
6.2794,0.0000,0
5.7722,0.0000,0
5.1946,0.0000,0
4.5966,0.0000,2
5.4376,0.0000,0
5.8020,0.0000,0
6.4452,0.0000,0
2.4433,0.0000,0
4.6181,0.0000,0
4.5156,0.0000,0
8.9640,0.0000,0
6.4791,0.0000,0
3.6463,0.0000,0
3.6147,0.0000,0
6.3289,0.0000,0
5.7540,0.0000,0
6.8219,0.0000,0
6.2695,0.0000,0
5.2004,0.0000,0
5.9779,0.0000,0
6.0750,0.0000,0
7.5628,0.0000,0
5.4635,0.0000,0
4.5632,0.0000,0
6.5451,0.0000,0
6.7723,0.0000,0
7.6335,0.0000,0
5.8189,0.0000,0
4.0432,0.0000,0
3.6436,0.0000,0
5.2025,0.0000,0
4.9317,0.0000,0
2.7155,0.0000,0
2.7831,0.0000,0
2.5841,0.0000,0
4.4717,0.0000,0
4.7748,0.0000,2
5.5257,0.0000,5
1.3068,0.0000,0
7.1175,0.0000,0
6.5539,0.0000,0
4.5305,0.0000,0
8.3362,0.0000,0
5.4629,0.0000,0
4.6741,0.0000,0
6.6236,0.0000,0
8.3879,0.0000,0
1.6598,0.0000,0
6.3876,0.0000,0
4.2114,0.0000,2
7.4842,0.0000,0
4.1415,0.0000,0
6.0194,0.0000,0
3.7696,0.0000,0
6.6540,0.0000,0
7.4620,0.0000,0
3.6630,0.0000,0
3.4367,0.0000,0
4.8813,0.0000,0
7.5449,0.0000,0
3.4305,0.0000,0
2.8669,0.0000,0
4.5738,0.0000,0
5.9453,0.0000,0
3.5703,0.0000,0
5.2096,0.0000,0
4.9608,0.0000,0
6.9856,0.0000,2
5.3599,0.0000,0
7.9916,0.0000,0
5.9669,0.0000,0
3.5785,0.0000,0
6.6078,0.0000,0
2.0709,0.0000,0
5.1252,0.0000,0
4.2100,0.0000,0
6.8827,0.0000,0
3.9697,0.0000,0
4.3799,0.0000,0
7.1632,0.0000,0
6.0886,0.0000,0
5.1179,0.0000,0
7.8653,0.0000,0
4.5930,0.0000,0
8.7678,0.0000,0
6.6179,0.0000,4
5.9708,0.0000,0
5.8080,0.0000,0
6.7352,0.0000,0
4.5999,0.0000,0
3.1802,0.0000,1
3.7317,0.0000,0
6.5382,0.0000,0
1.7466,0.0000,0
2.7530,0.0000,0
3.4474,0.0000,2
6.7142,0.0000,0
5.7361,0.0000,0
2.2752,0.0000,0
6.6826,0.0000,0
7.7983,0.0000,0
6.4578,0.0000,0
4.7397,0.0000,0
3.0130,0.0000,0
5.7726,0.0000,0
5.3127,0.0000,0
2.0317,0.0000,0
5.9957,0.0000,0
6.1679,0.0000,0
4.8798,0.0000,0
4.7007,0.0000,0
1.4988,0.0000,0
3.2277,0.0000,0
3.0815,0.0000,0
7.4270,0.0000,0
4.9242,0.0000,0
4.3810,0.0000,0
3.1313,0.0000,0
6.1015,0.0000,0
3.2879,0.0000,0
4.5430,0.0000,0
5.3798,0.0000,0
6.0615,0.0000,0
5.8336,0.0000,0
4.4201,0.0000,0
5.0690,0.0000,0
5.0221,0.0000,0
6.0001,0.0000,0
5.9023,0.0000,0
4.3806,0.0000,0
6.3872,0.0000,0
6.2776,0.0000,0
5.9653,0.0000,4
3.8826,0.0000,0
3.7267,0.0000,0
7.3050,0.0000,0
6.0567,0.0000,0
5.8131,0.0000,0
7.7348,0.0000,0
7.5757,0.0000,0
4.7694,0.0000,0
3.0930,0.0000,0
4.9610,0.0000,0
3.4733,0.0000,0
5.1444,0.0000,0
4.4299,0.0000,0
6.5043,0.0000,0
6.5262,0.0000,0
4.6421,0.0000,0
5.1844,0.0000,0
3.6880,0.0000,0
5.2805,0.0000,0
2.3484,0.0000,0
5.1245,0.0000,0
7.2576,0.0000,0
6.3296,0.0000,0
6.1380,0.0000,4
4.0315,0.0000,0
3.9843,0.0000,0
4.9313,0.0000,0
5.8249,0.0000,0
3.6802,0.0000,0
3.5185,0.0000,0
4.2155,0.0000,0
6.3174,0.0000,0
7.5720,0.0000,0
4.9314,0.0000,0
6.3002,0.0000,0
5.8222,0.0000,0
8.0604,0.0000,0
6.0775,0.0000,0
5.2797,0.0000,0
5.4483,0.0000,0
3.9932,0.0000,0
7.6409,0.0000,0
3.4339,0.0000,0
6.2526,0.0000,0
3.8687,0.0000,0
3.4503,0.0000,0
7.0430,0.0000,0
3.5544,0.0000,0
5.9019,0.0000,0
7.2745,0.0000,0
5.3871,0.0000,0
2.1552,0.0000,0
4.8832,0.0000,0
5.2674,0.0000,0
3.8967,0.0000,0
5.7541,0.0000,0
2.5823,0.0000,0
4.7740,0.0000,0
4.5797,0.0000,0
7.9330,0.0000,0
2.2602,0.0000,0
4.5689,0.0000,0
4.4424,0.0000,0
6.8212,0.0000,0
8.2848,0.0000,0
6.6406,0.0000,0
4.9535,0.0000,0
6.3906,0.0000,0
4.1792,0.0000,0
6.8450,0.0000,0
4.4461,0.0000,0
7.6832,0.0000,0
6.9570,0.0000,0
2.9951,0.0000,0
5.7587,0.0000,0
4.3774,0.0000,0
5.8126,0.0000,0
3.8302,0.0000,0
2.8714,0.0000,0
3.8886,0.0000,0
3.8484,0.0000,0
1.8243,0.0000,0
6.4394,0.0000,0
5.8753,0.0000,0
4.1126,0.0000,0
5.2264,0.0000,0
3.8129,0.0000,0
4.5050,0.0000,0
3.8144,0.0000,0
4.9023,0.0000,0
3.1283,0.0000,0
5.5587,0.0000,0
6.9631,0.0000,0
3.3619,0.0000,0
6.0473,0.0000,0
2.9068,0.0000,0
3.0622,0.0000,0
4.6789,0.0000,0
2.9901,0.0000,0
6.5751,0.0000,0
2.9715,0.0000,0
5.1131,0.0000,0
3.5940,0.0000,0
4.0015,0.0000,0
4.0519,0.0000,0
4.6482,0.0000,0
5.7336,0.0000,0
4.9604,0.0000,0
7.2114,0.0000,0
6.0082,0.0000,0
7.1132,0.0000,0
5.1789,0.0000,0
3.1794,0.0000,0
5.6158,0.0000,0
6.6463,0.0000,0
5.3879,0.0000,0
7.6877,0.0000,0
6.3336,0.0000,0
4.2209,0.0000,0
5.9004,0.0000,0
6.7268,0.0000,0
5.5570,0.0000,0
3.8678,0.0000,0
5.6481,0.0000,0
6.1937,0.0000,0
5.8823,0.0000,0
4.4419,0.0000,0
5.4713,0.0000,1
4.8849,0.0000,0
5.7236,0.0000,0
5.7826,0.0000,0
4.6335,0.0000,0
0.6905,0.0000,0
4.3479,0.0000,0
7.6030,0.0000,0
5.9459,0.0000,0
4.5839,0.0000,0
5.1875,0.0000,0
5.9133,0.0000,0
4.3381,0.0000,0
5.0139,0.0000,0
3.4448,0.0000,0
3.1508,0.0000,0
7.1583,0.0000,0
6.3370,0.0000,0
4.6572,0.0000,0
4.2572,0.0000,0
2.7675,0.0000,0
4.3994,0.0000,0
7.4686,0.0000,0
4.5260,0.0000,0
6.4859,0.0000,0
5.1612,0.0000,0
5.9341,0.0000,0
2.7139,0.0000,0
2.8162,0.0000,0
7.7765,0.0000,0
7.7296,0.0000,0
5.1608,0.0000,0
3.4647,0.0000,0
3.1030,0.0000,0
2.5869,0.0000,0
5.5417,0.0000,0
2.9015,0.0000,0
0.9734,0.0000,0
5.3925,0.0000,0
5.4530,0.0000,0
5.3631,0.0000,0
6.8873,0.0000,0
3.8474,0.0000,0
2.4222,0.0000,0
6.5257,0.0000,0
6.1695,0.0000,0
5.1534,0.0000,0
5.8771,0.0000,0
4.9751,0.0000,0
3.8961,0.0000,0
1.5991,0.0000,0
7.1987,0.0000,0
6.6966,0.0000,0
4.3191,0.0000,1
7.9691,0.0000,0
5.6889,0.0000,0
3.6306,0.0000,0
3.0783,0.0000,0
5.7955,0.0000,0
5.3546,0.0000,0
4.2256,0.0000,0
3.4450,0.0000,0
4.5390,0.0000,0
7.1956,0.0000,0
5.9207,0.0000,0
2.7927,0.0000,0
5.9947,0.0000,0
4.0090,0.0000,0
4.7407,0.0000,0
1.4841,0.0000,0
4.4137,0.0000,0
6.4597,0.0000,0
2.4531,0.0000,0
5.2869,0.0000,0
7.6390,0.0000,0
7.0222,0.0000,0
1.7965,0.0000,0
6.6852,0.0000,0
6.8784,0.0000,0
5.8358,0.0000,0
3.2073,0.0000,1
6.0568,0.0000,0
7.2044,0.0000,0
4.8021,0.0000,0
4.4728,0.0000,0
9.0745,0.0000,0
6.7216,0.0000,0
2.5585,0.0000,0
6.7271,0.0000,0
5.3793,0.0000,0
6.3692,0.0000,0
6.6746,0.0000,0
6.2025,0.0000,0
6.7668,0.0000,0
2.6523,0.0000,0
3.8010,0.0000,0
3.5532,0.0000,0
5.1572,0.0000,0
4.9918,0.0000,0
6.7144,0.0000,0
5.4012,0.0000,0
3.8556,0.0000,0
2.8331,0.0000,0
7.6033,0.0000,0
5.9857,0.0000,0
5.6797,0.0000,0
6.6107,0.0000,0
6.3928,0.0000,0
4.5200,0.0000,0
5.0395,0.0000,0
3.2605,0.0000,0
7.3966,0.0000,0
4.9255,0.0000,0
3.6004,0.0000,0
4.4516,0.0000,0
4.8189,0.0000,0
3.8926,0.0000,0
6.2015,0.0000,0
3.4637,0.0000,0
4.1682,0.0000,0
6.4681,0.0000,0
5.2852,0.0000,0
6.5936,0.0000,0
8.1102,0.0000,0
5.3354,0.0000,0
3.3979,0.0000,0
3.0697,0.0000,0
7.4614,0.0000,0
8.2301,0.0000,0
5.3664,0.0000,0
6.5919,0.0000,0
6.3816,0.0000,0
6.7566,0.0000,0
2.4269,0.0000,0
4.5197,0.0000,0
3.3862,0.0000,0
6.7240,0.0000,0
3.0597,0.0000,0
4.7267,0.0000,0
3.4373,0.0000,0
4.2445,0.0000,0
4.7075,0.0000,0
7.1961,0.0000,0
4.7078,0.0000,0
6.2161,0.0000,1
5.0800,0.0000,0
7.3345,0.0000,0
5.0927,0.0000,0
7.3873,0.0000,0
3.8018,0.0000,0
6.0432,0.0000,0
6.7468,0.0000,0
3.9246,0.0000,0
6.7278,0.0000,0
6.0569,0.0000,0
3.7798,0.0000,0
3.5190,0.0000,0
6.0058,0.0000,0
5.3685,0.0000,0
3.5349,0.0000,0
3.6218,0.0000,0
6.4848,0.0000,0
5.3299,0.0000,3
3.7106,0.0000,0
7.0472,0.0000,0
7.9877,0.0000,0
5.4722,0.0000,0
2.0108,0.0000,0
2.6195,0.0000,0
4.4572,0.0000,0
5.0496,0.0000,4
3.2351,0.0000,0
2.9322,0.0000,0
4.0836,0.0000,0
3.6923,0.0000,0
5.7356,0.0000,0
7.4812,0.0000,0
5.3637,0.0000,4
5.9420,0.0000,0
5.1646,0.0000,0
3.2564,0.0000,0
4.3137,0.0000,0
6.1045,0.0000,0
2.9211,0.0000,0
2.9994,0.0000,0
5.4638,0.0000,0
4.7496,0.0000,0
3.2951,0.0000,4
6.3462,0.0000,0
4.0053,0.0000,0
6.0328,0.0000,0
5.9544,0.0000,0
6.5166,0.0000,0
4.7791,0.0000,0
8.5797,0.0000,0
7.6182,0.0000,0
5.1461,0.0000,0
2.2084,0.0000,0
6.3802,0.0000,0
4.4097,0.0000,0
5.1796,0.0000,0
4.4130,0.0000,0
5.3968,0.0000,0
5.1701,0.0000,0
2.6128,0.0000,0
7.2863,0.0000,0
5.5651,0.0000,0
5.6282,0.0000,0
1.3464,0.0000,0
3.7054,0.0000,0
6.6757,0.0000,0
5.2310,0.0000,0
5.8179,0.0000,0
5.9255,0.0000,0
4.8463,0.0000,0
3.6566,0.0000,0
5.6761,0.0000,6
5.7619,0.0000,0
8.1103,0.0000,0
3.9627,0.0000,0
6.2206,0.0000,0
6.5234,0.0000,0
6.1388,0.0000,0
5.5558,0.0000,0
4.1050,0.0000,0
3.4459,0.0000,0
3.8561,0.0000,0
6.2145,0.0000,0
6.8241,0.0000,0
2.7140,0.0000,0
5.2114,0.0000,0
2.6984,0.0000,0
1.7205,0.0000,0
3.7162,0.0000,0
3.1875,0.0000,0
7.1889,0.0000,0
6.2259,0.0000,0
5.6432,0.0000,0
4.6603,0.0000,0
5.9031,0.0000,0
4.6361,0.0000,0
6.4531,0.0000,0
5.6552,0.0000,0
3.9310,0.0000,0
5.6370,0.0000,0
4.6195,0.0000,0
5.7793,0.0000,0
5.3193,0.0000,0
1.8502,0.0000,0
4.0339,0.0000,0
7.1392,0.0000,0
3.0843,0.0000,0
4.4651,0.0000,0
3.8479,0.0000,0
5.0681,0.0000,0
6.6588,0.0000,0
6.4584,0.9310,0
5.4270,0.7496,4
3.1419,0.7379,0
4.5562,0.2991,0
3.6047,1.0114,0
5.4055,0.2867,0
6.0162,0.6775,0
6.3649,0.7383,0
8.1221,1.2552,0
5.4124,0.7499,0
6.2893,0.6990,0
4.9089,0.3460,0
5.9879,0.0000,0
6.0200,0.7140,0
6.9390,1.1012,0
3.0985,0.6823,0
2.2859,0.8267,0
5.7933,0.4994,0
6.5453,0.4718,0
4.4714,0.9662,0
5.6782,0.3626,0
6.7278,0.5449,2
5.7115,0.7020,0
0.7107,0.6495,0
3.8154,0.7880,0
5.3431,0.6403,0
4.2025,0.8303,0
6.2184,0.5077,0
5.3023,0.3637,0
5.7589,0.6004,0
5.0270,0.6778,0
7.5867,0.3372,1
4.1804,0.5404,0
3.5171,0.7833,0
3.6673,1.0042,0
5.3858,0.6158,0
7.9163,0.5229,0
3.9118,0.1434,0
4.4235,0.4977,0
9.1950,0.3624,0
6.6232,4.4059,0
4.5657,0.7220,0
6.4054,0.6551,0
5.7626,0.8963,0
5.4908,0.5366,0
6.1304,0.5291,0
5.3692,0.6153,0
4.8384,0.8080,0
2.8933,0.6878,0
5.3172,0.7495,0
4.5065,0.6472,0
2.3025,0.3630,0
5.2376,0.3922,0
5.7417,0.4791,0
7.2844,0.8845,0
5.0288,0.6239,0
4.5878,0.8571,0
5.6558,0.4102,0
6.4628,0.7968,0
4.2909,0.8118,0
1.9709,1.5689,0
5.0882,0.6491,0
4.5747,0.7244,0
6.2912,0.5284,0
6.7999,0.8222,0
5.5678,0.3242,0
4.3050,0.5435,0
2.1811,0.6571,0
3.5813,1.0783,0
4.3864,0.4528,0
5.2971,0.8436,0
8.1435,0.3668,0
5.8641,0.6540,0
5.0524,0.3089,0
4.5701,0.3937,0
4.7401,0.9678,0
8.0307,0.5288,0
4.8380,0.8077,0
7.3706,0.0000,0
4.9393,0.4882,0
3.7095,0.8658,0
4.2966,0.4884,0
3.6586,0.6181,0
7.9054,1.0174,0
6.5183,0.5783,0
6.5668,0.6725,0
5.5587,0.5249,0
6.9794,0.6299,0
7.6403,3.9797,0
7.1296,0.6286,0
6.4441,0.3342,0
6.3623,0.5519,0
5.5374,0.7661,0
8.0875,0.7095,0
3.7884,0.4227,0
5.5558,0.7751,0
9.6707,0.5114,0
5.7764,1.0175,0
5.0401,0.5371,0
4.0718,0.4826,0
4.0567,0.0000,0
1.2554,0.0000,0
2.4258,0.0000,0
8.3909,0.0000,0
5.7190,0.0000,0
4.8455,0.0000,0
3.0324,0.0000,0
4.5678,0.0000,0
4.0431,0.0000,0
6.5843,0.0000,0
3.2314,0.0000,0
6.4170,0.0000,0
4.3534,0.0000,0
6.5742,0.0000,0
3.3549,0.0000,0
5.7554,0.0000,0
3.3722,0.0000,0
2.5093,0.0000,0
6.2044,0.0000,0
4.9524,0.0000,0
5.2540,0.0000,0
3.1208,0.0000,0
6.6951,0.0000,0
2.5855,0.0000,0
2.8388,0.0000,0
4.8096,0.0000,0
1.6476,0.0000,0
6.2926,0.0000,0
6.0290,0.0000,0
5.6264,0.0000,0
2.7854,0.0000,0
6.9281,0.0000,0
7.4931,0.0000,0
6.7279,0.0000,0
1.4471,0.0000,0
5.1519,0.0000,0
3.9447,0.0000,0
5.9030,0.0000,0
4.9448,0.0000,0
1.6595,0.0000,0
2.9526,0.0000,0
4.8334,0.0000,0
7.1708,0.0000,0
4.3597,0.0000,0
3.9893,0.0000,0
2.5821,0.0000,0
6.4282,0.0000,0
5.4648,0.0000,0
5.5621,0.0000,0
3.8977,0.0000,0
7.9816,0.0000,0
3.8393,0.0000,0
4.0578,0.0000,0
1.9736,0.0000,0
5.6699,0.0000,0
4.0569,0.0000,0
4.0143,0.0000,0
4.3465,0.0000,0
3.7189,0.0000,0
5.6672,0.0000,0
4.2079,0.0000,0
3.5672,0.0000,0
6.1738,0.0000,0
4.0813,0.0000,0
3.4631,0.0000,0
6.1898,0.0000,0
6.7633,0.0000,0
3.1444,0.0000,0
5.1740,0.0000,0
5.9027,0.0000,13
8.6642,0.0000,0
7.4531,0.0000,0
5.7100,0.0000,0
3.8508,0.0000,0
5.0498,0.0000,0
7.2399,0.0000,0
5.1941,0.0000,0
7.3515,0.0000,0
0.8203,0.0000,9
3.1688,0.0000,0
3.2928,0.0000,0
6.2603,0.0000,0
3.6502,0.0000,0
2.9748,0.0000,0
6.7375,0.0000,0
6.4736,0.0000,0
4.6632,0.0000,0
4.5454,0.0000,0
4.9207,0.0000,0
1.4750,0.0000,0
1.9336,0.0000,0
5.7202,0.0000,0
3.6172,0.0000,0
4.9953,0.0000,0
7.7092,0.0000,0
1.5871,0.0000,0
3.6114,0.0000,0
6.0461,0.0000,0
4.4109,0.0000,0
4.1521,0.0000,0
3.0662,0.0000,0
5.9633,0.0000,0
5.3258,0.0000,0
6.8781,0.0000,0
6.2266,0.0000,0
1.6877,0.0000,0
6.5451,0.0000,0
7.2912,0.0000,0
5.6207,0.0000,0
4.0288,0.0000,0
6.5647,0.0000,0
7.6303,0.0000,0
5.4121,0.0000,0
5.0505,0.0000,0
7.6107,0.0000,0
7.0565,0.0000,0
4.1804,0.0000,0
2.9039,0.0000,0
7.5148,0.0000,0
5.8033,0.0000,0
5.2207,0.0000,0
6.4559,0.0000,0
3.7494,0.0000,0
7.3593,0.0000,0
3.7198,0.0000,0
8.3686,0.0000,0
2.0198,0.0000,0
2.7559,0.0000,0
4.6779,0.0000,0
6.4932,0.0000,0
1.7259,0.0000,0
6.5763,0.0000,0
3.9659,0.0000,0
6.3674,0.0000,0
2.3391,0.0000,0
8.8300,0.0000,0
5.8637,0.0000,0
5.9934,0.0000,0
6.3258,0.0000,0
5.2494,0.0000,0
3.2686,0.0000,5
5.0018,0.0000,0
4.7910,0.0000,0
4.3297,0.0000,0
6.3513,0.0000,0
6.7075,0.0000,0
5.5431,0.0000,0
6.8860,0.0000,0
4.5295,0.0000,0
4.5833,0.0000,0
2.5494,0.0000,0
4.6163,0.0000,0
7.0666,0.0000,0
7.0504,0.0000,0
3.3850,0.0000,0
5.9801,0.0000,0
5.4737,0.0000,0
7.0095,0.0000,0
4.9201,0.0000,0
5.2826,0.0000,0
3.7866,0.0000,0
6.1483,0.0000,0
6.4739,0.0000,0
6.4815,0.0000,0
2.5232,0.0000,0
3.6494,0.0000,0
1.4883,0.0000,0
3.6468,0.0000,0
3.9871,0.0000,0
2.0409,0.0000,0
7.1187,0.0000,0
5.2724,0.0000,0
5.1301,0.0000,0
8.1005,0.0000,0
4.2641,0.0000,0
5.8700,0.0000,0
2.2216,0.0000,0
5.7943,0.0000,0
5.9024,0.0000,3
5.7606,0.0000,0
3.0181,0.0000,0
4.2815,0.0000,0
6.6424,0.0000,0
1.7971,0.0000,0
7.7126,0.0000,0
4.0776,0.0000,0
6.6614,0.0000,0
3.5705,0.0000,0
6.3928,0.0000,0
7.9343,0.0000,0
6.4655,0.0000,0
5.6233,0.0000,0
3.6222,0.0000,0
2.8285,0.0000,0
1.9862,0.0000,5
5.8714,0.0000,4
4.3139,0.0000,0
6.8309,0.0000,0
7.2620,0.0000,0
6.1647,0.0000,0
3.4124,0.0000,0
3.9338,0.0000,0
6.4671,0.0000,0
3.4858,0.0000,0
8.4144,0.0000,0
7.3475,0.0000,0
3.1367,0.0000,0
5.5549,0.0000,0
5.5125,0.0000,0
3.1825,0.0000,0
6.4132,0.0000,0
3.8869,0.0000,0
4.3261,0.0000,0
2.4936,0.0000,4
6.1002,0.0000,0
7.3265,0.0000,0
3.8360,0.0000,0
3.4880,0.0000,0
2.5158,0.0000,0
6.2209,0.0000,0
5.9383,0.0000,0
3.9761,0.0000,0
3.8961,0.0000,0
3.9753,0.0000,0
7.1899,0.0000,0
4.9289,0.0000,0
2.8512,0.0000,0
6.9505,0.0000,0
6.9339,0.0000,0
7.9179,0.0000,0
3.9944,0.0000,0
6.3602,0.0000,0
7.0955,0.0000,0
7.4295,0.0000,0
4.1773,0.0000,0
6.2895,0.0000,0
2.0390,0.0000,0
3.3593,0.0000,0
2.1557,0.0000,0
5.6263,0.0000,0
5.8453,0.0000,0
7.1800,0.0000,0
5.7634,0.0000,0
2.1739,0.0000,0
5.6340,0.0000,0
3.4975,0.0000,0
7.5530,0.0000,0
4.1612,0.0000,0
7.3022,0.0000,0
4.3867,0.0000,0
3.2284,0.0000,0
5.5574,0.0000,0
3.9633,0.0000,0
5.6212,0.0000,0
7.5346,0.0000,10
2.1605,0.0000,0
4.0844,0.0000,0
3.5329,0.0000,0
5.0073,0.0000,0
5.3811,0.0000,0
6.9793,0.0000,0
3.4213,0.0000,0
6.9727,0.0000,0
4.7589,0.0000,0
3.3568,0.0000,0
2.7327,0.0000,0
3.2416,0.0000,0
4.4313,0.0000,0
6.0493,0.0000,0
3.9370,0.0000,0
4.9541,0.0000,0
4.2370,0.0000,0
8.3581,0.0000,0
6.5325,0.0000,0
3.3210,0.0000,0
6.1730,0.0000,0
5.1378,0.0000,0
5.0787,0.0000,0
4.5295,0.0000,0
5.9962,0.0000,0
3.0548,0.0000,0
3.7530,0.0000,0
5.7638,0.0000,0
3.2638,0.0000,0
6.8493,0.0000,0
5.4064,0.0000,0
5.0122,0.0000,0
5.1177,0.0000,0
5.5025,0.0000,0
2.2660,0.0000,0
7.8128,0.0000,0
7.6805,0.0000,0
4.7005,0.0000,0
2.7409,0.0000,0
6.8970,0.0000,0
7.1548,0.0000,0
5.4604,0.0000,0
3.4799,0.0000,0
6.0581,0.0000,0
7.1395,0.0000,0
6.5339,0.0000,0
5.3305,0.0000,0
1.9265,0.0000,0
3.4582,0.0000,5
2.4212,0.0000,0
3.8565,0.0000,0
7.1026,0.0000,0
3.0680,0.0000,0
5.6389,0.0000,0
7.0546,0.0000,0
4.0262,0.0000,0
1.5142,0.0000,0
4.4756,0.0000,0
5.4063,0.0000,0
4.6282,0.0000,0
3.9366,0.0000,0
3.8698,0.0000,0
3.2223,0.0000,0
7.1480,0.0000,0
6.1075,0.0000,5
3.6058,0.0000,0
8.1950,0.0000,0
8.3165,0.0000,0
5.4955,0.0000,0
6.1336,0.0000,0
6.3098,0.0000,0
5.2284,0.0000,0
6.0656,0.0000,0
3.4947,0.0000,0
3.8043,0.0000,0
6.5402,0.0000,0
5.7976,0.0000,0
4.4399,0.0000,0
7.1712,0.0000,0
7.0750,0.0000,0
6.1907,0.0000,0
3.4787,0.0000,0
6.9343,0.0000,0
5.9991,0.0000,0
3.1811,0.0000,0
4.6453,0.0000,0
2.5976,0.0000,0
6.0366,0.0000,0
5.6870,0.0000,0
5.4586,0.0000,0
3.7412,0.0000,0
3.7939,0.0000,0
4.5651,0.0000,0
4.9599,0.0000,0
6.1269,0.0000,0
3.3880,0.0000,0
4.3545,0.0000,0
6.2605,0.0000,0
3.7405,0.0000,0
8.0990,0.0000,0
5.7251,0.0000,0
2.5810,0.0000,0
5.0913,0.0000,0
3.4317,0.0000,0
6.4485,0.0000,0
3.6552,0.0000,0
7.5300,0.0000,0
2.7413,0.0000,0
6.3050,0.0000,0
5.5583,0.0000,0
3.0694,0.0000,0
1.9720,0.0000,0
6.5047,0.0000,0
1.5227,0.0000,0
4.9220,0.0000,0
6.8267,0.0000,0
4.6127,0.0000,0
4.3115,0.0000,0
4.5527,0.0000,0
3.7888,0.0000,0
6.3128,0.0000,0
7.8541,0.0000,0
6.0024,0.0000,0
2.7151,0.0000,0
3.0460,0.0000,0
5.2883,0.0000,0
5.3738,0.0000,0
3.7550,0.0000,0
1.9337,0.0000,0
5.3932,0.0000,0
5.5641,0.0000,0
4.8522,0.0000,0
3.7140,0.0000,0
7.1186,0.0000,0
5.8851,0.0000,0
4.5165,0.0000,0
5.4550,0.0000,0
5.7213,0.0000,0
7.4622,0.0000,0
4.8334,0.0000,0
4.0631,0.0000,0
2.8238,0.0000,0
6.5137,0.0000,0
6.8790,0.0000,0
6.7627,0.0000,0
7.6620,0.0000,0
6.2481,0.0000,0
1.9489,0.0000,0
4.5640,0.0000,0
4.4516,0.0000,0
2.3334,0.0000,0
3.0671,0.0000,0
2.4622,0.0000,0
5.7150,0.0000,0
6.3548,0.0000,0
3.8195,0.0000,0
6.5129,0.0000,0
6.0263,0.0000,0
6.4030,0.0000,0
2.2562,0.0000,0
5.6467,0.0000,0
5.2228,0.0000,0
4.7396,0.0000,0
2.2182,0.0000,0
7.4273,0.0000,0
4.8678,0.0000,0
4.1370,0.0000,0
6.3775,0.0000,0
5.0846,0.0000,0
6.3516,0.0000,0
4.7344,0.0000,0
3.4252,0.0000,0
2.2906,0.0000,10
3.1422,0.0000,0
4.4683,0.0000,0
7.1294,0.0000,0
5.5108,0.0000,0
3.3950,0.0000,0
1.0526,0.0000,0
3.7646,0.0000,0
6.9101,0.0000,10
2.9697,0.0000,0
5.6438,0.0000,0
6.2747,0.0000,0
6.2386,0.0000,0
5.4673,0.0000,0
4.5008,0.0000,0
5.5555,0.0000,0
4.0193,0.0000,0
4.7217,0.0000,0
6.1145,0.0000,0
3.2414,0.0000,0
6.1607,0.0000,0
4.4905,0.0000,0
4.0968,0.0000,0
3.5282,0.0000,0
7.9184,0.0000,0
4.6822,0.0000,0
5.7777,0.0000,0
5.5047,0.0000,0
4.2583,0.0000,0
4.5650,0.0000,0
2.9660,0.0000,0
5.8892,0.0000,0
5.2378,0.0000,0
7.2096,0.0000,0
5.5733,0.0000,0
4.6623,0.0000,0
2.6793,0.0000,0
2.9128,0.0000,0
4.4343,0.0000,0
6.5936,0.0000,0
4.1099,0.0000,0
5.7772,0.0000,0
2.4406,0.0000,3
2.7426,0.0000,0
5.3724,0.0000,0
4.8784,0.0000,0
7.1333,0.0000,0
5.4317,0.0000,0
5.5889,0.0000,0
3.1023,0.0000,0
3.0355,0.0000,0
6.0072,0.0000,0
4.3999,0.0000,0
1.6370,0.0000,0
6.6015,0.0000,0
2.8365,0.0000,0
4.0917,0.0000,0
2.9899,0.0000,0
5.4003,0.0000,0
6.6839,0.0000,0
2.9443,0.0000,0
3.4421,0.0000,0
4.6633,0.0000,0
5.4295,0.0000,0
4.7448,0.0000,0
7.1074,0.0000,0
5.6852,0.0000,0
7.0259,0.0000,0
6.0660,0.0000,5
3.4980,0.0000,0
5.0684,0.0000,0
7.6151,0.0000,0
7.8058,0.0000,0
6.2591,0.0000,0
4.9104,0.0000,0
6.5836,0.0000,0
7.0733,0.0000,3
5.3686,0.0000,0
3.9826,0.0000,0
5.8752,0.0000,0
3.4879,0.0000,0
1.7225,0.0000,6
6.4872,0.0000,0
4.9603,0.0000,0
5.6732,0.0000,0
2.9747,0.0000,0
1.5035,0.0000,0
6.8424,0.0000,0
4.6559,0.0000,0
5.0400,0.0000,0
6.0850,0.0000,0
4.1672,0.0000,0
5.4563,0.0000,0
6.3098,0.0000,0
2.5099,0.0000,0
3.5479,0.0000,0
3.2010,0.0000,0
4.8949,0.0000,0
8.1836,0.0000,0
6.9085,0.0000,0
6.1134,0.0000,0
5.1619,0.0000,0
5.8539,0.0000,0
3.3227,0.0000,0
3.2948,0.0000,0
6.7746,0.0000,0
4.6715,0.0000,0
5.8033,0.0000,0
6.5748,0.0000,0
1.4870,0.0000,0
5.0534,0.0000,0
5.5592,0.0000,0
5.5161,0.0000,0
7.4353,0.0000,0
6.1804,0.0000,0
6.1131,0.0000,0
5.3283,0.0000,0
2.1524,0.0000,0
7.2698,0.0000,0
6.1415,0.0000,9
1.4411,0.0000,0
8.4975,0.0000,0
7.4851,0.0000,0
5.1204,0.0000,0
6.6077,0.0000,0
4.3971,0.0000,0
6.3569,0.0000,0
3.9843,0.0000,0
5.5120,0.0000,0
5.7928,0.0000,0
6.7959,0.0000,0
5.9216,0.0000,0
8.0886,0.0000,0
2.8813,0.0000,0
4.9496,0.0000,0
7.3198,0.0000,0
2.9107,0.0000,0
2.0921,0.0000,0
5.3781,0.0000,0
7.6982,0.0000,0
6.2973,0.0000,0
2.5127,0.0000,0
6.7832,0.0000,0
5.9247,0.0000,0
5.6474,0.0000,0
2.4836,0.0000,0
5.0369,0.0000,0
3.7034,0.0000,0
6.7395,0.0000,0
6.8968,0.0000,0
2.9564,0.0000,0
4.2532,0.0000,0
5.0883,0.0000,0
5.0247,0.0000,0
4.8401,0.0000,0
6.6292,0.0000,0
4.2137,0.0000,0
7.0528,0.0000,0
6.2216,0.0000,0
6.8978,0.0000,0
5.4810,0.0000,12
4.9058,0.0000,0
8.5268,0.0000,0
4.5721,0.0000,0
6.3636,0.0000,0
5.1372,0.0000,0
5.2412,0.0000,0
5.7461,0.0000,0
6.7900,0.0000,0
3.4068,0.0000,0
2.5047,0.0000,0
4.0661,0.0000,0
3.5049,0.0000,0
6.0646,0.0000,14
4.0423,0.0000,0
5.7974,0.0000,0
6.6817,0.0000,0
2.8252,0.0000,0
6.5186,0.0000,0
5.9307,0.0000,0
6.1590,0.0000,0
5.1806,0.0000,0
2.4991,0.0000,0
6.7623,0.0000,0
6.8233,0.0000,0
5.9344,0.0000,0
7.3694,0.0000,0
7.5691,0.0000,0
2.6246,0.0000,0
6.4978,0.0000,0
1.4653,0.0000,0
4.4141,0.0000,0
3.7345,0.0000,0
7.2613,0.7300,0
3.9151,0.6398,0
4.6158,0.3761,6
4.1818,0.5487,0
6.7135,0.6009,0
6.5622,0.4342,0
0.8836,0.3841,0
7.4689,0.5404,0
1.4229,0.3226,0
3.4651,0.4516,0
6.0876,0.3575,0
4.5889,7.0900,0
5.6073,0.1681,0
5.2131,1.3006,0
2.4581,0.4334,0
4.3949,0.2533,0
5.7734,0.4753,0
7.3984,0.2536,0
5.5220,0.6203,0
2.6469,0.5920,0
4.7116,2.9680,0
2.4429,1.7006,0
6.4510,0.6903,0
4.6470,0.4687,0
3.9101,0.3614,0
7.6149,0.4802,0
6.9664,1.3499,0
5.8036,0.1737,0
4.7127,0.4787,0
2.9215,0.7049,0
8.2846,0.6096,0
6.5661,0.2572,0
2.9943,0.4120,0
3.6485,0.3647,0
3.7606,0.7293,0
7.3948,0.9053,0
2.8524,0.5353,0
5.3732,0.3666,0
7.6694,0.1951,0
7.4312,0.4523,0
3.9324,0.3667,0
4.8115,0.6656,0
1.9885,0.5494,0
4.7969,0.8025,0
4.9403,0.5300,0
3.0974,1.7228,0
2.0149,0.3240,0
3.1090,0.6112,0
2.9605,0.5470,0
6.7987,0.6541,0
4.2920,0.0496,0
3.0829,0.3028,0
3.5859,0.4210,0
5.4753,0.2249,0
5.0849,0.4188,0
6.2154,0.6224,0
6.9381,0.3809,0
3.7954,0.2594,0
3.6842,4.7281,0
5.0554,0.4312,0
4.2988,0.4337,0
3.0553,3.6031,0
6.5837,0.4527,0
1.1562,0.5813,0
6.8434,1.0064,0
5.2782,0.5913,0
4.9296,0.6034,0
5.3613,0.2048,0
4.0385,0.3128,0
4.2515,0.5005,0
6.4426,0.7843,0
6.0864,1.3167,0
6.3107,1.2388,0
6.0064,0.5097,0
5.1689,0.4825,0
4.2799,0.4095,0
2.0717,4.8490,0
5.3999,0.6879,0
2.1275,1.0444,12
4.5834,0.3444,0
6.8097,0.8680,0
1.1866,6.2956,0
6.9371,0.0000,0
3.9630,0.0000,0
4.8095,0.0000,0
8.2885,0.0000,0
5.1415,0.0000,0
5.1230,0.0000,0
5.9402,0.0000,0
2.7867,0.0000,0
2.4986,0.0000,0
3.6204,0.0000,0
6.4947,0.0000,0
3.9506,0.0000,0
3.7413,0.0000,0
6.6249,0.0000,0
6.8149,0.0000,0
4.8636,0.0000,0
3.9034,0.0000,0
7.3751,0.0000,0
4.2160,0.0000,0
4.1076,0.0000,0
4.8155,0.0000,0
6.2291,0.0000,0
3.1255,0.0000,0
3.5996,0.0000,0
6.7956,0.0000,0
3.8960,0.0000,0
6.1618,0.0000,0
7.3856,0.0000,0
5.5686,0.0000,0
1.7577,0.0000,0
6.7120,0.0000,0
5.2011,0.0000,0
4.2437,0.0000,0
5.3477,0.0000,0
1.4754,0.0000,0
6.7075,0.0000,0
6.2745,0.0000,0
4.6162,0.0000,0
7.4539,0.0000,0
6.0213,0.0000,0
6.8473,0.0000,0
5.2201,0.0000,0
6.7376,0.0000,0
2.5838,0.0000,0
6.7817,0.0000,0
4.0859,0.0000,0
3.0318,0.0000,0
5.9272,0.0000,0
5.0306,0.0000,0
3.4873,0.0000,0
2.8651,0.0000,0
4.6420,0.0000,0
5.4001,0.0000,0
5.1478,0.0000,0
3.1794,0.0000,0
8.1030,0.0000,0
3.0263,0.0000,0
6.4022,0.0000,0
4.7735,0.0000,0
2.0996,0.0000,0
6.2590,0.0000,0
5.0218,0.0000,0
6.0756,0.0000,0
7.1900,0.0000,0
8.1701,0.0000,0
6.8045,0.0000,0
4.7012,0.0000,0
4.3019,0.0000,0
7.4014,0.0000,0
4.3305,0.0000,0
6.5291,0.0000,0
5.3773,0.0000,0
4.8816,0.0000,0
5.0676,0.0000,0
2.4886,0.0000,0
5.0490,0.0000,0
6.7010,0.0000,0
2.9041,0.0000,0
6.0423,0.0000,0
5.3632,0.0000,0
5.3069,0.0000,0
2.4858,0.0000,2
6.8415,0.0000,0
3.3104,0.0000,0
4.1746,0.0000,0
4.1138,0.0000,0
6.2453,0.0000,0
6.3033,0.0000,0
5.3602,0.0000,0
4.2001,0.0000,0
1.4222,0.0000,0
3.8930,0.0000,0
4.8807,0.0000,0
5.3083,0.0000,0
7.9307,0.0000,0
3.0446,0.0000,0
6.3408,0.0000,0
4.6266,0.0000,0
7.2265,0.0000,0
5.4773,0.0000,0
6.2824,0.0000,0
5.7149,0.0000,0
3.6578,0.0000,0
6.9157,0.0000,0
3.2729,0.0000,0
4.4514,0.0000,0
6.4169,0.0000,0
7.3455,0.0000,0
6.6334,0.0000,0
3.7295,0.0000,0
8.1883,0.0000,0
7.1865,0.0000,0
8.2850,0.0000,0
2.4266,0.0000,0
3.4519,0.0000,0
5.3995,0.0000,0
6.1332,0.0000,0
8.0077,0.0000,0
4.2749,0.0000,0
4.7052,0.0000,0
5.0127,0.0000,0
4.5602,0.0000,0
3.7401,0.0000,0
3.0272,0.0000,0
6.8122,0.0000,0
2.9498,0.0000,0
7.1540,0.0000,0
7.0489,0.0000,0
4.1907,0.0000,0
5.2241,0.0000,0
6.7764,0.0000,0
3.2253,0.0000,0
8.0529,0.0000,0
5.9109,0.0000,0
4.9330,0.0000,0
6.6210,0.0000,0
4.5685,0.0000,0
5.9345,0.0000,0
5.8983,0.0000,0
5.9723,0.0000,0
3.0043,0.0000,0
7.0252,0.0000,0
5.5673,0.0000,0
3.4718,0.0000,0
2.4289,0.0000,0
3.0269,0.0000,0
5.3504,0.0000,2
3.8855,0.0000,0
2.9522,0.0000,0
5.7747,0.0000,0
4.4479,0.0000,0
4.2543,0.0000,0
6.8706,0.0000,0
4.9295,0.0000,0
7.0731,0.0000,0
7.6119,0.0000,0
5.9555,0.0000,0
6.5507,0.0000,0
3.1441,0.0000,0
6.0296,0.0000,0
6.4890,0.0000,0
4.6226,0.0000,0
4.7062,0.0000,0
8.0463,0.0000,0
6.4609,0.0000,0
2.2351,0.0000,0
6.2486,0.0000,0
5.9786,0.0000,0
5.4942,0.0000,0
4.9047,0.0000,0
5.2476,0.0000,0
4.2136,0.0000,0
6.4299,0.0000,0
7.5813,0.0000,0
5.3445,0.0000,0
5.6819,0.0000,0
5.1624,0.0000,0
7.9698,0.0000,0
5.8234,0.0000,0
2.9265,0.0000,0
7.8569,0.0000,0
4.0923,0.0000,0
1.7458,0.0000,0
4.9449,0.0000,0
4.3288,0.0000,0
4.7321,0.0000,0
5.3625,0.0000,0
2.0034,0.0000,0
4.7310,0.0000,0
5.1265,0.0000,0
5.8470,0.0000,0
4.5188,0.0000,0
4.9997,0.0000,0
3.2829,0.0000,0
4.2717,0.0000,0
3.5507,0.0000,0
6.1845,0.0000,0
2.2864,0.0000,0
5.1019,0.0000,0
6.6948,0.0000,0
6.8913,0.0000,0
4.8476,0.0000,0
8.0927,0.0000,0
5.0802,0.0000,0
5.0772,0.0000,0
6.3990,0.0000,0
3.0213,0.0000,0
6.2446,0.0000,3
3.8076,0.0000,0
7.2803,0.0000,0
6.6407,0.0000,0
2.2864,0.0000,0
6.4443,0.0000,0
6.8799,0.0000,0
4.5178,0.0000,0
4.8647,0.0000,0
5.6706,0.0000,0
7.9441,0.0000,0
2.0300,0.0000,0
5.3514,0.0000,0
6.6008,0.0000,0
4.9988,0.0000,0
6.7210,0.0000,0
3.1506,0.0000,0
2.3837,0.0000,0
5.8773,0.0000,0
5.6307,0.0000,0
5.5487,0.0000,0
6.7115,0.0000,0
7.4689,0.0000,0
7.5336,0.0000,0
2.7492,0.0000,0
6.7132,0.0000,0
2.2600,0.0000,0
5.2580,0.0000,0
3.4350,0.0000,0
6.4694,0.0000,0
4.7237,0.0000,0
5.4997,0.0000,0
6.0509,0.0000,0
3.8108,0.0000,0
7.1771,0.0000,0
3.1624,0.0000,0
4.4164,0.0000,0
3.3641,0.0000,0
5.2089,0.0000,0
7.1742,0.0000,0
2.9875,0.0000,0
3.9863,0.0000,0
7.7598,0.0000,0
5.5814,0.0000,0
5.1730,0.0000,0
3.2281,0.0000,0
4.2226,0.0000,0
4.8787,0.0000,0
6.0545,0.0000,0
1.5309,0.0000,0
6.5840,0.0000,0
6.2694,0.0000,0
4.3364,0.0000,0
5.0452,0.0000,0
6.0279,0.0000,0
3.8223,0.0000,0
4.6752,0.0000,0
5.6170,0.0000,0
5.2033,0.0000,0
3.0579,0.0000,0
3.0397,0.0000,0
5.0609,0.0000,0
7.3428,0.0000,0
5.0371,0.0000,3
3.8302,0.0000,0
1.9359,0.0000,0
4.7022,0.0000,0
7.1247,0.0000,0
4.2441,0.0000,0
4.7507,0.0000,0
4.7926,0.0000,0
4.5414,0.0000,0
3.3084,0.0000,0
2.3574,0.0000,0
4.2395,0.0000,0
4.4759,0.0000,0
6.8252,0.0000,0
6.7107,0.0000,0
3.6663,0.0000,0
5.2544,0.0000,0
3.3327,0.0000,0
3.3973,0.0000,0
3.6186,0.0000,0
6.9110,0.0000,1
6.0224,0.0000,0
0.6173,0.0000,0
5.4812,0.0000,0
5.2874,0.0000,0
5.8139,0.0000,0
6.4671,0.0000,0
7.6624,0.0000,0
4.5470,0.0000,0
6.5167,0.0000,0
7.3354,0.0000,0
4.0357,0.0000,0
4.3345,0.0000,0
4.8901,0.0000,0
5.4272,0.0000,0
6.4626,0.0000,0
2.1430,0.0000,0
5.7897,0.0000,0
2.6277,0.0000,0
5.0762,0.0000,0
8.1755,0.0000,0
4.6919,0.0000,0
6.2954,0.0000,0
3.9961,0.0000,0
5.8458,0.0000,0
6.3412,0.0000,0
5.0826,0.0000,0
5.1437,0.0000,0
3.5993,0.0000,0
3.3470,0.0000,0
5.1882,0.0000,0
4.7571,0.0000,0
5.3006,0.0000,0
6.6150,0.0000,0
4.0314,0.0000,0
2.1308,0.0000,0
5.2635,0.0000,0
5.8648,0.0000,0
6.1177,0.0000,0
5.1909,0.0000,0
2.0544,0.0000,0
5.6554,0.0000,0
2.9391,0.0000,0
4.1694,0.0000,0
2.5736,0.0000,0
3.9249,0.0000,3
7.9832,0.0000,0
4.1089,0.0000,0
5.5351,0.0000,0
6.5100,0.0000,0
6.4356,0.0000,0
4.3945,0.0000,0
5.1610,0.0000,0
5.8358,0.0000,0
6.7227,0.0000,0
4.7240,0.0000,0
2.8845,0.0000,0
5.1977,0.0000,0
3.9483,0.0000,0
8.1226,0.0000,0
5.4216,0.0000,4
2.4769,0.0000,0
5.4749,0.0000,0
7.6057,0.0000,0
3.1194,0.0000,0
4.4772,0.0000,0
3.8616,0.0000,0
2.9954,0.0000,0
4.7544,0.0000,0
3.7082,0.0000,0
2.3272,0.0000,0
4.0592,0.0000,0
5.1021,0.0000,0
1.4665,0.0000,0
4.6797,0.0000,0
5.3649,0.0000,0
5.2410,0.0000,0
2.3242,0.0000,0
4.1909,0.0000,0
4.4634,0.0000,0
7.3030,0.0000,0
5.3952,0.0000,0
4.6402,0.0000,0
1.0883,0.0000,0
5.0593,0.0000,0
3.8747,0.0000,0
6.3713,0.0000,0
7.8190,0.0000,0
5.2665,0.0000,0
4.9436,0.0000,0
8.8579,0.0000,0
6.2255,0.0000,0
2.5346,0.0000,0
4.3146,0.0000,0
7.3199,0.0000,0
3.4561,0.0000,0
4.4554,0.0000,0
6.2467,0.0000,0
2.5817,0.0000,0
3.9833,0.0000,0
7.0922,0.0000,0
4.2662,0.0000,0
4.6250,0.0000,0
8.0492,0.0000,0
3.2720,0.0000,0
5.2917,0.0000,0
7.4082,0.0000,0
7.1440,0.0000,0
4.2279,0.0000,0
7.3639,0.0000,0
4.2745,0.0000,0
5.7660,0.0000,0
7.3749,0.0000,0
7.5940,0.0000,0
4.8746,0.0000,0
5.3714,0.0000,0
4.4014,0.0000,0
5.4813,0.0000,0
3.6400,0.0000,0
3.8036,0.0000,0
5.2698,0.0000,0
3.3262,0.0000,0
4.7885,0.0000,0
5.6288,0.0000,0
3.4263,0.0000,0
5.7449,0.0000,0
6.0770,0.0000,0
4.5298,0.0000,0
1.6566,0.0000,0
7.2615,0.0000,0
6.0980,0.0000,0
5.9196,0.0000,0
6.4429,0.0000,0
4.6905,0.0000,0
4.7150,0.0000,0
5.8119,0.0000,0
5.2644,0.0000,0
6.6310,0.0000,0
5.7605,0.0000,0
5.7756,0.0000,0
2.8003,0.0000,0
3.3924,0.0000,0
7.8920,0.0000,0
3.3226,0.0000,0
4.9166,0.0000,4
5.3612,0.0000,0
7.5014,0.0000,0
4.5366,0.0000,0
4.4921,0.0000,0
5.1385,0.0000,0
7.7333,0.0000,0
2.1408,0.0000,0
4.2568,0.0000,0
4.7767,0.0000,0
7.8288,0.0000,0
5.3970,0.0000,0
6.1334,0.0000,0
4.1667,0.0000,0
3.4794,0.0000,0
2.7906,0.0000,0
5.0178,0.0000,0
3.4118,0.0000,0
3.9255,0.0000,0
6.6683,0.0000,0
4.0244,0.0000,0
4.9635,0.0000,0
6.7695,0.0000,0
5.6406,0.0000,0
4.7676,0.0000,0
3.6548,0.0000,0
4.3622,0.0000,0
5.9921,0.0000,0
6.1173,0.0000,0
3.3367,0.0000,0
3.7888,0.0000,0
3.9695,0.0000,0
4.4218,0.0000,0
6.2026,0.0000,0
4.9712,0.0000,0
5.2969,0.0000,0
5.0728,0.0000,0
5.4348,0.0000,0
5.5977,0.0000,0
7.0952,0.0000,0
2.2136,0.0000,0
5.2289,0.0000,0
4.0919,0.0000,0
2.8762,0.0000,3
4.7162,0.0000,0
2.9700,0.0000,0
6.7370,0.0000,0
3.8872,0.0000,0
2.1864,0.0000,2
5.4793,0.0000,0
4.9261,0.0000,0
4.3850,0.0000,0
2.2273,0.0000,0
6.0280,0.0000,0
6.2091,0.0000,0
5.3949,0.0000,0
4.5481,0.0000,0
2.3645,0.0000,0
5.2220,0.0000,0
2.6419,0.0000,0
2.1045,0.0000,0
4.8278,0.0000,0
6.0552,0.0000,0
3.5231,0.0000,0
4.8576,0.0000,0
3.2656,0.0000,0
3.8144,0.0000,0
2.7062,0.0000,0
4.8584,0.0000,0
2.0742,0.0000,3
2.6495,0.0000,0
6.7360,0.0000,0
2.5338,0.0000,0
8.9982,0.0000,0
5.1524,0.0000,0
5.1749,0.0000,0
6.5081,0.0000,0
6.8812,0.0000,0
6.0962,0.0000,0
8.8082,0.0000,0
6.5513,0.0000,0
3.0597,0.0000,0
5.5308,0.0000,0
6.7956,0.0000,0
4.0267,0.0000,0
2.3586,0.0000,0
6.4479,0.0000,0
4.4302,0.0000,0
2.5430,0.0000,0
4.7021,0.0000,0
3.7111,0.0000,0
6.3335,0.0000,0
7.3519,0.0000,0
4.8311,0.0000,0
8.5324,0.0000,0
5.4325,0.0000,0
6.2529,0.0000,0
4.3649,0.0000,0
1.7865,0.0000,0
6.8813,0.0000,0
4.8916,0.0000,0
7.2720,0.0000,0
3.5043,0.0000,0
2.4983,0.0000,0
7.0128,0.0000,0
6.3374,0.0000,0
3.1166,0.0000,0
3.1767,0.0000,0
4.0981,0.0000,0
5.6938,0.0000,0
3.4109,0.0000,0
10.1216,0.0000,0
3.4991,0.0000,0
4.9825,0.0000,0
4.5242,0.0000,0
3.5515,0.0000,0
7.4763,0.0000,0
2.8253,0.0000,0
4.4323,0.0000,0
2.1919,0.0000,0
3.7634,0.0000,0
6.8484,0.0000,0
5.8425,0.0000,0
4.7923,0.0000,0
5.6103,0.0000,0
5.7217,0.0000,0
5.7664,0.0000,0
4.8287,0.0000,0
3.0731,0.0000,0
5.2270,0.0000,0
5.3838,0.0000,0
4.2161,0.0000,0
2.9364,0.0000,0
7.4380,0.0000,0
6.9440,0.0000,0
2.2030,0.0000,0
2.3997,0.0000,0
7.5705,0.0000,0
2.9694,0.0000,0
2.5635,0.0000,0
7.9528,0.0000,0
5.4586,0.0000,0
6.7147,0.0000,0
5.2606,0.0000,0
3.5567,0.0000,0
2.5193,0.0000,0
6.3559,0.0000,0
3.6699,0.0000,0
5.2843,0.0000,0
4.0343,0.0000,0
7.0058,0.0000,0
3.3469,0.0000,0
7.1143,0.0000,0
2.5680,0.0000,0
5.6771,0.0000,2
5.4398,0.0000,0
4.2394,0.0000,0
4.1221,0.0000,0
5.8006,0.0000,0
4.8079,0.0000,0
5.0448,0.0000,0
6.1210,0.0000,0
5.7583,0.0000,0
4.9905,0.0000,0
6.9797,0.0000,0
7.1725,0.0000,0
5.9399,0.0000,0
3.8353,0.0000,0
2.1010,0.0000,0
7.2975,0.0000,0
6.6433,0.0000,0
4.3606,0.0000,0
4.6833,0.0000,0
2.8364,0.0000,0
7.0723,0.0000,0
6.0090,0.0000,0
6.4139,0.0000,0
2.7495,0.0000,0
6.4848,0.0000,0
3.2387,0.0000,0
3.1106,0.0000,0
3.9912,0.0000,0
7.9471,0.0000,0
2.8975,0.0000,0
6.3839,0.0000,0
3.6791,0.0000,0
2.3990,0.0000,0
8.3101,0.0000,0
6.5185,0.0000,0
6.1602,0.0000,0
4.3426,0.0000,0
1.3831,0.0000,0
4.7189,0.0000,0
5.7984,0.0000,0
3.5010,0.0000,0
5.6463,0.0000,0
5.1486,0.0000,0
5.2002,0.0000,0
3.2489,0.0000,0
6.8290,0.0000,0
5.0169,0.0000,0
5.9157,0.0000,0
1.5021,0.0000,0
7.4965,0.0000,0
2.5675,0.0000,0
4.4194,0.0000,0
6.0078,0.0000,0
2.8249,0.0000,0
3.3295,0.0000,0
2.0401,0.0000,0
7.3327,0.0000,0
7.4299,0.0000,0
5.0943,0.0000,0
5.4713,0.0000,0
4.7303,0.0000,0
4.2337,0.0000,0
6.0507,0.0000,0
4.5490,0.0000,0
3.0066,0.0000,0
4.6972,0.0000,0
6.5136,0.0000,0
1.3723,0.0000,0
4.3074,0.0000,0
2.9753,0.0000,0
6.3237,0.0000,0
3.4424,0.0000,0
2.3418,0.0000,0
4.0511,0.0000,0
5.1178,0.0000,0
1.8043,0.0000,0
5.8380,0.0000,0
1.8370,0.0000,0
5.2739,0.0000,0
4.9481,0.0000,0
5.3284,0.0000,0
6.0986,0.0000,0
2.3949,0.0000,0
6.2395,0.0000,0
3.7416,0.0000,0
6.3148,0.0000,0
6.7305,0.0000,0
6.8636,0.0000,0
6.3655,0.0000,0
4.2897,0.0000,0
4.9731,0.0000,0
4.0908,0.0000,0
5.0639,0.0000,0
6.4218,0.0000,0
4.8035,0.0000,0
3.6147,0.0000,0
5.5705,0.0000,0
6.3047,0.0000,0
3.6733,0.0000,0
4.8214,0.0000,0
6.5291,0.0000,0
3.9938,0.0000,0
5.4086,0.0000,0
6.4263,0.0000,0
4.1045,0.0000,0
3.1734,0.0000,0
5.0357,0.0000,0
7.8912,0.0000,0
5.3631,0.0000,0
3.9015,0.0000,0
3.7687,0.0000,0
6.5967,0.0000,2
5.4786,0.0000,3
6.9244,0.0000,0
5.6487,0.0000,0
3.0008,0.0000,0
7.3530,0.0000,0
6.8186,0.0000,0
5.6343,0.0000,0
2.2662,0.0000,0
6.3542,0.0000,0
4.7349,0.0000,0
4.9097,0.0000,3
5.6249,0.0000,0
3.5588,0.0000,0
2.4580,0.0000,0
4.9323,0.0000,0
3.4140,0.0000,0
3.4330,0.0000,0
5.5260,0.0000,0
5.2240,0.0000,0
7.1967,0.0000,0
1.4474,0.0000,0
6.7936,0.0000,0
6.2970,0.0000,2
4.0582,0.0000,0
6.7823,0.0000,0
6.1811,0.0000,0
6.2639,0.0000,0
5.2624,0.0000,0
5.8977,0.0000,0
4.6410,0.0000,0
8.0890,0.0000,0
7.1266,0.0000,0
5.7004,0.0000,0
5.2936,0.0000,0
4.3692,0.0000,2
5.0825,0.0000,0
4.1647,0.0000,0
2.5518,0.0000,0
5.1880,0.0000,0
4.8296,0.0000,0
4.2219,0.0000,0
6.7809,0.0000,0
2.3586,0.0000,0
6.7591,0.0000,0
3.6253,0.0000,0
2.0269,0.0000,0
2.8793,0.0000,0
3.3770,0.0000,0
5.4346,0.0000,0
3.2455,0.0000,0
4.4206,0.0000,0
5.8209,0.0000,0
4.4378,0.0000,0
3.7425,0.0000,0
5.1366,0.0000,0
1.9640,0.0000,0
4.1921,0.0000,0
3.8991,0.0000,0
6.3418,0.0000,0
5.0328,0.0000,0
4.9037,0.0000,0
3.1495,0.0000,0
4.2712,0.0000,0
5.0149,0.0000,0
3.0168,0.0000,0
4.8318,0.0000,0
6.1452,0.0000,3
4.9134,0.0000,0
5.0837,0.0000,0
1.6416,0.0000,0
3.6530,0.0000,0
7.7360,0.0000,0
5.1068,0.0000,0
6.6139,0.0000,0
3.0756,0.0000,0
7.1362,0.0000,0
7.1151,0.0000,0
6.3390,0.0000,0
4.0795,0.0000,0
6.2777,0.0000,0
8.8497,0.0000,0
6.0433,0.0000,0
4.2480,0.0000,0
4.3085,0.0000,0
6.0298,0.0000,0
4.9809,0.0000,0
8.4793,0.0000,0
4.8572,0.0000,0
6.3036,0.0000,0
2.7210,0.0000,0
7.2262,0.0000,0
5.2636,0.0000,0
2.9753,0.0000,0
3.5573,0.0000,0
5.4874,0.0000,0
2.9433,0.0000,0
6.7000,0.0000,0
4.3851,0.0000,0
5.4931,0.0000,0
5.3344,0.0000,0
6.2685,0.0000,0
5.3181,0.0000,0
4.4161,0.0000,0
4.0631,0.0000,0
2.2399,0.0000,0
4.5544,0.0000,0
4.3262,0.0000,0
5.1100,0.0000,0
2.8866,0.0000,0
7.1358,0.0000,0
1.4040,0.0000,0
5.8515,0.0000,0
6.3965,0.0000,0
5.7547,0.0000,0
7.6930,0.0000,0
4.5428,0.0000,0
5.2059,0.0000,0
8.2376,0.0000,0
2.9650,0.0000,0
7.3743,0.0000,0
5.2203,0.0000,0
3.9320,0.0000,0
8.8162,0.0000,2
3.3739,0.0000,0
6.0710,0.0000,0
4.8825,0.0000,0
3.5425,0.0000,0
4.3109,0.0000,0
2.2148,0.0000,0
6.0461,0.0000,0
4.4871,0.0000,0
5.0368,0.0000,0
2.8977,0.0000,0
8.3017,0.0000,0
5.2594,0.0000,0
6.3801,0.0000,0
5.0295,0.0000,0
3.3570,0.0000,0
1.2581,0.0000,0
3.4436,0.0000,0
3.4081,0.0000,0
2.5246,0.0000,0
3.6749,0.0000,0
6.6320,0.0000,0
2.5113,0.0000,0
5.1079,0.0000,3
3.1098,0.0000,0
3.4036,0.0000,0
3.5260,0.0000,0
2.7529,0.0000,0
7.1074,0.0000,0
4.5270,0.0000,0
2.8017,0.0000,0
1.4870,0.0000,0
4.5799,0.0000,0
3.6566,0.0000,0
7.0082,0.0000,0
4.5879,0.0000,0
5.1400,0.0000,0
7.0598,0.0000,0
7.2043,0.0000,0
4.9072,0.0000,0
3.8749,0.0000,0
5.6446,0.0000,0
4.9317,0.0000,0
3.6196,0.0000,0
3.6863,0.0000,3
7.4903,0.0000,0
4.0541,0.0000,0
3.2642,0.0000,0
7.1031,0.0000,0
6.0087,0.0000,0
7.0782,0.0000,0
3.8763,0.0000,0
4.0684,0.0000,0
6.6064,0.0000,0
7.1197,0.0000,0
6.5926,0.0000,0
5.1169,0.0000,0
5.0269,0.0000,0
7.7406,0.0000,0
5.8222,0.0000,0
4.3803,0.0000,0
2.8697,0.0000,0
7.0325,0.0000,0
5.4721,0.0000,0
5.3907,0.0000,0
1.4960,0.0000,0
5.2068,0.0000,0
5.4203,0.0000,0
2.8217,0.0000,0
3.5968,0.0000,0
3.0041,0.0000,0
3.5566,0.0000,0
3.6526,0.0000,0
4.2003,0.0000,0
4.9259,0.0000,0
4.3334,0.0000,0
5.9735,0.0000,0
5.9457,0.0000,3
8.5053,0.0000,0
4.3913,0.0000,0
4.1603,0.0000,0
7.0171,0.0000,0
6.3685,0.0000,0
5.8734,0.0000,0
4.1284,0.0000,0
5.4985,0.0000,0
4.9331,0.0000,0
4.2175,0.0000,0
3.0717,0.0000,0
5.8004,0.0000,0
5.1311,0.0000,0
3.2866,0.0000,0
4.5705,0.0000,0
7.1259,0.0000,0
3.1216,0.0000,0
6.9861,0.0000,0
6.7298,0.0000,0
5.0420,0.0000,0
6.2276,0.0000,0
4.9320,0.0000,0
6.9548,0.0000,0
7.0890,0.0000,0
4.9681,0.0000,0
4.3185,0.0000,0
7.9435,0.0000,0
5.1712,0.0000,0
4.8401,0.0000,0
4.3466,0.0000,0
6.7224,0.0000,0
5.6044,0.0000,0
4.6425,0.0000,0
5.7967,0.0000,0
5.1255,0.0000,0
4.9434,0.0000,0
5.7376,0.0000,0
6.4304,0.0000,0
7.0188,0.0000,0
3.1937,0.0000,0
4.6767,0.0000,0
8.7531,0.0000,2
5.3573,0.0000,0
5.8875,0.0000,0
4.8736,0.0000,0
4.8307,0.0000,0
6.7300,0.0000,0
5.2447,0.0000,0
7.8209,0.0000,0
2.2726,0.0000,0
5.8770,0.0000,0
2.2097,0.0000,0
3.0524,0.0000,0
6.5057,0.0000,0
8.4486,0.0000,0
7.6062,0.0000,0
2.1225,0.0000,0
4.1805,0.0000,0
2.9057,0.0000,0
1.3769,0.0000,0
6.0375,0.0000,0
6.4511,0.0000,0
7.8252,0.0000,0
6.9156,0.0000,0
7.6275,0.0000,0
1.1053,0.0000,0
2.0617,0.0000,0
2.0051,0.0000,0
5.7049,0.0000,0
1.8492,0.0000,0
3.6633,0.0000,0
7.2280,0.0000,0
9.0944,0.0000,0
4.0630,0.0000,0
5.3032,0.0000,0
2.7476,0.0000,0
5.1243,0.0000,0
2.5276,0.0000,0
1.9390,0.0000,0
3.9000,0.0000,0
5.4669,0.0000,0
7.3874,0.0000,0
7.2503,0.0000,0
5.1860,0.0000,0
6.2492,0.0000,0
4.2795,0.0000,0
7.8644,0.0000,0
7.0132,0.0000,0
8.1699,0.0000,0
3.1396,0.0000,0
7.1373,0.0000,0
4.4964,0.0000,0
5.9726,0.0000,0
3.9604,0.0000,0
4.0689,0.0000,2
6.4773,0.0000,0
2.4004,0.0000,0
6.2268,0.0000,0
2.8873,0.0000,0
1.8192,0.0000,0
6.0145,0.0000,0
3.6638,0.0000,0
5.8275,0.0000,0
2.4618,0.0000,0
6.2319,0.0000,0
4.5380,0.0000,0
2.9993,0.0000,0
3.7471,0.0000,0
5.4067,0.0000,0
6.2312,0.0000,0
4.4080,0.0000,0
5.9157,0.0000,0
4.6524,0.0000,0
6.2762,0.0000,0
3.4476,0.0000,0
6.9946,0.0000,0
2.9273,0.0000,0
4.1055,0.0000,0
6.2385,0.0000,0
5.6866,0.0000,0
7.7502,0.0000,0
5.8612,0.0000,0
3.5719,0.0000,0
6.4142,0.0000,0
6.4165,0.0000,0
2.4670,0.0000,0
6.4446,0.0000,0
6.6208,0.0000,0
2.9189,0.0000,0
3.7030,0.0000,0
1.4415,0.0000,0
8.3042,0.0000,0
6.8451,0.0000,0
5.1012,0.0000,4
0.8773,0.0000,0
8.4650,0.0000,0
8.3452,0.0000,0
7.9098,0.0000,0
6.1761,0.0000,0
2.3409,0.0000,0
8.1912,0.0000,0
6.9037,0.0000,0
5.7109,0.0000,0
4.6212,0.0000,0
4.5371,0.0000,0
6.5558,0.0000,3
4.7106,0.0000,0
5.1046,0.0000,0
5.0883,0.0000,0
7.3948,0.0000,0
4.8124,0.0000,0
4.6849,0.0000,0
4.6566,0.0000,0
2.2216,0.0000,0
2.4825,0.0000,0
4.5753,0.0000,0
2.5653,0.0000,0
7.0942,0.0000,0
3.8532,0.0000,0
4.4442,0.0000,0
5.1640,0.0000,2
5.9047,0.0000,0
2.4685,0.0000,0
4.8119,0.0000,0
6.3754,0.0000,0
5.2109,0.0000,0
5.8121,0.0000,0
4.0216,0.0000,0
4.7359,0.0000,0
6.1953,0.0000,0
5.5045,0.0000,0
5.8116,0.0000,0
5.7026,0.0000,0
0.7933,0.0000,0
6.5979,0.0000,0
4.5032,0.0000,0
1.7491,0.0000,0
7.7680,0.0000,0
4.3262,0.0000,0
6.8563,0.0000,0
3.9928,0.0000,0
6.0757,0.0000,0
4.5046,0.0000,0
7.1492,0.0000,0
4.0015,0.0000,0
4.5198,0.0000,0
2.8221,0.0000,0
4.9207,0.0000,0
5.4011,0.0000,0
1.7429,0.0000,0
3.0483,0.0000,0
3.3140,0.0000,0
6.9696,0.0000,0
4.7809,0.0000,0
3.2781,0.0000,0
1.9649,0.0000,0
7.4257,0.0000,0
4.0496,0.0000,2
5.2617,0.0000,0
7.3817,0.0000,0
6.4632,0.0000,0
2.1322,0.0000,0
3.5590,0.0000,0
7.3876,0.0000,0
4.1978,0.0000,0
5.4528,0.0000,0
4.1634,0.0000,0
6.5441,0.0000,0
2.7342,0.0000,0
1.3819,0.0000,0
6.2626,0.0000,0
6.7926,0.0000,3
5.1983,0.0000,0
3.6515,0.0000,0
6.9792,0.0000,0
5.8113,0.0000,0
3.8955,0.0000,0
3.6678,0.0000,0
6.4387,0.0000,0
6.6342,0.0000,0
4.6683,0.0000,0
5.3574,0.0000,0
5.3931,0.0000,0
2.1287,0.0000,0
4.7907,0.0000,0
5.2223,0.0000,0
3.0324,0.0000,0
3.2805,0.0000,0
6.3396,0.0000,0
4.7887,0.0000,0
3.2034,0.0000,0
5.9580,0.0000,0
4.5434,0.0000,0
3.5373,0.0000,0
7.5333,0.0000,0
4.4377,0.0000,0
5.7006,0.0000,0
7.8749,0.0000,0
7.7650,0.0000,0
3.2738,0.0000,0
1.4225,0.0000,0
6.8136,0.0000,3
6.9758,0.0000,0
3.5644,0.0000,0
5.9945,0.0000,0
5.2151,0.0000,0
6.3183,0.0000,2
5.4802,0.0000,0
5.2265,0.0000,3
7.3203,0.0000,3
5.9002,0.0000,0
5.4469,0.0000,0
3.9174,0.0000,0
4.0685,0.0000,0
4.1798,0.0000,0
5.1566,0.0000,0
4.1776,0.0000,0
4.4371,0.0000,0
6.9755,0.0000,0
7.2616,0.0000,0
3.8738,0.0000,0
1.3606,0.0000,0
4.1515,0.0000,0
4.7552,0.0000,0
4.3202,0.0000,0
4.6986,0.0000,0
5.5252,0.0000,0
6.4567,0.0000,0
3.4292,0.0000,0
6.7976,0.0000,0
3.6100,0.0000,0
6.7733,0.0000,0
5.1033,0.0000,0
6.1279,0.0000,0
7.4696,0.0000,0
4.0857,0.0000,0
3.8765,0.0000,0
7.1416,0.0000,0
5.2657,0.0000,0
5.8539,0.0000,0
4.3996,0.0000,0
7.0750,0.0000,0
4.0607,0.0000,0
6.1656,0.0000,0
4.5225,0.0000,0
5.2107,0.0000,0
6.6731,0.0000,0
5.2383,0.0000,0
4.9432,0.0000,0
5.3171,0.0000,0
5.4086,0.0000,0
3.4072,0.0000,0
6.9259,0.0000,0
7.0177,0.0000,0
6.6502,0.0000,0
3.4909,0.0000,0
3.0258,0.0000,0
7.7582,0.0000,0
7.4510,0.0000,2
4.9346,0.0000,0
2.0793,0.0000,0
4.8751,0.0000,0
5.6787,0.0000,0
4.4884,0.0000,0
5.5941,0.0000,0
5.5023,0.0000,0
4.8015,0.0000,0
4.9879,0.0000,0
6.2370,0.0000,0
5.6091,0.0000,0
7.9176,0.0000,0
2.5248,0.0000,0
3.9338,0.0000,0
5.1293,0.0000,0
5.7890,0.0000,0
3.4306,0.0000,0
5.6538,0.0000,0
7.9169,0.0000,0
4.0317,0.0000,0
3.0303,0.0000,3
7.5885,0.0000,0
5.7537,0.0000,0
6.6636,0.0000,0
4.8072,0.0000,0
5.7249,0.0000,0
2.9431,0.0000,0
6.1130,0.0000,0
4.0877,0.0000,0
4.6940,0.0000,2
6.5312,0.0000,0
1.9462,0.0000,0
5.3455,0.0000,0
2.6486,0.0000,0
5.9956,0.0000,0
4.4203,0.0000,0
6.5699,0.0000,0
5.8280,0.0000,0
5.1915,0.0000,0
6.5737,0.0000,0
3.8718,0.0000,0
6.8920,0.0000,0
3.3602,0.0000,0
6.9754,0.0000,0
5.9595,0.0000,0
7.2470,0.0000,0
7.2088,0.0000,0
7.9991,0.0000,0
3.9970,0.0000,0
4.5584,0.0000,0
5.4620,0.0000,0
9.1677,0.0000,0
3.5905,0.0000,3
1.8208,0.0000,0
5.9567,0.0000,0
7.5602,0.0000,0
7.2181,0.0000,0
4.8120,0.0000,0
7.2979,0.0000,0
3.6603,0.0000,0
7.0182,0.0000,0
6.5467,0.0000,0
7.5908,0.0000,0
4.8876,0.0000,0
6.1002,0.0000,0
3.5602,0.0000,0
5.0951,0.0000,0
3.5316,0.0000,0
4.5687,0.0000,0
3.1575,0.0000,0
3.8126,0.0000,0
3.5550,0.0000,0
4.5354,0.0000,0
7.7855,0.0000,0
4.3666,0.0000,0
5.6763,0.0000,0
3.0258,0.0000,0
6.7892,0.0000,0
3.0504,0.0000,0
4.8949,0.0000,0
5.1345,0.0000,0
3.5803,0.0000,0
3.2203,0.0000,0
4.9994,0.0000,0
5.5980,0.0000,0
4.7473,0.0000,0
5.6273,0.0000,0
4.3074,0.0000,0
5.7799,0.0000,0
2.2113,0.0000,0
4.6605,0.0000,0
3.5367,0.0000,0
3.8093,0.0000,0
0.8427,0.0000,0
4.3265,0.0000,0
2.6021,0.0000,0
1.3868,0.0000,3
4.0334,0.0000,0
2.7299,0.0000,0
5.6927,0.0000,0
2.1738,0.0000,0
1.0638,0.0000,0
3.4681,0.0000,0
4.8569,0.0000,0
3.3013,0.0000,0
3.1759,0.0000,0
7.9839,0.0000,0
5.1377,0.0000,0
5.9748,0.0000,0
5.0213,0.0000,0
2.4399,0.0000,0
3.9552,0.0000,0
4.4453,0.0000,0
4.4795,0.0000,0
5.9895,0.0000,0
2.6114,0.0000,0
5.6589,0.0000,0
4.9364,0.0000,0
6.4551,0.0000,0
6.2652,0.0000,2
5.2743,0.0000,0
5.0872,0.0000,0
6.5351,0.0000,0
5.7743,0.0000,0
5.5882,0.0000,0
6.0233,0.0000,0
1.1565,0.0000,0
6.4041,0.0000,0
4.0479,0.0000,0
3.7948,0.0000,0
5.7016,0.0000,0
3.6301,0.0000,0
5.4020,0.0000,0
2.5337,0.0000,0
4.9479,0.0000,0
4.2245,0.0000,0
3.1281,0.0000,3
1.4265,0.0000,0
6.5434,0.0000,0
2.6830,0.0000,0
2.4559,0.0000,0
1.9980,0.0000,0
4.1086,0.0000,0
7.5603,0.0000,0
6.4198,0.0000,0
4.9526,0.0000,0
3.1951,0.0000,0
5.0374,0.0000,0
5.6845,0.0000,0
6.1878,0.0000,0
6.1195,0.0000,0
2.8011,0.0000,0
5.9437,0.0000,0
5.9553,0.0000,0
2.8624,0.0000,0
5.4813,0.0000,0
4.7235,0.0000,0
3.9931,0.0000,0
4.4858,0.0000,0
2.3431,0.0000,0
7.9701,0.0000,0
4.7543,0.0000,0
7.5577,0.0000,0
6.4786,0.0000,0
4.2958,0.0000,0
3.8579,0.0000,0
5.0820,0.0000,0
7.3735,0.0000,0
6.0206,0.0000,3
6.1766,0.0000,0
4.0696,0.0000,0
4.3129,0.0000,0
3.3497,0.0000,0
5.2917,0.0000,0
6.0796,0.0000,0
3.8332,0.0000,0
3.7440,0.0000,0
2.7220,0.0000,0
4.6658,0.0000,0
1.5648,0.0000,0
7.1160,0.0000,0
2.5057,0.0000,0
3.5138,0.0000,0
3.6859,0.0000,0
1.3495,0.0000,0
5.3782,0.0000,0
4.7400,0.0000,0
7.3361,0.0000,0
8.2411,0.0000,0
2.9449,0.0000,0
3.1692,0.0000,0
6.8637,0.0000,0
7.5952,0.0000,0
8.0831,0.0000,0
6.0681,0.0000,3
5.7366,0.0000,0
3.0299,0.0000,0
5.0682,0.0000,2
7.0332,0.0000,0
6.0802,0.0000,0
6.0334,0.0000,0
7.3136,0.0000,0
2.2654,0.0000,0
4.2156,0.0000,0
7.2839,0.0000,0
3.5697,0.0000,0
5.2755,0.0000,0
7.6339,0.0000,0
6.4207,0.0000,0
0.8945,0.0000,0
3.5948,0.0000,0
3.5985,0.0000,0
6.3281,0.0000,0
7.4866,0.0000,0
7.3654,0.0000,0
4.1489,0.0000,0
5.0028,0.0000,0
3.6591,0.0000,0
3.3393,0.0000,0
2.9923,0.0000,0
3.5368,0.0000,0
6.9417,0.0000,3
5.0982,0.0000,0
3.0140,0.0000,0
3.5715,0.0000,0
3.9534,0.0000,0
5.5148,0.0000,2
3.9118,0.0000,0
4.4864,0.0000,0
7.0484,0.0000,0
4.6909,0.0000,0
4.0175,0.0000,0
5.4851,0.0000,0
4.4647,0.0000,0
6.2431,0.0000,0
5.4952,0.0000,0
3.1267,0.0000,0
5.4254,0.0000,2
2.6271,0.0000,0
5.1981,0.0000,0
6.4916,0.0000,0
5.6739,0.0000,0
5.7024,0.0000,0
5.6556,0.0000,0
7.0444,0.0000,0
5.2068,0.0000,0
3.5315,0.0000,0
3.4754,0.0000,0
5.1447,0.0000,0
2.6241,0.0000,6
3.9958,0.0000,0
5.3983,0.0000,0
4.1147,0.0000,0
5.4090,0.0000,0
2.7043,0.0000,0
4.6307,0.0000,0
4.2077,0.0000,0
6.7101,0.0000,0
5.7524,0.0000,0
4.4429,0.0000,0
3.8222,0.0000,0
1.3280,0.0000,0
3.4882,0.0000,0
5.8893,0.0000,0
5.4148,0.0000,0
7.4375,0.0000,0
5.0994,0.0000,0
4.8321,0.0000,0
6.6006,0.0000,0
4.9088,0.0000,0
5.6207,0.0000,0
4.0528,0.0000,0
7.8347,0.0000,0
4.7876,0.0000,0
5.2178,0.0000,0
7.4453,0.0000,0
5.1829,0.0000,0
3.0627,0.0000,0
3.4675,0.0000,0
5.0996,0.0000,0
2.5985,0.0000,0
3.8884,0.0000,0
3.6654,0.0000,0
5.9074,0.0000,0
4.5576,0.0000,0
4.2075,0.0000,0
5.6547,0.0000,0
7.1867,0.0000,0
3.2891,0.0000,0
6.9354,0.0000,0
2.4781,0.0000,0
3.2456,0.0000,0
4.1219,0.0000,0
4.0445,0.0000,0
8.0899,0.0000,0
6.3345,0.0000,0
3.6082,0.0000,0
7.4015,0.0000,0
5.6113,0.0000,0
4.6378,0.0000,0
5.4977,0.0000,0
4.9389,0.0000,0
4.1390,0.0000,0
2.2818,0.0000,0
4.0236,0.0000,0
4.7867,0.0000,0
5.6910,0.0000,2
5.2477,0.0000,0
3.7628,0.0000,0
5.5004,0.0000,0
2.3719,0.0000,0
6.8357,0.0000,0
7.0425,0.0000,0
7.1917,0.0000,0
3.7997,0.0000,0
3.1890,0.0000,0
3.8198,0.0000,0
6.5262,0.0000,0
8.4268,0.0000,0
5.2004,0.0000,0
4.7178,0.0000,0
7.0672,0.0000,0
7.4454,0.0000,0
7.9251,0.0000,0
2.6841,0.0000,0
5.2025,0.0000,0
6.3202,0.0000,0
6.4203,0.0000,0
5.1172,0.0000,0
7.4666,0.0000,0
6.0614,0.0000,0
5.5336,0.0000,0
1.7747,0.0000,0
5.5350,0.0000,0
3.4160,0.0000,0
6.3944,0.0000,0
4.4591,0.0000,0
5.2866,0.0000,0
4.1216,0.0000,0
5.8162,0.0000,0
4.5545,0.0000,0
4.6471,0.0000,0
5.2407,0.0000,0
5.1124,0.0000,0
6.1328,0.0000,0
5.7281,0.0000,0
3.5031,0.0000,0
4.3101,0.0000,0
3.2466,0.0000,0
5.4460,0.0000,0
3.0802,0.0000,0
2.8564,0.0000,0
4.2552,0.0000,0
3.8390,0.0000,0
3.9595,0.0000,0
1.9054,0.0000,0
6.5783,0.0000,0
5.0758,0.0000,0
5.9571,0.0000,0
6.6098,0.0000,0
4.6520,0.0000,0
5.3163,0.0000,0
2.5336,0.0000,0
4.9801,0.0000,0
3.4011,0.0000,0
5.5006,0.0000,0
6.4332,0.0000,0
5.6320,0.0000,0
3.2121,0.0000,2
5.6727,0.0000,0
6.7747,0.0000,0
4.1281,0.0000,0
1.7975,0.0000,0
7.1482,0.0000,0
3.7820,0.0000,0
2.6283,0.0000,0
4.1311,0.0000,0
6.5117,0.0000,0
5.4302,0.0000,0
4.5293,0.0000,0
4.0524,0.0000,0
5.8342,0.0000,0
3.0687,0.0000,0
4.5954,0.0000,0
5.9673,0.0000,0
5.3536,0.0000,0
5.8151,0.0000,0
5.0225,0.0000,0
4.1884,0.0000,0
6.7094,0.0000,0
6.9803,0.0000,0
4.0483,0.0000,0
2.3912,0.0000,0
2.6405,0.0000,0
4.8274,0.0000,2
4.3408,0.0000,0
1.8388,0.0000,0
5.2215,0.0000,0
7.0778,0.0000,0
4.6867,0.0000,0
5.1112,0.0000,0
1.7041,0.0000,0
3.8374,0.0000,0
4.4635,0.0000,0
6.3589,0.0000,0
4.6290,0.0000,0
5.0284,0.0000,0
4.1612,0.0000,0
4.9111,0.0000,0
5.8392,0.0000,0
4.0749,0.0000,0
5.1790,0.0000,0
3.3929,0.0000,0
2.6415,0.0000,0
2.2987,0.0000,0
5.8113,0.0000,0
6.5764,0.0000,0
3.7447,0.0000,0
4.2901,0.0000,0
6.6093,0.0000,0
1.7625,0.0000,0
6.0797,0.0000,0
3.2214,0.0000,0
6.3380,0.0000,0
7.4428,0.0000,0
4.4948,0.0000,0
4.7778,0.0000,0
5.2576,0.0000,0
6.2690,0.0000,0
1.9282,0.0000,0
5.3644,0.0000,0
6.4032,0.0000,0
4.3369,0.0000,0
5.3408,0.0000,0
7.8138,0.0000,0
7.6840,0.0000,0
5.2336,0.0000,0
6.8408,0.0000,0
3.1566,0.0000,0
3.5373,0.0000,0
5.2791,0.0000,0
6.2307,0.0000,0
3.9349,0.0000,0
5.8746,0.0000,0
7.7692,0.0000,0
3.0046,0.0000,0
3.3495,0.0000,0
4.7243,0.0000,0
1.2275,0.0000,0
6.7981,0.0000,0
5.8933,0.0000,0
1.5587,0.0000,0
5.6775,0.0000,0
4.3514,0.0000,0
2.9052,0.0000,0
4.6321,0.0000,0
2.1230,0.0000,0
4.6982,0.0000,0
6.0571,0.0000,0
4.8719,0.0000,0
4.6640,0.0000,0
5.5458,0.0000,0
5.9812,0.0000,0
4.7590,0.0000,0
6.8499,0.0000,0
7.6088,0.0000,3
4.4733,0.0000,0
6.0739,0.0000,0
4.9041,0.0000,0
3.2748,0.0000,0
7.5721,0.0000,0
4.9168,0.0000,0
6.3891,0.0000,0
5.6817,0.0000,3
3.7479,0.0000,0
1.3965,0.0000,0
5.4114,0.0000,0
4.7177,0.0000,0
3.6619,0.0000,0
4.8667,0.0000,0
3.7177,0.0000,0
4.3227,0.0000,0
2.3340,0.0000,0
6.8049,0.0000,0
3.9974,0.0000,0
4.1721,0.0000,0
3.2858,0.0000,0
3.1113,0.0000,0
3.6533,0.0000,2
3.0161,0.0000,2
7.6272,0.0000,0
5.5082,0.0000,0
4.9191,0.0000,0
6.0512,0.0000,0
4.2259,0.0000,0
4.7270,0.0000,0
5.4167,0.0000,3
2.8823,0.0000,0
6.6958,0.0000,0
4.1016,0.0000,0
4.5662,0.0000,0
6.2718,0.0000,0
4.2023,0.0000,0
6.4391,0.0000,0
6.1234,0.0000,0
6.0076,0.0000,0
2.3427,0.0000,0
8.3613,0.0000,0
6.2647,0.0000,0
5.9891,0.0000,0
5.6313,0.0000,0
5.9194,0.0000,0
6.4080,0.0000,0
1.8996,0.0000,0
2.5332,0.0000,0
2.8088,0.0000,0
3.1460,0.0000,0
2.5546,0.0000,0
5.2106,0.0000,0
3.6208,0.0000,0
2.1885,0.0000,0
4.6932,0.0000,0
4.5350,0.0000,0
6.8099,0.0000,0
2.1508,0.0000,0
3.4176,0.0000,4
5.5402,0.0000,0
5.6658,0.0000,0
5.7500,0.0000,0
4.5902,0.0000,0
3.4333,0.0000,0
4.1257,0.0000,0
8.4188,0.0000,0
6.5943,0.0000,0
6.3066,0.0000,0
3.2856,0.0000,0
4.4082,0.0000,0
5.9271,0.0000,0
1.8020,0.0000,0
4.1094,0.0000,0
5.5151,0.0000,0
5.1761,0.0000,0
5.9807,0.0000,2
3.6353,0.0000,0
4.9609,0.0000,0
3.5943,0.0000,2
4.5831,0.0000,0
2.5015,0.0000,0
4.2574,0.0000,0
4.3894,0.0000,0
5.6866,0.0000,0
6.4203,0.0000,0
4.6897,0.0000,0
6.2625,0.0000,0
5.6332,0.0000,0
2.9900,0.0000,0
4.2723,0.0000,0
6.9632,0.0000,0
4.0394,0.0000,0
6.3478,0.0000,0
6.5505,0.0000,0
6.6942,0.0000,0
5.6571,0.0000,0
8.1298,0.0000,0
2.9263,0.0000,0
5.6941,0.0000,0
3.3408,0.0000,0
5.8617,0.0000,3
6.3427,0.0000,0
7.0920,0.0000,0
4.6124,0.0000,0
6.3964,0.0000,0
3.4618,0.0000,0
2.3754,0.0000,0
6.0887,0.0000,0
5.8161,0.0000,0
0.9270,0.0000,0
6.7311,0.0000,0
6.4655,0.0000,0
6.6479,0.0000,0
3.8617,0.0000,0
6.5358,0.0000,0
4.1846,0.0000,0
1.9397,0.0000,0
2.0975,0.0000,0
5.5586,0.0000,0
6.0295,0.0000,0
4.0983,0.0000,0
1.1703,0.0000,0
4.9302,0.0000,0
6.3751,0.0000,0
4.2172,0.0000,0
5.7047,0.0000,0
5.6877,0.0000,0
6.8161,0.0000,0
4.2890,0.0000,0
4.0627,0.0000,0
7.2651,0.0000,0
8.1098,0.0000,0
6.0526,0.0000,0
4.7879,0.0000,0
6.4737,0.0000,0
6.7781,0.0000,2
2.0433,0.0000,0
3.4168,0.0000,0
5.0243,0.0000,0
9.0550,0.0000,0
4.6455,0.0000,0
6.1686,0.0000,0
5.5230,0.0000,0
4.8646,0.0000,3
7.8970,0.0000,0
2.9332,0.0000,0
5.6751,0.0000,0
6.8703,0.0000,0
7.4130,0.0000,0
6.0404,0.0000,0
4.6923,0.0000,0
2.8114,0.0000,0
4.3831,0.0000,0
4.6620,0.0000,0
5.3766,0.0000,0
2.8720,0.0000,0
7.7498,0.0000,0
7.8846,0.0000,0
5.3636,0.0000,0
4.7177,0.0000,0
5.0960,0.0000,0
4.5779,0.0000,0
4.7581,0.0000,0
3.2560,0.0000,0
4.5818,0.0000,0
6.7903,0.0000,0
6.5247,0.0000,0
5.2415,0.0000,0
2.4652,0.0000,0
4.0273,0.0000,0
5.3070,0.0000,0
5.7210,0.0000,0
6.2120,0.0000,0
6.5409,0.0000,0
4.4867,0.0000,0
6.7398,0.0000,0
3.9380,0.0000,0
4.2688,0.0000,0
2.2762,0.0000,0
4.0174,0.0000,0
5.1859,0.0000,0
5.0543,0.0000,0
4.8660,0.0000,0
4.8846,0.0000,0
4.3762,0.0000,0
5.2597,0.0000,0
2.6901,0.0000,0
4.5670,0.0000,0
4.5228,0.0000,0
4.7507,0.0000,0
6.1104,0.0000,0
1.8808,0.0000,0
6.2320,0.0000,0
2.3886,0.0000,0
5.8299,0.0000,0
6.9927,0.0000,0
6.4270,0.0000,0
5.0386,0.0000,0
4.9219,0.0000,0
6.1592,0.0000,0
5.6608,0.0000,0
2.7372,0.0000,2
5.6910,0.0000,0
5.5877,0.0000,0
7.0085,0.0000,0
2.8055,0.0000,0
4.8009,1.1710,0
4.6931,1.0648,0
7.8958,1.6847,0
3.3010,1.2180,0
3.3221,0.2088,0
5.6016,1.6492,0
5.0272,1.3440,0
2.7433,0.1990,0
5.6844,1.0378,0
4.8640,0.0000,0
4.1046,0.2088,0
5.0261,1.1600,0
4.3300,1.7280,0
4.4484,0.5089,0
4.9937,0.2339,0
4.6392,1.4466,0
7.7700,1.2766,0
6.6077,0.8093,0
7.3132,1.6028,0
5.9415,1.0263,0
6.3177,0.9944,0
5.3574,0.8775,0
5.8093,1.7097,0
3.0588,1.7226,0
6.1433,0.9803,3
7.1030,1.0868,0
3.7375,1.7452,0
7.5419,1.3284,0
6.0852,0.6173,0
6.2860,1.4581,0
7.5749,1.6813,0
7.5504,0.0000,0
6.4628,0.0000,0
3.3472,1.7371,0
8.7155,1.1991,0
7.1351,1.7098,0
4.4070,1.6784,0
6.7304,1.5770,0
7.5779,1.7238,0
2.2958,0.4115,0
7.4264,1.5471,0
5.4642,1.5826,0
8.0575,1.2652,0
5.5265,1.7121,0
6.4327,1.2461,0
6.7520,1.6320,0
3.9201,1.6408,0
8.1345,1.0902,0
3.4441,1.5230,0
3.4867,0.1967,0
3.1216,1.5120,0
3.7882,0.4993,0
6.3455,1.2055,0
4.4840,1.3964,0
5.6861,1.0227,0
6.2927,1.4943,0
7.5774,1.5218,0
5.8328,1.7477,0
4.8508,1.7095,0
5.4461,0.0000,0
4.8445,1.4117,0
4.0496,1.5668,0
6.2669,1.3404,0
6.1770,1.4607,2
5.5564,1.7264,0
7.1255,1.7290,0
5.5872,0.6987,0
7.8005,1.6637,0
6.3128,1.1587,0
4.8131,1.5815,0
5.7719,1.1690,0
7.0313,0.7035,0
5.1665,0.3254,0
5.2743,0.5968,2
3.6957,0.2855,0
5.9442,1.8513,0
6.5317,1.2357,0
4.2544,1.3855,0
6.2677,0.2929,0
4.0334,1.8139,0
1.4514,0.5383,0
6.3307,1.8027,0
8.3963,0.0000,0
2.8135,0.0000,0
3.6049,0.0000,0
5.4436,0.0000,0
4.2080,0.0000,0
3.9328,0.0000,0
5.9179,0.0000,0
5.6159,0.0000,0
7.1508,0.0000,0
4.9115,0.0000,0
6.4342,0.0000,0
7.1621,0.0000,0
6.7974,0.0000,0
3.5848,0.0000,0
3.1007,0.0000,0
5.1130,0.0000,0
5.1511,0.0000,0
6.9015,0.0000,0
5.8788,0.0000,0
4.9642,0.0000,0
6.9466,0.0000,0
1.9670,0.0000,0
3.5426,0.0000,0
3.7286,0.0000,0
3.7287,0.0000,0
5.1145,0.0000,0
1.9889,0.0000,0
4.3043,0.0000,0
3.8767,0.0000,0
6.8495,0.0000,0
5.5716,0.0000,0
3.0665,0.0000,0
4.9529,0.0000,0
8.0304,0.0000,0
6.5868,0.0000,0
2.5978,0.0000,0
2.1627,0.0000,0
2.7095,0.0000,0
5.0734,0.0000,0
4.4065,0.0000,0
5.8996,0.0000,0
4.1316,0.0000,0
4.9169,0.0000,0
4.1342,0.0000,0
6.8469,0.0000,0
6.5391,0.0000,0
4.9903,0.0000,0
4.4327,0.0000,0
4.8299,0.0000,0
1.5477,0.0000,0
5.7587,0.0000,0
5.6722,0.0000,0
5.0079,0.0000,0
5.4288,0.0000,0
3.3744,0.0000,0
2.3714,0.0000,0
4.5902,0.0000,0
3.4102,0.0000,0
6.9586,0.0000,0
4.5171,0.0000,0
4.0198,0.0000,0
7.1779,0.0000,0
4.3433,0.0000,0
7.1366,0.0000,0
6.1869,0.0000,0
3.9997,0.0000,0
3.0083,0.0000,0
3.6451,0.0000,0
3.8533,0.0000,0
6.7789,0.0000,0
3.1647,0.0000,0
2.9982,0.0000,0
4.9537,0.0000,0
4.0202,0.0000,0
4.9129,0.0000,0
5.5345,0.0000,0
5.8158,0.0000,0
5.6520,0.0000,0
5.2558,0.0000,0
2.3770,0.0000,0
6.2000,0.0000,0
5.0605,0.0000,0
2.7678,0.0000,0
5.3062,0.0000,0
3.5563,0.0000,0
5.8733,0.0000,0
7.2164,0.0000,0
6.3032,0.0000,0
5.7027,0.0000,0
4.6610,0.0000,0
4.4070,0.0000,0
4.4077,0.0000,0
3.9353,0.0000,0
2.9429,0.0000,0
6.4498,0.0000,0
3.8790,0.0000,0
5.9067,0.0000,0
3.3735,0.0000,0
4.6525,0.0000,0
6.7254,0.0000,0
5.6189,0.0000,0
3.0015,0.0000,0
6.4460,0.0000,0
3.1886,0.0000,0
2.3579,0.0000,0
3.5673,0.0000,3
6.6467,0.0000,0
5.9910,0.0000,0
2.1198,0.0000,0
2.8233,0.0000,3
4.5974,0.0000,0
4.6155,0.0000,0
6.5330,0.0000,0
6.3350,0.0000,0
4.6861,0.0000,0
4.9136,0.0000,0
2.1442,0.0000,0
2.0438,0.0000,0
4.5059,0.0000,0
6.9443,0.0000,0
3.8015,0.0000,0
5.4551,0.0000,0
3.6901,0.0000,0
5.3626,0.0000,2
6.2183,0.0000,0
4.0371,0.0000,0
1.8157,0.0000,0
4.8859,0.0000,0
5.0024,0.0000,0
5.1079,0.0000,0
4.7818,0.0000,0
4.0217,0.0000,0
6.0138,0.0000,0
1.7759,0.0000,0
5.8250,0.0000,0
3.7959,0.0000,0
4.4833,0.0000,0
4.9660,0.0000,0
3.3728,0.0000,0
3.3095,0.0000,0
5.7292,0.0000,0
5.4977,0.0000,0
2.3252,0.0000,0
4.7184,0.0000,0
6.4672,0.0000,0
6.2756,0.0000,0
8.6549,0.0000,0
5.5106,0.0000,0
4.5906,0.0000,0
5.5160,0.0000,0
3.3004,0.0000,0
4.8116,0.0000,0
5.7428,0.0000,0
4.7668,0.0000,0
4.4610,0.0000,0
6.0372,0.0000,0
7.8088,0.0000,0
2.9292,0.0000,0
4.5619,0.0000,0
5.2500,0.0000,0
6.4138,0.0000,0
4.5333,0.0000,0
1.0084,0.0000,0
2.9442,0.0000,0
5.6443,0.0000,0
2.6032,0.0000,0
2.2032,0.0000,0
4.1773,0.0000,0
6.0631,0.0000,0
2.9702,0.0000,0
6.4315,0.0000,0
4.7952,0.0000,0
1.3382,0.0000,0
3.2119,0.0000,0
2.7767,0.0000,0
6.3568,0.0000,0
5.2816,0.0000,0
6.9333,0.0000,0
5.0595,0.0000,0
3.4883,0.0000,0
5.2463,0.0000,0
3.0682,0.0000,0
2.2430,0.0000,0
4.0166,0.0000,0
2.9354,0.0000,0
6.0215,0.0000,2
4.8496,0.0000,0
6.0582,0.0000,0
5.0187,0.0000,0
6.7957,0.0000,0
8.2213,0.0000,0
4.7299,0.0000,0
3.2535,0.0000,0
6.5649,0.0000,0
6.9006,0.0000,0
4.6165,0.0000,0
4.8689,0.0000,0
4.0669,0.0000,0
4.8398,0.0000,0
4.5575,0.0000,0
4.7720,0.0000,0
4.3063,0.0000,0
5.5680,0.0000,0
4.6319,0.0000,0
5.2665,0.0000,0
4.4032,0.0000,0
4.8310,0.0000,3
1.7016,0.0000,0
6.9847,0.0000,0
4.0217,0.0000,0
7.7947,0.0000,0
6.1167,0.0000,0
2.1847,0.0000,0
3.9085,0.0000,0
6.5461,0.0000,0
5.2510,0.0000,0
7.6833,0.0000,3
6.0477,0.0000,0
5.0987,0.0000,0
2.8443,0.0000,0
4.1706,0.0000,0
2.5520,0.0000,0
9.4295,0.0000,0
2.4271,0.0000,0
5.9332,0.0000,0
7.5130,0.0000,0
4.6623,0.0000,0
6.9715,0.0000,0
5.1401,0.0000,0
4.8847,0.0000,0
7.8893,0.0000,0
3.2678,0.0000,0
2.1943,0.0000,0
3.1355,0.0000,0
6.7948,0.0000,0
6.9777,0.0000,0
6.6864,0.0000,0
8.8425,0.0000,0
6.0783,0.0000,0
4.4680,0.0000,0
7.0294,0.0000,0
6.6750,0.0000,0
6.5484,0.0000,0
7.7318,0.0000,0
6.6990,0.0000,0
6.3997,0.0000,0
3.1551,0.0000,0
5.8750,0.0000,0
4.9805,0.0000,0
6.5352,0.0000,0
1.3864,0.0000,0
7.2471,0.0000,0
1.6191,0.0000,0
1.6775,0.0000,0
4.3756,0.0000,0
4.7888,0.0000,0
6.0778,0.0000,0
3.7981,0.0000,0
4.3518,0.0000,0
3.3398,0.0000,0
4.1679,0.0000,0
3.3991,0.0000,0
4.3557,0.0000,0
7.3348,0.0000,0
4.7186,0.0000,0
1.6385,0.0000,0
3.0530,0.0000,0
5.3982,0.0000,0
4.6293,0.0000,0
4.8372,0.0000,0
2.1536,0.0000,0
2.3165,0.0000,0
5.3195,0.0000,0
2.4834,0.0000,0
5.5593,0.0000,2
5.8613,0.0000,0
6.1054,0.0000,2
4.7192,0.0000,0
8.2746,0.0000,0
7.3063,0.0000,0
5.0017,0.0000,0
3.9431,0.0000,0
3.3453,0.0000,0
1.9650,0.0000,0
3.5438,0.0000,0
5.0483,0.0000,0
3.7015,0.0000,0
3.1892,0.0000,0
4.4146,0.0000,0
5.4348,0.0000,0
4.2052,0.0000,0
6.8485,0.0000,0
3.9063,0.0000,0
7.9991,0.0000,0
4.2718,0.0000,0
6.2063,0.0000,0
5.6268,0.0000,0
3.4813,0.0000,0
7.7148,0.0000,0
7.0173,0.0000,0
4.2236,0.0000,0
4.5896,0.0000,0
6.5135,0.0000,0
6.8836,0.0000,0
6.1877,0.0000,0
3.2353,0.0000,0
6.1296,0.0000,0
3.9393,0.0000,0
5.1283,0.0000,0
3.5872,0.0000,0
7.4009,0.0000,0
3.7539,0.0000,0
6.2826,0.0000,0
7.2119,0.0000,0
1.9110,0.0000,0
5.5018,0.0000,0
6.3187,0.0000,0
2.4971,0.0000,0
4.1673,0.0000,0
6.9894,0.0000,0
4.8905,0.0000,0
6.4254,0.0000,0
6.0619,0.0000,0
4.0282,0.0000,0
5.1496,0.0000,0
3.8487,0.0000,0
4.7766,0.0000,0
6.3081,0.0000,0
5.5902,0.0000,0
5.3145,0.0000,0
5.7852,0.0000,0
3.0430,0.0000,0
4.2663,0.0000,0
3.8664,0.0000,0
5.7451,0.0000,0
1.8139,0.0000,0
3.7922,0.0000,0
4.1908,0.0000,4
3.1595,0.0000,3
4.0592,0.0000,3
4.5037,0.0000,0
5.4355,0.0000,0
2.7078,0.0000,0
6.8147,0.0000,0
6.8060,0.0000,0
4.5873,0.0000,3
3.7046,0.0000,0
4.3742,0.0000,0
3.5937,0.0000,0
2.2957,0.0000,0
5.2251,0.0000,0
4.8695,0.0000,3
4.6912,0.0000,0
7.3089,0.0000,0
5.3746,0.0000,0
6.0022,0.0000,0
3.3417,0.0000,0
4.0625,0.0000,0
5.6062,0.0000,0
1.8787,0.0000,0
1.9359,0.0000,0
4.7579,0.0000,0
3.9815,0.0000,0
6.8026,0.0000,0
3.9821,0.0000,0
5.4902,0.0000,0
6.3137,0.0000,0
6.8672,0.0000,0
4.2895,0.0000,0
1.8751,0.0000,0
3.7308,0.0000,0
6.0415,0.0000,0
4.5610,0.0000,0
7.8911,0.0000,0
8.5109,0.0000,0
4.6621,0.0000,0
5.5123,0.0000,0
1.9097,0.0000,0
5.4118,0.0000,0
7.8769,0.0000,0
5.8187,0.0000,0
3.8312,0.0000,0
3.3228,0.0000,0
1.6278,0.0000,0
7.6004,0.0000,0
4.8454,0.0000,0
4.9740,0.0000,0
5.8428,0.0000,0
5.6496,0.0000,2
2.8940,0.0000,0
4.7253,0.0000,0
6.6411,0.0000,0
2.2343,0.0000,0
3.9521,0.0000,0
5.7339,0.0000,0
5.8764,0.0000,0
3.8789,0.0000,0
3.8175,0.0000,0
5.9125,0.0000,0
5.5745,0.0000,0
5.5699,0.0000,0
6.1581,0.0000,0
4.1746,0.0000,0
6.2720,0.0000,0
4.7173,0.0000,0
6.9114,0.0000,0
3.0927,0.0000,0
4.6552,0.0000,0
6.4651,0.0000,0
4.9737,0.0000,0
4.2460,0.0000,0
6.4054,0.0000,0
4.6136,0.0000,0
2.4153,0.0000,0
6.6943,0.0000,0
4.5202,0.0000,0
4.9779,0.0000,0
4.8630,0.0000,0
4.8249,0.0000,0
6.7889,0.0000,0
5.3251,0.0000,0
3.1316,0.0000,0
5.1639,0.0000,0
5.5395,0.0000,0
5.7703,0.0000,0
6.5649,0.0000,0
1.7903,0.0000,0
2.8112,0.0000,0
4.2162,0.0000,0
5.5896,0.0000,0
3.7103,0.0000,0
6.5225,0.0000,0
2.2461,0.0000,0
6.5819,0.0000,0
6.9892,0.0000,0
6.3701,0.0000,0
3.0772,0.0000,0
4.6661,0.0000,2
5.5501,0.0000,0
5.4299,0.0000,0
0.9721,0.0000,0
3.1831,0.0000,0
5.5506,0.0000,2
5.5439,0.0000,0
6.2175,0.0000,0
1.8459,0.0000,3
3.6474,0.0000,4
5.1375,0.0000,0
4.4819,0.0000,0
4.5279,0.0000,0
6.4671,0.0000,0
6.5089,0.0000,0
2.9708,0.0000,0
6.0725,0.0000,0
4.6837,0.0000,0
6.3458,0.0000,0
4.5740,0.0000,0
4.4872,0.0000,0
5.6849,0.0000,0
3.2510,0.0000,0
5.8863,0.0000,0
6.3053,0.0000,0
4.7950,0.0000,0
4.9706,0.0000,0
3.9212,0.0000,0
5.7952,0.0000,0
5.9852,0.0000,0
5.9697,0.0000,0
3.4192,0.0000,0
3.2607,0.0000,0
4.7872,0.0000,0
4.4963,0.0000,0
3.9512,0.0000,0
6.4184,0.0000,2
5.1313,0.0000,0
0.8208,0.0000,0
5.7261,0.0000,0
2.9784,0.0000,0
4.2592,0.0000,0
3.7011,0.0000,0
4.7083,0.0000,0
4.3302,0.0000,0
4.7920,0.0000,2
3.1039,0.0000,0
7.6105,0.0000,0
6.2906,0.0000,0
6.8641,0.0000,0
5.9492,0.0000,0
2.8650,0.0000,2
7.1176,0.0000,0
6.6462,0.0000,0
6.9169,0.0000,0
6.5306,0.0000,0
4.7289,0.0000,0
4.0510,0.0000,2
3.9333,0.0000,0
4.4475,0.0000,0
3.8473,0.0000,0
5.5326,0.0000,0
2.1192,0.0000,0
6.7754,0.0000,0
6.1778,0.0000,0
4.1932,0.0000,0
3.7013,0.0000,0
7.8082,0.0000,0
3.5249,0.0000,0
7.3772,0.0000,0
3.6786,0.0000,0
1.5532,0.0000,0
5.6495,0.0000,0
4.0694,0.0000,0
5.5228,0.0000,0
8.1487,0.0000,0
5.3188,0.0000,0
6.4618,0.0000,0
3.5982,0.0000,0
7.0680,0.0000,0
4.2738,0.0000,0
3.3896,0.0000,0
2.2631,0.0000,0
4.0155,0.0000,0
7.3709,0.0000,0
7.4855,0.0000,0
5.0853,0.0000,0
6.6524,0.0000,0
4.8075,0.0000,0
5.9409,0.0000,0
2.3970,0.0000,0
3.4757,0.0000,0
4.5736,0.0000,0
0.7601,0.0000,0
7.7738,0.0000,0
5.1289,0.0000,0
6.3299,0.0000,0
7.8020,0.0000,0
8.5576,0.0000,0
5.3718,0.0000,0
5.9123,0.0000,0
6.0316,0.0000,0
4.5861,0.0000,0
3.1136,0.0000,0
5.8675,0.0000,0
1.2916,0.0000,0
2.2757,0.0000,0
5.2146,0.0000,0
4.6612,0.0000,0
4.0946,0.0000,0
4.5853,0.0000,0
4.0517,0.0000,0
5.6973,0.0000,0
2.3543,0.0000,0
4.5300,0.0000,0
7.7076,0.0000,0
4.1927,0.0000,0
2.3984,0.0000,0
6.0049,0.0000,0
2.1540,0.0000,0
4.6425,0.0000,0
5.2053,0.0000,0
4.0678,0.0000,0
5.7476,0.0000,3
7.1133,0.0000,0
5.2522,0.0000,0
6.9495,0.0000,0
7.0618,0.0000,0
6.0605,0.0000,0
7.3178,0.0000,0
5.2605,0.0000,0
8.5986,0.0000,0
6.7615,0.0000,0
2.2421,0.0000,0
4.1153,0.0000,0
4.7575,0.0000,0
8.4667,0.0000,0
6.3925,0.0000,0
6.0515,0.0000,0
7.1931,0.0000,0
7.0996,0.0000,0
6.9694,0.0000,0
5.6678,0.0000,0
4.0085,0.0000,3
4.4837,0.0000,0
4.3382,0.0000,0
3.9593,0.0000,0
4.1180,0.0000,0
6.2672,0.0000,0
3.6833,0.0000,0
5.7102,0.0000,0
3.3466,0.0000,0
1.6402,0.0000,0
2.9307,0.0000,0
2.5243,0.0000,0
2.0685,0.0000,0
2.3351,0.0000,0
7.2877,0.0000,0
7.4086,0.0000,0
5.8362,0.0000,0
4.1225,0.0000,0
4.1255,0.0000,0
2.0897,0.0000,0
4.4014,0.0000,0
2.9450,0.0000,0
6.4785,0.0000,3
7.0484,0.0000,0
3.5099,0.0000,0
3.1774,0.0000,0
7.0021,0.0000,0
6.2611,0.0000,2
7.0344,0.0000,0
6.2179,0.0000,0
2.9673,0.0000,0
3.9239,0.0000,0
6.1853,0.0000,0
5.4858,0.0000,0
5.4105,0.0000,0
5.3838,0.0000,0
3.3866,0.0000,3
4.4043,0.0000,0
7.6811,0.0000,0
6.4395,0.0000,0
5.6280,0.0000,0
1.2604,0.0000,0
5.3458,0.0000,0
3.5678,0.0000,0
3.0451,0.0000,0
4.8079,0.0000,0
5.2767,0.0000,0
3.8700,0.0000,0
7.4291,0.0000,0
6.5915,0.0000,0
3.5843,0.0000,0
6.5447,0.0000,0
5.7302,0.0000,0
3.3267,0.0000,0
6.9302,0.0000,0
5.3445,0.0000,0
3.4000,0.0000,0
5.1096,0.0000,0
6.6157,0.0000,0
4.7308,0.0000,0
5.8362,0.0000,0
1.6899,0.0000,0
7.7670,0.0000,0
4.6021,0.0000,0
4.5401,0.0000,0
4.6044,0.0000,0
3.8646,0.0000,0
3.6024,0.0000,0
1.9189,0.0000,0
5.5999,0.0000,0
3.7895,0.0000,0
7.1014,0.0000,0
6.8024,0.0000,0
4.2177,0.0000,0
7.6231,0.0000,0
2.7227,0.0000,0
7.2571,0.0000,0
3.3814,0.0000,0
5.9663,0.0000,0
4.6880,0.0000,0
2.8614,0.0000,0
2.8752,0.0000,0
6.1635,0.0000,0
2.1346,0.0000,0
6.5453,0.0000,0
7.3921,0.0000,0
3.8142,0.0000,0
5.6548,0.0000,0
5.4344,0.0000,0
5.1493,0.0000,0
6.3291,0.0000,0
3.5448,0.0000,0
3.9188,0.0000,0
5.3948,0.0000,0
5.9488,0.0000,0
5.0087,0.0000,0
6.7298,0.0000,0
6.3837,0.0000,0
4.4422,0.0000,0
4.2403,0.0000,0
6.5747,0.0000,0
6.5889,0.0000,0
5.5602,0.0000,0
4.1850,0.0000,0
2.8344,0.0000,0
1.7736,0.0000,0
4.0751,0.0000,0
3.7003,0.0000,0
4.2156,0.0000,0
2.9968,0.0000,0
4.5566,0.0000,0
6.7638,0.0000,0
3.8250,0.0000,0
6.0030,0.0000,0
5.3357,0.0000,0
5.7532,0.0000,0
4.2459,0.0000,0
1.0515,0.0000,0
5.5611,0.0000,3
6.4179,0.0000,0
3.5836,0.0000,0
6.0487,0.0000,0
5.3844,0.0000,0
3.4265,0.0000,0
6.2251,0.0000,0
3.9918,0.0000,0
4.4446,0.0000,0
4.7130,0.0000,0
6.0598,0.0000,0
5.5357,0.0000,0
5.5092,0.0000,0
6.4322,0.0000,0
5.6702,0.0000,0
5.4834,0.0000,0
2.9745,0.0000,0
6.6642,0.0000,0
2.6840,0.0000,0
3.3347,0.0000,0
4.9002,0.0000,0
3.7771,0.0000,3
4.2815,0.0000,0
4.5425,0.0000,0
2.9998,0.0000,0
5.1931,0.0000,0
7.0753,0.0000,0
3.6845,0.0000,0
7.1093,0.0000,0
4.5153,0.0000,0
6.4213,0.0000,0
6.2713,0.0000,0
5.8052,0.0000,0
7.2356,0.0000,2
6.7508,0.0000,0
5.9144,0.0000,0
4.8485,0.0000,0
5.4927,0.0000,0
3.2912,0.0000,0
5.8848,0.0000,0
8.1147,0.0000,0
3.2255,0.0000,0
3.7292,0.0000,0
5.3257,0.0000,0
6.2655,0.0000,0
4.4965,0.0000,0
5.9034,0.0000,0
5.6089,0.0000,0
7.2352,0.0000,0
4.5834,0.0000,0
5.6580,0.0000,0
5.7909,0.0000,0
3.9283,0.0000,0
6.9600,0.0000,0
4.9989,0.0000,0
2.3293,0.0000,0
5.5835,0.0000,0
5.9572,0.0000,0
7.1572,0.0000,0
6.0196,0.0000,0
5.9853,0.0000,0
5.2165,0.0000,0
3.6634,0.0000,0
8.0500,0.0000,0
4.2176,0.0000,0
5.4114,0.0000,0
4.2205,0.0000,0
4.9278,0.0000,0
4.2607,0.0000,0
6.7473,0.0000,0
4.6656,0.0000,0
3.4970,0.0000,0
1.0634,0.0000,3
4.7667,0.0000,0
4.7786,0.0000,0
6.9119,0.0000,0
1.9215,0.0000,0
6.8457,0.0000,0
7.5576,0.0000,0
5.3331,0.0000,0
3.9346,0.0000,0
6.4644,0.0000,0
3.0961,0.0000,0
4.9949,0.0000,0
6.5438,0.0000,0
6.8812,0.0000,0
6.3003,0.0000,0
5.5602,0.0000,0
5.8844,0.0000,0
3.8049,0.0000,0
5.3581,0.0000,0
5.5233,0.0000,0
4.6610,0.0000,0
5.1068,0.0000,0
4.5247,0.0000,0
4.0028,0.0000,0
6.2557,0.0000,0
5.3197,0.0000,0
6.4529,0.0000,0
3.1541,0.0000,3
5.4013,0.0000,0
4.3445,0.0000,0
6.4885,0.0000,0
4.1856,0.0000,0
3.4920,0.0000,0
4.0438,0.0000,0
4.3132,0.0000,0
3.8629,0.0000,0
4.6977,0.0000,0
4.8401,0.0000,0
1.8056,0.0000,0
1.9682,0.0000,0
8.1501,0.0000,0
5.8846,0.0000,0
5.7890,0.0000,0
4.8501,0.0000,0
3.0416,0.0000,0
8.3105,0.0000,0
5.6337,0.0000,0
4.5116,0.0000,0
4.3787,0.0000,0
8.0146,0.0000,0
4.3265,0.0000,0
7.6054,0.0000,0
1.1079,0.0000,0
4.9001,0.0000,0
5.1604,0.0000,0
6.4097,0.0000,0
6.8630,0.0000,0
3.6329,0.0000,0
2.4673,0.0000,0
4.5782,0.0000,0
3.0269,0.0000,0
4.0816,0.0000,3
2.6672,0.0000,0
6.4188,0.0000,0
4.5236,0.0000,0
4.2762,0.0000,0
3.7427,0.0000,0
5.0637,0.0000,3
3.4533,0.0000,0
6.0928,0.0000,0
6.3195,0.0000,0
4.7503,0.0000,0
6.5562,0.0000,0
4.4947,0.0000,0
6.3162,0.0000,0
3.9068,0.0000,0
3.8641,0.0000,0
2.2100,0.0000,0
2.5552,0.0000,0
7.1984,0.0000,0
5.7485,0.0000,0
2.7691,0.0000,0
4.3725,0.0000,0
4.9648,0.0000,0
4.3549,0.0000,0
5.2679,0.0000,3
5.2367,0.0000,0
3.5631,0.0000,0
3.2871,0.0000,0
5.3544,0.0000,0
5.6563,0.0000,0
7.5640,0.0000,0
5.3133,0.0000,0
5.8351,0.0000,0
5.3883,0.0000,0
7.0695,0.0000,0
6.1168,0.0000,0
4.7390,0.0000,0
4.7826,0.0000,0
6.8700,0.0000,0
2.5927,0.0000,0
6.8175,0.0000,0
5.3260,0.0000,0
8.8253,0.0000,0
2.8218,0.0000,0
3.8794,0.0000,0
8.9611,0.0000,0
7.4170,0.0000,0
2.4545,0.0000,0
1.9439,0.0000,0
8.0502,0.0000,0
4.1408,0.0000,0
3.5680,0.0000,0
4.4963,0.0000,0
4.4437,0.0000,0
5.5151,0.0000,0
6.0237,0.0000,0
7.5480,0.0000,0
7.7136,0.0000,0
7.4098,0.0000,0
7.5525,0.0000,0
6.6331,0.0000,0
5.9737,0.0000,0
4.3149,0.0000,0
3.5483,0.0000,0
3.8502,0.0000,0
3.2372,0.0000,0
2.5689,0.0000,0
3.4378,0.0000,0
3.5617,0.0000,0
5.8660,0.0000,0
4.0797,0.0000,0
4.0623,0.0000,0
8.7092,0.0000,0
5.2822,0.0000,0
4.1331,0.0000,0
5.2624,0.0000,0
6.9489,0.0000,3
2.1188,0.0000,3
6.0334,0.0000,0
5.0578,0.0000,0
2.9755,0.0000,0
7.5929,0.0000,0
4.3355,0.0000,0
5.5107,0.0000,0
6.2119,0.0000,0
4.9055,0.0000,0
2.4265,0.0000,0
4.7352,0.0000,0
4.8978,0.0000,0
6.8826,0.0000,0
5.6328,0.0000,0
6.4006,0.0000,0
3.4346,0.0000,0
2.3029,0.0000,0
5.5699,0.0000,0
3.7646,0.0000,0
3.5319,0.0000,0
3.9863,0.0000,0
3.2836,0.0000,0
4.9965,0.0000,0
3.8215,0.0000,0
3.3268,0.0000,0
3.7954,0.0000,0
6.5030,0.0000,0
7.6511,0.0000,0
5.8043,0.0000,0
2.7334,0.0000,0
6.5356,0.0000,0
3.1056,0.0000,0
1.6580,0.0000,0
6.8046,0.0000,0
4.9760,0.0000,0
4.8640,0.0000,0
7.0302,0.0000,0
3.5897,0.0000,3
5.3265,0.0000,0
3.0635,0.0000,0
7.2290,0.0000,0
4.7815,0.0000,0
4.0537,0.0000,0
5.3296,0.0000,0
2.9768,0.0000,0
3.8231,0.0000,0
3.8004,0.0000,0
6.6701,0.0000,0
7.3313,0.0000,0
6.1352,0.0000,0
7.1776,0.0000,0
4.0310,0.0000,0
8.4423,0.0000,0
6.7432,0.0000,0
5.0099,0.0000,0
7.2159,0.0000,0
6.1030,0.0000,0
5.2891,0.0000,2
6.3877,0.0000,0
1.0946,0.0000,0
7.5352,0.0000,0
5.1810,0.0000,0
4.8526,0.0000,0
5.2173,0.0000,0
5.6930,0.0000,0
4.1401,0.0000,0
2.8033,0.0000,0
6.8515,0.0000,0
5.5436,0.0000,0
5.4174,0.0000,0
3.1334,0.0000,0
6.0275,0.0000,0
6.9625,0.0000,0
3.2218,0.0000,0
6.3643,0.0000,0
5.1864,0.0000,0
7.1645,0.0000,0
2.6530,0.0000,0
5.2911,0.0000,0
4.6045,0.0000,0
1.6900,0.0000,0
5.1480,0.0000,0
4.1658,0.0000,0
4.0785,0.0000,0
4.7941,0.0000,0
3.6671,0.0000,0
3.5852,0.0000,0
4.5076,0.0000,0
6.4999,0.0000,0
5.4400,0.0000,0
5.9072,0.0000,0
5.5231,0.0000,0
6.1798,0.0000,0
4.7398,0.0000,0
6.4144,0.0000,0
4.6636,0.0000,2
7.5991,0.0000,0
3.9563,0.0000,0
3.8999,0.0000,0
5.4285,0.0000,0
3.0043,0.0000,0
6.2604,0.0000,0
4.1139,0.0000,0
5.2500,0.0000,0
5.0830,0.0000,0
6.5189,0.0000,0
5.1885,0.0000,0
4.3267,0.0000,0
4.6561,0.0000,0
5.7858,0.0000,0
2.0091,0.0000,0
4.1386,0.0000,0
5.6999,0.0000,0
6.9783,0.0000,0
6.5788,0.0000,0
3.8816,0.0000,0
4.1023,0.0000,3
8.1570,0.0000,0
6.1335,0.0000,0
4.2619,0.0000,0
6.5577,0.0000,0
3.5678,0.0000,0
3.4847,0.0000,0
5.0047,0.0000,0
4.0574,0.0000,0
6.3761,0.0000,0
2.3473,0.0000,0
2.3055,0.0000,0
3.0250,0.0000,0
5.7506,0.0000,0
7.4825,0.0000,0
5.7612,0.0000,0
3.0637,0.0000,0
5.7096,0.0000,0
4.2983,0.0000,0
2.8496,0.0000,0
6.2867,0.0000,0
6.3584,0.0000,0
3.2923,0.0000,0
7.0848,0.0000,0
8.3764,0.0000,0
7.0174,0.0000,0
4.7709,0.0000,0
7.1811,0.0000,0
7.8265,0.0000,0
7.4845,0.0000,0
3.0465,0.0000,2
4.5740,0.0000,0
2.8232,0.0000,0
4.4456,0.0000,0
3.7946,0.0000,0
4.6278,0.0000,0
4.1768,0.0000,0
3.5659,0.0000,0
6.8515,0.0000,0
2.4510,0.0000,0
4.1599,0.0000,0
4.2676,0.0000,0
4.8908,0.0000,0
5.2929,0.0000,0
7.2162,0.0000,0
5.7631,0.0000,0
4.1757,0.0000,0
3.3226,0.0000,0
4.4752,0.0000,0
2.2460,0.0000,0
4.7225,0.0000,0
5.6463,0.0000,0
4.8167,0.0000,0
4.4495,0.0000,0
3.1714,0.0000,0
3.6428,0.0000,0
4.5991,0.0000,0
6.1995,0.0000,0
7.1056,0.0000,0
5.5713,0.0000,0
3.1231,0.0000,0
5.7568,0.0000,0
3.5020,0.0000,0
6.1978,0.0000,0
4.9560,0.0000,3
2.2945,0.0000,0
2.9408,0.0000,0
6.5620,0.0000,0
7.3812,0.0000,0
9.0627,0.0000,0
3.9148,0.0000,0
6.1463,0.0000,0
1.4839,0.0000,0
6.5593,0.0000,0
3.9400,0.0000,0
3.3174,0.0000,0
4.7428,0.0000,0
7.5609,0.0000,0
2.8094,0.0000,0
7.3178,0.0000,0
2.7835,0.0000,0
3.6018,0.0000,0
7.8643,0.0000,0
6.2827,0.0000,0
6.9812,0.0000,0
6.4949,0.0000,0
7.5121,0.0000,0
5.5384,0.0000,0
3.3544,0.0000,0
3.6483,0.0000,0
5.9840,0.0000,0
6.8332,0.0000,0
6.3556,0.0000,0
6.2160,0.0000,0
7.4328,0.0000,0
3.0630,0.0000,0
4.8234,0.0000,0
5.1790,0.0000,0
1.2115,0.0000,0
4.2828,0.0000,0
6.4336,0.0000,0
4.1886,0.0000,0
5.7575,0.0000,0
3.4433,0.0000,0
7.0576,0.0000,0
4.9618,0.0000,0
6.0176,0.0000,0
4.6401,0.0000,0
5.0325,0.0000,0
6.6099,0.0000,0
4.2582,0.0000,0
5.4053,0.0000,0
4.4191,0.0000,0
3.6999,0.0000,0
3.7216,0.0000,0
6.3202,0.0000,0
7.1921,0.0000,0
5.4569,0.0000,0
4.9971,0.0000,0
5.8049,0.0000,0
7.2500,0.0000,0
7.4364,0.0000,0
6.4297,0.0000,0
5.5165,0.0000,0
3.6684,0.0000,0
3.6729,0.0000,0
5.6223,0.0000,0
4.9064,0.0000,0
5.5549,0.0000,0
2.1494,0.0000,0
4.1912,0.0000,0
5.1665,0.0000,0
5.8738,0.0000,0
3.7655,0.0000,0
6.3669,0.0000,0
3.6133,0.0000,0
6.6349,0.0000,0
3.4120,0.0000,0
2.1846,0.0000,0
5.8859,0.0000,0
5.3735,0.0000,0
5.6363,0.0000,0
5.9063,0.0000,0
4.2122,0.0000,0
6.3415,0.0000,0
5.4774,0.0000,0
5.7398,0.0000,0
3.5393,0.0000,0
3.2511,0.0000,0
4.8150,0.0000,0
7.8754,0.0000,0
5.7280,0.0000,0
8.2893,0.0000,0
3.9626,0.0000,0
6.9376,0.0000,0
6.8177,0.0000,0
5.7364,0.0000,0
3.8458,0.0000,2
1.7261,0.0000,0
6.5515,0.0000,0
7.7724,0.0000,0
6.9135,0.0000,0
5.2024,0.0000,0
2.3424,0.0000,0
7.0321,0.0000,0
7.8127,0.0000,0
6.9768,0.0000,0
5.0873,0.0000,0
5.3431,0.0000,0
5.1143,0.0000,0
4.9988,0.0000,0
6.6375,0.0000,0
4.3285,0.0000,0
4.7428,0.0000,0
4.2936,0.0000,2
6.7431,0.0000,0
4.6406,0.0000,0
6.8143,0.0000,0
7.7785,0.0000,0
4.8793,0.0000,0
6.8918,0.0000,0
3.7021,0.0000,0
6.2568,0.0000,0
6.8872,0.0000,0
6.7106,0.0000,0
3.9894,0.0000,0
4.3146,0.0000,0
5.5969,0.0000,0
7.0767,0.0000,0
6.8960,0.0000,0
7.6025,0.0000,0
3.2253,0.0000,0
5.3914,0.0000,0
1.9479,0.0000,0
2.3436,0.0000,0
4.8376,0.0000,0
1.5694,0.0000,0
4.6555,0.0000,0
4.9250,0.0000,0
6.5866,0.0000,0
4.3454,0.0000,0
3.5497,0.0000,0
6.4502,0.0000,0
4.1660,0.0000,0
4.9801,0.0000,0
6.5932,0.0000,0
6.0463,0.0000,0
6.2936,0.0000,0
5.5719,0.0000,0
6.8882,0.0000,0
7.5939,0.0000,0
4.7317,0.0000,0
7.8249,0.0000,0
5.2676,0.0000,0
4.0113,0.0000,0
5.0392,0.0000,0
4.2933,0.0000,0
6.5839,0.0000,0
2.9326,0.0000,0
4.7370,0.0000,0
6.8876,0.0000,0
5.8023,0.0000,0
5.5717,0.0000,0
7.0187,0.0000,0
4.4908,0.0000,0
6.0260,0.0000,0
4.3444,0.0000,0
3.5088,0.0000,0
4.8790,0.0000,0
6.8554,0.0000,4
4.4676,0.0000,0
4.7172,0.0000,0
3.5182,0.0000,0
6.5762,0.0000,0
3.7262,0.0000,0
7.6788,0.0000,0
6.5821,0.0000,0
4.7975,0.0000,0
0.6178,0.0000,0
4.6185,0.0000,0
2.5723,0.0000,0
5.2696,0.0000,0
4.1508,0.0000,0
3.0835,0.0000,0
6.9648,0.0000,0
2.0225,0.0000,0
2.6114,0.0000,0
6.1847,0.0000,0
4.6027,0.0000,0
5.4840,0.0000,0
5.4054,0.0000,0
5.6685,0.0000,0
2.5424,0.0000,0
5.1582,0.0000,0
7.6003,0.0000,0
2.8412,0.0000,0
4.3033,0.0000,0
3.7012,0.0000,0
4.9960,0.0000,0
5.9120,0.0000,0
4.5945,0.0000,0
6.3727,0.0000,0
3.9378,0.0000,0
5.5625,0.0000,0
5.4682,0.0000,0
8.2619,0.0000,0
4.9186,0.0000,0
2.7223,0.0000,0
2.5601,0.0000,0
5.2695,0.0000,0
4.1101,0.0000,0
4.6195,0.0000,0
7.5105,0.0000,0
4.6736,0.0000,0
4.9725,0.0000,0
2.5913,0.0000,0
6.2311,0.0000,3
3.6659,0.0000,0
6.7737,0.0000,0
3.1309,0.0000,0
1.8799,0.0000,0
3.9840,0.0000,0
3.3631,0.0000,0
3.9219,0.0000,0
7.2267,0.0000,0
5.1167,0.0000,0
4.2483,0.0000,0
6.5371,0.0000,0
5.7147,0.0000,0
4.8198,0.0000,0
7.5369,0.0000,0
5.1307,0.0000,0
6.0381,0.0000,0
5.2773,0.0000,0
4.5507,0.0000,0
4.7962,0.0000,0
4.2659,0.0000,0
3.5958,0.0000,0
4.6745,0.0000,0
5.4823,0.0000,0
3.2373,0.0000,0
6.3940,0.0000,0
4.5197,0.0000,0
4.3688,0.0000,0
5.4613,0.0000,0
4.4323,0.0000,0
3.6376,0.0000,0
4.1694,0.0000,0
4.1305,0.0000,0
4.4747,0.0000,0
3.0655,0.0000,0
7.0400,0.0000,0
2.3877,0.0000,0
6.1171,0.0000,0
7.5769,0.0000,0
2.3293,0.0000,0
4.6845,0.0000,0
4.4369,0.0000,3
5.8982,0.0000,0
3.6805,0.0000,0
3.8770,0.0000,0
3.3850,0.0000,0
6.6173,0.0000,0
4.3486,0.0000,0
6.8451,0.0000,0
4.6105,0.0000,0
7.6650,0.0000,0
5.8815,0.0000,3
5.4444,0.0000,0
4.1598,0.0000,0
7.6209,0.0000,0
5.1168,0.0000,0
4.1652,0.0000,0
6.6657,0.0000,0
1.9223,0.0000,0
2.9707,0.0000,0
6.9893,0.0000,0
8.1585,0.0000,0
4.3093,0.0000,0
6.9993,0.0000,0
6.4651,0.0000,0
5.8847,0.0000,0
6.0916,0.0000,0
7.2795,0.0000,0
5.7407,0.0000,0
3.4028,0.0000,2
3.2708,0.0000,0
2.7829,0.0000,0
8.3280,0.0000,0
5.2856,0.0000,0
7.0331,0.0000,0
4.9743,0.0000,0
6.4194,0.0000,0
3.8026,0.0000,0
4.3633,0.0000,0
4.8991,0.0000,0
7.4715,0.0000,0
6.3050,0.0000,0
6.9922,0.0000,0
5.1218,0.0000,0
7.6267,0.0000,0
5.6540,0.0000,0
5.6331,0.0000,0
1.4818,0.0000,0
3.2492,0.0000,0
6.7880,0.0000,0
4.6567,0.0000,0
2.2472,0.0000,0
6.6899,0.0000,0
1.5841,0.0000,0
4.3748,0.0000,0
6.7911,0.0000,0
3.8438,0.0000,0
4.3613,0.0000,0
4.3354,0.0000,0
7.2684,0.0000,0
3.0982,0.0000,0
5.6451,0.0000,0
3.5398,0.0000,0
2.5109,0.0000,0
7.2535,0.0000,0
5.4715,0.0000,0
4.0827,0.0000,0
7.0613,0.0000,0
7.0081,0.0000,0
6.1736,0.0000,0
5.3538,0.0000,0
7.8689,0.0000,0
5.2018,0.0000,0
3.0130,0.0000,0
3.2711,0.0000,0
4.3502,0.0000,0
5.1114,0.0000,0
3.2508,0.0000,0
4.0160,0.0000,0
1.0553,0.0000,0
4.5169,0.0000,0
4.9217,0.0000,0
5.6903,0.0000,0
5.1937,0.0000,0
6.7110,0.0000,0
6.4535,0.0000,0
6.7464,0.0000,0
8.2955,0.0000,0
5.2786,0.0000,0
3.9201,0.0000,0
6.3691,0.0000,0
5.8026,0.0000,0
5.5531,0.0000,0
6.2654,0.0000,0
1.8415,0.0000,2
5.3997,0.0000,0
5.0789,0.0000,0
3.0329,0.0000,0
7.0148,0.0000,0
3.7544,0.0000,0
4.7250,0.0000,0
5.3505,0.0000,0
3.2808,0.0000,0
6.2092,0.0000,0
6.3263,0.0000,0
3.7437,0.0000,0
5.3822,0.0000,0
7.6104,0.0000,0
6.4344,0.0000,0
3.2516,0.0000,0
7.2612,0.0000,0
2.7850,0.0000,0
7.6363,0.0000,0
4.9759,0.0000,2
7.5605,0.0000,0
4.8220,0.0000,0
3.8840,0.0000,0
5.9139,0.0000,0
1.7133,0.0000,0
6.7443,0.0000,0
4.6172,0.0000,0
5.9681,0.0000,0
1.2545,0.0000,0
2.8374,0.0000,0
6.6771,0.0000,0
3.8959,0.0000,0
4.4587,0.0000,0
5.1571,0.0000,0
5.6164,0.0000,0
2.8099,0.0000,0
3.8666,0.0000,0
3.2928,0.0000,0
5.5081,0.0000,0
6.5777,0.0000,0
5.6384,0.0000,0
3.9880,0.0000,0
4.6454,0.0000,0
7.0685,0.0000,0
5.5197,0.0000,0
4.8805,0.0000,0
3.9025,0.0000,0
6.5936,0.0000,0
3.3533,0.0000,0
5.5568,0.0000,0
4.2594,0.0000,0
5.8277,0.0000,0
5.7114,0.0000,0
4.5598,0.0000,0
4.5945,0.0000,0
4.9623,0.0000,0
7.1986,0.0000,0
6.1577,0.0000,0
8.1783,0.0000,0
6.7455,0.0000,0
7.7111,0.0000,0
5.7651,0.0000,0
4.1893,0.0000,0
7.2999,0.0000,0
4.3242,0.0000,0
3.2603,0.0000,0
0.9550,0.0000,0
6.5230,0.0000,0
4.7161,0.0000,0
3.2314,0.0000,3
4.0409,0.0000,0
6.3048,0.0000,0
3.9869,0.0000,0
4.4947,0.0000,0
5.8255,0.0000,0
7.2663,0.0000,0
8.0538,0.0000,0
4.7123,0.0000,0
3.2493,0.0000,3
7.1601,0.0000,0
3.0338,0.0000,0
2.4601,0.0000,0
1.6253,0.0000,0
5.6864,0.0000,0
4.6383,0.0000,0
3.5996,0.0000,0
6.3149,0.0000,0
4.8681,0.0000,2
1.1461,0.0000,0
3.1883,0.0000,0
5.9678,0.0000,0
4.0045,0.0000,0
3.0113,0.0000,0
5.8637,0.0000,0
5.6939,0.0000,0
5.9877,0.0000,0
4.5350,0.0000,0
3.3070,0.0000,0
5.2513,0.0000,2
4.5095,0.0000,0
5.8477,0.0000,0
2.5617,0.0000,0
4.3013,0.0000,0
2.8926,0.0000,0
6.4638,0.0000,0
4.5588,0.0000,0
4.1674,0.0000,0
2.6915,0.0000,0
4.7541,0.0000,0
1.6467,0.0000,0
6.2625,0.0000,0
7.0573,0.0000,0
6.3008,0.0000,0
4.7913,0.0000,0
5.8431,0.0000,0
2.7957,0.0000,0
2.9812,0.0000,0
8.2555,0.0000,0
2.4083,0.0000,0
8.1892,0.0000,0
2.9173,0.0000,0
1.4870,0.0000,0
6.1905,0.0000,0
4.1576,0.0000,0
5.1480,0.0000,0
5.1949,0.0000,0
7.0077,0.0000,0
6.6141,0.0000,0
3.3208,0.0000,0
5.9634,0.0000,0
1.5333,0.0000,0
6.2392,0.0000,0
6.0510,0.0000,0
5.4365,0.0000,0
4.2562,0.0000,0
2.6472,0.0000,0
6.1345,0.0000,0
6.2287,0.0000,0
7.6555,0.0000,0
7.6059,0.0000,0
6.9060,0.0000,0
4.2674,0.0000,0
4.1243,0.0000,3
4.7396,0.0000,0
4.0200,0.0000,0
5.3833,0.0000,0
3.6539,0.0000,0
5.5801,0.0000,0
3.8160,0.0000,0
4.8902,0.0000,0
6.6670,0.0000,0
5.8078,0.0000,0
7.1246,0.0000,0
6.7931,0.0000,0
4.2406,0.0000,0
4.7536,0.0000,0
6.5688,0.0000,0
3.8959,0.0000,0
5.3152,0.0000,3
5.2843,0.0000,0
7.4584,0.0000,0
4.3380,0.0000,0
5.1635,0.0000,0
7.0347,0.0000,0
6.9057,0.0000,0
2.4749,0.0000,0
4.3946,0.0000,0
5.7843,0.0000,0
7.5284,0.0000,0
5.3085,0.0000,0
5.5504,0.0000,0
5.5113,0.0000,2
3.9662,0.0000,0
6.6272,0.0000,0
4.2069,0.0000,0
5.6380,0.0000,0
6.5801,0.0000,0
6.9986,0.0000,0
5.5237,0.0000,0
5.0322,0.0000,0
7.1416,0.0000,0
5.1679,0.0000,0
6.4301,0.0000,0
5.5569,0.0000,0
6.4486,0.0000,0
5.0494,0.0000,0
4.9577,0.0000,0
6.6704,0.0000,0
4.2306,0.0000,0
5.1643,0.0000,0
6.9316,0.0000,0
5.7670,0.0000,0
5.2589,0.0000,2
5.8658,0.0000,0
4.5997,0.0000,0
8.4873,0.0000,0
4.9241,0.0000,3
2.4301,0.0000,0
2.1701,0.0000,0
3.8439,0.0000,0
2.7367,0.0000,2
4.4947,0.0000,0
1.6527,0.0000,0
2.9697,0.0000,0
7.1123,0.0000,0
5.2835,0.0000,0
7.2404,0.0000,2
5.8765,0.0000,0
4.7386,0.0000,0
2.5844,0.0000,0
7.2459,0.0000,0
5.4693,0.0000,0
5.3004,0.0000,0
5.6137,0.0000,0
4.1024,0.0000,0
4.2449,0.0000,0
2.9445,0.0000,0
4.4693,0.0000,0
3.8811,0.0000,0
4.2283,0.0000,0
3.8120,0.0000,0
5.0549,0.0000,0
6.6328,0.0000,0
6.3427,0.0000,0
5.1570,0.0000,0
4.2930,0.0000,0
3.2858,0.0000,0
1.2109,0.0000,0
5.8660,0.0000,0
4.0423,0.0000,0
6.3959,0.0000,0
2.9080,0.0000,0
3.5983,0.0000,0
6.8020,0.0000,0
5.0085,0.0000,0
7.1701,0.0000,0
4.6734,0.0000,0
5.9248,0.0000,0
4.3481,0.0000,0
4.1789,0.0000,0
4.4710,0.0000,0
3.3526,0.0000,0
3.6231,0.0000,0
4.8271,0.0000,0
2.2444,0.0000,0
6.6091,0.0000,0
7.2641,0.0000,0
8.2987,0.0000,0
8.1873,0.0000,0
4.9448,0.0000,0
1.9611,0.0000,0
6.2349,0.0000,0
3.7463,0.0000,0
8.2718,0.0000,0
7.6708,0.0000,0
4.9806,0.0000,0
2.2189,0.0000,0
6.1511,0.0000,0
6.1957,0.0000,0
3.9827,0.0000,0
5.2117,0.0000,0
3.0776,0.0000,0
2.2354,0.0000,0
4.1120,0.0000,0
5.2273,0.0000,0
6.8548,0.0000,0
4.6287,0.0000,0
3.6399,0.0000,0
5.9569,0.0000,0
1.8653,0.0000,0
3.7077,0.0000,0
3.5404,0.0000,0
3.9592,0.0000,0
7.0318,0.0000,0
3.7301,0.0000,0
4.4823,0.0000,0
5.8378,0.0000,4
5.9432,0.0000,0
7.3472,0.0000,0
8.2081,0.0000,0
7.8064,0.0000,0
6.5754,0.0000,0
2.5706,0.0000,0
4.2001,0.0000,0
6.0873,0.0000,0
5.6300,0.0000,0
3.7682,0.0000,0
6.3201,0.0000,0
5.6991,0.0000,0
3.4612,0.0000,0
5.5290,0.0000,0
7.1339,0.0000,0
1.9438,0.0000,0
5.4614,0.0000,0
4.3083,0.0000,0
6.8220,0.0000,0
6.6442,0.0000,0
7.1160,0.0000,0
6.5935,0.0000,0
3.1734,0.0000,0
2.4125,0.0000,0
3.8086,0.0000,0
3.7256,0.0000,0
2.5885,0.0000,0
4.5121,0.0000,0
3.7667,0.0000,0
5.1364,0.0000,0
6.5041,0.0000,0
4.1021,0.0000,0
7.5435,0.0000,0
5.2599,0.0000,0
1.3773,0.0000,0
1.1901,0.0000,0
6.9004,0.0000,0
6.7500,0.0000,0
5.3962,0.0000,0
5.3052,0.0000,0
6.8490,0.0000,0
3.2052,0.0000,0
6.4025,0.0000,0
5.4506,0.0000,0
3.3666,0.0000,0
5.4172,0.0000,0
6.1924,0.0000,0
3.2823,0.0000,0
6.8926,0.0000,0
5.5245,0.0000,0
2.8710,0.0000,0
5.5316,0.0000,0
4.1991,0.0000,0
2.4598,0.0000,0
7.5143,0.0000,0
5.3452,0.0000,0
5.9874,0.0000,3
6.1723,0.0000,0
5.4699,0.0000,0
3.0119,0.0000,0
4.9755,0.0000,0
3.4246,0.0000,0
5.7007,0.0000,2
2.7390,0.0000,0
2.3526,0.0000,0
5.0172,0.0000,0
6.1924,0.0000,0
6.4169,0.0000,0
5.3275,0.0000,0
1.8658,0.0000,0
2.1674,0.0000,0
3.0906,0.0000,0
5.8129,0.0000,0
6.2976,0.0000,0
3.8669,0.0000,0
5.1409,0.0000,0
3.4005,0.0000,0
7.0031,0.0000,0
5.8267,0.0000,0
4.3213,0.0000,0
5.1702,0.0000,3
6.2162,0.0000,0
5.6785,0.0000,0
5.9662,0.0000,0
3.4397,0.0000,0
4.8832,0.0000,0
5.9179,0.0000,0
3.2064,0.0000,0
4.5779,0.0000,0
6.2285,0.0000,0
2.6636,0.0000,0
5.3517,0.0000,2
6.5884,0.0000,0
6.2538,0.0000,0
4.1878,0.0000,0
3.5734,0.0000,0
6.1010,0.0000,0
6.1986,0.0000,0
6.7261,0.0000,0
4.5221,0.0000,0
4.3453,0.0000,2
7.1723,0.0000,0
4.7640,0.0000,0
5.9595,0.0000,0
6.8939,0.0000,0
7.1612,0.0000,0
4.8720,0.0000,0
3.8728,0.0000,0
5.6827,0.0000,0
5.0022,0.0000,0
7.3598,0.0000,0
4.5802,0.0000,0
3.4752,0.0000,0
6.3704,0.0000,0
3.7218,0.0000,0
3.1004,0.0000,0
5.6304,0.0000,0
3.8006,0.0000,0
6.5174,0.0000,0
7.1410,0.0000,0
6.4547,0.0000,0
3.2164,0.0000,0
7.1878,0.0000,0
2.5165,0.0000,0
5.6380,0.0000,0
5.1748,0.0000,0
4.5520,0.0000,0
