# x y z w1S_safe w2S_dist w3S_noise
# bounds_min=[0.0, 0.0, 0.0]
# bounds_max=[20.0, 20.0, 10.0]
# grid_step=0.8
# w1=1.0 w2=0.7 w3=0.5 c=1.5 r_obs=2.0
# d_max=30.0 G_max=1.0
# best_point=[18.399999618530273, 3.200000047683716, 8.0] best_score=2.0699100494384766
0.000000 0.000000 0.000000 1.000000 0.231015 0.495500
0.000000 0.000000 0.800000 1.000000 0.238033 0.492326
0.000000 0.000000 1.600000 1.000000 0.244394 0.487340
0.000000 0.000000 2.400000 1.000000 0.250070 0.480090
0.000000 0.000000 3.200000 1.000000 0.255034 0.470521
0.000000 0.000000 4.000000 1.000000 0.259264 0.459320
0.000000 0.000000 4.800000 1.000000 0.262736 0.448058
0.000000 0.000000 5.600000 1.000000 0.265434 0.438939
0.000000 0.000000 6.400000 1.000000 0.267343 0.434104
0.000000 0.000000 7.200000 1.000000 0.268452 0.434793
0.000000 0.000000 8.000000 1.000000 0.268755 0.440815
0.000000 0.000000 8.800000 1.000000 0.268250 0.450647
0.000000 0.000000 9.600000 1.000000 0.266941 0.462087
0.000000 0.800000 0.000000 1.000000 0.233545 0.495067
0.000000 0.800000 0.800000 1.000000 0.240601 0.491537
0.000000 0.800000 1.600000 1.000000 0.246998 0.485972
0.000000 0.800000 2.400000 1.000000 0.252707 0.477861
0.000000 0.800000 3.200000 1.000000 0.257701 0.467137
0.000000 0.800000 4.000000 1.000000 0.261957 0.454559
0.000000 0.800000 4.800000 1.000000 0.265451 0.441884
0.000000 0.800000 5.600000 1.000000 0.268166 0.431578
0.000000 0.800000 6.400000 1.000000 0.270086 0.426047
0.000000 0.800000 7.200000 1.000000 0.271202 0.426700
0.000000 0.800000 8.000000 1.000000 0.271507 0.433351
0.000000 0.800000 8.800000 1.000000 0.271000 0.444321
0.000000 0.800000 9.600000 1.000000 0.269682 0.457150
0.000000 1.600000 0.000000 1.000000 0.235338 0.494637
0.000000 1.600000 0.800000 1.000000 0.242422 0.490743
0.000000 1.600000 1.600000 1.000000 0.248845 0.484583
0.000000 1.600000 2.400000 1.000000 0.254577 0.475581
0.000000 1.600000 3.200000 1.000000 0.259593 0.463660
0.000000 1.600000 4.000000 1.000000 0.263866 0.449657
0.000000 1.600000 4.800000 1.000000 0.267376 0.435519
0.000000 1.600000 5.600000 1.000000 0.270103 0.423983
0.000000 1.600000 6.400000 1.000000 0.272032 0.417730
0.000000 1.600000 7.200000 1.000000 0.273154 0.418343
0.000000 1.600000 8.000000 1.000000 0.273460 0.425643
0.000000 1.600000 8.800000 1.000000 0.272950 0.437786
0.000000 1.600000 9.600000 1.000000 0.271626 0.452050
0.000000 2.400000 0.000000 1.000000 0.236386 0.494222
0.000000 2.400000 0.800000 1.000000 0.243486 0.489962
0.000000 2.400000 1.600000 1.000000 0.249924 0.483200
0.000000 2.400000 2.400000 1.000000 0.255671 0.473298
0.000000 2.400000 3.200000 1.000000 0.260698 0.460163
0.000000 2.400000 4.000000 1.000000 0.264983 0.444715
0.000000 2.400000 4.800000 1.000000 0.268501 0.429095
0.000000 2.400000 5.600000 1.000000 0.271236 0.416317
0.000000 2.400000 6.400000 1.000000 0.273170 0.409336
0.000000 2.400000 7.200000 1.000000 0.274294 0.409912
0.000000 2.400000 8.000000 1.000000 0.274602 0.417868
0.000000 2.400000 8.800000 1.000000 0.274090 0.431198
0.000000 2.400000 9.600000 1.000000 0.272763 0.446913
0.000000 3.200000 0.000000 1.000000 0.236683 0.493830
0.000000 3.200000 0.800000 1.000000 0.243788 0.489212
0.000000 3.200000 1.600000 1.000000 0.250231 0.481858
0.000000 3.200000 2.400000 1.000000 0.255981 0.471065
0.000000 3.200000 3.200000 1.000000 0.261012 0.456730
0.000000 3.200000 4.000000 1.000000 0.265300 0.439856
0.000000 3.200000 4.800000 1.000000 0.268821 0.422776
0.000000 3.200000 5.600000 1.000000 0.271557 0.408778
0.000000 3.200000 6.400000 1.000000 0.273493 0.401089
0.000000 3.200000 7.200000 1.000000 0.274618 0.401636
0.000000 3.200000 8.000000 1.000000 0.274926 0.410245
0.000000 3.200000 8.800000 1.000000 0.274414 0.424745
0.000000 3.200000 9.600000 1.000000 0.273086 0.441887
0.000000 4.000000 0.000000 1.000000 0.236229 0.493473
0.000000 4.000000 0.800000 1.000000 0.243327 0.488515
0.000000 4.000000 1.600000 1.000000 0.249763 0.480595
0.000000 4.000000 2.400000 1.000000 0.255507 0.468947
0.000000 4.000000 3.200000 1.000000 0.260533 0.453460
0.000000 4.000000 4.000000 1.000000 0.264816 0.435219
0.000000 4.000000 4.800000 1.000000 0.268333 0.416747
0.000000 4.000000 5.600000 1.000000 0.271066 0.401594
0.000000 4.000000 6.400000 1.000000 0.273000 0.393242
0.000000 4.000000 7.200000 1.000000 0.274124 0.393776
0.000000 4.000000 8.000000 1.000000 0.274431 0.403020
0.000000 4.000000 8.800000 1.000000 0.273919 0.418641
0.000000 4.000000 9.600000 1.000000 0.272593 0.437143
0.000000 4.800000 0.000000 1.000000 0.235025 0.493163
0.000000 4.800000 0.800000 1.000000 0.242104 0.487894
0.000000 4.800000 1.600000 1.000000 0.248523 0.479449
0.000000 4.800000 2.400000 1.000000 0.254251 0.467010
0.000000 4.800000 3.200000 1.000000 0.259263 0.450459
0.000000 4.800000 4.000000 1.000000 0.263533 0.430959
0.000000 4.800000 4.800000 1.000000 0.267040 0.411212
0.000000 4.800000 5.600000 1.000000 0.269765 0.395011
0.000000 4.800000 6.400000 1.000000 0.271693 0.386071
0.000000 4.800000 7.200000 1.000000 0.272813 0.386615
0.000000 4.800000 8.000000 1.000000 0.273119 0.396456
0.000000 4.800000 8.800000 1.000000 0.272609 0.413114
0.000000 4.800000 9.600000 1.000000 0.271287 0.432861
0.000000 5.600000 0.000000 1.000000 0.233077 0.492910
0.000000 5.600000 0.800000 1.000000 0.240127 0.487369
0.000000 5.600000 1.600000 1.000000 0.246517 0.478464
0.000000 5.600000 2.400000 1.000000 0.252220 0.465326
0.000000 5.600000 3.200000 0.999989 0.257209 0.447836
0.000000 5.600000 4.000000 0.999923 0.261459 0.427234
0.000000 5.600000 4.800000 0.999829 0.264949 0.406381
0.000000 5.600000 5.600000 0.999868 0.267661 0.389284
0.000000 5.600000 6.400000 0.999966 0.269579 0.379859
0.000000 5.600000 7.200000 0.999997 0.270694 0.380440
0.000000 5.600000 8.000000 1.000000 0.270999 0.390825
0.000000 5.600000 8.800000 1.000000 0.270491 0.408396
0.000000 5.600000 9.600000 1.000000 0.269175 0.429225
0.000000 6.400000 0.000000 1.000000 0.230395 0.492726
0.000000 6.400000 0.800000 1.000000 0.237404 0.486963
0.000000 6.400000 1.600000 0.999998 0.243756 0.477678
0.000000 6.400000 2.400000 0.999868 0.249424 0.463963
0.000000 6.400000 3.200000 0.997868 0.254381 0.445700
0.000000 6.400000 4.000000 0.989134 0.258604 0.424198
0.000000 6.400000 4.800000 0.979073 0.262072 0.402457
0.000000 6.400000 5.600000 0.983127 0.264766 0.384658
0.000000 6.400000 6.400000 0.994506 0.266671 0.374877
0.000000 6.400000 7.200000 0.999380 0.267778 0.375527
0.000000 6.400000 8.000000 0.999980 0.268081 0.386380
0.000000 6.400000 8.800000 1.000000 0.267577 0.404703
0.000000 6.400000 9.600000 1.000000 0.266270 0.426406
0.000000 7.200000 0.000000 1.000000 0.226991 0.492619
0.000000 7.200000 0.800000 0.999999 0.233949 0.486695
0.000000 7.200000 1.600000 0.999829 0.240253 0.477128
0.000000 7.200000 2.400000 0.993085 0.245877 0.462983
0.000000 7.200000 3.200000 0.929209 0.250795 0.444149
0.000000 7.200000 4.000000 0.758459 0.254984 0.421995
0.000000 7.200000 4.800000 0.623635 0.258423 0.399626
0.000000 7.200000 5.600000 0.673267 0.261095 0.381357
0.000000 7.200000 6.400000 0.852957 0.262985 0.371369
0.000000 7.200000 7.200000 0.974128 0.264082 0.372119
0.000000 7.200000 8.000000 0.998690 0.264382 0.383347
0.000000 7.200000 8.800000 0.999985 0.263883 0.402227
0.000000 7.200000 9.600000 1.000000 0.262587 0.424549
0.000000 8.000000 0.000000 1.000000 0.222881 0.492595
0.000000 8.000000 0.800000 0.999974 0.229777 0.486579
0.000000 8.000000 1.600000 0.996560 0.236025 0.476843
0.000000 8.000000 2.400000 0.914440 0.241597 0.462439
0.000000 8.000000 3.200000 0.511126 0.246469 0.443267
0.000000 8.000000 4.000000 0.080194 0.250618 0.420741
0.000000 8.000000 4.800000 0.000149 0.254023 0.398042
0.000000 8.000000 5.600000 0.011565 0.256668 0.379561
0.000000 8.000000 6.400000 0.253331 0.258539 0.369529
0.000000 8.000000 7.200000 0.758459 0.259625 0.370409
0.000000 8.000000 8.000000 0.979073 0.259922 0.381900
0.000000 8.000000 8.800000 0.999627 0.259428 0.401110
0.000000 8.000000 9.600000 0.999999 0.258145 0.423765
0.000000 8.800000 0.000000 1.000000 0.218082 0.492659
0.000000 8.800000 0.800000 0.999778 0.224909 0.486626
0.000000 8.800000 1.600000 0.979073 0.231091 0.476845
0.000000 8.800000 2.400000 0.673268 0.236604 0.462368
0.000000 8.800000 3.200000 0.039225 0.241423 0.443111
0.000000 8.800000 4.000000 nan nan nan
0.000000 8.800000 4.800000 nan nan nan
0.000000 8.800000 5.600000 nan nan nan
0.000000 8.800000 6.400000 nan nan nan
0.000000 8.800000 7.200000 0.318898 0.254430 0.370520
0.000000 8.800000 8.000000 0.897039 0.254724 0.382146
0.000000 8.800000 8.800000 0.997288 0.254235 0.401440
0.000000 8.800000 9.600000 0.999989 0.252967 0.424118
0.000000 9.600000 0.000000 0.999999 0.212614 0.492811
0.000000 9.600000 0.800000 0.999380 0.219364 0.486840
0.000000 9.600000 1.600000 0.952132 0.225474 0.477145
0.000000 9.600000 2.400000 0.449244 0.230921 0.462791
0.000000 9.600000 3.200000 nan nan nan
0.000000 9.600000 4.000000 nan nan nan
0.000000 9.600000 4.800000 nan nan nan
0.000000 9.600000 5.600000 nan nan nan
0.000000 9.600000 6.400000 nan nan nan
0.000000 9.600000 7.200000 0.080194 0.248523 0.372497
0.000000 9.600000 8.000000 0.794170 0.248812 0.384118
0.000000 9.600000 8.800000 0.993085 0.248330 0.403236
0.000000 9.600000 9.600000 0.999966 0.247078 0.425617
0.000000 10.400001 0.000000 0.999999 0.206501 0.493049
0.000000 10.400001 0.800000 0.999380 0.213166 0.487219
0.000000 10.400001 1.600000 0.952132 0.219198 0.477739
0.000000 10.400001 2.400000 0.449244 0.224573 0.463705
0.000000 10.400001 3.200000 nan nan nan
0.000000 10.400001 4.000000 nan nan nan
0.000000 10.400001 4.800000 nan nan nan
0.000000 10.400001 5.600000 nan nan nan
0.000000 10.400001 6.400000 nan nan nan
0.000000 10.400001 7.200000 0.080194 0.241930 0.376297
0.000000 10.400001 8.000000 0.794170 0.242216 0.387766
0.000000 10.400001 8.800000 0.993085 0.241740 0.406448
0.000000 10.400001 9.600000 0.999966 0.240507 0.428217
0.000000 11.200000 0.000000 1.000000 0.199766 0.493367
0.000000 11.200000 0.800000 0.999778 0.206340 0.487752
0.000000 11.200000 1.600000 0.979073 0.212287 0.478614
0.000000 11.200000 2.400000 0.673268 0.217585 0.465088
0.000000 11.200000 3.200000 0.039225 0.222212 0.447157
0.000000 11.200000 4.000000 nan nan nan
0.000000 11.200000 4.800000 nan nan nan
0.000000 11.200000 5.600000 nan nan nan
0.000000 11.200000 6.400000 nan nan nan
0.000000 11.200000 7.200000 0.318898 0.234682 0.381791
0.000000 11.200000 8.000000 0.897039 0.234963 0.392961
0.000000 11.200000 8.800000 0.997288 0.234495 0.410957
0.000000 11.200000 9.600000 0.999989 0.233280 0.431817
0.000000 12.000000 0.000000 1.000000 0.192433 0.493755
0.000000 12.000000 0.800000 0.999974 0.198910 0.488425
0.000000 12.000000 1.600000 0.996560 0.204769 0.479743
0.000000 12.000000 2.400000 0.914440 0.209985 0.466897
0.000000 12.000000 3.200000 0.511126 0.214540 0.449895
0.000000 12.000000 4.000000 0.080194 0.218413 0.430127
0.000000 12.000000 4.800000 0.000149 0.221589 0.410526
0.000000 12.000000 5.600000 0.011565 0.224054 0.394982
0.000000 12.000000 6.400000 0.253331 0.225796 0.387090
0.000000 12.000000 7.200000 0.758459 0.226808 0.388770
0.000000 12.000000 8.000000 0.979073 0.227084 0.399500
0.000000 12.000000 8.800000 0.999627 0.226624 0.416584
0.000000 12.000000 9.600000 0.999999 0.225429 0.436271
0.000000 12.800000 0.000000 1.000000 0.184528 0.494202
0.000000 12.800000 0.800000 0.999999 0.190905 0.489216
0.000000 12.800000 1.600000 0.999829 0.196670 0.481088
0.000000 12.800000 2.400000 0.993085 0.201802 0.469071
0.000000 12.800000 3.200000 0.929209 0.206281 0.453192
0.000000 12.800000 4.000000 0.758459 0.210089 0.434782
0.000000 12.800000 4.800000 0.623636 0.213211 0.416605
0.000000 12.800000 5.600000 0.673268 0.215633 0.402294
0.000000 12.800000 6.400000 0.852957 0.217344 0.395170
0.000000 12.800000 7.200000 0.974128 0.218338 0.396963
0.000000 12.800000 8.000000 0.998690 0.218610 0.407124
0.000000 12.800000 8.800000 0.999985 0.218158 0.423101
0.000000 12.800000 9.600000 1.000000 0.216984 0.441398
0.000000 13.600000 0.000000 1.000000 0.176077 0.494693
0.000000 13.600000 0.800000 1.000000 0.182350 0.490098
0.000000 13.600000 1.600000 0.999998 0.188019 0.482604
0.000000 13.600000 2.400000 0.999868 0.193063 0.471532
0.000000 13.600000 3.200000 0.997868 0.197464 0.456930
0.000000 13.600000 4.000000 0.989134 0.201205 0.440051
0.000000 13.600000 4.800000 0.979073 0.204271 0.423460
0.000000 13.600000 5.600000 0.983127 0.206649 0.410499
0.000000 13.600000 6.400000 0.994506 0.208329 0.404186
0.000000 13.600000 7.200000 0.999380 0.209305 0.406053
0.000000 13.600000 8.000000 0.999980 0.209571 0.415535
0.000000 13.600000 8.800000 1.000000 0.209127 0.430251
0.000000 13.600000 9.600000 1.000000 0.207975 0.446990
0.000000 14.400001 0.000000 1.000000 0.167106 0.495213
0.000000 14.400001 0.800000 1.000000 0.173272 0.491042
0.000000 14.400001 1.600000 1.000000 0.178842 0.484238
0.000000 14.400001 2.400000 1.000000 0.183797 0.474195
0.000000 14.400001 3.200000 0.999989 0.188118 0.460976
0.000000 14.400001 4.000000 0.999923 0.191790 0.445742
0.000000 14.400001 4.800000 0.999829 0.194799 0.430841
0.000000 14.400001 5.600000 0.999868 0.197132 0.419294
0.000000 14.400001 6.400000 0.999966 0.198781 0.413805
0.000000 14.400001 7.200000 0.999997 0.199737 0.415702
0.000000 14.400001 8.000000 1.000000 0.199999 0.424416
0.000000 14.400001 8.800000 1.000000 0.199564 0.437762
0.000000 14.400001 9.600000 1.000000 0.198434 0.452837
0.000000 15.200000 0.000000 1.000000 0.157641 0.495745
0.000000 15.200000 0.800000 1.000000 0.163698 0.492018
0.000000 15.200000 1.600000 1.000000 0.169167 0.485937
0.000000 15.200000 2.400000 1.000000 0.174031 0.476970
0.000000 15.200000 3.200000 1.000000 0.178271 0.465190
0.000000 15.200000 4.000000 1.000000 0.181874 0.451660
0.000000 15.200000 4.800000 1.000000 0.184824 0.438489
0.000000 15.200000 5.600000 1.000000 0.187112 0.428373
0.000000 15.200000 6.400000 1.000000 0.188729 0.423688
0.000000 15.200000 7.200000 1.000000 0.189667 0.425569
0.000000 15.200000 8.000000 1.000000 0.189923 0.433456
0.000000 15.200000 8.800000 1.000000 0.189496 0.445371
0.000000 15.200000 9.600000 1.000000 0.188388 0.458732
0.000000 16.000000 0.000000 1.000000 0.147707 0.496276
0.000000 16.000000 0.800000 1.000000 0.153654 0.492997
0.000000 16.000000 1.600000 1.000000 0.159021 0.487648
0.000000 16.000000 2.400000 1.000000 0.163793 0.479767
0.000000 16.000000 3.200000 1.000000 0.167952 0.469437
0.000000 16.000000 4.000000 1.000000 0.171484 0.457611
0.000000 16.000000 4.800000 1.000000 0.174376 0.446158
0.000000 16.000000 5.600000 1.000000 0.176618 0.437440
0.000000 16.000000 6.400000 1.000000 0.178202 0.433518
0.000000 16.000000 7.200000 1.000000 0.179121 0.435338
0.000000 16.000000 8.000000 1.000000 0.179372 0.442364
0.000000 16.000000 8.800000 1.000000 0.178954 0.452835
0.000000 16.000000 9.600000 1.000000 0.177869 0.464487
0.000000 16.800001 0.000000 1.000000 0.137329 0.496790
0.000000 16.800001 0.800000 1.000000 0.143165 0.493951
0.000000 16.800001 1.600000 1.000000 0.148430 0.489321
0.000000 16.800001 2.400000 1.000000 0.153109 0.482506
0.000000 16.800001 3.200000 1.000000 0.157186 0.473592
0.000000 16.800001 4.000000 1.000000 0.160648 0.463421
0.000000 16.800001 4.800000 1.000000 0.163482 0.453621
0.000000 16.800001 5.600000 1.000000 0.165678 0.446233
0.000000 16.800001 6.400000 1.000000 0.167230 0.443010
0.000000 16.800001 7.200000 1.000000 0.168130 0.444731
0.000000 16.800001 8.000000 1.000000 0.168376 0.450891
0.000000 16.800001 8.800000 1.000000 0.167966 0.459946
0.000000 16.800001 9.600000 1.000000 0.166903 0.469946
0.000000 17.600000 0.000000 1.000000 0.126530 0.497276
0.000000 17.600000 0.800000 1.000000 0.132255 0.494858
0.000000 17.600000 1.600000 1.000000 0.137419 0.490913
0.000000 17.600000 2.400000 1.000000 0.142006 0.485115
0.000000 17.600000 3.200000 1.000000 0.146001 0.477547
0.000000 17.600000 4.000000 1.000000 0.149392 0.468940
0.000000 17.600000 4.800000 1.000000 0.152168 0.460690
0.000000 17.600000 5.600000 1.000000 0.154319 0.454531
0.000000 17.600000 6.400000 1.000000 0.155838 0.451932
0.000000 17.600000 7.200000 1.000000 0.156719 0.453522
0.000000 17.600000 8.000000 1.000000 0.156960 0.458836
0.000000 17.600000 8.800000 1.000000 0.156559 0.466542
0.000000 17.600000 9.600000 1.000000 0.155518 0.474987
0.000000 18.400000 0.000000 1.000000 0.115336 0.497724
0.000000 18.400000 0.800000 1.000000 0.120950 0.495698
0.000000 18.400000 1.600000 1.000000 0.126012 0.492393
0.000000 18.400000 2.400000 1.000000 0.130506 0.487539
0.000000 18.400000 3.200000 1.000000 0.134421 0.481216
0.000000 18.400000 4.000000 1.000000 0.137742 0.474049
0.000000 18.400000 4.800000 1.000000 0.140460 0.467216
0.000000 18.400000 5.600000 1.000000 0.142566 0.462165
0.000000 18.400000 6.400000 1.000000 0.144052 0.460109
0.000000 18.400000 7.200000 1.000000 0.144915 0.461545
0.000000 18.400000 8.000000 1.000000 0.145150 0.466055
0.000000 18.400000 8.800000 1.000000 0.144758 0.472509
0.000000 18.400000 9.600000 1.000000 0.143739 0.479525
0.000000 19.200001 0.000000 1.000000 0.103766 0.498129
0.000000 19.200001 0.800000 1.000000 0.109271 0.496459
0.000000 19.200001 1.600000 1.000000 0.114232 0.493734
0.000000 19.200001 2.400000 1.000000 0.118635 0.489736
0.000000 19.200001 3.200000 1.000000 0.122469 0.484539
0.000000 19.200001 4.000000 1.000000 0.125721 0.478667
0.000000 19.200001 4.800000 1.000000 0.128382 0.473098
0.000000 19.200001 5.600000 1.000000 0.130443 0.469022
0.000000 19.200001 6.400000 1.000000 0.131898 0.467425
0.000000 19.200001 7.200000 1.000000 0.132742 0.468693
0.000000 19.200001 8.000000 1.000000 0.132973 0.472459
0.000000 19.200001 8.800000 1.000000 0.132589 0.477778
0.000000 19.200001 9.600000 1.000000 0.131592 0.483515
0.000000 20.000000 0.000000 1.000000 0.091844 0.498487
0.000000 20.000000 0.800000 1.000000 0.097240 0.497132
0.000000 20.000000 1.600000 1.000000 0.102101 0.494922
0.000000 20.000000 2.400000 1.000000 0.106414 0.491683
0.000000 20.000000 3.200000 1.000000 0.110169 0.487480
0.000000 20.000000 4.000000 1.000000 0.113353 0.482745
0.000000 20.000000 4.800000 1.000000 0.115957 0.478278
0.000000 20.000000 5.600000 1.000000 0.117974 0.475041
0.000000 20.000000 6.400000 1.000000 0.119398 0.473824
0.000000 20.000000 7.200000 1.000000 0.120224 0.474920
0.000000 20.000000 8.000000 1.000000 0.120449 0.478012
0.000000 20.000000 8.800000 1.000000 0.120074 0.482326
0.000000 20.000000 9.600000 1.000000 0.119098 0.486942
0.800000 0.000000 0.000000 1.000000 0.247865 0.494435
0.800000 0.000000 0.800000 1.000000 0.255149 0.490752
0.800000 0.000000 1.600000 1.000000 0.261758 0.485075
0.800000 0.000000 2.400000 1.000000 0.267661 0.476948
0.800000 0.000000 3.200000 1.000000 0.272830 0.466356
0.800000 0.000000 4.000000 1.000000 0.277238 0.454083
0.800000 0.000000 4.800000 1.000000 0.280859 0.441857
0.800000 0.000000 5.600000 1.000000 0.283675 0.432059
0.800000 0.000000 6.400000 1.000000 0.285667 0.426978
0.800000 0.000000 7.200000 1.000000 0.286825 0.427916
0.800000 0.000000 8.000000 1.000000 0.287142 0.434634
0.800000 0.000000 8.800000 1.000000 0.286615 0.445469
0.800000 0.000000 9.600000 1.000000 0.285248 0.458034
0.800000 0.800000 0.000000 1.000000 0.250489 0.493927
0.800000 0.800000 0.800000 1.000000 0.257816 0.489845
0.800000 0.800000 1.600000 1.000000 0.264466 0.483531
0.800000 0.800000 2.400000 1.000000 0.270407 0.474465
0.800000 0.800000 3.200000 1.000000 0.275609 0.462625
0.800000 0.800000 4.000000 1.000000 0.280046 0.448879
0.800000 0.800000 4.800000 1.000000 0.283692 0.435150
0.800000 0.800000 5.600000 1.000000 0.286526 0.424098
0.800000 0.800000 6.400000 1.000000 0.288533 0.418292
0.800000 0.800000 7.200000 1.000000 0.289699 0.419210
0.800000 0.800000 8.000000 1.000000 0.290018 0.426615
0.800000 0.800000 8.800000 1.000000 0.289487 0.438674
0.800000 0.800000 9.600000 1.000000 0.288110 0.452729
0.800000 1.600000 0.000000 1.000000 0.252350 0.493428
0.800000 1.600000 0.800000 1.000000 0.259708 0.488942
0.800000 1.600000 1.600000 1.000000 0.266387 0.481975
0.800000 1.600000 2.400000 1.000000 0.272354 0.471946
0.800000 1.600000 3.200000 1.000000 0.277581 0.458819
0.800000 1.600000 4.000000 1.000000 0.282038 0.443552
0.800000 1.600000 4.800000 1.000000 0.285702 0.428271
0.800000 1.600000 5.600000 1.000000 0.288550 0.415925
0.800000 1.600000 6.400000 1.000000 0.290567 0.409369
0.800000 1.600000 7.200000 1.000000 0.291739 0.410262
0.800000 1.600000 8.000000 1.000000 0.292059 0.418371
0.800000 1.600000 8.800000 1.000000 0.291526 0.431689
0.800000 1.600000 9.600000 1.000000 0.290142 0.447277
0.800000 2.400000 0.000000 1.000000 0.253438 0.492952
0.800000 2.400000 0.800000 1.000000 0.260814 0.488063
0.800000 2.400000 1.600000 1.000000 0.267510 0.480442
0.800000 2.400000 2.400000 1.000000 0.273493 0.469441
0.800000 2.400000 3.200000 1.000000 0.278734 0.455017
0.800000 2.400000 4.000000 1.000000 0.283203 0.438214
0.800000 2.400000 4.800000 1.000000 0.286877 0.421368
0.800000 2.400000 5.600000 1.000000 0.289734 0.407718
0.800000 2.400000 6.400000 1.000000 0.291756 0.400408
0.800000 2.400000 7.200000 1.000000 0.292932 0.401279
0.800000 2.400000 8.000000 1.000000 0.293253 0.410098
0.800000 2.400000 8.800000 1.000000 0.292718 0.424682
0.800000 2.400000 9.600000 1.000000 0.291330 0.441813
0.800000 3.200000 0.000000 1.000000 0.253747 0.492509
0.800000 3.200000 0.800000 1.000000 0.261128 0.487230
0.800000 3.200000 1.600000 1.000000 0.267829 0.478969
0.800000 3.200000 2.400000 1.000000 0.273817 0.467014
0.800000 3.200000 3.200000 1.000000 0.279061 0.451313
0.800000 3.200000 4.000000 1.000000 0.283534 0.433000
0.800000 3.200000 4.800000 1.000000 0.287211 0.414618
0.800000 3.200000 5.600000 1.000000 0.290070 0.399693
0.800000 3.200000 6.400000 1.000000 0.292094 0.391651
0.800000 3.200000 7.200000 1.000000 0.293270 0.392507
0.800000 3.200000 8.000000 1.000000 0.293592 0.402028
0.800000 3.200000 8.800000 1.000000 0.293057 0.417856
0.800000 3.200000 9.600000 1.000000 0.291668 0.436497
0.800000 4.000000 0.000000 1.000000 0.253275 0.492114
0.800000 4.000000 0.800000 1.000000 0.260649 0.486466
0.800000 4.000000 1.600000 1.000000 0.267342 0.477597
0.800000 4.000000 2.400000 1.000000 0.273323 0.464732
0.800000 4.000000 3.200000 1.000000 0.278561 0.447813
0.800000 4.000000 4.000000 1.000000 0.283029 0.428062
0.800000 4.000000 4.800000 1.000000 0.286701 0.408221
0.800000 4.000000 5.600000 1.000000 0.289557 0.392091
0.800000 4.000000 6.400000 1.000000 0.291578 0.383367
0.800000 4.000000 7.200000 1.000000 0.292753 0.384225
0.800000 4.000000 8.000000 1.000000 0.293074 0.394423
0.800000 4.000000 8.800000 1.000000 0.292539 0.411438
0.800000 4.000000 9.600000 1.000000 0.291152 0.431511
0.800000 4.800000 0.000000 1.000000 0.252025 0.491778
0.800000 4.800000 0.800000 1.000000 0.259378 0.485797
0.800000 4.800000 1.600000 1.000000 0.266052 0.476372
0.800000 4.800000 2.400000 1.000000 0.272015 0.462671
0.800000 4.800000 3.200000 1.000000 0.277237 0.444631
0.800000 4.800000 4.000000 1.000000 0.281690 0.423563
0.800000 4.800000 4.800000 1.000000 0.285351 0.402392
0.800000 4.800000 5.600000 1.000000 0.288197 0.385176
0.800000 4.800000 6.400000 1.000000 0.290212 0.375850
0.800000 4.800000 7.200000 1.000000 0.291383 0.376729
0.800000 4.800000 8.000000 1.000000 0.291703 0.387563
0.800000 4.800000 8.800000 1.000000 0.291170 0.405667
0.800000 4.800000 9.600000 1.000000 0.289787 0.427045
0.800000 5.600000 0.000000 1.000000 0.250004 0.491514
0.800000 5.600000 0.800000 1.000000 0.257323 0.485246
0.800000 5.600000 1.600000 1.000000 0.263965 0.475336
0.800000 5.600000 2.400000 1.000000 0.269899 0.460904
0.800000 5.600000 3.200000 0.999993 0.275096 0.441886
0.800000 5.600000 4.000000 0.999955 0.279527 0.419670
0.800000 5.600000 4.800000 0.999899 0.283168 0.397355
0.800000 5.600000 5.600000 0.999923 0.285999 0.379216
0.800000 5.600000 6.400000 0.999980 0.288003 0.369395
0.800000 5.600000 7.200000 0.999998 0.289168 0.370324
0.800000 5.600000 8.000000 1.000000 0.289486 0.381730
0.800000 5.600000 8.800000 1.000000 0.288956 0.400787
0.800000 5.600000 9.600000 1.000000 0.287581 0.423290
0.800000 6.400000 0.000000 1.000000 0.247222 0.491333
0.800000 6.400000 0.800000 1.000000 0.254495 0.484837
0.800000 6.400000 1.600000 0.999999 0.261095 0.474534
0.800000 6.400000 2.400000 0.999923 0.266989 0.459505
0.800000 6.400000 3.200000 0.998690 0.272150 0.439689
0.800000 6.400000 4.000000 0.993085 0.276550 0.416548
0.800000 6.400000 4.800000 0.986439 0.280166 0.393321
0.800000 6.400000 5.600000 0.989134 0.282977 0.374466
0.800000 6.400000 6.400000 0.996560 0.284966 0.364286
0.800000 6.400000 7.200000 0.999627 0.286122 0.365294
0.800000 6.400000 8.000000 0.999989 0.286438 0.377190
0.800000 6.400000 8.800000 1.000000 0.285912 0.397024
0.800000 6.400000 9.600000 1.000000 0.284547 0.420424
0.800000 7.200000 0.000000 1.000000 0.243692 0.491244
0.800000 7.200000 0.800000 1.000000 0.250908 0.484587
0.800000 7.200000 1.600000 0.999899 0.257454 0.474001
0.800000 7.200000 2.400000 0.995647 0.263300 0.458538
0.800000 7.200000 3.200000 0.952132 0.268417 0.438145
0.800000 7.200000 4.000000 0.825570 0.272778 0.414343
0.800000 7.200000 4.800000 0.718205 0.276362 0.390484
0.800000 7.200000 5.600000 0.758459 0.279147 0.371157
0.800000 7.200000 6.400000 0.897039 0.281118 0.360775
0.800000 7.200000 7.200000 0.983127 0.282264 0.361892
0.800000 7.200000 8.000000 0.999203 0.282577 0.374172
0.800000 7.200000 8.800000 0.999991 0.282055 0.394571
0.800000 7.200000 9.600000 1.000000 0.280703 0.418596
0.800000 8.000000 0.000000 1.000000 0.239433 0.491254
0.800000 8.000000 0.800000 0.999985 0.246581 0.484514
0.800000 8.000000 1.600000 0.997868 0.253063 0.473768
0.800000 8.000000 2.400000 0.941672 0.258851 0.458056
0.800000 8.000000 3.200000 0.623636 0.263915 0.437336
0.800000 8.000000 4.000000 0.190055 0.268232 0.413176
0.800000 8.000000 4.800000 0.039225 0.271777 0.388999
0.800000 8.000000 5.600000 0.080194 0.274532 0.369474
0.800000 8.000000 6.400000 0.384746 0.276482 0.359059
0.800000 8.000000 7.200000 0.825571 0.277615 0.360312
0.800000 8.000000 8.000000 0.986439 0.277924 0.372854
0.800000 8.000000 8.800000 0.999778 0.277409 0.393575
0.800000 8.000000 9.600000 0.999999 0.276071 0.417918
0.800000 8.800000 0.000000 1.000000 0.234463 0.491364
0.800000 8.800000 0.800000 0.999868 0.241534 0.484625
0.800000 8.800000 1.600000 0.986439 0.247944 0.473856
0.800000 8.800000 2.400000 0.758459 0.253665 0.458097
0.800000 8.800000 3.200000 0.131445 0.258670 0.437322
0.800000 8.800000 4.000000 nan nan nan
0.800000 8.800000 4.800000 nan nan nan
0.800000 8.800000 5.600000 nan nan nan
0.800000 8.800000 6.400000 0.000149 0.271083 0.359267
0.800000 8.800000 7.200000 0.449245 0.272201 0.360677
0.800000 8.800000 8.000000 0.929209 0.272507 0.373342
0.800000 8.800000 8.800000 0.998327 0.271998 0.394120
0.800000 8.800000 9.600000 0.999993 0.270677 0.418451
0.800000 9.600000 0.000000 0.999999 0.228806 0.491576
0.800000 9.600000 0.800000 0.999627 0.235790 0.484923
0.800000 9.600000 1.600000 0.968125 0.242120 0.474272
0.800000 9.600000 2.400000 0.569465 0.247767 0.458677
0.800000 9.600000 3.200000 0.000149 0.252706 0.438130
0.800000 9.600000 4.000000 nan nan nan
0.800000 9.600000 4.800000 nan nan nan
0.800000 9.600000 5.600000 nan nan nan
0.800000 9.600000 6.400000 nan nan nan
0.800000 9.600000 7.200000 0.190056 0.266052 0.363024
0.800000 9.600000 8.000000 0.852957 0.266353 0.375661
0.800000 9.600000 8.800000 0.995647 0.265851 0.396220
0.800000 9.600000 9.600000 0.999980 0.264549 0.420199
0.800000 10.400001 0.000000 0.999999 0.222485 0.491885
0.800000 10.400001 0.800000 0.999627 0.229376 0.485404
0.800000 10.400001 1.600000 0.968125 0.235618 0.475012
0.800000 10.400001 2.400000 0.569465 0.241186 0.459791
0.800000 10.400001 3.200000 0.000149 0.246053 0.439754
0.800000 10.400001 4.000000 nan nan nan
0.800000 10.400001 4.800000 nan nan nan
0.800000 10.400001 5.600000 nan nan nan
0.800000 10.400001 6.400000 nan nan nan
0.800000 10.400001 7.200000 0.190056 0.259197 0.367300
0.800000 10.400001 8.000000 0.852957 0.259494 0.379750
0.800000 10.400001 8.800000 0.995647 0.259000 0.399814
0.800000 10.400001 9.600000 0.999980 0.257718 0.423107
0.800000 11.200000 0.000000 1.000000 0.215528 0.492282
0.800000 11.200000 0.800000 0.999868 0.222318 0.486056
0.800000 11.200000 1.600000 0.986439 0.228467 0.476057
0.800000 11.200000 2.400000 0.758459 0.233949 0.461410
0.800000 11.200000 3.200000 0.131445 0.238740 0.442151
0.800000 11.200000 4.000000 nan nan nan
0.800000 11.200000 4.800000 nan nan nan
0.800000 11.200000 5.600000 nan nan nan
0.800000 11.200000 6.400000 0.000149 0.250602 0.371456
0.800000 11.200000 7.200000 0.449245 0.251669 0.373359
0.800000 11.200000 8.000000 0.929209 0.251961 0.385466
0.800000 11.200000 8.800000 0.998327 0.251475 0.404771
0.800000 11.200000 9.600000 0.999993 0.250215 0.427066
0.800000 12.000000 0.000000 1.000000 0.207960 0.492757
0.800000 12.000000 0.800000 0.999985 0.214644 0.486859
0.800000 12.000000 1.600000 0.997868 0.220695 0.477375
0.800000 12.000000 2.400000 0.941672 0.226087 0.463485
0.800000 12.000000 3.200000 0.623636 0.230797 0.445246
0.800000 12.000000 4.000000 0.190055 0.234806 0.424178
0.800000 12.000000 4.800000 0.039225 0.238095 0.403418
0.800000 12.000000 5.600000 0.080194 0.240648 0.387082
0.800000 12.000000 6.400000 0.384746 0.242453 0.378941
0.800000 12.000000 7.200000 0.825571 0.243502 0.380977
0.800000 12.000000 8.000000 0.986439 0.243788 0.392590
0.800000 12.000000 8.800000 0.999778 0.243311 0.410896
0.800000 12.000000 9.600000 0.999999 0.242073 0.431917
0.800000 12.800000 0.000000 1.000000 0.199810 0.493295
0.800000 12.800000 0.800000 1.000000 0.206384 0.487787
0.800000 12.800000 1.600000 0.999899 0.212332 0.478923
0.800000 12.800000 2.400000 0.995647 0.217630 0.465946
0.800000 12.800000 3.200000 0.952132 0.222257 0.448930
0.800000 12.800000 4.000000 0.825571 0.226194 0.429329
0.800000 12.800000 4.800000 0.718205 0.229423 0.410093
0.800000 12.800000 5.600000 0.758459 0.231928 0.395065
0.800000 12.800000 6.400000 0.897039 0.233700 0.387726
0.800000 12.800000 7.200000 0.983127 0.234729 0.389860
0.800000 12.800000 8.000000 0.999203 0.235010 0.400842
0.800000 12.800000 8.800000 0.999991 0.234542 0.417946
0.800000 12.800000 9.600000 1.000000 0.233327 0.437464
0.800000 13.600000 0.000000 1.000000 0.191105 0.493879
0.800000 13.600000 0.800000 1.000000 0.197565 0.488812
0.800000 13.600000 1.600000 0.999999 0.203407 0.480651
0.800000 13.600000 2.400000 0.999923 0.208609 0.468708
0.800000 13.600000 3.200000 0.998690 0.213151 0.453076
0.800000 13.600000 4.000000 0.993085 0.217013 0.435119
0.800000 13.600000 4.800000 0.986439 0.220180 0.417575
0.800000 13.600000 5.600000 0.989134 0.222638 0.403974
0.800000 13.600000 6.400000 0.996560 0.224374 0.397480
0.800000 13.600000 7.200000 0.999627 0.225383 0.399670
0.800000 13.600000 8.000000 0.999989 0.225658 0.409905
0.800000 13.600000 8.800000 1.000000 0.225200 0.425646
0.800000 13.600000 9.600000 1.000000 0.224009 0.443488
0.800000 14.400001 0.000000 1.000000 0.181873 0.494492
0.800000 14.400001 0.800000 1.000000 0.188217 0.489900
0.800000 14.400001 1.600000 1.000000 0.193952 0.482500
0.800000 14.400001 2.400000 1.000000 0.199055 0.471678
0.800000 14.400001 3.200000 0.999993 0.203510 0.457537
0.800000 14.400001 4.000000 0.999955 0.207297 0.441343
0.800000 14.400001 4.800000 0.999899 0.210400 0.425595
0.800000 14.400001 5.600000 0.999923 0.212808 0.413488
0.800000 14.400001 6.400000 0.999980 0.214510 0.407849
0.800000 14.400001 7.200000 0.999998 0.215498 0.410047
0.800000 14.400001 8.000000 1.000000 0.215768 0.419444
0.800000 14.400001 8.800000 1.000000 0.215319 0.433708
0.800000 14.400001 9.600000 1.000000 0.214152 0.449765
0.800000 15.200000 0.000000 1.000000 0.172143 0.495115
0.800000 15.200000 0.800000 1.000000 0.178369 0.491017
0.800000 15.200000 1.600000 1.000000 0.183994 0.484410
0.800000 15.200000 2.400000 1.000000 0.188998 0.474756
0.800000 15.200000 3.200000 1.000000 0.193364 0.462165
0.800000 15.200000 4.000000 1.000000 0.197074 0.447791
0.800000 15.200000 4.800000 1.000000 0.200115 0.433880
0.800000 15.200000 5.600000 1.000000 0.202473 0.423279
0.800000 15.200000 6.400000 1.000000 0.204139 0.418475
0.800000 15.200000 7.200000 1.000000 0.205106 0.420632
0.800000 15.200000 8.000000 1.000000 0.205371 0.429128
0.800000 15.200000 8.800000 1.000000 0.204931 0.441855
0.800000 15.200000 9.600000 1.000000 0.203788 0.456077
0.800000 16.000000 0.000000 1.000000 0.161941 0.495732
0.800000 16.000000 0.800000 1.000000 0.168047 0.492132
0.800000 16.000000 1.600000 1.000000 0.173562 0.486325
0.800000 16.000000 2.400000 1.000000 0.178466 0.477848
0.800000 16.000000 3.200000 1.000000 0.182743 0.466814
0.800000 16.000000 4.000000 1.000000 0.186377 0.454257
0.800000 16.000000 4.800000 1.000000 0.189354 0.442166
0.800000 16.000000 5.600000 1.000000 0.191662 0.433035
0.800000 16.000000 6.400000 1.000000 0.193293 0.429019
0.800000 16.000000 7.200000 1.000000 0.194239 0.431090
0.800000 16.000000 8.000000 1.000000 0.194498 0.438652
0.800000 16.000000 8.800000 1.000000 0.194067 0.449830
0.800000 16.000000 9.600000 1.000000 0.192949 0.462228
0.800000 16.800001 0.000000 1.000000 0.151294 0.496327
0.800000 16.800001 0.800000 1.000000 0.157280 0.493214
0.800000 16.800001 1.600000 1.000000 0.162684 0.488191
0.800000 16.800001 2.400000 1.000000 0.167488 0.480866
0.800000 16.800001 3.200000 1.000000 0.171676 0.471349
0.800000 16.800001 4.000000 1.000000 0.175233 0.460554
0.800000 16.800001 4.800000 1.000000 0.178146 0.450214
0.800000 16.800001 5.600000 1.000000 0.180405 0.442479
0.800000 16.800001 6.400000 1.000000 0.182000 0.439186
0.800000 16.800001 7.200000 1.000000 0.182926 0.441129
0.800000 16.800001 8.000000 1.000000 0.183179 0.447755
0.800000 16.800001 8.800000 1.000000 0.182758 0.457417
0.800000 16.800001 9.600000 1.000000 0.181664 0.468052
0.800000 17.600000 0.000000 1.000000 0.140226 0.496888
0.800000 17.600000 0.800000 1.000000 0.146093 0.494238
0.800000 17.600000 1.600000 1.000000 0.151386 0.489963
0.800000 17.600000 2.400000 1.000000 0.156091 0.483733
0.800000 17.600000 3.200000 1.000000 0.160190 0.475657
0.800000 17.600000 4.000000 1.000000 0.163671 0.466525
0.800000 17.600000 4.800000 1.000000 0.166521 0.457824
0.800000 17.600000 5.600000 1.000000 0.168730 0.451379
0.800000 17.600000 6.400000 1.000000 0.170291 0.448729
0.800000 17.600000 7.200000 1.000000 0.171196 0.450514
0.800000 17.600000 8.000000 1.000000 0.171443 0.456225
0.800000 17.600000 8.800000 1.000000 0.171031 0.464445
0.800000 17.600000 9.600000 1.000000 0.169962 0.473422
0.800000 18.400000 0.000000 1.000000 0.128763 0.497403
0.800000 18.400000 0.800000 1.000000 0.134510 0.495184
0.800000 18.400000 1.600000 1.000000 0.139695 0.491604
0.800000 18.400000 2.400000 1.000000 0.144300 0.486391
0.800000 18.400000 3.200000 1.000000 0.148312 0.479647
0.800000 18.400000 4.000000 1.000000 0.151718 0.472046
0.800000 18.400000 4.800000 1.000000 0.154505 0.464840
0.800000 18.400000 5.600000 1.000000 0.156665 0.459557
0.800000 18.400000 6.400000 1.000000 0.158191 0.457465
0.800000 18.400000 7.200000 1.000000 0.159076 0.459069
0.800000 18.400000 8.000000 1.000000 0.159318 0.463914
0.800000 18.400000 8.800000 1.000000 0.158915 0.470795
0.800000 18.400000 9.600000 1.000000 0.157870 0.478253
0.800000 19.200001 0.000000 1.000000 0.116927 0.497867
0.800000 19.200001 0.800000 1.000000 0.122557 0.496038
0.800000 19.200001 1.600000 1.000000 0.127633 0.493088
0.800000 19.200001 2.400000 1.000000 0.132141 0.488797
0.800000 19.200001 3.200000 1.000000 0.136066 0.483255
0.800000 19.200001 4.000000 1.000000 0.139397 0.477029
0.800000 19.200001 4.800000 1.000000 0.142123 0.471158
0.800000 19.200001 5.600000 1.000000 0.144235 0.466896
0.800000 19.200001 6.400000 1.000000 0.145726 0.465275
0.800000 19.200001 7.200000 1.000000 0.146592 0.466686
0.800000 19.200001 8.000000 1.000000 0.146828 0.470729
0.800000 19.200001 8.800000 1.000000 0.146434 0.476399
0.800000 19.200001 9.600000 1.000000 0.145412 0.482495
0.800000 20.000000 0.000000 1.000000 0.104741 0.498276
0.800000 20.000000 0.800000 1.000000 0.110255 0.496793
0.800000 20.000000 1.600000 1.000000 0.115224 0.494402
0.800000 20.000000 2.400000 1.000000 0.119635 0.490926
0.800000 20.000000 3.200000 1.000000 0.123475 0.486445
0.800000 20.000000 4.000000 1.000000 0.126733 0.481426
0.800000 20.000000 4.800000 1.000000 0.129399 0.476717
0.800000 20.000000 5.600000 1.000000 0.131464 0.473334
0.800000 20.000000 6.400000 1.000000 0.132921 0.472101
0.800000 20.000000 7.200000 1.000000 0.133767 0.473317
0.800000 20.000000 8.000000 1.000000 0.133998 0.476635
0.800000 20.000000 8.800000 1.000000 0.133613 0.481233
0.800000 20.000000 9.600000 1.000000 0.132615 0.486137
1.600000 0.000000 0.000000 1.000000 0.264566 0.493158
1.600000 0.000000 0.800000 1.000000 0.272134 0.488924
1.600000 0.000000 1.600000 1.000000 0.279010 0.482532
1.600000 0.000000 2.400000 1.000000 0.285159 0.473534
1.600000 0.000000 3.200000 1.000000 0.290549 0.461970
1.600000 0.000000 4.000000 1.000000 0.295149 0.448728
1.600000 0.000000 4.800000 1.000000 0.298932 0.435681
1.600000 0.000000 5.600000 1.000000 0.301876 0.425360
1.600000 0.000000 6.400000 1.000000 0.303960 0.420167
1.600000 0.000000 7.200000 1.000000 0.305172 0.421435
1.600000 0.000000 8.000000 1.000000 0.305503 0.428863
1.600000 0.000000 8.800000 1.000000 0.304951 0.440655
1.600000 0.000000 9.600000 1.000000 0.303521 0.454263
1.600000 0.800000 0.000000 1.000000 0.267292 0.492566
1.600000 0.800000 0.800000 1.000000 0.274909 0.487894
1.600000 0.800000 1.600000 1.000000 0.281830 0.480811
1.600000 0.800000 2.400000 1.000000 0.288021 0.470810
1.600000 0.800000 3.200000 1.000000 0.293449 0.457925
1.600000 0.800000 4.000000 0.999999 0.298082 0.443138
1.600000 0.800000 4.800000 0.999996 0.301893 0.428528
1.600000 0.800000 5.600000 0.999996 0.304859 0.416917
1.600000 0.800000 6.400000 0.999999 0.306959 0.410993
1.600000 0.800000 7.200000 1.000000 0.308180 0.412266
1.600000 0.800000 8.000000 1.000000 0.308514 0.420433
1.600000 0.800000 8.800000 1.000000 0.307958 0.433519
1.600000 0.800000 9.600000 1.000000 0.306516 0.448692
1.600000 1.600000 0.000000 1.000000 0.269226 0.491993
1.600000 1.600000 0.800000 1.000000 0.276877 0.486879
1.600000 1.600000 1.600000 1.000000 0.283831 0.479094
1.600000 1.600000 2.400000 1.000000 0.290052 0.468068
1.600000 1.600000 3.200000 1.000000 0.295508 0.453830
1.600000 1.600000 4.000000 0.999997 0.300165 0.437456
1.600000 1.600000 4.800000 0.999990 0.303996 0.421239
1.600000 1.600000 5.600000 0.999989 0.306977 0.408302
1.600000 1.600000 6.400000 0.999996 0.309088 0.401623
1.600000 1.600000 7.200000 1.000000 0.310316 0.402897
1.600000 1.600000 8.000000 1.000000 0.310652 0.411818
1.600000 1.600000 8.800000 1.000000 0.310093 0.426226
1.600000 1.600000 9.600000 1.000000 0.308643 0.443001
1.600000 2.400000 0.000000 1.000000 0.270356 0.491454
1.600000 2.400000 0.800000 1.000000 0.278028 0.485904
1.600000 2.400000 1.600000 1.000000 0.285001 0.477420
1.600000 2.400000 2.400000 1.000000 0.291240 0.465368
1.600000 2.400000 3.200000 1.000000 0.296712 0.449771
1.600000 2.400000 4.000000 0.999997 0.301383 0.431804
1.600000 2.400000 4.800000 0.999990 0.305226 0.413975
1.600000 2.400000 5.600000 0.999990 0.308216 0.399706
1.600000 2.400000 6.400000 0.999996 0.310334 0.392272
1.600000 2.400000 7.200000 0.999999 0.311566 0.393548
1.600000 2.400000 8.000000 0.999999 0.311903 0.403225
1.600000 2.400000 8.800000 1.000000 0.311342 0.418957
1.600000 2.400000 9.600000 1.000000 0.309888 0.437335
1.600000 3.200000 0.000000 1.000000 0.270677 0.490962
1.600000 3.200000 0.800000 1.000000 0.278355 0.484992
1.600000 3.200000 1.600000 1.000000 0.285334 0.475830
1.600000 3.200000 2.400000 1.000000 0.291578 0.462777
1.600000 3.200000 3.200000 1.000000 0.297054 0.445853
1.600000 3.200000 4.000000 0.999999 0.301729 0.426326
1.600000 3.200000 4.800000 0.999997 0.305575 0.406922
1.600000 3.200000 5.600000 0.999997 0.308568 0.391356
1.600000 3.200000 6.400000 0.999997 0.310688 0.383192
1.600000 3.200000 7.200000 0.999989 0.311921 0.384477
1.600000 3.200000 8.000000 0.999988 0.312258 0.394896
1.600000 3.200000 8.800000 0.999996 0.311697 0.411922
1.600000 3.200000 9.600000 1.000000 0.310242 0.431861
1.600000 4.000000 0.000000 1.000000 0.270187 0.490531
1.600000 4.000000 0.800000 1.000000 0.277855 0.484171
1.600000 4.000000 1.600000 1.000000 0.284826 0.474370
1.600000 4.000000 2.400000 1.000000 0.291063 0.460370
1.600000 4.000000 3.200000 1.000000 0.296531 0.442186
1.600000 4.000000 4.000000 1.000000 0.301200 0.421182
1.600000 4.000000 4.800000 1.000000 0.305042 0.400290
1.600000 4.000000 5.600000 0.999999 0.308031 0.383507
1.600000 4.000000 6.400000 0.999987 0.310148 0.374665
1.600000 4.000000 7.200000 0.999957 0.311379 0.375973
1.600000 4.000000 8.000000 0.999952 0.311715 0.387104
1.600000 4.000000 8.800000 0.999982 0.311155 0.405356
1.600000 4.000000 9.600000 0.999998 0.309702 0.426767
1.600000 4.800000 0.000000 1.000000 0.268888 0.490176
1.600000 4.800000 0.800000 1.000000 0.276533 0.483466
1.600000 4.800000 1.600000 1.000000 0.283482 0.473088
1.600000 4.800000 2.400000 1.000000 0.289698 0.458225
1.600000 4.800000 3.200000 1.000000 0.295148 0.438892
1.600000 4.800000 4.000000 1.000000 0.299801 0.416544
1.600000 4.800000 4.800000 1.000000 0.303629 0.394305
1.600000 4.800000 5.600000 0.999998 0.306607 0.376429
1.600000 4.800000 6.400000 0.999983 0.308717 0.366992
1.600000 4.800000 7.200000 0.999945 0.309943 0.368342
1.600000 4.800000 8.000000 0.999938 0.310278 0.380136
1.600000 4.800000 8.800000 0.999977 0.309720 0.399507
1.600000 4.800000 9.600000 0.999997 0.308272 0.422248
1.600000 5.600000 0.000000 1.000000 0.266788 0.489909
1.600000 5.600000 0.800000 1.000000 0.274396 0.482904
1.600000 5.600000 1.600000 1.000000 0.281309 0.472029
1.600000 5.600000 2.400000 1.000000 0.287492 0.456419
1.600000 5.600000 3.200000 0.999999 0.292913 0.436092
1.600000 5.600000 4.000000 0.999991 0.297540 0.412585
1.600000 5.600000 4.800000 0.999980 0.301346 0.389193
1.600000 5.600000 5.600000 0.999985 0.304307 0.370397
1.600000 5.600000 6.400000 0.999993 0.306404 0.360477
1.600000 5.600000 7.200000 0.999976 0.307623 0.361894
1.600000 5.600000 8.000000 0.999973 0.307957 0.374279
1.600000 5.600000 8.800000 0.999990 0.307402 0.394619
1.600000 5.600000 9.600000 0.999999 0.305962 0.418498
1.600000 6.400000 0.000000 1.000000 0.263899 0.489742
1.600000 6.400000 0.800000 1.000000 0.271455 0.482508
1.600000 6.400000 1.600000 1.000000 0.278320 0.471237
1.600000 6.400000 2.400000 0.999985 0.284459 0.455029
1.600000 6.400000 3.200000 0.999712 0.289839 0.433902
1.600000 6.400000 4.000000 0.998327 0.294431 0.409470
1.600000 6.400000 4.800000 0.996560 0.298208 0.385173
1.600000 6.400000 5.600000 0.997288 0.301146 0.365671
1.600000 6.400000 6.400000 0.999203 0.303226 0.355406
1.600000 6.400000 7.200000 0.999923 0.304436 0.356916
1.600000 6.400000 8.000000 0.999996 0.304766 0.369800
1.600000 6.400000 8.800000 0.999999 0.304216 0.390921
1.600000 6.400000 9.600000 1.000000 0.302788 0.415693
1.600000 7.200000 0.000000 1.000000 0.260235 0.489684
1.600000 7.200000 0.800000 1.000000 0.267727 0.482297
1.600000 7.200000 1.600000 0.999980 0.274532 0.470751
1.600000 7.200000 2.400000 0.998977 0.280616 0.454118
1.600000 7.200000 3.200000 0.986439 0.285946 0.432426
1.600000 7.200000 4.000000 0.941672 0.290495 0.407349
1.600000 7.200000 4.800000 0.897039 0.294235 0.382438
1.600000 7.200000 5.600000 0.914440 0.297143 0.362483
1.600000 7.200000 6.400000 0.968125 0.299203 0.352032
1.600000 7.200000 7.200000 0.995647 0.300400 0.353659
1.600000 7.200000 8.000000 0.999829 0.300728 0.366928
1.600000 7.200000 8.800000 0.999998 0.300183 0.388604
1.600000 7.200000 9.600000 1.000000 0.298769 0.413985
1.600000 8.000000 0.000000 1.000000 0.255817 0.489740
1.600000 8.000000 0.800000 0.999997 0.263233 0.482285
1.600000 8.000000 1.600000 0.999519 0.269967 0.470599
1.600000 8.000000 2.400000 0.983127 0.275985 0.453739
1.600000 8.000000 3.200000 0.852957 0.281257 0.431746
1.600000 8.000000 4.000000 0.569466 0.285753 0.406340
1.600000 8.000000 4.800000 0.384746 0.289450 0.381141
1.600000 8.000000 5.600000 0.449244 0.292325 0.361014
1.600000 8.000000 6.400000 0.718205 0.294360 0.350548
1.600000 8.000000 7.200000 0.941672 0.295543 0.352316
1.600000 8.000000 8.000000 0.996560 0.295866 0.365837
1.600000 8.000000 8.800000 0.999955 0.295328 0.387812
1.600000 8.000000 9.600000 1.000000 0.293931 0.413478
1.600000 8.800000 0.000000 1.000000 0.250666 0.489913
1.600000 8.800000 0.800000 0.999974 0.257996 0.482480
1.600000 8.800000 1.600000 0.996560 0.264648 0.470799
1.600000 8.800000 2.400000 0.914440 0.270592 0.453927
1.600000 8.800000 3.200000 0.511126 0.275797 0.431919
1.600000 8.800000 4.000000 0.080194 0.280235 0.406522
1.600000 8.800000 4.800000 0.000149 0.283883 0.381385
1.600000 8.800000 5.600000 0.011565 0.286719 0.361381
1.600000 8.800000 6.400000 0.253331 0.288726 0.351077
1.600000 8.800000 7.200000 0.758459 0.289893 0.353002
1.600000 8.800000 8.000000 0.979073 0.290212 0.366626
1.600000 8.800000 8.800000 0.999627 0.289681 0.388622
1.600000 8.800000 9.600000 0.999999 0.288303 0.414228
1.600000 9.600000 0.000000 1.000000 0.244807 0.490199
1.600000 9.600000 0.800000 0.999923 0.252041 0.482883
1.600000 9.600000 1.600000 0.991319 0.258604 0.471357
1.600000 9.600000 2.400000 0.825571 0.264465 0.454694
1.600000 9.600000 3.200000 0.253331 0.269596 0.432967
1.600000 9.600000 4.000000 nan nan nan
1.600000 9.600000 4.800000 nan nan nan
1.600000 9.600000 5.600000 nan nan nan
1.600000 9.600000 6.400000 0.039225 0.282333 0.353656
1.600000 9.600000 7.200000 0.569466 0.283482 0.355744
1.600000 9.600000 8.000000 0.952132 0.283796 0.369310
1.600000 9.600000 8.800000 0.998977 0.283273 0.391039
1.600000 9.600000 9.600000 0.999996 0.281917 0.416234
1.600000 10.400001 0.000000 1.000000 0.238268 0.490593
1.600000 10.400001 0.800000 0.999923 0.245398 0.483485
1.600000 10.400001 1.600000 0.991319 0.251863 0.472264
1.600000 10.400001 2.400000 0.825571 0.257635 0.456031
1.600000 10.400001 3.200000 0.253331 0.262685 0.434877
1.600000 10.400001 4.000000 nan nan nan
1.600000 10.400001 4.800000 nan nan nan
1.600000 10.400001 5.600000 nan nan nan
1.600000 10.400001 6.400000 0.039225 0.275215 0.358231
1.600000 10.400001 7.200000 0.569466 0.276345 0.360476
1.600000 10.400001 8.000000 0.952132 0.276654 0.373817
1.600000 10.400001 8.800000 0.998977 0.276140 0.394992
1.600000 10.400001 9.600000 0.999996 0.274806 0.419432
1.600000 11.200000 0.000000 0.999997 0.231076 0.491085
1.600000 11.200000 0.800000 0.999974 0.238095 0.484272
1.600000 11.200000 1.600000 0.996560 0.244457 0.473496
1.600000 11.200000 2.400000 0.914440 0.250133 0.457902
1.600000 11.200000 3.200000 0.511126 0.255098 0.437598
1.600000 11.200000 4.000000 0.080194 0.259328 0.414288
1.600000 11.200000 4.800000 0.000149 0.262802 0.391420
1.600000 11.200000 5.600000 0.011565 0.265500 0.373502
1.600000 11.200000 6.400000 0.253331 0.267409 0.364656
1.600000 11.200000 7.200000 0.758459 0.268518 0.367041
1.600000 11.200000 8.000000 0.979073 0.268821 0.379992
1.600000 11.200000 8.800000 0.999627 0.268316 0.400339
1.600000 11.200000 9.600000 0.999999 0.267007 0.423702
1.600000 12.000000 0.000000 0.999982 0.223261 0.491661
1.600000 12.000000 0.800000 0.999975 0.230163 0.485220
1.600000 12.000000 1.600000 0.999519 0.236416 0.475018
1.600000 12.000000 2.400000 0.983127 0.241993 0.460252
1.600000 12.000000 3.200000 0.852957 0.246869 0.441046
1.600000 12.000000 4.000000 0.569466 0.251022 0.419047
1.600000 12.000000 4.800000 0.384746 0.254430 0.397546
1.600000 12.000000 5.600000 0.449244 0.257077 0.380811
1.600000 12.000000 6.400000 0.718205 0.258950 0.372702
1.600000 12.000000 7.200000 0.941672 0.260038 0.375198
1.600000 12.000000 8.000000 0.996560 0.260335 0.387601
1.600000 12.000000 8.800000 0.999955 0.259840 0.406874
1.600000 12.000000 9.600000 1.000000 0.258556 0.428877
1.600000 12.800000 0.000000 0.999966 0.214854 0.492302
1.600000 12.800000 0.800000 0.999954 0.221635 0.486300
1.600000 12.800000 1.600000 0.999979 0.227775 0.476780
1.600000 12.800000 2.400000 0.998977 0.233248 0.463002
1.600000 12.800000 3.200000 0.986439 0.238032 0.445104
1.600000 12.800000 4.000000 0.941672 0.242104 0.424654
1.600000 12.800000 4.800000 0.897039 0.245446 0.404749
1.600000 12.800000 5.600000 0.914440 0.248041 0.389368
1.600000 12.800000 6.400000 0.968125 0.249875 0.382072
1.600000 12.800000 7.200000 0.995647 0.250941 0.384639
1.600000 12.800000 8.000000 0.999829 0.251232 0.396352
1.600000 12.800000 8.800000 0.999998 0.250748 0.414341
1.600000 12.800000 9.600000 1.000000 0.249489 0.434752
1.600000 13.600000 0.000000 0.999979 0.205884 0.492992
1.600000 13.600000 0.800000 0.999971 0.212540 0.487479
1.600000 13.600000 1.600000 0.999987 0.218564 0.478726
1.600000 13.600000 2.400000 0.999985 0.223932 0.466060
1.600000 13.600000 3.200000 0.999712 0.228621 0.449633
1.600000 13.600000 4.000000 0.998327 0.232611 0.430914
1.600000 13.600000 4.800000 0.996560 0.235884 0.412772
1.600000 13.600000 5.600000 0.997288 0.238425 0.398863
1.600000 13.600000 6.400000 0.999203 0.240222 0.392421
1.600000 13.600000 7.200000 0.999923 0.241265 0.395013
1.600000 13.600000 8.000000 0.999998 0.241550 0.405916
1.600000 13.600000 8.800000 1.000000 0.241076 0.422456
1.600000 13.600000 9.600000 1.000000 0.239844 0.441101
1.600000 14.400001 0.000000 0.999996 0.196382 0.493708
1.600000 14.400001 0.800000 0.999994 0.202911 0.488720
1.600000 14.400001 1.600000 0.999997 0.208816 0.480792
1.600000 14.400001 2.400000 1.000000 0.214076 0.469327
1.600000 14.400001 3.200000 0.999999 0.218670 0.454479
1.600000 14.400001 4.000000 0.999991 0.222577 0.437608
1.600000 14.400001 4.800000 0.999980 0.225781 0.421334
1.600000 14.400001 5.600000 0.999985 0.228267 0.408961
1.600000 14.400001 6.400000 0.999996 0.230025 0.403379
1.600000 14.400001 7.200000 1.000000 0.231045 0.405946
1.600000 14.400001 8.000000 1.000000 0.231324 0.415944
1.600000 14.400001 8.800000 1.000000 0.230860 0.430923
1.600000 14.400001 9.600000 1.000000 0.229655 0.447691
1.600000 15.200000 0.000000 1.000000 0.186377 0.494432
1.600000 15.200000 0.800000 1.000000 0.192777 0.489986
1.600000 15.200000 1.600000 1.000000 0.198563 0.482916
1.600000 15.200000 2.400000 1.000000 0.203715 0.472695
1.600000 15.200000 3.200000 1.000000 0.208211 0.459483
1.600000 15.200000 4.000000 1.000000 0.212034 0.444516
1.600000 15.200000 4.800000 1.000000 0.215169 0.430148
1.600000 15.200000 5.600000 1.000000 0.217600 0.419320
1.600000 15.200000 6.400000 1.000000 0.219319 0.414576
1.600000 15.200000 7.200000 1.000000 0.220317 0.417066
1.600000 15.200000 8.000000 1.000000 0.220590 0.426097
1.600000 15.200000 8.800000 1.000000 0.220136 0.439453
1.600000 15.200000 9.600000 1.000000 0.218957 0.454298
1.600000 16.000000 0.000000 1.000000 0.175897 0.495144
1.600000 16.000000 0.800000 1.000000 0.182168 0.491242
1.600000 16.000000 1.600000 1.000000 0.187835 0.485034
1.600000 16.000000 2.400000 1.000000 0.192877 0.476065
1.600000 16.000000 3.200000 1.000000 0.197276 0.464492
1.600000 16.000000 4.000000 1.000000 0.201016 0.451423
1.600000 16.000000 4.800000 1.000000 0.204081 0.438939
1.600000 16.000000 5.600000 1.000000 0.206458 0.429619
1.600000 16.000000 6.400000 1.000000 0.208138 0.425663
1.600000 16.000000 7.200000 1.000000 0.209113 0.428030
1.600000 16.000000 8.000000 1.000000 0.209379 0.436061
1.600000 16.000000 8.800000 1.000000 0.208935 0.447786
1.600000 16.000000 9.600000 1.000000 0.207784 0.460721
1.600000 16.800001 0.000000 1.000000 0.164972 0.495828
1.600000 16.800001 0.800000 1.000000 0.171113 0.492456
1.600000 16.800001 1.600000 1.000000 0.176660 0.487090
1.600000 16.800001 2.400000 1.000000 0.181594 0.479344
1.600000 16.800001 3.200000 1.000000 0.185897 0.469367
1.600000 16.800001 4.000000 1.000000 0.189553 0.458135
1.600000 16.800001 4.800000 1.000000 0.192548 0.447461
1.600000 16.800001 5.600000 1.000000 0.194871 0.439570
1.600000 16.800001 6.400000 1.000000 0.196512 0.436334
1.600000 16.800001 7.200000 1.000000 0.197465 0.438538
1.600000 16.800001 8.000000 1.000000 0.197725 0.445569
1.600000 16.800001 8.800000 1.000000 0.197292 0.455700
1.600000 16.800001 9.600000 1.000000 0.196167 0.466793
1.600000 17.600000 0.000000 1.000000 0.153627 0.496469
1.600000 17.600000 0.800000 1.000000 0.159639 0.493601
1.600000 17.600000 1.600000 1.000000 0.165067 0.489036
1.600000 17.600000 2.400000 1.000000 0.169893 0.482452
1.600000 17.600000 3.200000 1.000000 0.174100 0.473987
1.600000 17.600000 4.000000 1.000000 0.177674 0.464487
1.600000 17.600000 4.800000 1.000000 0.180601 0.455507
1.600000 17.600000 5.600000 1.000000 0.182870 0.448934
1.600000 17.600000 6.400000 1.000000 0.184473 0.446338
1.600000 17.600000 7.200000 1.000000 0.185403 0.448348
1.600000 17.600000 8.000000 1.000000 0.185657 0.454405
1.600000 17.600000 8.800000 1.000000 0.185234 0.463022
1.600000 17.600000 9.600000 1.000000 0.184135 0.472385
1.600000 18.400000 0.000000 1.000000 0.141889 0.497057
1.600000 18.400000 0.800000 1.000000 0.147773 0.494657
1.600000 18.400000 1.600000 1.000000 0.153083 0.490835
1.600000 18.400000 2.400000 1.000000 0.157802 0.485327
1.600000 18.400000 3.200000 1.000000 0.161915 0.478259
1.600000 18.400000 4.000000 1.000000 0.165407 0.470353
1.600000 18.400000 4.800000 1.000000 0.168266 0.462918
1.600000 18.400000 5.600000 1.000000 0.170483 0.457531
1.600000 18.400000 6.400000 1.000000 0.172048 0.455488
1.600000 18.400000 7.200000 1.000000 0.172956 0.457284
1.600000 18.400000 8.000000 1.000000 0.173204 0.462419
1.600000 18.400000 8.800000 1.000000 0.172791 0.469632
1.600000 18.400000 9.600000 1.000000 0.171718 0.477408
1.600000 19.200001 0.000000 1.000000 0.129781 0.497584
1.600000 19.200001 0.800000 1.000000 0.135538 0.495608
1.600000 19.200001 1.600000 1.000000 0.140732 0.492459
1.600000 19.200001 2.400000 1.000000 0.145346 0.487926
1.600000 19.200001 3.200000 1.000000 0.149366 0.482118
1.600000 19.200001 4.000000 1.000000 0.152778 0.475642
1.600000 19.200001 4.800000 1.000000 0.155571 0.469584
1.600000 19.200001 5.600000 1.000000 0.157735 0.465240
1.600000 19.200001 6.400000 1.000000 0.159264 0.463663
1.600000 19.200001 7.200000 1.000000 0.160151 0.465234
1.600000 19.200001 8.000000 1.000000 0.160393 0.469517
1.600000 19.200001 8.800000 1.000000 0.159990 0.475460
1.600000 19.200001 9.600000 1.000000 0.158942 0.481817
1.600000 20.000000 0.000000 1.000000 0.117326 0.498048
1.600000 20.000000 0.800000 1.000000 0.122959 0.496446
1.600000 20.000000 1.600000 1.000000 0.128039 0.493894
1.600000 20.000000 2.400000 1.000000 0.132550 0.490222
1.600000 20.000000 3.200000 1.000000 0.136478 0.485526
1.600000 20.000000 4.000000 1.000000 0.139812 0.480305
1.600000 20.000000 4.800000 1.000000 0.142540 0.475446
1.600000 20.000000 5.600000 1.000000 0.144654 0.471999
1.600000 20.000000 6.400000 1.000000 0.146146 0.470804
1.600000 20.000000 7.200000 1.000000 0.147012 0.472151
1.600000 20.000000 8.000000 1.000000 0.147248 0.475667
1.600000 20.000000 8.800000 1.000000 0.146854 0.480485
1.600000 20.000000 9.600000 1.000000 0.145832 0.485600
2.400000 0.000000 0.000000 1.000000 0.281102 0.491633
2.400000 0.000000 0.800000 1.000000 0.288974 0.486810
2.400000 0.000000 1.600000 1.000000 0.296136 0.479685
2.400000 0.000000 2.400000 1.000000 0.302551 0.469836
2.400000 0.000000 3.200000 0.999995 0.308179 0.457371
2.400000 0.000000 4.000000 0.999949 0.312989 0.443287
2.400000 0.000000 4.800000 0.999845 0.316949 0.429586
2.400000 0.000000 5.600000 0.999837 0.320031 0.418922
2.400000 0.000000 6.400000 0.999940 0.322216 0.413766
2.400000 0.000000 7.200000 0.999993 0.323486 0.415450
2.400000 0.000000 8.000000 1.000000 0.323833 0.423597
2.400000 0.000000 8.800000 1.000000 0.323255 0.436287
2.400000 0.000000 9.600000 1.000000 0.321755 0.450838
2.400000 0.800000 0.000000 1.000000 0.283936 0.490950
2.400000 0.800000 0.800000 1.000000 0.291863 0.485651
2.400000 0.800000 1.600000 1.000000 0.299077 0.477788
2.400000 0.800000 2.400000 0.999999 0.305539 0.466884
2.400000 0.800000 3.200000 0.999954 0.311211 0.453048
2.400000 0.800000 4.000000 0.999602 0.316059 0.437377
2.400000 0.800000 4.800000 0.998853 0.320050 0.422089
2.400000 0.800000 5.600000 0.998795 0.323158 0.410130
2.400000 0.800000 6.400000 0.999535 0.325361 0.404260
2.400000 0.800000 7.200000 0.999940 0.326642 0.405984
2.400000 0.800000 8.000000 0.999998 0.326992 0.414917
2.400000 0.800000 8.800000 1.000000 0.326409 0.428949
2.400000 0.800000 9.600000 1.000000 0.324896 0.445113
2.400000 1.600000 0.000000 1.000000 0.285947 0.490298
2.400000 1.600000 0.800000 1.000000 0.293913 0.484523
2.400000 1.600000 1.600000 1.000000 0.301164 0.475917
2.400000 1.600000 2.400000 0.999995 0.307661 0.463944
2.400000 1.600000 3.200000 0.999872 0.313364 0.448711
2.400000 1.600000 4.000000 0.998951 0.318239 0.431420
2.400000 1.600000 4.800000 0.997085 0.322253 0.414507
2.400000 1.600000 5.600000 0.996942 0.325380 0.401223
2.400000 1.600000 6.400000 0.998782 0.327595 0.394620
2.400000 1.600000 7.200000 0.999833 0.328884 0.396380
2.400000 1.600000 8.000000 0.999992 0.329237 0.406108
2.400000 1.600000 8.800000 0.999997 0.328650 0.421506
2.400000 1.600000 9.600000 1.000000 0.327129 0.439309
2.400000 2.400000 0.000000 1.000000 0.287123 0.489694
2.400000 2.400000 0.800000 1.000000 0.295113 0.483454
2.400000 2.400000 1.600000 1.000000 0.302386 0.474115
2.400000 2.400000 2.400000 0.999996 0.308902 0.461079
2.400000 2.400000 3.200000 0.999877 0.314624 0.444455
2.400000 2.400000 4.000000 0.998992 0.319515 0.425545
2.400000 2.400000 4.800000 0.997193 0.323543 0.407011
2.400000 2.400000 5.600000 0.997055 0.326680 0.392404
2.400000 2.400000 6.400000 0.998829 0.328904 0.385070
2.400000 2.400000 7.200000 0.999749 0.330197 0.386866
2.400000 2.400000 8.000000 0.999721 0.330551 0.397386
2.400000 2.400000 8.800000 0.999891 0.329962 0.414142
2.400000 2.400000 9.600000 0.999986 0.328435 0.433575
2.400000 3.200000 0.000000 1.000000 0.287457 0.489153
2.400000 3.200000 0.800000 1.000000 0.295453 0.482472
2.400000 3.200000 1.600000 1.000000 0.302732 0.472427
2.400000 3.200000 2.400000 0.999999 0.309255 0.458362
2.400000 3.200000 3.200000 0.999960 0.314982 0.440386
2.400000 3.200000 4.000000 0.999647 0.319878 0.419904
2.400000 3.200000 4.800000 0.998981 0.323909 0.399795
2.400000 3.200000 5.600000 0.998929 0.327050 0.383907
2.400000 3.200000 6.400000 0.999199 0.329275 0.375870
2.400000 3.200000 7.200000 0.997632 0.330570 0.377707
2.400000 3.200000 8.000000 0.997383 0.330924 0.389001
2.400000 3.200000 8.800000 0.998907 0.330335 0.407074
2.400000 3.200000 9.600000 0.999843 0.328806 0.428084
2.400000 4.000000 0.000000 1.000000 0.286947 0.488692
2.400000 4.000000 0.800000 1.000000 0.294933 0.481604
2.400000 4.000000 1.600000 1.000000 0.302203 0.470902
2.400000 4.000000 2.400000 1.000000 0.308716 0.455872
2.400000 4.000000 3.200000 0.999996 0.314435 0.436624
2.400000 4.000000 4.000000 0.999959 0.319324 0.414662
2.400000 4.000000 4.800000 0.999874 0.323350 0.393075
2.400000 4.000000 5.600000 0.999666 0.326485 0.375992
2.400000 4.000000 6.400000 0.997292 0.328708 0.367306
2.400000 4.000000 7.200000 0.992407 0.330001 0.369196
2.400000 4.000000 8.000000 0.991656 0.330354 0.381225
2.400000 4.000000 8.800000 0.996359 0.329765 0.400538
2.400000 4.000000 9.600000 0.999432 0.328239 0.423024
2.400000 4.800000 0.000000 1.000000 0.285596 0.488326
2.400000 4.800000 0.800000 1.000000 0.293555 0.480879
2.400000 4.800000 1.600000 1.000000 0.300800 0.469590
2.400000 4.800000 2.400000 1.000000 0.307290 0.453690
2.400000 4.800000 3.200000 1.000000 0.312988 0.433291
2.400000 4.800000 4.000000 0.999999 0.317858 0.409994
2.400000 4.800000 4.800000 0.999984 0.321869 0.387079
2.400000 4.800000 5.600000 0.999571 0.324992 0.368931
2.400000 4.800000 6.400000 0.996586 0.327205 0.359681
2.400000 4.800000 7.200000 0.990535 0.328493 0.361639
2.400000 4.800000 8.000000 0.989610 0.328845 0.374347
2.400000 4.800000 8.800000 0.995423 0.328259 0.394781
2.400000 4.800000 9.600000 0.999273 0.326739 0.418588
2.400000 5.600000 0.000000 1.000000 0.283412 0.488067
2.400000 5.600000 0.800000 1.000000 0.291329 0.480324
2.400000 5.600000 1.600000 1.000000 0.298533 0.468538
2.400000 5.600000 2.400000 1.000000 0.304986 0.451895
2.400000 5.600000 3.200000 1.000000 0.310650 0.430512
2.400000 5.600000 4.000000 1.000000 0.315491 0.406074
2.400000 5.600000 4.800000 0.999993 0.319476 0.382035
2.400000 5.600000 5.600000 0.999803 0.322580 0.362999
2.400000 5.600000 6.400000 0.998350 0.324779 0.353296
2.400000 5.600000 7.200000 0.995267 0.326058 0.355343
2.400000 5.600000 8.000000 0.994787 0.326408 0.368649
2.400000 5.600000 8.800000 0.997768 0.325825 0.390045
2.400000 5.600000 9.600000 0.999663 0.324315 0.414969
2.400000 6.400000 0.000000 1.000000 0.280408 0.487927
2.400000 6.400000 0.800000 1.000000 0.288267 0.479961
2.400000 6.400000 1.600000 1.000000 0.295417 0.467789
2.400000 6.400000 2.400000 0.999999 0.301819 0.450561
2.400000 6.400000 3.200000 0.999980 0.307438 0.428401
2.400000 6.400000 4.000000 0.999868 0.312238 0.403068
2.400000 6.400000 4.800000 0.999712 0.316190 0.378158
2.400000 6.400000 5.600000 0.999778 0.319267 0.358453
2.400000 6.400000 6.400000 0.999718 0.321447 0.348435
2.400000 6.400000 7.200000 0.999134 0.322714 0.350590
2.400000 6.400000 8.000000 0.999039 0.323061 0.364393
2.400000 6.400000 8.800000 0.999611 0.322484 0.386551
2.400000 6.400000 9.600000 0.999947 0.320987 0.412338
2.400000 7.200000 0.000000 1.000000 0.276602 0.487915
2.400000 7.200000 0.800000 1.000000 0.284389 0.479810
2.400000 7.200000 1.600000 0.999999 0.291471 0.467382
2.400000 7.200000 2.400000 0.999923 0.297810 0.449754
2.400000 7.200000 3.200000 0.998690 0.303372 0.427061
2.400000 7.200000 4.000000 0.993085 0.308123 0.401120
2.400000 7.200000 4.800000 0.986439 0.312032 0.375637
2.400000 7.200000 5.600000 0.989134 0.315076 0.355517
2.400000 7.200000 6.400000 0.996560 0.317232 0.345339
2.400000 7.200000 7.200000 0.999627 0.318486 0.347623
2.400000 7.200000 8.000000 0.999945 0.318829 0.361801
2.400000 7.200000 8.800000 0.999979 0.318258 0.384485
2.400000 7.200000 9.600000 0.999998 0.316778 0.410837
2.400000 8.000000 0.000000 1.000000 0.272014 0.488034
2.400000 8.000000 0.800000 1.000000 0.279716 0.479882
2.400000 8.000000 1.600000 0.999966 0.286718 0.467341
2.400000 8.000000 2.400000 0.998327 0.292984 0.449522
2.400000 8.000000 3.200000 0.979073 0.298479 0.426569
2.400000 8.000000 4.000000 0.914440 0.303171 0.400344
2.400000 8.000000 4.800000 0.852957 0.307031 0.374619
2.400000 8.000000 5.600000 0.876663 0.310036 0.354364
2.400000 8.000000 6.400000 0.952132 0.312164 0.344195
2.400000 8.000000 7.200000 0.993085 0.313401 0.346622
2.400000 8.000000 8.000000 0.999712 0.313739 0.361033
2.400000 8.000000 8.800000 0.999997 0.313176 0.383978
2.400000 8.000000 9.600000 1.000000 0.311715 0.410565
2.400000 8.800000 0.000000 1.000000 0.266671 0.488285
2.400000 8.800000 0.800000 0.999998 0.274276 0.480184
2.400000 8.800000 1.600000 0.999712 0.281187 0.467684
2.400000 8.800000 2.400000 0.989134 0.287369 0.449895
2.400000 8.800000 3.200000 0.897039 0.292788 0.426976
2.400000 8.800000 4.000000 0.673268 0.297413 0.400813
2.400000 8.800000 4.800000 0.511126 0.301218 0.375197
2.400000 8.800000 5.600000 0.569465 0.304178 0.355102
2.400000 8.800000 6.400000 0.794170 0.306275 0.345113
2.400000 8.800000 7.200000 0.960867 0.307494 0.347691
2.400000 8.800000 8.000000 0.997868 0.307827 0.362177
2.400000 8.800000 8.800000 0.999974 0.307272 0.385097
2.400000 8.800000 9.600000 1.000000 0.305833 0.411569
2.400000 9.600000 0.000000 0.999999 0.260599 0.488664
2.400000 9.600000 0.800000 0.999995 0.268097 0.480713
2.400000 9.600000 1.600000 0.999203 0.274908 0.468410
2.400000 9.600000 2.400000 0.974128 0.280997 0.450881
2.400000 9.600000 3.200000 0.794170 0.286332 0.428298
2.400000 9.600000 4.000000 0.449244 0.290885 0.402550
2.400000 9.600000 4.800000 0.253331 0.294628 0.377401
2.400000 9.600000 5.600000 0.318898 0.297540 0.357759
2.400000 9.600000 6.400000 0.623636 0.299602 0.348117
2.400000 9.600000 7.200000 0.914440 0.300800 0.350846
2.400000 9.600000 8.000000 0.994506 0.301128 0.365238
2.400000 9.600000 8.800000 0.999923 0.300582 0.387837
2.400000 9.600000 9.600000 1.000000 0.299167 0.413836
2.400000 10.400001 0.000000 0.999941 0.253828 0.489161
2.400000 10.400001 0.800000 0.999921 0.261210 0.481457
2.400000 10.400001 1.600000 0.999203 0.267912 0.469507
2.400000 10.400001 2.400000 0.974128 0.273901 0.452464
2.400000 10.400001 3.200000 0.794170 0.279147 0.430515
2.400000 10.400001 4.000000 0.449245 0.283621 0.405528
2.400000 10.400001 4.800000 0.253331 0.287299 0.381192
2.400000 10.400001 5.600000 0.318898 0.290158 0.362284
2.400000 10.400001 6.400000 0.623636 0.292182 0.353141
2.400000 10.400001 7.200000 0.914440 0.293359 0.356007
2.400000 10.400001 8.000000 0.994506 0.293681 0.370131
2.400000 10.400001 8.800000 0.999923 0.293145 0.392118
2.400000 10.400001 9.600000 1.000000 0.291756 0.417297
2.400000 11.200000 0.000000 0.999144 0.246389 0.489764
2.400000 11.200000 0.800000 0.998879 0.253649 0.482397
2.400000 11.200000 1.600000 0.999459 0.260235 0.470946
2.400000 11.200000 2.400000 0.989134 0.266118 0.454603
2.400000 11.200000 3.200000 0.897039 0.271269 0.433568
2.400000 11.200000 4.000000 0.673268 0.275660 0.409665
2.400000 11.200000 4.800000 0.511126 0.279268 0.386461
2.400000 11.200000 5.600000 0.569465 0.282072 0.368540
2.400000 11.200000 6.400000 0.794170 0.284057 0.360026
2.400000 11.200000 7.200000 0.960867 0.285211 0.363005
2.400000 11.200000 8.000000 0.997868 0.285526 0.376690
2.400000 11.200000 8.800000 0.999974 0.285001 0.397788
2.400000 11.200000 9.600000 1.000000 0.283639 0.421823
2.400000 12.000000 0.000000 0.996062 0.238315 0.490456
2.400000 12.000000 0.800000 0.994921 0.245446 0.483507
2.400000 12.000000 1.600000 0.997445 0.251912 0.472685
2.400000 12.000000 2.400000 0.998327 0.257684 0.457233
2.400000 12.000000 3.200000 0.979073 0.262735 0.437362
2.400000 12.000000 4.000000 0.914440 0.267040 0.414829
2.400000 12.000000 4.800000 0.852957 0.270575 0.393036
2.400000 12.000000 5.600000 0.876663 0.273323 0.376317
2.400000 12.000000 6.400000 0.952132 0.275267 0.368533
2.400000 12.000000 7.200000 0.993085 0.276396 0.371589
2.400000 12.000000 8.000000 0.999712 0.276705 0.384673
2.400000 12.000000 8.800000 0.999997 0.276191 0.404633
2.400000 12.000000 9.600000 1.000000 0.274857 0.427242
2.400000 12.800000 0.000000 0.993298 0.229638 0.491216
2.400000 12.800000 0.800000 0.991414 0.236636 0.484753
2.400000 12.800000 1.600000 0.995606 0.242977 0.474671
2.400000 12.800000 2.400000 0.999177 0.248635 0.460272
2.400000 12.800000 3.200000 0.998690 0.253584 0.441774
2.400000 12.800000 4.000000 0.993085 0.257799 0.420848
2.400000 12.800000 4.800000 0.986439 0.261260 0.400691
2.400000 12.800000 5.600000 0.989134 0.263949 0.385340
2.400000 12.800000 6.400000 0.996560 0.265851 0.378356
2.400000 12.800000 7.200000 0.999627 0.266956 0.381444
2.400000 12.800000 8.000000 0.999989 0.267258 0.393782
2.400000 12.800000 8.800000 1.000000 0.266755 0.412392
2.400000 12.800000 9.600000 1.000000 0.265451 0.433344
2.400000 13.600000 0.000000 0.995489 0.220392 0.492024
2.400000 13.600000 0.800000 0.994191 0.227252 0.486098
2.400000 13.600000 1.600000 0.997066 0.233466 0.476841
2.400000 13.600000 2.400000 0.999465 0.239007 0.463620
2.400000 13.600000 3.200000 0.999970 0.243852 0.446657
2.400000 13.600000 4.000000 0.999868 0.247976 0.427517
2.400000 13.600000 4.800000 0.999712 0.251362 0.409159
2.400000 13.600000 5.600000 0.999778 0.253991 0.395290
2.400000 13.600000 6.400000 0.999941 0.255850 0.389140
2.400000 13.600000 7.200000 0.999995 0.256930 0.392211
2.400000 13.600000 8.000000 1.000000 0.257225 0.403680
2.400000 13.600000 8.800000 1.000000 0.256734 0.420777
2.400000 13.600000 9.600000 1.000000 0.255459 0.439900
2.400000 14.400001 0.000000 0.998859 0.210608 0.492857
2.400000 14.400001 0.800000 0.998508 0.217329 0.487502
2.400000 14.400001 1.600000 0.999275 0.223414 0.479128
2.400000 14.400001 2.400000 0.999878 0.228837 0.467170
2.400000 14.400001 3.200000 0.999994 0.233575 0.451849
2.400000 14.400001 4.000000 1.000000 0.237608 0.434610
2.400000 14.400001 4.800000 0.999999 0.240917 0.418151
2.400000 14.400001 5.600000 0.999999 0.243486 0.405823
2.400000 14.400001 6.400000 1.000000 0.245303 0.400511
2.400000 14.400001 7.200000 1.000000 0.246358 0.403511
2.400000 14.400001 8.000000 1.000000 0.246646 0.414016
2.400000 14.400001 8.800000 1.000000 0.246166 0.429488
2.400000 14.400001 9.600000 1.000000 0.244920 0.446675
2.400000 15.200000 0.000000 0.999906 0.200318 0.493691
2.400000 15.200000 0.800000 0.999874 0.206899 0.488925
2.400000 15.200000 1.600000 0.999942 0.212853 0.481463
2.400000 15.200000 2.400000 0.999991 0.218157 0.470812
2.400000 15.200000 3.200000 1.000000 0.222790 0.457187
2.400000 15.200000 4.000000 1.000000 0.226731 0.441899
2.400000 15.200000 4.800000 1.000000 0.229963 0.427374
2.400000 15.200000 5.600000 1.000000 0.232472 0.416594
2.400000 15.200000 6.400000 1.000000 0.234245 0.412093
2.400000 15.200000 7.200000 1.000000 0.235275 0.414970
2.400000 15.200000 8.000000 1.000000 0.235557 0.424449
2.400000 15.200000 8.800000 1.000000 0.235088 0.438238
2.400000 15.200000 9.600000 1.000000 0.233872 0.453446
2.400000 16.000000 0.000000 0.999998 0.189552 0.494508
2.400000 16.000000 0.800000 0.999997 0.195993 0.490329
2.400000 16.000000 1.600000 0.999999 0.201817 0.483782
2.400000 16.000000 2.400000 1.000000 0.207002 0.474441
2.400000 16.000000 3.200000 1.000000 0.211529 0.462511
2.400000 16.000000 4.000000 1.000000 0.215378 0.449166
2.400000 16.000000 4.800000 1.000000 0.218534 0.436549
2.400000 16.000000 5.600000 1.000000 0.220983 0.427275
2.400000 16.000000 6.400000 1.000000 0.222714 0.423536
2.400000 16.000000 7.200000 1.000000 0.223719 0.426243
2.400000 16.000000 8.000000 1.000000 0.223994 0.434665
2.400000 16.000000 8.800000 1.000000 0.223536 0.446765
2.400000 16.000000 9.600000 1.000000 0.222350 0.460013
2.400000 16.800001 0.000000 1.000000 0.178341 0.495288
2.400000 16.800001 0.800000 1.000000 0.184641 0.491680
2.400000 16.800001 1.600000 1.000000 0.190335 0.486025
2.400000 16.800001 2.400000 1.000000 0.195403 0.477960
2.400000 16.800001 3.200000 1.000000 0.199824 0.467677
2.400000 16.800001 4.000000 1.000000 0.203583 0.456210
2.400000 16.800001 4.800000 1.000000 0.206664 0.445425
2.400000 16.800001 5.600000 1.000000 0.209053 0.437576
2.400000 16.800001 6.400000 1.000000 0.210742 0.434530
2.400000 16.800001 7.200000 1.000000 0.211722 0.437028
2.400000 16.800001 8.000000 1.000000 0.211990 0.444396
2.400000 16.800001 8.800000 1.000000 0.211544 0.454849
2.400000 16.800001 9.600000 1.000000 0.210387 0.466208
2.400000 17.600000 0.000000 1.000000 0.166712 0.496017
2.400000 17.600000 0.800000 1.000000 0.172873 0.492950
2.400000 17.600000 1.600000 1.000000 0.178439 0.488141
2.400000 17.600000 2.400000 1.000000 0.183389 0.481287
2.400000 17.600000 3.200000 1.000000 0.187707 0.472564
2.400000 17.600000 4.000000 1.000000 0.191376 0.462866
2.400000 17.600000 4.800000 1.000000 0.194383 0.453793
2.400000 17.600000 5.600000 1.000000 0.196714 0.447257
2.400000 17.600000 6.400000 1.000000 0.198361 0.444823
2.400000 17.600000 7.200000 1.000000 0.199317 0.447085
2.400000 17.600000 8.000000 1.000000 0.199578 0.453429
2.400000 17.600000 8.800000 1.000000 0.199143 0.462318
2.400000 17.600000 9.600000 1.000000 0.198014 0.471905
2.400000 18.400000 0.000000 1.000000 0.154691 0.496683
2.400000 18.400000 0.800000 1.000000 0.160715 0.494117
2.400000 18.400000 1.600000 1.000000 0.166154 0.490092
2.400000 18.400000 2.400000 1.000000 0.170990 0.484359
2.400000 18.400000 3.200000 1.000000 0.175206 0.477076
2.400000 18.400000 4.000000 1.000000 0.178787 0.469004
2.400000 18.400000 4.800000 1.000000 0.181720 0.461491
2.400000 18.400000 5.600000 1.000000 0.183994 0.456136
2.400000 18.400000 6.400000 1.000000 0.185601 0.454230
2.400000 18.400000 7.200000 1.000000 0.186533 0.456237
2.400000 18.400000 8.000000 1.000000 0.186788 0.461613
2.400000 18.400000 8.800000 1.000000 0.186364 0.469054
2.400000 18.400000 9.600000 1.000000 0.185263 0.477017
2.400000 19.200001 0.000000 1.000000 0.142305 0.497279
2.400000 19.200001 0.800000 1.000000 0.148194 0.495167
2.400000 19.200001 1.600000 1.000000 0.153508 0.491851
2.400000 19.200001 2.400000 1.000000 0.158231 0.487132
2.400000 19.200001 3.200000 1.000000 0.162347 0.481147
2.400000 19.200001 4.000000 1.000000 0.165842 0.474533
2.400000 19.200001 4.800000 1.000000 0.168703 0.468410
2.400000 19.200001 5.600000 1.000000 0.170922 0.464093
2.400000 19.200001 6.400000 1.000000 0.172488 0.462629
2.400000 19.200001 7.200000 1.000000 0.173397 0.464376
2.400000 19.200001 8.000000 1.000000 0.173646 0.468858
2.400000 19.200001 8.800000 1.000000 0.173232 0.474989
2.400000 19.200001 9.600000 1.000000 0.172158 0.481501
2.400000 20.000000 0.000000 1.000000 0.129577 0.497802
2.400000 20.000000 0.800000 1.000000 0.135333 0.496090
2.400000 20.000000 1.600000 1.000000 0.140525 0.493402
2.400000 20.000000 2.400000 1.000000 0.145137 0.489579
2.400000 20.000000 3.200000 1.000000 0.149155 0.484738
2.400000 20.000000 4.000000 1.000000 0.152566 0.479405
2.400000 20.000000 4.800000 1.000000 0.155358 0.474493
2.400000 20.000000 5.600000 1.000000 0.157522 0.471067
2.400000 20.000000 6.400000 1.000000 0.159049 0.469965
2.400000 20.000000 7.200000 1.000000 0.159936 0.471455
2.400000 20.000000 8.000000 1.000000 0.160178 0.475133
2.400000 20.000000 8.800000 1.000000 0.159775 0.480106
2.400000 20.000000 9.600000 1.000000 0.158728 0.485347
3.200000 0.000000 0.000000 1.000000 0.297451 0.489826
3.200000 0.000000 0.800000 1.000000 0.305649 0.484377
3.200000 0.000000 1.600000 1.000000 0.313120 0.476505
3.200000 0.000000 2.400000 0.999976 0.319821 0.465835
3.200000 0.000000 3.200000 0.999400 0.325710 0.452554
3.200000 0.000000 4.000000 0.995571 0.330747 0.437770
3.200000 0.000000 4.800000 0.988447 0.334899 0.423600
3.200000 0.000000 5.600000 0.987918 0.338135 0.412782
3.200000 0.000000 6.400000 0.994901 0.340429 0.407819
3.200000 0.000000 7.200000 0.999226 0.341764 0.410005
3.200000 0.000000 8.000000 0.999965 0.342129 0.418877
3.200000 0.000000 8.800000 1.000000 0.341522 0.432400
3.200000 0.000000 9.600000 1.000000 0.339946 0.447788
3.200000 0.800000 0.000000 1.000000 0.300401 0.489043
3.200000 0.800000 0.800000 1.000000 0.308661 0.483082
3.200000 0.800000 1.600000 0.999998 0.316191 0.474436
3.200000 0.800000 2.400000 0.999804 0.322946 0.462675
3.200000 0.800000 3.200000 0.995930 0.328884 0.447996
3.200000 0.800000 4.000000 0.974586 0.333966 0.431613
3.200000 0.800000 4.800000 0.940324 0.338155 0.415863
3.200000 0.800000 5.600000 0.937933 0.341420 0.403778
3.200000 0.800000 6.400000 0.971149 0.343735 0.398141
3.200000 0.800000 7.200000 0.994849 0.345083 0.400412
3.200000 0.800000 8.000000 0.999718 0.345451 0.410108
3.200000 0.800000 8.800000 0.999996 0.344838 0.425003
3.200000 0.800000 9.600000 1.000000 0.343247 0.442021
3.200000 1.600000 0.000000 1.000000 0.302495 0.488308
3.200000 1.600000 0.800000 1.000000 0.310800 0.481841
3.200000 1.600000 1.600000 0.999993 0.318372 0.472420
3.200000 1.600000 2.400000 0.999474 0.325166 0.459561
3.200000 1.600000 3.200000 0.990164 0.331140 0.443468
3.200000 1.600000 4.000000 0.944392 0.336253 0.425464
3.200000 1.600000 4.800000 0.877578 0.340469 0.408109
3.200000 1.600000 5.600000 0.873105 0.343755 0.394735
3.200000 1.600000 6.400000 0.937412 0.346086 0.388409
3.200000 1.600000 7.200000 0.987685 0.347442 0.390760
3.200000 1.600000 8.000000 0.999249 0.347813 0.401285
3.200000 1.600000 8.800000 0.999716 0.347196 0.417564
3.200000 1.600000 9.600000 0.999962 0.345595 0.436228
3.200000 2.400000 0.000000 1.000000 0.303721 0.487637
3.200000 2.400000 0.800000 1.000000 0.312052 0.480683
3.200000 2.400000 1.600000 0.999993 0.319648 0.470505
3.200000 2.400000 2.400000 0.999494 0.326466 0.456565
3.200000 2.400000 3.200000 0.990509 0.332461 0.439073
3.200000 2.400000 4.000000 0.946103 0.337593 0.419462
3.200000 2.400000 4.800000 0.881002 0.341824 0.400514
3.200000 2.400000 5.600000 0.876635 0.345123 0.385861
3.200000 2.400000 6.400000 0.939314 0.347463 0.378853
3.200000 2.400000 7.200000 0.986168 0.348824 0.381282
3.200000 2.400000 8.000000 0.984850 0.349197 0.392626
3.200000 2.400000 8.800000 0.993209 0.348577 0.410272
3.200000 2.400000 9.600000 0.998888 0.346969 0.430561
3.200000 3.200000 0.000000 1.000000 0.304069 0.487051
3.200000 3.200000 0.800000 1.000000 0.312407 0.479639
3.200000 3.200000 1.600000 0.999998 0.320011 0.468740
3.200000 3.200000 2.400000 0.999827 0.326835 0.453763
3.200000 3.200000 3.200000 0.996361 0.332836 0.434924
3.200000 3.200000 4.000000 0.977020 0.337973 0.413761
3.200000 3.200000 4.800000 0.945643 0.342209 0.393278
3.200000 3.200000 5.600000 0.943443 0.345511 0.377394
3.200000 3.200000 6.400000 0.963571 0.347854 0.369734
3.200000 3.200000 7.200000 0.913403 0.349217 0.372244
3.200000 3.200000 8.000000 0.906440 0.349590 0.384381
3.200000 3.200000 8.800000 0.953123 0.348969 0.403343
3.200000 3.200000 9.600000 0.990689 0.347360 0.425190
3.200000 4.000000 0.000000 1.000000 0.303537 0.486566
3.200000 4.000000 0.800000 1.000000 0.311864 0.478738
3.200000 4.000000 1.600000 1.000000 0.319457 0.467176
3.200000 4.000000 2.400000 0.999981 0.326271 0.451236
3.200000 4.000000 3.200000 0.999509 0.332263 0.431140
3.200000 4.000000 4.000000 0.996324 0.337392 0.408530
3.200000 4.000000 4.800000 0.990323 0.341621 0.386617
3.200000 4.000000 5.600000 0.982350 0.344918 0.369594
3.200000 4.000000 6.400000 0.903926 0.347256 0.361337
3.200000 4.000000 7.200000 0.792870 0.348617 0.363936
3.200000 4.000000 8.000000 0.778502 0.348990 0.376821
3.200000 4.000000 8.800000 0.879500 0.348370 0.397010
3.200000 4.000000 9.600000 0.972533 0.346764 0.420300
3.200000 4.800000 0.000000 1.000000 0.302130 0.486197
3.200000 4.800000 0.800000 1.000000 0.310427 0.478010
3.200000 4.800000 1.600000 1.000000 0.317991 0.465864
3.200000 4.800000 2.400000 0.999999 0.324779 0.449066
3.200000 4.800000 3.200000 0.999981 0.330746 0.427846
3.200000 4.800000 4.000000 0.999823 0.335854 0.403943
3.200000 4.800000 4.800000 0.998764 0.340065 0.380757
3.200000 4.800000 5.600000 0.978243 0.343347 0.362728
3.200000 4.800000 6.400000 0.885243 0.345675 0.353959
3.200000 4.800000 7.200000 0.757965 0.347030 0.356657
3.200000 4.800000 8.000000 0.741778 0.347401 0.370223
3.200000 4.800000 8.800000 0.856890 0.346784 0.391511
3.200000 4.800000 9.600000 0.966371 0.345185 0.416081
3.200000 5.600000 0.000000 1.000000 0.299855 0.485959
3.200000 5.600000 0.800000 1.000000 0.308104 0.477482
3.200000 5.600000 1.600000 1.000000 0.315623 0.464851
3.200000 5.600000 2.400000 1.000000 0.322368 0.447333
3.200000 5.600000 3.200000 1.000000 0.328297 0.425165
3.200000 5.600000 4.000000 0.999993 0.333370 0.400171
3.200000 5.600000 4.800000 0.999419 0.337552 0.375921
3.200000 5.600000 5.600000 0.988749 0.340812 0.357065
3.200000 5.600000 6.400000 0.934808 0.343123 0.347891
3.200000 5.600000 7.200000 0.853279 0.344469 0.350702
3.200000 5.600000 8.000000 0.842387 0.344836 0.364862
3.200000 5.600000 8.800000 0.917309 0.344224 0.387078
3.200000 5.600000 9.600000 0.982251 0.342636 0.412713
3.200000 6.400000 0.000000 1.000000 0.296729 0.485862
3.200000 6.400000 0.800000 1.000000 0.304913 0.477176
3.200000 6.400000 1.600000 1.000000 0.312369 0.464181
3.200000 6.400000 2.400000 1.000000 0.319057 0.446108
3.200000 6.400000 3.200000 1.000000 0.324933 0.423207
3.200000 6.400000 4.000000 0.999997 0.329961 0.397374
3.200000 6.400000 4.800000 0.999906 0.334104 0.372316
3.200000 6.400000 5.600000 0.997799 0.337332 0.352849
3.200000 6.400000 6.400000 0.984714 0.339621 0.343403
3.200000 6.400000 7.200000 0.961170 0.340953 0.346339
3.200000 6.400000 8.000000 0.957758 0.341318 0.360983
3.200000 6.400000 8.800000 0.979981 0.340711 0.383921
3.200000 6.400000 9.600000 0.996387 0.339139 0.410360
3.200000 7.200000 0.000000 1.000000 0.292770 0.485912
3.200000 7.200000 0.800000 1.000000 0.300873 0.477108
3.200000 7.200000 1.600000 1.000000 0.308252 0.463886
3.200000 7.200000 2.400000 0.999998 0.314868 0.445454
3.200000 7.200000 3.200000 0.999966 0.320680 0.422069
3.200000 7.200000 4.000000 0.999778 0.325650 0.395689
3.200000 7.200000 4.800000 0.999519 0.329745 0.370119
3.200000 7.200000 5.600000 0.999627 0.332935 0.350292
3.200000 7.200000 6.400000 0.998836 0.335197 0.340722
3.200000 7.200000 7.200000 0.996612 0.336512 0.343795
3.200000 7.200000 8.000000 0.996262 0.336872 0.358793
3.200000 7.200000 8.800000 0.998419 0.336273 0.382209
3.200000 7.200000 9.600000 0.999767 0.334720 0.409149
3.200000 8.000000 0.000000 1.000000 0.288003 0.486113
3.200000 8.000000 0.800000 1.000000 0.296009 0.477291
3.200000 8.000000 1.600000 0.999999 0.303299 0.463992
3.200000 8.000000 2.400000 0.999955 0.309831 0.445413
3.200000 8.000000 3.200000 0.999203 0.315566 0.421824
3.200000 8.000000 4.000000 0.995647 0.320469 0.395220
3.200000 8.000000 4.800000 0.991319 0.324508 0.369467
3.200000 8.000000 5.600000 0.993085 0.327653 0.349552
3.200000 8.000000 6.400000 0.997868 0.329882 0.340018
3.200000 8.000000 7.200000 0.999778 0.331179 0.343234
3.200000 8.000000 8.000000 0.999916 0.331534 0.358435
3.200000 8.000000 8.800000 0.999968 0.330943 0.382059
3.200000 8.000000 9.600000 0.999996 0.329412 0.409169
3.200000 8.800000 0.000000 0.999999 0.282454 0.486462
3.200000 8.800000 0.800000 0.999999 0.290353 0.477724
3.200000 8.800000 1.600000 0.999993 0.297540 0.464508
3.200000 8.800000 2.400000 0.999627 0.303976 0.446010
3.200000 8.800000 3.200000 0.994506 0.309626 0.422513
3.200000 8.800000 4.000000 0.974128 0.314454 0.396029
3.200000 8.800000 4.800000 0.952132 0.318428 0.370439
3.200000 8.800000 5.600000 0.960867 0.321523 0.350722
3.200000 8.800000 6.400000 0.986439 0.323716 0.341385
3.200000 8.800000 7.200000 0.998327 0.324992 0.344742
3.200000 8.800000 8.000000 0.999941 0.325340 0.359982
3.200000 8.800000 8.800000 1.000000 0.324760 0.383526
3.200000 8.800000 9.600000 1.000000 0.323254 0.410454
3.200000 9.600000 0.000000 0.999882 0.276156 0.486953
3.200000 9.600000 0.800000 0.999843 0.283935 0.478403
3.200000 9.600000 1.600000 0.999927 0.291009 0.465431
3.200000 9.600000 2.400000 0.998977 0.297341 0.447247
3.200000 9.600000 3.200000 0.986439 0.302896 0.424144
3.200000 9.600000 4.000000 0.941672 0.307641 0.398130
3.200000 9.600000 4.800000 0.897039 0.311546 0.373052
3.200000 9.600000 5.600000 0.914440 0.314586 0.353818
3.200000 9.600000 6.400000 0.968125 0.316739 0.344832
3.200000 9.600000 7.200000 0.995647 0.317991 0.348319
3.200000 9.600000 8.000000 0.999829 0.318334 0.363423
3.200000 9.600000 8.800000 0.999998 0.317764 0.386590
3.200000 9.600000 9.600000 1.000000 0.316285 0.412983
3.200000 10.400001 0.000000 0.995775 0.269140 0.487572
3.200000 10.400001 0.800000 0.994554 0.276790 0.479311
3.200000 10.400001 1.600000 0.997255 0.283743 0.466742
3.200000 10.400001 2.400000 0.998977 0.289963 0.449100
3.200000 10.400001 3.200000 0.986439 0.295417 0.426687
3.200000 10.400001 4.000000 0.941672 0.300073 0.401485
3.200000 10.400001 4.800000 0.897039 0.303903 0.377257
3.200000 10.400001 5.600000 0.914440 0.306884 0.358773
3.200000 10.400001 6.400000 0.968125 0.308995 0.350279
3.200000 10.400001 7.200000 0.995647 0.310222 0.353874
3.200000 10.400001 8.000000 0.999829 0.310557 0.368665
3.200000 10.400001 8.800000 0.999998 0.309999 0.391163
3.200000 10.400001 9.600000 1.000000 0.308550 0.416675
3.200000 11.200000 0.000000 0.959547 0.261442 0.488305
3.200000 11.200000 0.800000 0.949668 0.268955 0.480425
3.200000 11.200000 1.600000 0.972210 0.275779 0.468407
3.200000 11.200000 2.400000 0.993933 0.281881 0.451521
3.200000 11.200000 3.200000 0.994506 0.287228 0.430076
3.200000 11.200000 4.000000 0.974128 0.291791 0.406003
3.200000 11.200000 4.800000 0.952132 0.295543 0.382934
3.200000 11.200000 5.600000 0.960867 0.298461 0.365442
3.200000 11.200000 6.400000 0.986439 0.300527 0.357558
3.200000 11.200000 7.200000 0.998327 0.301729 0.361229
3.200000 11.200000 8.000000 0.999941 0.302057 0.375530
3.200000 11.200000 8.800000 1.000000 0.301510 0.397084
3.200000 11.200000 9.600000 1.000000 0.300092 0.421400
3.200000 12.000000 0.000000 0.866349 0.253096 0.489131
3.200000 12.000000 0.800000 0.838588 0.260466 0.481715
3.200000 12.000000 1.600000 0.903788 0.267157 0.470379
3.200000 12.000000 2.400000 0.975613 0.273135 0.454440
3.200000 12.000000 3.200000 0.997964 0.278371 0.434209
3.200000 12.000000 4.000000 0.995647 0.282837 0.411544
3.200000 12.000000 4.800000 0.991319 0.286508 0.389902
3.200000 12.000000 5.600000 0.993085 0.289362 0.373605
3.200000 12.000000 6.400000 0.997868 0.291382 0.366423
3.200000 12.000000 7.200000 0.999778 0.292557 0.370126
3.200000 12.000000 8.000000 0.999993 0.292878 0.383775
3.200000 12.000000 8.800000 1.000000 0.292343 0.404138
3.200000 12.000000 9.600000 1.000000 0.290957 0.426981
3.200000 12.800000 0.000000 0.802628 0.244138 0.490027
3.200000 12.800000 0.800000 0.764763 0.251361 0.483143
3.200000 12.800000 1.600000 0.854958 0.257914 0.472598
3.200000 12.800000 2.400000 0.960788 0.263766 0.457766
3.200000 12.800000 3.200000 0.996479 0.268888 0.438955
3.200000 12.800000 4.000000 0.999778 0.273254 0.417927
3.200000 12.800000 4.800000 0.999519 0.276842 0.397929
3.200000 12.800000 5.600000 0.999627 0.279630 0.382984
3.200000 12.800000 6.400000 0.999899 0.281604 0.376563
3.200000 12.800000 7.200000 0.999991 0.282751 0.380249
3.200000 12.800000 8.000000 1.000000 0.283064 0.393097
3.200000 12.800000 8.800000 1.000000 0.282542 0.412063
3.200000 12.800000 9.600000 1.000000 0.281188 0.433208
3.200000 13.600000 0.000000 0.852103 0.234603 0.490968
3.200000 13.600000 0.800000 0.821954 0.241676 0.484667
3.200000 13.600000 1.600000 0.892998 0.248089 0.474999
3.200000 13.600000 2.400000 0.972448 0.253811 0.461395
3.200000 13.600000 3.200000 0.997658 0.258818 0.444161
3.200000 13.600000 4.000000 0.999949 0.263084 0.424942
3.200000 13.600000 4.800000 0.999993 0.266587 0.406743
3.200000 13.600000 5.600000 0.999995 0.269309 0.393255
3.200000 13.600000 6.400000 0.999999 0.271235 0.387625
3.200000 13.600000 7.200000 1.000000 0.272354 0.391238
3.200000 13.600000 8.000000 1.000000 0.272660 0.403165
3.200000 13.600000 8.800000 1.000000 0.272151 0.420572
3.200000 13.600000 9.600000 1.000000 0.270830 0.439855
3.200000 14.400001 0.000000 0.948950 0.224527 0.491930
3.200000 14.400001 0.800000 0.936793 0.231448 0.486244
3.200000 14.400001 1.600000 0.964658 0.237718 0.477509
3.200000 14.400001 2.400000 0.992090 0.243311 0.465216
3.200000 14.400001 3.200000 0.999428 0.248201 0.449661
3.200000 14.400001 4.000000 0.999989 0.252366 0.432361
3.200000 14.400001 4.800000 1.000000 0.255785 0.416054
3.200000 14.400001 5.600000 1.000000 0.258440 0.404075
3.200000 14.400001 6.400000 1.000000 0.260318 0.399233
3.200000 14.400001 7.200000 1.000000 0.261410 0.402719
3.200000 14.400001 8.000000 1.000000 0.261708 0.413630
3.200000 14.400001 8.800000 1.000000 0.261211 0.429372
3.200000 14.400001 9.600000 1.000000 0.259923 0.446691
3.200000 15.200000 0.000000 0.993671 0.213942 0.492887
3.200000 15.200000 0.800000 0.991885 0.220710 0.487832
3.200000 15.200000 1.600000 0.995855 0.226838 0.480056
3.200000 15.200000 2.400000 0.999227 0.232301 0.469114
3.200000 15.200000 3.200000 0.999955 0.237075 0.455287
3.200000 15.200000 4.000000 0.999999 0.241139 0.439952
3.200000 15.200000 4.800000 1.000000 0.244473 0.425567
3.200000 15.200000 5.600000 1.000000 0.247062 0.415099
3.200000 15.200000 6.400000 1.000000 0.248893 0.411016
3.200000 15.200000 7.200000 1.000000 0.249956 0.414323
3.200000 15.200000 8.000000 1.000000 0.250247 0.424157
3.200000 15.200000 8.800000 1.000000 0.249763 0.438179
3.200000 15.200000 9.600000 1.000000 0.248508 0.453498
3.200000 16.000000 0.000000 0.999783 0.202882 0.493819
3.200000 16.000000 0.800000 0.999713 0.209497 0.489391
3.200000 16.000000 1.600000 0.999866 0.215483 0.482573
3.200000 16.000000 2.400000 0.999979 0.220816 0.472981
3.200000 16.000000 3.200000 0.999999 0.225475 0.460878
3.200000 16.000000 4.000000 1.000000 0.229438 0.447494
3.200000 16.000000 4.800000 1.000000 0.232689 0.435002
3.200000 16.000000 5.600000 1.000000 0.235213 0.426002
3.200000 16.000000 6.400000 1.000000 0.236997 0.422628
3.200000 16.000000 7.200000 1.000000 0.238033 0.425709
3.200000 16.000000 8.000000 1.000000 0.238316 0.434440
3.200000 16.000000 8.800000 1.000000 0.237845 0.446740
3.200000 16.000000 9.600000 1.000000 0.236621 0.460080
3.200000 16.800001 0.000000 0.999998 0.191376 0.494704
3.200000 16.800001 0.800000 0.999998 0.197840 0.490884
3.200000 16.800001 1.600000 0.999999 0.203685 0.484997
3.200000 16.800001 2.400000 1.000000 0.208891 0.476718
3.200000 16.800001 3.200000 1.000000 0.213435 0.466288
3.200000 16.800001 4.000000 1.000000 0.217299 0.454789
3.200000 16.800001 4.800000 1.000000 0.220468 0.444111
3.200000 16.800001 5.600000 1.000000 0.222927 0.436497
3.200000 16.800001 6.400000 1.000000 0.224665 0.433764
3.200000 16.800001 7.200000 1.000000 0.225674 0.436584
3.200000 16.800001 8.000000 1.000000 0.225950 0.444216
3.200000 16.800001 8.800000 1.000000 0.225491 0.454840
3.200000 16.800001 9.600000 1.000000 0.224299 0.466277
3.200000 17.600000 0.000000 1.000000 0.179456 0.495528
3.200000 17.600000 0.800000 1.000000 0.185770 0.492283
3.200000 17.600000 1.600000 1.000000 0.191476 0.487279
3.200000 17.600000 2.400000 1.000000 0.196555 0.480243
3.200000 17.600000 3.200000 1.000000 0.200987 0.471395
3.200000 17.600000 4.000000 1.000000 0.204755 0.461668
3.200000 17.600000 4.800000 1.000000 0.207842 0.452684
3.200000 17.600000 5.600000 1.000000 0.210238 0.446347
3.200000 17.600000 6.400000 1.000000 0.211931 0.444178
3.200000 17.600000 7.200000 1.000000 0.212913 0.446711
3.200000 17.600000 8.000000 1.000000 0.213182 0.453278
3.200000 17.600000 8.800000 1.000000 0.212735 0.462313
3.200000 17.600000 9.600000 1.000000 0.211574 0.471967
3.200000 18.400000 0.000000 1.000000 0.167148 0.496279
3.200000 18.400000 0.800000 1.000000 0.173314 0.493565
3.200000 18.400000 1.600000 1.000000 0.178884 0.489377
3.200000 18.400000 2.400000 1.000000 0.183839 0.483492
3.200000 18.400000 3.200000 1.000000 0.188161 0.476103
3.200000 18.400000 4.000000 1.000000 0.191834 0.468004
3.200000 18.400000 4.800000 1.000000 0.194842 0.460563
3.200000 18.400000 5.600000 1.000000 0.197176 0.455372
3.200000 18.400000 6.400000 1.000000 0.198825 0.453686
3.200000 18.400000 7.200000 1.000000 0.199782 0.455919
3.200000 18.400000 8.000000 1.000000 0.200043 0.461482
3.200000 18.400000 8.800000 1.000000 0.199608 0.469046
3.200000 18.400000 9.600000 1.000000 0.198478 0.477067
3.200000 19.200001 0.000000 1.000000 0.154479 0.496950
3.200000 19.200001 0.800000 1.000000 0.160500 0.494715
3.200000 19.200001 1.600000 1.000000 0.165937 0.491264
3.200000 19.200001 2.400000 1.000000 0.170770 0.486419
3.200000 19.200001 3.200000 1.000000 0.174985 0.480345
3.200000 19.200001 4.000000 1.000000 0.178564 0.473708
3.200000 19.200001 4.800000 1.000000 0.181496 0.467642
3.200000 19.200001 5.600000 1.000000 0.183769 0.463456
3.200000 19.200001 6.400000 1.000000 0.185375 0.462172
3.200000 19.200001 7.200000 1.000000 0.186307 0.464104
3.200000 19.200001 8.000000 1.000000 0.186562 0.468742
3.200000 19.200001 8.800000 1.000000 0.186138 0.474976
3.200000 19.200001 9.600000 1.000000 0.185037 0.481537
3.200000 20.000000 0.000000 1.000000 0.141473 0.497537
3.200000 20.000000 0.800000 1.000000 0.147353 0.495725
3.200000 20.000000 1.600000 1.000000 0.152659 0.492927
3.200000 20.000000 2.400000 1.000000 0.157374 0.489001
3.200000 20.000000 3.200000 1.000000 0.161483 0.484086
3.200000 20.000000 4.000000 1.000000 0.164973 0.478731
3.200000 20.000000 4.800000 1.000000 0.167830 0.473862
3.200000 20.000000 5.600000 1.000000 0.170044 0.470540
3.200000 20.000000 6.400000 1.000000 0.171608 0.469581
3.200000 20.000000 7.200000 1.000000 0.172516 0.471222
3.200000 20.000000 8.000000 1.000000 0.172764 0.475027
3.200000 20.000000 8.800000 1.000000 0.172351 0.480086
3.200000 20.000000 9.600000 1.000000 0.171279 0.485369
4.000000 0.000000 0.000000 1.000000 0.313590 0.487705
4.000000 0.000000 0.800000 1.000000 0.322138 0.481592
4.000000 0.000000 1.600000 0.999988 0.329942 0.472968
4.000000 0.000000 2.400000 0.999135 0.336953 0.461514
4.000000 0.000000 3.200000 0.984776 0.343124 0.447511
4.000000 0.000000 4.000000 0.918683 0.348412 0.432176
4.000000 0.000000 4.800000 0.827585 0.352775 0.417722
4.000000 0.000000 5.600000 0.821641 0.356178 0.406940
4.000000 0.000000 6.400000 0.908930 0.358594 0.402322
4.000000 0.000000 7.200000 0.981055 0.360000 0.405094
4.000000 0.000000 8.000000 0.998772 0.360385 0.414693
4.000000 0.000000 8.800000 0.999980 0.359745 0.428984
4.000000 0.000000 9.600000 1.000000 0.358085 0.445103
4.000000 0.800000 0.000000 1.000000 0.316664 0.486813
4.000000 0.800000 0.800000 0.999999 0.325283 0.480158
4.000000 0.800000 1.600000 0.999900 0.333153 0.470729
4.000000 0.800000 2.400000 0.994290 0.340227 0.458163
4.000000 0.800000 3.200000 0.924044 0.346455 0.442757
4.000000 0.800000 4.000000 0.693138 0.351793 0.425841
4.000000 0.800000 4.800000 0.463598 0.356199 0.409847
4.000000 0.800000 5.600000 0.450885 0.359637 0.397855
4.000000 0.800000 6.400000 0.664881 0.362077 0.392624
4.000000 0.800000 7.200000 0.908199 0.363498 0.395532
4.000000 0.800000 8.000000 0.992109 0.363887 0.405987
4.000000 0.800000 8.800000 0.999838 0.363240 0.421659
4.000000 0.800000 9.600000 0.999988 0.361563 0.439401
4.000000 1.600000 0.000000 1.000000 0.318848 0.485988
4.000000 1.600000 0.800000 0.999999 0.327517 0.478804
4.000000 1.600000 1.600000 0.999726 0.335436 0.468579
4.000000 1.600000 2.400000 0.986413 0.342555 0.454903
4.000000 1.600000 3.200000 0.847513 0.348824 0.438090
4.000000 1.600000 4.000000 0.486011 0.354199 0.419583
4.000000 1.600000 4.800000 0.214080 0.358636 0.402038
4.000000 1.600000 5.600000 0.201457 0.362098 0.388823
4.000000 1.600000 6.400000 0.448157 0.364557 0.382969
4.000000 1.600000 7.200000 0.819053 0.365988 0.386007
4.000000 1.600000 8.000000 0.981521 0.366380 0.397315
4.000000 1.600000 8.800000 0.993726 0.365728 0.414370
4.000000 1.600000 9.600000 0.998979 0.364038 0.433734
4.000000 2.400000 0.000000 1.000000 0.320126 0.485251
4.000000 2.400000 0.800000 0.999999 0.328825 0.477562
4.000000 2.400000 1.600000 0.999737 0.336772 0.466567
4.000000 2.400000 2.400000 0.986880 0.343918 0.451810
4.000000 2.400000 3.200000 0.851634 0.350212 0.433618
4.000000 2.400000 4.000000 0.495749 0.355608 0.413546
4.000000 2.400000 4.800000 0.224115 0.360063 0.394472
4.000000 2.400000 5.600000 0.211372 0.363541 0.380053
4.000000 2.400000 6.400000 0.458184 0.366010 0.373587
4.000000 2.400000 7.200000 0.823797 0.367447 0.376751
4.000000 2.400000 8.000000 0.821587 0.367841 0.388896
4.000000 2.400000 8.800000 0.905217 0.367186 0.407303
4.000000 2.400000 9.600000 0.979226 0.365489 0.428254
4.000000 3.200000 0.000000 1.000000 0.320489 0.484622
4.000000 3.200000 0.800000 1.000000 0.329197 0.476465
4.000000 3.200000 1.600000 0.999912 0.337152 0.464747
4.000000 3.200000 2.400000 0.994886 0.344305 0.448964
4.000000 3.200000 3.200000 0.930646 0.350606 0.429455
4.000000 3.200000 4.000000 0.714149 0.356008 0.407886
4.000000 3.200000 4.800000 0.493114 0.360469 0.387351
4.000000 3.200000 5.600000 0.480691 0.363951 0.371783
4.000000 3.200000 6.400000 0.659941 0.366423 0.364736
4.000000 3.200000 7.200000 0.404730 0.367862 0.368026
4.000000 3.200000 8.000000 0.377616 0.368256 0.380973
4.000000 3.200000 8.800000 0.595780 0.367600 0.400669
4.000000 3.200000 9.600000 0.877980 0.365901 0.423128
4.000000 4.000000 0.000000 1.000000 0.319935 0.484120
4.000000 4.000000 0.800000 1.000000 0.328629 0.475546
4.000000 4.000000 1.600000 0.999990 0.336572 0.463171
4.000000 4.000000 2.400000 0.999291 0.343714 0.446446
4.000000 4.000000 3.200000 0.987210 0.350004 0.425722
4.000000 4.000000 4.000000 0.930070 0.355397 0.402771
4.000000 4.000000 4.800000 0.849409 0.359850 0.380888
4.000000 4.000000 5.600000 0.799581 0.363325 0.364266
4.000000 4.000000 6.400000 0.368204 0.365792 0.356694
4.000000 4.000000 7.200000 0.096229 0.367229 0.360112
4.000000 4.000000 8.000000 0.076351 0.367622 0.373806
4.000000 4.000000 8.800000 0.286049 0.366967 0.394693
4.000000 4.000000 9.600000 0.721844 0.365272 0.418533
4.000000 4.800000 0.000000 1.000000 0.318467 0.483760
4.000000 4.800000 0.800000 0.999999 0.327127 0.474833
4.000000 4.800000 1.600000 0.999981 0.335037 0.461890
4.000000 4.800000 2.400000 0.999844 0.342148 0.444338
4.000000 4.800000 3.200000 0.999283 0.348410 0.422543
4.000000 4.800000 4.000000 0.994782 0.353778 0.398371
4.000000 4.800000 4.800000 0.977231 0.358210 0.375301
4.000000 4.800000 5.600000 0.765545 0.361668 0.357760
4.000000 4.800000 6.400000 0.303948 0.364123 0.349743
4.000000 4.800000 7.200000 0.052517 0.365553 0.353294
4.000000 4.800000 8.000000 0.037244 0.365944 0.367661
4.000000 4.800000 8.800000 0.222978 0.365293 0.389599
4.000000 4.800000 9.600000 0.678513 0.363606 0.414647
4.000000 5.600000 0.000000 1.000000 0.316095 0.483557
4.000000 5.600000 0.800000 1.000000 0.324701 0.474354
4.000000 5.600000 1.600000 0.999988 0.332559 0.460951
4.000000 5.600000 2.400000 0.999897 0.339621 0.442719
4.000000 5.600000 3.200000 0.999714 0.345839 0.420034
4.000000 5.600000 4.000000 0.999637 0.351167 0.394849
4.000000 5.600000 4.800000 0.988202 0.355565 0.370803
4.000000 5.600000 5.600000 0.858340 0.358997 0.352518
4.000000 5.600000 6.400000 0.498950 0.361432 0.344159
4.000000 5.600000 7.200000 0.213912 0.362851 0.347848
4.000000 5.600000 8.000000 0.188101 0.363239 0.362792
4.000000 5.600000 8.800000 0.420647 0.362593 0.385603
4.000000 5.600000 9.600000 0.798727 0.360919 0.411637
4.000000 6.400000 0.000000 1.000000 0.312838 0.483519
4.000000 6.400000 0.800000 1.000000 0.321370 0.474129
4.000000 6.400000 1.600000 0.999998 0.329157 0.460394
4.000000 6.400000 2.400000 0.999977 0.336153 0.441655
4.000000 6.400000 3.200000 0.999934 0.342310 0.418301
4.000000 6.400000 4.000000 0.999936 0.347585 0.392356
4.000000 6.400000 4.800000 0.997683 0.351938 0.367586
4.000000 6.400000 5.600000 0.962736 0.355333 0.348769
4.000000 6.400000 6.400000 0.820365 0.357743 0.340190
4.000000 6.400000 7.200000 0.644509 0.359146 0.344022
4.000000 6.400000 8.000000 0.623312 0.359530 0.359424
4.000000 6.400000 8.800000 0.779652 0.358891 0.382896
4.000000 6.400000 9.600000 0.943504 0.357235 0.409649
4.000000 7.200000 0.000000 1.000000 0.308716 0.483652
4.000000 7.200000 0.800000 1.000000 0.317156 0.474173
4.000000 7.200000 1.600000 1.000000 0.324856 0.460249
4.000000 7.200000 2.400000 0.999998 0.331770 0.441202
4.000000 7.200000 3.200000 0.999995 0.337853 0.417432
4.000000 7.200000 4.000000 0.999995 0.343062 0.391016
4.000000 7.200000 4.800000 0.999857 0.347359 0.365814
4.000000 7.200000 5.600000 0.996770 0.350710 0.346704
4.000000 7.200000 6.400000 0.978393 0.353087 0.338043
4.000000 7.200000 7.200000 0.946450 0.354471 0.342017
4.000000 7.200000 8.000000 0.941893 0.354850 0.357741
4.000000 7.200000 8.800000 0.971888 0.354219 0.381627
4.000000 7.200000 9.600000 0.994741 0.352586 0.408799
4.000000 8.000000 0.000000 1.000000 0.303757 0.483956
4.000000 8.000000 0.800000 1.000000 0.312088 0.474491
4.000000 8.000000 1.600000 1.000000 0.319686 0.460535
4.000000 8.000000 2.400000 1.000000 0.326504 0.441398
4.000000 8.000000 3.200000 0.999993 0.332500 0.417489
4.000000 8.000000 4.000000 0.999955 0.337632 0.390921
4.000000 8.000000 4.800000 0.999899 0.341864 0.365606
4.000000 8.000000 5.600000 0.999923 0.345163 0.346462
4.000000 8.000000 6.400000 0.999360 0.347503 0.337865
4.000000 8.000000 7.200000 0.998092 0.348865 0.341977
4.000000 8.000000 8.000000 0.997891 0.349238 0.357865
4.000000 8.000000 8.800000 0.999126 0.348617 0.381895
4.000000 8.000000 9.600000 0.999876 0.347010 0.409157
4.000000 8.800000 0.000000 0.999973 0.297991 0.484425
4.000000 8.800000 0.800000 0.999963 0.306201 0.475083
4.000000 8.800000 1.600000 0.999983 0.313682 0.461257
4.000000 8.800000 2.400000 0.999997 0.320393 0.442259
4.000000 8.800000 3.200000 0.999941 0.326290 0.418504
4.000000 8.800000 4.000000 0.999627 0.331336 0.392122
4.000000 8.800000 4.800000 0.999203 0.335495 0.367025
4.000000 8.800000 5.600000 0.999380 0.338736 0.348118
4.000000 8.800000 6.400000 0.999829 0.341034 0.339730
4.000000 8.800000 7.200000 0.999985 0.342371 0.343967
4.000000 8.800000 8.000000 0.999985 0.342737 0.359850
4.000000 8.800000 8.800000 0.999995 0.342128 0.383736
4.000000 8.800000 9.600000 0.999999 0.340550 0.410743
4.000000 9.600000 0.000000 0.996971 0.291453 0.485049
4.000000 9.600000 0.800000 0.996081 0.299529 0.475937
4.000000 9.600000 1.600000 0.998045 0.306883 0.462406
4.000000 9.600000 2.400000 0.999652 0.313476 0.443778
4.000000 9.600000 3.200000 0.999829 0.319266 0.420476
4.000000 9.600000 4.000000 0.998977 0.324218 0.394618
4.000000 9.600000 4.800000 0.997868 0.328297 0.370075
4.000000 9.600000 5.600000 0.998327 0.331474 0.351670
4.000000 9.600000 6.400000 0.999519 0.333727 0.343631
4.000000 9.600000 7.200000 0.999955 0.335037 0.347970
4.000000 9.600000 8.000000 0.999999 0.335396 0.363670
4.000000 9.600000 8.800000 1.000000 0.334799 0.387119
4.000000 9.600000 9.600000 1.000000 0.333252 0.413526
4.000000 10.400001 0.000000 0.932480 0.284179 0.485812
4.000000 10.400001 0.800000 0.916931 0.292111 0.477034
4.000000 10.400001 1.600000 0.952784 0.299329 0.463957
4.000000 10.400001 2.400000 0.989085 0.305795 0.445925
4.000000 10.400001 3.200000 0.999181 0.311471 0.423365
4.000000 10.400001 4.000000 0.998977 0.316322 0.398360
4.000000 10.400001 4.800000 0.997868 0.320316 0.374691
4.000000 10.400001 5.600000 0.998327 0.323427 0.357040
4.000000 10.400001 6.400000 0.999519 0.325631 0.349473
4.000000 10.400001 7.200000 0.999955 0.326913 0.353882
4.000000 10.400001 8.000000 0.999999 0.327264 0.369219
4.000000 10.400001 8.800000 1.000000 0.326680 0.391945
4.000000 10.400001 9.600000 1.000000 0.325166 0.417419
4.000000 11.200000 0.000000 0.621359 0.276208 0.486695
4.000000 11.200000 0.800000 0.561960 0.283987 0.478345
4.000000 11.200000 1.600000 0.708663 0.291062 0.465869
4.000000 11.200000 2.400000 0.909339 0.297395 0.448644
4.000000 11.200000 3.200000 0.990503 0.302951 0.427096
4.000000 11.200000 4.000000 0.999627 0.307697 0.403248
4.000000 11.200000 4.800000 0.999203 0.311602 0.380747
4.000000 11.200000 5.600000 0.999380 0.314642 0.364073
4.000000 11.200000 6.400000 0.999829 0.316796 0.357082
4.000000 11.200000 7.200000 0.999985 0.318048 0.361519
4.000000 11.200000 8.000000 1.000000 0.318391 0.376316
4.000000 11.200000 8.800000 1.000000 0.317821 0.398050
4.000000 11.200000 9.600000 1.000000 0.316342 0.422286
4.000000 12.000000 0.000000 0.231845 0.267576 0.487675
4.000000 12.000000 0.800000 0.164567 0.275198 0.479834
4.000000 12.000000 1.600000 0.351144 0.282124 0.468090
4.000000 12.000000 2.400000 0.734853 0.288320 0.451858
4.000000 12.000000 3.200000 0.963270 0.293752 0.431560
4.000000 12.000000 4.000000 0.998760 0.298389 0.409137
4.000000 12.000000 4.800000 0.999899 0.302203 0.388055
4.000000 12.000000 5.600000 0.999923 0.305170 0.372545
4.000000 12.000000 6.400000 0.999980 0.307272 0.366207
4.000000 12.000000 7.200000 0.999998 0.308494 0.370622
4.000000 12.000000 8.000000 1.000000 0.308828 0.384715
4.000000 12.000000 8.800000 1.000000 0.308272 0.405218
4.000000 12.000000 9.600000 1.000000 0.306829 0.427952
4.000000 12.800000 0.000000 0.098427 0.258325 0.488724
4.000000 12.800000 0.800000 0.049768 0.265784 0.481460
4.000000 12.800000 1.600000 0.202326 0.272558 0.470555
4.000000 12.800000 2.400000 0.629306 0.278613 0.455471
4.000000 12.800000 3.200000 0.941909 0.283918 0.436621
4.000000 12.800000 4.000000 0.997832 0.288444 0.415839
4.000000 12.800000 4.800000 0.999984 0.292165 0.396378
4.000000 12.800000 5.600000 0.999997 0.295059 0.382174
4.000000 12.800000 6.400000 0.999999 0.297108 0.376539
4.000000 12.800000 7.200000 1.000000 0.298299 0.380877
4.000000 12.800000 8.000000 1.000000 0.298624 0.394121
4.000000 12.800000 8.800000 1.000000 0.298082 0.413192
4.000000 12.800000 9.600000 1.000000 0.296676 0.434211
4.000000 13.600000 0.000000 0.195357 0.248490 0.489815
4.000000 13.600000 0.800000 0.131296 0.255784 0.483177
4.000000 13.600000 1.600000 0.312858 0.262403 0.473193
4.000000 13.600000 2.400000 0.710449 0.268316 0.459375
4.000000 13.600000 3.200000 0.958671 0.273493 0.442121
4.000000 13.600000 4.000000 0.998570 0.277907 0.423142
4.000000 13.600000 4.800000 0.999990 0.281534 0.405447
4.000000 13.600000 5.600000 0.999999 0.284354 0.392643
4.000000 13.600000 6.400000 0.999998 0.286350 0.387730
4.000000 13.600000 7.200000 0.999998 0.287510 0.391933
4.000000 13.600000 8.000000 1.000000 0.287827 0.404207
4.000000 13.600000 8.800000 1.000000 0.287299 0.421694
4.000000 13.600000 9.600000 1.000000 0.285930 0.440844
4.000000 14.400001 0.000000 0.557891 0.238111 0.490920
4.000000 14.400001 0.800000 0.493342 0.245238 0.484940
4.000000 14.400001 1.600000 0.654880 0.251701 0.475929
4.000000 14.400001 2.400000 0.887846 0.257471 0.463454
4.000000 14.400001 3.200000 0.987697 0.262520 0.447892
4.000000 14.400001 4.000000 0.999660 0.266822 0.430818
4.000000 14.400001 4.800000 0.999998 0.270356 0.414972
4.000000 14.400001 5.600000 0.999997 0.273102 0.403612
4.000000 14.400001 6.400000 0.999993 0.275045 0.399414
4.000000 14.400001 7.200000 0.999994 0.276174 0.403424
4.000000 14.400001 8.000000 0.999999 0.276482 0.414638
4.000000 14.400001 8.800000 1.000000 0.275969 0.430440
4.000000 14.400001 9.600000 1.000000 0.274636 0.447628
4.000000 15.200000 0.000000 0.906195 0.227222 0.492014
4.000000 15.200000 0.800000 0.885548 0.234183 0.486703
4.000000 15.200000 1.600000 0.933540 0.240490 0.478689
4.000000 15.200000 2.400000 0.983983 0.246117 0.467591
4.000000 15.200000 3.200000 0.998738 0.251038 0.453765
4.000000 15.200000 4.000000 0.999974 0.255229 0.438636
4.000000 15.200000 4.800000 1.000000 0.258670 0.424662
4.000000 15.200000 5.600000 0.999997 0.261343 0.414744
4.000000 15.200000 6.400000 0.999992 0.263234 0.411229
4.000000 15.200000 7.200000 0.999994 0.264333 0.414995
4.000000 15.200000 8.000000 0.999998 0.264633 0.425092
4.000000 15.200000 8.800000 1.000000 0.264133 0.439160
4.000000 15.200000 9.600000 1.000000 0.262836 0.454355
4.000000 16.000000 0.000000 0.994775 0.215858 0.493071
4.000000 16.000000 0.800000 0.993283 0.222653 0.488424
4.000000 16.000000 1.600000 0.996591 0.228806 0.481402
4.000000 16.000000 2.400000 0.999372 0.234292 0.471678
4.000000 16.000000 3.200000 0.999964 0.239087 0.459578
4.000000 16.000000 4.000000 0.999999 0.243168 0.446376
4.000000 16.000000 4.800000 1.000000 0.246518 0.434244
4.000000 16.000000 5.600000 0.999999 0.249118 0.425722
4.000000 16.000000 6.400000 0.999997 0.250958 0.422841
4.000000 16.000000 7.200000 0.999998 0.252026 0.426319
4.000000 16.000000 8.000000 0.999999 0.252318 0.435274
4.000000 16.000000 8.800000 1.000000 0.251832 0.447611
4.000000 16.000000 9.600000 1.000000 0.250570 0.460840
4.000000 16.800001 0.000000 0.999940 0.204051 0.494072
4.000000 16.800001 0.800000 0.999919 0.210682 0.490065
4.000000 16.800001 1.600000 0.999963 0.216683 0.484005
4.000000 16.800001 2.400000 0.999995 0.222030 0.475613
4.000000 16.800001 3.200000 1.000000 0.226700 0.465187
4.000000 16.800001 4.000000 1.000000 0.230674 0.453843
4.000000 16.800001 4.800000 1.000000 0.233934 0.443472
4.000000 16.800001 5.600000 1.000000 0.236464 0.436267
4.000000 16.800001 6.400000 1.000000 0.238253 0.433954
4.000000 16.800001 7.200000 1.000000 0.239292 0.437112
4.000000 16.800001 8.000000 1.000000 0.239576 0.444934
4.000000 16.800001 8.800000 1.000000 0.239103 0.455589
4.000000 16.800001 9.600000 1.000000 0.237876 0.466931
4.000000 17.600000 0.000000 1.000000 0.191833 0.495000
4.000000 17.600000 0.800000 1.000000 0.198303 0.491597
4.000000 17.600000 1.600000 1.000000 0.204154 0.486446
4.000000 17.600000 2.400000 1.000000 0.209364 0.479316
4.000000 17.600000 3.200000 1.000000 0.213913 0.470469
4.000000 17.600000 4.000000 1.000000 0.217781 0.460872
4.000000 17.600000 4.800000 1.000000 0.220953 0.452145
4.000000 17.600000 5.600000 1.000000 0.223414 0.446149
4.000000 17.600000 6.400000 1.000000 0.225154 0.444332
4.000000 17.600000 7.200000 1.000000 0.226164 0.447149
4.000000 17.600000 8.000000 1.000000 0.226440 0.453877
4.000000 17.600000 8.800000 1.000000 0.225981 0.462939
4.000000 17.600000 9.600000 1.000000 0.224788 0.472514
4.000000 18.400000 0.000000 1.000000 0.179233 0.495842
4.000000 18.400000 0.800000 1.000000 0.185544 0.492997
4.000000 18.400000 1.600000 1.000000 0.191248 0.488686
4.000000 18.400000 2.400000 1.000000 0.196325 0.482721
4.000000 18.400000 3.200000 1.000000 0.200755 0.475331
4.000000 18.400000 4.000000 1.000000 0.204520 0.467337
4.000000 18.400000 4.800000 1.000000 0.207607 0.460106
4.000000 18.400000 5.600000 1.000000 0.210001 0.455196
4.000000 18.400000 6.400000 1.000000 0.211693 0.453800
4.000000 18.400000 7.200000 1.000000 0.212675 0.456268
4.000000 18.400000 8.000000 1.000000 0.212944 0.461965
4.000000 18.400000 8.800000 1.000000 0.212497 0.469553
4.000000 18.400000 9.600000 1.000000 0.211337 0.477512
4.000000 19.200001 0.000000 1.000000 0.166277 0.496593
4.000000 19.200001 0.800000 1.000000 0.172433 0.494250
4.000000 19.200001 1.600000 1.000000 0.177994 0.490698
4.000000 19.200001 2.400000 1.000000 0.182940 0.485785
4.000000 19.200001 3.200000 1.000000 0.187254 0.479707
4.000000 19.200001 4.000000 1.000000 0.190920 0.473152
4.000000 19.200001 4.800000 1.000000 0.193924 0.467254
4.000000 19.200001 5.600000 1.000000 0.196253 0.463296
4.000000 19.200001 6.400000 1.000000 0.197899 0.462246
4.000000 19.200001 7.200000 1.000000 0.198854 0.464370
4.000000 19.200001 8.000000 1.000000 0.199115 0.469119
4.000000 19.200001 8.800000 1.000000 0.198680 0.475375
4.000000 19.200001 9.600000 1.000000 0.197552 0.481889
4.000000 20.000000 0.000000 1.000000 0.152990 0.497249
4.000000 20.000000 0.800000 1.000000 0.158995 0.495350
4.000000 20.000000 1.600000 1.000000 0.164417 0.492469
4.000000 20.000000 2.400000 1.000000 0.169237 0.488485
4.000000 20.000000 3.200000 1.000000 0.173439 0.483564
4.000000 20.000000 4.000000 1.000000 0.177008 0.478271
4.000000 20.000000 4.800000 1.000000 0.179931 0.473534
4.000000 20.000000 5.600000 1.000000 0.182197 0.470392
4.000000 20.000000 6.400000 1.000000 0.183798 0.469621
4.000000 20.000000 7.200000 1.000000 0.184727 0.471416
4.000000 20.000000 8.000000 1.000000 0.184981 0.475312
4.000000 20.000000 8.800000 1.000000 0.184558 0.480391
4.000000 20.000000 9.600000 1.000000 0.183461 0.485640
4.800000 0.000000 0.000000 0.999997 0.329491 0.485244
4.800000 0.000000 0.800000 0.999918 0.338416 0.478435
4.800000 0.000000 1.600000 0.999279 0.346579 0.469055
4.800000 0.000000 2.400000 0.991356 0.353926 0.456859
4.800000 0.000000 3.200000 0.893539 0.360406 0.442231
4.800000 0.000000 4.000000 0.603308 0.365967 0.426493
4.800000 0.000000 4.800000 0.346188 0.370562 0.411935
4.800000 0.000000 5.600000 0.332876 0.374152 0.401369
4.800000 0.000000 6.400000 0.570029 0.376701 0.397236
4.800000 0.000000 7.200000 0.872387 0.378187 0.400669
4.800000 0.000000 8.000000 0.988141 0.378593 0.410995
4.800000 0.000000 8.800000 0.999741 0.377917 0.425992
4.800000 0.000000 9.600000 0.999999 0.376164 0.442746
4.800000 0.800000 0.000000 0.999993 0.332699 0.484234
4.800000 0.800000 0.800000 0.999789 0.341703 0.476856
4.800000 0.800000 1.600000 0.998257 0.349943 0.466650
4.800000 0.800000 2.400000 0.953798 0.357362 0.453336
4.800000 0.800000 3.200000 0.622359 0.363908 0.437320
4.800000 0.800000 4.000000 0.119104 0.369528 0.420045
4.800000 0.800000 4.800000 nan nan nan
4.800000 0.800000 5.600000 nan nan nan
4.800000 0.800000 6.400000 0.088199 0.380382 0.387654
4.800000 0.800000 7.200000 0.567602 0.381885 0.391279
4.800000 0.800000 8.000000 0.938937 0.382296 0.402484
4.800000 0.800000 8.800000 0.998140 0.381612 0.418855
4.800000 0.800000 9.600000 0.999880 0.379838 0.437199
4.800000 1.600000 0.000000 0.999993 0.334978 0.483314
4.800000 1.600000 0.800000 0.999811 0.344040 0.475388
4.800000 1.600000 1.600000 0.996972 0.352335 0.464374
4.800000 1.600000 2.400000 0.903197 0.359807 0.449956
4.800000 1.600000 3.200000 0.393505 0.366401 0.432563
4.800000 1.600000 4.000000 0.000032 0.372063 0.413754
4.800000 1.600000 4.800000 nan nan nan
4.800000 1.600000 5.600000 nan nan nan
4.800000 1.600000 6.400000 nan nan nan
4.800000 1.600000 7.200000 0.327190 0.384520 0.382031
4.800000 1.600000 8.000000 0.874980 0.384935 0.394107
4.800000 1.600000 8.800000 0.959206 0.384244 0.411838
4.800000 1.600000 9.600000 0.992035 0.382456 0.431757
4.800000 2.400000 0.000000 0.999994 0.336313 0.482510
4.800000 2.400000 0.800000 0.999942 0.345409 0.474067
4.800000 2.400000 1.600000 0.997084 0.353737 0.462283
4.800000 2.400000 2.400000 0.905993 0.361240 0.446799
4.800000 2.400000 3.200000 0.403830 0.367862 0.428069
4.800000 2.400000 4.000000 0.000444 0.373550 0.407766
4.800000 2.400000 4.800000 nan nan nan
4.800000 2.400000 5.600000 nan nan nan
4.800000 2.400000 6.400000 nan nan nan
4.800000 2.400000 7.200000 0.337664 0.386065 0.373157
4.800000 2.400000 8.000000 0.400169 0.386482 0.386076
4.800000 2.400000 8.800000 0.614262 0.385788 0.405125
4.800000 2.400000 9.600000 0.885306 0.383991 0.426568
4.800000 3.200000 0.000000 0.999974 0.336692 0.481842
4.800000 3.200000 0.800000 0.999954 0.345798 0.472929
4.800000 3.200000 1.600000 0.998940 0.354135 0.460430
4.800000 3.200000 2.400000 0.958016 0.361647 0.443947
4.800000 3.200000 3.200000 0.646614 0.368277 0.423955
4.800000 3.200000 4.000000 0.145500 0.373972 0.402239
4.800000 3.200000 4.800000 0.000285 0.378682 0.381948
4.800000 3.200000 5.600000 nan nan nan
4.800000 3.200000 6.400000 0.112239 0.384980 0.360748
4.800000 3.200000 7.200000 nan nan nan
4.800000 3.200000 8.000000 nan nan nan
4.800000 3.200000 8.800000 0.073166 0.386227 0.398918
4.800000 3.200000 9.600000 0.536756 0.384428 0.421791
4.800000 4.000000 0.000000 0.999962 0.336113 0.481331
4.800000 4.000000 0.800000 0.999929 0.345204 0.472007
4.800000 4.000000 1.600000 0.998480 0.353527 0.458869
4.800000 4.000000 2.400000 0.990243 0.361025 0.441484
4.800000 4.000000 3.200000 0.907986 0.367643 0.420342
4.800000 4.000000 4.000000 0.644463 0.373327 0.397335
4.800000 4.000000 4.800000 0.398230 0.378028 0.375805
4.800000 4.000000 5.600000 0.339407 0.381701 0.359887
4.800000 4.000000 6.400000 nan nan nan
4.800000 4.000000 7.200000 nan nan nan
4.800000 4.000000 8.000000 nan nan nan
4.800000 4.000000 8.800000 nan nan nan
4.800000 4.000000 9.600000 0.218532 0.383761 0.417591
4.800000 4.800000 0.000000 0.999981 0.334580 0.480993
4.800000 4.800000 0.800000 0.999865 0.343632 0.471330
4.800000 4.800000 1.600000 0.997279 0.351917 0.457651
4.800000 4.800000 2.400000 0.983391 0.359380 0.439487
4.800000 4.800000 3.200000 0.962117 0.365965 0.417347
4.800000 4.800000 4.000000 0.957279 0.371620 0.393216
4.800000 4.800000 4.800000 0.789267 0.376296 0.370611
4.800000 4.800000 5.600000 0.289890 0.379950 0.353882
4.800000 4.800000 6.400000 nan nan nan
4.800000 4.800000 7.200000 nan nan nan
4.800000 4.800000 8.000000 nan nan nan
4.800000 4.800000 8.800000 nan nan nan
4.800000 4.800000 9.600000 0.158977 0.381999 0.414132
4.800000 5.600000 0.000000 0.999997 0.332105 0.480840
4.800000 5.600000 0.800000 0.999911 0.341095 0.470923
4.800000 5.600000 1.600000 0.998146 0.349320 0.456821
4.800000 5.600000 2.400000 0.988291 0.356726 0.438031
4.800000 5.600000 3.200000 0.972741 0.363260 0.415079
4.800000 5.600000 4.000000 0.973234 0.368868 0.390035
4.800000 5.600000 4.800000 0.896360 0.373505 0.366563
4.800000 5.600000 5.600000 0.485857 0.377127 0.349191
4.800000 5.600000 6.400000 0.015199 0.379700 0.341886
4.800000 5.600000 7.200000 nan nan nan
4.800000 5.600000 8.000000 nan nan nan
4.800000 5.600000 8.800000 0.000023 0.380927 0.385405
4.800000 5.600000 9.600000 0.352433 0.379158 0.411563
4.800000 6.400000 0.000000 1.000000 0.328707 0.480881
4.800000 6.400000 0.800000 0.999981 0.337612 0.470805
4.800000 6.400000 1.600000 0.999539 0.345757 0.456413
4.800000 6.400000 2.400000 0.996762 0.353087 0.437177
4.800000 6.400000 3.200000 0.991968 0.359550 0.413637
4.800000 6.400000 4.000000 0.992125 0.365097 0.387929
4.800000 6.400000 4.800000 0.979397 0.369680 0.363837
4.800000 6.400000 5.600000 0.813854 0.373260 0.346022
4.800000 6.400000 6.400000 0.397516 0.375803 0.338557
4.800000 6.400000 7.200000 0.119449 0.377284 0.343370
4.800000 6.400000 8.000000 0.097853 0.377690 0.359448
4.800000 6.400000 8.800000 0.315549 0.377015 0.383236
4.800000 6.400000 9.600000 0.740269 0.375267 0.410012
4.800000 7.200000 0.000000 1.000000 0.324411 0.481117
4.800000 7.200000 0.800000 0.999999 0.333212 0.470987
4.800000 7.200000 1.600000 0.999963 0.341256 0.456453
4.800000 7.200000 2.400000 0.999700 0.348493 0.436973
4.800000 7.200000 3.200000 0.999190 0.354870 0.413096
4.800000 7.200000 4.000000 0.999207 0.360340 0.387009
4.800000 7.200000 4.800000 0.998707 0.364859 0.362575
4.800000 7.200000 5.600000 0.977388 0.368386 0.344543
4.800000 7.200000 6.400000 0.881447 0.370892 0.337040
4.800000 7.200000 7.200000 0.751005 0.372351 0.341997
4.800000 7.200000 8.000000 0.734472 0.372750 0.358353
4.800000 7.200000 8.800000 0.852316 0.372085 0.382478
4.800000 7.200000 9.600000 0.965094 0.370363 0.409574
4.800000 8.000000 0.000000 0.999999 0.319247 0.481545
4.800000 8.000000 0.800000 0.999999 0.327926 0.471470
4.800000 8.000000 1.600000 0.999999 0.335854 0.456955
4.800000 8.000000 2.400000 0.999992 0.342980 0.437448
4.800000 8.000000 3.200000 0.999977 0.349258 0.413507
4.800000 8.000000 4.000000 0.999978 0.354639 0.387349
4.800000 8.000000 4.800000 0.999974 0.359082 0.362876
4.800000 8.000000 5.600000 0.999325 0.362549 0.344869
4.800000 8.000000 6.400000 0.994812 0.365011 0.337456
4.800000 8.000000 7.200000 0.985928 0.366444 0.342540
4.800000 8.000000 8.000000 0.984588 0.366836 0.359013
4.800000 8.000000 8.800000 0.993086 0.366183 0.383205
4.800000 8.000000 9.600000 0.998866 0.364492 0.410301
4.800000 8.800000 0.000000 0.999708 0.313251 0.482157
4.800000 8.800000 0.800000 0.999613 0.321791 0.472248
4.800000 8.800000 1.600000 0.999818 0.329588 0.457917
4.800000 8.800000 2.400000 0.999971 0.336592 0.438610
4.800000 8.800000 3.200000 0.999999 0.342757 0.414891
4.800000 8.800000 4.000000 0.999999 0.348039 0.388984
4.800000 8.800000 4.800000 0.999998 0.352397 0.364787
4.800000 8.800000 5.600000 0.999996 0.355797 0.347052
4.800000 8.800000 6.400000 0.999958 0.358210 0.339855
4.800000 8.800000 7.200000 0.999863 0.359615 0.345041
4.800000 8.800000 8.000000 0.999848 0.359999 0.361459
4.800000 8.800000 8.800000 0.999941 0.359359 0.385438
4.800000 8.800000 9.600000 0.999993 0.357701 0.412200
4.800000 9.600000 0.000000 0.977480 0.306459 0.482938
4.800000 9.600000 0.800000 0.971670 0.314849 0.473305
4.800000 9.600000 1.600000 0.984796 0.322502 0.459321
4.800000 9.600000 2.400000 0.996863 0.329372 0.440443
4.800000 9.600000 3.200000 0.999794 0.335415 0.417234
4.800000 9.600000 4.000000 0.999996 0.340589 0.391901
4.800000 9.600000 4.800000 0.999993 0.344856 0.368293
4.800000 9.600000 5.600000 0.999995 0.348183 0.351073
4.800000 9.600000 6.400000 0.999999 0.350544 0.344213
4.800000 9.600000 7.200000 1.000000 0.351917 0.349467
4.800000 9.600000 8.000000 1.000000 0.352293 0.365649
4.800000 9.600000 8.800000 1.000000 0.351668 0.389129
4.800000 9.600000 9.600000 1.000000 0.350046 0.415227
4.800000 10.400001 0.000000 0.690254 0.298913 0.483868
4.800000 10.400001 0.800000 0.637848 0.307142 0.474615
4.800000 10.400001 1.600000 0.765520 0.314642 0.461137
4.800000 10.400001 2.400000 0.930545 0.321369 0.442907
4.800000 10.400001 3.200000 0.993101 0.327283 0.420487
4.800000 10.400001 4.000000 0.999825 0.332342 0.396040
4.800000 10.400001 4.800000 0.999993 0.336512 0.373318
4.800000 10.400001 5.600000 0.999995 0.339762 0.356842
4.800000 10.400001 6.400000 0.999999 0.342067 0.350423
4.800000 10.400001 7.200000 1.000000 0.343408 0.355701
4.800000 10.400001 8.000000 1.000000 0.343775 0.371467
4.800000 10.400001 8.800000 1.000000 0.343164 0.394171
4.800000 10.400001 9.600000 1.000000 0.341581 0.419290
4.800000 11.200000 0.000000 0.083756 0.290654 0.484924
4.800000 11.200000 0.800000 0.038773 0.298714 0.476145
4.800000 11.200000 1.600000 0.183829 0.306053 0.463317
4.800000 11.200000 2.400000 0.613649 0.312632 0.445939
4.800000 11.200000 3.200000 0.938402 0.318409 0.424565
4.800000 11.200000 4.000000 0.997670 0.323350 0.401290
4.800000 11.200000 4.800000 0.999983 0.327419 0.379726
4.800000 11.200000 5.600000 0.999998 0.330589 0.364194
4.800000 11.200000 6.400000 1.000000 0.332836 0.358303
4.800000 11.200000 7.200000 1.000000 0.334144 0.363554
4.800000 11.200000 8.000000 1.000000 0.334501 0.378729
4.800000 11.200000 8.800000 1.000000 0.333906 0.400399
4.800000 11.200000 9.600000 1.000000 0.332363 0.424250
4.800000 12.000000 0.000000 nan nan nan
4.800000 12.000000 0.800000 nan nan nan
4.800000 12.000000 1.600000 nan nan nan
4.800000 12.000000 2.400000 0.222489 0.303207 0.449457
4.800000 12.000000 3.200000 0.808198 0.308846 0.429355
4.800000 12.000000 4.000000 0.989933 0.313664 0.407501
4.800000 12.000000 4.800000 0.999906 0.317630 0.387326
4.800000 12.000000 5.600000 0.999999 0.320718 0.372905
4.800000 12.000000 6.400000 0.999997 0.322907 0.367602
4.800000 12.000000 7.200000 0.999997 0.324180 0.372768
4.800000 12.000000 8.000000 0.999999 0.324528 0.387190
4.800000 12.000000 8.800000 1.000000 0.323948 0.407599
4.800000 12.000000 9.600000 1.000000 0.322446 0.429935
4.800000 12.800000 0.000000 nan nan nan
4.800000 12.800000 0.800000 nan nan nan
4.800000 12.800000 1.600000 nan nan nan
4.800000 12.800000 2.400000 0.091142 0.293145 0.453359
4.800000 12.800000 3.200000 0.724138 0.298642 0.434714
4.800000 12.800000 4.000000 0.983315 0.303336 0.414483
4.800000 12.800000 4.800000 0.999827 0.307198 0.395881
4.800000 12.800000 5.600000 0.999962 0.310203 0.382696
4.800000 12.800000 6.400000 0.999909 0.312332 0.378018
4.800000 12.800000 7.200000 0.999925 0.313570 0.383039
4.800000 12.800000 8.000000 0.999979 0.313909 0.396566
4.800000 12.800000 8.800000 0.999998 0.313345 0.415525
4.800000 12.800000 9.600000 1.000000 0.311884 0.436148
4.800000 13.600000 0.000000 nan nan nan
4.800000 13.600000 0.800000 nan nan nan
4.800000 13.600000 1.600000 nan nan nan
4.800000 13.600000 2.400000 0.186333 0.282489 0.457533
4.800000 13.600000 3.200000 0.789107 0.287844 0.440483
4.800000 13.600000 4.000000 0.988542 0.292414 0.422024
4.800000 13.600000 4.800000 0.999890 0.296172 0.405124
4.800000 13.600000 5.600000 0.999663 0.299094 0.393255
4.800000 13.600000 6.400000 0.999227 0.301164 0.389213
4.800000 13.600000 7.200000 0.999356 0.302367 0.394028
4.800000 13.600000 8.000000 0.999809 0.302696 0.406544
4.800000 13.600000 8.800000 0.999982 0.302149 0.423910
4.800000 13.600000 9.600000 1.000000 0.300728 0.442678
4.800000 14.400001 0.000000 0.036335 0.251329 0.489823
4.800000 14.400001 0.800000 0.008346 0.258670 0.483584
4.800000 14.400001 1.600000 0.117189 0.265333 0.474379
4.800000 14.400001 2.400000 0.549446 0.271286 0.461861
4.800000 14.400001 3.200000 0.923018 0.276499 0.446494
4.800000 14.400001 4.000000 0.996924 0.280945 0.429897
4.800000 14.400001 4.800000 0.999846 0.284599 0.414773
4.800000 14.400001 5.600000 0.999010 0.287440 0.404255
4.800000 14.400001 6.400000 0.997792 0.289451 0.400836
4.800000 14.400001 7.200000 0.998148 0.290619 0.405387
4.800000 14.400001 8.000000 0.999427 0.290939 0.416806
4.800000 14.400001 8.800000 0.999941 0.290407 0.432485
4.800000 14.400001 9.600000 0.999998 0.289027 0.449318
4.800000 15.200000 0.000000 0.603870 0.240127 0.491066
4.800000 15.200000 0.800000 0.542927 0.247286 0.485533
4.800000 15.200000 1.600000 0.693980 0.253779 0.477353
4.800000 15.200000 2.400000 0.903612 0.259576 0.466225
4.800000 15.200000 3.200000 0.989771 0.264649 0.452578
4.800000 15.200000 4.000000 0.999725 0.268973 0.437876
4.800000 15.200000 4.800000 0.999835 0.272524 0.424544
4.800000 15.200000 5.600000 0.998941 0.275284 0.415370
4.800000 15.200000 6.400000 0.997645 0.277237 0.412540
4.800000 15.200000 7.200000 0.998024 0.278372 0.416778
4.800000 15.200000 8.000000 0.999387 0.278682 0.427047
4.800000 15.200000 8.800000 0.999937 0.278166 0.440997
4.800000 15.200000 9.600000 0.999998 0.276826 0.455871
4.800000 16.000000 0.000000 0.963455 0.228452 0.492262
4.800000 16.000000 0.800000 0.954437 0.235431 0.487424
4.800000 16.000000 1.600000 0.974975 0.241756 0.480261
4.800000 16.000000 2.400000 0.994593 0.247399 0.470514
4.800000 16.000000 3.200000 0.999625 0.252334 0.458574
4.800000 16.000000 4.000000 0.999993 0.256537 0.445747
4.800000 16.000000 4.800000 0.999939 0.259988 0.434174
4.800000 16.000000 5.600000 0.999587 0.262669 0.426297
4.800000 16.000000 6.400000 0.999056 0.264566 0.424008
4.800000 16.000000 7.200000 0.999212 0.265668 0.427890
4.800000 16.000000 8.000000 0.999764 0.265969 0.436990
4.800000 16.000000 8.800000 0.999977 0.265468 0.449219
4.800000 16.000000 9.600000 0.999999 0.264167 0.462166
4.800000 16.800001 0.000000 0.999387 0.216338 0.493388
4.800000 16.800001 0.800000 0.999194 0.223140 0.489220
4.800000 16.800001 1.600000 0.999615 0.229300 0.483041
4.800000 16.800001 2.400000 0.999937 0.234791 0.474631
4.800000 16.800001 3.200000 0.999997 0.239591 0.464342
4.800000 16.800001 4.000000 1.000000 0.243677 0.453318
4.800000 16.800001 4.800000 0.999993 0.247030 0.443425
4.800000 16.800001 5.600000 0.999946 0.249634 0.436770
4.800000 16.800001 6.400000 0.999870 0.251476 0.434960
4.800000 16.800001 7.200000 0.999893 0.252545 0.438459
4.800000 16.800001 8.000000 0.999970 0.252837 0.446402
4.800000 16.800001 8.800000 0.999997 0.252351 0.456963
4.800000 16.800001 9.600000 1.000000 0.251088 0.468063
4.800000 17.600000 0.000000 0.999998 0.203817 0.494428
4.800000 17.600000 0.800000 0.999998 0.210445 0.490890
4.800000 17.600000 1.600000 0.999999 0.216443 0.485639
4.800000 17.600000 2.400000 1.000000 0.221787 0.478493
4.800000 17.600000 3.200000 1.000000 0.226455 0.469761
4.800000 17.600000 4.000000 1.000000 0.230427 0.460431
4.800000 17.600000 4.800000 1.000000 0.233685 0.452104
4.800000 17.600000 5.600000 0.999998 0.236214 0.446568
4.800000 17.600000 6.400000 0.999995 0.238002 0.445172
4.800000 17.600000 7.200000 0.999996 0.239040 0.448273
4.800000 17.600000 8.000000 0.999999 0.239324 0.455101
4.800000 17.600000 8.800000 1.000000 0.238851 0.464084
4.800000 17.600000 9.600000 1.000000 0.237625 0.473457
4.800000 18.400000 0.000000 1.000000 0.190920 0.495371
4.800000 18.400000 0.800000 1.000000 0.197378 0.492412
4.800000 18.400000 1.600000 1.000000 0.203218 0.488017
4.800000 18.400000 2.400000 1.000000 0.208418 0.482037
4.800000 18.400000 3.200000 1.000000 0.212958 0.474739
4.800000 18.400000 4.000000 1.000000 0.216819 0.466965
4.800000 18.400000 4.800000 1.000000 0.219984 0.460062
4.800000 18.400000 5.600000 1.000000 0.222441 0.455530
4.800000 18.400000 6.400000 1.000000 0.224177 0.454479
4.800000 18.400000 7.200000 1.000000 0.225185 0.457182
4.800000 18.400000 8.000000 1.000000 0.225460 0.462961
4.800000 18.400000 8.800000 1.000000 0.225002 0.470485
4.800000 18.400000 9.600000 1.000000 0.223811 0.478279
4.800000 19.200001 0.000000 1.000000 0.177674 0.496208
4.800000 19.200001 0.800000 1.000000 0.183966 0.493772
4.800000 19.200001 1.600000 1.000000 0.189653 0.490150
4.800000 19.200001 2.400000 1.000000 0.194713 0.485222
4.800000 19.200001 3.200000 1.000000 0.199129 0.479217
4.800000 19.200001 4.000000 1.000000 0.202882 0.472837
4.800000 19.200001 4.800000 1.000000 0.205958 0.467203
4.800000 19.200001 5.600000 1.000000 0.208345 0.463549
4.800000 19.200001 6.400000 1.000000 0.210031 0.462779
4.800000 19.200001 7.200000 1.000000 0.211010 0.465093
4.800000 19.200001 8.000000 1.000000 0.211277 0.469910
4.800000 19.200001 8.800000 1.000000 0.210832 0.476116
4.800000 19.200001 9.600000 1.000000 0.209676 0.482499
4.800000 20.000000 0.000000 1.000000 0.164105 0.496938
4.800000 20.000000 0.800000 1.000000 0.170236 0.494963
4.800000 20.000000 1.600000 1.000000 0.175774 0.492023
4.800000 20.000000 2.400000 1.000000 0.180699 0.488025
4.800000 20.000000 3.200000 1.000000 0.184994 0.483159
4.800000 20.000000 4.000000 1.000000 0.188644 0.478004
4.800000 20.000000 4.800000 1.000000 0.191634 0.473475
4.800000 20.000000 5.600000 1.000000 0.193953 0.470575
4.800000 20.000000 6.400000 1.000000 0.195591 0.470026
4.800000 20.000000 7.200000 1.000000 0.196542 0.471972
4.800000 20.000000 8.000000 1.000000 0.196801 0.475924
4.800000 20.000000 8.800000 1.000000 0.196369 0.480966
4.800000 20.000000 9.600000 1.000000 0.195246 0.486114
5.600000 0.000000 0.000000 0.999706 0.345123 0.482431
5.600000 0.000000 0.800000 0.993915 0.354451 0.474896
5.600000 0.000000 1.600000 0.962397 0.363002 0.464763
5.600000 0.000000 2.400000 0.911757 0.370716 0.451872
5.600000 0.000000 3.200000 0.725011 0.377533 0.436715
5.600000 0.000000 4.000000 0.250713 0.383394 0.420714
5.600000 0.000000 4.800000 0.031192 0.388247 0.406218
5.600000 0.000000 5.600000 0.025127 0.392042 0.396027
5.600000 0.000000 6.400000 0.212081 0.394742 0.392502
5.600000 0.000000 7.200000 0.680438 0.396315 0.396657
5.600000 0.000000 8.000000 0.960475 0.396746 0.407706
5.600000 0.000000 8.800000 0.998912 0.396029 0.423354
5.600000 0.000000 9.600000 0.999994 0.394172 0.440659
5.600000 0.800000 0.000000 0.999270 0.348473 0.481292
5.600000 0.800000 0.800000 0.986409 0.357892 0.473166
5.600000 0.800000 1.600000 0.924013 0.366532 0.462195
5.600000 0.800000 2.400000 0.833285 0.374329 0.448192
5.600000 0.800000 3.200000 0.274160 0.381223 0.431682
5.600000 0.800000 4.000000 nan nan nan
5.600000 0.800000 4.800000 nan nan nan
5.600000 0.800000 5.600000 nan nan nan
5.600000 0.800000 6.400000 nan nan nan
5.600000 0.800000 7.200000 0.209378 0.400237 0.387552
5.600000 0.800000 8.000000 0.828765 0.400673 0.399498
5.600000 0.800000 8.800000 0.992938 0.399947 0.416496
5.600000 0.800000 9.600000 0.999600 0.398066 0.435340
5.600000 1.600000 0.000000 0.999345 0.350856 0.480274
5.600000 1.600000 0.800000 0.987648 0.360341 0.471585
5.600000 1.600000 1.600000 0.930043 0.369045 0.459804
5.600000 1.600000 2.400000 0.746091 0.376903 0.444716
5.600000 1.600000 3.200000 0.057356 0.383853 0.426876
5.600000 1.600000 4.000000 nan nan nan
5.600000 1.600000 4.800000 nan nan nan
5.600000 1.600000 5.600000 nan nan nan
5.600000 1.600000 6.400000 nan nan nan
5.600000 1.600000 7.200000 0.022718 0.403035 0.378704
5.600000 1.600000 8.000000 0.685790 0.403475 0.391528
5.600000 1.600000 8.800000 0.900128 0.402742 0.409849
5.600000 1.600000 9.600000 0.977930 0.400843 0.430201
5.600000 2.400000 0.000000 0.998619 0.352252 0.479401
5.600000 2.400000 0.800000 0.995498 0.361776 0.470191
5.600000 2.400000 1.600000 0.971239 0.370517 0.457648
5.600000 2.400000 2.400000 0.752286 0.378411 0.441526
5.600000 2.400000 3.200000 0.063983 0.385395 0.422411
5.600000 2.400000 4.000000 nan nan nan
5.600000 2.400000 4.800000 nan nan nan
5.600000 2.400000 5.600000 nan nan nan
5.600000 2.400000 6.400000 nan nan nan
5.600000 2.400000 7.200000 0.027241 0.404677 0.370338
5.600000 2.400000 8.000000 0.110286 0.405120 0.384003
5.600000 2.400000 8.800000 0.331567 0.404382 0.403590
5.600000 2.400000 9.600000 0.749860 0.402473 0.425381
5.600000 3.200000 0.000000 0.994976 0.352648 0.478699
5.600000 3.200000 0.800000 0.991872 0.362184 0.469023
5.600000 3.200000 1.600000 0.987927 0.370936 0.455783
5.600000 3.200000 2.400000 0.876608 0.378840 0.438706
5.600000 3.200000 3.200000 0.305428 0.385833 0.418403
5.600000 3.200000 4.000000 nan nan nan
5.600000 3.200000 4.800000 nan nan nan
5.600000 3.200000 5.600000 nan nan nan
5.600000 3.200000 6.400000 nan nan nan
5.600000 3.200000 7.200000 nan nan nan
5.600000 3.200000 8.000000 nan nan nan
5.600000 3.200000 8.800000 nan nan nan
5.600000 3.200000 9.600000 0.240555 0.402937 0.421031
5.600000 4.000000 0.000000 0.993063 0.352043 0.478188
5.600000 4.000000 0.800000 0.988868 0.361561 0.468114
5.600000 4.000000 1.600000 0.953248 0.370297 0.454265
5.600000 4.000000 2.400000 0.800951 0.378185 0.436338
5.600000 4.000000 3.200000 0.638612 0.385164 0.414969
5.600000 4.000000 4.000000 0.302590 0.391170 0.392156
5.600000 4.000000 4.800000 0.060349 0.396147 0.371255
5.600000 4.000000 5.600000 nan nan nan
5.600000 4.000000 6.400000 nan nan nan
5.600000 4.000000 7.200000 nan nan nan
5.600000 4.000000 8.000000 nan nan nan
5.600000 4.000000 8.800000 nan nan nan
5.600000 4.000000 9.600000 0.008362 0.402229 0.417302
5.600000 4.800000 0.000000 0.996208 0.350440 0.477884
5.600000 4.800000 0.800000 0.993824 0.359913 0.467493
5.600000 4.800000 1.600000 0.925174 0.368605 0.453140
5.600000 4.800000 2.400000 0.709455 0.376453 0.434496
5.600000 4.800000 3.200000 0.504102 0.383393 0.412219
5.600000 4.800000 4.000000 0.509366 0.389365 0.388398
5.600000 4.800000 4.800000 0.329122 0.394312 0.366552
5.600000 4.800000 5.600000 nan nan nan
5.600000 4.800000 6.400000 nan nan nan
5.600000 4.800000 7.200000 nan nan nan
5.600000 4.800000 8.000000 nan nan nan
5.600000 4.800000 8.800000 nan nan nan
5.600000 4.800000 9.600000 nan nan nan
5.600000 5.600000 0.000000 0.999240 0.347853 0.477799
5.600000 5.600000 0.800000 0.995861 0.357255 0.467182
5.600000 5.600000 1.600000 0.945023 0.365878 0.452451
5.600000 5.600000 2.400000 0.772861 0.373660 0.433249
5.600000 5.600000 3.200000 0.595772 0.380540 0.410254
5.600000 5.600000 4.000000 0.600479 0.386457 0.385636
5.600000 5.600000 4.800000 0.584181 0.391358 0.363046
5.600000 5.600000 5.600000 0.072349 0.395192 0.346861
5.600000 5.600000 6.400000 nan nan nan
5.600000 5.600000 7.200000 nan nan nan
5.600000 5.600000 8.000000 nan nan nan
5.600000 5.600000 8.800000 nan nan nan
5.600000 5.600000 9.600000 0.074633 0.397344 0.412270
5.600000 6.400000 0.000000 0.999952 0.344305 0.477937
5.600000 6.400000 0.800000 0.998927 0.353611 0.467198
5.600000 6.400000 1.600000 0.982732 0.362140 0.452227
5.600000 6.400000 2.400000 0.914122 0.369834 0.432651
5.600000 6.400000 3.200000 0.827534 0.376632 0.409160
5.600000 6.400000 4.000000 0.830048 0.382477 0.383988
5.600000 6.400000 4.800000 0.884629 0.387315 0.360891
5.600000 6.400000 5.600000 0.565929 0.391099 0.344361
5.600000 6.400000 6.400000 0.108162 0.393790 0.338194
5.600000 6.400000 7.200000 nan nan nan
5.600000 6.400000 8.000000 nan nan nan
5.600000 6.400000 8.800000 0.051040 0.395074 0.384638
5.600000 6.400000 9.600000 0.505372 0.393223 0.411202
5.600000 7.200000 0.000000 0.999999 0.339823 0.478297
5.600000 7.200000 0.800000 0.999909 0.349009 0.467545
5.600000 7.200000 1.600000 0.998104 0.357425 0.452489
5.600000 7.200000 2.400000 0.988049 0.365010 0.432739
5.600000 7.200000 3.200000 0.972209 0.371708 0.408999
5.600000 7.200000 4.000000 0.972711 0.377464 0.383547
5.600000 7.200000 4.800000 0.988722 0.382226 0.360206
5.600000 7.200000 5.600000 0.941760 0.385949 0.343537
5.600000 7.200000 6.400000 0.742605 0.388595 0.337376
5.600000 7.200000 7.200000 0.521720 0.390138 0.343365
5.600000 7.200000 8.000000 0.496649 0.390560 0.360264
5.600000 7.200000 8.800000 0.689344 0.389857 0.384434
5.600000 7.200000 9.600000 0.913318 0.388037 0.411209
5.600000 8.000000 0.000000 0.999994 0.334441 0.478874
5.600000 8.000000 0.800000 0.999997 0.343489 0.468221
5.600000 8.000000 1.600000 0.999942 0.351771 0.453240
5.600000 8.000000 2.400000 0.999539 0.359231 0.433533
5.600000 8.000000 3.200000 0.998769 0.365813 0.409810
5.600000 8.000000 4.000000 0.998795 0.371465 0.384371
5.600000 8.000000 4.800000 0.999568 0.376139 0.361069
5.600000 8.000000 5.600000 0.997885 0.379791 0.344481
5.600000 8.000000 6.400000 0.985253 0.382386 0.338432
5.600000 8.000000 7.200000 0.962448 0.383898 0.344531
5.600000 8.000000 8.000000 0.959138 0.384312 0.361492
5.600000 8.000000 8.800000 0.980674 0.383623 0.385646
5.600000 8.000000 9.600000 0.996524 0.381839 0.412324
5.600000 8.800000 0.000000 0.998994 0.328199 0.479653
5.600000 8.800000 0.800000 0.998683 0.337092 0.469214
5.600000 8.800000 1.600000 0.999362 0.345224 0.454473
5.600000 8.800000 2.400000 0.999893 0.352543 0.435031
5.600000 8.800000 3.200000 0.999988 0.358996 0.411599
5.600000 8.800000 4.000000 0.999988 0.364534 0.386477
5.600000 8.800000 4.800000 0.999996 0.369109 0.363504
5.600000 8.800000 5.600000 0.999985 0.372683 0.347219
5.600000 8.800000 6.400000 0.999855 0.375221 0.341389
5.600000 8.800000 7.200000 0.999546 0.376700 0.347559
5.600000 8.800000 8.000000 0.999495 0.377105 0.364409
5.600000 8.800000 8.800000 0.999800 0.376431 0.388274
5.600000 8.800000 9.600000 0.999953 0.374686 0.414538
5.600000 9.600000 0.000000 0.939057 0.321140 0.480615
5.600000 9.600000 0.800000 0.924843 0.329862 0.470500
5.600000 9.600000 1.600000 0.957544 0.337833 0.456162
5.600000 9.600000 2.400000 0.990304 0.344999 0.437206
5.600000 9.600000 3.200000 0.999283 0.351313 0.414339
5.600000 9.600000 4.000000 0.999986 0.356726 0.389837
5.600000 9.600000 4.800000 1.000000 0.361196 0.367481
5.600000 9.600000 5.600000 1.000000 0.364686 0.351716
5.600000 9.600000 6.400000 1.000000 0.367163 0.346202
5.600000 9.600000 7.200000 0.999999 0.368606 0.352398
5.600000 9.600000 8.000000 0.999995 0.369000 0.368955
5.600000 9.600000 8.800000 0.999953 0.368343 0.392259
5.600000 9.600000 9.600000 0.999864 0.366641 0.417796
5.600000 10.400001 0.000000 0.416307 0.313307 0.481736
5.600000 10.400001 0.800000 0.345075 0.321849 0.472050
5.600000 10.400001 1.600000 0.529490 0.329647 0.458268
5.600000 10.400001 2.400000 0.831897 0.336652 0.440010
5.600000 10.400001 3.200000 0.979647 0.342818 0.417972
5.600000 10.400001 4.000000 0.999387 0.348101 0.394379
5.600000 10.400001 4.800000 0.999996 0.352460 0.372911
5.600000 10.400001 5.600000 1.000000 0.355860 0.357867
5.600000 10.400001 6.400000 1.000000 0.358274 0.352752
5.600000 10.400001 7.200000 0.999999 0.359679 0.358920
5.600000 10.400001 8.000000 0.999995 0.360063 0.375006
5.600000 10.400001 8.800000 0.999953 0.359423 0.397484
5.600000 10.400001 9.600000 0.999864 0.357765 0.422000
5.600000 11.200000 0.000000 nan nan nan
5.600000 11.200000 0.800000 nan nan nan
5.600000 11.200000 1.600000 0.000194 0.320718 0.460738
5.600000 11.200000 2.400000 0.314203 0.327555 0.443372
5.600000 11.200000 3.200000 0.848832 0.333568 0.422405
5.600000 11.200000 4.000000 0.992680 0.338716 0.399985
5.600000 11.200000 4.800000 0.999935 0.342960 0.379649
5.600000 11.200000 5.600000 0.999998 0.346270 0.365502
5.600000 11.200000 6.400000 0.999995 0.348617 0.360853
5.600000 11.200000 7.200000 0.999996 0.349983 0.366932
5.600000 11.200000 8.000000 0.999992 0.350357 0.382376
5.600000 11.200000 8.800000 0.999984 0.349735 0.403785
5.600000 11.200000 9.600000 0.999953 0.348122 0.427012
5.600000 12.000000 0.000000 nan nan nan
5.600000 12.000000 0.800000 nan nan nan
5.600000 12.000000 1.600000 nan nan nan
5.600000 12.000000 2.400000 0.005421 0.317763 0.447203
5.600000 12.000000 3.200000 0.599804 0.323620 0.427516
5.600000 12.000000 4.000000 0.971037 0.328629 0.406498
5.600000 12.000000 4.800000 0.999661 0.332757 0.387502
5.600000 12.000000 5.600000 0.999829 0.335974 0.374395
5.600000 12.000000 6.400000 0.999601 0.338254 0.370257
5.600000 12.000000 7.200000 0.999669 0.339581 0.376183
5.600000 12.000000 8.000000 0.999904 0.339944 0.390827
5.600000 12.000000 8.800000 0.999991 0.339340 0.410953
5.600000 12.000000 9.600000 0.999995 0.337774 0.432664
5.600000 12.800000 0.000000 nan nan nan
5.600000 12.800000 0.800000 nan nan nan
5.600000 12.800000 1.600000 nan nan nan
5.600000 12.800000 2.400000 nan nan nan
5.600000 12.800000 3.200000 0.465626 0.313026 0.433161
5.600000 12.800000 4.000000 0.953742 0.317896 0.413728
5.600000 12.800000 4.800000 0.999382 0.321907 0.396236
5.600000 12.800000 5.600000 0.996340 0.325030 0.384275
5.600000 12.800000 6.400000 0.992187 0.327244 0.380671
5.600000 12.800000 7.200000 0.993381 0.328532 0.386379
5.600000 12.800000 8.000000 0.997825 0.328884 0.400087
5.600000 12.800000 8.800000 0.999756 0.328298 0.418754
5.600000 12.800000 9.600000 0.999992 0.326778 0.438770
5.600000 13.600000 0.000000 nan nan nan
5.600000 13.600000 0.800000 nan nan nan
5.600000 13.600000 1.600000 nan nan nan
5.600000 13.600000 2.400000 0.000322 0.296297 0.455839
5.600000 13.600000 3.200000 0.567769 0.301838 0.439181
5.600000 13.600000 4.000000 0.967332 0.306570 0.421466
5.600000 13.600000 4.800000 0.995378 0.310464 0.405590
5.600000 13.600000 5.600000 0.976574 0.313495 0.394841
5.600000 13.600000 6.400000 0.953980 0.315642 0.391772
5.600000 13.600000 7.200000 0.960254 0.316891 0.397200
5.600000 13.600000 8.000000 0.985357 0.317232 0.409860
5.600000 13.600000 8.800000 0.998053 0.316664 0.426938
5.600000 13.600000 9.600000 0.999925 0.315190 0.445133
5.600000 14.400001 0.000000 nan nan nan
5.600000 14.400001 0.800000 nan nan nan
5.600000 14.400001 1.600000 nan nan nan
5.600000 14.400001 2.400000 0.238411 0.284721 0.460408
5.600000 14.400001 3.200000 0.815970 0.290105 0.445406
5.600000 14.400001 4.000000 0.990481 0.294700 0.429488
5.600000 14.400001 4.800000 0.987791 0.298479 0.415290
5.600000 14.400001 5.600000 0.943941 0.301419 0.405778
5.600000 14.400001 6.400000 0.895696 0.303501 0.403227
5.600000 14.400001 7.200000 0.908764 0.304711 0.408316
5.600000 14.400001 8.000000 0.963804 0.305042 0.419850
5.600000 14.400001 8.800000 0.994644 0.304491 0.435255
5.600000 14.400001 9.600000 0.999768 0.303062 0.451559
5.600000 15.200000 0.000000 0.302086 0.252626 0.490043
5.600000 15.200000 0.800000 0.231212 0.259988 0.484318
5.600000 15.200000 1.600000 0.421602 0.266671 0.476039
5.600000 15.200000 2.400000 0.776107 0.272643 0.464988
5.600000 15.200000 3.200000 0.970603 0.277873 0.451671
5.600000 15.200000 4.000000 0.996667 0.282333 0.437576
5.600000 15.200000 4.800000 0.987047 0.285999 0.425066
5.600000 15.200000 5.600000 0.940921 0.288850 0.416780
5.600000 15.200000 6.400000 0.890488 0.290868 0.414711
5.600000 15.200000 7.200000 0.904125 0.292041 0.419413
5.600000 15.200000 8.000000 0.961770 0.292361 0.429772
5.600000 15.200000 8.800000 0.994301 0.291828 0.443470
5.600000 15.200000 9.600000 0.999751 0.290443 0.457869
5.600000 16.000000 0.000000 0.905306 0.240633 0.491390
5.600000 16.000000 0.800000 0.884493 0.247800 0.486389
5.600000 16.000000 1.600000 0.932884 0.254300 0.479144
5.600000 16.000000 2.400000 0.983805 0.260104 0.469469
5.600000 16.000000 3.200000 0.998722 0.265183 0.457820
5.600000 16.000000 4.000000 0.999237 0.269512 0.445522
5.600000 16.000000 4.800000 0.994430 0.273068 0.434664
5.600000 16.000000 5.600000 0.972255 0.275832 0.427557
5.600000 16.000000 6.400000 0.946011 0.277787 0.425924
5.600000 16.000000 7.200000 0.953268 0.278924 0.430203
5.600000 16.000000 8.000000 0.982558 0.279234 0.439372
5.600000 16.000000 8.800000 0.997637 0.278717 0.451376
5.600000 16.000000 9.600000 0.999907 0.277375 0.463906
5.600000 16.800001 0.000000 0.997951 0.228206 0.492653
5.600000 16.800001 0.800000 0.997337 0.235182 0.488347
5.600000 16.800001 1.600000 0.998686 0.241503 0.482099
5.600000 16.800001 2.400000 0.999772 0.247142 0.473752
5.600000 16.800001 3.200000 0.999934 0.252075 0.463714
5.600000 16.800001 4.000000 0.999831 0.256276 0.453144
5.600000 16.800001 4.800000 0.999135 0.259725 0.443861
5.600000 16.800001 5.600000 0.994992 0.262404 0.437861
5.600000 16.800001 6.400000 0.989435 0.264299 0.436607
5.600000 16.800001 7.200000 0.991025 0.265401 0.440440
5.600000 16.800001 8.000000 0.997002 0.265702 0.448437
5.600000 16.800001 8.800000 0.999655 0.265200 0.458802
5.600000 16.800001 9.600000 0.999989 0.263900 0.469545
5.600000 17.600000 0.000000 0.999993 0.215379 0.493815
5.600000 17.600000 0.800000 0.999991 0.222167 0.490161
5.600000 17.600000 1.600000 0.999996 0.228314 0.484852
5.600000 17.600000 2.400000 0.999997 0.233794 0.477759
5.600000 17.600000 3.200000 0.999975 0.238583 0.469237
5.600000 17.600000 4.000000 0.999935 0.242660 0.460289
5.600000 17.600000 4.800000 0.999942 0.246006 0.452472
5.600000 17.600000 5.600000 0.999722 0.248604 0.447485
5.600000 17.600000 6.400000 0.999358 0.250441 0.446551
5.600000 17.600000 7.200000 0.999465 0.251508 0.449930
5.600000 17.600000 8.000000 0.999842 0.251800 0.456801
5.600000 17.600000 8.800000 0.999985 0.251314 0.465617
5.600000 17.600000 9.600000 1.000000 0.250054 0.474690
5.600000 18.400000 0.000000 1.000000 0.202182 0.494864
5.600000 18.400000 0.800000 1.000000 0.208788 0.491810
5.600000 18.400000 1.600000 1.000000 0.214765 0.487366
5.600000 18.400000 2.400000 1.000000 0.220090 0.481429
5.600000 18.400000 3.200000 0.999997 0.224742 0.474303
5.600000 18.400000 4.000000 0.999991 0.228699 0.466842
5.600000 18.400000 4.800000 0.999980 0.231945 0.460359
5.600000 18.400000 5.600000 0.999985 0.234464 0.456277
5.600000 18.400000 6.400000 0.999990 0.236245 0.455606
5.600000 18.400000 7.200000 0.999992 0.237280 0.458535
5.600000 18.400000 8.000000 0.999998 0.237562 0.464349
5.600000 18.400000 8.800000 1.000000 0.237092 0.471736
5.600000 18.400000 9.600000 1.000000 0.235870 0.479285
5.600000 19.200001 0.000000 1.000000 0.188644 0.495795
5.600000 19.200001 0.800000 1.000000 0.195073 0.493279
5.600000 19.200001 1.600000 1.000000 0.200886 0.489616
5.600000 19.200001 2.400000 1.000000 0.206061 0.484721
5.600000 19.200001 3.200000 0.999993 0.210579 0.478853
5.600000 19.200001 4.000000 0.999955 0.214421 0.472726
5.600000 19.200001 4.800000 0.999899 0.217571 0.467430
5.600000 19.200001 5.600000 0.999923 0.220015 0.464140
5.600000 19.200001 6.400000 0.999980 0.221742 0.463677
5.600000 19.200001 7.200000 0.999998 0.222745 0.466173
5.600000 19.200001 8.000000 1.000000 0.223019 0.471017
5.600000 19.200001 8.800000 1.000000 0.222563 0.477114
5.600000 19.200001 9.600000 1.000000 0.221379 0.483301
5.600000 20.000000 0.000000 1.000000 0.174791 0.496605
5.600000 20.000000 0.800000 1.000000 0.181049 0.494564
5.600000 20.000000 1.600000 1.000000 0.186703 0.491590
5.600000 20.000000 2.400000 1.000000 0.191734 0.487616
5.600000 20.000000 3.200000 0.999989 0.196123 0.482857
5.600000 20.000000 4.000000 0.999923 0.199854 0.477901
5.600000 20.000000 4.800000 0.999829 0.202912 0.473640
5.600000 20.000000 5.600000 0.999868 0.205283 0.471028
5.600000 20.000000 6.400000 0.999966 0.206959 0.470722
5.600000 20.000000 7.200000 0.999997 0.207932 0.472815
5.600000 20.000000 8.000000 1.000000 0.208198 0.476789
5.600000 20.000000 8.800000 1.000000 0.207755 0.481746
5.600000 20.000000 9.600000 1.000000 0.206606 0.486740
6.400000 0.000000 0.000000 0.992621 0.360449 0.479273
6.400000 0.000000 0.800000 0.903531 0.370210 0.470990
6.400000 0.000000 1.600000 0.623298 0.379181 0.460112
6.400000 0.000000 2.400000 0.360623 0.387293 0.446576
6.400000 0.000000 3.200000 0.336819 0.394480 0.430982
6.400000 0.000000 4.000000 0.148614 0.400673 0.414847
6.400000 0.000000 4.800000 0.000491 0.405810 0.400559
6.400000 0.000000 5.600000 0.000006 0.409835 0.390877
6.400000 0.000000 6.400000 0.115110 0.412702 0.388059
6.400000 0.000000 7.200000 0.596949 0.414374 0.392982
6.400000 0.000000 8.000000 0.944958 0.414832 0.404746
6.400000 0.000000 8.800000 0.998365 0.414070 0.420995
6.400000 0.000000 9.600000 0.999991 0.412097 0.438779
6.400000 0.800000 0.000000 0.983663 0.363951 0.477998
6.400000 0.800000 0.800000 0.819244 0.373817 0.469105
6.400000 0.800000 1.600000 0.412499 0.382890 0.457384
6.400000 0.800000 2.400000 0.135086 0.391100 0.442754
6.400000 0.800000 3.200000 0.115401 0.398377 0.425856
6.400000 0.800000 4.000000 nan nan nan
6.400000 0.800000 4.800000 nan nan nan
6.400000 0.800000 5.600000 nan nan nan
6.400000 0.800000 6.400000 nan nan nan
6.400000 0.800000 7.200000 0.112833 0.418547 0.384246
6.400000 0.800000 8.000000 0.775228 0.419012 0.396917
6.400000 0.800000 8.800000 0.989730 0.418238 0.414482
6.400000 0.800000 9.600000 0.999530 0.416236 0.433742
6.400000 1.600000 0.000000 0.985135 0.366445 0.476875
6.400000 1.600000 0.800000 0.831942 0.376387 0.467411
6.400000 1.600000 1.600000 0.440310 0.385534 0.454886
6.400000 1.600000 2.400000 0.159911 0.393815 0.439202
6.400000 1.600000 3.200000 0.008280 0.401158 0.421039
6.400000 1.600000 4.000000 nan nan nan
6.400000 1.600000 4.800000 nan nan nan
6.400000 1.600000 5.600000 nan nan nan
6.400000 1.600000 6.400000 nan nan nan
6.400000 1.600000 7.200000 nan nan nan
6.400000 1.600000 8.000000 0.603184 0.421999 0.389436
6.400000 1.600000 8.800000 0.887999 0.421217 0.408273
6.400000 1.600000 9.600000 0.974783 0.419193 0.428959
6.400000 2.400000 0.000000 0.943204 0.367906 0.475935
6.400000 2.400000 0.800000 0.915094 0.377893 0.465950
6.400000 2.400000 1.600000 0.686895 0.387084 0.452680
6.400000 2.400000 2.400000 0.444888 0.395407 0.436006
6.400000 2.400000 3.200000 0.011200 0.402790 0.416645
6.400000 2.400000 4.000000 nan nan nan
6.400000 2.400000 4.800000 nan nan nan
6.400000 2.400000 5.600000 nan nan nan
6.400000 2.400000 6.400000 nan nan nan
6.400000 2.400000 7.200000 0.000092 0.423281 0.368118
6.400000 2.400000 8.000000 0.079184 0.423754 0.382498
6.400000 2.400000 8.800000 0.290089 0.422967 0.402537
6.400000 2.400000 9.600000 0.724429 0.420931 0.424563
6.400000 3.200000 0.000000 0.846123 0.368321 0.475203
6.400000 3.200000 0.800000 0.781893 0.378321 0.464762
6.400000 3.200000 1.600000 0.841027 0.387525 0.450825
6.400000 3.200000 2.400000 0.588245 0.395860 0.433250
6.400000 3.200000 3.200000 0.198708 0.403254 0.412790
6.400000 3.200000 4.000000 nan nan nan
6.400000 3.200000 4.800000 nan nan nan
6.400000 3.200000 5.600000 nan nan nan
6.400000 3.200000 6.400000 nan nan nan
6.400000 3.200000 7.200000 nan nan nan
6.400000 3.200000 8.000000 nan nan nan
6.400000 3.200000 8.800000 nan nan nan
6.400000 3.200000 9.600000 0.200741 0.421425 0.420692
6.400000 4.000000 0.000000 0.805251 0.367687 0.474702
6.400000 4.000000 0.800000 0.728415 0.377667 0.463882
6.400000 4.000000 1.600000 0.665753 0.386852 0.449373
6.400000 4.000000 2.400000 0.185732 0.395169 0.431014
6.400000 4.000000 3.200000 0.011895 0.402545 0.409585
6.400000 4.000000 4.000000 0.013720 0.408910 0.387176
6.400000 4.000000 4.800000 0.009563 0.414195 0.367124
6.400000 4.000000 5.600000 nan nan nan
6.400000 4.000000 6.400000 nan nan nan
6.400000 4.000000 7.200000 nan nan nan
6.400000 4.000000 8.000000 nan nan nan
6.400000 4.000000 8.800000 nan nan nan
6.400000 4.000000 9.600000 0.000993 0.420670 0.417481
6.400000 4.800000 0.000000 0.875316 0.366009 0.474445
6.400000 4.800000 0.800000 0.820946 0.375937 0.463336
6.400000 4.800000 1.600000 0.536927 0.385071 0.448371
6.400000 4.800000 2.400000 0.059104 0.393340 0.429367
6.400000 4.800000 3.200000 nan nan nan
6.400000 4.800000 4.000000 nan nan nan
6.400000 4.800000 4.800000 0.056384 0.412246 0.362985
6.400000 4.800000 5.600000 nan nan nan
6.400000 4.800000 6.400000 nan nan nan
6.400000 4.800000 7.200000 nan nan nan
6.400000 4.800000 8.000000 nan nan nan
6.400000 4.800000 8.800000 nan nan nan
6.400000 4.800000 9.600000 nan nan nan
6.400000 5.600000 0.000000 0.964955 0.363303 0.474443
6.400000 5.600000 0.800000 0.946558 0.373149 0.463145
6.400000 5.600000 1.600000 0.624973 0.382203 0.447854
6.400000 5.600000 2.400000 0.137740 0.390395 0.428369
6.400000 5.600000 3.200000 0.000999 0.397655 0.405520
6.400000 5.600000 4.000000 0.001601 0.403915 0.381558
6.400000 5.600000 4.800000 0.152645 0.409109 0.360088
6.400000 5.600000 5.600000 nan nan nan
6.400000 5.600000 6.400000 nan nan nan
6.400000 5.600000 7.200000 nan nan nan
6.400000 5.600000 8.000000 nan nan nan
6.400000 5.600000 8.800000 nan nan nan
6.400000 5.600000 9.600000 0.048339 0.415468 0.413519
6.400000 6.400000 0.000000 0.996673 0.359593 0.474698
6.400000 6.400000 0.800000 0.984968 0.369329 0.463318
6.400000 6.400000 1.600000 0.842935 0.378275 0.447847
6.400000 6.400000 2.400000 0.493174 0.386365 0.428066
6.400000 6.400000 3.200000 0.239877 0.393529 0.404822
6.400000 6.400000 4.000000 0.245479 0.399703 0.380422
6.400000 6.400000 4.800000 0.509050 0.404823 0.358563
6.400000 6.400000 5.600000 0.268755 0.408835 0.343518
6.400000 6.400000 6.400000 0.032587 0.411691 0.338771
6.400000 6.400000 7.200000 nan nan nan
6.400000 6.400000 8.000000 nan nan nan
6.400000 6.400000 8.800000 0.029121 0.413055 0.386780
6.400000 6.400000 9.600000 0.466610 0.411088 0.412960
6.400000 7.200000 0.000000 0.999917 0.354912 0.475205
6.400000 7.200000 0.800000 0.998376 0.364512 0.463858
6.400000 7.200000 1.600000 0.975244 0.373327 0.448361
6.400000 7.200000 2.400000 0.883030 0.381290 0.428485
6.400000 7.200000 3.200000 0.772671 0.388338 0.405085
6.400000 7.200000 4.000000 0.775806 0.394407 0.380508
6.400000 7.200000 4.800000 0.888406 0.399437 0.358504
6.400000 7.200000 5.600000 0.861561 0.403376 0.343398
6.400000 7.200000 6.400000 0.714384 0.406179 0.338693
6.400000 7.200000 7.200000 0.483530 0.407814 0.345726
6.400000 7.200000 8.000000 0.457603 0.408262 0.363086
6.400000 7.200000 8.800000 0.659686 0.407517 0.387150
6.400000 7.200000 9.600000 0.902580 0.405587 0.413426
6.400000 8.000000 0.000000 0.998806 0.349299 0.475952
6.400000 8.000000 0.800000 0.999274 0.358741 0.464755
6.400000 8.000000 1.600000 0.998925 0.367403 0.449394
6.400000 8.000000 2.400000 0.992905 0.375221 0.429633
6.400000 8.000000 3.200000 0.983035 0.382134 0.406332
6.400000 8.000000 4.000000 0.983353 0.388082 0.381854
6.400000 8.000000 4.800000 0.993317 0.393009 0.359964
6.400000 8.000000 5.600000 0.995057 0.396864 0.344990
6.400000 8.000000 6.400000 0.983086 0.399606 0.340415
6.400000 8.000000 7.200000 0.957335 0.401206 0.347534
6.400000 8.000000 8.000000 0.953620 0.401644 0.364894
6.400000 8.000000 8.800000 0.977891 0.400915 0.388855
6.400000 8.000000 9.600000 0.995969 0.399028 0.414933
6.400000 8.800000 0.000000 0.992026 0.342798 0.476922
6.400000 8.800000 0.800000 0.994964 0.352063 0.465989
6.400000 8.800000 1.600000 0.998806 0.360554 0.450927
6.400000 8.800000 2.400000 0.999866 0.368211 0.431497
6.400000 8.800000 3.200000 0.999751 0.374975 0.408556
6.400000 8.800000 4.000000 0.999757 0.380790 0.384458
6.400000 8.800000 4.800000 0.999897 0.385602 0.362946
6.400000 8.800000 5.600000 0.999970 0.389365 0.348300
6.400000 8.800000 6.400000 0.999829 0.392041 0.343938
6.400000 8.800000 7.200000 0.999467 0.393601 0.351092
6.400000 8.800000 8.000000 0.999408 0.394028 0.368278
6.400000 8.800000 8.800000 0.997206 0.393317 0.391874
6.400000 8.800000 9.600000 0.992884 0.391476 0.417457
6.400000 9.600000 0.000000 0.927771 0.335455 0.478089
6.400000 9.600000 0.800000 0.911283 0.344529 0.467532
6.400000 9.600000 1.600000 0.949361 0.352836 0.452928
6.400000 9.600000 2.400000 0.988198 0.360319 0.434040
6.400000 9.600000 3.200000 0.999106 0.366923 0.411716
6.400000 9.600000 4.000000 0.999982 0.372594 0.388278
6.400000 9.600000 4.800000 0.999998 0.377284 0.367402
6.400000 9.600000 5.600000 0.999999 0.380949 0.353272
6.400000 9.600000 6.400000 0.999987 0.383554 0.349198
6.400000 9.600000 7.200000 0.999917 0.385072 0.356329
6.400000 9.600000 8.000000 0.998945 0.385487 0.373164
6.400000 9.600000 8.800000 0.992884 0.384796 0.396134
6.400000 9.600000 9.600000 0.982664 0.383004 0.420930
6.400000 10.400001 0.000000 0.358809 0.327322 0.479424
6.400000 10.400001 0.800000 0.287019 0.336193 0.469345
6.400000 10.400001 1.600000 0.476066 0.344305 0.455348
6.400000 10.400001 2.400000 0.805266 0.351604 0.437205
6.400000 10.400001 3.200000 0.975455 0.358040 0.415743
6.400000 10.400001 4.000000 0.999234 0.363562 0.393228
6.400000 10.400001 4.800000 0.999995 0.368124 0.373231
6.400000 10.400001 5.600000 0.999995 0.371687 0.359789
6.400000 10.400001 6.400000 0.999903 0.374217 0.356064
6.400000 10.400001 7.200000 0.999439 0.375691 0.363109
6.400000 10.400001 8.000000 0.998880 0.376095 0.379416
6.400000 10.400001 8.800000 0.992884 0.375423 0.401513
6.400000 10.400001 9.600000 0.982664 0.373684 0.425251
6.400000 11.200000 0.000000 nan nan nan
6.400000 11.200000 0.800000 nan nan nan
6.400000 11.200000 1.600000 nan nan nan
6.400000 11.200000 2.400000 0.256470 0.342128 0.440912
6.400000 11.200000 3.200000 0.824381 0.348390 0.420536
6.400000 11.200000 4.000000 0.991062 0.353757 0.399184
6.400000 11.200000 4.800000 0.999914 0.358189 0.380281
6.400000 11.200000 5.600000 0.999908 0.361647 0.367676
6.400000 11.200000 6.400000 0.999767 0.364102 0.364347
6.400000 11.200000 7.200000 0.998710 0.365531 0.371237
6.400000 11.200000 8.000000 0.997477 0.365922 0.386851
6.400000 11.200000 8.800000 0.997206 0.365271 0.407848
6.400000 11.200000 9.600000 0.992884 0.363584 0.430284
6.400000 12.000000 0.000000 nan nan nan
6.400000 12.000000 0.800000 nan nan nan
6.400000 12.000000 1.600000 nan nan nan
6.400000 12.000000 2.400000 nan nan nan
6.400000 12.000000 3.200000 0.550623 0.338033 0.425968
6.400000 12.000000 4.000000 0.965246 0.343245 0.405984
6.400000 12.000000 4.800000 0.997044 0.347544 0.388358
6.400000 12.000000 5.600000 0.994606 0.350897 0.376709
6.400000 12.000000 6.400000 0.988653 0.353276 0.373805
6.400000 12.000000 7.200000 0.990355 0.354661 0.380470
6.400000 12.000000 8.000000 0.996765 0.355039 0.395240
6.400000 12.000000 8.800000 0.998409 0.354409 0.414939
6.400000 12.000000 9.600000 0.998945 0.352774 0.435867
6.400000 12.800000 0.000000 nan nan nan
6.400000 12.800000 0.800000 nan nan nan
6.400000 12.800000 1.600000 nan nan nan
6.400000 12.800000 2.400000 nan nan nan
6.400000 12.800000 3.200000 0.409459 0.327030 0.431891
6.400000 12.800000 4.000000 0.944906 0.332086 0.413439
6.400000 12.800000 4.800000 0.972330 0.336253 0.397231
6.400000 12.800000 5.600000 0.926603 0.339501 0.386625
6.400000 12.800000 6.400000 0.866138 0.341804 0.384155
6.400000 12.800000 7.200000 0.882359 0.343144 0.390527
6.400000 12.800000 8.000000 0.952047 0.343510 0.404322
6.400000 12.800000 8.800000 0.992624 0.342900 0.422563
6.400000 12.800000 9.600000 0.999668 0.341318 0.441826
6.400000 13.600000 0.000000 nan nan nan
6.400000 13.600000 0.800000 nan nan nan
6.400000 13.600000 1.600000 nan nan nan
6.400000 13.600000 2.400000 nan nan nan
6.400000 13.600000 3.200000 0.516501 0.315434 0.438146
6.400000 13.600000 4.000000 0.870326 0.320336 0.421342
6.400000 13.600000 4.800000 0.909876 0.324373 0.406648
6.400000 13.600000 5.600000 0.698261 0.327517 0.397136
6.400000 13.600000 6.400000 0.527250 0.329745 0.395092
6.400000 13.600000 7.200000 0.569273 0.331042 0.401107
6.400000 13.600000 8.000000 0.784731 0.331396 0.413825
6.400000 13.600000 8.800000 0.956261 0.330806 0.430490
6.400000 13.600000 9.600000 0.997401 0.329276 0.447977
6.400000 14.400001 0.000000 nan nan nan
6.400000 14.400001 0.800000 nan nan nan
6.400000 14.400001 1.600000 nan nan nan
6.400000 14.400001 2.400000 0.183227 0.297739 0.459072
6.400000 14.400001 3.200000 0.787361 0.303299 0.444568
6.400000 14.400001 4.000000 0.818403 0.308049 0.429478
6.400000 14.400001 4.800000 0.811915 0.311958 0.416347
6.400000 14.400001 5.600000 0.466592 0.315001 0.407945
6.400000 14.400001 6.400000 0.253467 0.317157 0.406305
6.400000 14.400001 7.200000 0.301011 0.318410 0.411907
6.400000 14.400001 8.000000 0.594685 0.318753 0.423474
6.400000 14.400001 8.800000 0.900421 0.318182 0.438491
6.400000 14.400001 9.600000 0.992939 0.316702 0.454145
6.400000 15.200000 0.000000 0.244585 0.264682 0.488950
6.400000 15.200000 0.800000 0.176421 0.272252 0.483065
6.400000 15.200000 1.600000 0.364213 0.279130 0.474744
6.400000 15.200000 2.400000 0.742841 0.285281 0.463861
6.400000 15.200000 3.200000 0.911142 0.290673 0.450992
6.400000 15.200000 4.000000 0.872234 0.295274 0.437636
6.400000 15.200000 4.800000 0.803414 0.299058 0.426071
6.400000 15.200000 5.600000 0.449727 0.302003 0.418763
6.400000 15.200000 6.400000 0.236205 0.304088 0.417491
6.400000 15.200000 7.200000 0.283405 0.305300 0.422634
6.400000 15.200000 8.000000 0.579967 0.305631 0.433009
6.400000 15.200000 8.800000 0.895417 0.305079 0.446352
6.400000 15.200000 9.600000 0.992495 0.303648 0.460168
6.400000 16.000000 0.000000 0.888756 0.252366 0.490459
6.400000 16.000000 0.800000 0.864911 0.259725 0.485323
6.400000 16.000000 1.600000 0.920599 0.266403 0.478046
6.400000 16.000000 2.400000 0.980410 0.272371 0.468522
6.400000 16.000000 3.200000 0.973241 0.277598 0.457268
6.400000 16.000000 4.000000 0.959602 0.282056 0.445617
6.400000 16.000000 4.800000 0.897286 0.285719 0.435581
6.400000 16.000000 5.600000 0.660804 0.288568 0.429321
6.400000 16.000000 6.400000 0.478504 0.290584 0.428372
6.400000 16.000000 7.200000 0.522700 0.291756 0.433025
6.400000 16.000000 8.000000 0.755407 0.292077 0.442199
6.400000 16.000000 8.800000 0.948647 0.291543 0.453887
6.400000 16.000000 9.600000 0.996852 0.290160 0.465905
6.400000 16.800001 0.000000 0.997467 0.239623 0.491869
6.400000 16.800001 0.800000 0.996716 0.246774 0.487450
6.400000 16.800001 1.600000 0.998370 0.253259 0.481177
6.400000 16.800001 2.400000 0.998434 0.259049 0.472962
6.400000 16.800001 3.200000 0.990719 0.264116 0.463263
6.400000 16.800001 4.000000 0.979676 0.268434 0.453247
6.400000 16.800001 4.800000 0.977904 0.271981 0.444667
6.400000 16.800001 5.600000 0.905603 0.274738 0.439387
6.400000 16.800001 6.400000 0.831324 0.276689 0.438712
6.400000 16.800001 7.200000 0.851047 0.277822 0.442858
6.400000 16.800001 8.000000 0.937579 0.278132 0.450853
6.400000 16.800001 8.800000 0.990017 0.277616 0.460943
6.400000 16.800001 9.600000 0.999532 0.276278 0.471246
6.400000 17.600000 0.000000 0.999991 0.226486 0.493162
6.400000 17.600000 0.800000 0.999988 0.233436 0.489413
6.400000 17.600000 1.600000 0.999969 0.239733 0.484084
6.400000 17.600000 2.400000 0.999359 0.245351 0.477103
6.400000 17.600000 3.200000 0.995946 0.250263 0.468867
6.400000 17.600000 4.000000 0.990787 0.254447 0.460383
6.400000 17.600000 4.800000 0.991646 0.257882 0.453156
6.400000 17.600000 5.600000 0.991711 0.260550 0.448770
6.400000 17.600000 6.400000 0.982873 0.262438 0.448320
6.400000 17.600000 7.200000 0.985381 0.263534 0.451956
6.400000 17.600000 8.000000 0.994975 0.263834 0.458820
6.400000 17.600000 8.800000 0.999397 0.263335 0.467404
6.400000 17.600000 9.600000 0.999979 0.262040 0.476108
6.400000 18.400000 0.000000 1.000000 0.212988 0.494326
6.400000 18.400000 0.800000 1.000000 0.219743 0.491193
6.400000 18.400000 1.600000 0.999996 0.225858 0.486732
6.400000 18.400000 2.400000 0.999911 0.231309 0.480886
6.400000 18.400000 3.200000 0.999365 0.236073 0.473996
6.400000 18.400000 4.000000 0.998327 0.240128 0.466918
6.400000 18.400000 4.800000 0.996560 0.243455 0.460920
6.400000 18.400000 5.600000 0.997288 0.246038 0.457333
6.400000 18.400000 6.400000 0.999203 0.247865 0.457058
6.400000 18.400000 7.200000 0.999663 0.248926 0.460196
6.400000 18.400000 8.000000 0.999902 0.249216 0.466002
6.400000 18.400000 8.800000 0.999991 0.248733 0.473196
6.400000 18.400000 9.600000 1.000000 0.247480 0.480441
6.400000 19.200001 0.000000 1.000000 0.199158 0.495356
6.400000 19.200001 0.800000 1.000000 0.205723 0.492775
6.400000 19.200001 1.600000 0.999999 0.211663 0.489096
6.400000 19.200001 2.400000 0.999923 0.216954 0.484274
6.400000 19.200001 3.200000 0.998690 0.221575 0.478597
6.400000 19.200001 4.000000 0.993085 0.225506 0.472778
6.400000 19.200001 4.800000 0.986439 0.228730 0.467875
6.400000 19.200001 5.600000 0.989134 0.231232 0.464985
6.400000 19.200001 6.400000 0.996560 0.233001 0.464841
6.400000 19.200001 7.200000 0.999627 0.234028 0.467505
6.400000 19.200001 8.000000 0.999989 0.234309 0.472342
6.400000 19.200001 8.800000 1.000000 0.233842 0.478283
6.400000 19.200001 9.600000 1.000000 0.232629 0.484224
6.400000 20.000000 0.000000 1.000000 0.185023 0.496251
6.400000 20.000000 0.800000 1.000000 0.191406 0.494157
6.400000 20.000000 1.600000 0.999998 0.197176 0.491168
6.400000 20.000000 2.400000 0.999868 0.202313 0.487250
6.400000 20.000000 3.200000 0.997868 0.206797 0.482642
6.400000 20.000000 4.000000 0.989134 0.210609 0.477931
6.400000 20.000000 4.800000 0.979073 0.213734 0.473981
6.400000 20.000000 5.600000 0.983127 0.216159 0.471687
6.400000 20.000000 6.400000 0.994506 0.217872 0.471635
6.400000 20.000000 7.200000 0.999380 0.218867 0.473860
6.400000 20.000000 8.000000 0.999980 0.219139 0.477829
6.400000 20.000000 8.800000 1.000000 0.218687 0.482661
6.400000 20.000000 9.600000 1.000000 0.217512 0.487463
7.200000 0.000000 0.000000 0.947272 0.375424 0.475804
7.200000 0.000000 0.800000 0.577988 0.385650 0.466760
7.200000 0.000000 1.600000 0.070686 0.395075 0.455155
7.200000 0.000000 2.400000 nan nan nan
7.200000 0.000000 3.200000 nan nan nan
7.200000 0.000000 4.000000 0.029639 0.417775 0.408929
7.200000 0.000000 4.800000 0.056064 0.423229 0.394970
7.200000 0.000000 5.600000 0.048150 0.427511 0.385905
7.200000 0.000000 6.400000 0.256142 0.430566 0.383865
7.200000 0.000000 7.200000 0.711404 0.432350 0.389581
7.200000 0.000000 8.000000 0.965667 0.432839 0.402043
7.200000 0.000000 8.800000 0.999083 0.432025 0.418846
7.200000 0.000000 9.600000 0.999993 0.429921 0.437052
7.200000 0.800000 0.000000 0.896021 0.379090 0.474385
7.200000 0.800000 0.800000 0.357506 0.389436 0.464717
7.200000 0.800000 1.600000 nan nan nan
7.200000 0.800000 2.400000 nan nan nan
7.200000 0.800000 3.200000 nan nan nan
7.200000 0.800000 4.000000 nan nan nan
7.200000 0.800000 4.800000 nan nan nan
7.200000 0.800000 5.600000 nan nan nan
7.200000 0.800000 6.400000 nan nan nan
7.200000 0.800000 7.200000 0.253351 0.436808 0.381270
7.200000 0.800000 8.000000 0.847748 0.437305 0.394643
7.200000 0.800000 8.800000 0.993970 0.436478 0.412720
7.200000 0.800000 9.600000 0.998938 0.434338 0.432328
7.200000 1.600000 0.000000 0.894883 0.381702 0.473155
7.200000 1.600000 0.800000 0.385928 0.392136 0.462911
7.200000 1.600000 1.600000 nan nan nan
7.200000 1.600000 2.400000 nan nan nan
7.200000 1.600000 3.200000 nan nan nan
7.200000 1.600000 4.000000 nan nan nan
7.200000 1.600000 4.800000 nan nan nan
7.200000 1.600000 5.600000 nan nan nan
7.200000 1.600000 6.400000 nan nan nan
7.200000 1.600000 7.200000 0.044926 0.439999 0.373455
7.200000 1.600000 8.000000 0.716380 0.440502 0.387700
7.200000 1.600000 8.800000 0.906460 0.439665 0.406990
7.200000 1.600000 9.600000 0.968085 0.437499 0.427932
7.200000 2.400000 0.000000 0.540057 0.383233 0.472148
7.200000 2.400000 0.800000 0.410306 0.393720 0.461389
7.200000 2.400000 1.600000 0.136461 0.403401 0.447432
7.200000 2.400000 2.400000 nan nan nan
7.200000 2.400000 3.200000 nan nan nan
7.200000 2.400000 4.000000 nan nan nan
7.200000 2.400000 4.800000 nan nan nan
7.200000 2.400000 5.600000 nan nan nan
7.200000 2.400000 6.400000 nan nan nan
7.200000 2.400000 7.200000 0.000576 0.441876 0.366338
7.200000 2.400000 8.000000 0.114414 0.442383 0.381396
7.200000 2.400000 8.800000 0.490944 0.441539 0.401816
7.200000 2.400000 9.600000 0.763759 0.439358 0.423990
7.200000 3.200000 0.000000 0.195510 0.383669 0.471392
7.200000 3.200000 0.800000 0.079897 0.394170 0.460193
7.200000 3.200000 1.600000 0.183861 0.403866 0.445604
7.200000 3.200000 2.400000 0.134891 0.412675 0.427624
7.200000 3.200000 3.200000 0.000712 0.420513 0.407138
7.200000 3.200000 4.000000 nan nan nan
7.200000 3.200000 4.800000 nan nan nan
7.200000 3.200000 5.600000 nan nan nan
7.200000 3.200000 6.400000 nan nan nan
7.200000 3.200000 7.200000 nan nan nan
7.200000 3.200000 8.000000 nan nan nan
7.200000 3.200000 8.800000 0.010766 0.442073 0.397353
7.200000 3.200000 9.600000 0.403501 0.439887 0.420625
7.200000 4.000000 0.000000 0.114618 0.383004 0.470908
7.200000 4.000000 0.800000 0.026240 0.393482 0.459356
7.200000 4.000000 1.600000 0.104706 0.403156 0.444241
7.200000 4.000000 2.400000 nan nan nan
7.200000 4.000000 3.200000 nan nan nan
7.200000 4.000000 4.000000 nan nan nan
7.200000 4.000000 4.800000 nan nan nan
7.200000 4.000000 5.600000 nan nan nan
7.200000 4.000000 6.400000 nan nan nan
7.200000 4.000000 7.200000 nan nan nan
7.200000 4.000000 8.000000 nan nan nan
7.200000 4.000000 8.800000 nan nan nan
7.200000 4.000000 9.600000 0.108319 0.439079 0.417954
7.200000 4.800000 0.000000 0.272251 0.381245 0.470712
7.200000 4.800000 0.800000 0.142426 0.391664 0.458904
7.200000 4.800000 1.600000 0.087702 0.401279 0.443386
7.200000 4.800000 2.400000 nan nan nan
7.200000 4.800000 3.200000 nan nan nan
7.200000 4.800000 4.000000 nan nan nan
7.200000 4.800000 4.800000 nan nan nan
7.200000 4.800000 5.600000 nan nan nan
7.200000 4.800000 6.400000 nan nan nan
7.200000 4.800000 7.200000 nan nan nan
7.200000 4.800000 8.000000 nan nan nan
7.200000 4.800000 8.800000 nan nan nan
7.200000 4.800000 9.600000 0.062205 0.436945 0.416081
7.200000 5.600000 0.000000 0.668120 0.378411 0.470809
7.200000 5.600000 0.800000 0.557931 0.388735 0.458853
7.200000 5.600000 1.600000 0.174870 0.398256 0.443069
7.200000 5.600000 2.400000 nan nan nan
7.200000 5.600000 3.200000 nan nan nan
7.200000 5.600000 4.000000 nan nan nan
7.200000 5.600000 4.800000 nan nan nan
7.200000 5.600000 5.600000 nan nan nan
7.200000 5.600000 6.400000 nan nan nan
7.200000 5.600000 7.200000 nan nan nan
7.200000 5.600000 8.000000 nan nan nan
7.200000 5.600000 8.800000 nan nan nan
7.200000 5.600000 9.600000 0.228956 0.433518 0.415090
7.200000 6.400000 0.000000 0.947059 0.374529 0.471199
7.200000 6.400000 0.800000 0.920612 0.384726 0.459208
7.200000 6.400000 1.600000 0.531502 0.394122 0.443307
7.200000 6.400000 2.400000 0.055340 0.402642 0.423441
7.200000 6.400000 3.200000 nan nan nan
7.200000 6.400000 4.000000 nan nan nan
7.200000 6.400000 4.800000 0.066247 0.422180 0.356693
7.200000 6.400000 5.600000 0.223611 0.426446 0.343256
7.200000 6.400000 6.400000 0.013680 0.429488 0.339984
7.200000 6.400000 7.200000 0.001563 0.431266 0.347927
7.200000 6.400000 8.000000 0.010077 0.431753 0.365565
7.200000 6.400000 8.800000 0.193874 0.430942 0.389361
7.200000 6.400000 9.600000 0.656261 0.428846 0.415043
7.200000 7.200000 0.000000 0.996853 0.369637 0.471873
7.200000 7.200000 0.800000 0.991013 0.379678 0.459965
7.200000 7.200000 1.600000 0.895781 0.388921 0.444102
7.200000 7.200000 2.400000 0.624701 0.397295 0.424221
7.200000 7.200000 3.200000 0.391774 0.404725 0.401320
7.200000 7.200000 4.000000 0.397446 0.411137 0.377794
7.200000 7.200000 4.800000 0.638080 0.416464 0.357288
7.200000 7.200000 5.600000 0.843699 0.420643 0.343860
7.200000 7.200000 6.400000 0.607197 0.423621 0.340663
7.200000 7.200000 7.200000 0.406193 0.425360 0.348717
7.200000 7.200000 8.000000 0.447372 0.425837 0.366457
7.200000 7.200000 8.800000 0.701322 0.425044 0.390305
7.200000 7.200000 9.600000 0.932570 0.422992 0.415967
7.200000 8.000000 0.000000 0.955596 0.363778 0.472813
7.200000 8.000000 0.800000 0.970512 0.373638 0.461107
7.200000 8.000000 1.600000 0.992026 0.382706 0.445444
7.200000 8.000000 2.400000 0.965471 0.390911 0.425752
7.200000 8.000000 3.200000 0.920269 0.398184 0.403032
7.200000 8.000000 4.000000 0.907289 0.404454 0.379686
7.200000 8.000000 4.800000 0.949826 0.409658 0.359365
7.200000 8.000000 5.600000 0.989032 0.413738 0.346115
7.200000 8.000000 6.400000 0.949539 0.416644 0.343056
7.200000 8.000000 7.200000 0.903918 0.418340 0.351166
7.200000 8.000000 8.000000 0.914723 0.418804 0.368841
7.200000 8.000000 8.800000 0.965801 0.418031 0.392495
7.200000 8.000000 9.600000 0.959860 0.416030 0.417859
7.200000 8.800000 0.000000 0.806435 0.357001 0.473995
7.200000 8.800000 0.800000 0.862259 0.366661 0.462607
7.200000 8.800000 1.600000 0.955596 0.375534 0.447303
7.200000 8.800000 2.400000 0.994964 0.383554 0.428008
7.200000 8.800000 3.200000 0.990010 0.390653 0.405713
7.200000 8.800000 4.000000 0.988044 0.396768 0.382806
7.200000 8.800000 4.800000 0.994199 0.401838 0.362904
7.200000 8.800000 5.600000 0.998967 0.405809 0.349999
7.200000 8.800000 6.400000 0.998618 0.408635 0.347140
7.200000 8.800000 7.200000 0.996889 0.410285 0.355242
7.200000 8.800000 8.000000 0.982664 0.410736 0.372679
7.200000 8.800000 8.800000 0.912416 0.409984 0.395891
7.200000 8.800000 9.600000 0.821871 0.408039 0.420679
7.200000 9.600000 0.000000 0.642792 0.349361 0.475389
7.200000 9.600000 0.800000 0.733844 0.358805 0.464429
7.200000 9.600000 1.600000 0.903894 0.367468 0.449639
7.200000 9.600000 2.400000 0.987516 0.375288 0.430941
7.200000 9.600000 3.200000 0.999563 0.382203 0.409310
7.200000 9.600000 4.000000 0.999584 0.388152 0.387096
7.200000 9.600000 4.800000 0.999818 0.393080 0.367841
7.200000 9.600000 5.600000 0.999907 0.396936 0.355439
7.200000 9.600000 6.400000 0.998543 0.399679 0.352832
7.200000 9.600000 7.200000 0.992769 0.401279 0.360859
7.200000 9.600000 8.000000 0.959860 0.401717 0.377882
7.200000 9.600000 8.800000 0.821871 0.400988 0.400407
7.200000 9.600000 9.600000 0.667319 0.399100 0.424351
7.200000 10.400001 0.000000 0.553785 0.340913 0.476959
7.200000 10.400001 0.800000 0.488947 0.350128 0.466528
7.200000 10.400001 1.600000 0.651352 0.358571 0.452395
7.200000 10.400001 2.400000 0.886387 0.366183 0.434482
7.200000 10.400001 3.200000 0.987500 0.372905 0.413741
7.200000 10.400001 4.000000 0.999653 0.378682 0.392457
7.200000 10.400001 4.800000 0.999975 0.383462 0.374062
7.200000 10.400001 5.600000 0.999379 0.387199 0.362307
7.200000 10.400001 6.400000 0.991761 0.389857 0.359992
7.200000 10.400001 7.200000 0.964447 0.391405 0.367871
7.200000 10.400001 8.000000 0.938267 0.391829 0.384311
7.200000 10.400001 8.800000 0.821871 0.391124 0.405917
7.200000 10.400001 9.600000 0.667319 0.389296 0.428770
7.200000 11.200000 0.000000 0.002935 0.331711 0.478666
7.200000 11.200000 0.800000 nan nan nan
7.200000 11.200000 1.600000 0.048596 0.348906 0.455503
7.200000 11.200000 2.400000 0.459850 0.356304 0.438546
7.200000 11.200000 3.200000 0.898520 0.362829 0.418898
7.200000 11.200000 4.000000 0.995637 0.368430 0.398757
7.200000 11.200000 4.800000 0.997454 0.373060 0.381410
7.200000 11.200000 5.600000 0.998575 0.376678 0.370422
7.200000 11.200000 6.400000 0.982743 0.379248 0.368428
7.200000 11.200000 7.200000 0.931026 0.380745 0.376084
7.200000 11.200000 8.000000 0.884672 0.381155 0.391780
7.200000 11.200000 8.800000 0.908056 0.380473 0.412259
7.200000 11.200000 9.600000 0.821871 0.378706 0.433802
7.200000 12.000000 0.000000 nan nan nan
7.200000 12.000000 0.800000 nan nan nan
7.200000 12.000000 1.600000 nan nan nan
7.200000 12.000000 2.400000 0.074580 0.345716 0.443029
7.200000 12.000000 3.200000 0.709120 0.352043 0.424649
7.200000 12.000000 4.000000 0.919162 0.357468 0.405832
7.200000 12.000000 4.800000 0.945070 0.361947 0.389688
7.200000 12.000000 5.600000 0.953562 0.365444 0.379565
7.200000 12.000000 6.400000 0.912472 0.367927 0.377903
7.200000 12.000000 7.200000 0.923671 0.369374 0.385262
7.200000 12.000000 8.000000 0.897798 0.369769 0.400072
7.200000 12.000000 8.800000 0.918822 0.369111 0.419243
7.200000 12.000000 9.600000 0.959860 0.367404 0.439294
7.200000 12.800000 0.000000 nan nan nan
7.200000 12.800000 0.800000 nan nan nan
7.200000 12.800000 1.600000 nan nan nan
7.200000 12.800000 2.400000 0.004733 0.334481 0.447819
7.200000 12.800000 3.200000 0.597048 0.340610 0.430844
7.200000 12.800000 4.000000 0.588584 0.345860 0.413495
7.200000 12.800000 4.800000 0.689426 0.350191 0.398673
7.200000 12.800000 5.600000 0.617578 0.353569 0.389481
7.200000 12.800000 6.400000 0.424383 0.355966 0.388149
7.200000 12.800000 7.200000 0.470468 0.357362 0.395140
7.200000 12.800000 8.000000 0.720925 0.357744 0.408942
7.200000 12.800000 8.800000 0.939240 0.357108 0.426662
7.200000 12.800000 9.600000 0.989573 0.355461 0.445082
7.200000 13.600000 0.000000 nan nan nan
7.200000 13.600000 0.800000 nan nan nan
7.200000 13.600000 1.600000 nan nan nan
7.200000 13.600000 2.400000 0.050172 0.322657 0.452795
7.200000 13.600000 3.200000 0.344103 0.328590 0.437325
7.200000 13.600000 4.000000 0.214043 0.333668 0.421542
7.200000 13.600000 4.800000 0.344611 0.337853 0.408121
7.200000 13.600000 5.600000 0.110749 0.341115 0.399897
7.200000 13.600000 6.400000 0.002061 0.343429 0.398880
7.200000 13.600000 7.200000 0.012997 0.344775 0.405438
7.200000 13.600000 8.000000 0.240185 0.345143 0.418137
7.200000 13.600000 8.800000 0.739837 0.344530 0.434302
7.200000 13.600000 9.600000 0.975455 0.342941 0.451000
7.200000 14.400001 0.000000 nan nan nan
7.200000 14.400001 0.800000 nan nan nan
7.200000 14.400001 1.600000 0.013573 0.303757 0.469835
7.200000 14.400001 2.400000 0.385256 0.310297 0.457837
7.200000 14.400001 3.200000 0.216438 0.316039 0.443927
7.200000 14.400001 4.000000 0.101019 0.320949 0.429766
7.200000 14.400001 4.800000 0.216924 0.324992 0.417783
7.200000 14.400001 5.600000 nan nan nan
7.200000 14.400001 6.400000 nan nan nan
7.200000 14.400001 7.200000 nan nan nan
7.200000 14.400001 8.000000 0.024342 0.332027 0.427407
7.200000 14.400001 8.800000 0.526384 0.331436 0.441958
7.200000 14.400001 9.600000 0.941466 0.329903 0.456889
7.200000 15.200000 0.000000 0.448243 0.276260 0.487801
7.200000 15.200000 0.800000 0.377896 0.284040 0.481784
7.200000 15.200000 1.600000 0.558490 0.291116 0.473472
7.200000 15.200000 2.400000 0.694599 0.297450 0.462828
7.200000 15.200000 3.200000 0.349622 0.303007 0.450495
7.200000 15.200000 4.000000 0.219325 0.307753 0.437965
7.200000 15.200000 4.800000 0.276386 0.311659 0.427417
7.200000 15.200000 5.600000 nan nan nan
7.200000 15.200000 6.400000 nan nan nan
7.200000 15.200000 7.200000 nan nan nan
7.200000 15.200000 8.000000 0.017327 0.318449 0.436519
7.200000 15.200000 8.800000 0.510371 0.317878 0.449437
7.200000 15.200000 9.600000 0.938327 0.316400 0.462604
7.200000 16.000000 0.000000 0.938086 0.263617 0.489483
7.200000 16.000000 0.800000 0.923673 0.271168 0.484237
7.200000 16.000000 1.600000 0.956843 0.278028 0.476974
7.200000 16.000000 2.400000 0.887316 0.284163 0.467664
7.200000 16.000000 3.200000 0.696655 0.289539 0.456880
7.200000 16.000000 4.000000 0.597705 0.294128 0.445951
7.200000 16.000000 4.800000 0.516302 0.297902 0.436800
7.200000 16.000000 5.600000 0.071654 0.300837 0.431420
7.200000 16.000000 6.400000 nan nan nan
7.200000 16.000000 7.200000 0.001446 0.304125 0.436144
7.200000 16.000000 8.000000 0.189625 0.304455 0.445265
7.200000 16.000000 8.800000 0.706085 0.303905 0.456573
7.200000 16.000000 9.600000 0.970948 0.302478 0.468023
7.200000 16.800001 0.000000 0.998815 0.250554 0.491048
7.200000 16.800001 0.800000 0.998451 0.257882 0.486538
7.200000 16.800001 1.600000 0.995563 0.264533 0.480279
7.200000 16.800001 2.400000 0.945562 0.270475 0.472251
7.200000 16.800001 3.200000 0.786856 0.275678 0.462957
7.200000 16.800001 4.000000 0.634848 0.280115 0.453561
7.200000 16.800001 4.800000 0.656484 0.283762 0.445736
7.200000 16.800001 5.600000 0.543412 0.286597 0.441205
7.200000 16.800001 6.400000 0.336843 0.288603 0.441107
7.200000 16.800001 7.200000 0.384649 0.289770 0.445533
7.200000 16.800001 8.000000 0.660094 0.290089 0.453474
7.200000 16.800001 8.800000 0.921420 0.289558 0.463234
7.200000 16.800001 9.600000 0.994729 0.288181 0.473048
7.200000 17.600000 0.000000 0.999996 0.237107 0.492479
7.200000 17.600000 0.800000 0.999966 0.244219 0.488655
7.200000 17.600000 1.600000 0.998119 0.250667 0.483339
7.200000 17.600000 2.400000 0.973860 0.256423 0.476515
7.200000 17.600000 3.200000 0.884866 0.261460 0.468621
7.200000 17.600000 4.000000 0.787980 0.265752 0.460660
7.200000 17.600000 4.800000 0.802434 0.269277 0.454067
7.200000 17.600000 5.600000 0.909239 0.272016 0.450307
7.200000 17.600000 6.400000 0.876751 0.273954 0.450336
7.200000 17.600000 7.200000 0.891860 0.275080 0.454202
7.200000 17.600000 8.000000 0.956326 0.275388 0.461016
7.200000 17.600000 8.800000 0.993370 0.274875 0.469318
7.200000 17.600000 9.600000 0.999705 0.273546 0.477610
7.200000 18.400000 0.000000 1.000000 0.223308 0.493764
7.200000 18.400000 0.800000 0.999996 0.230211 0.490568
7.200000 18.400000 1.600000 0.999721 0.236464 0.486118
7.200000 18.400000 2.400000 0.995165 0.242042 0.480402
7.200000 18.400000 3.200000 0.974039 0.246919 0.473795
7.200000 18.400000 4.000000 0.941672 0.251071 0.467148
7.200000 18.400000 4.800000 0.897039 0.254480 0.461674
7.200000 18.400000 5.600000 0.914440 0.257128 0.458601
7.200000 18.400000 6.400000 0.968125 0.259001 0.458719
7.200000 18.400000 7.200000 0.995647 0.260088 0.462042
7.200000 18.400000 8.000000 0.998750 0.260386 0.467803
7.200000 18.400000 8.800000 0.999865 0.259891 0.474763
7.200000 18.400000 9.600000 0.999996 0.258606 0.481668
7.200000 19.200001 0.000000 1.000000 0.209187 0.494897
7.200000 19.200001 0.800000 1.000000 0.215889 0.492265
7.200000 19.200001 1.600000 0.999899 0.221955 0.488594
7.200000 19.200001 2.400000 0.995647 0.227361 0.483878
7.200000 19.200001 3.200000 0.952132 0.232085 0.478429
7.200000 19.200001 4.000000 0.825570 0.236105 0.472961
7.200000 19.200001 4.800000 0.718205 0.239403 0.468481
7.200000 19.200001 5.600000 0.758459 0.241963 0.466007
7.200000 19.200001 6.400000 0.897039 0.243774 0.466179
7.200000 19.200001 7.200000 0.983127 0.244825 0.468991
7.200000 19.200001 8.000000 0.999203 0.245112 0.473790
7.200000 19.200001 8.800000 0.999991 0.244634 0.479540
7.200000 19.200001 9.600000 1.000000 0.243392 0.485207
7.200000 20.000000 0.000000 1.000000 0.194771 0.495881
7.200000 20.000000 0.800000 0.999999 0.201279 0.493744
7.200000 20.000000 1.600000 0.999829 0.207165 0.490761
7.200000 20.000000 2.400000 0.993085 0.212407 0.486926
7.200000 20.000000 3.200000 0.929209 0.216985 0.482500
7.200000 20.000000 4.000000 0.758459 0.220878 0.478067
7.200000 20.000000 4.800000 0.623635 0.224071 0.474455
7.200000 20.000000 5.600000 0.673267 0.226548 0.472492
7.200000 20.000000 6.400000 0.852957 0.228299 0.472691
7.200000 20.000000 7.200000 0.974128 0.229316 0.475033
7.200000 20.000000 8.000000 0.998690 0.229594 0.478970
7.200000 20.000000 8.800000 0.999985 0.229131 0.483651
7.200000 20.000000 9.600000 1.000000 0.227931 0.488234
8.000000 0.000000 0.000000 0.860703 0.389998 0.472091
8.000000 0.000000 0.800000 0.250080 0.400722 0.462286
8.000000 0.000000 1.600000 nan nan nan
8.000000 0.000000 2.400000 nan nan nan
8.000000 0.000000 3.200000 nan nan nan
8.000000 0.000000 4.000000 nan nan nan
8.000000 0.000000 4.800000 0.000149 0.440474 0.389503
8.000000 0.000000 5.600000 0.011565 0.445046 0.381130
8.000000 0.000000 6.400000 0.253331 0.448313 0.379909
8.000000 0.000000 7.200000 0.758459 0.450224 0.386422
8.000000 0.000000 8.000000 0.979073 0.450748 0.399553
8.000000 0.000000 8.800000 0.999627 0.449876 0.416863
8.000000 0.000000 9.600000 0.999946 0.447623 0.435438
8.000000 0.800000 0.000000 0.748585 0.393839 0.470522
8.000000 0.800000 0.800000 0.053498 0.404702 0.460083
8.000000 0.800000 1.600000 nan nan nan
8.000000 0.800000 2.400000 nan nan nan
8.000000 0.800000 3.200000 nan nan nan
8.000000 0.800000 4.000000 nan nan nan
8.000000 0.800000 4.800000 0.004599 0.445074 0.382038
8.000000 0.800000 5.600000 0.007049 0.449730 0.373001
8.000000 0.800000 6.400000 0.162740 0.453059 0.371632
8.000000 0.800000 7.200000 0.641271 0.455007 0.378565
8.000000 0.800000 8.000000 0.953481 0.455541 0.392607
8.000000 0.800000 8.800000 0.979067 0.454652 0.411142
8.000000 0.800000 9.600000 0.993794 0.452355 0.431041
8.000000 1.600000 0.000000 0.582762 0.396578 0.469184
8.000000 1.600000 0.800000 0.071780 0.407542 0.458169
8.000000 1.600000 1.600000 nan nan nan
8.000000 1.600000 2.400000 nan nan nan
8.000000 1.600000 3.200000 nan nan nan
8.000000 1.600000 4.000000 nan nan nan
8.000000 1.600000 4.800000 nan nan nan
8.000000 1.600000 5.600000 nan nan nan
8.000000 1.600000 6.400000 0.006383 0.456463 0.363991
8.000000 1.600000 7.200000 0.417471 0.458438 0.371321
8.000000 1.600000 8.000000 0.606396 0.458980 0.386222
8.000000 1.600000 8.800000 0.680099 0.458079 0.405908
8.000000 1.600000 9.600000 0.868024 0.455749 0.427045
8.000000 2.400000 0.000000 0.033801 0.398185 0.468113
8.000000 2.400000 0.800000 nan nan nan
8.000000 2.400000 1.600000 nan nan nan
8.000000 2.400000 2.400000 nan nan nan
8.000000 2.400000 3.200000 nan nan nan
8.000000 2.400000 4.000000 nan nan nan
8.000000 2.400000 4.800000 nan nan nan
8.000000 2.400000 5.600000 nan nan nan
8.000000 2.400000 6.400000 0.008990 0.458468 0.357182
8.000000 2.400000 7.200000 0.096959 0.460460 0.364880
8.000000 2.400000 8.000000 0.008222 0.461006 0.380570
8.000000 2.400000 8.800000 0.049959 0.460097 0.401306
8.000000 2.400000 9.600000 0.369339 0.457749 0.423565
8.000000 3.200000 0.000000 nan nan nan
8.000000 3.200000 0.800000 nan nan nan
8.000000 3.200000 1.600000 nan nan nan
8.000000 3.200000 2.400000 0.007664 0.429247 0.421910
8.000000 3.200000 3.200000 nan nan nan
8.000000 3.200000 4.000000 nan nan nan
8.000000 3.200000 4.800000 0.012529 0.450863 0.363901
8.000000 3.200000 5.600000 0.002597 0.455629 0.353133
8.000000 3.200000 6.400000 nan nan nan
8.000000 3.200000 7.200000 nan nan nan
8.000000 3.200000 8.000000 nan nan nan
8.000000 3.200000 8.800000 nan nan nan
8.000000 3.200000 9.600000 0.009864 0.458318 0.420711
8.000000 4.000000 0.000000 nan nan nan
8.000000 4.000000 0.800000 nan nan nan
8.000000 4.000000 1.600000 nan nan nan
8.000000 4.000000 2.400000 nan nan nan
8.000000 4.000000 3.200000 nan nan nan
8.000000 4.000000 4.000000 nan nan nan
8.000000 4.000000 4.800000 nan nan nan
8.000000 4.000000 5.600000 nan nan nan
8.000000 4.000000 6.400000 nan nan nan
8.000000 4.000000 7.200000 nan nan nan
8.000000 4.000000 8.000000 nan nan nan
8.000000 4.000000 8.800000 nan nan nan
8.000000 4.000000 9.600000 nan nan nan
8.000000 4.800000 0.000000 nan nan nan
8.000000 4.800000 0.800000 nan nan nan
8.000000 4.800000 1.600000 nan nan nan
8.000000 4.800000 2.400000 nan nan nan
8.000000 4.800000 3.200000 nan nan nan
8.000000 4.800000 4.000000 nan nan nan
8.000000 4.800000 4.800000 nan nan nan
8.000000 4.800000 5.600000 nan nan nan
8.000000 4.800000 6.400000 nan nan nan
8.000000 4.800000 7.200000 nan nan nan
8.000000 4.800000 8.000000 nan nan nan
8.000000 4.800000 8.800000 nan nan nan
8.000000 4.800000 9.600000 nan nan nan
8.000000 5.600000 0.000000 0.145141 0.393127 0.466967
8.000000 5.600000 0.800000 0.044539 0.403964 0.454384
8.000000 5.600000 1.600000 0.022837 0.413992 0.438174
8.000000 5.600000 2.400000 nan nan nan
8.000000 5.600000 3.200000 nan nan nan
8.000000 5.600000 4.000000 nan nan nan
8.000000 5.600000 4.800000 nan nan nan
8.000000 5.600000 5.600000 nan nan nan
8.000000 5.600000 6.400000 nan nan nan
8.000000 5.600000 7.200000 nan nan nan
8.000000 5.600000 8.000000 nan nan nan
8.000000 5.600000 8.800000 nan nan nan
8.000000 5.600000 9.600000 0.137381 0.451476 0.416800
8.000000 6.400000 0.000000 0.752501 0.389062 0.467508
8.000000 6.400000 0.800000 0.661272 0.399751 0.454941
8.000000 6.400000 1.600000 0.323262 0.409634 0.438680
8.000000 6.400000 2.400000 nan nan nan
8.000000 6.400000 3.200000 nan nan nan
8.000000 6.400000 4.000000 nan nan nan
8.000000 6.400000 4.800000 nan nan nan
8.000000 6.400000 5.600000 0.186800 0.443908 0.343389
8.000000 6.400000 6.400000 nan nan nan
8.000000 6.400000 7.200000 nan nan nan
8.000000 6.400000 8.000000 nan nan nan
8.000000 6.400000 8.800000 nan nan nan
8.000000 6.400000 9.600000 0.394777 0.446473 0.417252
8.000000 7.200000 0.000000 0.955596 0.383944 0.468365
8.000000 7.200000 0.800000 0.963945 0.394455 0.455935
8.000000 7.200000 1.600000 0.815294 0.404160 0.439779
8.000000 7.200000 2.400000 0.386952 0.412978 0.419995
8.000000 7.200000 3.200000 0.091086 0.420825 0.397712
8.000000 7.200000 4.000000 0.055084 0.427616 0.375352
8.000000 7.200000 4.800000 0.228692 0.433272 0.356430
8.000000 7.200000 5.600000 0.664254 0.437718 0.344720
8.000000 7.200000 6.400000 0.229878 0.440893 0.343016
8.000000 7.200000 7.200000 0.049361 0.442749 0.352038
8.000000 7.200000 8.000000 0.076411 0.443257 0.370082
8.000000 7.200000 8.800000 0.355816 0.442411 0.393637
8.000000 7.200000 9.600000 0.800813 0.440222 0.418619
8.000000 8.000000 0.000000 0.642792 0.377825 0.469516
8.000000 8.000000 0.800000 0.733844 0.388129 0.457342
8.000000 8.000000 1.600000 0.903894 0.397631 0.441450
8.000000 8.000000 2.400000 0.719662 0.406253 0.421930
8.000000 8.000000 3.200000 0.463662 0.413915 0.399906
8.000000 8.000000 4.000000 0.412275 0.420539 0.377802
8.000000 8.000000 4.800000 0.603429 0.426048 0.359127
8.000000 8.000000 5.600000 0.872465 0.430375 0.347632
8.000000 8.000000 6.400000 0.844680 0.433462 0.346069
8.000000 8.000000 7.200000 0.731754 0.435266 0.355109
8.000000 8.000000 8.000000 0.757140 0.435761 0.373020
8.000000 8.000000 8.800000 0.821872 0.434938 0.396292
8.000000 8.000000 9.600000 0.667319 0.432811 0.420878
8.000000 8.800000 0.000000 0.152713 0.370759 0.470928
8.000000 8.800000 0.800000 0.277766 0.380835 0.459128
8.000000 8.800000 1.600000 0.642792 0.390114 0.443656
8.000000 8.800000 2.400000 0.934136 0.398521 0.424595
8.000000 8.800000 3.200000 0.881614 0.405981 0.403057
8.000000 8.800000 4.000000 0.863426 0.412422 0.381445
8.000000 8.800000 4.800000 0.923855 0.417773 0.363223
8.000000 8.800000 5.600000 0.982427 0.421971 0.352081
8.000000 8.800000 6.400000 0.994152 0.424964 0.350697
8.000000 8.800000 7.200000 0.982664 0.426712 0.359684
8.000000 8.800000 8.000000 0.821872 0.427191 0.377290
8.000000 8.800000 8.800000 0.441303 0.426394 0.400042
8.000000 8.800000 9.600000 0.182421 0.424332 0.423977
8.000000 9.600000 0.000000 0.002350 0.362807 0.472567
8.000000 9.600000 0.800000 0.053192 0.372639 0.461248
8.000000 9.600000 1.600000 0.409167 0.381678 0.446344
8.000000 9.600000 2.400000 0.862259 0.389856 0.427931
8.000000 9.600000 3.200000 0.992026 0.397103 0.407100
8.000000 9.600000 4.000000 0.992115 0.403351 0.386205
8.000000 9.600000 4.800000 0.996236 0.408536 0.368635
8.000000 9.600000 5.600000 0.996871 0.412599 0.357976
8.000000 9.600000 6.400000 0.965660 0.415493 0.356802
8.000000 9.600000 7.200000 0.873962 0.417182 0.365658
8.000000 9.600000 8.000000 0.667319 0.417645 0.382789
8.000000 9.600000 8.800000 0.182421 0.416875 0.404794
8.000000 9.600000 9.600000 0.009192 0.414882 0.427832
8.000000 10.400001 0.000000 0.002350 0.354030 0.474390
8.000000 10.400001 0.800000 0.053192 0.363605 0.463650
8.000000 10.400001 1.600000 0.409167 0.372395 0.449449
8.000000 10.400001 2.400000 0.862259 0.380335 0.431860
8.000000 10.400001 3.200000 0.992026 0.387362 0.411940
8.000000 10.400001 4.000000 0.999505 0.393411 0.391974
8.000000 10.400001 4.800000 0.999497 0.398425 0.375237
8.000000 10.400001 5.600000 0.983365 0.402350 0.365177
8.000000 10.400001 6.400000 0.860551 0.405143 0.364234
8.000000 10.400001 7.200000 0.599473 0.406773 0.372878
8.000000 10.400001 8.000000 0.435444 0.407219 0.389370
8.000000 10.400001 8.800000 0.182422 0.406476 0.410415
8.000000 10.400001 9.600000 0.009192 0.404554 0.432334
8.000000 11.200000 0.000000 0.152713 0.344489 0.476350
8.000000 11.200000 0.800000 0.277766 0.353799 0.466273
8.000000 11.200000 1.600000 0.472896 0.362334 0.452897
8.000000 11.200000 2.400000 0.803627 0.370032 0.436287
8.000000 11.200000 3.200000 0.975189 0.376835 0.417461
8.000000 11.200000 4.000000 0.967646 0.382683 0.398612
8.000000 11.200000 4.800000 0.978765 0.387525 0.382868
8.000000 11.200000 5.600000 0.966304 0.391311 0.373501
8.000000 11.200000 6.400000 0.757326 0.394004 0.372800
8.000000 11.200000 7.200000 0.398417 0.395574 0.381153
8.000000 11.200000 8.000000 0.218025 0.396004 0.396854
8.000000 11.200000 8.800000 0.298330 0.395288 0.416747
8.000000 11.200000 9.600000 0.182421 0.393436 0.437352
8.000000 12.000000 0.000000 0.017404 0.334243 0.478402
8.000000 12.000000 0.800000 0.000854 0.343286 0.469056
8.000000 12.000000 1.600000 0.084253 0.351563 0.456602
8.000000 12.000000 2.400000 0.510973 0.359018 0.441104
8.000000 12.000000 3.200000 0.716753 0.365596 0.423528
8.000000 12.000000 4.000000 0.622065 0.371245 0.405951
8.000000 12.000000 4.800000 0.717082 0.375915 0.391331
8.000000 12.000000 5.600000 0.858594 0.379565 0.382733
8.000000 12.000000 6.400000 0.756613 0.382158 0.382271
8.000000 12.000000 7.200000 0.441308 0.383669 0.390254
8.000000 12.000000 8.000000 0.260756 0.384083 0.405029
8.000000 12.000000 8.800000 0.342248 0.383394 0.423610
8.000000 12.000000 9.600000 0.653629 0.381611 0.442742
8.000000 12.800000 0.000000 nan nan nan
8.000000 12.800000 0.800000 nan nan nan
8.000000 12.800000 1.600000 0.007829 0.340146 0.460477
8.000000 12.800000 2.400000 0.365554 0.347359 0.446193
8.000000 12.800000 3.200000 0.131877 0.353716 0.429988
8.000000 12.800000 4.000000 0.039632 0.359167 0.413807
8.000000 12.800000 4.800000 0.132305 0.363670 0.400407
8.000000 12.800000 5.600000 0.250547 0.367185 0.392626
8.000000 12.800000 6.400000 0.065981 0.369681 0.392391
8.000000 12.800000 7.200000 0.100154 0.371135 0.399933
8.000000 12.800000 8.000000 0.393703 0.371533 0.413671
8.000000 12.800000 8.800000 0.624637 0.370871 0.430811
8.000000 12.800000 9.600000 0.833025 0.369155 0.448351
8.000000 13.600000 0.000000 0.006067 0.311865 0.482594
8.000000 13.600000 0.800000 nan nan nan
8.000000 13.600000 1.600000 0.058490 0.328141 0.464433
8.000000 13.600000 2.400000 0.133989 0.335117 0.451434
8.000000 13.600000 3.200000 nan nan nan
8.000000 13.600000 4.000000 nan nan nan
8.000000 13.600000 4.800000 nan nan nan
8.000000 13.600000 5.600000 nan nan nan
8.000000 13.600000 6.400000 nan nan nan
8.000000 13.600000 7.200000 nan nan nan
8.000000 13.600000 8.000000 nan nan nan
8.000000 13.600000 8.800000 0.423442 0.357787 0.438156
8.000000 13.600000 9.600000 0.919478 0.356136 0.454030
8.000000 14.400001 0.000000 0.278998 0.299838 0.484647
8.000000 14.400001 0.800000 0.208975 0.308086 0.477713
8.000000 14.400001 1.600000 0.398851 0.315605 0.468381
8.000000 14.400001 2.400000 0.042327 0.322349 0.456705
8.000000 14.400001 3.200000 nan nan nan
8.000000 14.400001 4.000000 nan nan nan
8.000000 14.400001 4.800000 nan nan nan
8.000000 14.400001 5.600000 nan nan nan
8.000000 14.400001 6.400000 nan nan nan
8.000000 14.400001 7.200000 nan nan nan
8.000000 14.400001 8.000000 nan nan nan
8.000000 14.400001 8.800000 0.150012 0.344204 0.445460
8.000000 14.400001 9.600000 0.827178 0.342616 0.459636
8.000000 15.200000 0.000000 0.797624 0.287317 0.486620
8.000000 15.200000 0.800000 0.759025 0.295310 0.480500
8.000000 15.200000 1.600000 0.723517 0.302587 0.472242
8.000000 15.200000 2.400000 0.138678 0.309107 0.461893
8.000000 15.200000 3.200000 nan nan nan
8.000000 15.200000 4.000000 nan nan nan
8.000000 15.200000 4.800000 nan nan nan
8.000000 15.200000 5.600000 nan nan nan
8.000000 15.200000 6.400000 nan nan nan
8.000000 15.200000 7.200000 nan nan nan
8.000000 15.200000 8.000000 nan nan nan
8.000000 15.200000 8.800000 0.134811 0.330178 0.452552
8.000000 15.200000 9.600000 0.819236 0.328650 0.465042
8.000000 16.000000 0.000000 0.985873 0.274345 0.488481
8.000000 16.000000 0.800000 0.982092 0.282090 0.483152
8.000000 16.000000 1.600000 0.900151 0.289133 0.475941
8.000000 16.000000 2.400000 0.521392 0.295436 0.466894
8.000000 16.000000 3.200000 0.141259 0.300964 0.456632
8.000000 16.000000 4.000000 0.006303 0.305686 0.446466
8.000000 16.000000 4.800000 0.014368 0.309571 0.438221
8.000000 16.000000 5.600000 nan nan nan
8.000000 16.000000 6.400000 nan nan nan
8.000000 16.000000 7.200000 nan nan nan
8.000000 16.000000 8.000000 nan nan nan
8.000000 16.000000 8.800000 0.371160 0.315757 0.459289
8.000000 16.000000 9.600000 0.906427 0.314286 0.470143
8.000000 16.800001 0.000000 0.999806 0.260963 0.490207
8.000000 16.800001 0.800000 0.998141 0.268468 0.485629
8.000000 16.800001 1.600000 0.941667 0.275284 0.479419
8.000000 16.800001 2.400000 0.593449 0.281379 0.471619
8.000000 16.800001 3.200000 0.124090 0.286719 0.462775
8.000000 16.800001 4.000000 0.001698 0.291276 0.454035
8.000000 16.800001 4.800000 0.006803 0.295024 0.446984
8.000000 16.800001 5.600000 0.166983 0.297938 0.443196
8.000000 16.800001 6.400000 0.019412 0.300002 0.443649
8.000000 16.800001 7.200000 0.041750 0.301202 0.448314
8.000000 16.800001 8.000000 0.305588 0.301529 0.456158
8.000000 16.800001 8.800000 0.777759 0.300983 0.465552
8.000000 16.800001 9.600000 0.980171 0.299567 0.474853
8.000000 17.600000 0.000000 0.999996 0.247207 0.491780
8.000000 17.600000 0.800000 0.999235 0.254480 0.487900
8.000000 17.600000 1.600000 0.971859 0.261079 0.482627
8.000000 17.600000 2.400000 0.759682 0.266974 0.475998
8.000000 17.600000 3.200000 0.349623 0.272134 0.468485
8.000000 17.600000 4.000000 0.125872 0.276534 0.461076
8.000000 17.600000 4.800000 0.150223 0.280150 0.455134
8.000000 17.600000 5.600000 0.434292 0.282960 0.451997
8.000000 17.600000 6.400000 0.676898 0.284950 0.452482
8.000000 17.600000 7.200000 0.709758 0.286106 0.456542
8.000000 17.600000 8.000000 0.865968 0.286422 0.463268
8.000000 17.600000 8.800000 0.975494 0.285896 0.471258
8.000000 17.600000 9.600000 0.998685 0.284531 0.479117
8.000000 18.400000 0.000000 1.000000 0.233110 0.493189
8.000000 18.400000 0.800000 0.999893 0.240160 0.489947
8.000000 18.400000 1.600000 0.994753 0.246550 0.485533
8.000000 18.400000 2.400000 0.937331 0.252253 0.479980
8.000000 18.400000 3.200000 0.760915 0.257243 0.473688
8.000000 18.400000 4.000000 0.569466 0.261493 0.467499
8.000000 18.400000 4.800000 0.384747 0.264984 0.462562
8.000000 18.400000 5.600000 0.449245 0.267696 0.460002
8.000000 18.400000 6.400000 0.718205 0.269614 0.460492
8.000000 18.400000 7.200000 0.941672 0.270729 0.463971
8.000000 18.400000 8.000000 0.994831 0.271034 0.469655
8.000000 18.400000 8.800000 0.999378 0.270526 0.476354
8.000000 18.400000 9.600000 0.999978 0.269210 0.482902
8.000000 19.200001 0.000000 1.000000 0.218701 0.494430
8.000000 19.200001 0.800000 0.999985 0.225537 0.491760
8.000000 19.200001 1.600000 0.997868 0.231728 0.488118
8.000000 19.200001 2.400000 0.941672 0.237248 0.483533
8.000000 19.200001 3.200000 0.623635 0.242074 0.478341
8.000000 19.200001 4.000000 0.190055 0.246182 0.473245
8.000000 19.200001 4.800000 0.039225 0.249554 0.469202
8.000000 19.200001 5.600000 0.080194 0.252173 0.467143
8.000000 19.200001 6.400000 0.384746 0.254025 0.467615
8.000000 19.200001 7.200000 0.825571 0.255100 0.470551
8.000000 19.200001 8.000000 0.986439 0.255394 0.475284
8.000000 19.200001 8.800000 0.999778 0.254905 0.480820
8.000000 19.200001 9.600000 0.999999 0.253635 0.486197
8.000000 20.000000 0.000000 1.000000 0.204008 0.495505
8.000000 20.000000 0.800000 0.999974 0.210639 0.493337
8.000000 20.000000 1.600000 0.996560 0.216639 0.490376
8.000000 20.000000 2.400000 0.914440 0.221985 0.486646
8.000000 20.000000 3.200000 0.511126 0.226655 0.482424
8.000000 20.000000 4.000000 0.080194 0.230629 0.478289
8.000000 20.000000 4.800000 0.000149 0.233888 0.475025
8.000000 20.000000 5.600000 0.011565 0.236418 0.473392
8.000000 20.000000 6.400000 0.253331 0.238207 0.473830
8.000000 20.000000 7.200000 0.758459 0.239246 0.476268
8.000000 20.000000 8.000000 0.979073 0.239529 0.480151
8.000000 20.000000 8.800000 0.999627 0.239057 0.484661
8.000000 20.000000 9.600000 0.999999 0.237830 0.489013
8.800000 0.000000 0.000000 0.828728 0.404113 0.468235
8.800000 0.000000 0.800000 0.174708 0.415367 0.457687
8.800000 0.000000 1.600000 nan nan nan
8.800000 0.000000 2.400000 nan nan nan
8.800000 0.000000 3.200000 nan nan nan
8.800000 0.000000 4.000000 nan nan nan
8.800000 0.000000 4.800000 nan nan nan
8.800000 0.000000 5.600000 nan nan nan
8.800000 0.000000 6.400000 nan nan nan
8.800000 0.000000 7.200000 0.318898 0.467974 0.383513
8.800000 0.000000 8.000000 0.897039 0.468538 0.397268
8.800000 0.000000 8.800000 0.997288 0.467599 0.415030
8.800000 0.000000 9.600000 0.999867 0.465176 0.433922
8.800000 0.800000 0.000000 0.698182 0.408139 0.466517
8.800000 0.800000 0.800000 0.015435 0.419555 0.455327
8.800000 0.800000 1.600000 nan nan nan
8.800000 0.800000 2.400000 nan nan nan
8.800000 0.800000 3.200000 nan nan nan
8.800000 0.800000 4.000000 nan nan nan
8.800000 0.800000 4.800000 nan nan nan
8.800000 0.800000 5.600000 nan nan nan
8.800000 0.800000 6.400000 0.000149 0.471028 0.368364
8.800000 0.800000 7.200000 0.449245 0.473130 0.376119
8.800000 0.800000 8.000000 0.910127 0.473707 0.390779
8.800000 0.800000 8.800000 0.957758 0.472747 0.409716
8.800000 0.800000 9.600000 0.986722 0.470269 0.429853
8.800000 1.600000 0.000000 0.291863 0.411013 0.465072
8.800000 1.600000 0.800000 0.026786 0.422547 0.453310
8.800000 1.600000 1.600000 nan nan nan
8.800000 1.600000 2.400000 nan nan nan
8.800000 1.600000 3.200000 nan nan nan
8.800000 1.600000 4.000000 nan nan nan
8.800000 1.600000 4.800000 nan nan nan
8.800000 1.600000 5.600000 0.011565 0.471059 0.361751
8.800000 1.600000 6.400000 0.032294 0.474703 0.361257
8.800000 1.600000 7.200000 0.262003 0.476840 0.369450
8.800000 1.600000 8.000000 0.404102 0.477427 0.384952
8.800000 1.600000 8.800000 0.497156 0.476451 0.404973
8.800000 1.600000 9.600000 0.767523 0.473932 0.426253
8.800000 2.400000 0.000000 nan nan nan
8.800000 2.400000 0.800000 nan nan nan
8.800000 2.400000 1.600000 nan nan nan
8.800000 2.400000 2.400000 nan nan nan
8.800000 2.400000 3.200000 nan nan nan
8.800000 2.400000 4.000000 nan nan nan
8.800000 2.400000 4.800000 0.029373 0.468066 0.364756
8.800000 2.400000 5.600000 nan nan nan
8.800000 2.400000 6.400000 nan nan nan
8.800000 2.400000 7.200000 0.000088 0.479030 0.363681
8.800000 2.400000 8.000000 nan nan nan
8.800000 2.400000 8.800000 nan nan nan
8.800000 2.400000 9.600000 0.153534 0.476094 0.423227
8.800000 3.200000 0.000000 nan nan nan
8.800000 3.200000 0.800000 nan nan nan
8.800000 3.200000 1.600000 nan nan nan
8.800000 3.200000 2.400000 nan nan nan
8.800000 3.200000 3.200000 nan nan nan
8.800000 3.200000 4.000000 nan nan nan
8.800000 3.200000 4.800000 nan nan nan
8.800000 3.200000 5.600000 nan nan nan
8.800000 3.200000 6.400000 nan nan nan
8.800000 3.200000 7.200000 nan nan nan
8.800000 3.200000 8.000000 nan nan nan
8.800000 3.200000 8.800000 nan nan nan
8.800000 3.200000 9.600000 nan nan nan
8.800000 4.000000 0.000000 nan nan nan
8.800000 4.000000 0.800000 nan nan nan
8.800000 4.000000 1.600000 nan nan nan
8.800000 4.000000 2.400000 nan nan nan
8.800000 4.000000 3.200000 nan nan nan
8.800000 4.000000 4.000000 nan nan nan
8.800000 4.000000 4.800000 nan nan nan
8.800000 4.000000 5.600000 nan nan nan
8.800000 4.000000 6.400000 nan nan nan
8.800000 4.000000 7.200000 nan nan nan
8.800000 4.000000 8.000000 nan nan nan
8.800000 4.000000 8.800000 nan nan nan
8.800000 4.000000 9.600000 nan nan nan
8.800000 4.800000 0.000000 nan nan nan
8.800000 4.800000 0.800000 nan nan nan
8.800000 4.800000 1.600000 nan nan nan
8.800000 4.800000 2.400000 nan nan nan
8.800000 4.800000 3.200000 nan nan nan
8.800000 4.800000 4.000000 nan nan nan
8.800000 4.800000 4.800000 nan nan nan
8.800000 4.800000 5.600000 nan nan nan
8.800000 4.800000 6.400000 nan nan nan
8.800000 4.800000 7.200000 nan nan nan
8.800000 4.800000 8.000000 nan nan nan
8.800000 4.800000 8.800000 nan nan nan
8.800000 4.800000 9.600000 nan nan nan
8.800000 5.600000 0.000000 nan nan nan
8.800000 5.600000 0.800000 nan nan nan
8.800000 5.600000 1.600000 nan nan nan
8.800000 5.600000 2.400000 nan nan nan
8.800000 5.600000 3.200000 nan nan nan
8.800000 5.600000 4.000000 nan nan nan
8.800000 5.600000 4.800000 nan nan nan
8.800000 5.600000 5.600000 nan nan nan
8.800000 5.600000 6.400000 nan nan nan
8.800000 5.600000 7.200000 nan nan nan
8.800000 5.600000 8.000000 nan nan nan
8.800000 5.600000 8.800000 nan nan nan
8.800000 5.600000 9.600000 0.011097 0.469322 0.418520
8.800000 6.400000 0.000000 0.522870 0.403131 0.463727
8.800000 6.400000 0.800000 0.391356 0.414347 0.450630
8.800000 6.400000 1.600000 0.074162 0.424753 0.434080
8.800000 6.400000 2.400000 nan nan nan
8.800000 6.400000 3.200000 nan nan nan
8.800000 6.400000 4.000000 nan nan nan
8.800000 6.400000 4.800000 nan nan nan
8.800000 6.400000 5.600000 nan nan nan
8.800000 6.400000 6.400000 nan nan nan
8.800000 6.400000 7.200000 nan nan nan
8.800000 6.400000 8.000000 nan nan nan
8.800000 6.400000 8.800000 nan nan nan
8.800000 6.400000 9.600000 0.259900 0.463940 0.419445
8.800000 7.200000 0.000000 0.806435 0.397775 0.464780
8.800000 7.200000 0.800000 0.686537 0.408785 0.451875
8.800000 7.200000 1.600000 0.342928 0.418985 0.435498
8.800000 7.200000 2.400000 0.000001 0.428283 0.415898
8.800000 7.200000 3.200000 nan nan nan
8.800000 7.200000 4.000000 nan nan nan
8.800000 7.200000 4.800000 nan nan nan
8.800000 7.200000 5.600000 0.169763 0.454561 0.345849
8.800000 7.200000 6.400000 0.109017 0.457957 0.345574
8.800000 7.200000 7.200000 0.001155 0.459945 0.355479
8.800000 7.200000 8.000000 0.009026 0.460490 0.373749
8.800000 7.200000 8.800000 0.221716 0.459582 0.396954
8.800000 7.200000 9.600000 0.724474 0.457239 0.421229
8.800000 8.000000 0.000000 0.152713 0.391382 0.466153
8.800000 8.000000 0.800000 0.277766 0.402155 0.453562
8.800000 8.000000 1.600000 0.642792 0.412119 0.437512
8.800000 8.000000 2.400000 0.246083 0.421189 0.418246
8.800000 8.000000 3.200000 0.013266 0.429274 0.396998
8.800000 8.000000 4.000000 0.001523 0.436283 0.376191
8.800000 8.000000 4.800000 0.103235 0.442128 0.359174
8.800000 8.000000 5.600000 0.550381 0.446730 0.349398
8.800000 8.000000 6.400000 0.781482 0.450019 0.349258
8.800000 8.000000 7.200000 0.637574 0.451943 0.359141
8.800000 8.000000 8.000000 0.669133 0.452471 0.377209
8.800000 8.000000 8.800000 0.441303 0.451593 0.400044
8.800000 8.000000 9.600000 0.182421 0.449324 0.423832
8.800000 8.800000 0.000000 nan nan nan
8.800000 8.800000 0.800000 nan nan nan
8.800000 8.800000 1.600000 0.152713 0.404234 0.440075
8.800000 8.800000 2.400000 0.733844 0.413054 0.421328
8.800000 8.800000 3.200000 0.574116 0.420903 0.400622
8.800000 8.800000 4.000000 0.527683 0.427696 0.380351
8.800000 8.800000 4.800000 0.695045 0.433353 0.363813
8.800000 8.800000 5.600000 0.908936 0.437801 0.354391
8.800000 8.800000 6.400000 0.974385 0.440977 0.354403
8.800000 8.800000 7.200000 0.902315 0.442833 0.364183
8.800000 8.800000 8.000000 0.441303 0.443342 0.381880
8.800000 8.800000 8.800000 0.009192 0.442495 0.404124
8.800000 8.800000 9.600000 nan nan nan
8.800000 9.600000 0.000000 nan nan nan
8.800000 9.600000 0.800000 nan nan nan
8.800000 9.600000 1.600000 0.002350 0.395407 0.443124
8.800000 9.600000 2.400000 0.533458 0.403964 0.425072
8.800000 9.600000 3.200000 0.955596 0.411565 0.405109
8.800000 9.600000 4.000000 0.954720 0.418133 0.385574
8.800000 9.600000 4.800000 0.976584 0.423595 0.369684
8.800000 9.600000 5.600000 0.971112 0.427883 0.360718
8.800000 9.600000 6.400000 0.784370 0.430942 0.360896
8.800000 9.600000 7.200000 0.446212 0.432728 0.370487
8.800000 9.600000 8.000000 0.182421 0.433218 0.387648
8.800000 9.600000 8.800000 nan nan nan
8.800000 9.600000 9.600000 nan nan nan
8.800000 10.400001 0.000000 nan nan nan
8.800000 10.400001 0.800000 nan nan nan
8.800000 10.400001 1.600000 0.002350 0.385718 0.446585
8.800000 10.400001 2.400000 0.533458 0.394004 0.429391
8.800000 10.400001 3.200000 0.955596 0.401351 0.410354
8.800000 10.400001 4.000000 0.998135 0.407690 0.391740
8.800000 10.400001 4.800000 0.994378 0.412953 0.376652
8.800000 10.400001 5.600000 0.879691 0.417080 0.368232
8.800000 10.400001 6.400000 0.409394 0.420020 0.368577
8.800000 10.400001 7.200000 0.026919 0.421737 0.377894
8.800000 10.400001 8.000000 nan nan nan
8.800000 10.400001 8.800000 nan nan nan
8.800000 10.400001 9.600000 nan nan nan
8.800000 11.200000 0.000000 nan nan nan
8.800000 11.200000 0.800000 nan nan nan
8.800000 11.200000 1.600000 0.152713 0.375244 0.450375
8.800000 11.200000 2.400000 0.733844 0.383256 0.434180
8.800000 11.200000 3.200000 0.936845 0.390348 0.416233
8.800000 11.200000 4.000000 0.907742 0.396457 0.398703
8.800000 11.200000 4.800000 0.936939 0.401522 0.384549
8.800000 11.200000 5.600000 0.787547 0.405488 0.376747
8.800000 11.200000 6.400000 0.192767 0.408312 0.377255
8.800000 11.200000 7.200000 nan nan nan
8.800000 11.200000 8.000000 nan nan nan
8.800000 11.200000 8.800000 nan nan nan
8.800000 11.200000 9.600000 nan nan nan
8.800000 12.000000 0.000000 0.152713 0.346126 0.476322
8.800000 12.000000 0.800000 0.277766 0.355481 0.466798
8.800000 12.000000 1.600000 0.642792 0.364059 0.454405
8.800000 12.000000 2.400000 0.744102 0.371797 0.439327
8.800000 12.000000 3.200000 0.425868 0.378637 0.422606
8.800000 12.000000 4.000000 0.295008 0.384519 0.406293
8.800000 12.000000 4.800000 0.426363 0.389389 0.393180
8.800000 12.000000 5.600000 0.744712 0.393199 0.386050
8.800000 12.000000 6.400000 0.234629 0.395908 0.386705
8.800000 12.000000 7.200000 nan nan nan
8.800000 12.000000 8.000000 nan nan nan
8.800000 12.000000 8.800000 nan nan nan
8.800000 12.000000 9.600000 0.065258 0.395336 0.446062
8.800000 12.800000 0.000000 0.516738 0.334879 0.478666
8.800000 12.800000 0.800000 0.449536 0.343938 0.469956
8.800000 12.800000 1.600000 0.619245 0.352231 0.458581
8.800000 12.800000 2.400000 0.170177 0.359700 0.444710
8.800000 12.800000 3.200000 nan nan nan
8.800000 12.800000 4.000000 nan nan nan
8.800000 12.800000 4.800000 nan nan nan
8.800000 12.800000 5.600000 0.133112 0.380291 0.395907
8.800000 12.800000 6.400000 0.007185 0.382890 0.396689
8.800000 12.800000 7.200000 0.023085 0.384405 0.404702
8.800000 12.800000 8.000000 0.008817 0.384819 0.418311
8.800000 12.800000 8.800000 0.042529 0.384129 0.434838
8.800000 12.800000 9.600000 0.340852 0.382342 0.451496
8.800000 13.600000 0.000000 0.613335 0.323042 0.480997
8.800000 13.600000 0.800000 0.553216 0.331810 0.473126
8.800000 13.600000 1.600000 0.430744 0.339823 0.462811
8.800000 13.600000 2.400000 nan nan nan
8.800000 13.600000 3.200000 nan nan nan
8.800000 13.600000 4.000000 nan nan nan
8.800000 13.600000 4.800000 nan nan nan
8.800000 13.600000 5.600000 nan nan nan
8.800000 13.600000 6.400000 nan nan nan
8.800000 13.600000 7.200000 nan nan nan
8.800000 13.600000 8.000000 nan nan nan
8.800000 13.600000 8.800000 0.297078 0.370518 0.441895
8.800000 13.600000 9.600000 0.794108 0.368804 0.456943
8.800000 14.400001 0.000000 0.840110 0.310670 0.483268
8.800000 14.400001 0.800000 0.808011 0.319153 0.476243
8.800000 14.400001 1.600000 0.302513 0.326894 0.467007
8.800000 14.400001 2.400000 nan nan nan
8.800000 14.400001 3.200000 nan nan nan
8.800000 14.400001 4.000000 nan nan nan
8.800000 14.400001 4.800000 nan nan nan
8.800000 14.400001 5.600000 nan nan nan
8.800000 14.400001 6.400000 nan nan nan
8.800000 14.400001 7.200000 nan nan nan
8.800000 14.400001 8.000000 nan nan nan
8.800000 14.400001 8.800000 0.054237 0.356432 0.448857
8.800000 14.400001 9.600000 0.763280 0.354788 0.462277
8.800000 15.200000 0.000000 0.975318 0.297811 0.485442
8.800000 15.200000 0.800000 0.939225 0.306018 0.479251
8.800000 15.200000 1.600000 0.436099 0.313496 0.471085
8.800000 15.200000 2.400000 nan nan nan
8.800000 15.200000 3.200000 nan nan nan
8.800000 15.200000 4.000000 nan nan nan
8.800000 15.200000 4.800000 nan nan nan
8.800000 15.200000 5.600000 nan nan nan
8.800000 15.200000 6.400000 nan nan nan
8.800000 15.200000 7.200000 nan nan nan
8.800000 15.200000 8.000000 nan nan nan
8.800000 15.200000 8.800000 0.043992 0.341927 0.455576
8.800000 15.200000 9.600000 0.753111 0.340349 0.467387
8.800000 16.000000 0.000000 0.998960 0.284512 0.487485
8.800000 16.000000 0.800000 0.982499 0.292450 0.482099
8.800000 16.000000 1.600000 0.752146 0.299675 0.474976
8.800000 16.000000 2.400000 0.126742 0.306147 0.466229
8.800000 16.000000 3.200000 nan nan nan
8.800000 16.000000 4.000000 nan nan nan
8.800000 16.000000 4.800000 nan nan nan
8.800000 16.000000 5.600000 nan nan nan
8.800000 16.000000 6.400000 nan nan nan
8.800000 16.000000 7.200000 nan nan nan
8.800000 16.000000 8.000000 nan nan nan
8.800000 16.000000 8.800000 0.244654 0.327051 0.461925
8.800000 16.000000 9.600000 0.867424 0.325536 0.472182
8.800000 16.800001 0.000000 0.999905 0.270813 0.489373
8.800000 16.800001 0.800000 0.988248 0.278493 0.484750
8.800000 16.800001 1.600000 0.761514 0.285474 0.478619
8.800000 16.800001 2.400000 0.105446 0.291721 0.471081
8.800000 16.800001 3.200000 nan nan nan
8.800000 16.800001 4.000000 nan nan nan
8.800000 16.800001 4.800000 nan nan nan
8.800000 16.800001 5.600000 nan nan nan
8.800000 16.800001 6.400000 nan nan nan
8.800000 16.800001 7.200000 0.000690 0.312072 0.451090
8.800000 16.800001 8.000000 0.182195 0.312409 0.458799
8.800000 16.800001 8.800000 0.700707 0.311847 0.467806
8.800000 16.800001 9.600000 0.970202 0.310391 0.476592
8.800000 17.600000 0.000000 0.999964 0.256751 0.491088
8.800000 17.600000 0.800000 0.994812 0.264183 0.487173
8.800000 17.600000 1.600000 0.869464 0.270931 0.481969
8.800000 17.600000 2.400000 0.326396 0.276963 0.475563
8.800000 17.600000 3.200000 nan nan nan
8.800000 17.600000 4.000000 nan nan nan
8.800000 17.600000 4.800000 nan nan nan
8.800000 17.600000 5.600000 0.008686 0.293343 0.453767
8.800000 17.600000 6.400000 0.466860 0.295383 0.454670
8.800000 17.600000 7.200000 0.617201 0.296569 0.458883
8.800000 17.600000 8.000000 0.813618 0.296893 0.465488
8.800000 17.600000 8.800000 0.963415 0.296353 0.473147
8.800000 17.600000 9.600000 0.997897 0.294953 0.480571
8.800000 18.400000 0.000000 0.999996 0.242359 0.492621
8.800000 18.400000 0.800000 0.999172 0.249554 0.489351
8.800000 18.400000 1.600000 0.969922 0.256080 0.484996
8.800000 18.400000 2.400000 0.747381 0.261907 0.479628
8.800000 18.400000 3.200000 0.328554 0.267008 0.473672
8.800000 18.400000 4.000000 0.080194 0.271355 0.467950
8.800000 18.400000 4.800000 0.000149 0.274926 0.463545
8.800000 18.400000 5.600000 0.011565 0.277702 0.461476
8.800000 18.400000 6.400000 0.253331 0.279667 0.462308
8.800000 18.400000 7.200000 0.758460 0.280808 0.465908
8.800000 18.400000 8.000000 0.979073 0.281120 0.471486
8.800000 18.400000 8.800000 0.998993 0.280601 0.477908
8.800000 18.400000 9.600000 0.999964 0.279253 0.484094
8.800000 19.200001 0.000000 1.000000 0.227669 0.493968
8.800000 19.200001 0.800000 0.999868 0.234636 0.491275
8.800000 19.200001 1.600000 0.986439 0.240950 0.487682
8.800000 19.200001 2.400000 0.758459 0.246583 0.483249
8.800000 19.200001 3.200000 0.131445 0.251509 0.478331
8.800000 19.200001 4.000000 nan nan nan
8.800000 19.200001 4.800000 nan nan nan
8.800000 19.200001 5.600000 nan nan nan
8.800000 19.200001 6.400000 0.000149 0.263718 0.469091
8.800000 19.200001 7.200000 0.449244 0.264817 0.472121
8.800000 19.200001 8.000000 0.929209 0.265118 0.476765
8.800000 19.200001 8.800000 0.998327 0.264618 0.482074
8.800000 19.200001 9.600000 0.999993 0.263319 0.487156
8.800000 20.000000 0.000000 1.000000 0.212706 0.495134
8.800000 20.000000 0.800000 0.999778 0.219456 0.492947
8.800000 20.000000 1.600000 0.979073 0.225568 0.490024
8.800000 20.000000 2.400000 0.673268 0.231016 0.486416
8.800000 20.000000 3.200000 0.039225 0.235776 0.482414
8.800000 20.000000 4.000000 nan nan nan
8.800000 20.000000 4.800000 nan nan nan
8.800000 20.000000 5.600000 nan nan nan
8.800000 20.000000 6.400000 nan nan nan
8.800000 20.000000 7.200000 0.318898 0.248621 0.477517
8.800000 20.000000 8.000000 0.897039 0.248911 0.481326
8.800000 20.000000 8.800000 0.997288 0.248428 0.485653
8.800000 20.000000 9.600000 0.999989 0.247176 0.489770
9.600000 0.000000 0.000000 0.895257 0.417698 0.464372
9.600000 0.000000 0.800000 0.354864 0.429517 0.453119
9.600000 0.000000 1.600000 nan nan nan
9.600000 0.000000 2.400000 nan nan nan
9.600000 0.000000 3.200000 nan nan nan
9.600000 0.000000 4.000000 nan nan nan
9.600000 0.000000 4.800000 nan nan nan
9.600000 0.000000 5.600000 nan nan nan
9.600000 0.000000 6.400000 nan nan nan
9.600000 0.000000 7.200000 0.080194 0.485567 0.380910
9.600000 0.000000 8.000000 0.794170 0.486178 0.395223
9.600000 0.000000 8.800000 0.993085 0.485162 0.413370
9.600000 0.000000 9.600000 0.999887 0.482543 0.432521
9.600000 0.800000 0.000000 0.805284 0.421921 0.462508
9.600000 0.800000 0.800000 0.130227 0.433927 0.450611
9.600000 0.800000 1.600000 nan nan nan
9.600000 0.800000 2.400000 nan nan nan
9.600000 0.800000 3.200000 nan nan nan
9.600000 0.800000 4.000000 nan nan nan
9.600000 0.800000 4.800000 nan nan nan
9.600000 0.800000 5.600000 nan nan nan
9.600000 0.800000 6.400000 nan nan nan
9.600000 0.800000 7.200000 0.179082 0.491158 0.373972
9.600000 0.800000 8.000000 0.680818 0.491785 0.389181
9.600000 0.800000 8.800000 0.962787 0.490742 0.408449
9.600000 0.800000 9.600000 0.988435 0.488053 0.428768
9.600000 1.600000 0.000000 0.249543 0.424939 0.460962
9.600000 1.600000 0.800000 0.123030 0.437083 0.448501
9.600000 1.600000 1.600000 nan nan nan
9.600000 1.600000 2.400000 nan nan nan
9.600000 1.600000 3.200000 nan nan nan
9.600000 1.600000 4.000000 nan nan nan
9.600000 1.600000 4.800000 nan nan nan
9.600000 1.600000 5.600000 nan nan nan
9.600000 1.600000 6.400000 nan nan nan
9.600000 1.600000 7.200000 nan nan nan
9.600000 1.600000 8.000000 0.312221 0.495833 0.383893
9.600000 1.600000 8.800000 0.534563 0.494770 0.404179
9.600000 1.600000 9.600000 0.789658 0.492029 0.425547
9.600000 2.400000 0.000000 nan nan nan
9.600000 2.400000 0.800000 nan nan nan
9.600000 2.400000 1.600000 nan nan nan
9.600000 2.400000 2.400000 nan nan nan
9.600000 2.400000 3.200000 nan nan nan
9.600000 2.400000 4.000000 nan nan nan
9.600000 2.400000 4.800000 nan nan nan
9.600000 2.400000 5.600000 nan nan nan
9.600000 2.400000 6.400000 nan nan nan
9.600000 2.400000 7.200000 nan nan nan
9.600000 2.400000 8.000000 nan nan nan
9.600000 2.400000 8.800000 nan nan nan
9.600000 2.400000 9.600000 0.190873 0.494381 0.422953
9.600000 3.200000 0.000000 nan nan nan
9.600000 3.200000 0.800000 nan nan nan
9.600000 3.200000 1.600000 nan nan nan
9.600000 3.200000 2.400000 nan nan nan
9.600000 3.200000 3.200000 0.004301 0.470963 0.390850
9.600000 3.200000 4.000000 nan nan nan
9.600000 3.200000 4.800000 nan nan nan
9.600000 3.200000 5.600000 nan nan nan
9.600000 3.200000 6.400000 nan nan nan
9.600000 3.200000 7.200000 nan nan nan
9.600000 3.200000 8.000000 nan nan nan
9.600000 3.200000 8.800000 nan nan nan
9.600000 3.200000 9.600000 nan nan nan
9.600000 4.000000 0.000000 nan nan nan
9.600000 4.000000 0.800000 nan nan nan
9.600000 4.000000 1.600000 nan nan nan
9.600000 4.000000 2.400000 nan nan nan
9.600000 4.000000 3.200000 nan nan nan
9.600000 4.000000 4.000000 nan nan nan
9.600000 4.000000 4.800000 nan nan nan
9.600000 4.000000 5.600000 nan nan nan
9.600000 4.000000 6.400000 nan nan nan
9.600000 4.000000 7.200000 nan nan nan
9.600000 4.000000 8.000000 nan nan nan
9.600000 4.000000 8.800000 nan nan nan
9.600000 4.000000 9.600000 nan nan nan
9.600000 4.800000 0.000000 nan nan nan
9.600000 4.800000 0.800000 nan nan nan
9.600000 4.800000 1.600000 nan nan nan
9.600000 4.800000 2.400000 nan nan nan
9.600000 4.800000 3.200000 nan nan nan
9.600000 4.800000 4.000000 nan nan nan
9.600000 4.800000 4.800000 nan nan nan
9.600000 4.800000 5.600000 nan nan nan
9.600000 4.800000 6.400000 nan nan nan
9.600000 4.800000 7.200000 nan nan nan
9.600000 4.800000 8.000000 nan nan nan
9.600000 4.800000 8.800000 nan nan nan
9.600000 4.800000 9.600000 nan nan nan
9.600000 5.600000 0.000000 nan nan nan
9.600000 5.600000 0.800000 nan nan nan
9.600000 5.600000 1.600000 nan nan nan
9.600000 5.600000 2.400000 nan nan nan
9.600000 5.600000 3.200000 nan nan nan
9.600000 5.600000 4.000000 nan nan nan
9.600000 5.600000 4.800000 nan nan nan
9.600000 5.600000 5.600000 nan nan nan
9.600000 5.600000 6.400000 nan nan nan
9.600000 5.600000 7.200000 nan nan nan
9.600000 5.600000 8.000000 nan nan nan
9.600000 5.600000 8.800000 nan nan nan
9.600000 5.600000 9.600000 0.026412 0.487027 0.420178
9.600000 6.400000 0.000000 0.483533 0.416670 0.459991
9.600000 6.400000 0.800000 0.005899 0.428444 0.446425
9.600000 6.400000 1.600000 nan nan nan
9.600000 6.400000 2.400000 nan nan nan
9.600000 6.400000 3.200000 nan nan nan
9.600000 6.400000 4.000000 nan nan nan
9.600000 6.400000 4.800000 nan nan nan
9.600000 6.400000 5.600000 nan nan nan
9.600000 6.400000 6.400000 nan nan nan
9.600000 6.400000 7.200000 nan nan nan
9.600000 6.400000 8.000000 nan nan nan
9.600000 6.400000 8.800000 nan nan nan
9.600000 6.400000 9.600000 0.387941 0.481209 0.421542
9.600000 7.200000 0.000000 0.642792 0.411063 0.461247
9.600000 7.200000 0.800000 0.200409 0.422599 0.447928
9.600000 7.200000 1.600000 nan nan nan
9.600000 7.200000 2.400000 nan nan nan
9.600000 7.200000 3.200000 nan nan nan
9.600000 7.200000 4.000000 nan nan nan
9.600000 7.200000 4.800000 nan nan nan
9.600000 7.200000 5.600000 0.003868 0.471122 0.347206
9.600000 7.200000 6.400000 0.223212 0.474766 0.348250
9.600000 7.200000 7.200000 0.045409 0.476904 0.358928
9.600000 7.200000 8.000000 0.071677 0.477491 0.377338
9.600000 7.200000 8.800000 0.348912 0.476514 0.400148
9.600000 7.200000 9.600000 0.667319 0.473995 0.423709
9.600000 8.000000 0.000000 0.002350 0.404381 0.462848
9.600000 8.000000 0.800000 0.053192 0.415646 0.449898
9.600000 8.000000 1.600000 0.367855 0.426101 0.433764
9.600000 8.000000 2.400000 0.030680 0.435650 0.414825
9.600000 8.000000 3.200000 nan nan nan
9.600000 8.000000 4.000000 nan nan nan
9.600000 8.000000 4.800000 nan nan nan
9.600000 8.000000 5.600000 0.287209 0.462743 0.351356
9.600000 8.000000 6.400000 0.841865 0.466257 0.352522
9.600000 8.000000 7.200000 0.727427 0.468316 0.363135
9.600000 8.000000 8.000000 0.667319 0.468881 0.381276
9.600000 8.000000 8.800000 0.182421 0.467941 0.403635
9.600000 8.000000 9.600000 0.009192 0.465514 0.426625
9.600000 8.800000 0.000000 nan nan nan
9.600000 8.800000 0.800000 nan nan nan
9.600000 8.800000 1.600000 0.002350 0.417825 0.436684
9.600000 8.800000 2.400000 0.533458 0.427084 0.418319
9.600000 8.800000 3.200000 0.314703 0.435348 0.398490
9.600000 8.800000 4.000000 0.261825 0.442523 0.379561
9.600000 8.800000 4.800000 0.469706 0.448513 0.364657
9.600000 8.800000 5.600000 0.811004 0.453234 0.356858
9.600000 8.800000 6.400000 0.916364 0.456611 0.358147
9.600000 8.800000 7.200000 0.733253 0.458588 0.368606
9.600000 8.800000 8.000000 0.182421 0.459130 0.386312
9.600000 8.800000 8.800000 nan nan nan
9.600000 8.800000 9.600000 nan nan nan
9.600000 9.600000 0.000000 nan nan nan
9.600000 9.600000 0.800000 nan nan nan
9.600000 9.600000 1.600000 nan nan nan
9.600000 9.600000 2.400000 0.277766 0.417542 0.422464
9.600000 9.600000 3.200000 0.903894 0.425519 0.403407
9.600000 9.600000 4.000000 0.899487 0.432430 0.385227
9.600000 9.600000 4.800000 0.945285 0.438189 0.370962
9.600000 9.600000 5.600000 0.906913 0.442720 0.363588
9.600000 9.600000 6.400000 0.498206 0.445957 0.364994
9.600000 9.600000 7.200000 0.081415 0.447851 0.375207
9.600000 9.600000 8.000000 0.001440 0.448370 0.392321
9.600000 9.600000 8.800000 nan nan nan
9.600000 9.600000 9.600000 nan nan nan
9.600000 10.400001 0.000000 nan nan nan
9.600000 10.400001 0.800000 nan nan nan
9.600000 10.400001 1.600000 nan nan nan
9.600000 10.400001 2.400000 0.277766 0.407120 0.427162
9.600000 10.400001 3.200000 0.903895 0.414805 0.409042
9.600000 10.400001 4.000000 0.997428 0.421450 0.391770
9.600000 10.400001 4.800000 0.978955 0.426978 0.378271
9.600000 10.400001 5.600000 0.683241 0.431320 0.371389
9.600000 10.400001 6.400000 0.056294 0.434418 0.372899
9.600000 10.400001 7.200000 nan nan nan
9.600000 10.400001 8.000000 nan nan nan
9.600000 10.400001 8.800000 nan nan nan
9.600000 10.400001 9.600000 nan nan nan
9.600000 11.200000 0.000000 nan nan nan
9.600000 11.200000 0.800000 nan nan nan
9.600000 11.200000 1.600000 0.002350 0.387571 0.448031
9.600000 11.200000 2.400000 0.533458 0.395908 0.432303
9.600000 11.200000 3.200000 0.918516 0.403303 0.415263
9.600000 11.200000 4.000000 0.882343 0.409684 0.399038
9.600000 11.200000 4.800000 0.918634 0.414984 0.386411
9.600000 11.200000 5.600000 0.503796 0.419140 0.380072
9.600000 11.200000 6.400000 nan nan nan
9.600000 11.200000 7.200000 nan nan nan
9.600000 11.200000 8.000000 nan nan nan
9.600000 11.200000 8.800000 nan nan nan
9.600000 11.200000 9.600000 nan nan nan
9.600000 12.000000 0.000000 0.002350 0.357404 0.474305
9.600000 12.000000 0.800000 0.053192 0.367076 0.464653
9.600000 12.000000 1.600000 0.409167 0.375960 0.452376
9.600000 12.000000 2.400000 0.687141 0.383990 0.437766
9.600000 12.000000 3.200000 0.338810 0.391100 0.421924
9.600000 12.000000 4.000000 0.209004 0.397224 0.406859
9.600000 12.000000 4.800000 0.339318 0.402301 0.395191
9.600000 12.000000 5.600000 0.543369 0.406279 0.389430
9.600000 12.000000 6.400000 nan nan nan
9.600000 12.000000 7.200000 nan nan nan
9.600000 12.000000 8.000000 nan nan nan
9.600000 12.000000 8.800000 nan nan nan
9.600000 12.000000 9.600000 nan nan nan
9.600000 12.800000 0.000000 0.642792 0.345798 0.476896
9.600000 12.800000 0.800000 0.733844 0.355145 0.468088
9.600000 12.800000 1.600000 0.688881 0.363713 0.456843
9.600000 12.800000 2.400000 0.096595 0.371444 0.443429
9.600000 12.800000 3.200000 nan nan nan
9.600000 12.800000 4.000000 nan nan nan
9.600000 12.800000 4.800000 nan nan nan
9.600000 12.800000 5.600000 0.097365 0.392821 0.399239
9.600000 12.800000 6.400000 0.072410 0.395527 0.400930
9.600000 12.800000 7.200000 nan nan nan
9.600000 12.800000 8.000000 nan nan nan
9.600000 12.800000 8.800000 nan nan nan
9.600000 12.800000 9.600000 0.021010 0.394956 0.454434
9.600000 13.600000 0.000000 0.973706 0.333609 0.479458
9.600000 13.600000 0.800000 0.920249 0.342636 0.471514
9.600000 13.600000 1.600000 0.343824 0.350897 0.461336
9.600000 13.600000 2.400000 nan nan nan
9.600000 13.600000 3.200000 nan nan nan
9.600000 13.600000 4.000000 nan nan nan
9.600000 13.600000 4.800000 nan nan nan
9.600000 13.600000 5.600000 nan nan nan
9.600000 13.600000 6.400000 nan nan nan
9.600000 13.600000 7.200000 nan nan nan
9.600000 13.600000 8.000000 0.000188 0.383349 0.430993
9.600000 13.600000 8.800000 0.179860 0.382662 0.445420
9.600000 13.600000 9.600000 0.515459 0.380883 0.459663
9.600000 14.400001 0.000000 0.992480 0.320891 0.481944
9.600000 14.400001 0.800000 0.885514 0.329609 0.474866
9.600000 14.400001 1.600000 0.216171 0.337573 0.465765
9.600000 14.400001 2.400000 nan nan nan
9.600000 14.400001 3.200000 nan nan nan
9.600000 14.400001 4.000000 nan nan nan
9.600000 14.400001 4.800000 nan nan nan
9.600000 14.400001 5.600000 nan nan nan
9.600000 14.400001 6.400000 nan nan nan
9.600000 14.400001 7.200000 nan nan nan
9.600000 14.400001 8.000000 nan nan nan
9.600000 14.400001 8.800000 0.158500 0.368060 0.452061
9.600000 14.400001 9.600000 0.831389 0.366359 0.464743
9.600000 15.200000 0.000000 0.998502 0.307698 0.484313
9.600000 15.200000 0.800000 0.921502 0.316115 0.478085
9.600000 15.200000 1.600000 0.349344 0.323794 0.470050
9.600000 15.200000 2.400000 nan nan nan
9.600000 15.200000 3.200000 nan nan nan
9.600000 15.200000 4.000000 nan nan nan
9.600000 15.200000 4.800000 nan nan nan
9.600000 15.200000 5.600000 nan nan nan
9.600000 15.200000 6.400000 nan nan nan
9.600000 15.200000 7.200000 nan nan nan
9.600000 15.200000 8.000000 nan nan nan
9.600000 15.200000 8.800000 0.143042 0.353068 0.458429
9.600000 15.200000 9.600000 0.823604 0.351440 0.469578
9.600000 16.000000 0.000000 0.999672 0.294075 0.486533
9.600000 16.000000 0.800000 0.974824 0.302204 0.481121
9.600000 16.000000 1.600000 0.600488 0.309609 0.474119
9.600000 16.000000 2.400000 0.000140 0.316248 0.465699
9.600000 16.000000 3.200000 nan nan nan
9.600000 16.000000 4.000000 nan nan nan
9.600000 16.000000 4.800000 nan nan nan
9.600000 16.000000 5.600000 nan nan nan
9.600000 16.000000 6.400000 nan nan nan
9.600000 16.000000 7.200000 nan nan nan
9.600000 16.000000 8.000000 nan nan nan
9.600000 16.000000 8.800000 0.380739 0.337735 0.464417
9.600000 16.000000 9.600000 0.908929 0.336175 0.474089
9.600000 16.800001 0.000000 0.999733 0.280063 0.488578
9.600000 16.800001 0.800000 0.972613 0.287916 0.483936
9.600000 16.800001 1.600000 0.578546 0.295060 0.477914
9.600000 16.800001 2.400000 nan nan nan
9.600000 16.800001 3.200000 nan nan nan
9.600000 16.800001 4.000000 nan nan nan
9.600000 16.800001 4.800000 nan nan nan
9.600000 16.800001 5.600000 nan nan nan
9.600000 16.800001 6.400000 0.023291 0.321065 0.448795
9.600000 16.800001 7.200000 0.047112 0.322331 0.453789
9.600000 16.800001 8.000000 0.315222 0.322678 0.461330
9.600000 16.800001 8.800000 0.782910 0.322101 0.469939
9.600000 16.800001 9.600000 0.980783 0.320606 0.478221
9.600000 17.600000 0.000000 0.999896 0.265702 0.490431
9.600000 17.600000 0.800000 0.987387 0.273290 0.486503
9.600000 17.600000 1.600000 0.749284 0.280185 0.481394
9.600000 17.600000 2.400000 0.089468 0.286351 0.475232
9.600000 17.600000 3.200000 nan nan nan
9.600000 17.600000 4.000000 nan nan nan
9.600000 17.600000 4.800000 nan nan nan
9.600000 17.600000 5.600000 nan nan nan
9.600000 17.600000 6.400000 0.212489 0.305209 0.456846
9.600000 17.600000 7.200000 0.716062 0.306424 0.461167
9.600000 17.600000 8.000000 0.869376 0.306756 0.467621
9.600000 17.600000 8.800000 0.976239 0.306203 0.474940
9.600000 17.600000 9.600000 0.998732 0.304768 0.481935
9.600000 18.400000 0.000000 0.999987 0.251023 0.492082
9.600000 18.400000 0.800000 0.997830 0.258359 0.488804
9.600000 18.400000 1.600000 0.933959 0.265017 0.484528
9.600000 18.400000 2.400000 0.557791 0.270966 0.479366
9.600000 18.400000 3.200000 0.091060 0.276175 0.473756
9.600000 18.400000 4.000000 nan nan nan
9.600000 18.400000 4.800000 nan nan nan
9.600000 18.400000 5.600000 nan nan nan
9.600000 18.400000 6.400000 0.039225 0.289116 0.464119
9.600000 18.400000 7.200000 0.569466 0.290284 0.467802
9.600000 18.400000 8.000000 0.952132 0.290603 0.473250
9.600000 18.400000 8.800000 0.998977 0.290072 0.479386
9.600000 18.400000 9.600000 0.999962 0.288693 0.485215
9.600000 19.200001 0.000000 0.999999 0.236058 0.493532
9.600000 19.200001 0.800000 0.999627 0.243154 0.490832
9.600000 19.200001 1.600000 0.968125 0.249587 0.487305
9.600000 19.200001 2.400000 0.569465 0.255329 0.483040
9.600000 19.200001 3.200000 0.000149 0.260353 0.478406
9.600000 19.200001 4.000000 nan nan nan
9.600000 19.200001 4.800000 nan nan nan
9.600000 19.200001 5.600000 nan nan nan
9.600000 19.200001 6.400000 nan nan nan
9.600000 19.200001 7.200000 0.190055 0.273938 0.473664
9.600000 19.200001 8.000000 0.852957 0.274245 0.478197
9.600000 19.200001 8.800000 0.995647 0.273733 0.483269
9.600000 19.200001 9.600000 0.999980 0.272407 0.488060
9.600000 20.000000 0.000000 0.999999 0.220833 0.494783
9.600000 20.000000 0.800000 0.999380 0.227700 0.492591
9.600000 20.000000 1.600000 0.952132 0.233919 0.489722
9.600000 20.000000 2.400000 0.449244 0.239466 0.486249
9.600000 20.000000 3.200000 nan nan nan
9.600000 20.000000 4.000000 nan nan nan
9.600000 20.000000 4.800000 nan nan nan
9.600000 20.000000 5.600000 nan nan nan
9.600000 20.000000 6.400000 nan nan nan
9.600000 20.000000 7.200000 0.080194 0.257408 0.478750
9.600000 20.000000 8.000000 0.794170 0.257703 0.482468
9.600000 20.000000 8.800000 0.993085 0.257211 0.486603
9.600000 20.000000 9.600000 0.999966 0.255934 0.490486
10.400001 0.000000 0.000000 0.972468 0.430674 0.460666
10.400001 0.000000 0.800000 0.732520 0.443089 0.448772
10.400001 0.000000 1.600000 0.252139 0.454711 0.434682
10.400001 0.000000 2.400000 0.027000 0.465422 0.418839
10.400001 0.000000 3.200000 nan nan nan
10.400001 0.000000 4.000000 nan nan nan
10.400001 0.000000 4.800000 nan nan nan
10.400001 0.000000 5.600000 nan nan nan
10.400001 0.000000 6.400000 nan nan nan
10.400001 0.000000 7.200000 0.080194 0.502963 0.378713
10.400001 0.000000 8.000000 0.794170 0.503628 0.393493
10.400001 0.000000 8.800000 0.991681 0.502522 0.411939
10.400001 0.000000 9.600000 0.999851 0.499676 0.431276
10.400001 0.800000 0.000000 0.938061 0.435104 0.458669
10.400001 0.800000 0.800000 0.556719 0.447737 0.446132
10.400001 0.800000 1.600000 0.054768 0.459583 0.431259
10.400001 0.800000 2.400000 nan nan nan
10.400001 0.800000 3.200000 nan nan nan
10.400001 0.800000 4.000000 nan nan nan
10.400001 0.800000 4.800000 nan nan nan
10.400001 0.800000 5.600000 nan nan nan
10.400001 0.800000 6.400000 nan nan nan
10.400001 0.800000 7.200000 0.016929 0.509063 0.372214
10.400001 0.800000 8.000000 0.485842 0.509748 0.387876
10.400001 0.800000 8.800000 0.928201 0.508608 0.407391
10.400001 0.800000 9.600000 0.995984 0.505672 0.427821
10.400001 1.600000 0.000000 0.467703 0.438274 0.457033
10.400001 1.600000 0.800000 0.331982 0.451068 0.443942
10.400001 1.600000 1.600000 0.073208 0.463081 0.428384
10.400001 1.600000 2.400000 nan nan nan
10.400001 1.600000 3.200000 nan nan nan
10.400001 1.600000 4.000000 nan nan nan
10.400001 1.600000 4.800000 nan nan nan
10.400001 1.600000 5.600000 nan nan nan
10.400001 1.600000 6.400000 nan nan nan
10.400001 1.600000 7.200000 nan nan nan
10.400001 1.600000 8.000000 0.095773 0.514188 0.383096
10.400001 1.600000 8.800000 0.759139 0.513020 0.403564
10.400001 1.600000 9.600000 0.905927 0.510016 0.424955
10.400001 2.400000 0.000000 0.000004 0.440138 0.455802
10.400001 2.400000 0.800000 nan nan nan
10.400001 2.400000 1.600000 nan nan nan
10.400001 2.400000 2.400000 0.076473 0.476352 0.407917
10.400001 2.400000 3.200000 0.060656 0.486516 0.388886
10.400001 2.400000 4.000000 nan nan nan
10.400001 2.400000 4.800000 nan nan nan
10.400001 2.400000 5.600000 nan nan nan
10.400001 2.400000 6.400000 nan nan nan
10.400001 2.400000 7.200000 nan nan nan
10.400001 2.400000 8.000000 0.012815 0.516824 0.379283
10.400001 2.400000 8.800000 0.140671 0.515639 0.400566
10.400001 2.400000 9.600000 0.489060 0.512593 0.422762
10.400001 3.200000 0.000000 nan nan nan
10.400001 3.200000 0.800000 nan nan nan
10.400001 3.200000 1.600000 nan nan nan
10.400001 3.200000 2.400000 0.001065 0.476970 0.405809
10.400001 3.200000 3.200000 nan nan nan
10.400001 3.200000 4.000000 nan nan nan
10.400001 3.200000 4.800000 nan nan nan
10.400001 3.200000 5.600000 nan nan nan
10.400001 3.200000 6.400000 nan nan nan
10.400001 3.200000 7.200000 nan nan nan
10.400001 3.200000 8.000000 nan nan nan
10.400001 3.200000 8.800000 nan nan nan
10.400001 3.200000 9.600000 0.070383 0.513330 0.421309
10.400001 4.000000 0.000000 nan nan nan
10.400001 4.000000 0.800000 nan nan nan
10.400001 4.000000 1.600000 nan nan nan
10.400001 4.000000 2.400000 nan nan nan
10.400001 4.000000 3.200000 nan nan nan
10.400001 4.000000 4.000000 nan nan nan
10.400001 4.000000 4.800000 nan nan nan
10.400001 4.000000 5.600000 nan nan nan
10.400001 4.000000 6.400000 nan nan nan
10.400001 4.000000 7.200000 nan nan nan
10.400001 4.000000 8.000000 nan nan nan
10.400001 4.000000 8.800000 nan nan nan
10.400001 4.000000 9.600000 0.000030 0.512206 0.420644
10.400001 4.800000 0.000000 nan nan nan
10.400001 4.800000 0.800000 nan nan nan
10.400001 4.800000 1.600000 nan nan nan
10.400001 4.800000 2.400000 nan nan nan
10.400001 4.800000 3.200000 nan nan nan
10.400001 4.800000 4.000000 nan nan nan
10.400001 4.800000 4.800000 nan nan nan
10.400001 4.800000 5.600000 nan nan nan
10.400001 4.800000 6.400000 nan nan nan
10.400001 4.800000 7.200000 nan nan nan
10.400001 4.800000 8.000000 nan nan nan
10.400001 4.800000 8.800000 nan nan nan
10.400001 4.800000 9.600000 0.013173 0.509252 0.420792
10.400001 5.600000 0.000000 0.050194 0.434281 0.455423
10.400001 5.600000 0.800000 nan nan nan
10.400001 5.600000 1.600000 nan nan nan
10.400001 5.600000 2.400000 nan nan nan
10.400001 5.600000 3.200000 nan nan nan
10.400001 5.600000 4.000000 nan nan nan
10.400001 5.600000 4.800000 nan nan nan
10.400001 5.600000 5.600000 nan nan nan
10.400001 5.600000 6.400000 nan nan nan
10.400001 5.600000 7.200000 nan nan nan
10.400001 5.600000 8.000000 nan nan nan
10.400001 5.600000 8.800000 0.007110 0.507471 0.398265
10.400001 5.600000 9.600000 0.267943 0.504553 0.421757
10.400001 6.400000 0.000000 0.284391 0.429596 0.456468
10.400001 6.400000 0.800000 nan nan nan
10.400001 6.400000 1.600000 nan nan nan
10.400001 6.400000 2.400000 nan nan nan
10.400001 6.400000 3.200000 nan nan nan
10.400001 6.400000 4.000000 nan nan nan
10.400001 6.400000 4.800000 nan nan nan
10.400001 6.400000 5.600000 nan nan nan
10.400001 6.400000 6.400000 0.077372 0.499093 0.347595
10.400001 6.400000 7.200000 0.000371 0.501493 0.358925
10.400001 6.400000 8.000000 0.006515 0.502152 0.377549
10.400001 6.400000 8.800000 0.212123 0.501055 0.400239
10.400001 6.400000 9.600000 0.718056 0.498229 0.423518
10.400001 7.200000 0.000000 0.567851 0.423727 0.457924
10.400001 7.200000 0.800000 0.012602 0.435815 0.444268
10.400001 7.200000 1.600000 nan nan nan
10.400001 7.200000 2.400000 nan nan nan
10.400001 7.200000 3.200000 nan nan nan
10.400001 7.200000 4.000000 nan nan nan
10.400001 7.200000 4.800000 nan nan nan
10.400001 7.200000 5.600000 0.002323 0.487333 0.348827
10.400001 7.200000 6.400000 0.595923 0.491260 0.351045
10.400001 7.200000 7.200000 0.392563 0.493569 0.362360
10.400001 7.200000 8.000000 0.434026 0.494203 0.380814
10.400001 7.200000 8.800000 0.691915 0.493148 0.403183
10.400001 7.200000 9.600000 0.667319 0.490429 0.426029
10.400001 8.000000 0.000000 0.002350 0.416747 0.459749
10.400001 8.000000 0.800000 0.053192 0.428524 0.446515
10.400001 8.000000 1.600000 0.111237 0.439496 0.430374
10.400001 8.000000 2.400000 0.026254 0.449555 0.411826
10.400001 8.000000 3.200000 nan nan nan
10.400001 8.000000 4.000000 nan nan nan
10.400001 8.000000 4.800000 nan nan nan
10.400001 8.000000 5.600000 0.277611 0.478340 0.353530
10.400001 8.000000 6.400000 0.841570 0.482106 0.355852
10.400001 8.000000 7.200000 0.900140 0.484316 0.367059
10.400001 8.000000 8.000000 0.667319 0.484923 0.385180
10.400001 8.000000 8.800000 0.182422 0.483913 0.407023
10.400001 8.000000 9.600000 0.009192 0.481309 0.429224
10.400001 8.800000 0.000000 nan nan nan
10.400001 8.800000 0.800000 nan nan nan
10.400001 8.800000 1.600000 0.002350 0.430807 0.433639
10.400001 8.800000 2.400000 0.533458 0.440529 0.415714
10.400001 8.800000 3.200000 0.305050 0.449236 0.396784
10.400001 8.800000 4.000000 0.252324 0.456820 0.379168
10.400001 8.800000 4.800000 0.460533 0.463172 0.365808
10.400001 8.800000 5.600000 0.806377 0.468191 0.359496
10.400001 8.800000 6.400000 0.880890 0.471789 0.361907
10.400001 8.800000 7.200000 0.645770 0.473898 0.372910
10.400001 8.800000 8.000000 0.182422 0.474477 0.390538
10.400001 8.800000 8.800000 nan nan nan
10.400001 8.800000 9.600000 nan nan nan
10.400001 9.600000 0.000000 nan nan nan
10.400001 9.600000 0.800000 nan nan nan
10.400001 9.600000 1.600000 nan nan nan
10.400001 9.600000 2.400000 0.277766 0.430510 0.420239
10.400001 9.600000 3.200000 0.903895 0.438883 0.402105
10.400001 9.600000 4.000000 0.896756 0.446157 0.385243
10.400001 9.600000 4.800000 0.943687 0.452236 0.372507
10.400001 9.600000 5.600000 0.868100 0.457029 0.366587
10.400001 9.600000 6.400000 0.375626 0.460459 0.369068
10.400001 9.600000 7.200000 0.013648 0.462468 0.379772
10.400001 9.600000 8.000000 nan nan nan
10.400001 9.600000 8.800000 nan nan nan
10.400001 9.600000 9.600000 nan nan nan
10.400001 10.400001 0.000000 nan nan nan
10.400001 10.400001 0.800000 nan nan nan
10.400001 10.400001 1.600000 nan nan nan
10.400001 10.400001 2.400000 0.277766 0.419606 0.425294
10.400001 10.400001 3.200000 0.903895 0.427643 0.408101
10.400001 10.400001 4.000000 0.997860 0.434609 0.392130
10.400001 10.400001 4.800000 0.968438 0.440417 0.380122
10.400001 10.400001 5.600000 0.585464 0.444988 0.374639
10.400001 10.400001 6.400000 0.003963 0.448254 0.377164
10.400001 10.400001 7.200000 nan nan nan
10.400001 10.400001 8.000000 nan nan nan
10.400001 10.400001 8.800000 nan nan nan
10.400001 10.400001 9.600000 nan nan nan
10.400001 11.200000 0.000000 nan nan nan
10.400001 11.200000 0.800000 nan nan nan
10.400001 11.200000 1.600000 0.002350 0.399245 0.445978
10.400001 11.200000 2.400000 0.533458 0.407914 0.430760
10.400001 11.200000 3.200000 0.951436 0.415621 0.414633
10.400001 11.200000 4.000000 0.928273 0.422285 0.399671
10.400001 11.200000 4.800000 0.938317 0.427830 0.388475
10.400001 11.200000 5.600000 0.381650 0.432186 0.383463
10.400001 11.200000 6.400000 nan nan nan
10.400001 11.200000 7.200000 nan nan nan
10.400001 11.200000 8.000000 nan nan nan
10.400001 11.200000 8.800000 nan nan nan
10.400001 11.200000 9.600000 nan nan nan
10.400001 12.000000 0.000000 0.002350 0.368015 0.472448
10.400001 12.000000 0.800000 0.053192 0.378006 0.462723
10.400001 12.000000 1.600000 0.409167 0.387200 0.450617
10.400001 12.000000 2.400000 0.793014 0.395526 0.436513
10.400001 12.000000 3.200000 0.509283 0.402912 0.421555
10.400001 12.000000 4.000000 0.382998 0.409284 0.407694
10.400001 12.000000 4.800000 0.509748 0.414577 0.397376
10.400001 12.000000 5.600000 0.424873 0.418727 0.392854
10.400001 12.000000 6.400000 nan nan nan
10.400001 12.000000 7.200000 nan nan nan
10.400001 12.000000 8.000000 nan nan nan
10.400001 12.000000 8.800000 nan nan nan
10.400001 12.000000 9.600000 nan nan nan
10.400001 12.800000 0.000000 0.642792 0.356051 0.475271
10.400001 12.800000 0.800000 0.733844 0.365684 0.466417
10.400001 12.800000 1.600000 0.794290 0.374530 0.455352
10.400001 12.800000 2.400000 0.253811 0.382524 0.442429
10.400001 12.800000 3.200000 0.000177 0.389600 0.428712
10.400001 12.800000 4.000000 nan nan nan
10.400001 12.800000 4.800000 0.000198 0.400745 0.406623
10.400001 12.800000 5.600000 0.254810 0.404701 0.402599
10.400001 12.800000 6.400000 0.059192 0.407517 0.405071
10.400001 12.800000 7.200000 nan nan nan
10.400001 12.800000 8.000000 nan nan nan
10.400001 12.800000 8.800000 nan nan nan
10.400001 12.800000 9.600000 nan nan nan
10.400001 13.600000 0.000000 0.980689 0.343511 0.478051
10.400001 13.600000 0.800000 0.952528 0.352795 0.470082
10.400001 13.600000 1.600000 0.513858 0.361305 0.460085
10.400001 13.600000 2.400000 0.000289 0.368979 0.448382
10.400001 13.600000 3.200000 nan nan nan
10.400001 13.600000 4.000000 nan nan nan
10.400001 13.600000 4.800000 nan nan nan
10.400001 13.600000 5.600000 0.000343 0.390185 0.412483
10.400001 13.600000 6.400000 0.005368 0.392868 0.414870
10.400001 13.600000 7.200000 0.019844 0.394432 0.422853
10.400001 13.600000 8.000000 0.028400 0.394861 0.434870
10.400001 13.600000 8.800000 0.075891 0.394148 0.448691
10.400001 13.600000 9.600000 0.394283 0.392302 0.462160
10.400001 14.400001 0.000000 0.998716 0.330453 0.480738
10.400001 14.400001 0.800000 0.930332 0.339401 0.473650
10.400001 14.400001 1.600000 0.390448 0.347586 0.464726
10.400001 14.400001 2.400000 nan nan nan
10.400001 14.400001 3.200000 nan nan nan
10.400001 14.400001 4.000000 nan nan nan
10.400001 14.400001 4.800000 nan nan nan
10.400001 14.400001 5.600000 nan nan nan
10.400001 14.400001 6.400000 nan nan nan
10.400001 14.400001 7.200000 nan nan nan
10.400001 14.400001 8.000000 0.033198 0.379702 0.442668
10.400001 14.400001 8.800000 0.543544 0.379023 0.455034
10.400001 14.400001 9.600000 0.910641 0.377264 0.467007
10.400001 15.200000 0.000000 0.999227 0.316930 0.483290
10.400001 15.200000 0.800000 0.953315 0.325554 0.477061
10.400001 15.200000 1.600000 0.518872 0.333431 0.469193
10.400001 15.200000 2.400000 0.000632 0.340510 0.459942
10.400001 15.200000 3.200000 nan nan nan
10.400001 15.200000 4.000000 nan nan nan
10.400001 15.200000 4.800000 nan nan nan
10.400001 15.200000 5.600000 nan nan nan
10.400001 15.200000 6.400000 nan nan nan
10.400001 15.200000 7.200000 nan nan nan
10.400001 15.200000 8.000000 0.025033 0.364190 0.450153
10.400001 15.200000 8.800000 0.527826 0.363542 0.461080
10.400001 15.200000 9.600000 0.941744 0.361864 0.471590
10.400001 16.000000 0.000000 0.999765 0.302989 0.485673
10.400001 16.000000 0.800000 0.975252 0.311305 0.480268
10.400001 16.000000 1.600000 0.604856 0.318887 0.473418
10.400001 16.000000 2.400000 0.000389 0.325690 0.465349
10.400001 16.000000 3.200000 nan nan nan
10.400001 16.000000 4.000000 nan nan nan
10.400001 16.000000 4.800000 nan nan nan
10.400001 16.000000 5.600000 nan nan nan
10.400001 16.000000 6.400000 nan nan nan
10.400001 16.000000 7.200000 0.004355 0.347999 0.448735
10.400001 16.000000 8.000000 0.207730 0.348371 0.457201
10.400001 16.000000 8.800000 0.718708 0.347752 0.466734
10.400001 16.000000 9.600000 0.972668 0.346149 0.475843
10.400001 16.800001 0.000000 0.999739 0.288674 0.487862
10.400001 16.800001 0.800000 0.973076 0.296694 0.483231
10.400001 16.800001 1.600000 0.583055 0.303996 0.477345
10.400001 16.800001 2.400000 nan nan nan
10.400001 16.800001 3.200000 nan nan nan
10.400001 16.800001 4.000000 nan nan nan
10.400001 16.800001 4.800000 nan nan nan
10.400001 16.800001 5.600000 nan nan nan
10.400001 16.800001 6.400000 0.033918 0.330630 0.451305
10.400001 16.800001 7.200000 0.403693 0.331930 0.456381
10.400001 16.800001 8.000000 0.674087 0.332285 0.463720
10.400001 16.800001 8.800000 0.925661 0.331693 0.471927
10.400001 16.800001 9.600000 0.990889 0.330159 0.479720
10.400001 17.600000 0.000000 0.999898 0.274022 0.489841
10.400001 17.600000 0.800000 0.987612 0.281761 0.485925
10.400001 17.600000 1.600000 0.752442 0.288798 0.480935
10.400001 17.600000 2.400000 0.093447 0.295096 0.475035
10.400001 17.600000 3.200000 nan nan nan
10.400001 17.600000 4.000000 nan nan nan
10.400001 17.600000 4.800000 nan nan nan
10.400001 17.600000 5.600000 nan nan nan
10.400001 17.600000 6.400000 0.217613 0.314381 0.458985
10.400001 17.600000 7.200000 0.849754 0.315625 0.463365
10.400001 17.600000 8.000000 0.951474 0.315965 0.469640
10.400001 17.600000 8.800000 0.965054 0.315399 0.476613
10.400001 17.600000 9.600000 0.989553 0.313930 0.483194
10.400001 18.400000 0.000000 0.999985 0.259067 0.491601
10.400001 18.400000 0.800000 0.997872 0.266539 0.488334
10.400001 18.400000 1.600000 0.934988 0.273324 0.484160
10.400001 18.400000 2.400000 0.562426 0.279390 0.479218
10.400001 18.400000 3.200000 0.095065 0.284705 0.473957
10.400001 18.400000 4.000000 nan nan nan
10.400001 18.400000 4.800000 nan nan nan
10.400001 18.400000 5.600000 nan nan nan
10.400001 18.400000 6.400000 0.039226 0.297921 0.465907
10.400001 18.400000 7.200000 0.569466 0.299115 0.469632
10.400001 18.400000 8.000000 0.952132 0.299441 0.474925
10.400001 18.400000 8.800000 0.982923 0.298898 0.480769
10.400001 18.400000 9.600000 0.995184 0.297489 0.486251
10.400001 19.200001 0.000000 0.999997 0.243837 0.493143
10.400001 19.200001 0.800000 0.999627 0.251056 0.490454
10.400001 19.200001 1.600000 0.968125 0.257604 0.487011
10.400001 19.200001 2.400000 0.569465 0.263451 0.482928
10.400001 19.200001 3.200000 0.000149 0.268570 0.478581
10.400001 19.200001 4.000000 nan nan nan
10.400001 19.200001 4.800000 nan nan nan
10.400001 19.200001 5.600000 nan nan nan
10.400001 19.200001 6.400000 nan nan nan
10.400001 19.200001 7.200000 0.190055 0.282422 0.475160
10.400001 19.200001 8.000000 0.852957 0.282735 0.479561
10.400001 19.200001 8.800000 0.995647 0.282214 0.484392
10.400001 19.200001 9.600000 0.999194 0.280861 0.488899
10.400001 20.000000 0.000000 0.999999 0.228361 0.494471
10.400001 20.000000 0.800000 0.999380 0.235339 0.492289
10.400001 20.000000 1.600000 0.952132 0.241663 0.489488
10.400001 20.000000 2.400000 0.449244 0.247304 0.486163
10.400001 20.000000 3.200000 nan nan nan
10.400001 20.000000 4.000000 nan nan nan
10.400001 20.000000 4.800000 nan nan nan
10.400001 20.000000 5.600000 nan nan nan
10.400001 20.000000 6.400000 nan nan nan
10.400001 20.000000 7.200000 0.080194 0.265569 0.479951
10.400001 20.000000 8.000000 0.794170 0.265870 0.483559
10.400001 20.000000 8.800000 0.993085 0.265369 0.487498
10.400001 20.000000 9.600000 0.999959 0.264068 0.491152
11.200000 0.000000 0.000000 0.997529 0.442948 0.457300
11.200000 0.000000 0.800000 0.961968 0.455988 0.444854
11.200000 0.000000 1.600000 0.818994 0.468255 0.430340
11.200000 0.000000 2.400000 0.644956 0.479623 0.414282
11.200000 0.000000 3.200000 0.039225 0.489945 0.397829
11.200000 0.000000 4.000000 nan nan nan
11.200000 0.000000 4.800000 nan nan nan
11.200000 0.000000 5.600000 nan nan nan
11.200000 0.000000 6.400000 nan nan nan
11.200000 0.000000 7.200000 0.318898 0.520104 0.377056
11.200000 0.000000 8.000000 0.897039 0.520832 0.392188
11.200000 0.000000 8.800000 0.992445 0.519621 0.410824
11.200000 0.000000 9.600000 0.999867 0.516509 0.430257
11.200000 0.800000 0.000000 0.985894 0.447593 0.455189
11.200000 0.800000 0.800000 0.923206 0.460886 0.442105
11.200000 0.800000 1.600000 0.683196 0.473419 0.426831
11.200000 0.800000 2.400000 0.439782 0.485059 0.409922
11.200000 0.800000 3.200000 0.131445 0.495656 0.392596
11.200000 0.800000 4.000000 nan nan nan
11.200000 0.800000 4.800000 nan nan nan
11.200000 0.800000 5.600000 nan nan nan
11.200000 0.800000 6.400000 nan nan nan
11.200000 0.800000 7.200000 0.028432 0.526806 0.370975
11.200000 0.800000 8.000000 0.511696 0.527563 0.386970
11.200000 0.800000 8.800000 0.933823 0.526305 0.406624
11.200000 0.800000 9.600000 0.998196 0.523075 0.427078
11.200000 1.600000 0.000000 0.814893 0.450922 0.453478
11.200000 1.600000 0.800000 0.740911 0.464403 0.439855
11.200000 1.600000 1.600000 0.702798 0.477133 0.423930
11.200000 1.600000 2.400000 0.467137 0.488979 0.406283
11.200000 1.600000 3.200000 0.444361 0.499782 0.388194
11.200000 1.600000 4.000000 0.040712 0.509366 0.371690
11.200000 1.600000 4.800000 nan nan nan
11.200000 1.600000 5.600000 nan nan nan
11.200000 1.600000 6.400000 nan nan nan
11.200000 1.600000 7.200000 nan nan nan
11.200000 1.600000 8.000000 0.117690 0.532474 0.382663
11.200000 1.600000 8.800000 0.797114 0.531179 0.403205
11.200000 1.600000 9.600000 0.983543 0.527858 0.424537
11.200000 2.400000 0.000000 0.335129 0.452883 0.452216
11.200000 2.400000 0.800000 0.199365 0.466476 0.438166
11.200000 2.400000 1.600000 0.322589 0.479326 0.421713
11.200000 2.400000 2.400000 0.545586 0.491296 0.403457
11.200000 2.400000 3.200000 0.281586 0.502226 0.384734
11.200000 2.400000 4.000000 nan nan nan
11.200000 2.400000 4.800000 nan nan nan
11.200000 2.400000 5.600000 nan nan nan
11.200000 2.400000 6.400000 nan nan nan
11.200000 2.400000 7.200000 nan nan nan
11.200000 2.400000 8.000000 0.023136 0.535402 0.379381
11.200000 2.400000 8.800000 0.663179 0.534085 0.400665
11.200000 2.400000 9.600000 0.859500 0.530707 0.422710
11.200000 3.200000 0.000000 0.034052 0.453441 0.451437
11.200000 3.200000 0.800000 nan nan nan
11.200000 3.200000 1.600000 0.028085 0.479952 0.420237
11.200000 3.200000 2.400000 0.355983 0.491958 0.401516
11.200000 3.200000 3.200000 0.013471 0.502924 0.382302
11.200000 3.200000 4.000000 nan nan nan
11.200000 3.200000 4.800000 nan nan nan
11.200000 3.200000 5.600000 nan nan nan
11.200000 3.200000 6.400000 nan nan nan
11.200000 3.200000 7.200000 nan nan nan
11.200000 3.200000 8.000000 0.090846 0.536242 0.377216
11.200000 3.200000 8.800000 0.249171 0.534918 0.399076
11.200000 3.200000 9.600000 0.592120 0.531523 0.421650
11.200000 4.000000 0.000000 0.003076 0.452589 0.451162
11.200000 4.000000 0.800000 nan nan nan
11.200000 4.000000 1.600000 0.001386 0.478997 0.419539
11.200000 4.000000 2.400000 nan nan nan
11.200000 4.000000 3.200000 nan nan nan
11.200000 4.000000 4.000000 nan nan nan
11.200000 4.000000 4.800000 nan nan nan
11.200000 4.000000 5.600000 nan nan nan
11.200000 4.000000 6.400000 nan nan nan
11.200000 4.000000 7.200000 0.005163 0.534171 0.357881
11.200000 4.000000 8.000000 0.026683 0.534961 0.376230
11.200000 4.000000 8.800000 0.084075 0.533647 0.398485
11.200000 4.000000 9.600000 0.420814 0.530278 0.421391
11.200000 4.800000 0.000000 0.082490 0.450339 0.451397
11.200000 4.800000 0.800000 nan nan nan
11.200000 4.800000 1.600000 nan nan nan
11.200000 4.800000 2.400000 nan nan nan
11.200000 4.800000 3.200000 nan nan nan
11.200000 4.800000 4.000000 nan nan nan
11.200000 4.800000 4.800000 nan nan nan
11.200000 4.800000 5.600000 nan nan nan
11.200000 4.800000 6.400000 nan nan nan
11.200000 4.800000 7.200000 0.130123 0.530833 0.357859
11.200000 4.800000 8.000000 0.069162 0.531608 0.376454
11.200000 4.800000 8.800000 0.144339 0.530320 0.398913
11.200000 4.800000 9.600000 0.493024 0.527015 0.421942
11.200000 5.600000 0.000000 0.244531 0.446731 0.452130
11.200000 5.600000 0.800000 nan nan nan
11.200000 5.600000 1.600000 nan nan nan
11.200000 5.600000 2.400000 nan nan nan
11.200000 5.600000 3.200000 nan nan nan
11.200000 5.600000 4.000000 nan nan nan
11.200000 5.600000 4.800000 nan nan nan
11.200000 5.600000 5.600000 nan nan nan
11.200000 5.600000 6.400000 0.002705 0.522826 0.347401
11.200000 5.600000 7.200000 0.251573 0.525551 0.359202
11.200000 5.600000 8.000000 0.293467 0.526302 0.377888
11.200000 5.600000 8.800000 0.472886 0.525053 0.400352
11.200000 5.600000 9.600000 0.752672 0.521847 0.423291
11.200000 6.400000 0.000000 0.276729 0.441819 0.453339
11.200000 6.400000 0.800000 nan nan nan
11.200000 6.400000 1.600000 nan nan nan
11.200000 6.400000 2.400000 nan nan nan
11.200000 6.400000 3.200000 nan nan nan
11.200000 6.400000 4.000000 nan nan nan
11.200000 6.400000 4.800000 nan nan nan
11.200000 6.400000 5.600000 0.047397 0.511432 0.346922
11.200000 6.400000 6.400000 0.445354 0.515874 0.350033
11.200000 6.400000 7.200000 0.512334 0.518495 0.361881
11.200000 6.400000 8.000000 0.550153 0.519216 0.380497
11.200000 6.400000 8.800000 0.769741 0.518016 0.402764
11.200000 6.400000 9.600000 0.919265 0.514931 0.425400
11.200000 7.200000 0.000000 0.561224 0.435678 0.454985
11.200000 7.200000 0.800000 0.010278 0.448341 0.441087
11.200000 7.200000 1.600000 nan nan nan
11.200000 7.200000 2.400000 nan nan nan
11.200000 7.200000 3.200000 nan nan nan
11.200000 7.200000 4.000000 nan nan nan
11.200000 7.200000 4.800000 nan nan nan
11.200000 7.200000 5.600000 0.144132 0.503108 0.350817
11.200000 7.200000 6.400000 0.774002 0.507357 0.354034
11.200000 7.200000 7.200000 0.854663 0.509861 0.365831
11.200000 7.200000 8.000000 0.761919 0.510550 0.384216
11.200000 7.200000 8.800000 0.657931 0.509404 0.406087
11.200000 7.200000 9.600000 0.729528 0.506456 0.428212
11.200000 8.000000 0.000000 0.152713 0.428391 0.457020
11.200000 8.000000 0.800000 0.277766 0.440697 0.443594
11.200000 8.000000 1.600000 0.105164 0.452207 0.427532
11.200000 8.000000 2.400000 0.026046 0.462804 0.409436
11.200000 8.000000 3.200000 0.005482 0.472362 0.390744
11.200000 8.000000 4.000000 nan nan nan
11.200000 8.000000 4.800000 0.081686 0.487811 0.361319
11.200000 8.000000 5.600000 0.524663 0.493428 0.356010
11.200000 8.000000 6.400000 0.920954 0.497474 0.359311
11.200000 8.000000 7.200000 0.864386 0.499854 0.370957
11.200000 8.000000 8.000000 0.626374 0.500508 0.388951
11.200000 8.000000 8.800000 0.441303 0.499420 0.410233
11.200000 8.000000 9.600000 0.182421 0.496617 0.431648
11.200000 8.800000 0.000000 nan nan nan
11.200000 8.800000 0.800000 nan nan nan
11.200000 8.800000 1.600000 0.152713 0.443088 0.431113
11.200000 8.800000 2.400000 0.721738 0.453293 0.413685
11.200000 8.800000 3.200000 0.549132 0.462468 0.395662
11.200000 8.800000 4.000000 0.501327 0.470488 0.379304
11.200000 8.800000 4.800000 0.674800 0.477230 0.367370
11.200000 8.800000 5.600000 0.901234 0.482573 0.362381
11.200000 8.800000 6.400000 0.918659 0.486413 0.365737
11.200000 8.800000 7.200000 0.739250 0.488669 0.377133
11.200000 8.800000 8.000000 0.441303 0.489288 0.394582
11.200000 8.800000 8.800000 0.009192 0.488257 0.415093
11.200000 8.800000 9.600000 nan nan nan
11.200000 9.600000 0.000000 nan nan nan
11.200000 9.600000 0.800000 nan nan nan
11.200000 9.600000 1.600000 0.002350 0.432973 0.435176
11.200000 9.600000 2.400000 0.533458 0.442777 0.418553
11.200000 9.600000 3.200000 0.955596 0.451563 0.401344
11.200000 9.600000 4.000000 0.950568 0.459220 0.385740
11.200000 9.600000 4.800000 0.974307 0.465637 0.374412
11.200000 9.600000 5.600000 0.909434 0.470710 0.369780
11.200000 9.600000 6.400000 0.507185 0.474348 0.373161
11.200000 9.600000 7.200000 0.088457 0.476482 0.384208
11.200000 9.600000 8.000000 0.002720 0.477068 0.400968
11.200000 9.600000 8.800000 nan nan nan
11.200000 9.600000 9.600000 nan nan nan
11.200000 10.400001 0.000000 nan nan nan
11.200000 10.400001 0.800000 nan nan nan
11.200000 10.400001 1.600000 0.002350 0.421972 0.439622
11.200000 10.400001 2.400000 0.533458 0.431374 0.423924
11.200000 10.400001 3.200000 0.955596 0.439775 0.407657
11.200000 10.400001 4.000000 0.999170 0.447075 0.392924
11.200000 10.400001 4.800000 0.979610 0.453176 0.382284
11.200000 10.400001 5.600000 0.690035 0.457987 0.378037
11.200000 10.400001 6.400000 0.062417 0.461432 0.381407
11.200000 10.400001 7.200000 nan nan nan
11.200000 10.400001 8.000000 nan nan nan
11.200000 10.400001 8.800000 nan nan nan
11.200000 10.400001 9.600000 nan nan nan
11.200000 11.200000 0.000000 nan nan nan
11.200000 11.200000 0.800000 nan nan nan
11.200000 11.200000 1.600000 0.152713 0.410185 0.444346
11.200000 11.200000 2.400000 0.733844 0.419192 0.429676
11.200000 11.200000 3.200000 0.980689 0.427217 0.414457
11.200000 11.200000 4.000000 0.981599 0.434172 0.400693
11.200000 11.200000 4.800000 0.959140 0.439970 0.390807
11.200000 11.200000 5.600000 0.512729 0.444533 0.386963
11.200000 11.200000 6.400000 nan nan nan
11.200000 11.200000 7.200000 nan nan nan
11.200000 11.200000 8.000000 nan nan nan
11.200000 11.200000 8.800000 nan nan nan
11.200000 11.200000 9.600000 nan nan nan
11.200000 12.000000 0.000000 0.152713 0.377893 0.470854
11.200000 12.000000 0.800000 0.277766 0.388200 0.461121
11.200000 12.000000 1.600000 0.642792 0.397704 0.449243
11.200000 12.000000 2.400000 0.867196 0.406328 0.435679
11.200000 12.000000 3.200000 0.814660 0.413992 0.421595
11.200000 12.000000 4.000000 0.744544 0.420618 0.408874
11.200000 12.000000 4.800000 0.814898 0.426129 0.399791
11.200000 12.000000 5.600000 0.551931 0.430457 0.396358
11.200000 12.000000 6.400000 0.000031 0.433545 0.399593
11.200000 12.000000 7.200000 nan nan nan
11.200000 12.000000 8.000000 nan nan nan
11.200000 12.000000 8.800000 nan nan nan
11.200000 12.000000 9.600000 nan nan nan
11.200000 12.800000 0.000000 0.806436 0.365575 0.473885
11.200000 12.800000 0.800000 0.862259 0.375491 0.465043
11.200000 12.800000 1.600000 0.801400 0.384612 0.454210
11.200000 12.800000 2.400000 0.657660 0.392868 0.441807
11.200000 12.800000 3.200000 0.297737 0.400188 0.428917
11.200000 12.800000 4.000000 0.170845 0.406501 0.417293
11.200000 12.800000 4.800000 0.298244 0.411742 0.409042
11.200000 12.800000 5.600000 0.658411 0.415852 0.406017
11.200000 12.800000 6.400000 0.165737 0.418779 0.409128
11.200000 12.800000 7.200000 nan nan nan
11.200000 12.800000 8.000000 nan nan nan
11.200000 12.800000 8.800000 nan nan nan
11.200000 12.800000 9.600000 0.025075 0.418161 0.459591
11.200000 13.600000 0.000000 0.988586 0.352691 0.476858
11.200000 13.600000 0.800000 0.927217 0.362228 0.468916
11.200000 13.600000 1.600000 0.816990 0.370981 0.459147
11.200000 13.600000 2.400000 0.300238 0.378886 0.447935
11.200000 13.600000 3.200000 0.006625 0.385880 0.436274
11.200000 13.600000 4.000000 nan nan nan
11.200000 13.600000 4.800000 0.006743 0.396889 0.418368
11.200000 13.600000 5.600000 0.301253 0.400794 0.415739
11.200000 13.600000 6.400000 0.552840 0.403573 0.418691
11.200000 13.600000 7.200000 0.286097 0.405194 0.426793
11.200000 13.600000 8.000000 0.117369 0.405638 0.438502
11.200000 13.600000 8.800000 0.042274 0.404899 0.451710
11.200000 13.600000 9.600000 0.085850 0.402987 0.464436
11.200000 14.400001 0.000000 0.996121 0.339300 0.479722
11.200000 14.400001 0.800000 0.971669 0.348474 0.472670
11.200000 14.400001 1.600000 0.749027 0.356876 0.463964
11.200000 14.400001 2.400000 0.175401 0.364449 0.453948
11.200000 14.400001 3.200000 nan nan nan
11.200000 14.400001 4.000000 nan nan nan
11.200000 14.400001 4.800000 nan nan nan
11.200000 14.400001 5.600000 0.176329 0.385350 0.425331
11.200000 14.400001 6.400000 0.282042 0.387991 0.428093
11.200000 14.400001 7.200000 0.329922 0.389531 0.435450
11.200000 14.400001 8.000000 0.537243 0.389952 0.445981
11.200000 14.400001 8.800000 0.350123 0.389251 0.457779
11.200000 14.400001 9.600000 0.417684 0.387434 0.469070
11.200000 15.200000 0.000000 0.999543 0.325458 0.482433
11.200000 15.200000 0.800000 0.988622 0.334284 0.476246
11.200000 15.200000 1.600000 0.819528 0.342352 0.468580
11.200000 15.200000 2.400000 0.305753 0.349611 0.459742
11.200000 15.200000 3.200000 0.007969 0.356010 0.450538
11.200000 15.200000 4.000000 nan nan nan
11.200000 15.200000 4.800000 nan nan nan
11.200000 15.200000 5.600000 0.049943 0.369572 0.434618
11.200000 15.200000 6.400000 0.264537 0.372087 0.437165
11.200000 15.200000 7.200000 0.312245 0.373551 0.443762
11.200000 15.200000 8.000000 0.603887 0.373952 0.453118
11.200000 15.200000 8.800000 0.821423 0.373285 0.463527
11.200000 15.200000 9.600000 0.850224 0.371556 0.473424
11.200000 16.000000 0.000000 0.999622 0.311212 0.484957
11.200000 16.000000 0.800000 0.989821 0.319707 0.479595
11.200000 16.000000 1.600000 0.784800 0.327460 0.472930
11.200000 16.000000 2.400000 0.140316 0.334423 0.465228
11.200000 16.000000 3.200000 nan nan nan
11.200000 16.000000 4.000000 nan nan nan
11.200000 16.000000 4.800000 nan nan nan
11.200000 16.000000 5.600000 nan nan nan
11.200000 16.000000 6.400000 0.274467 0.355905 0.445762
11.200000 16.000000 7.200000 0.548420 0.357300 0.451599
11.200000 16.000000 8.000000 0.722861 0.357682 0.459806
11.200000 16.000000 8.800000 0.785042 0.357046 0.468875
11.200000 16.000000 9.600000 0.919959 0.355399 0.477444
11.200000 16.800001 0.000000 0.998162 0.296605 0.487270
11.200000 16.800001 0.800000 0.988072 0.304786 0.482681
11.200000 16.800001 1.600000 0.770545 0.312240 0.476959
11.200000 16.800001 2.400000 0.118258 0.318925 0.470335
11.200000 16.800001 3.200000 nan nan nan
11.200000 16.800001 4.000000 nan nan nan
11.200000 16.800001 4.800000 nan nan nan
11.200000 16.800001 5.600000 nan nan nan
11.200000 16.800001 6.400000 0.248418 0.339482 0.453764
11.200000 16.800001 7.200000 0.617282 0.340814 0.458861
11.200000 16.800001 8.000000 0.480614 0.341178 0.465966
11.200000 16.800001 8.800000 0.576353 0.340572 0.473767
11.200000 16.800001 9.600000 0.817960 0.339000 0.481091
11.200000 17.600000 0.000000 0.996785 0.281675 0.489355
11.200000 17.600000 0.800000 0.980171 0.289558 0.485479
11.200000 17.600000 1.600000 0.874987 0.296731 0.480631
11.200000 17.600000 2.400000 0.342495 0.303154 0.475008
11.200000 17.600000 3.200000 nan nan nan
11.200000 17.600000 4.000000 nan nan nan
11.200000 17.600000 4.800000 nan nan nan
11.200000 17.600000 5.600000 0.013438 0.320663 0.459263
11.200000 17.600000 6.400000 0.482035 0.322851 0.461085
11.200000 17.600000 7.200000 0.584462 0.324124 0.465474
11.200000 17.600000 8.000000 0.442332 0.324472 0.471543
11.200000 17.600000 8.800000 0.541567 0.323892 0.478166
11.200000 17.600000 9.600000 0.798677 0.322390 0.484347
11.200000 18.400000 0.000000 0.997845 0.266455 0.491207
11.200000 18.400000 0.800000 0.986207 0.274057 0.487975
11.200000 18.400000 1.600000 0.967387 0.280964 0.483923
11.200000 18.400000 2.400000 0.756820 0.287142 0.479214
11.200000 18.400000 3.200000 0.344653 0.292558 0.474300
11.200000 18.400000 4.000000 0.080194 0.297181 0.469917
11.200000 18.400000 4.800000 0.000149 0.300984 0.466938
11.200000 18.400000 5.600000 0.011565 0.303942 0.466090
11.200000 18.400000 6.400000 0.253331 0.306037 0.467668
11.200000 18.400000 7.200000 0.745272 0.307256 0.471394
11.200000 18.400000 8.000000 0.638088 0.307589 0.476508
11.200000 18.400000 8.800000 0.714095 0.307034 0.482056
11.200000 18.400000 9.600000 0.887778 0.305596 0.487204
11.200000 19.200001 0.000000 0.999471 0.250975 0.492825
11.200000 19.200001 0.800000 0.996214 0.258310 0.490167
11.200000 19.200001 1.600000 0.986439 0.264968 0.486826
11.200000 19.200001 2.400000 0.758459 0.270915 0.482936
11.200000 19.200001 3.200000 0.131445 0.276124 0.478875
11.200000 19.200001 4.000000 nan nan nan
11.200000 19.200001 4.800000 nan nan nan
11.200000 19.200001 5.600000 nan nan nan
11.200000 19.200001 6.400000 0.000149 0.289064 0.473488
11.200000 19.200001 7.200000 0.449244 0.290232 0.476605
11.200000 19.200001 8.000000 0.890707 0.290551 0.480855
11.200000 19.200001 8.800000 0.919049 0.290019 0.485441
11.200000 19.200001 9.600000 0.973672 0.288641 0.489671
11.200000 20.000000 0.000000 0.999958 0.235261 0.494218
11.200000 20.000000 0.800000 0.999652 0.242344 0.492062
11.200000 20.000000 1.600000 0.979073 0.248766 0.489344
11.200000 20.000000 2.400000 0.673268 0.254497 0.486176
11.200000 20.000000 3.200000 0.039225 0.259512 0.482867
11.200000 20.000000 4.000000 nan nan nan
11.200000 20.000000 4.800000 nan nan nan
11.200000 20.000000 5.600000 nan nan nan
11.200000 20.000000 6.400000 nan nan nan
11.200000 20.000000 7.200000 0.318898 0.273070 0.481117
11.200000 20.000000 8.000000 0.897039 0.273376 0.484599
11.200000 20.000000 8.800000 0.992569 0.272866 0.488338
11.200000 20.000000 9.600000 0.998020 0.271543 0.491769
12.000000 0.000000 0.000000 0.933430 0.454416 0.454458
12.000000 0.000000 0.800000 0.900217 0.468099 0.441578
12.000000 0.000000 1.600000 0.929511 0.481045 0.426758
12.000000 0.000000 2.400000 0.914440 0.493114 0.410598
12.000000 0.000000 3.200000 0.511126 0.504146 0.394292
12.000000 0.000000 4.000000 0.080194 0.513954 0.379658
12.000000 0.000000 4.800000 0.000149 0.522337 0.368900
12.000000 0.000000 5.600000 0.011565 0.529085 0.364092
12.000000 0.000000 6.400000 0.253331 0.533998 0.366504
12.000000 0.000000 7.200000 0.758459 0.536910 0.376097
12.000000 0.000000 8.000000 0.958377 0.537714 0.391439
12.000000 0.000000 8.800000 0.997312 0.536378 0.410134
12.000000 0.000000 9.600000 0.999959 0.532953 0.429549
12.000000 0.800000 0.000000 0.748897 0.459282 0.452259
12.000000 0.800000 0.800000 0.654122 0.473259 0.438750
12.000000 0.800000 1.600000 0.737067 0.486517 0.423199
12.000000 0.800000 2.400000 0.749569 0.498915 0.406236
12.000000 0.800000 3.200000 0.623636 0.510283 0.389127
12.000000 0.800000 4.000000 0.190055 0.520427 0.373793
12.000000 0.800000 4.800000 0.039225 0.529127 0.362558
12.000000 0.800000 5.600000 0.021122 0.536154 0.357598
12.000000 0.800000 6.400000 0.030999 0.541286 0.360238
12.000000 0.800000 7.200000 0.259347 0.544334 0.370412
12.000000 0.800000 8.000000 0.736234 0.545176 0.386594
12.000000 0.800000 8.800000 0.972875 0.543776 0.406254
12.000000 0.800000 9.600000 0.999398 0.540193 0.426623
12.000000 1.600000 0.000000 0.579742 0.462776 0.450496
12.000000 1.600000 0.800000 0.451458 0.476971 0.436466
12.000000 1.600000 1.600000 0.360999 0.490464 0.420299
12.000000 1.600000 2.400000 0.197283 0.503110 0.402655
12.000000 1.600000 3.200000 0.292293 0.514735 0.384862
12.000000 1.600000 4.000000 0.283771 0.525137 0.368934
12.000000 1.600000 4.800000 nan nan nan
12.000000 1.600000 5.600000 nan nan nan
12.000000 1.600000 6.400000 nan nan nan
12.000000 1.600000 7.200000 nan nan nan
12.000000 1.600000 8.000000 0.395952 0.550665 0.382719
12.000000 1.600000 8.800000 0.906309 0.549214 0.403207
12.000000 1.600000 9.600000 0.997192 0.545505 0.424377
12.000000 2.400000 0.000000 0.603336 0.464834 0.449219
12.000000 2.400000 0.800000 0.417729 0.479162 0.434787
12.000000 2.400000 1.600000 0.038756 0.492798 0.418135
12.000000 2.400000 2.400000 nan nan nan
12.000000 2.400000 3.200000 0.010482 0.517379 0.381604
12.000000 2.400000 4.000000 0.027577 0.527940 0.365201
12.000000 2.400000 4.800000 nan nan nan
12.000000 2.400000 5.600000 nan nan nan
12.000000 2.400000 6.400000 nan nan nan
12.000000 2.400000 7.200000 nan nan nan
12.000000 2.400000 8.000000 0.247479 0.553958 0.379918
12.000000 2.400000 8.800000 0.859228 0.552474 0.401078
12.000000 2.400000 9.600000 0.988854 0.548685 0.422877
12.000000 3.200000 0.000000 0.682566 0.465421 0.448462
12.000000 3.200000 0.800000 0.309377 0.479787 0.433759
12.000000 3.200000 1.600000 0.001991 0.493464 0.416764
12.000000 3.200000 2.400000 nan nan nan
12.000000 3.200000 3.200000 nan nan nan
12.000000 3.200000 4.000000 nan nan nan
12.000000 3.200000 4.800000 nan nan nan
12.000000 3.200000 5.600000 nan nan nan
12.000000 3.200000 6.400000 nan nan nan
12.000000 3.200000 7.200000 nan nan nan
12.000000 3.200000 8.000000 0.361608 0.554905 0.378266
12.000000 3.200000 8.800000 0.866660 0.553412 0.399926
12.000000 3.200000 9.600000 0.952442 0.549599 0.422166
12.000000 4.000000 0.000000 0.613135 0.464525 0.448247
12.000000 4.000000 0.800000 0.462117 0.478833 0.433407
12.000000 4.000000 1.600000 0.065955 0.492447 0.416218
12.000000 4.000000 2.400000 0.000782 0.505222 0.397395
12.000000 4.000000 3.200000 nan nan nan
12.000000 4.000000 4.000000 nan nan nan
12.000000 4.000000 4.800000 nan nan nan
12.000000 4.000000 5.600000 nan nan nan
12.000000 4.000000 6.400000 nan nan nan
12.000000 4.000000 7.200000 0.015010 0.552571 0.359435
12.000000 4.000000 8.000000 0.691142 0.553461 0.377806
12.000000 4.000000 8.800000 0.784154 0.551982 0.399784
12.000000 4.000000 9.600000 0.917273 0.548206 0.422264
12.000000 4.800000 0.000000 0.685019 0.462163 0.448574
12.000000 4.800000 0.800000 0.096168 0.476320 0.433736
12.000000 4.800000 1.600000 nan nan nan
12.000000 4.800000 2.400000 nan nan nan
12.000000 4.800000 3.200000 nan nan nan
12.000000 4.800000 4.000000 nan nan nan
12.000000 4.800000 4.800000 nan nan nan
12.000000 4.800000 5.600000 nan nan nan
12.000000 4.800000 6.400000 nan nan nan
12.000000 4.800000 7.200000 0.040597 0.548827 0.359987
12.000000 4.800000 8.000000 0.738138 0.549694 0.378551
12.000000 4.800000 8.800000 0.821229 0.548253 0.400653
12.000000 4.800000 9.600000 0.933512 0.544567 0.423166
12.000000 5.600000 0.000000 0.495770 0.458378 0.449431
12.000000 5.600000 0.800000 nan nan nan
12.000000 5.600000 1.600000 nan nan nan
12.000000 5.600000 2.400000 nan nan nan
12.000000 5.600000 3.200000 nan nan nan
12.000000 5.600000 4.000000 nan nan nan
12.000000 5.600000 4.800000 nan nan nan
12.000000 5.600000 5.600000 nan nan nan
12.000000 5.600000 6.400000 nan nan nan
12.000000 5.600000 7.200000 0.313389 0.542939 0.361879
12.000000 5.600000 8.000000 0.884326 0.543773 0.380477
12.000000 5.600000 8.800000 0.886397 0.542386 0.402508
12.000000 5.600000 9.600000 0.915201 0.538834 0.424845
12.000000 6.400000 0.000000 0.525613 0.453235 0.450789
12.000000 6.400000 0.800000 0.001880 0.466848 0.436363
12.000000 6.400000 1.600000 nan nan nan
12.000000 6.400000 2.400000 nan nan nan
12.000000 6.400000 3.200000 nan nan nan
12.000000 6.400000 4.000000 nan nan nan
12.000000 6.400000 4.800000 0.056961 0.520708 0.353603
12.000000 6.400000 5.600000 0.076065 0.527392 0.348945
12.000000 6.400000 6.400000 0.342153 0.532255 0.352872
12.000000 6.400000 7.200000 0.787173 0.535136 0.365060
12.000000 6.400000 8.000000 0.559860 0.535931 0.383533
12.000000 6.400000 8.800000 0.412061 0.534610 0.405295
12.000000 6.400000 9.600000 0.511658 0.531221 0.427252
12.000000 7.200000 0.000000 0.748344 0.446817 0.452606
12.000000 7.200000 0.800000 0.178905 0.460066 0.438579
12.000000 7.200000 1.600000 nan nan nan
12.000000 7.200000 2.400000 nan nan nan
12.000000 7.200000 3.200000 nan nan nan
12.000000 7.200000 4.000000 0.029106 0.504032 0.369319
12.000000 7.200000 4.800000 0.183029 0.511972 0.357745
12.000000 7.200000 5.600000 0.627743 0.518335 0.353322
12.000000 7.200000 6.400000 0.901286 0.522949 0.357345
12.000000 7.200000 7.200000 0.523257 0.525676 0.369447
12.000000 7.200000 8.000000 0.120071 0.526428 0.387635
12.000000 7.200000 8.800000 0.020339 0.525178 0.408937
12.000000 7.200000 9.600000 0.078800 0.521969 0.430317
12.000000 8.000000 0.000000 0.642792 0.439218 0.454826
12.000000 8.000000 0.800000 0.687809 0.452061 0.441315
12.000000 8.000000 1.600000 0.344757 0.464124 0.425428
12.000000 8.000000 2.400000 0.219438 0.475283 0.407849
12.000000 8.000000 3.200000 0.355228 0.485396 0.390038
12.000000 8.000000 4.000000 0.364486 0.494308 0.374234
12.000000 8.000000 4.800000 0.562989 0.501859 0.363081
12.000000 8.000000 5.600000 0.854982 0.507886 0.358930
12.000000 8.000000 6.400000 0.841778 0.512243 0.363015
12.000000 8.000000 7.200000 0.329712 0.514813 0.374927
12.000000 8.000000 8.000000 0.007125 0.515520 0.392675
12.000000 8.000000 8.800000 nan nan nan
12.000000 8.000000 9.600000 0.000030 0.511319 0.433953
12.000000 8.800000 0.000000 0.152713 0.430538 0.457388
12.000000 8.800000 0.800000 0.277766 0.442947 0.444498
12.000000 8.800000 1.600000 0.642792 0.454562 0.429285
12.000000 8.800000 2.400000 0.852100 0.465266 0.412409
12.000000 8.800000 3.200000 0.865185 0.474928 0.395295
12.000000 8.800000 4.000000 0.844922 0.483409 0.380127
12.000000 8.800000 4.800000 0.912597 0.490566 0.369484
12.000000 8.800000 5.600000 0.979430 0.496259 0.365634
12.000000 8.800000 6.400000 0.866095 0.500363 0.369743
12.000000 8.800000 7.200000 0.392910 0.502777 0.381364
12.000000 8.800000 8.000000 0.029827 0.503441 0.398523
12.000000 8.800000 8.800000 nan nan nan
12.000000 8.800000 9.600000 0.009506 0.499493 0.438061
12.000000 9.600000 0.000000 0.002350 0.420878 0.460221
12.000000 9.600000 0.800000 0.053192 0.432838 0.448043
12.000000 9.600000 1.600000 0.409167 0.443994 0.433615
12.000000 9.600000 2.400000 0.862259 0.454237 0.417567
12.000000 9.600000 3.200000 0.992026 0.463448 0.401277
12.000000 9.600000 4.000000 0.990696 0.471503 0.386860
12.000000 9.600000 4.800000 0.995530 0.478275 0.376802
12.000000 9.600000 5.600000 0.972844 0.483644 0.373277
12.000000 9.600000 6.400000 0.794459 0.487504 0.377368
12.000000 9.600000 7.200000 0.464873 0.489771 0.388600
12.000000 9.600000 8.000000 0.285125 0.490394 0.405034
12.000000 9.600000 8.800000 0.146343 0.489358 0.423914
12.000000 9.600000 9.600000 0.009192 0.486687 0.442534
12.000000 10.400001 0.000000 0.002350 0.410336 0.463254
12.000000 10.400001 0.800000 0.053192 0.421842 0.451862
12.000000 10.400001 1.600000 0.409167 0.432539 0.438312
12.000000 10.400001 2.400000 0.862259 0.442326 0.423201
12.000000 10.400001 3.200000 0.976143 0.451096 0.407847
12.000000 10.400001 4.000000 0.995062 0.458738 0.394277
12.000000 10.400001 4.800000 0.994750 0.465142 0.384869
12.000000 10.400001 5.600000 0.885914 0.470204 0.381681
12.000000 10.400001 6.400000 0.428467 0.473835 0.385713
12.000000 10.400001 7.200000 0.036265 0.475963 0.396464
12.000000 10.400001 8.000000 nan nan nan
12.000000 10.400001 8.800000 0.002513 0.475575 0.429832
12.000000 10.400001 9.600000 0.009192 0.473067 0.447258
12.000000 11.200000 0.000000 0.152713 0.399004 0.466413
12.000000 11.200000 0.800000 0.277766 0.410060 0.455864
12.000000 11.200000 1.600000 0.642792 0.420306 0.443267
12.000000 11.200000 2.400000 0.674223 0.429650 0.429181
12.000000 11.200000 3.200000 0.797369 0.437996 0.414856
12.000000 11.200000 4.000000 0.943604 0.445245 0.402214
12.000000 11.200000 4.800000 0.988793 0.451301 0.393505
12.000000 11.200000 5.600000 0.797518 0.456076 0.390659
12.000000 11.200000 6.400000 0.211163 0.459492 0.394589
12.000000 11.200000 7.200000 nan nan nan
12.000000 11.200000 8.000000 nan nan nan
12.000000 11.200000 8.800000 nan nan nan
12.000000 11.200000 9.600000 0.050143 0.458770 0.452123
12.000000 12.000000 0.000000 0.642792 0.386969 0.469627
12.000000 12.000000 0.800000 0.601447 0.397584 0.459960
12.000000 12.000000 1.600000 0.296238 0.407393 0.448372
12.000000 12.000000 2.400000 0.236065 0.416312 0.435378
12.000000 12.000000 3.200000 0.437027 0.424253 0.422152
12.000000 12.000000 4.000000 0.790246 0.431131 0.410498
12.000000 12.000000 4.800000 0.973907 0.436863 0.402522
12.000000 12.000000 5.600000 0.818599 0.441370 0.400016
12.000000 12.000000 6.400000 0.253685 0.444591 0.403801
12.000000 12.000000 7.200000 nan nan nan
12.000000 12.000000 8.000000 nan nan nan
12.000000 12.000000 8.800000 nan nan nan
12.000000 12.000000 9.600000 nan nan nan
12.000000 12.800000 0.000000 0.831832 0.374307 0.472829
12.000000 12.800000 0.800000 0.403809 0.384497 0.464066
12.000000 12.800000 1.600000 0.098028 0.393886 0.453519
12.000000 12.800000 2.400000 0.055954 0.402400 0.441663
12.000000 12.800000 3.200000 0.222526 0.409960 0.429584
12.000000 12.800000 4.000000 0.653761 0.416491 0.418957
12.000000 12.800000 4.800000 0.835725 0.421920 0.411733
12.000000 12.800000 5.600000 0.921120 0.426182 0.409557
12.000000 12.800000 6.400000 0.550711 0.429222 0.413157
12.000000 12.800000 7.200000 0.053041 0.430997 0.422012
12.000000 12.800000 8.000000 nan nan nan
12.000000 12.800000 8.800000 nan nan nan
12.000000 12.800000 9.600000 nan nan nan
12.000000 13.600000 0.000000 0.851125 0.361091 0.475958
12.000000 13.600000 0.800000 0.449518 0.370871 0.468103
12.000000 13.600000 1.600000 0.135908 0.379860 0.458611
12.000000 13.600000 2.400000 0.087586 0.387991 0.447913
12.000000 13.600000 3.200000 0.268403 0.395194 0.437005
12.000000 13.600000 4.000000 0.473909 0.401401 0.427424
12.000000 13.600000 4.800000 0.591466 0.406551 0.420955
12.000000 13.600000 5.600000 0.747127 0.410587 0.419091
12.000000 13.600000 6.400000 0.747830 0.413461 0.422472
12.000000 13.600000 7.200000 0.118265 0.415138 0.430588
12.000000 13.600000 8.000000 nan nan nan
12.000000 13.600000 8.800000 nan nan nan
12.000000 13.600000 9.600000 nan nan nan
12.000000 14.400001 0.000000 0.937436 0.347381 0.478963
12.000000 14.400001 0.800000 0.705932 0.356770 0.472001
12.000000 14.400001 1.600000 0.436010 0.365381 0.463556
12.000000 14.400001 2.400000 0.376091 0.373151 0.454015
12.000000 14.400001 3.200000 0.476272 0.380019 0.444279
12.000000 14.400001 4.000000 0.347575 0.385927 0.435741
12.000000 14.400001 4.800000 0.476751 0.390819 0.430015
12.000000 14.400001 5.600000 0.435339 0.394647 0.428441
12.000000 14.400001 6.400000 0.439850 0.397369 0.431574
12.000000 14.400001 7.200000 0.458406 0.398957 0.438923
12.000000 14.400001 8.000000 0.045655 0.399391 0.449103
12.000000 14.400001 8.800000 nan nan nan
12.000000 14.400001 9.600000 0.001300 0.396795 0.470959
12.000000 15.200000 0.000000 0.989957 0.333233 0.481800
12.000000 15.200000 0.800000 0.934808 0.342251 0.475701
12.000000 15.200000 1.600000 0.839853 0.350504 0.468277
12.000000 15.200000 2.400000 0.812882 0.357936 0.459869
12.000000 15.200000 3.200000 0.453896 0.364492 0.451283
12.000000 15.200000 4.000000 0.221694 0.370122 0.443765
12.000000 15.200000 4.800000 0.249445 0.374776 0.438758
12.000000 15.200000 5.600000 0.309429 0.378413 0.437447
12.000000 15.200000 6.400000 0.314091 0.380997 0.440310
12.000000 15.200000 7.200000 0.569343 0.382502 0.446883
12.000000 15.200000 8.000000 0.600642 0.382914 0.455911
12.000000 15.200000 8.800000 0.423643 0.382229 0.465795
12.000000 15.200000 9.600000 0.488773 0.380452 0.475103
12.000000 16.000000 0.000000 0.986135 0.318697 0.484434
12.000000 16.000000 0.800000 0.927362 0.327362 0.479156
12.000000 16.000000 1.600000 0.848619 0.335278 0.472709
12.000000 16.000000 2.400000 0.635959 0.342393 0.465391
12.000000 16.000000 3.200000 0.170251 0.348660 0.457912
12.000000 16.000000 4.000000 0.013781 0.354032 0.451374
12.000000 16.000000 4.800000 0.024651 0.358467 0.447048
12.000000 16.000000 5.600000 0.251560 0.361928 0.445973
12.000000 16.000000 6.400000 0.449380 0.364385 0.448551
12.000000 16.000000 7.200000 0.217933 0.365816 0.454354
12.000000 16.000000 8.000000 0.083461 0.366207 0.462261
12.000000 16.000000 8.800000 0.171376 0.365555 0.470862
12.000000 16.000000 9.600000 0.529866 0.363867 0.478910
12.000000 16.800001 0.000000 0.947862 0.303814 0.486841
12.000000 16.800001 0.800000 0.778171 0.312147 0.482330
12.000000 16.800001 1.600000 0.597262 0.319745 0.476802
12.000000 16.800001 2.400000 0.595443 0.326565 0.470513
12.000000 16.800001 3.200000 0.146804 0.332561 0.464081
12.000000 16.800001 4.000000 0.006393 0.337694 0.458467
12.000000 16.800001 4.800000 0.014500 0.341927 0.454776
12.000000 16.800001 5.600000 0.225847 0.345227 0.453906
12.000000 16.800001 6.400000 0.333136 0.347567 0.456194
12.000000 16.800001 7.200000 0.008537 0.348929 0.461250
12.000000 16.800001 8.000000 nan nan nan
12.000000 16.800001 8.800000 0.000409 0.348682 0.475476
12.000000 16.800001 9.600000 0.234304 0.347074 0.482348
12.000000 17.600000 0.000000 0.918230 0.288622 0.489008
12.000000 17.600000 0.800000 0.682988 0.296641 0.485201
12.000000 17.600000 1.600000 0.460238 0.303942 0.480521
12.000000 17.600000 2.400000 0.458127 0.310485 0.475187
12.000000 17.600000 3.200000 0.376360 0.316230 0.469728
12.000000 17.600000 4.000000 0.148681 0.321142 0.464969
12.000000 17.600000 4.800000 0.174168 0.325187 0.461860
12.000000 17.600000 5.600000 0.460080 0.328338 0.461165
12.000000 17.600000 6.400000 0.292943 0.330572 0.463164
12.000000 17.600000 7.200000 0.001182 0.331871 0.467509
12.000000 17.600000 8.000000 nan nan nan
12.000000 17.600000 8.800000 nan nan nan
12.000000 17.600000 9.600000 0.195920 0.330101 0.485405
12.000000 18.400000 0.000000 0.940663 0.273155 0.490927
12.000000 18.400000 0.800000 0.753825 0.280878 0.487756
12.000000 18.400000 1.600000 0.560697 0.287899 0.483847
12.000000 18.400000 2.400000 0.558784 0.294183 0.479383
12.000000 18.400000 3.200000 0.749929 0.299694 0.474810
12.000000 18.400000 4.000000 0.569466 0.304401 0.470830
12.000000 18.400000 4.800000 0.384747 0.308273 0.468244
12.000000 18.400000 5.600000 0.449245 0.311287 0.467697
12.000000 18.400000 6.400000 0.510934 0.313422 0.469417
12.000000 18.400000 7.200000 0.110899 0.314664 0.473099
12.000000 18.400000 8.000000 0.016860 0.315003 0.478010
12.000000 18.400000 8.800000 0.073931 0.314438 0.483258
12.000000 18.400000 9.600000 0.416336 0.312972 0.488081
12.000000 19.200001 0.000000 0.981536 0.257440 0.492602
12.000000 19.200001 0.800000 0.906954 0.264884 0.489996
12.000000 19.200001 1.600000 0.810905 0.271644 0.486775
12.000000 19.200001 2.400000 0.809852 0.277686 0.483088
12.000000 19.200001 3.200000 0.623635 0.282979 0.479310
12.000000 19.200001 4.000000 0.190055 0.287495 0.476025
12.000000 19.200001 4.800000 0.039225 0.291207 0.473902
12.000000 19.200001 5.600000 0.080194 0.294094 0.473477
12.000000 19.200001 6.400000 0.384746 0.296138 0.474933
12.000000 19.200001 7.200000 0.570009 0.297326 0.478009
12.000000 19.200001 8.000000 0.425747 0.297651 0.482087
12.000000 19.200001 8.800000 0.526318 0.297110 0.486423
12.000000 19.200001 9.600000 0.789995 0.295708 0.490385
12.000000 20.000000 0.000000 0.997995 0.241505 0.494042
12.000000 20.000000 0.800000 0.987084 0.248686 0.491929
12.000000 20.000000 1.600000 0.969340 0.255199 0.489310
12.000000 20.000000 2.400000 0.914440 0.261014 0.486308
12.000000 20.000000 3.200000 0.511126 0.266104 0.483229
12.000000 20.000000 4.000000 0.080194 0.270442 0.480554
12.000000 20.000000 4.800000 0.000149 0.274006 0.478834
12.000000 20.000000 5.600000 0.011565 0.276776 0.478507
12.000000 20.000000 6.400000 0.253331 0.278736 0.479721
12.000000 20.000000 7.200000 0.758459 0.279875 0.482254
12.000000 20.000000 8.000000 0.897461 0.280186 0.485594
12.000000 20.000000 8.800000 0.924242 0.279668 0.489127
12.000000 20.000000 9.600000 0.975545 0.278323 0.492340
12.800000 0.000000 0.000000 0.583461 0.464959 0.452309
12.800000 0.000000 0.800000 0.455698 0.479295 0.439137
12.800000 0.000000 1.600000 0.566832 0.492939 0.424153
12.800000 0.000000 2.400000 0.819761 0.505746 0.408015
12.800000 0.000000 3.200000 0.929209 0.517540 0.391948
12.800000 0.000000 4.000000 0.758459 0.528111 0.377751
12.800000 0.000000 4.800000 0.623636 0.537222 0.367552
12.800000 0.000000 5.600000 0.673268 0.544615 0.363304
12.800000 0.000000 6.400000 0.852957 0.550035 0.366158
12.800000 0.000000 7.200000 0.959072 0.553265 0.375998
12.800000 0.000000 8.000000 0.993272 0.554159 0.391386
12.800000 0.000000 8.800000 0.999669 0.552674 0.409983
12.800000 0.000000 9.600000 0.999996 0.548880 0.429247
12.800000 0.800000 0.000000 0.114253 0.470048 0.450056
12.800000 0.800000 0.800000 0.024497 0.484723 0.436269
12.800000 0.800000 1.600000 0.098886 0.498735 0.420584
12.800000 0.800000 2.400000 0.361911 0.511936 0.403692
12.800000 0.800000 3.200000 0.457530 0.524144 0.386889
12.800000 0.800000 4.000000 0.743319 0.535138 0.372071
12.800000 0.800000 4.800000 0.696056 0.544661 0.361475
12.800000 0.800000 5.600000 0.501138 0.552426 0.357142
12.800000 0.800000 6.400000 0.521671 0.558144 0.360263
12.800000 0.800000 7.200000 0.739595 0.561563 0.370689
12.800000 0.800000 8.000000 0.940031 0.562511 0.386889
12.800000 0.800000 8.800000 0.995845 0.560937 0.406399
12.800000 0.800000 9.600000 0.999933 0.556923 0.426553
12.800000 1.600000 0.000000 0.000546 0.473708 0.448268
12.800000 1.600000 0.800000 nan nan nan
12.800000 1.600000 1.600000 nan nan nan
12.800000 1.600000 2.400000 nan nan nan
12.800000 1.600000 3.200000 nan nan nan
12.800000 1.600000 4.000000 0.187513 0.540282 0.367456
12.800000 1.600000 4.800000 0.334208 0.550131 0.356546
12.800000 1.600000 5.600000 0.108489 0.558195 0.352173
12.800000 1.600000 6.400000 0.126702 0.564156 0.355553
12.800000 1.600000 7.200000 0.401371 0.567731 0.366505
12.800000 1.600000 8.000000 0.813383 0.568723 0.383409
12.800000 1.600000 8.800000 0.982895 0.567075 0.403687
12.800000 1.600000 9.600000 0.999653 0.562882 0.424571
12.800000 2.400000 0.000000 0.004209 0.475867 0.446995
12.800000 2.400000 0.800000 nan nan nan
12.800000 2.400000 1.600000 nan nan nan
12.800000 2.400000 2.400000 nan nan nan
12.800000 2.400000 3.200000 nan nan nan
12.800000 2.400000 4.000000 nan nan nan
12.800000 2.400000 4.800000 0.000691 0.553411 0.352887
12.800000 2.400000 5.600000 0.004714 0.561667 0.348518
12.800000 2.400000 6.400000 0.027930 0.567785 0.352147
12.800000 2.400000 7.200000 0.252864 0.571460 0.363554
12.800000 2.400000 8.000000 0.732158 0.572481 0.381037
12.800000 2.400000 8.800000 0.972301 0.570785 0.401924
12.800000 2.400000 9.600000 0.999383 0.566475 0.423360
12.800000 3.200000 0.000000 0.188742 0.476483 0.446272
12.800000 3.200000 0.800000 nan nan nan
12.800000 3.200000 1.600000 nan nan nan
12.800000 3.200000 2.400000 nan nan nan
12.800000 3.200000 3.200000 nan nan nan
12.800000 3.200000 4.000000 nan nan nan
12.800000 3.200000 4.800000 nan nan nan
12.800000 3.200000 5.600000 nan nan nan
12.800000 3.200000 6.400000 nan nan nan
12.800000 3.200000 7.200000 0.275950 0.572537 0.361909
12.800000 3.200000 8.000000 0.796562 0.573567 0.379836
12.800000 3.200000 8.800000 0.980845 0.571856 0.401155
12.800000 3.200000 9.600000 0.998886 0.567512 0.422951
12.800000 4.000000 0.000000 0.654367 0.475543 0.446118
12.800000 4.000000 0.800000 0.042308 0.490602 0.431119
12.800000 4.000000 1.600000 nan nan nan
12.800000 4.000000 2.400000 nan nan nan
12.800000 4.000000 3.200000 nan nan nan
12.800000 4.000000 4.000000 nan nan nan
12.800000 4.000000 4.800000 nan nan nan
12.800000 4.000000 5.600000 nan nan nan
12.800000 4.000000 6.400000 nan nan nan
12.800000 4.000000 7.200000 0.090920 0.570896 0.361609
12.800000 4.000000 8.000000 0.782748 0.571912 0.379832
12.800000 4.000000 8.800000 0.991529 0.570224 0.401398
12.800000 4.000000 9.600000 0.997764 0.565932 0.423355
12.800000 4.800000 0.000000 0.811970 0.473066 0.446534
12.800000 4.800000 0.800000 0.187894 0.487949 0.431575
12.800000 4.800000 1.600000 nan nan nan
12.800000 4.800000 2.400000 nan nan nan
12.800000 4.800000 3.200000 nan nan nan
12.800000 4.800000 4.000000 nan nan nan
12.800000 4.800000 4.800000 nan nan nan
12.800000 4.800000 5.600000 nan nan nan
12.800000 4.800000 6.400000 nan nan nan
12.800000 4.800000 7.200000 0.137140 0.566636 0.362655
12.800000 4.800000 8.000000 0.811763 0.567620 0.381020
12.800000 4.800000 8.800000 0.975183 0.565985 0.402641
12.800000 4.800000 9.600000 0.982329 0.561825 0.424554
12.800000 5.600000 0.000000 0.678753 0.469102 0.447501
12.800000 5.600000 0.800000 0.024410 0.483712 0.432723
12.800000 5.600000 1.600000 nan nan nan
12.800000 5.600000 2.400000 nan nan nan
12.800000 5.600000 3.200000 nan nan nan
12.800000 5.600000 4.000000 nan nan nan
12.800000 5.600000 4.800000 nan nan nan
12.800000 5.600000 5.600000 nan nan nan
12.800000 5.600000 6.400000 0.004101 0.556615 0.352662
12.800000 5.600000 7.200000 0.447947 0.559997 0.365010
12.800000 5.600000 8.000000 0.741696 0.560934 0.383360
12.800000 5.600000 8.800000 0.631816 0.559377 0.404843
12.800000 5.600000 9.600000 0.707313 0.555407 0.426510
12.800000 6.400000 0.000000 0.704464 0.463725 0.448987
12.800000 6.400000 0.800000 0.042670 0.477981 0.434524
12.800000 6.400000 1.600000 nan nan nan
12.800000 6.400000 2.400000 nan nan nan
12.800000 6.400000 3.200000 nan nan nan
12.800000 6.400000 4.000000 nan nan nan
12.800000 6.400000 4.800000 0.095639 0.535445 0.355425
12.800000 6.400000 5.600000 0.038568 0.542754 0.351733
12.800000 6.400000 6.400000 0.168383 0.548108 0.356272
12.800000 6.400000 7.200000 0.507596 0.551296 0.368607
12.800000 6.400000 8.000000 0.106299 0.552178 0.386783
12.800000 6.400000 8.800000 0.014077 0.550713 0.407937
12.800000 6.400000 9.600000 0.067073 0.546967 0.429161
12.800000 7.200000 0.000000 0.859191 0.457030 0.450946
12.800000 7.200000 0.800000 0.296700 0.470869 0.436921
12.800000 7.200000 1.600000 nan nan nan
12.800000 7.200000 2.400000 nan nan nan
12.800000 7.200000 3.200000 nan nan nan
12.800000 7.200000 4.000000 0.001870 0.517418 0.370387
12.800000 7.200000 4.800000 0.353082 0.525968 0.359955
12.800000 7.200000 5.600000 0.264936 0.532862 0.356506
12.800000 7.200000 6.400000 0.439023 0.537890 0.361128
12.800000 7.200000 7.200000 0.075707 0.540873 0.373345
12.800000 7.200000 8.000000 nan nan nan
12.800000 7.200000 8.800000 nan nan nan
12.800000 7.200000 9.600000 nan nan nan
12.800000 8.000000 0.000000 0.955596 0.449121 0.453318
12.800000 8.000000 0.800000 0.767050 0.462499 0.439846
12.800000 8.000000 1.600000 0.361370 0.475122 0.424240
12.800000 8.000000 2.400000 0.134676 0.486856 0.407243
12.800000 8.000000 3.200000 0.158385 0.497546 0.390321
12.800000 8.000000 4.000000 0.442044 0.507019 0.375625
12.800000 8.000000 4.800000 0.784462 0.515087 0.365625
12.800000 8.000000 5.600000 0.733892 0.521561 0.362443
12.800000 8.000000 6.400000 0.527539 0.526261 0.367106
12.800000 8.000000 7.200000 nan nan nan
12.800000 8.000000 8.000000 nan nan nan
12.800000 8.000000 8.800000 nan nan nan
12.800000 8.000000 9.600000 nan nan nan
12.800000 8.800000 0.000000 0.806436 0.440110 0.456035
12.800000 8.800000 0.800000 0.862259 0.453000 0.443217
12.800000 8.800000 1.600000 0.900929 0.465112 0.428317
12.800000 8.800000 2.400000 0.814261 0.476320 0.412051
12.800000 8.800000 3.200000 0.826699 0.486482 0.395844
12.800000 8.800000 4.000000 0.921434 0.495441 0.381793
12.800000 8.800000 4.800000 0.978680 0.503035 0.372296
12.800000 8.800000 5.600000 0.965715 0.509099 0.369397
12.800000 8.800000 6.400000 0.582638 0.513485 0.374056
12.800000 8.800000 7.200000 0.008316 0.516072 0.385726
12.800000 8.800000 8.000000 nan nan nan
12.800000 8.800000 8.800000 nan nan nan
12.800000 8.800000 9.600000 nan nan nan
12.800000 9.600000 0.000000 0.642792 0.430107 0.459024
12.800000 9.600000 0.800000 0.733844 0.442496 0.446945
12.800000 9.600000 1.600000 0.903895 0.454089 0.432853
12.800000 9.600000 2.400000 0.968517 0.464772 0.417431
12.800000 9.600000 3.200000 0.974906 0.474413 0.402053
12.800000 9.600000 4.000000 0.991760 0.482874 0.388743
12.800000 9.600000 4.800000 0.998324 0.490013 0.379811
12.800000 9.600000 5.600000 0.987820 0.495690 0.377204
12.800000 9.600000 6.400000 0.800691 0.499782 0.381811
12.800000 9.600000 7.200000 0.239537 0.502190 0.393060
12.800000 9.600000 8.000000 nan nan nan
12.800000 9.600000 8.800000 nan nan nan
12.800000 9.600000 9.600000 nan nan nan
12.800000 10.400001 0.000000 0.642792 0.419218 0.462208
12.800000 10.400001 0.800000 0.733845 0.431104 0.450937
12.800000 10.400001 1.600000 0.806655 0.442186 0.437739
12.800000 10.400001 2.400000 0.775355 0.452354 0.423257
12.800000 10.400001 3.200000 0.866040 0.461493 0.408805
12.800000 10.400001 4.000000 0.965450 0.469479 0.396317
12.800000 10.400001 4.800000 0.997077 0.476190 0.387997
12.800000 10.400001 5.600000 0.932303 0.481508 0.385686
12.800000 10.400001 6.400000 0.545006 0.485329 0.390193
12.800000 10.400001 7.200000 0.076148 0.487573 0.400930
12.800000 10.400001 8.000000 nan nan nan
12.800000 10.400001 8.800000 nan nan nan
12.800000 10.400001 9.600000 0.127688 0.484520 0.449662
12.800000 11.200000 0.000000 0.806436 0.407542 0.465511
12.800000 11.200000 0.800000 0.512208 0.418934 0.455100
12.800000 11.200000 1.600000 0.195831 0.429516 0.442860
12.800000 11.200000 2.400000 0.140946 0.439190 0.429396
12.800000 11.200000 3.200000 0.335102 0.447851 0.415947
12.800000 11.200000 4.000000 0.731643 0.455392 0.404347
12.800000 11.200000 4.800000 0.963912 0.461706 0.396676
12.800000 11.200000 5.600000 0.852420 0.466694 0.394654
12.800000 11.200000 6.400000 0.274088 0.470268 0.399014
12.800000 11.200000 7.200000 nan nan nan
12.800000 11.200000 8.000000 nan nan nan
12.800000 11.200000 8.800000 nan nan nan
12.800000 11.200000 9.600000 nan nan nan
12.800000 12.000000 0.000000 0.605396 0.395170 0.468859
12.800000 12.000000 0.800000 0.067988 0.406082 0.459341
12.800000 12.000000 1.600000 nan nan nan
12.800000 12.000000 2.400000 nan nan nan
12.800000 12.000000 3.200000 0.000065 0.433600 0.423329
12.800000 12.000000 4.000000 0.321086 0.440726 0.412664
12.800000 12.000000 4.800000 0.855713 0.446674 0.405662
12.800000 12.000000 5.600000 0.845813 0.451360 0.403919
12.800000 12.000000 6.400000 0.257552 0.454711 0.408089
12.800000 12.000000 7.200000 nan nan nan
12.800000 12.000000 8.000000 nan nan nan
12.800000 12.000000 8.800000 nan nan nan
12.800000 12.000000 9.600000 nan nan nan
12.800000 12.800000 0.000000 0.408582 0.382182 0.472183
12.800000 12.800000 0.800000 nan nan nan
12.800000 12.800000 1.600000 nan nan nan
12.800000 12.800000 2.400000 nan nan nan
12.800000 12.800000 3.200000 nan nan nan
12.800000 12.800000 4.000000 0.117568 0.425573 0.421098
12.800000 12.800000 4.800000 0.751589 0.431186 0.414776
12.800000 12.800000 5.600000 0.730677 0.435597 0.413296
12.800000 12.800000 6.400000 0.454101 0.438746 0.417235
12.800000 12.800000 7.200000 nan nan nan
12.800000 12.800000 8.000000 nan nan nan
12.800000 12.800000 8.800000 nan nan nan
12.800000 12.800000 9.600000 nan nan nan
12.800000 13.600000 0.000000 0.454172 0.368651 0.475423
12.800000 13.600000 0.800000 0.000737 0.378661 0.467719
12.800000 13.600000 1.600000 nan nan nan
12.800000 13.600000 2.400000 nan nan nan
12.800000 13.600000 3.200000 nan nan nan
12.800000 13.600000 4.000000 0.157485 0.410011 0.429489
12.800000 13.600000 4.800000 0.404436 0.415316 0.423843
12.800000 13.600000 5.600000 0.152580 0.419478 0.422606
12.800000 13.600000 6.400000 0.156690 0.422444 0.426280
12.800000 13.600000 7.200000 nan nan nan
12.800000 13.600000 8.000000 nan nan nan
12.800000 13.600000 8.800000 nan nan nan
12.800000 13.600000 9.600000 nan nan nan
12.800000 14.400001 0.000000 0.709151 0.354641 0.478524
12.800000 14.400001 0.800000 0.181852 0.364233 0.471708
12.800000 14.400001 1.600000 0.000042 0.373040 0.463571
12.800000 14.400001 2.400000 nan nan nan
12.800000 14.400001 3.200000 0.042523 0.388038 0.445457
12.800000 14.400001 4.000000 0.459908 0.394100 0.437690
12.800000 14.400001 4.800000 0.053272 0.399125 0.432704
12.800000 14.400001 5.600000 nan nan nan
12.800000 14.400001 6.400000 nan nan nan
12.800000 14.400001 7.200000 0.061939 0.407494 0.442313
12.800000 14.400001 8.000000 nan nan nan
12.800000 14.400001 8.800000 nan nan nan
12.800000 14.400001 9.600000 nan nan nan
12.800000 15.200000 0.000000 0.935730 0.340208 0.481444
12.800000 15.200000 0.800000 0.699795 0.349405 0.475483
12.800000 15.200000 1.600000 0.427125 0.357830 0.468341
12.800000 15.200000 2.400000 0.366983 0.365424 0.460381
12.800000 15.200000 3.200000 0.558399 0.372131 0.452395
12.800000 15.200000 4.000000 0.409578 0.377894 0.445565
12.800000 15.200000 4.800000 0.003119 0.382662 0.441213
12.800000 15.200000 5.600000 nan nan nan
12.800000 15.200000 6.400000 nan nan nan
12.800000 15.200000 7.200000 0.005777 0.390585 0.449925
12.800000 15.200000 8.000000 0.168198 0.391008 0.458577
12.800000 15.200000 8.800000 0.150594 0.390304 0.467925
12.800000 15.200000 9.600000 0.213183 0.388482 0.476659
12.800000 16.000000 0.000000 0.873436 0.325400 0.484148
12.800000 16.000000 0.800000 0.559330 0.334225 0.478998
12.800000 16.000000 1.600000 0.304895 0.342292 0.472804
12.800000 16.000000 2.400000 0.302684 0.349550 0.465884
12.800000 16.000000 3.200000 0.553567 0.355947 0.458937
12.800000 16.000000 4.000000 0.538230 0.361434 0.453004
12.800000 16.000000 4.800000 0.059347 0.365968 0.449249
12.800000 16.000000 5.600000 nan nan nan
12.800000 16.000000 6.400000 nan nan nan
12.800000 16.000000 7.200000 nan nan nan
12.800000 16.000000 8.000000 nan nan nan
12.800000 16.000000 8.800000 nan nan nan
12.800000 16.000000 9.600000 0.093323 0.371491 0.480267
12.800000 16.800001 0.000000 0.650318 0.310261 0.486614
12.800000 16.800001 0.800000 0.159559 0.318735 0.482218
12.800000 16.800001 1.600000 0.003193 0.326468 0.476913
12.800000 16.800001 2.400000 0.002841 0.333412 0.470973
12.800000 16.800001 3.200000 0.153686 0.339523 0.465004
12.800000 16.800001 4.000000 0.641950 0.344756 0.459913
12.800000 16.800001 4.800000 0.423820 0.349074 0.456714
12.800000 16.800001 5.600000 0.170227 0.352442 0.456199
12.800000 16.800001 6.400000 0.000855 0.354831 0.458625
12.800000 16.800001 7.200000 nan nan nan
12.800000 16.800001 8.000000 nan nan nan
12.800000 16.800001 8.800000 nan nan nan
12.800000 16.800001 9.600000 nan nan nan
12.800000 17.600000 0.000000 0.522926 0.294828 0.488829
12.800000 17.600000 0.800000 0.045094 0.302972 0.485123
12.800000 17.600000 1.600000 nan nan nan
12.800000 17.600000 2.400000 nan nan nan
12.800000 17.600000 3.200000 0.041442 0.322890 0.470541
12.800000 17.600000 4.000000 0.512894 0.327889 0.466228
12.800000 17.600000 4.800000 0.820215 0.332009 0.463535
12.800000 17.600000 5.600000 0.507720 0.335219 0.463138
12.800000 17.600000 6.400000 nan nan nan
12.800000 17.600000 7.200000 nan nan nan
12.800000 17.600000 8.000000 nan nan nan
12.800000 17.600000 8.800000 nan nan nan
12.800000 17.600000 9.600000 nan nan nan
12.800000 18.400000 0.000000 0.616749 0.279132 0.490788
12.800000 18.400000 0.800000 0.122386 0.286967 0.487704
12.800000 18.400000 1.600000 nan nan nan
12.800000 18.400000 2.400000 nan nan nan
12.800000 18.400000 3.200000 0.116979 0.306074 0.475512
12.800000 18.400000 4.000000 0.607875 0.310858 0.471906
12.800000 18.400000 4.800000 0.897039 0.314796 0.469667
12.800000 18.400000 5.600000 0.688807 0.317861 0.469365
12.800000 18.400000 6.400000 0.078170 0.320033 0.471171
12.800000 18.400000 7.200000 nan nan nan
12.800000 18.400000 8.000000 nan nan nan
12.800000 18.400000 8.800000 nan nan nan
12.800000 18.400000 9.600000 0.022048 0.319575 0.488896
12.800000 19.200001 0.000000 0.840818 0.263203 0.492495
12.800000 19.200001 0.800000 0.480935 0.270747 0.489962
12.800000 19.200001 1.600000 0.219508 0.277600 0.486879
12.800000 19.200001 2.400000 0.217388 0.283728 0.483405
12.800000 19.200001 3.200000 0.474691 0.289099 0.479904
12.800000 19.200001 4.000000 0.825571 0.293683 0.476929
12.800000 19.200001 4.800000 0.718205 0.297453 0.475091
12.800000 19.200001 5.600000 0.758459 0.300385 0.474865
12.800000 19.200001 6.400000 0.531807 0.302461 0.476388
12.800000 19.200001 7.200000 0.129743 0.303668 0.479386
12.800000 19.200001 8.000000 0.026146 0.303998 0.483272
12.800000 19.200001 8.800000 0.090385 0.303449 0.487351
12.800000 19.200001 9.600000 0.438815 0.302024 0.491051
12.800000 20.000000 0.000000 0.975251 0.247064 0.493959
12.800000 20.000000 0.800000 0.880499 0.254335 0.491907
12.800000 20.000000 1.600000 0.763853 0.260932 0.489402
12.800000 20.000000 2.400000 0.762599 0.266824 0.486574
12.800000 20.000000 3.200000 0.878330 0.271983 0.483722
12.800000 20.000000 4.000000 0.758459 0.276382 0.481299
12.800000 20.000000 4.800000 0.623636 0.279996 0.479810
12.800000 20.000000 5.600000 0.673268 0.282805 0.479643
12.800000 20.000000 6.400000 0.852957 0.284794 0.480907
12.800000 20.000000 7.200000 0.771820 0.285950 0.483373
12.800000 20.000000 8.000000 0.672417 0.286265 0.486553
12.800000 20.000000 8.800000 0.743084 0.285740 0.489876
12.800000 20.000000 9.600000 0.901229 0.284375 0.492875
13.600000 0.000000 0.000000 0.141635 0.474448 0.450990
13.600000 0.000000 0.800000 0.040384 0.489429 0.437688
13.600000 0.000000 1.600000 0.125087 0.503776 0.422697
13.600000 0.000000 2.400000 0.495077 0.517342 0.406716
13.600000 0.000000 3.200000 0.889002 0.529937 0.390985
13.600000 0.000000 4.000000 0.962005 0.541332 0.377266
13.600000 0.000000 4.800000 0.979073 0.551251 0.367603
13.600000 0.000000 5.600000 0.983127 0.559379 0.363829
13.600000 0.000000 6.400000 0.992864 0.565393 0.366987
13.600000 0.000000 7.200000 0.997417 0.569001 0.376902
13.600000 0.000000 8.000000 0.999676 0.570003 0.392154
13.600000 0.000000 8.800000 0.999988 0.568339 0.410482
13.600000 0.000000 9.600000 1.000000 0.564107 0.429442
13.600000 0.800000 0.000000 nan nan nan
13.600000 0.800000 0.800000 nan nan nan
13.600000 0.800000 1.600000 nan nan nan
13.600000 0.800000 2.400000 0.045244 0.523938 0.402479
13.600000 0.800000 3.200000 0.254250 0.537043 0.386075
13.600000 0.800000 4.000000 0.596735 0.548974 0.371806
13.600000 0.800000 4.800000 0.913996 0.559430 0.361814
13.600000 0.800000 5.600000 0.932649 0.568061 0.358008
13.600000 0.800000 6.400000 0.936946 0.574490 0.361458
13.600000 0.800000 7.200000 0.973807 0.578368 0.371955
13.600000 0.800000 8.000000 0.995926 0.579448 0.387986
13.600000 0.800000 8.800000 0.999811 0.577655 0.407172
13.600000 0.800000 9.600000 0.999998 0.573112 0.426960
13.600000 1.600000 0.000000 nan nan nan
13.600000 1.600000 0.800000 nan nan nan
13.600000 1.600000 1.600000 nan nan nan
13.600000 1.600000 2.400000 nan nan nan
13.600000 1.600000 3.200000 nan nan nan
13.600000 1.600000 4.000000 0.033879 0.554606 0.367452
13.600000 1.600000 4.800000 0.587312 0.565499 0.357215
13.600000 1.600000 5.600000 0.794075 0.574547 0.353420
13.600000 1.600000 6.400000 0.805257 0.581328 0.357154
13.600000 1.600000 7.200000 0.909160 0.585437 0.368168
13.600000 1.600000 8.000000 0.983201 0.586583 0.384865
13.600000 1.600000 8.800000 0.999065 0.584680 0.404763
13.600000 1.600000 9.600000 0.999988 0.579870 0.425214
13.600000 2.400000 0.000000 nan nan nan
13.600000 2.400000 0.800000 nan nan nan
13.600000 2.400000 1.600000 nan nan nan
13.600000 2.400000 2.400000 nan nan nan
13.600000 2.400000 3.200000 nan nan nan
13.600000 2.400000 4.000000 nan nan nan
13.600000 2.400000 4.800000 0.232022 0.569165 0.353920
13.600000 2.400000 5.600000 0.295784 0.578486 0.350178
13.600000 2.400000 6.400000 0.574582 0.585499 0.354182
13.600000 2.400000 7.200000 0.863271 0.589763 0.365639
13.600000 2.400000 8.000000 0.972780 0.590955 0.382875
13.600000 2.400000 8.800000 0.998367 0.588977 0.403320
13.600000 2.400000 9.600000 0.999977 0.583989 0.424254
13.600000 3.200000 0.000000 nan nan nan
13.600000 3.200000 0.800000 nan nan nan
13.600000 3.200000 1.600000 nan nan nan
13.600000 3.200000 2.400000 nan nan nan
13.600000 3.200000 3.200000 nan nan nan
13.600000 3.200000 4.000000 nan nan nan
13.600000 3.200000 4.800000 nan nan nan
13.600000 3.200000 5.600000 nan nan nan
13.600000 3.200000 6.400000 0.129707 0.586709 0.352612
13.600000 3.200000 7.200000 0.644560 0.591021 0.364429
13.600000 3.200000 8.000000 0.959672 0.592227 0.382064
13.600000 3.200000 8.800000 0.998935 0.590226 0.402879
13.600000 3.200000 9.600000 0.999986 0.585184 0.424104
13.600000 4.000000 0.000000 0.275576 0.485499 0.444924
13.600000 4.000000 0.800000 nan nan nan
13.600000 4.000000 1.600000 nan nan nan
13.600000 4.000000 2.400000 nan nan nan
13.600000 4.000000 3.200000 nan nan nan
13.600000 4.000000 4.000000 nan nan nan
13.600000 4.000000 4.800000 nan nan nan
13.600000 4.000000 5.600000 nan nan nan
13.600000 4.000000 6.400000 0.008678 0.584866 0.352476
13.600000 4.000000 7.200000 0.467363 0.589105 0.364559
13.600000 4.000000 8.000000 0.925453 0.590291 0.382446
13.600000 4.000000 8.800000 0.997954 0.588324 0.403446
13.600000 4.000000 9.600000 0.999579 0.583364 0.424763
13.600000 4.800000 0.000000 0.724818 0.482909 0.445418
13.600000 4.800000 0.800000 0.061179 0.498517 0.430506
13.600000 4.800000 1.600000 nan nan nan
13.600000 4.800000 2.400000 nan nan nan
13.600000 4.800000 3.200000 nan nan nan
13.600000 4.800000 4.000000 nan nan nan
13.600000 4.800000 4.800000 nan nan nan
13.600000 4.800000 5.600000 nan nan nan
13.600000 4.800000 6.400000 nan nan nan
13.600000 4.800000 7.200000 0.275731 0.584174 0.366015
13.600000 4.800000 8.000000 0.825704 0.585308 0.384000
13.600000 4.800000 8.800000 0.951144 0.583425 0.404995
13.600000 4.800000 9.600000 0.964569 0.578666 0.426205
13.600000 5.600000 0.000000 0.553692 0.478768 0.446477
13.600000 5.600000 0.800000 nan nan nan
13.600000 5.600000 1.600000 nan nan nan
13.600000 5.600000 2.400000 nan nan nan
13.600000 5.600000 3.200000 nan nan nan
13.600000 5.600000 4.000000 nan nan nan
13.600000 5.600000 4.800000 nan nan nan
13.600000 5.600000 5.600000 nan nan nan
13.600000 5.600000 6.400000 nan nan nan
13.600000 5.600000 7.200000 0.059950 0.576588 0.368746
13.600000 5.600000 8.000000 0.584496 0.577652 0.386672
13.600000 5.600000 8.800000 0.440262 0.575885 0.407475
13.600000 5.600000 9.600000 0.537733 0.571404 0.428381
13.600000 6.400000 0.000000 0.585572 0.473162 0.448065
13.600000 6.400000 0.800000 nan nan nan
13.600000 6.400000 1.600000 nan nan nan
13.600000 6.400000 2.400000 nan nan nan
13.600000 6.400000 3.200000 nan nan nan
13.600000 6.400000 4.000000 nan nan nan
13.600000 6.400000 4.800000 nan nan nan
13.600000 6.400000 5.600000 nan nan nan
13.600000 6.400000 6.400000 nan nan nan
13.600000 6.400000 7.200000 0.068388 0.566799 0.372667
13.600000 6.400000 8.000000 0.001197 0.567784 0.390380
13.600000 6.400000 8.800000 nan nan nan
13.600000 6.400000 9.600000 nan nan nan
13.600000 7.200000 0.000000 0.789274 0.466196 0.450130
13.600000 7.200000 0.800000 0.146635 0.480613 0.436253
13.600000 7.200000 1.600000 nan nan nan
13.600000 7.200000 2.400000 nan nan nan
13.600000 7.200000 3.200000 nan nan nan
13.600000 7.200000 4.000000 nan nan nan
13.600000 7.200000 4.800000 nan nan nan
13.600000 7.200000 5.600000 nan nan nan
13.600000 7.200000 6.400000 0.001518 0.551982 0.365531
13.600000 7.200000 7.200000 nan nan nan
13.600000 7.200000 8.000000 nan nan nan
13.600000 7.200000 8.800000 nan nan nan
13.600000 7.200000 9.600000 nan nan nan
13.600000 8.000000 0.000000 0.956008 0.457988 0.452610
13.600000 8.000000 0.800000 0.665434 0.471885 0.439315
13.600000 8.000000 1.600000 0.205535 0.485059 0.424105
13.600000 8.000000 2.400000 0.028305 0.497367 0.407763
13.600000 8.000000 3.200000 0.042001 0.508644 0.391737
13.600000 8.000000 4.000000 0.285491 0.518695 0.378081
13.600000 8.000000 4.800000 0.328951 0.527308 0.369094
13.600000 8.000000 5.600000 0.241251 0.534258 0.366689
13.600000 8.000000 6.400000 0.317236 0.539329 0.371724
13.600000 8.000000 7.200000 nan nan nan
13.600000 8.000000 8.000000 nan nan nan
13.600000 8.000000 8.800000 nan nan nan
13.600000 8.000000 9.600000 nan nan nan
13.600000 8.800000 0.000000 0.991395 0.448659 0.455435
13.600000 8.800000 0.800000 0.916407 0.462011 0.442816
13.600000 8.800000 1.600000 0.727008 0.474606 0.428334
13.600000 8.800000 2.400000 0.585861 0.486312 0.412740
13.600000 8.800000 3.200000 0.555723 0.496973 0.397441
13.600000 8.800000 4.000000 0.601722 0.506418 0.384432
13.600000 8.800000 4.800000 0.807645 0.514461 0.375941
13.600000 8.800000 5.600000 0.853223 0.520911 0.373801
13.600000 8.800000 6.400000 0.380557 0.525594 0.378808
13.600000 8.800000 7.200000 nan nan nan
13.600000 8.800000 8.000000 nan nan nan
13.600000 8.800000 8.800000 nan nan nan
13.600000 8.800000 9.600000 nan nan nan
13.600000 9.600000 0.000000 0.980689 0.438329 0.458526
13.600000 9.600000 0.800000 0.903720 0.451126 0.446665
13.600000 9.600000 1.600000 0.694089 0.463142 0.433005
13.600000 9.600000 2.400000 0.542853 0.474252 0.418262
13.600000 9.600000 3.200000 0.603604 0.484317 0.403789
13.600000 9.600000 4.000000 0.816762 0.493183 0.391509
13.600000 9.600000 4.800000 0.961986 0.500691 0.383560
13.600000 9.600000 5.600000 0.962397 0.506681 0.381685
13.600000 9.600000 6.400000 0.668380 0.511011 0.386612
13.600000 9.600000 7.200000 0.057674 0.513564 0.397707
13.600000 9.600000 8.000000 nan nan nan
13.600000 9.600000 8.800000 nan nan nan
13.600000 9.600000 9.600000 nan nan nan
13.600000 10.400001 0.000000 0.963783 0.427112 0.461806
13.600000 10.400001 0.800000 0.808989 0.439358 0.450765
13.600000 10.400001 1.600000 0.598792 0.450806 0.438003
13.600000 10.400001 2.400000 0.547011 0.461341 0.424197
13.600000 10.400001 3.200000 0.704466 0.470838 0.410634
13.600000 10.400001 4.000000 0.896036 0.479162 0.399150
13.600000 10.400001 4.800000 0.983244 0.486176 0.391778
13.600000 10.400001 5.600000 0.823865 0.491749 0.390162
13.600000 10.400001 6.400000 0.207532 0.495762 0.394958
13.600000 10.400001 7.200000 nan nan nan
13.600000 10.400001 8.000000 nan nan nan
13.600000 10.400001 8.800000 nan nan nan
13.600000 10.400001 9.600000 nan nan nan
13.600000 11.200000 0.000000 0.722084 0.415112 0.465196
13.600000 11.200000 0.800000 0.200389 0.426820 0.455020
13.600000 11.200000 1.600000 0.001282 0.437720 0.443215
13.600000 11.200000 2.400000 nan nan nan
13.600000 11.200000 3.200000 0.053979 0.456672 0.417823
13.600000 11.200000 4.000000 0.478758 0.464495 0.407186
13.600000 11.200000 4.800000 0.906894 0.471060 0.400416
13.600000 11.200000 5.600000 0.658302 0.476256 0.399046
13.600000 11.200000 6.400000 0.012136 0.479986 0.403663
13.600000 11.200000 7.200000 nan nan nan
13.600000 11.200000 8.000000 nan nan nan
13.600000 11.200000 8.800000 nan nan nan
13.600000 11.200000 9.600000 nan nan nan
13.600000 12.000000 0.000000 0.305931 0.402425 0.468620
13.600000 12.000000 0.800000 nan nan nan
13.600000 12.000000 1.600000 nan nan nan
13.600000 12.000000 2.400000 nan nan nan
13.600000 12.000000 3.200000 nan nan nan
13.600000 12.000000 4.000000 0.045800 0.449296 0.415452
13.600000 12.000000 4.800000 0.685330 0.455452 0.409296
13.600000 12.000000 5.600000 0.645780 0.460309 0.408156
13.600000 12.000000 6.400000 0.007472 0.463787 0.412549
13.600000 12.000000 7.200000 nan nan nan
13.600000 12.000000 8.000000 nan nan nan
13.600000 12.000000 8.800000 nan nan nan
13.600000 12.000000 9.600000 nan nan nan
13.600000 12.800000 0.000000 0.105511 0.389133 0.472010
13.600000 12.800000 0.800000 nan nan nan
13.600000 12.800000 1.600000 nan nan nan
13.600000 12.800000 2.400000 nan nan nan
13.600000 12.800000 3.200000 nan nan nan
13.600000 12.800000 4.000000 nan nan nan
13.600000 12.800000 4.800000 0.327971 0.439442 0.418244
13.600000 12.800000 5.600000 0.361155 0.443995 0.417313
13.600000 12.800000 6.400000 0.161228 0.447249 0.421443
13.600000 12.800000 7.200000 nan nan nan
13.600000 12.800000 8.000000 nan nan nan
13.600000 12.800000 8.800000 nan nan nan
13.600000 12.800000 9.600000 nan nan nan
13.600000 13.600000 0.000000 0.144221 0.375313 0.475304
13.600000 13.600000 0.800000 nan nan nan
13.600000 13.600000 1.600000 nan nan nan
13.600000 13.600000 2.400000 nan nan nan
13.600000 13.600000 3.200000 nan nan nan
13.600000 13.600000 4.000000 nan nan nan
13.600000 13.600000 4.800000 0.000029 0.423098 0.427097
13.600000 13.600000 5.600000 nan nan nan
13.600000 13.600000 6.400000 nan nan nan
13.600000 13.600000 7.200000 nan nan nan
13.600000 13.600000 8.000000 nan nan nan
13.600000 13.600000 8.800000 nan nan nan
13.600000 13.600000 9.600000 nan nan nan
13.600000 14.400001 0.000000 0.445386 0.361027 0.478449
13.600000 14.400001 0.800000 0.000187 0.370805 0.471840
13.600000 14.400001 1.600000 nan nan nan
13.600000 14.400001 2.400000 nan nan nan
13.600000 14.400001 3.200000 nan nan nan
13.600000 14.400001 4.000000 0.001121 0.401329 0.440049
13.600000 14.400001 4.800000 nan nan nan
13.600000 14.400001 5.600000 nan nan nan
13.600000 14.400001 6.400000 nan nan nan
13.600000 14.400001 7.200000 nan nan nan
13.600000 14.400001 8.000000 nan nan nan
13.600000 14.400001 8.800000 nan nan nan
13.600000 14.400001 9.600000 nan nan nan
13.600000 15.200000 0.000000 0.843837 0.346333 0.481402
13.600000 15.200000 0.800000 0.431843 0.355694 0.475633
13.600000 15.200000 1.600000 0.120662 0.364277 0.468811
13.600000 15.200000 2.400000 0.074609 0.372021 0.461316
13.600000 15.200000 3.200000 0.250377 0.378865 0.453916
13.600000 15.200000 4.000000 0.011799 0.384751 0.447718
13.600000 15.200000 4.800000 nan nan nan
13.600000 15.200000 5.600000 nan nan nan
13.600000 15.200000 6.400000 nan nan nan
13.600000 15.200000 7.200000 nan nan nan
13.600000 15.200000 8.000000 0.026341 0.398163 0.461166
13.600000 15.200000 8.800000 0.090710 0.397442 0.469960
13.600000 15.200000 9.600000 0.196907 0.395577 0.478127
13.600000 16.000000 0.000000 0.613720 0.331280 0.484131
13.600000 16.000000 0.800000 0.119285 0.340248 0.479154
13.600000 16.000000 1.600000 nan nan nan
13.600000 16.000000 2.400000 nan nan nan
13.600000 16.000000 3.200000 0.113924 0.362358 0.460311
13.600000 16.000000 4.000000 0.053194 0.367951 0.454934
13.600000 16.000000 4.800000 nan nan nan
13.600000 16.000000 5.600000 nan nan nan
13.600000 16.000000 6.400000 nan nan nan
13.600000 16.000000 7.200000 nan nan nan
13.600000 16.000000 8.000000 nan nan nan
13.600000 16.000000 8.800000 nan nan nan
13.600000 16.000000 9.600000 0.001214 0.378211 0.481547
13.600000 16.800001 0.000000 0.220113 0.315909 0.486615
13.600000 16.800001 0.800000 nan nan nan
13.600000 16.800001 1.600000 nan nan nan
13.600000 16.800001 2.400000 nan nan nan
13.600000 16.800001 3.200000 nan nan nan
13.600000 16.800001 4.000000 0.209547 0.350962 0.461615
13.600000 16.800001 4.800000 0.049028 0.355357 0.458841
13.600000 16.800001 5.600000 nan nan nan
13.600000 16.800001 6.400000 nan nan nan
13.600000 16.800001 7.200000 nan nan nan
13.600000 16.800001 8.000000 nan nan nan
13.600000 16.800001 8.800000 nan nan nan
13.600000 16.800001 9.600000 nan nan nan
13.600000 17.600000 0.000000 0.087439 0.300257 0.488841
13.600000 17.600000 0.800000 nan nan nan
13.600000 17.600000 1.600000 nan nan nan
13.600000 17.600000 2.400000 nan nan nan
13.600000 17.600000 3.200000 nan nan nan
13.600000 17.600000 4.000000 0.079506 0.333809 0.467702
13.600000 17.600000 4.800000 0.589256 0.337996 0.465371
13.600000 17.600000 5.600000 0.312504 0.341259 0.465204
13.600000 17.600000 6.400000 nan nan nan
13.600000 17.600000 7.200000 nan nan nan
13.600000 17.600000 8.000000 nan nan nan
13.600000 17.600000 8.800000 nan nan nan
13.600000 17.600000 9.600000 nan nan nan
13.600000 18.400000 0.000000 0.179331 0.284357 0.490806
13.600000 18.400000 0.800000 nan nan nan
13.600000 18.400000 1.600000 nan nan nan
13.600000 18.400000 2.400000 nan nan nan
13.600000 18.400000 3.200000 nan nan nan
13.600000 18.400000 4.000000 0.169258 0.316515 0.473162
13.600000 18.400000 4.800000 0.814215 0.320511 0.471225
13.600000 18.400000 5.600000 0.528661 0.323623 0.471113
13.600000 18.400000 6.400000 0.000016 0.325828 0.472952
13.600000 18.400000 7.200000 nan nan nan
13.600000 18.400000 8.000000 nan nan nan
13.600000 18.400000 8.800000 nan nan nan
13.600000 18.400000 9.600000 nan nan nan
13.600000 19.200001 0.000000 0.540502 0.268234 0.492516
13.600000 19.200001 0.800000 0.056668 0.275868 0.490079
13.600000 19.200001 1.600000 nan nan nan
13.600000 19.200001 2.400000 nan nan nan
13.600000 19.200001 3.200000 0.052639 0.294452 0.480670
13.600000 19.200001 4.000000 0.530658 0.299097 0.477981
13.600000 19.200001 4.800000 0.933098 0.302918 0.476392
13.600000 19.200001 5.600000 0.844724 0.305891 0.476320
13.600000 19.200001 6.400000 0.339135 0.307996 0.477866
13.600000 19.200001 7.200000 0.010181 0.309221 0.480753
13.600000 19.200001 8.000000 nan nan nan
13.600000 19.200001 8.800000 0.000844 0.308998 0.488240
13.600000 19.200001 9.600000 0.240134 0.307553 0.491681
13.600000 20.000000 0.000000 0.900129 0.251915 0.493981
13.600000 20.000000 0.800000 0.630491 0.259265 0.492008
13.600000 20.000000 1.600000 0.391230 0.265937 0.489632
13.600000 20.000000 2.400000 0.389040 0.271899 0.486985
13.600000 20.000000 3.200000 0.625303 0.277119 0.484355
13.600000 20.000000 4.000000 0.897013 0.281572 0.482167
13.600000 20.000000 4.800000 0.979073 0.285231 0.480880
13.600000 20.000000 5.600000 0.983127 0.288077 0.480836
13.600000 20.000000 6.400000 0.869850 0.290091 0.482115
13.600000 20.000000 7.200000 0.639990 0.291261 0.484486
13.600000 20.000000 8.000000 0.507602 0.291581 0.487488
13.600000 20.000000 8.800000 0.600551 0.291048 0.490595
13.600000 20.000000 9.600000 0.830962 0.289666 0.493382
14.400001 0.000000 0.000000 0.013924 0.482744 0.450588
14.400001 0.000000 0.800000 nan nan nan
14.400001 0.000000 1.600000 0.008150 0.513371 0.422502
14.400001 0.000000 2.400000 0.296916 0.527690 0.406822
14.400001 0.000000 3.200000 0.810952 0.541104 0.391527
14.400001 0.000000 4.000000 0.963410 0.553365 0.378330
14.400001 0.000000 4.800000 0.991854 0.564158 0.369177
14.400001 0.000000 5.600000 0.999415 0.573111 0.365787
14.400001 0.000000 6.400000 0.999878 0.579810 0.369104
14.400001 0.000000 7.200000 0.999962 0.583865 0.378918
14.400001 0.000000 8.000000 0.999996 0.584997 0.393846
14.400001 0.000000 8.800000 1.000000 0.583119 0.411720
14.400001 0.000000 9.600000 1.000000 0.578371 0.430210
14.400001 0.800000 0.000000 nan nan nan
14.400001 0.800000 0.800000 nan nan nan
14.400001 0.800000 1.600000 nan nan nan
14.400001 0.800000 2.400000 nan nan nan
14.400001 0.800000 3.200000 0.312118 0.548734 0.386811
14.400001 0.800000 4.000000 0.562693 0.561669 0.373126
14.400001 0.800000 4.800000 0.848612 0.573167 0.363700
14.400001 0.800000 5.600000 0.982315 0.582806 0.360317
14.400001 0.800000 6.400000 0.998337 0.590095 0.363942
14.400001 0.800000 7.200000 0.999435 0.594545 0.374323
14.400001 0.800000 8.000000 0.999936 0.595792 0.389990
14.400001 0.800000 8.800000 0.999998 0.593723 0.408668
14.400001 0.800000 9.600000 1.000000 0.588523 0.427925
14.400001 1.600000 0.000000 nan nan nan
14.400001 1.600000 0.800000 nan nan nan
14.400001 1.600000 1.600000 nan nan nan
14.400001 1.600000 2.400000 nan nan nan
14.400001 1.600000 3.200000 nan nan nan
14.400001 1.600000 4.000000 0.002901 0.567841 0.369052
14.400001 1.600000 4.800000 0.344144 0.579929 0.359437
14.400001 1.600000 5.600000 0.861259 0.590160 0.356104
14.400001 1.600000 6.400000 0.991846 0.597972 0.360024
14.400001 1.600000 7.200000 0.997355 0.602782 0.370906
14.400001 1.600000 8.000000 0.999668 0.604136 0.387199
14.400001 1.600000 8.800000 0.999988 0.601891 0.406531
14.400001 1.600000 9.600000 1.000000 0.596281 0.426390
14.400001 2.400000 0.000000 nan nan nan
14.400001 2.400000 0.800000 nan nan nan
14.400001 2.400000 1.600000 nan nan nan
14.400001 2.400000 2.400000 nan nan nan
14.400001 2.400000 3.200000 nan nan nan
14.400001 2.400000 4.000000 nan nan nan
14.400001 2.400000 4.800000 0.010266 0.584050 0.356493
14.400001 2.400000 5.600000 0.617607 0.594680 0.353249
14.400001 2.400000 6.400000 0.916880 0.602856 0.357449
14.400001 2.400000 7.200000 0.985182 0.607920 0.368756
14.400001 2.400000 8.000000 0.999210 0.609351 0.385545
14.400001 2.400000 8.800000 0.999977 0.606980 0.405367
14.400001 2.400000 9.600000 1.000000 0.601081 0.425647
14.400001 3.200000 0.000000 nan nan nan
14.400001 3.200000 0.800000 nan nan nan
14.400001 3.200000 1.600000 nan nan nan
14.400001 3.200000 2.400000 nan nan nan
14.400001 3.200000 3.200000 nan nan nan
14.400001 3.200000 4.000000 nan nan nan
14.400001 3.200000 4.800000 nan nan nan
14.400001 3.200000 5.600000 0.476569 0.595998 0.351817
14.400001 3.200000 6.400000 0.719547 0.604285 0.356273
14.400001 3.200000 7.200000 0.920427 0.609430 0.367920
14.400001 3.200000 8.000000 0.991409 0.610885 0.385067
14.400001 3.200000 8.800000 0.999760 0.608474 0.405202
14.400001 3.200000 9.600000 0.999999 0.602485 0.425712
14.400001 4.000000 0.000000 0.093268 0.494240 0.444754
14.400001 4.000000 0.800000 nan nan nan
14.400001 4.000000 1.600000 nan nan nan
14.400001 4.000000 2.400000 nan nan nan
14.400001 4.000000 3.200000 nan nan nan
14.400001 4.000000 4.000000 nan nan nan
14.400001 4.000000 4.800000 0.000244 0.583425 0.354785
14.400001 4.000000 5.600000 0.001414 0.593992 0.351832
14.400001 4.000000 6.400000 0.076610 0.602110 0.356516
14.400001 4.000000 7.200000 0.485712 0.607134 0.368409
14.400001 4.000000 8.000000 0.901541 0.608552 0.385765
14.400001 4.000000 8.800000 0.995549 0.606202 0.406032
14.400001 4.000000 9.600000 0.999648 0.600349 0.426578
14.400001 4.800000 0.000000 0.784078 0.491541 0.445316
14.400001 4.800000 0.800000 0.141370 0.507850 0.430626
14.400001 4.800000 1.600000 nan nan nan
14.400001 4.800000 2.400000 nan nan nan
14.400001 4.800000 3.200000 nan nan nan
14.400001 4.800000 4.000000 nan nan nan
14.400001 4.800000 4.800000 nan nan nan
14.400001 4.800000 5.600000 nan nan nan
14.400001 4.800000 6.400000 nan nan nan
14.400001 4.800000 7.200000 0.031913 0.601298 0.370193
14.400001 4.800000 8.000000 0.646110 0.602631 0.387608
14.400001 4.800000 8.800000 0.957542 0.600420 0.407822
14.400001 4.800000 9.600000 0.969335 0.594888 0.428208
14.400001 5.600000 0.000000 0.640479 0.487232 0.446445
14.400001 5.600000 0.800000 0.006973 0.503184 0.432001
14.400001 5.600000 1.600000 nan nan nan
14.400001 5.600000 2.400000 nan nan nan
14.400001 5.600000 3.200000 nan nan nan
14.400001 5.600000 4.000000 nan nan nan
14.400001 5.600000 4.800000 nan nan nan
14.400001 5.600000 5.600000 nan nan nan
14.400001 5.600000 6.400000 nan nan nan
14.400001 5.600000 7.200000 nan nan nan
14.400001 5.600000 8.000000 0.426193 0.593719 0.390531
14.400001 5.600000 8.800000 0.484211 0.591690 0.410509
14.400001 5.600000 9.600000 0.577751 0.586583 0.430548
14.400001 6.400000 0.000000 0.668287 0.481409 0.448101
14.400001 6.400000 0.800000 0.018523 0.496903 0.434032
14.400001 6.400000 1.600000 nan nan nan
14.400001 6.400000 2.400000 nan nan nan
14.400001 6.400000 3.200000 nan nan nan
14.400001 6.400000 4.000000 nan nan nan
14.400001 6.400000 4.800000 nan nan nan
14.400001 6.400000 5.600000 nan nan nan
14.400001 6.400000 6.400000 nan nan nan
14.400001 6.400000 7.200000 nan nan nan
14.400001 6.400000 8.000000 0.010219 0.582495 0.394440
14.400001 6.400000 8.800000 nan nan nan
14.400001 6.400000 9.600000 0.000521 0.576003 0.433519
14.400001 7.200000 0.000000 0.838687 0.474189 0.450232
14.400001 7.200000 0.800000 0.245297 0.489151 0.436657
14.400001 7.200000 1.600000 nan nan nan
14.400001 7.200000 2.400000 nan nan nan
14.400001 7.200000 3.200000 nan nan nan
14.400001 7.200000 4.000000 nan nan nan
14.400001 7.200000 4.800000 nan nan nan
14.400001 7.200000 5.600000 nan nan nan
14.400001 7.200000 6.400000 nan nan nan
14.400001 7.200000 7.200000 0.001726 0.568556 0.382533
14.400001 7.200000 8.000000 nan nan nan
14.400001 7.200000 8.800000 nan nan nan
14.400001 7.200000 9.600000 nan nan nan
14.400001 8.000000 0.000000 0.962988 0.465700 0.452773
14.400001 8.000000 0.800000 0.733171 0.480085 0.439797
14.400001 8.000000 1.600000 0.287583 0.493781 0.425103
14.400001 8.000000 2.400000 nan nan nan
14.400001 8.000000 3.200000 nan nan nan
14.400001 8.000000 4.000000 nan nan nan
14.400001 8.000000 4.800000 0.033638 0.538294 0.373588
14.400001 8.000000 5.600000 0.017059 0.545738 0.371778
14.400001 8.000000 6.400000 0.126503 0.551200 0.376982
14.400001 8.000000 7.200000 nan nan nan
14.400001 8.000000 8.000000 nan nan nan
14.400001 8.000000 8.800000 nan nan nan
14.400001 8.000000 9.600000 nan nan nan
14.400001 8.800000 0.000000 0.906343 0.456076 0.455650
14.400001 8.800000 0.800000 0.486736 0.469858 0.443364
14.400001 8.800000 1.600000 0.066030 0.482908 0.429410
14.400001 8.800000 2.400000 nan nan nan
14.400001 8.800000 3.200000 0.008838 0.506231 0.400165
14.400001 8.800000 4.000000 0.030519 0.516151 0.388130
14.400001 8.800000 4.800000 0.290152 0.524639 0.380508
14.400001 8.800000 5.600000 0.693946 0.531479 0.378947
14.400001 8.800000 6.400000 0.426017 0.536464 0.384106
14.400001 8.800000 7.200000 nan nan nan
14.400001 8.800000 8.000000 nan nan nan
14.400001 8.800000 8.800000 nan nan nan
14.400001 8.800000 9.600000 nan nan nan
14.400001 9.600000 0.000000 0.892351 0.445445 0.458785
14.400001 9.600000 0.800000 0.439130 0.458619 0.447264
14.400001 9.600000 1.600000 0.036687 0.471028 0.434135
14.400001 9.600000 2.400000 nan nan nan
14.400001 9.600000 3.200000 0.000466 0.493008 0.406556
14.400001 9.600000 4.000000 0.201266 0.502263 0.395234
14.400001 9.600000 4.800000 0.729392 0.510130 0.388131
14.400001 9.600000 5.600000 0.951219 0.516428 0.386812
14.400001 9.600000 6.400000 0.636229 0.520993 0.391871
14.400001 9.600000 7.200000 0.089057 0.523690 0.402646
14.400001 9.600000 8.000000 nan nan nan
14.400001 9.600000 8.800000 nan nan nan
14.400001 9.600000 9.600000 nan nan nan
14.400001 10.400001 0.000000 0.941637 0.433928 0.462099
14.400001 10.400001 0.800000 0.627885 0.446503 0.451398
14.400001 10.400001 1.600000 0.200382 0.458289 0.439163
14.400001 10.400001 2.400000 0.048429 0.469165 0.426080
14.400001 10.400001 3.200000 0.096492 0.478998 0.413397
14.400001 10.400001 4.000000 0.412254 0.487642 0.402841
14.400001 10.400001 4.800000 0.839959 0.494946 0.396284
14.400001 10.400001 5.600000 0.782229 0.500764 0.395194
14.400001 10.400001 6.400000 0.130967 0.504962 0.400102
14.400001 10.400001 7.200000 nan nan nan
14.400001 10.400001 8.000000 nan nan nan
14.400001 10.400001 8.800000 nan nan nan
14.400001 10.400001 9.600000 nan nan nan
14.400001 11.200000 0.000000 0.684526 0.421634 0.465512
14.400001 11.200000 0.800000 0.149348 0.433628 0.455672
14.400001 11.200000 1.600000 nan nan nan
14.400001 11.200000 2.400000 nan nan nan
14.400001 11.200000 3.200000 0.024786 0.464341 0.420537
14.400001 11.200000 4.000000 0.424984 0.472428 0.410789
14.400001 11.200000 4.800000 0.891173 0.479228 0.404791
14.400001 11.200000 5.600000 0.591541 0.484621 0.403912
14.400001 11.200000 6.400000 nan nan nan
14.400001 11.200000 7.200000 nan nan nan
14.400001 11.200000 8.000000 nan nan nan
14.400001 11.200000 8.800000 nan nan nan
14.400001 11.200000 9.600000 nan nan nan
14.400001 12.000000 0.000000 0.250278 0.408662 0.468949
14.400001 12.000000 0.800000 nan nan nan
14.400001 12.000000 1.600000 nan nan nan
14.400001 12.000000 2.400000 nan nan nan
14.400001 12.000000 3.200000 nan nan nan
14.400001 12.000000 4.000000 0.019085 0.456732 0.418913
14.400001 12.000000 4.800000 0.619156 0.463082 0.413481
14.400001 12.000000 5.600000 0.577540 0.468099 0.412792
14.400001 12.000000 6.400000 nan nan nan
14.400001 12.000000 7.200000 nan nan nan
14.400001 12.000000 8.000000 nan nan nan
14.400001 12.000000 8.800000 nan nan nan
14.400001 12.000000 9.600000 nan nan nan
14.400001 12.800000 0.000000 0.065164 0.395099 0.472341
14.400001 12.800000 0.800000 nan nan nan
14.400001 12.800000 1.600000 nan nan nan
14.400001 12.800000 2.400000 nan nan nan
14.400001 12.800000 3.200000 nan nan nan
14.400001 12.800000 4.000000 nan nan nan
14.400001 12.800000 4.800000 0.006405 0.446589 0.422187
14.400001 12.800000 5.600000 0.016113 0.451273 0.421666
14.400001 12.800000 6.400000 0.091191 0.454623 0.425846
14.400001 12.800000 7.200000 nan nan nan
14.400001 12.800000 8.000000 nan nan nan
14.400001 12.800000 8.800000 nan nan nan
14.400001 12.800000 9.600000 nan nan nan
14.400001 13.600000 0.000000 0.098452 0.381020 0.475629
14.400001 13.600000 0.800000 nan nan nan
14.400001 13.600000 1.600000 nan nan nan
14.400001 13.600000 2.400000 nan nan nan
14.400001 13.600000 3.200000 nan nan nan
14.400001 13.600000 4.000000 nan nan nan
14.400001 13.600000 4.800000 nan nan nan
14.400001 13.600000 5.600000 nan nan nan
14.400001 13.600000 6.400000 nan nan nan
14.400001 13.600000 7.200000 nan nan nan
14.400001 13.600000 8.000000 nan nan nan
14.400001 13.600000 8.800000 nan nan nan
14.400001 13.600000 9.600000 nan nan nan
14.400001 14.400001 0.000000 0.390535 0.366490 0.478760
14.400001 14.400001 0.800000 nan nan nan
14.400001 14.400001 1.600000 nan nan nan
14.400001 14.400001 2.400000 nan nan nan
14.400001 14.400001 3.200000 nan nan nan
14.400001 14.400001 4.000000 nan nan nan
14.400001 14.400001 4.800000 nan nan nan
14.400001 14.400001 5.600000 nan nan nan
14.400001 14.400001 6.400000 nan nan nan
14.400001 14.400001 7.200000 nan nan nan
14.400001 14.400001 8.000000 nan nan nan
14.400001 14.400001 8.800000 nan nan nan
14.400001 14.400001 9.600000 nan nan nan
14.400001 15.200000 0.000000 0.819636 0.351565 0.481693
14.400001 15.200000 0.800000 0.376645 0.361071 0.476168
14.400001 15.200000 1.600000 0.077974 0.369793 0.469708
14.400001 15.200000 2.400000 0.040203 0.377669 0.462694
14.400001 15.200000 3.200000 0.001821 0.384636 0.455862
14.400001 15.200000 4.000000 nan nan nan
14.400001 15.200000 4.800000 nan nan nan
14.400001 15.200000 5.600000 nan nan nan
14.400001 15.200000 6.400000 nan nan nan
14.400001 15.200000 7.200000 nan nan nan
14.400001 15.200000 8.000000 nan nan nan
14.400001 15.200000 8.800000 nan nan nan
14.400001 15.200000 9.600000 0.276222 0.401671 0.479544
14.400001 16.000000 0.000000 0.434379 0.336295 0.484398
14.400001 16.000000 0.800000 0.006811 0.345391 0.479639
14.400001 16.000000 1.600000 nan nan nan
14.400001 16.000000 2.400000 nan nan nan
14.400001 16.000000 3.200000 nan nan nan
14.400001 16.000000 4.000000 nan nan nan
14.400001 16.000000 4.800000 nan nan nan
14.400001 16.000000 5.600000 nan nan nan
14.400001 16.000000 6.400000 nan nan nan
14.400001 16.000000 7.200000 nan nan nan
14.400001 16.000000 8.000000 nan nan nan
14.400001 16.000000 8.800000 nan nan nan
14.400001 16.000000 9.600000 0.015721 0.383971 0.482779
14.400001 16.800001 0.000000 0.055696 0.320721 0.486855
14.400001 16.800001 0.800000 nan nan nan
14.400001 16.800001 1.600000 nan nan nan
14.400001 16.800001 2.400000 nan nan nan
14.400001 16.800001 3.200000 nan nan nan
14.400001 16.800001 4.000000 nan nan nan
14.400001 16.800001 4.800000 nan nan nan
14.400001 16.800001 5.600000 nan nan nan
14.400001 16.800001 6.400000 nan nan nan
14.400001 16.800001 7.200000 nan nan nan
14.400001 16.800001 8.000000 nan nan nan
14.400001 16.800001 8.800000 nan nan nan
14.400001 16.800001 9.600000 nan nan nan
14.400001 17.600000 0.000000 0.000520 0.304879 0.489052
14.400001 17.600000 0.800000 nan nan nan
14.400001 17.600000 1.600000 nan nan nan
14.400001 17.600000 2.400000 nan nan nan
14.400001 17.600000 3.200000 nan nan nan
14.400001 17.600000 4.000000 0.000042 0.338859 0.469399
14.400001 17.600000 4.800000 0.082251 0.343106 0.467377
14.400001 17.600000 5.600000 0.225049 0.346416 0.467380
14.400001 17.600000 6.400000 nan nan nan
14.400001 17.600000 7.200000 nan nan nan
14.400001 17.600000 8.000000 nan nan nan
14.400001 17.600000 8.800000 nan nan nan
14.400001 17.600000 9.600000 nan nan nan
14.400001 18.400000 0.000000 0.031890 0.288799 0.490989
14.400001 18.400000 0.800000 nan nan nan
14.400001 18.400000 1.600000 nan nan nan
14.400001 18.400000 2.400000 nan nan nan
14.400001 18.400000 3.200000 nan nan nan
14.400001 18.400000 4.000000 0.026754 0.321334 0.474603
14.400001 18.400000 4.800000 0.699847 0.325382 0.472925
14.400001 18.400000 5.600000 0.583598 0.328535 0.472952
14.400001 18.400000 6.400000 0.009201 0.330769 0.474774
14.400001 18.400000 7.200000 nan nan nan
14.400001 18.400000 8.000000 nan nan nan
14.400001 18.400000 8.800000 nan nan nan
14.400001 18.400000 9.600000 nan nan nan
14.400001 19.200001 0.000000 0.348669 0.272510 0.492671
14.400001 19.200001 0.800000 nan nan nan
14.400001 19.200001 1.600000 nan nan nan
14.400001 19.200001 2.400000 nan nan nan
14.400001 19.200001 3.200000 nan nan nan
14.400001 19.200001 4.000000 0.337606 0.303705 0.479185
14.400001 19.200001 4.800000 0.882051 0.307571 0.477811
14.400001 19.200001 5.600000 0.868620 0.310579 0.477851
14.400001 19.200001 6.400000 0.402100 0.312710 0.479378
14.400001 19.200001 7.200000 0.035421 0.313950 0.482122
14.400001 19.200001 8.000000 nan nan nan
14.400001 19.200001 8.800000 0.014366 0.313724 0.489105
14.400001 19.200001 9.600000 0.302744 0.312261 0.492287
14.400001 20.000000 0.000000 0.829124 0.256033 0.494110
14.400001 20.000000 0.800000 0.454850 0.263453 0.492236
14.400001 20.000000 1.600000 0.193442 0.270190 0.490001
14.400001 20.000000 2.400000 0.191378 0.276211 0.487542
14.400001 20.000000 3.200000 0.448484 0.281485 0.485130
14.400001 20.000000 4.000000 0.824230 0.285985 0.483158
14.400001 20.000000 4.800000 0.982835 0.289684 0.482045
14.400001 20.000000 5.600000 0.986542 0.292560 0.482091
14.400001 20.000000 6.400000 0.890396 0.294596 0.483353
14.400001 20.000000 7.200000 0.686276 0.295780 0.485603
14.400001 20.000000 8.000000 0.563877 0.296103 0.488412
14.400001 20.000000 8.800000 0.650194 0.295565 0.491296
14.400001 20.000000 9.600000 0.856631 0.294167 0.493872
15.200000 0.000000 0.000000 0.040763 0.489706 0.451133
15.200000 0.000000 0.800000 0.000004 0.505860 0.438106
15.200000 0.000000 1.600000 0.030830 0.521524 0.423607
15.200000 0.000000 2.400000 0.358329 0.536556 0.408373
15.200000 0.000000 3.200000 0.838341 0.550765 0.393615
15.200000 0.000000 4.000000 0.955873 0.563892 0.380983
15.200000 0.000000 4.800000 0.989969 0.575596 0.372318
15.200000 0.000000 5.600000 0.999262 0.585439 0.369225
15.200000 0.000000 6.400000 0.999986 0.592907 0.372563
15.200000 0.000000 7.200000 1.000000 0.597479 0.382103
15.200000 0.000000 8.000000 1.000000 0.598762 0.396517
15.200000 0.000000 8.800000 1.000000 0.596633 0.413754
15.200000 0.000000 9.600000 1.000000 0.591294 0.431603
15.200000 0.800000 0.000000 nan nan nan
15.200000 0.800000 0.800000 nan nan nan
15.200000 0.800000 1.600000 nan nan nan
15.200000 0.800000 2.400000 0.000228 0.543963 0.404458
15.200000 0.800000 3.200000 0.319278 0.558916 0.389141
15.200000 0.800000 4.000000 0.508535 0.572882 0.376075
15.200000 0.800000 4.800000 0.822864 0.585501 0.367182
15.200000 0.800000 5.600000 0.978436 0.596280 0.364123
15.200000 0.800000 6.400000 0.999350 0.604593 0.367771
15.200000 0.800000 7.200000 0.999996 0.609755 0.377854
15.200000 0.800000 8.000000 1.000000 0.611215 0.392964
15.200000 0.800000 8.800000 1.000000 0.608796 0.410947
15.200000 0.800000 9.600000 1.000000 0.602786 0.429505
15.200000 1.600000 0.000000 nan nan nan
15.200000 1.600000 0.800000 nan nan nan
15.200000 1.600000 1.600000 nan nan nan
15.200000 1.600000 2.400000 nan nan nan
15.200000 1.600000 3.200000 nan nan nan
15.200000 1.600000 4.000000 nan nan nan
15.200000 1.600000 4.800000 0.283281 0.593040 0.363262
15.200000 1.600000 5.600000 0.837278 0.604667 0.360279
15.200000 1.600000 6.400000 0.992002 0.613785 0.364224
15.200000 1.600000 7.200000 0.999929 0.619534 0.374785
15.200000 1.600000 8.000000 0.999999 0.621176 0.390476
15.200000 1.600000 8.800000 1.000000 0.618460 0.409058
15.200000 1.600000 9.600000 1.000000 0.611790 0.428158
15.200000 2.400000 0.000000 nan nan nan
15.200000 2.400000 0.800000 nan nan nan
15.200000 2.400000 1.600000 nan nan nan
15.200000 2.400000 2.400000 nan nan nan
15.200000 2.400000 3.200000 nan nan nan
15.200000 2.400000 4.000000 nan nan nan
15.200000 2.400000 4.800000 0.000174 0.597688 0.360655
15.200000 2.400000 5.600000 0.567279 0.609913 0.357785
15.200000 2.400000 6.400000 0.967543 0.619623 0.362011
15.200000 2.400000 7.200000 0.997034 0.625824 0.372973
15.200000 2.400000 8.000000 0.999794 0.627608 0.389118
15.200000 2.400000 8.800000 0.999996 0.624660 0.408135
15.200000 2.400000 9.600000 1.000000 0.617487 0.427599
15.200000 3.200000 0.000000 nan nan nan
15.200000 3.200000 0.800000 nan nan nan
15.200000 3.200000 1.600000 nan nan nan
15.200000 3.200000 2.400000 nan nan nan
15.200000 3.200000 3.200000 nan nan nan
15.200000 3.200000 4.000000 nan nan nan
15.200000 3.200000 4.800000 nan nan nan
15.200000 3.200000 5.600000 0.418031 0.611457 0.356697
15.200000 3.200000 6.400000 0.725026 0.621357 0.361178
15.200000 3.200000 7.200000 0.911549 0.627706 0.372456
15.200000 3.200000 8.000000 0.990247 0.629538 0.388918
15.200000 3.200000 8.800000 0.999722 0.626513 0.408197
15.200000 3.200000 9.600000 0.999998 0.619175 0.427840
15.200000 4.000000 0.000000 0.142870 0.501605 0.445635
15.200000 4.000000 0.800000 0.041154 0.518817 0.431212
15.200000 4.000000 1.600000 nan nan nan
15.200000 4.000000 2.400000 nan nan nan
15.200000 4.000000 3.200000 nan nan nan
15.200000 4.000000 4.000000 nan nan nan
15.200000 4.000000 4.800000 nan nan nan
15.200000 4.000000 5.600000 nan nan nan
15.200000 4.000000 6.400000 0.052567 0.618724 0.361732
15.200000 4.000000 7.200000 0.450500 0.624850 0.373234
15.200000 4.000000 8.000000 0.890868 0.626610 0.389868
15.200000 4.000000 8.800000 0.994924 0.623701 0.409233
15.200000 4.000000 9.600000 0.999897 0.616610 0.428864
15.200000 4.800000 0.000000 0.814606 0.498807 0.446251
15.200000 4.800000 0.800000 0.497990 0.515758 0.431963
15.200000 4.800000 1.600000 0.008877 0.532344 0.416037
15.200000 4.800000 2.400000 nan nan nan
15.200000 4.800000 3.200000 nan nan nan
15.200000 4.800000 4.000000 nan nan nan
15.200000 4.800000 4.800000 nan nan nan
15.200000 4.800000 5.600000 nan nan nan
15.200000 4.800000 6.400000 nan nan nan
15.200000 4.800000 7.200000 0.016294 0.617747 0.375267
15.200000 4.800000 8.000000 0.617265 0.619352 0.391926
15.200000 4.800000 8.800000 0.971501 0.616696 0.411199
15.200000 4.800000 9.600000 0.988857 0.610156 0.430632
15.200000 5.600000 0.000000 0.851298 0.494346 0.447424
15.200000 5.600000 0.800000 0.276096 0.510897 0.433405
15.200000 5.600000 1.600000 nan nan nan
15.200000 5.600000 2.400000 nan nan nan
15.200000 5.600000 3.200000 nan nan nan
15.200000 5.600000 4.000000 nan nan nan
15.200000 5.600000 4.800000 nan nan nan
15.200000 5.600000 5.600000 nan nan nan
15.200000 5.600000 6.400000 nan nan nan
15.200000 5.600000 7.200000 nan nan nan
15.200000 5.600000 8.000000 0.389685 0.608791 0.395019
15.200000 5.600000 8.800000 0.729070 0.606435 0.414025
15.200000 5.600000 9.600000 0.789025 0.600568 0.433079
15.200000 6.400000 0.000000 0.865282 0.488327 0.449115
15.200000 6.400000 0.800000 0.313334 0.504368 0.435489
15.200000 6.400000 1.600000 nan nan nan
15.200000 6.400000 2.400000 nan nan nan
15.200000 6.400000 3.200000 nan nan nan
15.200000 6.400000 4.000000 nan nan nan
15.200000 6.400000 4.800000 nan nan nan
15.200000 6.400000 5.600000 nan nan nan
15.200000 6.400000 6.400000 nan nan nan
15.200000 6.400000 7.200000 nan nan nan
15.200000 6.400000 8.000000 0.229590 0.595928 0.399047
15.200000 6.400000 8.800000 0.090692 0.593857 0.417619
15.200000 6.400000 9.600000 0.178431 0.588651 0.436126
15.200000 7.200000 0.000000 0.942439 0.480879 0.451268
15.200000 7.200000 0.800000 0.576113 0.496332 0.438149
15.200000 7.200000 1.600000 0.000048 0.511204 0.423446
15.200000 7.200000 2.400000 nan nan nan
15.200000 7.200000 3.200000 nan nan nan
15.200000 7.200000 4.000000 nan nan nan
15.200000 7.200000 4.800000 nan nan nan
15.200000 7.200000 5.600000 nan nan nan
15.200000 7.200000 6.400000 nan nan nan
15.200000 7.200000 7.200000 0.032855 0.580413 0.388021
15.200000 7.200000 8.000000 nan nan nan
15.200000 7.200000 8.800000 nan nan nan
15.200000 7.200000 9.600000 nan nan nan
15.200000 8.000000 0.000000 0.846445 0.472141 0.453818
15.200000 8.000000 0.800000 0.307961 0.486960 0.441306
15.200000 8.000000 1.600000 0.000019 0.501129 0.427248
15.200000 8.000000 2.400000 nan nan nan
15.200000 8.000000 3.200000 nan nan nan
15.200000 8.000000 4.000000 nan nan nan
15.200000 8.000000 4.800000 nan nan nan
15.200000 8.000000 5.600000 0.006104 0.555708 0.377761
15.200000 8.000000 6.400000 0.096964 0.561562 0.382948
15.200000 8.000000 7.200000 0.037984 0.565068 0.394071
15.200000 8.000000 8.000000 nan nan nan
15.200000 8.000000 8.800000 nan nan nan
15.200000 8.000000 9.600000 nan nan nan
15.200000 8.800000 0.000000 0.672808 0.462256 0.456690
15.200000 8.800000 0.800000 0.041889 0.476418 0.444870
15.200000 8.800000 1.600000 nan nan nan
15.200000 8.800000 2.400000 nan nan nan
15.200000 8.800000 3.200000 nan nan nan
15.200000 8.800000 4.000000 nan nan nan
15.200000 8.800000 4.800000 0.006528 0.533342 0.386031
15.200000 8.800000 5.600000 0.483174 0.540555 0.384884
15.200000 8.800000 6.400000 0.688901 0.545833 0.390015
15.200000 8.800000 7.200000 0.076741 0.548973 0.400768
15.200000 8.800000 8.000000 nan nan nan
15.200000 8.800000 8.800000 nan nan nan
15.200000 8.800000 9.600000 nan nan nan
15.200000 9.600000 0.000000 0.635537 0.451361 0.459808
15.200000 9.600000 0.800000 0.018701 0.464866 0.448747
15.200000 9.600000 1.600000 nan nan nan
15.200000 9.600000 2.400000 nan nan nan
15.200000 9.600000 3.200000 nan nan nan
15.200000 9.600000 4.000000 nan nan nan
15.200000 9.600000 4.800000 0.301903 0.518137 0.393554
15.200000 9.600000 5.600000 0.859744 0.524723 0.392630
15.200000 9.600000 6.400000 0.756729 0.529510 0.397650
15.200000 9.600000 7.200000 0.338332 0.532344 0.407948
15.200000 9.600000 8.000000 0.022870 0.533126 0.421877
15.200000 9.600000 8.800000 nan nan nan
15.200000 9.600000 9.600000 0.005633 0.528493 0.452297
15.200000 10.400001 0.000000 0.775893 0.439581 0.463090
15.200000 10.400001 0.800000 0.163411 0.452443 0.452840
15.200000 10.400001 1.600000 nan nan nan
15.200000 10.400001 2.400000 nan nan nan
15.200000 10.400001 3.200000 nan nan nan
15.200000 10.400001 4.000000 0.009616 0.494770 0.407405
15.200000 10.400001 4.800000 0.510134 0.502338 0.401542
15.200000 10.400001 5.600000 0.861920 0.508380 0.400823
15.200000 10.400001 6.400000 0.299167 0.512749 0.405681
15.200000 10.400001 7.200000 nan nan nan
15.200000 10.400001 8.000000 nan nan nan
15.200000 10.400001 8.800000 nan nan nan
15.200000 10.400001 9.600000 0.000327 0.511822 0.456802
15.200000 11.200000 0.000000 0.806924 0.427033 0.466460
15.200000 11.200000 0.800000 0.349666 0.439275 0.457055
15.200000 11.200000 1.600000 0.059970 0.450719 0.446354
15.200000 11.200000 2.400000 0.026918 0.461251 0.434992
15.200000 11.200000 3.200000 0.004233 0.470744 0.424089
15.200000 11.200000 4.000000 0.092245 0.479064 0.415163
15.200000 11.200000 4.800000 0.508405 0.486076 0.409824
15.200000 11.200000 5.600000 0.722745 0.491646 0.409289
15.200000 11.200000 6.400000 0.056077 0.495657 0.413937
15.200000 11.200000 7.200000 nan nan nan
15.200000 11.200000 8.000000 nan nan nan
15.200000 11.200000 8.800000 nan nan nan
15.200000 11.200000 9.600000 nan nan nan
15.200000 12.000000 0.000000 0.455709 0.413816 0.469844
15.200000 12.000000 0.800000 0.000871 0.425468 0.461301
15.200000 12.000000 1.600000 nan nan nan
15.200000 12.000000 2.400000 nan nan nan
15.200000 12.000000 3.200000 nan nan nan
15.200000 12.000000 4.000000 nan nan nan
15.200000 12.000000 4.800000 0.245329 0.469449 0.418234
15.200000 12.000000 5.600000 0.510303 0.474608 0.417861
15.200000 12.000000 6.400000 0.046203 0.478310 0.422256
15.200000 12.000000 7.200000 nan nan nan
15.200000 12.000000 8.000000 nan nan nan
15.200000 12.000000 8.800000 nan nan nan
15.200000 12.000000 9.600000 nan nan nan
15.200000 12.800000 0.000000 0.241331 0.400020 0.473175
15.200000 12.800000 0.800000 nan nan nan
15.200000 12.800000 1.600000 nan nan nan
15.200000 12.800000 2.400000 nan nan nan
15.200000 12.800000 3.200000 nan nan nan
15.200000 12.800000 4.000000 nan nan nan
15.200000 12.800000 4.800000 nan nan nan
15.200000 12.800000 5.600000 nan nan nan
15.200000 12.800000 6.400000 0.093730 0.460765 0.430487
15.200000 12.800000 7.200000 nan nan nan
15.200000 12.800000 8.000000 nan nan nan
15.200000 12.800000 8.800000 nan nan nan
15.200000 12.800000 9.600000 nan nan nan
15.200000 13.600000 0.000000 0.287673 0.385720 0.476395
15.200000 13.600000 0.800000 nan nan nan
15.200000 13.600000 1.600000 nan nan nan
15.200000 13.600000 2.400000 nan nan nan
15.200000 13.600000 3.200000 nan nan nan
15.200000 13.600000 4.000000 nan nan nan
15.200000 13.600000 4.800000 nan nan nan
15.200000 13.600000 5.600000 nan nan nan
15.200000 13.600000 6.400000 nan nan nan
15.200000 13.600000 7.200000 nan nan nan
15.200000 13.600000 8.000000 nan nan nan
15.200000 13.600000 8.800000 nan nan nan
15.200000 13.600000 9.600000 0.033039 0.442386 0.473863
15.200000 14.400001 0.000000 0.582752 0.370983 0.479454
15.200000 14.400001 0.800000 0.050791 0.381066 0.473442
15.200000 14.400001 1.600000 nan nan nan
15.200000 14.400001 2.400000 nan nan nan
15.200000 14.400001 3.200000 nan nan nan
15.200000 14.400001 4.000000 nan nan nan
15.200000 14.400001 4.800000 nan nan nan
15.200000 14.400001 5.600000 nan nan nan
15.200000 14.400001 6.400000 nan nan nan
15.200000 14.400001 7.200000 nan nan nan
15.200000 14.400001 8.000000 nan nan nan
15.200000 14.400001 8.800000 nan nan nan
15.200000 14.400001 9.600000 0.017578 0.424599 0.477557
15.200000 15.200000 0.000000 0.896091 0.355863 0.482314
15.200000 15.200000 0.800000 0.570911 0.365490 0.477083
15.200000 15.200000 1.600000 0.259918 0.374331 0.471022
15.200000 15.200000 2.400000 0.201008 0.382320 0.464504
15.200000 15.200000 3.200000 nan nan nan
15.200000 15.200000 4.000000 nan nan nan
15.200000 15.200000 4.800000 nan nan nan
15.200000 15.200000 5.600000 nan nan nan
15.200000 15.200000 6.400000 nan nan nan
15.200000 15.200000 7.200000 nan nan nan
15.200000 15.200000 8.000000 nan nan nan
15.200000 15.200000 8.800000 nan nan nan
15.200000 15.200000 9.600000 0.003926 0.406703 0.480939
15.200000 16.000000 0.000000 0.494269 0.340411 0.484946
15.200000 16.000000 0.800000 0.029052 0.349613 0.480447
15.200000 16.000000 1.600000 nan nan nan
15.200000 16.000000 2.400000 nan nan nan
15.200000 16.000000 3.200000 nan nan nan
15.200000 16.000000 4.000000 nan nan nan
15.200000 16.000000 4.800000 nan nan nan
15.200000 16.000000 5.600000 nan nan nan
15.200000 16.000000 6.400000 nan nan nan
15.200000 16.000000 7.200000 nan nan nan
15.200000 16.000000 8.000000 nan nan nan
15.200000 16.000000 8.800000 nan nan nan
15.200000 16.000000 9.600000 0.119195 0.388716 0.483988
15.200000 16.800001 0.000000 0.099301 0.324666 0.487331
15.200000 16.800001 0.800000 nan nan nan
15.200000 16.800001 1.600000 nan nan nan
15.200000 16.800001 2.400000 nan nan nan
15.200000 16.800001 3.200000 nan nan nan
15.200000 16.800001 4.000000 nan nan nan
15.200000 16.800001 4.800000 nan nan nan
15.200000 16.800001 5.600000 nan nan nan
15.200000 16.800001 6.400000 nan nan nan
15.200000 16.800001 7.200000 nan nan nan
15.200000 16.800001 8.000000 nan nan nan
15.200000 16.800001 8.800000 nan nan nan
15.200000 16.800001 9.600000 0.024749 0.370653 0.486700
15.200000 17.600000 0.000000 0.012892 0.308664 0.489460
15.200000 17.600000 0.800000 nan nan nan
15.200000 17.600000 1.600000 nan nan nan
15.200000 17.600000 2.400000 nan nan nan
15.200000 17.600000 3.200000 nan nan nan
15.200000 17.600000 4.000000 0.001101 0.343004 0.471312
15.200000 17.600000 4.800000 nan nan nan
15.200000 17.600000 5.600000 0.017007 0.350651 0.469668
15.200000 17.600000 6.400000 0.055973 0.353028 0.471741
15.200000 17.600000 7.200000 nan nan nan
15.200000 17.600000 8.000000 nan nan nan
15.200000 17.600000 8.800000 nan nan nan
15.200000 17.600000 9.600000 0.010270 0.352527 0.489076
15.200000 18.400000 0.000000 0.068245 0.292435 0.491333
15.200000 18.400000 0.800000 nan nan nan
15.200000 18.400000 1.600000 nan nan nan
15.200000 18.400000 2.400000 nan nan nan
15.200000 18.400000 3.200000 nan nan nan
15.200000 18.400000 4.000000 0.061060 0.325285 0.476221
15.200000 18.400000 4.800000 0.508982 0.329376 0.474763
15.200000 18.400000 5.600000 0.648045 0.332563 0.474883
15.200000 18.400000 6.400000 0.242678 0.334822 0.476644
15.200000 18.400000 7.200000 nan nan nan
15.200000 18.400000 8.000000 nan nan nan
15.200000 18.400000 8.800000 nan nan nan
15.200000 18.400000 9.600000 0.149770 0.334346 0.491129
15.200000 19.200001 0.000000 0.411233 0.276005 0.492958
15.200000 19.200001 0.800000 0.002335 0.283781 0.490779
15.200000 19.200001 1.600000 nan nan nan
15.200000 19.200001 2.400000 nan nan nan
15.200000 19.200001 3.200000 0.001494 0.302736 0.482713
15.200000 19.200001 4.000000 0.400352 0.307479 0.480535
15.200000 19.200001 4.800000 0.900850 0.311382 0.479342
15.200000 19.200001 5.600000 0.948205 0.314420 0.479457
15.200000 19.200001 6.400000 0.683821 0.316572 0.480931
15.200000 19.200001 7.200000 0.308863 0.317824 0.483502
15.200000 19.200001 8.000000 0.158256 0.318166 0.486688
15.200000 19.200001 8.800000 0.259328 0.317597 0.489956
15.200000 19.200001 9.600000 0.608630 0.316119 0.492879
15.200000 20.000000 0.000000 0.854934 0.259398 0.494346
15.200000 20.000000 0.800000 0.513802 0.266875 0.492585
15.200000 20.000000 1.600000 0.254040 0.273666 0.490506
15.200000 20.000000 2.400000 0.251867 0.279737 0.488238
15.200000 20.000000 3.200000 0.507739 0.285057 0.486038
15.200000 20.000000 4.000000 0.850657 0.289595 0.484267
15.200000 20.000000 4.800000 0.986067 0.293327 0.483302
15.200000 20.000000 5.600000 0.995641 0.296229 0.483408
15.200000 20.000000 6.400000 0.957702 0.298284 0.484623
15.200000 20.000000 7.200000 0.858932 0.299479 0.486730
15.200000 20.000000 8.000000 0.789461 0.299805 0.489330
15.200000 20.000000 8.800000 0.839279 0.299262 0.491986
15.200000 20.000000 9.600000 0.942862 0.297851 0.494350
16.000000 0.000000 0.000000 0.317233 0.495198 0.452592
16.000000 0.000000 0.800000 0.179454 0.511823 0.439969
16.000000 0.000000 1.600000 0.297622 0.528029 0.425970
16.000000 0.000000 2.400000 0.650451 0.543685 0.411324
16.000000 0.000000 3.200000 0.934198 0.558609 0.397204
16.000000 0.000000 4.000000 0.976637 0.572542 0.385180
16.000000 0.000000 4.800000 0.995033 0.585123 0.376986
16.000000 0.000000 5.600000 0.999662 0.595863 0.374112
16.000000 0.000000 6.400000 0.999994 0.604139 0.377344
16.000000 0.000000 7.200000 1.000000 0.609275 0.386450
16.000000 0.000000 8.000000 1.000000 0.610728 0.400177
16.000000 0.000000 8.800000 1.000000 0.608322 0.416598
16.000000 0.000000 9.600000 1.000000 0.602341 0.433642
16.000000 0.800000 0.000000 nan nan nan
16.000000 0.800000 0.800000 nan nan nan
16.000000 0.800000 1.600000 nan nan nan
16.000000 0.800000 2.400000 0.187638 0.551447 0.407642
16.000000 0.800000 3.200000 0.516083 0.567240 0.393013
16.000000 0.800000 4.000000 0.674862 0.582190 0.380603
16.000000 0.800000 4.800000 0.896757 0.595932 0.372217
16.000000 0.800000 5.600000 0.988979 0.607923 0.369394
16.000000 0.800000 6.400000 0.999703 0.617399 0.372928
16.000000 0.800000 7.200000 0.999998 0.623420 0.382546
16.000000 0.800000 8.000000 1.000000 0.625146 0.396919
16.000000 0.800000 8.800000 1.000000 0.622292 0.414029
16.000000 0.800000 9.600000 1.000000 0.615319 0.431721
16.000000 1.600000 0.000000 nan nan nan
16.000000 1.600000 0.800000 nan nan nan
16.000000 1.600000 1.600000 nan nan nan
16.000000 1.600000 2.400000 0.006040 0.557177 0.404836
16.000000 1.600000 3.200000 nan nan nan
16.000000 1.600000 4.000000 0.061753 0.589502 0.377144
16.000000 1.600000 4.800000 0.482796 0.604288 0.368648
16.000000 1.600000 5.600000 0.905866 0.617486 0.365916
16.000000 1.600000 6.400000 0.996073 0.628213 0.369740
16.000000 1.600000 7.200000 0.999969 0.635231 0.379805
16.000000 1.600000 8.000000 1.000000 0.637282 0.394712
16.000000 1.600000 8.800000 1.000000 0.633901 0.412365
16.000000 1.600000 9.600000 1.000000 0.625829 0.430544
16.000000 2.400000 0.000000 nan nan nan
16.000000 2.400000 0.800000 nan nan nan
16.000000 2.400000 1.600000 nan nan nan
16.000000 2.400000 2.400000 nan nan nan
16.000000 2.400000 3.200000 nan nan nan
16.000000 2.400000 4.000000 nan nan nan
16.000000 2.400000 4.800000 0.084273 0.609512 0.366365
16.000000 2.400000 5.600000 0.719818 0.623606 0.363761
16.000000 2.400000 6.400000 0.983088 0.635341 0.367857
16.000000 2.400000 7.200000 0.998710 0.643234 0.378295
16.000000 2.400000 8.000000 0.999917 0.645585 0.393613
16.000000 2.400000 8.800000 0.999999 0.641721 0.411649
16.000000 2.400000 9.600000 1.000000 0.632704 0.430142
16.000000 3.200000 0.000000 0.006346 0.508533 0.447429
16.000000 3.200000 0.800000 nan nan nan
16.000000 3.200000 1.600000 nan nan nan
16.000000 3.200000 2.400000 nan nan nan
16.000000 3.200000 3.200000 nan nan nan
16.000000 3.200000 4.000000 nan nan nan
16.000000 3.200000 4.800000 0.005403 0.611049 0.365416
16.000000 3.200000 5.600000 0.601894 0.625433 0.362974
16.000000 3.200000 6.400000 0.842419 0.637510 0.367318
16.000000 3.200000 7.200000 0.954549 0.645717 0.378046
16.000000 3.200000 8.000000 0.995565 0.648181 0.393641
16.000000 3.200000 8.800000 0.999887 0.644137 0.411895
16.000000 3.200000 9.600000 0.999999 0.634785 0.430521
16.000000 4.000000 0.000000 0.457746 0.507436 0.447520
16.000000 4.000000 0.800000 0.317961 0.525222 0.433653
16.000000 4.000000 1.600000 nan nan nan
16.000000 4.000000 2.400000 nan nan nan
16.000000 4.000000 3.200000 nan nan nan
16.000000 4.000000 4.000000 nan nan nan
16.000000 4.000000 4.800000 0.046016 0.608712 0.365810
16.000000 4.000000 5.600000 0.086593 0.622661 0.363558
16.000000 4.000000 6.400000 0.240159 0.634226 0.368119
16.000000 4.000000 7.200000 0.646872 0.641967 0.379048
16.000000 4.000000 8.000000 0.942995 0.644265 0.394781
16.000000 4.000000 8.800000 0.997750 0.640487 0.413083
16.000000 4.000000 9.600000 0.999982 0.631632 0.431660
16.000000 4.800000 0.000000 0.923108 0.504555 0.448175
16.000000 4.800000 0.800000 0.672454 0.522052 0.434463
16.000000 4.800000 1.600000 0.127809 0.539286 0.419250
16.000000 4.800000 2.400000 nan nan nan
16.000000 4.800000 3.200000 nan nan nan
16.000000 4.800000 4.000000 0.007691 0.588194 0.375635
16.000000 4.800000 4.800000 nan nan nan
16.000000 4.800000 5.600000 nan nan nan
16.000000 4.800000 6.400000 nan nan nan
16.000000 4.800000 7.200000 0.169124 0.633023 0.381253
16.000000 4.800000 8.000000 0.770179 0.635004 0.396984
16.000000 4.800000 8.800000 0.986366 0.631737 0.415163
16.000000 4.800000 9.600000 0.998551 0.623894 0.433514
16.000000 5.600000 0.000000 0.976925 0.499965 0.449368
16.000000 5.600000 0.800000 0.792681 0.517023 0.435939
16.000000 5.600000 1.600000 0.408841 0.533736 0.421022
16.000000 5.600000 2.400000 0.022578 0.549986 0.405459
16.000000 5.600000 3.200000 nan nan nan
16.000000 5.600000 4.000000 nan nan nan
16.000000 5.600000 4.800000 nan nan nan
16.000000 5.600000 5.600000 nan nan nan
16.000000 5.600000 6.400000 nan nan nan
16.000000 5.600000 7.200000 0.008777 0.620622 0.384583
16.000000 5.600000 8.000000 0.597766 0.622287 0.400172
16.000000 5.600000 8.800000 0.941201 0.619534 0.418063
16.000000 5.600000 9.600000 0.957116 0.612781 0.436017
16.000000 6.400000 0.000000 0.977749 0.493782 0.451058
16.000000 6.400000 0.800000 0.651002 0.510284 0.438032
16.000000 6.400000 1.600000 0.019984 0.526346 0.423539
16.000000 6.400000 2.400000 nan nan nan
16.000000 6.400000 3.200000 nan nan nan
16.000000 6.400000 4.000000 nan nan nan
16.000000 6.400000 4.800000 nan nan nan
16.000000 6.400000 5.600000 nan nan nan
16.000000 6.400000 6.400000 nan nan nan
16.000000 6.400000 7.200000 0.012569 0.606124 0.388929
16.000000 6.400000 8.000000 0.608373 0.607527 0.404238
16.000000 6.400000 8.800000 0.619471 0.605202 0.421686
16.000000 6.400000 9.600000 0.696741 0.599407 0.439084
16.000000 7.200000 0.000000 0.941484 0.486144 0.453189
16.000000 7.200000 0.800000 0.466213 0.502008 0.440674
16.000000 7.200000 1.600000 nan nan nan
16.000000 7.200000 2.400000 nan nan nan
16.000000 7.200000 3.200000 nan nan nan
16.000000 7.200000 4.000000 nan nan nan
16.000000 7.200000 4.800000 nan nan nan
16.000000 7.200000 5.600000 nan nan nan
16.000000 7.200000 6.400000 nan nan nan
16.000000 7.200000 7.200000 0.205335 0.590358 0.394159
16.000000 7.200000 8.000000 0.338186 0.591557 0.409061
16.000000 7.200000 8.800000 0.182804 0.589568 0.425919
16.000000 7.200000 9.600000 0.284021 0.584555 0.442621
16.000000 8.000000 0.000000 0.727660 0.477200 0.455697
16.000000 8.000000 0.800000 0.095119 0.492379 0.443786
16.000000 8.000000 1.600000 nan nan nan
16.000000 8.000000 2.400000 nan nan nan
16.000000 8.000000 3.200000 nan nan nan
16.000000 8.000000 4.000000 nan nan nan
16.000000 8.000000 4.800000 nan nan nan
16.000000 8.000000 5.600000 0.078485 0.563837 0.384625
16.000000 8.000000 6.400000 0.304630 0.570057 0.389632
16.000000 8.000000 7.200000 0.550315 0.573798 0.400126
16.000000 8.000000 8.000000 0.145709 0.574838 0.414501
16.000000 8.000000 8.800000 0.033907 0.573111 0.430641
16.000000 8.000000 9.600000 0.101228 0.568725 0.446521
16.000000 8.800000 0.000000 0.478471 0.467100 0.458509
16.000000 8.800000 0.800000 nan nan nan
16.000000 8.800000 1.600000 nan nan nan
16.000000 8.800000 2.400000 nan nan nan
16.000000 8.800000 3.200000 nan nan nan
16.000000 8.800000 4.000000 nan nan nan
16.000000 8.800000 4.800000 nan nan nan
16.000000 8.800000 5.600000 0.364592 0.547872 0.391600
16.000000 8.800000 6.400000 0.876250 0.553413 0.396545
16.000000 8.800000 7.200000 0.603859 0.556719 0.406675
16.000000 8.800000 8.000000 0.203322 0.557634 0.420414
16.000000 8.800000 8.800000 0.071243 0.556113 0.435723
16.000000 8.800000 9.600000 0.153744 0.552231 0.450679
16.000000 9.600000 0.000000 0.430581 0.455988 0.461548
16.000000 9.600000 0.800000 nan nan nan
16.000000 9.600000 1.600000 nan nan nan
16.000000 9.600000 2.400000 nan nan nan
16.000000 9.600000 3.200000 nan nan nan
16.000000 9.600000 4.000000 nan nan nan
16.000000 9.600000 4.800000 0.090596 0.524516 0.399797
16.000000 9.600000 5.600000 0.804133 0.531351 0.399128
16.000000 9.600000 6.400000 0.924519 0.536332 0.403959
16.000000 9.600000 7.200000 0.718366 0.539287 0.413645
16.000000 9.600000 8.000000 0.521654 0.540102 0.426653
16.000000 9.600000 8.800000 0.369328 0.538746 0.441037
16.000000 9.600000 9.600000 0.471502 0.535273 0.454989
16.000000 10.400001 0.000000 0.620949 0.443996 0.464737
16.000000 10.400001 0.800000 0.012245 0.457091 0.455040
16.000000 10.400001 1.600000 nan nan nan
16.000000 10.400001 2.400000 nan nan nan
16.000000 10.400001 3.200000 nan nan nan
16.000000 10.400001 4.000000 nan nan nan
16.000000 10.400001 4.800000 0.283288 0.508191 0.407520
16.000000 10.400001 5.600000 0.888145 0.514423 0.407039
16.000000 10.400001 6.400000 0.692273 0.518938 0.411706
16.000000 10.400001 7.200000 0.237215 0.521604 0.420877
16.000000 10.400001 8.000000 0.042409 0.522338 0.433076
16.000000 10.400001 8.800000 0.055378 0.521117 0.446462
16.000000 10.400001 9.600000 0.303699 0.517980 0.459350
16.000000 11.200000 0.000000 0.880771 0.431241 0.468001
16.000000 11.200000 0.800000 0.402661 0.443684 0.459122
16.000000 11.200000 1.600000 0.009636 0.455334 0.449083
16.000000 11.200000 2.400000 nan nan nan
16.000000 11.200000 3.200000 nan nan nan
16.000000 11.200000 4.000000 nan nan nan
16.000000 11.200000 4.800000 0.115809 0.491472 0.415482
16.000000 11.200000 5.600000 0.735483 0.497190 0.415166
16.000000 11.200000 6.400000 0.459130 0.501313 0.419624
16.000000 11.200000 7.200000 0.023442 0.503739 0.428219
16.000000 11.200000 8.000000 nan nan nan
16.000000 11.200000 8.800000 nan nan nan
16.000000 11.200000 9.600000 0.058889 0.500439 0.463671
16.000000 12.000000 0.000000 0.802466 0.417827 0.471269
16.000000 12.000000 0.800000 0.260967 0.429652 0.463220
16.000000 12.000000 1.600000 nan nan nan
16.000000 12.000000 2.400000 nan nan nan
16.000000 12.000000 3.200000 nan nan nan
16.000000 12.000000 4.000000 nan nan nan
16.000000 12.000000 4.800000 nan nan nan
16.000000 12.000000 5.600000 0.531193 0.479723 0.423351
16.000000 12.000000 6.400000 0.443072 0.483513 0.427559
16.000000 12.000000 7.200000 0.016892 0.485738 0.435531
16.000000 12.000000 8.000000 nan nan nan
16.000000 12.000000 8.800000 nan nan nan
16.000000 12.000000 9.600000 0.048802 0.482711 0.467873
16.000000 12.800000 0.000000 0.671540 0.403844 0.474477
16.000000 12.800000 0.800000 0.133631 0.415088 0.467255
16.000000 12.800000 1.600000 nan nan nan
16.000000 12.800000 2.400000 nan nan nan
16.000000 12.800000 3.200000 nan nan nan
16.000000 12.800000 4.000000 nan nan nan
16.000000 12.800000 4.800000 nan nan nan
16.000000 12.800000 5.600000 0.002105 0.462074 0.431448
16.000000 12.800000 6.400000 nan nan nan
16.000000 12.800000 7.200000 nan nan nan
16.000000 12.800000 8.000000 nan nan nan
16.000000 12.800000 8.800000 nan nan nan
16.000000 12.800000 9.600000 0.253878 0.464837 0.471887
16.000000 13.600000 0.000000 0.704137 0.389368 0.477571
16.000000 13.600000 0.800000 0.174941 0.400069 0.471158
16.000000 13.600000 1.600000 nan nan nan
16.000000 13.600000 2.400000 nan nan nan
16.000000 13.600000 3.200000 nan nan nan
16.000000 13.600000 4.000000 nan nan nan
16.000000 13.600000 4.800000 nan nan nan
16.000000 13.600000 5.600000 nan nan nan
16.000000 13.600000 6.400000 nan nan nan
16.000000 13.600000 7.200000 nan nan nan
16.000000 13.600000 8.000000 nan nan nan
16.000000 13.600000 8.800000 nan nan nan
16.000000 13.600000 9.600000 0.025299 0.446849 0.475659
16.000000 14.400001 0.000000 0.862557 0.374465 0.480503
16.000000 14.400001 0.800000 0.478295 0.384660 0.474871
16.000000 14.400001 1.600000 0.162300 0.394054 0.468412
16.000000 14.400001 2.400000 0.094029 0.402573 0.461536
16.000000 14.400001 3.200000 0.002822 0.410137 0.454974
16.000000 14.400001 4.000000 nan nan nan
16.000000 14.400001 4.800000 nan nan nan
16.000000 14.400001 5.600000 nan nan nan
16.000000 14.400001 6.400000 nan nan nan
16.000000 14.400001 7.200000 nan nan nan
16.000000 14.400001 8.000000 nan nan nan
16.000000 14.400001 8.800000 nan nan nan
16.000000 14.400001 9.600000 nan nan nan
16.000000 15.200000 0.000000 0.960923 0.359192 0.483238
16.000000 15.200000 0.800000 0.824794 0.368916 0.478347
16.000000 15.200000 1.600000 0.670425 0.377850 0.472716
16.000000 15.200000 2.400000 0.200839 0.385929 0.466707
16.000000 15.200000 3.200000 nan nan nan
16.000000 15.200000 4.000000 nan nan nan
16.000000 15.200000 4.800000 nan nan nan
16.000000 15.200000 5.600000 nan nan nan
16.000000 15.200000 6.400000 nan nan nan
16.000000 15.200000 7.200000 nan nan nan
16.000000 15.200000 8.000000 nan nan nan
16.000000 15.200000 8.800000 nan nan nan
16.000000 15.200000 9.600000 nan nan nan
16.000000 16.000000 0.000000 0.746012 0.343595 0.485750
16.000000 16.000000 0.800000 0.295475 0.352881 0.481550
16.000000 16.000000 1.600000 0.062877 0.361393 0.476698
16.000000 16.000000 2.400000 0.061462 0.369069 0.471507
16.000000 16.000000 3.200000 nan nan nan
16.000000 16.000000 4.000000 nan nan nan
16.000000 16.000000 4.800000 nan nan nan
16.000000 16.000000 5.600000 nan nan nan
16.000000 16.000000 6.400000 nan nan nan
16.000000 16.000000 7.200000 nan nan nan
16.000000 16.000000 8.000000 nan nan nan
16.000000 16.000000 8.800000 nan nan nan
16.000000 16.000000 9.600000 0.037409 0.392399 0.485191
16.000000 16.800001 0.000000 0.407506 0.327715 0.488022
16.000000 16.800001 0.800000 0.001832 0.336596 0.484458
16.000000 16.800001 1.600000 nan nan nan
16.000000 16.800001 2.400000 nan nan nan
16.000000 16.800001 3.200000 nan nan nan
16.000000 16.800001 4.000000 nan nan nan
16.000000 16.800001 4.800000 nan nan nan
16.000000 16.800001 5.600000 nan nan nan
16.000000 16.800001 6.400000 0.001115 0.374667 0.468891
16.000000 16.800001 7.200000 nan nan nan
16.000000 16.800001 8.000000 nan nan nan
16.000000 16.800001 8.800000 0.031494 0.375875 0.483027
16.000000 16.800001 9.600000 0.461831 0.374133 0.487724
16.000000 17.600000 0.000000 0.254660 0.311587 0.490046
16.000000 17.600000 0.800000 nan nan nan
16.000000 17.600000 1.600000 nan nan nan
16.000000 17.600000 2.400000 nan nan nan
16.000000 17.600000 3.200000 nan nan nan
16.000000 17.600000 4.000000 0.000008 0.346212 0.473415
16.000000 17.600000 4.800000 nan nan nan
16.000000 17.600000 5.600000 0.010304 0.353929 0.472059
16.000000 17.600000 6.400000 0.348664 0.356329 0.474019
16.000000 17.600000 7.200000 0.191672 0.357726 0.477420
16.000000 17.600000 8.000000 0.064469 0.358108 0.481643
16.000000 17.600000 8.800000 0.146709 0.357472 0.486001
16.000000 17.600000 9.600000 0.504665 0.355823 0.489937
16.000000 18.400000 0.000000 0.364516 0.295241 0.491825
16.000000 18.400000 0.800000 nan nan nan
16.000000 18.400000 1.600000 nan nan nan
16.000000 18.400000 2.400000 nan nan nan
16.000000 18.400000 3.200000 nan nan nan
16.000000 18.400000 4.000000 0.353476 0.328340 0.477994
16.000000 18.400000 4.800000 0.489970 0.332465 0.476723
16.000000 18.400000 5.600000 0.632295 0.335678 0.476896
16.000000 18.400000 6.400000 0.750570 0.337957 0.478558
16.000000 18.400000 7.200000 0.411880 0.339283 0.481420
16.000000 18.400000 8.000000 0.255869 0.339646 0.484956
16.000000 18.400000 8.800000 0.362527 0.339042 0.488585
16.000000 18.400000 9.600000 0.686494 0.337477 0.491843
16.000000 19.200001 0.000000 0.690115 0.278702 0.493364
16.000000 19.200001 0.800000 0.210495 0.286529 0.491341
16.000000 19.200001 1.600000 0.018180 0.293648 0.488974
16.000000 19.200001 2.400000 0.017361 0.300022 0.486418
16.000000 19.200001 3.200000 0.204201 0.305615 0.483963
16.000000 19.200001 4.000000 0.682404 0.310393 0.482009
16.000000 19.200001 4.800000 0.959942 0.314326 0.480970
16.000000 19.200001 5.600000 0.976226 0.317388 0.481128
16.000000 19.200001 6.400000 0.931682 0.319557 0.482518
16.000000 19.200001 7.200000 0.787638 0.320818 0.484893
16.000000 19.200001 8.000000 0.693157 0.321163 0.487815
16.000000 19.200001 8.800000 0.760426 0.320589 0.490798
16.000000 19.200001 9.600000 0.909077 0.319100 0.493464
16.000000 20.000000 0.000000 0.942057 0.261992 0.494677
16.000000 20.000000 0.800000 0.758472 0.269515 0.493044
16.000000 20.000000 1.600000 0.567593 0.276348 0.491129
16.000000 20.000000 2.400000 0.565697 0.282458 0.489056
16.000000 20.000000 3.200000 0.754631 0.287813 0.487062
16.000000 20.000000 4.000000 0.940127 0.292382 0.485476
16.000000 20.000000 4.800000 0.995473 0.296140 0.484637
16.000000 20.000000 5.600000 0.999513 0.299062 0.484776
16.000000 20.000000 6.400000 0.993941 0.301132 0.485920
16.000000 20.000000 7.200000 0.975186 0.302335 0.487865
16.000000 20.000000 8.000000 0.959413 0.302664 0.490247
16.000000 20.000000 8.800000 0.970924 0.302116 0.492669
16.000000 20.000000 9.600000 0.991446 0.300696 0.494822
16.800001 0.000000 0.000000 0.790994 0.499099 0.454875
16.800001 0.000000 0.800000 0.707722 0.516077 0.442819
16.800001 0.000000 1.600000 0.780712 0.532694 0.429474
16.800001 0.000000 2.400000 0.921535 0.548833 0.415547
16.800001 0.000000 3.200000 0.989864 0.564321 0.402159
16.800001 0.000000 4.000000 0.995176 0.578910 0.390788
16.800001 0.000000 4.800000 0.999099 0.592233 0.383054
16.800001 0.000000 5.600000 0.999948 0.603762 0.380336
16.800001 0.000000 6.400000 0.999999 0.612785 0.383356
16.800001 0.000000 7.200000 1.000000 0.618464 0.391890
16.800001 0.000000 8.000000 1.000000 0.620083 0.404775
16.800001 0.000000 8.800000 1.000000 0.617404 0.420225
16.800001 0.000000 9.600000 1.000000 0.610812 0.436312
16.800001 0.800000 0.000000 0.406752 0.505077 0.452954
16.800001 0.800000 0.800000 0.265615 0.522627 0.440428
16.800001 0.800000 1.600000 0.387381 0.539923 0.426575
16.800001 0.800000 2.400000 0.713561 0.556874 0.412138
16.800001 0.800000 3.200000 0.830191 0.573342 0.398289
16.800001 0.800000 4.000000 0.899101 0.589111 0.386575
16.800001 0.800000 4.800000 0.974463 0.603837 0.378676
16.800001 0.800000 5.600000 0.997874 0.616962 0.376017
16.800001 0.800000 6.400000 0.999954 0.627612 0.379322
16.800001 0.800000 7.200000 1.000000 0.634565 0.388330
16.800001 0.800000 8.000000 1.000000 0.636594 0.401809
16.800001 0.800000 8.800000 1.000000 0.633249 0.417887
16.800001 0.800000 9.600000 1.000000 0.625247 0.434563
16.800001 1.600000 0.000000 0.176051 0.509408 0.451502
16.800001 1.600000 0.800000 0.063292 0.527397 0.438626
16.800001 1.600000 1.600000 0.158378 0.545225 0.424394
16.800001 1.600000 2.400000 0.368929 0.562830 0.409577
16.800001 1.600000 3.200000 0.299775 0.580113 0.395394
16.800001 1.600000 4.000000 0.490525 0.596913 0.383444
16.800001 1.600000 4.800000 0.813899 0.612949 0.375462
16.800001 1.600000 5.600000 0.977035 0.627710 0.372900
16.800001 1.600000 6.400000 0.999300 0.640246 0.376480
16.800001 1.600000 7.200000 0.999996 0.648890 0.385900
16.800001 1.600000 8.000000 1.000000 0.651515 0.399864
16.800001 1.600000 8.800000 1.000000 0.647215 0.416430
16.800001 1.600000 9.600000 1.000000 0.637402 0.433540
16.800001 2.400000 0.000000 0.202521 0.511977 0.450562
16.800001 2.400000 0.800000 0.082675 0.530238 0.437463
16.800001 2.400000 1.600000 0.184198 0.548400 0.422988
16.800001 2.400000 2.400000 0.018525 0.566422 0.407931
16.800001 2.400000 3.200000 0.001407 0.584241 0.393546
16.800001 2.400000 4.000000 0.090308 0.601744 0.381475
16.800001 2.400000 4.800000 0.520922 0.618727 0.373489
16.800001 2.400000 5.600000 0.916261 0.634784 0.371060
16.800001 2.400000 6.400000 0.996613 0.649030 0.374898
16.800001 2.400000 7.200000 0.999805 0.659508 0.384660
16.800001 2.400000 8.000000 0.999989 0.662877 0.398990
16.800001 2.400000 8.800000 1.000000 0.657414 0.415892
16.800001 2.400000 9.600000 1.000000 0.645724 0.433269
16.800001 3.200000 0.000000 0.488822 0.512712 0.450159
16.800001 3.200000 0.800000 0.350901 0.531052 0.436968
16.800001 3.200000 1.600000 0.126442 0.549312 0.422392
16.800001 3.200000 2.400000 nan nan nan
16.800001 3.200000 3.200000 nan nan nan
16.800001 3.200000 4.000000 0.007285 0.603157 0.380707
16.800001 3.200000 4.800000 0.366003 0.620442 0.372797
16.800001 3.200000 5.600000 0.869121 0.636933 0.370534
16.800001 3.200000 6.400000 0.961145 0.651811 0.374607
16.800001 3.200000 7.200000 0.990703 0.663070 0.384631
16.800001 3.200000 8.000000 0.999271 0.666797 0.399201
16.800001 3.200000 8.800000 0.999985 0.660785 0.416280
16.800001 3.200000 9.600000 1.000000 0.648326 0.433753
16.800001 4.000000 0.000000 0.854620 0.511591 0.450301
16.800001 4.000000 0.800000 0.739261 0.529810 0.437152
16.800001 4.000000 1.600000 0.218732 0.547921 0.422614
16.800001 4.000000 2.400000 0.002699 0.565879 0.407506
16.800001 4.000000 3.200000 nan nan nan
16.800001 4.000000 4.000000 0.050791 0.601007 0.381146
16.800001 4.000000 4.800000 0.465946 0.617837 0.373388
16.800001 4.000000 5.600000 0.544978 0.633678 0.371317
16.800001 4.000000 6.400000 0.684144 0.647623 0.375595
16.800001 4.000000 7.200000 0.895013 0.657751 0.385797
16.800001 4.000000 8.000000 0.988001 0.660967 0.400475
16.800001 4.000000 8.800000 0.999647 0.655739 0.417570
16.800001 4.000000 9.600000 0.999998 0.644400 0.434966
16.800001 4.800000 0.000000 0.987850 0.508647 0.450980
16.800001 4.800000 0.800000 0.898155 0.526556 0.437999
16.800001 4.800000 1.600000 0.570073 0.544288 0.423639
16.800001 4.800000 2.400000 0.250875 0.561774 0.408714
16.800001 4.800000 3.200000 0.184756 0.578906 0.394524
16.800001 4.800000 4.000000 0.375879 0.595512 0.382761
16.800001 4.800000 4.800000 0.137525 0.611294 0.375225
16.800001 4.800000 5.600000 0.069733 0.625726 0.373367
16.800001 4.800000 6.400000 0.216853 0.637860 0.377815
16.800001 4.800000 7.200000 0.628336 0.646120 0.388104
16.800001 4.800000 8.000000 0.938773 0.648603 0.402759
16.800001 4.800000 8.800000 0.997543 0.644529 0.419709
16.800001 4.800000 9.600000 0.999945 0.635120 0.436860
16.800001 5.600000 0.000000 0.997374 0.503962 0.452167
16.800001 5.600000 0.800000 0.928678 0.521401 0.439478
16.800001 5.600000 1.600000 0.557449 0.538566 0.425425
16.800001 5.600000 2.400000 0.110725 0.555358 0.410817
16.800001 5.600000 3.200000 0.003025 0.571631 0.396944
16.800001 5.600000 4.000000 0.017563 0.587161 0.385490
16.800001 5.600000 4.800000 0.001756 0.601594 0.378237
16.800001 5.600000 5.600000 nan nan nan
16.800001 5.600000 6.400000 0.027214 0.624659 0.381184
16.800001 5.600000 7.200000 0.403549 0.631312 0.391471
16.800001 5.600000 8.000000 0.875538 0.633243 0.405969
16.800001 5.600000 8.800000 0.993988 0.630057 0.422622
16.800001 5.600000 9.600000 0.997445 0.622384 0.439368
16.800001 6.400000 0.000000 0.986025 0.497657 0.453821
16.800001 6.400000 0.800000 0.746497 0.514502 0.441537
16.800001 6.400000 1.600000 0.105644 0.530965 0.427912
16.800001 6.400000 2.400000 nan nan nan
16.800001 6.400000 3.200000 nan nan nan
16.800001 6.400000 4.000000 nan nan nan
16.800001 6.400000 4.800000 nan nan nan
16.800001 6.400000 5.600000 nan nan nan
16.800001 6.400000 6.400000 0.033350 0.609512 0.385593
16.800001 6.400000 7.200000 0.416346 0.614972 0.395784
16.800001 6.400000 8.000000 0.879849 0.616523 0.410001
16.800001 6.400000 8.800000 0.957736 0.613955 0.426209
16.800001 6.400000 9.600000 0.969478 0.607609 0.442405
16.800001 7.200000 0.000000 0.946708 0.489877 0.455890
16.800001 7.200000 0.800000 0.592759 0.506046 0.444110
16.800001 7.200000 1.600000 0.001312 0.521726 0.431021
16.800001 7.200000 2.400000 nan nan nan
16.800001 7.200000 3.200000 nan nan nan
16.800001 7.200000 4.000000 nan nan nan
16.800001 7.200000 4.800000 nan nan nan
16.800001 7.200000 5.600000 0.097730 0.585754 0.386204
16.800001 7.200000 6.400000 0.254815 0.593244 0.390907
16.800001 7.200000 7.200000 0.658065 0.597831 0.400914
16.800001 7.200000 8.000000 0.896893 0.599119 0.414729
16.800001 7.200000 8.800000 0.841960 0.596983 0.430360
16.800001 7.200000 9.600000 0.880363 0.591626 0.445875
16.800001 8.000000 0.000000 0.746889 0.480781 0.458309
16.800001 8.000000 0.800000 0.119744 0.496226 0.447119
16.800001 8.000000 1.600000 nan nan nan
16.800001 8.000000 2.400000 nan nan nan
16.800001 8.000000 3.200000 nan nan nan
16.800001 8.000000 4.000000 nan nan nan
16.800001 8.000000 4.800000 nan nan nan
16.800001 8.000000 5.600000 0.197081 0.569778 0.392287
16.800001 8.000000 6.400000 0.727479 0.576297 0.396979
16.800001 8.000000 7.200000 0.912515 0.580233 0.406715
16.800001 8.000000 8.000000 0.824200 0.581330 0.420018
16.800001 8.000000 8.800000 0.740621 0.579509 0.434954
16.800001 8.000000 9.600000 0.798546 0.574898 0.449675
16.800001 8.800000 0.000000 0.507610 0.470523 0.461008
16.800001 8.800000 0.800000 nan nan nan
16.800001 8.800000 1.600000 nan nan nan
16.800001 8.800000 2.400000 nan nan nan
16.800001 8.800000 3.200000 nan nan nan
16.800001 8.800000 4.000000 nan nan nan
16.800001 8.800000 4.800000 0.011891 0.545364 0.399743
16.800001 8.800000 5.600000 0.501661 0.553166 0.399018
16.800001 8.800000 6.400000 0.937806 0.558915 0.403649
16.800001 8.800000 7.200000 0.955152 0.562353 0.413035
16.800001 8.800000 8.000000 0.850767 0.563306 0.425727
16.800001 8.800000 8.800000 0.777004 0.561723 0.439866
16.800001 8.800000 9.600000 0.828279 0.557687 0.453701
16.800001 9.600000 0.000000 0.460791 0.459253 0.463914
16.800001 9.600000 0.800000 nan nan nan
16.800001 9.600000 1.600000 nan nan nan
16.800001 9.600000 2.400000 nan nan nan
16.800001 9.600000 3.200000 nan nan nan
16.800001 9.600000 4.000000 nan nan nan
16.800001 9.600000 4.800000 0.114837 0.529086 0.406764
16.800001 9.600000 5.600000 0.818985 0.536111 0.406236
16.800001 9.600000 6.400000 0.968125 0.541241 0.410756
16.800001 9.600000 7.200000 0.958523 0.544289 0.419717
16.800001 9.600000 8.000000 0.915287 0.545131 0.431714
16.800001 9.600000 8.800000 0.905478 0.543731 0.444974
16.800001 9.600000 9.600000 0.929939 0.540149 0.457851
16.800001 10.400001 0.000000 0.645253 0.447106 0.466952
16.800001 10.400001 0.800000 0.023801 0.460371 0.457899
16.800001 10.400001 1.600000 nan nan nan
16.800001 10.400001 2.400000 nan nan nan
16.800001 10.400001 3.200000 nan nan nan
16.800001 10.400001 4.000000 nan nan nan
16.800001 10.400001 4.800000 0.314605 0.512362 0.414130
16.800001 10.400001 5.600000 0.897417 0.518738 0.413777
16.800001 10.400001 6.400000 0.953263 0.523363 0.418140
16.800001 10.400001 7.200000 0.809118 0.526097 0.426612
16.800001 10.400001 8.000000 0.663684 0.526850 0.437844
16.800001 10.400001 8.800000 0.679806 0.525597 0.450159
16.800001 10.400001 9.600000 0.839171 0.522381 0.462030
16.800001 11.200000 0.000000 0.890568 0.434202 0.470053
16.800001 11.200000 0.800000 0.381702 0.446791 0.461779
16.800001 11.200000 1.600000 nan nan nan
16.800001 11.200000 2.400000 nan nan nan
16.800001 11.200000 3.200000 nan nan nan
16.800001 11.200000 4.000000 nan nan nan
16.800001 11.200000 4.800000 0.022696 0.495302 0.421685
16.800001 11.200000 5.600000 0.632523 0.501131 0.421484
16.800001 11.200000 6.400000 0.894488 0.505337 0.425647
16.800001 11.200000 7.200000 0.634229 0.507814 0.433577
16.800001 11.200000 8.000000 0.420196 0.508496 0.443988
16.800001 11.200000 8.800000 0.441970 0.507362 0.455316
16.800001 11.200000 9.600000 0.683805 0.504445 0.466151
16.800001 12.000000 0.000000 0.830548 0.420646 0.473149
16.800001 12.000000 0.800000 0.124568 0.432596 0.465663
16.800001 12.000000 1.600000 nan nan nan
16.800001 12.000000 2.400000 nan nan nan
16.800001 12.000000 3.200000 nan nan nan
16.800001 12.000000 4.000000 nan nan nan
16.800001 12.000000 4.800000 nan nan nan
16.800001 12.000000 5.600000 0.390872 0.483346 0.429210
16.800001 12.000000 6.400000 0.460378 0.487200 0.433135
16.800001 12.000000 7.200000 0.194182 0.489464 0.440479
16.800001 12.000000 8.000000 0.187470 0.490086 0.450034
16.800001 12.000000 8.800000 0.425739 0.489051 0.460349
16.800001 12.000000 9.600000 0.671923 0.486384 0.470140
16.800001 12.800000 0.000000 0.828282 0.406529 0.476180
16.800001 12.800000 0.800000 0.120308 0.417879 0.469477
16.800001 12.800000 1.600000 nan nan nan
16.800001 12.800000 2.400000 nan nan nan
16.800001 12.800000 3.200000 nan nan nan
16.800001 12.800000 4.000000 nan nan nan
16.800001 12.800000 4.800000 nan nan nan
16.800001 12.800000 5.600000 0.247963 0.465424 0.436819
16.800001 12.800000 6.400000 nan nan nan
16.800001 12.800000 7.200000 nan nan nan
16.800001 12.800000 8.000000 nan nan nan
16.800001 12.800000 8.800000 nan nan nan
16.800001 12.800000 9.600000 0.334245 0.468227 0.473934
16.800001 13.600000 0.000000 0.914669 0.391927 0.479096
16.800001 13.600000 0.800000 0.366216 0.402719 0.473155
16.800001 13.600000 1.600000 nan nan nan
16.800001 13.600000 2.400000 nan nan nan
16.800001 13.600000 3.200000 nan nan nan
16.800001 13.600000 4.000000 nan nan nan
16.800001 13.600000 4.800000 nan nan nan
16.800001 13.600000 5.600000 nan nan nan
16.800001 13.600000 6.400000 nan nan nan
16.800001 13.600000 7.200000 nan nan nan
16.800001 13.600000 8.000000 nan nan nan
16.800001 13.600000 8.800000 nan nan nan
16.800001 13.600000 9.600000 0.030183 0.449995 0.477486
16.800001 14.400001 0.000000 0.982890 0.376906 0.481853
16.800001 14.400001 0.800000 0.781783 0.387180 0.476645
16.800001 14.400001 1.600000 0.275605 0.396652 0.470699
16.800001 14.400001 2.400000 0.012484 0.405245 0.464402
16.800001 14.400001 3.200000 nan nan nan
16.800001 14.400001 4.000000 nan nan nan
16.800001 14.400001 4.800000 nan nan nan
16.800001 14.400001 5.600000 nan nan nan
16.800001 14.400001 6.400000 nan nan nan
16.800001 14.400001 7.200000 nan nan nan
16.800001 14.400001 8.000000 nan nan nan
16.800001 14.400001 8.800000 nan nan nan
16.800001 14.400001 9.600000 0.001119 0.431703 0.480760
16.800001 15.200000 0.000000 0.994459 0.361522 0.484420
16.800001 15.200000 0.800000 0.967656 0.371315 0.479904
16.800001 15.200000 1.600000 0.859541 0.380316 0.474730
16.800001 15.200000 2.400000 0.440504 0.388459 0.469237
16.800001 15.200000 3.200000 nan nan nan
16.800001 15.200000 4.000000 nan nan nan
16.800001 15.200000 4.800000 nan nan nan
16.800001 15.200000 5.600000 nan nan nan
16.800001 15.200000 6.400000 nan nan nan
16.800001 15.200000 7.200000 nan nan nan
16.800001 15.200000 8.000000 nan nan nan
16.800001 15.200000 8.800000 nan nan nan
16.800001 15.200000 9.600000 0.009048 0.413363 0.483734
16.800001 16.000000 0.000000 0.948519 0.345822 0.486771
16.800001 16.000000 0.800000 0.780439 0.355169 0.482900
16.800001 16.000000 1.600000 0.600724 0.363738 0.478450
16.800001 16.000000 2.400000 0.390963 0.371469 0.473713
16.800001 16.000000 3.200000 nan nan nan
16.800001 16.000000 4.000000 nan nan nan
16.800001 16.000000 4.800000 nan nan nan
16.800001 16.000000 5.600000 nan nan nan
16.800001 16.000000 6.400000 nan nan nan
16.800001 16.000000 7.200000 nan nan nan
16.800001 16.000000 8.000000 nan nan nan
16.800001 16.000000 8.800000 nan nan nan
16.800001 16.000000 9.600000 0.138098 0.394983 0.486396
16.800001 16.800001 0.000000 0.834341 0.329847 0.488894
16.800001 16.800001 0.800000 0.466362 0.338780 0.485614
16.800001 16.800001 1.600000 0.204798 0.346951 0.481831
16.800001 16.800001 2.400000 0.202707 0.354307 0.477794
16.800001 16.800001 3.200000 0.033941 0.360794 0.473955
16.800001 16.800001 4.000000 nan nan nan
16.800001 16.800001 4.800000 nan nan nan
16.800001 16.800001 5.600000 nan nan nan
16.800001 16.800001 6.400000 0.126278 0.377109 0.471621
16.800001 16.800001 7.200000 0.013115 0.378596 0.475265
16.800001 16.800001 8.000000 0.003736 0.379003 0.479794
16.800001 16.800001 8.800000 0.128095 0.378326 0.484484
16.800001 16.800001 9.600000 0.590092 0.376570 0.488747
16.800001 17.600000 0.000000 0.757562 0.313630 0.490782
16.800001 17.600000 0.800000 0.315126 0.322180 0.488037
16.800001 17.600000 1.600000 0.076009 0.329984 0.484860
16.800001 17.600000 2.400000 0.074484 0.336996 0.481461
16.800001 17.600000 3.200000 0.308488 0.343168 0.478225
16.800001 17.600000 4.000000 0.109475 0.348456 0.475669
16.800001 17.600000 4.800000 0.043044 0.352819 0.474317
16.800001 17.600000 5.600000 0.167281 0.356224 0.474526
16.800001 17.600000 6.400000 0.577245 0.358639 0.476339
16.800001 17.600000 7.200000 0.640393 0.360046 0.479443
16.800001 17.600000 8.000000 0.611006 0.360431 0.483278
16.800001 17.600000 8.800000 0.765641 0.359790 0.487227
16.800001 17.600000 9.600000 0.937230 0.358130 0.490794
16.800001 18.400000 0.000000 0.814976 0.297201 0.492438
16.800001 18.400000 0.800000 0.424595 0.305395 0.490168
16.800001 18.400000 1.600000 0.164748 0.312861 0.487533
16.800001 18.400000 2.400000 0.162766 0.319557 0.484707
16.800001 18.400000 3.200000 0.418114 0.325441 0.482014
16.800001 18.400000 4.000000 0.751728 0.330475 0.479889
16.800001 18.400000 4.800000 0.689082 0.334624 0.478773
16.800001 18.400000 5.600000 0.789293 0.337857 0.478968
16.800001 18.400000 6.400000 0.934091 0.340150 0.480503
16.800001 18.400000 7.200000 0.920291 0.341484 0.483112
16.800001 18.400000 8.000000 0.876635 0.341849 0.486319
16.800001 18.400000 8.800000 0.908173 0.341241 0.489604
16.800001 18.400000 9.600000 0.969693 0.339667 0.492552
16.800001 19.200001 0.000000 0.933415 0.280585 0.493868
16.800001 19.200001 0.800000 0.730155 0.288447 0.492015
16.800001 19.200001 1.600000 0.526165 0.295601 0.489857
16.800001 19.200001 2.400000 0.524174 0.302006 0.487538
16.800001 19.200001 3.200000 0.725981 0.307627 0.485326
16.800001 19.200001 4.000000 0.931230 0.312430 0.483580
16.800001 19.200001 4.800000 0.981494 0.316384 0.482671
16.800001 19.200001 5.600000 0.989347 0.319462 0.482845
16.800001 19.200001 6.400000 0.995792 0.321643 0.484127
16.800001 19.200001 7.200000 0.982254 0.322911 0.486290
16.800001 19.200001 8.000000 0.970600 0.323258 0.488937
16.800001 19.200001 8.800000 0.979124 0.322681 0.491635
16.800001 19.200001 9.600000 0.994021 0.321183 0.494043
16.800001 20.000000 0.000000 0.991299 0.263803 0.495087
16.800001 20.000000 0.800000 0.951712 0.271358 0.493593
16.800001 20.000000 1.600000 0.895574 0.278221 0.491849
16.800001 20.000000 2.400000 0.894933 0.284358 0.489971
16.800001 20.000000 3.200000 0.950734 0.289737 0.488176
16.800001 20.000000 4.000000 0.990964 0.294328 0.486761
16.800001 20.000000 4.800000 0.999492 0.298104 0.486028
16.800001 20.000000 5.600000 0.999907 0.301041 0.486180
16.800001 20.000000 6.400000 0.999749 0.303121 0.487235
16.800001 20.000000 7.200000 0.998740 0.304330 0.489004
16.800001 20.000000 8.000000 0.997751 0.304660 0.491159
16.800001 20.000000 8.800000 0.998483 0.304110 0.493346
16.800001 20.000000 9.600000 0.999630 0.302683 0.495289
17.600000 0.000000 0.000000 0.982520 0.501316 0.457845
17.600000 0.000000 0.800000 0.972378 0.518501 0.446496
17.600000 0.000000 1.600000 0.981360 0.535363 0.433939
17.600000 0.000000 2.400000 0.994982 0.551792 0.420847
17.600000 0.000000 3.200000 0.999329 0.567626 0.408274
17.600000 0.000000 4.000000 0.999684 0.582625 0.397599
17.600000 0.000000 4.800000 0.999949 0.596424 0.390322
17.600000 0.000000 5.600000 0.999998 0.608481 0.387714
17.600000 0.000000 6.400000 1.000000 0.618021 0.390438
17.600000 0.000000 7.200000 1.000000 0.624091 0.398292
17.600000 0.000000 8.000000 1.000000 0.625833 0.410213
17.600000 0.000000 8.800000 1.000000 0.622953 0.424562
17.600000 0.000000 9.600000 1.000000 0.615925 0.439564
17.600000 0.800000 0.000000 0.918654 0.507363 0.456091
17.600000 0.800000 0.800000 0.879277 0.525142 0.444315
17.600000 0.800000 1.600000 0.913979 0.542714 0.431296
17.600000 0.800000 2.400000 0.973146 0.560003 0.417741
17.600000 0.800000 3.200000 0.980103 0.576889 0.404753
17.600000 0.800000 4.000000 0.989579 0.593180 0.393772
17.600000 0.800000 4.800000 0.997938 0.608559 0.386352
17.600000 0.800000 5.600000 0.999871 0.622480 0.383803
17.600000 0.800000 6.400000 0.999998 0.634014 0.386790
17.600000 0.800000 7.200000 1.000000 0.641726 0.395076
17.600000 0.800000 8.000000 1.000000 0.644015 0.407533
17.600000 0.800000 8.800000 1.000000 0.640252 0.422449
17.600000 0.800000 9.600000 1.000000 0.631428 0.437982
17.600000 1.600000 0.000000 0.845161 0.511747 0.454781
17.600000 1.600000 0.800000 0.778719 0.529983 0.442691
17.600000 1.600000 1.600000 0.837079 0.548114 0.429333
17.600000 1.600000 2.400000 0.873000 0.566098 0.415442
17.600000 1.600000 3.200000 0.847437 0.583867 0.402161
17.600000 1.600000 4.000000 0.910149 0.601304 0.390978
17.600000 1.600000 4.800000 0.977639 0.618195 0.383493
17.600000 1.600000 5.600000 0.998174 0.634122 0.381040
17.600000 1.600000 6.400000 0.999961 0.648187 0.384282
17.600000 1.600000 7.200000 1.000000 0.658451 0.392941
17.600000 1.600000 8.000000 1.000000 0.661727 0.405833
17.600000 1.600000 8.800000 1.000000 0.656408 0.421183
17.600000 1.600000 9.600000 1.000000 0.644931 0.437099
17.600000 2.400000 0.000000 0.856305 0.514348 0.453954
17.600000 2.400000 0.800000 0.793630 0.532867 0.441670
17.600000 2.400000 1.600000 0.837958 0.551350 0.428105
17.600000 2.400000 2.400000 0.643359 0.569781 0.414011
17.600000 2.400000 3.200000 0.588241 0.588133 0.400563
17.600000 2.400000 4.000000 0.730309 0.606360 0.389287
17.600000 2.400000 4.800000 0.918214 0.624374 0.381814
17.600000 2.400000 5.600000 0.991687 0.641972 0.379493
17.600000 2.400000 6.400000 0.999786 0.658624 0.382974
17.600000 2.400000 7.200000 0.999991 0.672547 0.391940
17.600000 2.400000 8.000000 1.000000 0.677814 0.405156
17.600000 2.400000 8.800000 1.000000 0.669542 0.420796
17.600000 2.400000 9.600000 1.000000 0.654613 0.436937
17.600000 3.200000 0.000000 0.936509 0.515092 0.453631
17.600000 3.200000 0.800000 0.904617 0.533694 0.441279
17.600000 3.200000 1.600000 0.757922 0.552281 0.427640
17.600000 3.200000 2.400000 0.507331 0.570844 0.413479
17.600000 3.200000 3.200000 0.442156 0.589372 0.399993
17.600000 3.200000 4.000000 0.615249 0.607845 0.388732
17.600000 3.200000 4.800000 0.871994 0.626219 0.381347
17.600000 3.200000 5.600000 0.985649 0.644399 0.379190
17.600000 3.200000 6.400000 0.996924 0.662102 0.382888
17.600000 3.200000 7.200000 0.999400 0.678138 0.392088
17.600000 3.200000 8.000000 0.999964 0.685287 0.405508
17.600000 3.200000 8.800000 0.999999 0.674467 0.421290
17.600000 3.200000 9.600000 1.000000 0.657760 0.437495
17.600000 4.000000 0.000000 0.989126 0.513957 0.453817
17.600000 4.000000 0.800000 0.965280 0.532433 0.441523
17.600000 4.000000 1.600000 0.811540 0.550862 0.427943
17.600000 4.000000 2.400000 0.596447 0.569224 0.413850
17.600000 4.000000 3.200000 0.537230 0.587485 0.400452
17.600000 4.000000 4.000000 0.691378 0.605587 0.389312
17.600000 4.000000 4.800000 0.903304 0.623418 0.382087
17.600000 4.000000 5.600000 0.929327 0.640732 0.380119
17.600000 4.000000 6.400000 0.958154 0.656902 0.384008
17.600000 4.000000 7.200000 0.989907 0.670015 0.393363
17.600000 4.000000 8.000000 0.999201 0.674748 0.406866
17.600000 4.000000 8.800000 0.999983 0.667242 0.422638
17.600000 4.000000 9.600000 1.000000 0.653038 0.438745
17.600000 4.800000 0.000000 0.999444 0.510976 0.454503
17.600000 4.800000 0.800000 0.989460 0.529129 0.442387
17.600000 4.800000 1.600000 0.930387 0.547160 0.428996
17.600000 4.800000 2.400000 0.826705 0.565017 0.415102
17.600000 4.800000 3.200000 0.793837 0.582621 0.401914
17.600000 4.800000 4.000000 0.869725 0.599841 0.390995
17.600000 4.800000 4.800000 0.778496 0.616437 0.383995
17.600000 4.800000 5.600000 0.726891 0.631951 0.382235
17.600000 4.800000 6.400000 0.821631 0.645452 0.386282
17.600000 4.800000 7.200000 0.947422 0.655087 0.395709
17.600000 4.800000 8.000000 0.994741 0.658099 0.409171
17.600000 4.800000 8.800000 0.999863 0.653191 0.424785
17.600000 4.800000 9.600000 0.999999 0.642351 0.440638
17.600000 5.600000 0.000000 0.999423 0.506234 0.455660
17.600000 5.600000 0.800000 0.979567 0.523899 0.443837
17.600000 5.600000 1.600000 0.823778 0.541333 0.430758
17.600000 5.600000 2.400000 0.496967 0.558453 0.417185
17.600000 5.600000 3.200000 0.292133 0.575129 0.404320
17.600000 5.600000 4.000000 0.346707 0.591157 0.393713
17.600000 5.600000 4.800000 0.610150 0.606204 0.386996
17.600000 5.600000 5.600000 0.535156 0.619715 0.385457
17.600000 5.600000 6.400000 0.676309 0.630787 0.389626
17.600000 5.600000 7.200000 0.891750 0.638096 0.399040
17.600000 5.600000 8.000000 0.987546 0.640245 0.412341
17.600000 5.600000 8.800000 0.999632 0.636707 0.427655
17.600000 5.600000 9.600000 0.999965 0.628317 0.443106
17.600000 6.400000 0.000000 0.996571 0.499858 0.457250
17.600000 6.400000 0.800000 0.911864 0.516906 0.445823
17.600000 6.400000 1.600000 0.490981 0.533606 0.433167
17.600000 6.400000 2.400000 0.058076 0.549843 0.420028
17.600000 6.400000 3.200000 nan nan nan
17.600000 6.400000 4.000000 0.000722 0.580173 0.397378
17.600000 6.400000 4.800000 0.188722 0.593654 0.390992
17.600000 6.400000 5.600000 0.546684 0.605356 0.389680
17.600000 6.400000 6.400000 0.685500 0.614547 0.393929
17.600000 6.400000 7.200000 0.895575 0.620351 0.403247
17.600000 6.400000 8.000000 0.988079 0.622010 0.416269
17.600000 6.400000 8.800000 0.999056 0.619267 0.431150
17.600000 6.400000 9.600000 0.999366 0.612535 0.446065
17.600000 7.200000 0.000000 0.978780 0.491996 0.459219
17.600000 7.200000 0.800000 0.826162 0.508343 0.448282
17.600000 7.200000 1.600000 0.279294 0.524228 0.436149
17.600000 7.200000 2.400000 nan nan nan
17.600000 7.200000 3.200000 nan nan nan
17.600000 7.200000 4.000000 nan nan nan
17.600000 7.200000 4.800000 0.029634 0.579508 0.395862
17.600000 7.200000 5.600000 0.542837 0.589700 0.394776
17.600000 7.200000 6.400000 0.838637 0.597477 0.399061
17.600000 7.200000 7.200000 0.953269 0.602263 0.408201
17.600000 7.200000 8.000000 0.995418 0.603609 0.420835
17.600000 7.200000 8.800000 0.994853 0.601377 0.435161
17.600000 7.200000 9.600000 0.996453 0.595794 0.449421
17.600000 8.000000 0.000000 0.880485 0.482811 0.461508
17.600000 8.000000 0.800000 0.401793 0.498412 0.451140
17.600000 8.000000 1.600000 0.019455 0.513449 0.439614
17.600000 8.000000 2.400000 nan nan nan
17.600000 8.000000 3.200000 nan nan nan
17.600000 8.000000 4.000000 nan nan nan
17.600000 8.000000 4.800000 0.055687 0.564265 0.401469
17.600000 8.000000 5.600000 0.584235 0.573225 0.400601
17.600000 8.000000 6.400000 0.952132 0.579931 0.404877
17.600000 8.000000 7.200000 0.991922 0.583991 0.413759
17.600000 8.000000 8.000000 0.994048 0.585123 0.425906
17.600000 8.000000 8.800000 0.989708 0.583243 0.439570
17.600000 8.000000 9.600000 0.992814 0.578491 0.453074
17.600000 8.800000 0.000000 0.735573 0.472462 0.464050
17.600000 8.800000 0.800000 0.104853 0.487302 0.454314
17.600000 8.800000 1.600000 nan nan nan
17.600000 8.800000 2.400000 nan nan nan
17.600000 8.800000 3.200000 nan nan nan
17.600000 8.800000 4.000000 nan nan nan
17.600000 8.800000 4.800000 0.329925 0.548256 0.407666
17.600000 8.800000 5.600000 0.569465 0.556215 0.407004
17.600000 8.800000 6.400000 0.794170 0.562091 0.411224
17.600000 8.800000 7.200000 0.960867 0.565610 0.419776
17.600000 8.800000 8.000000 0.995237 0.566586 0.431347
17.600000 8.800000 8.800000 0.991711 0.564964 0.444259
17.600000 8.800000 9.600000 0.994237 0.560835 0.456925
17.600000 9.600000 0.000000 0.703395 0.461100 0.466776
17.600000 9.600000 0.800000 0.068596 0.475190 0.457721
17.600000 9.600000 1.600000 nan nan nan
17.600000 9.600000 2.400000 nan nan nan
17.600000 9.600000 3.200000 nan nan nan
17.600000 9.600000 4.000000 nan nan nan
17.600000 9.600000 4.800000 0.253330 0.531697 0.414304
17.600000 9.600000 5.600000 0.318898 0.538837 0.413830
17.600000 9.600000 6.400000 0.623635 0.544056 0.417948
17.600000 9.600000 7.200000 0.914440 0.547160 0.426103
17.600000 9.600000 8.000000 0.994506 0.548018 0.437023
17.600000 9.600000 8.800000 0.996642 0.546592 0.449109
17.600000 9.600000 9.600000 0.998224 0.542945 0.460876
17.600000 10.400001 0.000000 0.822611 0.448864 0.469617
17.600000 10.400001 0.800000 0.252358 0.462227 0.461277
17.600000 10.400001 1.600000 nan nan nan
17.600000 10.400001 2.400000 nan nan nan
17.600000 10.400001 3.200000 nan nan nan
17.600000 10.400001 4.000000 0.051248 0.506684 0.425561
17.600000 10.400001 4.800000 0.253331 0.514738 0.421232
17.600000 10.400001 5.600000 0.318898 0.521199 0.420925
17.600000 10.400001 6.400000 0.623635 0.525889 0.424899
17.600000 10.400001 7.200000 0.914440 0.528663 0.432599
17.600000 10.400001 8.000000 0.976765 0.529428 0.442806
17.600000 10.400001 8.800000 0.978385 0.528156 0.454011
17.600000 10.400001 9.600000 0.991682 0.524892 0.464836
17.600000 11.200000 0.000000 0.941758 0.435874 0.472507
17.600000 11.200000 0.800000 0.493552 0.448546 0.464900
17.600000 11.200000 1.600000 0.002725 0.460433 0.456354
17.600000 11.200000 2.400000 nan nan nan
17.600000 11.200000 3.200000 nan nan nan
17.600000 11.200000 4.000000 nan nan nan
17.600000 11.200000 4.800000 0.091006 0.497478 0.428306
17.600000 11.200000 5.600000 0.569465 0.503371 0.428142
17.600000 11.200000 6.400000 0.794170 0.507626 0.431932
17.600000 11.200000 7.200000 0.938604 0.510133 0.439130
17.600000 11.200000 8.000000 0.937286 0.510823 0.448577
17.600000 11.200000 8.800000 0.948118 0.509675 0.458865
17.600000 11.200000 9.600000 0.978779 0.506724 0.468726
17.600000 12.000000 0.000000 0.875090 0.422236 0.475384
17.600000 12.000000 0.800000 0.229661 0.434257 0.468515
17.600000 12.000000 1.600000 nan nan nan
17.600000 12.000000 2.400000 nan nan nan
17.600000 12.000000 3.200000 nan nan nan
17.600000 12.000000 4.000000 nan nan nan
17.600000 12.000000 4.800000 nan nan nan
17.600000 12.000000 5.600000 0.502108 0.485400 0.435345
17.600000 12.000000 6.400000 0.689066 0.489292 0.438917
17.600000 12.000000 7.200000 0.463780 0.491578 0.445575
17.600000 12.000000 8.000000 0.456908 0.492207 0.454231
17.600000 12.000000 8.800000 0.673834 0.491162 0.463583
17.600000 12.000000 9.600000 0.912868 0.488468 0.472476
17.600000 12.800000 0.000000 0.873332 0.408042 0.478195
17.600000 12.800000 0.800000 0.224652 0.419454 0.472055
17.600000 12.800000 1.600000 nan nan nan
17.600000 12.800000 2.400000 nan nan nan
17.600000 12.800000 3.200000 nan nan nan
17.600000 12.800000 4.000000 nan nan nan
17.600000 12.800000 4.800000 nan nan nan
17.600000 12.800000 5.600000 0.497317 0.467320 0.442411
17.600000 12.800000 6.400000 0.122295 0.470904 0.445735
17.600000 12.800000 7.200000 nan nan nan
17.600000 12.800000 8.000000 nan nan nan
17.600000 12.800000 8.800000 0.104985 0.472623 0.468091
17.600000 12.800000 9.600000 0.591434 0.470146 0.476030
17.600000 13.600000 0.000000 0.939011 0.393368 0.480891
17.600000 13.600000 0.800000 0.479009 0.404213 0.475459
17.600000 13.600000 1.600000 0.000870 0.414250 0.469297
17.600000 13.600000 2.400000 nan nan nan
17.600000 13.600000 3.200000 nan nan nan
17.600000 13.600000 4.000000 nan nan nan
17.600000 13.600000 4.800000 0.079749 0.444508 0.449108
17.600000 13.600000 5.600000 0.281723 0.449154 0.449229
17.600000 13.600000 6.400000 nan nan nan
17.600000 13.600000 7.200000 nan nan nan
17.600000 13.600000 8.000000 nan nan nan
17.600000 13.600000 8.800000 nan nan nan
17.600000 13.600000 9.600000 0.246157 0.451773 0.479344
17.600000 14.400001 0.000000 0.988365 0.378280 0.483434
17.600000 14.400001 0.800000 0.836878 0.388599 0.478682
17.600000 14.400001 1.600000 0.391227 0.398116 0.473270
17.600000 14.400001 2.400000 0.071184 0.406752 0.467556
17.600000 14.400001 3.200000 0.023696 0.414428 0.462155
17.600000 14.400001 4.000000 0.143160 0.421063 0.457877
17.600000 14.400001 4.800000 0.164008 0.426583 0.455539
17.600000 14.400001 5.600000 0.185683 0.430919 0.455709
17.600000 14.400001 6.400000 nan nan nan
17.600000 14.400001 7.200000 nan nan nan
17.600000 14.400001 8.000000 nan nan nan
17.600000 14.400001 8.800000 nan nan nan
17.600000 14.400001 9.600000 0.153131 0.433359 0.482389
17.600000 15.200000 0.000000 0.999317 0.362833 0.485796
17.600000 15.200000 0.800000 0.984252 0.372665 0.481683
17.600000 15.200000 1.600000 0.897424 0.381705 0.476983
17.600000 15.200000 2.400000 0.747797 0.389884 0.472008
17.600000 15.200000 3.200000 0.323253 0.397132 0.467302
17.600000 15.200000 4.000000 0.025861 0.403380 0.463583
17.600000 15.200000 4.800000 0.000470 0.408565 0.461576
17.600000 15.200000 5.600000 0.062952 0.412629 0.461776
17.600000 15.200000 6.400000 nan nan nan
17.600000 15.200000 7.200000 nan nan nan
17.600000 15.200000 8.000000 nan nan nan
17.600000 15.200000 8.800000 nan nan nan
17.600000 15.200000 9.600000 0.310675 0.414912 0.485144
17.600000 16.000000 0.000000 0.997010 0.347075 0.487956
17.600000 16.000000 0.800000 0.981429 0.356456 0.484436
17.600000 16.000000 1.600000 0.956898 0.365058 0.480400
17.600000 16.000000 2.400000 0.786795 0.372820 0.476118
17.600000 16.000000 3.200000 0.272770 0.379682 0.472064
17.600000 16.000000 4.000000 0.008133 0.385583 0.468867
17.600000 16.000000 4.800000 nan nan nan
17.600000 16.000000 5.600000 0.034011 0.394293 0.467375
17.600000 16.000000 6.400000 0.163705 0.397013 0.469568
17.600000 16.000000 7.200000 0.000137 0.398598 0.473373
17.600000 16.000000 8.000000 nan nan nan
17.600000 16.000000 8.800000 0.073723 0.398310 0.483071
17.600000 16.000000 9.600000 0.528502 0.396439 0.487603
17.600000 16.800001 0.000000 0.987198 0.331045 0.489902
17.600000 16.800001 0.800000 0.932236 0.340008 0.486925
17.600000 16.800001 1.600000 0.857834 0.348208 0.483499
17.600000 16.800001 2.400000 0.857001 0.355591 0.479856
17.600000 16.800001 3.200000 0.482516 0.362102 0.476405
17.600000 16.800001 4.000000 0.134057 0.367691 0.473687
17.600000 16.800001 4.800000 0.060833 0.372311 0.472251
17.600000 16.800001 5.600000 0.194876 0.375920 0.472467
17.600000 16.800001 6.400000 0.602173 0.378484 0.474377
17.600000 16.800001 7.200000 0.335208 0.379977 0.477657
17.600000 16.800001 8.000000 0.297737 0.380386 0.481725
17.600000 16.800001 8.800000 0.517798 0.379706 0.485936
17.600000 16.800001 9.600000 0.840924 0.377943 0.489767
17.600000 17.600000 0.000000 0.978767 0.314778 0.491630
17.600000 17.600000 0.800000 0.895116 0.323354 0.489141
17.600000 17.600000 1.600000 0.789612 0.331183 0.486269
17.600000 17.600000 2.400000 0.788466 0.338218 0.483207
17.600000 17.600000 3.200000 0.818533 0.344411 0.480303
17.600000 17.600000 4.000000 0.585055 0.349718 0.478020
17.600000 17.600000 4.800000 0.498723 0.354098 0.476826
17.600000 17.600000 5.600000 0.639568 0.357515 0.477033
17.600000 17.600000 6.400000 0.872802 0.359940 0.478673
17.600000 17.600000 7.200000 0.865229 0.361352 0.481464
17.600000 17.600000 8.000000 0.851195 0.361738 0.484905
17.600000 17.600000 8.800000 0.920092 0.361095 0.488446
17.600000 17.600000 9.600000 0.982362 0.359428 0.491646
17.600000 18.400000 0.000000 0.985206 0.298302 0.493142
17.600000 18.400000 0.800000 0.923157 0.306519 0.491087
17.600000 18.400000 1.600000 0.840736 0.314007 0.488709
17.600000 18.400000 2.400000 0.839820 0.320723 0.486167
17.600000 18.400000 3.200000 0.921677 0.326626 0.483754
17.600000 18.400000 4.000000 0.935862 0.331676 0.481859
17.600000 18.400000 4.800000 0.914887 0.335839 0.480876
17.600000 18.400000 5.600000 0.947589 0.339082 0.481068
17.600000 18.400000 6.400000 0.986615 0.341383 0.482456
17.600000 18.400000 7.200000 0.994181 0.342722 0.484799
17.600000 18.400000 8.000000 0.993369 0.343088 0.487673
17.600000 18.400000 8.800000 0.997028 0.342478 0.490614
17.600000 18.400000 9.600000 0.999411 0.340898 0.493256
17.600000 19.200001 0.000000 0.995918 0.281642 0.494446
17.600000 19.200001 0.800000 0.975410 0.289525 0.492771
17.600000 19.200001 1.600000 0.943996 0.296697 0.490826
17.600000 19.200001 2.400000 0.943626 0.303121 0.488743
17.600000 19.200001 3.200000 0.974882 0.308758 0.486764
17.600000 19.200001 4.000000 0.995755 0.313575 0.485210
17.600000 19.200001 4.800000 0.996766 0.317540 0.484410
17.600000 19.200001 5.600000 0.998233 0.320627 0.484581
17.600000 19.200001 6.400000 0.999654 0.322815 0.485740
17.600000 19.200001 7.200000 0.999691 0.324088 0.487681
17.600000 19.200001 8.000000 0.999432 0.324436 0.490049
17.600000 19.200001 8.800000 0.999625 0.323857 0.492461
17.600000 19.200001 9.600000 0.999914 0.322354 0.494616
17.600000 20.000000 0.000000 0.999622 0.264820 0.495555
17.600000 20.000000 0.800000 0.997231 0.272392 0.494206
17.600000 20.000000 1.600000 0.992890 0.279272 0.492637
17.600000 20.000000 2.400000 0.992835 0.285425 0.490952
17.600000 20.000000 3.200000 0.997163 0.290819 0.489349
17.600000 20.000000 4.000000 0.999606 0.295422 0.488092
17.600000 20.000000 4.800000 0.999977 0.299208 0.487449
17.600000 20.000000 5.600000 0.999989 0.302153 0.487597
17.600000 20.000000 6.400000 0.999998 0.304238 0.488549
17.600000 20.000000 7.200000 0.999985 0.305451 0.490134
17.600000 20.000000 8.000000 0.999972 0.305783 0.492061
17.600000 20.000000 8.800000 0.999982 0.305231 0.494014
17.600000 20.000000 9.600000 0.999996 0.303799 0.495750
18.400000 0.000000 0.000000 0.999694 0.501792 0.461331
18.400000 0.000000 0.800000 0.999470 0.519023 0.450803
18.400000 0.000000 1.600000 0.999670 0.535938 0.439142
18.400000 0.000000 2.400000 0.999929 0.552431 0.426978
18.400000 0.000000 3.200000 0.999988 0.568342 0.415289
18.400000 0.000000 4.000000 0.999995 0.583433 0.405349
18.400000 0.000000 4.800000 0.999999 0.597341 0.398532
18.400000 0.000000 5.600000 1.000000 0.609519 0.396005
18.400000 0.000000 6.400000 1.000000 0.619182 0.398379
18.400000 0.000000 7.200000 1.000000 0.625346 0.405477
18.400000 0.000000 8.000000 1.000000 0.627118 0.416345
18.400000 0.000000 8.800000 1.000000 0.624190 0.429498
18.400000 0.000000 9.600000 1.000000 0.617057 0.443317
18.400000 0.800000 0.000000 0.997968 0.507855 0.459763
18.400000 0.800000 0.800000 0.996601 0.525683 0.448849
18.400000 0.800000 1.600000 0.997817 0.543316 0.436773
18.400000 0.800000 2.400000 0.999488 0.560680 0.424194
18.400000 0.800000 3.200000 0.999427 0.577659 0.412135
18.400000 0.800000 4.000000 0.999731 0.594069 0.401920
18.400000 0.800000 4.800000 0.999957 0.609598 0.394978
18.400000 0.800000 5.600000 0.999998 0.623709 0.392505
18.400000 0.800000 6.400000 1.000000 0.635462 0.395115
18.400000 0.800000 7.200000 1.000000 0.643372 0.402601
18.400000 0.800000 8.000000 1.000000 0.645729 0.413947
18.400000 0.800000 8.800000 1.000000 0.641856 0.427605
18.400000 0.800000 9.600000 1.000000 0.632820 0.441898
18.400000 1.600000 0.000000 0.995256 0.512249 0.458607
18.400000 1.600000 0.800000 0.992219 0.530539 0.447415
18.400000 1.600000 1.600000 0.994916 0.548738 0.435041
18.400000 1.600000 2.400000 0.994394 0.566806 0.422167
18.400000 1.600000 3.200000 0.992866 0.584684 0.409851
18.400000 1.600000 4.000000 0.996406 0.602266 0.399463
18.400000 1.600000 4.800000 0.999342 0.619359 0.392468
18.400000 1.600000 5.600000 0.999963 0.635573 0.390087
18.400000 1.600000 6.400000 0.999999 0.650044 0.392927
18.400000 1.600000 7.200000 1.000000 0.660792 0.400745
18.400000 1.600000 8.000000 1.000000 0.664281 0.412476
18.400000 1.600000 8.800000 1.000000 0.658633 0.426515
18.400000 1.600000 9.600000 1.000000 0.646675 0.441143
18.400000 2.400000 0.000000 0.995712 0.514858 0.457896
18.400000 2.400000 0.800000 0.992949 0.533434 0.446541
18.400000 2.400000 1.600000 0.992270 0.551988 0.433991
18.400000 2.400000 2.400000 0.976538 0.570509 0.420947
18.400000 2.400000 3.200000 0.970752 0.588981 0.408495
18.400000 2.400000 4.000000 0.984417 0.607375 0.398037
18.400000 2.400000 4.800000 0.996809 0.625634 0.391064
18.400000 2.400000 5.600000 0.999793 0.643624 0.388809
18.400000 2.400000 6.400000 0.999996 0.660975 0.391865
18.400000 2.400000 7.200000 1.000000 0.676238 0.399955
18.400000 2.400000 8.000000 1.000000 0.682588 0.411968
18.400000 2.400000 8.800000 1.000000 0.672822 0.426255
18.400000 2.400000 9.600000 1.000000 0.656745 0.441070
18.400000 3.200000 0.000000 0.998518 0.515604 0.457650
18.400000 3.200000 0.800000 0.997504 0.534264 0.446248
18.400000 3.200000 1.600000 0.986625 0.552922 0.433648
18.400000 3.200000 2.400000 0.960976 0.571578 0.420563
18.400000 3.200000 3.200000 0.951797 0.590230 0.408096
18.400000 3.200000 4.000000 0.973669 0.608876 0.397669
18.400000 3.200000 4.800000 0.994336 0.627511 0.390790
18.400000 3.200000 5.600000 0.999610 0.646125 0.388691
18.400000 3.200000 6.400000 0.999939 0.664684 0.391945
18.400000 3.200000 7.200000 0.999990 0.683003 0.400240
18.400000 3.200000 8.000000 1.000000 0.694760 0.412425
18.400000 3.200000 8.800000 1.000000 0.678485 0.426823
18.400000 3.200000 9.600000 1.000000 0.660060 0.441675
18.400000 4.000000 0.000000 0.999826 0.514465 0.457872
18.400000 4.000000 0.800000 0.998888 0.532998 0.446539
18.400000 4.000000 1.600000 0.990529 0.551497 0.434014
18.400000 4.000000 2.400000 0.971656 0.569948 0.421014
18.400000 4.000000 3.200000 0.964781 0.588328 0.408650
18.400000 4.000000 4.000000 0.981068 0.606594 0.398354
18.400000 4.000000 4.800000 0.996054 0.624662 0.391637
18.400000 4.000000 5.600000 0.997563 0.642349 0.389719
18.400000 4.000000 6.400000 0.998724 0.659154 0.393147
18.400000 4.000000 7.200000 0.999764 0.673353 0.401576
18.400000 4.000000 8.000000 0.999987 0.678820 0.413821
18.400000 4.000000 8.800000 1.000000 0.670267 0.428190
18.400000 4.000000 9.600000 1.000000 0.655096 0.442930
18.400000 4.800000 0.000000 0.999992 0.511476 0.458549
18.400000 4.800000 0.800000 0.999727 0.529684 0.447399
18.400000 4.800000 1.600000 0.997393 0.547779 0.435069
18.400000 4.800000 2.400000 0.989581 0.565719 0.422274
18.400000 4.800000 3.200000 0.979140 0.583429 0.410127
18.400000 4.800000 4.000000 0.982541 0.600789 0.400055
18.400000 4.800000 4.800000 0.989092 0.617576 0.393561
18.400000 4.800000 5.600000 0.985334 0.633354 0.391843
18.400000 4.800000 6.400000 0.991896 0.647213 0.395417
18.400000 4.800000 7.200000 0.998312 0.657244 0.403904
18.400000 4.800000 8.000000 0.999888 0.660419 0.416096
18.400000 4.800000 8.800000 0.999998 0.655255 0.430301
18.400000 4.800000 9.600000 1.000000 0.644014 0.444786
18.400000 5.600000 0.000000 0.999960 0.506723 0.459657
18.400000 5.600000 0.800000 0.997999 0.524436 0.448794
18.400000 5.600000 1.600000 0.974614 0.541930 0.436772
18.400000 5.600000 2.400000 0.895472 0.559123 0.424296
18.400000 5.600000 3.200000 0.817948 0.575889 0.412470
18.400000 5.600000 4.000000 0.841708 0.592029 0.402707
18.400000 5.600000 4.800000 0.934446 0.607217 0.396490
18.400000 5.600000 5.600000 0.967057 0.620901 0.394984
18.400000 5.600000 6.400000 0.981206 0.632167 0.398671
18.400000 5.600000 7.200000 0.995809 0.639642 0.407139
18.400000 5.600000 8.000000 0.999698 0.641849 0.419169
18.400000 5.600000 8.800000 0.999994 0.638218 0.433079
18.400000 5.600000 9.600000 1.000000 0.629648 0.447173
18.400000 6.400000 0.000000 0.999724 0.500330 0.461156
18.400000 6.400000 0.800000 0.989115 0.517423 0.450676
18.400000 6.400000 1.600000 0.893592 0.534175 0.439064
18.400000 6.400000 2.400000 0.656275 0.550473 0.427011
18.400000 6.400000 3.200000 0.478985 0.566151 0.415600
18.400000 6.400000 4.000000 0.529132 0.580964 0.406222
18.400000 6.400000 4.800000 0.763319 0.594546 0.400325
18.400000 6.400000 5.600000 0.951714 0.606360 0.399038
18.400000 6.400000 6.400000 0.981990 0.615660 0.402801
18.400000 6.400000 7.200000 0.995999 0.621547 0.411174
18.400000 6.400000 8.000000 0.999713 0.623231 0.422937
18.400000 6.400000 8.800000 0.999995 0.620446 0.436431
18.400000 6.400000 9.600000 0.999998 0.613622 0.450013
18.400000 7.200000 0.000000 0.996879 0.492451 0.462997
18.400000 7.200000 0.800000 0.964636 0.508837 0.452983
18.400000 7.200000 1.600000 0.811928 0.524767 0.441872
18.400000 7.200000 2.400000 0.472907 0.540103 0.430333
18.400000 7.200000 3.200000 0.266583 0.554658 0.419420
18.400000 7.200000 4.000000 0.320961 0.568173 0.410491
18.400000 7.200000 4.800000 0.616247 0.580295 0.404951
18.400000 7.200000 5.600000 0.909276 0.590560 0.403881
18.400000 7.200000 6.400000 0.968125 0.598403 0.407679
18.400000 7.200000 7.200000 0.995647 0.603234 0.415885
18.400000 7.200000 8.000000 0.999829 0.604595 0.427281
18.400000 7.200000 8.800000 0.999974 0.602340 0.440251
18.400000 7.200000 9.600000 0.999983 0.596705 0.453213
18.400000 8.000000 0.000000 0.977461 0.483246 0.465123
18.400000 8.000000 0.800000 0.817717 0.498881 0.455647
18.400000 8.000000 1.600000 0.500362 0.513956 0.445114
18.400000 8.000000 2.400000 0.312784 0.528324 0.434165
18.400000 8.000000 3.200000 0.314506 0.541792 0.423821
18.400000 8.000000 4.000000 0.369066 0.554110 0.415393
18.400000 8.000000 4.800000 0.384747 0.564964 0.410236
18.400000 8.000000 5.600000 0.449245 0.573973 0.409376
18.400000 8.000000 6.400000 0.718205 0.580721 0.413169
18.400000 8.000000 7.200000 0.941672 0.584808 0.421136
18.400000 8.000000 8.000000 0.996560 0.585949 0.432077
18.400000 8.000000 8.800000 0.999940 0.584055 0.444427
18.400000 8.000000 9.600000 0.999961 0.579271 0.456680
18.400000 8.800000 0.000000 0.940441 0.472877 0.467473
18.400000 8.800000 0.800000 0.622506 0.487747 0.458592
18.400000 8.800000 1.600000 0.193957 0.501973 0.448699
18.400000 8.800000 2.400000 0.044543 0.515406 0.438403
18.400000 8.800000 3.200000 0.091361 0.527860 0.428684
18.400000 8.800000 4.000000 0.080194 0.539108 0.420800
18.400000 8.800000 4.800000 0.000149 0.548880 0.416041
18.400000 8.800000 5.600000 0.011565 0.556873 0.415379
18.400000 8.800000 6.400000 0.253331 0.562778 0.419126
18.400000 8.800000 7.200000 0.758460 0.566315 0.426788
18.400000 8.800000 8.000000 0.979073 0.567297 0.437195
18.400000 8.800000 8.800000 0.999627 0.565666 0.448846
18.400000 8.800000 9.600000 0.999970 0.561515 0.460317
18.400000 9.600000 0.000000 0.931010 0.461496 0.469983
18.400000 9.600000 0.800000 0.581728 0.475611 0.461739
18.400000 9.600000 1.600000 0.148649 0.489016 0.452533
18.400000 9.600000 2.400000 0.020571 0.501570 0.442940
18.400000 9.600000 3.200000 0.057208 0.513100 0.433889
18.400000 9.600000 4.000000 nan nan nan
18.400000 9.600000 4.800000 nan nan nan
18.400000 9.600000 5.600000 nan nan nan
18.400000 9.600000 6.400000 0.039225 0.544664 0.425404
18.400000 9.600000 7.200000 0.569466 0.547780 0.432703
18.400000 9.600000 8.000000 0.952132 0.548641 0.442510
18.400000 9.600000 8.800000 0.998977 0.547209 0.453397
18.400000 9.600000 9.600000 0.999992 0.543548 0.464033
18.400000 10.400001 0.000000 0.963753 0.449240 0.472590
18.400000 10.400001 0.800000 0.737325 0.462625 0.465012
18.400000 10.400001 1.600000 0.354917 0.475255 0.456526
18.400000 10.400001 2.400000 0.167746 0.486996 0.447669
18.400000 10.400001 3.200000 0.235038 0.497694 0.439316
18.400000 10.400001 4.000000 nan nan nan
18.400000 10.400001 4.800000 nan nan nan
18.400000 10.400001 5.600000 nan nan nan
18.400000 10.400001 6.400000 0.039226 0.526433 0.431863
18.400000 10.400001 7.200000 0.569466 0.529216 0.438748
18.400000 10.400001 8.000000 0.952132 0.529983 0.447902
18.400000 10.400001 8.800000 0.998977 0.528707 0.457978
18.400000 10.400001 9.600000 0.999920 0.525433 0.467744
18.400000 11.200000 0.000000 0.982245 0.436232 0.475234
18.400000 11.200000 0.800000 0.775720 0.448922 0.468335
18.400000 11.200000 1.600000 0.264442 0.460827 0.460588
18.400000 11.200000 2.400000 0.009177 0.471825 0.452487
18.400000 11.200000 3.200000 nan nan nan
18.400000 11.200000 4.000000 0.049504 0.490536 0.438725
18.400000 11.200000 4.800000 0.000149 0.497945 0.435186
18.400000 11.200000 5.600000 0.011565 0.503852 0.435004
18.400000 11.200000 6.400000 0.253331 0.508118 0.438372
18.400000 11.200000 7.200000 0.758460 0.510631 0.444801
18.400000 11.200000 8.000000 0.979073 0.511323 0.453260
18.400000 11.200000 8.800000 0.995312 0.510173 0.462496
18.400000 11.200000 9.600000 0.999310 0.507213 0.471376
18.400000 12.000000 0.000000 0.958294 0.422577 0.477859
18.400000 12.000000 0.800000 0.591069 0.434613 0.471641
18.400000 12.000000 1.600000 0.042497 0.445847 0.464637
18.400000 12.000000 2.400000 nan nan nan
18.400000 12.000000 3.200000 nan nan nan
18.400000 12.000000 4.000000 nan nan nan
18.400000 12.000000 4.800000 0.184245 0.480418 0.441703
18.400000 12.000000 5.600000 0.449245 0.485841 0.441636
18.400000 12.000000 6.400000 0.718205 0.489741 0.444809
18.400000 12.000000 7.200000 0.836820 0.492032 0.450750
18.400000 12.000000 8.000000 0.833761 0.492662 0.458490
18.400000 12.000000 8.800000 0.917211 0.491615 0.466871
18.400000 12.000000 9.600000 0.983368 0.488915 0.474865
18.400000 12.800000 0.000000 0.957626 0.408366 0.480416
18.400000 12.800000 0.800000 0.586755 0.419791 0.474868
18.400000 12.800000 1.600000 0.039703 0.430407 0.468599
18.400000 12.800000 2.400000 nan nan nan
18.400000 12.800000 3.200000 nan nan nan
18.400000 12.800000 4.000000 nan nan nan
18.400000 12.800000 4.800000 0.179468 0.462717 0.448092
18.400000 12.800000 5.600000 0.777919 0.467726 0.448116
18.400000 12.800000 6.400000 0.623447 0.471317 0.451070
18.400000 12.800000 7.200000 0.377353 0.473422 0.456500
18.400000 12.800000 8.000000 0.370182 0.474000 0.463508
18.400000 12.800000 8.800000 0.606171 0.473039 0.471036
18.400000 12.800000 9.600000 0.888447 0.470558 0.478159
18.400000 13.600000 0.000000 0.981317 0.393676 0.482862
18.400000 13.600000 0.800000 0.767137 0.404533 0.477964
18.400000 13.600000 1.600000 0.249125 0.414580 0.472411
18.400000 13.600000 2.400000 0.005412 0.423731 0.466567
18.400000 13.600000 3.200000 nan nan nan
18.400000 13.600000 4.000000 0.040787 0.438971 0.456679
18.400000 13.600000 4.800000 0.433170 0.444879 0.454254
18.400000 13.600000 5.600000 0.742866 0.449531 0.454348
18.400000 13.600000 6.400000 0.285276 0.452857 0.457062
18.400000 13.600000 7.200000 0.053401 0.454804 0.461970
18.400000 13.600000 8.000000 0.049140 0.455337 0.468249
18.400000 13.600000 8.800000 0.263837 0.454449 0.474940
18.400000 13.600000 9.600000 0.720433 0.452154 0.481222
18.400000 14.400001 0.000000 0.996908 0.378573 0.485165
18.400000 14.400001 0.800000 0.943397 0.388903 0.480887
18.400000 14.400001 1.600000 0.712040 0.398429 0.476019
18.400000 14.400001 2.400000 0.421089 0.407075 0.470886
18.400000 14.400001 3.200000 0.336240 0.414759 0.466040
18.400000 14.400001 4.000000 0.509065 0.421402 0.462205
18.400000 14.400001 4.800000 0.812033 0.426929 0.460108
18.400000 14.400001 5.600000 0.677599 0.431271 0.460250
18.400000 14.400001 6.400000 0.188996 0.434368 0.462712
18.400000 14.400001 7.200000 0.009164 0.436178 0.467098
18.400000 14.400001 8.000000 0.007305 0.436674 0.472660
18.400000 14.400001 8.800000 0.169172 0.435849 0.478544
18.400000 14.400001 9.600000 0.651294 0.433714 0.484025
18.400000 15.200000 0.000000 0.999845 0.363113 0.487299
18.400000 15.200000 0.800000 0.995722 0.372954 0.483602
18.400000 15.200000 1.600000 0.966627 0.382002 0.479382
18.400000 15.200000 2.400000 0.905756 0.390189 0.474921
18.400000 15.200000 3.200000 0.871149 0.397444 0.470708
18.400000 15.200000 4.000000 0.685842 0.403699 0.467382
18.400000 15.200000 4.800000 0.612370 0.408890 0.465586
18.400000 15.200000 5.600000 0.730802 0.412958 0.465759
18.400000 15.200000 6.400000 0.350308 0.415856 0.467963
18.400000 15.200000 7.200000 0.097948 0.417547 0.471835
18.400000 15.200000 8.000000 0.092521 0.418010 0.476707
18.400000 15.200000 8.800000 0.328674 0.417239 0.481824
18.400000 15.200000 9.600000 0.759929 0.415244 0.486555
18.400000 16.000000 0.000000 0.999961 0.347343 0.489245
18.400000 16.000000 0.800000 0.999673 0.356731 0.486088
18.400000 16.000000 1.600000 0.998966 0.365340 0.482470
18.400000 16.000000 2.400000 0.976577 0.373109 0.478638
18.400000 16.000000 3.200000 0.852612 0.379977 0.475015
18.400000 16.000000 4.000000 0.649140 0.385884 0.472161
18.400000 16.000000 4.800000 0.570468 0.390776 0.470639
18.400000 16.000000 5.600000 0.697828 0.394602 0.470827
18.400000 16.000000 6.400000 0.716885 0.397325 0.472773
18.400000 16.000000 7.200000 0.502645 0.398912 0.476150
18.400000 16.000000 8.000000 0.486677 0.399346 0.480368
18.400000 16.000000 8.800000 0.674723 0.398623 0.484767
18.400000 16.000000 9.600000 0.905442 0.396750 0.488805
18.400000 16.800001 0.000000 0.999790 0.331302 0.490995
18.400000 16.800001 0.800000 0.998400 0.340271 0.488329
18.400000 16.800001 1.600000 0.995797 0.348477 0.485265
18.400000 16.800001 2.400000 0.988393 0.355865 0.482010
18.400000 16.800001 3.200000 0.917890 0.362382 0.478930
18.400000 16.800001 4.000000 0.785131 0.367976 0.476510
18.400000 16.800001 4.800000 0.728724 0.372599 0.475233
18.400000 16.800001 5.600000 0.818599 0.376211 0.475424
18.400000 16.800001 6.400000 0.929030 0.378778 0.477118
18.400000 16.800001 7.200000 0.837512 0.380273 0.480026
18.400000 16.800001 8.000000 0.821152 0.380682 0.483634
18.400000 16.800001 8.800000 0.902250 0.380001 0.487372
18.400000 16.800001 9.600000 0.977761 0.378236 0.490779
18.400000 17.600000 0.000000 0.999617 0.315024 0.492546
18.400000 17.600000 0.800000 0.997192 0.323605 0.490321
18.400000 17.600000 1.600000 0.992796 0.331440 0.487756
18.400000 17.600000 2.400000 0.992741 0.338479 0.485025
18.400000 17.600000 3.200000 0.981005 0.344677 0.482439
18.400000 17.600000 4.000000 0.941300 0.349988 0.480410
18.400000 17.600000 4.800000 0.921884 0.354371 0.479350
18.400000 17.600000 5.600000 0.952121 0.357791 0.479534
18.400000 17.600000 6.400000 0.987896 0.360218 0.480988
18.400000 17.600000 7.200000 0.981882 0.361631 0.483460
18.400000 17.600000 8.000000 0.979529 0.362017 0.486508
18.400000 17.600000 8.800000 0.990361 0.361374 0.489646
18.400000 17.600000 9.600000 0.998314 0.359706 0.492488
18.400000 18.400000 0.000000 0.999751 0.298538 0.493901
18.400000 18.400000 0.800000 0.998122 0.306759 0.492067
18.400000 18.400000 1.600000 0.995099 0.314252 0.489946
18.400000 18.400000 2.400000 0.995061 0.320972 0.487683
18.400000 18.400000 3.200000 0.998076 0.326879 0.485537
18.400000 18.400000 4.000000 0.994755 0.331933 0.483856
18.400000 18.400000 4.800000 0.992621 0.336098 0.482986
18.400000 18.400000 5.600000 0.995877 0.339344 0.483157
18.400000 18.400000 6.400000 0.999151 0.341647 0.484387
18.400000 18.400000 7.200000 0.999509 0.342986 0.486461
18.400000 18.400000 8.000000 0.999433 0.343353 0.489003
18.400000 18.400000 8.800000 0.999765 0.342743 0.491606
18.400000 18.400000 9.600000 0.999968 0.341161 0.493948
18.400000 19.200001 0.000000 0.999944 0.281868 0.495067
18.400000 19.200001 0.800000 0.999542 0.289756 0.493574
18.400000 19.200001 1.600000 0.998742 0.296932 0.491842
18.400000 19.200001 2.400000 0.998732 0.303359 0.489991
18.400000 19.200001 3.200000 0.999531 0.308999 0.488234
18.400000 19.200001 4.000000 0.999883 0.313819 0.486858
18.400000 19.200001 4.800000 0.999826 0.317787 0.486152
18.400000 19.200001 5.600000 0.999911 0.320877 0.486305
18.400000 19.200001 6.400000 0.999985 0.323066 0.487330
18.400000 19.200001 7.200000 0.999997 0.324339 0.489046
18.400000 19.200001 8.000000 0.999997 0.324688 0.491139
18.400000 19.200001 8.800000 0.999999 0.324108 0.493271
18.400000 19.200001 9.600000 1.000000 0.322605 0.495179
18.400000 20.000000 0.000000 0.999996 0.265037 0.496057
18.400000 20.000000 0.800000 0.999964 0.272613 0.494857
18.400000 20.000000 1.600000 0.999894 0.279497 0.493461
18.400000 20.000000 2.400000 0.999893 0.285653 0.491966
18.400000 20.000000 3.200000 0.999963 0.291050 0.490545
18.400000 20.000000 4.000000 0.999996 0.295655 0.489434
18.400000 20.000000 4.800000 0.999999 0.299443 0.488867
18.400000 20.000000 5.600000 1.000000 0.302390 0.489001
18.400000 20.000000 6.400000 1.000000 0.304477 0.489843
18.400000 20.000000 7.200000 1.000000 0.305691 0.491243
18.400000 20.000000 8.000000 1.000000 0.306022 0.492943
18.400000 20.000000 8.800000 1.000000 0.305470 0.494668
18.400000 20.000000 9.600000 1.000000 0.304038 0.496202
19.200001 0.000000 0.000000 0.999999 0.500515 0.465151
19.200001 0.000000 0.800000 0.999998 0.517625 0.455522
19.200001 0.000000 1.600000 0.999999 0.534398 0.444835
19.200001 0.000000 2.400000 1.000000 0.550720 0.433668
19.200001 0.000000 3.200000 1.000000 0.566427 0.422916
19.200001 0.000000 4.000000 1.000000 0.581275 0.413740
19.200001 0.000000 4.800000 1.000000 0.594897 0.407392
19.200001 0.000000 5.600000 1.000000 0.606755 0.404935
19.200001 0.000000 6.400000 1.000000 0.616099 0.406929
19.200001 0.000000 7.200000 1.000000 0.622019 0.413232
19.200001 0.000000 8.000000 1.000000 0.623714 0.422997
19.200001 0.000000 8.800000 1.000000 0.620911 0.434895
19.200001 0.000000 9.600000 1.000000 0.614050 0.447467
19.200001 0.800000 0.000000 0.999992 0.506538 0.463776
19.200001 0.800000 0.800000 0.999985 0.524232 0.453806
19.200001 0.800000 1.600000 0.999991 0.541704 0.442750
19.200001 0.800000 2.400000 0.999997 0.558869 0.431215
19.200001 0.800000 3.200000 0.999997 0.575601 0.420133
19.200001 0.800000 4.000000 0.999999 0.591698 0.410713
19.200001 0.800000 4.800000 1.000000 0.606832 0.404253
19.200001 0.800000 5.600000 1.000000 0.620450 0.401842
19.200001 0.800000 6.400000 1.000000 0.631641 0.404045
19.200001 0.800000 7.200000 1.000000 0.639052 0.410688
19.200001 0.800000 8.000000 1.000000 0.641236 0.420874
19.200001 0.800000 8.800000 1.000000 0.637641 0.433217
19.200001 0.800000 9.600000 1.000000 0.629141 0.446206
19.200001 1.600000 0.000000 0.999978 0.510902 0.462776
19.200001 1.600000 0.800000 0.999960 0.529048 0.452565
19.200001 1.600000 1.600000 0.999976 0.547068 0.441249
19.200001 1.600000 2.400000 0.999955 0.564913 0.429457
19.200001 1.600000 3.200000 0.999940 0.582502 0.418153
19.200001 1.600000 4.000000 0.999973 0.599701 0.408584
19.200001 1.600000 4.800000 0.999996 0.616269 0.402082
19.200001 1.600000 5.600000 1.000000 0.631745 0.399754
19.200001 1.600000 6.400000 1.000000 0.645196 0.402158
19.200001 1.600000 7.200000 1.000000 0.654777 0.409093
19.200001 1.600000 8.000000 1.000000 0.657766 0.419615
19.200001 1.600000 8.800000 1.000000 0.652893 0.432289
19.200001 1.600000 9.600000 1.000000 0.642108 0.445567
19.200001 2.400000 0.000000 0.999980 0.513491 0.462182
19.200001 2.400000 0.800000 0.999964 0.531916 0.451834
19.200001 2.400000 1.600000 0.999934 0.550282 0.440373
19.200001 2.400000 2.400000 0.999749 0.568562 0.428441
19.200001 2.400000 3.200000 0.999672 0.586717 0.417027
19.200001 2.400000 4.000000 0.999848 0.604673 0.407405
19.200001 2.400000 4.800000 0.999976 0.622294 0.400930
19.200001 2.400000 5.600000 0.999999 0.639287 0.398718
19.200001 2.400000 6.400000 1.000000 0.654935 0.401315
19.200001 2.400000 7.200000 1.000000 0.667251 0.408487
19.200001 2.400000 8.000000 1.000000 0.671521 0.419250
19.200001 2.400000 8.800000 1.000000 0.664694 0.432133
19.200001 2.400000 9.600000 1.000000 0.651227 0.445566
19.200001 3.200000 0.000000 0.999994 0.514232 0.462008
19.200001 3.200000 0.800000 0.999989 0.532739 0.451631
19.200001 3.200000 1.600000 0.999873 0.551205 0.440141
19.200001 3.200000 2.400000 0.999530 0.569615 0.428187
19.200001 3.200000 3.200000 0.999387 0.587940 0.416776
19.200001 3.200000 4.000000 0.999711 0.606131 0.407198
19.200001 3.200000 4.800000 0.999954 0.624089 0.400818
19.200001 3.200000 5.600000 0.999998 0.641602 0.398751
19.200001 3.200000 6.400000 1.000000 0.658106 0.401525
19.200001 3.200000 7.200000 1.000000 0.671773 0.408875
19.200001 3.200000 8.000000 1.000000 0.676863 0.419781
19.200001 3.200000 8.800000 1.000000 0.668843 0.432747
19.200001 3.200000 9.600000 1.000000 0.654141 0.446196
19.200001 4.000000 0.000000 0.999999 0.513102 0.462255
19.200001 4.000000 0.800000 0.999993 0.531484 0.451956
19.200001 4.000000 1.600000 0.999916 0.549797 0.440552
19.200001 4.000000 2.400000 0.999684 0.568010 0.428694
19.200001 4.000000 3.200000 0.999586 0.586077 0.417395
19.200001 4.000000 4.000000 0.999807 0.603913 0.407952
19.200001 4.000000 4.800000 0.999970 0.621364 0.401730
19.200001 4.000000 5.600000 0.999984 0.638101 0.399834
19.200001 4.000000 6.400000 0.999993 0.653350 0.402766
19.200001 4.000000 7.200000 0.999999 0.665101 0.410228
19.200001 4.000000 8.000000 1.000000 0.669073 0.421175
19.200001 4.000000 8.800000 1.000000 0.662692 0.434099
19.200001 4.000000 9.600000 1.000000 0.649758 0.447428
19.200001 4.800000 0.000000 1.000000 0.510134 0.462912
19.200001 4.800000 0.800000 0.999998 0.528199 0.452794
19.200001 4.800000 1.600000 0.999948 0.546120 0.441585
19.200001 4.800000 2.400000 0.999658 0.563841 0.429934
19.200001 4.800000 3.200000 0.999235 0.581271 0.418851
19.200001 4.800000 4.000000 0.999379 0.598262 0.409630
19.200001 4.800000 4.800000 0.999821 0.614550 0.403624
19.200001 4.800000 5.600000 0.999871 0.629647 0.401917
19.200001 4.800000 6.400000 0.999937 0.642604 0.404981
19.200001 4.800000 7.200000 0.999990 0.651668 0.412490
19.200001 4.800000 8.000000 1.000000 0.654453 0.423377
19.200001 4.800000 8.800000 1.000000 0.649901 0.436136
19.200001 4.800000 9.600000 1.000000 0.639649 0.449214
19.200001 5.600000 0.000000 0.999999 0.505413 0.463952
19.200001 5.600000 0.800000 0.999947 0.522996 0.454111
19.200001 5.600000 1.600000 0.999037 0.540332 0.443200
19.200001 5.600000 2.400000 0.994592 0.557332 0.431860
19.200001 5.600000 3.200000 0.988878 0.573859 0.421090
19.200001 5.600000 4.000000 0.990760 0.589702 0.412168
19.200001 5.600000 4.800000 0.996981 0.604519 0.406428
19.200001 5.600000 5.600000 0.999653 0.617754 0.404922
19.200001 5.600000 6.400000 0.999826 0.628521 0.408091
19.200001 5.600000 7.200000 0.999971 0.635573 0.415578
19.200001 5.600000 8.000000 0.999999 0.637635 0.426307
19.200001 5.600000 8.800000 1.000000 0.634236 0.438782
19.200001 5.600000 9.600000 1.000000 0.626127 0.451488
19.200001 6.400000 0.000000 0.999994 0.499063 0.465340
19.200001 6.400000 0.800000 0.999641 0.516037 0.455862
19.200001 6.400000 1.600000 0.994468 0.532651 0.445342
19.200001 6.400000 2.400000 0.973005 0.548785 0.434406
19.200001 6.400000 3.200000 0.948427 0.564268 0.424034
19.200001 6.400000 4.000000 0.956282 0.578850 0.415480
19.200001 6.400000 4.800000 0.984123 0.592165 0.410047
19.200001 6.400000 5.600000 0.989134 0.603687 0.408749
19.200001 6.400000 6.400000 0.996560 0.612701 0.411990
19.200001 6.400000 7.200000 0.999627 0.618375 0.419388
19.200001 6.400000 8.000000 0.999989 0.619992 0.429865
19.200001 6.400000 8.800000 1.000000 0.617316 0.441949
19.200001 6.400000 9.600000 1.000000 0.610731 0.454173
19.200001 7.200000 0.000000 0.999864 0.491231 0.467031
19.200001 7.200000 0.800000 0.997853 0.507514 0.457990
19.200001 7.200000 1.600000 0.988384 0.523324 0.447942
19.200001 7.200000 2.400000 0.947419 0.538523 0.437492
19.200001 7.200000 3.200000 0.903534 0.552922 0.427593
19.200001 7.200000 4.000000 0.825570 0.566261 0.419466
19.200001 7.200000 4.800000 0.718205 0.578192 0.414371
19.200001 7.200000 5.600000 0.758459 0.588264 0.413281
19.200001 7.200000 6.400000 0.897039 0.595934 0.416559
19.200001 7.200000 7.200000 0.983127 0.600645 0.423803
19.200001 7.200000 8.000000 0.999203 0.601969 0.433940
19.200001 7.200000 8.800000 0.999991 0.599773 0.445537
19.200001 7.200000 9.600000 1.000000 0.594275 0.457184
19.200001 8.000000 0.000000 0.998731 0.482078 0.468971
19.200001 8.000000 0.800000 0.983890 0.497623 0.460431
19.200001 8.000000 1.600000 0.933149 0.512596 0.450924
19.200001 8.000000 2.400000 0.884843 0.526851 0.441028
19.200001 8.000000 3.200000 0.623635 0.540195 0.431664
19.200001 8.000000 4.000000 0.190055 0.552380 0.424010
19.200001 8.000000 4.800000 0.039225 0.563096 0.419278
19.200001 8.000000 5.600000 0.080194 0.571974 0.418389
19.200001 8.000000 6.400000 0.384746 0.578611 0.421668
19.200001 8.000000 7.200000 0.825571 0.582624 0.428695
19.200001 8.000000 8.000000 0.986439 0.583744 0.438414
19.200001 8.000000 8.800000 0.999778 0.581886 0.449440
19.200001 8.000000 9.600000 0.999999 0.577186 0.460430
19.200001 8.800000 0.000000 0.996008 0.471762 0.471105
19.200001 8.800000 0.800000 0.956296 0.486554 0.463116
19.200001 8.800000 1.600000 0.840814 0.500695 0.454203
19.200001 8.800000 2.400000 0.743878 0.514035 0.444917
19.200001 8.800000 3.200000 0.131445 0.526391 0.436138
19.200001 8.800000 4.000000 nan nan nan
19.200001 8.800000 4.800000 nan nan nan
19.200001 8.800000 5.600000 nan nan nan
19.200001 8.800000 6.400000 0.000149 0.560939 0.427181
19.200001 8.800000 7.200000 0.449244 0.564429 0.433934
19.200001 8.800000 8.000000 0.929209 0.565397 0.443167
19.200001 8.800000 8.800000 0.998327 0.563789 0.453551
19.200001 8.800000 9.600000 0.999993 0.559694 0.463823
19.200001 9.600000 0.000000 0.995232 0.460434 0.473376
19.200001 9.600000 0.800000 0.949139 0.474482 0.465974
19.200001 9.600000 1.600000 0.819028 0.487816 0.457696
19.200001 9.600000 2.400000 0.569465 0.500295 0.449062
19.200001 9.600000 3.200000 0.000149 0.511746 0.440904
19.200001 9.600000 4.000000 nan nan nan
19.200001 9.600000 4.800000 nan nan nan
19.200001 9.600000 5.600000 nan nan nan
19.200001 9.600000 6.400000 nan nan nan
19.200001 9.600000 7.200000 0.190055 0.546121 0.439393
19.200001 9.600000 8.000000 0.852957 0.546972 0.448081
19.200001 9.600000 8.800000 0.995647 0.545556 0.457770
19.200001 9.600000 9.600000 0.999980 0.541933 0.467276
19.200001 10.400001 0.000000 0.997790 0.448230 0.475726
19.200001 10.400001 0.800000 0.973780 0.461558 0.468934
19.200001 10.400001 1.600000 0.897444 0.474128 0.461319
19.200001 10.400001 2.400000 0.569465 0.485807 0.453364
19.200001 10.400001 3.200000 0.000149 0.496442 0.445851
19.200001 10.400001 4.000000 nan nan nan
19.200001 10.400001 4.800000 nan nan nan
19.200001 10.400001 5.600000 nan nan nan
19.200001 10.400001 6.400000 nan nan nan
19.200001 10.400001 7.200000 0.190055 0.527735 0.444949
19.200001 10.400001 8.000000 0.852957 0.528496 0.453047
19.200001 10.400001 8.800000 0.995647 0.527231 0.462000
19.200001 10.400001 9.600000 0.999980 0.523984 0.470713
19.200001 11.200000 0.000000 0.998121 0.435271 0.478101
19.200001 11.200000 0.800000 0.962620 0.447913 0.471930
19.200001 11.200000 1.600000 0.791753 0.459768 0.464991
19.200001 11.200000 2.400000 0.548418 0.470715 0.457730
19.200001 11.200000 3.200000 0.131445 0.480617 0.450876
19.200001 11.200000 4.000000 nan nan nan
19.200001 11.200000 4.800000 nan nan nan
19.200001 11.200000 5.600000 nan nan nan
19.200001 11.200000 6.400000 0.000149 0.506799 0.444839
19.200001 11.200000 7.200000 0.449244 0.509295 0.450491
19.200001 11.200000 8.000000 0.929209 0.509982 0.457965
19.200001 11.200000 8.800000 0.998327 0.508840 0.466157
19.200001 11.200000 9.600000 0.999972 0.505901 0.474065
19.200001 12.000000 0.000000 0.995043 0.421663 0.480452
19.200001 12.000000 0.800000 0.916758 0.433658 0.474901
19.200001 12.000000 1.600000 0.615769 0.444850 0.468640
19.200001 12.000000 2.400000 0.289424 0.455129 0.462076
19.200001 12.000000 3.200000 0.205902 0.464375 0.455880
19.200001 12.000000 4.000000 0.190055 0.472463 0.450918
19.200001 12.000000 4.800000 0.039225 0.479265 0.448065
19.200001 12.000000 5.600000 0.080194 0.484659 0.447945
19.200001 12.000000 6.400000 0.384746 0.488537 0.450700
19.200001 12.000000 7.200000 0.825571 0.490815 0.455918
19.200001 12.000000 8.000000 0.984695 0.491441 0.462747
19.200001 12.000000 8.800000 0.993602 0.490400 0.470169
19.200001 12.000000 9.600000 0.999034 0.487716 0.477275
19.200001 12.800000 0.000000 0.994952 0.407496 0.482736
19.200001 12.800000 0.800000 0.915520 0.418886 0.477793
19.200001 12.800000 1.600000 0.611615 0.429467 0.472200
19.200001 12.800000 2.400000 0.284258 0.439139 0.466325
19.200001 12.800000 3.200000 0.201000 0.447798 0.460778
19.200001 12.800000 4.000000 0.376910 0.455337 0.456352
19.200001 12.800000 4.800000 0.718205 0.461650 0.453844
19.200001 12.800000 5.600000 0.758459 0.466636 0.453814
19.200001 12.800000 6.400000 0.897039 0.470210 0.456380
19.200001 12.800000 7.200000 0.897987 0.472304 0.461145
19.200001 12.800000 8.000000 0.895928 0.472879 0.467320
19.200001 12.800000 8.800000 0.950503 0.471923 0.473976
19.200001 12.800000 9.600000 0.990759 0.469454 0.480297
19.200001 13.600000 0.000000 0.998010 0.392848 0.484916
19.200001 13.600000 0.800000 0.960779 0.403675 0.480560
19.200001 13.600000 1.600000 0.783650 0.413692 0.475615
19.200001 13.600000 2.400000 0.534657 0.422813 0.470409
19.200001 13.600000 3.200000 0.455475 0.430947 0.465493
19.200001 13.600000 4.000000 0.613245 0.438000 0.461583
19.200001 13.600000 4.800000 0.865363 0.443885 0.459399
19.200001 13.600000 5.600000 0.972804 0.448519 0.459440
19.200001 13.600000 6.400000 0.868832 0.451832 0.461798
19.200001 13.600000 7.200000 0.740667 0.453770 0.466101
19.200001 13.600000 8.000000 0.736264 0.454302 0.471625
19.200001 13.600000 8.800000 0.861053 0.453417 0.477532
19.200001 13.600000 9.600000 0.969520 0.451132 0.483097
19.200001 14.400001 0.000000 0.999727 0.377784 0.486963
19.200001 14.400001 0.800000 0.992942 0.388087 0.483164
19.200001 14.400001 1.600000 0.948309 0.397588 0.478839
19.200001 14.400001 2.400000 0.860846 0.406209 0.474274
19.200001 14.400001 3.200000 0.826153 0.413870 0.469962
19.200001 14.400001 4.000000 0.891708 0.420492 0.466543
19.200001 14.400001 4.800000 0.970825 0.426001 0.464659
19.200001 14.400001 5.600000 0.962852 0.430327 0.464751
19.200001 14.400001 6.400000 0.829816 0.433414 0.466890
19.200001 14.400001 7.200000 0.675010 0.435217 0.470731
19.200001 14.400001 8.000000 0.669833 0.435712 0.475619
19.200001 14.400001 8.800000 0.820175 0.434889 0.480805
19.200001 14.400001 9.600000 0.958488 0.432762 0.485652
19.200001 15.200000 0.000000 0.999989 0.362360 0.488855
19.200001 15.200000 0.800000 0.999611 0.372178 0.485579
19.200001 15.200000 1.600000 0.996161 0.381205 0.481836
19.200001 15.200000 2.400000 0.987132 0.389370 0.477877
19.200001 15.200000 3.200000 0.982911 0.396606 0.474135
19.200001 15.200000 4.000000 0.982970 0.402843 0.471176
19.200001 15.200000 4.800000 0.976588 0.408019 0.469567
19.200001 15.200000 5.600000 0.977920 0.412075 0.469692
19.200001 15.200000 6.400000 0.890052 0.414964 0.471607
19.200001 15.200000 7.200000 0.777941 0.416650 0.474995
19.200001 15.200000 8.000000 0.774028 0.417111 0.479271
19.200001 15.200000 8.800000 0.883351 0.416343 0.483774
19.200001 15.200000 9.600000 0.975208 0.414354 0.487950
19.200001 16.000000 0.000000 1.000000 0.346624 0.490577
19.200001 16.000000 0.800000 0.999995 0.355992 0.487783
19.200001 16.000000 1.600000 0.999932 0.364582 0.484581
19.200001 16.000000 2.400000 0.999404 0.372334 0.481186
19.200001 16.000000 3.200000 0.994077 0.379185 0.477975
19.200001 16.000000 4.000000 0.979907 0.385077 0.475442
19.200001 16.000000 4.800000 0.972480 0.389956 0.474081
19.200001 16.000000 5.600000 0.983920 0.393772 0.474225
19.200001 16.000000 6.400000 0.968988 0.396487 0.475916
19.200001 16.000000 7.200000 0.929523 0.398070 0.478868
19.200001 16.000000 8.000000 0.928033 0.398503 0.482565
19.200001 16.000000 8.800000 0.966812 0.397782 0.486431
19.200001 16.000000 9.600000 0.994106 0.395914 0.489989
19.200001 16.800001 0.000000 0.999999 0.330614 0.492122
19.200001 16.800001 0.800000 0.999994 0.339566 0.489767
19.200001 16.800001 1.600000 0.999981 0.347755 0.487058
19.200001 16.800001 2.400000 0.999740 0.355128 0.484181
19.200001 16.800001 3.200000 0.997227 0.361631 0.481457
19.200001 16.800001 4.000000 0.990115 0.367212 0.479313
19.200001 16.800001 4.800000 0.986254 0.371825 0.478174
19.200001 16.800001 5.600000 0.992168 0.375428 0.478325
19.200001 16.800001 6.400000 0.996687 0.377988 0.479797
19.200001 16.800001 7.200000 0.990481 0.379480 0.482336
19.200001 16.800001 8.000000 0.989190 0.379888 0.485495
19.200001 16.800001 8.800000 0.995057 0.379208 0.488775
19.200001 16.800001 9.600000 0.999180 0.377448 0.491773
19.200001 17.600000 0.000000 0.999999 0.314365 0.493488
19.200001 17.600000 0.800000 0.999988 0.322931 0.491527
19.200001 17.600000 1.600000 0.999963 0.330751 0.489263
19.200001 17.600000 2.400000 0.999962 0.337778 0.486852
19.200001 17.600000 3.200000 0.999536 0.343963 0.484569
19.200001 17.600000 4.000000 0.998181 0.349263 0.482775
19.200001 17.600000 4.800000 0.997397 0.353637 0.481832
19.200001 17.600000 5.600000 0.998586 0.357049 0.481982
19.200001 17.600000 6.400000 0.999727 0.359471 0.483244
19.200001 17.600000 7.200000 0.999355 0.360881 0.485401
19.200001 17.600000 8.000000 0.999256 0.361267 0.488066
19.200001 17.600000 8.800000 0.999689 0.360625 0.490816
19.200001 17.600000 9.600000 0.999956 0.358961 0.493312
19.200001 18.400000 0.000000 0.999999 0.297906 0.494679
19.200001 18.400000 0.800000 0.999992 0.306114 0.493065
19.200001 18.400000 1.600000 0.999977 0.313594 0.491196
19.200001 18.400000 2.400000 0.999977 0.320303 0.489202
19.200001 18.400000 3.200000 0.999976 0.326199 0.487311
19.200001 18.400000 4.000000 0.999896 0.331243 0.485828
19.200001 18.400000 4.800000 0.999846 0.335401 0.485056
19.200001 18.400000 5.600000 0.999921 0.338641 0.485197
19.200001 18.400000 6.400000 0.999987 0.340939 0.486265
19.200001 18.400000 7.200000 0.999989 0.342276 0.488072
19.200001 18.400000 8.000000 0.999987 0.342641 0.490292
19.200001 18.400000 8.800000 0.999995 0.342033 0.492569
19.200001 18.400000 9.600000 0.999999 0.340454 0.494624
19.200001 19.200001 0.000000 1.000000 0.281262 0.495703
19.200001 19.200001 0.800000 0.999999 0.289137 0.494390
19.200001 19.200001 1.600000 0.999995 0.296302 0.492867
19.200001 19.200001 2.400000 0.999995 0.302719 0.491239
19.200001 19.200001 3.200000 0.999998 0.308350 0.489693
19.200001 19.200001 4.000000 0.999998 0.313162 0.488481
19.200001 19.200001 4.800000 0.999998 0.317123 0.487856
19.200001 19.200001 5.600000 0.999999 0.320208 0.487983
19.200001 19.200001 6.400000 1.000000 0.322393 0.488873
19.200001 19.200001 7.200000 1.000000 0.323664 0.490367
19.200001 19.200001 8.000000 1.000000 0.324012 0.492193
19.200001 19.200001 8.800000 1.000000 0.323433 0.494056
19.200001 19.200001 9.600000 1.000000 0.321932 0.495726
19.200001 20.000000 0.000000 1.000000 0.264453 0.496570
19.200001 20.000000 0.800000 1.000000 0.272020 0.495517
19.200001 20.000000 1.600000 1.000000 0.278893 0.494291
19.200001 20.000000 2.400000 1.000000 0.285041 0.492978
19.200001 20.000000 3.200000 1.000000 0.290429 0.491730
19.200001 20.000000 4.000000 1.000000 0.295028 0.490753
19.200001 20.000000 4.800000 1.000000 0.298810 0.490253
19.200001 20.000000 5.600000 1.000000 0.301752 0.490364
19.200001 20.000000 6.400000 1.000000 0.303836 0.491095
19.200001 20.000000 7.200000 1.000000 0.305047 0.492313
19.200001 20.000000 8.000000 1.000000 0.305378 0.493794
19.200001 20.000000 8.800000 1.000000 0.304827 0.495299
19.200001 20.000000 9.600000 1.000000 0.303397 0.496640
20.000000 0.000000 0.000000 1.000000 0.497518 0.469122
20.000000 0.000000 0.800000 1.000000 0.514351 0.460439
20.000000 0.000000 1.600000 1.000000 0.530799 0.450772
20.000000 0.000000 2.400000 1.000000 0.546738 0.440643
20.000000 0.000000 3.200000 1.000000 0.561991 0.430860
20.000000 0.000000 4.000000 1.000000 0.576305 0.422469
20.000000 0.000000 4.800000 1.000000 0.589314 0.416601
20.000000 0.000000 5.600000 1.000000 0.600505 0.414216
20.000000 0.000000 6.400000 1.000000 0.609203 0.415828
20.000000 0.000000 7.200000 1.000000 0.614643 0.421328
20.000000 0.000000 8.000000 1.000000 0.616189 0.429976
20.000000 0.000000 8.800000 1.000000 0.613630 0.440600
20.000000 0.000000 9.600000 1.000000 0.607306 0.451895
20.000000 0.800000 0.000000 1.000000 0.503449 0.467940
20.000000 0.800000 0.800000 1.000000 0.520838 0.458959
20.000000 0.800000 1.600000 1.000000 0.537943 0.448969
20.000000 0.800000 2.400000 1.000000 0.554663 0.438516
20.000000 0.800000 3.200000 1.000000 0.570849 0.428442
20.000000 0.800000 4.000000 1.000000 0.586272 0.419836
20.000000 0.800000 4.800000 1.000000 0.600576 0.413866
20.000000 0.800000 5.600000 1.000000 0.613207 0.411518
20.000000 0.800000 6.400000 1.000000 0.623334 0.413309
20.000000 0.800000 7.200000 1.000000 0.629862 0.419103
20.000000 0.800000 8.000000 1.000000 0.631751 0.428117
20.000000 0.800000 8.800000 1.000000 0.628632 0.439127
20.000000 0.800000 9.600000 1.000000 0.621097 0.450787
20.000000 1.600000 0.000000 1.000000 0.507743 0.467094
20.000000 1.600000 0.800000 1.000000 0.525560 0.457906
20.000000 1.600000 1.600000 1.000000 0.543179 0.447693
20.000000 1.600000 2.400000 1.000000 0.560525 0.437019
20.000000 1.600000 3.200000 1.000000 0.577483 0.426754
20.000000 1.600000 4.000000 1.000000 0.593865 0.418020
20.000000 1.600000 4.800000 1.000000 0.609360 0.412015
20.000000 1.600000 5.600000 1.000000 0.623427 0.409738
20.000000 1.600000 6.400000 1.000000 0.635129 0.411704
20.000000 1.600000 7.200000 1.000000 0.642992 0.417750
20.000000 1.600000 8.000000 1.000000 0.645334 0.427053
20.000000 1.600000 8.800000 1.000000 0.641486 0.438346
20.000000 1.600000 9.600000 1.000000 0.632500 0.450253
20.000000 2.400000 0.000000 1.000000 0.510289 0.466610
20.000000 2.400000 0.800000 1.000000 0.528370 0.457311
20.000000 2.400000 1.600000 1.000000 0.546311 0.446979
20.000000 2.400000 2.400000 1.000000 0.564057 0.436192
20.000000 2.400000 3.200000 0.999999 0.581519 0.425840
20.000000 2.400000 4.000000 1.000000 0.598551 0.417067
20.000000 2.400000 4.800000 1.000000 0.614895 0.411091
20.000000 2.400000 5.600000 1.000000 0.630066 0.408919
20.000000 2.400000 6.400000 1.000000 0.643118 0.411053
20.000000 2.400000 7.200000 1.000000 0.652279 0.417302
20.000000 2.400000 8.000000 1.000000 0.655102 0.426809
20.000000 2.400000 8.800000 1.000000 0.650490 0.438276
20.000000 2.400000 9.600000 1.000000 0.640137 0.450307
20.000000 3.200000 0.000000 1.000000 0.511017 0.466500
20.000000 3.200000 0.800000 1.000000 0.529175 0.457187
20.000000 3.200000 1.600000 1.000000 0.547211 0.446843
20.000000 3.200000 2.400000 0.999999 0.565075 0.436051
20.000000 3.200000 3.200000 0.999999 0.582688 0.425715
20.000000 3.200000 4.000000 1.000000 0.599919 0.416992
20.000000 3.200000 4.800000 1.000000 0.616530 0.411109
20.000000 3.200000 5.600000 1.000000 0.632066 0.409070
20.000000 3.200000 6.400000 1.000000 0.645595 0.411360
20.000000 3.200000 7.200000 1.000000 0.655262 0.417760
20.000000 3.200000 8.000000 1.000000 0.658286 0.427383
20.000000 3.200000 8.800000 1.000000 0.653358 0.438911
20.000000 3.200000 9.600000 1.000000 0.642486 0.450942
20.000000 4.000000 0.000000 1.000000 0.509906 0.466763
20.000000 4.000000 0.800000 1.000000 0.527947 0.457534
20.000000 4.000000 1.600000 1.000000 0.545839 0.447281
20.000000 4.000000 2.400000 0.999999 0.563523 0.436591
20.000000 4.000000 3.200000 0.999999 0.580907 0.426371
20.000000 4.000000 4.000000 1.000000 0.597837 0.417783
20.000000 4.000000 4.800000 1.000000 0.614044 0.412052
20.000000 4.000000 5.600000 1.000000 0.629034 0.410171
20.000000 4.000000 6.400000 1.000000 0.641854 0.412600
20.000000 4.000000 7.200000 1.000000 0.650779 0.419095
20.000000 4.000000 8.000000 1.000000 0.653511 0.428745
20.000000 4.000000 8.800000 1.000000 0.649043 0.440221
20.000000 4.000000 9.600000 1.000000 0.638935 0.452128
20.000000 4.800000 0.000000 1.000000 0.506988 0.467387
20.000000 4.800000 0.800000 1.000000 0.524728 0.458333
20.000000 4.800000 1.600000 1.000000 0.542254 0.448272
20.000000 4.800000 2.400000 0.999998 0.559486 0.437784
20.000000 4.800000 3.200000 0.999994 0.576302 0.427776
20.000000 4.800000 4.000000 0.999995 0.592504 0.419402
20.000000 4.800000 4.800000 0.999999 0.607770 0.413876
20.000000 4.800000 5.600000 1.000000 0.621551 0.412171
20.000000 4.800000 6.400000 1.000000 0.632925 0.414721
20.000000 4.800000 7.200000 1.000000 0.640496 0.421252
20.000000 4.800000 8.000000 1.000000 0.642735 0.430838
20.000000 4.800000 8.800000 1.000000 0.639052 0.442152
20.000000 4.800000 9.600000 1.000000 0.630379 0.453819
20.000000 5.600000 0.000000 1.000000 0.502342 0.468348
20.000000 5.600000 0.800000 1.000000 0.519625 0.459555
20.000000 5.600000 1.600000 0.999992 0.536603 0.449777
20.000000 5.600000 2.400000 0.999944 0.553170 0.439586
20.000000 5.600000 3.200000 0.999870 0.569171 0.429876
20.000000 5.600000 4.000000 0.999896 0.584370 0.421787
20.000000 5.600000 4.800000 0.999829 0.598406 0.416513
20.000000 5.600000 5.600000 0.999868 0.610730 0.414997
20.000000 5.600000 6.400000 0.999966 0.620539 0.417642
20.000000 5.600000 7.200000 0.999997 0.626818 0.424151
20.000000 5.600000 8.000000 1.000000 0.628626 0.433587
20.000000 5.600000 8.800000 1.000000 0.625639 0.444635
20.000000 5.600000 9.600000 1.000000 0.618379 0.455953
20.000000 6.400000 0.000000 1.000000 0.496087 0.469612
20.000000 6.400000 0.800000 0.999997 0.512791 0.461157
20.000000 6.400000 1.600000 0.999943 0.529089 0.451746
20.000000 6.400000 2.400000 0.999622 0.544852 0.441935
20.000000 6.400000 3.200000 0.997868 0.559900 0.432600
20.000000 6.400000 4.000000 0.989134 0.573976 0.424859
20.000000 6.400000 4.800000 0.979073 0.586717 0.419874
20.000000 6.400000 5.600000 0.983127 0.597623 0.418554
20.000000 6.400000 6.400000 0.994506 0.606054 0.421268
20.000000 6.400000 7.200000 0.999380 0.611301 0.427695
20.000000 6.400000 8.000000 0.999980 0.612788 0.436898
20.000000 6.400000 8.800000 1.000000 0.610326 0.447585
20.000000 6.400000 9.600000 1.000000 0.604220 0.458457
20.000000 7.200000 0.000000 0.999999 0.488365 0.471138
20.000000 7.200000 0.800000 0.999969 0.504409 0.463088
20.000000 7.200000 1.600000 0.999807 0.519947 0.454114
20.000000 7.200000 2.400000 0.993085 0.534835 0.444756
20.000000 7.200000 3.200000 0.929209 0.548882 0.435864
20.000000 7.200000 4.000000 0.758459 0.561830 0.428522
20.000000 7.200000 4.800000 0.623635 0.573344 0.423856
20.000000 7.200000 5.600000 0.673267 0.582997 0.422732
20.000000 7.200000 6.400000 0.852957 0.590298 0.425485
20.000000 7.200000 7.200000 0.974128 0.594757 0.431774
20.000000 7.200000 8.000000 0.998690 0.596006 0.440668
20.000000 7.200000 8.800000 0.999985 0.593933 0.450908
20.000000 7.200000 9.600000 1.000000 0.588723 0.461251
20.000000 8.000000 0.000000 0.999983 0.479331 0.472878
20.000000 8.000000 0.800000 0.999688 0.494668 0.465288
20.000000 8.000000 1.600000 0.996560 0.509409 0.456812
20.000000 8.000000 2.400000 0.914440 0.523407 0.447968
20.000000 8.000000 3.200000 0.511126 0.536469 0.439572
20.000000 8.000000 4.000000 0.080194 0.548354 0.432672
20.000000 8.000000 4.800000 0.000149 0.558765 0.428344
20.000000 8.000000 5.600000 0.011565 0.567353 0.427413
20.000000 8.000000 6.400000 0.253331 0.573746 0.430173
20.000000 8.000000 7.200000 0.758459 0.577600 0.436270
20.000000 8.000000 8.000000 0.979073 0.578673 0.444787
20.000000 8.000000 8.800000 0.999627 0.576891 0.454508
20.000000 8.000000 9.600000 0.999999 0.572375 0.464251
20.000000 8.800000 0.000000 0.999938 0.469138 0.474784
20.000000 8.800000 0.800000 0.998959 0.483750 0.467695
20.000000 8.800000 1.600000 0.979073 0.497695 0.459765
20.000000 8.800000 2.400000 0.673268 0.510824 0.451481
20.000000 8.800000 3.200000 0.039225 0.522955 0.443625
20.000000 8.800000 4.000000 nan nan nan
20.000000 8.800000 4.800000 nan nan nan
20.000000 8.800000 5.600000 nan nan nan
20.000000 8.800000 6.400000 nan nan nan
20.000000 8.800000 7.200000 0.318898 0.560056 0.441064
20.000000 8.800000 8.000000 0.897039 0.560993 0.449143
20.000000 8.800000 8.800000 0.997288 0.559436 0.458285
20.000000 8.800000 9.600000 0.999989 0.555464 0.467376
20.000000 9.600000 0.000000 0.999924 0.457932 0.476802
20.000000 9.600000 0.800000 0.998744 0.471826 0.470247
20.000000 9.600000 1.600000 0.952132 0.484996 0.462896
20.000000 9.600000 2.400000 0.449244 0.497301 0.455208
20.000000 9.600000 3.200000 nan nan nan
20.000000 9.600000 4.000000 nan nan nan
20.000000 9.600000 4.800000 nan nan nan
20.000000 9.600000 5.600000 nan nan nan
20.000000 9.600000 6.400000 nan nan nan
20.000000 9.600000 7.200000 0.080194 0.542255 0.446037
20.000000 9.600000 8.000000 0.794170 0.543085 0.453631
20.000000 9.600000 8.800000 0.993085 0.541704 0.462147
20.000000 9.600000 9.600000 0.999966 0.538167 0.470547
20.000000 10.400001 0.000000 0.999968 0.445849 0.478884
20.000000 10.400001 0.800000 0.999380 0.459045 0.472880
20.000000 10.400001 1.600000 0.952132 0.471477 0.466130
20.000000 10.400001 2.400000 0.449244 0.483013 0.459062
20.000000 10.400001 3.200000 nan nan nan
20.000000 10.400001 4.000000 nan nan nan
20.000000 10.400001 4.800000 nan nan nan
20.000000 10.400001 5.600000 nan nan nan
20.000000 10.400001 6.400000 nan nan nan
20.000000 10.400001 7.200000 0.080194 0.524273 0.451081
20.000000 10.400001 8.000000 0.794170 0.525019 0.458149
20.000000 10.400001 8.800000 0.993085 0.523779 0.466006
20.000000 10.400001 9.600000 0.999966 0.520595 0.473692
20.000000 11.200000 0.000000 0.999945 0.433005 0.480981
20.000000 11.200000 0.800000 0.998320 0.445535 0.475536
20.000000 11.200000 1.600000 0.979073 0.457274 0.469398
20.000000 11.200000 2.400000 0.673268 0.468103 0.462960
20.000000 11.200000 3.200000 0.039225 0.477888 0.456864
20.000000 11.200000 4.000000 nan nan nan
20.000000 11.200000 4.800000 nan nan nan
20.000000 11.200000 5.600000 nan nan nan
20.000000 11.200000 6.400000 nan nan nan
20.000000 11.200000 7.200000 0.318898 0.506162 0.456093
20.000000 11.200000 8.000000 0.897039 0.506838 0.462608
20.000000 11.200000 8.800000 0.997288 0.505714 0.469787
20.000000 11.200000 9.600000 0.999989 0.502822 0.476750
20.000000 12.000000 0.000000 0.999838 0.419507 0.483051
20.000000 12.000000 0.800000 0.995548 0.431406 0.478161
20.000000 12.000000 1.600000 0.965432 0.442500 0.472634
20.000000 12.000000 2.400000 0.902733 0.452681 0.466826
20.000000 12.000000 3.200000 0.511126 0.461833 0.461327
20.000000 12.000000 4.000000 0.080194 0.469831 0.456902
20.000000 12.000000 4.800000 0.000149 0.476552 0.454321
20.000000 12.000000 5.600000 0.011565 0.481879 0.454134
20.000000 12.000000 6.400000 0.253331 0.485707 0.456473
20.000000 12.000000 7.200000 0.758459 0.487955 0.460984
20.000000 12.000000 8.000000 0.979073 0.488572 0.466930
20.000000 12.000000 8.800000 0.999627 0.487545 0.473423
20.000000 12.000000 9.600000 0.999986 0.484897 0.479670
20.000000 12.800000 0.000000 0.999834 0.405444 0.485055
20.000000 12.800000 0.800000 0.995465 0.416752 0.480710
20.000000 12.800000 1.600000 0.964869 0.427249 0.475781
20.000000 12.800000 2.400000 0.901314 0.436840 0.470593
20.000000 12.800000 3.200000 0.875213 0.445421 0.465681
20.000000 12.800000 4.000000 0.758459 0.452887 0.461743
20.000000 12.800000 4.800000 0.623636 0.459136 0.459478
20.000000 12.800000 5.600000 0.673268 0.464069 0.459383
20.000000 12.800000 6.400000 0.852957 0.467603 0.461564
20.000000 12.800000 7.200000 0.974128 0.469674 0.465680
20.000000 12.800000 8.000000 0.996644 0.470242 0.471050
20.000000 12.800000 8.800000 0.998689 0.469297 0.476864
20.000000 12.800000 9.600000 0.999824 0.466856 0.482410
20.000000 13.600000 0.000000 0.999941 0.390893 0.486964
20.000000 13.600000 0.800000 0.998220 0.401649 0.483141
20.000000 13.600000 1.600000 0.984700 0.411596 0.478792
20.000000 13.600000 2.400000 0.953570 0.420649 0.474204
20.000000 13.600000 3.200000 0.940004 0.428717 0.469860
20.000000 13.600000 4.000000 0.965090 0.435711 0.466388
20.000000 13.600000 4.800000 0.979073 0.441544 0.464421
20.000000 13.600000 5.600000 0.983127 0.446135 0.464398
20.000000 13.600000 6.400000 0.994506 0.449416 0.466404
20.000000 13.600000 7.200000 0.988402 0.451336 0.470118
20.000000 13.600000 8.000000 0.988118 0.451862 0.474916
20.000000 13.600000 8.800000 0.995095 0.450986 0.480068
20.000000 13.600000 9.600000 0.999275 0.448723 0.484942
20.000000 14.400001 0.000000 0.999993 0.375920 0.488751
20.000000 14.400001 0.800000 0.999758 0.386162 0.485424
20.000000 14.400001 1.600000 0.997519 0.395603 0.481627
20.000000 14.400001 2.400000 0.991463 0.404166 0.477611
20.000000 14.400001 3.200000 0.988581 0.411772 0.473809
20.000000 14.400001 4.000000 0.993806 0.418345 0.470780
20.000000 14.400001 4.800000 0.998748 0.423811 0.469087
20.000000 14.400001 5.600000 0.999078 0.428103 0.469118
20.000000 14.400001 6.400000 0.993558 0.431164 0.470939
20.000000 14.400001 7.200000 0.983846 0.432952 0.474252
20.000000 14.400001 8.000000 0.983458 0.433442 0.478492
20.000000 14.400001 8.800000 0.993056 0.432627 0.483008
20.000000 14.400001 9.600000 0.998944 0.430517 0.487246
20.000000 15.200000 0.000000 1.000000 0.360581 0.490399
20.000000 15.200000 0.800000 0.999990 0.370346 0.487535
20.000000 15.200000 1.600000 0.999878 0.379321 0.484255
20.000000 15.200000 2.400000 0.999518 0.387437 0.480779
20.000000 15.200000 3.200000 0.999331 0.394627 0.477486
20.000000 15.200000 4.000000 0.999664 0.400823 0.474870
20.000000 15.200000 4.800000 0.999787 0.405963 0.473428
20.000000 15.200000 5.600000 0.999508 0.409990 0.473497
20.000000 15.200000 6.400000 0.996396 0.412858 0.475127
20.000000 15.200000 7.200000 0.990698 0.414532 0.478047
20.000000 15.200000 8.000000 0.990467 0.414990 0.481752
20.000000 15.200000 8.800000 0.996106 0.414227 0.485667
20.000000 15.200000 9.600000 0.999435 0.412253 0.489313
20.000000 16.000000 0.000000 1.000000 0.344923 0.491895
20.000000 16.000000 0.800000 1.000000 0.354245 0.489457
20.000000 16.000000 1.600000 0.999999 0.362791 0.486656
20.000000 16.000000 2.400000 0.999993 0.370500 0.483681
20.000000 16.000000 3.200000 0.999959 0.377312 0.480860
20.000000 16.000000 4.000000 0.999823 0.383170 0.478626
20.000000 16.000000 4.800000 0.999740 0.388019 0.477409
20.000000 16.000000 5.600000 0.999865 0.391811 0.477502
20.000000 16.000000 6.400000 0.999260 0.394509 0.478942
20.000000 16.000000 7.200000 0.997962 0.396081 0.481484
20.000000 16.000000 8.000000 0.997907 0.396512 0.484683
20.000000 16.000000 8.800000 0.999197 0.395795 0.488039
20.000000 16.000000 9.600000 0.999895 0.393940 0.491140
20.000000 16.800001 0.000000 1.000000 0.328986 0.493235
20.000000 16.800001 0.800000 1.000000 0.337898 0.491183
20.000000 16.800001 1.600000 1.000000 0.346049 0.488818
20.000000 16.800001 2.400000 0.999999 0.353386 0.486301
20.000000 16.800001 3.200000 0.999983 0.359855 0.483913
20.000000 16.800001 4.000000 0.999925 0.365407 0.482025
20.000000 16.800001 4.800000 0.999888 0.369994 0.481010
20.000000 16.800001 5.600000 0.999943 0.373578 0.481115
20.000000 16.800001 6.400000 0.999952 0.376123 0.482368
20.000000 16.800001 7.200000 0.999857 0.377606 0.484553
20.000000 16.800001 8.000000 0.999853 0.378011 0.487283
20.000000 16.800001 8.800000 0.999948 0.377336 0.490127
20.000000 16.800001 9.600000 0.999994 0.375586 0.492735
20.000000 17.600000 0.000000 1.000000 0.312806 0.494417
20.000000 17.600000 0.800000 1.000000 0.321337 0.492711
20.000000 17.600000 1.600000 1.000000 0.329124 0.490738
20.000000 17.600000 2.400000 1.000000 0.336119 0.488633
20.000000 17.600000 3.200000 0.999998 0.342275 0.486635
20.000000 17.600000 4.000000 0.999990 0.347550 0.485059
20.000000 17.600000 4.800000 0.999984 0.351902 0.484220
20.000000 17.600000 5.600000 0.999992 0.355297 0.484329
20.000000 17.600000 6.400000 0.999999 0.357707 0.485404
20.000000 17.600000 7.200000 0.999995 0.359110 0.487258
20.000000 17.600000 8.000000 0.999994 0.359493 0.489558
20.000000 17.600000 8.800000 0.999998 0.358854 0.491939
20.000000 17.600000 9.600000 1.000000 0.357199 0.494107
20.000000 18.400000 0.000000 1.000000 0.296410 0.495445
20.000000 18.400000 0.800000 1.000000 0.304588 0.494043
20.000000 18.400000 1.600000 1.000000 0.312038 0.492417
20.000000 18.400000 2.400000 1.000000 0.318720 0.490679
20.000000 18.400000 3.200000 1.000000 0.324591 0.489028
20.000000 18.400000 4.000000 1.000000 0.329614 0.487727
20.000000 18.400000 4.800000 0.999999 0.333753 0.487042
20.000000 18.400000 5.600000 1.000000 0.336978 0.487147
20.000000 18.400000 6.400000 1.000000 0.339265 0.488057
20.000000 18.400000 7.200000 1.000000 0.340596 0.489609
20.000000 18.400000 8.000000 1.000000 0.340960 0.491523
20.000000 18.400000 8.800000 1.000000 0.340354 0.493492
20.000000 18.400000 9.600000 1.000000 0.338783 0.495273
20.000000 19.200001 0.000000 1.000000 0.279826 0.496327
20.000000 19.200001 0.800000 1.000000 0.287674 0.495189
20.000000 19.200001 1.600000 1.000000 0.294813 0.493866
20.000000 19.200001 2.400000 1.000000 0.301206 0.492449
20.000000 19.200001 3.200000 1.000000 0.306815 0.491101
20.000000 19.200001 4.000000 1.000000 0.311608 0.490041
20.000000 19.200001 4.800000 1.000000 0.315553 0.489487
20.000000 19.200001 5.600000 1.000000 0.318625 0.489585
20.000000 19.200001 6.400000 1.000000 0.320801 0.490343
20.000000 19.200001 7.200000 1.000000 0.322067 0.491625
20.000000 19.200001 8.000000 1.000000 0.322413 0.493196
20.000000 19.200001 8.800000 1.000000 0.321837 0.494805
20.000000 19.200001 9.600000 1.000000 0.320342 0.496251
20.000000 20.000000 0.000000 1.000000 0.263073 0.497072
20.000000 20.000000 0.800000 1.000000 0.270614 0.496161
20.000000 20.000000 1.600000 1.000000 0.277465 0.495098
20.000000 20.000000 2.400000 1.000000 0.283592 0.493957
20.000000 20.000000 3.200000 1.000000 0.288961 0.492871
20.000000 20.000000 4.000000 1.000000 0.293543 0.492018
20.000000 20.000000 4.800000 1.000000 0.297311 0.491576
20.000000 20.000000 5.600000 1.000000 0.300243 0.491663
20.000000 20.000000 6.400000 1.000000 0.302318 0.492285
20.000000 20.000000 7.200000 1.000000 0.303525 0.493329
20.000000 20.000000 8.000000 1.000000 0.303855 0.494603
20.000000 20.000000 8.800000 1.000000 0.303306 0.495900
20.000000 20.000000 9.600000 1.000000 0.301881 0.497059
