method,seed,case_seed,batch_idx,case_id,env_id,sim_step,done_reached,dropped,crashed,timeout,no_drop_done,roll_deg,pitch_deg,yaw_deg,landing_error_xy_m,release_to_target_xy_m,delta_theta_rad,delta_theta_deg,delta_omega_rad_s,delta_omega_deg_s,impulse_metric
pid_top_drop,10,10,0,0,0,304,1,1,0,1,0,-1.3079675656791019,-0.2013676371103159,15.439765562218884,0.9224081039428711,0.47284016013145447,0.024007750675082207,1.3755427892845633,0.10596338659524918,6.0712548348209,0.07698944211006165
pid_top_drop,10,10,0,1,1,194,1,0,1,0,1,nan,nan,nan,nan,nan,nan,nan,nan,nan,nan
pid_top_drop,10,10,0,2,2,917,1,0,0,1,1,nan,nan,nan,nan,nan,nan,nan,nan,nan,nan
pid_top_drop,10,10,0,3,3,58,1,0,1,0,1,nan,nan,nan,nan,nan,nan,nan,nan,nan,nan
pid_top_drop,10,10,0,4,4,254,1,0,1,0,1,nan,nan,nan,nan,nan,nan,nan,nan,nan,nan
pid_top_drop,10,10,0,5,5,249,1,1,0,1,0,-2.0136080692114593,-2.3222779781826755,-3.6367342235732893,1.017883062362671,0.4876416027545929,0.010640432126820087,0.6096518530622014,0.11718863993883133,6.714414475373273,0.06923475116491318
pid_top_drop,10,10,0,6,6,393,1,0,1,0,1,nan,nan,nan,nan,nan,nan,nan,nan,nan,nan
pid_top_drop,10,10,0,7,7,201,1,0,1,0,1,nan,nan,nan,nan,nan,nan,nan,nan,nan,nan
pid_top_drop,10,10,0,8,8,851,1,0,0,1,1,nan,nan,nan,nan,nan,nan,nan,nan,nan,nan
pid_top_drop,10,10,0,9,9,239,1,1,0,1,0,-7.989149328758854,3.522424177623956,-4.669130976999057,1.0269430875778198,0.4993244707584381,0.013752383179962635,0.7879535144585611,0.07817944139242172,4.479352036476136,0.05284210294485092
pid_top_drop,10,10,0,10,10,381,1,0,1,0,1,nan,nan,nan,nan,nan,nan,nan,nan,nan,nan
pid_top_drop,10,10,0,11,11,461,1,0,1,0,1,nan,nan,nan,nan,nan,nan,nan,nan,nan,nan
pid_top_drop,10,10,0,12,12,374,1,0,1,0,1,nan,nan,nan,nan,nan,nan,nan,nan,nan,nan
pid_top_drop,10,10,0,13,13,251,1,0,1,0,1,nan,nan,nan,nan,nan,nan,nan,nan,nan,nan
pid_top_drop,10,10,0,14,14,236,1,1,0,1,0,-0.2551348862566563,-3.4810605520103586,36.21187346984506,1.1725084781646729,0.4676286280155182,0.005649592261761427,0.3236977925686988,0.1360204964876175,7.79340037601452,0.07365983724594116
pid_top_drop,10,10,0,15,15,985,1,0,0,1,1,nan,nan,nan,nan,nan,nan,nan,nan,nan,nan
pid_top_drop,10,10,0,16,16,111,1,0,1,0,1,nan,nan,nan,nan,nan,nan,nan,nan,nan,nan
pid_top_drop,10,10,0,17,17,649,1,0,1,0,1,nan,nan,nan,nan,nan,nan,nan,nan,nan,nan
pid_top_drop,10,10,0,18,18,436,1,0,1,0,1,nan,nan,nan,nan,nan,nan,nan,nan,nan,nan
pid_top_drop,10,10,0,19,19,386,1,0,1,0,1,nan,nan,nan,nan,nan,nan,nan,nan,nan,nan
pid_top_drop,10,10,0,20,20,262,1,0,1,0,1,nan,nan,nan,nan,nan,nan,nan,nan,nan,nan
pid_top_drop,10,10,0,21,21,65,1,0,1,0,1,nan,nan,nan,nan,nan,nan,nan,nan,nan,nan
pid_top_drop,10,10,0,22,22,484,1,1,0,1,0,-0.2334968469660559,0.36775104529182656,-18.846909807031363,1.1670324802398682,0.49644261598587036,0.010920182801783085,0.6256803860535172,0.11099845170974731,6.359742815455197,0.06641940772533417
pid_top_drop,10,10,0,23,23,262,1,0,1,0,1,nan,nan,nan,nan,nan,nan,nan,nan,nan,nan
pid_top_drop,10,10,0,24,24,659,1,1,0,1,0,-0.40354123654269336,-0.85171092912225,-44.40542303970572,0.9651001691818237,0.4887676239013672,0.006403916049748659,0.3669173620066883,0.12336420267820358,7.068248156457552,0.06808602064847946
pid_top_drop,10,10,0,25,25,119,1,1,0,1,0,4.350953444703182,-0.9021450459536242,-31.40648021890425,3.170630931854248,0.4401730000972748,0.0028299367986619473,0.16214343485209298,0.11543185263872147,6.613757977574795,0.06054586172103882
pid_top_drop,10,10,0,26,26,94,1,0,1,0,1,nan,nan,nan,nan,nan,nan,nan,nan,nan,nan
pid_top_drop,10,10,0,27,27,468,1,0,1,0,1,nan,nan,nan,nan,nan,nan,nan,nan,nan,nan
pid_top_drop,10,10,0,28,28,717,1,0,1,0,1,nan,nan,nan,nan,nan,nan,nan,nan,nan,nan
pid_top_drop,10,10,0,29,29,258,1,0,1,0,1,nan,nan,nan,nan,nan,nan,nan,nan,nan,nan
pid_top_drop,10,10,0,30,30,271,1,0,1,0,1,nan,nan,nan,nan,nan,nan,nan,nan,nan,nan
pid_top_drop,10,10,0,31,31,337,1,1,0,1,0,-0.4022298402220509,-0.9720861830545547,58.08957043804286,1.4037137031555176,0.49151089787483215,0.0072709983214735985,0.41659751666714295,0.1337035596370697,7.660649673079798,0.07412277907133102
pid_top_drop,10,10,0,32,32,362,1,0,1,0,1,nan,nan,nan,nan,nan,nan,nan,nan,nan,nan
pid_top_drop,10,10,0,33,33,395,1,0,1,0,1,nan,nan,nan,nan,nan,nan,nan,nan,nan,nan
pid_top_drop,10,10,0,34,34,741,1,0,0,1,1,nan,nan,nan,nan,nan,nan,nan,nan,nan,nan
pid_top_drop,10,10,0,35,35,182,1,0,1,0,1,nan,nan,nan,nan,nan,nan,nan,nan,nan,nan
pid_top_drop,10,10,0,36,36,97,1,1,0,1,0,3.2495171391469264,-2.1509768337987554,-33.58143101668975,2.8851747512817383,0.4520442485809326,0.009363340213894844,0.536479876401296,0.12316806614398956,7.057010360838766,0.07094737142324448
pid_top_drop,10,10,0,37,37,342,1,0,1,0,1,nan,nan,nan,nan,nan,nan,nan,nan,nan,nan
pid_top_drop,10,10,0,38,38,278,1,0,1,0,1,nan,nan,nan,nan,nan,nan,nan,nan,nan,nan
pid_top_drop,10,10,0,39,39,534,1,1,0,1,0,3.9985976458005648,8.602336391685919,65.30353427714029,1.043662667274475,0.46963953971862793,0.06380300223827362,3.6556427485168235,0.24127507209777832,13.824043332917347,0.18444053828716278
pid_top_drop,10,10,0,40,40,467,1,1,0,1,0,-0.18202454138083982,2.388366888591719,-12.87754303849366,0.885917067527771,0.4383392930030823,0.020968768745660782,1.201421950712192,0.1215590089559555,6.964818174969226,0.08174827694892883
pid_top_drop,10,10,0,41,41,115,1,0,1,0,1,nan,nan,nan,nan,nan,nan,nan,nan,nan,nan
pid_top_drop,10,10,0,42,42,573,1,0,1,0,1,nan,nan,nan,nan,nan,nan,nan,nan,nan,nan
pid_top_drop,10,10,0,43,43,141,1,1,0,1,0,0.7936270004204616,-1.9077128163195813,-4.687545167001411,1.503421664237976,0.4938817322254181,0.02283601462841034,1.3084072591069213,0.1159016415476799,6.640674899320169,0.08078683912754059
pid_top_drop,10,10,0,44,44,387,1,1,0,1,0,1.2726828084268158,-4.345926425474053,-20.80493379677726,0.849378228187561,0.4739566743373871,0.0048122345469892025,0.2757207295695309,0.13592647016048431,7.788013064306673,0.0727754682302475
pid_top_drop,10,10,0,45,45,513,1,1,0,1,0,1.7877473737374774,-0.01733502011349236,42.69849046422783,1.8518106937408447,0.46070221066474915,0.00963110476732254,0.5518216552159083,0.1310400366783142,7.508041048906912,0.07515112310647964
pid_top_drop,10,10,0,46,46,314,1,1,0,1,0,-0.0238373602033445,0.4653407881529687,32.24398435455287,1.3838239908218384,0.49707329273223877,0.006470608524978161,0.3707385593626195,0.11568760871887207,6.628411721552235,0.06431441009044647
pid_top_drop,10,10,0,47,47,883,1,0,0,1,1,nan,nan,nan,nan,nan,nan,nan,nan,nan,nan
pid_top_drop,10,10,0,48,48,101,1,0,1,0,1,nan,nan,nan,nan,nan,nan,nan,nan,nan,nan
pid_top_drop,10,10,0,49,49,509,1,0,1,0,1,nan,nan,nan,nan,nan,nan,nan,nan,nan,nan
pid_top_drop,10,10,0,50,50,82,1,0,1,0,1,nan,nan,nan,nan,nan,nan,nan,nan,nan,nan
pid_top_drop,10,10,0,51,51,972,1,0,0,1,1,nan,nan,nan,nan,nan,nan,nan,nan,nan,nan
pid_top_drop,10,10,0,52,52,319,1,0,1,0,1,nan,nan,nan,nan,nan,nan,nan,nan,nan,nan
pid_top_drop,10,10,0,53,53,306,1,1,0,1,0,12.692144383662834,-74.97745904770952,-75.39792549301549,1.0493427515029907,0.3629257380962372,1.6082197427749634,92.14420379062027,0.3670891225337982,21.032657426347363,1.791764259338379
pid_top_drop,10,10,0,54,54,96,1,0,1,0,1,nan,nan,nan,nan,nan,nan,nan,nan,nan,nan
pid_top_drop,10,10,0,55,55,247,1,0,1,0,1,nan,nan,nan,nan,nan,nan,nan,nan,nan,nan
pid_top_drop,10,10,0,56,56,355,1,0,1,0,1,nan,nan,nan,nan,nan,nan,nan,nan,nan,nan
pid_top_drop,10,10,0,57,57,185,1,1,0,1,0,-0.31819119267421403,-1.0478739620850162,57.287596946456645,0.3096599280834198,0.4819527566432953,0.017015965655446053,0.9749430163966184,0.15345518290996552,8.792334325149103,0.09374355524778366
pid_top_drop,10,10,0,58,58,159,1,1,0,1,0,-0.06563811792382254,-0.2636589623408322,15.166926825633555,1.087250828742981,0.46547210216522217,0.01933031715452671,1.1075455896037152,0.12922710180282593,7.404167532009358,0.08394386619329453
pid_top_drop,10,10,0,59,59,179,1,0,1,0,1,nan,nan,nan,nan,nan,nan,nan,nan,nan,nan
pid_top_drop,10,10,0,60,60,69,1,0,1,0,1,nan,nan,nan,nan,nan,nan,nan,nan,nan,nan
pid_top_drop,10,10,0,61,61,929,1,0,0,1,1,nan,nan,nan,nan,nan,nan,nan,nan,nan,nan
pid_top_drop,10,10,0,62,62,957,1,0,0,1,1,nan,nan,nan,nan,nan,nan,nan,nan,nan,nan
pid_top_drop,10,10,0,63,63,469,1,0,1,0,1,nan,nan,nan,nan,nan,nan,nan,nan,nan,nan
pid_top_drop,10,10,0,64,64,455,1,1,0,1,0,-1.4433692357854346,-1.9592944049315177,26.24175071572907,1.5332987308502197,0.49366500973701477,0.03580614551901817,2.051541018871006,0.13371817767620087,7.661487225026772,0.10266523063182831
pid_top_drop,10,10,0,65,65,345,1,0,1,0,1,nan,nan,nan,nan,nan,nan,nan,nan,nan,nan
pid_top_drop,10,10,0,66,66,128,1,1,0,1,0,-8.46841004244031,-4.431495035395973,1.0451418864170112,2.0230345726013184,0.4261914789676666,0.007381205912679434,0.4229119465135404,0.09686171263456345,5.549767330369487,0.055812060832977295
pid_top_drop,10,10,0,67,67,22,1,0,1,0,1,nan,nan,nan,nan,nan,nan,nan,nan,nan,nan
pid_top_drop,10,10,0,68,68,284,1,0,1,0,1,nan,nan,nan,nan,nan,nan,nan,nan,nan,nan
pid_top_drop,10,10,0,69,69,116,1,1,0,1,0,-0.34103134525873663,-3.347352768818189,-15.901950802975307,2.5099997520446777,0.4110497236251831,0.007482332177460194,0.4287060546834004,0.12417207658290863,7.114535921575905,0.06956837326288223
pid_top_drop,10,10,0,70,70,942,1,0,0,1,1,nan,nan,nan,nan,nan,nan,nan,nan,nan,nan
pid_top_drop,10,10,0,71,71,864,1,0,0,1,1,nan,nan,nan,nan,nan,nan,nan,nan,nan,nan
pid_top_drop,10,10,0,72,72,145,1,0,1,0,1,nan,nan,nan,nan,nan,nan,nan,nan,nan,nan
pid_top_drop,10,10,0,73,73,514,1,1,0,1,0,0.015982642657829838,1.4219907436832946,32.76657578832889,0.8762953281402588,0.4958338141441345,0.003633104497566819,0.2081615542405762,0.1114257201552391,6.3842234941009925,0.05934596434235573
pid_top_drop,10,10,0,74,74,619,1,0,1,0,1,nan,nan,nan,nan,nan,nan,nan,nan,nan,nan
pid_top_drop,10,10,0,75,75,421,1,1,0,1,0,-0.9448200678878639,-2.0126791634843375,58.100143570878046,0.43271324038505554,0.4698464274406433,0.012071787379682064,0.6916624680350734,0.12041161954402924,6.899077604207854,0.07227759808301926
pid_top_drop,10,10,0,76,76,110,1,0,1,0,1,nan,nan,nan,nan,nan,nan,nan,nan,nan,nan
pid_top_drop,10,10,0,77,77,999,1,0,0,1,1,nan,nan,nan,nan,nan,nan,nan,nan,nan,nan
pid_top_drop,10,10,0,78,78,31,1,0,1,0,1,nan,nan,nan,nan,nan,nan,nan,nan,nan,nan
pid_top_drop,10,10,0,79,79,628,1,0,1,0,1,nan,nan,nan,nan,nan,nan,nan,nan,nan,nan
pid_top_drop,10,10,0,80,80,498,1,0,1,0,1,nan,nan,nan,nan,nan,nan,nan,nan,nan,nan
pid_top_drop,10,10,0,81,81,440,1,1,0,1,0,-1.5455488657688252,-0.6737981616217579,35.83236083880247,1.0006150007247925,0.4752437472343445,0.019971106201410294,1.1442600975483552,0.11253927648067474,6.448025571798551,0.07624074816703796
pid_top_drop,10,10,0,82,82,85,1,1,0,1,0,10.110182613236274,-1.8793538708856885,9.9203306750666,2.917447805404663,0.3999241888523102,0.02566414326429367,1.4704470938631269,0.15187235176563263,8.701644780896967,0.10160031914710999
pid_top_drop,10,10,0,83,83,980,1,0,0,1,1,nan,nan,nan,nan,nan,nan,nan,nan,nan,nan
pid_top_drop,10,10,0,84,84,113,1,1,0,1,0,2.594351733580963,-2.6382698499441455,-2.3970275684592948,2.6434195041656494,0.44514960050582886,0.032157737761735916,1.8425026524359425,0.12097175419330597,6.931170955570451,0.0926436185836792
pid_top_drop,10,10,0,85,85,97,1,1,0,1,0,9.431985809789028,-4.639897767351402,-17.485461860151062,1.516900897026062,0.42771315574645996,0.033471520990133286,1.9177768866181837,0.1550823450088501,8.885563845998838,0.11101269721984863
pid_top_drop,10,10,0,86,86,146,1,0,1,0,1,nan,nan,nan,nan,nan,nan,nan,nan,nan,nan
pid_top_drop,10,10,0,87,87,977,1,0,0,1,1,nan,nan,nan,nan,nan,nan,nan,nan,nan,nan
pid_top_drop,10,10,0,88,88,701,1,0,1,0,1,nan,nan,nan,nan,nan,nan,nan,nan,nan,nan
pid_top_drop,10,10,0,89,89,204,1,0,1,0,1,nan,nan,nan,nan,nan,nan,nan,nan,nan,nan
pid_top_drop,10,10,0,90,90,209,1,1,0,1,0,-0.7743385462043456,-1.7534598241040134,26.803260567395817,0.7239478230476379,0.43788397312164307,0.006926193833351135,0.3968416747405571,0.12291517108678818,7.042520541401407,0.06838378310203552
pid_top_drop,10,10,0,91,91,574,1,1,0,1,0,1.159137743664524,-0.3179179851074135,-4.027366402584659,1.3942421674728394,0.4973212778568268,0.00795748271048069,0.45593017485886633,0.11944323778152466,6.843593416258901,0.06767909973859787
pid_top_drop,10,10,0,92,92,168,1,1,0,1,0,4.673775505634665,-1.484842144425752,-9.255521042392578,1.2542637586593628,0.47047993540763855,0.022869179025292397,1.31030743907836,0.13166853785514832,7.544051513758511,0.0887034460902214
pid_top_drop,10,10,0,93,93,30,1,0,1,0,1,nan,nan,nan,nan,nan,nan,nan,nan,nan,nan
pid_top_drop,10,10,0,94,94,162,1,0,1,0,1,nan,nan,nan,nan,nan,nan,nan,nan,nan,nan
pid_top_drop,10,10,0,95,95,185,1,1,0,1,0,3.923875376280625,1.1749018202689134,-33.72519283834018,0.6010220050811768,0.48193201422691345,0.012082871980965137,0.6922975689061788,0.1184658482670784,6.787593122140789,0.07131579518318176
pid_top_drop,10,10,0,96,96,484,1,0,1,0,1,nan,nan,nan,nan,nan,nan,nan,nan,nan,nan
pid_top_drop,10,10,0,97,97,963,1,0,0,1,1,nan,nan,nan,nan,nan,nan,nan,nan,nan,nan
pid_top_drop,10,10,0,98,98,976,1,0,0,1,1,nan,nan,nan,nan,nan,nan,nan,nan,nan,nan
pid_top_drop,10,10,0,99,99,168,1,0,1,0,1,nan,nan,nan,nan,nan,nan,nan,nan,nan,nan
pid_top_drop,10,10,0,100,100,204,1,1,0,1,0,0.536729925357942,-3.7637757421355262,24.132738564190873,0.8276321887969971,0.48440197110176086,0.010966667905449867,0.6283437863038519,0.1301783174276352,7.458668172717828,0.07605582475662231
pid_top_drop,10,10,0,101,101,122,1,0,1,0,1,nan,nan,nan,nan,nan,nan,nan,nan,nan,nan
pid_top_drop,10,10,0,102,102,915,1,0,0,1,1,nan,nan,nan,nan,nan,nan,nan,nan,nan,nan
pid_top_drop,10,10,0,103,103,413,1,0,1,0,1,nan,nan,nan,nan,nan,nan,nan,nan,nan,nan
pid_top_drop,10,10,0,104,104,932,1,0,0,1,1,nan,nan,nan,nan,nan,nan,nan,nan,nan,nan
pid_top_drop,10,10,0,105,105,361,1,0,1,0,1,nan,nan,nan,nan,nan,nan,nan,nan,nan,nan
pid_top_drop,10,10,0,106,106,736,1,0,1,0,1,nan,nan,nan,nan,nan,nan,nan,nan,nan,nan
pid_top_drop,10,10,0,107,107,485,1,1,0,1,0,-3.2133171365458586,-1.9773261043403514,-31.21441529944349,0.9171584844589233,0.44805946946144104,0.02081512287259102,1.1926186906456917,0.13096177577972412,7.503557029716798,0.08629600703716278
pid_top_drop,10,10,0,108,108,118,1,0,1,0,1,nan,nan,nan,nan,nan,nan,nan,nan,nan,nan
pid_top_drop,10,10,0,109,109,197,1,0,1,0,1,nan,nan,nan,nan,nan,nan,nan,nan,nan,nan
pid_top_drop,10,10,0,110,110,288,1,0,1,0,1,nan,nan,nan,nan,nan,nan,nan,nan,nan,nan
pid_top_drop,10,10,0,111,111,148,1,1,0,1,0,-8.025212727576521,2.3211988082938135,-14.361989031947552,1.6929657459259033,0.39535024762153625,0.007343630772083998,0.42075904954281124,0.0788128525018692,4.515643819744176,0.046750057488679886
pid_top_drop,10,10,0,112,112,844,1,0,0,1,1,nan,nan,nan,nan,nan,nan,nan,nan,nan,nan
pid_top_drop,10,10,0,113,113,228,1,0,1,0,1,nan,nan,nan,nan,nan,nan,nan,nan,nan,nan
pid_top_drop,10,10,0,114,114,176,1,0,1,0,1,nan,nan,nan,nan,nan,nan,nan,nan,nan,nan
pid_top_drop,10,10,0,115,115,130,1,1,0,1,0,-7.823039128144145,-1.277586884250885,-7.143134777404395,1.732550859451294,0.48846668004989624,0.020534858107566833,1.1765607024635802,0.09491650015115738,5.438314864814158,0.06799310445785522
pid_top_drop,10,10,0,116,116,211,1,0,1,0,1,nan,nan,nan,nan,nan,nan,nan,nan,nan,nan
pid_top_drop,10,10,0,117,117,544,1,1,0,1,0,-9.011382760699643,9.065764726871285,68.14732451921012,1.2926080226898193,0.4931773841381073,0.08628912270069122,4.944002548636111,0.14823949337005615,8.493497327261766,0.1604088693857193
pid_top_drop,10,10,0,118,118,538,1,0,1,0,1,nan,nan,nan,nan,nan,nan,nan,nan,nan,nan
pid_top_drop,10,10,0,119,119,193,1,1,0,1,0,115.17984321937784,-23.02299674860388,-22.064857811834493,0.3236146867275238,0.45109713077545166,0.3918273150920868,22.45005145271924,0.9262765645980835,53.07173781334715,0.8549655675888062
pid_top_drop,10,10,0,120,120,74,1,0,1,0,1,nan,nan,nan,nan,nan,nan,nan,nan,nan,nan
pid_top_drop,10,10,0,121,121,416,1,0,1,0,1,nan,nan,nan,nan,nan,nan,nan,nan,nan,nan
pid_top_drop,10,10,0,122,122,212,1,1,0,1,0,-17.150400100226918,-3.0271535005279913,0.8000883593752937,0.15604335069656372,0.4937092959880829,0.04118526726961136,2.3597419926670185,0.09984248876571655,5.7205532223578945,0.09110651165246964
pid_top_drop,10,10,0,123,123,482,1,0,1,0,1,nan,nan,nan,nan,nan,nan,nan,nan,nan,nan
pid_top_drop,10,10,0,124,124,202,1,1,0,1,0,-0.4021751987086908,-3.932454093878161,36.27614554993488,1.3835798501968384,0.4936579763889313,0.003975751344114542,0.22779377241122747,0.1332133263349533,7.632561373891767,0.07058241218328476
pid_top_drop,10,10,0,125,125,999,1,0,0,1,1,nan,nan,nan,nan,nan,nan,nan,nan,nan,nan
pid_top_drop,10,10,0,126,126,972,1,0,0,1,1,nan,nan,nan,nan,nan,nan,nan,nan,nan,nan
pid_top_drop,10,10,0,127,127,293,1,1,0,1,0,0.8672017981598389,-0.10301291306213231,-40.681166772107886,0.857188880443573,0.4983189105987549,0.005109929013997316,0.29277736611349237,0.12944583594799042,7.416700075362685,0.06983284652233124
pid_top_drop,10,10,0,128,128,157,1,0,1,0,1,nan,nan,nan,nan,nan,nan,nan,nan,nan,nan
pid_top_drop,10,10,0,129,129,264,1,1,0,1,0,0.05151328672023617,-1.0306072438632239,-37.30311913315966,0.6413965821266174,0.48537805676460266,0.01724327728152275,0.9879670132050691,0.11399330943822861,6.531335523539313,0.07423993200063705
pid_top_drop,10,10,0,130,130,442,1,0,1,0,1,nan,nan,nan,nan,nan,nan,nan,nan,nan,nan
pid_top_drop,10,10,0,131,131,988,1,0,0,1,1,nan,nan,nan,nan,nan,nan,nan,nan,nan,nan
pid_top_drop,10,10,0,132,132,238,1,0,1,0,1,nan,nan,nan,nan,nan,nan,nan,nan,nan,nan
pid_top_drop,10,10,0,133,133,683,1,1,0,1,0,-1.7997411859200199,-0.5150099237973015,-48.657516326362135,1.0316596031188965,0.49522343277931213,0.008865234442055225,0.5079405179237796,0.12476955354213715,7.148768829696009,0.07125001400709152
pid_top_drop,10,10,0,134,134,205,1,1,0,1,0,0.4487570888481778,2.5275798042549185,-24.531594290962936,1.1440860033035278,0.4921373426914215,0.016107376664876938,0.9228847019249563,0.10996432602405548,6.3004917781789835,0.07108953595161438
pid_top_drop,10,10,0,135,135,416,1,1,0,1,0,0.026009360359408557,-4.575202215533041,-51.88622870929721,0.6885359883308411,0.4557785391807556,0.021623730659484863,1.238948504116123,0.1437816619873047,8.23808240324914,0.09351456165313721
pid_top_drop,10,10,0,136,136,109,1,0,1,0,1,nan,nan,nan,nan,nan,nan,nan,nan,nan,nan
pid_top_drop,10,10,0,137,137,505,1,0,1,0,1,nan,nan,nan,nan,nan,nan,nan,nan,nan,nan
pid_top_drop,10,10,0,138,138,569,1,0,1,0,1,nan,nan,nan,nan,nan,nan,nan,nan,nan,nan
pid_top_drop,10,10,0,139,139,480,1,0,1,0,1,nan,nan,nan,nan,nan,nan,nan,nan,nan,nan
pid_top_drop,10,10,0,140,140,143,1,1,0,1,0,1.6001903791289274,-4.385486881146767,4.002914325356013,2.3222930431365967,0.47437140345573425,0.02811344899237156,1.6107819748192072,0.12075541168451309,6.918775442887347,0.08849115669727325
pid_top_drop,10,10,0,141,141,961,1,0,0,1,1,nan,nan,nan,nan,nan,nan,nan,nan,nan,nan
pid_top_drop,10,10,0,142,142,158,1,1,0,1,0,0.46173444827120197,-2.2882909568726917,27.68923172539485,0.8092308640480042,0.46389859914779663,0.033998239785432816,1.9479556505790618,0.1430830955505371,8.198057494712865,0.10553978383541107
pid_top_drop,10,10,0,143,143,750,1,1,0,1,0,-2.082565659071908,-4.1475230904635225,-22.992561425662302,1.40219247341156,0.48990246653556824,0.005849365144968033,0.3351439356375972,0.14101764559745789,8.079715929605932,0.07635818421840668
pid_top_drop,10,10,0,144,144,932,1,0,0,1,1,nan,nan,nan,nan,nan,nan,nan,nan,nan,nan
pid_top_drop,10,10,0,145,145,351,1,0,1,0,1,nan,nan,nan,nan,nan,nan,nan,nan,nan,nan
pid_top_drop,10,10,0,146,146,928,1,0,0,1,1,nan,nan,nan,nan,nan,nan,nan,nan,nan,nan
pid_top_drop,10,10,0,147,147,323,1,1,0,1,0,-0.09470740303139681,-1.7090909152556106,15.825261438974403,0.6293774843215942,0.4808361828327179,0.0038621455896645784,0.221284642152845,0.12680749595165253,7.265534328651962,0.06726589053869247
pid_top_drop,10,10,0,148,148,357,1,0,1,0,1,nan,nan,nan,nan,nan,nan,nan,nan,nan,nan
pid_top_drop,10,10,0,149,149,190,1,0,1,0,1,nan,nan,nan,nan,nan,nan,nan,nan,nan,nan
pid_top_drop,10,10,0,150,150,296,1,0,1,0,1,nan,nan,nan,nan,nan,nan,nan,nan,nan,nan
pid_top_drop,10,10,0,151,151,117,1,0,1,0,1,nan,nan,nan,nan,nan,nan,nan,nan,nan,nan
pid_top_drop,10,10,0,152,152,251,1,0,1,0,1,nan,nan,nan,nan,nan,nan,nan,nan,nan,nan
pid_top_drop,10,10,0,153,153,880,1,0,0,1,1,nan,nan,nan,nan,nan,nan,nan,nan,nan,nan
pid_top_drop,10,10,0,154,154,385,1,1,0,1,0,-0.15847404912263585,-1.5183373921154946,-25.500224398297465,1.2128140926361084,0.49636417627334595,0.007011780980974436,0.40174545707993536,0.12526266276836395,7.1770219071977674,0.06964311003684998
pid_top_drop,10,10,0,155,155,728,1,0,1,0,1,nan,nan,nan,nan,nan,nan,nan,nan,nan,nan
pid_top_drop,10,10,0,156,156,169,1,1,0,1,0,0.028263322785512763,-1.8978773439147631,17.86315766087443,1.200527310371399,0.4637468755245209,0.008709111250936985,0.4989953179885901,0.11971576511859894,6.859208082475196,0.06856699287891388
pid_top_drop,10,10,0,157,157,218,1,0,1,0,1,nan,nan,nan,nan,nan,nan,nan,nan,nan,nan
pid_top_drop,10,10,0,158,158,208,1,0,1,0,1,nan,nan,nan,nan,nan,nan,nan,nan,nan,nan
pid_top_drop,10,10,0,159,159,457,1,0,1,0,1,nan,nan,nan,nan,nan,nan,nan,nan,nan,nan
pid_top_drop,10,10,0,160,160,245,1,0,1,0,1,nan,nan,nan,nan,nan,nan,nan,nan,nan,nan
pid_top_drop,10,10,0,161,161,112,1,0,1,0,1,nan,nan,nan,nan,nan,nan,nan,nan,nan,nan
pid_top_drop,10,10,0,162,162,601,1,0,1,0,1,nan,nan,nan,nan,nan,nan,nan,nan,nan,nan
pid_top_drop,10,10,0,163,163,344,1,0,1,0,1,nan,nan,nan,nan,nan,nan,nan,nan,nan,nan
pid_top_drop,10,10,0,164,164,798,1,0,0,1,1,nan,nan,nan,nan,nan,nan,nan,nan,nan,nan
pid_top_drop,10,10,0,165,165,963,1,0,0,1,1,nan,nan,nan,nan,nan,nan,nan,nan,nan,nan
pid_top_drop,10,10,0,166,166,158,1,1,0,1,0,-8.070565183665407,-0.6954908424257183,1.1040864189542212,2.341503143310547,0.4945160448551178,0.027787989005446434,1.5921344911680146,0.09679272770881653,5.545814785274166,0.07618435472249985
pid_top_drop,10,10,0,167,167,770,1,0,1,0,1,nan,nan,nan,nan,nan,nan,nan,nan,nan,nan
pid_top_drop,10,10,0,168,168,216,1,0,1,0,1,nan,nan,nan,nan,nan,nan,nan,nan,nan,nan
pid_top_drop,10,10,0,169,169,831,1,1,0,1,0,85.62840139791403,-15.09533278275348,-84.8090519050793,0.5238842964172363,0.46452152729034424,0.34107574820518494,19.54220086642386,0.6764705181121826,38.75890565285618,0.6793110370635986
pid_top_drop,10,10,0,170,170,285,1,0,1,0,1,nan,nan,nan,nan,nan,nan,nan,nan,nan,nan
pid_top_drop,10,10,0,171,171,334,1,1,0,1,0,-3.1568724532448735,-0.8684312322104413,51.49365675656155,0.06389342248439789,0.4854978621006012,0.021544793620705605,1.234425744946811,0.1108359694480896,6.35043326761647,0.07696277648210526
pid_top_drop,10,10,0,172,172,161,1,0,1,0,1,nan,nan,nan,nan,nan,nan,nan,nan,nan,nan
pid_top_drop,10,10,0,173,173,364,1,1,0,1,0,-0.035038870442165415,-0.7838461695290033,52.975234070564035,1.498661756515503,0.4867732524871826,0.00816994160413742,0.46810317278541574,0.12684111297130585,7.267460441997906,0.07159049808979034
pid_top_drop,10,10,0,174,174,418,1,0,1,0,1,nan,nan,nan,nan,nan,nan,nan,nan,nan,nan
pid_top_drop,10,10,0,175,175,806,1,0,0,1,1,nan,nan,nan,nan,nan,nan,nan,nan,nan,nan
pid_top_drop,10,10,0,176,176,969,1,0,0,1,1,nan,nan,nan,nan,nan,nan,nan,nan,nan,nan
pid_top_drop,10,10,0,177,177,500,1,0,1,0,1,nan,nan,nan,nan,nan,nan,nan,nan,nan,nan
pid_top_drop,10,10,0,178,178,719,1,0,1,0,1,nan,nan,nan,nan,nan,nan,nan,nan,nan,nan
pid_top_drop,10,10,0,179,179,260,1,0,1,0,1,nan,nan,nan,nan,nan,nan,nan,nan,nan,nan
pid_top_drop,10,10,0,180,180,140,1,1,0,1,0,-7.466339328929399,0.011952831047522315,42.548280944000915,2.9164202213287354,0.4717836380004883,0.017967769876122475,1.0294773811641158,0.08383650332689285,4.803477809765446,0.05988602340221405
pid_top_drop,10,10,0,181,181,170,1,1,0,1,0,1.5655749804153027,-0.8825833841707077,-34.06992614612906,1.4997957944869995,0.4393613338470459,0.0074178422801196575,0.4250110557445557,0.1264004409313202,7.242211793957308,0.07061806321144104
pid_top_drop,10,10,0,182,182,892,1,1,0,1,0,-0.10896883801838343,-1.787501486927357,-26.47273405308056,1.296786904335022,0.49443283677101135,0.006765492260456085,0.38763415285255676,0.1331552416086197,7.6292333642186785,0.07334311306476593
pid_top_drop,10,10,0,183,183,830,1,1,0,1,0,-0.040503021778175614,-4.359313596247278,-14.255711288462154,0.4423861801624298,0.432550847530365,0.027316061779856682,1.5650950529044034,0.13791394233703613,7.901886831922772,0.0962730348110199
pid_top_drop,10,10,0,184,184,280,1,0,1,0,1,nan,nan,nan,nan,nan,nan,nan,nan,nan,nan
pid_top_drop,10,10,0,185,185,242,1,1,0,1,0,-2.4283917971279934,-2.083330640258949,52.16102087998516,0.45984333753585815,0.4825032651424408,0.01603664457798004,0.9188320518696116,0.12580254673957825,7.207954980175109,0.07893791794776917
pid_top_drop,10,10,0,186,186,180,1,1,0,1,0,0.057414570163127183,-6.399518422086767,56.02805542199294,1.311854600906372,0.4485095143318176,0.04394051432609558,2.5176060205194073,0.22735781967639923,13.0266435067541,0.1576194167137146
pid_top_drop,10,10,0,187,187,255,1,1,0,1,0,-2.093985735364169,2.3370175264115627,7.805745089165672,1.075355052947998,0.49109774827957153,0.015222758054733276,0.8721997890849957,0.09912676364183426,5.679545193467961,0.06478613615036011
pid_top_drop,10,10,0,188,188,241,1,1,0,1,0,6.902438911053146,1.7534598241040134,-25.333076008928913,0.3477177917957306,0.49016064405441284,0.02927481010556221,1.6773230650956465,0.12307406216859818,7.051624329791387,0.0908118411898613
pid_top_drop,10,10,0,189,189,413,1,0,1,0,1,nan,nan,nan,nan,nan,nan,nan,nan,nan,nan
pid_top_drop,10,10,0,190,190,466,1,0,1,0,1,nan,nan,nan,nan,nan,nan,nan,nan,nan,nan
pid_top_drop,10,10,0,191,191,207,1,0,1,0,1,nan,nan,nan,nan,nan,nan,nan,nan,nan,nan
pid_top_drop,10,10,0,192,192,75,1,0,1,0,1,nan,nan,nan,nan,nan,nan,nan,nan,nan,nan
pid_top_drop,10,10,0,193,193,282,1,1,0,1,0,0.11967857463696342,-2.275013069126187,17.827517733785303,0.9794431328773499,0.46834835410118103,0.006779947318136692,0.3884623666502737,0.13181903958320618,7.5526746275856524,0.0726894661784172
pid_top_drop,10,10,0,194,194,65,1,0,1,0,1,nan,nan,nan,nan,nan,nan,nan,nan,nan,nan
pid_top_drop,10,10,0,195,195,443,1,0,1,0,1,nan,nan,nan,nan,nan,nan,nan,nan,nan,nan
pid_top_drop,10,10,0,196,196,228,1,1,0,1,0,1.2634620530472986,-0.8074513033005674,0.7714425459962602,1.6336091756820679,0.49770060181617737,0.015102577395737171,0.865313944545418,0.11348932981491089,6.502459618162614,0.07184724509716034
pid_top_drop,10,10,0,197,197,551,1,1,0,1,0,-102.99221758894717,-20.096288010010095,72.88023580267875,0.9666187167167664,0.411009281873703,0.43134018778800964,24.713972294633326,0.8730889558792114,50.02431231136256,0.867884635925293
pid_top_drop,10,10,0,198,198,803,1,1,0,1,0,0.23632454528244118,-0.7300242788693029,-52.51979705670759,1.347816824913025,0.48508694767951965,0.007972436025738716,0.4567869367128798,0.13154186308383942,7.536793583991726,0.07374336570501328
pid_top_drop,10,10,0,199,199,381,1,0,1,0,1,nan,nan,nan,nan,nan,nan,nan,nan,nan,nan
pid_top_drop,10,10,0,200,200,105,1,0,1,0,1,nan,nan,nan,nan,nan,nan,nan,nan,nan,nan
pid_top_drop,10,10,0,201,201,108,1,1,0,1,0,-1.4824379178379075,1.146870723915181,-27.87958909756311,2.322192430496216,0.45259273052215576,0.008687454275786877,0.49775446471546914,0.09574047476053238,5.485525132357286,0.05655769258737564
pid_top_drop,10,10,0,202,202,422,1,1,0,1,0,6.75440139098229,0.9110379522529808,22.148814497112287,1.669678807258606,0.49993234872817993,0.0025875328574329615,0.14825471208233484,0.14600816369056702,8.36565155392476,0.07559161633253098
pid_top_drop,10,10,0,203,203,778,1,0,0,1,1,nan,nan,nan,nan,nan,nan,nan,nan,nan,nan
pid_top_drop,10,10,0,204,204,834,1,1,0,1,0,0.3047357200092889,-1.478886219469501,-11.766954279449587,1.1630492210388184,0.49918901920318604,0.006714949384331703,0.38473825936617717,0.12153230607509613,6.963288212595144,0.06748110055923462
pid_top_drop,10,10,0,205,205,93,1,0,1,0,1,nan,nan,nan,nan,nan,nan,nan,nan,nan,nan
pid_top_drop,10,10,0,206,206,94,1,0,1,0,1,nan,nan,nan,nan,nan,nan,nan,nan,nan,nan
pid_top_drop,10,10,0,207,207,512,1,0,1,0,1,nan,nan,nan,nan,nan,nan,nan,nan,nan,nan
pid_top_drop,10,10,0,208,208,201,1,0,1,0,1,nan,nan,nan,nan,nan,nan,nan,nan,nan,nan
pid_top_drop,10,10,0,209,209,115,1,1,0,1,0,-0.7932445098269408,-2.2837557112638036,-0.16404748348536624,1.5049506425857544,0.43245574831962585,0.012131299823522568,0.6950722798956436,0.12305393815040588,7.050471308482125,0.07365827262401581
pid_top_drop,10,10,0,210,210,518,1,0,1,0,1,nan,nan,nan,nan,nan,nan,nan,nan,nan,nan
pid_top_drop,10,10,0,211,211,645,1,1,0,1,0,-1.284471714934258,1.3549592671687896,-42.444393766725014,1.1474624872207642,0.4983377158641815,0.006905862595885992,0.3956767806415261,0.10850097984075546,6.216648217909315,0.06115635111927986
pid_top_drop,10,10,0,212,212,230,1,0,1,0,1,nan,nan,nan,nan,nan,nan,nan,nan,nan,nan
pid_top_drop,10,10,0,213,213,879,1,0,1,0,1,nan,nan,nan,nan,nan,nan,nan,nan,nan,nan
pid_top_drop,10,10,0,214,214,613,1,0,1,0,1,nan,nan,nan,nan,nan,nan,nan,nan,nan,nan
pid_top_drop,10,10,0,215,215,84,1,0,1,0,1,nan,nan,nan,nan,nan,nan,nan,nan,nan,nan
pid_top_drop,10,10,0,216,216,364,1,0,1,0,1,nan,nan,nan,nan,nan,nan,nan,nan,nan,nan
pid_top_drop,10,10,0,217,217,284,1,1,0,1,0,-0.19431888188686278,-1.0963956259487868,34.487961044090525,0.4111706018447876,0.47756093740463257,0.015489700250327587,0.8874944502665055,0.12554973363876343,7.193469856492804,0.07826456427574158
pid_top_drop,10,10,0,218,218,291,1,0,1,0,1,nan,nan,nan,nan,nan,nan,nan,nan,nan,nan
pid_top_drop,10,10,0,219,219,81,1,0,1,0,1,nan,nan,nan,nan,nan,nan,nan,nan,nan,nan
pid_top_drop,10,10,0,220,220,122,1,0,1,0,1,nan,nan,nan,nan,nan,nan,nan,nan,nan,nan
pid_top_drop,10,10,0,221,221,90,1,1,0,1,0,8.557817218675776,-0.44217278648828545,-11.293813415264465,3.342642068862915,0.3981395363807678,0.02128644473850727,1.2196234443549239,0.13964226841926575,8.000912622056909,0.091107577085495
pid_top_drop,10,10,0,222,222,951,1,0,0,1,1,nan,nan,nan,nan,nan,nan,nan,nan,nan,nan
pid_top_drop,10,10,0,223,223,964,1,0,0,1,1,nan,nan,nan,nan,nan,nan,nan,nan,nan,nan
pid_top_drop,10,10,0,224,224,51,1,0,1,0,1,nan,nan,nan,nan,nan,nan,nan,nan,nan,nan
pid_top_drop,10,10,0,225,225,344,1,0,1,0,1,nan,nan,nan,nan,nan,nan,nan,nan,nan,nan
pid_top_drop,10,10,0,226,226,528,1,1,0,1,0,7.190112818515743,-1.030552602349864,-71.37532656247151,0.7277852296829224,0.4318182170391083,0.057125937193632126,3.273075101924535,0.30239349603652954,17.32587107509913,0.2083226889371872
pid_top_drop,10,10,0,227,227,408,1,0,1,0,1,nan,nan,nan,nan,nan,nan,nan,nan,nan,nan
pid_top_drop,10,10,0,228,228,808,1,1,0,1,0,-2.3968636439192146,1.6643668365703672,-32.14080751695066,1.818329095840454,0.48410725593566895,0.009457675740122795,0.5418849039123034,0.10940641909837723,6.2685260659765,0.06416088342666626
pid_top_drop,10,10,0,229,229,327,1,0,1,0,1,nan,nan,nan,nan,nan,nan,nan,nan,nan,nan
pid_top_drop,10,10,0,230,230,553,1,0,1,0,1,nan,nan,nan,nan,nan,nan,nan,nan,nan,nan
pid_top_drop,10,10,0,231,231,154,1,1,0,1,0,4.900319220025648,-0.8635681375213922,-22.33227337821883,2.647078275680542,0.4727093577384949,0.008455736562609673,0.4844780177119924,0.1243043839931488,7.122116577780973,0.07060793042182922
pid_top_drop,10,10,0,232,232,210,1,0,1,0,1,nan,nan,nan,nan,nan,nan,nan,nan,nan,nan
pid_top_drop,10,10,0,233,233,421,1,1,0,1,0,0.9138656505693661,-3.4334677938737097,53.73958688020183,0.9904293417930603,0.4990585446357727,0.03463941812515259,1.98469246336021,0.15929879248142242,9.127148490715836,0.1142888143658638
pid_top_drop,10,10,0,234,234,177,1,0,1,0,1,nan,nan,nan,nan,nan,nan,nan,nan,nan,nan
pid_top_drop,10,10,0,235,235,380,1,1,0,1,0,-0.6365326495101683,-0.3454573078409049,57.21473248839095,1.596038818359375,0.49637067317962646,0.005810417700558901,0.33291241145013356,0.12173136323690414,6.9746933478485955,0.06667610257863998
pid_top_drop,10,10,0,236,236,763,1,1,0,1,0,0.47344139250860384,1.2398842400324146,-23.212985290556954,1.4068621397018433,0.49964943528175354,0.006848405580967665,0.3923847361832858,0.11923854798078537,6.831865554567166,0.06646768003702164
pid_top_drop,10,10,0,237,237,594,1,1,0,1,0,-0.43108055927618477,-0.32070470228877873,-10.253275076348041,1.2890641689300537,0.4939630627632141,0.0035421145148575306,0.20294821225336562,0.12335483729839325,7.067711559720883,0.06521953642368317
pid_top_drop,10,10,0,238,238,121,1,0,1,0,1,nan,nan,nan,nan,nan,nan,nan,nan,nan,nan
pid_top_drop,10,10,0,239,239,362,1,1,0,1,0,0.006010566469611221,1.2197761631158972,-26.72922131679288,1.0603158473968506,0.49026012420654297,0.004092032089829445,0.23445616837932534,0.1181691512465477,6.7705936350702745,0.06317660957574844
pid_top_drop,10,10,0,240,240,987,1,0,0,1,1,nan,nan,nan,nan,nan,nan,nan,nan,nan,nan
pid_top_drop,10,10,0,241,241,413,1,0,1,0,1,nan,nan,nan,nan,nan,nan,nan,nan,nan,nan
pid_top_drop,10,10,0,242,242,188,1,0,1,0,1,nan,nan,nan,nan,nan,nan,nan,nan,nan,nan
pid_top_drop,10,10,0,243,243,571,1,0,1,0,1,nan,nan,nan,nan,nan,nan,nan,nan,nan,nan
pid_top_drop,10,10,0,244,244,126,1,0,1,0,1,nan,nan,nan,nan,nan,nan,nan,nan,nan,nan
pid_top_drop,10,10,0,245,245,708,1,1,0,1,0,0.8337475316051165,1.5498518849459333,-26.719221919847982,0.19063156843185425,0.4003346562385559,0.025844836607575417,1.4808000598192796,0.13318538665771484,7.630960548305046,0.09243752807378769
pid_top_drop,10,10,0,246,246,39,1,0,1,0,1,nan,nan,nan,nan,nan,nan,nan,nan,nan,nan
pid_top_drop,10,10,0,247,247,230,1,1,0,1,0,2.0175695789300665,-1.5173538448750126,-27.112367608473914,0.9677832722663879,0.49487581849098206,0.004673339426517487,0.2677626253715405,0.1308615505695343,7.4978145481721095,0.07010411471128464
pid_top_drop,10,10,0,248,248,984,1,0,0,1,1,nan,nan,nan,nan,nan,nan,nan,nan,nan,nan
pid_top_drop,10,10,0,249,249,971,1,0,0,1,1,nan,nan,nan,nan,nan,nan,nan,nan,nan,nan
pid_top_drop,10,10,0,250,250,223,1,0,1,0,1,nan,nan,nan,nan,nan,nan,nan,nan,nan,nan
pid_top_drop,10,10,0,251,251,515,1,0,1,0,1,nan,nan,nan,nan,nan,nan,nan,nan,nan,nan
pid_top_drop,10,10,0,252,252,909,1,0,0,1,1,nan,nan,nan,nan,nan,nan,nan,nan,nan,nan
pid_top_drop,10,10,0,253,253,132,1,1,0,1,0,1.0762192471405692,-1.4822739932978273,-37.376010911982036,1.5073494911193848,0.47422167658805847,0.013353820890188217,0.7651175773814168,0.1173279657959938,6.722397258965725,0.07201780378818512
pid_top_drop,10,10,0,254,254,350,1,0,1,0,1,nan,nan,nan,nan,nan,nan,nan,nan,nan,nan
pid_top_drop,10,10,0,255,255,972,1,0,0,1,1,nan,nan,nan,nan,nan,nan,nan,nan,nan,nan
pid_top_drop,10,10017,1,256,0,276,1,0,1,0,1,nan,nan,nan,nan,nan,nan,nan,nan,nan,nan
pid_top_drop,10,10017,1,257,1,574,1,0,1,0,1,nan,nan,nan,nan,nan,nan,nan,nan,nan,nan
pid_top_drop,10,10017,1,258,2,986,1,0,0,1,1,nan,nan,nan,nan,nan,nan,nan,nan,nan,nan
pid_top_drop,10,10017,1,259,3,933,1,0,0,1,1,nan,nan,nan,nan,nan,nan,nan,nan,nan,nan
pid_top_drop,10,10017,1,260,4,583,1,1,0,1,0,24.052634105604962,-17.102151643929947,-82.77513085327622,0.6368260383605957,0.4463155269622803,0.197374165058136,11.308706642749677,0.8220341801643372,47.09908913891325,0.608391284942627
pid_top_drop,10,10017,1,261,5,298,1,1,0,1,0,-0.33556719392272644,0.5402816237263486,55.87970371322026,0.6026917099952698,0.48986855149269104,0.008298332802951336,0.4754594466040782,0.11403084546327591,6.53348617935422,0.06531375646591187
pid_top_drop,10,10017,1,262,6,531,1,1,0,1,0,2.4830606312447756,3.9555674540294845,-57.28650411618945,0.36268481612205505,0.48889032006263733,0.05124830827116966,2.93631177112341,0.20292805135250092,11.62692088731234,0.15271233022212982
pid_top_drop,10,10017,1,263,7,176,1,0,1,0,1,nan,nan,nan,nan,nan,nan,nan,nan,nan,nan
pid_top_drop,10,10017,1,264,8,138,1,1,0,1,0,0.0897760064506476,-4.12451901333892,-13.427455228949727,3.011536121368408,0.4597723186016083,0.018012309446930885,1.0320293105927618,0.1177741289138794,6.747960522594967,0.07689937204122543
pid_top_drop,10,10017,1,265,9,264,1,1,0,1,0,-3.6357506763328074,-1.2354582774502465,-30.925033844688393,0.21334074437618256,0.46770820021629333,0.008636213839054108,0.4948186039502744,0.1141345426440239,6.539427590158485,0.06570348143577576
pid_top_drop,10,10017,1,266,10,232,1,0,1,0,1,nan,nan,nan,nan,nan,nan,nan,nan,nan,nan
pid_top_drop,10,10017,1,267,11,527,1,0,1,0,1,nan,nan,nan,nan,nan,nan,nan,nan,nan,nan
pid_top_drop,10,10017,1,268,12,469,1,0,1,0,1,nan,nan,nan,nan,nan,nan,nan,nan,nan,nan
pid_top_drop,10,10017,1,269,13,259,1,1,0,1,0,2.7253411014834676,2.0859807536569144,-55.588464447010914,0.17775879800319672,0.45640334486961365,0.01596955396234989,0.9149880427490695,0.11879554390907288,6.806483290950929,0.07536732405424118
pid_top_drop,10,10017,1,270,14,208,1,0,1,0,1,nan,nan,nan,nan,nan,nan,nan,nan,nan,nan
pid_top_drop,10,10017,1,271,15,773,1,0,1,0,1,nan,nan,nan,nan,nan,nan,nan,nan,nan,nan
pid_top_drop,10,10017,1,272,16,330,1,0,1,0,1,nan,nan,nan,nan,nan,nan,nan,nan,nan,nan
pid_top_drop,10,10017,1,273,17,363,1,1,0,1,0,0.39736674553300183,0.19388174977998196,-48.74461489865814,1.29767906665802,0.48423054814338684,0.007657482288777828,0.43874141684314744,0.12470819056034088,7.1452529898207455,0.07001157850027084
pid_top_drop,10,10017,1,274,18,500,1,0,1,0,1,nan,nan,nan,nan,nan,nan,nan,nan,nan,nan
pid_top_drop,10,10017,1,275,19,68,1,0,1,0,1,nan,nan,nan,nan,nan,nan,nan,nan,nan,nan
pid_top_drop,10,10017,1,276,20,983,1,0,0,1,1,nan,nan,nan,nan,nan,nan,nan,nan,nan,nan
pid_top_drop,10,10017,1,277,21,284,1,0,1,0,1,nan,nan,nan,nan,nan,nan,nan,nan,nan,nan
pid_top_drop,10,10017,1,278,22,994,1,0,0,1,1,nan,nan,nan,nan,nan,nan,nan,nan,nan,nan
pid_top_drop,10,10017,1,279,23,992,1,0,0,1,1,nan,nan,nan,nan,nan,nan,nan,nan,nan,nan
pid_top_drop,10,10017,1,280,24,304,1,0,1,0,1,nan,nan,nan,nan,nan,nan,nan,nan,nan,nan
pid_top_drop,10,10017,1,281,25,496,1,0,1,0,1,nan,nan,nan,nan,nan,nan,nan,nan,nan,nan
pid_top_drop,10,10017,1,282,26,423,1,1,0,1,0,1.9959725207744863,1.7068232924511664,41.88806119844914,1.3670436143875122,0.49253588914871216,0.009176281280815601,0.5257621890156353,0.12914645671844482,7.399546909035844,0.07374951243400574
pid_top_drop,10,10017,1,283,27,399,1,1,0,1,0,0.5066770930098858,-0.2789039445683007,10.93311112519609,0.8995339870452881,0.472566694021225,0.007484855595976114,0.42885063591430783,0.12758921086788177,7.310323294134321,0.07127945870161057
pid_top_drop,10,10017,1,284,28,446,1,0,1,0,1,nan,nan,nan,nan,nan,nan,nan,nan,nan,nan
pid_top_drop,10,10017,1,285,29,46,1,0,1,0,1,nan,nan,nan,nan,nan,nan,nan,nan,nan,nan
pid_top_drop,10,10017,1,286,30,338,1,0,1,0,1,nan,nan,nan,nan,nan,nan,nan,nan,nan,nan
pid_top_drop,10,10017,1,287,31,108,1,0,1,0,1,nan,nan,nan,nan,nan,nan,nan,nan,nan,nan
pid_top_drop,10,10017,1,288,32,894,1,0,0,1,1,nan,nan,nan,nan,nan,nan,nan,nan,nan,nan
pid_top_drop,10,10017,1,289,33,384,1,0,1,0,1,nan,nan,nan,nan,nan,nan,nan,nan,nan,nan
pid_top_drop,10,10017,1,290,34,61,1,0,1,0,1,nan,nan,nan,nan,nan,nan,nan,nan,nan,nan
pid_top_drop,10,10017,1,291,35,89,1,0,1,0,1,nan,nan,nan,nan,nan,nan,nan,nan,nan,nan
pid_top_drop,10,10017,1,292,36,867,1,0,0,1,1,nan,nan,nan,nan,nan,nan,nan,nan,nan,nan
pid_top_drop,10,10017,1,293,37,160,1,0,1,0,1,nan,nan,nan,nan,nan,nan,nan,nan,nan,nan
pid_top_drop,10,10017,1,294,38,986,1,0,0,1,1,nan,nan,nan,nan,nan,nan,nan,nan,nan,nan
pid_top_drop,10,10017,1,295,39,929,1,0,0,1,1,nan,nan,nan,nan,nan,nan,nan,nan,nan,nan
pid_top_drop,10,10017,1,296,40,159,1,1,0,1,0,2.2300840847658434,-1.5602474328626927,3.3514099011851766,1.5913008451461792,0.48171988129615784,0.007810444571077824,0.4475055100436258,0.1255355179309845,7.1926553564342806,0.0705782026052475
pid_top_drop,10,10017,1,297,41,990,1,0,0,1,1,nan,nan,nan,nan,nan,nan,nan,nan,nan,nan
pid_top_drop,10,10017,1,298,42,910,1,1,0,1,0,1.636486004378375,0.5221269809124547,4.291448836654031,1.2156362533569336,0.4928186535835266,0.0036887642927467823,0.2113506255929507,0.12327510118484497,7.063143016939791,0.06532631814479828
pid_top_drop,10,10017,1,299,43,955,1,0,0,1,1,nan,nan,nan,nan,nan,nan,nan,nan,nan,nan
pid_top_drop,10,10017,1,300,44,453,1,0,1,0,1,nan,nan,nan,nan,nan,nan,nan,nan,nan,nan
pid_top_drop,10,10017,1,301,45,948,1,1,0,1,0,-0.8449900229789574,0.41157353900662835,47.899256045464,1.5330194234848022,0.4952366054058075,0.009503698907792568,0.5445218371796042,0.11097227036952972,6.358242735158734,0.06498983502388
pid_top_drop,10,10017,1,302,46,256,1,1,0,1,0,-5.191394561694912,4.378670352355094,33.72541140439362,0.742081880569458,0.4531753957271576,0.018407752737402916,1.054686542173575,0.0817587822675705,4.684433162060824,0.05928714573383331
pid_top_drop,10,10017,1,303,47,770,1,0,1,0,1,nan,nan,nan,nan,nan,nan,nan,nan,nan,nan
pid_top_drop,10,10017,1,304,48,493,1,0,1,0,1,nan,nan,nan,nan,nan,nan,nan,nan,nan,nan
pid_top_drop,10,10017,1,305,49,194,1,0,1,0,1,nan,nan,nan,nan,nan,nan,nan,nan,nan,nan
pid_top_drop,10,10017,1,306,50,740,1,1,0,1,0,1.7074653302331475,-0.569432871103963,15.833266420681658,0.8073002099990845,0.497684121131897,0.020734570920467377,1.1880034037574672,0.13027134537696838,7.463998281591377,0.08587024360895157
pid_top_drop,10,10017,1,307,51,215,1,0,1,0,1,nan,nan,nan,nan,nan,nan,nan,nan,nan,nan
pid_top_drop,10,10017,1,308,52,167,1,1,0,1,0,-2.996936743639855,0.43546554072333293,50.05169453974514,2.2918055057525635,0.469802588224411,0.0032330122776329517,0.18523795862234568,0.11595212668180466,6.643567484433669,0.06120907515287399
pid_top_drop,10,10017,1,309,53,576,1,0,1,0,1,nan,nan,nan,nan,nan,nan,nan,nan,nan,nan
pid_top_drop,10,10017,1,310,54,855,1,0,0,1,1,nan,nan,nan,nan,nan,nan,nan,nan,nan,nan
pid_top_drop,10,10017,1,311,55,721,1,0,1,0,1,nan,nan,nan,nan,nan,nan,nan,nan,nan,nan
pid_top_drop,10,10017,1,312,56,190,1,1,0,1,0,-1.9177122132644802,-1.701823593978717,29.02188359473438,0.9564883708953857,0.48411867022514343,0.012632026337087154,0.7237617958131946,0.11364315450191498,6.511273123512869,0.06945360451936722
pid_top_drop,10,10017,1,313,57,157,1,1,0,1,0,-2.777387142958965,-2.0336615046146167,0.9165567451023511,1.3037136793136597,0.46006301045417786,0.026581114158034325,1.5229856560108055,0.11367229372262955,6.512942677878114,0.08341725915670395
pid_top_drop,10,10017,1,314,58,265,1,0,1,0,1,nan,nan,nan,nan,nan,nan,nan,nan,nan,nan
pid_top_drop,10,10017,1,315,59,314,1,0,1,0,1,nan,nan,nan,nan,nan,nan,nan,nan,nan,nan
pid_top_drop,10,10017,1,316,60,385,1,1,0,1,0,2.189731327149408,1.3597267392094583,42.206949070418695,1.598090648651123,0.4916011095046997,0.00805747788399458,0.4616594762728905,0.13336506485939026,7.641255350931548,0.07474000751972198
pid_top_drop,10,10017,1,317,61,925,1,0,0,1,1,nan,nan,nan,nan,nan,nan,nan,nan,nan,nan
pid_top_drop,10,10017,1,318,62,139,1,0,1,0,1,nan,nan,nan,nan,nan,nan,nan,nan,nan,nan
pid_top_drop,10,10017,1,319,63,426,1,0,1,0,1,nan,nan,nan,nan,nan,nan,nan,nan,nan,nan
pid_top_drop,10,10017,1,320,64,477,1,1,0,1,0,-3.996439306022841,6.638014967525272,-63.36384251512671,0.9129520654678345,0.48933395743370056,0.04270187392830849,2.4466371533918014,0.039136748760938644,2.2423705278656385,0.06227024644613266
pid_top_drop,10,10017,1,321,65,310,1,0,1,0,1,nan,nan,nan,nan,nan,nan,nan,nan,nan,nan
pid_top_drop,10,10017,1,322,66,242,1,1,0,1,0,-1.5116164859722019,-2.9249192290312402,42.35069723169078,0.7149161100387573,0.49205657839775085,0.007849408313632011,0.44973796804601507,0.1258857548236847,7.212722452215778,0.0707922875881195
pid_top_drop,10,10017,1,323,67,187,1,1,0,1,0,-1.4117864410632956,-2.0726209036403693,38.99290793382082,0.7937172055244446,0.47346457839012146,0.015268967486917973,0.8748473945228749,0.11676160991191864,6.689947457105818,0.07364977151155472
pid_top_drop,10,10017,1,324,68,115,1,0,1,0,1,nan,nan,nan,nan,nan,nan,nan,nan,nan,nan
pid_top_drop,10,10017,1,325,69,207,1,1,0,1,0,-0.16404748348536624,-1.8446018683886636,20.34022138602793,1.5239510536193848,0.4056575894355774,0.005320610478520393,0.3048485248522999,0.12610965967178345,7.225551255024354,0.06837543845176697
pid_top_drop,10,10017,1,326,70,167,1,0,1,0,1,nan,nan,nan,nan,nan,nan,nan,nan,nan,nan
pid_top_drop,10,10017,1,327,71,849,1,0,0,1,1,nan,nan,nan,nan,nan,nan,nan,nan,nan,nan
pid_top_drop,10,10017,1,328,72,14,1,0,1,0,1,nan,nan,nan,nan,nan,nan,nan,nan,nan,nan
pid_top_drop,10,10017,1,329,73,113,1,0,1,0,1,nan,nan,nan,nan,nan,nan,nan,nan,nan,nan
pid_top_drop,10,10017,1,330,74,243,1,0,1,0,1,nan,nan,nan,nan,nan,nan,nan,nan,nan,nan
pid_top_drop,10,10017,1,331,75,360,1,0,1,0,1,nan,nan,nan,nan,nan,nan,nan,nan,nan,nan
pid_top_drop,10,10017,1,332,76,752,1,1,0,1,0,0.5294899248377285,0.809391077024851,7.593134960681515,0.9974518418312073,0.4999537169933319,0.009627999737858772,0.5516437501323707,0.11360196769237518,6.50891329315463,0.06642898172140121
pid_top_drop,10,10017,1,333,77,95,1,0,1,0,1,nan,nan,nan,nan,nan,nan,nan,nan,nan,nan
pid_top_drop,10,10017,1,334,78,259,1,0,1,0,1,nan,nan,nan,nan,nan,nan,nan,nan,nan,nan
pid_top_drop,10,10017,1,335,79,232,1,1,0,1,0,1.1995314824159793,-1.360040927911279,30.89067799316323,1.1523971557617188,0.42007943987846375,0.010036821477115154,0.5750675103649591,0.12958110868930817,7.424450632523357,0.07482737302780151
pid_top_drop,10,10017,1,336,80,46,1,0,1,0,1,nan,nan,nan,nan,nan,nan,nan,nan,nan,nan
pid_top_drop,10,10017,1,337,81,416,1,1,0,1,0,-0.5392161142158266,-1.1351911004344593,-31.54106226631018,1.0489180088043213,0.48101380467414856,0.009252149611711502,0.5301091241746725,0.12406640499830246,7.108481385763512,0.07128535211086273
pid_top_drop,10,10017,1,338,82,877,1,0,0,1,1,nan,nan,nan,nan,nan,nan,nan,nan,nan,nan
pid_top_drop,10,10017,1,339,83,207,1,0,1,0,1,nan,nan,nan,nan,nan,nan,nan,nan,nan,nan
pid_top_drop,10,10017,1,340,84,114,1,0,1,0,1,nan,nan,nan,nan,nan,nan,nan,nan,nan,nan
pid_top_drop,10,10017,1,341,85,536,1,0,1,0,1,nan,nan,nan,nan,nan,nan,nan,nan,nan,nan
pid_top_drop,10,10017,1,342,86,950,1,0,0,1,1,nan,nan,nan,nan,nan,nan,nan,nan,nan,nan
pid_top_drop,10,10017,1,343,87,164,1,0,1,0,1,nan,nan,nan,nan,nan,nan,nan,nan,nan,nan
pid_top_drop,10,10017,1,344,88,157,1,0,1,0,1,nan,nan,nan,nan,nan,nan,nan,nan,nan,nan
pid_top_drop,10,10017,1,345,89,227,1,0,1,0,1,nan,nan,nan,nan,nan,nan,nan,nan,nan,nan
pid_top_drop,10,10017,1,346,90,251,1,1,0,1,0,-1.2712484687011132,15.676499918851526,-59.2332173126698,1.3272428512573242,0.38870367407798767,0.06580623239278793,3.7704193817638334,0.17145663499832153,9.823741554918865,0.1515345573425293
pid_top_drop,10,10017,1,347,91,575,1,0,1,0,1,nan,nan,nan,nan,nan,nan,nan,nan,nan,nan
pid_top_drop,10,10017,1,348,92,521,1,0,1,0,1,nan,nan,nan,nan,nan,nan,nan,nan,nan,nan
pid_top_drop,10,10017,1,349,93,63,1,0,1,0,1,nan,nan,nan,nan,nan,nan,nan,nan,nan,nan
pid_top_drop,10,10017,1,350,94,244,1,0,1,0,1,nan,nan,nan,nan,nan,nan,nan,nan,nan,nan
pid_top_drop,10,10017,1,351,95,247,1,0,1,0,1,nan,nan,nan,nan,nan,nan,nan,nan,nan,nan
pid_top_drop,10,10017,1,352,96,141,1,0,1,0,1,nan,nan,nan,nan,nan,nan,nan,nan,nan,nan
pid_top_drop,10,10017,1,353,97,621,1,0,1,0,1,nan,nan,nan,nan,nan,nan,nan,nan,nan,nan
pid_top_drop,10,10017,1,354,98,984,1,0,0,1,1,nan,nan,nan,nan,nan,nan,nan,nan,nan,nan
pid_top_drop,10,10017,1,355,99,146,1,1,0,1,0,-8.920349999441713,-3.099935996323647,12.388241946732286,2.1176977157592773,0.4252302050590515,0.04134583845734596,2.368942044035614,0.0873589888215065,5.00530136200286,0.08502533286809921
pid_top_drop,10,10017,1,356,100,407,1,0,1,0,1,nan,nan,nan,nan,nan,nan,nan,nan,nan,nan
pid_top_drop,10,10017,1,357,101,344,1,0,1,0,1,nan,nan,nan,nan,nan,nan,nan,nan,nan,nan
pid_top_drop,10,10017,1,358,102,143,1,0,1,0,1,nan,nan,nan,nan,nan,nan,nan,nan,nan,nan
pid_top_drop,10,10017,1,359,103,107,1,0,1,0,1,nan,nan,nan,nan,nan,nan,nan,nan,nan,nan
pid_top_drop,10,10017,1,360,104,39,1,0,1,0,1,nan,nan,nan,nan,nan,nan,nan,nan,nan,nan
pid_top_drop,10,10017,1,361,105,27,1,0,1,0,1,nan,nan,nan,nan,nan,nan,nan,nan,nan,nan
pid_top_drop,10,10017,1,362,106,309,1,0,1,0,1,nan,nan,nan,nan,nan,nan,nan,nan,nan,nan
pid_top_drop,10,10017,1,363,107,132,1,1,0,1,0,1.463490973080292,-0.27835752943469966,33.1659915906129,2.3368539810180664,0.4848933815956116,0.007312790956348181,0.41899205826018776,0.13847516477108002,7.934042508761546,0.07655037194490433
pid_top_drop,10,10017,1,364,108,901,1,1,0,1,0,0.9566772762870059,2.512826595647691,46.92322201306918,1.1582632064819336,0.4998577833175659,0.011645226739346981,0.6672223436374752,0.12334208935499191,7.066981156366515,0.07331626862287521
pid_top_drop,10,10017,1,365,109,716,1,0,1,0,1,nan,nan,nan,nan,nan,nan,nan,nan,nan,nan
pid_top_drop,10,10017,1,366,110,104,1,1,0,1,0,-3.3920495267467525,-0.6655472931043824,7.744833462147499,2.3362858295440674,0.46155819296836853,0.014552938751876354,0.833821969994899,0.09247572720050812,5.2984688759922625,0.06079080328345299
pid_top_drop,10,10017,1,367,111,816,1,0,0,1,1,nan,nan,nan,nan,nan,nan,nan,nan,nan,nan
pid_top_drop,10,10017,1,368,112,951,1,0,0,1,1,nan,nan,nan,nan,nan,nan,nan,nan,nan,nan
pid_top_drop,10,10017,1,369,113,790,1,0,0,1,1,nan,nan,nan,nan,nan,nan,nan,nan,nan,nan
pid_top_drop,10,10017,1,370,114,83,1,0,1,0,1,nan,nan,nan,nan,nan,nan,nan,nan,nan,nan
pid_top_drop,10,10017,1,371,115,623,1,0,1,0,1,nan,nan,nan,nan,nan,nan,nan,nan,nan,nan
pid_top_drop,10,10017,1,372,116,215,1,0,1,0,1,nan,nan,nan,nan,nan,nan,nan,nan,nan,nan
pid_top_drop,10,10017,1,373,117,206,1,0,1,0,1,nan,nan,nan,nan,nan,nan,nan,nan,nan,nan
pid_top_drop,10,10017,1,374,118,405,1,0,1,0,1,nan,nan,nan,nan,nan,nan,nan,nan,nan,nan
pid_top_drop,10,10017,1,375,119,460,1,0,1,0,1,nan,nan,nan,nan,nan,nan,nan,nan,nan,nan
pid_top_drop,10,10017,1,376,120,309,1,0,1,0,1,nan,nan,nan,nan,nan,nan,nan,nan,nan,nan
pid_top_drop,10,10017,1,377,121,292,1,1,0,1,0,-4.06588866950353,2.6330379250399156,16.994316617313785,0.4650097191333771,0.4432607889175415,0.02734823152422905,1.566938243484955,0.08890875428915024,5.094096382533964,0.07180260866880417
pid_top_drop,10,10017,1,378,122,60,1,0,1,0,1,nan,nan,nan,nan,nan,nan,nan,nan,nan,nan
pid_top_drop,10,10017,1,379,123,429,1,0,1,0,1,nan,nan,nan,nan,nan,nan,nan,nan,nan,nan
pid_top_drop,10,10017,1,380,124,624,1,0,1,0,1,nan,nan,nan,nan,nan,nan,nan,nan,nan,nan
pid_top_drop,10,10017,1,381,125,193,1,0,1,0,1,nan,nan,nan,nan,nan,nan,nan,nan,nan,nan
pid_top_drop,10,10017,1,382,126,161,1,1,0,1,0,0.26844009475984115,-1.1863355569395146,-20.662647295987554,0.9440656900405884,0.46549418568611145,0.008324052207171917,0.4769330599175084,0.1186603531241417,6.798737429545311,0.06765422970056534
pid_top_drop,10,10017,1,383,127,202,1,1,0,1,0,-1.6976161974499893,1.0490487546222584,35.983280698703076,1.181099772453308,0.4884002208709717,0.00764209870249033,0.4378600022750984,0.10276691615581512,5.888110569303001,0.05902555584907532
pid_top_drop,10,10017,1,384,128,927,1,0,0,1,1,nan,nan,nan,nan,nan,nan,nan,nan,nan,nan
pid_top_drop,10,10017,1,385,129,26,1,0,1,0,1,nan,nan,nan,nan,nan,nan,nan,nan,nan,nan
pid_top_drop,10,10017,1,386,130,524,1,0,1,0,1,nan,nan,nan,nan,nan,nan,nan,nan,nan,nan
pid_top_drop,10,10017,1,387,131,262,1,1,0,1,0,1.7327233697838547,-1.051589584993503,41.611739065387106,1.143602728843689,0.49539634585380554,0.0021062043961137533,0.12067662268921832,0.13979782164096832,8.00982516515013,0.07200511544942856
pid_top_drop,10,10017,1,388,132,857,1,0,0,1,1,nan,nan,nan,nan,nan,nan,nan,nan,nan,nan
pid_top_drop,10,10017,1,389,133,181,1,0,1,0,1,nan,nan,nan,nan,nan,nan,nan,nan,nan,nan
pid_top_drop,10,10017,1,390,134,44,1,0,1,0,1,nan,nan,nan,nan,nan,nan,nan,nan,nan,nan
pid_top_drop,10,10017,1,391,135,928,1,0,0,1,1,nan,nan,nan,nan,nan,nan,nan,nan,nan,nan
pid_top_drop,10,10017,1,392,136,999,1,0,0,1,1,nan,nan,nan,nan,nan,nan,nan,nan,nan,nan
pid_top_drop,10,10017,1,393,137,167,1,0,1,0,1,nan,nan,nan,nan,nan,nan,nan,nan,nan,nan
pid_top_drop,10,10017,1,394,138,310,1,1,0,1,0,-0.8536780236032137,-1.6622631383060031,-52.706725673912494,0.7817171812057495,0.47917038202285767,0.00953673105686903,0.5464144399099325,0.12380888313055038,7.093726469608992,0.0714411735534668
pid_top_drop,10,10017,1,395,139,420,1,0,1,0,1,nan,nan,nan,nan,nan,nan,nan,nan,nan,nan
pid_top_drop,10,10017,1,396,140,898,1,0,1,0,1,nan,nan,nan,nan,nan,nan,nan,nan,nan,nan
pid_top_drop,10,10017,1,397,141,108,1,1,0,1,0,1.543718375071262,-3.264844083644435,3.890899222967804,2.453599452972412,0.3743821084499359,0.05075741559267044,2.908185692451532,0.12438172847032547,7.126548089891842,0.11294828355312347
pid_top_drop,10,10017,1,398,142,489,1,0,1,0,1,nan,nan,nan,nan,nan,nan,nan,nan,nan,nan
pid_top_drop,10,10017,1,399,143,988,1,0,0,1,1,nan,nan,nan,nan,nan,nan,nan,nan,nan,nan
pid_top_drop,10,10017,1,400,144,877,1,0,0,1,1,nan,nan,nan,nan,nan,nan,nan,nan,nan,nan
pid_top_drop,10,10017,1,401,145,985,1,0,0,1,1,nan,nan,nan,nan,nan,nan,nan,nan,nan,nan
pid_top_drop,10,10017,1,402,146,118,1,1,0,1,0,-4.564656403454541,-2.2574731433375943,25.31621910205732,3.035161256790161,0.49939289689064026,0.0020629465579986572,0.11819813113436316,0.11573117971420288,6.630908155693874,0.0599285364151001
pid_top_drop,10,10017,1,403,147,109,1,0,1,0,1,nan,nan,nan,nan,nan,nan,nan,nan,nan,nan
pid_top_drop,10,10017,1,404,148,237,1,0,1,0,1,nan,nan,nan,nan,nan,nan,nan,nan,nan,nan
pid_top_drop,10,10017,1,405,149,717,1,0,1,0,1,nan,nan,nan,nan,nan,nan,nan,nan,nan,nan
pid_top_drop,10,10017,1,406,150,522,1,0,1,0,1,nan,nan,nan,nan,nan,nan,nan,nan,nan,nan
pid_top_drop,10,10017,1,407,151,176,1,0,1,0,1,nan,nan,nan,nan,nan,nan,nan,nan,nan,nan
pid_top_drop,10,10017,1,408,152,923,1,0,0,1,1,nan,nan,nan,nan,nan,nan,nan,nan,nan,nan
pid_top_drop,10,10017,1,409,153,152,1,0,1,0,1,nan,nan,nan,nan,nan,nan,nan,nan,nan,nan
pid_top_drop,10,10017,1,410,154,91,1,0,1,0,1,nan,nan,nan,nan,nan,nan,nan,nan,nan,nan
pid_top_drop,10,10017,1,411,155,561,1,0,1,0,1,nan,nan,nan,nan,nan,nan,nan,nan,nan,nan
pid_top_drop,10,10017,1,412,156,923,1,0,0,1,1,nan,nan,nan,nan,nan,nan,nan,nan,nan,nan
pid_top_drop,10,10017,1,413,157,132,1,0,1,0,1,nan,nan,nan,nan,nan,nan,nan,nan,nan,nan
pid_top_drop,10,10017,1,414,158,294,1,0,1,0,1,nan,nan,nan,nan,nan,nan,nan,nan,nan,nan
pid_top_drop,10,10017,1,415,159,410,1,0,1,0,1,nan,nan,nan,nan,nan,nan,nan,nan,nan,nan
pid_top_drop,10,10017,1,416,160,98,1,1,0,1,0,0.6865979361263618,-1.659968194744879,28.633150208312273,3.4544970989227295,0.4006679654121399,0.03345945104956627,1.91708532996472,0.11953243613243103,6.848704105305363,0.09322567284107208
pid_top_drop,10,10017,1,417,161,127,1,1,0,1,0,-0.004931396580749206,-0.41474274678151424,46.71052992231498,0.7043783664703369,0.4824325442314148,0.05492805689573288,3.147145836979952,0.17461812496185303,10.004881586802188,0.14223712682724
pid_top_drop,10,10017,1,418,162,342,1,1,0,1,0,-0.10377789424917373,-0.36807889437198715,-36.26711603985213,0.7529255747795105,0.4973944425582886,0.008590753190219402,0.49221390063811943,0.12094247341156006,6.929493290355566,0.06906198710203171
pid_top_drop,10,10017,1,419,163,953,1,0,0,1,1,nan,nan,nan,nan,nan,nan,nan,nan,nan,nan
pid_top_drop,10,10017,1,420,164,938,1,0,0,1,1,nan,nan,nan,nan,nan,nan,nan,nan,nan,nan
pid_top_drop,10,10017,1,421,165,655,1,1,0,1,0,8.327667164403026,0.6139657044924461,74.23340556028501,2.094148874282837,0.4803773760795593,0.06317306309938431,3.6195498945083604,0.3290364742279053,18.852401279124056,0.22769129276275635
pid_top_drop,10,10017,1,422,166,105,1,0,1,0,1,nan,nan,nan,nan,nan,nan,nan,nan,nan,nan
pid_top_drop,10,10017,1,423,167,171,1,1,0,1,0,-3.4617174562808826,3.589428333381781,-13.959827493617201,1.0419679880142212,0.4962277412414551,0.009054102934896946,0.518761885446607,0.08129622042179108,4.657930320533882,0.04970221221446991
pid_top_drop,10,10017,1,424,168,288,1,0,1,0,1,nan,nan,nan,nan,nan,nan,nan,nan,nan,nan
pid_top_drop,10,10017,1,425,169,471,1,1,0,1,0,2.240739179871063,-4.680223204211157,-5.709286825321958,0.9627290964126587,0.36623090505599976,0.042984697967767715,2.462841777197657,0.1440737098455429,8.254815512942024,0.11502155661582947
pid_top_drop,10,10017,1,426,170,146,1,0,1,0,1,nan,nan,nan,nan,nan,nan,nan,nan,nan,nan
pid_top_drop,10,10017,1,427,171,140,1,0,1,0,1,nan,nan,nan,nan,nan,nan,nan,nan,nan,nan
pid_top_drop,10,10017,1,428,172,925,1,0,0,1,1,nan,nan,nan,nan,nan,nan,nan,nan,nan,nan
pid_top_drop,10,10017,1,429,173,797,1,0,1,0,1,nan,nan,nan,nan,nan,nan,nan,nan,nan,nan
pid_top_drop,10,10017,1,430,174,726,1,0,1,0,1,nan,nan,nan,nan,nan,nan,nan,nan,nan,nan
pid_top_drop,10,10017,1,431,175,975,1,0,0,1,1,nan,nan,nan,nan,nan,nan,nan,nan,nan,nan
pid_top_drop,10,10017,1,432,176,851,1,0,0,1,1,nan,nan,nan,nan,nan,nan,nan,nan,nan,nan
pid_top_drop,10,10017,1,433,177,954,1,0,1,0,1,nan,nan,nan,nan,nan,nan,nan,nan,nan,nan
pid_top_drop,10,10017,1,434,178,14,1,0,1,0,1,nan,nan,nan,nan,nan,nan,nan,nan,nan,nan
pid_top_drop,10,10017,1,435,179,852,1,0,1,0,1,nan,nan,nan,nan,nan,nan,nan,nan,nan,nan
pid_top_drop,10,10017,1,436,180,101,1,0,1,0,1,nan,nan,nan,nan,nan,nan,nan,nan,nan,nan
pid_top_drop,10,10017,1,437,181,208,1,1,0,1,0,2.945396136162939,-2.686900796834636,-19.843461727692905,0.7879160046577454,0.4436188340187073,0.010640537366271019,0.609657882838578,0.12335682660341263,7.067825538502658,0.07231894880533218
pid_top_drop,10,10017,1,438,182,250,1,0,1,0,1,nan,nan,nan,nan,nan,nan,nan,nan,nan,nan
pid_top_drop,10,10017,1,439,183,411,1,0,1,0,1,nan,nan,nan,nan,nan,nan,nan,nan,nan,nan
pid_top_drop,10,10017,1,440,184,557,1,0,1,0,1,nan,nan,nan,nan,nan,nan,nan,nan,nan,nan
pid_top_drop,10,10017,1,441,185,280,1,1,0,1,0,-0.045366116467224694,-0.3357857599761669,-60.35293120444501,1.3576257228851318,0.4888129234313965,0.014573168940842152,0.8349810744413914,0.10947594046592712,6.272509346923087,0.06931114196777344
pid_top_drop,10,10017,1,442,186,223,1,0,1,0,1,nan,nan,nan,nan,nan,nan,nan,nan,nan,nan
pid_top_drop,10,10017,1,443,187,874,1,0,0,1,1,nan,nan,nan,nan,nan,nan,nan,nan,nan,nan
pid_top_drop,10,10017,1,444,188,759,1,0,1,0,1,nan,nan,nan,nan,nan,nan,nan,nan,nan,nan
pid_top_drop,10,10017,1,445,189,431,1,0,1,0,1,nan,nan,nan,nan,nan,nan,nan,nan,nan,nan
pid_top_drop,10,10017,1,446,190,393,1,0,1,0,1,nan,nan,nan,nan,nan,nan,nan,nan,nan,nan
pid_top_drop,10,10017,1,447,191,331,1,0,1,0,1,nan,nan,nan,nan,nan,nan,nan,nan,nan,nan
pid_top_drop,10,10017,1,448,192,179,1,1,0,1,0,-0.3568227426198061,-2.2489490672534185,19.705150397000146,2.266087532043457,0.3876718580722809,0.015398738905787468,0.8822827491255213,0.1172110065817833,6.715695989616297,0.07400424033403397
pid_top_drop,10,10017,1,449,193,53,1,0,1,0,1,nan,nan,nan,nan,nan,nan,nan,nan,nan,nan
pid_top_drop,10,10017,1,450,194,272,1,0,1,0,1,nan,nan,nan,nan,nan,nan,nan,nan,nan,nan
pid_top_drop,10,10017,1,451,195,179,1,0,1,0,1,nan,nan,nan,nan,nan,nan,nan,nan,nan,nan
pid_top_drop,10,10017,1,452,196,150,1,0,1,0,1,nan,nan,nan,nan,nan,nan,nan,nan,nan,nan
pid_top_drop,10,10017,1,453,197,215,1,1,0,1,0,1.6454472125694317,2.73723929101763,-45.88970510861953,1.2045726776123047,0.4936339259147644,0.012453371658921242,0.7135256367640197,0.11503930389881134,6.591266591524766,0.06997302174568176
pid_top_drop,10,10017,1,454,198,346,1,0,1,0,1,nan,nan,nan,nan,nan,nan,nan,nan,nan,nan
pid_top_drop,10,10017,1,455,199,638,1,0,1,0,1,nan,nan,nan,nan,nan,nan,nan,nan,nan,nan
pid_top_drop,10,10017,1,456,200,774,1,1,0,1,0,11.892766363961222,20.675952504490738,-71.75595934453798,1.2281372547149658,0.48716580867767334,0.13939698040485382,7.986858654065961,0.4910584092140198,28.13557434237143,0.3849261999130249
pid_top_drop,10,10017,1,457,201,334,1,0,1,0,1,nan,nan,nan,nan,nan,nan,nan,nan,nan,nan
pid_top_drop,10,10017,1,458,202,82,1,0,1,0,1,nan,nan,nan,nan,nan,nan,nan,nan,nan,nan
pid_top_drop,10,10017,1,459,203,923,1,0,0,1,1,nan,nan,nan,nan,nan,nan,nan,nan,nan,nan
pid_top_drop,10,10017,1,460,204,109,1,1,0,1,0,1.6188231351847222,-6.082706927624896,-38.54828993960967,1.1303051710128784,0.4223942458629608,0.004547435324639082,0.2605488517105228,0.1457127332687378,8.348724637614175,0.07740379869937897
pid_top_drop,10,10017,1,461,205,391,1,1,0,1,0,-146.21671458153602,-59.894707473407195,146.88320444074586,0.12584713101387024,0.3543311059474945,0.5426959991455078,31.09419030967293,0.9711577296257019,55.64323914905983,1.0282748937606812
pid_top_drop,10,10017,1,462,206,394,1,1,0,1,0,1.1574438567503609,-0.26682817011571813,24.433772321670013,1.94084894657135,0.4944269359111786,0.007361172698438168,0.4217641278874345,0.12056790292263031,6.9080319822097405,0.0676451250910759
pid_top_drop,10,10017,1,463,207,233,1,0,1,0,1,nan,nan,nan,nan,nan,nan,nan,nan,nan,nan
pid_top_drop,10,10017,1,464,208,489,1,0,1,0,1,nan,nan,nan,nan,nan,nan,nan,nan,nan,nan
pid_top_drop,10,10017,1,465,209,178,1,1,0,1,0,-4.245386040891465,0.9300941800373164,21.465153542329034,1.1699252128601074,0.48738789558410645,0.013823644258081913,0.7920364734783477,0.09740660339593887,5.58098727129197,0.06252694875001907
pid_top_drop,10,10017,1,466,210,242,1,1,0,1,0,0.7339584678312302,-6.060249265633893,-22.926991609630182,1.028550624847412,0.4713914394378662,0.00771093787625432,0.4418041963969428,0.1387092024087906,7.947451877649573,0.07706554234027863
pid_top_drop,10,10017,1,467,211,977,1,0,0,1,1,nan,nan,nan,nan,nan,nan,nan,nan,nan,nan
pid_top_drop,10,10017,1,468,212,260,1,1,0,1,0,-1.5755470566035212,-2.8762336406273894,30.095070237883462,1.4110225439071655,0.4967298209667206,0.013091309927403927,0.7500768071379611,0.12868179380893707,7.37292368542478,0.07743220776319504
pid_top_drop,10,10017,1,469,213,182,1,1,0,1,0,-6.049375604475233,4.675264486873728,36.46903009209604,0.2899842858314514,0.4371587336063385,0.01811736822128296,1.038048734963953,0.10697892308235168,6.129440789473415,0.0716068297624588
pid_top_drop,10,10017,1,470,214,961,1,0,0,1,1,nan,nan,nan,nan,nan,nan,nan,nan,nan,nan
pid_top_drop,10,10017,1,471,215,436,1,0,1,0,1,nan,nan,nan,nan,nan,nan,nan,nan,nan,nan
pid_top_drop,10,10017,1,472,216,203,1,0,1,0,1,nan,nan,nan,nan,nan,nan,nan,nan,nan,nan
pid_top_drop,10,10017,1,473,217,246,1,0,1,0,1,nan,nan,nan,nan,nan,nan,nan,nan,nan,nan
pid_top_drop,10,10017,1,474,218,970,1,0,0,1,1,nan,nan,nan,nan,nan,nan,nan,nan,nan,nan
pid_top_drop,10,10017,1,475,219,488,1,0,1,0,1,nan,nan,nan,nan,nan,nan,nan,nan,nan,nan
pid_top_drop,10,10017,1,476,220,987,1,0,0,1,1,nan,nan,nan,nan,nan,nan,nan,nan,nan,nan
pid_top_drop,10,10017,1,477,221,180,1,1,0,1,0,1.563143433070778,-1.3378018319737175,30.55976898825445,1.5315347909927368,0.45980706810951233,0.007252381183207035,0.4155308332178574,0.13465870916843414,7.715375710030879,0.07458173483610153
pid_top_drop,10,10017,1,478,222,401,1,0,1,0,1,nan,nan,nan,nan,nan,nan,nan,nan,nan,nan
pid_top_drop,10,10017,1,479,223,227,1,0,1,0,1,nan,nan,nan,nan,nan,nan,nan,nan,nan,nan
pid_top_drop,10,10017,1,480,224,173,1,1,0,1,0,21.856427759122383,0.025380982955767382,-67.2612577385627,1.4926773309707642,0.46167072653770447,0.12885668873786926,7.382944426710836,0.5436362624168396,31.148063426751403,0.40067481994628906
pid_top_drop,10,10017,1,481,225,16,1,0,1,0,1,nan,nan,nan,nan,nan,nan,nan,nan,nan,nan
pid_top_drop,10,10017,1,482,226,245,1,1,0,1,0,-2.686900796834636,-8.701893229028025,26.16134572881968,0.7298265695571899,0.4468180537223816,0.01353524811565876,0.7755125916896473,0.14872486889362335,8.521307296241119,0.08789768069982529
pid_top_drop,10,10017,1,483,227,136,1,0,1,0,1,nan,nan,nan,nan,nan,nan,nan,nan,nan,nan
pid_top_drop,10,10017,1,484,228,191,1,1,0,1,0,-0.9227448964903826,-2.598600111244711,-6.673490970074319,2.2317893505096436,0.4686130881309509,0.006008412688970566,0.3442566886508636,0.11714082956314087,6.711675142629275,0.0645788311958313
pid_top_drop,10,10017,1,485,229,421,1,1,0,1,0,0.1627770682997439,0.5411968690751303,-52.38259221666037,1.7368972301483154,0.49527955055236816,0.009609293192625046,0.5505719440412076,0.11781305074691772,6.750190579358977,0.0685158222913742
pid_top_drop,10,10017,1,486,230,145,1,0,1,0,1,nan,nan,nan,nan,nan,nan,nan,nan,nan,nan
pid_top_drop,10,10017,1,487,231,180,1,0,1,0,1,nan,nan,nan,nan,nan,nan,nan,nan,nan,nan
pid_top_drop,10,10017,1,488,232,98,1,0,1,0,1,nan,nan,nan,nan,nan,nan,nan,nan,nan,nan
pid_top_drop,10,10017,1,489,233,145,1,0,1,0,1,nan,nan,nan,nan,nan,nan,nan,nan,nan,nan
pid_top_drop,10,10017,1,490,234,396,1,0,1,0,1,nan,nan,nan,nan,nan,nan,nan,nan,nan,nan
pid_top_drop,10,10017,1,491,235,190,1,0,1,0,1,nan,nan,nan,nan,nan,nan,nan,nan,nan,nan
pid_top_drop,10,10017,1,492,236,337,1,0,1,0,1,nan,nan,nan,nan,nan,nan,nan,nan,nan,nan
pid_top_drop,10,10017,1,493,237,901,1,0,0,1,1,nan,nan,nan,nan,nan,nan,nan,nan,nan,nan
pid_top_drop,10,10017,1,494,238,692,1,1,0,1,0,0.16184816257262213,0.2309286958381311,-45.37459956217385,1.4916468858718872,0.4868275821208954,0.008029652759432793,0.46006521407107437,0.12209180742502213,6.9953452785777746,0.0690755546092987
pid_top_drop,10,10017,1,495,239,748,1,0,1,0,1,nan,nan,nan,nan,nan,nan,nan,nan,nan,nan
pid_top_drop,10,10017,1,496,240,146,1,0,1,0,1,nan,nan,nan,nan,nan,nan,nan,nan,nan,nan
pid_top_drop,10,10017,1,497,241,377,1,1,0,1,0,2.8948663966831845,7.436641666418183,42.229502355058074,1.768932819366455,0.45921698212623596,0.011901948601007462,0.6819314228193621,0.11063198000192642,6.338745533286109,0.06721793860197067
pid_top_drop,10,10017,1,498,242,972,1,0,0,1,1,nan,nan,nan,nan,nan,nan,nan,nan,nan,nan
pid_top_drop,10,10017,1,499,243,124,1,0,1,0,1,nan,nan,nan,nan,nan,nan,nan,nan,nan,nan
pid_top_drop,10,10017,1,500,244,486,1,0,1,0,1,nan,nan,nan,nan,nan,nan,nan,nan,nan,nan
pid_top_drop,10,10017,1,501,245,393,1,0,1,0,1,nan,nan,nan,nan,nan,nan,nan,nan,nan,nan
pid_top_drop,10,10017,1,502,246,130,1,0,1,0,1,nan,nan,nan,nan,nan,nan,nan,nan,nan,nan
pid_top_drop,10,10017,1,503,247,206,1,1,1,1,0,106.23999986004492,-51.569089365755175,-131.5441295272713,0.3467424809932709,0.3869614601135254,0.8740533590316772,50.07956854174796,6.358415603637695,364.31037847856766,4.0532612800598145
pid_top_drop,10,10017,1,504,248,418,1,0,1,0,1,nan,nan,nan,nan,nan,nan,nan,nan,nan,nan
pid_top_drop,10,10017,1,505,249,419,1,1,0,1,0,-0.970064447060231,0.7652953757432487,-8.087504052807038,0.7800396680831909,0.4362550377845764,0.020805003121495247,1.1920388716181811,0.11531554907560349,6.607094274265801,0.07846277952194214
pid_top_drop,10,10017,1,506,250,321,1,1,0,1,0,1.5662170181972839,-0.5623841158805098,-40.99551939846855,0.8983719944953918,0.49552127718925476,0.006258570589125156,0.3585896805415767,0.12647341191768646,7.246392723503002,0.06949527561664581
pid_top_drop,10,10017,1,507,251,328,1,1,0,1,0,2.1739399297883386,1.3866923260526687,58.04225088747302,1.0798814296722412,0.4896312952041626,0.014123067259788513,0.8091921477652744,0.1341269314289093,7.6849070899170995,0.08118653297424316
pid_top_drop,10,10017,1,508,252,154,1,1,0,1,0,-2.8692395269172963,-3.4511170026890228,-0.47643301536506943,3.228241443634033,0.40616244077682495,0.005211069714277983,0.2985723013765722,0.10804130136966705,6.1903105815829225,0.0592317208647728
pid_top_drop,10,10017,1,509,253,893,1,0,0,1,1,nan,nan,nan,nan,nan,nan,nan,nan,nan,nan
pid_top_drop,10,10017,1,510,254,225,1,0,1,0,1,nan,nan,nan,nan,nan,nan,nan,nan,nan,nan
pid_top_drop,10,10017,1,511,255,255,1,1,0,1,0,0.8919134225769451,-0.8633495714679518,-11.573359397614746,1.2209281921386719,0.49922075867652893,0.012762211263179779,0.7312208426345245,0.1259274184703827,7.215109603330697,0.07572592049837112
pid_top_drop,10,20024,2,512,0,278,1,1,0,1,0,0.47323648683350344,-3.1522279246092646,9.468295095416815,0.8571497797966003,0.48284342885017395,0.010004250332713127,0.5732013212568118,0.12275056540966034,7.033089330818089,0.07137953490018845
pid_top_drop,10,20024,2,513,1,839,1,0,0,1,1,nan,nan,nan,nan,nan,nan,nan,nan,nan,nan
pid_top_drop,10,20024,2,514,2,415,1,0,1,0,1,nan,nan,nan,nan,nan,nan,nan,nan,nan,nan
pid_top_drop,10,20024,2,515,3,83,1,0,1,0,1,nan,nan,nan,nan,nan,nan,nan,nan,nan,nan
pid_top_drop,10,20024,2,516,4,897,1,0,0,1,1,nan,nan,nan,nan,nan,nan,nan,nan,nan,nan
pid_top_drop,10,20024,2,517,5,421,1,0,1,0,1,nan,nan,nan,nan,nan,nan,nan,nan,nan,nan
pid_top_drop,10,20024,2,518,6,295,1,1,0,1,0,0.7589159790584568,0.1218095936580074,-16.544644283116828,1.2764426469802856,0.4962737262248993,0.01008918508887291,0.5780677243187401,0.11838201433420181,6.782789791606978,0.06928019225597382
pid_top_drop,10,20024,2,519,7,263,1,1,0,1,0,-0.06438136311654019,-2.156604909674846,-14.672899242966531,0.2159598171710968,0.47953087091445923,0.00649648392572999,0.372221110618909,0.12832604348659515,7.35254069339417,0.07065950334072113
pid_top_drop,10,20024,2,520,8,698,1,0,1,0,1,nan,nan,nan,nan,nan,nan,nan,nan,nan,nan
pid_top_drop,10,20024,2,521,9,54,1,0,1,0,1,nan,nan,nan,nan,nan,nan,nan,nan,nan,nan
pid_top_drop,10,20024,2,522,10,200,1,1,0,1,0,0.9923855052678326,-1.396978590942708,-26.614200931169865,1.092150092124939,0.44740623235702515,0.0015307368012145162,0.08770475825494785,0.12150166183710098,6.961532427091627,0.062281567603349686
pid_top_drop,10,20024,2,523,11,696,1,1,0,1,0,1.235226051018466,-0.5358283403875003,-27.69358938608532,1.9194670915603638,0.49864718317985535,0.006652904208749533,0.38118333266617066,0.12071945518255234,6.916715287078942,0.06701263040304184
pid_top_drop,10,20024,2,524,12,263,1,1,0,1,0,6.410706271947248,-2.9743697986221327,40.864844219267866,1.1697322130203247,0.49724265933036804,0.0240530576556921,1.3781386880559914,0.1836814284324646,10.524170624114502,0.11589377373456955
pid_top_drop,10,20024,2,525,13,145,1,0,1,0,1,nan,nan,nan,nan,nan,nan,nan,nan,nan,nan
pid_top_drop,10,20024,2,526,14,307,1,1,0,1,0,2.920944058934293,-0.9234005946507039,-52.87223481788025,0.12091268599033356,0.4967433214187622,0.010911326855421066,0.6251729777033793,0.13539579510688782,7.7576076234427145,0.07860922813415527
pid_top_drop,10,20024,2,527,15,152,1,0,1,0,1,nan,nan,nan,nan,nan,nan,nan,nan,nan,nan
pid_top_drop,10,20024,2,528,16,391,1,0,1,0,1,nan,nan,nan,nan,nan,nan,nan,nan,nan,nan
pid_top_drop,10,20024,2,529,17,128,1,0,1,0,1,nan,nan,nan,nan,nan,nan,nan,nan,nan,nan
pid_top_drop,10,20024,2,530,18,292,1,1,0,1,0,-2.8580926581918358,-8.290442633426457,-13.858412844820851,0.10747983306646347,0.49004578590393066,0.007819105871021748,0.44800176597550956,0.14048314094543457,8.049091068914887,0.07806067913770676
pid_top_drop,10,20024,2,531,19,82,1,0,1,0,1,nan,nan,nan,nan,nan,nan,nan,nan,nan,nan
pid_top_drop,10,20024,2,532,20,121,1,0,1,0,1,nan,nan,nan,nan,nan,nan,nan,nan,nan,nan
pid_top_drop,10,20024,2,533,21,166,1,1,0,1,0,2.9844238370803913,-2.4813940650872923,-33.88583888761888,0.686480700969696,0.47017964720726013,0.01382110919803381,0.7918912252367792,0.13114313781261444,7.513948308765326,0.0793926790356636
pid_top_drop,10,20024,2,534,22,621,1,0,1,0,1,nan,nan,nan,nan,nan,nan,nan,nan,nan,nan
pid_top_drop,10,20024,2,535,23,901,1,0,0,1,1,nan,nan,nan,nan,nan,nan,nan,nan,nan,nan
pid_top_drop,10,20024,2,536,24,135,1,0,1,0,1,nan,nan,nan,nan,nan,nan,nan,nan,nan,nan
pid_top_drop,10,20024,2,537,25,160,1,1,0,1,0,-5.348543554118565,0.6545097074056418,39.71875213691807,1.721871018409729,0.44527342915534973,0.01334711816161871,0.7647335393231622,0.09071318805217743,5.197482821566331,0.05870371311903
pid_top_drop,10,20024,2,538,26,202,1,0,1,0,1,nan,nan,nan,nan,nan,nan,nan,nan,nan,nan
pid_top_drop,10,20024,2,539,27,970,1,0,0,1,1,nan,nan,nan,nan,nan,nan,nan,nan,nan,nan
pid_top_drop,10,20024,2,540,28,308,1,1,0,1,0,-0.08028204350432988,1.8415146228838177,-14.893159183321103,1.0152908563613892,0.4958013594150543,0.0065237488597631454,0.3737832762677114,0.11113933473825455,6.367814818393684,0.06209341436624527
pid_top_drop,10,20024,2,541,29,101,1,0,1,0,1,nan,nan,nan,nan,nan,nan,nan,nan,nan,nan
pid_top_drop,10,20024,2,542,30,453,1,0,1,0,1,nan,nan,nan,nan,nan,nan,nan,nan,nan,nan
pid_top_drop,10,20024,2,543,31,323,1,0,1,0,1,nan,nan,nan,nan,nan,nan,nan,nan,nan,nan
pid_top_drop,10,20024,2,544,32,910,1,0,0,1,1,nan,nan,nan,nan,nan,nan,nan,nan,nan,nan
pid_top_drop,10,20024,2,545,33,164,1,1,0,1,0,-1.4481230474477635,-1.07142445434322,23.845570090726856,1.9018803834915161,0.47396543622016907,0.010358917526900768,0.5935222546155104,0.11768995225429535,6.7431375552672925,0.06920389086008072
pid_top_drop,10,20024,2,546,34,24,1,0,1,0,1,nan,nan,nan,nan,nan,nan,nan,nan,nan,nan
pid_top_drop,10,20024,2,547,35,64,1,0,1,0,1,nan,nan,nan,nan,nan,nan,nan,nan,nan,nan
pid_top_drop,10,20024,2,548,36,212,1,1,0,1,0,8.365588374674937,-6.037791603642892,-0.8234066252017171,0.3078502416610718,0.4519835114479065,0.020850179716944695,1.1946272998702043,0.16351418197155,9.36867251750395,0.10260727256536484
pid_top_drop,10,20024,2,549,37,519,1,1,0,1,0,-46.15345969360874,53.42004331007195,49.24991229345568,0.4600051939487457,0.42500150203704834,0.480584979057312,27.535490997367035,0.5698532462120056,32.65018594977729,0.7655116319656372
pid_top_drop,10,20024,2,550,38,383,1,0,1,0,1,nan,nan,nan,nan,nan,nan,nan,nan,nan,nan
pid_top_drop,10,20024,2,551,39,265,1,1,0,1,0,-0.6336366493020829,-1.6431386086299675,2.760038462467133,0.4805031716823578,0.49406933784484863,0.0036081571597605944,0.20673217707419236,0.1210184395313263,6.933845828404157,0.06411737948656082
pid_top_drop,10,20024,2,552,40,35,1,0,1,0,1,nan,nan,nan,nan,nan,nan,nan,nan,nan,nan
pid_top_drop,10,20024,2,553,41,148,1,0,1,0,1,nan,nan,nan,nan,nan,nan,nan,nan,nan,nan
pid_top_drop,10,20024,2,554,42,192,1,1,0,1,0,-25.9912876788647,-13.30030442736077,77.98186801830136,1.374786138534546,0.38606682419776917,0.18478618562221527,10.587468548473948,0.6020629405975342,34.4956654974743,0.48581767082214355
pid_top_drop,10,20024,2,555,43,818,1,0,0,1,1,nan,nan,nan,nan,nan,nan,nan,nan,nan,nan
pid_top_drop,10,20024,2,556,44,153,1,0,1,0,1,nan,nan,nan,nan,nan,nan,nan,nan,nan,nan
pid_top_drop,10,20024,2,557,45,462,1,0,1,0,1,nan,nan,nan,nan,nan,nan,nan,nan,nan,nan
pid_top_drop,10,20024,2,558,46,171,1,0,1,0,1,nan,nan,nan,nan,nan,nan,nan,nan,nan,nan
pid_top_drop,10,20024,2,559,47,965,1,0,0,1,1,nan,nan,nan,nan,nan,nan,nan,nan,nan,nan
pid_top_drop,10,20024,2,560,48,187,1,1,0,1,0,2.345623564765779,-1.0813145682613987,-21.755914695296475,1.8810479640960693,0.48536935448646545,0.00667219702154398,0.3822887294142284,0.12566863000392914,7.200282116416246,0.06950651109218597
pid_top_drop,10,20024,2,561,49,382,1,1,0,1,0,0.11063540417586654,0.045174871170464335,31.83503360818753,1.1790410280227661,0.4932095408439636,0.008798914030194283,0.5041406382285782,0.11406950652599335,6.53570129507942,0.0658336654305458
pid_top_drop,10,20024,2,562,50,237,1,0,1,0,1,nan,nan,nan,nan,nan,nan,nan,nan,nan,nan
pid_top_drop,10,20024,2,563,51,451,1,1,0,1,0,-26.10297493217275,28.752610216895796,-84.14379147992007,1.0636590719223022,0.48855262994766235,0.2736930847167969,15.681458636188955,0.743844747543335,42.619164647207306,0.6456154584884644
pid_top_drop,10,20024,2,564,52,538,1,1,0,1,0,1.2139568419430462,-3.9541467746821217,-3.79792668798559,1.049516201019287,0.4571932256221771,0.042676571756601334,2.4451874457404665,0.14386333525180817,8.242761936604245,0.11460824310779572
pid_top_drop,10,20024,2,565,53,255,1,0,1,0,1,nan,nan,nan,nan,nan,nan,nan,nan,nan,nan
pid_top_drop,10,20024,2,566,54,80,1,0,1,0,1,nan,nan,nan,nan,nan,nan,nan,nan,nan,nan
pid_top_drop,10,20024,2,567,55,302,1,1,0,1,0,-4.568262743336308,-1.3714610042035402,-31.361674177948967,0.7268922328948975,0.3841816782951355,0.03954023867845535,2.2654887972154274,0.13784322142601013,7.8978348221976615,0.10846184939146042
pid_top_drop,10,20024,2,568,56,941,1,0,0,1,1,nan,nan,nan,nan,nan,nan,nan,nan,nan,nan
pid_top_drop,10,20024,2,569,57,927,1,0,1,0,1,nan,nan,nan,nan,nan,nan,nan,nan,nan,nan
pid_top_drop,10,20024,2,570,58,742,1,0,1,0,1,nan,nan,nan,nan,nan,nan,nan,nan,nan,nan
pid_top_drop,10,20024,2,571,59,109,1,1,0,1,0,-0.19836235387551032,-2.1214704165843004,-7.973849705018026,3.1059517860412598,0.43040817975997925,0.010928163304924965,0.6261376352019378,0.10795914381742477,6.185603300584314,0.0649077370762825
pid_top_drop,10,20024,2,572,60,181,1,1,0,1,0,0.15975812468659825,-1.4933115789965679,-29.39714784811322,0.5263450741767883,0.4944376051425934,0.007747618481516838,0.4439058402684704,0.12670177221298218,7.259476804631808,0.07109850645065308
pid_top_drop,10,20024,2,573,61,647,1,0,1,0,1,nan,nan,nan,nan,nan,nan,nan,nan,nan,nan
pid_top_drop,10,20024,2,574,62,952,1,0,0,1,1,nan,nan,nan,nan,nan,nan,nan,nan,nan,nan
pid_top_drop,10,20024,2,575,63,347,1,0,1,0,1,nan,nan,nan,nan,nan,nan,nan,nan,nan,nan
pid_top_drop,10,20024,2,576,64,83,1,1,0,1,0,6.699896481405588,-0.6589356699878102,14.362562767837833,3.6190969944000244,0.49197810888290405,0.020318549126386642,1.1641671107711806,0.14329937100410461,8.21044916541456,0.09196823835372925
pid_top_drop,10,20024,2,577,65,958,1,0,0,1,1,nan,nan,nan,nan,nan,nan,nan,nan,nan,nan
pid_top_drop,10,20024,2,578,66,760,1,0,1,0,1,nan,nan,nan,nan,nan,nan,nan,nan,nan,nan
pid_top_drop,10,20024,2,579,67,390,1,0,1,0,1,nan,nan,nan,nan,nan,nan,nan,nan,nan,nan
pid_top_drop,10,20024,2,580,68,203,1,1,0,1,0,-3.2735867257820512,-2.6399637368583084,-58.7285482952759,0.3144281506538391,0.4777238667011261,0.0398852601647377,2.285257072220737,0.13717520236968994,7.859560149636203,0.10847286134958267
pid_top_drop,10,20024,2,581,69,238,1,1,0,1,0,-1.3647400980602478,-1.23201586210856,-53.18686065180771,0.8633843064308167,0.47722259163856506,0.007159024477005005,0.41018188796323823,0.12661541998386383,7.254529186351779,0.07046673446893692
pid_top_drop,10,20024,2,582,70,845,1,0,0,1,1,nan,nan,nan,nan,nan,nan,nan,nan,nan,nan
pid_top_drop,10,20024,2,583,71,405,1,1,0,1,0,-0.9761842965565624,-0.8131340206900181,-47.49545526173285,1.5014431476593018,0.49413591623306274,0.009540530852973461,0.5466321521897266,0.1242702305316925,7.120159728583765,0.07167564332485199
pid_top_drop,10,20024,2,584,72,164,1,1,0,1,0,-4.731859434336454,7.295297731733939,-18.911277509769565,0.8800204396247864,0.44804710149765015,0.004244736861437559,0.24320550730397947,0.06979577243328094,3.999003188282534,0.03914262354373932
pid_top_drop,10,20024,2,585,73,264,1,0,1,0,1,nan,nan,nan,nan,nan,nan,nan,nan,nan,nan
pid_top_drop,10,20024,2,586,74,641,1,1,0,1,0,-3.848142238763524,4.831033781085039,-35.3958571093253,1.125920295715332,0.4730123281478882,0.003482355270534754,0.1995242597667794,0.08771488815546036,5.025692891769933,0.047339800745248795
pid_top_drop,10,20024,2,587,75,181,1,1,0,1,0,-0.060938947774853765,1.5293886381925752,43.90752956996847,1.4388749599456787,0.4992171823978424,0.0067714001052081585,0.3879726474228691,0.12922535836696625,7.404067640492746,0.07138407975435257
pid_top_drop,10,20024,2,588,76,143,1,0,1,0,1,nan,nan,nan,nan,nan,nan,nan,nan,nan,nan
pid_top_drop,10,20024,2,589,77,553,1,0,1,0,1,nan,nan,nan,nan,nan,nan,nan,nan,nan,nan
pid_top_drop,10,20024,2,590,78,451,1,0,1,0,1,nan,nan,nan,nan,nan,nan,nan,nan,nan,nan
pid_top_drop,10,20024,2,591,79,817,1,0,0,1,1,nan,nan,nan,nan,nan,nan,nan,nan,nan,nan
pid_top_drop,10,20024,2,592,80,149,1,0,1,0,1,nan,nan,nan,nan,nan,nan,nan,nan,nan,nan
pid_top_drop,10,20024,2,593,81,994,1,0,0,1,1,nan,nan,nan,nan,nan,nan,nan,nan,nan,nan
pid_top_drop,10,20024,2,594,82,158,1,0,1,0,1,nan,nan,nan,nan,nan,nan,nan,nan,nan,nan
pid_top_drop,10,20024,2,595,83,230,1,0,1,0,1,nan,nan,nan,nan,nan,nan,nan,nan,nan,nan
pid_top_drop,10,20024,2,596,84,153,1,1,0,1,0,1.701850914735397,-3.1309723759121852,-12.856669980390102,2.7959463596343994,0.41809582710266113,0.0046424646861851215,0.26599363305693363,0.12513133883476257,7.169497600053352,0.06720813363790512
pid_top_drop,10,20024,2,597,85,955,1,0,0,1,1,nan,nan,nan,nan,nan,nan,nan,nan,nan,nan
pid_top_drop,10,20024,2,598,86,941,1,0,0,1,1,nan,nan,nan,nan,nan,nan,nan,nan,nan,nan
pid_top_drop,10,20024,2,599,87,548,1,0,1,0,1,nan,nan,nan,nan,nan,nan,nan,nan,nan,nan
pid_top_drop,10,20024,2,600,88,286,1,0,1,0,1,nan,nan,nan,nan,nan,nan,nan,nan,nan,nan
pid_top_drop,10,20024,2,601,89,105,1,0,1,0,1,nan,nan,nan,nan,nan,nan,nan,nan,nan,nan
pid_top_drop,10,20024,2,602,90,671,1,1,0,1,0,-0.5264300000895628,-2.127590266080632,-50.59193518233647,1.2046641111373901,0.4781418740749359,0.010643938556313515,0.6098527566733349,0.12869225442409515,7.373523034524449,0.07499006390571594
pid_top_drop,10,20024,2,603,91,215,1,0,1,0,1,nan,nan,nan,nan,nan,nan,nan,nan,nan,nan
pid_top_drop,10,20024,2,604,92,817,1,1,0,1,0,-1.2174265780414129,1.566257999332304,-53.13467800654882,1.468641757965088,0.4893515408039093,0.015109609812498093,0.8657168723455958,0.11789588630199432,6.754936707058489,0.07405754923820496
pid_top_drop,10,20024,2,605,93,180,1,0,1,0,1,nan,nan,nan,nan,nan,nan,nan,nan,nan,nan
pid_top_drop,10,20024,2,606,94,105,1,1,0,1,0,3.5822566347532674,-2.3426592626659932,0.21300627945601766,2.908395528793335,0.44562506675720215,0.016068922355771065,0.9206814323090983,0.1243448480963707,7.124435000117369,0.07824134826660156
pid_top_drop,10,20024,2,607,95,162,1,1,0,1,0,-2.3174695250069863,-2.7761850296650428,23.26828250207738,2.494657278060913,0.4995579421520233,0.01484077051281929,0.8503135151067477,0.11493703722953796,6.585407142990541,0.07230928540229797
pid_top_drop,10,20024,2,608,96,449,1,0,1,0,1,nan,nan,nan,nan,nan,nan,nan,nan,nan,nan
pid_top_drop,10,20024,2,609,97,321,1,0,1,0,1,nan,nan,nan,nan,nan,nan,nan,nan,nan,nan
pid_top_drop,10,20024,2,610,98,619,1,0,1,0,1,nan,nan,nan,nan,nan,nan,nan,nan,nan,nan
pid_top_drop,10,20024,2,611,99,228,1,0,1,0,1,nan,nan,nan,nan,nan,nan,nan,nan,nan,nan
pid_top_drop,10,20024,2,612,100,468,1,0,1,0,1,nan,nan,nan,nan,nan,nan,nan,nan,nan,nan
pid_top_drop,10,20024,2,613,101,84,1,1,0,1,0,-5.485803035679141,3.1831960023061026,-13.40248405734416,3.01298451423645,0.49462711811065674,0.017070626839995384,0.9780748715744808,0.07736695557832718,4.432800028414269,0.055754102766513824
pid_top_drop,10,20024,2,614,102,977,1,1,0,1,0,1.616132040651737,-0.05432732465828142,-60.4859286479635,0.7286424040794373,0.48014500737190247,0.018530026078224182,1.0616922885495983,0.16924628615379333,9.69709789487578,0.10315316915512085
pid_top_drop,10,20024,2,615,103,216,1,0,1,0,1,nan,nan,nan,nan,nan,nan,nan,nan,nan,nan
pid_top_drop,10,20024,2,616,104,148,1,0,1,0,1,nan,nan,nan,nan,nan,nan,nan,nan,nan,nan
pid_top_drop,10,20024,2,617,105,799,1,1,0,1,0,-1.0400055841611615,-0.47648765687842953,-38.275683429456116,0.9592485427856445,0.4934239387512207,0.00765715166926384,0.4387224737403712,0.12286672741174698,7.039744923277443,0.06909051537513733
pid_top_drop,10,20024,2,618,106,927,1,0,0,1,1,nan,nan,nan,nan,nan,nan,nan,nan,nan,nan
pid_top_drop,10,20024,2,619,107,135,1,1,0,1,0,0.12172763138796724,-2.593135959908701,-14.854636916402232,2.6009533405303955,0.44939884543418884,0.008234047330915928,0.471776160372443,0.11733794957399368,6.722969287308714,0.0669030249118805
pid_top_drop,10,20024,2,620,108,98,1,0,1,0,1,nan,nan,nan,nan,nan,nan,nan,nan,nan,nan
pid_top_drop,10,20024,2,621,109,376,1,0,1,0,1,nan,nan,nan,nan,nan,nan,nan,nan,nan,nan
pid_top_drop,10,20024,2,622,110,200,1,1,0,1,0,4.4809046238518455,10.699190806501495,47.36906944133093,0.6197689175605774,0.4567774534225464,0.03066309168934822,1.7568657406223227,0.09572838246822357,5.484832295043353,0.0785272866487503
pid_top_drop,10,20024,2,623,111,92,1,0,1,0,1,nan,nan,nan,nan,nan,nan,nan,nan,nan,nan
pid_top_drop,10,20024,2,624,112,979,1,0,0,1,1,nan,nan,nan,nan,nan,nan,nan,nan,nan,nan
pid_top_drop,10,20024,2,625,113,576,1,1,0,1,0,-0.24294982877735355,0.23868779073526558,-14.047636405586886,1.1355124711990356,0.4943205714225769,0.003567788517102599,0.20441922422521747,0.12327849864959717,7.063337677331136,0.06520703434944153
pid_top_drop,10,20024,2,626,114,747,1,0,1,0,1,nan,nan,nan,nan,nan,nan,nan,nan,nan,nan
pid_top_drop,10,20024,2,627,115,15,1,0,1,0,1,nan,nan,nan,nan,nan,nan,nan,nan,nan,nan
pid_top_drop,10,20024,2,628,116,140,1,1,0,1,0,-2.073659092394211,-1.8023639785613048,26.785529396310466,2.7618460655212402,0.45624443888664246,0.009530529379844666,0.5460591099905332,0.11969035863876343,6.857752398408337,0.06937570869922638
pid_top_drop,10,20024,2,629,117,38,1,0,1,0,1,nan,nan,nan,nan,nan,nan,nan,nan,nan,nan
pid_top_drop,10,20024,2,630,118,821,1,1,0,1,0,-5.4418166174242595,-2.7258055543470285,-66.49190523045247,1.41566002368927,0.4825553894042969,0.03692430257797241,2.1156066991818445,0.14019401371479034,8.032525298856667,0.10702130943536758
pid_top_drop,10,20024,2,631,119,869,1,0,0,1,1,nan,nan,nan,nan,nan,nan,nan,nan,nan,nan
pid_top_drop,10,20024,2,632,120,87,1,0,1,0,1,nan,nan,nan,nan,nan,nan,nan,nan,nan,nan
pid_top_drop,10,20024,2,633,121,236,1,0,1,0,1,nan,nan,nan,nan,nan,nan,nan,nan,nan,nan
pid_top_drop,10,20024,2,634,122,395,1,0,1,0,1,nan,nan,nan,nan,nan,nan,nan,nan,nan,nan
pid_top_drop,10,20024,2,635,123,43,1,0,1,0,1,nan,nan,nan,nan,nan,nan,nan,nan,nan,nan
pid_top_drop,10,20024,2,636,124,823,1,0,1,0,1,nan,nan,nan,nan,nan,nan,nan,nan,nan,nan
pid_top_drop,10,20024,2,637,125,245,1,0,1,0,1,nan,nan,nan,nan,nan,nan,nan,nan,nan,nan
pid_top_drop,10,20024,2,638,126,501,1,1,0,1,0,-0.7409525815413233,-0.7803491126739568,-44.56158848488889,1.351676344871521,0.49987074732780457,0.00900184828788042,0.5157679147126142,0.12503473460674286,7.163962585504703,0.07151921838521957
pid_top_drop,10,20024,2,639,127,725,1,0,1,0,1,nan,nan,nan,nan,nan,nan,nan,nan,nan,nan
pid_top_drop,10,20024,2,640,128,87,1,1,0,1,0,-2.1084657364045962,-3.5178342905017073,-0.33556719392272644,3.0472335815429688,0.4538009464740753,0.013264350593090057,0.7599913069659107,0.10837274044752121,6.209300641909674,0.06745071709156036
pid_top_drop,10,20024,2,641,129,255,1,1,0,1,0,-7.560268090395414,-2.159063777776051,-4.909061862163265,0.5929445028305054,0.49453598260879517,0.011390166357159615,0.6526084602171454,0.09794551134109497,5.611864422095482,0.06036292016506195
pid_top_drop,10,20024,2,642,130,202,1,0,1,0,1,nan,nan,nan,nan,nan,nan,nan,nan,nan,nan
pid_top_drop,10,20024,2,643,131,58,1,0,1,0,1,nan,nan,nan,nan,nan,nan,nan,nan,nan,nan
pid_top_drop,10,20024,2,644,132,972,1,0,0,1,1,nan,nan,nan,nan,nan,nan,nan,nan,nan,nan
pid_top_drop,10,20024,2,645,133,304,1,0,1,0,1,nan,nan,nan,nan,nan,nan,nan,nan,nan,nan
pid_top_drop,10,20024,2,646,134,895,1,0,0,1,1,nan,nan,nan,nan,nan,nan,nan,nan,nan,nan
pid_top_drop,10,20024,2,647,135,499,1,1,0,1,0,0.07983125101910904,-0.745597110176932,59.46997899005912,1.3815948963165283,0.4783661365509033,0.008844168856739998,0.5067335487922443,0.12531882524490356,7.180239780070489,0.07150357961654663
pid_top_drop,10,20024,2,648,136,127,1,1,0,1,0,3.4088654524833237,-1.3274745859486583,13.879654733139592,3.0757594108581543,0.3699573576450348,0.007471421733498573,0.42808093229178557,0.13165044784545898,7.543015032551962,0.07329664379358292
pid_top_drop,10,20024,2,649,137,211,1,0,1,0,1,nan,nan,nan,nan,nan,nan,nan,nan,nan,nan
pid_top_drop,10,20024,2,650,138,172,1,0,1,0,1,nan,nan,nan,nan,nan,nan,nan,nan,nan,nan
pid_top_drop,10,20024,2,651,139,238,1,0,1,0,1,nan,nan,nan,nan,nan,nan,nan,nan,nan,nan
pid_top_drop,10,20024,2,652,140,966,1,0,0,1,1,nan,nan,nan,nan,nan,nan,nan,nan,nan,nan
pid_top_drop,10,20024,2,653,141,591,1,0,1,0,1,nan,nan,nan,nan,nan,nan,nan,nan,nan,nan
pid_top_drop,10,20024,2,654,142,633,1,0,1,0,1,nan,nan,nan,nan,nan,nan,nan,nan,nan,nan
pid_top_drop,10,20024,2,655,143,892,1,0,0,1,1,nan,nan,nan,nan,nan,nan,nan,nan,nan,nan
pid_top_drop,10,20024,2,656,144,348,1,1,0,1,0,-0.1276015940741782,-1.1060125323001648,-33.515314785524026,1.0150628089904785,0.49223408102989197,0.01662822812795639,0.952727292512623,0.1240745261311531,7.108946692400719,0.07866549491882324
pid_top_drop,10,20024,2,657,145,894,1,1,0,1,0,-1.7491977860619254,-2.3202016006749915,43.58671558465297,1.3276902437210083,0.48291802406311035,0.011466055177152157,0.6569565693149461,0.11699967086315155,6.703587344878334,0.0699658915400505
pid_top_drop,10,20024,2,658,146,117,1,0,1,0,1,nan,nan,nan,nan,nan,nan,nan,nan,nan,nan
pid_top_drop,10,20024,2,659,147,215,1,0,1,0,1,nan,nan,nan,nan,nan,nan,nan,nan,nan,nan
pid_top_drop,10,20024,2,660,148,420,1,0,1,0,1,nan,nan,nan,nan,nan,nan,nan,nan,nan,nan
pid_top_drop,10,20024,2,661,149,305,1,1,0,1,0,-11.786570582745863,11.549330792114642,-72.14216556096719,0.3194951117038727,0.40718644857406616,0.11280793696641922,6.463418683753645,0.2579942047595978,14.781979071558927,0.2418050467967987
pid_top_drop,10,20024,2,662,150,867,1,0,0,1,1,nan,nan,nan,nan,nan,nan,nan,nan,nan,nan
pid_top_drop,10,20024,2,663,151,317,1,1,0,1,0,0.9327169726786012,-2.666027738731077,-12.883662887989992,0.7207421064376831,0.4681333899497986,0.011670397594571114,0.6686645274085529,0.1357794553041458,7.779589733512754,0.07956012338399887
pid_top_drop,10,20024,2,664,152,70,1,0,1,0,1,nan,nan,nan,nan,nan,nan,nan,nan,nan,nan
pid_top_drop,10,20024,2,665,153,158,1,1,0,1,0,1.5439506015030424,-2.765584576073183,-9.942528789869142,2.937164068222046,0.4700976610183716,0.005784119013696909,0.3314056076862053,0.12317680567502975,7.0575110990822925,0.06737252324819565
pid_top_drop,10,20024,2,666,154,947,1,0,0,1,1,nan,nan,nan,nan,nan,nan,nan,nan,nan,nan
pid_top_drop,10,20024,2,667,155,289,1,0,1,0,1,nan,nan,nan,nan,nan,nan,nan,nan,nan,nan
pid_top_drop,10,20024,2,668,156,882,1,1,0,1,0,-3.052179313646918,-2.5782734682747535,9.021546082184623,1.4404939413070679,0.49837493896484375,0.01027346309274435,0.5886260761976692,0.1179935410618782,6.760531912649199,0.06927023082971573
pid_top_drop,10,20024,2,669,157,290,1,1,0,1,0,-3.5630774635638716,-1.5072451649033938,-13.39680133995471,1.46913743019104,0.49769896268844604,0.017006274312734604,0.9743877433614375,0.10259611904621124,5.878324615769666,0.06830433011054993
pid_top_drop,10,20024,2,670,158,183,1,1,0,1,0,-0.7243415614798523,-1.9356346296465936,-15.330455214741999,0.5343188047409058,0.49513742327690125,0.0050679221749305725,0.2903705515242827,0.12316388636827469,7.056770877330992,0.06664986908435822
pid_top_drop,10,20024,2,671,159,106,1,0,1,0,1,nan,nan,nan,nan,nan,nan,nan,nan,nan,nan
pid_top_drop,10,20024,2,672,160,820,1,1,0,1,0,-0.8720922136055681,1.5523927153171782,58.30928396326384,1.9377871751785278,0.4975879490375519,0.013542183674871922,0.7759099699611245,0.10259484499692917,5.878251618122911,0.06483960896730423
pid_top_drop,10,20024,2,673,161,706,1,1,0,1,0,-140.0844068201585,-65.99854700632412,113.80233066756968,0.31900012493133545,0.4746183454990387,0.45566901564598083,26.107911451395378,0.868952751159668,49.78732523773063,0.8901454210281372
pid_top_drop,10,20024,2,674,162,152,1,1,0,1,0,0.0016119246441230093,-2.6042281871208015,1.9013197592564495,1.636435866355896,0.48415935039520264,0.004541963338851929,0.26023533001936333,0.12695279717445374,7.273859475476562,0.0680183619260788
pid_top_drop,10,20024,2,675,163,290,1,0,1,0,1,nan,nan,nan,nan,nan,nan,nan,nan,nan,nan
pid_top_drop,10,20024,2,676,164,258,1,1,0,1,0,1.058897887405417,-1.5655476596586226,42.601802306337134,0.7095321416854858,0.4857774078845978,0.0186656191945076,1.0694612018436647,0.1440187394618988,8.251665941961003,0.090674988925457
pid_top_drop,10,20024,2,677,165,126,1,0,1,0,1,nan,nan,nan,nan,nan,nan,nan,nan,nan,nan
pid_top_drop,10,20024,2,678,166,338,1,0,1,0,1,nan,nan,nan,nan,nan,nan,nan,nan,nan,nan
pid_top_drop,10,20024,2,679,167,88,1,0,1,0,1,nan,nan,nan,nan,nan,nan,nan,nan,nan,nan
pid_top_drop,10,20024,2,680,168,123,1,1,0,1,0,4.1209809753488535,0.5632583800942715,-45.496340853940154,1.7657334804534912,0.4784034788608551,0.010561501607298851,0.6051294674188595,0.1351395696401596,7.742926985595418,0.0781312882900238
pid_top_drop,10,20024,2,681,169,477,1,0,1,0,1,nan,nan,nan,nan,nan,nan,nan,nan,nan,nan
pid_top_drop,10,20024,2,682,170,323,1,0,1,0,1,nan,nan,nan,nan,nan,nan,nan,nan,nan,nan
pid_top_drop,10,20024,2,683,171,124,1,0,1,0,1,nan,nan,nan,nan,nan,nan,nan,nan,nan,nan
pid_top_drop,10,20024,2,684,172,131,1,0,1,0,1,nan,nan,nan,nan,nan,nan,nan,nan,nan,nan
pid_top_drop,10,20024,2,685,173,279,1,0,1,0,1,nan,nan,nan,nan,nan,nan,nan,nan,nan,nan
pid_top_drop,10,20024,2,686,174,915,1,0,0,1,1,nan,nan,nan,nan,nan,nan,nan,nan,nan,nan
pid_top_drop,10,20024,2,687,175,192,1,0,1,0,1,nan,nan,nan,nan,nan,nan,nan,nan,nan,nan
pid_top_drop,10,20024,2,688,176,530,1,1,0,1,0,108.69285739477989,-41.4171333155551,-117.18371143883286,0.17385084927082062,0.44936808943748474,0.4465941786766052,25.587961593280863,0.9280186891555786,53.17155419787771,0.9106035232543945
pid_top_drop,10,20024,2,689,177,287,1,0,1,0,1,nan,nan,nan,nan,nan,nan,nan,nan,nan,nan
pid_top_drop,10,20024,2,690,178,242,1,0,1,0,1,nan,nan,nan,nan,nan,nan,nan,nan,nan,nan
pid_top_drop,10,20024,2,691,179,244,1,1,0,1,0,-4.007367608694861,2.985270780537473,-52.95632810694144,0.2927856147289276,0.4849911034107208,0.016165683045983315,0.926225411481033,0.11513721197843552,6.596876311267462,0.07373429089784622
pid_top_drop,10,20024,2,692,180,85,1,0,1,0,1,nan,nan,nan,nan,nan,nan,nan,nan,nan,nan
pid_top_drop,10,20024,2,693,181,612,1,1,0,1,0,-16.03150583115211,64.08980966162903,-83.83003991020635,0.6726436018943787,0.4800388514995575,1.0648025274276733,61.008690836468766,0.624998152256012,35.80975632774432,1.377301573753357
pid_top_drop,10,20024,2,694,182,941,1,0,1,0,1,nan,nan,nan,nan,nan,nan,nan,nan,nan,nan
pid_top_drop,10,20024,2,695,183,171,1,0,1,0,1,nan,nan,nan,nan,nan,nan,nan,nan,nan,nan
pid_top_drop,10,20024,2,696,184,930,1,0,0,1,1,nan,nan,nan,nan,nan,nan,nan,nan,nan,nan
pid_top_drop,10,20024,2,697,185,555,1,0,1,0,1,nan,nan,nan,nan,nan,nan,nan,nan,nan,nan
pid_top_drop,10,20024,2,698,186,568,1,1,0,1,0,0.4517213909479633,-1.4492705192283255,-5.240845131285804,1.4789303541183472,0.49988409876823425,0.009257166646420956,0.5303965790891948,0.12046919018030167,6.902376158690147,0.06949175894260406
pid_top_drop,10,20024,2,699,187,111,1,0,1,0,1,nan,nan,nan,nan,nan,nan,nan,nan,nan,nan
pid_top_drop,10,20024,2,700,188,235,1,0,1,0,1,nan,nan,nan,nan,nan,nan,nan,nan,nan,nan
pid_top_drop,10,20024,2,701,189,728,1,1,0,1,0,81.54512306678366,-16.70228504916072,-112.46399608084069,0.46396589279174805,0.4643891751766205,0.39838847517967224,22.82597823444757,0.7699514627456665,44.114969245250926,0.7833641767501831
pid_top_drop,10,20024,2,702,190,171,1,1,0,1,0,6.067475605775767,-3.9320716032846406,-36.2509967934109,2.178440570831299,0.4837357997894287,0.010314615443348885,0.5909839322043515,0.13296040892601013,7.618070273793939,0.0767948180437088
pid_top_drop,10,20024,2,703,191,141,1,1,0,1,0,1.9116333449031688,-4.799997401496501,17.53305461828771,2.8627209663391113,0.42510300874710083,0.030661286786198616,1.7567623272894204,0.126021146774292,7.22047983956562,0.09367185831069946
pid_top_drop,10,20024,2,704,192,267,1,0,1,0,1,nan,nan,nan,nan,nan,nan,nan,nan,nan,nan
pid_top_drop,10,20024,2,705,193,271,1,0,1,0,1,nan,nan,nan,nan,nan,nan,nan,nan,nan,nan
pid_top_drop,10,20024,2,706,194,154,1,1,0,1,0,15.720445355971387,-5.6144291581288215,-26.39656378345658,0.6371524333953857,0.43561622500419617,0.027065247297286987,1.5507244416124024,0.1867278665304184,10.698718669675117,0.12042918056249619
pid_top_drop,10,20024,2,707,195,416,1,0,1,0,1,nan,nan,nan,nan,nan,nan,nan,nan,nan,nan
pid_top_drop,10,20024,2,708,196,815,1,1,0,1,0,1.888151154536665,4.877315142901045,-27.980129482145696,1.3903952836990356,0.43492090702056885,0.05614042654633522,3.2166095011692164,0.08688900619745255,4.978373341200085,0.09958492964506149
pid_top_drop,10,20024,2,709,197,120,1,1,0,1,0,-1.1951874821038513,-0.322999645849903,24.483550740341066,4.053238391876221,0.419467031955719,0.0042363908141851425,0.24272731402079922,0.11391398310661316,6.526790459533492,0.06119338423013687
pid_top_drop,10,20024,2,710,198,127,1,1,0,1,0,4.825378384452268,-3.806286839529686,-11.380857346047106,1.8431321382522583,0.4682956337928772,0.007887225598096848,0.4519047388384958,0.13452370464801788,7.707640520795841,0.07514907419681549
pid_top_drop,10,20024,2,711,199,49,1,0,1,0,1,nan,nan,nan,nan,nan,nan,nan,nan,nan,nan
pid_top_drop,10,20024,2,712,200,89,1,0,1,0,1,nan,nan,nan,nan,nan,nan,nan,nan,nan,nan
pid_top_drop,10,20024,2,713,201,31,1,0,1,0,1,nan,nan,nan,nan,nan,nan,nan,nan,nan,nan
pid_top_drop,10,20024,2,714,202,156,1,0,1,0,1,nan,nan,nan,nan,nan,nan,nan,nan,nan,nan
pid_top_drop,10,20024,2,715,203,124,1,1,0,1,0,5.4074061243857345,-1.7749885803678938,13.660897434402424,1.4812783002853394,0.40458008646965027,0.01745569333434105,1.0001375565323856,0.14096477627754211,8.07668674070903,0.0879380851984024
pid_top_drop,10,20024,2,716,204,19,1,0,1,0,1,nan,nan,nan,nan,nan,nan,nan,nan,nan,nan
pid_top_drop,10,20024,2,717,205,353,1,0,1,0,1,nan,nan,nan,nan,nan,nan,nan,nan,nan,nan
pid_top_drop,10,20024,2,718,206,122,1,0,1,0,1,nan,nan,nan,nan,nan,nan,nan,nan,nan,nan
pid_top_drop,10,20024,2,719,207,490,1,0,1,0,1,nan,nan,nan,nan,nan,nan,nan,nan,nan,nan
pid_top_drop,10,20024,2,720,208,422,1,0,1,0,1,nan,nan,nan,nan,nan,nan,nan,nan,nan,nan
pid_top_drop,10,20024,2,721,209,303,1,0,1,0,1,nan,nan,nan,nan,nan,nan,nan,nan,nan,nan
pid_top_drop,10,20024,2,722,210,658,1,1,0,1,0,0.7511978652963424,0.19916831619757183,38.52229423962859,1.4525315761566162,0.4932529032230377,0.008069527335464954,0.46234985898759073,0.12701290845870972,7.277303598365541,0.07157598435878754
pid_top_drop,10,20024,2,723,211,214,1,1,0,1,0,0.4834954309668626,-3.018410858390375,-26.23127320554227,0.806353747844696,0.4864565134048462,0.009493153542280197,0.5439176322423226,0.13173523545265198,7.547873004599134,0.07536077499389648
pid_top_drop,10,20024,2,724,212,59,1,0,1,0,1,nan,nan,nan,nan,nan,nan,nan,nan,nan,nan
pid_top_drop,10,20024,2,725,213,109,1,0,1,0,1,nan,nan,nan,nan,nan,nan,nan,nan,nan,nan
pid_top_drop,10,20024,2,726,214,196,1,0,1,0,1,nan,nan,nan,nan,nan,nan,nan,nan,nan,nan
pid_top_drop,10,20024,2,727,215,131,1,1,0,1,0,-1.3253435669276141,-1.310754282860467,27.342544983503345,2.7260546684265137,0.47497817873954773,0.011118006892502308,0.6370148715377418,0.1152195930480957,6.601596398870765,0.06872780621051788
pid_top_drop,10,20024,2,728,216,514,1,1,0,1,0,-0.7519355257267037,-1.5706839619144723,24.15863864152356,0.9691594839096069,0.47504907846450806,0.01225618552416563,0.7022277034640253,0.1163499653339386,6.666361960128118,0.0704311653971672
pid_top_drop,10,20024,2,729,217,250,1,1,0,1,0,-1.2362779001506479,0.17165631422076047,-32.81158673495928,1.1128349304199219,0.4805079698562622,0.009044130332767963,0.518190497433853,0.11446982622146606,6.558637924085969,0.06627904623746872
pid_top_drop,10,20024,2,730,218,385,1,1,0,1,0,-2.4877871221504244,-4.569683422683671,-68.51429692293657,1.4223134517669678,0.4978478252887726,0.03459644317626953,1.9822301801644204,0.1921434849500656,11.00901074857421,0.13066819310188293
pid_top_drop,10,20024,2,731,219,411,1,1,0,1,0,-1.2451844668283445,0.11742461221085922,45.66384441314555,0.9874498248100281,0.44818034768104553,0.018125038594007492,1.038488214948361,0.12111809849739075,6.939555866550288,0.07868409156799316
pid_top_drop,10,20024,2,732,220,606,1,0,1,0,1,nan,nan,nan,nan,nan,nan,nan,nan,nan,nan
pid_top_drop,10,20024,2,733,221,189,1,1,0,1,0,0.1164547253487174,-0.983506259346816,-51.94453120405243,1.7154042720794678,0.4221855103969574,0.0063016051426529884,0.3610553788319513,0.13274988532066345,7.606008159719697,0.07267654687166214
pid_top_drop,10,20024,2,734,222,609,1,1,0,1,0,-0.9706655037071921,-4.4032453729888,-21.620349100650063,0.8361437320709229,0.4838220775127411,0.001949825556948781,0.1117167751999103,0.14274512231349945,8.178693054642233,0.07332238554954529
pid_top_drop,10,20024,2,735,223,430,1,0,1,0,1,nan,nan,nan,nan,nan,nan,nan,nan,nan,nan
pid_top_drop,10,20024,2,736,224,971,1,0,0,1,1,nan,nan,nan,nan,nan,nan,nan,nan,nan,nan
pid_top_drop,10,20024,2,737,225,692,1,1,0,1,0,5.325785363804083,2.596428111088647,51.347545349836636,1.1781326532363892,0.48998257517814636,0.029318273067474365,1.679813309378351,0.12777286767959595,7.320846054324372,0.09320470690727234
pid_top_drop,10,20024,2,738,226,106,1,0,1,0,1,nan,nan,nan,nan,nan,nan,nan,nan,nan,nan
pid_top_drop,10,20024,2,739,227,200,1,1,0,1,0,-1.5409043371332167,-1.0492399999190187,33.219103141598914,1.1429387331008911,0.4972977340221405,0.012109052389860153,0.6937975958417899,0.10981225967407227,6.291779018118985,0.06701518595218658
pid_top_drop,10,20024,2,740,228,631,1,0,1,0,1,nan,nan,nan,nan,nan,nan,nan,nan,nan,nan
pid_top_drop,10,20024,2,741,229,977,1,1,0,1,0,0.48223867615958027,-0.7174567307964794,12.817437373797548,1.2451051473617554,0.4919629991054535,0.009004258550703526,0.5159060125998954,0.1161540299654007,6.655135690453555,0.0670812726020813
pid_top_drop,10,20024,2,742,230,958,1,0,0,1,1,nan,nan,nan,nan,nan,nan,nan,nan,nan,nan
pid_top_drop,10,20024,2,743,231,438,1,0,1,0,1,nan,nan,nan,nan,nan,nan,nan,nan,nan,nan
pid_top_drop,10,20024,2,744,232,920,1,0,0,1,1,nan,nan,nan,nan,nan,nan,nan,nan,nan,nan
pid_top_drop,10,20024,2,745,233,215,1,0,1,0,1,nan,nan,nan,nan,nan,nan,nan,nan,nan,nan
pid_top_drop,10,20024,2,746,234,916,1,0,0,1,1,nan,nan,nan,nan,nan,nan,nan,nan,nan,nan
pid_top_drop,10,20024,2,747,235,733,1,0,1,0,1,nan,nan,nan,nan,nan,nan,nan,nan,nan,nan
pid_top_drop,10,20024,2,748,236,111,1,0,1,0,1,nan,nan,nan,nan,nan,nan,nan,nan,nan,nan
pid_top_drop,10,20024,2,749,237,198,1,1,0,1,0,0.6910648798435501,0.41227021830196964,14.493839003685478,1.2301615476608276,0.4969460964202881,0.008023256435990334,0.45969873173342085,0.11101006716489792,6.360408332012451,0.06352829188108444
pid_top_drop,10,20024,2,750,238,436,1,0,1,0,1,nan,nan,nan,nan,nan,nan,nan,nan,nan,nan
pid_top_drop,10,20024,2,751,239,329,1,1,0,1,0,-32.66552996974772,-35.58311357561037,86.1106673948303,1.226993203163147,0.49137938022613525,0.30792802572250366,17.64297626769531,0.8342247009277344,47.797554528722515,0.7250403761863708
pid_top_drop,10,20024,2,752,240,145,1,1,0,1,0,-0.010340906403399306,2.717472723559613,60.267553839819854,1.468995213508606,0.4738725423812866,0.004949151072651148,0.28356546863555504,0.1292816549539566,7.4072931973282845,0.06958997994661331
pid_top_drop,10,20024,2,753,241,872,1,0,0,1,1,nan,nan,nan,nan,nan,nan,nan,nan,nan,nan
pid_top_drop,10,20024,2,754,242,177,1,0,1,0,1,nan,nan,nan,nan,nan,nan,nan,nan,nan,nan
pid_top_drop,10,20024,2,755,243,498,1,1,0,1,0,-1.360040927911279,2.6774614754016786,-13.673888454203787,1.7297275066375732,0.496404767036438,0.017850801348686218,1.022775578206158,0.1045476570725441,5.990139508237828,0.07012462615966797
pid_top_drop,10,20024,2,756,244,83,1,0,1,0,1,nan,nan,nan,nan,nan,nan,nan,nan,nan,nan
pid_top_drop,10,20024,2,757,245,292,1,0,1,0,1,nan,nan,nan,nan,nan,nan,nan,nan,nan,nan
pid_top_drop,10,20024,2,758,246,104,1,0,1,0,1,nan,nan,nan,nan,nan,nan,nan,nan,nan,nan
pid_top_drop,10,20024,2,759,247,744,1,0,1,0,1,nan,nan,nan,nan,nan,nan,nan,nan,nan,nan
pid_top_drop,10,20024,2,760,248,966,1,0,0,1,1,nan,nan,nan,nan,nan,nan,nan,nan,nan,nan
pid_top_drop,10,20024,2,761,249,170,1,0,1,0,1,nan,nan,nan,nan,nan,nan,nan,nan,nan,nan
pid_top_drop,10,20024,2,762,250,381,1,1,0,1,0,-7.726542215550205,16.37470917656691,-36.52824783220005,0.7841377854347229,0.49665507674217224,0.017697973176836967,1.014019168968496,0.05198176950216293,2.9783360040957945,0.043688856065273285
pid_top_drop,10,20024,2,763,251,129,1,0,1,0,1,nan,nan,nan,nan,nan,nan,nan,nan,nan,nan
pid_top_drop,10,20024,2,764,252,104,1,0,1,0,1,nan,nan,nan,nan,nan,nan,nan,nan,nan,nan
pid_top_drop,10,20024,2,765,253,397,1,0,1,0,1,nan,nan,nan,nan,nan,nan,nan,nan,nan,nan
pid_top_drop,10,20024,2,766,254,411,1,0,1,0,1,nan,nan,nan,nan,nan,nan,nan,nan,nan,nan
pid_top_drop,10,20024,2,767,255,921,1,0,0,1,1,nan,nan,nan,nan,nan,nan,nan,nan,nan,nan
pid_top_drop,10,30031,3,768,0,584,1,0,1,0,1,nan,nan,nan,nan,nan,nan,nan,nan,nan,nan
pid_top_drop,10,30031,3,769,1,350,1,0,1,0,1,nan,nan,nan,nan,nan,nan,nan,nan,nan,nan
pid_top_drop,10,30031,3,770,2,70,1,0,1,0,1,nan,nan,nan,nan,nan,nan,nan,nan,nan,nan
pid_top_drop,10,30031,3,771,3,162,1,1,0,1,0,-12.374185417420401,-9.504358494234483,25.1666242988557,1.5933767557144165,0.38719168305397034,0.02148953638970852,1.2312597388230984,0.10384275764226913,5.949751745901897,0.07341091334819794
pid_top_drop,10,30031,3,772,4,146,1,0,1,0,1,nan,nan,nan,nan,nan,nan,nan,nan,nan,nan
pid_top_drop,10,30031,3,773,5,182,1,0,1,0,1,nan,nan,nan,nan,nan,nan,nan,nan,nan,nan
pid_top_drop,10,30031,3,774,6,190,1,1,0,1,0,0.5348311327686784,-2.1268799264069504,-14.562741952032567,0.7883303165435791,0.4671241343021393,0.005605651531368494,0.3211801741684615,0.12367797642946243,7.086226068126672,0.06744463741779327
pid_top_drop,10,30031,3,775,7,245,1,0,1,0,1,nan,nan,nan,nan,nan,nan,nan,nan,nan,nan
pid_top_drop,10,30031,3,776,8,230,1,1,0,1,0,-2.5702958073241784,-3.336260541606088,13.922821528694072,1.9485501050949097,0.4928981065750122,0.004001077730208635,0.22924486744473785,0.12515676021575928,7.170954137893857,0.06657946109771729
pid_top_drop,10,30031,3,777,9,183,1,0,1,0,1,nan,nan,nan,nan,nan,nan,nan,nan,nan,nan
pid_top_drop,10,30031,3,778,10,260,1,0,1,0,1,nan,nan,nan,nan,nan,nan,nan,nan,nan,nan
pid_top_drop,10,30031,3,779,11,513,1,0,1,0,1,nan,nan,nan,nan,nan,nan,nan,nan,nan,nan
pid_top_drop,10,30031,3,780,12,817,1,0,0,1,1,nan,nan,nan,nan,nan,nan,nan,nan,nan,nan
pid_top_drop,10,30031,3,781,13,298,1,1,0,1,0,0.4806950534071574,-1.45167474581617,18.01454197363859,0.3294734060764313,0.49899789690971375,0.010125172324478626,0.5801296410352906,0.12761959433555603,7.312064138599028,0.07393497228622437
pid_top_drop,10,30031,3,782,14,77,1,0,1,0,1,nan,nan,nan,nan,nan,nan,nan,nan,nan,nan
pid_top_drop,10,30031,3,783,15,450,1,0,1,0,1,nan,nan,nan,nan,nan,nan,nan,nan,nan,nan
pid_top_drop,10,30031,3,784,16,860,1,0,0,1,1,nan,nan,nan,nan,nan,nan,nan,nan,nan,nan
pid_top_drop,10,30031,3,785,17,116,1,0,1,0,1,nan,nan,nan,nan,nan,nan,nan,nan,nan,nan
pid_top_drop,10,30031,3,786,18,877,1,0,1,0,1,nan,nan,nan,nan,nan,nan,nan,nan,nan,nan
pid_top_drop,10,30031,3,787,19,125,1,1,0,1,0,2.5484528623584777,-0.7516623181599033,14.16317588558682,1.8637384176254272,0.49056944251060486,0.008452482521533966,0.4842915748919922,0.1347847729921341,7.722598635078168,0.07584486901760101
pid_top_drop,10,30031,3,788,20,51,1,0,1,0,1,nan,nan,nan,nan,nan,nan,nan,nan,nan,nan
pid_top_drop,10,30031,3,789,21,377,1,0,1,0,1,nan,nan,nan,nan,nan,nan,nan,nan,nan,nan
pid_top_drop,10,30031,3,790,22,692,1,0,0,1,1,nan,nan,nan,nan,nan,nan,nan,nan,nan,nan
pid_top_drop,10,30031,3,791,23,768,1,1,0,1,0,1.5049638817206095,-2.786566917203462,-21.004812452648512,1.1227691173553467,0.49457889795303345,0.012160543352365494,0.6967478106764123,0.13503193855285645,7.736760178548543,0.07967650890350342
pid_top_drop,10,30031,3,792,24,185,1,1,0,1,0,2.677639060320099,0.42272040773208913,-57.197820940006,0.5208893418312073,0.4717254638671875,0.014481483027338982,0.8297278585568582,0.12085936218500137,6.924731367843598,0.07491116225719452
pid_top_drop,10,30031,3,793,25,385,1,0,1,0,1,nan,nan,nan,nan,nan,nan,nan,nan,nan,nan
pid_top_drop,10,30031,3,794,26,862,1,0,0,1,1,nan,nan,nan,nan,nan,nan,nan,nan,nan,nan
pid_top_drop,10,30031,3,795,27,65,1,0,1,0,1,nan,nan,nan,nan,nan,nan,nan,nan,nan,nan
pid_top_drop,10,30031,3,796,28,307,1,0,1,0,1,nan,nan,nan,nan,nan,nan,nan,nan,nan,nan
pid_top_drop,10,30031,3,797,29,449,1,0,1,0,1,nan,nan,nan,nan,nan,nan,nan,nan,nan,nan
pid_top_drop,10,30031,3,798,30,968,1,0,0,1,1,nan,nan,nan,nan,nan,nan,nan,nan,nan,nan
pid_top_drop,10,30031,3,799,31,203,1,0,1,0,1,nan,nan,nan,nan,nan,nan,nan,nan,nan,nan
pid_top_drop,10,30031,3,800,32,570,1,0,1,0,1,nan,nan,nan,nan,nan,nan,nan,nan,nan,nan
pid_top_drop,10,30031,3,801,33,913,1,0,0,1,1,nan,nan,nan,nan,nan,nan,nan,nan,nan,nan
pid_top_drop,10,30031,3,802,34,998,1,0,0,1,1,nan,nan,nan,nan,nan,nan,nan,nan,nan,nan
pid_top_drop,10,30031,3,803,35,188,1,0,1,0,1,nan,nan,nan,nan,nan,nan,nan,nan,nan,nan
pid_top_drop,10,30031,3,804,36,145,1,1,0,1,0,-10.26283734118606,-9.467912604823296,32.858264247747144,1.5874963998794556,0.4631134867668152,0.011177613399922848,0.640430072844454,0.11824290454387665,6.774819387732396,0.07029906660318375
pid_top_drop,10,30031,3,805,37,176,1,1,0,1,0,1.08743441775773,-0.009357359162917469,-32.68684015995816,0.6463202238082886,0.4744506776332855,0.018735701218247414,1.0734766060236918,0.11636033654212952,6.666956186585908,0.07691586762666702
pid_top_drop,10,30031,3,806,38,280,1,1,0,1,0,-2.1852917041888995,0.9487815776064712,-62.43766886367298,1.1474665403366089,0.4482721984386444,0.020790955051779747,1.1912339765131774,0.08386525511741638,4.805125166015888,0.06272358447313309
pid_top_drop,10,30031,3,807,39,479,1,1,0,1,0,1.5779239624346857,0.35476002549046226,-4.317895329120321,1.3853989839553833,0.49513497948646545,0.006102283485233784,0.34963508909627844,0.11805787682533264,6.7642180803668905,0.06513122469186783
pid_top_drop,10,30031,3,808,40,327,1,1,0,1,0,-6.023420885629185,-6.432904386749789,-65.36301156443277,1.068199634552002,0.4925598204135895,0.08840551227331161,5.065262738952756,0.2958191931247711,16.949191265014804,0.23631510138511658
pid_top_drop,10,30031,3,809,41,309,1,1,0,1,0,-1.641226155662364,5.0763605156935565,54.046398977718795,0.8067875504493713,0.4669862389564514,0.01882040686905384,1.078329882315809,0.09094513207674026,5.2107722352570605,0.06429297477006912
pid_top_drop,10,30031,3,810,42,337,1,0,1,0,1,nan,nan,nan,nan,nan,nan,nan,nan,nan,nan
pid_top_drop,10,30031,3,811,43,990,1,0,0,1,1,nan,nan,nan,nan,nan,nan,nan,nan,nan,nan
pid_top_drop,10,30031,3,812,44,844,1,0,0,1,1,nan,nan,nan,nan,nan,nan,nan,nan,nan,nan
pid_top_drop,10,30031,3,813,45,686,1,0,1,0,1,nan,nan,nan,nan,nan,nan,nan,nan,nan,nan
pid_top_drop,10,30031,3,814,46,322,1,1,0,1,0,-2.375608095222135,-3.2960443877730534,-51.36227123768719,1.1895887851715088,0.4795060455799103,0.022272085770964622,1.276096515629647,0.1437445431947708,8.235955653096326,0.09414435923099518
pid_top_drop,10,30031,3,815,47,694,1,1,0,1,0,-16.391429479655102,-3.576082143743576,-67.6474639549919,1.8333334922790527,0.48109549283981323,0.11517564207315445,6.599078193501145,0.3206537067890167,18.37210408423605,0.2755025029182434
pid_top_drop,10,30031,3,816,48,987,1,0,0,1,1,nan,nan,nan,nan,nan,nan,nan,nan,nan,nan
pid_top_drop,10,30031,3,817,49,390,1,1,0,1,0,-1.83727990559841,-1.7170139346928255,15.467072658520594,0.10728638619184494,0.4759233295917511,0.0049311453476548195,0.2825338165861922,0.11785838752985,6.752788185677697,0.06386034190654755
pid_top_drop,10,30031,3,818,50,296,1,0,1,0,1,nan,nan,nan,nan,nan,nan,nan,nan,nan,nan
pid_top_drop,10,30031,3,819,51,85,1,0,1,0,1,nan,nan,nan,nan,nan,nan,nan,nan,nan,nan
pid_top_drop,10,30031,3,820,52,952,1,0,0,1,1,nan,nan,nan,nan,nan,nan,nan,nan,nan,nan
pid_top_drop,10,30031,3,821,53,279,1,0,1,0,1,nan,nan,nan,nan,nan,nan,nan,nan,nan,nan
pid_top_drop,10,30031,3,822,54,401,1,1,0,1,0,-0.6478980842890695,-0.9762389380699225,-37.515947827697254,1.4122331142425537,0.49015235900878906,0.014543826691806316,0.8332998874102162,0.11393808573484421,6.528171438406304,0.071512870490551
pid_top_drop,10,30031,3,823,55,890,1,0,0,1,1,nan,nan,nan,nan,nan,nan,nan,nan,nan,nan
pid_top_drop,10,30031,3,824,56,579,1,1,0,1,0,0.6079004965094749,-2.2151259704835153,-56.37366299399558,1.5595499277114868,0.48669612407684326,0.009797563776373863,0.5613590538964791,0.13264167308807373,7.599808055500618,0.07611840218305588
pid_top_drop,10,30031,3,825,57,260,1,1,0,1,0,-1.8509949254517954,-1.6848300833237253,55.377520884684245,0.14508359134197235,0.45171481370925903,0.017090030014514923,0.9791865915836061,0.1273735761642456,7.297968335699414,0.08077681809663773
pid_top_drop,10,30031,3,826,58,966,1,0,0,1,1,nan,nan,nan,nan,nan,nan,nan,nan,nan,nan
pid_top_drop,10,30031,3,827,59,154,1,1,0,1,0,-3.377678808733046,0.7411574872164236,-9.89411640903209,0.4284004271030426,0.4626236855983734,0.02029576525092125,1.1628616908660618,0.11187277734279633,6.40983798414901,0.07623215019702911
pid_top_drop,10,30031,3,828,60,633,1,0,1,0,1,nan,nan,nan,nan,nan,nan,nan,nan,nan,nan
pid_top_drop,10,30031,3,829,61,850,1,0,1,0,1,nan,nan,nan,nan,nan,nan,nan,nan,nan,nan
pid_top_drop,10,30031,3,830,62,220,1,0,1,0,1,nan,nan,nan,nan,nan,nan,nan,nan,nan,nan
pid_top_drop,10,30031,3,831,63,354,1,0,1,0,1,nan,nan,nan,nan,nan,nan,nan,nan,nan,nan
pid_top_drop,10,30031,3,832,64,924,1,0,0,1,1,nan,nan,nan,nan,nan,nan,nan,nan,nan,nan
pid_top_drop,10,30031,3,833,65,295,1,0,1,0,1,nan,nan,nan,nan,nan,nan,nan,nan,nan,nan
pid_top_drop,10,30031,3,834,66,591,1,0,1,0,1,nan,nan,nan,nan,nan,nan,nan,nan,nan,nan
pid_top_drop,10,30031,3,835,67,342,1,0,1,0,1,nan,nan,nan,nan,nan,nan,nan,nan,nan,nan
pid_top_drop,10,30031,3,836,68,933,1,0,0,1,1,nan,nan,nan,nan,nan,nan,nan,nan,nan,nan
pid_top_drop,10,30031,3,837,69,153,1,1,0,1,0,0.3036155689854068,-0.4109724823596672,-27.906909854243157,0.9079515933990479,0.4903634786605835,0.004684401210397482,0.2683964189017501,0.1218748465180397,6.982914334288352,0.06562182307243347
pid_top_drop,10,30031,3,838,70,71,1,0,1,0,1,nan,nan,nan,nan,nan,nan,nan,nan,nan,nan
pid_top_drop,10,30031,3,839,71,929,1,0,0,1,1,nan,nan,nan,nan,nan,nan,nan,nan,nan,nan
pid_top_drop,10,30031,3,840,72,159,1,0,1,0,1,nan,nan,nan,nan,nan,nan,nan,nan,nan,nan
pid_top_drop,10,30031,3,841,73,971,1,0,0,1,1,nan,nan,nan,nan,nan,nan,nan,nan,nan,nan
pid_top_drop,10,30031,3,842,74,262,1,0,1,0,1,nan,nan,nan,nan,nan,nan,nan,nan,nan,nan
pid_top_drop,10,30031,3,843,75,977,1,0,0,1,1,nan,nan,nan,nan,nan,nan,nan,nan,nan,nan
pid_top_drop,10,30031,3,844,76,889,1,0,0,1,1,nan,nan,nan,nan,nan,nan,nan,nan,nan,nan
pid_top_drop,10,30031,3,845,77,152,1,1,0,1,0,-7.46164015878043,-3.629630826836476,17.43599763018183,0.9722735285758972,0.4622337520122528,0.018077008426189423,1.0357362890430803,0.1126522570848465,6.454498883584431,0.07440313696861267
pid_top_drop,10,30031,3,846,78,660,1,0,1,0,1,nan,nan,nan,nan,nan,nan,nan,nan,nan,nan
pid_top_drop,10,30031,3,847,79,908,1,0,0,1,1,nan,nan,nan,nan,nan,nan,nan,nan,nan,nan
pid_top_drop,10,30031,3,848,80,487,1,0,1,0,1,nan,nan,nan,nan,nan,nan,nan,nan,nan,nan
pid_top_drop,10,30031,3,849,81,170,1,0,1,0,1,nan,nan,nan,nan,nan,nan,nan,nan,nan,nan
pid_top_drop,10,30031,3,850,82,193,1,0,1,0,1,nan,nan,nan,nan,nan,nan,nan,nan,nan,nan
pid_top_drop,10,30031,3,851,83,155,1,0,1,0,1,nan,nan,nan,nan,nan,nan,nan,nan,nan,nan
pid_top_drop,10,30031,3,852,84,102,1,0,1,0,1,nan,nan,nan,nan,nan,nan,nan,nan,nan,nan
pid_top_drop,10,30031,3,853,85,591,1,0,1,0,1,nan,nan,nan,nan,nan,nan,nan,nan,nan,nan
pid_top_drop,10,30031,3,854,86,982,1,0,0,1,1,nan,nan,nan,nan,nan,nan,nan,nan,nan,nan
pid_top_drop,10,30031,3,855,87,835,1,1,0,1,0,-0.032470719314240615,-0.4949018468807839,-57.21760116784235,0.8834342956542969,0.48801687359809875,0.0033622095361351967,0.19264041625918502,0.13002601265907288,7.44994175227949,0.06837521493434906
pid_top_drop,10,30031,3,856,88,430,1,0,1,0,1,nan,nan,nan,nan,nan,nan,nan,nan,nan,nan
pid_top_drop,10,30031,3,857,89,946,1,0,0,1,1,nan,nan,nan,nan,nan,nan,nan,nan,nan,nan
pid_top_drop,10,30031,3,858,90,189,1,1,0,1,0,-13.44504979625168,-5.619456177357951,63.88170745799708,0.7313337326049805,0.44799214601516724,0.044126201421022415,2.52824510736876,0.18868866562843323,10.811064182464426,0.13847053050994873
pid_top_drop,10,30031,3,859,91,262,1,0,1,0,1,nan,nan,nan,nan,nan,nan,nan,nan,nan,nan
pid_top_drop,10,30031,3,860,92,219,1,1,0,1,0,-1.4304191971190905,-1.9944288980220632,-1.8204503194834984,0.9316815733909607,0.4758250415325165,0.02214699238538742,1.2689291925910708,0.122857004404068,7.039187835973264,0.08357549458742142
pid_top_drop,10,30031,3,861,93,97,1,0,1,0,1,nan,nan,nan,nan,nan,nan,nan,nan,nan,nan
pid_top_drop,10,30031,3,862,94,215,1,0,1,0,1,nan,nan,nan,nan,nan,nan,nan,nan,nan,nan
pid_top_drop,10,30031,3,863,95,105,1,0,1,0,1,nan,nan,nan,nan,nan,nan,nan,nan,nan,nan
pid_top_drop,10,30031,3,864,96,399,1,1,0,1,0,0.8141722094438599,1.3218738308292477,25.725443055989466,0.9767029881477356,0.48845434188842773,0.010202242992818356,0.5845454650554096,0.12484029680490494,7.152822120081589,0.0726223886013031
pid_top_drop,10,30031,3,865,97,118,1,0,1,0,1,nan,nan,nan,nan,nan,nan,nan,nan,nan,nan
pid_top_drop,10,30031,3,866,98,51,1,0,1,0,1,nan,nan,nan,nan,nan,nan,nan,nan,nan,nan
pid_top_drop,10,30031,3,867,99,636,1,0,1,0,1,nan,nan,nan,nan,nan,nan,nan,nan,nan,nan
pid_top_drop,10,30031,3,868,100,249,1,0,1,0,1,nan,nan,nan,nan,nan,nan,nan,nan,nan,nan
pid_top_drop,10,30031,3,869,101,126,1,0,1,0,1,nan,nan,nan,nan,nan,nan,nan,nan,nan,nan
pid_top_drop,10,30031,3,870,102,134,1,0,1,0,1,nan,nan,nan,nan,nan,nan,nan,nan,nan,nan
pid_top_drop,10,30031,3,871,103,145,1,1,0,1,0,-3.5807266723791846,0.3866843296711019,-52.019062228275615,1.0082412958145142,0.4901716411113739,0.0033891417551785707,0.19418351874329223,0.10837787389755249,6.209594766930808,0.05757807940244675
pid_top_drop,10,30031,3,872,104,209,1,1,0,1,0,-0.2607083206193867,-0.8325863994462143,65.40688869966093,0.36739128828048706,0.49514448642730713,0.029502399265766144,1.6903629634382589,0.2038290798664093,11.678546018380235,0.1314169466495514
pid_top_drop,10,30031,3,873,105,336,1,0,1,0,1,nan,nan,nan,nan,nan,nan,nan,nan,nan,nan
pid_top_drop,10,30031,3,874,106,478,1,1,0,1,0,0.4677996562541733,-0.4780722607658725,-21.703458842470777,1.4890761375427246,0.4987969994544983,0.0097982631996274,0.561399127897,0.12401057779788971,7.10528272279783,0.07180355489253998
pid_top_drop,10,30031,3,875,107,495,1,0,1,0,1,nan,nan,nan,nan,nan,nan,nan,nan,nan,nan
pid_top_drop,10,30031,3,876,108,980,1,0,0,1,1,nan,nan,nan,nan,nan,nan,nan,nan,nan,nan
pid_top_drop,10,30031,3,877,109,161,1,0,1,0,1,nan,nan,nan,nan,nan,nan,nan,nan,nan,nan
pid_top_drop,10,30031,3,878,110,686,1,0,1,0,1,nan,nan,nan,nan,nan,nan,nan,nan,nan,nan
pid_top_drop,10,30031,3,879,111,204,1,1,0,1,0,5.436215862304849,8.456621135932867,52.41425697365255,1.850322961807251,0.4830566644668579,0.021576641127467155,1.236250472672262,0.13901357352733612,7.964891058147908,0.09108342975378036
pid_top_drop,10,30031,3,880,112,583,1,0,1,0,1,nan,nan,nan,nan,nan,nan,nan,nan,nan,nan
pid_top_drop,10,30031,3,881,113,209,1,1,0,1,0,-5.862064496676804,-1.5884424537565054,0.8910254979848434,1.4301282167434692,0.49836936593055725,0.01669294387102127,0.9564352314582937,0.09076704829931259,5.200568786410708,0.062076468020677567
pid_top_drop,10,30031,3,882,114,85,1,0,1,0,1,nan,nan,nan,nan,nan,nan,nan,nan,nan,nan
pid_top_drop,10,30031,3,883,115,139,1,0,1,0,1,nan,nan,nan,nan,nan,nan,nan,nan,nan,nan
pid_top_drop,10,30031,3,884,116,392,1,0,1,0,1,nan,nan,nan,nan,nan,nan,nan,nan,nan,nan
pid_top_drop,10,30031,3,885,117,150,1,1,0,1,0,-4.244183927597543,-3.6776607170800055,14.416002167904013,1.829667091369629,0.34736543893814087,0.0650177150964737,3.725240668611961,0.08871035277843475,5.082728813320948,0.10937289148569107
pid_top_drop,10,30031,3,886,118,966,1,0,0,1,1,nan,nan,nan,nan,nan,nan,nan,nan,nan,nan
pid_top_drop,10,30031,3,887,119,62,1,0,1,0,1,nan,nan,nan,nan,nan,nan,nan,nan,nan,nan
pid_top_drop,10,30031,3,888,120,932,1,0,0,1,1,nan,nan,nan,nan,nan,nan,nan,nan,nan,nan
pid_top_drop,10,30031,3,889,121,223,1,1,0,1,0,3.123322564041771,-5.912607896534898,-26.661465840226352,0.22935768961906433,0.4732983708381653,0.006968187168240547,0.39924771559739985,0.15249188244342804,8.737141274013522,0.08321412652730942
pid_top_drop,10,30031,3,890,122,192,1,1,0,1,0,1.2990336782447252,-1.1321311756862935,-51.42062837395577,0.9611009955406189,0.48698294162750244,0.015847209841012955,0.9079782409482267,0.1258562207221985,7.211030272848907,0.0787753164768219
pid_top_drop,10,30031,3,891,123,654,1,0,1,0,1,nan,nan,nan,nan,nan,nan,nan,nan,nan,nan
pid_top_drop,10,30031,3,892,124,110,1,1,0,1,0,-3.8232803501846777,-3.7735565730269847,38.62731522830671,2.8254306316375732,0.4992777705192566,0.010188916698098183,0.5837819246113962,0.11710724979639053,6.7097511637174465,0.0687425434589386
pid_top_drop,10,30031,3,893,125,113,1,0,1,0,1,nan,nan,nan,nan,nan,nan,nan,nan,nan,nan
pid_top_drop,10,30031,3,894,126,924,1,0,0,1,1,nan,nan,nan,nan,nan,nan,nan,nan,nan,nan
pid_top_drop,10,30031,3,895,127,121,1,0,1,0,1,nan,nan,nan,nan,nan,nan,nan,nan,nan,nan
pid_top_drop,10,30031,3,896,128,210,1,1,0,1,0,4.657328410113275,-2.4990979154159656,-4.454007338900335,0.7476799488067627,0.49930596351623535,0.024018285796046257,1.3761464072524632,0.1369376927614212,7.845951851488598,0.09248713403940201
pid_top_drop,10,30031,3,897,129,95,1,0,1,0,1,nan,nan,nan,nan,nan,nan,nan,nan,nan,nan
pid_top_drop,10,30031,3,898,130,165,1,0,1,0,1,nan,nan,nan,nan,nan,nan,nan,nan,nan,nan
pid_top_drop,10,30031,3,899,131,424,1,0,1,0,1,nan,nan,nan,nan,nan,nan,nan,nan,nan,nan
pid_top_drop,10,30031,3,900,132,505,1,0,1,0,1,nan,nan,nan,nan,nan,nan,nan,nan,nan,nan
pid_top_drop,10,30031,3,901,133,785,1,0,0,1,1,nan,nan,nan,nan,nan,nan,nan,nan,nan,nan
pid_top_drop,10,30031,3,902,134,975,1,0,0,1,1,nan,nan,nan,nan,nan,nan,nan,nan,nan,nan
pid_top_drop,10,30031,3,903,135,150,1,1,0,1,0,1.7892636757332203,-2.1151320010345285,11.364464892039075,3.036609172821045,0.4517935812473297,0.0032819784246385098,0.18804351218478133,0.1284993588924408,7.3624709346737225,0.06753166019916534
pid_top_drop,10,30031,3,904,136,583,1,0,1,0,1,nan,nan,nan,nan,nan,nan,nan,nan,nan,nan
pid_top_drop,10,30031,3,905,137,212,1,1,0,1,0,1.1147141933027611,-2.760830764410854,-37.07799609811604,1.6705825328826904,0.4971427917480469,0.009934189729392529,0.5691871443764013,0.13433478772640228,7.696816378508663,0.07710158079862595
pid_top_drop,10,30031,3,906,138,388,1,0,1,0,1,nan,nan,nan,nan,nan,nan,nan,nan,nan,nan
pid_top_drop,10,30031,3,907,139,777,1,0,1,0,1,nan,nan,nan,nan,nan,nan,nan,nan,nan,nan
pid_top_drop,10,30031,3,908,140,137,1,0,1,0,1,nan,nan,nan,nan,nan,nan,nan,nan,nan,nan
pid_top_drop,10,30031,3,909,141,45,1,0,1,0,1,nan,nan,nan,nan,nan,nan,nan,nan,nan,nan
pid_top_drop,10,30031,3,910,142,453,1,1,0,1,0,4.610609916190388,6.8206815466880935,36.50322201908113,1.5123920440673828,0.4682507812976837,0.01900465413928032,1.0888864732865924,0.11703507602214813,6.705615911061827,0.07752218842506409
pid_top_drop,10,30031,3,911,143,328,1,0,1,0,1,nan,nan,nan,nan,nan,nan,nan,nan,nan,nan
pid_top_drop,10,30031,3,912,144,253,1,0,1,0,1,nan,nan,nan,nan,nan,nan,nan,nan,nan,nan
pid_top_drop,10,30031,3,913,145,397,1,0,1,0,1,nan,nan,nan,nan,nan,nan,nan,nan,nan,nan
pid_top_drop,10,30031,3,914,146,216,1,0,1,0,1,nan,nan,nan,nan,nan,nan,nan,nan,nan,nan
pid_top_drop,10,30031,3,915,147,227,1,0,1,0,1,nan,nan,nan,nan,nan,nan,nan,nan,nan,nan
pid_top_drop,10,30031,3,916,148,719,1,0,1,0,1,nan,nan,nan,nan,nan,nan,nan,nan,nan,nan
pid_top_drop,10,30031,3,917,149,934,1,0,0,1,1,nan,nan,nan,nan,nan,nan,nan,nan,nan,nan
pid_top_drop,10,30031,3,918,150,703,1,1,0,1,0,-0.31354666403860537,-1.5736346036359177,-27.715937765049603,0.8866807222366333,0.48504915833473206,0.004160174634307623,0.23836044858320746,0.12641702592372894,7.243162044025586,0.06736868619918823
pid_top_drop,10,30031,3,919,151,493,1,0,1,0,1,nan,nan,nan,nan,nan,nan,nan,nan,nan,nan
pid_top_drop,10,30031,3,920,152,155,1,0,1,0,1,nan,nan,nan,nan,nan,nan,nan,nan,nan,nan
pid_top_drop,10,30031,3,921,153,38,1,0,1,0,1,nan,nan,nan,nan,nan,nan,nan,nan,nan,nan
pid_top_drop,10,30031,3,922,154,387,1,1,0,1,0,-1.122678193874996,0.04559834289900513,-18.3838229813045,1.3626147508621216,0.4946348965167999,0.004919631406664848,0.2818741163619042,0.1263304352760315,7.238200765367218,0.06808485090732574
pid_top_drop,10,30031,3,923,155,974,1,0,0,1,1,nan,nan,nan,nan,nan,nan,nan,nan,nan,nan
pid_top_drop,10,30031,3,924,156,251,1,0,1,0,1,nan,nan,nan,nan,nan,nan,nan,nan,nan,nan
pid_top_drop,10,30031,3,925,157,982,1,0,0,1,1,nan,nan,nan,nan,nan,nan,nan,nan,nan,nan
pid_top_drop,10,30031,3,926,158,119,1,0,1,0,1,nan,nan,nan,nan,nan,nan,nan,nan,nan,nan
pid_top_drop,10,30031,3,927,159,179,1,1,0,1,0,1.8024049596963247,-2.804762541152376,10.750540168681649,1.4574244022369385,0.37813273072242737,0.05831920728087425,3.3414444417427163,0.11741138994693756,6.727177110724265,0.11702489852905273
pid_top_drop,10,30031,3,928,160,398,1,0,1,0,1,nan,nan,nan,nan,nan,nan,nan,nan,nan,nan
pid_top_drop,10,30031,3,929,161,250,1,1,0,1,0,0.1034363847906731,0.9809244478405512,15.515976812977886,1.067476511001587,0.48982709646224976,0.004990453366190195,0.2859319157395529,0.11937898397445679,6.839911944296264,0.06467994302511215
pid_top_drop,10,30031,3,930,162,255,1,0,1,0,1,nan,nan,nan,nan,nan,nan,nan,nan,nan,nan
pid_top_drop,10,30031,3,931,163,383,1,0,1,0,1,nan,nan,nan,nan,nan,nan,nan,nan,nan,nan
pid_top_drop,10,30031,3,932,164,263,1,1,0,1,0,-0.39862350034028415,-0.7748849613379466,27.73101882273699,0.7168630361557007,0.48706695437431335,0.014543931931257248,0.8333059171865929,0.1125965416431427,6.451306623921096,0.0708422064781189
pid_top_drop,10,30031,3,933,165,270,1,1,0,1,0,-2.63023754748021,-3.613183731315085,31.38441870788511,0.5084816217422485,0.4954891800880432,0.01101932767778635,0.6313609690088522,0.119777150452137,6.86272520301093,0.07090790569782257
pid_top_drop,10,30031,3,934,166,916,1,0,0,1,1,nan,nan,nan,nan,nan,nan,nan,nan,nan,nan
pid_top_drop,10,30031,3,935,167,493,1,1,0,1,0,-16.147619047042326,29.86358146653339,-80.60192858391825,0.36219581961631775,0.39384713768959045,0.24448013305664062,14.007679798942311,0.6586808562278748,37.73963310792059,0.5738205909729004
pid_top_drop,10,30031,3,936,168,85,1,0,1,0,1,nan,nan,nan,nan,nan,nan,nan,nan,nan,nan
pid_top_drop,10,30031,3,937,169,816,1,0,0,1,1,nan,nan,nan,nan,nan,nan,nan,nan,nan,nan
pid_top_drop,10,30031,3,938,170,119,1,0,1,0,1,nan,nan,nan,nan,nan,nan,nan,nan,nan,nan
pid_top_drop,10,30031,3,939,171,227,1,0,1,0,1,nan,nan,nan,nan,nan,nan,nan,nan,nan,nan
pid_top_drop,10,30031,3,940,172,543,1,0,1,0,1,nan,nan,nan,nan,nan,nan,nan,nan,nan,nan
pid_top_drop,10,30031,3,941,173,254,1,1,0,1,0,-0.9493553134967523,-1.4218404795215545,-66.01728904540663,0.9285659790039062,0.46256616711616516,0.019589800387620926,1.1224128837144232,0.12122499942779541,6.945680838688497,0.08020229637622833
pid_top_drop,10,30031,3,942,174,193,1,1,0,1,0,-10.973122373354025,-6.083144059731777,17.378760644937124,1.4612188339233398,0.47773900628089905,0.010413030162453651,0.5966226802510202,0.11052151769399643,6.332416509246446,0.06567379087209702
pid_top_drop,10,30031,3,943,175,105,1,0,1,0,1,nan,nan,nan,nan,nan,nan,nan,nan,nan,nan
pid_top_drop,10,30031,3,944,176,122,1,0,1,0,1,nan,nan,nan,nan,nan,nan,nan,nan,nan,nan
pid_top_drop,10,30031,3,945,177,317,1,0,1,0,1,nan,nan,nan,nan,nan,nan,nan,nan,nan,nan
pid_top_drop,10,30031,3,946,178,722,1,0,1,0,1,nan,nan,nan,nan,nan,nan,nan,nan,nan,nan
pid_top_drop,10,30031,3,947,179,902,1,0,0,1,1,nan,nan,nan,nan,nan,nan,nan,nan,nan,nan
pid_top_drop,10,30031,3,948,180,75,1,0,1,0,1,nan,nan,nan,nan,nan,nan,nan,nan,nan,nan
pid_top_drop,10,30031,3,949,181,170,1,1,0,1,0,1.974416443753926,-3.9072643562191542,-16.790749659290725,2.2124099731445312,0.47681620717048645,0.0029876241460442543,0.17117825433971245,0.12650392949581146,7.248141251930525,0.06623958796262741
pid_top_drop,10,30031,3,950,182,142,1,0,1,0,1,nan,nan,nan,nan,nan,nan,nan,nan,nan,nan
pid_top_drop,10,30031,3,951,183,100,1,0,1,0,1,nan,nan,nan,nan,nan,nan,nan,nan,nan,nan
pid_top_drop,10,30031,3,952,184,122,1,1,0,1,0,0.597259061782595,-2.9383063998044654,-37.466278692052924,0.28492817282676697,0.38777488470077515,0.03628551587462425,2.07900691707092,0.10432877391576767,5.977598427148038,0.08844990283250809
pid_top_drop,10,30031,3,953,185,413,1,0,1,0,1,nan,nan,nan,nan,nan,nan,nan,nan,nan,nan
pid_top_drop,10,30031,3,954,186,144,1,0,1,0,1,nan,nan,nan,nan,nan,nan,nan,nan,nan,nan
pid_top_drop,10,30031,3,955,187,1000,1,0,0,1,1,nan,nan,nan,nan,nan,nan,nan,nan,nan,nan
pid_top_drop,10,30031,3,956,188,340,1,1,0,1,0,1.1247682317610197,-0.31272704133820384,56.33861046317507,1.1871366500854492,0.48911789059638977,0.012362253852188587,0.7083049709997499,0.11682593077421188,6.693632771049863,0.07077521830797195
pid_top_drop,10,30031,3,957,189,231,1,0,1,0,1,nan,nan,nan,nan,nan,nan,nan,nan,nan,nan
pid_top_drop,10,30031,3,958,190,545,1,1,0,1,0,5.82246305986907,-2.600567205725675,16.815119774249332,1.1950660943984985,0.47839611768722534,0.01883392408490181,1.079104361734665,0.1654472053050995,9.479426596216644,0.10155752301216125
pid_top_drop,10,30031,3,959,191,46,1,0,1,0,1,nan,nan,nan,nan,nan,nan,nan,nan,nan,nan
pid_top_drop,10,30031,3,960,192,516,1,0,1,0,1,nan,nan,nan,nan,nan,nan,nan,nan,nan,nan
pid_top_drop,10,30031,3,961,193,241,1,1,0,1,0,2.9266131159454036,-4.579136404494968,-4.104738785502563,0.8333749175071716,0.46378380060195923,0.01500320341438055,0.859620234820272,0.1462084800004959,8.37712883305132,0.08810744434595108
pid_top_drop,10,30031,3,962,194,335,1,0,1,0,1,nan,nan,nan,nan,nan,nan,nan,nan,nan,nan
pid_top_drop,10,30031,3,963,195,649,1,0,1,0,1,nan,nan,nan,nan,nan,nan,nan,nan,nan,nan
pid_top_drop,10,30031,3,964,196,985,1,0,0,1,1,nan,nan,nan,nan,nan,nan,nan,nan,nan,nan
pid_top_drop,10,30031,3,965,197,194,1,1,0,1,0,-4.482584850387668,-2.7953642008544386,60.31410840920266,0.8741222620010376,0.46205899119377136,0.02863551303744316,1.6406940412373376,0.13239380717277527,7.585606384668869,0.0948324203491211
pid_top_drop,10,30031,3,966,198,448,1,0,1,0,1,nan,nan,nan,nan,nan,nan,nan,nan,nan,nan
pid_top_drop,10,30031,3,967,199,935,1,0,0,1,1,nan,nan,nan,nan,nan,nan,nan,nan,nan,nan
pid_top_drop,10,30031,3,968,200,165,1,1,0,1,0,1.3939050058162021,-0.05946362691413101,-51.771262965187546,0.4130917191505432,0.4971369802951813,0.031835805624723434,1.8240572996955,0.14182285964488983,8.12585129612843,0.10274723172187805
pid_top_drop,10,30031,3,969,201,167,1,1,0,1,0,2.1445154748439235,-0.6269157431587904,-27.400820157501894,0.6143890619277954,0.4717765152454376,0.01394751388579607,0.7991336803562257,0.1262092888355255,7.231259585623192,0.07705216109752655
pid_top_drop,10,30031,3,970,202,182,1,1,0,1,0,-0.4652861466396086,4.427902355892546,30.51656121156495,0.8228945136070251,0.4799453020095825,0.020405590534210205,1.1691542160823476,0.09621300548315048,5.512599148453571,0.06851209700107574
pid_top_drop,10,30031,3,971,203,726,1,0,1,0,1,nan,nan,nan,nan,nan,nan,nan,nan,nan,nan
pid_top_drop,10,30031,3,972,204,173,1,1,0,1,0,0.6572008019386268,-1.8136201303134858,12.019398071173258,1.7468698024749756,0.4876682162284851,0.00807330571115017,0.4625663439677684,0.12209677696228027,6.9956300120887995,0.06912169605493546
pid_top_drop,10,30031,3,973,205,754,1,0,0,1,1,nan,nan,nan,nan,nan,nan,nan,nan,nan,nan
pid_top_drop,10,30031,3,974,206,220,1,1,0,1,0,-6.603058059353147,0.5270310567365238,48.14000655332861,0.42526987195014954,0.49676844477653503,0.013637902215123177,0.7813942383386745,0.08687694370746613,4.977682211433444,0.05707637220621109
pid_top_drop,10,30031,3,975,207,852,1,0,0,1,1,nan,nan,nan,nan,nan,nan,nan,nan,nan,nan
pid_top_drop,10,30031,3,976,208,346,1,1,0,1,0,1.026372526577816,-0.8156475303045827,45.82643023614853,1.190501093864441,0.48609402775764465,0.007673543877899647,0.4396616781121009,0.12624859809875488,7.233511840502004,0.07079784572124481
pid_top_drop,10,30031,3,977,209,320,1,0,1,0,1,nan,nan,nan,nan,nan,nan,nan,nan,nan,nan
pid_top_drop,10,30031,3,978,210,124,1,0,1,0,1,nan,nan,nan,nan,nan,nan,nan,nan,nan,nan
pid_top_drop,10,30031,3,979,211,195,1,0,1,0,1,nan,nan,nan,nan,nan,nan,nan,nan,nan,nan
pid_top_drop,10,30031,3,980,212,568,1,0,1,0,1,nan,nan,nan,nan,nan,nan,nan,nan,nan,nan
pid_top_drop,10,30031,3,981,213,75,1,0,1,0,1,nan,nan,nan,nan,nan,nan,nan,nan,nan,nan
pid_top_drop,10,30031,3,982,214,205,1,1,0,1,0,-1.1815817452771857,-2.761814311651336,5.057837042664482,1.8013993501663208,0.4573911130428314,0.00894644670188427,0.5125936376567036,0.11085212230682373,6.351358758249007,0.06437250971794128
pid_top_drop,10,30031,3,983,215,990,1,0,0,1,1,nan,nan,nan,nan,nan,nan,nan,nan,nan,nan
pid_top_drop,10,30031,3,984,216,40,1,0,1,0,1,nan,nan,nan,nan,nan,nan,nan,nan,nan,nan
pid_top_drop,10,30031,3,985,217,521,1,0,1,0,1,nan,nan,nan,nan,nan,nan,nan,nan,nan,nan
pid_top_drop,10,30031,3,986,218,328,1,1,0,1,0,2.166030570729464,5.7951286428106785,-18.620584658693822,1.0223307609558105,0.46505191922187805,0.012320532463490963,0.7059145115119512,0.11183550953865051,6.407702696259735,0.0682382881641388
pid_top_drop,10,30031,3,987,219,671,1,0,1,0,1,nan,nan,nan,nan,nan,nan,nan,nan,nan,nan
pid_top_drop,10,30031,3,988,220,146,1,0,1,0,1,nan,nan,nan,nan,nan,nan,nan,nan,nan,nan
pid_top_drop,10,30031,3,989,221,72,1,0,1,0,1,nan,nan,nan,nan,nan,nan,nan,nan,nan,nan
pid_top_drop,10,30031,3,990,222,960,1,0,0,1,1,nan,nan,nan,nan,nan,nan,nan,nan,nan,nan
pid_top_drop,10,30031,3,991,223,558,1,1,0,1,0,-105.59878170076412,51.826450893681255,-138.93024145420975,0.4014253318309784,0.4473077058792114,0.4890609085559845,28.021125985091405,0.8608847856521606,49.325064864893335,0.9195033311843872
pid_top_drop,10,30031,3,992,224,540,1,0,1,0,1,nan,nan,nan,nan,nan,nan,nan,nan,nan,nan
pid_top_drop,10,30031,3,993,225,225,1,1,0,1,0,2.077975771949659,-3.178073360428593,-5.344062950023036,1.4232380390167236,0.4688996970653534,0.01387188769876957,0.7948006190189402,0.12259095907211304,7.023944561293088,0.07516736537218094
pid_top_drop,10,30031,3,994,226,345,1,1,0,1,0,0.9531665590536195,-1.4771376910419776,-40.57133733025408,0.9480728507041931,0.46546831727027893,0.020114688202738762,1.1524867402385182,0.12152808159589767,6.963046167766431,0.08087872713804245
pid_top_drop,10,30031,3,995,227,141,1,0,1,0,1,nan,nan,nan,nan,nan,nan,nan,nan,nan,nan
pid_top_drop,10,30031,3,996,228,159,1,0,1,0,1,nan,nan,nan,nan,nan,nan,nan,nan,nan,nan
pid_top_drop,10,30031,3,997,229,428,1,0,1,0,1,nan,nan,nan,nan,nan,nan,nan,nan,nan,nan
pid_top_drop,10,30031,3,998,230,129,1,0,1,0,1,nan,nan,nan,nan,nan,nan,nan,nan,nan,nan
pid_top_drop,10,30031,3,999,231,899,1,0,0,1,1,nan,nan,nan,nan,nan,nan,nan,nan,nan,nan
pid_top_drop,10,30031,3,1000,232,142,1,0,1,0,1,nan,nan,nan,nan,nan,nan,nan,nan,nan,nan
pid_top_drop,10,30031,3,1001,233,272,1,1,0,1,0,-0.7171288817163187,-0.06421743857645988,-56.05313587662522,1.4027029275894165,0.4754122495651245,0.008951311931014061,0.5128723947522048,0.11378926038742065,6.519644374114367,0.06584594398736954
pid_top_drop,10,30031,3,1002,234,159,1,1,0,1,0,1.5162610146078106,-2.885030924278366,-6.724307577499213,1.2617034912109375,0.4772355556488037,0.010666891932487488,0.6111678882536797,0.13123363256454468,7.519133276119012,0.07628370821475983
pid_top_drop,10,30031,3,1003,235,453,1,0,1,0,1,nan,nan,nan,nan,nan,nan,nan,nan,nan,nan
pid_top_drop,10,30031,3,1004,236,458,1,0,1,0,1,nan,nan,nan,nan,nan,nan,nan,nan,nan,nan
pid_top_drop,10,30031,3,1005,237,213,1,1,0,1,0,-2.272827408591783,0.05171819239533655,-5.039163305473667,0.6878806352615356,0.49413439631462097,0.025153085589408875,1.4411656460044593,0.10318228602409363,5.911909509692264,0.07674422860145569
pid_top_drop,10,30031,3,1006,238,708,1,0,1,0,1,nan,nan,nan,nan,nan,nan,nan,nan,nan,nan
pid_top_drop,10,30031,3,1007,239,471,1,0,1,0,1,nan,nan,nan,nan,nan,nan,nan,nan,nan,nan
pid_top_drop,10,30031,3,1008,240,144,1,0,1,0,1,nan,nan,nan,nan,nan,nan,nan,nan,nan,nan
pid_top_drop,10,30031,3,1009,241,407,1,1,0,1,0,-0.911707310791642,-0.6498105372566731,47.77291120619711,1.6390674114227295,0.4957426190376282,0.0036658779717981815,0.21003933599401403,0.11676869541406631,6.69035342647461,0.0620502270758152
pid_top_drop,10,30031,3,1010,242,283,1,1,0,1,0,0.887624063778177,0.9835882216168562,-24.65661407353085,1.7900888919830322,0.49646222591400146,0.010210119187831879,0.5849967377883065,0.1169402152299881,6.7001807880297894,0.06868022680282593
pid_top_drop,10,30031,3,1011,243,625,1,0,1,0,1,nan,nan,nan,nan,nan,nan,nan,nan,nan,nan
pid_top_drop,10,30031,3,1012,244,249,1,1,0,1,0,3.7949760462641446,12.483618708302345,28.49867744393306,0.6214985847473145,0.46595117449760437,0.057197581976652145,3.2771800456157125,0.10612695664167404,6.080626708135804,0.11026106029748917
pid_top_drop,10,30031,3,1013,245,491,1,0,1,0,1,nan,nan,nan,nan,nan,nan,nan,nan,nan,nan
pid_top_drop,10,30031,3,1014,246,555,1,0,1,0,1,nan,nan,nan,nan,nan,nan,nan,nan,nan,nan
pid_top_drop,10,30031,3,1015,247,873,1,0,0,1,1,nan,nan,nan,nan,nan,nan,nan,nan,nan,nan
pid_top_drop,10,30031,3,1016,248,349,1,0,1,0,1,nan,nan,nan,nan,nan,nan,nan,nan,nan,nan
pid_top_drop,10,30031,3,1017,249,970,1,0,0,1,1,nan,nan,nan,nan,nan,nan,nan,nan,nan,nan
pid_top_drop,10,30031,3,1018,250,465,1,0,1,0,1,nan,nan,nan,nan,nan,nan,nan,nan,nan,nan
pid_top_drop,10,30031,3,1019,251,186,1,0,1,0,1,nan,nan,nan,nan,nan,nan,nan,nan,nan,nan
pid_top_drop,10,30031,3,1020,252,160,1,1,0,1,0,-0.5087807912742498,-1.5988243412949248,38.38340917304556,0.6423630714416504,0.463721364736557,0.030159639194607735,1.7280200374883605,0.12943778932094574,7.416239037593709,0.09487853199243546
pid_top_drop,10,30031,3,1021,253,144,1,0,1,0,1,nan,nan,nan,nan,nan,nan,nan,nan,nan,nan
pid_top_drop,10,30031,3,1022,254,222,1,0,1,0,1,nan,nan,nan,nan,nan,nan,nan,nan,nan,nan
pid_top_drop,10,30031,3,1023,255,282,1,1,0,1,0,0.029561058727815188,4.070451235869099,-30.728488321132104,1.4199137687683105,0.4552963376045227,0.019794831052422523,1.1341602754783162,0.10106748342514038,5.790740246268945,0.07032857090234756
pid_top_drop,10,40038,4,1024,0,121,1,0,1,0,1,nan,nan,nan,nan,nan,nan,nan,nan,nan,nan
pid_top_drop,10,40038,4,1025,1,223,1,1,0,1,0,-3.020760443464859,-0.27819360489461936,-55.57595154045145,0.9519206881523132,0.46562808752059937,0.02409624494612217,1.38061313752624,0.1379820555448532,7.905789431259787,0.09308727085590363
pid_top_drop,10,40038,4,1026,2,135,1,0,1,0,1,nan,nan,nan,nan,nan,nan,nan,nan,nan,nan
pid_top_drop,10,40038,4,1027,3,356,1,0,1,0,1,nan,nan,nan,nan,nan,nan,nan,nan,nan,nan
pid_top_drop,10,40038,4,1028,4,376,1,0,1,0,1,nan,nan,nan,nan,nan,nan,nan,nan,nan,nan
pid_top_drop,10,40038,4,1029,5,246,1,1,0,1,0,0.47139233575760003,-2.306650505361686,-42.88507757197424,1.2272233963012695,0.477758526802063,0.005974222905933857,0.3422977583803922,0.13508717715740204,7.739925117455198,0.0735178142786026
pid_top_drop,10,40038,4,1030,6,47,1,0,1,0,1,nan,nan,nan,nan,nan,nan,nan,nan,nan,nan
pid_top_drop,10,40038,4,1031,7,290,1,1,0,1,0,1.6859229135909273,-1.8150408096608484,-1.9826263311362813,0.4799395501613617,0.4898390471935272,0.01692746765911579,0.9698724547115302,0.12604431807994843,7.221807457585541,0.07994962483644485
pid_top_drop,10,40038,4,1032,8,680,1,0,0,1,1,nan,nan,nan,nan,nan,nan,nan,nan,nan,nan
pid_top_drop,10,40038,4,1033,9,215,1,0,1,0,1,nan,nan,nan,nan,nan,nan,nan,nan,nan,nan
pid_top_drop,10,40038,4,1034,10,711,1,0,1,0,1,nan,nan,nan,nan,nan,nan,nan,nan,nan,nan
pid_top_drop,10,40038,4,1035,11,140,1,0,1,0,1,nan,nan,nan,nan,nan,nan,nan,nan,nan,nan
pid_top_drop,10,40038,4,1036,12,912,1,0,0,1,1,nan,nan,nan,nan,nan,nan,nan,nan,nan,nan
pid_top_drop,10,40038,4,1037,13,199,1,1,0,1,0,4.584381989777539,1.0853853610067263,-45.222204381412524,1.9523268938064575,0.47238871455192566,0.007238791789859533,0.4147522183329024,0.13947971165180206,7.99159880534995,0.0769786462187767
pid_top_drop,10,40038,4,1038,14,659,1,0,1,0,1,nan,nan,nan,nan,nan,nan,nan,nan,nan,nan
pid_top_drop,10,40038,4,1039,15,56,1,0,1,0,1,nan,nan,nan,nan,nan,nan,nan,nan,nan,nan
pid_top_drop,10,40038,4,1040,16,239,1,1,0,1,0,1.05000498110606,-0.5963164956771332,-16.506668431331555,1.297770619392395,0.4795095920562744,0.01304076611995697,0.7471808602907286,0.11846883594989777,6.787764303756863,0.07227518409490585
pid_top_drop,10,40038,4,1041,17,389,1,0,1,0,1,nan,nan,nan,nan,nan,nan,nan,nan,nan,nan
pid_top_drop,10,40038,4,1042,18,176,1,0,1,0,1,nan,nan,nan,nan,nan,nan,nan,nan,nan,nan
pid_top_drop,10,40038,4,1043,19,963,1,0,0,1,1,nan,nan,nan,nan,nan,nan,nan,nan,nan,nan
pid_top_drop,10,40038,4,1044,20,54,1,0,1,0,1,nan,nan,nan,nan,nan,nan,nan,nan,nan,nan
pid_top_drop,10,40038,4,1045,21,330,1,0,1,0,1,nan,nan,nan,nan,nan,nan,nan,nan,nan,nan
pid_top_drop,10,40038,4,1046,22,129,1,0,1,0,1,nan,nan,nan,nan,nan,nan,nan,nan,nan,nan
pid_top_drop,10,40038,4,1047,23,144,1,0,1,0,1,nan,nan,nan,nan,nan,nan,nan,nan,nan,nan
pid_top_drop,10,40038,4,1048,24,396,1,0,1,0,1,nan,nan,nan,nan,nan,nan,nan,nan,nan,nan
pid_top_drop,10,40038,4,1049,25,313,1,0,1,0,1,nan,nan,nan,nan,nan,nan,nan,nan,nan,nan
pid_top_drop,10,40038,4,1050,26,152,1,0,1,0,1,nan,nan,nan,nan,nan,nan,nan,nan,nan,nan
pid_top_drop,10,40038,4,1051,27,180,1,0,1,0,1,nan,nan,nan,nan,nan,nan,nan,nan,nan,nan
pid_top_drop,10,40038,4,1052,28,154,1,1,0,1,0,-3.3534179768011603,1.2664263551470842,-6.784303959168605,0.7331013679504395,0.47652262449264526,0.0375647246837616,2.1523001829504453,0.08465127646923065,4.8501608720820135,0.07989036291837692
pid_top_drop,10,40038,4,1053,29,86,1,0,1,0,1,nan,nan,nan,nan,nan,nan,nan,nan,nan,nan
pid_top_drop,10,40038,4,1054,30,992,1,0,0,1,1,nan,nan,nan,nan,nan,nan,nan,nan,nan,nan
pid_top_drop,10,40038,4,1055,31,220,1,1,0,1,0,7.621329981575328,-3.5336256878627768,-18.418465700774803,0.5632225871086121,0.46382617950439453,0.007538828533142805,0.431943057421884,0.1639215499162674,9.392012981445175,0.08949960023164749
pid_top_drop,10,40038,4,1056,32,41,1,0,1,0,1,nan,nan,nan,nan,nan,nan,nan,nan,nan,nan
pid_top_drop,10,40038,4,1057,33,660,1,1,0,1,0,-0.9360774257502475,-0.5423853219907125,-43.45608138658731,1.3491815328598022,0.4905625581741333,0.010246294550597668,0.5870694333971409,0.12648721039295197,7.247183317899431,0.07348989695310593
pid_top_drop,10,40038,4,1058,34,55,1,0,1,0,1,nan,nan,nan,nan,nan,nan,nan,nan,nan,nan
pid_top_drop,10,40038,4,1059,35,367,1,0,1,0,1,nan,nan,nan,nan,nan,nan,nan,nan,nan,nan
pid_top_drop,10,40038,4,1060,36,670,1,1,0,1,0,0.7636971114774657,0.15975812468659825,52.61211389352948,1.4006314277648926,0.4968641996383667,0.01367034949362278,0.7832533304533874,0.12267717719078064,7.028884495610299,0.07500893622636795
pid_top_drop,10,40038,4,1061,37,626,1,1,0,1,0,4.073920971967466,-5.058834250283304,-4.048949800361899,1.41098952293396,0.49176910519599915,0.022345295175909996,1.2802911055536812,0.15375888347625732,8.809735085833356,0.09922473877668381
pid_top_drop,10,40038,4,1062,38,98,1,0,1,0,1,nan,nan,nan,nan,nan,nan,nan,nan,nan,nan
pid_top_drop,10,40038,4,1063,39,160,1,1,0,1,0,-6.420555404730406,-7.451640761835531,24.94532616974729,0.7933763861656189,0.41078558564186096,0.05056396499276161,2.8971017895324827,0.1539650559425354,8.821547898002894,0.127546489238739
pid_top_drop,10,40038,4,1064,40,953,1,0,0,1,1,nan,nan,nan,nan,nan,nan,nan,nan,nan,nan
pid_top_drop,10,40038,4,1065,41,951,1,0,0,1,1,nan,nan,nan,nan,nan,nan,nan,nan,nan,nan
pid_top_drop,10,40038,4,1066,42,122,1,0,1,0,1,nan,nan,nan,nan,nan,nan,nan,nan,nan,nan
pid_top_drop,10,40038,4,1067,43,324,1,0,1,0,1,nan,nan,nan,nan,nan,nan,nan,nan,nan,nan
pid_top_drop,10,40038,4,1068,44,829,1,1,0,1,0,3.394002960849376,2.711571440116722,62.55856321198221,0.9528863430023193,0.4939746558666229,0.02513550966978073,1.4401586199887055,0.13260143995285034,7.597502866655739,0.0914362296462059
pid_top_drop,10,40038,4,1069,45,369,1,0,1,0,1,nan,nan,nan,nan,nan,nan,nan,nan,nan,nan
pid_top_drop,10,40038,4,1070,46,933,1,1,0,1,0,70.93781196499717,25.403536240406766,85.51302584245418,0.541450023651123,0.4184764325618744,0.3618704676628113,20.733650527504423,0.5099329948425293,29.217008438943303,0.6168369650840759
pid_top_drop,10,40038,4,1071,47,551,1,1,0,1,0,1.4253648571332809,1.9517265553311436,34.48001070389663,1.4287586212158203,0.4977072477340698,0.004803203046321869,0.27520326269862316,0.12771272659301758,7.3174002238881,0.06865956634283066
pid_top_drop,10,40038,4,1072,48,412,1,0,1,0,1,nan,nan,nan,nan,nan,nan,nan,nan,nan,nan
pid_top_drop,10,40038,4,1073,49,313,1,0,1,0,1,nan,nan,nan,nan,nan,nan,nan,nan,nan,nan
pid_top_drop,10,40038,4,1074,50,317,1,0,1,0,1,nan,nan,nan,nan,nan,nan,nan,nan,nan,nan
pid_top_drop,10,40038,4,1075,51,456,1,0,1,0,1,nan,nan,nan,nan,nan,nan,nan,nan,nan,nan
pid_top_drop,10,40038,4,1076,52,499,1,1,0,1,0,2.6902885706629625,-0.9970027131467613,22.09563464423457,1.2654290199279785,0.49698570370674133,0.00997236929833889,0.5713746725406565,0.13563475012779236,7.771298737634005,0.07778974622488022
pid_top_drop,10,40038,4,1077,53,457,1,0,1,0,1,nan,nan,nan,nan,nan,nan,nan,nan,nan,nan
pid_top_drop,10,40038,4,1078,54,216,1,0,1,0,1,nan,nan,nan,nan,nan,nan,nan,nan,nan,nan
pid_top_drop,10,40038,4,1079,55,956,1,0,0,1,1,nan,nan,nan,nan,nan,nan,nan,nan,nan,nan
pid_top_drop,10,40038,4,1080,56,279,1,1,0,1,0,-0.8294171916713284,-2.119721888156777,-7.313124525467672,0.7525086402893066,0.4760621190071106,0.0043486631475389,0.24916004487805543,0.1234503835439682,7.073185956340648,0.06607385724782944
pid_top_drop,10,40038,4,1081,57,564,1,1,0,1,0,8.75284644023632,3.960676435528654,69.16813727180354,1.641547679901123,0.46533772349357605,0.0719386413693428,4.121780534368568,0.30856916308403015,17.679710732598934,0.22622323036193848
pid_top_drop,10,40038,4,1082,58,324,1,0,1,0,1,nan,nan,nan,nan,nan,nan,nan,nan,nan,nan
pid_top_drop,10,40038,4,1083,59,148,1,0,1,0,1,nan,nan,nan,nan,nan,nan,nan,nan,nan,nan
pid_top_drop,10,40038,4,1084,60,650,1,0,1,0,1,nan,nan,nan,nan,nan,nan,nan,nan,nan,nan
pid_top_drop,10,40038,4,1085,61,120,1,0,1,0,1,nan,nan,nan,nan,nan,nan,nan,nan,nan,nan
pid_top_drop,10,40038,4,1086,62,327,1,0,1,0,1,nan,nan,nan,nan,nan,nan,nan,nan,nan,nan
pid_top_drop,10,40038,4,1087,63,188,1,0,1,0,1,nan,nan,nan,nan,nan,nan,nan,nan,nan,nan
pid_top_drop,10,40038,4,1088,64,319,1,0,1,0,1,nan,nan,nan,nan,nan,nan,nan,nan,nan,nan
pid_top_drop,10,40038,4,1089,65,374,1,1,0,1,0,-2.4626520260047773,-0.881709119956946,-32.47679818260193,1.821126937866211,0.49142739176750183,0.025491341948509216,1.4605463077743703,0.13503363728523254,7.736857508744216,0.09300816059112549
pid_top_drop,10,40038,4,1090,66,182,1,0,1,0,1,nan,nan,nan,nan,nan,nan,nan,nan,nan,nan
pid_top_drop,10,40038,4,1091,67,30,1,0,1,0,1,nan,nan,nan,nan,nan,nan,nan,nan,nan,nan
pid_top_drop,10,40038,4,1092,68,147,1,0,1,0,1,nan,nan,nan,nan,nan,nan,nan,nan,nan,nan
pid_top_drop,10,40038,4,1093,69,118,1,0,1,0,1,nan,nan,nan,nan,nan,nan,nan,nan,nan,nan
pid_top_drop,10,40038,4,1094,70,108,1,0,1,0,1,nan,nan,nan,nan,nan,nan,nan,nan,nan,nan
pid_top_drop,10,40038,4,1095,71,317,1,0,1,0,1,nan,nan,nan,nan,nan,nan,nan,nan,nan,nan
pid_top_drop,10,40038,4,1096,72,96,1,0,1,0,1,nan,nan,nan,nan,nan,nan,nan,nan,nan,nan
pid_top_drop,10,40038,4,1097,73,397,1,1,0,1,0,0.8639916092499329,-2.0445351657732767,19.27784010214581,1.142996907234192,0.4919217526912689,0.016382481902837753,0.9386470709820532,0.12775671482086182,7.319920563691835,0.08026084303855896
pid_top_drop,10,40038,4,1098,74,903,1,0,0,1,1,nan,nan,nan,nan,nan,nan,nan,nan,nan,nan
pid_top_drop,10,40038,4,1099,75,212,1,1,0,1,0,5.959831824456366,6.48686288119289,15.579483911880665,1.083563208580017,0.37096166610717773,0.05883663520216942,3.3710908778351567,0.12079846113920212,6.921241994951368,0.11923586577177048
pid_top_drop,10,40038,4,1100,76,851,1,1,0,1,0,1.4080025162631085,3.1535393209299074,55.64551018695886,1.3622148036956787,0.496759295463562,0.0017031837487593293,0.09758524053917952,0.13151764869689941,7.535406201816567,0.0674620047211647
pid_top_drop,10,40038,4,1101,77,457,1,1,0,1,0,1.3527462858777053,-1.1074332116475274,20.206937074564305,1.6319843530654907,0.49143972992897034,0.011182880960404873,0.6407318818284039,0.12363143265247345,7.083559306142606,0.07299859821796417
pid_top_drop,10,40038,4,1102,78,284,1,0,1,0,1,nan,nan,nan,nan,nan,nan,nan,nan,nan,nan
pid_top_drop,10,40038,4,1103,79,180,1,0,1,0,1,nan,nan,nan,nan,nan,nan,nan,nan,nan,nan
pid_top_drop,10,40038,4,1104,80,117,1,0,1,0,1,nan,nan,nan,nan,nan,nan,nan,nan,nan,nan
pid_top_drop,10,40038,4,1105,81,115,1,0,1,0,1,nan,nan,nan,nan,nan,nan,nan,nan,nan,nan
pid_top_drop,10,40038,4,1106,82,229,1,0,1,0,1,nan,nan,nan,nan,nan,nan,nan,nan,nan,nan
pid_top_drop,10,40038,4,1107,83,266,1,0,1,0,1,nan,nan,nan,nan,nan,nan,nan,nan,nan,nan
pid_top_drop,10,40038,4,1108,84,272,1,1,0,1,0,1.305399414551177,0.007909359058874766,-45.678023885862494,1.204487919807434,0.491008460521698,0.0111840246245265,0.6407974089557537,0.12897485494613647,7.389714851725611,0.07567144930362701
pid_top_drop,10,40038,4,1109,85,266,1,1,0,1,0,0.2520066596167905,-1.733406388700856,-4.487994360210318,0.6357799768447876,0.47499826550483704,0.004169490188360214,0.23889419051424693,0.12072572112083435,6.917074298897191,0.06453235447406769
pid_top_drop,10,40038,4,1110,86,433,1,0,1,0,1,nan,nan,nan,nan,nan,nan,nan,nan,nan,nan
pid_top_drop,10,40038,4,1111,87,218,1,0,1,0,1,nan,nan,nan,nan,nan,nan,nan,nan,nan,nan
pid_top_drop,10,40038,4,1112,88,175,1,1,0,1,0,-1.852852736906039,-3.013165273107805,1.3292777558895417,2.5930988788604736,0.4275696873664856,0.010273256339132786,0.5886142300883274,0.10835272073745728,6.208153597015935,0.06444961577653885
pid_top_drop,10,40038,4,1113,89,828,1,1,0,1,0,-23.819178239773926,17.91281313614042,-78.09535844155029,0.9772517681121826,0.44270944595336914,0.18866747617721558,10.809850116339456,0.5387430787086487,30.86770465188989,0.4580390155315399
pid_top_drop,10,40038,4,1114,90,322,1,0,1,0,1,nan,nan,nan,nan,nan,nan,nan,nan,nan,nan
pid_top_drop,10,40038,4,1115,91,452,1,0,1,0,1,nan,nan,nan,nan,nan,nan,nan,nan,nan,nan
pid_top_drop,10,40038,4,1116,92,177,1,1,0,1,0,-1.1636593288950723,-0.9096855747973183,31.92016508600257,2.3346805572509766,0.47645217180252075,0.009095640853047371,0.5211418328463862,0.11971745640039444,6.859304985784046,0.06895437091588974
pid_top_drop,10,40038,4,1117,93,571,1,0,1,0,1,nan,nan,nan,nan,nan,nan,nan,nan,nan,nan
pid_top_drop,10,40038,4,1118,94,377,1,0,1,0,1,nan,nan,nan,nan,nan,nan,nan,nan,nan,nan
pid_top_drop,10,40038,4,1119,95,184,1,0,1,0,1,nan,nan,nan,nan,nan,nan,nan,nan,nan,nan
pid_top_drop,10,40038,4,1120,96,888,1,0,1,0,1,nan,nan,nan,nan,nan,nan,nan,nan,nan,nan
pid_top_drop,10,40038,4,1121,97,98,1,0,1,0,1,nan,nan,nan,nan,nan,nan,nan,nan,nan,nan
pid_top_drop,10,40038,4,1122,98,149,1,0,1,0,1,nan,nan,nan,nan,nan,nan,nan,nan,nan,nan
pid_top_drop,10,40038,4,1123,99,103,1,0,1,0,1,nan,nan,nan,nan,nan,nan,nan,nan,nan,nan
pid_top_drop,10,40038,4,1124,100,560,1,0,1,0,1,nan,nan,nan,nan,nan,nan,nan,nan,nan,nan
pid_top_drop,10,40038,4,1125,101,229,1,0,1,0,1,nan,nan,nan,nan,nan,nan,nan,nan,nan,nan
pid_top_drop,10,40038,4,1126,102,934,1,1,0,1,0,-0.6654926515910223,-1.2197761631158972,39.994049741604606,1.5755618810653687,0.4883107841014862,0.011610560119152069,0.6652360926103238,0.1197257861495018,6.8597822452523,0.07147344946861267
pid_top_drop,10,40038,4,1127,103,673,1,1,0,1,0,-0.520637999673392,-11.609094947352252,63.102109666131824,1.6772687435150146,0.44982632994651794,0.0761895701289177,4.365340811302992,0.3551187813282013,20.346807395935116,0.25374895334243774
pid_top_drop,10,40038,4,1128,104,337,1,0,1,0,1,nan,nan,nan,nan,nan,nan,nan,nan,nan,nan
pid_top_drop,10,40038,4,1129,105,928,1,0,0,1,1,nan,nan,nan,nan,nan,nan,nan,nan,nan,nan
pid_top_drop,10,40038,4,1130,106,275,1,0,1,0,1,nan,nan,nan,nan,nan,nan,nan,nan,nan,nan
pid_top_drop,10,40038,4,1131,107,257,1,0,1,0,1,nan,nan,nan,nan,nan,nan,nan,nan,nan,nan
pid_top_drop,10,40038,4,1132,108,900,1,0,0,1,1,nan,nan,nan,nan,nan,nan,nan,nan,nan,nan
pid_top_drop,10,40038,4,1133,109,167,1,0,1,0,1,nan,nan,nan,nan,nan,nan,nan,nan,nan,nan
pid_top_drop,10,40038,4,1134,110,575,1,0,1,0,1,nan,nan,nan,nan,nan,nan,nan,nan,nan,nan
pid_top_drop,10,40038,4,1135,111,635,1,1,0,1,0,-10.893017914768116,-3.251019780764329,69.52472778799157,1.105891227722168,0.47628253698349,0.06451110541820526,3.696214072186699,0.1970117837190628,11.287943721446485,0.16301700472831726
pid_top_drop,10,40038,4,1136,112,54,1,0,1,0,1,nan,nan,nan,nan,nan,nan,nan,nan,nan,nan
pid_top_drop,10,40038,4,1137,113,80,1,0,1,0,1,nan,nan,nan,nan,nan,nan,nan,nan,nan,nan
pid_top_drop,10,40038,4,1138,114,587,1,0,1,0,1,nan,nan,nan,nan,nan,nan,nan,nan,nan,nan
pid_top_drop,10,40038,4,1139,115,981,1,0,0,1,1,nan,nan,nan,nan,nan,nan,nan,nan,nan,nan
pid_top_drop,10,40038,4,1140,116,885,1,0,0,1,1,nan,nan,nan,nan,nan,nan,nan,nan,nan,nan
pid_top_drop,10,40038,4,1141,117,263,1,0,1,0,1,nan,nan,nan,nan,nan,nan,nan,nan,nan,nan
pid_top_drop,10,40038,4,1142,118,133,1,1,0,1,0,-1.7191995952272294,1.610736191207427,45.283361895240816,3.092510461807251,0.4956192672252655,0.007966660894453526,0.4564560460641044,0.11681169271469116,6.692816990330869,0.06637250632047653
pid_top_drop,10,40038,4,1143,119,924,1,0,0,1,1,nan,nan,nan,nan,nan,nan,nan,nan,nan,nan
pid_top_drop,10,40038,4,1144,120,151,1,1,0,1,0,2.5836556573407234,-0.339610665911374,-44.91041990617978,1.6168235540390015,0.4891435503959656,0.006563685368746519,0.376071469680945,0.13499164581298828,7.734451574609079,0.07405950874090195
pid_top_drop,10,40038,4,1145,121,886,1,0,1,0,1,nan,nan,nan,nan,nan,nan,nan,nan,nan,nan
pid_top_drop,10,40038,4,1146,122,273,1,0,1,0,1,nan,nan,nan,nan,nan,nan,nan,nan,nan,nan
pid_top_drop,10,40038,4,1147,123,210,1,0,1,0,1,nan,nan,nan,nan,nan,nan,nan,nan,nan,nan
pid_top_drop,10,40038,4,1148,124,165,1,0,1,0,1,nan,nan,nan,nan,nan,nan,nan,nan,nan,nan
pid_top_drop,10,40038,4,1149,125,207,1,0,1,0,1,nan,nan,nan,nan,nan,nan,nan,nan,nan,nan
pid_top_drop,10,40038,4,1150,126,783,1,0,1,0,1,nan,nan,nan,nan,nan,nan,nan,nan,nan,nan
pid_top_drop,10,40038,4,1151,127,266,1,1,0,1,0,4.555831799046885,-2.5467999565793344,-6.7005931607009295,0.4582805931568146,0.4866599440574646,0.001668376149609685,0.09559091201292176,0.14265848696231842,8.173729214662925,0.07299762219190598
pid_top_drop,10,40038,4,1152,128,306,1,1,0,1,0,4.524904702485068,3.462537078981284,5.841560268788426,0.6050696969032288,0.48493966460227966,0.036969732493162155,2.118209641585854,0.128426656126976,7.3583053730536605,0.10118305683135986
pid_top_drop,10,40038,4,1153,129,212,1,0,1,0,1,nan,nan,nan,nan,nan,nan,nan,nan,nan,nan
pid_top_drop,10,40038,4,1154,130,184,1,0,1,0,1,nan,nan,nan,nan,nan,nan,nan,nan,nan,nan
pid_top_drop,10,40038,4,1155,131,159,1,1,0,1,0,-5.657923802763462,-0.6465866879684271,43.49427580442602,2.015882730484009,0.4673244059085846,0.00498620793223381,0.2856886702916505,0.11109038442373276,6.365010171965747,0.06053140014410019
pid_top_drop,10,40038,4,1156,132,34,1,0,1,0,1,nan,nan,nan,nan,nan,nan,nan,nan,nan,nan
pid_top_drop,10,40038,4,1157,133,362,1,0,1,0,1,nan,nan,nan,nan,nan,nan,nan,nan,nan,nan
pid_top_drop,10,40038,4,1158,134,397,1,0,1,0,1,nan,nan,nan,nan,nan,nan,nan,nan,nan,nan
pid_top_drop,10,40038,4,1159,135,600,1,0,1,0,1,nan,nan,nan,nan,nan,nan,nan,nan,nan,nan
pid_top_drop,10,40038,4,1160,136,160,1,1,0,1,0,4.073524820995605,6.183110708424083,-19.65418352541351,0.4840521812438965,0.3737121820449829,0.035802680999040604,2.051342516498252,0.11247148364782333,6.44414132859493,0.09203842282295227
pid_top_drop,10,40038,4,1161,137,567,1,0,1,0,1,nan,nan,nan,nan,nan,nan,nan,nan,nan,nan
pid_top_drop,10,40038,4,1162,138,194,1,1,0,1,0,-0.11547117810823557,3.789634838333195,-44.20947857279639,0.8188546895980835,0.49519506096839905,0.02083696238696575,1.1938700026459792,0.10685920715332031,6.12258157199943,0.07426656782627106
pid_top_drop,10,40038,4,1163,139,319,1,1,0,1,0,0.06705879727118519,0.37496372505536,-48.39764128882149,1.0539191961288452,0.4788053035736084,0.00486101396381855,0.27851558428096196,0.12420132011175156,7.116211452356675,0.06696167588233948
pid_top_drop,10,40038,4,1164,140,988,1,0,0,1,1,nan,nan,nan,nan,nan,nan,nan,nan,nan,nan
pid_top_drop,10,40038,4,1165,141,96,1,0,1,0,1,nan,nan,nan,nan,nan,nan,nan,nan,nan,nan
pid_top_drop,10,40038,4,1166,142,200,1,0,1,0,1,nan,nan,nan,nan,nan,nan,nan,nan,nan,nan
pid_top_drop,10,40038,4,1167,143,925,1,0,0,1,1,nan,nan,nan,nan,nan,nan,nan,nan,nan,nan
pid_top_drop,10,40038,4,1168,144,113,1,0,1,0,1,nan,nan,nan,nan,nan,nan,nan,nan,nan,nan
pid_top_drop,10,40038,4,1169,145,448,1,0,1,0,1,nan,nan,nan,nan,nan,nan,nan,nan,nan,nan
pid_top_drop,10,40038,4,1170,146,137,1,0,1,0,1,nan,nan,nan,nan,nan,nan,nan,nan,nan,nan
pid_top_drop,10,40038,4,1171,147,158,1,1,0,1,0,-2.5485484850068576,-1.4967539943382542,12.19239310247134,1.5931103229522705,0.4992738664150238,0.010721043683588505,0.6142705550450109,0.10755449533462524,6.162418650333529,0.06449829041957855
pid_top_drop,10,40038,4,1172,148,982,1,0,0,1,1,nan,nan,nan,nan,nan,nan,nan,nan,nan,nan
pid_top_drop,10,40038,4,1173,149,957,1,0,0,1,1,nan,nan,nan,nan,nan,nan,nan,nan,nan,nan
pid_top_drop,10,40038,4,1174,150,157,1,1,0,1,0,5.668824784678803,2.3262531482796227,-32.25167514755831,0.6771615743637085,0.48221418261528015,0.018135441467165947,1.0390842556751503,0.12496455758810043,7.159941738517681,0.08061771839857101
pid_top_drop,10,40038,4,1175,151,470,1,0,1,0,1,nan,nan,nan,nan,nan,nan,nan,nan,nan,nan
pid_top_drop,10,40038,4,1176,152,23,1,0,1,0,1,nan,nan,nan,nan,nan,nan,nan,nan,nan,nan
pid_top_drop,10,40038,4,1177,153,245,1,0,1,0,1,nan,nan,nan,nan,nan,nan,nan,nan,nan,nan
pid_top_drop,10,40038,4,1178,154,115,1,0,1,0,1,nan,nan,nan,nan,nan,nan,nan,nan,nan,nan
pid_top_drop,10,40038,4,1179,155,140,1,0,1,0,1,nan,nan,nan,nan,nan,nan,nan,nan,nan,nan
pid_top_drop,10,40038,4,1180,156,365,1,0,1,0,1,nan,nan,nan,nan,nan,nan,nan,nan,nan,nan
pid_top_drop,10,40038,4,1181,157,506,1,0,1,0,1,nan,nan,nan,nan,nan,nan,nan,nan,nan,nan
pid_top_drop,10,40038,4,1182,158,214,1,0,1,0,1,nan,nan,nan,nan,nan,nan,nan,nan,nan,nan
pid_top_drop,10,40038,4,1183,159,268,1,1,0,1,0,-0.3515771573372363,-0.3131641734450846,-31.005192944787662,0.5858380794525146,0.4796360731124878,0.009153706952929497,0.5244687753024171,0.12182705849409103,6.980176282204823,0.07006723433732986
pid_top_drop,10,40038,4,1184,160,688,1,0,1,0,1,nan,nan,nan,nan,nan,nan,nan,nan,nan,nan
pid_top_drop,10,40038,4,1185,161,419,1,0,1,0,1,nan,nan,nan,nan,nan,nan,nan,nan,nan,nan
pid_top_drop,10,40038,4,1186,162,97,1,0,1,0,1,nan,nan,nan,nan,nan,nan,nan,nan,nan,nan
pid_top_drop,10,40038,4,1187,163,889,1,0,0,1,1,nan,nan,nan,nan,nan,nan,nan,nan,nan,nan
pid_top_drop,10,40038,4,1188,164,323,1,0,1,0,1,nan,nan,nan,nan,nan,nan,nan,nan,nan,nan
pid_top_drop,10,40038,4,1189,165,968,1,0,0,1,1,nan,nan,nan,nan,nan,nan,nan,nan,nan,nan
pid_top_drop,10,40038,4,1190,166,368,1,0,1,0,1,nan,nan,nan,nan,nan,nan,nan,nan,nan,nan
pid_top_drop,10,40038,4,1191,167,248,1,0,1,0,1,nan,nan,nan,nan,nan,nan,nan,nan,nan,nan
pid_top_drop,10,40038,4,1192,168,514,1,0,1,0,1,nan,nan,nan,nan,nan,nan,nan,nan,nan,nan
pid_top_drop,10,40038,4,1193,169,441,1,0,1,0,1,nan,nan,nan,nan,nan,nan,nan,nan,nan,nan
pid_top_drop,10,40038,4,1194,170,179,1,1,0,1,0,-3.0255688966405483,-2.8954674533301454,8.1415854906552,1.3565393686294556,0.3065325617790222,0.05632036551833153,3.2269192448345274,0.10474689304828644,6.001554888775035,0.10869380831718445
pid_top_drop,10,40038,4,1195,171,201,1,0,1,0,1,nan,nan,nan,nan,nan,nan,nan,nan,nan,nan
pid_top_drop,10,40038,4,1196,172,158,1,1,0,1,0,-5.424987031309348,-5.103312442158427,21.355091874043445,1.1853121519088745,0.47217515110969543,0.02668997086584568,1.529222685940085,0.13345780968666077,7.646569238105817,0.09341887384653091
pid_top_drop,10,40038,4,1197,173,694,1,0,1,0,1,nan,nan,nan,nan,nan,nan,nan,nan,nan,nan
pid_top_drop,10,40038,4,1198,174,240,1,1,0,1,0,0.3519869686874371,-3.4506252290687818,12.128886003568564,0.9777851104736328,0.4695000946521759,0.0036094924435019493,0.20680868319702445,0.1262415647506714,7.233108859340973,0.06673027575016022
pid_top_drop,10,40038,4,1199,175,45,1,0,1,0,1,nan,nan,nan,nan,nan,nan,nan,nan,nan,nan
pid_top_drop,10,40038,4,1200,176,820,1,0,1,0,1,nan,nan,nan,nan,nan,nan,nan,nan,nan,nan
pid_top_drop,10,40038,4,1201,177,857,1,0,1,0,1,nan,nan,nan,nan,nan,nan,nan,nan,nan,nan
pid_top_drop,10,40038,4,1202,178,404,1,0,1,0,1,nan,nan,nan,nan,nan,nan,nan,nan,nan,nan
pid_top_drop,10,40038,4,1203,179,201,1,1,0,1,0,1.9400059507154017,-8.976685399715977,-26.969643975577327,0.31808626651763916,0.48131459951400757,0.010062335059046745,0.5765293309299006,0.14771488308906555,8.463439372271832,0.08391977846622467
pid_top_drop,10,40038,4,1204,180,185,1,0,1,0,1,nan,nan,nan,nan,nan,nan,nan,nan,nan,nan
pid_top_drop,10,40038,4,1205,181,156,1,0,1,0,1,nan,nan,nan,nan,nan,nan,nan,nan,nan,nan
pid_top_drop,10,40038,4,1206,182,851,1,0,0,1,1,nan,nan,nan,nan,nan,nan,nan,nan,nan,nan
pid_top_drop,10,40038,4,1207,183,94,1,0,1,0,1,nan,nan,nan,nan,nan,nan,nan,nan,nan,nan
pid_top_drop,10,40038,4,1208,184,110,1,1,0,1,0,3.755497552861471,-0.5301456229980497,16.449349483816807,3.4810094833374023,0.35875585675239563,0.018451498821377754,1.057193008155558,0.13468043506145477,7.716620512007115,0.08579171448945999
pid_top_drop,10,40038,4,1209,185,278,1,1,0,1,0,-2.6232980752834774,0.19899073127915148,3.3282555598988335,1.2191097736358643,0.4749322533607483,0.02295985445380211,1.3155027584375067,0.10113922506570816,5.794850739488823,0.07352946698665619
pid_top_drop,10,40038,4,1210,186,541,1,1,0,1,0,-12.0842575475317,-0.511567508455615,-71.13572352638747,1.3703010082244873,0.42983388900756836,0.08520937711000443,4.882137683341897,0.2345948964357376,13.441297461076404,0.20250682532787323
pid_top_drop,10,40038,4,1211,187,477,1,1,0,1,0,-3.129770262618263,-7.224823839877748,3.6671968672715463,0.9895398616790771,0.4229673743247986,0.03145477920770645,1.802226094117435,0.13839022815227509,7.929175998977911,0.100649893283844
pid_top_drop,10,40038,4,1212,188,550,1,0,1,0,1,nan,nan,nan,nan,nan,nan,nan,nan,nan,nan
pid_top_drop,10,40038,4,1213,189,355,1,0,1,0,1,nan,nan,nan,nan,nan,nan,nan,nan,nan,nan
pid_top_drop,10,40038,4,1214,190,942,1,0,0,1,1,nan,nan,nan,nan,nan,nan,nan,nan,nan,nan
pid_top_drop,10,40038,4,1215,191,311,1,0,1,0,1,nan,nan,nan,nan,nan,nan,nan,nan,nan,nan
pid_top_drop,10,40038,4,1216,192,314,1,0,1,0,1,nan,nan,nan,nan,nan,nan,nan,nan,nan,nan
pid_top_drop,10,40038,4,1217,193,566,1,0,1,0,1,nan,nan,nan,nan,nan,nan,nan,nan,nan,nan
pid_top_drop,10,40038,4,1218,194,722,1,0,0,1,1,nan,nan,nan,nan,nan,nan,nan,nan,nan,nan
pid_top_drop,10,40038,4,1219,195,140,1,0,1,0,1,nan,nan,nan,nan,nan,nan,nan,nan,nan,nan
pid_top_drop,10,40038,4,1220,196,863,1,0,0,1,1,nan,nan,nan,nan,nan,nan,nan,nan,nan,nan
pid_top_drop,10,40038,4,1221,197,321,1,0,1,0,1,nan,nan,nan,nan,nan,nan,nan,nan,nan,nan
pid_top_drop,10,40038,4,1222,198,207,1,0,1,0,1,nan,nan,nan,nan,nan,nan,nan,nan,nan,nan
pid_top_drop,10,40038,4,1223,199,316,1,1,0,1,0,0.49294841277816026,1.2126317852440638,18.04120703215832,1.4071738719940186,0.4991213381290436,0.008638606406748295,0.49495568798135064,0.11965993046760559,6.856008992622692,0.06846857070922852
pid_top_drop,10,40038,4,1224,200,150,1,1,0,1,0,3.608894372516317,-2.668104116238761,-9.13858820380196,1.8820457458496094,0.48944684863090515,0.02109542489051819,1.2086788132619188,0.13736075162887573,7.870191339079327,0.08977580070495605
pid_top_drop,10,40038,4,1225,201,626,1,0,1,0,1,nan,nan,nan,nan,nan,nan,nan,nan,nan,nan
pid_top_drop,10,40038,4,1226,202,111,1,0,1,0,1,nan,nan,nan,nan,nan,nan,nan,nan,nan,nan
pid_top_drop,10,40038,4,1227,203,973,1,0,0,1,1,nan,nan,nan,nan,nan,nan,nan,nan,nan,nan
pid_top_drop,10,40038,4,1228,204,439,1,0,1,0,1,nan,nan,nan,nan,nan,nan,nan,nan,nan,nan
pid_top_drop,10,40038,4,1229,205,161,1,0,1,0,1,nan,nan,nan,nan,nan,nan,nan,nan,nan,nan
pid_top_drop,10,40038,4,1230,206,306,1,1,0,1,0,4.782252570032807,3.779512497983236,-59.424571892456875,0.7581385970115662,0.4738411009311676,0.005138597916811705,0.29441997324802754,0.14737561345100403,8.444000653893976,0.078826405107975
pid_top_drop,10,40038,4,1231,207,365,1,1,0,1,0,0.7470314499026346,-4.777594381018859,-44.29728748476607,0.32328832149505615,0.49614882469177246,0.021542785689234734,1.2343106989479784,0.12857894599437714,7.367030939718352,0.08583226054906845
pid_top_drop,10,40038,4,1232,208,497,1,0,1,0,1,nan,nan,nan,nan,nan,nan,nan,nan,nan,nan
pid_top_drop,10,40038,4,1233,209,56,1,0,1,0,1,nan,nan,nan,nan,nan,nan,nan,nan,nan,nan
pid_top_drop,10,40038,4,1234,210,953,1,0,0,1,1,nan,nan,nan,nan,nan,nan,nan,nan,nan,nan
pid_top_drop,10,40038,4,1235,211,166,1,0,1,0,1,nan,nan,nan,nan,nan,nan,nan,nan,nan,nan
pid_top_drop,10,40038,4,1236,212,979,1,0,0,1,1,nan,nan,nan,nan,nan,nan,nan,nan,nan,nan
pid_top_drop,10,40038,4,1237,213,278,1,1,0,1,0,4.058949197306798,-6.181170934699799,-38.59495379201919,0.5543509721755981,0.4699571132659912,0.024977566674351692,1.4311091529469675,0.1376919448375702,7.889167312140915,0.09382353723049164
pid_top_drop,10,40038,4,1238,214,204,1,0,1,0,1,nan,nan,nan,nan,nan,nan,nan,nan,nan,nan
pid_top_drop,10,40038,4,1239,215,370,1,0,1,0,1,nan,nan,nan,nan,nan,nan,nan,nan,nan,nan
pid_top_drop,10,40038,4,1240,216,114,1,1,0,1,0,3.053613653372621,2.872190168638742,-10.887007348298505,1.33371102809906,0.4763723313808441,0.02759671024978161,1.581175025757906,0.11169253289699554,6.399510738123951,0.08344297856092453
pid_top_drop,10,40038,4,1241,217,828,1,0,0,1,1,nan,nan,nan,nan,nan,nan,nan,nan,nan,nan
pid_top_drop,10,40038,4,1242,218,312,1,0,1,0,1,nan,nan,nan,nan,nan,nan,nan,nan,nan,nan
pid_top_drop,10,40038,4,1243,219,283,1,0,1,0,1,nan,nan,nan,nan,nan,nan,nan,nan,nan,nan
pid_top_drop,10,40038,4,1244,220,183,1,0,1,0,1,nan,nan,nan,nan,nan,nan,nan,nan,nan,nan
pid_top_drop,10,40038,4,1245,221,140,1,0,1,0,1,nan,nan,nan,nan,nan,nan,nan,nan,nan,nan
pid_top_drop,10,40038,4,1246,222,721,1,0,1,0,1,nan,nan,nan,nan,nan,nan,nan,nan,nan,nan
pid_top_drop,10,40038,4,1247,223,140,1,0,1,0,1,nan,nan,nan,nan,nan,nan,nan,nan,nan,nan
pid_top_drop,10,40038,4,1248,224,477,1,1,0,1,0,-3.7331764946538692,1.0644849821464872,-65.26498468946474,1.3954793214797974,0.4644619822502136,0.038010019809007645,2.1778137142647935,0.047298841178417206,2.710023975382891,0.06165944039821625
pid_top_drop,10,40038,4,1249,225,208,1,0,1,0,1,nan,nan,nan,nan,nan,nan,nan,nan,nan,nan
pid_top_drop,10,40038,4,1250,226,458,1,0,1,0,1,nan,nan,nan,nan,nan,nan,nan,nan,nan,nan
pid_top_drop,10,40038,4,1251,227,508,1,0,1,0,1,nan,nan,nan,nan,nan,nan,nan,nan,nan,nan
pid_top_drop,10,40038,4,1252,228,217,1,1,0,1,0,-5.5492964742035795,0.7190959761972825,35.93232748749478,0.9045246839523315,0.47350358963012695,0.0035088052973151207,0.20103973466930242,0.09626111388206482,5.515355556670494,0.051639363169670105
pid_top_drop,10,40038,4,1253,229,980,1,0,0,1,1,nan,nan,nan,nan,nan,nan,nan,nan,nan,nan
pid_top_drop,10,40038,4,1254,230,39,1,0,1,0,1,nan,nan,nan,nan,nan,nan,nan,nan,nan,nan
pid_top_drop,10,40038,4,1255,231,205,1,1,0,1,0,-2.18551027024234,-5.969598994969484,7.834814374273247,0.8558260798454285,0.443179726600647,0.0271499902009964,1.5555798523386353,0.1372021734714508,7.861105479935918,0.0957510769367218
pid_top_drop,10,40038,4,1256,232,592,1,0,1,0,1,nan,nan,nan,nan,nan,nan,nan,nan,nan,nan
pid_top_drop,10,40038,4,1257,233,217,1,0,1,0,1,nan,nan,nan,nan,nan,nan,nan,nan,nan,nan
pid_top_drop,10,40038,4,1258,234,991,1,0,0,1,1,nan,nan,nan,nan,nan,nan,nan,nan,nan,nan
pid_top_drop,10,40038,4,1259,235,377,1,0,1,0,1,nan,nan,nan,nan,nan,nan,nan,nan,nan,nan
pid_top_drop,10,40038,4,1260,236,421,1,0,1,0,1,nan,nan,nan,nan,nan,nan,nan,nan,nan,nan
pid_top_drop,10,40038,4,1261,237,203,1,0,1,0,1,nan,nan,nan,nan,nan,nan,nan,nan,nan,nan
pid_top_drop,10,40038,4,1262,238,200,1,0,1,0,1,nan,nan,nan,nan,nan,nan,nan,nan,nan,nan
pid_top_drop,10,40038,4,1263,239,103,1,0,1,0,1,nan,nan,nan,nan,nan,nan,nan,nan,nan,nan
pid_top_drop,10,40038,4,1264,240,199,1,1,0,1,0,-8.460323098463014,-0.0649277782501412,-62.25407337878304,1.0433783531188965,0.45298561453819275,0.04838695004582405,2.7723680211360633,0.08453249931335449,4.843355442347741,0.090653195977211
pid_top_drop,10,40038,4,1265,241,20,1,0,1,0,1,nan,nan,nan,nan,nan,nan,nan,nan,nan,nan
pid_top_drop,10,40038,4,1266,242,997,1,0,0,1,1,nan,nan,nan,nan,nan,nan,nan,nan,nan,nan
pid_top_drop,10,40038,4,1267,243,210,1,0,1,0,1,nan,nan,nan,nan,nan,nan,nan,nan,nan,nan
pid_top_drop,10,40038,4,1268,244,453,1,0,1,0,1,nan,nan,nan,nan,nan,nan,nan,nan,nan,nan
pid_top_drop,10,40038,4,1269,245,844,1,0,1,0,1,nan,nan,nan,nan,nan,nan,nan,nan,nan,nan
pid_top_drop,10,40038,4,1270,246,165,1,0,1,0,1,nan,nan,nan,nan,nan,nan,nan,nan,nan,nan
pid_top_drop,10,40038,4,1271,247,596,1,1,0,1,0,-1.5016170890273033,0.8054159069279035,-43.02463199709594,1.3827733993530273,0.4980892241001129,0.007424937095493078,0.42541755872187725,0.11747375130653381,6.730750153433828,0.06616181135177612
pid_top_drop,10,40038,4,1272,248,154,1,1,0,1,0,-8.086848354646717,-5.263029585710005,15.184849242015668,1.4710110425949097,0.49563518166542053,0.007926643826067448,0.45416323693709576,0.12338938564062119,7.069691033919717,0.06962133944034576
pid_top_drop,10,40038,4,1273,249,303,1,0,1,0,1,nan,nan,nan,nan,nan,nan,nan,nan,nan,nan
pid_top_drop,10,40038,4,1274,250,234,1,0,1,0,1,nan,nan,nan,nan,nan,nan,nan,nan,nan,nan
pid_top_drop,10,40038,4,1275,251,216,1,1,0,1,0,-0.729040731628821,-3.1430481503647676,14.875141144290609,1.2704678773880005,0.4901044964790344,0.013007272966206074,0.7452618439382195,0.12104793637990952,6.935535873336912,0.07353124022483826
pid_top_drop,10,40038,4,1276,252,993,1,0,0,1,1,nan,nan,nan,nan,nan,nan,nan,nan,nan,nan
pid_top_drop,10,40038,4,1277,253,927,1,0,0,1,1,nan,nan,nan,nan,nan,nan,nan,nan,nan,nan
pid_top_drop,10,40038,4,1278,254,322,1,0,1,0,1,nan,nan,nan,nan,nan,nan,nan,nan,nan,nan
pid_top_drop,10,40038,4,1279,255,854,1,0,0,1,1,nan,nan,nan,nan,nan,nan,nan,nan,nan,nan
pid_top_drop,10,50045,5,1280,0,98,1,0,1,0,1,nan,nan,nan,nan,nan,nan,nan,nan,nan,nan
pid_top_drop,10,50045,5,1281,1,167,1,0,1,0,1,nan,nan,nan,nan,nan,nan,nan,nan,nan,nan
pid_top_drop,10,50045,5,1282,2,434,1,1,0,1,0,1.0254163000940144,2.5035102176197936,-55.81981661457759,1.4432438611984253,0.4944114685058594,0.02435448206961155,1.3954090348157802,0.15460316836833954,8.858109046856326,0.10165606439113617
pid_top_drop,10,50045,5,1283,3,356,1,0,1,0,1,nan,nan,nan,nan,nan,nan,nan,nan,nan,nan
pid_top_drop,10,50045,5,1284,4,137,1,1,0,1,0,-1.1571023472918602,4.96013801677662,32.97501950141934,0.8711767196655273,0.4044545590877533,0.02584080584347248,1.4805691140479686,0.12623761594295502,7.232882609324716,0.08895961195230484
pid_top_drop,10,50045,5,1285,5,445,1,0,1,0,1,nan,nan,nan,nan,nan,nan,nan,nan,nan,nan
pid_top_drop,10,50045,5,1286,6,92,1,0,1,0,1,nan,nan,nan,nan,nan,nan,nan,nan,nan,nan
pid_top_drop,10,50045,5,1287,7,219,1,0,1,0,1,nan,nan,nan,nan,nan,nan,nan,nan,nan,nan
pid_top_drop,10,50045,5,1288,8,924,1,0,0,1,1,nan,nan,nan,nan,nan,nan,nan,nan,nan,nan
pid_top_drop,10,50045,5,1289,9,301,1,0,1,0,1,nan,nan,nan,nan,nan,nan,nan,nan,nan,nan
pid_top_drop,10,50045,5,1290,10,193,1,1,0,1,0,-0.47140599613594003,-1.568389018353348,-7.0920996039260595,1.1731663942337036,0.48128780722618103,0.008834931068122387,0.5062042624924212,0.1289868950843811,7.390404700831782,0.07332837581634521
pid_top_drop,10,50045,5,1291,11,125,1,0,1,0,1,nan,nan,nan,nan,nan,nan,nan,nan,nan,nan
pid_top_drop,10,50045,5,1292,12,132,1,1,0,1,0,-4.881030765809532,-3.757164119018954,7.625633000752436,1.0123363733291626,0.49071386456489563,0.027986425906419754,1.6035040880934412,0.10244615375995636,5.869732237793789,0.07920950651168823
pid_top_drop,10,50045,5,1293,13,165,1,1,0,1,0,1.4774245589871182,3.201992682901978,23.33856514863681,0.8899111151695251,0.46029132604599,0.05013429746031761,2.872483653329641,0.13459880650043488,7.711943539972948,0.11743369698524475
pid_top_drop,10,50045,5,1294,14,989,1,0,0,1,1,nan,nan,nan,nan,nan,nan,nan,nan,nan,nan
pid_top_drop,10,50045,5,1295,15,77,1,0,1,0,1,nan,nan,nan,nan,nan,nan,nan,nan,nan,nan
pid_top_drop,10,50045,5,1296,16,649,1,0,1,0,1,nan,nan,nan,nan,nan,nan,nan,nan,nan,nan
pid_top_drop,10,50045,5,1297,17,354,1,0,1,0,1,nan,nan,nan,nan,nan,nan,nan,nan,nan,nan
pid_top_drop,10,50045,5,1298,18,210,1,1,0,1,0,-0.6143481950859669,-3.2832036321334295,-48.97919091551306,0.7444717288017273,0.49842679500579834,0.007886896841228008,0.4518859024574254,0.1307460367679596,7.491196094866368,0.07325991243124008
pid_top_drop,10,50045,5,1299,19,648,1,0,1,0,1,nan,nan,nan,nan,nan,nan,nan,nan,nan,nan
pid_top_drop,10,50045,5,1300,20,218,1,1,0,1,0,2.456750742561886,-2.08376777236583,-39.888810186873044,0.8692588210105896,0.4693932831287384,0.014134272001683712,0.8098341321864027,0.12222796678543091,7.003146635270399,0.07524825632572174
pid_top_drop,10,50045,5,1301,21,136,1,0,1,0,1,nan,nan,nan,nan,nan,nan,nan,nan,nan,nan
pid_top_drop,10,50045,5,1302,22,288,1,0,1,0,1,nan,nan,nan,nan,nan,nan,nan,nan,nan,nan
pid_top_drop,10,50045,5,1303,23,122,1,1,0,1,0,-8.18968368279043,-6.579125076501422,20.394726295604634,1.8926231861114502,0.4752318263053894,0.014023887924849987,0.8035095904583824,0.1035601943731308,5.9335620631348505,0.06580398231744766
pid_top_drop,10,50045,5,1304,24,495,1,1,0,1,0,2.877039602949451,-0.6680061612055871,-47.79751354758749,1.5181361436843872,0.47910773754119873,0.017991458997130394,1.0308346678182443,0.14107361435890198,8.082922703421252,0.08852826803922653
pid_top_drop,10,50045,5,1305,25,194,1,1,0,1,0,-5.878456950684834,-7.227829123112553,20.100877897132346,0.23590277135372162,0.4527361989021301,0.0453057698905468,2.595829402319213,0.14331085979938507,8.21110742489582,0.11696119606494904
pid_top_drop,10,50045,5,1306,26,455,1,0,1,0,1,nan,nan,nan,nan,nan,nan,nan,nan,nan,nan
pid_top_drop,10,50045,5,1307,27,32,1,0,1,0,1,nan,nan,nan,nan,nan,nan,nan,nan,nan,nan
pid_top_drop,10,50045,5,1308,28,155,1,0,1,0,1,nan,nan,nan,nan,nan,nan,nan,nan,nan,nan
pid_top_drop,10,50045,5,1309,29,445,1,0,1,0,1,nan,nan,nan,nan,nan,nan,nan,nan,nan,nan
pid_top_drop,10,50045,5,1310,30,751,1,0,0,1,1,nan,nan,nan,nan,nan,nan,nan,nan,nan,nan
pid_top_drop,10,50045,5,1311,31,317,1,0,1,0,1,nan,nan,nan,nan,nan,nan,nan,nan,nan,nan
pid_top_drop,10,50045,5,1312,32,53,1,0,1,0,1,nan,nan,nan,nan,nan,nan,nan,nan,nan,nan
pid_top_drop,10,50045,5,1313,33,186,1,0,1,0,1,nan,nan,nan,nan,nan,nan,nan,nan,nan,nan
pid_top_drop,10,50045,5,1314,34,157,1,1,0,1,0,4.3967976744123085,-1.0143787143952736,-28.756913236072904,0.9150925278663635,0.46694326400756836,0.010067042894661427,0.5767990700412631,0.1298007369041443,7.437034402295459,0.0749674141407013
pid_top_drop,10,50045,5,1315,35,929,1,0,0,1,1,nan,nan,nan,nan,nan,nan,nan,nan,nan,nan
pid_top_drop,10,50045,5,1316,36,653,1,1,0,1,0,-0.4451780697230911,-1.1934935951896881,23.27876001226418,1.2099822759628296,0.4899703562259674,0.00776897557079792,0.44512951134696055,0.11449139565229416,6.559873761438918,0.06501467525959015
pid_top_drop,10,50045,5,1317,37,948,1,0,0,1,1,nan,nan,nan,nan,nan,nan,nan,nan,nan,nan
pid_top_drop,10,50045,5,1318,38,506,1,1,0,1,0,3.6718004147721346,-3.072178107536715,-7.334981130811713,0.8681566119194031,0.475040465593338,0.004911575000733137,0.28141251830397296,0.1474362313747406,8.447473805086927,0.07862968742847443
pid_top_drop,10,50045,5,1319,39,405,1,0,1,0,1,nan,nan,nan,nan,nan,nan,nan,nan,nan,nan
pid_top_drop,10,50045,5,1320,40,882,1,0,0,1,1,nan,nan,nan,nan,nan,nan,nan,nan,nan,nan
pid_top_drop,10,50045,5,1321,41,301,1,0,1,0,1,nan,nan,nan,nan,nan,nan,nan,nan,nan,nan
pid_top_drop,10,50045,5,1322,42,53,1,0,1,0,1,nan,nan,nan,nan,nan,nan,nan,nan,nan,nan
pid_top_drop,10,50045,5,1323,43,305,1,1,0,1,0,68.23988724284213,0.1581325396641352,67.02389500452642,0.8732537031173706,0.44231051206588745,0.33959490060806274,19.45735454900667,0.6460353136062622,37.01509688604939,0.6626125574111938
pid_top_drop,10,50045,5,1324,44,959,1,0,0,1,1,nan,nan,nan,nan,nan,nan,nan,nan,nan,nan
pid_top_drop,10,50045,5,1325,45,877,1,0,0,1,1,nan,nan,nan,nan,nan,nan,nan,nan,nan,nan
pid_top_drop,10,50045,5,1326,46,371,1,1,0,1,0,-0.3543092330052414,-1.7685955233047617,-13.60613297763726,0.5569043159484863,0.45366042852401733,0.02023770846426487,1.1595352820185598,0.12676255404949188,7.262959347334868,0.08361898362636566
pid_top_drop,10,50045,5,1327,47,111,1,0,1,0,1,nan,nan,nan,nan,nan,nan,nan,nan,nan,nan
pid_top_drop,10,50045,5,1328,48,468,1,1,0,1,0,-0.2957881721965722,-0.5508001150481683,-41.730666319215366,1.6334309577941895,0.48797643184661865,0.008141400292515755,0.4664678760877266,0.12122584879398346,6.945729503786333,0.06875432282686234
pid_top_drop,10,50045,5,1329,49,209,1,0,1,0,1,nan,nan,nan,nan,nan,nan,nan,nan,nan,nan
pid_top_drop,10,50045,5,1330,50,104,1,1,0,1,0,-4.317949970633681,-0.25109141426800874,28.141786399421555,3.0124781131744385,0.4904337525367737,0.00447533605620265,0.2564178679231344,0.10111582279205322,5.793509887977385,0.05503324791789055
pid_top_drop,10,50045,5,1331,51,466,1,0,1,0,1,nan,nan,nan,nan,nan,nan,nan,nan,nan,nan
pid_top_drop,10,50045,5,1332,52,774,1,0,1,0,1,nan,nan,nan,nan,nan,nan,nan,nan,nan,nan
pid_top_drop,10,50045,5,1333,53,513,1,0,1,0,1,nan,nan,nan,nan,nan,nan,nan,nan,nan,nan
pid_top_drop,10,50045,5,1334,54,877,1,0,0,1,1,nan,nan,nan,nan,nan,nan,nan,nan,nan,nan
pid_top_drop,10,50045,5,1335,55,871,1,0,0,1,1,nan,nan,nan,nan,nan,nan,nan,nan,nan,nan
pid_top_drop,10,50045,5,1336,56,355,1,1,0,1,0,-93.3549299530859,58.03908167969813,58.233222976666575,0.5358476638793945,0.49644961953163147,0.5789923667907715,33.17381898740173,0.5830212235450745,33.40465547568607,0.8705029487609863
pid_top_drop,10,50045,5,1337,57,966,1,0,0,1,1,nan,nan,nan,nan,nan,nan,nan,nan,nan,nan
pid_top_drop,10,50045,5,1338,58,536,1,0,1,0,1,nan,nan,nan,nan,nan,nan,nan,nan,nan,nan
pid_top_drop,10,50045,5,1339,59,934,1,0,0,1,1,nan,nan,nan,nan,nan,nan,nan,nan,nan,nan
pid_top_drop,10,50045,5,1340,60,136,1,1,0,1,0,0.7202707687345247,-3.4986004777989512,-11.010060036385454,2.359830141067505,0.45314908027648926,0.01161221880465746,0.6653311282893222,0.12665791809558868,7.256964148790889,0.07494118064641953
pid_top_drop,10,50045,5,1341,61,170,1,0,1,0,1,nan,nan,nan,nan,nan,nan,nan,nan,nan,nan
pid_top_drop,10,50045,5,1342,62,125,1,1,0,1,0,-3.448767417614538,-0.38277746146585456,40.13129556278684,1.4757404327392578,0.4564152956008911,0.0033396147191524506,0.19134582860720314,0.11100442707538605,6.360085178687345,0.058841828256845474
pid_top_drop,10,50045,5,1343,63,458,1,0,1,0,1,nan,nan,nan,nan,nan,nan,nan,nan,nan,nan
pid_top_drop,10,50045,5,1344,64,136,1,1,0,1,0,-0.046295022194346426,-1.89093787171803,-9.107333258159983,2.460993528366089,0.43592068552970886,0.028814446181058884,1.6509461551815268,0.1174396350979805,6.728795438670735,0.08753426373004913
pid_top_drop,10,50045,5,1345,65,354,1,0,1,0,1,nan,nan,nan,nan,nan,nan,nan,nan,nan,nan
pid_top_drop,10,50045,5,1346,66,947,1,0,0,1,1,nan,nan,nan,nan,nan,nan,nan,nan,nan,nan
pid_top_drop,10,50045,5,1347,67,322,1,0,1,0,1,nan,nan,nan,nan,nan,nan,nan,nan,nan,nan
pid_top_drop,10,50045,5,1348,68,954,1,0,0,1,1,nan,nan,nan,nan,nan,nan,nan,nan,nan,nan
pid_top_drop,10,50045,5,1349,69,35,1,0,1,0,1,nan,nan,nan,nan,nan,nan,nan,nan,nan,nan
pid_top_drop,10,50045,5,1350,70,172,1,0,1,0,1,nan,nan,nan,nan,nan,nan,nan,nan,nan,nan
pid_top_drop,10,50045,5,1351,71,467,1,0,1,0,1,nan,nan,nan,nan,nan,nan,nan,nan,nan,nan
pid_top_drop,10,50045,5,1352,72,325,1,1,0,1,0,0.7160223910707767,-1.2000505767929004,34.72084317403128,0.6190619468688965,0.48090410232543945,0.00821904931217432,0.4709168371974908,0.126433864235878,7.24412680824585,0.07143598049879074
pid_top_drop,10,50045,5,1353,73,886,1,1,0,1,0,2.534150446236471,-0.700627144681568,-13.493079686495209,1.3357123136520386,0.4815872609615326,0.015486021526157856,0.8872836748975871,0.1296788603067398,7.430051387642767,0.08032545447349548
pid_top_drop,10,50045,5,1354,74,160,1,0,1,0,1,nan,nan,nan,nan,nan,nan,nan,nan,nan,nan
pid_top_drop,10,50045,5,1355,75,20,1,0,1,0,1,nan,nan,nan,nan,nan,nan,nan,nan,nan,nan
pid_top_drop,10,50045,5,1356,76,999,1,0,0,1,1,nan,nan,nan,nan,nan,nan,nan,nan,nan,nan
pid_top_drop,10,50045,5,1357,77,671,1,1,0,1,0,1.0575181891930743,-2.732854309570482,-25.10106814320192,0.7967012524604797,0.4697820544242859,0.012031016871333122,0.6893264899780761,0.1364191174507141,7.816239674825397,0.08024057745933533
pid_top_drop,10,50045,5,1358,78,328,1,0,1,0,1,nan,nan,nan,nan,nan,nan,nan,nan,nan,nan
pid_top_drop,10,50045,5,1359,79,307,1,0,1,0,1,nan,nan,nan,nan,nan,nan,nan,nan,nan,nan
pid_top_drop,10,50045,5,1360,80,890,1,0,0,1,1,nan,nan,nan,nan,nan,nan,nan,nan,nan,nan
pid_top_drop,10,50045,5,1361,81,975,1,0,0,1,1,nan,nan,nan,nan,nan,nan,nan,nan,nan,nan
pid_top_drop,10,50045,5,1362,82,215,1,1,0,1,0,1.8606528129381936,-2.7600657832238125,-4.1392175804327875,1.1838656663894653,0.4905235469341278,0.015217331238090992,0.8718888553952016,0.12131207436323166,6.950669864990368,0.07587336748838425
pid_top_drop,10,50045,5,1363,83,883,1,0,0,1,1,nan,nan,nan,nan,nan,nan,nan,nan,nan,nan
pid_top_drop,10,50045,5,1364,84,1000,1,0,0,1,1,nan,nan,nan,nan,nan,nan,nan,nan,nan,nan
pid_top_drop,10,50045,5,1365,85,537,1,0,1,0,1,nan,nan,nan,nan,nan,nan,nan,nan,nan,nan
pid_top_drop,10,50045,5,1366,86,404,1,0,1,0,1,nan,nan,nan,nan,nan,nan,nan,nan,nan,nan
pid_top_drop,10,50045,5,1367,87,522,1,0,1,0,1,nan,nan,nan,nan,nan,nan,nan,nan,nan,nan
pid_top_drop,10,50045,5,1368,88,792,1,1,0,1,0,-1.574344943309599,0.2809530013193045,-35.021016327675,1.4448755979537964,0.4853363335132599,0.0069579617120325565,0.39866184011308614,0.11612457782030106,6.653448206841739,0.06502024829387665
pid_top_drop,10,50045,5,1369,89,304,1,1,0,1,0,1.7962577894433134,-4.4257030349798026,10.66506718140811,0.7167562246322632,0.487033873796463,0.01878083124756813,1.0760623662330704,0.14070160686969757,8.061608244342581,0.08913163840770721
pid_top_drop,10,50045,5,1370,90,335,1,0,1,0,1,nan,nan,nan,nan,nan,nan,nan,nan,nan,nan
pid_top_drop,10,50045,5,1371,91,620,1,0,1,0,1,nan,nan,nan,nan,nan,nan,nan,nan,nan,nan
pid_top_drop,10,50045,5,1372,92,807,1,0,0,1,1,nan,nan,nan,nan,nan,nan,nan,nan,nan,nan
pid_top_drop,10,50045,5,1373,93,605,1,1,0,1,0,31.89419670677818,50.22952534497559,-59.826077732626906,0.6400792002677917,0.4377722144126892,0.40332597494125366,23.108876132133037,0.8482905030250549,48.60346562436524,0.8274712562561035
pid_top_drop,10,50045,5,1374,94,500,1,1,0,1,0,0.0036063398817667326,-0.3451294587607443,10.437184749939805,1.159665822982788,0.4989747405052185,0.007054251153022051,0.4041788186934582,0.11235282570123672,6.437342729049829,0.06323066353797913
pid_top_drop,10,50045,5,1375,95,336,1,0,1,0,1,nan,nan,nan,nan,nan,nan,nan,nan,nan,nan
pid_top_drop,10,50045,5,1376,96,790,1,1,0,1,0,1.06604226527725,1.6393137026947604,20.784060738673702,1.433685541152954,0.4927162826061249,0.002278623403981328,0.13055550414786327,0.1195116862654686,6.847515225502958,0.06203446537256241
pid_top_drop,10,50045,5,1377,97,259,1,0,1,0,1,nan,nan,nan,nan,nan,nan,nan,nan,nan,nan
pid_top_drop,10,50045,5,1378,98,128,1,0,1,0,1,nan,nan,nan,nan,nan,nan,nan,nan,nan,nan
pid_top_drop,10,50045,5,1379,99,415,1,0,1,0,1,nan,nan,nan,nan,nan,nan,nan,nan,nan,nan
pid_top_drop,10,50045,5,1380,100,132,1,0,1,0,1,nan,nan,nan,nan,nan,nan,nan,nan,nan,nan
pid_top_drop,10,50045,5,1381,101,801,1,1,0,1,0,-6.912547591024765,3.839495219274288,21.741653260309487,0.4181385338306427,0.4892973303794861,0.043648481369018555,2.500873764600169,0.059849780052900314,3.429139801817449,0.07357337325811386
pid_top_drop,10,50045,5,1382,102,171,1,1,0,1,0,0.389416405339107,3.0418384072435187,41.5235476628239,1.0564781427383423,0.4709732234477997,0.007133645936846733,0.408727804721966,0.12596704065799713,7.21737978745608,0.07011716812849045
pid_top_drop,10,50045,5,1383,103,699,1,1,0,1,0,-0.43015165354906304,7.693689005642443,-16.12936878158005,1.6119306087493896,0.4945617914199829,0.03143748641014099,1.80123528980096,0.08113366365432739,4.648616503826923,0.07200431823730469
pid_top_drop,10,50045,5,1384,104,100,1,0,1,0,1,nan,nan,nan,nan,nan,nan,nan,nan,nan,nan
pid_top_drop,10,50045,5,1385,105,630,1,0,1,0,1,nan,nan,nan,nan,nan,nan,nan,nan,nan,nan
pid_top_drop,10,50045,5,1386,106,765,1,0,1,0,1,nan,nan,nan,nan,nan,nan,nan,nan,nan,nan
pid_top_drop,10,50045,5,1387,107,605,1,1,0,1,0,-0.5566467569776992,0.994215995965396,58.62833575977347,1.7196837663650513,0.4643233120441437,0.004013253375887871,0.22994248055500474,0.1319786012172699,7.561816835789714,0.07000255584716797
pid_top_drop,10,50045,5,1388,108,121,1,1,0,1,0,-2.8521367332355845,-1.7563011827987387,-0.10678317748397935,1.6817625761032104,0.4677402079105377,0.010862518101930618,0.6223764421250823,0.09840115904808044,5.637971112650563,0.06006309762597084
pid_top_drop,10,50045,5,1389,109,105,1,1,0,1,0,2.390593530261143,-1.7241719729429987,-43.98162346208477,1.9725501537322998,0.4544506371021271,0.0103965038433671,0.5956757919164744,0.12924718856811523,7.405318418884504,0.07502009719610214
pid_top_drop,10,50045,5,1390,110,409,1,0,1,0,1,nan,nan,nan,nan,nan,nan,nan,nan,nan,nan
pid_top_drop,10,50045,5,1391,111,142,1,0,1,0,1,nan,nan,nan,nan,nan,nan,nan,nan,nan,nan
pid_top_drop,10,50045,5,1392,112,595,1,1,0,1,0,0.8891540261522599,-2.7542191412942816,57.244812641495685,1.4511502981185913,0.48330435156822205,0.024442516267299652,1.4004530227961287,0.16570672392845154,9.494295918039763,0.10729587823152542
pid_top_drop,10,50045,5,1393,113,166,1,0,1,0,1,nan,nan,nan,nan,nan,nan,nan,nan,nan,nan
pid_top_drop,10,50045,5,1394,114,345,1,0,1,0,1,nan,nan,nan,nan,nan,nan,nan,nan,nan,nan
pid_top_drop,10,50045,5,1395,115,984,1,0,0,1,1,nan,nan,nan,nan,nan,nan,nan,nan,nan,nan
pid_top_drop,10,50045,5,1396,116,220,1,0,1,0,1,nan,nan,nan,nan,nan,nan,nan,nan,nan,nan
pid_top_drop,10,50045,5,1397,117,906,1,0,0,1,1,nan,nan,nan,nan,nan,nan,nan,nan,nan,nan
pid_top_drop,10,50045,5,1398,118,111,1,0,1,0,1,nan,nan,nan,nan,nan,nan,nan,nan,nan,nan
pid_top_drop,10,50045,5,1399,119,697,1,0,1,0,1,nan,nan,nan,nan,nan,nan,nan,nan,nan,nan
pid_top_drop,10,50045,5,1400,120,383,1,0,1,0,1,nan,nan,nan,nan,nan,nan,nan,nan,nan,nan
pid_top_drop,10,50045,5,1401,121,306,1,1,0,1,0,0.38897927323222614,-2.5242876530749725,-8.310659993369695,1.4295761585235596,0.48303112387657166,0.006205993238836527,0.3555772202720573,0.12024195492267609,6.889356537471633,0.06632696837186813
pid_top_drop,10,50045,5,1402,122,764,1,0,1,0,1,nan,nan,nan,nan,nan,nan,nan,nan,nan,nan
pid_top_drop,10,50045,5,1403,123,413,1,0,1,0,1,nan,nan,nan,nan,nan,nan,nan,nan,nan,nan
pid_top_drop,10,50045,5,1404,124,104,1,1,0,1,0,-0.4557238818015908,-1.959403687958238,0.49106328056723675,1.8988664150238037,0.4213937819004059,0.005551750771701336,0.31809188812698436,0.11416006088256836,6.540889677527691,0.06263177841901779
pid_top_drop,10,50045,5,1405,125,224,1,1,0,1,0,1.1710632539553663,5.5980093833641105,7.6367798694778966,1.521311640739441,0.4988110363483429,0.0013224922586232424,0.07577322485783554,0.1088632345199585,6.2374038821365145,0.05575411021709442
pid_top_drop,10,50045,5,1406,126,914,1,1,0,1,0,-1.5081740706305156,1.8798729652626094,-36.63392451903849,1.6516541242599487,0.48607784509658813,0.015415037982165813,0.8832166174119619,0.11841899156570435,6.784908430910152,0.07462453097105026
pid_top_drop,10,50045,5,1407,127,129,1,0,1,0,1,nan,nan,nan,nan,nan,nan,nan,nan,nan,nan
pid_top_drop,10,50045,5,1408,128,858,1,0,0,1,1,nan,nan,nan,nan,nan,nan,nan,nan,nan,nan
pid_top_drop,10,50045,5,1409,129,807,1,0,0,1,1,nan,nan,nan,nan,nan,nan,nan,nan,nan,nan
pid_top_drop,10,50045,5,1410,130,168,1,0,1,0,1,nan,nan,nan,nan,nan,nan,nan,nan,nan,nan
pid_top_drop,10,50045,5,1411,131,219,1,0,1,0,1,nan,nan,nan,nan,nan,nan,nan,nan,nan,nan
pid_top_drop,10,50045,5,1412,132,981,1,0,0,1,1,nan,nan,nan,nan,nan,nan,nan,nan,nan,nan
pid_top_drop,10,50045,5,1413,133,315,1,0,1,0,1,nan,nan,nan,nan,nan,nan,nan,nan,nan,nan
pid_top_drop,10,50045,5,1414,134,749,1,1,0,1,0,-1.5154960334207692,7.019139523211984,-38.10312553026491,0.9539639949798584,0.46871280670166016,0.01332328375428915,0.7633679283759829,0.08750452101230621,5.013639742318976,0.05707554519176483
pid_top_drop,10,50045,5,1415,135,223,1,0,1,0,1,nan,nan,nan,nan,nan,nan,nan,nan,nan,nan
pid_top_drop,10,50045,5,1416,136,123,1,0,1,0,1,nan,nan,nan,nan,nan,nan,nan,nan,nan,nan
pid_top_drop,10,50045,5,1417,137,195,1,0,1,0,1,nan,nan,nan,nan,nan,nan,nan,nan,nan,nan
pid_top_drop,10,50045,5,1418,138,214,1,0,1,0,1,nan,nan,nan,nan,nan,nan,nan,nan,nan,nan
pid_top_drop,10,50045,5,1419,139,166,1,1,0,1,0,7.564762354869282,0.08086943977295097,-28.579710808246094,0.4669784605503082,0.45923542976379395,0.03665844723582268,2.1003743101156584,0.12013483047485352,6.88321875872873,0.09672586619853973
pid_top_drop,10,50045,5,1420,140,931,1,1,0,1,0,0.9575105593657476,0.6869257852065224,32.32161628465924,1.5119273662567139,0.4950285851955414,0.005964150186628103,0.3417206340759526,0.12002502381801605,6.876927300729502,0.06597666442394257
pid_top_drop,10,50045,5,1421,141,209,1,0,1,0,1,nan,nan,nan,nan,nan,nan,nan,nan,nan,nan
pid_top_drop,10,50045,5,1422,142,214,1,0,1,0,1,nan,nan,nan,nan,nan,nan,nan,nan,nan,nan
pid_top_drop,10,50045,5,1423,143,160,1,1,0,1,0,-3.866447145739158,-0.8205652665069919,-7.641520020761885,0.8680280447006226,0.4911413788795471,0.005601952318102121,0.3209682248607795,0.1041526049375534,5.96750468821523,0.057678256183862686
pid_top_drop,10,50045,5,1424,144,294,1,1,0,1,0,0.586535664785675,-0.586535664785675,38.07542228299134,1.6445120573043823,0.49487918615341187,0.010946939699351788,0.6272134433570677,0.12220343202352524,7.001740896961846,0.07204865664243698
pid_top_drop,10,50045,5,1425,145,273,1,1,0,1,0,1.254487184477902,-8.257220593303515,-36.28083105970551,0.09096324443817139,0.41337504982948303,0.021887758746743202,1.2540761991889375,0.1405544877052307,8.05317893713314,0.09216500073671341
pid_top_drop,10,50045,5,1426,146,980,1,0,0,1,1,nan,nan,nan,nan,nan,nan,nan,nan,nan,nan
pid_top_drop,10,50045,5,1427,147,911,1,1,0,1,0,0.7620442056983227,-1.6285493245628202,38.416057477278216,1.035564661026001,0.49707186222076416,0.008367926813662052,0.47944688969719046,0.13086041808128357,7.4977496613749945,0.07379813492298126
pid_top_drop,10,50045,5,1428,148,478,1,0,1,0,1,nan,nan,nan,nan,nan,nan,nan,nan,nan,nan
pid_top_drop,10,50045,5,1429,149,413,1,0,1,0,1,nan,nan,nan,nan,nan,nan,nan,nan,nan,nan
pid_top_drop,10,50045,5,1430,150,371,1,0,1,0,1,nan,nan,nan,nan,nan,nan,nan,nan,nan,nan
pid_top_drop,10,50045,5,1431,151,821,1,1,0,1,0,-27.70413519816382,-69.22409018148429,89.88882751535787,0.38491612672805786,0.41422468423843384,1.287400245666504,73.76260062079602,0.6254779696464539,35.83724783915362,1.6001392602920532
pid_top_drop,10,50045,5,1432,152,791,1,1,0,1,0,0.14311978386844718,0.1915594854621776,-53.84053707613461,1.721998929977417,0.4928238093852997,0.008535630069673061,0.48905557847722325,0.12322242558002472,7.060124927100292,0.070146843791008
pid_top_drop,10,50045,5,1433,153,253,1,0,1,0,1,nan,nan,nan,nan,nan,nan,nan,nan,nan,nan
pid_top_drop,10,50045,5,1434,154,156,1,0,1,0,1,nan,nan,nan,nan,nan,nan,nan,nan,nan,nan
pid_top_drop,10,50045,5,1435,155,292,1,0,1,0,1,nan,nan,nan,nan,nan,nan,nan,nan,nan,nan
pid_top_drop,10,50045,5,1436,156,268,1,0,1,0,1,nan,nan,nan,nan,nan,nan,nan,nan,nan,nan
pid_top_drop,10,50045,5,1437,157,439,1,0,1,0,1,nan,nan,nan,nan,nan,nan,nan,nan,nan,nan
pid_top_drop,10,50045,5,1438,158,108,1,0,1,0,1,nan,nan,nan,nan,nan,nan,nan,nan,nan,nan
pid_top_drop,10,50045,5,1439,159,123,1,1,0,1,0,-0.2497253764340062,-2.34091073423847,-10.185410316754794,2.5784854888916016,0.42595940828323364,0.011104684323072433,0.63625154453714,0.10577099025249481,6.060231336387322,0.06399017572402954
pid_top_drop,10,50045,5,1440,160,110,1,0,1,0,1,nan,nan,nan,nan,nan,nan,nan,nan,nan,nan
pid_top_drop,10,50045,5,1441,161,636,1,1,0,1,0,0.574760418656573,0.8143497943622803,31.193378316799855,1.171512246131897,0.4997507929801941,0.008791246451437473,0.5037013183267288,0.1226385235786438,7.026669806771923,0.0701105073094368
pid_top_drop,10,50045,5,1442,162,738,1,0,1,0,1,nan,nan,nan,nan,nan,nan,nan,nan,nan,nan
pid_top_drop,10,50045,5,1443,163,967,1,0,0,1,1,nan,nan,nan,nan,nan,nan,nan,nan,nan,nan
pid_top_drop,10,50045,5,1444,164,123,1,0,1,0,1,nan,nan,nan,nan,nan,nan,nan,nan,nan,nan
pid_top_drop,10,50045,5,1445,165,916,1,0,0,1,1,nan,nan,nan,nan,nan,nan,nan,nan,nan,nan
pid_top_drop,10,50045,5,1446,166,177,1,0,1,0,1,nan,nan,nan,nan,nan,nan,nan,nan,nan,nan
pid_top_drop,10,50045,5,1447,167,575,1,1,0,1,0,-2.002789049566159,-1.5226540716709425,13.267014085346128,0.9531780481338501,0.48697611689567566,0.020217565819621086,1.1583811934922392,0.1128542572259903,6.466072639133017,0.07664469629526138
pid_top_drop,10,50045,5,1448,168,317,1,1,0,1,0,-1.754825861938016,-2.355336093765537,-32.66804347936229,0.15586714446544647,0.45724257826805115,0.006865725852549076,0.39337711464492103,0.1203690767288208,6.896640080447805,0.0670502632856369
pid_top_drop,10,50045,5,1449,169,127,1,0,1,0,1,nan,nan,nan,nan,nan,nan,nan,nan,nan,nan
pid_top_drop,10,50045,5,1450,170,127,1,1,0,1,0,3.141094716262144,1.8480442837303501,-47.51151986666072,2.4848406314849854,0.4314776659011841,0.00197317055426538,0.11305434501889565,0.11471609026193619,6.572747814250746,0.05933121591806412
pid_top_drop,10,50045,5,1451,171,133,1,0,1,0,1,nan,nan,nan,nan,nan,nan,nan,nan,nan,nan
pid_top_drop,10,50045,5,1452,172,423,1,1,0,1,0,0.051800154665376706,6.8868934005021964,-9.275574477795736,1.3302985429763794,0.4831933379173279,0.018601832911372185,1.0658065170291788,0.0953318253159523,5.462111243882482,0.06626774370670319
pid_top_drop,10,50045,5,1453,173,337,1,0,1,0,1,nan,nan,nan,nan,nan,nan,nan,nan,nan,nan
pid_top_drop,10,50045,5,1454,174,970,1,0,0,1,1,nan,nan,nan,nan,nan,nan,nan,nan,nan,nan
pid_top_drop,10,50045,5,1455,175,224,1,0,1,0,1,nan,nan,nan,nan,nan,nan,nan,nan,nan,nan
pid_top_drop,10,50045,5,1456,176,26,1,0,1,0,1,nan,nan,nan,nan,nan,nan,nan,nan,nan,nan
pid_top_drop,10,50045,5,1457,177,326,1,0,1,0,1,nan,nan,nan,nan,nan,nan,nan,nan,nan,nan
pid_top_drop,10,50045,5,1458,178,166,1,1,0,1,0,-2.274575937019306,-2.1879144968301847,29.329337730033334,2.6136813163757324,0.40864652395248413,0.016090594232082367,0.9219231393558655,0.10740316659212112,6.153748152069022,0.06979218125343323
pid_top_drop,10,50045,5,1459,179,178,1,0,1,0,1,nan,nan,nan,nan,nan,nan,nan,nan,nan,nan
pid_top_drop,10,50045,5,1460,180,86,1,0,1,0,1,nan,nan,nan,nan,nan,nan,nan,nan,nan,nan
pid_top_drop,10,50045,5,1461,181,104,1,1,0,1,0,3.3293483901660355,-3.232004534115014,-30.308349724906282,2.3687076568603516,0.43597325682640076,0.005138486623764038,0.2944135966261071,0.12639185786247253,7.241720020337067,0.0683344155550003
pid_top_drop,10,50045,5,1462,182,637,1,0,1,0,1,nan,nan,nan,nan,nan,nan,nan,nan,nan,nan
pid_top_drop,10,50045,5,1463,183,45,1,0,1,0,1,nan,nan,nan,nan,nan,nan,nan,nan,nan,nan
pid_top_drop,10,50045,5,1464,184,15,1,0,1,0,1,nan,nan,nan,nan,nan,nan,nan,nan,nan,nan
pid_top_drop,10,50045,5,1465,185,937,1,0,0,1,1,nan,nan,nan,nan,nan,nan,nan,nan,nan,nan
pid_top_drop,10,50045,5,1466,186,326,1,1,0,1,0,-3.8383067663587056,-0.011870868777482162,15.097081311181004,1.4918814897537231,0.49484553933143616,0.0112153897061944,0.6425944957594075,0.10257483273744583,5.877105000115995,0.06250280886888504
pid_top_drop,10,50045,5,1467,187,967,1,0,0,1,1,nan,nan,nan,nan,nan,nan,nan,nan,nan,nan
pid_top_drop,10,50045,5,1468,188,133,1,1,0,1,0,2.9581685899108625,1.4336567067856765,-39.63625711212266,2.087855100631714,0.49664878845214844,0.04134035483002663,2.3686278553337936,0.1523355394601822,8.72818348091705,0.11750812828540802
pid_top_drop,10,50045,5,1469,189,285,1,0,1,0,1,nan,nan,nan,nan,nan,nan,nan,nan,nan,nan
pid_top_drop,10,50045,5,1470,190,301,1,1,0,1,0,1.728106161904926,-0.42190078503168765,25.698982903144838,1.4629087448120117,0.4962236285209656,0.011391333304345608,0.6526753213658174,0.12666486203670502,7.257362007310042,0.07472376525402069
pid_top_drop,10,50045,5,1471,191,484,1,0,1,0,1,nan,nan,nan,nan,nan,nan,nan,nan,nan,nan
pid_top_drop,10,50045,5,1472,192,162,1,0,1,0,1,nan,nan,nan,nan,nan,nan,nan,nan,nan,nan
pid_top_drop,10,50045,5,1473,193,602,1,0,1,0,1,nan,nan,nan,nan,nan,nan,nan,nan,nan,nan
pid_top_drop,10,50045,5,1474,194,599,1,1,0,1,0,1.5563815457924655,-0.17989352235979583,12.445970705597235,1.125008225440979,0.4988163411617279,0.008895951323211193,0.5097004655738214,0.12145309895277023,6.958749978778493,0.06962250173091888
pid_top_drop,10,50045,5,1475,195,422,1,0,1,0,1,nan,nan,nan,nan,nan,nan,nan,nan,nan,nan
pid_top_drop,10,50045,5,1476,196,501,1,1,0,1,0,-1.6288225321296208,1.2297209185474358,69.5919368494245,1.3054149150848389,0.47794288396835327,0.027581043541431427,1.5802773894905782,0.0868031457066536,4.973453897450383,0.07098262012004852
pid_top_drop,10,50045,5,1477,197,946,1,0,0,1,1,nan,nan,nan,nan,nan,nan,nan,nan,nan,nan
pid_top_drop,10,50045,5,1478,198,240,1,1,0,1,0,-7.234550029255846,0.47874161930453374,14.149064714761574,0.5859168171882629,0.49106672406196594,0.03275543823838234,1.8767483671607401,0.08948627859354019,5.1271860877417375,0.07749857753515244
pid_top_drop,10,50045,5,1479,199,253,1,0,1,0,1,nan,nan,nan,nan,nan,nan,nan,nan,nan,nan
pid_top_drop,10,50045,5,1480,200,249,1,1,0,1,0,3.3828424317455754,-2.4142942866810873,-28.745056027673762,0.5882935523986816,0.4888473451137543,0.0028031289111822844,0.16060745604184667,0.1386590152978897,7.944576368008998,0.0721326395869255
pid_top_drop,10,50045,5,1481,201,561,1,0,1,0,1,nan,nan,nan,nan,nan,nan,nan,nan,nan,nan
pid_top_drop,10,50045,5,1482,202,480,1,0,1,0,1,nan,nan,nan,nan,nan,nan,nan,nan,nan,nan
pid_top_drop,10,50045,5,1483,203,323,1,0,1,0,1,nan,nan,nan,nan,nan,nan,nan,nan,nan,nan
pid_top_drop,10,50045,5,1484,204,417,1,0,1,0,1,nan,nan,nan,nan,nan,nan,nan,nan,nan,nan
pid_top_drop,10,50045,5,1485,205,888,1,0,0,1,1,nan,nan,nan,nan,nan,nan,nan,nan,nan,nan
pid_top_drop,10,50045,5,1486,206,133,1,0,1,0,1,nan,nan,nan,nan,nan,nan,nan,nan,nan,nan
pid_top_drop,10,50045,5,1487,207,986,1,0,0,1,1,nan,nan,nan,nan,nan,nan,nan,nan,nan,nan
pid_top_drop,10,50045,5,1488,208,970,1,0,0,1,1,nan,nan,nan,nan,nan,nan,nan,nan,nan,nan
pid_top_drop,10,50045,5,1489,209,272,1,0,1,0,1,nan,nan,nan,nan,nan,nan,nan,nan,nan,nan
pid_top_drop,10,50045,5,1490,210,570,1,0,1,0,1,nan,nan,nan,nan,nan,nan,nan,nan,nan,nan
pid_top_drop,10,50045,5,1491,211,978,1,0,0,1,1,nan,nan,nan,nan,nan,nan,nan,nan,nan,nan
pid_top_drop,10,50045,5,1492,212,326,1,1,0,1,0,-0.10645532840381873,0.8583771937521825,-7.26372859739014,1.1965991258621216,0.4876122772693634,0.017348308116197586,0.9939848367506734,0.10978587716817856,6.290267411878298,0.07224124670028687
pid_top_drop,10,50045,5,1493,213,713,1,0,1,0,1,nan,nan,nan,nan,nan,nan,nan,nan,nan,nan
pid_top_drop,10,50045,5,1494,214,824,1,0,0,1,1,nan,nan,nan,nan,nan,nan,nan,nan,nan,nan
pid_top_drop,10,50045,5,1495,215,783,1,0,0,1,1,nan,nan,nan,nan,nan,nan,nan,nan,nan,nan
pid_top_drop,10,50045,5,1496,216,365,1,1,0,1,0,-112.84069467394524,-55.909210130434715,26.068018024000626,0.4793940782546997,0.48092612624168396,0.4049038290977478,23.199280515987326,0.6616657972335815,37.910657629643126,0.7357367277145386
pid_top_drop,10,50045,5,1497,217,330,1,1,0,1,0,1.4973413906068753,0.9067212726975327,-34.24434185677451,1.0211853981018066,0.4931861162185669,0.01382178533822298,0.7919299652159779,0.1200888529419899,6.88058444014322,0.07386621087789536
pid_top_drop,10,50045,5,1498,218,140,1,0,1,0,1,nan,nan,nan,nan,nan,nan,nan,nan,nan,nan
pid_top_drop,10,50045,5,1499,219,934,1,0,0,1,1,nan,nan,nan,nan,nan,nan,nan,nan,nan,nan
pid_top_drop,10,50045,5,1500,220,172,1,1,0,1,0,-117.54226904950185,-39.556261936563466,51.135317711946,0.43268507719039917,0.4079478085041046,0.35816940665245056,20.52159535189033,0.569332480430603,32.620348268388085,0.6428356170654297
pid_top_drop,10,50045,5,1501,221,704,1,0,1,0,1,nan,nan,nan,nan,nan,nan,nan,nan,nan,nan
pid_top_drop,10,50045,5,1502,222,295,1,1,0,1,0,0.5251459245256004,-2.4563682519683656,-17.771892673184716,0.5954685211181641,0.4512738883495331,0.00508846202865243,0.2915473984543612,0.12669198215007782,7.25891587534622,0.0684344545006752
pid_top_drop,10,50045,5,1503,223,719,1,1,0,1,0,-0.7341770338846706,-1.6489306090461384,40.20205632258817,1.680177927017212,0.4821217954158783,0.018683038651943207,1.0704592632361327,0.12941476702690125,7.41491995731025,0.08339042216539383
pid_top_drop,10,50045,5,1504,224,79,1,0,1,0,1,nan,nan,nan,nan,nan,nan,nan,nan,nan,nan
pid_top_drop,10,50045,5,1505,225,964,1,0,0,1,1,nan,nan,nan,nan,nan,nan,nan,nan,nan,nan
pid_top_drop,10,50045,5,1506,226,321,1,1,0,1,0,0.2315160921067522,-1.3259446235745753,-18.616923677298693,1.2136993408203125,0.49331262707710266,0.009388992562890053,0.5379496477333182,0.12026478350162506,6.89066451869769,0.06952138245105743
pid_top_drop,10,50045,5,1507,227,380,1,1,0,1,0,0.6939472196732955,-1.82657016897983,-48.7430302947707,0.9575157165527344,0.4958571195602417,0.006907091476023197,0.39574719028691546,0.13364024460315704,7.657021988856876,0.07372721284627914
pid_top_drop,10,50045,5,1508,228,538,1,0,1,0,1,nan,nan,nan,nan,nan,nan,nan,nan,nan,nan
pid_top_drop,10,50045,5,1509,229,901,1,1,0,1,0,-2.471995724789355,1.3077489996256613,-28.57757978922505,1.7338197231292725,0.4890105426311493,0.009853335097432137,0.5645545152109872,0.10773896425962448,6.1729879411873005,0.06372281908988953
pid_top_drop,10,50045,5,1510,230,120,1,1,0,1,0,-1.5874042650026634,-2.5912781484544576,24.759285477134483,2.6415131092071533,0.4903217852115631,0.004354130942374468,0.24947332644537687,0.11861757934093475,6.796286672293746,0.06366292387247086
pid_top_drop,10,50045,5,1511,231,385,1,0,1,0,1,nan,nan,nan,nan,nan,nan,nan,nan,nan,nan
pid_top_drop,10,50045,5,1512,232,207,1,1,0,1,0,-4.461821075310829,-5.643006669616154,5.052140664896692,0.9314929246902466,0.4988049566745758,0.011280875653028488,0.6463465641304188,0.11697405576705933,6.702119707980427,0.06976790726184845
pid_top_drop,10,50045,5,1513,233,591,1,0,1,0,1,nan,nan,nan,nan,nan,nan,nan,nan,nan,nan
pid_top_drop,10,50045,5,1514,234,505,1,0,1,0,1,nan,nan,nan,nan,nan,nan,nan,nan,nan,nan
pid_top_drop,10,50045,5,1515,235,642,1,1,0,1,0,-1.6707872143901792,-0.31392915463212606,-29.350702561757135,1.1681345701217651,0.49764859676361084,0.005463305860757828,0.3130243680105109,0.11886458098888397,6.810438824254013,0.06489560008049011
pid_top_drop,10,50045,5,1516,236,341,1,0,1,0,1,nan,nan,nan,nan,nan,nan,nan,nan,nan,nan
pid_top_drop,10,50045,5,1517,237,387,1,1,0,1,0,-116.29239907290288,62.43919882604707,48.935354761419916,0.3644911050796509,0.44108444452285767,0.6786645650863647,38.88461528453026,0.5773975849151611,33.0824447166853,0.9673633575439453
pid_top_drop,10,50045,5,1518,238,942,1,0,0,1,1,nan,nan,nan,nan,nan,nan,nan,nan,nan,nan
pid_top_drop,10,50045,5,1519,239,113,1,0,1,0,1,nan,nan,nan,nan,nan,nan,nan,nan,nan,nan
pid_top_drop,10,50045,5,1520,240,720,1,0,1,0,1,nan,nan,nan,nan,nan,nan,nan,nan,nan,nan
pid_top_drop,10,50045,5,1521,241,1000,1,0,0,1,1,nan,nan,nan,nan,nan,nan,nan,nan,nan,nan
pid_top_drop,10,50045,5,1522,242,228,1,1,0,1,0,6.926945629795152,-6.145435384962292,-19.04870091587022,0.661065936088562,0.4583514630794525,0.05370411276817322,3.0770190041109617,0.16583606600761414,9.501706673289226,0.13662214577198029
pid_top_drop,10,50045,5,1523,243,243,1,0,1,0,1,nan,nan,nan,nan,nan,nan,nan,nan,nan,nan
pid_top_drop,10,50045,5,1524,244,950,1,0,0,1,1,nan,nan,nan,nan,nan,nan,nan,nan,nan,nan
pid_top_drop,10,50045,5,1525,245,957,1,0,0,1,1,nan,nan,nan,nan,nan,nan,nan,nan,nan,nan
pid_top_drop,10,50045,5,1526,246,139,1,1,0,1,0,-0.11552581962159567,-2.3114589585373753,-23.795900955082523,1.3963589668273926,0.4720132648944855,0.007078780792653561,0.4055842635173205,0.12406393885612488,7.108340086225057,0.06911075115203857
pid_top_drop,10,50045,5,1527,247,324,1,1,0,1,0,0.3786520272071669,0.1595805397681779,23.6109804134936,0.8691689968109131,0.49018317461013794,0.012588194571435452,0.7212504206327455,0.11522861570119858,6.602113358813569,0.07020249962806702
pid_top_drop,10,50045,5,1528,248,167,1,1,0,1,0,-0.19131359865205716,-1.7464657103939203,-17.07614228357054,1.8308906555175781,0.4587579071521759,0.0053304326720535755,0.3054112950873119,0.11708144098520279,6.708272427762139,0.06387115269899368
pid_top_drop,10,50045,5,1529,249,287,1,0,1,0,1,nan,nan,nan,nan,nan,nan,nan,nan,nan,nan
pid_top_drop,10,50045,5,1530,250,291,1,1,0,1,0,1.180680160306744,-1.9061828539454986,-23.131678718677122,0.7570125460624695,0.4973764717578888,0.009544904343783855,0.5468827347549015,0.13023558259010315,7.461949224840373,0.0746626928448677
pid_top_drop,10,50045,5,1531,251,200,1,1,0,1,0,13.835094578994427,1.3254118688193144,24.402927187378236,0.650783896446228,0.4508308470249176,0.038318656384944916,2.195497287469368,0.20060285925865173,11.493697193777594,0.13862007856369019
pid_top_drop,10,50045,5,1532,252,225,1,1,0,1,0,2.585130978201446,-0.7402968833810021,34.283806689798844,0.6094081401824951,0.4768871068954468,0.0075210463255643845,0.4309242119772149,0.13147753477096558,7.533107843160858,0.07325981557369232
pid_top_drop,10,50045,5,1533,253,110,1,0,1,0,1,nan,nan,nan,nan,nan,nan,nan,nan,nan,nan
pid_top_drop,10,50045,5,1534,254,403,1,1,0,1,0,0.9530845967835793,1.177975405395419,-51.24823439930465,1.3421428203582764,0.4771067500114441,0.02072964236140251,1.1877210181239695,0.10046321153640747,5.756118017366151,0.07096125185489655
pid_top_drop,10,50045,5,1535,255,820,1,1,0,1,0,-0.650302310876914,1.0099390914347655,-22.43357874398846,1.38578462600708,0.4977017939090729,0.0031870335806161165,0.1826035733357703,0.11194808781147003,6.4141529561571655,0.05916107818484306
pid_top_drop,10,60052,6,1536,0,374,1,1,0,1,0,-1.163386121328272,-2.482268329301054,-0.9102866314442793,0.6288275122642517,0.4570576250553131,0.01466083712875843,0.840004091606554,0.1251823902130127,7.17242262856541,0.07725203037261963
pid_top_drop,10,60052,6,1537,1,256,1,1,0,1,0,0.37836515926202635,1.2376029568496305,-34.67715728409988,0.5059449672698975,0.4950793385505676,0.00797317735850811,0.4568294119517808,0.11539805680513382,6.611821618945096,0.06567220389842987
pid_top_drop,10,60052,6,1538,2,333,1,0,1,0,1,nan,nan,nan,nan,nan,nan,nan,nan,nan,nan
pid_top_drop,10,60052,6,1539,3,223,1,1,0,1,0,1.2203908801411982,-0.8329688900397351,2.434388703219265,0.8502399921417236,0.4516496956348419,0.026947373524308205,1.543970771905435,0.11846015602350235,6.787266980607922,0.08617745339870453
pid_top_drop,10,60052,6,1540,4,271,1,1,0,1,0,-0.7175660138231996,-2.053769581531134,-26.171112899332797,0.9576402306556702,0.48575207591056824,0.010755195282399654,0.6162272975205138,0.12615592777729034,7.228202222195965,0.0738331601023674
pid_top_drop,10,60052,6,1541,5,199,1,0,1,0,1,nan,nan,nan,nan,nan,nan,nan,nan,nan,nan
pid_top_drop,10,60052,6,1542,6,236,1,1,0,1,0,0.07342453357763708,-1.639641551774921,41.80993749472253,0.6098923087120056,0.46659645438194275,0.011455394327640533,0.6563457476319059,0.12502868473529816,7.163615953404324,0.07396973669528961
pid_top_drop,10,60052,6,1543,7,128,1,0,1,0,1,nan,nan,nan,nan,nan,nan,nan,nan,nan,nan
pid_top_drop,10,60052,6,1544,8,959,1,0,0,1,1,nan,nan,nan,nan,nan,nan,nan,nan,nan,nan
pid_top_drop,10,60052,6,1545,9,416,1,1,0,1,0,0.7137957494013526,-1.7290350676320478,20.967096148051702,0.47353053092956543,0.41323211789131165,0.029744289815425873,1.704222271037861,0.11634735018014908,6.6662121228532,0.08791796863079071
pid_top_drop,10,60052,6,1546,10,132,1,1,0,1,0,-0.661012047495494,-2.526691879662817,-13.656731019008715,1.604032278060913,0.48006582260131836,0.0034761265851557255,0.19916738238264622,0.12070873379707336,6.916100996940464,0.06383049488067627
pid_top_drop,10,60052,6,1547,11,143,1,0,1,0,1,nan,nan,nan,nan,nan,nan,nan,nan,nan,nan
pid_top_drop,10,60052,6,1548,12,216,1,0,1,0,1,nan,nan,nan,nan,nan,nan,nan,nan,nan,nan
pid_top_drop,10,60052,6,1549,13,532,1,1,0,1,0,-74.86309436024682,59.60095469758328,49.290101126532036,0.3462005853652954,0.4261113107204437,0.4420998692512512,25.330456631382212,0.5809253454208374,33.284570504793486,0.7325625419616699
pid_top_drop,10,60052,6,1550,14,323,1,1,0,1,0,0.2875099829225167,-1.0910407576394967,-29.03809846382399,1.2645580768585205,0.48594000935554504,0.006707591004669666,0.38431665526748754,0.13370120525360107,7.660514776843691,0.07355819642543793
pid_top_drop,10,60052,6,1551,15,220,1,0,1,0,1,nan,nan,nan,nan,nan,nan,nan,nan,nan,nan
pid_top_drop,10,60052,6,1552,16,991,1,0,0,1,1,nan,nan,nan,nan,nan,nan,nan,nan,nan,nan
pid_top_drop,10,60052,6,1553,17,340,1,0,1,0,1,nan,nan,nan,nan,nan,nan,nan,nan,nan,nan
pid_top_drop,10,60052,6,1554,18,345,1,0,1,0,1,nan,nan,nan,nan,nan,nan,nan,nan,nan,nan
pid_top_drop,10,60052,6,1555,19,426,1,1,0,1,0,0.5910162688812033,-0.96416316361734,-24.171670642459944,1.4970701932907104,0.4890323579311371,0.019935518503189087,1.142221072637695,0.12031161040067673,6.893347502381036,0.08009132742881775
pid_top_drop,10,60052,6,1556,20,140,1,0,1,0,1,nan,nan,nan,nan,nan,nan,nan,nan,nan,nan
pid_top_drop,10,60052,6,1557,21,191,1,1,0,1,0,-1.5508490925647551,1.9930491998097208,-60.07934114705098,0.7373580932617188,0.4867345094680786,0.019142402336001396,1.096778863594248,0.07412359863519669,4.246969364118439,0.05620419979095459
pid_top_drop,10,60052,6,1558,22,371,1,1,0,1,0,1.0802217379941965,-0.1953570706407047,-3.245173138834798,1.2309839725494385,0.4982227087020874,0.010654214769601822,0.6104415403241311,0.1129048615694046,6.468972054435688,0.06710664927959442
pid_top_drop,10,60052,6,1559,23,35,1,0,1,0,1,nan,nan,nan,nan,nan,nan,nan,nan,nan,nan
pid_top_drop,10,60052,6,1560,24,106,1,0,1,0,1,nan,nan,nan,nan,nan,nan,nan,nan,nan,nan
pid_top_drop,10,60052,6,1561,25,278,1,1,0,1,0,-0.08957110077554721,-1.6596949871780784,17.038548922378787,0.6391685009002686,0.4895370900630951,0.0068147797137498856,0.39045811590923973,0.12985578179359436,7.440188242144712,0.07174266874790192
pid_top_drop,10,60052,6,1562,26,680,1,0,1,0,1,nan,nan,nan,nan,nan,nan,nan,nan,nan,nan
pid_top_drop,10,60052,6,1563,27,450,1,1,0,1,0,8.021620048073094,-1.526096487012629,-8.624575487623481,1.2992231845855713,0.49051612615585327,0.03192822262644768,1.8293524038495523,0.1605851650238037,9.200852208275796,0.11222080886363983
pid_top_drop,10,60052,6,1564,28,164,1,0,1,0,1,nan,nan,nan,nan,nan,nan,nan,nan,nan,nan
pid_top_drop,10,60052,6,1565,29,104,1,0,1,0,1,nan,nan,nan,nan,nan,nan,nan,nan,nan,nan
pid_top_drop,10,60052,6,1566,30,198,1,1,0,1,0,2.298987033112932,-4.023377572109371,-17.476937784066887,1.5985190868377686,0.48100975155830383,0.0032205248717218637,0.18452248296657364,0.12852701544761658,7.364055538561165,0.06748403608798981
pid_top_drop,10,60052,6,1567,31,607,1,1,0,1,0,1.865160737790402,3.8606551453229874,51.33577010370754,1.3904542922973633,0.44704335927963257,0.01094322744756937,0.6270007469974452,0.12037627398967743,6.8970524531189445,0.07113136351108551
pid_top_drop,10,60052,6,1568,32,164,1,0,1,0,1,nan,nan,nan,nan,nan,nan,nan,nan,nan,nan
pid_top_drop,10,60052,6,1569,33,401,1,0,1,0,1,nan,nan,nan,nan,nan,nan,nan,nan,nan,nan
pid_top_drop,10,60052,6,1570,34,929,1,0,0,1,1,nan,nan,nan,nan,nan,nan,nan,nan,nan,nan
pid_top_drop,10,60052,6,1571,35,167,1,0,1,0,1,nan,nan,nan,nan,nan,nan,nan,nan,nan,nan
pid_top_drop,10,60052,6,1572,36,467,1,0,1,0,1,nan,nan,nan,nan,nan,nan,nan,nan,nan,nan
pid_top_drop,10,60052,6,1573,37,131,1,0,1,0,1,nan,nan,nan,nan,nan,nan,nan,nan,nan,nan
pid_top_drop,10,60052,6,1574,38,123,1,0,1,0,1,nan,nan,nan,nan,nan,nan,nan,nan,nan,nan
pid_top_drop,10,60052,6,1575,39,407,1,0,1,0,1,nan,nan,nan,nan,nan,nan,nan,nan,nan,nan
pid_top_drop,10,60052,6,1576,40,400,1,0,1,0,1,nan,nan,nan,nan,nan,nan,nan,nan,nan,nan
pid_top_drop,10,60052,6,1577,41,641,1,1,0,1,0,0.6386226873961922,2.2295513300105823,61.116710278192514,1.7574089765548706,0.49863702058792114,0.00993965845555067,0.5695004793045756,0.12288768589496613,7.040945755910895,0.07138349860906601
pid_top_drop,10,60052,6,1578,42,283,1,1,0,1,0,1.5160834296893904,-11.156936424297408,29.36978611029815,0.9191433191299438,0.479225218296051,0.037780869752168655,2.1646843831327365,0.17920947074890137,10.267946322685228,0.12738560140132904
pid_top_drop,10,60052,6,1579,43,552,1,0,1,0,1,nan,nan,nan,nan,nan,nan,nan,nan,nan,nan
pid_top_drop,10,60052,6,1580,44,298,1,1,0,1,0,0.0563490606526052,-0.6452752916477846,-58.28321996139107,1.3879491090774536,0.4960826337337494,0.009648875333368778,0.5528398336499162,0.13975612819194794,8.007436306487918,0.07952693849802017
pid_top_drop,10,60052,6,1581,45,560,1,0,1,0,1,nan,nan,nan,nan,nan,nan,nan,nan,nan,nan
pid_top_drop,10,60052,6,1582,46,94,1,0,1,0,1,nan,nan,nan,nan,nan,nan,nan,nan,nan,nan
pid_top_drop,10,60052,6,1583,47,898,1,0,0,1,1,nan,nan,nan,nan,nan,nan,nan,nan,nan,nan
pid_top_drop,10,60052,6,1584,48,681,1,1,1,1,0,-99.67274565232097,55.52923304652857,61.49078607865577,0.38223862648010254,0.45989885926246643,0.5413402318954468,31.016510568242374,7.444911956787109,426.5620339703845,4.263796329498291
pid_top_drop,10,60052,6,1585,49,234,1,1,0,1,0,0.5171682635750254,-1.1397809875567078,13.181786984882708,0.8286041021347046,0.4543978273868561,0.0027638375759124756,0.15835622835945312,0.12298110127449036,7.046298062899247,0.06425438821315765
pid_top_drop,10,60052,6,1586,50,966,1,0,0,1,1,nan,nan,nan,nan,nan,nan,nan,nan,nan,nan
pid_top_drop,10,60052,6,1587,51,571,1,1,0,1,0,-0.7666340928205712,7.707745534954329,25.18085841308601,1.2017263174057007,0.47531285881996155,0.029799986630678177,1.7074134634841378,0.08451344817876816,4.842263892741009,0.07205671072006226
pid_top_drop,10,60052,6,1588,52,168,1,0,1,0,1,nan,nan,nan,nan,nan,nan,nan,nan,nan,nan
pid_top_drop,10,60052,6,1589,53,336,1,1,0,1,0,0.13810642501765782,-0.4952296959609445,22.04233184795179,1.0276292562484741,0.48081469535827637,0.009087672457098961,0.5206852773890531,0.1185169368982315,6.790520285086963,0.06834614276885986
pid_top_drop,10,60052,6,1590,54,112,1,0,1,0,1,nan,nan,nan,nan,nan,nan,nan,nan,nan,nan
pid_top_drop,10,60052,6,1591,55,155,1,0,1,0,1,nan,nan,nan,nan,nan,nan,nan,nan,nan,nan
pid_top_drop,10,60052,6,1592,56,119,1,0,1,0,1,nan,nan,nan,nan,nan,nan,nan,nan,nan,nan
pid_top_drop,10,60052,6,1593,57,76,1,0,1,0,1,nan,nan,nan,nan,nan,nan,nan,nan,nan,nan
pid_top_drop,10,60052,6,1594,58,160,1,1,0,1,0,-2.0469393923611214,2.3706493778847055,-47.201811768935656,0.47486478090286255,0.46285122632980347,0.011974658817052841,0.6860974113262468,0.09028496593236923,5.172947501407177,0.05711714178323746
pid_top_drop,10,60052,6,1595,59,260,1,0,1,0,1,nan,nan,nan,nan,nan,nan,nan,nan,nan,nan
pid_top_drop,10,60052,6,1596,60,202,1,0,1,0,1,nan,nan,nan,nan,nan,nan,nan,nan,nan,nan
pid_top_drop,10,60052,6,1597,61,950,1,0,0,1,1,nan,nan,nan,nan,nan,nan,nan,nan,nan,nan
pid_top_drop,10,60052,6,1598,62,21,1,0,1,0,1,nan,nan,nan,nan,nan,nan,nan,nan,nan,nan
pid_top_drop,10,60052,6,1599,63,122,1,0,1,0,1,nan,nan,nan,nan,nan,nan,nan,nan,nan,nan
pid_top_drop,10,60052,6,1600,64,481,1,0,1,0,1,nan,nan,nan,nan,nan,nan,nan,nan,nan,nan
pid_top_drop,10,60052,6,1601,65,475,1,1,1,1,0,-69.2695519205999,40.71974368054012,66.64124048646563,0.34532496333122253,0.418364554643631,0.4010600447654724,22.979047896389435,3.06919527053833,175.85193550335921,1.9356577396392822
pid_top_drop,10,60052,6,1602,66,98,1,0,1,0,1,nan,nan,nan,nan,nan,nan,nan,nan,nan,nan
pid_top_drop,10,60052,6,1603,67,373,1,1,0,1,0,0.3459627418394859,-0.9981501849273234,-62.12042023710423,1.3874932527542114,0.48969709873199463,0.013810841366648674,0.7913029218336589,0.14674068987369537,8.407622212600842,0.08718118816614151
pid_top_drop,10,60052,6,1604,68,455,1,0,1,0,1,nan,nan,nan,nan,nan,nan,nan,nan,nan,nan
pid_top_drop,10,60052,6,1605,69,463,1,0,1,0,1,nan,nan,nan,nan,nan,nan,nan,nan,nan,nan
pid_top_drop,10,60052,6,1606,70,417,1,0,1,0,1,nan,nan,nan,nan,nan,nan,nan,nan,nan,nan
pid_top_drop,10,60052,6,1607,71,47,1,0,1,0,1,nan,nan,nan,nan,nan,nan,nan,nan,nan,nan
pid_top_drop,10,60052,6,1608,72,374,1,1,0,1,0,4.536174514615588,-4.250795550714115,-17.080295038585906,0.5253084301948547,0.49421215057373047,0.013329150155186653,0.7637040483883415,0.1554502546787262,8.90664351732479,0.0910542756319046
pid_top_drop,10,60052,6,1609,73,663,1,1,0,1,0,1.2519736748633372,0.7843652639059243,13.50944481974656,1.5693892240524292,0.4930012822151184,0.006780508439987898,0.38849451656414036,0.11503034085035324,6.590753046676546,0.0642956793308258
pid_top_drop,10,60052,6,1610,74,426,1,1,0,1,0,0.05487373979188244,-0.6436360462469816,11.359793042646787,1.2008987665176392,0.49023810029029846,0.008165333420038223,0.46783914328531245,0.11398804187774658,6.531033714555362,0.06515935063362122
pid_top_drop,10,60052,6,1611,75,173,1,0,1,0,1,nan,nan,nan,nan,nan,nan,nan,nan,nan,nan
pid_top_drop,10,60052,6,1612,76,794,1,0,0,1,1,nan,nan,nan,nan,nan,nan,nan,nan,nan,nan
pid_top_drop,10,60052,6,1613,77,143,1,1,0,1,0,0.98029607043691,-1.7664098627703577,5.0665796848020985,2.2414538860321045,0.46426618099212646,0.021859126165509224,1.2524356731276651,0.11665233969688416,6.683686734957855,0.08018529415130615
pid_top_drop,10,60052,6,1614,78,776,1,1,0,1,0,1.7283247279583664,0.09010385553080821,42.19912167362986,1.3133974075317383,0.4985044598579407,0.008326388895511627,0.47706694229741126,0.12415512651205063,7.113564754053295,0.07040394842624664
pid_top_drop,10,60052,6,1615,79,917,1,0,0,1,1,nan,nan,nan,nan,nan,nan,nan,nan,nan,nan
pid_top_drop,10,60052,6,1616,80,233,1,0,1,0,1,nan,nan,nan,nan,nan,nan,nan,nan,nan,nan
pid_top_drop,10,60052,6,1617,81,121,1,0,1,0,1,nan,nan,nan,nan,nan,nan,nan,nan,nan,nan
pid_top_drop,10,60052,6,1618,82,153,1,0,1,0,1,nan,nan,nan,nan,nan,nan,nan,nan,nan,nan
pid_top_drop,10,60052,6,1619,83,922,1,0,0,1,1,nan,nan,nan,nan,nan,nan,nan,nan,nan,nan
pid_top_drop,10,60052,6,1620,84,258,1,0,1,0,1,nan,nan,nan,nan,nan,nan,nan,nan,nan,nan
pid_top_drop,10,60052,6,1621,85,416,1,1,0,1,0,-0.09263102552371293,0.276923189708997,60.97089939979109,0.783299446105957,0.48258015513420105,0.009075997397303581,0.520016345737215,0.11817225068807602,6.770771219988695,0.06816212087869644
pid_top_drop,10,60052,6,1622,86,641,1,1,0,1,0,-1.7817094865111862,0.8118226243693756,54.28908925930769,1.1609777212142944,0.48043012619018555,0.0030666962265968323,0.17570875083269366,0.11915023624897003,6.826805665052656,0.06264181435108185
pid_top_drop,10,60052,6,1623,87,995,1,0,0,1,1,nan,nan,nan,nan,nan,nan,nan,nan,nan,nan
pid_top_drop,10,60052,6,1624,88,915,1,0,0,1,1,nan,nan,nan,nan,nan,nan,nan,nan,nan,nan
pid_top_drop,10,60052,6,1625,89,216,1,1,0,1,0,0.3333268918749623,-1.5881692461897048,-37.215474145730056,0.546381950378418,0.48257380723953247,0.01050662063062191,0.6019850190797149,0.13157978653907776,7.538966437921436,0.07629651576280594
pid_top_drop,10,60052,6,1626,90,494,1,0,1,0,1,nan,nan,nan,nan,nan,nan,nan,nan,nan,nan
pid_top_drop,10,60052,6,1627,91,116,1,0,1,0,1,nan,nan,nan,nan,nan,nan,nan,nan,nan,nan
pid_top_drop,10,60052,6,1628,92,144,1,1,0,1,0,1.7360155209638009,-2.2252892919684943,-22.58329649059514,2.3580758571624756,0.43868598341941833,0.008680952712893486,0.497381952601439,0.1235002651810646,7.076043963621475,0.07043108344078064
pid_top_drop,10,60052,6,1629,93,136,1,1,0,1,0,4.222190718470102,6.431524688537447,34.28483121817435,1.398719072341919,0.442116379737854,0.010358522646129131,0.5934996296138848,0.133126363158226,7.627578750892243,0.07692170143127441
pid_top_drop,10,60052,6,1630,94,192,1,0,1,0,1,nan,nan,nan,nan,nan,nan,nan,nan,nan,nan
pid_top_drop,10,60052,6,1631,95,362,1,0,1,0,1,nan,nan,nan,nan,nan,nan,nan,nan,nan,nan
pid_top_drop,10,60052,6,1632,96,859,1,0,0,1,1,nan,nan,nan,nan,nan,nan,nan,nan,nan,nan
pid_top_drop,10,60052,6,1633,97,149,1,0,1,0,1,nan,nan,nan,nan,nan,nan,nan,nan,nan,nan
pid_top_drop,10,60052,6,1634,98,123,1,0,1,0,1,nan,nan,nan,nan,nan,nan,nan,nan,nan,nan
pid_top_drop,10,60052,6,1635,99,992,1,0,0,1,1,nan,nan,nan,nan,nan,nan,nan,nan,nan,nan
pid_top_drop,10,60052,6,1636,100,152,1,0,1,0,1,nan,nan,nan,nan,nan,nan,nan,nan,nan,nan
pid_top_drop,10,60052,6,1637,101,229,1,1,0,1,0,-1.1217492881478741,-39.256389311243225,-71.45849094580558,1.2654223442077637,0.38167402148246765,0.3232322633266449,18.51984449107801,0.9800254702568054,56.15132326103874,0.8132449984550476
pid_top_drop,10,60052,6,1638,102,204,1,0,1,0,1,nan,nan,nan,nan,nan,nan,nan,nan,nan,nan
pid_top_drop,10,60052,6,1639,103,181,1,0,1,0,1,nan,nan,nan,nan,nan,nan,nan,nan,nan,nan
pid_top_drop,10,60052,6,1640,104,308,1,0,1,0,1,nan,nan,nan,nan,nan,nan,nan,nan,nan,nan
pid_top_drop,10,60052,6,1641,105,130,1,0,1,0,1,nan,nan,nan,nan,nan,nan,nan,nan,nan,nan
pid_top_drop,10,60052,6,1642,106,200,1,0,1,0,1,nan,nan,nan,nan,nan,nan,nan,nan,nan,nan
pid_top_drop,10,60052,6,1643,107,149,1,1,0,1,0,2.682447513495788,-1.8653656434655024,-35.30968744275642,1.0110901594161987,0.4742627441883087,0.012427369132637978,0.7120358017513106,0.1226826086640358,7.029195696104358,0.07376867532730103
pid_top_drop,10,60052,6,1644,108,992,1,0,0,1,1,nan,nan,nan,nan,nan,nan,nan,nan,nan,nan
pid_top_drop,10,60052,6,1645,109,128,1,1,0,1,0,-2.868911677837136,-0.21857971381874805,28.339206187191603,1.383221983909607,0.4326404333114624,0.004991121590137482,0.285970202151502,0.11262237280607224,6.452786640536873,0.0613023079931736
pid_top_drop,10,60052,6,1646,110,139,1,1,0,1,0,3.5157852337507034,-1.7895778644350409,-22.099883021898318,1.292686104774475,0.43988513946533203,0.0033570975065231323,0.19234751853766782,0.1288343369960785,7.381663766241458,0.06777426600456238
pid_top_drop,10,60052,6,1647,111,535,1,0,1,0,1,nan,nan,nan,nan,nan,nan,nan,nan,nan,nan
pid_top_drop,10,60052,6,1648,112,104,1,0,1,0,1,nan,nan,nan,nan,nan,nan,nan,nan,nan,nan
pid_top_drop,10,60052,6,1649,113,135,1,0,1,0,1,nan,nan,nan,nan,nan,nan,nan,nan,nan,nan
pid_top_drop,10,60052,6,1650,114,61,1,0,1,0,1,nan,nan,nan,nan,nan,nan,nan,nan,nan,nan
pid_top_drop,10,60052,6,1651,115,89,1,1,0,1,0,-1.8227999045579828,0.7795568107302353,-24.824199595006284,3.4303512573242188,0.4060378670692444,0.014703232795000076,0.8424331843518456,0.09124422818422318,5.227909179884623,0.060325346887111664
pid_top_drop,10,60052,6,1652,116,200,1,1,0,1,0,2.099231320646739,1.0459751694957526,-36.35847665019022,1.4371910095214844,0.49224188923835754,0.012062108144164085,0.69110788869098,0.11335647851228714,6.494847799219458,0.0687403455376625
pid_top_drop,10,60052,6,1653,117,573,1,1,0,1,0,143.64146005687442,-66.84068201023,-177.8887935365054,0.5168131589889526,0.41002508997917175,0.7227850556373596,41.412533183149094,0.8737191557884216,50.06042010640983,1.159644603729248
pid_top_drop,10,60052,6,1654,118,571,1,1,0,1,0,0.844184060656896,1.3586065881855762,7.689973382733956,0.9816490411758423,0.49913814663887024,0.003226705826818943,0.18487662560699616,0.12421944737434387,7.11725006799734,0.0653364285826683
pid_top_drop,10,60052,6,1655,119,188,1,0,1,0,1,nan,nan,nan,nan,nan,nan,nan,nan,nan,nan
pid_top_drop,10,60052,6,1656,120,523,1,1,0,1,0,1.34452273811701,1.0018248267007903,45.280930347896295,1.2664055824279785,0.4899054765701294,0.0023090385366231203,0.13229816288156857,0.12961876392364502,7.426608118527434,0.06711842119693756
pid_top_drop,10,60052,6,1657,121,46,1,0,1,0,1,nan,nan,nan,nan,nan,nan,nan,nan,nan,nan
pid_top_drop,10,60052,6,1658,122,522,1,0,1,0,1,nan,nan,nan,nan,nan,nan,nan,nan,nan,nan
pid_top_drop,10,60052,6,1659,123,216,1,1,0,1,0,1.4786266722810404,-2.2211365369531264,-16.6175360619392,1.5146777629852295,0.47581714391708374,0.00549095356836915,0.31460846496985145,0.12559379637241364,7.1959944651647705,0.06828784942626953
pid_top_drop,10,60052,6,1660,124,18,1,0,1,0,1,nan,nan,nan,nan,nan,nan,nan,nan,nan,nan
pid_top_drop,10,60052,6,1661,125,764,1,0,1,0,1,nan,nan,nan,nan,nan,nan,nan,nan,nan,nan
pid_top_drop,10,60052,6,1662,126,859,1,0,0,1,1,nan,nan,nan,nan,nan,nan,nan,nan,nan,nan
pid_top_drop,10,60052,6,1663,127,130,1,0,1,0,1,nan,nan,nan,nan,nan,nan,nan,nan,nan,nan
pid_top_drop,10,60052,6,1664,128,163,1,1,0,1,0,3.232591930383635,4.847385253958049,-17.172038139517518,1.6407074928283691,0.4792104959487915,0.02715611830353737,1.5559309667506562,0.09749127924442291,5.585838840036794,0.07590176165103912
pid_top_drop,10,60052,6,1665,129,202,1,0,1,0,1,nan,nan,nan,nan,nan,nan,nan,nan,nan,nan
pid_top_drop,10,60052,6,1666,130,320,1,0,1,0,1,nan,nan,nan,nan,nan,nan,nan,nan,nan,nan
pid_top_drop,10,60052,6,1667,131,177,1,0,1,0,1,nan,nan,nan,nan,nan,nan,nan,nan,nan,nan
pid_top_drop,10,60052,6,1668,132,145,1,0,1,0,1,nan,nan,nan,nan,nan,nan,nan,nan,nan,nan
pid_top_drop,10,60052,6,1669,133,411,1,0,1,0,1,nan,nan,nan,nan,nan,nan,nan,nan,nan,nan
pid_top_drop,10,60052,6,1670,134,197,1,1,0,1,0,-4.499250511962499,-1.3528282481477456,-2.906013265408645,1.4117454290390015,0.4940650165081024,0.009547395631670952,0.5470254750363842,0.10277784615755081,5.888736812272526,0.06093631684780121
pid_top_drop,10,60052,6,1671,135,180,1,0,1,0,1,nan,nan,nan,nan,nan,nan,nan,nan,nan,nan
pid_top_drop,10,60052,6,1672,136,927,1,0,0,1,1,nan,nan,nan,nan,nan,nan,nan,nan,nan,nan
pid_top_drop,10,60052,6,1673,137,935,1,0,0,1,1,nan,nan,nan,nan,nan,nan,nan,nan,nan,nan
pid_top_drop,10,60052,6,1674,138,514,1,0,1,0,1,nan,nan,nan,nan,nan,nan,nan,nan,nan,nan
pid_top_drop,10,60052,6,1675,139,251,1,0,1,0,1,nan,nan,nan,nan,nan,nan,nan,nan,nan,nan
pid_top_drop,10,60052,6,1676,140,123,1,0,1,0,1,nan,nan,nan,nan,nan,nan,nan,nan,nan,nan
pid_top_drop,10,60052,6,1677,141,311,1,0,1,0,1,nan,nan,nan,nan,nan,nan,nan,nan,nan,nan
pid_top_drop,10,60052,6,1678,142,258,1,1,0,1,0,-0.21508265696370152,-1.491890899649205,1.2826958657500547,0.0782453641295433,0.4794085621833801,0.002902053529396653,0.166275419155473,0.12259085476398468,7.0239385848775635,0.06419748067855835
pid_top_drop,10,60052,6,1679,143,160,1,1,0,1,0,-0.3780236498035257,-2.446751345616988,-2.322168695155955,2.8206803798675537,0.4835711419582367,0.014877872541546822,0.8524393047642084,0.1092592403292656,6.260093343672474,0.06950749456882477
pid_top_drop,10,60052,6,1680,144,211,1,0,1,0,1,nan,nan,nan,nan,nan,nan,nan,nan,nan,nan
pid_top_drop,10,60052,6,1681,145,960,1,0,0,1,1,nan,nan,nan,nan,nan,nan,nan,nan,nan,nan
pid_top_drop,10,60052,6,1682,146,601,1,0,1,0,1,nan,nan,nan,nan,nan,nan,nan,nan,nan,nan
pid_top_drop,10,60052,6,1683,147,234,1,0,1,0,1,nan,nan,nan,nan,nan,nan,nan,nan,nan,nan
pid_top_drop,10,60052,6,1684,148,830,1,0,0,1,1,nan,nan,nan,nan,nan,nan,nan,nan,nan,nan
pid_top_drop,10,60052,6,1685,149,359,1,0,1,0,1,nan,nan,nan,nan,nan,nan,nan,nan,nan,nan
pid_top_drop,10,60052,6,1686,150,190,1,1,0,1,0,4.773332342976771,3.1547687549805095,-20.631774840939098,1.0567550659179688,0.4456946849822998,0.02684970200061798,1.5383746058193732,0.1225474625825882,7.021452396019679,0.08812343329191208
pid_top_drop,10,60052,6,1687,151,500,1,1,0,1,0,0.09106008201461,-1.7528041259436922,25.569946969344954,1.2599165439605713,0.48685750365257263,0.018276618793606758,1.0471731206431494,0.12346567958593369,7.074062354988525,0.08000946044921875
pid_top_drop,10,60052,6,1688,152,914,1,0,0,1,1,nan,nan,nan,nan,nan,nan,nan,nan,nan,nan
pid_top_drop,10,60052,6,1689,153,229,1,0,1,0,1,nan,nan,nan,nan,nan,nan,nan,nan,nan,nan
pid_top_drop,10,60052,6,1690,154,795,1,0,0,1,1,nan,nan,nan,nan,nan,nan,nan,nan,nan,nan
pid_top_drop,10,60052,6,1691,155,359,1,1,0,1,0,0.1338170662188898,0.6559577075096846,4.903980201420775,1.3062721490859985,0.499430388212204,0.006669069640338421,0.3821095436702214,0.11771601438522339,6.7446308053745865,0.06552707403898239
pid_top_drop,10,60052,6,1692,156,949,1,0,0,1,1,nan,nan,nan,nan,nan,nan,nan,nan,nan,nan
pid_top_drop,10,60052,6,1693,157,997,1,0,0,1,1,nan,nan,nan,nan,nan,nan,nan,nan,nan,nan
pid_top_drop,10,60052,6,1694,158,733,1,0,1,0,1,nan,nan,nan,nan,nan,nan,nan,nan,nan,nan
pid_top_drop,10,60052,6,1695,159,389,1,1,0,1,0,-0.9871125992285827,-3.8914729588580848,-21.905140668282915,1.0710798501968384,0.48978984355926514,0.002081291750073433,0.11924923321460465,0.13529537618160248,7.751854042840625,0.06972897797822952
pid_top_drop,10,60052,6,1696,160,158,1,0,1,0,1,nan,nan,nan,nan,nan,nan,nan,nan,nan,nan
pid_top_drop,10,60052,6,1697,161,750,1,0,0,1,1,nan,nan,nan,nan,nan,nan,nan,nan,nan,nan
pid_top_drop,10,60052,6,1698,162,16,1,0,1,0,1,nan,nan,nan,nan,nan,nan,nan,nan,nan,nan
pid_top_drop,10,60052,6,1699,163,240,1,0,1,0,1,nan,nan,nan,nan,nan,nan,nan,nan,nan,nan
pid_top_drop,10,60052,6,1700,164,914,1,0,0,1,1,nan,nan,nan,nan,nan,nan,nan,nan,nan,nan
pid_top_drop,10,60052,6,1701,165,805,1,0,0,1,1,nan,nan,nan,nan,nan,nan,nan,nan,nan,nan
pid_top_drop,10,60052,6,1702,166,68,1,0,1,0,1,nan,nan,nan,nan,nan,nan,nan,nan,nan,nan
pid_top_drop,10,60052,6,1703,167,327,1,0,1,0,1,nan,nan,nan,nan,nan,nan,nan,nan,nan,nan
pid_top_drop,10,60052,6,1704,168,152,1,0,1,0,1,nan,nan,nan,nan,nan,nan,nan,nan,nan,nan
pid_top_drop,10,60052,6,1705,169,140,1,1,0,1,0,3.370698355401293,-1.3876895336714905,-2.5286043326304206,1.4954204559326172,0.4480939507484436,0.00766506465151906,0.43917585422695726,0.12809577584266663,7.339347329238644,0.07171295583248138
pid_top_drop,10,60052,6,1706,170,201,1,1,0,1,0,-5.237621281997558,-7.389294795091654,22.94106179932041,0.8325294852256775,0.4920593798160553,0.01562084536999464,0.8950085121271658,0.1194596067070961,6.844531286609309,0.07535064965486526
pid_top_drop,10,60052,6,1707,171,128,1,1,0,1,0,1.007575845981941,-2.96223938265619,-10.39698225648511,2.4196250438690186,0.47350838780403137,0.01267827395349741,0.7264115890460421,0.12397829443216324,7.103433022193227,0.07466742396354675
pid_top_drop,10,60052,6,1708,172,567,1,0,1,0,1,nan,nan,nan,nan,nan,nan,nan,nan,nan,nan
pid_top_drop,10,60052,6,1709,173,283,1,0,1,0,1,nan,nan,nan,nan,nan,nan,nan,nan,nan,nan
pid_top_drop,10,60052,6,1710,174,151,1,1,0,1,0,1.5600425271875924,-1.9247063269745732,-43.9109173437968,1.6246559619903564,0.431153804063797,0.004888404626399279,0.28008495364490466,0.12763908505439758,7.313180874528325,0.06870795041322708
pid_top_drop,10,60052,6,1711,175,951,1,0,0,1,1,nan,nan,nan,nan,nan,nan,nan,nan,nan,nan
pid_top_drop,10,60052,6,1712,176,53,1,0,1,0,1,nan,nan,nan,nan,nan,nan,nan,nan,nan,nan
pid_top_drop,10,60052,6,1713,177,192,1,0,1,0,1,nan,nan,nan,nan,nan,nan,nan,nan,nan,nan
pid_top_drop,10,60052,6,1714,178,151,1,0,1,0,1,nan,nan,nan,nan,nan,nan,nan,nan,nan,nan
pid_top_drop,10,60052,6,1715,179,82,1,0,1,0,1,nan,nan,nan,nan,nan,nan,nan,nan,nan,nan
pid_top_drop,10,60052,6,1716,180,112,1,1,0,1,0,-1.8480989252437101,-2.997756366340256,11.004705168076164,2.8097927570343018,0.40819957852363586,0.016901468858122826,0.9683828331422327,0.10661595314741135,6.108644144111196,0.07020944356918335
pid_top_drop,10,60052,6,1717,181,177,1,1,0,1,0,-2.9581412691541824,1.1063540417586655,56.22771551181075,0.9781320691108704,0.4928264617919922,0.01369540672749281,0.7846890042004123,0.12026720494031906,6.890803256915206,0.07382901012897491
pid_top_drop,10,60052,6,1718,182,213,1,0,1,0,1,nan,nan,nan,nan,nan,nan,nan,nan,nan,nan
pid_top_drop,10,60052,6,1719,183,445,1,0,1,0,1,nan,nan,nan,nan,nan,nan,nan,nan,nan,nan
pid_top_drop,10,60052,6,1720,184,107,1,1,0,1,0,-7.447269440766723,-0.20508326001880287,47.54340318970634,3.282622814178467,0.45942506194114685,0.009168422780930996,0.5253119301389434,0.10081877559423447,5.776490337226183,0.059577811509370804
pid_top_drop,10,60052,6,1721,185,967,1,0,0,1,1,nan,nan,nan,nan,nan,nan,nan,nan,nan,nan
pid_top_drop,10,60052,6,1722,186,209,1,1,0,1,0,-3.8676492590330804,-0.5599798892926654,45.24102838276508,1.2867660522460938,0.4927894175052643,0.010914969258010387,0.6253816719990349,0.11304854601621628,6.477204566819669,0.0674392431974411
pid_top_drop,10,60052,6,1723,187,550,1,0,1,0,1,nan,nan,nan,nan,nan,nan,nan,nan,nan,nan
pid_top_drop,10,60052,6,1724,188,28,1,0,1,0,1,nan,nan,nan,nan,nan,nan,nan,nan,nan,nan
pid_top_drop,10,60052,6,1725,189,39,1,0,1,0,1,nan,nan,nan,nan,nan,nan,nan,nan,nan,nan
pid_top_drop,10,60052,6,1726,190,637,1,0,1,0,1,nan,nan,nan,nan,nan,nan,nan,nan,nan,nan
pid_top_drop,10,60052,6,1727,191,507,1,1,0,1,0,117.56669380597381,31.71669375062789,41.233005075909894,0.39078277349472046,0.44482848048210144,0.40015268325805664,22.92705991152188,0.716046929359436,41.02646698559788,0.7581761479377747
pid_top_drop,10,60052,6,1728,192,781,1,1,0,1,0,1.0820932098267801,-1.0966141920022272,-57.20749248787074,1.4274847507476807,0.49935004115104675,0.008973374962806702,0.514136513357186,0.14255547523498535,8.167827077446388,0.08025111258029938
pid_top_drop,10,60052,6,1729,193,109,1,0,1,0,1,nan,nan,nan,nan,nan,nan,nan,nan,nan,nan
pid_top_drop,10,60052,6,1730,194,665,1,1,0,1,0,0.09289057271217341,2.4930327074329943,43.449333159687335,1.5855556726455688,0.4497913420200348,0.03696794435381889,2.118107188748304,0.08431555330753326,4.830925351831965,0.07912571728229523
pid_top_drop,10,60052,6,1731,195,91,1,0,1,0,1,nan,nan,nan,nan,nan,nan,nan,nan,nan,nan
pid_top_drop,10,60052,6,1732,196,927,1,0,1,0,1,nan,nan,nan,nan,nan,nan,nan,nan,nan,nan
pid_top_drop,10,60052,6,1733,197,967,1,0,0,1,1,nan,nan,nan,nan,nan,nan,nan,nan,nan,nan
pid_top_drop,10,60052,6,1734,198,173,1,1,0,1,0,-5.1599756915128525,7.619321905959344,-44.84539650528126,1.823311448097229,0.49888473749160767,0.009365377016365528,0.5365965765865681,0.047671131789684296,2.731354656160841,0.0332009419798851
pid_top_drop,10,60052,6,1735,199,242,1,0,1,0,1,nan,nan,nan,nan,nan,nan,nan,nan,nan,nan
pid_top_drop,10,60052,6,1736,200,259,1,1,0,1,0,0.13362582092212946,-0.19705095755486787,38.78820716439553,0.7327849268913269,0.48913270235061646,0.012169511057436466,0.6972616223288971,0.11457844823598862,6.5648615070803205,0.0694587379693985
pid_top_drop,10,60052,6,1737,201,85,1,0,1,0,1,nan,nan,nan,nan,nan,nan,nan,nan,nan,nan
pid_top_drop,10,60052,6,1738,202,549,1,0,1,0,1,nan,nan,nan,nan,nan,nan,nan,nan,nan,nan
pid_top_drop,10,60052,6,1739,203,417,1,0,1,0,1,nan,nan,nan,nan,nan,nan,nan,nan,nan,nan
pid_top_drop,10,60052,6,1740,204,364,1,1,0,1,0,-0.9431261809737007,-1.7577218621461015,24.396479488801745,1.3142063617706299,0.4950878918170929,0.011810483410954475,0.6766908534569641,0.11817475408315659,6.770914653961265,0.07089786231517792
pid_top_drop,10,60052,6,1741,205,212,1,0,1,0,1,nan,nan,nan,nan,nan,nan,nan,nan,nan,nan
pid_top_drop,10,60052,6,1742,206,190,1,1,0,1,0,-6.455908463874392,3.805945330071185,11.468912144826911,0.12767493724822998,0.4126371741294861,0.03841014578938484,2.200739244213941,0.09183293581008911,5.261639642213908,0.0843266099691391
pid_top_drop,10,60052,6,1743,207,713,1,0,1,0,1,nan,nan,nan,nan,nan,nan,nan,nan,nan,nan
pid_top_drop,10,60052,6,1744,208,376,1,0,1,0,1,nan,nan,nan,nan,nan,nan,nan,nan,nan,nan
pid_top_drop,10,60052,6,1745,209,96,1,0,1,0,1,nan,nan,nan,nan,nan,nan,nan,nan,nan,nan
pid_top_drop,10,60052,6,1746,210,871,1,0,0,1,1,nan,nan,nan,nan,nan,nan,nan,nan,nan,nan
pid_top_drop,10,60052,6,1747,211,250,1,0,1,0,1,nan,nan,nan,nan,nan,nan,nan,nan,nan,nan
pid_top_drop,10,60052,6,1748,212,340,1,0,1,0,1,nan,nan,nan,nan,nan,nan,nan,nan,nan,nan
pid_top_drop,10,60052,6,1749,213,275,1,0,1,0,1,nan,nan,nan,nan,nan,nan,nan,nan,nan,nan
pid_top_drop,10,60052,6,1750,214,165,1,0,1,0,1,nan,nan,nan,nan,nan,nan,nan,nan,nan,nan
pid_top_drop,10,60052,6,1751,215,943,1,0,0,1,1,nan,nan,nan,nan,nan,nan,nan,nan,nan,nan
pid_top_drop,10,60052,6,1752,216,527,1,0,1,0,1,nan,nan,nan,nan,nan,nan,nan,nan,nan,nan
pid_top_drop,10,60052,6,1753,217,219,1,0,1,0,1,nan,nan,nan,nan,nan,nan,nan,nan,nan,nan
pid_top_drop,10,60052,6,1754,218,330,1,1,0,1,0,-1.6901849516330154,-2.9746976477022935,-5.325320910940522,0.8644100427627563,0.46135443449020386,0.01201804168522358,0.6885830665756025,0.12177452445030212,6.977166303214963,0.07290530204772949
pid_top_drop,10,60052,6,1755,219,953,1,0,0,1,1,nan,nan,nan,nan,nan,nan,nan,nan,nan,nan
pid_top_drop,10,60052,6,1756,220,230,1,1,0,1,0,-1.1245906468425995,-0.4134859919742319,30.77942787196206,0.793996274471283,0.48399922251701355,0.01165776513516903,0.667940740799943,0.12178967893123627,6.978034591013201,0.07255260646343231
pid_top_drop,10,60052,6,1757,221,401,1,0,1,0,1,nan,nan,nan,nan,nan,nan,nan,nan,nan,nan
pid_top_drop,10,60052,6,1758,222,870,1,0,0,1,1,nan,nan,nan,nan,nan,nan,nan,nan,nan,nan
pid_top_drop,10,60052,6,1759,223,110,1,0,1,0,1,nan,nan,nan,nan,nan,nan,nan,nan,nan,nan
pid_top_drop,10,60052,6,1760,224,282,1,1,0,1,0,-0.9315968216547191,-0.8339524372802168,20.375697388576977,1.2266002893447876,0.49231138825416565,0.012044468894600868,0.6900972341372297,0.11765918880701065,6.741374939574606,0.07087406516075134
pid_top_drop,10,60052,6,1761,225,982,1,0,0,1,1,nan,nan,nan,nan,nan,nan,nan,nan,nan,nan
pid_top_drop,10,60052,6,1762,226,641,1,1,0,1,0,-5.449247863241233,3.2489843843916653,-11.958472783776745,1.042707085609436,0.47158482670783997,0.022855645045638084,1.309531999164152,0.07301536202430725,4.1834720836125925,0.05936332792043686
pid_top_drop,10,60052,6,1763,227,122,1,1,0,1,0,-1.844765792928744,-1.9686927452294554,-20.886896066817414,3.553598642349243,0.3773351013660431,0.015859531238675117,0.9086842050319709,0.10684524476528168,6.121781586092892,0.0692821517586708
pid_top_drop,10,60052,6,1764,228,250,1,0,1,0,1,nan,nan,nan,nan,nan,nan,nan,nan,nan,nan
pid_top_drop,10,60052,6,1765,229,97,1,0,1,0,1,nan,nan,nan,nan,nan,nan,nan,nan,nan,nan
pid_top_drop,10,60052,6,1766,230,803,1,0,1,0,1,nan,nan,nan,nan,nan,nan,nan,nan,nan,nan
pid_top_drop,10,60052,6,1767,231,86,1,0,1,0,1,nan,nan,nan,nan,nan,nan,nan,nan,nan,nan
pid_top_drop,10,60052,6,1768,232,246,1,0,1,0,1,nan,nan,nan,nan,nan,nan,nan,nan,nan,nan
pid_top_drop,10,60052,6,1769,233,972,1,0,0,1,1,nan,nan,nan,nan,nan,nan,nan,nan,nan,nan
pid_top_drop,10,60052,6,1770,234,594,1,0,1,0,1,nan,nan,nan,nan,nan,nan,nan,nan,nan,nan
pid_top_drop,10,60052,6,1771,235,789,1,1,0,1,0,2.239605368468841,2.2056593282938777,47.81098268063076,2.039339303970337,0.4955576956272125,0.007973581552505493,0.4568525705619354,0.12616218626499176,7.228560807127391,0.07105467468500137
pid_top_drop,10,60052,6,1772,236,275,1,1,0,1,0,11.765793147290685,-1.8418697927206584,65.61840599787789,0.7831774950027466,0.40890154242515564,0.09413477778434753,5.393525472444977,0.4054436981678009,23.23021273519102,0.2968566417694092
pid_top_drop,10,60052,6,1773,237,95,1,0,1,0,1,nan,nan,nan,nan,nan,nan,nan,nan,nan,nan
pid_top_drop,10,60052,6,1774,238,230,1,0,1,0,1,nan,nan,nan,nan,nan,nan,nan,nan,nan,nan
pid_top_drop,10,60052,6,1775,239,731,1,1,0,1,0,-1.1828931415978283,-2.2677457478492937,-55.4068906981153,0.9689863920211792,0.4847680926322937,0.004293022211641073,0.24597205408295197,0.13892100751399994,7.959587416257393,0.07375352829694748
pid_top_drop,10,60052,6,1776,240,102,1,0,1,0,1,nan,nan,nan,nan,nan,nan,nan,nan,nan,nan
pid_top_drop,10,60052,6,1777,241,196,1,1,0,1,0,0.22166695932359382,-1.5074090894434742,17.624456209760822,1.671740174293518,0.4001506268978119,0.00721772713586688,0.41354530256221994,0.12268320471048355,7.029229847050209,0.06855932623147964
pid_top_drop,10,60052,6,1778,242,131,1,0,1,0,1,nan,nan,nan,nan,nan,nan,nan,nan,nan,nan
pid_top_drop,10,60052,6,1779,243,658,1,0,1,0,1,nan,nan,nan,nan,nan,nan,nan,nan,nan,nan
pid_top_drop,10,60052,6,1780,244,50,1,0,1,0,1,nan,nan,nan,nan,nan,nan,nan,nan,nan,nan
pid_top_drop,10,60052,6,1781,245,142,1,1,0,1,0,2.7970717481469416,-3.335604843445767,-23.58154229817084,3.733166217803955,0.46678784489631653,0.00910935364663601,0.5219275180443492,0.12327306717634201,7.063026476837077,0.07074588537216187
pid_top_drop,10,60052,6,1782,246,501,1,0,1,0,1,nan,nan,nan,nan,nan,nan,nan,nan,nan,nan
pid_top_drop,10,60052,6,1783,247,630,1,0,1,0,1,nan,nan,nan,nan,nan,nan,nan,nan,nan,nan
pid_top_drop,10,60052,6,1784,248,350,1,0,1,0,1,nan,nan,nan,nan,nan,nan,nan,nan,nan,nan
pid_top_drop,10,60052,6,1785,249,334,1,0,1,0,1,nan,nan,nan,nan,nan,nan,nan,nan,nan,nan
pid_top_drop,10,60052,6,1786,250,37,1,0,1,0,1,nan,nan,nan,nan,nan,nan,nan,nan,nan,nan
pid_top_drop,10,60052,6,1787,251,231,1,0,1,0,1,nan,nan,nan,nan,nan,nan,nan,nan,nan,nan
pid_top_drop,10,60052,6,1788,252,712,1,1,0,1,0,-8.025595218170043,-2.536855201147796,65.79306759533344,1.8256416320800781,0.47563061118125916,0.06067521870136261,3.476433952621321,0.1730828583240509,9.916917288028886,0.14721664786338806
pid_top_drop,10,60052,6,1789,253,112,1,1,0,1,0,-1.8093034507580377,-1.9772168213136312,-1.5053873534491504,1.6157103776931763,0.4532839059829712,0.008647112175822258,0.49544303265080164,0.11020807176828384,6.314457380597544,0.06375114619731903
pid_top_drop,10,60052,6,1790,254,585,1,1,0,1,0,-2.1052965286297103,-2.5964690922236673,41.071826271875935,1.2865378856658936,0.46288445591926575,0.012853015214204788,0.7364235257913702,0.11786190420389175,6.7529896762582124,0.07178396731615067
pid_top_drop,10,60052,6,1791,255,258,1,0,1,0,1,nan,nan,nan,nan,nan,nan,nan,nan,nan,nan
pid_top_drop,10,70059,7,1792,0,394,1,0,1,0,1,nan,nan,nan,nan,nan,nan,nan,nan,nan,nan
pid_top_drop,10,70059,7,1793,1,103,1,0,1,0,1,nan,nan,nan,nan,nan,nan,nan,nan,nan,nan
pid_top_drop,10,70059,7,1794,2,633,1,0,1,0,1,nan,nan,nan,nan,nan,nan,nan,nan,nan,nan
pid_top_drop,10,70059,7,1795,3,291,1,1,0,1,0,0.7300379392476428,-2.2011923845766894,-11.753567108676362,0.3691740334033966,0.46478399634361267,0.005283668637275696,0.3027319132615364,0.12855440378189087,7.365624774522976,0.06956087052822113
pid_top_drop,10,70059,7,1796,4,429,1,1,0,1,0,2.813983296531893,-1.9875987088520506,-36.07734606395249,1.3096067905426025,0.4543956518173218,0.01763431541621685,1.0103718479517092,0.13250738382339478,7.592113847400598,0.08388800919055939
pid_top_drop,10,70059,7,1797,5,368,1,0,1,0,1,nan,nan,nan,nan,nan,nan,nan,nan,nan,nan
pid_top_drop,10,70059,7,1798,6,160,1,0,1,0,1,nan,nan,nan,nan,nan,nan,nan,nan,nan,nan
pid_top_drop,10,70059,7,1799,7,96,1,1,0,1,0,0.6808605772235511,-0.24081880975630957,-16.345967740539496,2.7357163429260254,0.36920085549354553,0.009859169833362103,0.5648888209543476,0.10514146834611893,6.0241623880409545,0.06242990493774414
pid_top_drop,10,70059,7,1800,8,796,1,0,0,1,1,nan,nan,nan,nan,nan,nan,nan,nan,nan,nan
pid_top_drop,10,70059,7,1801,9,26,1,0,1,0,1,nan,nan,nan,nan,nan,nan,nan,nan,nan,nan
pid_top_drop,10,70059,7,1802,10,63,1,0,1,0,1,nan,nan,nan,nan,nan,nan,nan,nan,nan,nan
pid_top_drop,10,70059,7,1803,11,854,1,1,0,1,0,-1.0146519219620742,2.3855528506536734,-48.92214517556511,1.5141099691390991,0.4741711914539337,0.016460243612527847,0.9431024887550172,0.12424604594707489,7.118774053955899,0.07858327031135559
pid_top_drop,10,70059,7,1804,12,133,1,0,1,0,1,nan,nan,nan,nan,nan,nan,nan,nan,nan,nan
pid_top_drop,10,70059,7,1805,13,592,1,0,1,0,1,nan,nan,nan,nan,nan,nan,nan,nan,nan,nan
pid_top_drop,10,70059,7,1806,14,949,1,0,0,1,1,nan,nan,nan,nan,nan,nan,nan,nan,nan,nan
pid_top_drop,10,70059,7,1807,15,271,1,0,1,0,1,nan,nan,nan,nan,nan,nan,nan,nan,nan,nan
pid_top_drop,10,70059,7,1808,16,129,1,1,0,1,0,3.8317771055121734,-3.530511121601251,-8.321041880908114,1.5584254264831543,0.41635820269584656,0.013013556599617004,0.7456218696126732,0.14079615473747253,8.067025438128047,0.08341163396835327
pid_top_drop,10,70059,7,1809,17,150,1,1,0,1,0,84.08057124896243,-18.184490740566847,40.242204174529505,0.7320302724838257,0.3895321488380432,0.31642717123031616,18.12994143476054,0.3226121962070465,18.48431726211019,0.4777332544326782
pid_top_drop,10,70059,7,1810,18,301,1,1,0,1,0,-1.833564282689923,-2.1257870961397485,30.53145102395558,1.6367946863174438,0.4871039092540741,0.001338642556220293,0.07669856874802682,0.12791341543197632,7.328898847355817,0.06529535353183746
pid_top_drop,10,70059,7,1811,19,17,1,0,1,0,1,nan,nan,nan,nan,nan,nan,nan,nan,nan,nan
pid_top_drop,10,70059,7,1812,20,291,1,1,0,1,0,-0.40518048194349643,-3.2671390272055594,-29.724996928273832,0.3765711784362793,0.4688222408294678,0.010151633061468601,0.5816457295876218,0.12875822186470032,7.377302690456405,0.07453074306249619
pid_top_drop,10,70059,7,1813,21,895,1,0,0,1,1,nan,nan,nan,nan,nan,nan,nan,nan,nan,nan
pid_top_drop,10,70059,7,1814,22,236,1,1,0,1,0,0.3363321751097679,0.1336531416788095,50.155486094372655,1.2672816514968872,0.49569419026374817,0.012823986820876598,0.7347603213676192,0.12129505723714828,6.9496948554863485,0.07347151637077332
pid_top_drop,10,70059,7,1815,23,935,1,0,0,1,1,nan,nan,nan,nan,nan,nan,nan,nan,nan,nan
pid_top_drop,10,70059,7,1816,24,920,1,0,1,0,1,nan,nan,nan,nan,nan,nan,nan,nan,nan,nan
pid_top_drop,10,70059,7,1817,25,285,1,0,1,0,1,nan,nan,nan,nan,nan,nan,nan,nan,nan,nan
pid_top_drop,10,70059,7,1818,26,159,1,0,1,0,1,nan,nan,nan,nan,nan,nan,nan,nan,nan,nan
pid_top_drop,10,70059,7,1819,27,117,1,0,1,0,1,nan,nan,nan,nan,nan,nan,nan,nan,nan,nan
pid_top_drop,10,70059,7,1820,28,188,1,1,0,1,0,0.8981015739649766,-1.4916176920824047,15.062138063387218,1.3543102741241455,0.4986015558242798,0.011665059253573418,0.6683586629997832,0.1229650005698204,7.045375560474472,0.07314755767583847
pid_top_drop,10,70059,7,1821,29,153,1,0,1,0,1,nan,nan,nan,nan,nan,nan,nan,nan,nan,nan
pid_top_drop,10,70059,7,1822,30,138,1,1,0,1,0,3.6603939988582135,-1.5217798074571809,5.363351404239153,1.3512545824050903,0.4680318832397461,0.003344465745612979,0.1916237719496977,0.14193245768547058,8.13213080129661,0.07431069761514664
pid_top_drop,10,70059,7,1823,31,40,1,0,1,0,1,nan,nan,nan,nan,nan,nan,nan,nan,nan,nan
pid_top_drop,10,70059,7,1824,32,220,1,1,0,1,0,10.276074247797544,-10.845151949064666,66.26552544060156,0.29446646571159363,0.49818897247314453,0.11506733298301697,6.592872539753365,0.5147222280502319,29.491411288848568,0.37242844700813293
pid_top_drop,10,70059,7,1825,33,159,1,1,0,1,0,-3.8124066890260173,-5.323517740999638,9.72788326501232,1.4566420316696167,0.4761108458042145,0.018907219171524048,1.0833038608571648,0.11235455423593521,6.4374417667927935,0.07508449256420135
pid_top_drop,10,70059,7,1826,34,215,1,1,0,1,0,-7.0490420913983,-5.384115179315991,-4.076816972175551,1.6177176237106323,0.48753541707992554,0.05113532766699791,2.9298384593375304,0.11697143316268921,6.701969443818687,0.10962104797363281
pid_top_drop,10,70059,7,1827,35,498,1,0,1,0,1,nan,nan,nan,nan,nan,nan,nan,nan,nan,nan
pid_top_drop,10,70059,7,1828,36,303,1,1,0,1,0,0.627257252617291,-0.9656931259914228,48.416437969417366,0.37956753373146057,0.4949098229408264,0.012341707944869995,0.7071277772241276,0.1279211789369583,7.329343663425514,0.07630229741334915
pid_top_drop,10,70059,7,1829,37,139,1,0,1,0,1,nan,nan,nan,nan,nan,nan,nan,nan,nan,nan
pid_top_drop,10,70059,7,1830,38,119,1,1,0,1,0,0.9503661814939142,-3.143813131551809,-5.548039719396297,1.7443327903747559,0.4677736163139343,0.00567787978798151,0.32531854843397523,0.13648726046085358,7.820143981709705,0.07392150908708572
pid_top_drop,10,70059,7,1831,39,282,1,1,0,1,0,-6.5529517916019335,-1.3435938323898884,5.416162426901691,1.2086650133132935,0.4785999059677124,0.03393444046378136,1.9443002187126357,0.10916896164417267,6.254920756036658,0.08851891756057739
pid_top_drop,10,70059,7,1832,40,928,1,0,0,1,1,nan,nan,nan,nan,nan,nan,nan,nan,nan,nan
pid_top_drop,10,70059,7,1833,41,838,1,0,0,1,1,nan,nan,nan,nan,nan,nan,nan,nan,nan,nan
pid_top_drop,10,70059,7,1834,42,468,1,0,1,0,1,nan,nan,nan,nan,nan,nan,nan,nan,nan,nan
pid_top_drop,10,70059,7,1835,43,852,1,0,0,1,1,nan,nan,nan,nan,nan,nan,nan,nan,nan,nan
pid_top_drop,10,70059,7,1836,44,108,1,0,1,0,1,nan,nan,nan,nan,nan,nan,nan,nan,nan,nan
pid_top_drop,10,70059,7,1837,45,878,1,0,0,1,1,nan,nan,nan,nan,nan,nan,nan,nan,nan,nan
pid_top_drop,10,70059,7,1838,46,185,1,0,1,0,1,nan,nan,nan,nan,nan,nan,nan,nan,nan,nan
pid_top_drop,10,70059,7,1839,47,978,1,0,0,1,1,nan,nan,nan,nan,nan,nan,nan,nan,nan,nan
pid_top_drop,10,70059,7,1840,48,551,1,0,1,0,1,nan,nan,nan,nan,nan,nan,nan,nan,nan,nan
pid_top_drop,10,70059,7,1841,49,918,1,0,0,1,1,nan,nan,nan,nan,nan,nan,nan,nan,nan,nan
pid_top_drop,10,70059,7,1842,50,257,1,1,0,1,0,-24.514272931227783,-9.190770849060858,-68.65439776319187,0.8710458278656006,0.4531864523887634,0.1923116147518158,11.018643876624868,0.6548313498497009,37.51907263924254,0.5197272896766663
pid_top_drop,10,70059,7,1843,51,579,1,1,0,1,0,-6.230512221263972,2.5960729412518067,-47.80412517070406,1.3705226182937622,0.485158234834671,0.0143617894500494,0.8228699217433423,0.09103973954916,5.216192844137113,0.05988165736198425
pid_top_drop,10,70059,7,1844,52,129,1,0,1,0,1,nan,nan,nan,nan,nan,nan,nan,nan,nan,nan
pid_top_drop,10,70059,7,1845,53,159,1,1,0,1,0,-4.68191709112532,-5.149320596407633,21.970232371073134,1.9385004043579102,0.49313798546791077,0.005330523941665888,0.30541652445089523,0.1115444228053093,6.391024654967033,0.0611027367413044
pid_top_drop,10,70059,7,1846,54,177,1,0,1,0,1,nan,nan,nan,nan,nan,nan,nan,nan,nan,nan
pid_top_drop,10,70059,7,1847,55,881,1,0,0,1,1,nan,nan,nan,nan,nan,nan,nan,nan,nan,nan
pid_top_drop,10,70059,7,1848,56,601,1,0,1,0,1,nan,nan,nan,nan,nan,nan,nan,nan,nan,nan
pid_top_drop,10,70059,7,1849,57,598,1,0,1,0,1,nan,nan,nan,nan,nan,nan,nan,nan,nan,nan
pid_top_drop,10,70059,7,1850,58,125,1,0,1,0,1,nan,nan,nan,nan,nan,nan,nan,nan,nan,nan
pid_top_drop,10,70059,7,1851,59,119,1,0,1,0,1,nan,nan,nan,nan,nan,nan,nan,nan,nan,nan
pid_top_drop,10,70059,7,1852,60,130,1,0,1,0,1,nan,nan,nan,nan,nan,nan,nan,nan,nan,nan
pid_top_drop,10,70059,7,1853,61,93,1,1,0,1,0,-0.9081556124232354,-1.856076586194285,5.107478857552135,4.048635482788086,0.441506028175354,0.028091449290513992,1.6095214847522226,0.09850660711526871,5.644012841858262,0.07734475284814835
pid_top_drop,10,70059,7,1854,62,974,1,0,0,1,1,nan,nan,nan,nan,nan,nan,nan,nan,nan,nan
pid_top_drop,10,70059,7,1855,63,327,1,0,1,0,1,nan,nan,nan,nan,nan,nan,nan,nan,nan,nan
pid_top_drop,10,70059,7,1856,64,71,1,0,1,0,1,nan,nan,nan,nan,nan,nan,nan,nan,nan,nan
pid_top_drop,10,70059,7,1857,65,357,1,0,1,0,1,nan,nan,nan,nan,nan,nan,nan,nan,nan,nan
pid_top_drop,10,70059,7,1858,66,964,1,0,0,1,1,nan,nan,nan,nan,nan,nan,nan,nan,nan,nan
pid_top_drop,10,70059,7,1859,67,205,1,1,0,1,0,2.9002485857491545,-4.492638888845927,-11.09918034467578,0.28018277883529663,0.47045648097991943,0.02505970187485218,1.4358151532851062,0.13847939670085907,7.934284980477081,0.09429939836263657
pid_top_drop,10,70059,7,1860,68,170,1,1,0,1,0,6.829150981258909,-2.484945763455699,0.6863520493162413,0.6717632412910461,0.4603428840637207,0.035125598311424255,2.012548536116461,0.14418116211891174,8.260972074705144,0.10721617937088013
pid_top_drop,10,70059,7,1861,69,925,1,0,0,1,1,nan,nan,nan,nan,nan,nan,nan,nan,nan,nan
pid_top_drop,10,70059,7,1862,70,331,1,1,0,1,0,9.11093959804175,-13.138401623274788,-69.84601988654897,1.1420719623565674,0.40396612882614136,0.13814479112625122,7.915113493250502,0.5695582628250122,32.63328464667609,0.4229239225387573
pid_top_drop,10,70059,7,1863,71,505,1,0,1,0,1,nan,nan,nan,nan,nan,nan,nan,nan,nan,nan
pid_top_drop,10,70059,7,1864,72,314,1,1,0,1,0,-0.5217308299405939,-2.1109246045058008,-40.46637098308933,0.89915531873703,0.48075181245803833,0.010917278937995434,0.6255140069142039,0.12410300225019455,7.110578253838706,0.07296878099441528
pid_top_drop,10,70059,7,1865,73,918,1,1,0,1,0,2.2612297473811016,-0.9897900333832278,-4.694867129791665,1.4859758615493774,0.4957365095615387,0.011803199537098408,0.6762735182265057,0.13314007222652435,7.628364222646795,0.07837323844432831
pid_top_drop,10,70059,7,1866,74,195,1,0,1,0,1,nan,nan,nan,nan,nan,nan,nan,nan,nan,nan
pid_top_drop,10,70059,7,1867,75,168,1,1,0,1,0,5.9056820847165055,-0.4244689361596124,6.226345805870264,1.8582731485366821,0.47749635577201843,0.012519869953393936,0.7173357083821232,0.13709184527397156,7.854784139859071,0.08106578886508942
pid_top_drop,10,70059,7,1868,76,93,1,0,1,0,1,nan,nan,nan,nan,nan,nan,nan,nan,nan,nan
pid_top_drop,10,70059,7,1869,77,309,1,1,0,1,0,-3.7722998182197025,14.760161739802616,68.33646611770611,1.537948489189148,0.4986078441143036,0.11098530888557434,6.358989787099204,0.2976715564727783,17.05532386698034,0.2598210871219635
pid_top_drop,10,70059,7,1870,78,931,1,0,0,1,1,nan,nan,nan,nan,nan,nan,nan,nan,nan,nan
pid_top_drop,10,70059,7,1871,79,146,1,1,0,1,0,-3.7188604181535228,-1.6608971004720006,26.990639977085948,1.9399702548980713,0.49327510595321655,0.0036688167601823807,0.2102077161653107,0.1082412376999855,6.201766089481503,0.05778943747282028
pid_top_drop,10,70059,7,1872,80,207,1,1,0,1,0,1.7571071451208002,-1.217590502581493,26.845061325116294,0.7451273202896118,0.4959799349308014,0.006338849198073149,0.36318930601947785,0.13656991720199585,7.824879864125463,0.07462380826473236
pid_top_drop,10,70059,7,1873,81,293,1,0,1,0,1,nan,nan,nan,nan,nan,nan,nan,nan,nan,nan
pid_top_drop,10,70059,7,1874,82,318,1,0,1,0,1,nan,nan,nan,nan,nan,nan,nan,nan,nan,nan
pid_top_drop,10,70059,7,1875,83,894,1,0,0,1,1,nan,nan,nan,nan,nan,nan,nan,nan,nan,nan
pid_top_drop,10,70059,7,1876,84,505,1,1,0,1,0,-1.227753824066472,-4.192055923852006,-25.217017434552055,0.3165985643863678,0.4541614055633545,0.02796083875000477,1.6020380520211215,0.15221834182739258,8.721468551189282,0.10407000780105591
pid_top_drop,10,70059,7,1877,85,257,1,1,0,1,0,-1.3029951879633326,0.827586700973765,50.83610078478608,1.2224974632263184,0.47458431124687195,0.007629253901541233,0.4371240493920296,0.11490147560834885,6.583369612183762,0.06507999449968338
pid_top_drop,10,70059,7,1878,86,314,1,0,1,0,1,nan,nan,nan,nan,nan,nan,nan,nan,nan,nan
pid_top_drop,10,70059,7,1879,87,989,1,0,0,1,1,nan,nan,nan,nan,nan,nan,nan,nan,nan,nan
pid_top_drop,10,70059,7,1880,88,170,1,1,0,1,0,-0.13891238733971933,-2.261024841706001,2.51756674693168,1.2347840070724487,0.47499606013298035,0.007211946416646242,0.41321409174832724,0.12975308299064636,7.434304034174747,0.07208848744630814
pid_top_drop,10,70059,7,1881,89,721,1,1,0,1,0,3.944693792870824,-0.9668405977719849,-7.988657555138614,1.2144155502319336,0.48809999227523804,0.007824921980500221,0.44833500450181213,0.14468981325626373,8.290115638119943,0.08016982674598694
pid_top_drop,10,70059,7,1882,90,141,1,0,1,0,1,nan,nan,nan,nan,nan,nan,nan,nan,nan,nan
pid_top_drop,10,70059,7,1883,91,414,1,0,1,0,1,nan,nan,nan,nan,nan,nan,nan,nan,nan,nan
pid_top_drop,10,70059,7,1884,92,368,1,1,0,1,0,-2.0504364492161677,-1.0576001514631144,55.795145971295504,0.986102819442749,0.4786440432071686,0.00807510782033205,0.46266959721811196,0.11711174249649048,6.710008576471791,0.06663098186254501
pid_top_drop,10,70059,7,1885,93,44,1,0,1,0,1,nan,nan,nan,nan,nan,nan,nan,nan,nan,nan
pid_top_drop,10,70059,7,1886,94,99,1,0,1,0,1,nan,nan,nan,nan,nan,nan,nan,nan,nan,nan
pid_top_drop,10,70059,7,1887,95,166,1,1,0,1,0,-4.905947295901739,-2.662749247929471,31.1745543154473,1.9954034090042114,0.4481983184814453,0.011416509747505188,0.6541178253020123,0.1063799262046814,6.095120796441393,0.06460647284984589
pid_top_drop,10,70059,7,1888,96,620,1,0,1,0,1,nan,nan,nan,nan,nan,nan,nan,nan,nan,nan
pid_top_drop,10,70059,7,1889,97,999,1,0,0,1,1,nan,nan,nan,nan,nan,nan,nan,nan,nan,nan
pid_top_drop,10,70059,7,1890,98,275,1,0,1,0,1,nan,nan,nan,nan,nan,nan,nan,nan,nan,nan
pid_top_drop,10,70059,7,1891,99,389,1,1,0,1,0,2.1091077741865774,-4.842672423430741,67.79376660701358,1.0522758960723877,0.4526521861553192,0.03537941724061966,2.0270912895198876,0.2407657951116562,13.794863911009406,0.15576231479644775
pid_top_drop,10,70059,7,1892,100,934,1,0,0,1,1,nan,nan,nan,nan,nan,nan,nan,nan,nan,nan
pid_top_drop,10,70059,7,1893,101,190,1,1,0,1,0,-3.667169546514866,-0.5126056972094569,42.345765835110036,0.5878725051879883,0.4798192083835602,0.011703306809067726,0.6705500865062994,0.1130727082490921,6.478588960787066,0.06823965907096863
pid_top_drop,10,70059,7,1894,102,112,1,1,0,1,0,-5.900859971162476,-2.5158728600175166,12.520529050577094,3.0834314823150635,0.39718857407569885,0.022234519943594933,1.2739441522674468,0.09019527584314346,5.1678086378303885,0.06733215600252151
pid_top_drop,10,70059,7,1895,103,929,1,0,0,1,1,nan,nan,nan,nan,nan,nan,nan,nan,nan,nan
pid_top_drop,10,70059,7,1896,104,799,1,0,1,0,1,nan,nan,nan,nan,nan,nan,nan,nan,nan,nan
pid_top_drop,10,70059,7,1897,105,643,1,1,0,1,0,-0.8709447418250059,1.648288571264157,16.02143813231551,1.2801865339279175,0.49345555901527405,0.0023108888417482376,0.13240417755604922,0.11426100879907608,6.546673567094222,0.05944139510393143
pid_top_drop,10,70059,7,1898,106,277,1,0,1,0,1,nan,nan,nan,nan,nan,nan,nan,nan,nan,nan
pid_top_drop,10,70059,7,1899,107,598,1,1,0,1,0,0.9324301047334607,0.4590296933598769,22.162666120749073,1.1590808629989624,0.4947751462459564,0.012800822034478188,0.7334330768736681,0.11917771399021149,6.828380023656344,0.07238967716693878
pid_top_drop,10,70059,7,1900,108,135,1,0,1,0,1,nan,nan,nan,nan,nan,nan,nan,nan,nan,nan
pid_top_drop,10,70059,7,1901,109,930,1,0,0,1,1,nan,nan,nan,nan,nan,nan,nan,nan,nan,nan
pid_top_drop,10,70059,7,1902,110,100,1,0,1,0,1,nan,nan,nan,nan,nan,nan,nan,nan,nan,nan
pid_top_drop,10,70059,7,1903,111,934,1,0,0,1,1,nan,nan,nan,nan,nan,nan,nan,nan,nan,nan
pid_top_drop,10,70059,7,1904,112,583,1,0,1,0,1,nan,nan,nan,nan,nan,nan,nan,nan,nan,nan
pid_top_drop,10,70059,7,1905,113,552,1,0,1,0,1,nan,nan,nan,nan,nan,nan,nan,nan,nan,nan
pid_top_drop,10,70059,7,1906,114,418,1,1,0,1,0,-0.5316209438587725,-1.1808714056035046,61.09417065393147,1.6299253702163696,0.48698702454566956,0.011487905867397785,0.6582085216454683,0.13547959923744202,7.762409246429233,0.07922770828008652
pid_top_drop,10,70059,7,1907,115,576,1,1,0,1,0,1.4594338407133045,-0.26753850978939947,31.996758827355094,1.2123548984527588,0.4883483946323395,0.009684807620942593,0.5548986020761462,0.1211089938879013,6.939034210852428,0.07023930549621582
pid_top_drop,10,70059,7,1908,116,89,1,0,1,0,1,nan,nan,nan,nan,nan,nan,nan,nan,nan,nan
pid_top_drop,10,70059,7,1909,117,893,1,0,0,1,1,nan,nan,nan,nan,nan,nan,nan,nan,nan,nan
pid_top_drop,10,70059,7,1910,118,988,1,0,0,1,1,nan,nan,nan,nan,nan,nan,nan,nan,nan,nan
pid_top_drop,10,70059,7,1911,119,990,1,0,0,1,1,nan,nan,nan,nan,nan,nan,nan,nan,nan,nan
pid_top_drop,10,70059,7,1912,120,997,1,0,0,1,1,nan,nan,nan,nan,nan,nan,nan,nan,nan,nan
pid_top_drop,10,70059,7,1913,121,27,1,0,1,0,1,nan,nan,nan,nan,nan,nan,nan,nan,nan,nan
pid_top_drop,10,70059,7,1914,122,987,1,0,0,1,1,nan,nan,nan,nan,nan,nan,nan,nan,nan,nan
pid_top_drop,10,70059,7,1915,123,344,1,0,1,0,1,nan,nan,nan,nan,nan,nan,nan,nan,nan,nan
pid_top_drop,10,70059,7,1916,124,977,1,0,0,1,1,nan,nan,nan,nan,nan,nan,nan,nan,nan,nan
pid_top_drop,10,70059,7,1917,125,693,1,0,1,0,1,nan,nan,nan,nan,nan,nan,nan,nan,nan,nan
pid_top_drop,10,70059,7,1918,126,417,1,0,1,0,1,nan,nan,nan,nan,nan,nan,nan,nan,nan,nan
pid_top_drop,10,70059,7,1919,127,223,1,1,0,1,0,0.705449258235597,-1.6402426084218822,-46.33159102716267,0.6239493489265442,0.4782083332538605,0.0063726576045155525,0.36512638502069045,0.12628908455371857,7.235831543498869,0.06951720267534256
pid_top_drop,10,70059,7,1920,128,541,1,0,1,0,1,nan,nan,nan,nan,nan,nan,nan,nan,nan,nan
pid_top_drop,10,70059,7,1921,129,432,1,0,1,0,1,nan,nan,nan,nan,nan,nan,nan,nan,nan,nan
pid_top_drop,10,70059,7,1922,130,388,1,0,1,0,1,nan,nan,nan,nan,nan,nan,nan,nan,nan,nan
pid_top_drop,10,70059,7,1923,131,706,1,1,0,1,0,-0.30868356934955626,-3.2197101936089907,-24.122329355895772,1.2685956954956055,0.49599429965019226,0.008294721134006977,0.4752525132165679,0.13656438887119293,7.824563114102704,0.07657691836357117
pid_top_drop,10,70059,7,1924,132,400,1,1,0,1,0,-3.6952552843819584,2.9577451181823218,16.18211150235089,0.7108467817306519,0.4508706033229828,0.025087444111704826,1.4374046663710152,0.08445573598146439,4.838957227409077,0.06731531023979187
pid_top_drop,10,70059,7,1925,133,427,1,1,0,1,0,-0.7680547721679338,11.81130952791965,-47.06182021170708,1.6054396629333496,0.42800766229629517,0.025403108447790146,1.455490900571503,0.1109224483370781,6.355388142972491,0.0808643326163292
pid_top_drop,10,70059,7,1926,134,153,1,1,0,1,0,-1.4304738386324505,-0.972250107594635,34.76373676201896,2.58720326423645,0.39833641052246094,0.008331630378961563,0.47736725717748024,0.12016024440526962,6.884674869682412,0.06841175258159637
pid_top_drop,10,70059,7,1927,135,90,1,0,1,0,1,nan,nan,nan,nan,nan,nan,nan,nan,nan,nan
pid_top_drop,10,70059,7,1928,136,550,1,1,0,1,0,1.8301628484832566,-1.8025825446147452,-64.50874614456093,2.363135576248169,0.49247246980667114,0.035347118973731995,2.025240735141637,0.21604907512664795,12.378700172461778,0.14337165653705597
pid_top_drop,10,70059,7,1929,137,531,1,0,1,0,1,nan,nan,nan,nan,nan,nan,nan,nan,nan,nan
pid_top_drop,10,70059,7,1930,138,953,1,0,0,1,1,nan,nan,nan,nan,nan,nan,nan,nan,nan,nan
pid_top_drop,10,70059,7,1931,139,127,1,0,1,0,1,nan,nan,nan,nan,nan,nan,nan,nan,nan,nan
pid_top_drop,10,70059,7,1932,140,506,1,0,1,0,1,nan,nan,nan,nan,nan,nan,nan,nan,nan,nan
pid_top_drop,10,70059,7,1933,141,100,1,0,1,0,1,nan,nan,nan,nan,nan,nan,nan,nan,nan,nan
pid_top_drop,10,70059,7,1934,142,181,1,1,0,1,0,3.2427006103552536,2.2639618230491063,-23.00245153958048,1.5677180290222168,0.4910881817340851,0.013067822903394699,0.74873109978891,0.11417123675346375,6.54153000776238,0.07015344500541687
pid_top_drop,10,70059,7,1935,143,236,1,1,0,1,0,-0.24469835720487682,-2.871698395018501,-26.903910235005124,0.63382488489151,0.48935016989707947,0.012720768339931965,0.7288463380417401,0.11750485002994537,6.7325319790335545,0.07147319614887238
pid_top_drop,10,70059,7,1936,144,383,1,0,1,0,1,nan,nan,nan,nan,nan,nan,nan,nan,nan,nan
pid_top_drop,10,70059,7,1937,145,348,1,0,1,0,1,nan,nan,nan,nan,nan,nan,nan,nan,nan,nan
pid_top_drop,10,70059,7,1938,146,38,1,0,1,0,1,nan,nan,nan,nan,nan,nan,nan,nan,nan,nan
pid_top_drop,10,70059,7,1939,147,165,1,1,0,1,0,-3.009941423819559,-1.009133129112704,28.45553796913526,2.9780466556549072,0.4166240394115448,0.004870002157986164,0.27903056987221037,0.1050698459148407,6.020058725010246,0.05740492418408394
pid_top_drop,10,70059,7,1940,148,158,1,1,0,1,0,0.3007742102906815,-1.1520206865493707,20.26851806012114,0.30802738666534424,0.47832053899765015,0.00579368369653821,0.33195362364539305,0.12346385419368744,7.07395776771686,0.06752561032772064
pid_top_drop,10,70059,7,1941,149,893,1,0,0,1,1,nan,nan,nan,nan,nan,nan,nan,nan,nan,nan
pid_top_drop,10,70059,7,1942,150,220,1,0,1,0,1,nan,nan,nan,nan,nan,nan,nan,nan,nan,nan
pid_top_drop,10,70059,7,1943,151,976,1,0,0,1,1,nan,nan,nan,nan,nan,nan,nan,nan,nan,nan
pid_top_drop,10,70059,7,1944,152,156,1,0,1,0,1,nan,nan,nan,nan,nan,nan,nan,nan,nan,nan
pid_top_drop,10,70059,7,1945,153,612,1,0,1,0,1,nan,nan,nan,nan,nan,nan,nan,nan,nan,nan
pid_top_drop,10,70059,7,1946,154,167,1,0,1,0,1,nan,nan,nan,nan,nan,nan,nan,nan,nan,nan
pid_top_drop,10,70059,7,1947,155,184,1,1,0,1,0,2.146031776839666,6.592430285004607,-34.56792889889304,0.8043769598007202,0.4962017238140106,0.016739418730139732,0.9590980447392465,0.10944750159978867,6.270879919919216,0.07146316766738892
pid_top_drop,10,70059,7,1948,156,198,1,0,1,0,1,nan,nan,nan,nan,nan,nan,nan,nan,nan,nan
pid_top_drop,10,70059,7,1949,157,116,1,1,0,1,0,8.219818477408525,-1.5183373921154946,-37.520483073306146,0.584842324256897,0.48770245909690857,0.017253674566745758,0.9885627337667411,0.15343831479549408,8.791367853381546,0.0939728319644928
pid_top_drop,10,70059,7,1950,158,17,1,0,1,0,1,nan,nan,nan,nan,nan,nan,nan,nan,nan,nan
pid_top_drop,10,70059,7,1951,159,490,1,0,1,0,1,nan,nan,nan,nan,nan,nan,nan,nan,nan,nan
pid_top_drop,10,70059,7,1952,160,888,1,0,0,1,1,nan,nan,nan,nan,nan,nan,nan,nan,nan,nan
pid_top_drop,10,70059,7,1953,161,278,1,1,0,1,0,-0.32977519350655565,-1.2541456750194013,31.60515676148158,1.0445829629898071,0.47604939341545105,0.012519605457782745,0.7173205538999022,0.12431302666664124,7.122611766495799,0.07467611879110336
pid_top_drop,10,70059,7,1954,162,210,1,0,1,0,1,nan,nan,nan,nan,nan,nan,nan,nan,nan,nan
pid_top_drop,10,70059,7,1955,163,954,1,0,0,1,1,nan,nan,nan,nan,nan,nan,nan,nan,nan,nan
pid_top_drop,10,70059,7,1956,164,931,1,0,0,1,1,nan,nan,nan,nan,nan,nan,nan,nan,nan,nan
pid_top_drop,10,70059,7,1957,165,332,1,0,1,0,1,nan,nan,nan,nan,nan,nan,nan,nan,nan,nan
pid_top_drop,10,70059,7,1958,166,494,1,1,0,1,0,0.45812810838943524,-1.2055147281289105,8.760687497403495,1.3865182399749756,0.49971872568130493,0.007376968860626221,0.42266918131331405,0.12277504056692123,7.034491654032057,0.06876449286937714
pid_top_drop,10,70059,7,1959,167,267,1,1,0,1,0,-0.22278711034747592,-3.13359516855347,-24.653444865755965,0.8524168133735657,0.4860268831253052,0.009654621593654156,0.553169070112252,0.12940524518489838,7.414374395950295,0.07435724139213562
pid_top_drop,10,70059,7,1960,168,916,1,0,0,1,1,nan,nan,nan,nan,nan,nan,nan,nan,nan,nan
pid_top_drop,10,70059,7,1961,169,399,1,0,1,0,1,nan,nan,nan,nan,nan,nan,nan,nan,nan,nan
pid_top_drop,10,70059,7,1962,170,192,1,1,0,1,0,5.082821874648389,0.9511448230592956,-54.068993243493196,0.29986047744750977,0.44923460483551025,0.022505247965455055,1.2894557253159573,0.15334981679916382,8.786297291696458,0.09918015450239182
pid_top_drop,10,70059,7,1963,171,190,1,0,1,0,1,nan,nan,nan,nan,nan,nan,nan,nan,nan,nan
pid_top_drop,10,70059,7,1964,172,188,1,1,0,1,0,-4.444991489195918,2.6063728665201857,-23.25964914296648,1.1703286170959473,0.4445108473300934,0.039226990193128586,2.247540981067338,0.09505636990070343,5.446328811144698,0.08675517141819
pid_top_drop,10,70059,7,1965,173,94,1,1,0,1,0,-6.314605510325168,0.5739271355778315,48.34284951129965,3.3979241847991943,0.47220414876937866,0.013833942823112011,0.7926265377896133,0.09433765709400177,5.405149600638692,0.06100277230143547
pid_top_drop,10,70059,7,1966,174,368,1,0,1,0,1,nan,nan,nan,nan,nan,nan,nan,nan,nan,nan
pid_top_drop,10,70059,7,1967,175,269,1,1,0,1,0,1.6090286439149237,-6.736875125572037,55.76249766706284,0.07847430557012558,0.4523022174835205,0.019360056146979332,1.109249508358222,0.17934191226959229,10.275534662853113,0.10903101414442062
pid_top_drop,10,70059,7,1968,176,842,1,0,0,1,1,nan,nan,nan,nan,nan,nan,nan,nan,nan,nan
pid_top_drop,10,70059,7,1969,177,990,1,0,0,1,1,nan,nan,nan,nan,nan,nan,nan,nan,nan,nan
pid_top_drop,10,70059,7,1970,178,124,1,0,1,0,1,nan,nan,nan,nan,nan,nan,nan,nan,nan,nan
pid_top_drop,10,70059,7,1971,179,303,1,0,1,0,1,nan,nan,nan,nan,nan,nan,nan,nan,nan,nan
pid_top_drop,10,70059,7,1972,180,881,1,1,0,1,0,-1.2056240111556307,-0.4461616169635729,-43.22090431308543,1.670251488685608,0.4996200501918793,0.0029503016266971827,0.1690398315003299,0.12648005783557892,7.24677350654923,0.06619033217430115
pid_top_drop,10,70059,7,1973,181,121,1,1,0,1,0,8.033572879120618,-0.3261688536247889,-39.68587160625363,2.111011028289795,0.47975587844848633,0.022148072719573975,1.268991091180424,0.15127749741077423,8.667562136938603,0.09778682142496109
pid_top_drop,10,70059,7,1974,182,117,1,0,1,0,1,nan,nan,nan,nan,nan,nan,nan,nan,nan,nan
pid_top_drop,10,70059,7,1975,183,462,1,0,1,0,1,nan,nan,nan,nan,nan,nan,nan,nan,nan,nan
pid_top_drop,10,70059,7,1976,184,328,1,1,0,1,0,-1.0468357733311744,1.3088145091361834,32.973653463585336,1.2262413501739502,0.4860648512840271,0.011793634854257107,0.675725502267318,0.10713613033294678,6.138448101441369,0.06536170095205307
pid_top_drop,10,70059,7,1977,185,340,1,0,1,0,1,nan,nan,nan,nan,nan,nan,nan,nan,nan,nan
pid_top_drop,10,70059,7,1978,186,380,1,0,1,0,1,nan,nan,nan,nan,nan,nan,nan,nan,nan,nan
pid_top_drop,10,70059,7,1979,187,812,1,0,0,1,1,nan,nan,nan,nan,nan,nan,nan,nan,nan,nan
pid_top_drop,10,70059,7,1980,188,127,1,1,0,1,0,0.43623052191037437,-0.2282512616834861,-27.890244192668327,1.4257756471633911,0.49392977356910706,0.022803200408816338,1.3065271428161696,0.10589461773633957,6.067314669443449,0.07575050741434097
pid_top_drop,10,70059,7,1981,189,854,1,0,0,1,1,nan,nan,nan,nan,nan,nan,nan,nan,nan,nan
pid_top_drop,10,70059,7,1982,190,356,1,1,0,1,0,-1.6849940078638057,-3.139441810483001,-14.501488815555891,0.3660764694213867,0.496549516916275,0.010201063938438892,0.58447791021565,0.13059306144714355,7.482431254613949,0.0754975974559784
pid_top_drop,10,70059,7,1983,191,91,1,0,1,0,1,nan,nan,nan,nan,nan,nan,nan,nan,nan,nan
pid_top_drop,10,70059,7,1984,192,199,1,1,0,1,0,-3.0213615001118206,-2.455493987754604,25.689038147713298,1.3923085927963257,0.43719372153282166,0.006493974942713976,0.37207735648122137,0.11852650344371796,6.791068407767857,0.06575722992420197
pid_top_drop,10,70059,7,1985,193,193,1,1,0,1,0,0.5615098516667483,-2.370253226912845,50.965437246909445,0.1508941352367401,0.4835394322872162,0.009600665420293808,0.5500776091000279,0.13401280343532562,7.678368037560458,0.07660706341266632
pid_top_drop,10,70059,7,1986,194,342,1,0,1,0,1,nan,nan,nan,nan,nan,nan,nan,nan,nan,nan
pid_top_drop,10,70059,7,1987,195,968,1,0,0,1,1,nan,nan,nan,nan,nan,nan,nan,nan,nan,nan
pid_top_drop,10,70059,7,1988,196,538,1,0,1,0,1,nan,nan,nan,nan,nan,nan,nan,nan,nan,nan
pid_top_drop,10,70059,7,1989,197,140,1,1,0,1,0,3.5961355791467335,-1.4806893894103843,-28.255085577373727,2.1966841220855713,0.440941721200943,0.008442497812211514,0.4837194931881508,0.12548387050628662,7.189696176976372,0.0711844339966774
pid_top_drop,10,70059,7,1990,198,309,1,0,1,0,1,nan,nan,nan,nan,nan,nan,nan,nan,nan,nan
pid_top_drop,10,70059,7,1991,199,531,1,0,1,0,1,nan,nan,nan,nan,nan,nan,nan,nan,nan,nan
pid_top_drop,10,70059,7,1992,200,618,1,1,0,1,0,-0.019793888214696954,-2.885577339411967,57.78245781220241,1.3696064949035645,0.48426252603530884,0.006511954590678215,0.37310751442670326,0.1351100206375122,7.741233952454902,0.07406696677207947
pid_top_drop,10,70059,7,1993,201,643,1,1,0,1,0,2.841631902292105,2.0455050526354186,-40.56488963167759,1.4569246768951416,0.4798596203327179,0.01976919174194336,1.1326912511982345,0.11542575061321259,6.613408357266655,0.07748206704854965
pid_top_drop,10,70059,7,1994,202,287,1,1,0,1,0,0.27102190626610595,0.46379716540054583,-41.72241545069799,1.5732841491699219,0.4884944558143616,0.008529002778232098,0.48867586264805285,0.12415218353271484,7.11339613375816,0.0706050917506218
pid_top_drop,10,70059,7,1995,203,87,1,0,1,0,1,nan,nan,nan,nan,nan,nan,nan,nan,nan,nan
pid_top_drop,10,70059,7,1996,204,67,1,0,1,0,1,nan,nan,nan,nan,nan,nan,nan,nan,nan,nan
pid_top_drop,10,70059,7,1997,205,437,1,1,0,1,0,0.12112657474100613,0.7657734889851496,2.545488560258692,0.8938716650009155,0.49808698892593384,0.027794037014245987,1.592481016546687,0.11414928734302521,6.540272399181451,0.08486868441104889
pid_top_drop,10,70059,7,1998,206,807,1,0,0,1,1,nan,nan,nan,nan,nan,nan,nan,nan,nan,nan
pid_top_drop,10,70059,7,1999,207,977,1,0,0,1,1,nan,nan,nan,nan,nan,nan,nan,nan,nan,nan
