method,seed,case_seed,batch_idx,case_id,env_id,sim_step,done_reached,dropped,crashed,timeout,no_drop_done,roll_deg,pitch_deg,yaw_deg,landing_error_xy_m,release_to_target_xy_m,delta_theta_rad,delta_theta_deg,delta_omega_rad_s,delta_omega_deg_s,impulse_metric
ppo_baseline,10,10,0,0,0,135,1,1,0,1,0,10.646693972540776,-1.175297971240774,-44.75977325384598,0.4130662977695465,0.3645373284816742,0.05806106701493263,3.326654093981877,0.053626883774995804,3.0725941087458515,0.08487451076507568
ppo_baseline,10,10,0,1,1,253,1,1,0,1,0,13.480320893125626,-2.621658829882674,-54.2060888005137,1.1684980392456055,0.7512357234954834,0.09848453104496002,5.64274797620134,0.2209435999393463,12.659135786951456,0.20895633101463318
ppo_baseline,10,10,0,2,2,184,1,1,0,1,0,3.7741439692956056,0.028782417162433734,-34.96244062535297,0.9220494031906128,0.25716227293014526,0.04452674835920334,2.5511947564234148,0.06173558533191681,3.537188485288585,0.07539454102516174
ppo_baseline,10,10,0,3,3,316,1,1,0,1,0,20.281905230894363,15.672483767619559,-65.46120236394087,18.495403289794922,16.985288619995117,0.17865748703479767,10.236319985507132,0.6506025791168213,37.27678192372009,0.5039587616920471
ppo_baseline,10,10,0,4,4,148,1,1,0,1,0,16.96000174692364,6.346570795640828,-59.78394912582627,3.131223678588867,3.267975330352783,0.12930633127689362,7.4087070464864775,0.3467419743537903,19.866851710505614,0.30267733335494995
ppo_baseline,10,10,0,5,5,167,1,1,0,1,0,-7.204169347827629,7.443471855588196,30.058556046580573,1.0491046905517578,0.6498640775680542,0.03996027261018753,2.2895549687559673,0.22835887968540192,13.084000020309283,0.1541397124528885
ppo_baseline,10,10,0,6,6,98,1,1,0,1,0,4.8588189906286505,-4.854748197883323,-32.063325851006034,1.8378033638000488,1.9356147050857544,0.03958814963698387,2.268233892931538,0.24229159951210022,13.88228606351734,0.16073395311832428
ppo_baseline,10,10,0,7,7,445,1,1,0,1,0,-17.00636507100969,39.37063105530086,64.46959550023841,4.12014102935791,3.8488543033599854,0.27996137738227844,16.040605350673857,1.2992525100708008,74.44168534883538,0.9295876026153564
ppo_baseline,10,10,0,8,8,104,1,1,0,1,0,7.411055777787316,3.7127678894138714,-14.375321561207416,2.499030351638794,2.3211662769317627,0.025513295084238052,1.4618041297987105,0.41949012875556946,24.035013925093622,0.23525835573673248
ppo_baseline,10,10,0,9,9,142,1,1,0,1,0,5.050501419495888,0.4468992773939343,-18.11547850919304,0.7613312602043152,0.22135262191295624,0.030884772539138794,1.769567117714196,0.09393647313117981,5.38216345276066,0.0778530091047287
ppo_baseline,10,10,0,10,10,202,1,1,0,1,0,-9.720411038060327,35.785519401474524,67.92564389950819,0.7087303400039673,0.6640025973320007,0.20088419318199158,11.509816440218824,1.124124526977539,64.40759104295304,0.7629464864730835
ppo_baseline,10,10,0,11,11,176,1,1,0,1,0,-8.242412743182927,-7.660262059844401,59.01235631566827,6.690229892730713,5.317490100860596,0.13786382973194122,7.899015591150428,0.38701480627059937,22.17431500837853,0.3313712477684021
ppo_baseline,10,10,0,12,12,168,1,1,0,1,0,-30.950769997481,17.062755112797312,67.73601052739195,2.352020740509033,2.3062946796417236,0.20567354559898376,11.784226120313257,1.2500866651535034,71.6246899388795,0.8307168483734131
ppo_baseline,10,10,0,13,13,133,1,1,0,1,0,-22.868743756388312,15.96749329825075,63.014792527782376,1.8968416452407837,0.4194621443748474,0.13642998039722443,7.816862075813514,0.664413571357727,38.06809349001192,0.46863675117492676
ppo_baseline,10,10,0,14,14,169,1,1,0,1,0,-7.604418433190376,0.6082829871029956,-5.3984858973296985,1.8451220989227295,0.5569794178009033,0.05127229169011116,2.937685919807052,0.16517260670661926,9.46369325546352,0.1338585913181305
ppo_baseline,10,10,0,15,15,112,1,1,0,1,0,-13.473627307739013,-0.9182096508814942,16.59959998517875,2.031827449798584,1.340984582901001,0.05288214236497879,3.0299235691232544,0.19541889429092407,11.196677879983127,0.15059158205986023
ppo_baseline,10,10,0,16,16,152,1,1,0,1,0,-20.047110647986006,9.821156328318015,52.059988721782325,1.0228867530822754,1.2082176208496094,0.08933703601360321,5.118635117787704,0.48765116930007935,27.940353875514127,0.3331626057624817
ppo_baseline,10,10,0,17,17,58,1,1,0,1,0,-10.380316594910278,-0.1408248403073229,4.346131331149153,1.3574153184890747,3.771700143814087,0.036521974951028824,2.092555024176463,0.1327117681503296,7.603824206732585,0.10287785530090332
ppo_baseline,10,10,0,18,18,87,1,1,0,1,0,-3.697277020376282,7.4913514816699855,-50.73181745653833,1.4645334482192993,1.3370156288146973,0.03550362586975098,2.0342079197482175,0.22789737582206726,13.057557796711224,0.1494523137807846
ppo_baseline,10,10,0,19,19,204,1,1,0,1,0,-25.976206621177315,3.676322000002683,69.03369182818102,4.756425857543945,5.002470016479492,0.1976589858531952,11.325025672224129,0.8759557604789734,50.188568115617606,0.6356368660926819
ppo_baseline,10,10,0,20,20,171,1,1,0,1,0,5.674370898284853,8.269146103594357,-51.82295383682621,2.1061229705810547,3.214262008666992,0.047619376331567764,2.7283892868439974,0.22906050086021423,13.124199952443039,0.16214962303638458
ppo_baseline,10,10,0,21,21,153,1,1,0,1,0,3.5007451571983355,0.46173444827120197,-32.516686487354804,1.0865521430969238,1.8565804958343506,0.04217061772942543,2.4161984153556397,0.09435004740953445,5.4058595134255505,0.08934564143419266
ppo_baseline,10,10,0,22,22,120,1,1,0,1,0,-3.7614807985744023,-2.744766159482984,-37.008273527068546,0.11764170974493027,1.864750862121582,0.02067561261355877,1.184625341604367,0.21517381072044373,12.328551216028254,0.12826251983642578
ppo_baseline,10,10,0,23,23,397,1,1,0,1,0,38.660591909943015,39.43913785267609,97.54096165008995,5.916201114654541,4.213797092437744,0.31101348996162415,17.81976034643546,0.8277750015258789,47.42801397386814,0.7249009609222412
ppo_baseline,10,10,0,24,24,167,1,1,0,1,0,-4.394010957230943,11.210280201715207,41.25986137972639,0.7464735507965088,0.8431848287582397,0.053096212446689606,3.042188881325305,0.2588355839252472,14.830186546720878,0.1825140118598938
ppo_baseline,10,10,0,25,25,74,1,1,0,1,0,12.090090529082891,-3.6921407181204327,-17.51097944689023,1.4129494428634644,3.2891457080841064,0.050516560673713684,2.8943857221203446,0.03154992684721947,1.8076776522921632,0.06629152595996857
ppo_baseline,10,10,0,26,26,121,1,1,0,1,0,6.970194387619673,5.198429656540025,10.442635240897475,1.0134631395339966,0.33955296874046326,0.01895383559167385,1.0859747849877572,0.11257510632276535,6.450078470530963,0.07524138689041138
ppo_baseline,10,10,0,27,27,90,1,1,0,1,0,11.764700317023483,-2.0560098835788985,-35.93828341245103,1.3032283782958984,2.019766330718994,0.05867588520050049,3.361880581182806,0.042681336402893066,2.4454604398638553,0.08001655340194702
ppo_baseline,10,10,0,28,28,92,1,1,0,1,0,15.492986396231624,1.0192554694626628,-25.773923738718217,0.9183992147445679,2.5994980335235596,0.04171226918697357,2.3899369783271753,0.10923292487859726,6.258585579413193,0.0963287353515625
ppo_baseline,10,10,0,29,29,143,1,1,0,1,0,-4.234840228812966,-3.9373718300805707,36.05596757185035,1.3973549604415894,0.36048123240470886,0.026122301816940308,1.4966976452776015,0.06117478385567665,3.5050569275553176,0.056709691882133484
ppo_baseline,10,10,0,30,30,163,1,1,0,1,0,15.139729012358563,4.193818112657869,-40.875799842696566,5.219015121459961,5.235302925109863,0.07228589057922363,4.141676448533992,0.18918967247009277,10.839769759998696,0.16688072681427002
ppo_baseline,10,10,0,31,31,206,1,1,0,1,0,11.177864123914327,1.1568701208600798,-48.55571918697227,0.7746622562408447,1.0561543703079224,0.06614041328430176,3.7895665364414945,0.10222451388835907,5.857033208579443,0.11725267022848129
ppo_baseline,10,10,0,32,32,126,1,1,0,1,0,3.8076801981203685,-0.558723134485383,-39.16164092707681,4.219620704650879,4.5383524894714355,0.05006211996078491,2.86834818723061,0.06331957876682281,3.627944623885129,0.08172190934419632
ppo_baseline,10,10,0,33,33,223,1,1,0,1,0,36.43319891971016,16.807811471837418,-82.4699033596467,6.292514324188232,6.126196384429932,0.27765601873397827,15.908518029862273,1.086944580078125,62.2773370030961,0.8211283087730408
ppo_baseline,10,10,0,34,34,183,1,1,0,1,0,19.34280886153097,1.8992160609920856,-66.9691442081396,1.4411219358444214,1.1069406270980835,0.12909913063049316,7.396835323935349,0.4367271363735199,25.02262171303703,0.3474627137184143
ppo_baseline,10,10,0,35,35,340,1,1,0,1,0,57.670415389057524,33.741995103698414,96.9335119460657,7.772650718688965,6.011868953704834,0.2887862026691437,16.546230594551563,0.6002430319786072,34.3913924145103,0.5889077186584473
ppo_baseline,10,10,0,36,36,59,1,1,0,1,0,-8.742054741347701,0.1444175198107496,-15.832665364034698,0.5593115091323853,3.355151653289795,0.025764137506484985,1.4761763419162983,0.20180383324623108,11.562507934570888,0.12666605412960052
ppo_baseline,10,10,0,37,37,208,1,1,0,1,0,29.347751920035687,12.952033081581819,-68.06017130540076,7.899989128112793,7.39888858795166,0.2392197549343109,13.706282333889865,1.1046324968338013,63.290779981575085,0.7915359735488892
ppo_baseline,10,10,0,38,38,202,1,1,0,1,0,-5.228332224726341,2.393749077657689,-7.155155910343618,0.43081364035606384,0.11230123043060303,0.030068157240748405,1.7227785076306104,0.16986636817455292,9.732625977617248,0.11500134319067001
ppo_baseline,10,10,0,39,39,130,1,1,0,1,0,6.8138923386531,-5.0204212663911525,-42.032342114476485,1.0036277770996094,1.7395256757736206,0.06015491113066673,3.4466225247717426,0.07483456283807755,4.287704612328395,0.0975721925497055
ppo_baseline,10,10,0,40,40,130,1,1,0,1,0,9.630033974962718,0.36316115816957795,-19.290762820055473,0.8753032088279724,0.09099563211202621,0.02979414165019989,1.7070785707713956,0.12975400686264038,7.434356968140814,0.09467114508152008
ppo_baseline,10,10,0,41,41,172,1,1,0,1,0,14.804462346759317,-1.1786857450691004,-55.463827155036526,1.1111730337142944,0.5905601382255554,0.09466954320669174,5.424165274174831,0.24841465055942535,14.233111046272228,0.21887686848640442
ppo_baseline,10,10,0,42,42,108,1,1,0,1,0,-13.110042677840894,-4.062828744755365,33.26516593736148,2.7118608951568604,0.28419286012649536,0.04347134381532669,2.490724530380353,0.1361643522977829,7.801642706795433,0.11155351996421814
ppo_baseline,10,10,0,43,43,95,1,1,0,1,0,-10.078203667542274,1.4706763320871454,1.6868791400747292,1.1768327951431274,2.130258560180664,0.03427284210920334,1.9636892047755978,0.27641087770462036,15.837176703981491,0.17247828841209412
ppo_baseline,10,10,0,44,44,176,1,1,0,1,0,-2.5318281819186668,5.636900480498163,16.37593861061751,0.4669997990131378,0.9006618857383728,0.035479508340358734,2.032826087101759,0.19332320988178253,11.07660400814795,0.13214111328125
ppo_baseline,10,10,0,45,45,126,1,1,0,1,0,-11.871647419047543,-4.242872531276901,46.79250585273348,1.7786476612091064,0.26844164729118347,0.05064612627029419,2.901809283974502,0.1177682876586914,6.747625843325637,0.10953027009963989
ppo_baseline,10,10,0,46,46,186,1,1,0,1,0,-2.392656247390487,2.8305396750800043,-9.226014625178124,0.7116260528564453,0.38511013984680176,0.003763297339901328,0.2156210546291557,0.34303969144821167,19.654726525452528,0.17528314888477325
ppo_baseline,10,10,0,47,47,266,1,1,0,1,0,-3.4810605520103586,6.962435292722538,-32.30861160447954,1.7691019773483276,1.366974949836731,0.046609845012426376,2.6705474029709215,0.19072294235229492,10.9276196531034,0.14197131991386414
ppo_baseline,10,10,0,48,48,104,1,1,0,1,0,7.371672907033022,-1.7060309905074449,22.245475334246308,1.1003446578979492,2.176743507385254,0.034406762570142746,1.9713622819778724,0.03871558606624603,2.218239682971395,0.05376455560326576
ppo_baseline,10,10,0,49,49,110,1,1,0,1,0,-3.917263753164053,-4.241943625549779,65.45388040115061,3.1260242462158203,1.1972743272781372,0.05945051461458206,3.406263577296372,0.15374760329723358,8.809088779183144,0.13632431626319885
ppo_baseline,10,10,0,50,50,158,1,1,0,1,0,11.006057545531826,-4.057146027365914,-43.379528626369805,0.7271583080291748,0.055294547230005264,0.05507447570562363,3.1555350168280203,0.04205472022294998,2.4095579773785065,0.07610183954238892
ppo_baseline,10,10,0,51,51,101,1,1,0,1,0,-12.918305607460297,-1.3453423608174115,19.60568918230642,2.9350178241729736,1.314475417137146,0.034443199634552,1.9734499719863692,0.14955860376358032,8.569076785522542,0.10922250151634216
ppo_baseline,10,10,0,52,52,406,1,1,0,1,0,0.9778235419573654,6.619710060549638,22.90483447596266,1.9131492376327515,1.2216722965240479,0.026057546958327293,1.4929874651761095,0.15036627650260925,8.61535302469667,0.10124068707227707
ppo_baseline,10,10,0,53,53,153,1,1,0,1,0,9.96355211213444,4.075136745639727,-36.534258398669664,1.4219683408737183,0.7391805052757263,0.05284391716122627,3.0277334262772078,0.08985565602779388,5.148349855771845,0.09777174890041351
ppo_baseline,10,10,0,54,54,101,1,1,0,1,0,-3.8598901641359458,0.7629731114254443,-0.3729966305743963,6.176823616027832,6.622363090515137,0.03864046931266785,2.2139358100206405,0.15193477272987366,8.705221238701114,0.11460785567760468
ppo_baseline,10,10,0,55,55,161,1,1,0,1,0,-4.330298952653064,2.606413847655206,6.625433759074109,0.8294690847396851,0.3540315628051758,0.03805791586637497,2.1805579562072577,0.17150923609733582,9.826755375890132,0.12381253391504288
ppo_baseline,10,10,0,56,56,294,1,1,0,1,0,14.656233581391701,-1.9498414231202201,-60.785200216636774,1.2623467445373535,0.6640375256538391,0.10960976034402847,6.2801766611532495,0.26296287775039673,15.066663063712353,0.24109119176864624
ppo_baseline,10,10,0,57,57,114,1,1,0,1,0,13.30045469152251,-2.5387676541153996,-32.19178804891564,1.5051230192184448,0.9554356336593628,0.03772967308759689,2.1617510303276277,0.03254313766956329,1.8645844405791823,0.05400124192237854
ppo_baseline,10,10,0,58,58,93,1,1,0,1,0,-8.524800084227934,1.132950798386695,-5.099159687143059,0.9280553460121155,1.3047276735305786,0.059531643986701965,3.410911947913389,0.1772828847169876,10.157561074187713,0.14817309379577637
ppo_baseline,10,10,0,59,59,114,1,1,0,1,0,10.110332877398015,-1.083664153335883,-30.68237088385618,0.7267976403236389,0.9378442168235779,0.04659748822450638,2.669839411174767,0.08290685713291168,4.750213006409925,0.08805091679096222
ppo_baseline,10,10,0,60,60,152,1,1,0,1,0,-13.287791520801306,-8.179356436765369,58.786331695654205,1.6702630519866943,1.1399976015090942,0.10809388011693954,6.193323121893721,0.34519073367118835,19.77797216638353,0.2806892395019531
ppo_baseline,10,10,0,61,61,128,1,1,0,1,0,-13.495101422489533,-7.138763456335587,64.57423399832301,1.4210566282272339,1.6984044313430786,0.11854343861341476,6.792038721516821,0.3782968521118164,21.674813029091744,0.30769187211990356
ppo_baseline,10,10,0,62,62,147,1,1,0,1,0,25.06462225379073,7.357834943774576,-68.36321313849588,2.3249223232269287,0.6101569533348083,0.1510205864906311,8.652842225503578,0.5437924861907959,31.157014389658706,0.42291682958602905
ppo_baseline,10,10,0,63,63,76,1,1,0,1,0,9.483253209699145,1.4048469688665626,-0.7554325825817503,1.7651252746582031,3.7445874214172363,0.00485337944701314,0.2780781586893903,0.09630601108074188,5.51792797666665,0.053006384521722794
ppo_baseline,10,10,0,64,64,111,1,1,0,1,0,23.893436056430307,24.85998978625715,-69.56445216820437,6.505307674407959,7.805661678314209,0.19347220659255981,11.085140890836819,0.8572070002555847,49.11434328371468,0.6220756769180298
ppo_baseline,10,10,0,65,65,70,1,1,0,1,0,-2.3490523197291253,-7.931338607623867,30.486002945218313,2.344284772872925,1.9412753582000732,0.051008425652980804,2.9225675095226404,0.07710804790258408,4.417965711310647,0.08956244587898254
ppo_baseline,10,10,0,66,66,85,1,1,0,1,0,-4.269482948283271,6.4498432558914205,-12.590456527299684,0.9877067804336548,2.471766948699951,0.05249467492103577,3.0077233198865976,0.20168165862560272,11.555507844445271,0.15333551168441772
ppo_baseline,10,10,0,67,67,90,1,1,0,1,0,-3.550947047597929,4.282938420948196,-29.849579578734865,1.3502392768859863,2.4032139778137207,0.07007825374603271,4.015188175294526,0.22199521958827972,12.719389154488368,0.18107587099075317
ppo_baseline,10,10,0,68,68,154,1,1,0,1,0,26.815910077738682,-11.187426388752344,-76.1895170970633,7.637321472167969,6.525650978088379,0.260883629322052,14.947530904208989,0.8961049318313599,51.34303059479526,0.7089360952377319
ppo_baseline,10,10,0,69,69,73,1,1,0,1,0,2.345814810062539,2.590499506889076,10.286961569334544,0.8961749076843262,2.1213059425354004,0.043433815240859985,2.4885743014522683,0.16195903718471527,9.279569284686547,0.12441333383321762
ppo_baseline,10,10,0,70,70,121,1,1,0,1,0,13.081601770136961,14.192135887667675,-58.46774435200813,7.589088439941406,7.124915599822998,0.11074239015579224,6.34507156911801,0.3810703158378601,21.833720795226675,0.3012775480747223
ppo_baseline,10,10,0,71,71,386,1,1,0,1,0,0.25259405588541156,5.037387456289464,17.36070162477161,0.9658373594284058,0.6752854585647583,0.01714000478386879,0.9820499349497224,0.13954564929008484,7.995376753734614,0.08691282570362091
ppo_baseline,10,10,0,72,72,164,1,1,0,1,0,-7.6885663637649335,18.778730858736296,63.38635481863108,0.8390547633171082,1.0052827596664429,0.08730503916740417,5.002210274516606,0.38131189346313477,21.847562173579707,0.27796098589897156
ppo_baseline,10,10,0,73,73,185,1,1,0,1,0,5.622625385132837,2.879717037104096,-3.0152962921288493,0.8974181413650513,1.3016619682312012,0.019259456545114517,1.1034855757506716,0.08844286948442459,5.0674031494839085,0.06348089128732681
ppo_baseline,10,10,0,74,74,168,1,1,0,1,0,36.53649870071743,13.07520871307383,-69.34167871823523,2.626662492752075,3.283517360687256,0.2618942856788635,15.005437247992358,1.140464425086975,65.34379824229752,0.8321264982223511
ppo_baseline,10,10,0,75,75,214,1,1,0,1,0,-7.217665801627574,2.235821443668654,-21.321022890463425,0.23547524213790894,0.45589715242385864,0.016486937180161476,0.9446319175205712,0.20329026877880096,11.647674417105423,0.11813206970691681
ppo_baseline,10,10,0,76,76,140,1,1,0,1,0,20.236812321993938,52.32972655248447,-105.88258972115649,8.728487968444824,9.126199722290039,0.5452855825424194,31.242562509013116,0.9336730241775513,53.49552373058976,1.0121221542358398
ppo_baseline,10,10,0,77,77,119,1,1,0,1,0,-6.707314066844222,-4.66011512729464,36.05223828856352,1.7776193618774414,0.7087486982345581,0.053036823868751526,3.038786166458169,0.09786760061979294,5.607400466586055,0.1019706279039383
ppo_baseline,10,10,0,78,78,83,1,1,0,1,0,-5.330293288656291,0.23427548853143737,-2.900494472559275,0.7296046614646912,2.244868278503418,0.042827341705560684,2.45382592749324,0.1714278906583786,9.822094625555245,0.12854129076004028
ppo_baseline,10,10,0,79,79,483,1,1,0,1,0,-13.759675630179148,16.159244029009688,63.575223209560264,3.7770369052886963,2.4688918590545654,0.14225047826766968,8.15035203845491,0.8041689991950989,46.07548966913846,0.5443350076675415
ppo_baseline,10,10,0,80,80,249,1,1,0,1,0,26.20011388254867,11.321762549348156,-68.92427219767741,1.1399685144424438,0.30633223056793213,0.22975942492485046,13.164245351546823,1.066278338432312,61.09324857839352,0.7628985643386841
ppo_baseline,10,10,0,81,81,167,1,1,0,1,0,16.49803507222066,-3.3272446919016714,-50.73717232484762,2.034027338027954,1.1137099266052246,0.07476813346147537,4.283898489413406,0.12990181148052216,7.442825548937983,0.13971903920173645
ppo_baseline,10,10,0,82,82,53,1,1,0,1,0,-5.080800138654065,1.19447714243017,2.643488114470035,0.8249707221984863,3.0738584995269775,0.05549870431423187,3.17984152564998,0.22363482415676117,12.813331576332724,0.16731610894203186
ppo_baseline,10,10,0,83,83,105,1,1,0,1,0,-5.944354615797117,-3.27293102762173,24.863186314788717,1.4286710023880005,0.5962783098220825,0.06326354295015335,3.6247340080884,0.10115072131156921,5.795509425856907,0.11383890360593796
ppo_baseline,10,10,0,84,84,82,1,1,0,1,0,-8.74112583562058,2.830430392053284,-4.173040677202691,1.5121294260025024,2.206319570541382,0.04031810536980629,2.3100572756536417,0.2479366809129715,14.20572540279506,0.16428644955158234
ppo_baseline,10,10,0,85,85,60,1,1,0,1,0,-6.460443709483281,-1.391131949013177,-20.902851388718563,0.6839078068733215,3.2830097675323486,0.00869714841246605,0.4983098978332087,0.2164546698331833,12.401939037339101,0.1169244796037674
ppo_baseline,10,10,0,86,86,168,1,1,0,1,0,21.911205876265885,-13.69137373847902,-82.66453643023539,12.519843101501465,10.616751670837402,0.25666487216949463,14.705813924576823,0.8807913661003113,50.465627909110005,0.6970605850219727
ppo_baseline,10,10,0,87,87,176,1,1,0,1,0,-30.499103248046396,30.304251611404272,61.52575664720624,2.0669009685516357,2.5436058044433594,0.24415969848632812,13.989320250453316,1.0072952508926392,57.71376659971959,0.7478073239326477
ppo_baseline,10,10,0,88,88,91,1,1,0,1,0,-9.59888831234746,-3.377842733273126,14.100010296142543,2.330261468887329,1.0567301511764526,0.058563560247421265,3.355444835437362,0.1533454954624176,8.786049697339045,0.13523630797863007
ppo_baseline,10,10,0,89,89,215,1,1,0,1,0,-26.664143274380997,37.31880124749401,61.37008297564331,5.8625593185424805,5.237354278564453,0.24891546368598938,14.261805524749096,1.143456220626831,65.51521549989732,0.8206435441970825
ppo_baseline,10,10,0,90,90,129,1,1,0,1,0,-6.475797974737469,-2.8821895655836407,31.145553332231426,1.260745882987976,0.5097198486328125,0.06629413366317749,3.798374065376226,0.14043885469436646,8.046553653638227,0.13651356101036072
ppo_baseline,10,10,0,91,91,173,1,1,0,1,0,17.92951977885027,-0.30480402190098904,-69.5716648479679,1.4870293140411377,1.7632777690887451,0.13505195081233978,7.7379067965554595,0.43853291869163513,25.126085418584385,0.35431841015815735
ppo_baseline,10,10,0,92,92,83,1,1,0,1,0,8.985892494717156,1.1765274052913763,9.72187269854271,0.032379865646362305,2.7095980644226074,0.022339683026075363,1.2799695530541617,0.08406032621860504,4.816301916818968,0.06436984241008759
ppo_baseline,10,10,0,93,93,88,1,1,0,1,0,-4.000428136498128,4.679827053239297,-20.983775470004872,1.0728135108947754,1.3051419258117676,0.06241806969046593,3.5762919586171424,0.1978803277015686,11.337707625965551,0.16135823726654053
ppo_baseline,10,10,0,94,94,99,1,1,0,1,0,5.2287966775899015,-0.21847043079202785,-36.251324642491056,2.066330671310425,3.453842878341675,0.04522079974412918,2.590960971544875,0.037899427115917206,2.1714772197057255,0.06417050957679749
ppo_baseline,10,10,0,95,95,96,1,1,0,1,0,-8.03466570938782,-0.3673685546983058,9.34705923764909,0.856257975101471,1.837135672569275,0.05479905754327774,3.139754718524352,0.14184355735778809,8.127037187723072,0.1257208287715912
ppo_baseline,10,10,0,96,96,218,1,1,0,1,0,-21.75323726114183,-6.286191923377915,71.67918801826704,4.486137390136719,3.662384510040283,0.1855546087026596,10.63149594786385,0.7940841317176819,45.497669325733725,0.5825966596603394
ppo_baseline,10,10,0,97,97,83,1,1,0,1,0,-10.566972004548386,0.9838067876702966,11.507830562717643,1.6675746440887451,2.006316661834717,0.051126863807439804,2.9293535159064596,0.19134657084941864,10.963350933972675,0.14680014550685883
ppo_baseline,10,10,0,98,98,132,1,1,0,1,0,8.042274540123215,-4.538373835528333,-56.61430421883347,0.2798733115196228,1.4367477893829346,0.0776531919836998,4.449200166385116,0.09950951486825943,5.70147522334558,0.1274079531431198
ppo_baseline,10,10,0,99,99,200,1,1,0,1,0,12.35232881207636,-4.050752970302782,-54.541806258598164,0.7096310257911682,0.8744670748710632,0.08512292802333832,4.877184515533169,0.14893949031829834,8.533604198068081,0.1595926731824875
ppo_baseline,10,10,0,100,100,119,1,1,0,1,0,-4.009771835282706,-2.0363389387692616,-33.08233543365858,0.22404000163078308,0.8099158406257629,0.017287597060203552,0.9905063494724329,0.2254454344511032,12.917071904541464,0.13001030683517456
ppo_baseline,10,10,0,101,101,123,1,1,0,1,0,-3.5191456868223496,1.3810915709332583,6.112513873162831,3.591963768005371,4.4636359214782715,0.04712642729282379,2.700145387408937,0.140122652053833,8.028436576864769,0.1171877533197403
ppo_baseline,10,10,0,102,102,123,1,1,0,1,0,-5.50684001832278,-6.671742441646795,43.99882187841486,0.8331902623176575,0.4753071069717407,0.045383185148239136,2.600264969854902,0.04463908448815346,2.5576311424990936,0.06770272552967072
ppo_baseline,10,10,0,103,103,286,1,1,0,1,0,-0.010013057323238693,8.53863804748638,35.62506459749259,0.8075652122497559,0.9253588914871216,0.036019645631313324,2.0637736742310873,0.17874933779239655,10.241582646262625,0.1253943145275116
ppo_baseline,10,10,0,104,104,93,1,1,0,1,0,-6.7794408644795565,-0.16699812520681176,1.024692300041993,0.8250719904899597,1.4532395601272583,0.060154080390930176,3.4465749268909645,0.1503930389881134,8.616886402165338,0.13535059988498688
ppo_baseline,10,10,0,105,105,98,1,1,0,1,0,-9.198803151524793,-4.724810679113,24.755296646659193,3.26474666595459,0.6340347528457642,0.03503316268324852,2.0072523647453506,0.08812964707612991,5.0494568274397,0.07909798622131348
ppo_baseline,10,10,0,106,106,86,1,1,0,1,0,-6.206633879925607,3.957971680617329,-1.311792471614309,1.2484313249588013,4.094764232635498,0.04331324249505997,2.4816659919936237,0.18154092133045197,10.4015286011514,0.13408370316028595
ppo_baseline,10,10,0,107,107,148,1,1,0,1,0,12.976116328595284,-2.1140391707673265,-36.6629391626327,1.0993812084197998,0.02897510677576065,0.042473066598176956,2.4335274590536082,0.09663867205381393,5.536988046432394,0.09079240262508392
ppo_baseline,10,10,0,108,108,155,1,1,0,1,0,-5.588693005336213,6.272736450712991,15.044639118733647,0.5998532176017761,0.7386002540588379,0.028405388817191124,1.6275088946531568,0.19612029194831848,11.23686500551219,0.12646552920341492
ppo_baseline,10,10,0,109,109,221,1,1,0,1,0,16.442601256916834,0.852230023499171,-65.33175661879079,0.2768201231956482,0.05725959688425064,0.12591663002967834,7.214491471210811,0.3706388473510742,21.236041676810125,0.31123605370521545
ppo_baseline,10,10,0,110,110,156,1,1,0,1,0,-16.463938767883956,-2.960654778768747,64.1962513296545,0.31912365555763245,0.911409318447113,0.12183050066232681,6.980373503917107,0.47011440992355347,26.93557157690272,0.35688769817352295
ppo_baseline,10,10,0,111,111,90,1,1,0,1,0,5.492073149337213,-0.5034805644783199,-21.867711231631244,0.642554521560669,2.442403793334961,0.05311957001686096,3.0435271715158043,0.06880702823400497,3.942352318645979,0.08752308785915375
ppo_baseline,10,10,0,112,112,128,1,1,0,1,0,21.365296176663445,-7.384978115536207,-74.99155655815642,1.7097718715667725,0.75909423828125,0.15383362770080566,8.814017614442955,0.49439242482185364,28.326599365531052,0.4010298252105713
ppo_baseline,10,10,0,113,113,234,1,1,0,1,0,32.165792348934566,-8.496386497280682,-86.67183573703855,9.414129257202148,7.8350982666015625,0.2887732982635498,16.54549122657391,0.9883385896682739,56.627629917904166,0.7829425930976868
ppo_baseline,10,10,0,114,114,224,1,1,0,1,0,-14.513783156061915,26.505163791259783,71.26893953595939,1.534082055091858,1.584121584892273,0.15700657665729523,8.995814198260245,0.9564051628112793,54.79797933360866,0.6352091431617737
ppo_baseline,10,10,0,115,115,72,1,1,0,1,0,-10.727126280206846,1.2579979017112886,9.404692373865657,1.1830657720565796,1.5480455160140991,0.02632025256752968,1.5080393878378193,0.23817922174930573,13.646664173945762,0.14540986716747284
ppo_baseline,10,10,0,116,116,215,1,1,0,1,0,37.39279951696193,35.00096289227184,-70.54668801236556,7.905134677886963,7.381282806396484,0.3096071779727936,17.73918460479682,1.1220892667770386,64.29097922325342,0.8706518411636353
ppo_baseline,10,10,0,117,117,137,1,1,0,1,0,-4.881303973376332,-2.080981055184465,25.414491863835465,0.8216770887374878,0.9275378584861755,0.05575724318623543,3.194654711855857,0.16902323067188263,9.68431775716504,0.14026886224746704
ppo_baseline,10,10,0,118,118,114,1,1,0,1,0,10.703384542651882,-5.953862239121775,-54.040306448979145,1.3954752683639526,0.8633814454078674,0.05021608620882034,2.877169803430504,0.11450047791004181,6.560394136476309,0.10746632516384125
ppo_baseline,10,10,0,119,119,75,1,1,0,1,0,8.846133163920355,-0.789037113298213,18.102528470526696,2.068826675415039,1.7564746141433716,0.0067311967723071575,0.3856691661252823,0.27290475368499756,15.63629059520766,0.14318357408046722
ppo_baseline,10,10,0,120,120,191,1,1,0,1,0,0.2723742837217685,3.164863774573788,-8.246346932144855,0.18342958390712738,0.23962891101837158,0.029480695724487305,1.6891194421224933,0.13238127529621124,7.584888361032371,0.09567133337259293
ppo_baseline,10,10,0,121,121,113,1,1,0,1,0,27.225147692049166,-4.232326719198401,-76.3686319778577,5.454064846038818,4.97839879989624,0.24051007628440857,13.780212301466083,1.0436015129089355,59.7939621831495,0.7623108625411987
ppo_baseline,10,10,0,122,122,130,1,1,0,1,0,-1.415720630025223,4.139149278541087,-39.890012300166966,3.32541823387146,4.62495756149292,0.03160841763019562,1.811028927297112,0.18841207027435303,10.795216436042702,0.12581445276737213
ppo_baseline,10,10,0,123,123,47,1,1,0,1,0,3.1456982637627324,5.214535242602914,17.262087353534966,1.6319222450256348,3.466343879699707,0.03429551422595978,1.9649882213783696,0.22554242610931396,12.922629117204915,0.14706672728061676
ppo_baseline,10,10,0,124,124,122,1,1,0,1,0,-12.316757186878933,1.2248714842367268,-13.769675027124046,1.6597908735275269,0.8480855226516724,0.03144083917140961,1.8014273888713668,0.38720807433128357,22.185388452570415,0.2250448763370514
ppo_baseline,10,10,0,125,125,138,1,1,0,1,0,14.287936120966274,-0.6167524216738114,-48.205357803307294,0.8625984191894531,0.43122339248657227,0.05848933383822441,3.351191975461971,0.13525572419166565,7.7495821511679495,0.12611719965934753
ppo_baseline,10,10,0,126,126,171,1,1,0,1,0,4.399680014242054,0.5904288726125823,18.670472360391596,0.407596617937088,0.3857049345970154,0.033660273998975754,1.9285916373952525,0.19590871036052704,11.224742273509063,0.13161462545394897
ppo_baseline,10,10,0,127,127,169,1,1,0,1,0,-4.116869201468505,1.335342963872513,10.342409045016709,0.6030607223510742,0.29809921979904175,0.04069124907255173,2.3314368349728394,0.11181142181158066,6.406322571160569,0.09659695625305176
ppo_baseline,10,10,0,128,128,141,1,1,0,1,0,-13.345055826802692,-4.150583015211689,50.81604734938293,0.2981165051460266,1.5332772731781006,0.07922989130020142,4.53953838278182,0.2662515640258789,15.25509090744008,0.21235567331314087
ppo_baseline,10,10,0,129,129,178,1,1,0,1,0,-0.14546936894293158,1.3563389653811322,17.793612674745358,0.3849831819534302,0.5042257905006409,0.0445401594042778,2.551963152705041,0.1159784346818924,6.645074821806126,0.102529376745224
ppo_baseline,10,10,0,130,130,50,1,1,0,1,0,9.530927930105833,3.9625888884962577,18.10892152758983,0.7307271957397461,3.3502891063690186,0.02213902585208416,1.2684727438554435,0.14312702417373657,8.200574419422015,0.0937025398015976
ppo_baseline,10,10,0,131,131,143,1,1,0,1,0,12.93012183472442,-0.05214166412387734,-47.63025587519222,0.8598245978355408,0.9793630838394165,0.06272140890359879,3.5936720152904744,0.09617776423692703,5.510579973780185,0.1108102947473526
ppo_baseline,10,10,0,132,132,153,1,1,0,1,0,-15.204233318880163,19.233908325404286,55.20955287261529,0.9785109162330627,0.2351633608341217,0.10032347589731216,5.748111754998426,0.7432231903076172,42.58355204087486,0.47193506360054016
ppo_baseline,10,10,0,133,133,181,1,1,0,1,0,-6.6386296845505735,5.5440099077859895,19.269124780764873,0.6727316975593567,0.6868374347686768,0.023297922685742378,1.334872641315134,0.6298866271972656,36.08984531013361,0.33824124932289124
ppo_baseline,10,10,0,134,134,92,1,1,0,1,0,-8.23891568632788,2.3851566996818128,20.523243135027595,1.0135473012924194,0.8687977194786072,0.05458175018429756,3.1273039239976534,0.08361943066120148,4.791040462173675,0.0963914692401886
ppo_baseline,10,10,0,135,135,211,1,1,0,1,0,-6.2248295038745205,11.309331605058732,36.91240499187825,0.44846802949905396,0.43198132514953613,0.04849187284708023,2.7783796548227326,0.23247112333774567,13.319614225918041,0.16472743451595306
ppo_baseline,10,10,0,136,136,112,1,1,0,1,0,-8.036960652948943,-1.2333818999425625,31.983330675446847,0.6810140013694763,0.7900908589363098,0.0575176440179348,3.2955182497635507,0.1515076607465744,8.680749524678605,0.1332714706659317
ppo_baseline,10,10,0,137,137,216,1,1,0,1,0,44.6633992846571,38.2544825222724,95.60924754902695,3.9943289756774902,2.87709903717041,0.2689678966999054,15.410725305415282,0.6462736129760742,37.02875043420025,0.5921046733856201
ppo_baseline,10,10,0,138,138,82,1,1,0,1,0,0.9287964440950139,-0.8321492673393335,23.71318736423367,1.5053801536560059,1.9549760818481445,0.05687401443719864,3.258640991217594,0.10235411673784256,5.864458904867716,0.10805107653141022
ppo_baseline,10,10,0,139,139,160,1,1,0,1,0,1.7044327262416619,8.698368851416298,38.86056618846265,5.332887172698975,5.431329250335693,0.0426911860704422,2.4460247842440275,0.17195338010787964,9.852202953190307,0.12866787612438202
ppo_baseline,10,10,0,140,140,84,1,1,0,1,0,-10.039626759110043,3.005665725399131,-8.116518696401252,1.0431095361709595,2.6471235752105713,0.029710566624999046,1.7022900745546878,0.23277753591537476,13.337170373405913,0.14609932899475098
ppo_baseline,10,10,0,141,141,122,1,1,0,1,0,13.580629051276434,-4.373301823667465,-55.19493626779146,0.4652044475078583,0.3195851445198059,0.05714716762304306,3.274291515927032,0.08115136623382568,4.64963078691867,0.0977228507399559
ppo_baseline,10,10,0,142,142,97,1,1,0,1,0,-9.308577951865237,0.16660197423495102,-7.378803624526515,0.4240524470806122,1.9684476852416992,0.03028710000216961,1.7353230038149852,0.17990343272686005,10.307707415164812,0.12023881822824478
ppo_baseline,10,10,0,143,143,267,1,1,0,1,0,2.0989854338366185,4.517910588774974,10.062207364506104,0.3463651239871979,0.8436024785041809,0.018619287759065628,1.0668066061340569,0.12883414328098297,7.381652667184056,0.08303636312484741
ppo_baseline,10,10,0,144,144,209,1,1,0,1,0,-8.503653818557575,10.025119437312936,51.48005101973489,0.8466424345970154,1.065552830696106,0.04836547374725342,2.7711375198684034,0.27781790494918823,15.917793426755152,0.18727442622184753
ppo_baseline,10,10,0,145,145,147,1,1,0,1,0,19.43334984916866,-16.369299666744258,-81.24768198880794,5.507080554962158,4.666316509246826,0.25982388854026794,14.886812230034868,0.7919438481330872,45.37504010937531,0.6557958126068115
ppo_baseline,10,10,0,146,146,128,1,1,0,1,0,-6.539892469908869,0.9340010482425637,-24.498426892353354,0.8059177994728088,1.5983963012695312,0.018439151346683502,1.0564855499679329,0.2156928926706314,12.358292420995427,0.1262855976819992
ppo_baseline,10,10,0,147,147,197,1,1,0,1,0,5.920025481973532,0.9248212739980665,-29.876080712714515,1.2947520017623901,0.8084330558776855,0.04776829108595848,2.7369214737778127,0.04834769293665886,2.7701187544650137,0.07194213569164276
ppo_baseline,10,10,0,148,148,130,1,1,0,1,0,-35.74446996456275,12.461871385985024,63.43741731286609,5.829686641693115,5.695160865783691,0.20222559571266174,11.586673143854393,1.173663854598999,67.24598543557856,0.7890574932098389
ppo_baseline,10,10,0,149,149,165,1,1,0,1,0,-37.478463749532224,26.54113156742907,64.21603155749087,3.322772264480591,2.780996561050415,0.2466338574886322,14.131079119129637,1.3336862325668335,76.41459232078273,0.9134769439697266
ppo_baseline,10,10,0,150,150,264,1,1,0,1,0,23.95440232496184,31.735995865222346,-67.1095182559617,5.876648902893066,6.303566932678223,0.2445327341556549,14.010693619913578,1.0730564594268799,61.48160630441128,0.7810609340667725
ppo_baseline,10,10,0,151,151,143,1,1,0,1,0,6.978759444838868,6.601773983789185,34.85373133452305,0.7671254873275757,1.2383371591567993,0.03749008849263191,2.1480238441997828,0.13317729532718658,7.630496949215131,0.1040787398815155
ppo_baseline,10,10,0,152,152,192,1,1,0,1,0,23.85789175198956,25.303911101172957,-68.09055198682897,2.2605478763580322,2.549255609512329,0.22368760406970978,12.816355642587748,0.9158058166503906,52.47180814759908,0.6815904974937439
ppo_baseline,10,10,0,153,153,130,1,1,0,1,0,-9.500916078892796,-5.811521096818709,47.04596051245431,2.0961437225341797,0.6343618631362915,0.04615846276283264,2.64468510512208,0.07893510907888412,4.522648605624847,0.085626021027565
ppo_baseline,10,10,0,154,154,168,1,1,0,1,0,-2.7148772516750084,2.78526918126116,-0.4951204129342243,1.175599217414856,1.1357223987579346,0.05348147824406624,3.0642629855057284,0.1462307721376419,8.378406078426112,0.1265968680381775
ppo_baseline,10,10,0,155,155,79,1,1,0,1,0,-5.813761398866474,5.434603937660726,1.6812783849553188,1.4638477563858032,2.1619224548339844,0.04691389948129654,2.6879684407792737,0.1903214007616043,10.904613014657858,0.1420745998620987
ppo_baseline,10,10,0,156,156,102,1,1,0,1,0,-8.841447654149725,-0.16694348369345166,3.57302221899541,1.1233234405517578,1.5252605676651,0.04915691912174225,2.8164839995417643,0.15994206070899963,9.164005045250871,0.12912794947624207
ppo_baseline,10,10,0,157,157,358,1,1,0,1,0,-22.65340155223615,46.655041465497796,67.75611860430847,5.524989604949951,4.0411787033081055,0.3113146126270294,17.837013404278913,1.2665696144104004,72.569093365228,0.9445993900299072
ppo_baseline,10,10,0,158,158,76,1,1,0,1,0,8.116723602076354,-2.0951332071447313,-17.276403430035312,0.8580331206321716,1.3724230527877808,0.04675836116075516,2.6790567514596995,0.0713827982544899,4.089933069816091,0.0824497640132904
ppo_baseline,10,10,0,159,159,168,1,1,0,1,0,-17.776100069713447,-11.000880262140956,67.31502498770905,2.596966505050659,2.6721584796905518,0.17955107986927032,10.287519083525547,0.6520428657531738,37.35930426927219,0.505572497844696
ppo_baseline,10,10,0,160,160,245,1,1,0,1,0,19.097413825030753,8.318610333563589,-63.088503929305155,2.0969808101654053,1.1462599039077759,0.1578930765390396,9.046606900023045,0.5069344639778137,29.045205275655388,0.41136032342910767
ppo_baseline,10,10,0,161,161,194,1,1,0,1,0,-9.448569509093819,-0.3908644054431497,-5.067904741501081,2.1771466732025146,1.4362056255340576,0.00789362471550703,0.45227138125870797,0.1385488212108612,7.938262711894967,0.07716803252696991
ppo_baseline,10,10,0,162,162,209,1,1,0,1,0,28.361062792535645,-7.700751421244236,-83.12598401056144,6.259952545166016,5.423607349395752,0.262033075094223,15.013389295733546,0.915290117263794,52.442260749249606,0.7196781635284424
ppo_baseline,10,10,0,163,163,75,1,1,0,1,0,-5.232812828821869,0.08425721360127729,5.434262428202225,0.6685378551483154,3.5789902210235596,0.061650846153497696,3.5323332880057636,0.16455212235450745,9.428142120833604,0.14392690360546112
ppo_baseline,10,10,0,164,164,240,1,1,0,1,0,-0.4111910484131076,3.9787627764508477,5.1281470099805935,0.48661676049232483,0.3069385588169098,0.020661605522036552,1.1838227943768904,0.132611483335495,7.598078310093312,0.0869673490524292
ppo_baseline,10,10,0,165,165,165,1,1,0,1,0,-16.33219807917275,-2.722199214465262,55.57802791795913,1.486337423324585,0.5045469403266907,0.07477440685033798,4.284257928118477,0.292134553194046,16.73807694795888,0.2208416759967804
ppo_baseline,10,10,0,166,166,114,1,1,0,1,0,6.263461053820113,-3.8620758246703497,-30.283597119354155,0.8965276479721069,1.452839970588684,0.047201190143823624,2.704428983235593,0.0821690484881401,4.707939684976246,0.08828571438789368
ppo_baseline,10,10,0,167,167,122,1,1,0,1,0,-24.635631732400572,21.125296989607538,64.4752235761145,2.499016761779785,1.8371331691741943,0.1422511786222458,8.150392165816285,0.7018429040908813,40.21263628561252,0.49317264556884766
ppo_baseline,10,10,0,168,168,193,1,1,0,1,0,-19.02061517800313,-6.2179993147045085,62.58520094974526,3.532639980316162,3.666429281234741,0.15443657338619232,8.848563857491232,0.5507538318634033,31.55587011643077,0.4298135042190552
ppo_baseline,10,10,0,169,169,75,1,1,0,1,0,-9.624569823626707,-3.7928996687564607,19.860304974186157,1.8680216073989868,2.0900473594665527,0.06795939058065414,3.8937862585526033,0.12158938497304916,6.96655859254711,0.12875407934188843
ppo_baseline,10,10,0,170,170,132,1,1,0,1,0,-15.047849307643553,12.054723809560564,55.27618819815793,0.4483978748321533,0.6482429504394531,0.07702801376581192,4.41338009305663,0.6160094738006592,35.29474298885243,0.3850327432155609
ppo_baseline,10,10,0,171,171,196,1,1,0,1,0,-6.77042501477514,2.316117147551324,-17.00090091967368,0.5783235430717468,0.16588744521141052,0.0056042964570224285,0.3211025341275055,0.18740776181221008,10.737673799832638,0.09930817782878876
ppo_baseline,10,10,0,172,172,128,1,1,0,1,0,-9.921273241172061,-5.907963367899289,34.290759822373914,2.141655206680298,1.7682342529296875,0.04572322964668274,2.6197480844623633,0.08544009178876877,4.895356660706811,0.08844327926635742
ppo_baseline,10,10,0,173,173,153,1,1,0,1,0,3.7287915132067213,3.3018773693242442,-9.029906233728717,1.0658881664276123,1.0642346143722534,0.016528889536857605,0.9470356104998867,0.08624099940061569,4.941245286645541,0.05964938923716545
ppo_baseline,10,10,0,174,174,227,1,1,0,1,0,14.6022067850569,-1.092133587906699,-43.227024162581756,0.9875978827476501,0.43190494179725647,0.06123808026313782,3.508683544561183,0.10899823904037476,6.245139071371554,0.1157371997833252
ppo_baseline,10,10,0,175,175,139,1,1,0,1,0,-4.880648275216012,-4.803658382891628,34.75314996880544,0.4201846122741699,0.9767492413520813,0.06476571410894394,3.710802075593377,0.11308103054761887,6.479065793368497,0.12130622565746307
ppo_baseline,10,10,0,176,176,87,1,1,0,1,0,-7.577753374670647,-0.46867392046793493,26.706422145343378,10.479379653930664,11.505295753479004,0.06928092986345291,3.9695048819177186,0.11334532499313354,6.494208749645239,0.1259535849094391
ppo_baseline,10,10,0,177,177,117,1,1,0,1,0,22.969912518374542,2.7841900113722975,-66.28383034757721,2.558547258377075,0.9669529795646667,0.11950235813856125,6.8469807632004045,0.40923431515693665,23.447399090419086,0.324119508266449
ppo_baseline,10,10,0,178,178,104,1,1,0,1,0,-6.471809144262182,-0.9435086715672214,-13.331777939056188,0.8166933655738831,2.6920690536499023,0.011583404615521431,0.6636801968617361,0.22808735072612762,13.068442556927286,0.1256270855665207
ppo_baseline,10,10,0,179,179,216,1,1,0,1,0,6.045222849459866,-0.3225078722296621,-29.98071921079911,0.6591365337371826,0.4786660075187683,0.04307631403207779,2.468090991018223,0.07568135112524033,4.336222007323935,0.08091698586940765
ppo_baseline,10,10,0,180,180,96,1,1,0,1,0,13.319183070226686,0.2108889208133137,7.8490621488818935,1.1696605682373047,3.8036751747131348,0.005878729745745659,0.3368264033292418,0.1067643091082573,6.1171443145332765,0.059260882437229156
ppo_baseline,10,10,0,181,181,109,1,1,0,1,0,-6.537378960294304,2.830498693944984,-17.158869534797734,1.0973286628723145,2.0620312690734863,0.022353533655405045,1.2807631356583526,0.20389018952846527,11.682047344103513,0.12429863214492798
ppo_baseline,10,10,0,182,182,162,1,1,0,1,0,-4.38745397562773,3.3288292957891144,-5.241336904906045,0.13144221901893616,0.26463520526885986,0.005506452172994614,0.3154964696032324,0.12564446032047272,7.198897295562025,0.06832867860794067
ppo_baseline,10,10,0,183,183,192,1,1,0,1,0,31.59894128933687,22.789486241259485,-70.889836716267,1.8559373617172241,0.7902898192405701,0.2484010010957718,14.232328989612261,0.989579975605011,56.698756092826095,0.7431910037994385
ppo_baseline,10,10,0,184,184,55,1,0,1,0,1,nan,nan,nan,nan,nan,nan,nan,nan,nan,nan
ppo_baseline,10,10,0,185,185,152,1,1,0,1,0,8.07277816495649,0.1897836362779743,-17.576767828975793,0.6780287623405457,0.5703470706939697,0.03371436521410942,1.931690835731146,0.08286580443382263,4.747860860014501,0.07514727115631104
ppo_baseline,10,10,0,186,186,91,1,1,0,1,0,-2.269002502656576,-0.7629184699120842,25.865748801919867,0.20726639032363892,2.2235617637634277,0.05930367857217789,3.397850491786209,0.09862007200717926,5.650513901287645,0.10861371457576752
ppo_baseline,10,10,0,187,187,64,1,1,0,1,0,-8.864233165220888,0.6284457055328733,8.198180438117925,0.943242073059082,2.7497828006744385,0.01822728104889393,1.0443462761004105,0.2386144995689392,13.671603755926418,0.13753452897071838
ppo_baseline,10,10,0,188,188,144,1,1,0,1,0,-3.415381452951516,2.3800203974259633,1.0442129806898894,0.42725419998168945,1.95536470413208,0.04024672508239746,2.305967486444685,0.15168173611164093,8.690723308414116,0.11608759313821793
ppo_baseline,10,10,0,189,189,79,1,1,0,1,0,-5.280569511498598,1.5509856963481554,-25.152485807273777,1.0833629369735718,2.004373788833618,0.019590631127357483,1.1224604815952017,0.21088093519210815,12.082587566279631,0.12503109872341156
ppo_baseline,10,10,0,190,190,77,1,1,0,1,0,-0.7840647355824437,-2.285722805744767,5.773654528060159,1.8159135580062866,2.6830625534057617,0.03595581650733948,2.0601165348173684,0.14068856835365295,8.060861192402111,0.10630010068416595
ppo_baseline,10,10,0,191,191,186,1,1,0,1,0,-27.448795406232062,18.071724317369938,65.9959515344395,4.056590557098389,3.7211222648620605,0.19387191534042358,11.108042515123872,1.2551155090332031,71.91282146901649,0.8214296698570251
ppo_baseline,10,10,0,192,192,177,1,1,0,1,0,-16.560162472911095,1.905294929353397,50.05467250222326,0.8204988837242126,0.36804330348968506,0.07359395921230316,4.216623260522896,0.351542592048645,20.14190684347661,0.24936525523662567
ppo_baseline,10,10,0,193,193,169,1,1,0,1,0,-5.626614215608124,8.670310434305886,27.8450146799845,0.8064903020858765,0.7108826041221619,0.04027017951011658,2.307311326163885,0.2181110382080078,12.49684195453549,0.14932569861412048
ppo_baseline,10,10,0,194,194,143,1,1,0,1,0,6.891865778217966,0.6020128734449238,-10.507030264392355,0.42736172676086426,2.0365447998046875,0.026683641597628593,1.5288600455838397,0.06854157894849777,3.927143194911653,0.06095442920923233
ppo_baseline,10,10,0,195,195,170,1,1,0,1,0,32.47636105049505,16.652916441839867,-67.36999435014931,2.2248215675354004,2.704087495803833,0.23262858390808105,13.328636052037982,0.98957759141922,56.69861948904269,0.7274173498153687
ppo_baseline,10,10,0,196,196,136,1,1,0,1,0,10.679437899421817,0.6277080451025119,-46.34924023597799,1.209388017654419,0.8470927476882935,0.04862065613269806,2.785758393560462,0.10232378542423248,5.862721048610771,0.0997825488448143
ppo_baseline,10,10,0,197,197,129,1,1,0,1,0,9.0635517455802,-0.059791475994291625,21.514426527001504,0.42408862709999084,0.8626573085784912,0.02170346863567829,1.243517153618921,0.06940728425979614,3.976744455551109,0.05640710890293121
ppo_baseline,10,10,0,198,198,221,1,1,0,1,0,6.216455691952085,5.202459468150332,29.838733238332885,0.2395428717136383,0.4581093490123749,0.030334381386637688,1.7380320275945413,0.11896097660064697,6.815961885971614,0.08981487154960632
ppo_baseline,10,10,0,199,199,102,1,1,0,1,0,-5.023754398706118,-0.16060506814367984,-22.662581326480648,0.9153525233268738,1.5564732551574707,0.012219947762787342,0.7001514326780471,0.1850290447473526,10.601383351360557,0.10473447293043137
ppo_baseline,10,10,0,200,200,142,1,1,0,1,0,13.565438710562324,-3.4076223580543816,-42.90201644111587,1.1547931432724,0.6235426068305969,0.05035923421382904,2.8853715799632202,0.03766074404120445,2.157801686883479,0.06918960809707642
ppo_baseline,10,10,0,201,201,80,1,1,0,1,0,-6.3320907946004015,2.6459060014362197,-27.13750270461956,0.6786888241767883,2.3452463150024414,0.02907709777355194,1.665994982913769,0.21175740659236908,12.132805678378505,0.13495579361915588
ppo_baseline,10,10,0,202,202,144,1,1,0,1,0,-12.535268598805981,-1.8685894927537483,27.797736110549675,0.7835471630096436,1.7667392492294312,0.05318932980298996,3.047524112840731,0.1910420060157776,10.94590065441694,0.14871034026145935
ppo_baseline,10,10,0,203,203,212,1,1,0,1,0,8.877579354859094,-25.17188354451661,-82.85512602883541,5.206008434295654,4.031668663024902,0.2359233796596527,13.517413942960673,0.6930073499679565,39.706396324709516,0.5824270248413086
ppo_baseline,10,10,0,204,204,77,1,1,0,1,0,-5.3154854385357035,1.6185909087529418,4.052924970458847,0.3477126657962799,2.4803013801574707,0.06014992296695709,3.44633672404366,0.14565949141979218,8.34567410437612,0.13297966122627258
ppo_baseline,10,10,0,205,205,125,1,1,0,1,0,-6.541968847416553,-1.3986178363435111,33.16200276013761,0.9251540899276733,0.7314597964286804,0.06041671708226204,3.46162290084956,0.1342099905014038,7.689666024221306,0.12752170860767365
ppo_baseline,10,10,0,206,206,154,1,1,0,1,0,17.448250989552832,0.017212076708432132,-48.657024552741895,1.1821377277374268,0.3493286669254303,0.06540796160697937,3.7476001466336437,0.20248982310295105,11.601812258149726,0.1666528731584549
ppo_baseline,10,10,0,207,207,110,1,1,0,1,0,13.804809520214592,-3.166926491703132,-78.98962144920172,0.8209152817726135,1.256129264831543,0.11954709887504578,6.849544218573275,0.42338162660598755,24.25798032790681,0.33123791217803955
ppo_baseline,10,10,0,208,208,151,1,1,0,1,0,134.42190679065112,66.59583338886338,85.4475379886921,8.62832260131836,7.042710304260254,0.44119444489479065,25.278579637088672,0.8832817673683167,50.608317391060744,0.882835328578949
ppo_baseline,10,10,0,209,209,75,1,1,0,1,0,5.641504027998752,3.081221277997812,15.09499127329498,1.0159525871276855,1.5773265361785889,0.03674620762467384,2.105402610005257,0.12390638887882233,7.099313137463239,0.0986994057893753
ppo_baseline,10,10,0,210,210,101,1,1,0,1,0,13.462903910742094,-1.8210513761304596,-36.353012498854206,3.5259909629821777,0.7698900699615479,0.03883647918701172,2.225166348563434,0.055792197585105896,3.1966574513865513,0.06673257797956467
ppo_baseline,10,10,0,211,211,276,1,1,0,1,0,11.254553487915231,3.163087925389585,-49.28414520157579,1.1689735651016235,0.6773346662521362,0.07336270064115524,4.203373120419894,0.16039308905601501,9.189847065975613,0.15355923771858215
ppo_baseline,10,10,0,212,212,156,1,1,0,1,0,4.059058480333517,-16.83528249267921,-70.46975276155453,2.8965423107147217,2.8082616329193115,0.16140858829021454,9.248030886194014,0.5432916283607483,31.128317349860897,0.4330543875694275
ppo_baseline,10,10,0,213,213,123,1,1,0,1,0,31.6042415161328,12.501568445441139,-76.25519619612214,2.78429913520813,3.037761688232422,0.23976825177669525,13.73770888803474,0.9730148315429688,55.74964325104488,0.7262756824493408
ppo_baseline,10,10,0,214,214,250,1,1,0,1,0,26.637027423376047,14.562537046357466,-65.67862094560071,7.448740005493164,7.113759994506836,0.21143284440040588,12.114209634589498,0.728301465511322,41.728600186991436,0.5755835771560669
ppo_baseline,10,10,0,215,215,98,1,1,0,1,0,7.035436354571634,-0.8219859458543546,5.3995923879752405,2.0601646900177,0.7998157739639282,0.021006707102060318,1.2035956584155485,0.04819006100296974,2.761087109948141,0.04510173946619034
ppo_baseline,10,10,0,216,216,181,1,1,0,1,0,-8.857840108157756,55.61936422281605,71.13870148886559,4.75528621673584,4.29735803604126,0.4317408800125122,24.73693026798103,1.227384328842163,70.32394188315311,1.0454330444335938
ppo_baseline,10,10,0,217,217,158,1,1,0,1,0,8.350056524502328,2.7631120475936384,18.29345957858523,0.0803275853395462,0.8485422730445862,0.014786758460104465,0.8472188524433502,0.0808965191245079,4.635029123133652,0.05523501709103584
ppo_baseline,10,10,0,218,218,124,1,1,0,1,0,-30.611774048594928,32.6780155555505,63.14604144287335,2.570701837539673,1.7635302543640137,0.2418854981660843,13.859018170336045,1.0228389501571655,58.60435496559756,0.7533049583435059
ppo_baseline,10,10,0,219,219,328,1,1,0,1,0,6.935032573772447,2.0310387119733315,-19.654893865087192,0.1821991354227066,0.6864389777183533,0.03146441653370857,1.8027782722231482,0.0488278828561306,2.797631610215471,0.05587835609912872
ppo_baseline,10,10,0,220,220,109,1,1,0,1,0,-20.196008771892284,-8.941605548138792,73.04402373897567,3.2938058376312256,2.78951096534729,0.20184199512004852,11.564694448878939,0.8056194186210632,46.158592580770005,0.604651689529419
ppo_baseline,10,10,0,221,221,57,1,1,0,1,0,-3.2920555572977657,-1.2733248462087972,-1.6707872143901792,0.2251187413930893,3.9133505821228027,0.04802437126636505,2.751593787332058,0.14848527312278748,8.50757946978304,0.12226700782775879
ppo_baseline,10,10,0,222,222,165,1,1,0,1,0,-13.844861749507546,-4.699894149020794,58.98301382299389,0.2505033612251282,0.5862956643104553,0.11110636591911316,6.365925844201351,0.3451334536075592,19.77469026048734,0.28367310762405396
ppo_baseline,10,10,0,223,223,114,1,1,0,1,0,-3.2098747212041725,0.39705255683118124,-17.03275692196262,1.014803409576416,0.6970949172973633,0.008013388141989708,0.45913332013619074,0.19258899986743927,11.034536873049841,0.10430788993835449
ppo_baseline,10,10,0,224,224,241,1,1,0,1,0,49.59084801606604,41.0022266442335,-80.3138585254838,11.235583305358887,10.161118507385254,0.3824664056301117,21.91371084814399,0.720334529876709,41.272128399475726,0.7426337003707886
ppo_baseline,10,10,0,225,225,231,1,1,0,1,0,2.6662872859195375,-0.352997836684599,-45.39962537529277,7.146281719207764,6.318731784820557,0.06034727394580841,3.457644102214616,0.07118414342403412,4.078550986451088,0.09593934565782547
ppo_baseline,10,10,0,226,226,114,1,1,0,1,0,-7.387491625150771,3.199301588368993,-9.961161545924936,0.5791770815849304,2.4390652179718018,0.035431426018476486,2.030071172988717,0.18928475677967072,10.845217689635428,0.13007380068302155
ppo_baseline,10,10,0,227,227,61,1,1,0,1,0,-9.832535423475257,-3.194192606869823,-23.502694594392217,4.26484489440918,2.2419772148132324,0.01240415871143341,0.7107059425755681,0.1594972163438797,9.138517340589322,0.09215276688337326
ppo_baseline,10,10,0,228,228,139,1,1,0,1,0,13.661075019320844,-1.0678181144614534,-47.09028844016769,1.6740798950195312,0.6198121905326843,0.055047716945409775,3.154001852802764,0.06157079339027405,3.5277466025346884,0.0858331173658371
ppo_baseline,10,10,0,229,229,235,1,1,0,1,0,-29.44550558743691,33.886767793346,64.26933435377364,10.042862892150879,9.272674560546875,0.24527008831501007,14.052940901251047,1.2604625225067139,72.21918277404825,0.8755013346672058
ppo_baseline,10,10,0,230,230,210,1,1,0,1,0,-6.00456956351995,-3.7219203429016883,49.02814971148371,1.4794249534606934,0.6790740489959717,0.07973143458366394,4.5682746961673555,0.13191534578800201,7.5581925666613765,0.14568910002708435
ppo_baseline,10,10,0,231,231,108,1,1,0,1,0,12.049833394114835,-1.6280575509425794,-17.940844232494154,1.2394657135009766,2.4626011848449707,0.04975268989801407,2.850619150579372,0.03355349972844124,1.9224739223330367,0.06652943789958954
ppo_baseline,10,10,0,232,232,115,1,1,0,1,0,-8.920677848521873,-0.9573876159606873,-4.902778088126853,2.171006679534912,0.9526818990707397,0.05052739009261131,2.895006202117758,0.2515466809272766,14.412563167656911,0.17630073428153992
ppo_baseline,10,10,0,233,233,149,1,1,0,1,0,15.45410895947591,1.3382116433239182,-47.04843304093385,1.770602822303772,1.4539852142333984,0.059340789914131165,3.3999768150521987,0.17199817299842834,9.85476939677094,0.14533987641334534
ppo_baseline,10,10,0,234,234,127,1,1,0,1,0,12.815033147209704,3.8580460130600422,-55.91063080978208,1.6189683675765991,1.0740587711334229,0.08317038416862488,4.765311993343883,0.12672054767608643,7.260552559426085,0.1465306580066681
ppo_baseline,10,10,0,235,235,151,1,1,0,1,0,-5.411763785076203,5.9727818631227105,-43.89774873907701,0.6337989568710327,0.9293398857116699,0.04446856305003166,2.5478609837782136,0.24359942972660065,13.957219215127902,0.1662682741880417
ppo_baseline,10,10,0,236,236,129,1,1,0,1,0,10.535416530582928,-2.987920893935438,-55.04024614346901,1.212998390197754,0.9567534327507019,0.07604188472032547,4.356879060694991,0.10736821591854095,6.1517456259817385,0.12972599267959595
ppo_baseline,10,10,0,237,237,186,1,1,0,1,0,-2.068632073165082,1.2146262004817074,17.014766203688804,0.4566456973552704,1.1708327531814575,0.03987802565097809,2.284842565115482,0.10614819079637527,6.081843335581712,0.09295211732387543
ppo_baseline,10,10,0,238,238,185,1,1,0,1,0,39.71387538185068,38.5785066964978,87.96601998097256,2.0163118839263916,1.5764975547790527,0.2604932188987732,14.925162034677198,0.6349102258682251,36.37767631194712,0.5779483318328857
ppo_baseline,10,10,0,239,239,157,1,1,0,1,0,-6.762119504744404,2.6409746048554705,1.6109137761258474,0.7299730181694031,0.3658812940120697,0.022113198414444923,1.266992940683078,0.23467159271240234,13.445691834033662,0.13944900035858154
ppo_baseline,10,10,0,240,240,131,1,1,0,1,0,5.173759013257938,-1.9754136513727478,-37.37393453447435,1.0830193758010864,1.006229281425476,0.03217494487762451,1.8434885475539515,0.07909569144248962,4.531849297323678,0.07172279059886932
ppo_baseline,10,10,0,241,241,315,1,1,0,1,0,-1.87476398376344,-1.799304053813139,45.03325402821329,1.8898197412490845,1.2848670482635498,0.062239546328783035,3.5660633234482253,0.12654802203178406,7.250667568149783,0.12551355361938477
ppo_baseline,10,10,0,242,242,167,1,1,0,1,0,32.78437526130595,1.543308563721061,-75.0099161066454,5.557882308959961,5.254230499267578,0.308401882648468,17.67012626964611,1.1188756227493286,64.10685098360821,0.8678396940231323
ppo_baseline,10,10,0,243,243,129,1,1,0,1,0,27.847801397165867,-2.4625427429780573,-74.3410493416044,2.90403151512146,2.6848437786102295,0.24530214071273804,14.054777368364133,0.852036714553833,48.81810773412747,0.6713204979896545
ppo_baseline,10,10,0,244,244,195,1,1,0,1,0,7.282306711932575,-1.2117438606519622,-41.82536006186842,0.9325141310691833,0.3174561858177185,0.05142929404973984,2.9466814923873703,0.03196405619382858,1.831405516025376,0.06741131842136383
ppo_baseline,10,10,0,245,245,146,1,1,0,1,0,-5.063478778918912,2.368067566378441,-2.8392413360826003,0.5035407543182373,0.4464951157569885,0.03078870289027691,1.7640627322951061,0.19651034474372864,11.259213384476471,0.12904387712478638
ppo_baseline,10,10,0,246,246,143,1,1,0,1,0,-11.39845191334906,-4.68175316658524,53.60596105927969,0.49800482392311096,0.5745162963867188,0.0643928200006485,3.689436816982754,0.1581042855978012,9.058708287685015,0.1434449553489685
ppo_baseline,10,10,0,247,247,134,1,1,0,1,0,3.0196812735759972,-0.9531255779185993,-25.566449912489908,0.6826819181442261,1.1515804529190063,0.04091792181134224,2.344424226236207,0.15880289673805237,9.098735757542228,0.12031936645507812
ppo_baseline,10,10,0,248,248,121,1,1,0,1,0,-6.606609757721554,-3.584169087720871,30.017957402154018,1.346269130706787,1.3091026544570923,0.06655297428369522,3.813204540498439,0.1280972957611084,7.339434414150562,0.13060161471366882
ppo_baseline,10,10,0,249,249,319,1,1,0,1,0,6.50815941102499,0.9802004477885299,-34.98653753274478,1.8566594123840332,0.2020571231842041,0.042146071791648865,2.4147920367168516,0.11214704811573029,6.425552541881917,0.09821959584951401
ppo_baseline,10,10,0,250,250,189,1,1,0,1,0,13.969184852780119,0.22644809174260275,-42.83163817190806,1.9012387990951538,1.8203742504119873,0.05759551003575325,3.2999796439520384,0.1639484167098999,9.393552335329366,0.1395697146654129
ppo_baseline,10,10,0,251,251,131,1,1,0,1,0,-29.87269293888619,12.378133266760669,70.4615838553072,1.7908686399459839,1.4190707206726074,0.18578647077083588,10.644780665799527,1.1714564561843872,67.11951082271743,0.7715147137641907
ppo_baseline,10,10,0,252,252,282,1,1,0,1,0,-1.136721062808542,5.226570035920477,9.355337426923144,0.4090246558189392,0.8584951758384705,0.02750740572810173,1.5760582535742145,0.15325027704238892,8.780594083739498,0.10413254797458649
ppo_baseline,10,10,0,253,253,94,1,1,0,1,0,-0.5642419273347533,0.44419452248260927,-16.941341670111168,0.20905619859695435,1.2889777421951294,0.047059692442417145,2.696321762134199,0.16331146657466888,9.357057780820343,0.1287154257297516
ppo_baseline,10,10,0,254,254,96,1,1,0,1,0,6.472697068854283,-2.7760211051249626,-45.20236951206281,2.8741438388824463,0.45511385798454285,0.025534991174936295,1.4630472242276529,0.10121593624353409,5.799245966219727,0.07614295929670334
ppo_baseline,10,10,0,255,255,144,1,1,0,1,0,34.51152519672707,23.066573355508563,-81.45051128640064,0.701932966709137,0.5559297800064087,0.27656233310699463,15.845854459321991,1.1383143663406372,65.22060895042716,0.8457195162773132
ppo_baseline,10,10017,1,256,0,190,1,1,0,1,0,-13.40767500111337,-1.8731247383626368,45.10357765590774,0.40586134791374207,0.6772634387016296,0.0691017135977745,3.9592365462742505,0.25225287675857544,14.453025208300067,0.19522815942764282
ppo_baseline,10,10017,1,257,1,99,1,1,0,1,0,14.00740659137551,-1.5677879617063868,-40.0035027234159,3.64412260055542,1.2950998544692993,0.041040122509002686,2.3514258104657046,0.01638435199856758,0.9387542195746579,0.04923229664564133
ppo_baseline,10,10017,1,258,2,230,1,1,0,1,0,5.009574925989172,7.695314590664906,-21.3295469665476,0.9301119446754456,0.7935117483139038,0.0321526937186718,1.8422136500566864,0.4678105115890503,26.803567925908467,0.26605793833732605
ppo_baseline,10,10017,1,259,3,108,1,1,0,1,0,9.707829829609164,-4.523784551461185,-35.49197153132572,4.441858291625977,3.0204949378967285,0.026652783155441284,1.5270919870841584,0.057134490460157394,3.2735651679974835,0.05522003024816513
ppo_baseline,10,10017,1,260,4,128,1,1,0,1,0,-0.8620381751473093,11.558578868250839,-40.13945080865584,0.4311720132827759,3.2269487380981445,0.05640271678566933,3.231637624890537,0.23858359456062317,13.669833029384092,0.1756945103406906
ppo_baseline,10,10017,1,261,5,189,1,1,0,1,0,35.14751143110364,3.6346305253089253,-80.28407890070254,4.775777816772461,3.364678382873535,0.26282405853271484,15.058709308423872,1.0051628351211548,57.591588175846404,0.7654054760932922
ppo_baseline,10,10017,1,262,6,3,1,1,0,1,0,8.396734037290196,13.287340728316085,-56.337982085771436,14.347475051879883,16.8277645111084,0.07863156497478485,4.505256809563879,0.3080468475818634,17.649784258750522,0.23265498876571655
ppo_baseline,10,10017,1,263,7,157,1,1,0,1,0,-24.531703573989656,-2.811702013349109,71.51807751612478,1.6602658033370972,1.8864328861236572,0.20028182864189148,11.47530349434275,0.8073714375495911,46.25897587100168,0.603967547416687
ppo_baseline,10,10017,1,264,8,97,1,1,0,1,0,-9.471901435298582,0.26234756602018977,-6.602347719679465,0.7542209029197693,2.7496538162231445,0.015462728217244148,0.8859490666059372,0.22376380860805511,12.820721841014679,0.12734463810920715
ppo_baseline,10,10017,1,265,9,25,1,1,0,1,0,-0.11672793291551792,3.945171906112725,17.18888138601077,17.488597869873047,18.274578094482422,0.03976839780807495,2.2785613524000086,0.2662215828895569,15.253373114863821,0.1728791892528534
ppo_baseline,10,10017,1,266,10,260,1,1,0,1,0,-19.120008090805154,-7.207283914089155,73.78152024479697,3.72360897064209,2.113807201385498,0.18128575384616852,10.386908581232987,0.7677374482154846,43.98811555689086,0.565154492855072
ppo_baseline,10,10017,1,267,11,155,1,1,0,1,0,-30.589534952657367,0.9005058005528211,68.24114399764942,4.8054070472717285,4.246490955352783,0.21019139885902405,12.043080044572985,0.8654407858848572,49.58610444968747,0.6429117918014526
ppo_baseline,10,10017,1,268,12,117,1,1,0,1,0,6.42275472564315,65.53537821832721,-90.8045919585165,2.4469168186187744,2.144012928009033,0.7890262603759766,45.20787464453384,0.6478540897369385,37.11930508221628,1.1129533052444458
ppo_baseline,10,10017,1,269,13,168,1,1,0,1,0,-4.980095829531397,3.56225784086347,18.8006421055937,1.0110716819763184,0.6107465028762817,0.029061656445264816,1.6651102599728407,0.30853480100631714,17.677741930570676,0.18332906067371368
ppo_baseline,10,10017,1,270,14,266,1,1,0,1,0,7.770269086616626,3.5013188930886163,-37.5580764344979,1.0688167810440063,0.9368188977241516,0.04712652415037155,2.7001509369376375,0.07062510401010513,4.04652038745149,0.08243907988071442
ppo_baseline,10,10017,1,271,15,98,1,1,0,1,0,5.540362586769203,-4.6457990507942934,-54.213028272710424,1.2527021169662476,0.8959351778030396,0.05075213685631752,2.9078832431373476,0.223018616437912,12.778025474739282,0.16226144134998322
ppo_baseline,10,10017,1,272,16,189,1,1,0,1,0,-16.903420459839257,62.06539623315061,-90.27041652390814,1.066555142402649,1.2574375867843628,0.7628902196884155,43.71038981995439,0.7726849317550659,44.27158548291932,1.1492326259613037
ppo_baseline,10,10017,1,273,17,195,1,1,0,1,0,6.003203525685947,8.153401717919321,34.32196012650253,0.664986252784729,1.5178698301315308,0.03498862683773041,2.0047006487601164,0.14658258855342865,8.398563674214113,0.10827992111444473
ppo_baseline,10,10017,1,274,18,100,1,1,0,1,0,-3.023328594592784,-1.578060566218086,12.291239600139766,1.049772024154663,3.0040252208709717,0.06759194284677505,3.8727330542096854,0.12613791227340698,7.227170009857647,0.13066089153289795
ppo_baseline,10,10017,1,275,19,242,1,1,0,1,0,-1.6072391343523804,6.623849155186666,21.621114081837103,0.1858057826757431,0.6229230761528015,0.029506972059607506,1.6906249652259522,0.17381806671619415,9.959041625961293,0.11641600728034973
ppo_baseline,10,10017,1,276,20,314,1,1,0,1,0,22.25222356114628,6.599984474226641,-68.33583774030247,2.1487061977386475,1.1991242170333862,0.18436361849308014,10.563257235413547,0.6936740875244141,39.7445975727374,0.531200647354126
ppo_baseline,10,10017,1,277,21,37,1,1,0,1,0,-6.959539292514452,3.0740359189909587,-75.49890300970496,17.778051376342773,15.278332710266113,0.022507334128022194,1.2895752536264327,0.157059907913208,8.99886985414018,0.10103728622198105
ppo_baseline,10,10017,1,278,22,223,1,1,0,1,0,6.872112871138289,3.0641867862078005,-7.930737550976906,0.4284074008464813,0.26833629608154297,0.02486351691186428,1.4245745829019694,0.08076918870210648,4.627733627326433,0.06524810940027237
ppo_baseline,10,10017,1,279,23,237,1,1,0,1,0,6.254335921088976,7.193404969695689,-43.14855894939665,1.4684792757034302,1.1339943408966064,0.0429939404129982,2.4633713303017446,0.1952454298734665,11.186739100967113,0.14061665534973145
ppo_baseline,10,10017,1,280,24,2,1,1,0,1,0,-2.1099410572653188,33.213106235507645,64.5876758106096,14.806131362915039,18.125688552856445,0.16266736388206482,9.320153414961117,0.8537198901176453,48.914546590113474,0.5895273089408875
ppo_baseline,10,10017,1,281,25,204,1,1,0,1,0,25.76643785138788,6.778238751185634,-64.13275789113007,4.531732559204102,3.8594374656677246,0.21565869450569153,12.35633301047728,0.8820164203643799,50.53581834811564,0.6566668748855591
ppo_baseline,10,10017,1,282,26,126,1,1,0,1,0,-15.198823809057513,8.84988976796386,39.530553104527534,1.5342146158218384,0.2056341916322708,0.060825515538454056,3.4850453270608264,0.46538403630256653,26.66454113290015,0.293517529964447
ppo_baseline,10,10017,1,283,27,161,1,1,0,1,0,-5.852338307298705,4.996324358999347,-8.50562091303854,1.07187020778656,1.2201701402664185,0.04424276575446129,2.5349237517165633,0.15936388075351715,9.130877774002663,0.12392470240592957
ppo_baseline,10,10017,1,284,28,54,1,1,0,1,0,-6.21340942758226,-0.06705879727118519,-16.971667710026022,1.9835782051086426,2.6550357341766357,0.017854351550340652,1.0229789897773776,0.22381938993930817,12.823906416715197,0.12976405024528503
ppo_baseline,10,10017,1,285,29,182,1,1,0,1,0,20.27512968323771,1.0084091290606825,-67.16459690142868,0.2272522747516632,0.4801952838897705,0.14887362718582153,8.529830518551648,0.5146397352218628,29.486684797942917,0.40619349479675293
ppo_baseline,10,10017,1,286,30,108,1,1,0,1,0,13.21522759105909,-2.4066991163240328,-46.91472525774169,2.6398916244506836,0.8856536746025085,0.03758556768298149,2.15349439883814,0.03186022862792015,1.8254566347017063,0.05351568013429642
ppo_baseline,10,10017,1,287,31,152,1,1,0,1,0,31.201506241912167,20.88091282110448,-73.83310183340889,1.166905164718628,0.5387513637542725,0.2523786127567291,14.460229350327138,1.0067552328109741,57.68282584277944,0.7557562589645386
ppo_baseline,10,10017,1,288,32,43,1,1,0,1,0,13.798443783908139,-4.266368382021745,-22.629195361817626,1.5447276830673218,2.6066434383392334,0.05527684837579727,3.1671301167177632,0.0176341962069273,1.0103650177625392,0.0640939474105835
ppo_baseline,10,10017,1,289,33,102,1,1,0,1,0,13.259487216880773,1.7689780138982825,-70.8879242632994,1.338439702987671,2.174506425857544,0.07572434097528458,4.33868514429337,0.17776840925216675,10.185379580903529,0.16460853815078735
ppo_baseline,10,10017,1,290,34,98,1,1,0,1,0,-9.248581570195846,47.89630540374255,68.70852018217505,3.828695774078369,3.2333953380584717,0.31503960490226746,18.050439740368883,1.1328986883163452,64.91031345643349,0.8814889192581177
ppo_baseline,10,10017,1,291,35,333,1,1,0,1,0,5.323148910784457,1.9062101747021787,-24.88670948629024,1.4100364446640015,0.4034505784511566,0.03736431896686554,2.1408177811820077,0.062434062361717224,3.577208271182982,0.06858135014772415
ppo_baseline,10,10017,1,292,36,295,1,1,0,1,0,9.33699153881249,0.188540541849032,-43.004469278666065,1.3762186765670776,0.6013391613960266,0.06923769414424896,3.96702765768312,0.07264953851699829,4.162511940597116,0.10556246340274811
ppo_baseline,10,10017,1,293,37,96,1,1,0,1,0,6.198642558596692,-0.29983164418521974,-16.081557457389962,1.1681634187698364,0.44729921221733093,0.03884180262684822,2.2254713591985573,0.055176086723804474,3.16135689932181,0.06642984598875046
ppo_baseline,10,10017,1,294,38,248,1,1,0,1,0,6.398835403169766,4.649200485000959,-38.339723283114154,1.6499427556991577,1.1681174039840698,0.04921327903866768,2.819713184915299,0.058607298880815506,3.3579508745325217,0.07851693034172058
ppo_baseline,10,10017,1,295,39,131,1,1,0,1,0,-30.100384125057733,23.202767327558615,62.129927860428886,1.4606313705444336,0.9980955123901367,0.19181875884532928,10.990405313275096,0.9386659264564514,53.78159595869199,0.6611517071723938
ppo_baseline,10,10017,1,296,40,111,1,1,0,1,0,-10.576971401493285,0.6432808764101409,-9.210223227817053,1.1735442876815796,1.4382344484329224,0.04001382738351822,2.2926234312405955,0.28686437010765076,16.436117699847202,0.1834460198879242
ppo_baseline,10,10017,1,297,41,120,1,1,0,1,0,0.3576013841851876,-4.052610781757026,-45.770204118900985,0.14418339729309082,1.6524014472961426,0.04195813462138176,2.4040240300469153,0.302457332611084,17.329528641399673,0.19318680465221405
ppo_baseline,10,10017,1,298,42,218,1,1,0,1,0,6.992228577882133,5.152544445695879,-34.4319808136531,1.7557978630065918,1.167466163635254,0.03654441609978676,2.093840807287718,0.06213521957397461,3.5600858407074063,0.06761202216148376
ppo_baseline,10,10017,1,299,43,146,1,1,0,1,0,50.01880034870236,42.18012008735889,-60.247363800633295,2.6903860569000244,3.821315288543701,0.31977489590644836,18.321751929674715,0.9086173176765442,52.059937495363556,0.7740835547447205
ppo_baseline,10,10017,1,300,44,302,1,1,0,1,0,-21.480521467961562,17.605290698949766,62.594271440963034,1.7734936475753784,1.099766731262207,0.15802863240242004,9.054373678882996,1.11190927028656,63.707708388891,0.7139832973480225
ppo_baseline,10,10017,1,301,45,217,1,1,0,1,0,7.421410344569055,0.6614355192240348,-22.6909949134279,0.4659584164619446,0.35148563981056213,0.04715818911790848,2.7019652059359225,0.04671886935830116,2.676794037853721,0.07051762193441391
ppo_baseline,10,10017,1,302,46,148,1,1,0,1,0,-2.049070411382165,-0.3427798736862599,-23.437288702900172,1.42429780960083,2.402714967727661,0.014993419870734215,0.8590596790606548,0.3450629711151123,19.77065191114057,0.18752489984035492
ppo_baseline,10,10017,1,303,47,99,1,1,0,1,0,9.069248123347991,-4.6529024475311065,-38.08012145314031,1.7960431575775146,0.41343915462493896,0.03421579673886299,1.9604207458143352,0.057370901107788086,3.2871105003386765,0.06290124356746674
ppo_baseline,10,10017,1,304,48,48,1,1,0,1,0,0.26152794331978824,5.140755539188437,-21.138684160380762,0.5444644689559937,4.883113384246826,0.059336282312870026,3.3997185485242074,0.2032558172941208,11.645700492435289,0.16096419095993042
ppo_baseline,10,10017,1,305,49,68,1,1,0,1,0,3.880845184509545,0.36986840393453047,-24.57705603007854,6.322687149047852,6.396251678466797,0.015275713056325912,0.8752338871803623,0.09988489001989365,5.722982635268304,0.06521815806627274
ppo_baseline,10,10017,1,306,50,120,1,1,0,1,0,-7.797630824431697,1.899489268558886,-1.0466172072777338,0.6371605396270752,1.9946013689041138,0.039589475840330124,2.2683098787860545,0.16906927525997162,9.686955917731957,0.12412410974502563
ppo_baseline,10,10017,1,307,51,167,1,1,0,1,0,-36.87041298886101,32.68361631066992,61.79563108169178,4.201731204986572,3.8718953132629395,0.25064295530319214,14.360783503559045,1.1202919483184814,64.18800046113714,0.8107889294624329
ppo_baseline,10,10017,1,308,52,142,1,1,0,1,0,-2.4762031213180826,-3.161844830960643,36.769872604278426,3.17710542678833,1.5854289531707764,0.02985265478491783,1.7104311264368142,0.09628727287054062,5.516854356306489,0.07799629122018814
ppo_baseline,10,10017,1,309,53,167,1,1,0,1,0,13.159261021000006,1.5342517328816243,-45.1682732077261,0.9095820784568787,1.347230315208435,0.05387404188513756,3.0867552253294033,0.12809886038303375,7.339524060383418,0.11792346835136414
ppo_baseline,10,10017,1,310,54,110,1,1,0,1,0,8.22257787383321,-7.457159554684901,-69.69870636653013,1.441465973854065,0.7459243535995483,0.07533752918243408,4.316522461097148,0.267838716506958,15.346028046049629,0.20925688743591309
ppo_baseline,10,10017,1,311,55,92,1,1,0,1,0,-8.237221799413717,0.735461109448633,-0.1765057485314695,0.30457645654678345,4.022898197174072,0.03862062096595764,2.2127985835238335,0.1896725594997406,10.867437148779125,0.13345690071582794
ppo_baseline,10,10017,1,312,56,100,1,1,0,1,0,11.736983409371572,0.9971119961734815,-6.714909237201276,0.9009862542152405,1.654346227645874,0.03460437059402466,1.9826843877442264,0.05872097238898277,3.3644638867929517,0.0639648586511612
ppo_baseline,10,10017,1,313,57,17,1,1,0,1,0,10.292603305588974,9.168586394636657,33.29449476965752,14.274986267089844,16.941543579101562,0.058357760310173035,3.343653367608981,0.1398898959159851,8.015100632510318,0.1283027082681656
ppo_baseline,10,10017,1,314,58,169,1,1,0,1,0,3.5405788204378497,-4.550231043927474,57.45799650587013,1.0014466047286987,0.9067535400390625,0.05443251132965088,3.118753167487032,0.09157294780015945,5.246743426520933,0.10021898150444031
ppo_baseline,10,10017,1,315,59,25,1,1,0,1,0,5.0779587799593395,-2.360144546941226,0.5518792849370303,7.937553405761719,10.652935028076172,0.04551416635513306,2.6077696402054533,0.12525036931037903,7.17631754393961,0.10813935101032257
ppo_baseline,10,10017,1,316,60,108,1,1,0,1,0,-14.24352623098285,10.279721568814331,55.126525093064615,1.3242186307907104,1.4153590202331543,0.052847471088171005,3.0279370512918384,0.5350342988967896,30.65520722152704,0.3203646242618561
ppo_baseline,10,10017,1,317,61,139,1,1,0,1,0,-21.586580645393518,20.063161592535536,66.26006128926556,0.10538522899150848,0.7006263732910156,0.15720482170581818,9.007172802849976,1.233985424041748,70.7021567782534,0.774197518825531
ppo_baseline,10,10017,1,318,62,211,1,1,0,1,0,10.476526639559077,4.52120273995492,-50.48609457095795,4.971949577331543,4.46359395980835,0.08049429953098297,4.611983637987207,0.16045384109020233,9.193327901131381,0.16072121262550354
ppo_baseline,10,10017,1,319,63,148,1,1,0,1,0,37.57048005803064,45.01893795171294,-64.41394311888115,6.247901916503906,6.304041385650635,0.3416021168231964,19.57235956670405,0.8737941980361938,50.064719710492355,0.7784992456436157
ppo_baseline,10,10017,1,320,64,104,1,1,0,1,0,-13.834479861969127,-4.013924590298074,16.729947315299274,2.7894248962402344,0.7520439028739929,0.025899238884449005,1.4839170806800384,0.13002698123455048,7.449997247566497,0.09091272950172424
ppo_baseline,10,10017,1,321,65,11,1,1,0,1,0,4.128357579652467,4.323605367266452,-15.198386676950634,19.04184341430664,19.846969604492188,0.050068099051713943,2.868690763906168,0.13828644156455994,7.923229465531769,0.11921131610870361
ppo_baseline,10,10017,1,322,66,28,1,1,0,1,0,-4.502747568817546,-2.274248087939146,4.876741407010764,7.340773105621338,8.503181457519531,0.025192605331540108,1.4434299604360241,0.13096608221530914,7.503803770300565,0.09067564457654953
ppo_baseline,10,10017,1,323,67,107,1,1,0,1,0,-5.243577206953809,2.4792220649312284,-20.31223127080922,0.7693383097648621,1.197494626045227,0.021951904520392418,1.2577514812926391,0.20206981897354126,11.57774779415648,0.1229868158698082
ppo_baseline,10,10017,1,324,68,136,1,1,0,1,0,-8.527422876869219,-6.701685990968131,55.26241853679119,0.8345578908920288,0.5512241721153259,0.09103309363126755,5.215812061090884,0.20254197716712952,11.604800465911607,0.1923040747642517
ppo_baseline,10,10017,1,325,69,130,1,1,0,1,0,-8.663425603622514,-2.093493961743928,16.293115736741935,0.6715153455734253,1.5159326791763306,0.05885039269924164,3.3718791243540585,0.14664708077907562,8.40225880655509,0.13217392563819885
ppo_baseline,10,10017,1,326,70,94,1,1,0,1,0,4.16188014809889,2.8293102410294018,-8.529936386483785,1.6337660551071167,1.9785454273223877,0.042857926338911057,2.4555782979021714,0.3358956277370453,19.245401826230125,0.210805743932724
ppo_baseline,10,10017,1,327,71,152,1,1,0,1,0,-20.550468269059266,-1.2327808432956013,61.03846363106085,0.75635826587677,1.1337716579437256,0.1415177285671234,8.108368573174134,0.5859647989273071,33.57330992176661,0.434500128030777
ppo_baseline,10,10017,1,328,72,145,1,1,0,1,0,-4.490671794364963,11.06654570082146,40.626866768206284,0.563018798828125,0.8380774259567261,0.05721592903137207,3.27823125441766,0.24946026504039764,14.293020343029701,0.1819460690021515
ppo_baseline,10,10017,1,329,73,124,1,1,0,1,0,11.904145459118464,-4.211890793201723,-39.818705125232036,0.6933591365814209,1.0976532697677612,0.06059791520237923,3.4720047883879794,0.019381685182452202,1.110488760805756,0.0702887549996376
ppo_baseline,10,10017,1,330,74,174,1,1,0,1,0,27.53715073333535,1.1597934418248452,-80.95901087372651,12.248800277709961,11.307564735412598,0.239350825548172,13.713792126882295,0.889515221118927,50.96546798276071,0.6841084361076355
ppo_baseline,10,10017,1,331,75,182,1,1,0,1,0,35.39204586376843,10.558502569977572,-69.11961560793978,4.914557933807373,4.704903602600098,0.2635025084018707,15.097581622537707,1.182870626449585,67.77349460555698,0.8549377918243408
ppo_baseline,10,10017,1,332,76,127,1,1,0,1,0,37.890214873457275,22.06873735928306,-67.9232943144337,2.205645799636841,0.46398213505744934,0.2599313259124756,14.892967938024343,1.0843069553375244,62.1262122375204,0.8020848035812378
ppo_baseline,10,10017,1,333,77,14,1,1,0,1,0,-3.084253881989298,2.33550122441582,15.572790326494053,15.860306739807129,16.23819923400879,0.04532747343182564,2.5970729236349785,0.1413814127445221,8.100558251858224,0.11601817607879639
ppo_baseline,10,10017,1,334,78,136,1,1,0,1,0,4.972801187497823,-2.7271169506676713,55.153545321421184,1.076883316040039,1.0649199485778809,0.05233654007315636,2.998662860509164,0.06073549762368202,3.4798876804638206,0.08270429074764252
ppo_baseline,10,10017,1,335,79,139,1,1,0,1,0,-1.1283062697510864,1.3761874951091893,11.448995313207154,0.2209225296974182,0.9879850149154663,0.05910414829850197,3.3864182492194885,0.13602158427238464,7.7934627014906965,0.127114936709404
ppo_baseline,10,10017,1,336,80,22,1,1,0,1,0,-1.5214519583770203,5.466910732434886,-27.459723708904082,14.456047058105469,14.287080764770508,0.04170364886522293,2.3894430702728187,0.24194863438606262,13.862635609275213,0.16267797350883484
ppo_baseline,10,10017,1,337,81,188,1,1,0,1,0,0.6223941579282419,1.064362038741427,-20.566368949447053,0.5059800148010254,0.6769091486930847,0.023263176903128624,1.3328818546154868,0.19111022353172302,10.94980923016948,0.11881829053163528
ppo_baseline,10,10017,1,338,82,20,1,1,0,1,0,4.952064733177664,14.609815615792295,-50.65012839406498,6.598172664642334,9.078816413879395,0.10069845616817474,5.769596541919524,0.4636901021003723,26.567485852341562,0.3325434923171997
ppo_baseline,10,10017,1,339,83,18,1,1,0,1,0,8.11486579062211,-0.9505574267906746,-29.534680537240597,7.9702253341674805,11.692022323608398,0.05888681858778,3.373966174032321,0.046170417219400406,2.645370045029785,0.08197202533483505
ppo_baseline,10,10017,1,340,84,5,1,1,0,1,0,1.378195570725173,10.92277021879269,-54.749061518773026,16.464935302734375,18.071624755859375,0.06886866688728333,3.945883953333699,0.2520504295825958,14.441425839542093,0.19489388167858124
ppo_baseline,10,10017,1,341,85,92,1,1,0,1,0,1.9106361372843468,-2.057321279899541,-9.440263999063083,1.7662525177001953,1.9060064554214478,0.029963750392198563,1.716796435856443,0.1427304595708847,8.17785294137432,0.10132898390293121
ppo_baseline,10,10017,1,342,86,362,1,1,0,1,0,8.652852470787334,5.658019425411843,-31.120049405870596,1.305559515953064,1.1772202253341675,0.03932807967066765,2.253332981483509,0.10396845638751984,5.956953753494852,0.09131230413913727
ppo_baseline,10,10017,1,343,87,187,1,1,0,1,0,-9.532444232101575,-0.3005966253722612,30.2429984749276,0.41689711809158325,0.45959508419036865,0.05919230356812477,3.391469174110713,0.22315843403339386,12.78603643286206,0.170771524310112
ppo_baseline,10,10017,1,344,88,147,1,1,0,1,0,12.049546526169694,2.6462884920297403,-56.946579261576254,0.9521740674972534,0.9706891179084778,0.0537215918302536,3.078020480598015,0.1483037769794464,8.497180506771695,0.1278734803199768
ppo_baseline,10,10017,1,345,89,143,1,1,0,1,0,-9.355733577895005,1.6865103098595484,5.377230348632619,0.8612961769104004,0.9070122838020325,0.04026474058628082,2.3069996987830033,0.17390991747379303,9.964304286716787,0.12721970677375793
ppo_baseline,10,10017,1,346,90,151,1,1,0,1,0,10.217826394555676,-0.4005359533078877,-10.441405806846873,1.9313448667526245,0.7763849496841431,0.026124950498342514,1.496849403543223,0.05639508366584778,3.2312002793402446,0.0543224923312664
ppo_baseline,10,10017,1,347,91,86,1,1,0,1,0,-5.074571006131014,-0.16809095547401381,11.662288460608313,0.9076353311538696,4.025789260864258,0.06232083588838577,3.5707208721319392,0.13509012758731842,7.7400941646371555,0.12986589968204498
ppo_baseline,10,10017,1,348,92,109,1,1,0,1,0,9.223719681617,1.3373100583534765,20.22032424533753,0.41726821660995483,2.526179790496826,0.013982754200696945,0.8011528016687578,0.12772607803344727,7.318165205075142,0.07784579694271088
ppo_baseline,10,10017,1,349,93,168,1,1,0,1,0,9.701955866922953,-2.929563757666849,-55.64501841333862,0.4854543209075928,1.205403447151184,0.07660584896802902,4.389191831884676,0.12819136679172516,7.344824287179348,0.1407015323638916
ppo_baseline,10,10017,1,350,94,28,1,1,0,1,0,-0.9788070891978473,-1.6311174756907452,9.306283008304113,12.729585647583008,13.058716773986816,0.026476386934518814,1.5169852281032437,0.11886662989854813,6.8105562181303725,0.08590970188379288
ppo_baseline,10,10017,1,351,95,54,1,1,0,1,0,8.95081264313997,-2.3635869622829127,-3.3524344295606787,3.5581037998199463,1.8226203918457031,0.042960233986377716,2.4614400943139234,0.10829424113035202,6.20480296234122,0.09710735082626343
ppo_baseline,10,10017,1,352,96,89,1,1,0,1,0,5.904958084664484,-0.4729359585100229,37.50566156280722,6.463119983673096,4.811516761779785,0.018486838787794113,1.0592178390793496,0.10818378627300262,6.19847436518838,0.07257872819900513
ppo_baseline,10,10017,1,353,97,349,1,1,0,1,0,18.30386878688033,2.4906831223585097,-70.56805284408937,2.7258059978485107,1.2641205787658691,0.15811006724834442,9.05903955185976,0.5758394598960876,32.99317072913865,0.44602978229522705
ppo_baseline,10,10017,1,354,98,62,1,1,0,1,0,-8.52764144292266,-6.912820798591565,-61.599249482675575,2.554684638977051,2.7776129245758057,0.07116013020277023,4.077175130220153,0.3435908854007721,19.686307612627374,0.24295556545257568
ppo_baseline,10,10017,1,355,99,104,1,1,0,1,0,-6.054293340677643,-1.2425616741870598,-39.52675551934901,0.33516502380371094,1.6743440628051758,0.03091207705438137,1.7711315511992463,0.2222071886062622,12.731534084606299,0.14201566576957703
ppo_baseline,10,10017,1,356,100,204,1,1,0,1,0,19.21412809756793,0.7031543146744726,-68.11579636600135,1.5333147048950195,1.1927474737167358,0.18649150431156158,10.685176112098274,0.572829008102417,32.820684546933734,0.4729059934616089
ppo_baseline,10,10017,1,357,101,126,1,1,0,1,0,0.10738423413094048,66.2209652864564,-83.58775943996767,3.390098810195923,2.748231887817383,0.9411829710006714,53.92581198792222,0.6741797924041748,38.627656737765214,1.2782728672027588
ppo_baseline,10,10017,1,358,102,170,1,1,0,1,0,9.999861397762228,-0.21497337393698132,-35.95740794212707,0.2170563042163849,0.572599470615387,0.04703361541032791,2.694827658253259,0.1004195511341095,5.753616460582633,0.09724339097738266
ppo_baseline,10,10017,1,359,103,169,1,1,0,1,0,-19.81887304668086,11.705004463677572,64.31572499861637,1.3656986951828003,1.42111074924469,0.11757601797580719,6.736609601968053,0.8408287763595581,48.17594017855205,0.537990391254425
ppo_baseline,10,10017,1,360,104,182,1,1,0,1,0,12.924807947550148,1.0137366766132925,-30.70898130086255,1.5648167133331299,0.7913108468055725,0.03511533886194229,2.0119607129610166,0.14481297135353088,8.297172077306213,0.10752182453870773
ppo_baseline,10,10017,1,361,105,245,1,1,0,1,0,36.05992908156896,36.21610818713047,83.37017693376774,12.998355865478516,11.46591567993164,0.23901483416557312,13.694541238706613,0.5776011943817139,33.09411067978768,0.5278154611587524
ppo_baseline,10,10017,1,362,106,240,1,1,0,1,0,34.82985299318468,31.97458803330923,-67.25344400215221,3.4509003162384033,3.5429069995880127,0.2884913980960846,16.52933953673412,1.2123947143554688,69.46510023653737,0.8946887254714966
ppo_baseline,10,10017,1,363,107,95,1,1,0,1,0,-11.269388658792499,-2.6158121879531433,4.854338386533122,2.3032407760620117,1.0201854705810547,0.04141933470964432,2.3731530691023384,0.2038918137550354,11.682140405430953,0.14336523413658142
ppo_baseline,10,10017,1,364,108,33,1,1,0,1,0,-17.407160571506036,29.512960535679955,64.2562477113239,3.5514590740203857,6.845327377319336,0.19391275942325592,11.110382708688247,1.0801678895950317,61.889061239348386,0.7339966893196106
ppo_baseline,10,10017,1,365,109,61,1,1,0,1,0,9.736912775095078,0.6355354418913465,18.745809346936834,0.7999202609062195,2.4096057415008545,0.015157166868448257,0.8684416909376078,0.06716573238372803,3.8483129934927742,0.04874003306031227
ppo_baseline,10,10017,1,366,110,60,1,1,0,1,0,-10.60554891298062,2.5794755815686754,-27.209574860741537,0.5990546345710754,2.7471184730529785,0.04780953750014305,2.7392847192306373,0.26403334736824036,15.127996454911774,0.17982621490955353
ppo_baseline,10,10017,1,367,111,233,1,1,0,1,0,34.06435271176633,4.201222037718163,-77.11295867284902,3.8908474445343018,2.3442318439483643,0.2625817358493805,15.044825241388528,0.9968067407608032,57.11281923578519,0.7609851360321045
ppo_baseline,10,10017,1,368,112,115,1,1,0,1,0,-8.07794178796902,-5.647705839765123,43.74315423740294,0.6220303177833557,0.45762133598327637,0.07087995857000351,4.061122478123331,0.1449102908372879,8.302748072989882,0.14333510398864746
ppo_baseline,10,10017,1,369,113,309,1,1,0,1,0,-3.7933914423767017,0.43475520104965165,21.342223797647144,0.5186099410057068,0.6785017848014832,0.054104194045066833,3.099941972739171,0.0999225601553917,5.725140975046028,0.10406547784805298
ppo_baseline,10,10017,1,370,114,29,1,1,0,1,0,-5.002444208495679,6.563989377300674,24.014931461386492,13.186582565307617,13.980836868286133,0.0228701364248991,1.3103622940351318,0.23795145750045776,13.633614243762807,0.14184586703777313
ppo_baseline,10,10017,1,371,115,72,1,1,0,1,0,-4.518538966178616,-4.872069557618476,10.436815919724625,6.415854454040527,4.642104148864746,0.02780921198427677,1.5933504782836885,0.10266365110874176,5.882193917934478,0.0791410356760025
ppo_baseline,10,10017,1,372,116,149,1,1,0,1,0,6.043160132330522,0.4881946011158314,-27.68222395130642,0.4276970326900482,0.7289819717407227,0.04935842752456665,2.8280295805600244,0.05733800679445267,3.285225795014576,0.07802742719650269
ppo_baseline,10,10017,1,373,117,181,1,1,0,1,0,22.115619777746026,-10.817721909357894,-83.94030648416704,13.28626823425293,11.081222534179688,0.22978802025318146,13.16588374317398,0.7921376824378967,45.38614599696575,0.625856876373291
ppo_baseline,10,10017,1,374,118,119,1,1,0,1,0,34.623499317980254,8.577856993700594,-71.46116837996023,4.307638645172119,4.425441265106201,0.2866445779800415,16.42352453856499,1.111376404762268,63.67717744330105,0.8423327803611755
ppo_baseline,10,10017,1,375,119,127,1,1,0,1,0,-9.217873039687468,-4.442314055041273,33.81707254305519,2.2418625354766846,1.0125393867492676,0.058493468910455704,3.351428897648806,0.149923175573349,8.589965211551734,0.1334550529718399
ppo_baseline,10,10017,1,376,120,23,1,1,0,1,0,-0.23240401669885385,19.229496023200458,66.55460636703319,7.443037986755371,10.929495811462402,0.12482443451881409,7.151913278035154,0.6976357102394104,39.97158183432985,0.4736422896385193
ppo_baseline,10,10017,1,377,121,121,1,1,0,1,0,-3.641870525829139,-1.1330600814134153,-35.219365021172166,0.622187077999115,2.2617335319519043,0.01265713945031166,0.7252006712113929,0.21832983195781708,12.509377912983402,0.1218220591545105
ppo_baseline,10,10017,1,378,122,293,1,1,0,1,0,20.75635749140013,24.366754505533848,-71.91381867663532,12.631670951843262,12.332481384277344,0.25646477937698364,14.694349452054958,0.9857112169265747,56.477092548597085,0.749320387840271
ppo_baseline,10,10017,1,379,123,274,1,1,0,1,0,13.903505753721277,62.283880324320975,-77.2044832077272,6.058774471282959,6.020166397094727,0.6469060182571411,37.06498458774716,0.717197597026825,41.09239538656143,1.005504846572876
ppo_baseline,10,10017,1,380,124,77,1,1,0,1,0,14.520381118800147,17.14594681688807,-47.859750231304645,7.399451732635498,8.005292892456055,0.10075836628675461,5.773029138864279,0.4568783938884735,26.177203720525156,0.32919755578041077
ppo_baseline,10,10017,1,381,125,342,1,1,0,1,0,-4.438106658512545,-12.55614165690954,67.0299602125094,2.814903497695923,1.3197870254516602,0.16570639610290527,9.494277135019544,0.5119936466217041,29.335075088936144,0.4217032194137573
ppo_baseline,10,10017,1,382,126,101,1,1,0,1,0,-3.0299402177093566,1.9670398394503121,3.798199895552391,0.9296640157699585,1.5897610187530518,0.031596358865499496,1.8103380109738831,0.1408366709947586,8.069346848672206,0.1020146906375885
ppo_baseline,10,10017,1,383,127,79,1,1,0,1,0,-5.639782820327909,5.402993822181907,-16.51541107346917,1.171836256980896,1.8416463136672974,0.03740479052066803,2.1431366304052273,0.19298994541168213,11.057509360549533,0.1338997632265091
ppo_baseline,10,10017,1,384,128,261,1,1,0,1,0,10.385644142462889,7.202420819400106,-49.20677281865788,2.109463930130005,1.8242512941360474,0.07435167580842972,4.260037223547966,0.19528481364250183,11.188995624714156,0.17199409008026123
ppo_baseline,10,10017,1,385,129,192,1,1,0,1,0,-10.372011084879542,15.66788022011897,50.45341894596861,0.5575374364852905,0.8045072555541992,0.0790276750922203,4.527952247515362,0.5262510180473328,30.151962298575086,0.3421531915664673
ppo_baseline,10,10017,1,386,130,121,1,1,0,1,0,12.455642253461972,-4.91725808916728,-44.23144446116715,1.6114590167999268,0.7394832372665405,0.05786428228020668,3.3153791592094786,0.06820239871740341,3.9077095991756745,0.09196548163890839
ppo_baseline,10,10017,1,387,131,108,1,1,0,1,0,-7.872872188328557,0.6247983845160864,9.998017246686326,0.8621060848236084,1.0873669385910034,0.05367099866271019,3.075121705625579,0.13438761234283447,7.699843006084625,0.12086480855941772
ppo_baseline,10,10017,1,388,132,199,1,1,0,1,0,2.5199982942762045,3.9887348526390665,14.949276017541928,0.8315247297286987,1.1004657745361328,0.02192753553390503,1.2563552412159005,0.12338338792324066,7.069347390027101,0.08361922949552536
ppo_baseline,10,10017,1,389,133,110,1,1,0,1,0,4.3905548815109166,-0.5901966461808018,31.439797881675574,1.1565550565719604,1.4374754428863525,0.03809580206871033,2.1827286757028523,0.055414829403162,3.1750358472386413,0.06580321490764618
ppo_baseline,10,10017,1,390,134,116,1,1,0,1,0,-9.396605429888362,-15.68491471190898,69.0661762078736,5.209409236907959,4.896899223327637,0.18352003395557404,10.51492340175195,0.5075023174285889,29.077740881766744,0.4372711777687073
ppo_baseline,10,10017,1,391,135,132,1,1,0,1,0,6.280167696529964,-0.1986902029556709,-24.953098925022765,0.5898435711860657,0.5296419858932495,0.03654204308986664,2.0937048438345522,0.04655885323882103,2.6676257895534485,0.0598214715719223
ppo_baseline,10,10017,1,392,136,126,1,1,0,1,0,-4.610937765270548,-1.0391313199474,12.868103717060702,0.763007640838623,2.6685941219329834,0.054604966193437576,3.1286341033385137,0.10326210409402847,5.916482748228411,0.10623601824045181
ppo_baseline,10,10017,1,393,137,484,1,1,0,1,0,10.53122279443254,3.6196314298915775,-65.50398666890183,4.326027870178223,2.3889734745025635,0.09089808166027069,5.208076444969022,0.26368558406829834,15.108071085555554,0.22274087369441986
ppo_baseline,10,10017,1,394,138,189,1,1,0,1,0,5.578051570609333,2.59802637535443,-49.150492059896976,1.3806098699569702,0.9020488262176514,0.058659087866544724,3.360918164840069,0.09967631101608276,5.711031938654896,0.1084972470998764
ppo_baseline,10,10017,1,395,139,86,1,1,0,1,0,-9.350105502018915,-0.4953389789876647,1.024760601933693,1.9426965713500977,1.966644048690796,0.06816792488098145,3.9057343938450715,0.20795021951198578,11.914669926855806,0.17214304208755493
ppo_baseline,10,10017,1,396,140,138,1,1,0,1,0,24.315651030163814,32.82405866038372,-75.47125440394476,3.4150784015655518,3.0210251808166504,0.23005081713199615,13.180940895199273,1.1004133224487305,63.04903909628082,0.7802574634552002
ppo_baseline,10,10017,1,397,141,17,1,1,0,1,0,0.5857706835986336,5.731416638232799,-0.7623720547784832,8.538668632507324,12.192448616027832,0.0898561030626297,5.148375468981232,0.17047218978405,9.767336998979253,0.1750921905040741
ppo_baseline,10,10017,1,398,142,241,1,1,0,1,0,-2.5567993535242333,1.5791397361069481,-24.857858767236106,3.1967878341674805,3.175601005554199,0.019360175356268883,1.109256338547392,0.2700411081314087,15.472215790965615,0.15438072383403778
ppo_baseline,10,10017,1,399,143,128,1,1,0,1,0,-16.27302132020376,-2.6630770970096314,58.993067861452154,0.8635069131851196,1.1397122144699097,0.12588128447532654,7.212466320121902,0.47018054127693176,26.939360624344783,0.3609715700149536
ppo_baseline,10,10017,1,400,144,100,1,1,0,1,0,-2.1175362276223733,-4.635854295362755,52.198614241176905,3.1928060054779053,1.2029139995574951,0.045272961258888245,2.5939496061935787,0.13894051313400269,7.960705005960336,0.11474321782588959
ppo_baseline,10,10017,1,401,145,183,1,1,0,1,0,7.179662629085623,3.8014920467323368,-15.118664708958244,0.6402524709701538,0.8623858094215393,0.02601916901767254,1.4907885711501885,0.07249633222818375,4.15373386685318,0.06226733326911926
ppo_baseline,10,10017,1,402,146,126,1,1,0,1,0,-3.5895785975435213,-4.816553780044612,36.16962191963936,7.606961727142334,5.234645366668701,0.02961082011461258,1.6965750204883854,0.07093080133199692,4.064035553804342,0.06507621705532074
ppo_baseline,10,10017,1,403,147,253,1,1,0,1,0,-4.080805802650838,8.636856167751164,41.08671608426656,0.8931581377983093,1.1252801418304443,0.03498454391956329,2.004466714781043,0.20796872675418854,11.91573031372445,0.13896891474723816
ppo_baseline,10,10017,1,404,148,154,1,1,0,1,0,5.405575633688171,-0.7812780184010786,-32.16042382024694,0.3396754562854767,0.7001818418502808,0.045554716140031815,2.6100929717403156,0.0491919219493866,2.818489513836809,0.07015067338943481
ppo_baseline,10,10017,1,405,149,167,1,1,0,1,0,7.983384649099364,55.367302921685905,-73.99647995835561,0.8620745539665222,1.6209617853164673,0.47279733419418335,27.089291814363026,1.1486625671386719,65.81351718170846,1.047128677368164
ppo_baseline,10,10017,1,406,150,194,1,1,0,1,0,10.599060233269107,-9.667463411614388,-66.43819262281949,4.178560733795166,3.6040594577789307,0.15264061093330383,8.745662788776759,0.41199561953544617,23.605610177258676,0.3586384057998657
ppo_baseline,10,10017,1,407,151,91,1,1,0,1,0,1.9233812702755906,-0.5697607201841237,9.675850883915164,1.0076035261154175,1.9828572273254395,0.021355770528316498,1.2235955195224038,0.08815598487854004,5.050965872359449,0.06543376296758652
ppo_baseline,10,10017,1,408,152,110,1,1,0,1,0,-16.694635237290306,37.05519692666654,60.12545858432691,3.0036048889160156,0.09132302552461624,0.21598105132579803,12.374802695766641,1.14957857131958,65.86600035529084,0.7907703518867493
ppo_baseline,10,10017,1,409,153,137,1,1,0,1,0,-8.39896067895962,-3.2923834063779265,32.906649307827514,1.0068150758743286,0.632755696773529,0.061585646122694016,3.5285976014165894,0.16402462124824524,9.397918533756297,0.14359796047210693
ppo_baseline,10,10017,1,410,154,72,1,1,0,1,0,-8.519499857432004,2.2387857457684395,-3.810111745464893,1.3988450765609741,2.0393333435058594,0.02537534385919571,1.453900106825125,0.19080957770347595,10.932583493082706,0.12078013271093369
ppo_baseline,10,10017,1,411,155,122,1,1,0,1,0,-8.224107836207294,-5.390235028812323,56.725745585331396,1.6458467245101929,1.3956637382507324,0.07237260043621063,4.14664455738153,0.14107249677181244,8.082858670397783,0.14290884137153625
ppo_baseline,10,10017,1,412,156,113,1,1,0,1,0,4.817578308420114,-2.2656147288282495,-43.818573186218224,0.8846303224563599,2.0363919734954834,0.0481155589222908,2.756818455160295,0.11723175644874573,6.716884869418702,0.10673143714666367
ppo_baseline,10,10017,1,413,157,86,1,1,0,1,0,-11.106393024439313,0.7503509218392608,37.09113738207915,8.66692066192627,7.85255241394043,0.08832207322120667,5.06048203342057,0.21601302921772003,12.376634894011497,0.19632858037948608
ppo_baseline,10,10017,1,414,158,73,1,0,1,0,1,nan,nan,nan,nan,nan,nan,nan,nan,nan,nan
ppo_baseline,10,10017,1,415,159,199,1,1,0,1,0,17.951198799275893,9.121744957308708,-62.14140257823451,1.3988276720046997,0.7373800277709961,0.14672856032848358,8.406927240852793,0.5249499082565308,30.07741419887898,0.40920352935791016
ppo_baseline,10,10017,1,416,160,56,1,1,0,1,0,10.640956613637965,0.2821824353699068,2.2993968444631325,1.6062222719192505,4.221404552459717,0.003933336120098829,0.22536355908802522,0.10556158423423767,6.048233255336549,0.05671412870287895
ppo_baseline,10,10017,1,417,161,67,1,1,0,1,0,-1.1412016669040705,5.982398769474088,28.126882926652588,1.0739578008651733,2.451897621154785,0.04346053674817085,2.490105331043409,0.16037054359912872,9.188555306448835,0.12364581227302551
ppo_baseline,10,10017,1,418,162,136,1,1,0,1,0,-1.2509764672445154,0.11635910270033722,25.916770315019864,0.4945540428161621,0.8915151357650757,0.05484973266720772,3.142658189251842,0.08208619803190231,4.703192703503087,0.09589283168315887
ppo_baseline,10,10017,1,419,163,106,1,1,0,1,0,11.778538280281929,-0.02542196409078746,3.236266572157102,1.2100318670272827,2.096545696258545,0.004235298838466406,0.24266474842078486,0.06866022199392319,3.9339409406831085,0.03856540843844414
ppo_baseline,10,10017,1,420,164,90,1,1,0,1,0,9.344941879006386,-1.7501813333024074,5.152120973967338,3.2225606441497803,1.533568024635315,0.018178729340434074,1.0415644681175111,0.11440902203321457,6.555154100722439,0.07538323849439621
ppo_baseline,10,10017,1,421,165,192,1,1,0,1,0,-3.182936455117642,7.691175496027879,-38.50621597432239,0.8719182014465332,1.4650459289550781,0.0471891388297081,2.703738493799187,0.22281871736049652,12.766572101274818,0.15859849750995636
ppo_baseline,10,10017,1,422,166,131,1,1,0,1,0,-13.591926184163635,-2.1697188728812704,35.77467306107255,2.314072370529175,0.9248692393302917,0.047137267887592316,2.700766507736585,0.17248378694057465,9.882593026128633,0.13337916135787964
ppo_baseline,10,10017,1,423,167,103,1,1,0,1,0,-6.777692336052033,2.923157040225377,-16.621033118794248,0.06325424462556839,1.1439841985702515,0.01917254365980625,1.0985058342372034,0.19039437174797058,10.908793944203552,0.11436972767114639
ppo_baseline,10,10017,1,424,168,195,1,1,0,1,0,8.374768148919435,0.6404258573370756,-32.35554866445586,0.6393051743507385,0.3961986303329468,0.040193602442741394,2.302923783395798,0.07837002724409103,4.490271801411694,0.07937861979007721
ppo_baseline,10,10017,1,425,169,121,1,1,0,1,0,-9.698554432716286,-5.607271119878648,40.65974729887073,0.5563570857048035,0.14497320353984833,0.0549558624625206,3.1487389786038578,0.21248415112495422,12.174445072879841,0.16119793057441711
ppo_baseline,10,10017,1,426,170,217,1,1,0,1,0,15.792216983769881,0.6216291767412004,-64.20849102864717,1.6395013332366943,1.0324229001998901,0.16076505184173584,9.211158963733347,0.42766273021698,24.503269496474893,0.37459641695022583
ppo_baseline,10,10017,1,427,171,215,1,1,0,1,0,-8.824235577441293,-4.54804538339307,52.63888823507593,1.209680199623108,1.3895349502563477,0.08795846998691559,5.039649102678385,0.23151445388793945,13.264801104055044,0.20371569693088531
ppo_baseline,10,10017,1,428,172,183,1,1,0,1,0,-29.929902603374213,22.029026639448606,63.07648279636594,1.2025244235992432,0.4538361728191376,0.19702492654323578,11.288696749802478,0.8227472305297852,47.13994391543368,0.6083985567092896
ppo_baseline,10,10017,1,429,173,69,1,0,1,0,1,nan,nan,nan,nan,nan,nan,nan,nan,nan,nan
ppo_baseline,10,10017,1,430,174,52,1,1,0,1,0,3.689490604722468,0.37022357377137116,4.07097033024602,12.65821361541748,13.683006286621094,0.03251116722822189,1.8627526692211493,0.03038276918232441,1.7408044440673318,0.04770255088806152
ppo_baseline,10,10017,1,431,175,4,1,1,0,1,0,11.450935086931437,5.826547512992737,-42.22041820346196,20.867023468017578,21.356891632080078,0.07753526419401169,4.4424434017486805,0.07230117172002792,4.142551993408223,0.11368584632873535
ppo_baseline,10,10017,1,432,176,232,1,1,0,1,0,4.497911794885177,-3.742028419818206,49.116231831020194,0.46986833214759827,0.7838749289512634,0.06270480155944824,3.592720484561727,0.18637636303901672,10.678579003133688,0.1558929830789566
ppo_baseline,10,10017,1,433,177,109,1,1,0,1,0,6.4957557874922465,-1.199394878632579,29.977987135131105,0.7061854600906372,1.491546392440796,0.03391031175851822,1.9429177457359428,0.10655476897954941,6.105138549519687,0.08718769252300262
ppo_baseline,10,10017,1,434,178,195,1,1,0,1,0,8.053298465443614,2.0314758440802123,-33.74595661341702,0.1941085308790207,0.6467320919036865,0.04183488339185715,2.3969622547753566,0.05604543536901474,3.2111669076177742,0.06985759735107422
ppo_baseline,10,10017,1,435,179,123,1,1,0,1,0,12.45386640427777,62.038457967064076,-92.03976336802161,2.768012046813965,2.3190860748291016,0.6325342655181885,36.2415438115996,0.7211625576019287,41.31957089345064,0.9931155443191528
ppo_baseline,10,10017,1,436,180,68,1,1,0,1,0,1.4477542172325828,1.2552931467999635,-12.185508271787969,8.154684066772461,8.655420303344727,0.005733788013458252,0.3285218537938583,0.06875893473625183,3.9395967642027023,0.04011325538158417
ppo_baseline,10,10017,1,437,181,138,1,1,0,1,0,16.077158815564474,0.6479117446674095,-31.43822693816647,1.97138249874115,0.698294460773468,0.043153826147317886,2.4725321080826124,0.1982625126838684,11.359605212444611,0.1422850787639618
ppo_baseline,10,10017,1,438,182,296,1,1,0,1,0,58.35086615493087,39.926021057471274,105.15339872536593,2.9573049545288086,2.1487855911254883,0.3108515441417694,17.810481534447998,0.5632991194725037,32.27466214920999,0.5925011038780212
ppo_baseline,10,10017,1,439,183,188,1,1,0,1,0,-9.483922568237805,8.431759247354021,33.803330202445125,0.13749055564403534,0.3901519775390625,0.04301394149661064,2.4645173079784257,0.309097558259964,17.709985546095016,0.19756272435188293
ppo_baseline,10,10017,1,440,184,23,1,1,0,1,0,5.828118456501841,12.98914832953167,-35.68447358289336,18.433744430541992,18.014739990234375,0.05153284966945648,2.9526147923419956,0.32908132672309875,18.85497113779927,0.21607351303100586
ppo_baseline,10,10017,1,441,185,7,1,1,0,1,0,15.392719219215836,17.46277197172828,-57.6167574229379,11.36390495300293,12.987916946411133,0.15631091594696045,8.95595577558499,0.5485395789146423,31.429002767692367,0.4305807054042816
ppo_baseline,10,10017,1,442,186,323,1,1,0,1,0,19.277553234200667,46.95200443023161,82.18330862207297,5.417165756225586,4.741115570068359,0.33283278346061707,19.069913775884988,0.9470489621162415,54.261908521505624,0.8063572645187378
ppo_baseline,10,10017,1,443,187,78,1,1,0,1,0,9.225345266639462,2.1987881579888446,-48.85608358591275,1.526050329208374,2.261216163635254,0.05827011540532112,3.3386316844651405,0.03697727993130684,2.1186420779376807,0.07675875723361969
ppo_baseline,10,10017,1,444,188,47,1,1,0,1,0,-7.350717886659423,1.1450538935959576,-17.39251664592553,1.1872129440307617,3.501816749572754,0.0646592304110527,3.704701009117263,0.2189178466796875,12.543068674838135,0.17411816120147705
ppo_baseline,10,10017,1,445,189,48,1,1,0,1,0,13.835313145047868,5.091564516786005,24.470559720539704,2.0911991596221924,2.3556900024414062,0.021009914577007294,1.2037794331929041,0.13942600786685944,7.98852180512886,0.09072291851043701
ppo_baseline,10,10017,1,446,190,156,1,1,0,1,0,12.313615299860727,66.06111153912143,-79.81880641444127,2.0791778564453125,1.8981469869613647,0.7792732119560242,44.64906613268383,0.6555545926094055,37.560511396937,1.1070505380630493
ppo_baseline,10,10017,1,447,191,150,1,1,0,1,0,41.57294359090143,36.58743825154738,-63.787478168207585,5.182755470275879,4.41361665725708,0.2929029166698456,16.7821009322542,1.1414823532104492,65.40212122762026,0.8636441230773926
ppo_baseline,10,10017,1,448,192,115,1,1,0,1,0,1.7191039725788493,-1.3631554941728048,22.794021486868374,0.1913163661956787,1.6668013334274292,0.05251582711935043,3.0089352515774515,0.0939144417643547,5.380901148424678,0.09947304427623749
ppo_baseline,10,10017,1,449,193,143,1,1,0,1,0,15.5668344015378,-8.337598259456225,-74.79757918572805,0.6371855139732361,1.7127771377563477,0.1431988775730133,8.20469131594424,0.5743877291679382,32.90999268542623,0.4303927421569824
ppo_baseline,10,10017,1,450,194,175,1,1,0,1,0,27.802694827887105,-0.13049759428226362,-71.92868116826926,8.11466121673584,7.460814476013184,0.23027794063091278,13.19395411311544,0.930857241153717,53.33419124729947,0.6957065463066101
ppo_baseline,10,10017,1,451,195,160,1,1,0,1,0,25.109660521177798,50.68457986823852,-61.33014002937708,9.700475692749023,9.39992904663086,0.33988523483276367,19.473989474730235,1.2166922092437744,69.71132855611631,0.9482313394546509
ppo_baseline,10,10017,1,452,196,132,1,1,0,1,0,-26.856426759895196,8.298201728323592,63.49959935506988,1.3218936920166016,1.0133684873580933,0.15775544941425323,9.038721446626266,0.9822918772697449,56.28117881753902,0.6489014029502869
ppo_baseline,10,10017,1,453,197,124,1,1,0,1,0,6.247847241377464,-0.9209417265494992,-25.782666380855833,0.8647196292877197,1.0043779611587524,0.04840705171227455,2.773519761784857,0.08778686076402664,5.029816618481328,0.09230048209428787
ppo_baseline,10,10017,1,454,198,66,1,1,0,1,0,9.071215217828955,3.4755964006743483,-11.063663360991715,2.5951781272888184,2.7436444759368896,0.014039978384971619,0.8044315059137755,0.16551338136196136,9.483218204979648,0.0967966690659523
ppo_baseline,10,10017,1,455,199,127,1,1,0,1,0,-3.9234382441737443,-2.6540612473052145,34.39899099996194,0.9722567796707153,1.5710023641586304,0.05427563190460205,3.1097646385392954,0.06494554132223129,3.721105415956341,0.086748406291008
ppo_baseline,10,10017,1,456,200,153,1,1,0,1,0,-5.943207144016555,4.523661608056125,3.7387772497732796,0.6549909710884094,0.3832397758960724,0.024377159774303436,1.3967083715836692,0.18884772062301636,10.820177362364515,0.11880102008581161
ppo_baseline,10,10017,1,457,201,148,1,1,0,1,0,-4.712243131040177,-4.454007338900335,39.43512170144412,1.1565196514129639,0.23220179975032806,0.056029003113508224,3.2102254087293702,0.10967312008142471,6.283806906697111,0.11086556315422058
ppo_baseline,10,10017,1,458,202,129,1,1,0,1,0,8.761083648375356,-1.6600774777715992,-19.637627146865402,1.0758308172225952,1.6392128467559814,0.04514221101999283,2.586458169334544,0.03793347254395485,2.173427879043999,0.0641089454293251
ppo_baseline,10,10017,1,459,203,1,1,1,0,1,0,-20.085687556418236,6.767979807052275,61.640012051642216,23.351659774780273,23.84816551208496,0.10612605512142181,6.080575054830205,0.5018478631973267,28.75376451886553,0.35705000162124634
ppo_baseline,10,10017,1,460,204,24,1,1,0,1,0,1.612976493255191,0.3023178330431044,30.621623181378087,5.625385761260986,7.879533290863037,0.048573512583971024,2.783057267187133,0.1445310264825821,8.281017826145487,0.12083902955055237
ppo_baseline,10,10017,1,461,205,114,1,1,0,1,0,22.106945437500112,-5.971566089450448,-81.48127445842238,4.341637134552002,2.8053927421569824,0.09488127380609512,5.43629654391442,0.432272732257843,24.76740315696304,0.31101763248443604
ppo_baseline,10,10017,1,462,206,162,1,1,0,1,0,18.360518375856415,0.7902255662137952,-65.78850502896788,1.758165955543518,1.9017521142959595,0.08738981932401657,5.007067819676954,0.3660910427570343,20.97547166752143,0.2704353332519531
ppo_baseline,10,10017,1,463,207,225,1,1,0,1,0,-27.05597756668629,17.931500533709574,65.25553170765345,4.214963912963867,4.305247783660889,0.18463324010372162,10.578705415768823,1.2356951236724854,70.80011535132971,0.8024808168411255
ppo_baseline,10,10017,1,464,208,244,1,1,0,1,0,7.321566639281809,-0.5497072847809662,-44.86178895928929,1.2683942317962646,0.47731974720954895,0.05987352505326271,3.4305002901227506,0.029005229473114014,1.6618772326178974,0.07437613606452942
ppo_baseline,10,10017,1,465,209,97,1,1,0,1,0,-8.499063931435327,1.9513440647376228,-6.485305598062127,0.730914831161499,1.8227075338363647,0.0114560816437006,0.6563851279413393,0.1833827793598175,10.507059292696328,0.1031474694609642
ppo_baseline,10,10017,1,466,210,126,1,1,0,1,0,-11.53243290410803,-0.6311231396875182,19.94290928200829,1.8112385272979736,0.23547857999801636,0.06021446734666824,3.4500348445923987,0.2735496759414673,15.67324191861743,0.1969892978668213
ppo_baseline,10,10017,1,467,211,165,1,1,0,1,0,38.066515716313646,34.163185549056415,-68.83247445523244,1.6902257204055786,1.4930884838104248,0.3211285173892975,18.399308727700213,1.1821186542510986,67.73040977227254,0.9121878147125244
ppo_baseline,10,10017,1,468,212,139,1,1,0,1,0,12.246693106372943,-2.185018496622099,-40.41019950735514,1.1449182033538818,0.952113151550293,0.037529997527599335,2.1503104634678563,0.04384233057498932,2.5119805059642557,0.059451162815093994
ppo_baseline,10,10017,1,469,213,110,1,1,0,1,0,-5.513506282952713,2.11604724638331,7.915451587614417,0.11507557332515717,1.3384019136428833,0.03208252787590027,1.8381934433998992,0.15119236707687378,8.662684528097566,0.10767871141433716
ppo_baseline,10,10017,1,470,214,75,1,1,0,1,0,-0.9518141815979569,-1.7323681999470142,-8.698778662766498,1.1294645071029663,2.9801552295684814,0.050394631922245026,2.887399719259891,0.15202675759792328,8.710491583419424,0.12640801072120667
ppo_baseline,10,10017,1,471,215,65,1,1,0,1,0,-6.84555709564528,0.9849132783158386,-7.3898412102252555,1.2776789665222168,2.8586864471435547,0.009166949428617954,0.5252275132696703,0.29827791452407837,17.09006562419361,0.15830591320991516
ppo_baseline,10,10017,1,472,216,174,1,1,0,1,0,16.98536906950107,-2.0893412067285606,-60.12797209394147,1.380837082862854,1.5467870235443115,0.09359447658061981,5.36256849380554,0.3275698125362396,18.768367754218094,0.2573793828487396
ppo_baseline,10,10017,1,473,217,160,1,1,0,1,0,11.662438724770052,-3.344128919529943,-51.729626132007155,1.5346739292144775,1.7996025085449219,0.044009190052747726,2.5215408498115695,0.04746890440583229,2.7197678805641488,0.06774364411830902
ppo_baseline,10,10017,1,474,218,151,1,1,0,1,0,38.6521907772639,25.349236236505163,-65.0524838440073,1.3823819160461426,1.2607465982437134,0.27250149846076965,15.6131857727928,1.1181857585906982,64.06732467888135,0.8315943479537964
ppo_baseline,10,10017,1,475,219,131,1,1,0,1,0,25.729363584573054,0.11627714043029708,-79.27900290395682,4.625854969024658,3.383491039276123,0.14450320601463318,8.279423830747934,0.5681533217430115,32.552787452212904,0.4285798668861389
ppo_baseline,10,10017,1,476,220,129,1,1,0,1,0,10.34357017717561,-2.104039773822428,-35.25428094820928,0.8324402570724487,0.6452955603599548,0.05134710296988487,2.9419722903980583,0.11640770733356476,6.669670333007343,0.10955095291137695
ppo_baseline,10,10017,1,477,221,113,1,1,0,1,0,2.3372087717083234,-0.22071073283979203,26.674169992082575,0.24763648211956024,1.036275863647461,0.04545626416802406,2.604452089259531,0.14842936396598816,8.504376111062303,0.11967094242572784
ppo_baseline,10,10017,1,478,222,157,1,1,0,1,0,21.31430198432013,52.06037121237585,86.18391434348952,4.41909646987915,3.0280845165252686,0.3689391016960144,21.138653424529497,0.7302431464195251,41.8398503081926,0.7340606451034546
ppo_baseline,10,10017,1,479,223,143,1,1,0,1,0,-3.7161829839988774,1.9757141796962283,8.10451122384037,0.8312262892723083,0.7233744859695435,0.03616410493850708,2.0720505828446734,0.1329769492149353,7.619017962541278,0.10265257954597473
ppo_baseline,10,10017,1,480,224,98,1,1,0,1,0,-7.1552651933703375,2.0121737294857565,-2.50674772728638,0.21656854450702667,0.9482387900352478,0.04613750800490379,2.6434844859320386,0.1643907129764557,9.418894044697407,0.12833286821842194
ppo_baseline,10,10017,1,481,225,48,1,1,0,1,0,-1.3379657565137977,9.279208138434184,38.80704482612643,6.895042419433594,7.186001777648926,0.04220611974596977,2.4182325310678343,0.4961954355239868,28.429904269180206,0.2903038263320923
ppo_baseline,10,10017,1,482,226,139,1,1,0,1,0,-0.2309286958381311,4.245891474890047,8.04562133281652,0.3611152768135071,0.22866091132164001,0.02487812750041485,1.425411707962119,0.14535392820835114,8.328166621986083,0.09755509346723557
ppo_baseline,10,10017,1,483,227,123,1,1,0,1,0,7.710354667217274,2.093862791959109,10.464614789646577,0.4301159083843231,0.7749080061912537,0.011459619738161564,0.6565878458214711,0.08448796719312668,4.840803939805919,0.05370360240340233
ppo_baseline,10,10017,1,484,228,113,1,1,0,1,0,-8.97242336167389,0.9462817283702466,-1.6742842712452257,1.111717700958252,1.9619712829589844,0.0669768676161766,3.8374918394133584,0.1641763597726822,9.406612510796077,0.1490650475025177
ppo_baseline,10,10017,1,485,229,143,1,1,0,1,0,-4.984193943033405,-3.809018915197691,42.40787957542213,0.6122902631759644,0.5729063749313354,0.06709924340248108,3.8445034554831996,0.09969817847013474,5.712284851480771,0.11694833636283875
ppo_baseline,10,10017,1,486,230,126,1,1,0,1,0,24.824746010139883,1.72481401072498,-67.37048612376955,1.9412193298339844,1.6074559688568115,0.20277561247348785,11.618186782911186,0.6552112102508545,37.54083703703278,0.5303812026977539
ppo_baseline,10,10017,1,487,231,148,1,1,0,1,0,-32.599413738582,38.22205278409317,64.53347142935637,5.137942314147949,4.606189727783203,0.2672184407711029,15.31048886425076,1.352459192276001,77.49020368108717,0.9434480667114258
ppo_baseline,10,10017,1,488,232,127,1,1,0,1,0,-9.525504759904843,1.5466416960360274,11.483310183597297,1.2825696468353271,0.6666198372840881,0.03880917280912399,2.223601808356678,0.3420089781284332,19.595671002341305,0.20981365442276
ppo_baseline,10,10017,1,489,233,95,1,1,0,1,0,-6.7686764863476165,1.5517096964001769,-19.07558454044339,0.23030103743076324,1.719556212425232,0.033472031354904175,1.9178061283655679,0.23087376356124878,13.22809225236081,0.14890891313552856
ppo_baseline,10,10017,1,490,234,63,1,1,0,1,0,-7.1954267056900125,-3.0556763705019647,-11.365175231712756,1.4480195045471191,4.177640914916992,0.007044920697808266,0.40364422298877245,0.2999231219291687,17.184329064928956,0.15700648725032806
ppo_baseline,10,10017,1,491,235,220,1,0,1,0,1,nan,nan,nan,nan,nan,nan,nan,nan,nan,nan
ppo_baseline,10,10017,1,492,236,172,1,1,0,1,0,-10.543093663210023,14.615675918100166,57.31912509966543,1.1091126203536987,1.600416898727417,0.08124006539583206,4.654712874547982,0.37931689620018005,21.73325725027225,0.2708985209465027
ppo_baseline,10,10017,1,493,237,111,1,1,0,1,0,-7.669059343495377,-5.944901030930718,50.56111736880137,1.4363584518432617,0.4794068932533264,0.04967601224780083,2.8462258448391733,0.07323925942182541,4.196300459534346,0.08629564195871353
ppo_baseline,10,10017,1,494,238,101,1,1,0,1,0,-3.8145923495604213,6.8118569422804365,-22.110592758516898,0.9550176858901978,1.6467366218566895,0.05447937920689583,3.121438499047905,0.20133887231349945,11.5358676354869,0.15514881908893585
ppo_baseline,10,10017,1,495,239,418,1,1,0,1,0,-4.391060315509497,11.077064192143279,43.719835971576515,2.258310556411743,2.1252408027648926,0.04100596159696579,2.349468534381673,0.6351833343505859,36.39332427533562,0.35859763622283936
ppo_baseline,10,10017,1,496,240,273,1,1,0,1,0,12.222609859359478,41.30902508137214,-73.8303697577409,8.153823852539062,8.130056381225586,0.27699604630470276,15.87070439506979,1.1813122034072876,67.6842035425374,0.867652177810669
ppo_baseline,10,10017,1,497,241,79,1,1,0,1,0,-0.14847465217773717,-4.143097127881354,44.40057360539501,0.8240773677825928,1.7745826244354248,0.06965738534927368,3.991074192429796,0.039161231368780136,2.24377327796643,0.0892380028963089
ppo_baseline,10,10017,1,498,242,132,1,1,0,1,0,25.035143157332957,6.509470807345632,-76.04881520016103,0.3167121410369873,1.1147005558013916,0.18147774040699005,10.397908600891293,0.7324538230895996,41.966512751255905,0.5477046370506287
ppo_baseline,10,10017,1,499,243,54,1,1,0,1,0,-9.055806311061406,-1.530303883541357,-6.28356913073663,1.7953828573226929,2.1908414363861084,0.05807049944996834,3.3271945326999544,0.2103760540485382,12.053660007597335,0.16325852274894714
ppo_baseline,10,10017,1,500,244,114,1,1,0,1,0,1.6395322687482008,-6.148877800303979,50.73618877760714,0.7612448930740356,1.876628041267395,0.06823171675205231,3.9093893988246746,0.25085777044296265,14.373091504443407,0.19366060197353363
ppo_baseline,10,10017,1,501,245,120,1,1,0,1,0,20.105180916309454,0.710817786923227,-61.85284074617981,2.3440444469451904,1.6124051809310913,0.07017973810434341,4.021002800712322,0.31906619668006897,18.28114645505899,0.2297128438949585
ppo_baseline,10,10017,1,502,246,83,1,1,0,1,0,7.051063827392623,4.8141358930784275,21.56988766306201,0.8815586566925049,1.8957864046096802,0.02956782653927803,1.6941116700755379,0.12178894877433777,6.977992756104534,0.09046229720115662
ppo_baseline,10,10017,1,503,247,101,1,1,0,1,0,-10.4558858078873,-2.9886858751224796,13.083309317429464,1.296284794807434,2.2822227478027344,0.049056947231292725,2.810756032149062,0.2390080988407135,13.694155333018507,0.16856099665164948
ppo_baseline,10,10017,1,504,248,158,1,1,0,1,0,24.09851931644911,-5.6856816915503945,-77.55943447851442,4.117295742034912,3.580946683883667,0.22443248331546783,12.859034079616572,0.8573979139328003,49.125281831670456,0.6531314253807068
ppo_baseline,10,10017,1,505,249,142,1,1,0,1,0,5.654413085530076,2.8451152987688113,7.931393249137226,0.19270402193069458,0.441150963306427,0.0271466001868248,1.555385618834113,0.10494881123304367,6.013123948568568,0.07962100207805634
ppo_baseline,10,10017,1,506,250,155,1,1,0,1,0,-13.466141420408679,0.5223865281009152,10.532657134158242,2.094305992126465,0.2821544408798218,0.024624822661280632,1.410898409749488,0.2551116645336151,14.616821682333436,0.15218065679073334
ppo_baseline,10,10017,1,507,251,159,1,1,0,1,0,9.935985468644269,-1.2067714829361929,-43.54432743066387,0.23249103128910065,0.5484707951545715,0.06133294105529785,3.5141186675932206,0.049248773604631424,2.8217468737406706,0.08595732599496841
ppo_baseline,10,10017,1,508,252,81,1,1,0,1,0,9.635662050838809,1.2559078638252645,7.526800163462352,0.694539487361908,4.456854820251465,0.04392215609550476,2.5165541713872255,0.10283878445625305,5.892228319598872,0.09534154832363129
ppo_baseline,10,10017,1,509,253,130,1,1,0,1,0,3.3548932976618833,-4.064194782589367,52.320683382023375,0.59941565990448,1.0408868789672852,0.051044486463069916,2.9246336417465693,0.0736808329820633,4.221600760880542,0.08788490295410156
ppo_baseline,10,10017,1,510,254,135,1,1,0,1,0,-12.467130631645935,0.45229512683824435,18.649886170233177,1.5056283473968506,0.5522528290748596,0.04633426293730736,2.6547577131571445,0.4035550057888031,23.121998633075922,0.2481117695569992
ppo_baseline,10,10017,1,511,255,83,1,1,0,1,0,-8.960511511761387,0.15493601113256925,-16.28422283044258,1.4555237293243408,2.0113284587860107,0.06771328300237656,3.8796853330111123,0.2125159353017807,12.176266172067296,0.1739712506532669
ppo_baseline,10,20024,2,512,0,147,1,1,0,1,0,-4.505916776592432,5.135468972770847,-23.592962374463106,0.48292186856269836,1.4532370567321777,0.032389476895332336,1.8557803267390358,0.19286341965198517,11.05025996851921,0.12882119417190552
ppo_baseline,10,20024,2,513,1,237,1,1,0,1,0,1.7155112930754226,3.804114839373622,24.011010932802904,0.1569778323173523,0.8328229784965515,0.01950755901634693,1.117700800239055,0.12221883237361908,7.002623272025247,0.08061697334051132
ppo_baseline,10,20024,2,514,2,1,1,1,0,1,0,0.15750416226049405,33.158505703282565,70.29260497524109,16.998878479003906,18.259979248046875,0.19991534948349,11.454305785286838,1.098726749420166,62.952405579903484,0.749278724193573
ppo_baseline,10,20024,2,515,3,271,1,1,0,1,0,-18.77614904723003,-6.76534335403265,68.81214781226248,13.552942276000977,12.049010276794434,0.17976653575897217,10.299863796676698,0.7488269209861755,42.90462215828423,0.5541800260543823
ppo_baseline,10,20024,2,516,4,95,1,1,0,1,0,-29.92208886696372,20.12457865355229,64.00254716479294,3.6661810874938965,4.939799785614014,0.22564862668514252,12.92871396198175,1.0305215120315552,59.0445333368482,0.7409093976020813
ppo_baseline,10,20024,2,517,5,68,1,0,1,0,1,nan,nan,nan,nan,nan,nan,nan,nan,nan,nan
ppo_baseline,10,20024,2,518,6,84,1,1,0,1,0,-5.038562248826707,2.546554069769214,-22.134525741368623,1.7144430875778198,1.8462578058242798,0.06368900835514069,3.6491113801229984,0.1999651938676834,11.45716165813355,0.163671612739563
ppo_baseline,10,20024,2,519,7,134,1,1,0,1,0,-3.1386221877825995,0.9146306317564075,5.282222417277741,0.6331264972686768,0.7651293873786926,0.0362263098359108,2.0756146609309507,0.13308213651180267,7.625044750710169,0.10276737809181213
ppo_baseline,10,20024,2,520,8,230,1,1,0,1,0,-1.0057453552843776,0.5172365654667256,27.251020448625173,0.9285880327224731,0.6178969144821167,0.050737008452415466,2.907016449442991,0.0820377916097641,4.700419219813239,0.09175590425729752
ppo_baseline,10,20024,2,521,9,108,1,0,1,0,1,nan,nan,nan,nan,nan,nan,nan,nan,nan,nan
ppo_baseline,10,20024,2,522,10,93,1,1,0,1,0,27.437320688426443,9.906738598618274,-59.30856795959338,0.5922403931617737,2.3670074939727783,0.18543170392513275,10.624454022829568,0.6007247567176819,34.41899320894632,0.4857940673828125
ppo_baseline,10,20024,2,523,11,114,1,1,0,1,0,1.382635193685681,5.959708881051306,-29.728002211508638,1.4433592557907104,1.3552820682525635,0.0358479768037796,2.053937774939446,0.175117626786232,10.033500933198187,0.1234067901968956
ppo_baseline,10,20024,2,524,12,84,1,1,0,1,0,-6.343729436946103,-0.08623796846058099,33.651481436817406,1.9500117301940918,1.3751800060272217,0.06358036398887634,3.6428865164681783,0.128981351852417,7.3900870970353765,0.12807103991508484
ppo_baseline,10,20024,2,525,13,109,1,1,0,1,0,-2.189717666771068,-2.257418501824234,28.00960857860347,0.8723656535148621,0.48598361015319824,0.0634918063879013,3.637812539688505,0.065645232796669,3.7611947844029077,0.09631442278623581
ppo_baseline,10,20024,2,526,14,77,1,0,1,0,1,nan,nan,nan,nan,nan,nan,nan,nan,nan,nan
ppo_baseline,10,20024,2,527,15,221,1,1,0,1,0,-44.79141069008148,-20.62319612334156,-76.96569979434355,7.759169578552246,6.351883888244629,0.2523476481437683,14.458455208690227,0.6092023849487305,34.904725526866365,0.5569488406181335
ppo_baseline,10,20024,2,528,16,162,1,1,0,1,0,-33.864310131355,6.481029899641699,62.629023443460056,4.439301490783691,4.571981430053711,0.22710223495960236,13.011999581173592,0.9858556389808655,56.485367322776554,0.7200300693511963
ppo_baseline,10,20024,2,529,17,132,1,1,0,1,0,-29.886790449333095,25.804823514523353,65.91423515120947,0.537634551525116,1.0331553220748901,0.2122448831796646,12.160736029441978,1.3368805646896362,76.59761406978238,0.8806851506233215
ppo_baseline,10,20024,2,530,18,11,1,1,0,1,0,2.3352963187407196,5.06745394901586,-44.123800679847754,14.585848808288574,15.769373893737793,0.06729781627655029,3.855880843093148,0.19622966647148132,11.243131704075676,0.16541264951229095
ppo_baseline,10,20024,2,531,19,60,1,1,0,1,0,-12.33686526379545,1.2318246168117997,-9.442668225650928,1.2533552646636963,1.446374535560608,0.004666849505156279,0.2673907802681715,0.17493031919002533,10.022768998464805,0.09213200956583023
ppo_baseline,10,20024,2,532,20,167,1,1,0,1,0,-4.751694303686171,5.614442818507161,-24.95102254751508,0.5401216149330139,1.0696688890457153,0.04335688427090645,2.484166481560083,0.2040758579969406,11.692685363735807,0.14539481699466705
ppo_baseline,10,20024,2,533,21,12,1,1,0,1,0,19.7226766624104,18.931412907442763,-80.52701506910155,10.74512004852295,12.294510841369629,0.2003866285085678,11.481308084396838,0.9610334634780884,55.06316142813441,0.6809033751487732
ppo_baseline,10,20024,2,534,22,227,1,1,0,1,0,31.491761960881032,28.45982732793403,-68.88531279865165,1.4804255962371826,1.6743663549423218,0.2655283212661743,15.213652149745611,1.1134997606277466,63.798836772797316,0.8222782015800476
ppo_baseline,10,20024,2,535,23,93,1,1,0,1,0,11.711260916957304,-6.784905015815567,-60.03109269075401,0.6150211095809937,0.6570749282836914,0.0780869647860527,4.4740535172274996,0.1399034857749939,8.015879274075699,0.14803871512413025
ppo_baseline,10,20024,2,536,24,118,1,1,0,1,0,-1.6854857814840465,-4.971298545880421,40.51188736371829,0.6167300939559937,0.6849142909049988,0.07058126479387283,4.044008585384217,0.07572415471076965,4.338674472122793,0.10844334214925766
ppo_baseline,10,20024,2,537,25,113,1,1,0,1,0,6.9911084268582515,4.570052252898852,28.452778572710578,0.6410029530525208,3.012678623199463,0.025281090289354324,1.448499775069172,0.0969930961728096,5.557295052608488,0.07377763837575912
ppo_baseline,10,20024,2,538,26,37,1,1,0,1,0,0.19912733506255173,3.3561090713341453,3.4611710411472814,16.188753128051758,17.38335418701172,0.04891164228320122,2.8024306718810514,0.18847984075546265,10.799099398585856,0.14315156638622284
ppo_baseline,10,20024,2,539,27,209,1,1,0,1,0,-14.164787810230944,12.362382850534619,50.98286788967132,1.3194403648376465,0.5239415764808655,0.06930453330278397,3.970857259373381,0.5145518779754639,29.481650948524617,0.3265804648399353
ppo_baseline,10,20024,2,540,28,153,1,1,0,1,0,1.1213121560409933,1.0898932858589347,-31.312715381978315,0.6167680025100708,0.7021994590759277,0.039197128266096115,2.24583001868025,0.13718047738075256,7.859862385506975,0.1077873706817627
ppo_baseline,10,20024,2,541,29,63,1,1,0,1,0,0.9619911634612759,1.496166598069633,1.166664612129878,0.7931070327758789,2.17299747467041,0.04883662238717079,2.798132348458998,0.16989263892173767,9.73413118055559,0.13378293812274933
ppo_baseline,10,20024,2,542,30,128,1,1,0,1,0,-16.967842804090818,18.19537806210385,-62.8967122174112,2.0367941856384277,1.1143487691879272,0.13127420842647552,7.521458101757755,0.503230631351471,28.832991298143092,0.3828895092010498
ppo_baseline,10,20024,2,543,31,281,1,1,0,1,0,-15.322422912278064,15.600835083226125,53.47299093651789,1.4737298488616943,0.9563460946083069,0.09696978330612183,5.555959323738927,0.9933458566665649,56.91452518380138,0.5936427116394043
ppo_baseline,10,20024,2,544,32,89,1,1,0,1,0,13.767298121292882,-0.6546736319457221,-30.062298990245743,2.204261541366577,0.25151878595352173,0.04100589081645012,2.3494644789568535,0.10949201136827469,6.27343014180057,0.09575189650058746
ppo_baseline,10,20024,2,545,33,99,1,1,0,1,0,5.347204837041242,0.6321886491980402,26.497117828417505,0.3112839162349701,1.1666306257247925,0.04461055248975754,2.5559963794099336,0.11864224076271057,6.797699667678293,0.10393167287111282
ppo_baseline,10,20024,2,546,34,438,1,1,0,1,0,12.582506187105789,-8.119578621149419,-70.53821857779475,4.68140983581543,3.2902183532714844,0.14328251779079437,8.20948354742065,0.41156357526779175,23.580855864159258,0.34906429052352905
ppo_baseline,10,20024,2,547,35,117,1,1,0,1,0,26.514794357989498,46.8689629903026,-73.88659587498843,1.7763036489486694,1.3825846910476685,0.340924471616745,19.533533356367112,1.2434149980545044,71.24243157179058,0.9626319408416748
ppo_baseline,10,20024,2,548,36,27,1,1,0,1,0,3.1103725253754266,4.36061133218958,-18.71036066514447,11.829126358032227,13.070333480834961,0.0254532378166914,1.4583631018391994,0.10495343804359436,6.013389045285729,0.07792995870113373
ppo_baseline,10,20024,2,549,37,219,1,1,0,1,0,9.190115150900537,3.0822458063733142,-45.75457664608,0.9352425336837769,0.5919250249862671,0.06720201671123505,3.8503919323213966,0.11726661026477814,6.718881845977284,0.1258353292942047
ppo_baseline,10,20024,2,550,38,316,1,1,0,1,0,12.11079966264637,-0.06399887252301947,-46.76631890745565,0.9851382970809937,0.17789164185523987,0.07174260914325714,4.110548715165305,0.13079553842544556,7.494032330919215,0.13714037835597992
ppo_baseline,10,20024,2,551,39,136,1,1,0,1,0,-4.00654798599446,-5.093586252780329,-44.98413130770256,0.3687111735343933,0.6182870268821716,0.037961237132549286,2.1750186727903773,0.23132607340812683,13.25400769761913,0.1536242663860321
ppo_baseline,10,20024,2,552,40,72,1,1,0,1,0,9.222339983404657,-1.2843077903941775,3.3636359397994995,2.290846824645996,2.4070327281951904,0.03773999959230423,2.16234269546448,0.05830269306898117,3.340498247099258,0.06689134240150452
ppo_baseline,10,20024,2,553,41,160,1,1,0,1,0,-16.87795751461345,40.6794319040587,66.49010206051159,0.9358024597167969,2.214526891708374,0.248973548412323,14.265133534422185,1.0317364931106567,59.114146624868965,0.7648417949676514
ppo_baseline,10,20024,2,554,42,78,1,1,0,1,0,13.516780442915154,58.69844082141448,-70.76175700895092,1.6957229375839233,2.594754695892334,0.5247805714607239,30.067711915162977,0.9165782332420349,52.516064358326176,0.983069658279419
ppo_baseline,10,20024,2,555,43,30,1,1,0,1,0,30.132240127346673,17.56448714884811,-90.25500761714059,11.718286514282227,12.974432945251465,0.24806061387062073,14.212826238210935,1.059220314025879,60.68885356820458,0.7776707410812378
ppo_baseline,10,20024,2,556,44,131,1,1,0,1,0,-7.232255085694722,0.8507137215034282,-8.40988898163164,1.2451286315917969,1.5097808837890625,0.03041311539709568,1.7425431540979233,0.22494640946388245,12.888479878902144,0.14288632571697235
ppo_baseline,10,20024,2,557,45,51,1,1,0,1,0,10.23126820684226,-1.5280089399802326,1.6206946070173056,1.9218543767929077,2.593674659729004,0.03521890193223953,2.017894439802465,0.0688391774892807,3.944194335287767,0.06963849067687988
ppo_baseline,10,20024,2,558,46,104,1,1,0,1,0,9.079903218453211,-2.2746852200460266,-34.6037190901439,1.945752501487732,0.4338570535182953,0.02645406313240528,1.5157061684594528,0.05252347141504288,3.0093732374579787,0.05271580070257187
ppo_baseline,10,20024,2,559,47,233,1,1,0,1,0,2.2762425031767894,9.689593224525229,-34.583993503820906,1.172629714012146,1.0451931953430176,0.05362677201628685,3.0725877054435045,0.21746861934661865,12.460034065098291,0.16236108541488647
ppo_baseline,10,20024,2,560,48,125,1,1,0,1,0,-1.3415720963955646,1.0357572064974137,-19.976076680617872,0.29124704003334045,1.0289407968521118,0.005291349720209837,0.30317200689575263,0.16590501368045807,9.505657083950432,0.08824385702610016
ppo_baseline,10,20024,2,561,49,143,1,1,0,1,0,11.304127000911183,0.6832238226763755,-32.574988982110035,2.6005303859710693,1.4577785730361938,0.030050059780478477,1.7217415995372378,0.03433649614453316,1.967336312348973,0.047218307852745056
ppo_baseline,10,20024,2,562,50,237,1,1,0,1,0,-20.217318962102723,42.870652212447176,64.9492113837567,2.9068756103515625,3.5479273796081543,0.3068199157714844,17.579486244265457,1.2303181886672974,70.49203966881629,0.9219790101051331
ppo_baseline,10,20024,2,563,51,203,1,1,0,1,0,-8.023409557635638,6.726493238033617,25.181432148976292,0.8764412999153137,0.3449569046497345,0.030267678201198578,1.7342102165888018,0.3532484769821167,20.239646850499494,0.20689192414283752
ppo_baseline,10,20024,2,564,52,190,1,1,0,1,0,-6.889816721466962,3.6722102261223353,-21.96207712520414,0.27661630511283875,0.39242255687713623,0.029311522841453552,1.679426549916599,0.19110095500946045,10.94927818296151,0.12486200034618378
ppo_baseline,10,20024,2,565,53,238,1,1,0,1,0,-13.189163589186322,2.3015005427274966,51.20610579250401,9.928929328918457,8.843284606933594,0.10601148009300232,6.074010389264177,0.38042542338371277,21.7967711793642,0.2962241768836975
ppo_baseline,10,20024,2,566,54,379,1,1,0,1,0,-12.657173815112369,41.283056702147746,63.633006609938576,4.609207630157471,4.240365028381348,0.25987765192985535,14.889892645350544,1.0669258832931519,61.130350165965034,0.7933405637741089
ppo_baseline,10,20024,2,567,55,103,1,1,0,1,0,-3.359428543270772,1.858180284458649,-28.278144296011693,2.8730547428131104,3.9424471855163574,0.02131566032767296,1.2212973743101059,0.17528945207595825,10.043345797113114,0.10896039009094238
ppo_baseline,10,20024,2,568,56,99,1,1,0,1,0,14.598491162148413,0.9127181787888039,-49.92743973836427,1.1199862957000732,0.5829340219497681,0.060549601912498474,3.46923664078342,0.08437616378068924,4.834398076138093,0.1027376800775528
ppo_baseline,10,20024,2,569,57,101,1,1,0,1,0,3.796943140745108,-0.47495769450434666,18.482450912919482,0.6633889675140381,2.4093644618988037,0.05833655595779419,3.342438447710365,0.11743956059217453,6.728791169802504,0.11705633997917175
ppo_baseline,10,20024,2,570,58,67,1,1,0,1,0,-8.493162647992435,1.6505835148252814,-0.720462014031285,1.1074931621551514,2.6704888343811035,0.04434593394398689,2.5408348535563863,0.16262786090373993,9.317890061024904,0.12565986812114716
ppo_baseline,10,20024,2,571,59,65,1,1,0,1,0,-1.0951935126548646,-1.5849453969014589,-17.29181233680286,0.9050023555755615,3.7958106994628906,0.03115697205066681,1.785163000910274,0.16028966009616852,9.183921023096982,0.11130180209875107
ppo_baseline,10,20024,2,572,60,97,1,1,0,1,0,-4.945343827034372,0.4594531650884177,10.181995222169789,0.4200183153152466,1.5258983373641968,0.04823213070631027,2.763497526394921,0.12658019363880157,7.252510865452041,0.11152222752571106
ppo_baseline,10,20024,2,573,61,210,1,1,0,1,0,-3.1145252803907946,8.5918862022558,32.662114875162715,0.8525495529174805,1.1370503902435303,0.0329693965613842,1.8890072760604437,0.1919218897819519,10.996314280680803,0.12893034517765045
ppo_baseline,10,20024,2,574,62,15,1,1,0,1,0,-4.9756152254358685,6.594356398350551,-13.328499448254583,21.472379684448242,21.158933639526367,0.061558064073324203,3.527017266397378,0.19176198542118073,10.987152435682878,0.15743905305862427
ppo_baseline,10,20024,2,575,63,182,1,1,0,1,0,-5.7662232822431845,-3.0958378828216393,59.74348708518311,0.47531232237815857,1.2922039031982422,0.04707212373614311,2.6970340227985847,0.10559312254190445,6.05004026725884,0.09986868500709534
ppo_baseline,10,20024,2,576,64,59,1,1,0,1,0,-11.284305791939806,-4.972391376147622,2.2672129930940326,3.54341459274292,1.1944085359573364,0.040752653032541275,2.3349550227256306,0.1112709641456604,6.375356627897847,0.09638813138008118
ppo_baseline,10,20024,2,577,65,160,1,1,0,1,0,-21.128575480409143,8.461156381541755,77.91618891924251,1.3454630374908447,0.7970649003982544,0.12799733877182007,7.333707300531506,0.7317693829536438,41.927297220136275,0.49388203024864197
ppo_baseline,10,20024,2,578,66,54,1,1,0,1,0,17.61877349237137,-0.07476325065495958,-3.9790086632609682,2.8232810497283936,2.5155158042907715,0.027180688455700874,1.5573387327716193,0.3087961673736572,17.69271712032593,0.18157877027988434
ppo_baseline,10,20024,2,579,67,85,1,1,0,1,0,-4.822618988027583,-2.5053816894523773,-17.55933718621392,2.188021183013916,3.5465800762176514,0.014589923433959484,0.8359410361848955,0.21482735872268677,12.308700978752903,0.12200360000133514
ppo_baseline,10,20024,2,580,68,23,1,1,0,1,0,7.25277297396144,-0.8829658747642284,-15.733654941826192,11.709321975708008,12.840005874633789,0.01314547099173069,0.7531800075378212,0.0616067536175251,3.529806971786505,0.04394884780049324
ppo_baseline,10,20024,2,581,69,118,1,1,0,1,0,5.136384218119629,-0.6693175575262296,-19.477910003313823,0.40504708886146545,1.1857222318649292,0.046558212488889694,2.6675890772866597,0.09748896956443787,5.5857065051216255,0.09530270099639893
ppo_baseline,10,20024,2,582,70,234,1,1,0,1,0,-5.509080320370544,7.069573640043358,-25.220678415947184,1.513637900352478,1.6748026609420776,0.04875006526708603,2.7931729907913336,0.19794760644435883,11.341562413978377,0.14772386848926544
ppo_baseline,10,20024,2,583,71,177,1,1,0,1,0,0.09918800712692517,-0.7798573390537159,21.92951078324152,0.34419575333595276,0.6016210913658142,0.05179287865757942,2.9675133559124975,0.08612874895334244,4.934813809768328,0.09485725313425064
ppo_baseline,10,20024,2,584,72,92,1,1,0,1,0,11.047830982495626,-0.11612687626855679,0.2814994164529055,1.4656016826629639,1.3351290225982666,0.0212794691324234,1.2192237715667724,0.07425208389759064,4.254331027383244,0.05840551108121872
ppo_baseline,10,20024,2,585,73,37,1,1,0,1,0,3.100905883185789,3.2410340441977707,-75.91854983231055,15.13404369354248,14.224794387817383,0.05786107853055,3.315195597875534,0.2765907347202301,15.847481751891747,0.19615644216537476
ppo_baseline,10,20024,2,586,74,126,1,1,0,1,0,3.525866592965642,0.04440988998342291,-14.649184826168248,0.8758948445320129,1.0068590641021729,0.04760934039950371,2.7278142702932473,0.11192221194505692,6.41267037822045,0.10357044637203217
ppo_baseline,10,20024,2,587,75,103,1,1,0,1,0,-2.4371344392656096,1.0249518472304535,-16.27968758483369,0.910262942314148,0.6931262016296387,0.003103624563664198,0.17782458869109022,0.17020700871944427,9.75214324317056,0.08820712566375732
ppo_baseline,10,20024,2,588,76,351,1,1,0,1,0,10.920516256366588,10.500951396031043,-53.52984543116907,2.3356406688690186,1.3204689025878906,0.0842662826180458,4.828102349270634,0.3107706606388092,17.805847251096143,0.239651620388031
ppo_baseline,10,20024,2,589,77,112,1,1,0,1,0,-8.74719104360355,-3.9502125857201946,33.76968469059364,1.8211182355880737,0.38829469680786133,0.04796981438994408,2.7484679085697192,0.12330663949251175,7.064950028862082,0.10962313413619995
ppo_baseline,10,20024,2,590,78,2,1,1,0,1,0,-9.400157128256769,18.53925076605731,-78.36905778197104,24.183120727539062,23.285551071166992,0.09371045231819153,5.369213414094316,0.5491841435432434,31.465933600534626,0.36830252408981323
ppo_baseline,10,20024,2,591,79,116,1,1,0,1,0,23.0336518437091,-4.15637501562786,-77.00974085411178,1.0329781770706177,0.3385334312915802,0.16124781966209412,9.238819522324604,0.5723954439163208,32.795843148922394,0.4474455416202545
ppo_baseline,10,20024,2,592,80,303,1,1,0,1,0,33.91824130504142,7.118354851095589,-81.24467670557313,12.993234634399414,11.406072616577148,0.265332967042923,15.202459177243254,1.1864843368530273,67.98054496005675,0.8585751056671143
ppo_baseline,10,20024,2,593,81,189,1,1,0,1,0,-16.62813651553106,13.94320281317739,55.207066683757404,0.7347736358642578,0.9536093473434448,0.10027515143156052,5.745342967063633,0.87017822265625,49.85753958239836,0.5353642702102661
ppo_baseline,10,20024,2,594,82,52,1,1,0,1,0,-12.949505911588915,0.641163517767437,-20.26950160736162,2.621706247329712,2.645512580871582,0.03471601381897926,1.9890810733453548,0.246489480137825,14.122806906271107,0.15796075761318207
ppo_baseline,10,20024,2,595,83,130,1,1,0,1,0,12.038905091442816,-2.312005373670976,-61.677058997700364,3.3448760509490967,2.877009391784668,0.06771067529916763,3.879535922623018,0.13345962762832642,7.64667339849066,0.13444048166275024
ppo_baseline,10,20024,2,596,84,97,1,1,0,1,0,12.456666781837475,-0.30485866341434914,-2.3491616027558457,2.041792869567871,1.9925166368484497,0.011696121655404568,0.6701384075262475,0.050718069076538086,2.905931303138605,0.037055157124996185
ppo_baseline,10,20024,2,597,85,13,1,1,0,1,0,-56.70550090463148,12.23472661494708,-110.78901513030013,9.479572296142578,12.794920921325684,0.31676793098449707,18.149465530503022,0.5421671867370605,31.063891590514753,0.5878515243530273
ppo_baseline,10,20024,2,598,86,150,1,1,0,1,0,-16.489565637649843,-0.24398801753119548,51.72809616963307,1.7524490356445312,0.6226392984390259,0.07241461426019669,4.1490517721771365,0.2903554141521454,16.636139789691025,0.21759232878684998
ppo_baseline,10,20024,2,599,87,171,1,1,0,1,0,20.03317706207918,14.268934534695298,-65.58824388250311,5.302606105804443,4.831790924072266,0.15852512419223785,9.082820563002452,0.57928466796875,33.1905666112466,0.44816744327545166
ppo_baseline,10,20024,2,600,88,114,1,1,0,1,0,29.500447629120494,7.5637788076288,-75.56463675027717,2.5560317039489746,1.9414381980895996,0.2355092614889145,13.493686719557694,0.9790704846382141,56.09660661559777,0.7250444889068604
ppo_baseline,10,20024,2,601,89,230,1,1,0,1,0,-2.5105179917082268,3.491592703710518,-0.42463286069969275,0.7417972683906555,0.2080293893814087,0.02446819096803665,1.4019240747886204,0.14756906032562256,8.455084343369615,0.09825272113084793
ppo_baseline,10,20024,2,602,90,178,1,1,0,1,0,4.812920119406165,1.5040759571285078,-18.948543021881154,0.23698724806308746,0.30329611897468567,0.033534303307533264,1.921374048433253,0.1373092532157898,7.867240697357882,0.10218892991542816
ppo_baseline,10,20024,2,603,91,94,1,1,0,1,0,-9.130883750418185,-1.0255802246340946,13.194108646145411,1.1616384983062744,2.0749948024749756,0.06042204424738884,3.4619281249280953,0.1635182499885559,9.368905597709375,0.1421811729669571
ppo_baseline,10,20024,2,604,92,102,1,1,0,1,0,-8.809864859427586,1.5105919575967,3.478929532989315,0.7291944026947021,2.081831693649292,0.04160751774907112,2.3839351630374384,0.1595417559146881,9.141069270017967,0.12137839198112488
ppo_baseline,10,20024,2,605,93,270,1,1,0,1,0,0.32075934380213883,41.47076396091804,-70.3240784869365,6.8636298179626465,6.737136363983154,0.25449615716934204,14.581555708101366,1.2186357975006104,69.82268796034421,0.8638140559196472
ppo_baseline,10,20024,2,606,94,60,1,1,0,1,0,15.57733923248128,-1.255566354366764,-6.415473743987917,1.3444321155548096,2.4391562938690186,0.033631812781095505,1.926960929730912,0.046909354627132416,2.687708039817167,0.05708649009466171
ppo_baseline,10,20024,2,607,95,82,1,1,0,1,0,0.1970099764198478,0.6739757465401782,11.935400404760442,1.49976646900177,2.9014620780944824,0.06045834720134735,3.4640081309737756,0.1248796358704567,7.155076082507693,0.1228981614112854
ppo_baseline,10,20024,2,608,96,259,1,1,0,1,0,-22.258179486102534,27.546999866118504,63.68029883975174,4.520524024963379,3.4426870346069336,0.19449931383132935,11.143989800725649,1.2175363302230835,69.75969312562918,0.8032674789428711
ppo_baseline,10,20024,2,609,97,159,1,1,0,1,0,59.07467496165546,26.614747346303467,95.37715772102992,4.048425674438477,3.075422763824463,0.2783675789833069,15.94928742901808,0.5076924562454224,29.088635033492913,0.5322138071060181
ppo_baseline,10,20024,2,610,98,237,1,1,0,1,0,0.2632764717473115,4.4205394119672725,-5.771414226012395,0.5730067491531372,1.289268136024475,0.04211226478219032,2.4128550377569185,0.14098931849002838,8.078092905904407,0.11260692775249481
ppo_baseline,10,20024,2,611,99,108,1,1,0,1,0,28.98859325271974,9.789546212839195,-80.1692224396196,1.1812338829040527,0.42591923475265503,0.22893555462360382,13.117041060419218,0.9904394745826721,56.748001756741886,0.7241553068161011
ppo_baseline,10,20024,2,612,100,112,1,1,0,1,0,-31.99480539325247,3.5736915775340714,70.24878248152629,4.185650825500488,3.8573005199432373,0.21591147780418396,12.370816426612292,0.9905170798301697,56.75244820989156,0.7111700177192688
ppo_baseline,10,20024,2,613,101,55,1,1,0,1,0,2.952376589494692,-0.01968460518797675,-10.887826970998907,0.9544185400009155,2.58921217918396,0.04728029668331146,2.708961454080131,0.13143104314804077,7.530444069384553,0.11299581825733185
ppo_baseline,10,20024,2,614,102,114,1,1,0,1,0,5.365660008178617,-2.482924027461375,-28.144054022226,1.742874264717102,0.421097069978714,0.021521935239434242,1.2331160561734609,0.11114832013845444,6.368329643902373,0.07709609717130661
ppo_baseline,10,20024,2,615,103,181,1,1,0,1,0,2.1405539651253163,-3.138458263242519,-50.08704759888913,0.9859883785247803,0.7958906292915344,0.06652567535638809,3.8116404271785065,0.2777823507785797,15.915756322835195,0.20541685819625854
ppo_baseline,10,20024,2,616,104,3,1,1,0,1,0,11.689622877666702,9.649103863125394,-56.12919686322248,17.36510467529297,18.360776901245117,0.07863146811723709,4.505251260035179,0.2105979025363922,12.066370989642728,0.1839304268360138
ppo_baseline,10,20024,2,617,105,207,1,1,0,1,0,-5.98877816615888,2.6469168694333813,-11.342608286695034,0.9597575068473816,0.6483792066574097,0.04474189877510071,2.563521967214818,0.2068461924791336,11.851413837405026,0.14816498756408691
ppo_baseline,10,20024,2,618,106,151,1,1,0,1,0,-4.154899694767137,-5.138774784329133,67.96050518503193,0.5435270071029663,0.7961564064025879,0.05890706181526184,3.3751260255307534,0.09362176060676575,5.364131753351827,0.10571794211864471
ppo_baseline,10,20024,2,619,107,85,1,1,0,1,0,-5.046266702210481,1.0739106432011047,10.105565405357346,1.0582902431488037,3.070305585861206,0.04391114041209221,2.515923019219234,0.1257971078157425,7.207643352794227,0.10680969059467316
ppo_baseline,10,20024,2,620,108,294,1,1,0,1,0,30.996177095083244,0.4618437312979222,-89.16725901068104,10.33251953125,9.119811058044434,0.24907010793685913,14.270665987649897,0.9531071782112122,54.60901873512567,0.7256237268447876
ppo_baseline,10,20024,2,621,109,93,1,1,0,1,0,19.461258002117333,-4.096706483038628,-64.59415082994276,3.1510848999023438,0.8565080165863037,0.13734988868236542,7.86956893809121,0.3518862724304199,20.16159827885376,0.3132930397987366
ppo_baseline,10,20024,2,622,110,108,1,1,0,1,0,-14.161837168509498,1.9554011971046104,26.689210068634946,1.876274824142456,0.09612247347831726,0.03814313933253288,2.1854409011335822,0.19752159714698792,11.31715387920569,0.13690394163131714
ppo_baseline,10,20024,2,623,111,66,1,1,0,1,0,5.775580641406102,-2.516419275151118,24.36572997715835,1.5015883445739746,2.9932098388671875,0.03636248782277107,2.083417084840632,0.09807225316762924,5.619126193843674,0.0853986144065857
ppo_baseline,10,20024,2,624,112,100,1,1,0,1,0,4.059987386060639,-1.1614190268473081,29.126781640007437,2.0908472537994385,1.6678276062011719,0.02705894224345684,1.5503631886383322,0.03375867009162903,1.9342293182248633,0.043938279151916504
ppo_baseline,10,20024,2,625,113,235,1,1,0,1,0,8.230104742298565,4.573057536133657,-30.584016159807994,0.9882810115814209,1.0145695209503174,0.036250121891498566,2.0769789912176604,0.09567221999168396,5.48161442217063,0.08408623188734055
ppo_baseline,10,20024,2,626,114,121,1,1,0,1,0,-32.3952184031553,15.419548202275646,64.5968555848541,2.4033010005950928,0.6731587648391724,0.2059609740972519,11.800694560175804,1.25296151638031,71.78940678090353,0.8324417471885681
ppo_baseline,10,20024,2,627,115,125,1,1,0,1,0,11.0879241929236,-3.9673700209152667,-55.872982807076966,1.5109927654266357,1.496049404144287,0.05050766468048096,2.8938760192535327,0.08949791640043259,5.12785288495946,0.09525662660598755
ppo_baseline,10,20024,2,628,116,69,1,1,0,1,0,-8.298912067997273,-3.3298128430295963,27.176503084780336,1.9822529554367065,1.867889404296875,0.07167184352874756,4.106494144119257,0.1273203045129776,7.294916094914065,0.13533198833465576
ppo_baseline,10,20024,2,629,117,552,1,1,0,1,0,-22.4535228963649,31.859226138227715,70.51764604801467,16.10602378845215,14.164506912231445,0.2659604251384735,15.238409877939615,1.288265347480774,73.8121673036028,0.9100930690765381
ppo_baseline,10,20024,2,630,118,217,1,1,0,1,0,-12.610947094809722,3.318515710142395,31.494261810117255,2.119987964630127,1.5887832641601562,0.04795359820127487,2.747538789399186,0.30740270018577576,17.61287733157036,0.20165494084358215
ppo_baseline,10,20024,2,631,119,130,1,1,0,1,0,25.29922559140233,2.8348290338787723,-73.84960357044365,1.8859211206436157,0.9192003011703491,0.1848040372133255,10.588491369302158,0.7776415944099426,44.555581333513864,0.573624849319458
ppo_baseline,10,20024,2,632,120,131,1,1,0,1,0,10.398594181129234,-0.13503283989115208,-33.69836385528037,3.0143051147460938,1.9384543895721436,0.02724008820950985,1.5607420879689897,0.036237314343452454,2.0762451727687075,0.045358747243881226
ppo_baseline,10,20024,2,633,121,46,1,1,0,1,0,-5.498698432832125,-3.2485609126631245,-61.43740132010296,21.490331649780273,19.648239135742188,0.0140983946621418,0.8077785120504933,0.11322027444839478,6.487043881205896,0.07070852816104889
ppo_baseline,10,20024,2,634,122,107,1,1,0,1,0,17.76823169178959,-5.231337507961146,-55.62338037404802,2.6013309955596924,2.942674398422241,0.10776861757040024,6.174686950743341,0.20998331904411316,12.031157949376729,0.21276026964187622
ppo_baseline,10,20024,2,635,123,123,1,1,0,1,0,9.94192773322218,1.3097707356199852,-34.674534491458594,0.35354241728782654,0.6962621212005615,0.04542076960206032,2.6024184004341597,0.05058775469660759,2.898464839158723,0.07071464508771896
ppo_baseline,10,20024,2,636,124,107,1,1,0,1,0,23.014308747979623,9.283934629339832,-71.09479703288075,1.8162896633148193,1.4540255069732666,0.18271426856517792,10.468756445604543,0.6567173600196838,37.62713306210131,0.5110729336738586
ppo_baseline,10,20024,2,637,125,257,1,1,0,1,0,10.977684939719595,58.846683247160435,82.53121113763673,7.1983866691589355,6.876003265380859,0.5163822770118713,29.586525088135577,0.9578822255134583,54.882608792519704,0.9953234195709229
ppo_baseline,10,20024,2,638,126,187,1,1,0,1,0,-7.564092996330621,0.31754915489223284,3.699940794152587,1.4101817607879639,0.9847649931907654,0.03988724201917648,2.2853706241156884,0.14691047370433807,8.417350109526232,0.11334247887134552
ppo_baseline,10,20024,2,639,127,88,1,1,0,1,0,16.699539313114375,-0.8300182483182895,-7.2478279170023505,1.7160416841506958,2.8031246662139893,0.01803862862288952,1.0335372882954537,0.2154182642698288,12.34255737269501,0.12574775516986847
ppo_baseline,10,20024,2,640,128,56,1,1,0,1,0,10.577982269490448,-0.8914899508484043,-2.0695063373788436,0.7841496467590332,2.574962854385376,0.03883678838610649,2.225184064366594,0.05648137256503105,3.236144269082276,0.06707747280597687
ppo_baseline,10,20024,2,641,129,156,1,1,0,1,0,-5.235544904489874,2.7839304641838374,-5.239916225558682,0.34684351086616516,1.5673108100891113,0.04134022071957588,2.3686201713709774,0.16643624007701874,9.536094114439301,0.12455834448337555
ppo_baseline,10,20024,2,642,130,22,1,1,0,1,0,-6.249199618833126,7.024958844384835,68.62467277992397,23.073287963867188,20.48195457458496,0.011780981905758381,0.6750005417199446,0.29241943359375,16.75439939252792,0.1579906940460205
ppo_baseline,10,20024,2,643,131,93,1,1,0,1,0,16.961613671567765,2.2826218998615815,-73.76168537544724,2.8116140365600586,1.442789077758789,0.12203457951545715,6.992066360889345,0.34188392758369446,19.588506133901962,0.2929765582084656
ppo_baseline,10,20024,2,644,132,161,1,1,0,1,0,19.86791380492155,-5.8179141538818415,-72.10484540734222,1.4227137565612793,1.0479658842086792,0.14832691848278046,8.498506417244323,0.4172763228416443,23.90817218956461,0.3569650650024414
ppo_baseline,10,20024,2,645,133,195,1,1,0,1,0,-2.1857834778091405,14.207203284976723,57.94124605002687,0.8456148505210876,1.4097425937652588,0.059111159294843674,3.3868199497200497,0.2628978192806244,15.062935487972817,0.19056007266044617
ppo_baseline,10,20024,2,646,134,63,1,1,0,1,0,-11.76853888333703,18.75233900778337,-69.90945868356005,1.6306232213974,2.8231396675109863,0.1577966958284378,9.041084692079089,0.5960880517959595,34.15332958608409,0.45584070682525635
ppo_baseline,10,20024,2,647,135,219,1,1,0,1,0,7.326689281159318,7.552263108688159,-58.414906008588915,2.6078996658325195,1.8146693706512451,0.06923221051692963,3.966713468981299,0.24645233154296875,14.120678448571,0.192458376288414
ppo_baseline,10,20024,2,648,136,26,1,1,0,1,0,8.241593120482525,5.421476314075961,58.586890171889834,9.544947624206543,13.303389549255371,0.08439397811889648,4.835418762532187,0.1744796633720398,9.996948322081218,0.17163380980491638
ppo_baseline,10,20024,2,649,137,171,1,1,0,1,0,22.32056643398143,7.1978855737912175,-67.91171031360136,8.878960609436035,8.69846248626709,0.18454259634017944,10.573511910678674,0.6112644672393799,35.02287413912924,0.4901748299598694
ppo_baseline,10,20024,2,650,138,128,1,1,0,1,0,-3.316862804363252,4.019088213310603,-34.58831018337635,0.3315104842185974,1.9509557485580444,0.036070652306079865,2.0666961414222063,0.19788983464241028,11.338252333551859,0.1350155770778656
ppo_baseline,10,20024,2,651,139,176,1,1,0,1,0,-13.007699123317423,12.752687180465827,48.431614649753136,0.33616212010383606,0.7794218063354492,0.07064341753721237,4.047569675262733,0.5154821872711182,29.534953744807396,0.32838451862335205
ppo_baseline,10,20024,2,652,140,117,1,1,0,1,0,6.8578924172863225,-5.509025678857185,-57.14634863442078,0.6651327610015869,0.5378698706626892,0.0383005253970623,2.1944584583852915,0.12566855549812317,7.200277847548015,0.10113480687141418
ppo_baseline,10,20024,2,653,141,78,1,1,0,1,0,5.023467530760978,-2.886506245139089,-20.919407767266673,2.8218812942504883,1.2096892595291138,0.03396395593881607,1.9459913308624486,0.11002712696790695,6.30409000721111,0.08897751569747925
ppo_baseline,10,20024,2,654,142,21,1,1,0,1,0,-7.469071404597404,-5.258712906154558,35.347185181299785,11.881221771240234,15.464585304260254,0.08171164989471436,4.68173267601773,0.16088515520095825,9.218040379322133,0.16215422749519348
ppo_baseline,10,20024,2,655,143,122,1,1,0,1,0,-5.359799705870746,-4.8544203488031625,52.38130814109641,1.2829450368881226,0.3821817636489868,0.04362231492996216,2.499374538077351,0.034313127398490906,1.965997381828239,0.06077887862920761
ppo_baseline,10,20024,2,656,144,123,1,1,0,1,0,-11.229718920093065,12.403951381823317,34.99346334456317,1.1448240280151367,0.2949672043323517,0.059441938996315,3.4057722305629543,0.3700365722179413,21.201533853575928,0.24446022510528564
ppo_baseline,10,20024,2,657,145,183,1,1,0,1,0,8.511972988966651,5.546632700427275,-32.95906417951819,1.6722216606140137,0.9698495864868164,0.041689272969961166,2.3886193921475978,0.09734366834163666,5.577381358297026,0.0903611034154892
ppo_baseline,10,20024,2,658,146,150,1,1,0,1,0,-10.569922646269832,15.267713097026263,52.55706256881918,1.2450007200241089,1.0105831623077393,0.07860520482063293,4.503746483983661,0.7296453714370728,41.805600324599574,0.4434278905391693
ppo_baseline,10,20024,2,659,147,208,1,1,0,1,0,-23.913380208806743,12.194305555438945,64.68152260980557,1.3973833322525024,0.7864981889724731,0.15371721982955933,8.807347934718438,0.9133850932121277,52.33311091121821,0.6104097366333008
ppo_baseline,10,20024,2,660,148,214,1,1,0,1,0,1.2135743513495256,3.427798736862599,1.6410622311222836,0.2345953732728958,0.4393886923789978,0.023662807419896126,1.3557789965908968,0.13391028344631195,7.672494074874248,0.09061794728040695
ppo_baseline,10,20024,2,661,149,191,1,1,0,1,0,-2.0107667105167337,6.547596923292644,20.50455573745844,0.4504031240940094,0.8658104538917542,0.026523688808083534,1.5196954258215634,0.16010445356369019,9.17330947044772,0.10657591372728348
ppo_baseline,10,20024,2,662,150,58,1,0,1,0,1,nan,nan,nan,nan,nan,nan,nan,nan,nan,nan
ppo_baseline,10,20024,2,663,151,170,1,1,0,1,0,-11.815312018773277,0.9822631649178737,-7.595839715592841,2.012937068939209,1.205003261566162,0.015067455358803272,0.8633016000612029,0.16927288472652435,9.69862188083434,0.09970390051603317
ppo_baseline,10,20024,2,664,152,83,1,1,0,1,0,9.077922463593907,-1.999619841791273,10.774828321370215,3.3404152393341064,1.3012298345565796,0.006488598417490721,0.3717693042774832,0.07375647872686386,4.225934942795739,0.04336683824658394
ppo_baseline,10,20024,2,665,153,103,1,1,0,1,0,0.7533698654524065,-1.4753891626144544,-20.41834508975454,1.7467687129974365,1.3538165092468262,0.034902364015579224,1.9997581531219657,0.24963757395744324,14.303179395646449,0.15972115099430084
ppo_baseline,10,20024,2,666,154,194,1,1,0,1,0,17.6120252654714,0.8498531176680065,-61.30576991441847,1.6908131837844849,1.2379206418991089,0.10016633570194244,5.739108285011881,0.2544547915458679,14.579185632459373,0.2273937314748764
ppo_baseline,10,20024,2,667,155,196,1,1,0,1,0,-26.543221605315093,39.82478399359335,65.20001593007957,5.691986083984375,5.198535442352295,0.26938387751579285,15.43455925052404,1.258415937423706,72.10192208637747,0.8985918760299683
ppo_baseline,10,20024,2,668,156,191,1,1,0,1,0,11.192111898522974,-2.957430929480501,-63.109158421355275,0.8516360521316528,1.1026908159255981,0.09587684273719788,5.493338441880958,0.18388885259628296,10.536055153270324,0.18782126903533936
ppo_baseline,10,20024,2,669,157,68,1,1,0,1,0,15.87753970688168,-0.797069415762148,-26.319683174158914,1.5354515314102173,1.03229820728302,0.04183197394013405,2.396795555470926,0.11710406094789505,6.7095684561571485,0.10038400441408157
ppo_baseline,10,20024,2,670,158,95,1,1,0,1,0,3.3820091486668336,0.37154863047035364,-14.160143281595335,0.6371966600418091,1.100525140762329,0.04589870199561119,2.6298019094772105,0.12703809142112732,7.278746475827706,0.10941775143146515
ppo_baseline,10,20024,2,671,159,241,1,1,0,1,0,15.119183803335165,4.395240391281545,-50.677722358311826,0.42794328927993774,0.37339475750923157,0.07469591498374939,4.279760675436847,0.20082451403141022,11.506397076765587,0.1751081645488739
ppo_baseline,10,20024,2,672,160,144,1,1,0,1,0,-12.624771397689829,-3.837050011551423,43.54779716676224,2.380938768386841,1.0811479091644287,0.04802008345723152,2.7513481139653493,0.10810702294111252,6.194076150249716,0.10207359492778778
ppo_baseline,10,20024,2,673,161,75,1,1,0,1,0,-0.5604170213995462,-3.4743942873804263,-31.26157092547326,1.0066218376159668,1.5462000370025635,0.04128172993659973,2.365268896366028,0.3852940797805786,22.075724642803983,0.23392876982688904
ppo_baseline,10,20024,2,674,162,88,1,1,0,1,0,-8.931387585140454,1.3416677190439448,5.106058178204773,1.5570576190948486,1.6075832843780518,0.02000155672430992,1.1460047839944703,0.19952061772346497,11.431689321397634,0.1197618693113327
ppo_baseline,10,20024,2,675,163,153,1,1,0,1,0,11.804233451939517,-3.1006463359973284,-44.43334485303273,0.6713041663169861,0.41248878836631775,0.05068535730242729,2.9040570565416712,0.05535378307104111,3.1715381500533604,0.07836224883794785
ppo_baseline,10,20024,2,676,164,112,1,1,0,1,0,9.76513511674557,-0.656750009453406,-9.2348119088291,0.7655654549598694,1.7065657377243042,0.03581659495830536,2.05213972764044,0.05640876293182373,3.2319840435475036,0.06402097642421722
ppo_baseline,10,20024,2,677,165,136,1,1,0,1,0,-7.832437468442082,3.9657717566494837,-18.38956034020731,0.7770298719406128,0.11146558821201324,0.018576735630631447,1.0643685487654797,0.21254584193229675,12.177979695775322,0.12484965473413467
ppo_baseline,10,20024,2,678,166,146,1,1,0,1,0,20.27976055149498,68.2026763722439,-61.544935818395636,6.081806659698486,5.414645195007324,0.7543123364448547,43.21891331294237,0.6090348362922668,34.89512569598791,1.0588297843933105
ppo_baseline,10,20024,2,679,167,149,1,1,0,1,0,-31.553356606816205,14.496721343515222,70.33746565770973,8.936513900756836,7.6985063552856445,0.24305126070976257,13.925811444003244,1.247200608253479,71.45933105907349,0.8666515350341797
ppo_baseline,10,20024,2,680,168,90,1,1,0,1,0,-5.838131513825079,1.8702150777762114,-35.73725728479921,0.20401467382907867,2.101020336151123,0.021171778440475464,1.213053549425312,0.17602935433387756,10.085739073744092,0.10918645560741425
ppo_baseline,10,20024,2,681,169,172,1,1,0,1,0,6.587977001665759,-4.608369614142624,-55.06609157928834,0.8447420597076416,0.6782566905021667,0.08940238505601883,5.122379342113341,0.14465844631195068,8.288318444594584,0.16173160076141357
ppo_baseline,10,20024,2,682,170,80,1,1,0,1,0,16.516435601844673,-2.7144401195681276,-59.095957831109224,6.942210674285889,5.973898410797119,0.14716796576976776,8.43210331813346,0.379765123128891,21.758938761551498,0.33705052733421326
ppo_baseline,10,20024,2,683,171,138,1,1,0,1,0,-16.993032541749823,13.095671959827188,55.15564901968555,0.22235046327114105,0.5500032901763916,0.08945659548044205,5.125485370638404,0.62476646900177,35.796481855092395,0.40183982253074646
ppo_baseline,10,20024,2,684,172,217,1,1,0,1,0,-55.789545216176094,19.778930100414623,-93.53076634307871,5.2748026847839355,3.7287099361419678,0.3179340958595276,18.21628185605867,0.790935754776001,45.317280614659104,0.7134019732475281
ppo_baseline,10,20024,2,685,173,149,1,1,0,1,0,-1.1084714004013694,-4.234239172166005,44.26963887900587,7.777938365936279,7.108679294586182,0.069539375603199,3.984312732038306,0.0656311959028244,3.760390529628139,0.1023549735546112
ppo_baseline,10,20024,2,686,174,98,1,1,0,1,0,4.034442478564792,-3.5141733091065803,-54.403126097690226,0.5886744260787964,1.8850648403167725,0.05183297395706177,2.9698106473511494,0.13906210660934448,7.9676717989137495,0.12136402726173401
ppo_baseline,10,20024,2,687,175,287,1,1,0,1,0,2.148436003427511,5.514967943435096,17.794104448365598,0.46098554134368896,0.9296595454216003,0.022177679464221,1.2706874326938202,0.1357835978269577,7.779827082586412,0.090069480240345
ppo_baseline,10,20024,2,688,176,65,1,1,0,1,0,-8.919912867334832,-1.1482504221275236,16.400677555791297,1.1475316286087036,1.6604456901550293,0.055466149002313614,3.1779762436763317,0.08963556587696075,5.135739619016709,0.10028393566608429
ppo_baseline,10,20024,2,689,177,149,1,1,0,1,0,2.4436641001121417,5.264627849975788,20.23114326498283,0.580670177936554,1.045613169670105,0.0232877004891634,1.3342869525938055,0.13219043612480164,7.5739540819448266,0.08938291668891907
ppo_baseline,10,20024,2,690,178,96,1,1,0,1,0,-14.598258935716633,18.716521495775822,60.59387295760638,1.937111735343933,2.3113105297088623,0.11175905913114548,6.4033224105676405,1.0508466958999634,60.20908059033537,0.6371824145317078
ppo_baseline,10,20024,2,691,179,144,1,1,0,1,0,13.71294347587792,2.1133698122286653,-32.03513083011222,1.6966092586517334,0.6860190033912659,0.04548809677362442,2.606275963211336,0.19437581300735474,11.136913724745517,0.1426759958267212
ppo_baseline,10,20024,2,692,180,103,1,1,0,1,0,6.726397615385237,0.10753449829268075,-16.950740010409106,1.168064832687378,0.6637413501739502,0.04081684350967407,2.338632866150271,0.07408861815929413,4.244965130483863,0.07786115258932114
ppo_baseline,10,20024,2,693,181,196,1,1,0,1,0,-3.6245491660939866,6.71163074639967,-25.52891119281152,1.6996560096740723,1.249090313911438,0.05340232327580452,3.05972773989684,0.20706170797348022,11.863761965650763,0.15693317353725433
ppo_baseline,10,20024,2,694,182,122,1,1,0,1,0,24.93527213128903,-8.866692033322092,-87.00214368530035,1.8578366041183472,2.330418825149536,0.28504469990730286,16.331858277261542,0.9250243902206421,52.99999350630533,0.7475569248199463
ppo_baseline,10,20024,2,695,183,122,1,1,0,1,0,-5.477661450188486,3.619945618593398,-12.543410184296636,0.7555755376815796,1.1809382438659668,0.024843506515026093,1.423428071616759,0.17941869795322418,10.279934158452248,0.11455285549163818
ppo_baseline,10,20024,2,696,184,182,1,1,0,1,0,-18.032969824019286,8.927740264123667,78.43244193746877,0.5153099298477173,1.3520346879959106,0.11231829226016998,6.43536410862464,0.9049822688102722,51.85166453700236,0.5648094415664673
ppo_baseline,10,20024,2,697,185,147,1,1,0,1,0,41.00628377660049,33.22996314237923,-69.76575150342298,3.384364604949951,3.151825428009033,0.31018996238708496,17.772575692101718,0.880180835723877,50.43064709527579,0.7502803802490234
ppo_baseline,10,20024,2,698,186,155,1,1,0,1,0,5.858116647336536,-0.650302310876914,-33.855622130730744,1.8482154607772827,1.045478105545044,0.030980177223682404,1.7750334034843218,0.07496891915798187,4.295402662409822,0.06846463680267334
ppo_baseline,10,20024,2,699,187,201,1,1,0,1,0,3.505389685833944,-4.691861846556859,56.084090293943724,1.2767540216445923,1.6029080152511597,0.06656329333782196,3.8137957787484686,0.27001655101776123,15.470808771996591,0.20157156884670258
ppo_baseline,10,20024,2,700,188,166,1,1,0,1,0,-13.5730748620544,-16.529727149969517,78.4536155238958,4.291761875152588,2.567689895629883,0.23610080778598785,13.52757982576659,0.898918092250824,51.50421281392381,0.685559868812561
ppo_baseline,10,20024,2,701,189,90,1,1,0,1,0,3.507602667125028,-1.2479711840097099,44.71825936407064,1.2974860668182373,2.0425198078155518,0.03830890730023384,2.194938706061308,0.06451044231653214,3.6961760792594407,0.07056412845849991
ppo_baseline,10,20024,2,702,190,114,1,1,0,1,0,1.3551368520872098,1.142021289604472,4.463036848983092,1.4169360399246216,2.6820173263549805,0.022926129400730133,1.313570455232628,0.0991508811712265,5.68092702611442,0.07250156998634338
ppo_baseline,10,20024,2,703,191,87,1,1,0,1,0,-7.30104875101509,2.9463660230250803,-4.192984829579128,1.0018714666366577,2.891273260116577,0.04542075842618942,2.602417760103925,0.18145747482776642,10.396747468732391,0.13614949584007263
ppo_baseline,10,20024,2,704,192,173,1,1,0,1,0,6.54023397936737,4.681862449611961,-15.992273224559556,0.6677715182304382,0.7686287760734558,0.01869281567633152,1.0710194454697797,0.07281091809272766,4.17175830918602,0.0550982728600502
ppo_baseline,10,20024,2,705,193,149,1,1,0,1,0,-39.18163972096661,77.34245302896144,-109.39576582264425,4.00441312789917,2.9603564739227295,2.6601204872131348,152.4136769135969,0.5855674743652344,33.55054490126295,2.952904224395752
ppo_baseline,10,20024,2,706,194,23,1,1,0,1,0,3.7391597403668007,-0.23431646966645744,-10.322833722855451,10.381730079650879,11.7265043258667,0.007862595841288567,0.45049355772294775,0.0762881189584732,4.370987243312476,0.04600665718317032
ppo_baseline,10,20024,2,707,195,82,1,1,0,1,0,-9.695986281588361,-4.134846259363979,20.592610536238244,2.377690553665161,1.8444713354110718,0.07816863059997559,4.478732623695781,0.15436698496341705,8.844576734563237,0.15535211563110352
ppo_baseline,10,20024,2,708,196,154,1,1,0,1,0,36.0604891570809,29.653143338205297,86.86002110905073,1.616555094718933,2.723553419113159,0.20784620940685272,11.90871058680497,0.5797070264816284,33.214765971475956,0.4976997375488281
ppo_baseline,10,20024,2,709,197,89,1,1,0,1,0,-2.243157066837248,-3.2614563098161087,17.770813503295855,2.735539436340332,2.3936753273010254,0.01470051147043705,0.8422772639396988,0.08406969904899597,4.81683894044246,0.056735359132289886
ppo_baseline,10,20024,2,710,198,77,1,1,0,1,0,13.633563017344033,-1.6165281916235978,0.28854817167635866,2.7963268756866455,0.9843366742134094,0.016246778890490532,0.9308718611073458,0.05739235505461693,3.288339720945867,0.044942956417798996
ppo_baseline,10,20024,2,711,199,531,1,1,0,1,0,5.184810259335019,4.287514647692104,-30.37615984298617,1.9174922704696655,0.22798468172550201,0.02253815531730652,1.2913411776919983,0.07910650223493576,4.532468710104033,0.0620914064347744
ppo_baseline,10,20024,2,712,200,130,1,1,0,1,0,6.326667624399411,5.7324275062299614,-77.76439479512815,5.09922981262207,5.831380844116211,0.06108762323856354,3.50006299205498,0.25534650683403015,14.63027715499836,0.1887608766555786
ppo_baseline,10,20024,2,713,201,270,1,1,0,1,0,11.833015869101951,-0.8011128877507956,-63.47563905146148,2.0995218753814697,1.343315601348877,0.11446485668420792,6.558353190574944,0.25336265563964844,14.5166108543783,0.24114617705345154
ppo_baseline,10,20024,2,714,202,247,1,1,0,1,0,-0.78739786789741,3.8059180093145053,4.603479198696894,0.49648383259773254,0.9913935661315918,0.016412857919931412,0.9403874885599371,0.1495240330696106,8.567096030663238,0.09117487072944641
ppo_baseline,10,20024,2,715,203,56,1,1,0,1,0,-20.653795370823218,1.3569946635414534,63.94722263251584,3.3605539798736572,4.258923053741455,0.1450584977865219,8.311239705675499,0.6270704865455627,35.928492336275816,0.4585937261581421
ppo_baseline,10,20024,2,716,204,141,1,1,0,1,0,37.74712241034551,38.37002200227233,95.12034260823744,3.450819730758667,2.6201953887939453,0.2767081558704376,15.85420948822421,0.6839831471443176,39.189347589444964,0.6186997294425964
ppo_baseline,10,20024,2,717,205,200,1,1,0,1,0,-23.450020175513078,16.908010346961504,63.37553579898577,1.1841059923171997,1.736996054649353,0.13634154200553894,7.811794929223011,1.0123759508132935,58.00486926214554,0.6425294876098633
ppo_baseline,10,20024,2,718,206,85,1,1,0,1,0,-2.1729973636828768,6.505850807085525,-37.626269043171305,1.2156414985656738,2.744960308074951,0.04640808328986168,2.658987307800675,0.21925131976604462,12.5621752752676,0.1560337394475937
ppo_baseline,10,20024,2,719,207,66,1,1,0,1,0,10.116780575974506,-4.43537458284454,-6.686714216307463,2.065382242202759,3.4029734134674072,0.04876137152314186,2.793820791545427,0.05924205109477043,3.394319497428724,0.07838239520788193
ppo_baseline,10,20024,2,720,208,98,1,1,0,1,0,-5.259696453395039,-11.855036398986071,60.74990179900615,1.787617564201355,0.6732632517814636,0.08173777908086777,4.6832297681064325,0.22630535066127777,12.96634147411935,0.19489045441150665
ppo_baseline,10,20024,2,721,209,72,1,1,0,1,0,-10.373595688766986,2.5120889352173297,10.283573795506218,1.9737251996994019,1.5092213153839111,0.025413082912564278,1.4560623953059628,0.20026107132434845,11.474114187653521,0.12554362416267395
ppo_baseline,10,20024,2,722,210,192,1,1,0,1,0,18.977530344718687,56.5219600612549,-68.52353133869443,1.257788062095642,1.5217106342315674,0.47979113459587097,27.490007060136627,1.0105684995651245,57.901309933949804,0.9850753545761108
ppo_baseline,10,20024,2,723,211,111,1,1,0,1,0,1.9855633124793868,1.0579963024349752,11.553565509400048,0.4328257143497467,0.5645743608474731,0.04958048835396767,2.8407527288798775,0.11246331036090851,6.443673033749961,0.10581214725971222
ppo_baseline,10,20024,2,724,212,90,1,1,0,1,0,-7.396124984261667,0.1434476329486078,-10.657185143105915,1.786241054534912,2.057401418685913,0.06067166477441788,3.4762303276066904,0.18109075725078583,10.37573609929814,0.1512170433998108
ppo_baseline,10,20024,2,725,213,251,1,1,0,1,0,-8.652224093383692,-10.214370318835648,68.80039988689006,2.2487964630126953,0.7894601225852966,0.14385098218917847,8.242054158251502,0.45220741629600525,25.909576418276547,0.3699547052383423
ppo_baseline,10,20024,2,726,214,326,1,1,0,1,0,-26.341539779502956,6.319004152150657,66.62479339094423,10.891457557678223,9.48779010772705,0.22555062174797058,12.923098692710353,1.0962904691696167,62.81281700383593,0.7736958265304565
ppo_baseline,10,20024,2,727,215,98,1,1,0,1,0,-0.9471150114489881,0.3647457620570209,-28.544029900021947,1.4579994678497314,1.9764572381973267,0.019775616005063057,1.1330593343614748,0.16287709772586823,9.332170279032107,0.10121416300535202
ppo_baseline,10,20024,2,728,216,148,1,1,0,1,0,10.602953441096014,-0.611178987311081,-54.833482656914384,1.079478144645691,0.7541043162345886,0.07156411558389664,4.10032178754368,0.15756218135356903,9.027648002434383,0.15034520626068115
ppo_baseline,10,20024,2,729,217,146,1,1,0,1,0,9.844542896036138,-0.9851455047476191,-40.9981968326232,0.09545952826738358,0.44095873832702637,0.05380668491125107,3.082895955004935,0.0679776594042778,3.8948329850429078,0.08779551088809967
ppo_baseline,10,20024,2,730,218,148,1,1,0,1,0,-8.058598692239544,0.39104199036157,3.0986519207596848,1.3711541891098022,1.3016252517700195,0.052683886140584946,3.0185643242032887,0.20670801401138306,11.843496794383334,0.15603789687156677
ppo_baseline,10,20024,2,731,219,11,1,1,0,1,0,-7.185099459664953,9.569750725348186,-16.98609306955309,15.139313697814941,15.731130599975586,0.0658499076962471,3.7729217923209966,0.22323288023471832,12.790301885998733,0.17746634781360626
ppo_baseline,10,20024,2,732,220,122,1,1,0,1,0,18.140681907230388,0.35134493090545593,-73.17286842747879,2.1800057888031006,1.6144691705703735,0.1100834310054779,6.307315990933472,0.33293136954307556,19.07556234232859,0.2765491008758545
ppo_baseline,10,20024,2,733,221,145,1,1,0,1,0,12.568313054010503,0.590278608450842,-53.708086047749724,1.2918550968170166,1.1628916263580322,0.038978639990091324,2.233311562592086,0.027466168627142906,1.573695541729919,0.05271172523498535
ppo_baseline,10,20024,2,734,222,231,1,1,0,1,0,-4.747869397750963,2.2302070281709034,18.223504781105962,0.4877512753009796,0.31026947498321533,0.04997735098004341,2.863491282400496,0.08206678181886673,4.702080236442021,0.09101074188947678
ppo_baseline,10,20024,2,735,223,237,1,1,0,1,0,43.20370589675534,17.20437225504836,-75.94078892824811,3.2688210010528564,2.53948974609375,0.3533536195755005,20.245671077347446,1.1044203042984009,63.278622244852464,0.9055637717247009
ppo_baseline,10,20024,2,736,224,243,1,1,0,1,0,0.7955121326313851,3.86756729676304,-2.629472566293169,0.6625036001205444,0.5728075504302979,0.023653719574213028,1.3552583013883892,0.12316258251667023,7.056696172136945,0.08523501455783844
ppo_baseline,10,20024,2,737,225,27,1,1,0,1,0,6.9636510663948,1.8391513774309933,45.6800729426135,14.809589385986328,15.208040237426758,0.04887038469314575,2.800066786097992,0.07067349553108215,4.049293017367692,0.08420713245868683
ppo_baseline,10,20024,2,738,226,248,1,1,0,1,0,8.320563767666213,5.4981246969418445,-53.32395620882821,2.118701457977295,1.360023021697998,0.0733489841222763,4.202587221778519,0.19742102921009064,11.311391760867139,0.17205950617790222
ppo_baseline,10,20024,2,739,227,79,1,1,0,1,0,1.2884059038961853,-5.978560203160541,-51.31435063047038,0.3841687738895416,1.3676632642745972,0.06868860870599747,3.9355673794792176,0.2931775152683258,16.79783427300732,0.21527737379074097
ppo_baseline,10,20024,2,740,228,215,1,1,0,1,0,14.915248015096925,1.7767917503087771,-60.69214571938452,2.214540958404541,1.7551170587539673,0.13063232600688934,7.484680948171822,0.34271299839019775,19.636008392032107,0.3019888401031494
ppo_baseline,10,20024,2,741,229,147,1,1,0,1,0,-3.102067015344691,9.870702520557288,-33.32549016811103,0.792461633682251,1.0574902296066284,0.0562836118042469,3.224813412136048,0.23387236893177032,13.399899684516956,0.17321979999542236
ppo_baseline,10,20024,2,742,230,182,1,1,0,1,0,-1.1025154754451183,1.5691539995403894,24.461461908565244,0.6959142684936523,0.7928164005279541,0.04526551812887192,2.5935231462572763,0.10961823910474777,6.280662458357967,0.1000746339559555
ppo_baseline,10,20024,2,743,231,55,1,1,0,1,0,1.4938306733734887,-2.1836524587880968,-35.141719430687466,2.3576788902282715,3.2283730506896973,0.03712062910199165,2.1268553804146206,0.2620464563369751,15.014155984467878,0.1681438535451889
ppo_baseline,10,20024,2,744,232,131,1,1,0,1,0,-1.9484753852862176,-8.115699073700851,53.18035831171786,0.4106936454772949,1.0792590379714966,0.0869835689663887,4.983791388759197,0.14433538913726807,8.269808631943848,0.15915125608444214
ppo_baseline,10,20024,2,745,233,128,1,1,0,1,0,2.708347590828476,1.0572176608695936,0.6713392935205533,0.7342298626899719,2.207354784011841,0.04334476217627525,2.4834719366988574,0.12705916166305542,7.279953711763506,0.10687434673309326
ppo_baseline,10,20024,2,746,234,103,1,1,0,1,0,4.527746061179792,-1.6930263103277405,29.152504132421704,0.7826091647148132,1.1630256175994873,0.038098521530628204,2.182884489393293,0.22320115566253662,12.788484201905865,0.14969909191131592
ppo_baseline,10,20024,2,747,235,272,1,1,0,1,0,8.423685963755066,7.687746741064532,-41.93196565443398,1.1134657859802246,0.49062272906303406,0.053852785378694534,3.0855373172230256,0.17241023480892181,9.878378799410735,0.14005790650844574
ppo_baseline,10,20024,2,748,236,186,1,1,0,1,0,36.74864437633802,16.954756161641072,-71.24932323266312,6.22511625289917,5.8580322265625,0.3154468834400177,18.073775081668234,1.2644238471984863,72.44614996016777,0.9476587772369385
ppo_baseline,10,20024,2,749,237,142,1,1,0,1,0,7.350922792334523,3.9166490361387516,-41.11676891661462,1.1996465921401978,1.0568510293960571,0.03278619050979614,1.878510342523192,0.039582233875989914,2.267894944793976,0.05257730931043625
ppo_baseline,10,20024,2,750,238,57,1,1,0,1,0,-3.253751856432334,-3.036606482339289,17.217281312579683,0.9239832162857056,3.0764167308807373,0.06813059747219086,3.903595690861211,0.10341127216815948,5.925029449314213,0.1198362335562706
ppo_baseline,10,20024,2,751,239,144,1,1,0,1,0,19.16619382997278,3.474339645867066,-54.323130922131035,1.080980896949768,0.3933298587799072,0.10671763122081757,6.114469868586394,0.2915797531604767,16.706289247561642,0.2525075078010559
ppo_baseline,10,20024,2,752,240,50,1,1,0,1,0,9.254933646123957,-0.4160541431021567,-19.505394684533954,0.5541638135910034,2.740795373916626,0.05131227895617485,2.939977021386768,0.03788354620337486,2.170567310442233,0.07025405019521713
ppo_baseline,10,20024,2,753,241,115,1,1,0,1,0,-4.786664872236636,0.23535465842029937,-26.425032011917192,1.0350106954574585,1.9448997974395752,0.017314301803708076,0.9920364185682216,0.19545261561870575,11.198609969744595,0.1150406077504158
ppo_baseline,10,20024,2,754,242,141,1,1,0,1,0,22.297835564423625,9.359353578155112,-66.60807308785604,3.8596560955047607,3.315984010696411,0.21586422622203827,12.368109110380027,0.7371206879615784,42.23390441197815,0.5844245553016663
ppo_baseline,10,20024,2,755,243,106,1,1,0,1,0,-6.457329143221755,0.8083665486493491,-12.460409725502641,0.9139314293861389,1.4145636558532715,0.0188527163118124,1.080181077024294,0.24502842128276825,14.039094400256138,0.14136692881584167
ppo_baseline,10,20024,2,756,244,13,1,1,0,1,0,-10.365618027816412,16.125612177536546,54.94467813660219,16.645244598388672,18.084646224975586,0.10938547551631927,6.267326087116694,0.5442654490470886,31.18411316519073,0.3815181851387024
ppo_baseline,10,20024,2,757,245,262,1,1,0,1,0,-0.3740348193282383,-6.226960522895565,58.28458599922507,2.6580731868743896,1.919687271118164,0.08911363780498505,5.1058353432831005,0.19374507665634155,11.100775193846978,0.18598617613315582
ppo_baseline,10,20024,2,758,246,58,1,1,0,1,0,26.536924170900342,26.260834264270084,-58.90203510019422,3.5380587577819824,4.723969459533691,0.19844000041484833,11.369774510345115,0.7925058007240295,45.40723762112275,0.5946928858757019
ppo_baseline,10,20024,2,759,247,104,1,1,0,1,0,22.185041820470037,-5.463290732174779,-84.72807318227963,1.7760118246078491,0.8552218079566956,0.16452518105506897,9.42659849808118,0.7113168835639954,40.75545532461553,0.5201836228370667
ppo_baseline,10,20024,2,760,248,64,1,0,1,0,1,nan,nan,nan,nan,nan,nan,nan,nan,nan,nan
ppo_baseline,10,20024,2,761,249,247,1,1,0,1,0,-6.033201716520643,4.299918271224847,-25.553008100203325,0.6207655668258667,0.5877016186714172,0.02807823196053505,1.6087641875279974,0.18540582060813904,10.622971018006028,0.12078113853931427
ppo_baseline,10,20024,2,762,250,116,1,1,0,1,0,8.85980720263872,2.6197190561583907,-15.948669296898194,1.0346858501434326,1.9646974802017212,0.03173885866999626,1.8185026483529871,0.05549323558807373,3.179528190721806,0.05948547646403313
ppo_baseline,10,20024,2,763,251,25,1,1,0,1,0,3.6616097725304755,-8.799865462482687,-4.278007024367446,14.695603370666504,17.192167282104492,0.013864351436495781,0.7943688229973485,0.12267407774925232,7.028706910691879,0.07520139217376709
ppo_baseline,10,20024,2,764,252,368,1,1,0,1,0,11.402372441932647,8.048462691511245,-46.850740045597,0.8008033037185669,0.6315523386001587,0.06679978966712952,3.8273460202881275,0.21459640562534332,12.29546834100965,0.17409798502922058
ppo_baseline,10,20024,2,765,253,78,1,1,0,1,0,-1.0530649058542259,-2.5061466706394184,29.179838549480095,1.0320243835449219,1.1215503215789795,0.06215862184762955,3.5614266922188444,0.08774390071630478,5.027355189059184,0.10603056848049164
ppo_baseline,10,20024,2,766,254,75,1,1,0,1,0,-5.941895747695913,-1.0641024915529664,23.044812372812903,0.6109692454338074,2.3408265113830566,0.06289759278297424,3.6037666079969304,0.11548624187707901,6.616874251383614,0.12064070999622345
ppo_baseline,10,20024,2,767,255,71,1,1,0,1,0,13.108116564494951,-2.1653475518124625,2.1493239280196126,2.121464967727661,1.2350106239318848,0.01661396399140358,0.9519100176897486,0.042186759412288666,2.417123265657942,0.03770734369754791
ppo_baseline,10,30031,3,768,0,73,1,1,0,1,0,-25.32739329153946,23.047175618265726,59.632974624412306,8.335988998413086,9.044904708862305,0.1950443685054779,11.17521913315824,0.9912679195404053,56.79546815637889,0.6906783580780029
ppo_baseline,10,30031,3,769,1,1,1,1,0,1,0,23.897903000147494,-5.607216478365288,-70.3524374323704,15.318375587463379,15.305227279663086,0.14917999505996704,8.547384104718581,0.5110427141189575,29.28059066992695,0.4047013521194458
ppo_baseline,10,30031,3,770,2,61,1,1,0,1,0,1.3605600222882,-1.2242021256980653,-49.6028145074919,2.7525668144226074,3.4950144290924072,0.023904891684651375,1.3696494032479003,0.14507479965686798,8.3121737340445,0.09644228965044022
ppo_baseline,10,30031,3,771,3,51,1,1,0,1,0,-1.7811630713775852,0.048207475161949995,4.098127162385991,12.093374252319336,14.789950370788574,0.016064831987023354,0.9204470714432023,0.24826209247112274,14.224370111681903,0.14019587635993958
ppo_baseline,10,30031,3,772,4,91,1,1,0,1,0,-3.0305412743563176,-0.17262620108290228,-18.224433686833084,2.1314215660095215,1.8279800415039062,0.014469103887677193,0.8290185861002347,0.1666843146085739,9.550307738102099,0.097811259329319
ppo_baseline,10,30031,3,773,5,91,1,1,0,1,0,-13.068460486173857,-1.5274625248466316,-3.175450567787308,2.3716559410095215,1.5867109298706055,0.048266854137182236,2.7654870324340988,0.19687436521053314,11.280070220880752,0.1467040330171585
ppo_baseline,10,30031,3,774,6,111,1,1,0,1,0,-3.900215600995701,1.3261085481146557,-10.845643722684907,1.2185428142547607,0.8751726746559143,0.004484215285629034,0.2569266102945946,0.20164455473423004,11.553381948066106,0.10530649125576019
ppo_baseline,10,30031,3,775,7,255,1,1,0,1,0,-18.916632378078855,-0.2008212219767149,62.46389679008583,8.28610610961914,7.578598976135254,0.15515998005867004,8.890012006695809,0.5853764414787292,33.53959952311801,0.44784820079803467
ppo_baseline,10,30031,3,776,8,116,1,1,0,1,0,8.524567857796153,0.18679201342150872,20.85820927230336,0.892158567905426,1.9015188217163086,0.02952410839498043,1.6916068049191415,0.24025705456733704,13.76571522495273,0.1496526300907135
ppo_baseline,10,30031,3,777,9,141,1,1,0,1,0,-4.59563814152972,0.3169617586236117,21.45829603240234,0.6665717959403992,0.25825175642967224,0.05605725944042206,3.211844377006075,0.10230299085378647,5.861529607487427,0.10720875859260559
ppo_baseline,10,30031,3,778,10,102,1,1,0,1,0,16.671521877138982,-5.893811215939023,-62.61940653710868,4.836971759796143,4.319756984710693,0.1614847183227539,9.252392815752712,0.4229416847229004,24.23277351477488,0.3729555606842041
ppo_baseline,10,30031,3,779,11,125,1,1,0,1,0,18.88778165902472,5.264272680138948,-65.92478096328797,2.215195655822754,0.9591529965400696,0.11446955054998398,6.558622129273513,0.35262763500213623,20.204075225302066,0.2907833755016327
ppo_baseline,10,30031,3,780,12,107,1,1,0,1,0,18.873793431604536,-4.904034842934135,-68.00115847097184,0.6960426568984985,1.2499395608901978,0.1108015775680542,6.348462758040922,0.32075682282447815,18.378012197868113,0.2711799740791321
ppo_baseline,10,30031,3,781,13,147,1,1,0,1,0,2.3139588077736,4.227204077320891,-7.632449529544108,0.22831417620182037,0.42513349652290344,0.03963081166148186,2.270678246880756,0.14707721769809723,8.426903836627789,0.11316941678524017
ppo_baseline,10,30031,3,782,14,126,1,1,0,1,0,0.7935177173937413,1.2187379743620552,7.795622748815713,1.140873670578003,0.5050845146179199,0.05676467716693878,3.252376427088223,0.13355644047260284,7.652220365870357,0.1235428974032402
ppo_baseline,10,30031,3,783,15,50,1,1,0,1,0,-6.6895555750021884,2.16939102380111,11.226549712318178,1.314329743385315,2.7756292819976807,0.07686547189950943,4.404067130123317,0.16100235283374786,9.224755309049902,0.15736664831638336
ppo_baseline,10,30031,3,784,16,253,1,1,0,1,0,4.999698472449333,3.0968487508188014,-8.186131984422023,0.4159981906414032,0.41699886322021484,0.020727507770061493,1.187598715049144,0.09043744951486588,5.181684167129269,0.06594623625278473
ppo_baseline,10,30031,3,785,17,122,1,1,0,1,0,38.548371901879705,16.966995860633734,-74.74747291797684,2.5585455894470215,1.572399377822876,0.27754122018814087,15.901940557691551,1.1761969327926636,67.39112012525216,0.8656396865844727
ppo_baseline,10,30031,3,786,18,119,1,1,0,1,0,-2.98901372420264,1.3853126278403263,-35.58289500955693,0.8056293725967407,3.6802072525024414,0.035836365073919296,2.053272471825604,0.21561279892921448,12.353703387646824,0.14364276826381683
ppo_baseline,10,30031,3,787,19,111,1,1,0,1,0,-7.276460070003044,5.473098883822917,20.161516316583718,3.104816436767578,1.1842820644378662,0.017850300297141075,1.0227468700673028,0.1748161017894745,10.016224823466287,0.10525835305452347
ppo_baseline,10,30031,3,788,20,115,1,1,0,1,0,-4.303688535646694,3.0514553135948965,-4.995012962678705,0.15099860727787018,0.9217278361320496,0.03600747138261795,2.0630761411620995,0.15393105149269104,8.819599586542147,0.11297299712896347
ppo_baseline,10,30031,3,789,21,159,1,1,0,1,0,20.94465214643904,-6.538690356614946,-78.59647576057579,4.760206699371338,3.7309696674346924,0.218460813164711,12.516882583333954,0.7363878488540649,42.1919158240555,0.5866547226905823
ppo_baseline,10,30031,3,790,22,17,1,1,0,1,0,1.6952256312404848,10.565073211959124,-24.044738406924427,13.60645866394043,14.84739875793457,0.0667252242565155,3.8230737369622845,0.27672165632247925,15.854983007147714,0.20508605241775513
ppo_baseline,10,30031,3,791,23,222,1,1,0,1,0,-14.92873080851853,21.292991794109692,57.24749007565033,1.0500565767288208,0.6570116281509399,0.11952604353427887,6.848337836411121,0.8110134601593018,46.46764839542933,0.5250327587127686
ppo_baseline,10,30031,3,792,24,96,1,1,0,1,0,-3.6500667528331543,2.737963291069651,17.82650686578814,0.7182942032814026,0.9046713709831238,0.01971648819744587,1.1296715605331484,0.22210067510604858,12.725431310582891,0.130766823887825
ppo_baseline,10,30031,3,793,25,136,1,1,0,1,0,-11.23277884484123,-17.01303133563962,-64.57065497919793,8.328744888305664,6.893538951873779,0.1334332525730133,7.645162219136795,0.4403124749660492,25.228046482514333,0.3535894751548767
ppo_baseline,10,30031,3,794,26,133,1,1,0,1,0,13.519157348746319,-6.305972151214272,-65.50371346133502,0.6994341015815735,0.824543297290802,0.08132956176996231,4.65984063906737,0.16307295858860016,9.343392279838438,0.1628660410642624
ppo_baseline,10,30031,3,795,27,88,1,1,0,1,0,11.769522430577512,-0.5323859250458138,6.008339827941796,0.8574953079223633,3.07403564453125,0.021566051989793777,1.2356437597748946,0.21619023382663727,12.38678797021272,0.1296611726284027
ppo_baseline,10,30031,3,796,28,141,1,1,0,1,0,-19.706202246132328,-4.207136981539394,64.12308634326533,4.009355068206787,3.3003716468811035,0.1665746569633484,9.544024817839333,0.6412305235862732,36.739802696457446,0.487189918756485
ppo_baseline,10,30031,3,797,29,46,1,1,0,1,0,-0.2925096813949661,3.0690635412751894,24.995828588470363,19.16826820373535,19.165863037109375,0.048951830714941025,2.804733299404992,0.39380860328674316,22.563570904272144,0.2458561360836029
ppo_baseline,10,30031,3,798,30,117,1,1,0,1,0,-9.445728150399093,-0.8390887395360664,-14.24833468415854,2.990769863128662,1.272199273109436,0.022124825045466423,1.2676590975705657,0.20843860507011414,11.942652358111703,0.12634412944316864
ppo_baseline,10,30031,3,799,31,213,1,1,0,1,0,-19.15563435751594,20.867853499411417,66.71241105761716,1.4194084405899048,1.1548470258712769,0.14972592890262604,8.578663809796302,0.9767661094665527,55.964575643846835,0.6381089687347412
ppo_baseline,10,30031,3,800,32,62,1,1,0,1,0,-6.243571542957036,3.535442518182,-11.889843042996457,1.1352570056915283,3.4151830673217773,0.048988766968250275,2.806849590830638,0.19203151762485504,11.002595493396276,0.1450045257806778
ppo_baseline,10,30031,3,801,33,150,1,1,0,1,0,-5.3649360081265955,-2.5233587473478507,50.232093496103516,1.2731070518493652,1.1487613916397095,0.03636773303151131,2.083717613164113,0.03685092180967331,2.1114022908608785,0.05479319393634796
ppo_baseline,10,30031,3,802,34,188,1,1,0,1,0,-61.287683573496274,39.551453483387775,-102.234558364696,0.987274169921875,1.4523394107818604,0.3243115544319153,18.581683316276013,0.5787453651428223,33.15966683544146,0.6136842370033264
ppo_baseline,10,30031,3,803,35,1,1,1,0,1,0,0.15434861486394816,1.503611504264947,-61.69137507420071,16.597793579101562,16.725662231445312,0.042078353464603424,2.4109120623814615,0.12875086069107056,7.376880926275157,0.1064537838101387
ppo_baseline,10,30031,3,804,36,36,1,1,0,1,0,2.577522147466052,-0.5084529421940892,-1.179560009282862,12.0994873046875,14.199701309204102,0.029752958565950394,1.7047189538565677,0.1124323159456253,6.441897184565757,0.08596912026405334
ppo_baseline,10,30031,3,805,37,74,1,1,0,1,0,-17.69839983771538,27.112463231122295,61.537422610308624,3.2807021141052246,3.191654682159424,0.14428111910820007,8.2666991883242,1.1435108184814453,65.5183437265372,0.7160365581512451
ppo_baseline,10,30031,3,806,38,144,1,1,0,1,0,4.413080845393619,2.363887490606393,-7.03352390160403,0.3440815806388855,0.3949292004108429,0.02675923891365528,1.5331914527346855,0.11384519189596176,6.522849013495572,0.08368183672428131
ppo_baseline,10,30031,3,807,39,6,1,1,0,1,0,10.505254415208151,20.067819781549485,-62.63721967046408,14.48913860321045,17.64103126525879,0.13361753523349762,7.655720837819988,0.5449560284614563,31.223680451052616,0.40609556436538696
ppo_baseline,10,30031,3,808,40,90,1,1,0,1,0,-11.871811343587623,-3.54608395290888,13.087666978119932,3.0654239654541016,1.0620529651641846,0.04343973472714424,2.4889134630332417,0.31946250796318054,18.3038534189547,0.2031709849834442
ppo_baseline,10,30031,3,809,41,138,1,1,0,1,0,9.787920627816733,-3.5649899165314753,-41.970269355299415,0.6314448714256287,1.411489725112915,0.07505250722169876,4.300191905678471,0.06190528720617294,3.546911686458921,0.10600514709949493
ppo_baseline,10,30031,3,810,42,18,1,1,0,1,0,13.942410511233668,3.0766996927672636,-4.552307421435159,8.532783508300781,11.232964515686035,0.025219745934009552,1.4449850024109656,0.08317583054304123,4.765624047611588,0.06680765748023987
ppo_baseline,10,30031,3,811,43,142,1,1,0,1,0,18.294443125825712,-2.2290595563903413,-73.88834440341596,0.8941713571548462,1.230698823928833,0.12248456478118896,7.017848617458851,0.40282386541366577,23.08010737534894,0.32389649748802185
ppo_baseline,10,30031,3,812,44,102,1,1,0,1,0,-9.03050729037568,-6.9246233654773475,28.012122088218035,2.322403907775879,0.7272093296051025,0.0317540243268013,1.8193715764814595,0.07280567288398743,4.17145778086254,0.06815686076879501
ppo_baseline,10,30031,3,813,45,144,1,1,0,1,0,-0.5659358142489165,10.16145001314639,9.33634950103051,4.214048385620117,2.778312921524048,0.026133857667446136,1.4973597467402697,0.16595299541950226,9.508406235091362,0.10911035537719727
ppo_baseline,10,30031,3,814,46,108,1,1,0,1,0,13.620776903217768,3.1022036191280913,-28.69571474110959,1.131148099899292,1.2939958572387695,0.03780893236398697,2.1662922523520396,0.18714100122451782,10.722389544017442,0.13137942552566528
ppo_baseline,10,30031,3,815,47,285,1,1,0,1,0,-4.091570180782778,6.789672487856235,0.20722793941818687,1.5691938400268555,1.448887825012207,0.036634981632232666,2.0990298300662236,0.19064195454120636,10.922979393336023,0.13195595145225525
ppo_baseline,10,30031,3,816,48,142,1,1,0,1,0,23.266602275541555,-7.162751080700672,-85.83642163927594,2.887651205062866,3.0775632858276367,0.17951449751853943,10.285423069223999,0.6483174562454224,37.145854027520116,0.5036731958389282
ppo_baseline,10,30031,3,817,49,186,1,1,0,1,0,-3.098242109409484,0.6360818570249475,14.512007306877711,0.4416586756706238,0.9284922480583191,0.058144617825746536,3.3314412028164098,0.12232304364442825,7.008594138020307,0.11930613964796066
ppo_baseline,10,30031,3,818,50,59,1,1,0,1,0,-5.440887711697138,-4.120912673457153,7.5392994096434744,2.4490249156951904,2.2915351390838623,0.07604050636291504,4.356800086632713,0.13385458290576935,7.6693026689845585,0.14296779036521912
ppo_baseline,10,30031,3,819,51,226,1,1,0,1,0,27.197840595747454,-0.6584438963675692,-75.61807615034334,3.99544620513916,1.9050872325897217,0.23057584464550018,13.211022755851301,0.8572419881820679,49.11634794423608,0.6591968536376953
ppo_baseline,10,30031,3,820,52,61,1,1,0,1,0,7.476871480629558,-7.340281357607643,-47.464965297277914,0.9588124752044678,1.4880313873291016,0.08908142149448395,5.1039894846599045,0.14988616108894348,8.587844437814445,0.1640245020389557
ppo_baseline,10,30031,3,821,53,102,1,1,0,1,0,-5.010476510959614,5.817572644423341,29.029164576389615,8.002646446228027,8.067066192626953,0.020037448033690453,1.148061204543173,0.28749188780784607,16.47207181563815,0.16378338634967804
ppo_baseline,10,30031,3,822,54,184,1,1,0,1,0,3.691853850175292,6.920197402895179,-22.48122614363847,1.2516019344329834,1.1676526069641113,0.027595683932304382,1.5811162220980204,0.3769858479499817,21.59969802369453,0.21608860790729523
ppo_baseline,10,30031,3,823,55,104,1,1,0,1,0,3.397800546027903,1.4102018371758527,2.850770695401582,1.2720128297805786,3.4443092346191406,0.026036512106657028,1.4917822569527197,0.11284435540437698,6.465505306545083,0.08245868980884552
ppo_baseline,10,30031,3,824,56,169,1,1,0,1,0,-5.751306149095877,3.2768788769619976,-6.949048121949313,0.5919546484947205,0.30782851576805115,0.005234356038272381,0.29990650946182545,0.44950470328330994,25.75472236941402,0.22998671233654022
ppo_baseline,10,30031,3,825,57,171,1,1,0,1,0,5.875533629720069,1.5755607169818613,-38.45468902722381,1.337180733680725,1.2244391441345215,0.04650236666202545,2.66438934710392,0.06574568152427673,3.76695007255229,0.07937520742416382
ppo_baseline,10,30031,3,826,58,113,1,1,0,1,0,-6.532297299551815,-2.5328117291591483,0.25296288610059225,4.207258701324463,1.9473787546157837,0.02139994129538536,1.2261263180533049,0.11239862442016602,6.439966802351583,0.07759925723075867
ppo_baseline,10,30031,3,827,59,83,1,1,0,1,0,-7.835333468650167,1.3994921005572727,-21.81744103933995,0.8126538395881653,1.1886460781097412,0.02293458767235279,1.3140550784985814,0.20655858516693115,11.834935152258725,0.12621387839317322
ppo_baseline,10,30031,3,828,60,268,1,1,0,1,0,-14.610280068655856,25.104455917030247,64.53259716514262,1.1522812843322754,1.1553502082824707,0.1433521807193756,8.213474939216876,0.9235520958900452,52.91563725496109,0.6051282286643982
ppo_baseline,10,30031,3,829,61,190,1,1,0,1,0,15.767600982001156,-5.7488472809946725,-66.81532834803092,6.973453998565674,5.963528156280518,0.14834006130695343,8.499259445600318,0.43480196595191956,24.91231757303591,0.3657410442829132
ppo_baseline,10,30031,3,830,62,143,1,1,0,1,0,3.3926505833937135,0.5632037385809114,21.316788173178015,0.7936809062957764,0.8690929412841797,0.038928911089897156,2.2304623064911326,0.08228689432144165,4.714691753857626,0.08007235825061798
ppo_baseline,10,30031,3,831,63,164,1,1,0,1,0,30.68760280876041,-6.384273439859299,-72.89392350177546,5.774439811706543,5.205212116241455,0.25212836265563965,14.44589107571199,0.8734243512153625,50.04352904859239,0.6888405084609985
ppo_baseline,10,30031,3,832,64,77,1,1,0,1,0,13.471564590609669,-0.22158499705355367,-2.6287622266194877,2.200502872467041,2.5468668937683105,0.027279486879706383,1.562999465489679,0.06678422540426254,3.826454253714618,0.060671597719192505
ppo_baseline,10,30031,3,833,65,64,1,0,1,0,1,nan,nan,nan,nan,nan,nan,nan,nan,nan,nan
ppo_baseline,10,30031,3,834,66,89,1,1,0,1,0,10.560988758835455,-3.6448211675505844,-38.8024276182475,2.533353805541992,0.507426381111145,0.02893342450261116,1.6577631108600226,0.050721775740385056,2.90614367933311,0.05429431051015854
ppo_baseline,10,30031,3,835,67,64,1,1,0,1,0,-1.7142818590248203,-0.23808673408830447,14.643146938941957,1.8574037551879883,2.3160972595214844,0.03050105832517147,1.7475819127146885,0.18451732397079468,10.57206391057463,0.12275972217321396
ppo_baseline,10,30031,3,836,68,102,1,1,0,1,0,10.859126516106512,-2.3328784317745352,-1.056889811789433,3.9235570430755615,1.4489092826843262,0.008379762060940266,0.4801249994157258,0.05766496807336807,3.303959296360629,0.03721224516630173
ppo_baseline,10,30031,3,837,69,78,1,1,0,1,0,-6.375093665614801,6.521013827042954,-29.23579145916084,0.9124337434768677,1.7204982042312622,0.042668405920267105,2.4447195777823203,0.22959917783737183,13.155063869755034,0.15746799111366272
ppo_baseline,10,30031,3,838,70,11,1,1,0,1,0,6.291615093578906,9.378669353127908,22.404769006069348,11.242950439453125,13.197668075561523,0.06067762151360512,3.4765716236217794,0.18216684460639954,10.437391363162197,0.1517610400915146
ppo_baseline,10,30031,3,839,71,50,1,1,0,1,0,-22.775470693082617,3.793582687673462,67.16093592003357,3.6277990341186523,5.621016502380371,0.18629758059978485,10.674065101865956,0.80262690782547,45.987134342035176,0.5876110196113586
ppo_baseline,10,30031,3,840,72,18,1,1,0,1,0,-9.466273359422493,-8.77467572482368,-2.845415827092292,14.11129379272461,13.184713363647461,0.02185909077525139,1.2524336454152554,0.14070989191532135,8.062082942489896,0.09221403300762177
ppo_baseline,10,30031,3,841,73,125,1,1,0,1,0,20.30657587417645,-6.575846585699816,-71.7236115686288,1.1266061067581177,1.2452061176300049,0.17657624185085297,10.11707342033517,0.5140684247016907,29.453951116345632,0.4336104393005371
ppo_baseline,10,30031,3,842,74,159,1,1,0,1,0,1.0023712418343913,8.601120618013658,-36.863091026070755,0.5020297765731812,1.138899326324463,0.047475676983594894,2.7201559206863704,0.2125575840473175,12.178652469408568,0.15375447273254395
ppo_baseline,10,30031,3,843,75,133,1,1,0,1,0,-7.49950672753898,-4.36526952120353,42.22334152442672,0.9490602612495422,0.890120804309845,0.05215999111533165,2.9885473503483753,0.13498489558696747,7.7340648151473275,0.11965243518352509
ppo_baseline,10,30031,3,844,76,66,1,0,1,0,1,nan,nan,nan,nan,nan,nan,nan,nan,nan,nan
ppo_baseline,10,30031,3,845,77,88,1,1,0,1,0,-11.803181602807335,1.2023591807323646,-4.776938682858538,1.2225453853607178,1.3244668245315552,0.039194781333208084,2.245695549330965,0.18488280475139618,10.593004416796244,0.13163618743419647
ppo_baseline,10,30031,3,846,78,89,1,1,0,1,0,13.811885596194724,0.7948017929577038,-30.16901386583802,0.9124770164489746,1.15726637840271,0.05101320520043373,2.9228413574196757,0.18635158240795135,10.677159177559972,0.1441890001296997
ppo_baseline,10,30031,3,847,79,162,1,1,0,1,0,6.38499743991132,2.67295355054947,-25.060688064828806,0.29847452044487,0.844360888004303,0.035797711461782455,2.0510577829872276,0.10294535756111145,5.8983345087168635,0.08727039396762848
ppo_baseline,10,30031,3,848,80,53,1,1,0,1,0,-9.249510475922968,3.4429071153066673,-19.75532496664306,1.8563475608825684,2.788248300552368,0.024972382932901382,1.4308121464397776,0.23616431653499603,13.531218609046915,0.1430545449256897
ppo_baseline,10,30031,3,849,81,20,1,1,0,1,0,15.20248479045264,8.441253210300339,62.389693614942814,11.634296417236328,12.83653736114502,0.1201624721288681,6.884802508842527,0.25681179761886597,14.714232132728865,0.2485683709383011
ppo_baseline,10,30031,3,850,82,101,1,1,0,1,0,-25.410776240926978,-0.09345064822411446,61.51717792960871,7.770679473876953,7.456475734710693,0.16640309989452362,9.534195321850037,0.7097830772399902,40.66757469565956,0.5212946534156799
ppo_baseline,10,30031,3,851,83,206,1,1,0,1,0,-15.102709387057095,12.940203193939357,51.03313808196261,1.1558289527893066,0.6946551203727722,0.09512525051832199,5.450275379824497,0.9538937211036682,54.654084323269416,0.5720720887184143
ppo_baseline,10,30031,3,852,84,162,1,1,0,1,0,-10.839578514701936,-2.4119447016066027,26.238813734385964,1.1221734285354614,0.23436063528060913,0.05323000252246857,3.049854488008175,0.2667352557182312,15.282804399997406,0.18659763038158417
ppo_baseline,10,30031,3,853,85,328,1,1,0,1,0,-23.340300016685994,25.12751463566821,65.0041534254403,2.7826168537139893,1.7806636095046997,0.2080276608467102,11.919106988495376,1.3028899431228638,74.65009491097997,0.8594726324081421
ppo_baseline,10,30031,3,854,86,164,1,1,0,1,0,-20.052957289915536,12.564665732993717,56.694354035906024,1.1303460597991943,0.45172572135925293,0.10352344065904617,5.931456230436371,0.5680200457572937,32.54515130072083,0.3875334560871124
ppo_baseline,10,30031,3,855,87,231,1,1,0,1,0,-0.6882781626621849,5.867993100876375,21.629023440895978,0.1849362552165985,0.46426817774772644,0.025454413145780563,1.4584304432355473,0.16606387495994568,9.51475916479312,0.1084863543510437
ppo_baseline,10,30031,3,856,88,106,1,1,0,1,0,20.79963356998133,60.575759295927504,-67.14279493759801,3.5829057693481445,4.102285385131836,0.5357533097267151,30.69640350750597,0.7715845108032227,44.20853600669093,0.9215455651283264
ppo_baseline,10,30031,3,857,89,140,1,1,0,1,0,14.58103319862986,2.3576856788400216,-64.53218735379241,2.4883100986480713,2.341883659362793,0.08891367167234421,5.094378127837228,0.21283476054668427,12.194533513002494,0.19533105194568634
ppo_baseline,10,30031,3,858,90,63,1,1,0,1,0,2.5629875049122646,-0.23814137560166457,-13.388605112950694,3.338627576828003,4.54080867767334,0.027086127549409866,1.5519207919342126,0.10934333503246307,6.2649116152450945,0.0817577987909317
ppo_baseline,10,30031,3,859,91,148,1,1,0,1,0,-6.884134004077512,54.74865170742283,73.70166167302116,5.434015274047852,3.924797773361206,0.4059780240058899,23.26082735059831,1.0810930728912354,61.94207033749686,0.9465245604515076
ppo_baseline,10,30031,3,860,92,124,1,1,0,1,0,-13.678532982839396,-1.918149345371361,0.49614494130972625,2.063279628753662,1.0536205768585205,0.023617658764123917,1.3531921691644602,0.35658887028694153,20.431037288779713,0.20191209018230438
ppo_baseline,10,30031,3,861,93,112,1,1,0,1,0,6.589124473446321,0.4146471241331341,-23.483843272282982,0.2916914224624634,2.129376173019409,0.045211125165224075,2.5904066590050463,0.06591647118330002,3.7767355991988025,0.07816936075687408
ppo_baseline,10,30031,3,862,94,179,1,1,0,1,0,-12.93617338232905,53.16259981987583,67.24011147289235,13.310139656066895,12.13116455078125,0.36976826190948486,21.186160805301522,1.0002100467681885,57.307814306399884,0.8698732852935791
ppo_baseline,10,30031,3,863,95,167,1,1,0,1,0,-3.9525621707946788,2.325856997307762,-5.357012988689381,0.3595500886440277,0.40263450145721436,0.010060511529445648,0.5764248503799405,0.1838390827178955,10.533203549291844,0.1019800528883934
ppo_baseline,10,30031,3,864,96,125,1,1,0,1,0,-10.056347062198233,-4.694539280711504,30.839192027199672,1.5340200662612915,0.7065715193748474,0.06874755024909973,3.938944481136966,0.11033880710601807,6.321947963682932,0.12391695380210876
ppo_baseline,10,30031,3,865,97,217,1,1,0,1,0,-10.381026934583959,-4.104793427015923,42.603987966871536,1.3659729957580566,0.9368752241134644,0.0510537289083004,2.925163194850657,0.09566448628902435,5.481171313648226,0.09888596832752228
ppo_baseline,10,30031,3,866,98,159,1,1,0,1,0,-9.087607671836984,-4.243091097330341,21.042064304381764,1.3698344230651855,0.7914192080497742,0.058060090988874435,3.3265981718080475,0.18457023799419403,10.57509566079247,0.15034520626068115
ppo_baseline,10,30031,3,867,99,112,1,1,0,1,0,-2.6244455470640395,1.1454227238111383,-9.177055829207472,1.9313547611236572,2.160691022872925,0.04447508603334427,2.5482347231918605,0.15837280452251434,9.074093288790468,0.12366148829460144
ppo_baseline,10,30031,3,868,100,127,1,1,0,1,0,-9.45949781176584,-3.1928265690358204,36.68643501337755,1.8594588041305542,1.0599162578582764,0.030288951471447945,1.7354290851905319,0.10236460715532303,5.865059961514677,0.08147125691175461
ppo_baseline,10,30031,3,869,101,357,1,1,0,1,0,10.8637300636071,4.22650739802555,-54.23051355698566,2.4877357482910156,0.9443139433860779,0.0731264278292656,4.189835685484929,0.20382292568683624,11.678193409864333,0.17503789067268372
ppo_baseline,10,30031,3,870,102,131,1,1,0,1,0,17.085895793705316,6.715223425903097,-71.72033307782719,11.840837478637695,12.083890914916992,0.16489386558532715,9.447722565636738,0.5260618925094604,30.14112620345686,0.4279248118400574
ppo_baseline,10,30031,3,871,103,86,1,1,0,1,0,13.856172542773088,0.13926755717656,-6.618685532174136,3.2204270362854004,1.3183186054229736,0.019640766084194183,1.1253330030280153,0.04435962066054344,2.541619044650468,0.04182057827711105
ppo_baseline,10,30031,3,872,104,148,1,1,0,1,0,9.41727358231682,1.1321448360646336,-39.104868394695664,2.51425838470459,2.1245245933532715,0.022029947489500046,1.262223014043176,0.04290730506181717,2.4584074903224375,0.04348360002040863
ppo_baseline,10,30031,3,873,105,320,1,1,0,1,0,-1.5919941521249121,5.943917483690236,11.047352869253723,1.191116213798523,0.19059619307518005,0.017146896570920944,0.9824448052611138,0.13972067832946777,8.005405178983485,0.08700723946094513
ppo_baseline,10,30031,3,874,106,167,1,1,0,1,0,-6.654967497045244,-2.567946222249694,29.210820287555272,1.0751752853393555,0.2503843605518341,0.06403743475675583,3.6690747424064765,0.12684760987758636,7.2678326873076715,0.127461239695549
ppo_baseline,10,30031,3,875,107,98,1,0,1,0,1,nan,nan,nan,nan,nan,nan,nan,nan,nan,nan
ppo_baseline,10,30031,3,876,108,155,1,1,0,1,0,11.566802416011534,4.828520271470474,-2.5575643347112744,1.4076062440872192,0.944584310054779,0.01211458258330822,0.694114452586255,0.07312292605638504,4.18963504867806,0.04867604374885559
ppo_baseline,10,30031,3,877,109,352,1,1,0,1,0,30.592991028377394,14.92296612885904,-76.32147635182794,4.484405040740967,3.573086977005005,0.24515534937381744,14.046366844174909,1.0551222562789917,60.45405215510705,0.7727164626121521
ppo_baseline,10,30031,3,878,110,431,1,1,0,1,0,-7.855660111620125,2.7102737041744196,-8.786259725656024,1.8753520250320435,1.6711825132369995,0.03425327315926552,1.962567986534658,0.23501628637313843,13.465441326018754,0.15176141262054443
ppo_baseline,10,30031,3,879,111,55,1,1,0,1,0,0.31998070223675734,13.07074176935664,-62.2030382053047,1.905423641204834,3.4913992881774902,0.07579359412193298,4.342653057314324,0.3589543104171753,20.566567024932986,0.25527074933052063
ppo_baseline,10,30031,3,880,112,161,1,1,0,1,0,23.82057159836461,11.908462138673912,-75.9220468891656,0.9366872906684875,0.7598627209663391,0.18353749811649323,10.515924024465358,0.7554395794868469,43.283499581734006,0.5612573027610779
ppo_baseline,10,30031,3,881,113,121,1,1,0,1,0,14.357153258015183,1.2606070339742335,-14.605799464560327,1.3585867881774902,1.2813489437103271,0.02470296621322632,1.4153757054721372,0.05421540141105652,3.1063136854611466,0.05181066691875458
ppo_baseline,10,30031,3,882,114,155,1,1,0,1,0,0.21284235491593734,52.481766563408954,76.26322849858607,5.169511318206787,4.49528169631958,0.37118813395500183,21.26751348095825,1.096146821975708,62.80458662588607,0.9192615747451782
ppo_baseline,10,30031,3,883,115,217,1,1,0,1,0,-15.0202553433967,12.729123027829283,50.88366622216605,0.5218263268470764,0.7714502811431885,0.0831616073846817,4.764809120666241,0.9066159129142761,51.94526544938821,0.536469578742981
ppo_baseline,10,30031,3,884,116,190,1,1,0,1,0,-10.446760675156163,-7.1082734918806505,58.44419385974993,1.4944196939468384,1.4265546798706055,0.12304631620645523,7.050034603262067,0.37375181913375854,21.41440182170125,0.3099222183227539
ppo_baseline,10,30031,3,885,117,89,1,1,0,1,0,-2.1605937401501336,-0.24655616865912028,-19.29972402824653,5.094805717468262,7.040901184082031,0.004697395954281092,0.26914096288213435,0.17552217841148376,10.056680033920271,0.09245848655700684
ppo_baseline,10,30031,3,886,118,122,1,1,0,1,0,-3.539089839198787,-2.566361618362251,27.028274319412716,1.7565922737121582,1.1604305505752563,0.023193515837192535,1.3288905695409665,0.0987943783402443,5.660500918514673,0.07259070873260498
ppo_baseline,10,30031,3,887,119,173,1,1,0,1,0,-12.459262253722079,1.018845658112462,-52.77415330139886,6.4889326095581055,5.546611309051514,0.05344315990805626,3.0620675065743925,0.26349276304244995,15.09702325457306,0.18518954515457153
ppo_baseline,10,30031,3,888,120,71,1,1,0,1,0,10.978695807716756,0.47034048662541805,14.892995258781022,0.8483762145042419,2.2727320194244385,0.03621329367160797,2.0748688896509497,0.07820180058479309,4.480633123832337,0.07531419396400452
ppo_baseline,10,30031,3,889,121,131,1,1,0,1,0,-6.726711804087058,3.5651401806932155,-8.921333546682195,0.26522302627563477,1.1198179721832275,0.03834231197834015,2.1968526531327925,0.1766895204782486,10.123563807593975,0.12668707966804504
ppo_baseline,10,30031,3,890,122,105,1,1,0,1,0,-9.134435448786594,1.6260767960832756,-17.68271772338103,0.17652341723442078,0.9149852395057678,0.0202061515301466,1.1577272028792105,0.20810985565185547,11.9238164039281,0.12426108121871948
ppo_baseline,10,30031,3,891,123,115,1,1,0,1,0,-4.709347130832092,-10.830180174404,66.40977903587223,1.02518630027771,0.512058675289154,0.10534747689962387,6.035965808700382,0.3089628517627716,17.7022674323329,0.2598288953304291
ppo_baseline,10,30031,3,892,124,82,1,1,0,1,0,-3.6933974729277153,0.6831282000279953,-12.229986463663092,0.8529183268547058,2.2402563095092773,0.044764444231987,2.5648137267415967,0.19417138397693634,11.125200804092591,0.14185014367103577
ppo_baseline,10,30031,3,893,125,273,1,1,0,1,0,-35.532406251212194,32.38181757200373,62.622493782613525,10.091130256652832,8.54071044921875,0.2696848213672638,15.451802063083738,1.3259696960449219,75.97246734561863,0.9326696395874023
ppo_baseline,10,30031,3,894,126,113,1,1,0,1,0,15.46472307344611,-1.5893713594836272,-85.60288381117486,0.6641178727149963,1.537593960762024,0.11199963837862015,6.417106586086373,0.42510607838630676,24.356784136892923,0.3245526850223541
ppo_baseline,10,30031,3,895,127,2,1,1,0,1,0,12.00452191916097,8.591380768257219,-24.579132407586226,19.825347900390625,21.814722061157227,0.044633615761995316,2.5573178075709193,0.1343774050474167,7.699258171136942,0.11182232201099396
ppo_baseline,10,30031,3,896,128,122,1,1,0,1,0,5.84931936368556,-0.4953936205010248,-1.9981445209305502,0.8181882500648499,2.727074146270752,0.04053698480129242,2.3225981433000196,0.09100177139043808,5.214017428886463,0.08603787422180176
ppo_baseline,10,30031,3,897,129,114,1,1,0,1,0,24.80036223480294,4.266805514128626,-68.76444577109912,3.2386624813079834,2.9407198429107666,0.18902143836021423,10.830130655532516,0.6482088565826416,37.139631725186234,0.5131258964538574
ppo_baseline,10,30031,3,898,130,90,1,1,0,1,0,6.101899759192631,-0.6333088002219223,7.010861333937928,1.0915576219558716,4.736989498138428,0.01745184138417244,0.9999168560448295,0.06689870357513428,3.8330133697519457,0.05090119317173958
ppo_baseline,10,30031,3,899,131,189,1,1,0,1,0,39.4254911347144,30.257123306131184,-65.99007757175329,7.917820453643799,8.022217750549316,0.29050013422966003,16.64443163934342,1.0998300313949585,63.01561898067195,0.8404151201248169
ppo_baseline,10,30031,3,900,132,226,1,1,0,1,0,17.31683814992179,-2.664388493330274,-68.14486565110892,2.5762810707092285,1.910380482673645,0.16009876132011414,9.172983328914851,0.5004692673683167,28.674776796208917,0.41033339500427246
ppo_baseline,10,30031,3,901,133,115,1,1,0,1,0,3.8965136384655543,-3.4521005499295048,33.2770504665173,0.8326522707939148,1.3846291303634644,0.06098801642656326,3.4943559421166115,0.08451233059167862,4.842199859717541,0.10324418544769287
ppo_baseline,10,30031,3,902,134,193,1,1,0,1,0,10.66538137010993,-2.866179602169131,-53.221394088251294,0.8628824353218079,0.4814039468765259,0.07940579950809479,4.54961718067582,0.1399594247341156,8.019084340343728,0.1493855118751526
ppo_baseline,10,30031,3,903,135,89,1,1,0,1,0,-1.7504545408692078,-4.04971478154894,26.425783332725892,0.7331882119178772,3.1219077110290527,0.06420856714248657,3.678879905846853,0.07199549674987793,4.125038107715841,0.10020631551742554
ppo_baseline,10,30031,3,904,136,5,1,1,0,1,0,8.42088558619536,10.786425982580896,-67.90378729416415,12.328512191772461,12.239389419555664,0.14467477798461914,8.289254180510875,0.5053255558013916,28.95302162752231,0.39733755588531494
ppo_baseline,10,30031,3,905,137,1,1,1,0,1,0,26.130241047339442,-3.554608028993056,-81.84300127686625,22.013036727905273,23.7867431640625,0.22567902505397797,12.930455660220103,0.9654942154884338,55.3187436917817,0.7084261178970337
ppo_baseline,10,30031,3,906,138,174,1,1,0,1,0,-16.259798073970614,-15.507930850135612,81.30382614378544,5.125574111938477,3.23996639251709,0.2444733828306198,14.007293039480558,0.9598533511161804,54.99554597044586,0.7244000434875488
ppo_baseline,10,30031,3,907,139,86,1,1,0,1,0,-7.348095094018138,-2.071582714886527,10.893919499738557,3.37595796585083,0.8155871629714966,0.0459260419011116,2.6313683706746707,0.1311458945274353,7.514106256889883,0.11149898916482925
ppo_baseline,10,30031,3,908,140,166,1,1,0,1,0,20.17764922340329,0.8625299487675502,-68.89208834630831,0.945070207118988,0.42570945620536804,0.1837061047554016,10.525584473272694,0.566602349281311,32.46392327601646,0.46700727939605713
ppo_baseline,10,30031,3,909,141,11,1,1,0,1,0,1.474146068185512,4.810816421141801,69.50855390003699,21.129045486450195,20.737581253051758,0.08799435198307037,5.041704989618558,0.43765655159950256,25.075873282901036,0.30682262778282166
ppo_baseline,10,30031,3,910,142,129,1,1,0,1,0,-4.967856130538734,-3.002892668596106,24.14205494221877,0.5256706476211548,1.5566564798355103,0.06135532259941101,3.5154010356098904,0.09665131568908691,5.537712473371238,0.10968098044395447
ppo_baseline,10,30031,3,911,143,255,1,1,0,1,0,42.265552093497405,46.78817551279969,-69.52740522214621,4.011717319488525,3.2520804405212402,0.36707812547683716,21.03202734139643,0.7863342761993408,45.053635312696606,0.7602452635765076
ppo_baseline,10,30031,3,912,144,157,1,1,0,1,0,7.633446737162931,2.835744279227554,-28.944989325058376,0.9971281290054321,0.5837462544441223,0.03255901858210564,1.8654943498426748,0.10779983550310135,6.176475606532239,0.08645893633365631
ppo_baseline,10,30031,3,913,145,211,1,1,0,1,0,-13.968624777268177,53.72013450144563,65.75074774323605,6.622839450836182,5.820125579833984,0.3913714289665222,22.42393110178582,1.2404183149337769,71.07073427643479,1.0115805864334106
ppo_baseline,10,30031,3,914,146,126,1,1,0,1,0,7.226353802251831,1.3660514943808901,9.081993256339235,0.6783795952796936,1.416961431503296,0.007741156034171581,0.44353556931026167,0.062381040304899216,3.574170331106207,0.038931675255298615
ppo_baseline,10,30031,3,915,147,89,1,1,0,1,0,-6.156090480067513,-0.6482259333692302,-3.551875953325051,1.05278742313385,2.4603326320648193,0.0499313585460186,2.8608561100413405,0.15620540082454681,8.949910204395882,0.1280340552330017
ppo_baseline,10,30031,3,916,148,187,1,1,0,1,0,-33.76622861487362,16.57245681341712,70.32615486444419,3.044393539428711,2.7308130264282227,0.24588097631931305,14.087942205652777,1.1063965559005737,63.391853120912934,0.7990792393684387
ppo_baseline,10,30031,3,917,149,128,1,1,0,1,0,-3.8824024676403077,-4.742350604901593,53.805402583044064,1.8571550846099854,0.5953837037086487,0.03932087495923042,2.252920181925546,0.09661872684955597,5.5358452704068855,0.0876302421092987
ppo_baseline,10,30031,3,918,150,266,1,1,0,1,0,2.145307776787645,3.298462274739238,4.77269030519479,0.22641851007938385,0.4858124256134033,0.019709832966327667,1.1292902438783914,0.13404422998428345,7.680168646180403,0.08673194795846939
ppo_baseline,10,30031,3,919,151,96,1,1,0,1,0,-1.8504485103181945,-0.9348206709429652,-4.00654798599446,1.3405747413635254,1.2318341732025146,0.0072403340600430965,0.4148405839052894,0.1653212159872055,9.472207940037586,0.08990094065666199
ppo_baseline,10,30031,3,920,152,532,1,1,0,1,0,42.684994010427886,48.00476880776236,100.0627494539287,3.610844373703003,2.5745186805725098,0.3174692690372467,18.1896492409375,0.7056782841682434,40.432387376873926,0.6703084111213684
ppo_baseline,10,30031,3,921,153,129,1,1,0,1,0,-17.646053267916404,50.60395631527569,61.582693104127465,9.121567726135254,8.196549415588379,0.31557250022888184,18.080972393506133,1.0105204582214355,57.89855736771429,0.8208327293395996
ppo_baseline,10,30031,3,922,154,170,1,1,0,1,0,-3.8512021635116898,3.1479795469455167,25.498680775545044,0.7145076394081116,0.708999514579773,0.02952941320836544,1.6919107483372071,0.16683082282543182,9.558702040592044,0.1129448264837265
ppo_baseline,10,30031,3,923,155,127,1,1,0,1,0,-3.5120969315988964,-3.3889896019985866,55.538576745313144,1.396336317062378,1.5351016521453857,0.06238844618201256,3.574594656608394,0.09520400315523148,5.4547875735449365,0.1099904477596283
ppo_baseline,10,30031,3,924,156,148,1,1,0,1,0,28.50404597262069,55.34410759926454,-63.85791107892875,8.633200645446777,9.095510482788086,0.3999924659729004,22.917880137277383,1.0953590869903564,62.75945273585062,0.9476720094680786
ppo_baseline,10,30031,3,925,157,247,1,1,0,1,0,10.75633216909782,5.245134490084572,-35.90527993838153,1.3480507135391235,1.2431998252868652,0.052031807601451874,2.9812029759999072,0.14338184893131256,8.215174802546564,0.12372273206710815
ppo_baseline,10,30031,3,926,158,59,1,1,0,1,0,6.562705301736711,5.075049119372914,35.317118688573395,0.8625962138175964,3.5427565574645996,0.0509798638522625,2.9209310388861875,0.13666406273841858,7.8302740060224805,0.11931189894676208
ppo_baseline,10,30031,3,927,159,134,1,1,0,1,0,-4.562088252326617,3.9176189230008935,-23.422207645212787,0.438154935836792,0.9690833687782288,0.026511872187256813,1.5190183833200859,0.1886238157749176,10.807348559555939,0.12082377821207047
ppo_baseline,10,30031,3,928,160,155,1,1,0,1,0,19.673376356981247,14.482569191554957,-56.31306555567923,10.395559310913086,9.712165832519531,0.14177902042865753,8.123339494061156,0.4768344461917877,27.320601293247385,0.3801962435245514
ppo_baseline,10,30031,3,929,161,139,1,1,0,1,0,9.351102709637738,5.00290866135924,18.161076852092044,0.47011515498161316,0.8063991069793701,0.028655242174863815,1.6418244375449746,0.10729871690273285,6.147763625695621,0.08230459690093994
ppo_baseline,10,30031,3,930,162,143,1,1,0,1,0,-4.973538847928185,68.07456934417115,-82.66650352471635,10.21359634399414,9.870119094848633,0.89766526222229,51.432430940841556,0.5694175958633423,32.62522502345548,1.1823740005493164
ppo_baseline,10,30031,3,931,163,194,1,1,0,1,0,-0.804555303092482,1.9793888214696953,-29.77614138477889,4.874360084533691,4.044548988342285,0.028591031208634377,1.6381454201815708,0.1056673526763916,6.054293340677643,0.08142470568418503
ppo_baseline,10,30031,3,932,164,132,1,1,0,1,0,-3.541166216706471,0.6158644970817098,-21.36271436515718,0.5692266821861267,0.6168386936187744,0.007870344445109367,0.45093752001899856,0.19640547037124634,11.253204525554153,0.10607308149337769
ppo_baseline,10,30031,3,933,165,167,1,1,0,1,0,7.09759107601875,1.1684541216924214,-6.74949731515822,0.7989300489425659,0.5924916863441467,0.02834039367735386,1.623784947451619,0.07574626058340073,4.339941045327007,0.06621352583169937
ppo_baseline,10,30031,3,934,166,146,1,1,0,1,0,-2.9363939468368616,-8.78003059313297,63.307370511069045,0.1355164498090744,0.8364150524139404,0.12012594938278198,6.882709909635564,0.33089160919189453,18.95869268298779,0.28557175397872925
ppo_baseline,10,30031,3,935,167,236,1,1,0,1,0,9.854405689197637,3.8440031441264964,11.773046808189239,0.6330690979957581,0.6745391488075256,0.011859544552862644,0.6795018498263945,0.08563199639320374,4.906351984610062,0.05467554181814194
ppo_baseline,10,30031,3,936,168,140,1,1,0,1,0,-29.892964940342786,6.677466140171266,64.92055190999933,8.840951919555664,7.659571647644043,0.21153616905212402,12.120129701052607,0.9566611647605896,54.81264716485126,0.6898667812347412
ppo_baseline,10,30031,3,937,169,156,1,1,0,1,0,8.634328997758258,-14.476408360923605,-71.4705120787448,2.3125669956207275,2.157979965209961,0.16266436874866486,9.31998180645822,0.4933139979839325,28.264810059204535,0.4093213677406311
ppo_baseline,10,30031,3,938,170,22,1,1,0,1,0,-10.235899075099528,5.97272722160935,40.85992648306546,10.564901351928711,13.330721855163574,0.07957201451063156,4.559140598812933,0.3135148584842682,17.963078205789838,0.23632943630218506
ppo_baseline,10,30031,3,939,171,210,1,1,0,1,0,-8.74702711906347,1.763336277643852,-1.6531926470882263,0.3267561197280884,0.30844542384147644,0.037959374487400055,2.174911951084596,0.2642090618610382,15.138064153748372,0.17006391286849976
ppo_baseline,10,30031,3,940,172,101,1,1,0,1,0,-3.569525162140364,-5.141342935457058,19.560049858272397,0.9534322023391724,1.753698468208313,0.06545504927635193,3.750298071355799,0.0912853479385376,5.230265168261454,0.11109772324562073
ppo_baseline,10,30031,3,941,173,113,1,1,0,1,0,-5.564377531890968,5.956088880791199,23.742789404096506,0.9405418634414673,0.6112033128738403,0.021563278511166573,1.235484851154986,0.610032856464386,34.952308039719256,0.3265797197818756
ppo_baseline,10,30031,3,942,174,132,1,1,0,1,0,-10.920120105394727,-0.7480559782781365,7.110746020360195,0.7448174357414246,1.4235914945602417,0.04296882078051567,2.461932081377576,0.17592187225818634,10.079580804433679,0.13092975318431854
ppo_baseline,10,30031,3,943,175,231,1,1,0,1,0,33.04058931745146,2.0250418058820605,-81.06834854196008,3.1505990028381348,1.7057032585144043,0.2834218740463257,16.238877204542867,1.047744870185852,60.03135906813164,0.8072943091392517
ppo_baseline,10,30031,3,944,176,177,1,1,0,1,0,-13.972777532283546,-1.7791413353832615,38.54050352395585,2.2960708141326904,1.7254019975662231,0.05163329094648361,2.9583696536045547,0.17651993036270142,10.113847009725987,0.13989326357841492
ppo_baseline,10,30031,3,945,177,154,1,1,0,1,0,30.986150377381666,17.83736686656846,-66.36808756117848,3.5293917655944824,4.005133628845215,0.235772043466568,13.50874301780934,0.846544086933136,48.50340335302455,0.659044086933136
ppo_baseline,10,30031,3,946,178,133,1,1,0,1,0,46.378596389030704,3.5350053860751194,-84.48617520263447,6.2722344398498535,4.837956428527832,0.2686343491077423,15.391614436117587,0.9495387673377991,54.40456385251051,0.7434037327766418
ppo_baseline,10,30031,3,947,179,103,1,1,0,1,0,-9.721012094707287,-2.2619537474331226,13.239556724882677,1.3204991817474365,0.31480467319488525,0.04933099076151848,2.8264575698338636,0.2607242465019226,14.938398941288682,0.17969311773777008
ppo_baseline,10,30031,3,948,180,204,1,1,0,1,0,35.82482030995878,22.98966542545422,-70.85060410967445,2.197169542312622,1.5605881214141846,0.3060734272003174,17.53671559968284,1.1815916299819946,67.70021350595192,0.8968692421913147
ppo_baseline,10,30031,3,949,181,111,1,1,0,1,0,15.159522900573261,0.037429436651669874,-7.585621752594501,1.4649748802185059,1.7811930179595947,0.015994179993867874,0.9163990104212061,0.11704730987548828,6.706316859225399,0.07451783120632172
ppo_baseline,10,30031,3,950,182,349,1,1,0,1,0,37.201158069229706,36.217556187234514,-68.05722066367932,1.823561191558838,1.4041670560836792,0.313309907913208,17.951335403059293,0.9285617470741272,53.20266912464171,0.7775907516479492
ppo_baseline,10,30031,3,951,183,208,1,1,0,1,0,-8.52245049915345,4.023145345677591,11.24370714751325,0.5336409211158752,0.10919760912656784,0.02284168265759945,1.3087320132576143,0.28415054082870483,16.280626735844567,0.16491694748401642
ppo_baseline,10,30031,3,952,184,7,1,1,0,1,0,17.246869692064177,34.59818663691619,-66.56195565058012,8.35771656036377,11.162633895874023,0.21123488247394562,12.102867251699045,0.9299613237380981,53.28285896059224,0.6762155294418335
ppo_baseline,10,30031,3,953,185,92,1,1,0,1,0,5.9031275939669205,3.257836309556002,37.16867368953713,1.2250186204910278,3.3366386890411377,0.02876695804297924,1.6482252852926287,0.10972467064857483,6.286760536626319,0.0836292952299118
ppo_baseline,10,30031,3,954,186,188,1,1,0,1,0,37.23189392049477,3.619863656323358,-78.24278124459585,3.3214340209960938,2.9082350730895996,0.29873892664909363,17.116479673261342,1.0480382442474365,60.048168163679044,0.8227580785751343
ppo_baseline,10,30031,3,955,187,366,1,1,0,1,0,-7.176302176013977,4.327676160011779,10.55227343745452,0.9272167086601257,0.2053774893283844,0.01627766527235508,0.9326415204326137,0.4758013188838959,27.261407458805472,0.25417831540107727
ppo_baseline,10,30031,3,956,188,155,1,1,0,1,0,9.447148829746457,1.485402219937693,-35.028939347112214,0.6131995916366577,0.3590494990348816,0.038389626890420914,2.199563597903053,0.041216082870960236,2.3615075965674666,0.05899766832590103
ppo_baseline,10,30031,3,957,189,192,1,1,0,1,0,3.119606941133284,3.0581488989815093,-5.61355489391506,0.35580846667289734,1.14763343334198,0.015463050454854965,0.8859675294610374,0.08468928188085556,4.8523384217667775,0.057807691395282745
ppo_baseline,10,30031,3,958,190,119,1,1,0,1,0,-13.657496000195756,-0.5593788326457043,20.155492089735766,1.432580590248108,0.040381066501140594,0.04491621255874634,2.5735094113286694,0.30542880296707153,17.499781351745995,0.1976306140422821
ppo_baseline,10,30031,3,959,191,144,1,1,0,1,0,-12.522427843166357,-0.9040028574078677,35.266575288715295,1.7654311656951904,0.7823113799095154,0.05300331860780716,3.0368664564145726,0.327587753534317,18.769395697688182,0.21679720282554626
ppo_baseline,10,30031,3,960,192,168,1,1,0,1,0,19.890590032965992,20.694762845464954,-61.174794206894305,4.62247896194458,4.2522172927856445,0.15713371336460114,9.003098595010064,0.663822591304779,38.03423282720158,0.48904502391815186
ppo_baseline,10,30031,3,961,193,134,1,1,0,1,0,7.665562286640331,4.070806405705939,20.029925892034253,0.4342922866344452,1.1773972511291504,0.02911260724067688,1.6680295255127864,0.11147522181272507,6.38705973015384,0.08485022187232971
ppo_baseline,10,30031,3,962,194,75,1,1,0,1,0,0.10838144174976233,-1.2541456750194013,22.356547870529056,0.846026599407196,2.96677303314209,0.06691549718379974,3.8339755726512714,0.1022554561495781,5.858806069555884,0.11804322898387909
ppo_baseline,10,30031,3,963,195,1,1,1,0,1,0,39.27966659593463,43.45146417870838,98.69209441204723,23.53281593322754,23.537267684936523,0.2692176103591919,15.425032844179166,0.8592551946640015,49.23169617893926,0.6988452076911926
ppo_baseline,10,30031,3,964,196,116,1,1,0,1,0,22.011759921226812,9.435783394967554,-56.488628738105234,2.1729471683502197,0.6544175744056702,0.09960891306400299,5.7071703204529,0.37735244631767273,21.62070256293961,0.28828513622283936
ppo_baseline,10,30031,3,965,197,120,1,1,0,1,0,6.019268130613817,8.697508247580878,28.264784445995147,0.6233755350112915,0.7228111028671265,0.0320022851228714,1.8335958723148342,0.1445251703262329,8.280682293102508,0.10426487028598785
ppo_baseline,10,30031,3,966,198,54,1,1,0,1,0,-8.4637655138047,1.5784157360549267,3.108542034677863,2.0326974391937256,2.988813877105713,0.005947721656411886,0.3407793486309602,0.23808687925338745,13.64137333865994,0.12499116361141205
ppo_baseline,10,30031,3,967,199,122,1,1,0,1,0,31.365977197126075,5.4316942770743,-75.48486014077142,1.914718508720398,0.2242160588502884,0.2562697231769562,14.683173555025524,1.2014789581298828,68.83967347461764,0.8570091724395752
ppo_baseline,10,30031,3,968,200,81,1,1,0,1,0,-8.344865580733119,1.3488803988074782,14.523878175655193,0.660399854183197,1.2589157819747925,0.05822275951504707,3.335918391817353,0.15562759339809418,8.916804277488831,0.13603655993938446
ppo_baseline,10,30031,3,969,201,93,1,1,0,1,0,11.971163275254629,1.3382662848372784,-3.6180468260041345,1.6196222305297852,1.2496604919433594,0.018238235265016556,1.044973906452111,0.09117257595062256,5.223803809306622,0.06382451951503754
ppo_baseline,10,30031,3,970,202,83,1,1,0,1,0,-2.811756654862469,3.140452678480163,-33.70929215795239,3.1382312774658203,3.0725908279418945,0.007036471739411354,0.4031601333313478,0.15449783205986023,8.852073720950973,0.08428538590669632
ppo_baseline,10,30031,3,971,203,108,1,1,0,1,0,-4.823657176781425,-5.260297510042,60.912378338982414,1.4012292623519897,0.22348371148109436,0.05855986848473549,3.3552333130165026,0.09660464525222778,5.535038454311178,0.10686218738555908
ppo_baseline,10,30031,3,972,204,110,1,1,0,1,0,2.580363506160777,6.590572473550363,-35.85686755754448,0.0900203138589859,2.3704190254211426,0.043377455323934555,2.4853451160787334,0.3316481411457062,19.002038771007985,0.20920152962207794
ppo_baseline,10,30031,3,973,205,93,1,1,0,1,0,-7.358695547609997,-0.6758198976160816,-1.535221619743766,1.6864298582077026,0.8888995051383972,0.0594061054289341,3.403719118387131,0.14765982329845428,8.460284678648932,0.13323602080345154
ppo_baseline,10,30031,3,974,206,110,1,1,0,1,0,-5.604211195130482,2.9275693424292055,-14.839064085094602,0.4527851641178131,2.283003568649292,0.05764678120613098,3.3029172656253785,0.19645187258720398,11.25586317668858,0.15587271749973297
ppo_baseline,10,30031,3,975,207,170,1,1,0,1,0,-25.852826084010204,16.859324758557655,64.56032773317287,0.6620747447013855,0.37741178274154663,0.15279416739940643,8.754460926201382,0.7187843918800354,41.18331203460347,0.5121863484382629
ppo_baseline,10,30031,3,976,208,133,1,1,0,1,0,7.569844015611772,2.0488245245720447,-47.3002211344972,0.8750462532043457,0.6364626884460449,0.06282511353492737,3.5996138529815624,0.08415719121694565,4.821851872406426,0.10490371286869049
ppo_baseline,10,30031,3,977,209,163,1,1,0,1,0,24.845619068243444,9.815173082605083,-74.7905304305046,4.4957451820373535,4.230535507202148,0.22148728370666504,12.69028657220859,0.7572314739227295,43.38616757024305,0.6001030206680298
ppo_baseline,10,30031,3,978,210,175,1,1,0,1,0,-7.69780077952279,-4.003979834866535,-52.048076871869824,1.0090575218200684,1.0156052112579346,0.042389165610075,2.428720286538389,0.26355957984924316,15.100851575602851,0.17416895925998688
ppo_baseline,10,30031,3,979,211,152,1,1,0,1,0,-8.203125495077014,2.401535493311503,-8.462344834457339,0.3753199279308319,0.8843035697937012,0.031823061406612396,1.8233271097845432,0.16377639770507812,9.383696372357038,0.11371126025915146
ppo_baseline,10,30031,3,980,212,65,1,1,0,1,0,10.13015408636939,-3.8430605780210345,-18.15197904011759,1.5683625936508179,3.4194533824920654,0.0642843022942543,3.6832192104039265,0.08723422139883041,4.998152715262795,0.10790140926837921
ppo_baseline,10,30031,3,981,213,124,1,1,0,1,0,13.366502620796533,-9.11640374937776,-59.41058366503669,5.102896213531494,4.3513336181640625,0.07896196097135544,4.524187105735393,0.19213047623634338,11.008265404181033,0.17502719163894653
ppo_baseline,10,30031,3,982,214,136,1,1,0,1,0,-12.859402056058107,0.27032522697076466,11.319071454815171,1.8285170793533325,0.8695430159568787,0.03570796176791191,2.045915504315854,0.2584138810634613,14.806024752531957,0.16491490602493286
ppo_baseline,10,30031,3,983,215,98,1,1,0,1,0,10.850657081535697,0.025804454684308174,15.233534830419519,0.8332760334014893,2.3151872158050537,0.017670581117272377,1.012449719563274,0.06591140478849411,3.776445316159077,0.05062628537416458
ppo_baseline,10,30031,3,984,216,164,1,1,0,1,0,-8.122693187410944,10.026021022283377,29.52489970634914,0.7006410360336304,0.39065679907798767,0.04542900621891022,2.6028903238171255,0.23291264474391937,13.344911539056477,0.1618853211402893
ppo_baseline,10,30031,3,985,217,264,1,1,0,1,0,-7.920410304951846,20.865804442660412,62.14563729551992,1.8526898622512817,1.4641611576080322,0.11058250814676285,6.335911004780554,0.5793517231941223,33.19440859265473,0.4002583622932434
ppo_baseline,10,30031,3,986,218,135,1,1,0,1,0,-13.202168269366027,-0.5891038159135997,19.435918000296585,1.364642858505249,0.1501733511686325,0.03870613873004913,2.217698390479671,0.38410863280296326,22.00780353415008,0.23076045513153076
ppo_baseline,10,30031,3,987,219,121,1,1,0,1,0,-13.537503236856972,-3.9514146990141166,22.53056743020264,2.220576047897339,0.24650496244430542,0.0416700541973114,2.3875182375873445,0.34158459305763245,19.57135552889606,0.21246235072612762
ppo_baseline,10,30031,3,988,220,212,1,1,0,1,0,-46.22837320842544,-24.69382494412908,-78.93875020026347,7.62631368637085,6.445306301116943,0.3046402931213379,17.454603065480946,0.26292818784713745,15.064675478663878,0.4361043870449066
ppo_baseline,10,30031,3,989,221,100,1,1,0,1,0,10.733300771216538,-1.0771071717326708,-45.63332712793393,1.5504770278930664,0.9109516143798828,0.05743305757641792,3.2906718036606035,0.0710725486278534,4.072157075614309,0.09296932816505432
ppo_baseline,10,30031,3,990,222,180,1,1,0,1,0,43.39355783492501,35.96165631979081,-68.75471958172102,0.36096662282943726,0.8499860167503357,0.31498652696609497,18.047398598640935,0.8987207412719727,51.49290543575285,0.7643468976020813
ppo_baseline,10,30031,3,991,223,164,1,1,0,1,0,9.694169451269138,-0.3996616890941261,-33.57667720502742,0.2950039505958557,0.09246943891048431,0.04547147825360298,2.605323792152354,0.01658129319548607,0.9500381189703421,0.05376212298870087
ppo_baseline,10,30031,3,992,224,237,1,1,0,1,0,12.977605309834347,8.424519246833807,-60.78842406592502,1.577104091644287,0.750140905380249,0.11684401333332062,6.69466882536959,0.3635817766189575,20.83170130813454,0.2986348867416382
ppo_baseline,10,30031,3,993,225,121,1,1,0,1,0,-6.701412783401331,3.4805551180117775,-16.239526072514018,0.1568373441696167,2.0974791049957275,0.03697100281715393,2.118282425789197,0.19054318964481354,10.917320581608667,0.1322425901889801
ppo_baseline,10,30031,3,994,226,138,1,1,0,1,0,0.9670591638254253,12.423226175661092,33.257857634949566,1.2049238681793213,0.4348997175693512,0.0533742681145668,3.0581202975643595,0.21710576117038727,12.439243823038419,0.16192714869976044
ppo_baseline,10,30031,3,995,227,1,1,1,0,1,0,4.8038632885667285,27.13595908186714,-78.99153390216932,17.772924423217773,18.845163345336914,0.12560570240020752,7.196676630308125,1.0217225551605225,58.54039024402039,0.6364669799804688
ppo_baseline,10,30031,3,996,228,120,1,1,0,1,0,2.186466496726142,-0.5325498495858942,-33.48334950020837,0.3550845980644226,0.376008540391922,0.04201073944568634,2.4070380644615947,0.18263420462608337,10.464169119803232,0.13332784175872803
ppo_baseline,10,30031,3,997,229,79,1,1,0,1,0,-7.1347746258603,2.4767222156950037,-8.518680234731603,1.521206259727478,3.527035713195801,0.05057680234313011,2.8978373155287285,0.18791000545024872,10.766450240579548,0.14453180134296417
ppo_baseline,10,30031,3,998,230,6,1,1,0,1,0,4.060834329517721,8.975155437341895,-39.71898436334985,21.642690658569336,21.662370681762695,0.05589878186583519,3.2027642808347774,0.1413571983575821,8.099170869683066,0.12657737731933594
ppo_baseline,10,30031,3,999,231,180,1,1,0,1,0,-3.889396581350401,-7.696762590768949,53.45949448271794,0.42958715558052063,0.732031524181366,0.10073733329772949,5.771824037362595,0.20262005925178528,11.609274239817966,0.20204736292362213
ppo_baseline,10,30031,3,1000,232,126,1,1,0,1,0,-9.913787353841727,-4.362318879482084,41.19929126216671,0.5290465950965881,0.3313782215118408,0.06355256587266922,3.641293801731096,0.23501470685005188,13.46535082601225,0.18105992674827576
ppo_baseline,10,30031,3,1001,233,128,1,1,0,1,0,1.4238622155158782,10.768517226577123,-38.78565267364595,0.7407178282737732,1.049866795539856,0.06531180441379547,3.7420907452943823,0.2398267239332199,13.741059095822632,0.18522515892982483
ppo_baseline,10,30031,3,1002,234,62,1,1,0,1,0,27.857199737463805,32.29863952829132,-75.19750042201065,7.5352702140808105,8.005444526672363,0.2662465572357178,15.254804039494939,1.0200773477554321,58.44612680328504,0.7762852311134338
ppo_baseline,10,30031,3,1003,235,225,1,1,0,1,0,-6.18133485923988,1.7817914487812263,12.831589525757815,0.6716479659080505,0.17326053977012634,0.04189250245690346,2.400263584022,0.10324381291866302,5.915434741077637,0.09351441264152527
ppo_baseline,10,30031,3,1004,236,11,1,1,0,1,0,0.3168388152185515,21.5857883434498,-77.61194497285346,15.558349609375,18.942052841186523,0.13929536938667297,7.981036771572172,0.6951887011528015,39.831378541236994,0.48688971996307373
ppo_baseline,10,30031,3,1005,237,118,1,1,0,1,0,-7.6778019856329935,2.06781245046468,-14.96053216929411,0.18862983584403992,2.124363660812378,0.007908844389021397,0.45314340431664824,0.21237893402576447,12.168416577163658,0.11409831047058105
ppo_baseline,10,30031,3,1006,238,118,1,1,0,1,0,-31.530024680611444,12.70058649747697,62.99031312979705,2.680532693862915,1.663819670677185,0.17408283054828644,9.974211476107891,0.9689309000968933,55.515651215363995,0.6585482954978943
ppo_baseline,10,30031,3,1007,239,108,1,1,0,1,0,36.91588838835496,45.31473978428786,-57.35868555533814,2.9989445209503174,1.8824152946472168,0.29266270995140076,16.768338101076623,1.095080018043518,62.743463263003626,0.8402026891708374
ppo_baseline,10,30031,3,1008,240,244,1,1,0,1,0,-20.288626137037657,14.820909442280708,63.050528077519886,0.6138036847114563,0.5893010497093201,0.11980582773685455,6.864368290393141,0.870515763759613,49.876879263033246,0.5550637245178223
ppo_baseline,10,30031,3,1009,241,154,1,1,0,1,0,13.614957582044918,0.15300989778662566,-45.79992910216888,0.9344490170478821,0.7199169993400574,0.04983024671673775,2.8550628289647,0.17908859252929688,10.261020510866835,0.1393745392560959
ppo_baseline,10,30031,3,1010,242,98,1,1,0,1,0,12.074695282693682,1.8749825498168804,13.982886212255163,1.0853804349899292,2.129329204559326,0.016812976449728012,0.9633125916222618,0.09874735027551651,5.657806408887103,0.06618665158748627
ppo_baseline,10,30031,3,1011,243,106,1,1,0,1,0,-30.802254364168242,21.204636467006406,80.2014062909887,2.176841974258423,0.1469125747680664,0.19830363988876343,11.361961627708267,1.2761492729187012,73.11796736693022,0.836378276348114
ppo_baseline,10,30031,3,1012,244,21,1,1,0,1,0,0.4476505982026357,0.33567647694944663,-2.5676730146828937,10.493346214294434,11.89753246307373,0.02865106612443924,1.6415851674806128,0.13630236685276031,7.809550358307016,0.0968022495508194
ppo_baseline,10,30031,3,1013,245,84,1,1,0,1,0,-9.414145355676954,-1.968037047069134,2.4529804781400393,4.48323917388916,1.8689770698547363,0.025226544588804245,1.445374536637068,0.15010963380336761,8.60064848118728,0.10028135776519775
ppo_baseline,10,30031,3,1014,246,64,1,1,0,1,0,-11.893886514985104,-1.1850241606188723,-8.513489290962394,2.0583481788635254,3.052875518798828,0.03214797005057335,1.8419430038108247,0.20446881651878357,11.715200228561107,0.13438238203525543
ppo_baseline,10,30031,3,1015,247,97,1,1,0,1,0,-2.903335831254,-3.2497083844436867,17.855384905598953,4.056331157684326,3.5824437141418457,0.028159286826848984,1.613408289276783,0.1488552838563919,8.528779523193114,0.10258692502975464
ppo_baseline,10,30031,3,1016,248,229,1,1,0,1,0,-1.8594097185092513,0.22501375201690008,33.94393647669901,0.8506976366043091,0.9064233303070068,0.059787601232528687,3.4255772178350528,0.09688738733530045,5.551238382361979,0.10823129117488861
ppo_baseline,10,30031,3,1017,249,75,1,1,0,1,0,18.1168991885404,1.129754269855129,-57.73571199752284,0.6922966837882996,1.4829248189926147,0.1006120890378952,5.76464806986585,0.25713884830474854,14.732970756716794,0.22918151319026947
ppo_baseline,10,30031,3,1018,250,131,1,1,0,1,0,41.50098071780618,29.226857571726462,91.16181085210816,1.7523406744003296,2.2658653259277344,0.24405601620674133,13.983379693422698,0.623755931854248,35.7385823414982,0.555933952331543
ppo_baseline,10,30031,3,1019,251,160,1,1,0,1,0,12.62492166185157,4.100230860650354,-25.53535889138801,0.9557234644889832,1.4824538230895996,0.03213152289390564,1.8410006511487744,0.10060016065835953,5.763964624062026,0.0824315994977951
ppo_baseline,10,30031,3,1020,252,96,1,1,0,1,0,8.010623443509374,1.4192313472586096,3.1768302659996506,0.8222386837005615,0.6572206616401672,0.023411206901073456,1.341363348739056,0.057397305965423584,3.2886233872398343,0.05210985988378525
ppo_baseline,10,30031,3,1021,253,197,1,1,0,1,0,4.870963066972934,5.754065545520562,28.751981839492156,0.4591444730758667,0.9333627820014954,0.03377801552414894,1.9353377298611096,0.1375746876001358,7.882448967318561,0.10256536304950714
ppo_baseline,10,30031,3,1022,254,130,1,1,0,1,0,5.905832348878246,-2.9957892718592927,41.12392695486479,0.9499092102050781,1.2929744720458984,0.040515199303627014,2.3213499262291997,0.049050621688365936,2.8103936052362286,0.06504051387310028
ppo_baseline,10,30031,3,1023,255,89,1,1,0,1,0,8.919707961659732,0.804555303092482,3.4498739082600802,0.6122244596481323,2.842200994491577,0.04177042841911316,2.3932692568684955,0.08789913356304169,5.03624937601901,0.085719995200634
ppo_baseline,10,40038,4,1024,0,131,1,1,0,1,0,-11.38337085566167,-8.680583038817586,64.36574930409755,1.5741246938705444,1.2504557371139526,0.15758316218852997,9.028850115728304,0.4631099998950958,26.534248444292988,0.3891381621360779
ppo_baseline,10,40038,4,1025,1,121,1,1,0,1,0,-8.887619732939012,1.3524594179325649,-19.137274809026948,0.5659977793693542,1.2109332084655762,0.024975251406431198,1.430976497866681,0.1800423115491867,10.315664585547877,0.11499640345573425
ppo_baseline,10,40038,4,1026,2,16,1,1,0,1,0,-3.002838027082746,2.4746185174306397,5.681815804480167,12.222574234008789,14.982535362243652,0.056228119879961014,3.221633959077407,0.13777786493301392,7.894090170985202,0.12511704862117767
ppo_baseline,10,40038,4,1027,3,60,1,1,0,1,0,35.21931037965881,8.138184056448532,-84.75594035409328,8.580135345458984,7.87874698638916,0.28782811760902405,16.49133636419217,1.089728832244873,62.43686290135092,0.8326925039291382
ppo_baseline,10,40038,4,1028,4,260,1,1,0,1,0,34.12650743321345,3.8665564287658785,-80.49166200995757,2.0711395740509033,0.979012668132782,0.3035000264644623,17.38927059852248,1.1014782190322876,63.110053176136546,0.8542391061782837
ppo_baseline,10,40038,4,1029,5,70,1,0,1,0,1,nan,nan,nan,nan,nan,nan,nan,nan,nan,nan
ppo_baseline,10,40038,4,1030,6,31,1,1,0,1,0,-6.200131539835755,3.8003035938167544,4.367783030818094,8.456768035888672,9.979633331298828,0.014451883733272552,0.8280319439302852,0.23596280813217163,13.519673028028654,0.13243329524993896
ppo_baseline,10,40038,4,1031,7,157,1,1,0,1,0,-4.03900504493036,3.4655013810810695,-11.648655403024966,0.3539426922798157,1.5631171464920044,0.03535319119691849,2.0255886479024845,0.1707286387681961,9.782030443431243,0.12071751058101654
ppo_baseline,10,40038,4,1032,8,105,1,1,0,1,0,-6.493283259012702,-5.7855117364593,53.92968470518162,1.6434516906738281,1.2701295614242554,0.08682285249233246,4.974583013097551,0.16598419845104218,9.510194037106613,0.16981494426727295
ppo_baseline,10,40038,4,1033,9,121,1,1,0,1,0,-26.194663391591,77.16656199745528,-103.90844648496936,3.9181110858917236,2.224907875061035,2.28002667427063,130.63590561295638,0.547163724899292,31.350172139386665,2.5536084175109863
ppo_baseline,10,40038,4,1034,10,144,1,1,0,1,0,-32.63749887339399,19.120021751183494,67.6029584423601,4.118112087249756,4.549881935119629,0.20383641123771667,11.678966075014191,1.1556094884872437,66.21154645559096,0.7816411256790161
ppo_baseline,10,40038,4,1035,11,161,1,1,0,1,0,-21.91792678240918,2.8317144676172465,54.84012160078764,0.8543147444725037,0.40860414505004883,0.12211017310619354,6.99639755459678,0.54534512758255,31.245974188503535,0.3947827219963074
ppo_baseline,10,40038,4,1036,12,168,1,1,0,1,0,18.851718260207054,-3.138512904755879,-62.35084349894378,0.6970714926719666,0.37497663497924805,0.09015277028083801,5.165373248504456,0.229671910405159,13.159231138922388,0.20498871803283691
ppo_baseline,10,40038,4,1037,13,16,1,1,0,1,0,2.93543772035306,10.081605101748941,0.4742063736956453,17.48721694946289,19.479045867919922,0.06273940205574036,3.594702946968323,0.19762392342090607,11.3230167428345,0.1615513563156128
ppo_baseline,10,40038,4,1038,14,124,1,1,0,1,0,4.409583788538572,-4.059222404873598,-46.981934319174606,2.3266184329986572,0.7111886739730835,0.02841765247285366,1.628211550364022,0.15273945033550262,8.751325869372346,0.10478737950325012
ppo_baseline,10,40038,4,1039,15,62,1,1,0,1,0,5.911282839835915,6.029144584153656,33.855963640189245,1.668489933013916,2.2155163288116455,0.05254240334033966,3.010457956875541,0.14798445999622345,8.47888499130617,0.12653464078903198
ppo_baseline,10,40038,4,1040,16,110,1,1,0,1,0,-3.33718944733321,-1.4904702203018425,18.760248366842244,1.0788793563842773,0.37677907943725586,0.06317497044801712,3.6196591775350804,0.09267005324363708,5.30960293811303,0.10950999706983566
ppo_baseline,10,40038,4,1041,17,132,1,1,0,1,0,13.550986030278578,-3.5410022921663904,-49.54642446570428,0.901728093624115,0.5538879036903381,0.08021244406700134,4.595834509468357,0.11217926442623138,6.427398400505113,0.13630208373069763
ppo_baseline,10,40038,4,1042,18,187,1,1,0,1,0,-33.52875659781061,12.875958434606218,64.225156690222,2.876844644546509,3.714704751968384,0.18792879581451416,10.76752684914747,1.1915603876113892,68.27138124510506,0.7837089896202087
ppo_baseline,10,40038,4,1043,19,126,1,1,0,1,0,-13.05906214587592,11.240565260495044,42.52813188594937,2.0314791202545166,0.42054134607315063,0.05784439668059349,3.314239798278556,0.32544219493865967,18.646464245459,0.22056549787521362
ppo_baseline,10,40038,4,1044,20,417,1,1,0,1,0,46.3783914833556,7.99177212140014,-86.33371405236623,7.660763263702393,6.500885009765625,0.3773092031478882,21.61822491181819,0.7878441214561462,45.1401430736294,0.7712312936782837
ppo_baseline,10,40038,4,1045,21,212,1,1,0,1,0,13.8096589545253,0.09355993125083466,-55.813860689621336,1.2084503173828125,0.5136486887931824,0.0943603441119194,5.40644947101511,0.24780155718326569,14.197983383370852,0.21826112270355225
ppo_baseline,10,40038,4,1046,22,150,1,1,0,1,0,41.08368348027508,39.539049859855034,-63.78392646983917,1.775205135345459,1.696781039237976,0.31645965576171875,18.13180266130937,1.0572080612182617,60.57355997501476,0.8450636863708496
ppo_baseline,10,40038,4,1047,23,385,1,1,0,1,0,3.305442728070991,8.986356947580717,37.787516149096966,0.5980018377304077,0.9844739437103271,0.0340019166469574,1.9481663192262744,0.15805602073669434,9.055942914844806,0.11302992701530457
ppo_baseline,10,40038,4,1048,24,96,1,1,0,1,0,-1.0618621895052023,-0.2306008467579705,13.447167154894384,2.981013298034668,1.2385468482971191,0.01376186404377222,0.7884967279409887,0.08356019109487534,4.787646285043002,0.055541958659887314
ppo_baseline,10,40038,4,1049,25,354,1,1,0,1,0,10.206078469183254,4.1887774330504,-53.56492528274626,2.5451247692108154,1.5928280353546143,0.07640749216079712,4.3778268239925975,0.20166665315628052,11.554648094383495,0.17724081873893738
ppo_baseline,10,40038,4,1050,26,238,1,1,0,1,0,6.072366021221496,1.1606403852819267,-57.5810218732004,2.2949318885803223,1.538573980331421,0.07328301668167114,4.198807565846564,0.12834636867046356,7.353705240647657,0.13745620846748352
ppo_baseline,10,40038,4,1051,27,138,1,1,0,1,0,1.2110471813566208,-4.319971706628005,49.397389738014596,0.489833265542984,0.9925206899642944,0.06448325514793396,3.6946183692418546,0.24624468386173248,14.108781112810485,0.1876055896282196
ppo_baseline,10,40038,4,1052,28,88,1,1,0,1,0,11.587866719411853,3.8381701625753055,-9.302458102368906,3.111560344696045,0.9193886518478394,0.033410634845495224,1.9142883674995996,0.15139620006084442,8.674363297804643,0.10910873115062714
ppo_baseline,10,40038,4,1053,29,297,1,1,0,1,0,44.44365843867945,41.29547398605883,-68.1414778772806,11.64345645904541,11.63465404510498,0.3539223074913025,20.278254494782992,0.7137992978096008,40.897687183891875,0.7108219861984253
ppo_baseline,10,40038,4,1054,30,126,1,1,0,1,0,-4.598370217197725,-7.872052565628156,56.020378289365844,0.6581056118011475,0.5998823046684265,0.08586478233337402,4.919689636511804,0.2085823267698288,11.950887004929799,0.19015595316886902
ppo_baseline,10,40038,4,1055,31,131,1,1,0,1,0,4.0947530489360044,3.6495749792129133,21.033786115107706,1.3622907400131226,1.3088126182556152,0.027421453967690468,1.5711335804609294,0.12088414281606674,6.926151193417314,0.08786352723836899
ppo_baseline,10,40038,4,1056,32,161,1,1,0,1,0,10.69693684407539,1.8131146963149047,-19.044766726908293,1.1571533679962158,0.6651339530944824,0.037695594131946564,2.1597984499986502,0.12344439327716827,7.072842739334855,0.0994177907705307
ppo_baseline,10,40038,4,1057,33,134,1,1,0,1,0,6.810928036553315,-1.3704774569630584,-40.76465900452212,0.46410077810287476,1.0305943489074707,0.06015462800860405,3.446606303072464,0.05355476588010788,3.0684620577414052,0.08693201094865799
ppo_baseline,10,40038,4,1058,34,147,1,1,0,1,0,6.8585071343116235,1.3201526231584044,19.622026994801093,0.22542746365070343,0.33819952607154846,0.03019542433321476,1.7300703748998336,0.12040921300649643,6.898939719763984,0.09040003269910812
ppo_baseline,10,40038,4,1059,35,100,1,1,0,1,0,-10.104158386388322,-9.364312295492542,47.63899851732984,2.802135944366455,0.45551756024360657,0.07901723682880402,4.5273541790761636,0.14503733813762665,8.310027347097822,0.15153589844703674
ppo_baseline,10,40038,4,1060,36,157,1,1,0,1,0,-5.256254038053353,0.520091584539791,-28.289619013817312,0.26032325625419617,0.6083061695098877,0.017352869734168053,0.9942461982081322,0.21748390793800354,12.460910036859346,0.12609481811523438
ppo_baseline,10,40038,4,1061,37,176,1,1,0,1,0,-13.068733693740658,4.95487877111571,25.204887018586113,1.1665756702423096,0.2940712869167328,0.038876812905073166,2.2274773003804254,0.24330700933933258,13.94046476109386,0.16053031384944916
ppo_baseline,10,40038,4,1062,38,381,1,1,0,1,0,-26.06543621249436,23.283049371062948,69.68029217652779,4.879321575164795,4.315150260925293,0.22337743639945984,12.798584344141021,1.0712718963623047,61.37935837253619,0.7590134143829346
ppo_baseline,10,40038,4,1063,39,85,1,1,0,1,0,-5.8068765681831005,3.486183193887868,5.007129718266308,0.4640667736530304,1.2519196271896362,0.026877693831920624,1.5399784196138568,0.316407710313797,18.128826406378536,0.18508154153823853
ppo_baseline,10,40038,4,1064,40,128,1,1,0,1,0,11.637317289002745,-2.1011437736143423,-34.070855051856185,1.0739024877548218,1.012035608291626,0.04493694379925728,2.5746972239140167,0.053907498717308044,3.08867216060865,0.0718906968832016
ppo_baseline,10,40038,4,1065,41,115,1,1,0,1,0,26.687365917559042,7.721487875564395,-69.31452188609526,2.7283413410186768,1.0572311878204346,0.18181797862052917,10.417402814556155,0.6616650223731995,37.91061323341352,0.5126504898071289
ppo_baseline,10,40038,4,1066,42,77,1,1,0,1,0,-4.636947125629956,2.1050369814412497,-7.56360122271038,1.3104307651519775,2.7303884029388428,0.022896666079759598,1.311882331290577,0.1624975949525833,9.310426371809372,0.10414546728134155
ppo_baseline,10,40038,4,1067,43,70,1,1,0,1,0,15.028123721320556,-3.350576618106435,0.6591132549062305,2.5515832901000977,1.4110575914382935,0.009836317971348763,0.5635795057069679,0.1863260716199875,10.67569751707759,0.10299935191869736
ppo_baseline,10,40038,4,1068,44,171,1,1,0,1,0,12.259643145039288,3.182977436252662,-51.11518231427281,1.6908013820648193,1.2961513996124268,0.08573582768440247,4.912301079377143,0.21098093688488007,12.088317241219626,0.1912263035774231
ppo_baseline,10,40038,4,1069,45,173,1,1,0,1,0,-10.83662787298049,12.767112539992894,44.06697350595325,1.2599704265594482,0.32837602496147156,0.07323498278856277,4.196055426497871,0.32731354236602783,18.753684555049862,0.2368917465209961
ppo_baseline,10,40038,4,1070,46,110,1,1,0,1,0,-3.747000797533975,0.25401473523277424,-23.626348339126128,1.0799812078475952,1.0297822952270508,0.018583102151751518,1.0647333235558407,0.18264970183372498,10.465057044395333,0.10990795493125916
ppo_baseline,10,40038,4,1071,47,129,1,1,0,1,0,10.987561393259432,1.5376531670882905,13.583743617537959,0.7404164671897888,1.7176039218902588,0.009877100586891174,0.5659161774550527,0.09091228246688843,5.208890091253899,0.05533324182033539
ppo_baseline,10,40038,4,1072,48,245,1,1,0,1,0,20.292888175079742,7.123299908054678,-63.04408037894339,0.37248465418815613,0.13582555949687958,0.1579664647579193,9.050811735230834,0.5344545245170593,30.62198859649868,0.425193727016449
ppo_baseline,10,40038,4,1073,49,229,1,1,0,1,0,1.306437603305019,3.8760503917121962,-0.5464834354927202,0.6668271422386169,1.013474941253662,0.0102525744587183,0.5874292456281831,0.025498582050204277,1.460961135044743,0.023001864552497864
ppo_baseline,10,40038,4,1074,50,14,1,1,0,1,0,0.2064902789878255,6.496274881869168,11.416825122216393,19.796106338500977,19.935388565063477,0.05480879917740822,3.140312873045589,0.17655792832374573,10.116024132523927,0.14308775961399078
ppo_baseline,10,40038,4,1075,51,251,1,1,0,1,0,9.375950937838244,0.81958171926651,-58.657131837314246,2.904141426086426,1.9406540393829346,0.09537860751152039,5.464791666244889,0.17850321531295776,10.227480866947488,0.18463021516799927
ppo_baseline,10,40038,4,1076,52,204,1,1,0,1,0,-1.9153079866766356,3.464668098002328,2.646711963758281,0.2173871248960495,0.4015932083129883,0.03910721093416214,2.240678135055356,0.13459523022174835,7.711738634297848,0.10640482604503632
ppo_baseline,10,40038,4,1077,53,198,1,1,0,1,0,-11.858806663407918,47.55952243614757,75.8901362453633,4.629329204559326,3.7248499393463135,0.3276961147785187,18.775604339643724,1.3536499738693237,77.55843044070642,1.004521131515503
ppo_baseline,10,40038,4,1078,54,88,1,1,0,1,0,0.37295564943937626,3.574319954937713,-12.425767006032338,1.7217215299606323,1.4142032861709595,0.06370057910680771,3.649774335359313,0.18393851816654205,10.53890078083328,0.15566983819007874
ppo_baseline,10,40038,4,1079,55,90,1,1,0,1,0,-5.454274882470362,-1.4735313511602108,-32.774703713441205,0.47501206398010254,0.7380555272102356,0.02832874469459057,1.6231175099036619,0.23323222994804382,13.363222422447635,0.14494486153125763
ppo_baseline,10,40038,4,1080,56,138,1,1,0,1,0,11.413068518172887,4.445551564707859,-44.96183757025164,0.8788915872573853,0.6058850288391113,0.059797633439302444,3.4261520209423915,0.12149403989315033,6.961095721871569,0.12054465711116791
ppo_baseline,10,40038,4,1081,57,228,1,1,0,1,0,19.961951849414287,5.3135183440547396,-61.62340103158074,2.0131049156188965,1.5958504676818848,0.16124431788921356,9.238618885517736,0.507880449295044,29.099406241814023,0.41518455743789673
ppo_baseline,10,40038,4,1082,58,209,1,1,0,1,0,-29.05847974830731,21.45333731506491,63.836573567961636,0.646419882774353,0.3534225821495056,0.18184131383895874,10.418739824086185,1.0592197179794312,60.68881941725873,0.7114511728286743
ppo_baseline,10,40038,4,1083,59,190,1,1,0,1,0,-3.845519446122239,8.478231854466788,29.133598168799107,0.8444331884384155,0.21006622910499573,0.03725560009479523,2.1345886486589563,0.20700803399085999,11.860686672976964,0.14075961709022522
ppo_baseline,10,40038,4,1084,60,364,1,1,0,1,0,0.35564795008256395,7.025997033138676,26.121771612768626,1.2641711235046387,1.1431639194488525,0.029189158231019974,1.6724155741769924,0.1716042459011078,9.832199036658633,0.11499127745628357
ppo_baseline,10,40038,4,1085,61,19,1,1,0,1,0,5.6451513490155385,2.960572816498707,11.379627911996504,17.36368751525879,20.24199104309082,0.053676363080739975,3.07542906413823,0.1331019103527069,7.626177708338744,0.12022732198238373
ppo_baseline,10,40038,4,1086,62,10,1,1,0,1,0,2.1910427234700505,1.4414704431961711,-2.21217532876207,14.987733840942383,17.309385299682617,0.02958845905959606,1.695293826410479,0.1245775818824768,7.13776966381135,0.09187725186347961
ppo_baseline,10,40038,4,1087,63,253,1,1,0,1,0,-4.66011512729464,5.737618449999172,-27.400492308421732,0.8757293820381165,0.7833559513092041,0.034496650099754333,1.9765124580554736,0.18895073235034943,10.826079499581052,0.12897202372550964
ppo_baseline,10,40038,4,1088,64,188,1,1,0,1,0,10.987902902717932,59.72100210243543,-75.80861110743002,2.935939311981201,2.8567733764648438,0.5841701030731201,33.47048142381207,0.8779997229576111,50.305678539126646,1.023169994354248
ppo_baseline,10,40038,4,1089,65,85,1,1,0,1,0,-5.331659326490294,1.3918559490651985,-15.43788043000796,1.3791240453720093,2.239320755004883,0.009546118788421154,0.5469523173070711,0.20942214131355286,11.999004833858892,0.11425718665122986
ppo_baseline,10,40038,4,1090,66,382,1,1,0,1,0,-22.671433251644984,30.802363647194962,67.93624435310005,10.16857624053955,8.592278480529785,0.2384280264377594,13.660919632517226,1.1534565687179565,66.08819323918053,0.8151563405990601
ppo_baseline,10,40038,4,1091,67,174,1,1,0,1,0,22.344198888509673,7.998957480406993,-63.85080768219194,7.1416544914245605,6.572278022766113,0.1875719279050827,10.747079824093392,0.5952035784721375,34.10265299753718,0.48517370223999023
ppo_baseline,10,40038,4,1092,68,273,1,1,0,1,0,-26.22023561984353,9.00970253416382,65.29522876710956,3.4306859970092773,2.661651611328125,0.1947561800479889,11.158707150839733,0.8987331390380859,51.493615775426534,0.6441227197647095
ppo_baseline,10,40038,4,1093,69,151,1,1,0,1,0,-4.655361315632311,-6.956971141386528,57.377618839717414,1.3684908151626587,1.5716841220855713,0.10710879415273666,6.136881853687321,0.25118279457092285,14.391714015215447,0.2327001988887787
ppo_baseline,10,40038,4,1094,70,184,1,1,0,1,0,-5.576999721477152,9.952937998164241,-44.40411164338508,0.9682658314704895,1.0225156545639038,0.059764064848423004,3.4242286823607984,0.25698503851890564,14.724158105140186,0.18825659155845642
ppo_baseline,10,40038,4,1095,71,185,1,1,0,1,0,-36.844786119095126,10.345236743333093,66.7890457801047,8.724959373474121,7.981842994689941,0.24906869232654572,14.270584879153501,1.111992597579956,63.71248269112084,0.8050649762153625
ppo_baseline,10,40038,4,1096,72,190,1,1,0,1,0,-14.900098655517837,73.4311315403753,-85.30536077092911,1.6223288774490356,0.7784019708633423,1.4408990144729614,82.55743223386041,0.4243090748786926,24.31111919964951,1.6530535221099854
ppo_baseline,10,40038,4,1097,73,139,1,1,0,1,0,-5.4058078601199515,6.185351010471847,18.703749042027898,0.4778294861316681,0.7866662740707397,0.031358715146780014,1.7967220288634627,0.2074269950389862,11.884691372814974,0.13507221639156342
ppo_baseline,10,40038,4,1098,74,131,1,1,0,1,0,-1.886621192162582,-0.9238377267575847,27.44844023639522,2.5975449085235596,1.83463454246521,0.02012641355395317,1.1531585533764124,0.09019692242145538,5.167902979818299,0.06522487103939056
ppo_baseline,10,40038,4,1099,75,29,1,1,0,1,0,7.137711607203405,-4.330298952653064,8.331164221258073,8.732501029968262,9.820719718933105,0.017743676900863647,1.0166377994632554,0.06577794253826141,3.7687984924964244,0.050632648169994354
ppo_baseline,10,40038,4,1100,76,72,1,1,0,1,0,2.0924557729900863,-1.752093786270011,16.63347772346201,0.9523811936378479,1.410309910774231,0.06400693207979202,3.6673270677525993,0.10689423978328705,6.124588793841768,0.11745405197143555
ppo_baseline,10,40038,4,1101,77,116,1,1,0,1,0,-2.556580787470793,1.4974506736335955,-24.747756117815502,0.5325295925140381,0.6498932838439941,0.005534411873668432,0.31709844244829133,0.18352413177490234,10.515158189504671,0.09729647636413574
ppo_baseline,10,40038,4,1102,78,59,1,0,1,0,1,nan,nan,nan,nan,nan,nan,nan,nan,nan,nan
ppo_baseline,10,40038,4,1103,79,181,1,1,0,1,0,12.853459791480196,2.263142200348705,-39.39414056642404,1.4912030696868896,1.2750035524368286,0.048785027116537094,2.795176157208852,0.20876842737197876,11.961549783997835,0.15316924452781677
ppo_baseline,10,40038,4,1104,80,171,1,1,0,1,0,18.155585379999355,52.271260133189166,95.123539136769,1.7757596969604492,1.1231950521469116,0.4423048198223114,25.342199434112757,0.831428050994873,47.63731829079401,0.8580188751220703
ppo_baseline,10,40038,4,1105,81,22,1,1,0,1,0,-2.736843140045769,8.32440233397976,35.12221241041791,15.490234375,18.639179229736328,0.06298625469207764,3.608846561192127,0.4573099613189697,26.201930712867895,0.2916412353515625
ppo_baseline,10,40038,4,1106,82,203,1,1,0,1,0,-33.93796689136442,14.77939555250537,65.46431693020239,1.01898992061615,1.3078333139419556,0.21308544278144836,12.208896547053385,1.2915384769439697,73.99970380764384,0.8588546514511108
ppo_baseline,10,40038,4,1107,83,166,1,1,0,1,0,-9.43337916837971,5.08884610149634,16.341186608120488,0.5643063187599182,0.02055252529680729,0.0299946591258049,1.7185673758421802,0.2951622009277344,16.911548384951573,0.17757576704025269
ppo_baseline,10,40038,4,1108,84,141,1,1,0,1,0,-8.911771281844176,6.673490970074319,24.315377822597014,1.4979525804519653,0.15701964497566223,0.03839247301220894,2.199726668669487,0.21809884905815125,12.496143567692856,0.14744189381599426
ppo_baseline,10,40038,4,1109,85,146,1,1,0,1,0,-2.254631784642869,9.152303223655347,-38.97897434791399,0.7456827759742737,1.6423015594482422,0.054998017847537994,3.1511543042491033,0.23412758111953735,13.414522265756307,0.17206180095672607
ppo_baseline,10,40038,4,1110,86,69,1,0,1,0,1,nan,nan,nan,nan,nan,nan,nan,nan,nan,nan
ppo_baseline,10,40038,4,1111,87,250,1,1,0,1,0,37.02502115091342,32.86902862587908,83.88875221631179,6.180649757385254,5.511329650878906,0.22566063702106476,12.929402103540628,0.6284461617469788,36.007312719297765,0.5398837327957153
ppo_baseline,10,40038,4,1112,88,113,1,1,0,1,0,-11.833015869101951,-1.2426163157004197,-15.687373580010187,3.289519786834717,1.8924119472503662,0.023194272071123123,1.3289338985535137,0.4013577997684479,22.996108001388833,0.22387316823005676
ppo_baseline,10,40038,4,1113,89,245,1,1,0,1,0,-3.978462248127367,0.29510515327957093,21.873913043397614,0.15407095849514008,0.23059237003326416,0.047968920320272446,2.7484166821509444,0.13122308254241943,7.518528804377466,0.11358046531677246
ppo_baseline,10,40038,4,1114,90,181,1,1,0,1,0,-17.43491846029297,7.1922301771584465,46.300144836223936,2.0455901622772217,0.8248600363731384,0.07345382869243622,4.208594373153546,0.3908750116825104,22.395488486534592,0.2688913345336914
ppo_baseline,10,40038,4,1115,91,243,1,1,0,1,0,-19.70680330277929,-11.803782659454296,73.74067571356028,7.564253330230713,5.953798770904541,0.219114750623703,12.554350439799705,0.8603101372718811,49.29213993799929,0.6492698192596436
ppo_baseline,10,40038,4,1116,92,47,1,1,0,1,0,11.407276517756715,26.489003563683532,70.47576332802414,9.438183784484863,12.009596824645996,0.14355075359344482,8.224852326826825,0.4061378240585327,23.269983219180713,0.3466196656227112
ppo_baseline,10,40038,4,1117,93,65,1,1,0,1,0,-6.756327504328233,-7.84210901630682,33.636427699886696,1.8081319332122803,1.3642312288284302,0.08101735264062881,4.641952373631106,0.12327318638563156,7.063033307026248,0.1426539421081543
ppo_baseline,10,40038,4,1118,94,125,1,1,0,1,0,0.9913473165139907,-0.3030554934734658,34.35463575149188,0.5434110164642334,0.7070310711860657,0.044359128922224045,2.541590870120142,0.033418238162994385,1.9147240055025996,0.06106824800372124
ppo_baseline,10,40038,4,1119,95,85,1,1,0,1,0,-0.39479859440507703,0.4102075011726258,-13.164356342120836,1.237773060798645,2.725308656692505,0.03625236824154854,2.077107697594833,0.2327110320329666,13.333359981622692,0.15260788798332214
ppo_baseline,10,40038,4,1120,96,197,1,1,0,1,0,-7.226299160738471,-7.962101779645604,65.4014518690816,0.7808563709259033,1.4897946119308472,0.09525414556264877,5.457660521864573,0.27908170223236084,15.990203677241041,0.2347950041294098
ppo_baseline,10,40038,4,1121,97,60,1,1,0,1,0,14.242132872392167,-0.3319608540409597,-1.7577218621461015,0.8168606758117676,3.522353410720825,0.030517514795064926,1.7485247989852677,0.066560760140419,3.813650637228606,0.06379789113998413
ppo_baseline,10,40038,4,1122,98,140,1,1,0,1,0,13.919829905837606,0.7000397484129469,-72.47695411332452,1.9452576637268066,1.4487063884735107,0.07598329335451126,4.3535220227179305,0.20737387239933014,11.881647669766087,0.17967022955417633
ppo_baseline,10,40038,4,1123,99,136,1,1,0,1,0,5.4851746582755,1.4438746697840155,-19.811769649944047,0.2042250782251358,0.15580753982067108,0.041758958250284195,2.392612064604293,0.07317983359098434,4.192895610233094,0.07834887504577637
ppo_baseline,10,40038,4,1124,100,301,1,1,0,1,0,26.51971209419191,66.91324593997221,-64.58584531991204,2.235668420791626,2.094906806945801,0.8163752555847168,46.77485664391816,0.39549416303634644,22.660146364041537,1.0141223669052124
ppo_baseline,10,40038,4,1125,101,220,1,1,0,1,0,16.184816257262213,-25.016865571114003,-87.08208421934619,9.28494930267334,7.8412556648254395,0.27243295311927795,15.609258414020042,0.8415835499763489,48.219185521281986,0.6932247281074524
ppo_baseline,10,40038,4,1126,102,257,1,1,0,1,0,13.441088286533073,7.035654920625075,-63.38291240328939,1.8229362964630127,1.1316109895706177,0.10618068277835846,6.083704989017364,0.37528061866760254,21.50199558271208,0.29382097721099854
ppo_baseline,10,40038,4,1127,103,80,1,1,0,1,0,-11.511942336597992,0.7620032245633025,14.937473450656146,2.127032518386841,2.0080831050872803,0.042701784521341324,2.446632030749924,0.11881756037473679,6.807744741513266,0.10211056470870972
ppo_baseline,10,40038,4,1128,104,180,1,1,0,1,0,-9.343657803442424,-6.099263306173007,59.76012542600127,0.8706685900688171,0.6984701752662659,0.118278369307518,6.776851369010475,0.30628302693367004,17.548724779791012,0.271419882774353
ppo_baseline,10,40038,4,1129,105,132,1,1,0,1,0,15.524528209818742,-3.2785591034978205,-52.08157211955957,2.195098876953125,0.9182870388031006,0.06062634661793709,3.4736337885050275,0.08823781460523605,5.05565437033784,0.10474525392055511
ppo_baseline,10,40038,4,1130,106,181,1,1,0,1,0,18.254787047504617,2.156072154919585,-68.73756214652595,2.8013405799865723,2.471282720565796,0.16262498497962952,9.317725282711177,0.4808022677898407,27.547940724676675,0.40302610397338867
ppo_baseline,10,40038,4,1131,107,203,1,1,0,1,0,-32.73891352219034,24.051910105552942,68.7248853154264,1.4044352769851685,1.7421211004257202,0.2437610775232315,13.96648095164244,1.2981271743774414,74.37720836307045,0.892824649810791
ppo_baseline,10,40038,4,1132,108,10,1,1,0,1,0,-0.6430349896000205,17.67717160977498,-82.82135757357888,15.455009460449219,15.52524185180664,0.09982302039861679,5.719437767089067,0.5573632717132568,31.934563124772957,0.3785046637058258
ppo_baseline,10,40038,4,1133,109,10,1,1,0,1,0,5.124376745558746,4.170090035481245,3.1396740369147813,14.921771049499512,16.486146926879883,0.030635610222816467,1.755291168575223,0.11369917541742325,6.514482885535952,0.08748519420623779
ppo_baseline,10,40038,4,1134,110,91,1,1,0,1,0,-5.11522429207093,2.3340122431767574,-8.80063044366973,1.0717977285385132,3.8757567405700684,0.04329352453351021,2.480536236016221,0.17569567263126373,10.066620520483578,0.13114136457443237
ppo_baseline,10,40038,4,1135,111,104,1,1,0,1,0,-11.519100374848165,-5.615358063855943,50.21870632533029,2.7938270568847656,1.4485071897506714,0.08249127864837646,4.7264021131896135,0.20915596187114716,11.9837538752159,0.18706926703453064
ppo_baseline,10,40038,4,1136,112,272,1,1,0,1,0,2.608162376082729,4.576240404286883,11.841212096105966,0.1672123819589615,0.7293875813484192,0.01866995543241501,1.0697096499747238,0.13277959823608398,7.607710584370323,0.085059754550457
ppo_baseline,10,40038,4,1137,113,233,1,1,0,1,0,-12.548273278985686,-16.94298091551197,71.25415900659549,6.8687896728515625,5.693216323852539,0.22456495463848114,12.866624127331749,0.7614777684211731,43.62946232357349,0.6053038239479065
ppo_baseline,10,40038,4,1138,114,93,1,1,0,1,0,-6.281547394742307,-2.7197949878774175,8.218288515034443,1.9772452116012573,1.7221081256866455,0.06340121477842331,3.6326220228061183,0.1345626264810562,7.709870577559849,0.13068252801895142
ppo_baseline,10,40038,4,1139,115,118,1,1,0,1,0,-5.347177516284562,0.8924871584672261,-17.882924228332445,1.1110777854919434,0.9813098907470703,0.01917358674108982,1.098565598392441,0.22052814066410065,12.635331723920315,0.129437655210495
ppo_baseline,10,40038,4,1140,116,118,1,1,0,1,0,7.155005646181877,-0.06345245738941846,33.303196430660115,0.2834502160549164,0.9737152457237244,0.03531532362103462,2.0234189956239477,0.12704044580459595,7.278881372063814,0.0988355427980423
ppo_baseline,10,40038,4,1141,117,296,1,1,0,1,0,-8.210556740893988,7.753890292986935,26.974875900481557,0.8749167323112488,0.9950828552246094,0.03940065577626228,2.257491286027577,0.22149193286895752,12.690552949586221,0.15014661848545074
ppo_baseline,10,40038,4,1142,118,87,1,1,0,1,0,10.872923498229937,1.358934437265737,15.847077063183423,1.0193146467208862,3.4741451740264893,0.015100891701877117,0.8652173614016858,0.09128817915916443,5.230427385254242,0.060744982212781906
ppo_baseline,10,40038,4,1143,119,93,1,1,0,1,0,-14.637764749875986,-4.82070653505998,46.713699130089864,1.6166691780090332,0.8046748042106628,0.08592282235622406,4.9230150848639544,0.24027951061725616,13.767001861837633,0.20606258511543274
ppo_baseline,10,40038,4,1144,120,106,1,1,0,1,0,20.952889354578076,-2.9404374188255096,-71.84857670968336,1.3413701057434082,0.7129286527633667,0.14222513139247894,8.148899769482636,0.42065125703811646,24.101541675156838,0.352550745010376
ppo_baseline,10,40038,4,1145,121,109,1,1,0,1,0,33.93265300419015,13.069321090009279,-82.21084794480646,0.8094381093978882,0.33757534623146057,0.28549039363861084,16.35739464702093,1.2435588836669922,71.25067561011878,0.9072698354721069
ppo_baseline,10,40038,4,1146,122,151,1,1,0,1,0,12.21321151906154,6.644708552911885,-59.900280907769925,3.0537681579589844,1.8598222732543945,0.09335015714168549,5.348570021101599,0.28485122323036194,16.32077288023861,0.23577576875686646
ppo_baseline,10,40038,4,1147,123,107,1,1,0,1,0,2.8461808082793336,0.30532311627791,14.262295590822045,0.3828575611114502,1.749748945236206,0.059367481619119644,3.401506137096047,0.12478877604007721,7.149870197699674,0.12176187336444855
ppo_baseline,10,40038,4,1148,124,106,1,1,0,1,0,23.95087794735011,-15.248930076808728,-78.31605551401175,3.649998664855957,4.694185733795166,0.25878068804740906,14.827041244608088,0.8371788263320923,47.9668134465446,0.6773700714111328
ppo_baseline,10,40038,4,1149,125,131,1,1,0,1,0,39.52577197210853,29.263685951731173,-72.96025829899463,2.5156683921813965,3.3034682273864746,0.31673938035964966,18.147829700196805,1.2251635789871216,70.19670228910493,0.9293211698532104
ppo_baseline,10,40038,4,1150,126,90,1,1,0,1,0,8.391078640657424,1.2959054516048594,3.590944635377524,2.3534858226776123,3.368448495864868,0.010903635993599892,0.6247323237802077,0.10457485169172287,5.991697645142238,0.06319106370210648
ppo_baseline,10,40038,4,1151,127,149,1,1,0,1,0,8.761110969132035,1.9783233119591732,-1.978145727040753,0.642270028591156,0.23147036135196686,0.02126356214284897,1.2183123681993988,0.0967363491654396,5.5425845326835725,0.06963174045085907
ppo_baseline,10,40038,4,1152,128,15,1,1,0,1,0,-4.804587288618749,-5.2427575842534075,-9.47594490728723,12.571940422058105,13.139019966125488,0.04461834952235222,2.5564431164703345,0.13137982785701752,7.527509649362386,0.11030825972557068
ppo_baseline,10,40038,4,1153,129,255,1,1,0,1,0,10.8414773072912,4.227750492454493,-10.521182416352621,0.6278266310691833,0.8761655688285828,0.018867364153265953,1.081020336518559,0.1536630392074585,8.804243613740667,0.09569888561964035
ppo_baseline,10,40038,4,1154,130,99,1,1,0,1,0,-4.633996483908511,-0.46091482557080043,26.53652801992848,0.5874802470207214,0.9011905193328857,0.058624256402254105,3.358922468941956,0.16582274436950684,9.500943399649477,0.14153562486171722
ppo_baseline,10,40038,4,1155,131,99,1,1,0,1,0,-4.271231476710794,-2.446751345616988,10.470229205144326,0.8615913987159729,1.8435531854629517,0.05928696691989899,3.3968929846419376,0.12804502248764038,7.336439376199511,0.12330947816371918
ppo_baseline,10,40038,4,1156,132,108,1,1,0,1,0,14.417518469899756,-0.749367374598779,-37.45136155890562,2.5429646968841553,0.3366851508617401,0.04356870427727699,2.4963028739415494,0.07338614761829376,4.204716533252271,0.08026178181171417
ppo_baseline,10,40038,4,1157,133,154,1,1,0,1,0,-7.474262348366613,55.397437716304,72.42089192061707,8.786234855651855,8.974556922912598,0.40543192625045776,23.229538254010482,1.0875288248062134,62.310811760218336,0.9491963386535645
ppo_baseline,10,40038,4,1158,134,310,1,1,0,1,0,-8.291043690073419,-9.291857648777047,62.10766144373465,8.26451587677002,6.944925308227539,0.1336226612329483,7.656014535954299,0.38971439003944397,22.328989764775347,0.3284798562526703
ppo_baseline,10,40038,4,1159,135,51,1,1,0,1,0,14.818710121367964,-1.3249610763340935,-28.22776482069368,3.0746748447418213,3.3893558979034424,0.06336843967437744,3.630744147671188,0.026578061282634735,1.5228107391350298,0.07665747404098511
ppo_baseline,10,40038,4,1160,136,84,1,1,0,1,0,9.91516705205407,1.3020526218578707,7.78835542753882,1.4559952020645142,0.985945999622345,0.026325684040784836,1.508350588331878,0.08397895842790604,4.8116398858236105,0.06831516325473785
ppo_baseline,10,40038,4,1161,137,118,1,1,0,1,0,-5.863867666617687,-7.162641797673952,79.03297949005297,2.0217761993408203,2.0317981243133545,0.10395241528749466,5.956034666164662,0.35045745968818665,20.079733339009277,0.2791811525821686
ppo_baseline,10,40038,4,1162,138,101,1,1,0,1,0,-7.491966198695287,2.25508257712809,-23.84218231689853,0.6676459908485413,2.421828508377075,0.034907713532447815,2.00006465786097,0.1968391388654709,11.278051899981014,0.13332727551460266
ppo_baseline,10,40038,4,1163,139,164,1,1,0,1,0,-6.548908319613286,4.773851437353692,6.466126426872731,0.8490033745765686,0.21420910954475403,0.03067006543278694,1.7572653066887685,0.18698929250240326,10.713697274524955,0.12416471540927887
ppo_baseline,10,40038,4,1164,140,158,1,1,0,1,0,-8.011825556803297,-2.209989668227666,19.105828618088207,1.2045481204986572,0.5353987812995911,0.0675671175122261,3.87131066731503,0.13363014161586761,7.656443130324718,0.1343821883201599
ppo_baseline,10,40038,4,1165,141,220,1,1,0,1,0,-25.650816409117905,28.236917274181494,65.38235466016224,9.363627433776855,7.955076694488525,0.22462530434131622,12.870081910599067,1.1029229164123535,63.19282823868793,0.7760867476463318
ppo_baseline,10,40038,4,1166,142,194,1,1,0,1,0,-3.710445625096067,3.030896444193158,-8.453602192319721,0.7191483974456787,0.9872087240219116,0.03392505273222923,1.9437623413154972,0.14628702402114868,8.381629073940712,0.10706856846809387
ppo_baseline,10,40038,4,1167,143,149,1,1,0,1,0,23.163889890802903,9.939250299067535,-71.41363026333694,1.5794860124588013,1.1121394634246826,0.18060864508152008,10.348113106747315,0.7364404797554016,42.19493135257406,0.5488288998603821
ppo_baseline,10,40038,4,1168,144,92,1,1,0,1,0,1.1406825725271494,-1.3306984352369042,-9.14383378908453,3.4664342403411865,2.9015841484069824,0.01799088716506958,1.0308019042545693,0.09728258103132248,5.573881313234217,0.06663218140602112
ppo_baseline,10,40038,4,1169,145,98,1,1,0,1,0,7.653937304672969,-9.647628542264671,-63.16248853839473,1.6714773178100586,1.2696291208267212,0.0759861096739769,4.353683385937072,0.24691586196422577,14.14723678538495,0.19944404065608978
ppo_baseline,10,40038,4,1170,146,154,1,1,0,1,0,-31.301295305686054,11.949183726505527,71.43690754802834,11.995565414428711,11.816956520080566,0.23761911690235138,13.614572530130458,1.2682600021362305,72.66594544765877,0.8717491030693054
ppo_baseline,10,40038,4,1171,147,82,1,1,0,1,0,-10.60609532811422,0.45202191927144386,-2.6229702262033165,1.574979305267334,0.7945277690887451,0.0585763193666935,3.3561758791219645,0.18744328618049622,10.739709196205302,0.1522979587316513
ppo_baseline,10,40038,4,1172,148,192,1,1,0,1,0,-22.723506613877163,7.252076294666098,61.974254188865956,0.3995882272720337,0.9452604055404663,0.18432818353176117,10.56122696168276,0.8552090525627136,48.99986931322527,0.6119326949119568
ppo_baseline,10,40038,4,1173,149,188,1,1,0,1,0,-0.4491669001983785,-2.945573721081359,39.250815876880495,0.7184544205665588,1.2021410465240479,0.044973019510507584,2.576764209911592,0.12554186582565308,7.193019064007584,0.10774394869804382
ppo_baseline,10,40038,4,1174,150,81,1,1,0,1,0,8.47924272246395,6.643998213238203,59.57131167658543,3.8260366916656494,3.3024275302886963,0.0607583187520504,3.481195234803055,0.1779952496290207,10.198376577120417,0.14975593984127045
ppo_baseline,10,40038,4,1175,151,99,1,1,0,1,0,-2.243266349863968,-2.9015326613131167,23.622004338813998,0.5932250022888184,3.6323485374450684,0.058995023369789124,3.3801658513645765,0.08718468993902206,4.995314771662655,0.10258737206459045
ppo_baseline,10,40038,4,1176,152,479,1,1,0,1,0,-19.61615303211488,-3.0913026372127512,75.29293182509406,14.418910026550293,11.466218948364258,0.2063545137643814,11.823242722173308,0.8693427443504333,49.80967020160032,0.6410259008407593
ppo_baseline,10,40038,4,1177,153,1,1,1,0,1,0,4.40305412769204,-20.475882603322727,-73.35957847863025,16.607118606567383,14.722272872924805,0.16181424260139465,9.271273166165921,0.6261767745018005,35.87728640806823,0.4749026298522949
ppo_baseline,10,40038,4,1178,154,80,1,1,0,1,0,-6.794685846707025,-0.9132372731657249,-7.212474857858365,2.29775333404541,1.3887523412704468,0.05332840606570244,3.055492595724609,0.2044747769832611,11.715541738019608,0.1555657982826233
ppo_baseline,10,40038,4,1179,155,122,1,1,0,1,0,-1.9751950853193074,-2.1455673239761053,25.365860916944975,0.5710445642471313,0.5938687920570374,0.05778579041361809,3.310881906527848,0.06309062987565994,3.6148268186972965,0.08933110535144806
ppo_baseline,10,40038,4,1180,156,76,1,1,0,1,0,14.150526375243958,-4.1678497334334805,-36.164226070195056,3.7769548892974854,0.48164111375808716,0.0446598045527935,2.5588183147542067,0.05216110870242119,2.988611383371844,0.07074035704135895
ppo_baseline,10,40038,4,1181,157,169,1,1,0,1,0,13.39643250973953,0.06681291046106473,-40.509537778643804,1.3937331438064575,1.057736873626709,0.048592306673526764,2.784134089198468,0.1639636754989624,9.394426599543127,0.13057413697242737
ppo_baseline,10,40038,4,1182,158,231,1,1,0,1,0,11.314181039369442,15.011471720124064,-56.14378614728963,4.6809844970703125,3.7762582302093506,0.12285276502370834,7.038944937370905,0.4618197977542877,26.46032530690594,0.3537626564502716
ppo_baseline,10,40038,4,1183,159,123,1,1,0,1,0,2.568451656248275,10.2318282823542,-31.521118113933746,0.3658643662929535,0.8628517389297485,0.054753080010414124,3.137120399938843,0.2911541759967804,16.681905472224695,0.20033016800880432
ppo_baseline,10,40038,4,1184,160,129,1,1,0,1,0,46.20598384832614,19.13340892195672,-73.38138044246094,2.4636800289154053,0.14127451181411743,0.3008486032485962,17.23735523855035,1.1282740831375122,64.64534309777201,0.8649856448173523
ppo_baseline,10,40038,4,1185,161,93,1,0,1,0,1,nan,nan,nan,nan,nan,nan,nan,nan,nan,nan
ppo_baseline,10,40038,4,1186,162,215,1,0,1,0,1,nan,nan,nan,nan,nan,nan,nan,nan,nan,nan
ppo_baseline,10,40038,4,1187,163,141,1,1,0,1,0,22.05371094310903,0.7392586946271601,-71.76328130732823,1.127594232559204,0.3524037301540375,0.1743541806936264,9.989758694206133,0.5398193001747131,30.929367599716766,0.4442638158798218
ppo_baseline,10,40038,4,1188,164,136,1,1,0,1,0,22.209466576942003,7.609896244904727,-69.861046302723,3.550128698348999,3.4388515949249268,0.1839265674352646,10.538216054368988,0.614974319934845,35.235433041194625,0.4914137125015259
ppo_baseline,10,40038,4,1189,165,149,1,1,0,1,0,15.296905325538898,-6.7174773883292005,-60.91071177282493,0.3706139028072357,0.8240689039230347,0.09122443944215775,5.226775368482401,0.17824755609035492,10.212832672498749,0.1803482174873352
ppo_baseline,10,40038,4,1190,166,77,1,1,0,1,0,-7.74009331086351,-2.593682375042302,24.412175263514435,1.8745533227920532,0.8230955600738525,0.06576243788003922,3.7679101410174995,0.19335563480854034,11.078461819602193,0.1624402552843094
ppo_baseline,10,40038,4,1191,167,67,1,0,1,0,1,nan,nan,nan,nan,nan,nan,nan,nan,nan,nan
ppo_baseline,10,40038,4,1192,168,90,1,1,0,1,0,-2.6602903798282664,-3.9046962050912293,41.09799955677543,1.6369200944900513,2.3162026405334473,0.05623719468712807,3.2221539072279746,0.167697936296463,9.60838398284107,0.14008615911006927
ppo_baseline,10,40038,4,1193,169,116,1,1,0,1,0,47.08593077947722,40.80318127144099,-60.0361743514965,7.454073429107666,7.223395824432373,0.3145568370819092,18.022779181777626,0.958698570728302,54.92938192795595,0.7939060926437378
ppo_baseline,10,40038,4,1194,170,107,1,1,0,1,0,3.8500546917311276,-1.8548198313870026,-24.694753849856202,0.4814217984676361,1.2523075342178345,0.049352433532476425,2.8276861501108197,0.10156376659870148,5.819175177557355,0.10013431310653687
ppo_baseline,10,40038,4,1195,171,181,1,1,0,1,0,-0.7613885075380014,-2.7338924983243236,-43.11424407900651,0.5946378707885742,0.7439995408058167,0.04626031965017319,2.6505210748810324,0.3671525716781616,21.0362927945331,0.2298366129398346
ppo_baseline,10,40038,4,1196,172,79,1,1,0,1,0,-8.11493409251381,3.9759623988911423,5.255311471947891,1.2018678188323975,1.1309782266616821,0.009698385372757912,0.55567654995044,0.24117998778820038,13.818595403280616,0.13028837740421295
ppo_baseline,10,40038,4,1197,173,110,1,1,0,1,0,-3.71213951201023,-3.370848619563033,72.11353340796649,2.624147653579712,1.3782366514205933,0.06381634622812271,3.6564073028170414,0.14143367111682892,8.10355243603563,0.13453318178653717
ppo_baseline,10,40038,4,1198,174,156,1,1,0,1,0,-5.8928276686985415,-0.05017456964291367,-32.87994326817276,1.2884708642959595,1.5971369743347168,0.019316881895065308,1.1067758059399138,0.234597846865654,13.441466508258362,0.1366158127784729
ppo_baseline,10,40038,4,1199,175,81,1,1,0,1,0,-0.4332115782972287,1.9872025578801897,-40.261356024962225,1.3571304082870483,3.1148552894592285,0.005429605487734079,0.31109347886823363,0.14267446100711823,8.174644460011708,0.07676683366298676
ppo_baseline,10,40038,4,1200,176,73,1,1,0,1,0,-4.833328724646163,3.6073370893855543,-30.69816228121725,0.9891175627708435,2.984579563140869,0.05506597086787224,3.155047725519422,0.21536915004253387,12.339743334756966,0.16275054216384888
ppo_baseline,10,40038,4,1201,177,105,1,1,0,1,0,20.363676255637756,5.575155570401248,-56.25968079712641,1.0282632112503052,0.5359103083610535,0.09452573210000992,5.415925504714856,0.32073134183883667,18.37655224493302,0.25489139556884766
ppo_baseline,10,40038,4,1202,178,154,1,1,0,1,0,13.302940880380394,-10.629864386425865,-72.06550351772296,2.1319215297698975,1.9549480676651,0.1643574833869934,9.416990129466265,0.45051276683807373,25.81248015658294,0.3896138668060303
ppo_baseline,10,40038,4,1203,179,12,1,1,0,1,0,3.329225446760975,4.147864599922023,2.652435662282752,14.027766227722168,15.936534881591797,0.03533977270126343,2.024819824734035,0.13190743327140808,7.557739212855217,0.10129348933696747
ppo_baseline,10,40038,4,1204,180,143,1,1,0,1,0,1.7089133303371904,19.565568651121765,-62.017311701393716,10.64064884185791,10.587347030639648,0.08400718867778778,4.813257359996435,0.697105348110199,39.94119432271246,0.4325598478317261
ppo_baseline,10,40038,4,1205,181,179,1,1,0,1,0,9.674880997053021,-0.2896683227002408,-43.716120348668035,0.1970718652009964,0.5870465636253357,0.06332425028085709,3.6282122819232288,0.04942973330616951,2.83211510090075,0.08803911507129669
ppo_baseline,10,40038,4,1206,182,109,1,1,0,1,0,9.612494049174126,-1.1683584990440412,-45.055547765664215,2.4381794929504395,3.029181957244873,0.06845247000455856,3.9220376285070686,0.03569895774126053,2.0453996115901067,0.08630195260047913
ppo_baseline,10,40038,4,1207,183,178,1,1,0,1,0,0.965255993884542,0.5104336970533929,18.31968750499808,0.13303080201148987,0.8239418864250183,0.044950056821107864,2.5754485447227182,0.09338005632162094,5.350283117922802,0.09164008498191833
ppo_baseline,10,40038,4,1208,184,87,1,1,0,1,0,-2.0426227128056733,-1.0366178103328352,9.355965804326786,0.9937571287155151,2.356673240661621,0.04677062854170799,2.679759620613976,0.10973679274320602,6.287455081487544,0.101639024913311
ppo_baseline,10,40038,4,1209,185,136,1,1,0,1,0,-22.239328163993296,62.658420577647796,-98.67504625987887,0.4511415958404541,2.043471574783325,0.7281060814857483,41.71740550694179,0.6878812313079834,39.4126913602098,1.0720467567443848
ppo_baseline,10,40038,4,1210,186,218,1,1,0,1,0,-3.212880004438978,0.6968158991247009,7.3865217382886295,0.3524225056171417,0.43524572253227234,0.053325191140174866,3.05530839406043,0.12535794079303741,7.1824809358919,0.11600416153669357
ppo_baseline,10,40038,4,1211,187,11,1,1,0,1,0,7.157450853904742,2.5284950496037,-16.516995677356615,19.4306697845459,20.15045166015625,0.03658733889460564,2.0963001022757455,0.0625324621796608,3.5828461654560044,0.06785356998443604
ppo_baseline,10,40038,4,1212,188,141,1,1,0,1,0,-2.921913945796435,-4.550231043927474,44.677305549807244,1.507774829864502,0.7960702776908875,0.06563515961170197,3.760617633418042,0.03703787922859192,2.1221141619135744,0.08415409922599792
ppo_baseline,10,40038,4,1213,189,144,1,1,0,1,0,43.39299775941307,28.78091452081633,-64.7279132546483,5.718177795410156,5.700129508972168,0.30218636989593506,17.314003621416234,0.9538425207138062,54.65115075702089,0.7791076302528381
ppo_baseline,10,40038,4,1214,190,346,1,1,0,1,0,4.936423599978336,4.877820576899627,-4.788030910070638,0.7981979846954346,0.7247937917709351,0.006331160664558411,0.3627487854984385,0.06820391118526459,3.907796257200769,0.040433116257190704
ppo_baseline,10,40038,4,1215,191,58,1,1,0,1,0,3.599154522759879,5.258753887289577,-34.86097133504326,0.7539555430412292,4.7574462890625,0.07201775908470154,4.126313645543341,0.23819679021835327,13.647670773074694,0.19111615419387817
ppo_baseline,10,40038,4,1216,192,336,1,1,0,1,0,-6.536504696080542,47.243762790817875,75.31104548677294,5.413503646850586,4.780033111572266,0.33488479256629944,19.187485237163003,1.277383804321289,73.18870080597488,0.9735766649246216
ppo_baseline,10,40038,4,1217,193,91,1,1,0,1,0,-5.215873959680238,-0.2923457568548858,-22.762028880796034,3.1819145679473877,2.30905818939209,0.034958939999341965,2.0029997182133714,0.1730368584394455,9.914281688782907,0.12147736549377441
ppo_baseline,10,40038,4,1218,194,150,1,1,0,1,0,-12.789952692577417,-1.367472173728253,9.699934130928629,2.0479495525360107,1.222027063369751,0.032701391726732254,1.8736517301457856,0.24553604423999786,14.068179053289345,0.15546941757202148
ppo_baseline,10,40038,4,1219,195,126,1,1,0,1,0,-5.788353095154026,2.9683865529092017,-9.869582369533406,0.428074449300766,0.45658811926841736,0.015876607969403267,0.9096626296305752,0.19014911353588104,10.894741683759898,0.11095116287469864
ppo_baseline,10,40038,4,1220,196,167,1,1,0,1,0,45.972022548496525,39.385534528069826,-59.691659609761054,2.1927428245544434,1.0672845840454102,0.309120237827301,17.71128498958461,0.9910324811935425,56.781978532768115,0.8046364784240723
ppo_baseline,10,40038,4,1221,197,97,1,1,0,1,0,-10.881597838475855,-1.034869281905312,39.698671380758235,1.5359888076782227,2.1563594341278076,0.06616391986608505,3.7909133643684565,0.1907094568014145,10.926846987953542,0.1615186482667923
ppo_baseline,10,40038,4,1222,198,19,1,1,0,1,0,-6.0323820938202415,9.362153955714819,-17.024888544038763,12.723613739013672,13.020299911499023,0.06920474022626877,3.965139537264434,0.21928077936172485,12.56386318576624,0.1788451373577118
ppo_baseline,10,40038,4,1223,199,166,1,1,0,1,0,-0.5276867548968451,3.880421712781004,-9.443105357757808,0.3291769027709961,0.316914439201355,0.01821678876876831,1.0437451127317434,0.25358307361602783,14.529239874153655,0.14500832557678223
ppo_baseline,10,40038,4,1224,200,107,1,1,0,1,0,-5.700325617130901,0.1262628769968557,7.533507409227304,0.5963142514228821,1.7699624300003052,0.04729372635483742,2.709730917578815,0.14798833429813385,8.479106972454195,0.12128789722919464
ppo_baseline,10,40038,4,1225,201,135,1,1,0,1,0,-0.2689591891367621,-4.001903457358851,48.026078997972796,3.8892130851745605,1.8783190250396729,0.04118584096431732,2.359774862952399,0.07523710280656815,4.310768453608236,0.0788043886423111
ppo_baseline,10,40038,4,1226,202,98,1,1,0,1,0,14.780939175257794,-0.04367222955306153,-45.15100648950431,1.3423848152160645,0.7152655124664307,0.0660260021686554,3.7830112623855747,0.20372727513313293,11.672713036829045,0.16788963973522186
ppo_baseline,10,40038,4,1227,203,360,1,1,0,1,0,-0.30485866341434914,7.2360799916299285,32.944078744479185,1.3606284856796265,1.236894130706787,0.02275322936475277,1.303664012893465,0.156783327460289,8.983022961492104,0.10114489495754242
ppo_baseline,10,40038,4,1228,204,105,1,1,0,1,0,22.371669909351464,1.9521363666813443,-71.78983708282124,2.1654105186462402,0.6764138340950012,0.12616141140460968,7.228516410897786,0.40744584798812866,23.344927469848678,0.3298843502998352
ppo_baseline,10,40038,4,1229,205,144,1,1,0,1,0,0.4296462195504821,-1.2097767661709984,8.304007389118102,1.6463955640792847,1.7846214771270752,0.06337741762399673,3.6312585462930547,0.1220879927277565,6.995126712524335,0.12442141771316528
ppo_baseline,10,40038,4,1230,206,153,1,1,0,1,0,6.13327764823967,0.5021008662659774,24.70479422793612,0.6145544648170471,1.5519236326217651,0.02282867021858692,1.3079864554210252,0.07544071227312088,4.3224344167106175,0.06054902821779251
ppo_baseline,10,40038,4,1231,207,9,1,1,0,1,0,-8.825929464355458,-2.7732890294569574,0.7783000559229529,19.263469696044922,19.785215377807617,0.050480931997299194,2.892344349332157,0.14077095687389374,8.065581706892235,0.12086641043424606
ppo_baseline,10,40038,4,1232,208,256,1,1,0,1,0,-3.125617507602895,3.144851320305651,8.713914361967248,0.7520188093185425,0.9095592498779297,0.04366616532206535,2.501886980474858,0.1400853991508484,8.026302142749138,0.11370886862277985
ppo_baseline,10,40038,4,1233,209,520,1,1,0,1,0,3.818827066845829,3.806478084826446,-1.9190782510984827,1.1582883596420288,0.5984987020492554,0.01610575057566166,0.9227915338758091,0.09580098092556,5.488991880247891,0.06400623917579651
ppo_baseline,10,40038,4,1234,210,173,1,1,0,1,0,-10.301796740211811,11.178246614507849,51.731128773624555,2.2328686714172363,1.6556555032730103,0.07841066271066666,4.492600042145023,0.5608206987380981,32.13265910127084,0.35882100462913513
ppo_baseline,10,40038,4,1235,211,235,1,1,0,1,0,-22.77683673091662,-4.645471201714132,76.3463382404068,4.242465972900391,2.4945175647735596,0.2073235958814621,11.878767037483634,0.9001688361167908,51.57587515869558,0.6574079990386963
ppo_baseline,10,40038,4,1236,212,83,1,1,0,1,0,-7.009317711185505,1.6524686470362049,-5.509298886423985,1.663661003112793,1.3250683546066284,0.007155974395573139,0.41000713117002113,0.22276555001735687,12.763525836904991,0.1185387521982193
ppo_baseline,10,40038,4,1237,213,176,1,1,0,1,0,-0.012526566937803385,4.823042459756124,9.519521514191911,0.6471186280250549,0.7107456922531128,0.023628532886505127,1.3538152104828123,0.1388395130634308,7.954918128186043,0.09304828941822052
ppo_baseline,10,40038,4,1238,214,122,1,1,0,1,0,12.510597955523895,0.12040257468898477,-34.42509598296973,1.4853618144989014,0.7320789694786072,0.044879596680402756,2.5714114760364177,0.05193594470620155,2.9757104366901594,0.07084757089614868
ppo_baseline,10,40038,4,1239,215,27,1,1,0,1,0,1.3191144344045627,-0.9913199957573107,5.221010261936087,13.43989086151123,14.538900375366211,0.048337265849113464,2.769521326356049,0.15408672392368317,8.828518959824537,0.12538063526153564
ppo_baseline,10,40038,4,1240,216,46,1,1,0,1,0,-0.9307771989543177,18.715210099455177,61.184001301895485,2.378737449645996,3.4701616764068604,0.09580114483833313,5.489001271757999,0.34522920846939087,19.780176609938152,0.26841574907302856
ppo_baseline,10,40038,4,1241,217,83,1,1,0,1,0,12.563463619699794,-0.6071355153224335,-31.6149922338864,1.3205211162567139,0.8873719573020935,0.0378623828291893,2.1693547384211445,0.017463579773902893,1.0005894162346642,0.04659417271614075
ppo_baseline,10,40038,4,1242,218,145,1,1,0,1,0,29.609102278437057,-14.184677321094021,-79.63674089192541,9.561882019042969,7.783727645874023,0.2863987684249878,16.409440688496424,0.971970796585083,55.689824454293905,0.7723841667175293
ppo_baseline,10,40038,4,1243,219,165,1,1,0,1,0,20.249557454985183,4.844325329209884,-70.06179922280802,1.0123580694198608,0.8569601774215698,0.16819849610328674,9.637063947165954,0.5715078115463257,32.74498556036248,0.4539524018764496
ppo_baseline,10,40038,4,1244,220,131,1,1,0,1,0,-1.9456886681048524,13.555125124915605,44.30398107015269,1.2816283702850342,1.562776803970337,0.06808006018400192,3.900700117539949,0.2803262770175934,16.061512559723266,0.20824319124221802
ppo_baseline,10,40038,4,1245,221,98,1,1,0,1,0,-5.208934487483504,-0.8349906260340588,-4.322212008675769,1.8168046474456787,3.9191248416900635,0.04743346944451332,2.7177376068333627,0.15978330373764038,9.154908940823706,0.1273251175880432
ppo_baseline,10,40038,4,1246,222,104,1,1,0,1,0,5.966484428707958,-1.284963488554499,-22.018412525478404,1.6180975437164307,0.7485896348953247,0.04188705235719681,2.3999513163108834,0.09630993008613586,5.518152519135614,0.09004201740026474
ppo_baseline,10,40038,4,1247,223,271,1,1,0,1,0,60.03948016305478,30.166254469413335,94.7441904302665,9.125880241394043,7.27440881729126,0.2792071998119354,15.997394158889772,0.5286954641342163,30.29201874260078,0.5435549020767212
ppo_baseline,10,40038,4,1248,224,157,1,1,0,1,0,7.089640735824855,2.2173662725312795,-17.482292652376177,1.0320489406585693,0.25442907214164734,0.03732692450284958,2.1386752362167396,0.07558666914701462,4.330797129575652,0.07512025535106659
ppo_baseline,10,40038,4,1249,225,322,1,1,0,1,0,16.295711208626543,7.1639668543729345,-69.26206603326956,3.6243674755096436,1.7160923480987549,0.15223337709903717,8.72233000879835,0.5593433380126953,32.04801256688687,0.43190503120422363
ppo_baseline,10,40038,4,1250,226,69,1,1,0,1,0,7.916312191449839,-1.6047802662511759,-2.852519223829105,1.1091609001159668,4.339700222015381,0.05962427705526352,3.416219431785312,0.1166670173406601,6.6845277019994125,0.11795778572559357
ppo_baseline,10,40038,4,1251,227,211,1,1,0,1,0,-1.0948110220613438,-2.938524965857906,42.76869114851722,1.1386619806289673,0.7476445436477661,0.07148829102516174,4.095977360344729,0.07135236263275146,4.088189237143622,0.10716447234153748
ppo_baseline,10,40038,4,1252,228,1,1,1,0,1,0,17.547234091004658,15.46460013004105,-50.99447921126034,17.92609405517578,19.883501052856445,0.09936483204364777,5.6931855081273,0.9364336729049683,53.65369725138891,0.5675816535949707
ppo_baseline,10,40038,4,1253,229,142,1,1,0,1,0,-25.987954546549737,14.979287868754964,69.945412799351,1.6737862825393677,1.7410825490951538,0.15026549994945526,8.609578953527071,0.7877300977706909,45.13360999768829,0.5441305637359619
ppo_baseline,10,40038,4,1254,230,50,1,1,0,1,0,-5.143255388424662,-9.275465194769016,61.54952570551789,4.7697272300720215,3.7803585529327393,0.1020376905798912,5.846329021489564,0.24781513214111328,14.198761171162587,0.22594526410102844
ppo_baseline,10,40038,4,1255,231,120,1,1,0,1,0,-11.143057479903943,-0.5727660034189292,23.2478465760807,1.6084390878677368,0.7001504302024841,0.05736857280135155,3.28697709820645,0.18317723274230957,10.495282339019933,0.14895719289779663
ppo_baseline,10,40038,4,1256,232,139,1,1,0,1,0,13.861090278975496,7.668212400038295,-51.11567408789305,4.059023857116699,3.7766151428222656,0.0991869568824768,5.682994012111994,0.2390824258327484,13.69841395596601,0.218728169798851
ppo_baseline,10,40038,4,1257,233,1,1,1,0,1,0,17.647870098235625,20.561287288704566,-64.94511327025471,14.947068214416504,17.668407440185547,0.12517665326595306,7.172093925711603,1.0894721746444702,62.42215750406788,0.6699127554893494
ppo_baseline,10,40038,4,1258,234,70,1,1,0,1,0,-5.319966042631232,6.322255322195582,-34.98790357057878,1.3891561031341553,2.3460001945495605,0.03953415900468826,2.2651404575677567,0.2316858470439911,13.27462120853423,0.1553770899772644
ppo_baseline,10,40038,4,1259,235,161,1,1,0,1,0,-8.749376704137953,11.164545255032802,37.93854529202429,1.1549444198608398,0.8513834476470947,0.0567142479121685,3.249487043625896,0.26687508821487427,15.29081621189383,0.19015179574489594
ppo_baseline,10,40038,4,1260,236,61,1,1,0,1,0,13.066616335097953,-3.0455130490169857,-1.3192783589446428,2.352303981781006,2.6809372901916504,0.031322162598371506,1.7946277221092075,0.046402618288993835,2.658674186315912,0.05452347174286842
ppo_baseline,10,40038,4,1261,237,184,1,1,0,1,0,43.33958568010357,26.631003196528095,-62.066215855851006,2.473388910293579,2.7925548553466797,0.29073262214660645,16.657752215772238,1.1314197778701782,64.82557812959031,0.8564425110816956
ppo_baseline,10,40038,4,1262,238,84,1,1,0,1,0,-2.563684184207606,0.008728981759276297,-2.4750556495375204,1.1538681983947754,3.1522600650787354,0.009919274598360062,0.5683325703173563,0.1664769947528839,9.5384291853618,0.09315776824951172
ppo_baseline,10,40038,4,1263,239,97,1,1,0,1,0,-7.375306567671468,-11.546639697581655,71.38308565736864,1.2372840642929077,1.0552845001220703,0.13448001444339752,7.70513725646503,0.434465616941452,24.89304619429272,0.35171282291412354
ppo_baseline,10,40038,4,1264,240,143,1,1,0,1,0,17.26297527812707,0.14156250073768428,-46.930789862669556,2.079472303390503,1.6703987121582031,0.06040317192673683,3.4608468206051173,0.10783457010984421,6.178465752901651,0.11432045698165894
ppo_baseline,10,40038,4,1265,241,200,1,1,0,1,0,-6.542733828603595,-7.1491453438740065,58.9476607638499,1.504621982574463,1.638352870941162,0.11661253124475479,6.681405878661894,0.27551180124282837,15.785663417261254,0.2543684244155884
ppo_baseline,10,40038,4,1266,242,74,1,1,0,1,0,-11.21185114522431,1.4202148944990913,-2.1870402326164227,1.3393328189849854,1.6738958358764648,0.04961424693465233,2.8426869530754604,0.22231213748455048,12.737547212396848,0.16077031195163727
ppo_baseline,10,40038,4,1267,243,108,1,1,0,1,0,-3.311016162433721,-4.948786242376059,41.58060706315018,0.4899027645587921,1.6484358310699463,0.07125505805015564,4.082614095233599,0.066966712474823,3.836909992673438,0.10473841428756714
ppo_baseline,10,40038,4,1268,244,66,1,1,0,1,0,-8.680036623683984,-0.7380565813332378,0.14597480294151252,0.8736286163330078,3.2717416286468506,0.03912978619337082,2.241971602129427,0.18374796211719513,10.527982723445016,0.13100376725196838
ppo_baseline,10,40038,4,1269,245,109,1,1,0,1,0,18.247984179091286,3.423427415793791,-50.93371784840391,3.4318583011627197,3.2288777828216553,0.08199430257081985,4.697927481426653,0.2433738261461258,13.944293082123654,0.20368121564388275
ppo_baseline,10,40038,4,1270,246,203,1,1,0,1,0,26.388012386615724,19.132329752067857,-71.00441996978313,1.1044533252716064,0.20183314383029938,0.20311953127384186,11.637891878666672,0.8211936354637146,47.05092947507549,0.6137163639068604
ppo_baseline,10,40038,4,1271,247,227,1,1,0,1,0,4.708172338294849,5.684998672633393,-16.827359473241994,1.325827956199646,0.5931491851806641,0.032202932983636856,1.8450921479050235,0.3909575641155243,22.400218392534825,0.2276817113161087
ppo_baseline,10,40038,4,1272,248,87,1,1,0,1,0,-6.041780434118179,-1.5121082595924429,-28.17121085436597,1.289530873298645,1.562612771987915,0.03140139579772949,1.7991674500297388,0.2047348916530609,11.730445210788577,0.13376884162425995
ppo_baseline,10,40038,4,1273,249,101,1,1,0,1,0,46.4194819014024,29.576645219501156,-61.56875951822064,11.389594078063965,11.497125625610352,0.30814653635025024,17.655496004443947,1.128214716911316,64.64194166356535,0.8722538948059082
ppo_baseline,10,40038,4,1274,250,166,1,1,0,1,0,-14.198064491867246,77.93318242989751,-85.46759142409526,0.5214278101921082,0.8447137475013733,1.8564809560775757,106.36852352965704,0.42126649618148804,24.136792281463276,2.0671141147613525
ppo_baseline,10,40038,4,1275,251,131,1,1,0,1,0,-6.297010943023215,2.1334505683885028,-22.790114618663125,0.8178764581680298,0.8924943208694458,0.029068278148770332,1.6654896556368937,0.20484893023967743,11.73697914050334,0.1314927488565445
ppo_baseline,10,40038,4,1276,252,129,1,1,0,1,0,16.986844390361792,-2.3014595615924764,-65.6856150593108,0.5017807483673096,0.6518778204917908,0.099992536008358,5.729150296088825,0.3388214111328125,19.41303686657704,0.26940324902534485
ppo_baseline,10,40038,4,1277,253,117,1,1,0,1,0,10.944517541110011,-3.4408990396906836,-58.87985064577002,0.9447296261787415,2.3740742206573486,0.07993018627166748,4.579662329061059,0.1141136884689331,6.538232733940556,0.13698703050613403
ppo_baseline,10,40038,4,1278,254,217,1,1,0,1,0,12.19661415937841,3.9187527344031157,-53.68606551786561,1.3966810703277588,0.9926390051841736,0.06699620932340622,3.838600037606193,0.14400066435337067,8.250630314528099,0.13899654150009155
ppo_baseline,10,40038,4,1279,255,129,1,1,0,1,0,19.5632600471823,-3.4396422848834014,-70.26976482265657,2.013322114944458,1.1365327835083008,0.12363138049840927,7.0835563179348435,0.37516531348228455,21.495389082237388,0.31121402978897095
ppo_baseline,10,50045,5,1280,0,102,1,1,0,1,0,-20.96585305362276,13.494951158327794,61.029830271949955,0.784161388874054,0.3605617880821228,0.11529705673456192,6.606034741170803,0.7799891829490662,44.690088248838926,0.5052916407585144
ppo_baseline,10,50045,5,1281,1,233,1,1,0,1,0,-25.684202373780927,16.398696800931994,68.89902781850505,2.0151495933532715,1.590394377708435,0.19517463445663452,11.18268282237377,0.9941636323928833,56.961380281507665,0.6922564506530762
ppo_baseline,10,50045,5,1282,2,107,1,1,0,1,0,6.412591404158172,-1.2578612979278883,-24.931515527245523,0.49822860956192017,0.9673041105270386,0.04387320205569267,2.5137493115158773,0.06545640528202057,3.7503757647576075,0.07660140097141266
ppo_baseline,10,50045,5,1283,3,142,1,1,0,1,0,48.75039323869597,35.06802168954302,96.51501259524068,7.013267517089844,4.714393615722656,0.25136783719062805,14.4023161763546,0.6181319952011108,35.41635450702451,0.5604338645935059
ppo_baseline,10,50045,5,1284,4,57,1,1,0,1,0,-13.09190169540534,0.6618316701958955,-13.227959063671994,1.3016064167022705,1.6634782552719116,0.029629498720169067,1.6976452257539618,0.20726951956748962,11.875668692921387,0.13326425850391388
ppo_baseline,10,50045,5,1285,5,110,1,1,0,1,0,33.27347144739222,18.354849318845307,-79.38183823210053,1.2599735260009766,0.8616979718208313,0.25536292791366577,14.631218013556529,1.1851009130477905,67.90128061473875,0.847913384437561
ppo_baseline,10,50045,5,1286,6,23,1,1,0,1,0,5.208224147809823,-2.697993024046737,26.961816578788493,12.693714141845703,13.238651275634766,0.03507235273718834,2.0094977894349926,0.07575374841690063,4.3403700665842475,0.07294923067092896
ppo_baseline,10,50045,5,1287,7,228,1,1,0,1,0,36.06486047814971,-8.254980291255752,-92.71928522816783,6.700507640838623,4.80396032333374,0.2799231708049774,16.03841627504487,0.973792314529419,55.794189744811696,0.7668193578720093
ppo_baseline,10,50045,5,1288,8,65,1,1,0,1,0,-9.360159540477174,-1.822362772451102,6.016303828514031,1.013264775276184,2.7160327434539795,0.05700121447443962,3.2659290165054093,0.16736610233783722,9.589371297512693,0.14068426191806793
ppo_baseline,10,50045,5,1289,9,103,1,1,0,1,0,-25.433998884105023,6.0055667711387715,68.91656774429364,3.003129005432129,2.75546932220459,0.19617220759391785,11.239839552895731,1.0019174814224243,57.40564310588198,0.6971309185028076
ppo_baseline,10,50045,5,1290,10,105,1,1,0,1,0,2.3819328503935666,-1.642318985929566,25.741152491080495,1.058443307876587,0.4360707700252533,0.05389266833662987,3.087822442387218,0.1840565949678421,10.545666083206179,0.14592096209526062
ppo_baseline,10,50045,5,1291,11,256,1,1,0,1,0,14.653610788750417,3.632253619477761,-62.87999191432301,1.8965513706207275,0.9787402749061584,0.12850511074066162,7.362800491301175,0.4115969240665436,23.58276660957957,0.3343035578727722
ppo_baseline,10,50045,5,1292,12,87,1,1,0,1,0,-7.574857374462561,2.592070450398179,2.802221710781131,1.1529583930969238,1.0369399785995483,0.00910107046365738,0.5214529266187391,0.24581055343151093,14.08390727140059,0.13200634717941284
ppo_baseline,10,50045,5,1293,13,87,1,1,0,1,0,8.124400734703448,-1.353593229334787,-5.231392149474506,0.979720413684845,2.423555612564087,0.023293647915124893,1.3346277150003656,0.047095730900764465,2.6983866136976586,0.046841513365507126
ppo_baseline,10,50045,5,1294,14,179,1,1,0,1,0,-13.61099607232631,-6.077078851748805,65.84451258016198,0.5305339097976685,0.18994592130184174,0.11687050014734268,6.696186408025802,0.4362311065196991,24.99420129590061,0.3349860608577728
ppo_baseline,10,50045,5,1295,15,182,1,1,0,1,0,34.02663640716952,13.708531173674093,-75.40923628628104,2.412609577178955,2.5402469635009766,0.2631225883960724,15.075813809652876,1.1802170276641846,67.6214545946325,0.8532310724258423
ppo_baseline,10,50045,5,1296,16,172,1,1,0,1,0,-34.809990803078286,3.337790503980171,72.86078342392256,3.7867980003356934,2.9071578979492188,0.2687765955924988,15.399764559344703,1.226617693901062,70.28001693660076,0.8820854425430298
ppo_baseline,10,50045,5,1297,17,109,1,1,0,1,0,26.43005903114632,64.56103807284654,-68.09383047763058,2.9273927211761475,0.8060447573661804,0.6796595454216003,38.941623458437775,0.6634082198143005,38.010491089646614,1.0113636255264282
ppo_baseline,10,50045,5,1298,18,142,1,1,0,1,0,6.1860476897671886,0.9070901029127134,-43.88436156830379,0.7386663556098938,1.0852482318878174,0.050363242626190186,2.885601245074062,0.02313990332186222,1.325818798683459,0.06193319335579872
ppo_baseline,10,50045,5,1299,19,126,1,1,0,1,0,-3.4065295277871797,-3.9564963597566063,-56.193018150827086,1.1591633558273315,1.9332460165023804,0.06013217940926552,3.445320093074386,0.2695519030094147,15.444186402159174,0.19490812718868256
ppo_baseline,10,50045,5,1300,20,133,1,1,0,1,0,-8.3780329793427,2.629431585158149,0.0074039250602938225,0.6322109699249268,1.3722676038742065,0.012308260425925255,0.7052113755534101,0.1379709541797638,7.9051533698933305,0.0812937393784523
ppo_baseline,10,50045,5,1301,21,150,1,1,0,1,0,44.48555481904831,22.937810629275482,-69.52789699576645,1.1115837097167969,0.4755041003227234,0.36212611198425293,20.748297868179513,1.212897777557373,69.49392363483481,0.9685750007629395
ppo_baseline,10,50045,5,1302,22,784,1,1,0,1,0,12.275093032941855,6.652139798728858,-59.229501689761314,2.977215528488159,0.9993676543235779,0.11242435872554779,6.441441269438659,0.33745232224464417,19.33459385150674,0.2811505198478699
ppo_baseline,10,50045,5,1303,23,79,1,1,0,1,0,-2.787659747470664,4.560285082385733,-35.410555676419165,0.5325581431388855,2.525768756866455,0.03417826443910599,1.958270303442839,0.21582432091236115,12.365822704555367,0.14209042489528656
ppo_baseline,10,50045,5,1304,24,172,1,1,0,1,0,6.791940110660679,4.55860485584991,30.309087385336642,0.1139112114906311,0.7386104464530945,0.023927686735987663,1.3709554634832537,0.1049562618136406,6.013550835391693,0.07640581578016281
ppo_baseline,10,50045,5,1305,25,106,1,1,0,1,0,-12.372874021099758,0.44804674917449644,11.737283937695052,1.8441779613494873,0.7585569620132446,0.043150294572114944,2.472329763728451,0.2012394517660141,11.53017125771911,0.1437700241804123
ppo_baseline,10,50045,5,1306,26,239,1,1,0,1,0,-33.8321262799859,22.5934871328368,70.97417589213832,2.0225350856781006,1.449694275856018,0.24953004717826843,14.297018565015097,1.2934385538101196,74.10857019282469,0.8962492942810059
ppo_baseline,10,50045,5,1307,27,152,1,1,0,1,0,22.757753182375605,-8.608948014802491,-79.36932532554107,9.578939437866211,7.955133438110352,0.23156043887138367,13.267435849527375,0.8270244598388672,47.38501110285374,0.6450726985931396
ppo_baseline,10,50045,5,1308,28,87,1,1,0,1,0,11.853752323422109,2.9486199854511845,2.083057432692149,0.5128348469734192,0.9145474433898926,0.0042253527790308,0.24209488119233835,0.10264211148023605,5.880959788128821,0.055546410381793976
ppo_baseline,10,50045,5,1309,29,83,1,1,0,1,0,-6.359848683387333,3.784088724727144,-0.27830288792133956,1.1088685989379883,2.5765886306762695,0.03894900158047676,2.2316134068096916,0.1745096743106842,9.99866782220477,0.12620383501052856
ppo_baseline,10,50045,5,1310,30,92,1,1,0,1,0,-3.701866907498531,-1.711385858816735,26.395115783352537,0.8462010622024536,2.9350345134735107,0.0512579046189785,2.936861601351596,0.08981305360794067,5.145908916917212,0.09616443514823914
ppo_baseline,10,50045,5,1311,31,187,1,1,0,1,0,3.5147197242401815,-3.0647468617197413,-52.56504022976975,7.446629524230957,6.490525245666504,0.07607638090848923,4.358855546686065,0.10238038748502731,5.865964107806057,0.12726657092571259
ppo_baseline,10,50045,5,1312,32,15,1,1,0,1,0,6.170310933919479,27.852691812611596,-56.941442959320405,12.232686996459961,15.979519844055176,0.14935973286628723,8.557682322439668,0.7213055491447449,41.32776370536007,0.5100125074386597
ppo_baseline,10,50045,5,1313,33,90,1,1,0,1,0,-9.03050729037568,-0.8612731939602679,-45.99292292735676,1.4378547668457031,1.9126873016357422,0.04329854995012283,2.4808241711784196,0.2735849916934967,15.675265362159045,0.18009105324745178
ppo_baseline,10,50045,5,1314,34,109,1,1,0,1,0,10.145276125191799,-1.3962682512690265,-28.480645744524228,0.8202567100524902,1.477301836013794,0.05214687064290047,2.9877956026528505,0.017771627753973007,1.018239265380212,0.06103268265724182
ppo_baseline,10,50045,5,1315,35,6,1,1,0,1,0,10.20915205430976,13.608878713683605,-55.36022684570577,17.022235870361328,19.039091110229492,0.10802201181650162,6.18920537159785,0.3501513600349426,20.062195120767978,0.28309768438339233
ppo_baseline,10,50045,5,1316,36,191,1,1,0,1,0,30.08243438791894,2.564148637071167,-71.56744612344562,2.402111530303955,1.5766199827194214,0.24034596979618073,13.770809692299915,0.8678007125854492,49.72131828959162,0.6742463111877441
ppo_baseline,10,50045,5,1317,37,103,1,1,0,1,0,13.409710397486034,2.0224599943757955,-57.597687534775226,1.9569268226623535,0.9245891571044922,0.061761580407619476,3.5386778934144707,0.1228608563542366,7.03940853646082,0.12319201231002808
ppo_baseline,10,50045,5,1318,38,216,1,1,0,1,0,2.7009300053898424,1.898464740183384,-14.116703278474054,0.14603987336158752,0.509411096572876,0.03547948971390724,2.0328250198847018,0.10718119144439697,6.1410299129476345,0.08907008171081543
ppo_baseline,10,50045,5,1319,39,62,1,1,0,1,0,-15.244722680279999,-1.6480017033190166,11.258064205148617,2.73016095161438,1.6155920028686523,0.04591067135334015,2.630487703158562,0.21209017932415009,12.151872151446595,0.1519557535648346
ppo_baseline,10,50045,5,1320,40,64,1,0,1,0,1,nan,nan,nan,nan,nan,nan,nan,nan,nan,nan
ppo_baseline,10,50045,5,1321,41,180,1,1,0,1,0,-2.0106027859766535,-2.876178999114029,35.951014885063934,0.4203377962112427,0.6869062781333923,0.058379728347063065,3.3449120434069672,0.08565907925367355,4.907903718212125,0.10120926797389984
ppo_baseline,10,50045,5,1322,42,60,1,1,0,1,0,-2.73181612081664,1.1440020444637757,31.730477072372977,4.28005313873291,7.384317874908447,0.051577549427747726,2.955175899837339,0.181061789393425,10.374076363329825,0.14210844039916992
ppo_baseline,10,50045,5,1323,43,137,1,1,0,1,0,10.84179149599302,0.7867285093587487,-42.78246080988397,1.0108684301376343,1.3209508657455444,0.0432267040014267,2.4767077015430172,0.0661737248301506,3.79147514742769,0.0763135701417923
ppo_baseline,10,50045,5,1324,44,148,1,1,0,1,0,17.133748099030427,-4.021355836115047,-69.06267915101856,2.966799020767212,2.7427022457122803,0.17433063685894012,9.988409731845056,0.4978213906288147,28.523064634364594,0.4232413172721863
ppo_baseline,10,50045,5,1325,45,77,1,1,0,1,0,5.987603373621638,7.739683499513309,42.55453739728064,1.5971314907073975,2.314495086669922,0.06506957113742828,3.728211800900916,0.1984756737947464,11.371818444454242,0.16430741548538208
ppo_baseline,10,50045,5,1326,46,150,1,1,0,1,0,-5.275105360162588,2.7145084214598274,1.587677472569464,0.30495044589042664,0.5810915231704712,0.03393104299902916,1.9441055583212903,0.16152562201023102,9.254736424411673,0.11469385027885437
ppo_baseline,10,50045,5,1327,47,176,1,1,0,1,0,-8.063625711468674,1.137786572319064,-20.653576804769777,2.4727628231048584,1.364019751548767,0.034917473793029785,2.000623879599265,0.19333718717098236,11.077404847828134,0.13158607482910156
ppo_baseline,10,50045,5,1328,48,64,1,0,1,0,1,nan,nan,nan,nan,nan,nan,nan,nan,nan,nan
ppo_baseline,10,50045,5,1329,49,137,1,1,0,1,0,-4.4758639442443755,5.424399635040727,-36.897351254947544,0.4889681935310364,1.7191531658172607,0.03358239680528641,1.9241296028765302,0.21399542689323425,12.261034796082678,0.14058011770248413
ppo_baseline,10,50045,5,1330,50,70,1,1,0,1,0,17.480434840921934,25.964103525968053,77.26120109859498,2.8933868408203125,2.8353490829467773,0.1733274757862091,9.930932836205752,0.4963718354701996,28.44001124160453,0.4215133786201477
ppo_baseline,10,50045,5,1331,51,89,1,1,0,1,0,13.098745544953694,-2.880659603209558,-22.54652275210379,1.7850977182388306,2.4057209491729736,0.04546116292476654,2.6047327673457366,0.05958839878439903,3.4141637582885496,0.0752553641796112
ppo_baseline,10,50045,5,1332,52,5,1,1,0,1,0,10.768940698305665,2.5779319588162526,-20.32305029045452,13.115862846374512,13.461393356323242,0.04143095016479492,2.3738185856595915,0.09549735486507416,5.471595388431869,0.089179627597332
ppo_baseline,10,50045,5,1333,53,347,1,1,0,1,0,1.9898253505214747,5.728397694619654,6.46548438909075,0.9841315746307373,0.9315112233161926,0.018526505678892136,1.0614905845256712,0.12824848294258118,7.34809680156543,0.08265075087547302
ppo_baseline,10,50045,5,1334,54,123,1,1,0,1,0,0.5565238135726389,-1.8242205839053456,31.37504768834385,1.2350047826766968,0.6337374448776245,0.036633141338825226,2.0989243890209117,0.18777687847614288,10.758822626823937,0.13052158057689667
ppo_baseline,10,50045,5,1335,55,211,1,1,0,1,0,10.59057713831995,4.1070200686853475,-55.19417128660442,2.2059805393218994,1.3833916187286377,0.07813449949026108,4.476777055159042,0.19771811366081238,11.328413446052457,0.17699354887008667
ppo_baseline,10,50045,5,1336,56,69,1,1,0,1,0,-2.089996904888882,-8.594249447708624,-53.62891049489094,1.224416732788086,2.059199333190918,0.058692920953035355,3.362856657903883,0.2747565507888794,15.74239075377464,0.19607119262218475
ppo_baseline,10,50045,5,1337,57,62,1,1,0,1,0,-8.671293981546368,-1.8955277588402786,8.380109356850385,1.1047033071517944,2.7348341941833496,0.037541914731264114,2.1509932689414457,0.15722766518592834,9.00848163784968,0.11615574359893799
ppo_baseline,10,50045,5,1338,58,128,1,1,0,1,0,-33.433844289104115,9.983427962619178,73.60806076063531,3.660735845565796,2.698721408843994,0.21638190746307373,12.397770060624454,1.3400003910064697,76.7763669505508,0.8863821029663086
ppo_baseline,10,50045,5,1339,59,163,1,1,0,1,0,-5.000750321581516,-6.013366847170926,52.63959857474961,0.8682449460029602,1.281538486480713,0.09162348508834839,5.249638999842196,0.17328906059265137,9.928731807745715,0.17826801538467407
ppo_baseline,10,50045,5,1340,60,71,1,1,0,1,0,9.430688073846726,1.0369319990346557,-7.332576904223869,0.5254245400428772,2.696112871170044,0.046392057090997696,2.658069074244131,0.08736103028059006,5.005418328992397,0.09007257223129272
ppo_baseline,10,50045,5,1341,61,166,1,1,0,1,0,8.813607803092754,2.2008235543615084,-20.722097262523345,0.6659800410270691,0.36032527685165405,0.03317802771925926,1.9009609608816123,0.039682939648628235,2.2736649605387558,0.05301949754357338
ppo_baseline,10,50045,5,1342,62,82,1,1,0,1,0,-4.657219127086554,-0.8660270056225967,5.084707006859312,0.9928321838378906,2.8387348651885986,0.038034576922655106,2.1792207332338163,0.14115197956562042,8.087412699026888,0.10861057043075562
ppo_baseline,10,50045,5,1343,63,117,1,1,0,1,0,14.063564406731354,-14.460234472969015,-77.0944898413333,3.8404533863067627,2.6704654693603516,0.21600684523582458,12.376280577948302,0.6362043023109436,36.4518214304822,0.5341089963912964
ppo_baseline,10,50045,5,1344,64,88,1,1,0,1,0,-1.4538604063505742,1.919884213420544,-43.08244271823093,1.195737600326538,2.8062472343444824,0.030979987233877182,1.775022517870332,0.17748922109603882,10.16938327786736,0.11972460150718689
ppo_baseline,10,50045,5,1345,65,126,1,1,0,1,0,-4.402644316341839,-8.769867271647993,76.92985496157932,2.3738973140716553,1.2362569570541382,0.10733457654714584,6.149818231975325,0.3100334107875824,17.7636059461742,0.26235127449035645
ppo_baseline,10,50045,5,1346,66,134,1,1,0,1,0,-8.068762013724523,1.2826139034800144,-31.741050205208158,2.9498863220214844,2.137030839920044,0.017367668449878693,0.9950941021605658,0.16565649211406708,9.491417847078248,0.10019591450691223
ppo_baseline,10,50045,5,1347,67,136,1,1,0,1,0,-21.145241141983973,13.874135940290222,74.9124083260543,1.4195986986160278,0.22084708511829376,0.13973411917686462,8.006175282812404,1.0696141719818115,61.28437776193799,0.6745412349700928
ppo_baseline,10,50045,5,1348,68,133,1,1,0,1,0,4.929934920266824,-4.6330675781813895,-40.63750820293316,1.0643091201782227,0.9622432589530945,0.051170602440834045,2.9318595550016195,0.19843235611915588,11.369336524464588,0.150386780500412
ppo_baseline,10,50045,5,1349,69,112,1,1,0,1,0,-8.90811030044905,-3.5055945915090443,18.77614904723003,2.4047210216522217,1.388084053993225,0.026035377755761147,1.4917172634338987,0.11014047265052795,6.310584236451324,0.08110561221837997
ppo_baseline,10,50045,5,1350,70,121,1,1,0,1,0,-18.40147219011981,10.291742701753552,50.18283417180938,2.097808837890625,0.8163902759552002,0.08376077562570572,4.799138932095195,0.4923569858074188,28.20997730054767,0.3299392759799957
ppo_baseline,10,50045,5,1351,71,246,1,1,0,1,0,-11.415882556110931,19.25836040263293,59.495114086204765,0.9878243207931519,0.7444632053375244,0.11503506451845169,6.591023692922407,0.61118483543396,35.01831157276367,0.4206274747848511
ppo_baseline,10,50045,5,1352,72,187,1,1,0,1,0,10.368500367646156,5.770321395745192,-34.31909144705113,1.3184630870819092,0.8441328406333923,0.047814469784498215,2.7395673183075466,0.14154593646526337,8.10998476668649,0.1185874342918396
ppo_baseline,10,50045,5,1353,73,125,1,1,0,1,0,-11.53265147016147,-1.1893954816876804,13.442263079070315,1.466567039489746,0.9604787230491638,0.04122452810406685,2.36199147278148,0.15473558008670807,8.865695679476918,0.11859232187271118
ppo_baseline,10,50045,5,1354,74,117,1,1,0,1,0,-4.886549558658903,-1.2923947343714728,6.03149416922814,2.272585153579712,1.1031588315963745,0.047889936715364456,2.743891254938988,0.21468909084796906,12.300778813089336,0.15523448586463928
ppo_baseline,10,50045,5,1355,75,86,1,1,0,1,0,11.868355267867596,-3.3690454496221496,-52.860432250994464,1.3033349514007568,1.05156672000885,0.07766900211572647,4.450106020223789,0.10886984318494797,6.2377825307486265,0.13210391998291016
ppo_baseline,10,50045,5,1356,76,141,1,1,0,1,0,42.72678110777002,35.43814964066602,97.57751682252787,1.0793302059173584,1.2436020374298096,0.2586781680583954,14.821167281921877,0.6147660613059998,35.22350070071461,0.5660611987113953
ppo_baseline,10,50045,5,1357,77,173,1,1,0,1,0,-7.5536564672788415,4.251055097902576,16.565790548787184,0.5430774688720703,0.7327468991279602,0.020797327160835266,1.1915990714686557,0.5074040293693542,29.07210939079607,0.2744993567466736
ppo_baseline,10,50045,5,1358,78,198,1,1,0,1,0,13.161665247587852,70.69531292870504,-67.68778939185167,6.505070209503174,6.617877006530762,0.9524630308151245,54.57211180794551,0.485708624124527,27.829054235441475,1.1953173875808716
ppo_baseline,10,50045,5,1359,79,129,1,1,0,1,0,-0.6996435974410862,-5.46902809107759,52.44288912665324,0.052632033824920654,0.4310958981513977,0.06493810564279556,3.7206793829068614,0.19097740948200226,10.942199545660438,0.1604268103837967
ppo_baseline,10,50045,5,1360,80,126,1,1,0,1,0,-22.758258616374185,11.887712023975412,60.05204771112761,1.60267174243927,0.18499095737934113,0.12170788645744324,6.973348227468926,0.6051095724105835,34.670224642092315,0.424262672662735
ppo_baseline,10,50045,5,1361,81,123,1,1,0,1,0,9.179815225632158,-4.5774971590941655,-93.94871927877013,1.234236240386963,2.267432928085327,0.08734029531478882,5.004230302963637,0.2573239803314209,14.743578040497825,0.21600228548049927
ppo_baseline,10,50045,5,1362,82,127,1,1,0,1,0,-3.367242279681266,0.23088771470311104,-25.123799012759722,1.0821195840835571,1.2955043315887451,0.006530384533107281,0.3741634723445578,0.19612595438957214,11.237189439497765,0.10459335893392563
ppo_baseline,10,50045,5,1363,83,113,1,1,0,1,0,11.958855274370265,2.0727711678021095,1.850216283886414,1.0701738595962524,1.7758032083511353,0.01694294810295105,0.9707594188082798,0.08625148981809616,4.941846343292503,0.06006869301199913
ppo_baseline,10,50045,5,1364,84,143,1,1,0,1,0,-28.355735244983038,23.053022260195256,71.12214511031748,0.9127285480499268,1.4930423498153687,0.18675951659679413,10.700532084899756,0.8412114381790161,48.19786508578779,0.6073652505874634
ppo_baseline,10,50045,5,1365,85,73,1,1,0,1,0,-4.553509534729081,3.198837135505432,18.91859947255982,12.679696083068848,11.972956657409668,0.032588571310043335,1.8671875964266034,0.15785060822963715,9.044173645131227,0.11151387542486191
ppo_baseline,10,50045,5,1366,86,107,1,1,0,1,0,14.556253272321054,-0.0062427929013916545,-20.23234537827675,1.0046424865722656,1.966790795326233,0.02618146687746048,1.5000875535400435,0.23704937100410461,13.581928494766029,0.14470615983009338
ppo_baseline,10,50045,5,1367,87,238,1,1,0,1,0,-10.51446151020933,-11.010387885465615,67.592549234065,3.7091903686523438,1.857473611831665,0.15693612396717072,8.991777556460768,0.5470327734947205,31.342669176583406,0.43045252561569214
ppo_baseline,10,50045,5,1368,88,130,1,1,0,1,0,10.63862068894182,-3.089007693651627,-33.83190771393246,3.4317781925201416,1.238858699798584,0.02472623996436596,1.4167091931858764,0.06621480733156204,3.7938290013704057,0.05783364176750183
ppo_baseline,10,50045,5,1369,89,175,1,1,0,1,0,7.3894997007667556,1.3435801720115483,11.21135937160407,1.143027901649475,0.7448751330375671,0.00855340901762247,0.4900742371589072,0.07007654011249542,4.0150899913252065,0.04359167814254761
ppo_baseline,10,50045,5,1370,90,172,1,1,0,1,0,46.63996040781041,20.668862768132264,-70.3643492822829,4.698757648468018,5.194225311279297,0.3546309471130371,20.318856554304134,1.1543406248092651,66.13884592206534,0.9318012595176697
ppo_baseline,10,50045,5,1371,91,69,1,1,0,1,0,6.750767730343843,-3.6619786027456565,-0.563531587661072,1.1427383422851562,4.5374531745910645,0.04574066400527954,2.6207469996284773,0.09049029648303986,5.184712075365701,0.09098581224679947
ppo_baseline,10,50045,5,1372,92,2,1,1,0,1,0,5.104418932803969,16.955507482449775,-53.511267316626636,19.156654357910156,21.184101104736328,0.0787985622882843,4.514825050817421,0.43134042620658875,24.713985955011665,0.2944687604904175
ppo_baseline,10,50045,5,1373,93,175,1,1,0,1,0,-14.841850802275967,16.016984848976662,50.889567505608944,0.8338357210159302,0.9164164662361145,0.08569122105836868,4.909745307967089,0.6564505100250244,37.61184368364424,0.4139164686203003
ppo_baseline,10,50045,5,1374,94,152,1,1,0,1,0,10.698466806449472,-0.8145547000373806,-46.60436146185631,1.815198302268982,1.1460118293762207,0.043285466730594635,2.4800745579170105,0.07515989989042282,4.306345052347006,0.08086541295051575
ppo_baseline,10,50045,5,1375,95,64,1,1,0,1,0,-3.081740372374733,5.256431622971773,-23.908243906550894,1.5548710823059082,4.7177510261535645,0.0562564991414547,3.2232599709866934,0.21016626060009003,12.04163972843176,0.1613396257162094
ppo_baseline,10,50045,5,1376,96,85,1,1,0,1,0,-5.189755316294108,-0.5684493238634812,23.056464675536944,0.523065447807312,1.3676396608352661,0.05893649533390999,3.376812441925512,0.10862467437982559,6.22373539294685,0.11324883252382278
ppo_baseline,10,50045,5,1377,97,153,1,1,0,1,0,11.08303377747787,-9.885100559327674,-67.8989241994751,8.598159790039062,7.967708587646484,0.1429211050271988,8.188776121404464,0.4048002362251282,23.193345081598583,0.3453212380409241
ppo_baseline,10,50045,5,1378,98,170,1,1,0,1,0,37.76485358143086,29.92654215030257,-70.49330325381274,2.9407010078430176,3.1542718410491943,0.2816905975341797,16.139682367226772,1.0006141662597656,57.33096864768623,0.7819976806640625
ppo_baseline,10,50045,5,1379,99,83,1,1,0,1,0,-5.50656681075598,0.9201630849841178,-11.402222177770906,1.6370793581008911,3.024832010269165,0.01595425419509411,0.9141114306577808,0.22060206532478333,12.639567294979368,0.12625528872013092
ppo_baseline,10,50045,5,1380,100,97,1,1,0,1,0,-7.891887434977873,-2.235889745560354,9.017379666790914,1.4366528987884521,1.7092812061309814,0.054688286036252975,3.133407978681529,0.1498233526945114,8.584245781895495,0.12959995865821838
ppo_baseline,10,50045,5,1381,101,119,1,1,0,1,0,-4.8255149882356685,6.114658552562215,-35.65868278858739,0.24069999158382416,1.3372122049331665,0.04154813662171364,2.3805328750571255,0.21403077244758606,12.263059947171586,0.14856351912021637
ppo_baseline,10,50045,5,1382,102,75,1,1,0,1,0,0.2882476433528781,-1.927766251722739,15.704394411421857,1.0038772821426392,2.115518569946289,0.07191166281700134,4.12023477718203,0.09843014180660248,5.639631702392522,0.12112673372030258
ppo_baseline,10,50045,5,1383,103,63,1,1,0,1,0,6.62621240063949,4.125803088902882,24.58215135119937,1.060692548751831,1.8432875871658325,0.03424907848238945,1.962327649253238,0.11919470131397247,6.829353325613071,0.09384642541408539
ppo_baseline,10,50045,5,1384,104,3,1,1,0,1,0,11.262175979028966,1.5193619204909965,-45.083524220504586,21.51392364501953,22.85926628112793,0.06537891924381256,3.7459361417970993,0.06617137789726257,3.7913406780784054,0.09846460819244385
ppo_baseline,10,50045,5,1385,105,253,1,1,0,1,0,36.62417100890371,-1.1965535199378539,-79.72908504950398,3.346165895462036,2.4418258666992188,0.2988201081752777,17.12113103208612,1.0417767763137817,59.68941247752412,0.8197084665298462
ppo_baseline,10,50045,5,1386,106,68,1,0,1,0,1,nan,nan,nan,nan,nan,nan,nan,nan,nan,nan
ppo_baseline,10,50045,5,1387,107,101,1,1,0,1,0,8.986261324932336,1.2339419754545036,-4.047419837987816,0.5469371676445007,3.3159422874450684,0.042175814509391785,2.41649616891477,0.09510762989521027,5.449265792487804,0.08972962945699692
ppo_baseline,10,50045,5,1388,108,73,1,1,0,1,0,10.099814386076195,-1.4468662926404812,-5.202541430420372,1.272623062133789,1.7867980003356934,0.04247724264860153,2.4337667291179703,0.062123268842697144,3.5594011142431126,0.0735388770699501
ppo_baseline,10,50045,5,1389,109,75,1,1,0,1,0,12.908429153920459,-0.7018292579754902,-6.568524622909562,2.1820335388183594,0.9652409553527832,0.012977038510143757,0.743529537209975,0.1991897076368332,11.412729570035324,0.11257189512252808
ppo_baseline,10,50045,5,1390,110,209,1,1,0,1,0,46.196052753272944,37.066384776527016,95.06307830223605,4.512517929077148,3.6205739974975586,0.26284000277519226,15.059622846225361,0.6157904863357544,35.28219593134712,0.5707352161407471
ppo_baseline,10,50045,5,1391,111,103,1,1,0,1,0,-6.244937580791039,1.9049534198948963,-13.79284302878873,1.246863603591919,1.6018344163894653,0.05352763459086418,3.0669075493749927,0.18878011405467987,10.816303791331471,0.14791768789291382
ppo_baseline,10,50045,5,1392,112,164,1,1,0,1,0,8.069253787344763,-0.4155077279685557,-35.865336992115296,0.588585615158081,0.22344079613685608,0.0527283176779747,3.0211100637729995,0.07408954948186874,4.245018491336754,0.08977308869361877
ppo_baseline,10,50045,5,1393,113,214,1,1,0,1,0,-7.116469718884665,2.053168524884173,-6.906263816988353,0.5588066577911377,0.5648071765899658,0.024516358971595764,1.4046838981001286,0.2800353467464447,16.04484348305385,0.16453403234481812
ppo_baseline,10,50045,5,1394,114,129,1,1,0,1,0,34.01517534974224,11.115859666628952,-73.88632266742164,1.3686891794204712,0.8474327325820923,0.2522449791431427,14.452572708267553,1.194340705871582,68.43068174711728,0.8494153022766113
ppo_baseline,10,50045,5,1395,115,105,1,1,0,1,0,-25.155381807481863,27.276428752337623,62.40933723899577,1.950514554977417,0.16314363479614258,0.20319464802742004,11.642195751617427,0.9203349351882935,52.73130752473537,0.6633621454238892
ppo_baseline,10,50045,5,1396,116,151,1,1,0,1,0,7.864006602785881,-2.084751319606312,-42.06337849406503,0.7940568923950195,0.32132217288017273,0.05135099217295647,2.94219512531973,0.10063134878873825,5.765751572303631,0.10166666656732559
ppo_baseline,10,50045,5,1397,117,132,1,1,0,1,0,-2.843339449584608,-2.137808229078971,32.39166670478689,0.8172789812088013,1.199998140335083,0.06101148575544357,3.4957006356094578,0.08034952729940414,4.603688800127049,0.10118624567985535
ppo_baseline,10,50045,5,1398,118,52,1,1,0,1,0,2.6534328699015735,1.22138808776002,6.8645313611595755,1.505409598350525,3.2443413734436035,0.057724662125110626,3.3073795135875126,0.14002732932567596,8.022974986849697,0.1277383267879486
ppo_baseline,10,50045,5,1399,119,70,1,1,0,1,0,-7.0436325815756495,-3.1519547170424644,-5.8450709860218115,9.32754135131836,8.036670684814453,0.017024334520101547,0.9754225170206944,0.1136329174041748,6.510686581017895,0.07384079694747925
ppo_baseline,10,50045,5,1400,120,184,1,1,0,1,0,30.369794106679716,-2.9419673811995923,-79.58313756731916,1.134237289428711,1.5027406215667725,0.2754831314086914,15.784020756765866,0.9983866214752197,57.20333973285537,0.7746764421463013
ppo_baseline,10,50045,5,1401,121,166,1,1,0,1,0,-6.99571197435884,4.414255637930861,-39.26802795358893,0.063832126557827,0.8598161935806274,0.038434095680713654,2.2021114719068793,0.2380591183900833,13.639782758356974,0.1574636548757553
ppo_baseline,10,50045,5,1402,122,86,1,1,0,1,0,-0.7879442830310109,-4.443734734388636,36.45562926094448,0.5182554721832275,1.4736626148223877,0.05390356481075287,3.0884467643660396,0.1602710336446762,9.182853806039168,0.13403907418251038
ppo_baseline,10,50045,5,1403,123,16,1,1,0,1,0,5.741566299339438,20.684094089981393,-45.41230220639232,11.623771667480469,15.979132652282715,0.1097816526889801,6.290025367049585,0.4439377188682556,25.4357576578163,0.3317505121231079
ppo_baseline,10,50045,5,1404,124,56,1,1,0,1,0,13.308022541122885,1.5413004881050774,13.132268113400116,0.26042625308036804,2.4612090587615967,0.033238157629966736,1.904406150987649,0.08486377447843552,4.862336111164384,0.07567004859447479
ppo_baseline,10,50045,5,1405,125,100,1,1,0,1,0,10.454806637998438,1.137731930805704,4.678420034270274,0.6818670630455017,1.2986040115356445,0.005398624576628208,0.3093184034163972,0.1291428506374359,7.399340295813451,0.06997004896402359
ppo_baseline,10,50045,5,1406,126,89,1,1,0,1,0,8.01347846258244,-0.8295811162114087,-7.924453776940494,0.5289063453674316,2.126131772994995,0.044701043516397476,2.5611811333202077,0.08059967309236526,4.6180210983266745,0.08500088006258011
ppo_baseline,10,50045,5,1407,127,169,1,1,0,1,0,9.468868831307097,1.6557881189728312,-39.70373938112238,1.1788369417190552,0.9915326237678528,0.059556975960731506,3.4123633631120165,0.05809564143419266,3.3286350622845924,0.08860479295253754
ppo_baseline,10,50045,5,1408,128,106,1,1,0,1,0,22.983081123094326,1.3560794181926716,-68.93186736803446,1.0038304328918457,0.7523013949394226,0.17732316255569458,10.159868824353532,0.5747019648551941,32.92799706407839,0.4646741449832916
ppo_baseline,10,50045,5,1409,129,85,1,1,0,1,0,14.089519125577404,-4.158615317675624,-39.89547645150298,2.1730844974517822,0.8531198501586914,0.043230779469013214,2.4769412086352673,0.03428477421402931,1.9643728640228337,0.06037316471338272
ppo_baseline,10,50045,5,1410,130,9,1,1,0,1,0,2.1513593243922764,6.388617440171426,-58.23535399568762,20.22355079650879,19.814056396484375,0.07984796166419983,4.574951206081043,0.2638462483882904,15.11727647300944,0.21177108585834503
ppo_baseline,10,50045,5,1411,131,215,1,1,0,1,0,2.1327538890931614,4.640512484376703,4.056517649962273,0.30217212438583374,0.7735720276832581,0.025404656305909157,1.4555795863090075,0.12559784948825836,7.196226691596551,0.08820357918739319
ppo_baseline,10,50045,5,1412,132,125,1,1,0,1,0,1.6824395171142208,-6.2145568993628215,51.94655294004676,1.2572674751281738,1.5775169134140015,0.06293253600597382,3.6057687071973903,0.11225415021181107,6.4316890399643505,0.11905960738658905
ppo_baseline,10,50045,5,1413,133,190,1,1,0,1,0,11.672479102849971,-21.97715818289153,-79.59313696426405,3.84661865234375,2.907975912094116,0.23445038497447968,13.433017564255056,0.7353148460388184,42.130437291336214,0.60210782289505
ppo_baseline,10,50045,5,1414,134,85,1,1,0,1,0,13.474774779519576,2.4729929324081765,-13.952232323260146,1.2321178913116455,1.5946416854858398,0.023302705958485603,1.3351467026555808,0.05887114256620407,3.373068004156464,0.05273827910423279
ppo_baseline,10,50045,5,1415,135,152,1,1,0,1,0,5.2625651328464444,2.0377459577382844,9.701737300869512,0.5900909304618835,0.7728310227394104,0.024070773273706436,1.3791537181996787,0.3584299385547638,20.53652273032139,0.20328573882579803
ppo_baseline,10,50045,5,1416,136,237,1,1,0,1,0,7.474098423826533,5.505173452165297,11.866210588468212,0.8224095702171326,0.5994192361831665,0.008166889660060406,0.46792830927049284,0.09896041452884674,5.6700140913680315,0.05764709785580635
ppo_baseline,10,50045,5,1417,137,64,1,1,0,1,0,-6.80785445142681,2.408188097563096,-6.932273177347762,1.3693078756332397,2.297384738922119,0.014006780460476875,0.8025294049516327,0.17160598933696747,9.832298928175245,0.09980977326631546
ppo_baseline,10,50045,5,1418,138,380,1,1,0,1,0,-19.084545748634447,-2.193324006652835,68.85760955137809,4.114567279815674,2.2245399951934814,0.17003892362117767,9.74251267644084,0.7201539278030396,41.26178066288316,0.5301159024238586
ppo_baseline,10,50045,5,1419,139,41,1,1,0,1,0,-0.9407765958992163,1.5401256955678353,-7.9054931718045385,6.972896099090576,8.472503662109375,0.04907087981700897,2.8115543105083076,0.16252584755420685,9.312045126642666,0.130333811044693
ppo_baseline,10,50045,5,1420,140,1,1,1,0,1,0,15.870368008253168,11.91858447902387,-46.039422855226206,21.93572235107422,22.8215274810791,0.09243303537368774,5.2960228144957515,0.3832455277442932,21.9583512570119,0.28405579924583435
ppo_baseline,10,50045,5,1421,141,116,1,1,0,1,0,-17.593105641470462,10.38711946332361,78.20756478923526,1.1695380210876465,0.9706386923789978,0.10548373311758041,6.043772714921707,0.7384442090988159,42.30973658723821,0.47470584511756897
ppo_baseline,10,50045,5,1422,142,157,1,0,1,0,1,nan,nan,nan,nan,nan,nan,nan,nan,nan,nan
ppo_baseline,10,50045,5,1423,143,70,1,1,0,1,0,23.71336494915209,9.155308506890151,-58.61238043787232,1.0619815587997437,1.0007201433181763,0.1327967792749405,7.60869498538445,0.5018770098686218,28.755434500117598,0.3837352991104126
ppo_baseline,10,50045,5,1424,144,135,1,1,0,1,0,3.2028806074940794,-3.5122062146256168,-51.83617708305935,0.8956909775733948,1.1180752515792847,0.06285078078508377,3.601084478087231,0.1597878336906433,9.155168488012166,0.14274469017982483
ppo_baseline,10,50045,5,1425,145,16,1,1,0,1,0,-11.665375706113158,5.439057220999574,18.49716314039169,17.665958404541016,19.215288162231445,0.02272392250597477,1.3019848535746996,0.23556208610534668,13.496713347133657,0.14050497114658356
ppo_baseline,10,50045,5,1426,146,121,1,1,0,1,0,17.017607562383528,6.758212636539157,-57.858163628962835,2.7945966720581055,3.3807532787323,0.11908049136400223,6.822809577501375,0.3277921974658966,18.781109472114753,0.28297659754753113
ppo_baseline,10,50045,5,1427,147,148,1,1,0,1,0,3.8984397518114977,1.7749885803678938,-17.186299574504503,0.25311243534088135,0.5310595035552979,0.024801895022392273,1.4210439087096016,0.1010088101029396,5.78737851253683,0.07530629634857178
ppo_baseline,10,50045,5,1428,148,117,1,1,0,1,0,8.47921540170727,-3.7090795872620643,-57.54621522919001,1.2051905393600464,1.677151083946228,0.06648049503564835,3.8090517854830717,0.1251220852136612,7.168967406619029,0.12904153764247894
ppo_baseline,10,50045,5,1429,149,182,1,1,0,1,0,-19.580799972970894,74.59464060510864,-87.65336124152606,3.6344797611236572,3.670250654220581,1.6735552549362183,95.88765288978584,0.43630316853523254,24.99833014525388,1.8917068243026733
ppo_baseline,10,50045,5,1430,150,205,1,1,0,1,0,28.895074302603923,9.889089389802962,-74.7945192609799,2.4845874309539795,1.5979639291763306,0.2546612024307251,14.59101210500725,1.0654007196426392,61.04296472572389,0.7873615622520447
ppo_baseline,10,50045,5,1431,151,112,1,1,0,1,0,-8.601024995365277,-1.9430112339502073,2.712623289248904,1.7450577020645142,1.5750566720962524,0.0623919777572155,3.5747970009625556,0.148786261677742,8.524824843663676,0.1367851048707962
ppo_baseline,10,50045,5,1432,152,193,1,1,0,1,0,0.32390123082034467,-0.5927647973087266,25.661744711789925,0.6625459790229797,0.8505522012710571,0.052396565675735474,3.002102074199677,0.06871344149112701,3.936990193260696,0.08675328642129898
ppo_baseline,10,50045,5,1433,153,155,1,1,0,1,0,7.434619930423859,4.201877735878484,38.64549719187728,0.5508899092674255,1.092585802078247,0.034104619175195694,1.954050740639652,0.09880638122558594,5.661188633186729,0.08350780606269836
ppo_baseline,10,50045,5,1434,154,70,1,1,0,1,0,2.1643093630586203,3.3683760910834883,7.694522288721185,0.38978564739227295,2.709765672683716,0.04317304491996765,2.473633262642865,0.14111582934856415,8.085341444161083,0.11373095959424973
ppo_baseline,10,50045,5,1435,155,63,1,1,0,1,0,7.569639109936672,-5.292973135031342,-37.564578774587744,2.223909378051758,0.9432730674743652,0.03053572028875351,1.7495678969375756,0.16899660229682922,9.682792063659189,0.11503402143716812
ppo_baseline,10,50045,5,1436,156,168,1,1,0,1,0,-15.334061554623766,15.054392628868424,52.98414063724174,0.22387997806072235,0.973556399345398,0.08972033858299255,5.140596737290235,0.8186099529266357,46.90289537009922,0.4990253150463104
ppo_baseline,10,50045,5,1437,157,212,1,1,0,1,0,18.70556587234712,-8.239188893894681,-70.9577561173736,1.4151488542556763,1.0438650846481323,0.17903825640678406,10.258136463489798,0.5379537343978882,30.822478554300652,0.44801512360572815
ppo_baseline,10,50045,5,1438,158,11,1,1,0,1,0,-7.916366832963199,16.60932617455685,-21.103276459723418,18.763538360595703,20.43306541442871,0.09202937036752701,5.272894513305619,0.28152599930763245,16.130251583530274,0.23279237747192383
ppo_baseline,10,50045,5,1439,159,81,1,1,0,1,0,-3.8644254097448343,-3.345932089470826,-38.57845205498444,0.8926476836204529,3.2025506496429443,0.024440184235572815,1.4003194072204905,0.25838249921798706,14.804226705232953,0.15363143384456635
ppo_baseline,10,50045,5,1440,160,62,1,1,0,1,0,14.102127654785246,-1.860338624236373,-40.33107859600971,1.9557899236679077,2.023800849914551,0.07923125475645065,4.539616503070452,0.08823098242282867,5.055262915121034,0.12334674596786499
ppo_baseline,10,50045,5,1441,161,183,1,1,0,1,0,-1.7015503864119166,2.553876032559468,-4.534822137159926,0.2494632750749588,0.40070298314094543,0.017657259479165077,1.011686445923525,0.15355852246284485,8.798255245385857,0.09443651884794235
ppo_baseline,10,50045,5,1442,162,109,1,1,0,1,0,25.9569181669612,-14.65557788323138,-83.64469589688889,9.723335266113281,7.782320976257324,0.2799879312515259,16.042126775311477,0.9537649750709534,54.6467077189658,0.7568703889846802
ppo_baseline,10,50045,5,1443,163,124,1,1,0,1,0,11.113714987229567,-2.7421433668416992,-33.08714388683427,1.755859613418579,0.8663156032562256,0.027942683547735214,1.6009978355548697,0.04353770241141319,2.494526597870523,0.04971153289079666
ppo_baseline,10,50045,5,1444,164,139,1,1,0,1,0,-10.057767741545597,3.58355437069557,-28.799151125900263,1.1541748046875,1.0955771207809448,0.030805673450231552,1.765035073756481,0.2121317833662033,12.15425588746693,0.1368715614080429
ppo_baseline,10,50045,5,1445,165,71,1,1,0,1,0,11.459008370530393,-0.4520629004064639,-2.262500162566724,1.8390510082244873,0.96745365858078,0.023914184421300888,1.370181837838044,0.07464525103569031,4.276857845039592,0.06123680993914604
ppo_baseline,10,50045,5,1446,166,250,1,1,0,1,0,25.398345296637554,11.437957727508413,-70.99862796936696,5.633344650268555,5.252517223358154,0.2263292521238327,12.967710927047937,0.9944890141487122,56.98002328284722,0.7235737442970276
ppo_baseline,10,50045,5,1447,167,150,1,1,0,1,0,10.46722392190952,-3.1055094306863777,-51.78432228688062,0.4459626078605652,0.9348940849304199,0.08042439073324203,4.607978158925817,0.12021826952695847,6.887999464260916,0.14053352177143097
ppo_baseline,10,50045,5,1448,168,162,1,1,0,1,0,-5.24980633947686,5.2121310160150705,11.673435329333772,0.6629786491394043,0.7753484845161438,0.035597898066043854,2.039609318721228,0.19279353320598602,11.046255770118291,0.13199466466903687
ppo_baseline,10,50045,5,1449,169,176,1,1,0,1,0,12.07901196224913,3.982013946495774,-50.06207642728356,1.251396894454956,0.7831880450248718,0.07791046798229218,4.463940995274473,0.11097915470600128,6.358637178583302,0.1334000527858734
ppo_baseline,10,50045,5,1450,170,92,1,1,0,1,0,7.930150154708285,-3.857813786628262,-31.73678816716607,0.5602989792823792,1.8619738817214966,0.055980391800403595,3.207440185651886,0.0635775476694107,3.6427251532490366,0.08776916563510895
ppo_baseline,10,50045,5,1451,171,311,1,1,0,1,0,34.2932460112318,43.17966363087689,-77.76209985156703,11.48624038696289,10.192709922790527,0.36140814423561096,20.70716134635582,1.0516493320465088,60.25506825401707,0.887232780456543
ppo_baseline,10,50045,5,1452,172,129,1,1,0,1,0,11.285098093883528,1.877441417918085,-3.950922925393876,0.945784866809845,1.145034909248352,0.008445420302450657,0.4838869395445219,0.17344209551811218,9.937500063092719,0.09516646713018417
ppo_baseline,10,50045,5,1453,173,49,1,1,0,1,0,-13.789455254960403,-1.7424222384052728,13.796599632832237,2.5662262439727783,1.5982269048690796,0.05633455142378807,3.227732037345759,0.14034290611743927,8.041056205130012,0.1265060007572174
ppo_baseline,10,50045,5,1454,174,163,1,1,0,1,0,-23.142770945889225,-3.896281412033774,66.51381647730987,1.8966938257217407,2.440614700317383,0.19180019199848175,10.989341511311867,0.7450615763664246,42.68888380316021,0.5643309950828552
ppo_baseline,10,50045,5,1455,175,183,1,1,0,1,0,-21.374571573556324,16.254579809444724,60.710723833926956,2.9373080730438232,2.304718255996704,0.1274803876876831,7.304088185195746,0.9918979406356812,56.831565706142406,0.6234293580055237
ppo_baseline,10,50045,5,1456,176,126,1,1,0,1,0,19.804106177695292,-1.2150769929669283,-67.92105401238594,1.077290654182434,1.2995980978012085,0.11710768938064575,6.709776350040011,0.34755563735961914,19.913471166685536,0.2908855080604553
ppo_baseline,10,50045,5,1457,177,138,1,1,0,1,0,19.713524208922582,5.5593505126618386,-55.276570688751455,0.976584792137146,0.4969760477542877,0.10019008070230484,5.740468773317183,0.31429871916770935,18.007990114677256,0.2573394477367401
ppo_baseline,10,50045,5,1458,178,96,1,1,0,1,0,14.605389653210127,0.17063178584525854,-2.4343477220842447,0.3598465025424957,3.0275192260742188,0.021896829828619957,1.2545959338960933,0.07482398301362991,4.2870984330395565,0.059308819472789764
ppo_baseline,10,50045,5,1459,179,209,1,1,0,1,0,-6.8879042684993586,8.310496068829615,29.764625685838247,0.22928602993488312,0.5486348271369934,0.03862006589770317,2.2127667804555107,0.2212797850370407,12.678397774184537,0.14925995469093323
ppo_baseline,10,50045,5,1460,180,189,1,1,0,1,0,-9.874718671789255,-2.3714553402067673,30.182592281908008,0.40441620349884033,0.8825265169143677,0.05460245534777641,3.12849024247912,0.15351100265979767,8.795532561227962,0.13135795295238495
ppo_baseline,10,50045,5,1461,181,64,1,1,0,1,0,-8.036031747221822,-1.2108149549248404,-11.354137646014017,1.2310515642166138,2.7391812801361084,0.012391170486807823,0.709961772121154,0.18792413175106049,10.767259617996194,0.10635323822498322
ppo_baseline,10,50045,5,1462,182,99,1,1,0,1,0,-2.4397025903935345,-4.3539587279379885,53.00187180832709,2.704211473464966,0.6867358088493347,0.04570987820625305,2.6189831032753217,0.062374409288167953,3.5737904018336253,0.07689708471298218
ppo_baseline,10,50045,5,1463,183,17,1,1,0,1,0,2.7491648013084724,-3.4773995706152316,56.68337109172064,24.026676177978516,21.32726287841797,0.03096984699368477,1.774441524904058,0.17505593597888947,10.029966310302706,0.1184978187084198
ppo_baseline,10,50045,5,1464,184,179,1,1,0,1,0,-51.2761015711183,55.609774637221356,-109.40030106825313,10.002335548400879,9.590813636779785,0.3880421221256256,22.233175871098407,0.6987341642379761,40.034518612436926,0.737409234046936
ppo_baseline,10,50045,5,1465,185,150,1,1,0,1,0,13.137991811924588,-3.5593071991420246,-65.43164130521305,0.36003556847572327,0.9323182106018066,0.08520273119211197,4.881756900295669,0.20813187956809998,11.92507828137726,0.18926867842674255
ppo_baseline,10,50045,5,1466,186,151,1,1,0,1,0,-7.878227056637847,2.2719258236213413,-32.3100322838269,0.13734041154384613,0.8633466958999634,0.022728316485881805,1.302236610078638,0.21318680047988892,12.214703915395187,0.12932172417640686
ppo_baseline,10,50045,5,1467,187,129,1,1,0,1,0,18.68864066358383,-1.9660699525881704,-68.93924397233808,0.24577413499355316,0.5447232127189636,0.14521682262420654,8.320311050666923,0.37518972158432007,21.496787563469947,0.3328116834163666
ppo_baseline,10,50045,5,1468,188,26,1,1,0,1,0,-20.30195866629752,1.702410990247338,58.48309861726232,4.644117832183838,7.247413635253906,0.12604397535324097,7.221787820791677,0.5037976503372192,28.865479092930258,0.3779428005218506
ppo_baseline,10,50045,5,1469,189,415,1,1,0,1,0,18.567336503924402,47.375585441799124,-72.65235337121045,4.16699743270874,2.643671989440918,0.3492274582386017,20.009259447153088,1.267346978187561,72.61363302880565,0.9829009771347046
ppo_baseline,10,50045,5,1470,190,94,1,1,0,1,0,5.167557201491567,1.9494042910133393,13.12863445276167,0.9388192296028137,1.4534196853637695,0.043585650622844696,2.4972738280207487,0.12034019827842712,6.894985467121369,0.10375574976205826
ppo_baseline,10,50045,5,1471,191,215,1,1,0,1,0,8.064281409628995,5.239369810425081,-45.413613602712964,1.0951099395751953,0.9295330047607422,0.05874165520071983,3.365648924613949,0.17541055381298065,10.0502844155362,0.14644692838191986
ppo_baseline,10,50045,5,1472,192,161,1,1,0,1,0,43.61732849251297,19.260846591490818,-72.75043488769184,2.3302793502807617,1.2854028940200806,0.3323325216770172,19.04125088703303,1.2763991355895996,73.13228344343057,0.9705320596694946
ppo_baseline,10,50045,5,1473,193,38,1,1,0,1,0,-6.389519025141868,2.073577130124171,-38.9203440040786,2.366913080215454,3.9114749431610107,0.0650162324309349,3.725155718134159,0.2818202078342438,16.147108490401866,0.2059263288974762
ppo_baseline,10,50045,5,1474,194,163,1,1,0,1,0,12.732223933712469,4.604558368585756,-39.187814211976296,1.8952432870864868,1.2126916646957397,0.04639550298452377,2.658266509399827,0.16061623394489288,9.202632326328231,0.12670361995697021
ppo_baseline,10,50045,5,1475,195,174,1,1,0,1,0,22.260802278743817,-4.420512091210592,-73.38373002753542,2.665900707244873,2.595367193222046,0.20242540538311005,11.59812139467698,0.7153971791267395,40.98923903952672,0.5601239800453186
ppo_baseline,10,50045,5,1476,196,161,1,1,0,1,0,-4.284727930510739,2.4134200224673257,-11.713187030303247,0.7291633486747742,0.47385692596435547,0.00584391038864851,0.33483140112221627,0.37426748871803284,21.443947512503435,0.1929776519536972
ppo_baseline,10,50045,5,1477,197,111,1,1,0,1,0,28.772171878678712,-2.8546502428501492,-94.43612157794225,0.6429416537284851,0.6732591986656189,0.2977561354637146,17.060169886196462,1.1386353969573975,65.23900264986202,0.8670738339424133
ppo_baseline,10,50045,5,1478,198,144,1,1,0,1,0,-2.6460289448412797,0.6821856339225335,14.427067074359433,0.5970665216445923,2.2483999729156494,0.036182060837745667,2.0730793800884064,0.12645591795444489,7.245390393242302,0.09941001981496811
ppo_baseline,10,50045,5,1479,199,390,1,1,0,1,0,-6.1256551571259354,6.855884341670339,21.799218094634355,1.3843282461166382,0.6514474749565125,0.020439039915800095,1.171070724474771,0.43664801120758057,25.018088174975436,0.23876304924488068
ppo_baseline,10,50045,5,1480,200,155,1,1,0,1,0,-7.735995197361502,2.3352689979840395,-13.99736621329559,0.542912483215332,0.9976984858512878,0.02920972928404808,1.6735942086956428,0.19627520442008972,11.245740836338621,0.12734733521938324
ppo_baseline,10,50045,5,1481,201,219,1,1,0,1,0,-13.023271954625052,12.59337984826445,48.77107505150277,0.4315357208251953,0.6071478724479675,0.07966002821922302,4.5641834128545185,0.5514858365058899,31.597810893029234,0.35540294647216797
ppo_baseline,10,50045,5,1482,202,197,1,1,0,1,0,-11.544454037047252,4.361294351106582,23.56924795766482,1.8179394006729126,1.7853659391403198,0.04174688085913658,2.3919200810640064,0.25451889634132385,14.582858566685546,0.1690063327550888
ppo_baseline,10,50045,5,1483,203,199,1,1,0,1,0,-3.561110369082908,-4.019498024660804,44.8440441278256,0.5380827188491821,0.5966981053352356,0.07419806718826294,4.251236097915582,0.12800900638103485,7.334375805296521,0.13820257782936096
ppo_baseline,10,50045,5,1484,204,280,1,1,0,1,0,-23.81447906962496,11.510548978007309,62.40952848429253,4.175232887268066,4.156209945678711,0.15584774315357208,8.929417929338552,0.7183787822723389,41.1600723159525,0.5150371193885803
ppo_baseline,10,50045,5,1485,205,126,1,1,0,1,0,-17.245858824067014,11.607141513249628,43.67212027003481,1.3652199506759644,0.5603855848312378,0.07597009092569351,4.352765579267351,0.46838492155075073,26.836479192424175,0.3101625442504883
ppo_baseline,10,50045,5,1486,206,122,1,1,0,1,0,18.680676663011592,-15.053422742006283,-76.40338398035473,4.02811336517334,4.090727806091309,0.2364983856678009,13.55035936042223,0.7290401458740234,41.77092345418342,0.6010184288024902
ppo_baseline,10,50045,5,1487,207,136,1,1,0,1,0,-13.408002850193531,19.001053516220214,58.18399097312912,1.6374542713165283,0.4215276539325714,0.09396576881408691,5.383841971749191,0.5565861463546753,31.890037121573645,0.37225884199142456
ppo_baseline,10,50045,5,1488,208,163,1,1,0,1,0,22.031799696251632,9.857479274324142,-58.75384731596162,2.2166266441345215,0.7656406760215759,0.13574615120887756,7.777681549413383,0.452246755361557,25.91183038070265,0.3618695139884949
ppo_baseline,10,50045,5,1489,209,176,1,1,0,1,0,-28.69609723170311,45.642261015368305,59.2664939943061,9.264120101928711,8.800698280334473,0.3011271357536316,17.253313975546085,1.1121305227279663,63.72038521999055,0.8571923971176147
ppo_baseline,10,50045,5,1490,210,258,1,1,0,1,0,4.939374241699781,4.217286642646033,-13.212714081444526,0.36086615920066833,0.8823754191398621,0.019810903817415237,1.1350811770775044,0.06486760079860687,3.716639752899622,0.052244704216718674
ppo_baseline,10,50045,5,1491,211,15,1,1,0,1,0,9.039837328781916,15.583609346139353,-47.65653844311843,14.593114852905273,18.294981002807617,0.11578942090272903,6.634245129990249,0.32738161087036133,18.75758459306594,0.2794802188873291
ppo_baseline,10,50045,5,1492,212,120,1,1,0,1,0,-8.199956287302129,-0.45528674969470995,7.478128235436841,0.896371066570282,0.8571410775184631,0.06104522943496704,3.4976340060313946,0.14346487820148468,8.219932029303477,0.13277766108512878
ppo_baseline,10,50045,5,1493,213,94,1,1,0,1,0,-4.89048374762083,-1.953010630895106,19.8193648203011,1.092235803604126,2.746087074279785,0.06909433007240295,3.958813501432533,0.10189809650182724,5.838330869971479,0.12004338204860687
ppo_baseline,10,50045,5,1494,214,325,1,1,0,1,0,9.359353578155112,4.718431282428209,-20.16852409067215,0.9426805377006531,1.555679202079773,0.022973107174038887,1.3162620833741419,0.06378459930419922,3.6545883380637028,0.05486540496349335
ppo_baseline,10,50045,5,1495,215,184,1,1,0,1,0,-6.499184542455593,-4.398272995273031,55.05956191844181,1.7068572044372559,1.75584876537323,0.09265313297510147,5.308633478137711,0.22653406858444214,12.979446045815665,0.20592015981674194
ppo_baseline,10,50045,5,1496,216,72,1,1,0,1,0,1.5275308267383316,-2.4733071211099973,12.238018766127027,3.078310489654541,2.030275821685791,0.011996082961559296,0.687324924386145,0.18116679787635803,10.38009290621496,0.10257948189973831
ppo_baseline,10,50045,5,1497,217,147,1,1,0,1,0,-6.5142656001429815,3.517315196124786,5.928986690164589,1.0070823431015015,0.574982762336731,0.03126957267522812,1.7916145414681741,0.18339970707893372,10.50802917955847,0.12296942621469498
ppo_baseline,10,50045,5,1498,218,187,1,1,0,1,0,10.0711139311838,3.5405514996811696,-23.41384749366869,0.9037522077560425,0.2602895498275757,0.029677219688892365,1.7003794358560824,0.10358593612909317,5.935036957108751,0.08147019147872925
ppo_baseline,10,50045,5,1499,219,78,1,1,0,1,0,-3.454450135003989,0.9490957663082918,-12.541443089815672,1.7257992029190063,1.2957133054733276,0.021466681733727455,1.22995026349316,0.2798203229904175,16.03252352933844,0.16137684881687164
ppo_baseline,10,50045,5,1500,220,70,1,1,0,1,0,-7.798887579238979,1.1337704210870967,6.109098778577825,1.0690836906433105,1.8346104621887207,0.04076202213764191,2.3354918329057113,0.1496366709470749,8.573549705655255,0.11558035761117935
ppo_baseline,10,50045,5,1501,221,155,1,1,0,1,0,-21.166769898247857,43.88236715306614,70.27430006826545,2.2969493865966797,0.6525545120239258,0.2931618392467499,16.796936103131465,1.1602821350097656,66.47926938048795,0.8733029365539551
ppo_baseline,10,50045,5,1502,222,177,1,1,0,1,0,-3.853059974965933,1.9724766700296423,8.27597629276437,0.7052585482597351,0.5643591284751892,0.020406974479556084,1.1692335103097433,0.15863539278507233,9.089138487984714,0.0997246727347374
ppo_baseline,10,50045,5,1503,223,188,1,1,0,1,0,10.128050388105027,3.421351038286107,-58.07793179569716,1.559535026550293,1.1631723642349243,0.08813436329364777,5.049727046798738,0.18191103637218475,10.422734630976997,0.17908987402915955
ppo_baseline,10,50045,5,1504,224,68,1,0,1,0,1,nan,nan,nan,nan,nan,nan,nan,nan,nan,nan
ppo_baseline,10,50045,5,1505,225,140,1,1,0,1,0,8.346887316727443,-7.7512401795889705,-65.11056777270909,1.9770475625991821,0.4775092899799347,0.07183957099914551,4.116104220281464,0.24008809030056,13.756034285577885,0.1918836236000061
ppo_baseline,10,50045,5,1506,226,131,1,1,0,1,0,3.3175594836585933,5.8653976289917695,16.22536026017541,0.49424776434898376,1.1148566007614136,0.03421575948596001,1.9604186113802196,0.1429930180311203,8.192896433021273,0.10571226477622986
ppo_baseline,10,50045,5,1507,227,180,1,1,0,1,0,1.7758082030682951,4.936286996194935,23.67092215364963,0.1545250117778778,1.2383371591567993,0.0284012109041214,1.627269517867089,0.13834668695926666,7.926681272383564,0.09757455438375473
ppo_baseline,10,50045,5,1508,228,72,1,1,0,1,0,14.56403968797487,1.6013105301528094,-6.671523875593355,0.9229493737220764,2.6928699016571045,0.009678201749920845,0.5545201135465923,0.14901763200759888,8.538081387069024,0.08418701589107513
ppo_baseline,10,50045,5,1509,229,94,1,1,0,1,0,-4.662956485989365,-0.361030139148534,-15.269803134912287,1.4593970775604248,2.416433095932007,0.008415644988417625,0.4821809397167525,0.24745845794677734,14.178325245165908,0.13214486837387085
ppo_baseline,10,50045,5,1510,230,68,1,1,0,1,0,6.873875059944153,2.361223716830088,15.463193111072027,0.5960766077041626,3.3307454586029053,0.04329497367143631,2.4806192655033192,0.11499664932489395,6.588822664462371,0.10079330205917358
ppo_baseline,10,50045,5,1511,231,95,1,1,0,1,0,-1.1893954816876804,-6.96352812298974,47.30477004048443,5.2434587478637695,4.532334804534912,0.08075959235429764,4.627183797098247,0.09471061825752258,5.426518701230723,0.12811490893363953
ppo_baseline,10,50045,5,1512,232,126,1,1,0,1,0,12.278357863365121,0.3558255350009843,-30.683736921690183,1.1552428007125854,0.8972108364105225,0.051229074597358704,2.935209762789511,0.09610544890165329,5.5064366102749265,0.09928180277347565
ppo_baseline,10,50045,5,1513,233,116,1,1,0,1,0,-12.57182377124389,-3.0348033123984055,27.60287081352921,2.052778959274292,0.8687460422515869,0.06378006935119629,3.654328790875242,0.29150035977363586,16.70174034157441,0.20953024923801422
ppo_baseline,10,50045,5,1514,234,61,1,1,0,1,0,-5.285268681647567,-0.6013981564196227,-7.911339813734069,1.9925329685211182,2.189741849899292,0.008723399601876736,0.49981398019363954,0.2088557928800583,11.966555458885809,0.11315129697322845
ppo_baseline,10,50045,5,1515,235,181,1,1,0,1,0,2.8049947675841564,2.905439529518364,-9.565447706171078,0.6864189505577087,0.7362464070320129,0.02180744893848896,1.2494747861224647,0.08471076190471649,4.85356913647785,0.06416282802820206
ppo_baseline,10,50045,5,1516,236,170,1,1,0,1,0,-33.01539957979246,15.10015489630751,62.34237406437296,2.3977890014648438,1.6667015552520752,0.1945626139640808,11.147616631174927,1.2591440677642822,72.1436408818279,0.8241346478462219
ppo_baseline,10,50045,5,1517,237,56,1,1,0,1,0,-5.2549972832460705,-1.8236195272583844,-32.44871244473484,1.5384304523468018,2.1831421852111816,0.026318108662962914,1.507916551154465,0.2427586168050766,13.909044183364509,0.14769741892814636
ppo_baseline,10,50045,5,1518,238,81,1,1,0,1,0,-21.454402824575432,0.7579460921963149,61.28577112052867,1.836344599723816,1.0277308225631714,0.12678655982017517,7.264334776678979,0.5299420356750488,30.363442030751603,0.3917575776576996
ppo_baseline,10,50045,5,1519,239,202,1,1,0,1,0,-2.452816553599959,3.526658894909364,-5.8712442709213,0.07663356512784958,1.0324344635009766,0.024519523605704308,1.4048652182782513,0.15171293914318085,8.692511110429367,0.10037599503993988
ppo_baseline,10,50045,5,1520,240,210,1,1,0,1,0,-0.3743080268950388,13.183754079363672,46.94036578788591,0.8021367788314819,0.8998830318450928,0.05251627042889595,3.0089606513434277,0.23603641986846924,13.523890669841137,0.17053447663784027
ppo_baseline,10,50045,5,1521,241,262,1,1,0,1,0,2.0083898046855695,4.40314975034042,-5.952496201287772,0.6657567024230957,0.6896426677703857,0.019660623744130135,1.1264707631333513,0.09875328093767166,5.658146210798311,0.06903726607561111
ppo_baseline,10,50045,5,1522,242,126,1,1,0,1,0,5.277400303723712,-0.30731753151555374,-25.655187730186714,0.5518876910209656,0.6806959509849548,0.039342209696769714,2.254142572343567,0.083086758852005,4.76052061564112,0.08088558912277222
ppo_baseline,10,50045,5,1523,243,125,1,1,0,1,0,-10.242783905782902,1.174191480595232,4.140897806968611,0.40418922901153564,0.7142574787139893,0.02569413371384144,1.4721654200479142,0.16862770915031433,9.661656043272584,0.11000798642635345
ppo_baseline,10,50045,5,1524,244,129,1,1,0,1,0,-8.991274683783125,-7.968330912168656,71.00862736631186,1.947303056716919,1.6364885568618774,0.10043160617351532,5.754307163462451,0.3136690557003021,17.97191305548125,0.2572661340236664
ppo_baseline,10,50045,5,1525,245,150,1,1,0,1,0,-16.04303519047109,25.946645562449497,67.00108217269859,0.46207982301712036,0.7533433437347412,0.16469049453735352,9.436070262912695,0.9679899215698242,55.4617371171505,0.6486854553222656
ppo_baseline,10,50045,5,1526,246,88,1,1,0,1,0,-4.06594331101689,1.5214656187553603,4.8848966528797595,0.6099604964256287,1.999718427658081,0.04641715809702873,2.659507255951242,0.12846648693084717,7.360587510010091,0.11065040528774261
ppo_baseline,10,50045,5,1527,247,175,1,1,0,1,0,4.689949393589256,1.861895907367136,-18.143618888573492,0.32455378770828247,0.17928031086921692,0.03179297596216202,1.8216033407927612,0.08003993332386017,4.585950371965702,0.0718129426240921
ppo_baseline,10,50045,5,1528,248,96,1,1,0,1,0,12.016297165290073,-2.0602719216209864,-31.532264982659207,1.749709129333496,1.4950051307678223,0.054707422852516174,3.134504437486728,0.040944281965494156,2.345934551816426,0.0751795619726181
ppo_baseline,10,50045,5,1529,249,246,1,1,0,1,0,28.431495703256818,-3.1908048330414966,-84.87363817387094,9.181917190551758,8.00672721862793,0.2856953740119934,16.369139157298765,1.0390373468399048,59.53245473039723,0.8052140474319458
ppo_baseline,10,50045,5,1530,250,137,1,1,0,1,0,10.952522522817267,3.628073543705713,-0.43654471061219496,0.8375886678695679,1.0191245079040527,0.004557487554848194,0.2611248020761988,0.08922318369150162,5.11211186024352,0.04916907846927643
ppo_baseline,10,50045,5,1531,251,23,1,1,0,1,0,-0.8295811162114087,-2.805418239312697,6.2931587163313285,12.273664474487305,14.863134384155273,0.035747602581977844,2.048186755658295,0.13948994874954224,7.992185347844925,0.10549257695674896
ppo_baseline,10,50045,5,1532,252,143,1,1,0,1,0,-10.41326542746642,-0.6641266137570199,19.640195297993326,0.6144754886627197,0.3195994794368744,0.04730645567178726,2.7104602537161258,0.33799850940704346,19.365888070736442,0.2163057029247284
ppo_baseline,10,50045,5,1533,253,219,1,1,0,1,0,43.444292480079866,45.79671891325898,94.00404381104723,3.416097640991211,2.2782094478607178,0.34313544631004333,19.66021287490334,0.7541297078132629,43.20844946313391,0.7202003002166748
ppo_baseline,10,50045,5,1534,254,49,1,1,0,1,0,-5.114404669370528,0.7955940949014253,12.508753804447991,15.230303764343262,15.575885772705078,0.019354991614818573,1.1089593320402023,0.1786450892686844,10.23560964583345,0.10867753624916077
ppo_baseline,10,50045,5,1535,255,101,1,1,0,1,0,2.852355299289025,1.5565318099542058,2.9157940963001034,1.6681122779846191,0.6996906399726868,0.02658643200993538,1.5232903464808116,0.13333410024642944,7.639481209294637,0.0932534784078598
ppo_baseline,10,60052,6,1536,0,160,1,1,0,1,0,-2.6570665305400203,6.618562588769076,-31.514615773843893,1.0518244504928589,1.8016395568847656,0.05522088333964348,3.163923556345854,0.2178940773010254,12.484411010246067,0.16416792571544647
ppo_baseline,10,60052,6,1537,1,121,1,1,0,1,0,-2.6489795865627253,-0.34103134525873663,19.372096712691985,0.35964223742485046,0.16281169652938843,0.058800108730793,3.3689980651847824,0.0912221223115921,5.226642606680409,0.10441116988658905
ppo_baseline,10,60052,6,1538,2,138,1,1,0,1,0,-56.816204610699046,9.62536212557043,-88.37725201052069,4.692112922668457,3.080784797668457,0.27457743883132935,15.732128394546695,0.6532325148582458,37.427466142094325,0.6011936664581299
ppo_baseline,10,60052,6,1539,3,100,1,1,0,1,0,3.14967343385968,-0.12820265072113934,-12.676626193868566,1.227825403213501,0.8911007046699524,0.04709014296531677,2.6980664485803145,0.11196979880332947,6.4153969043597545,0.1030750423669815
ppo_baseline,10,60052,6,1540,4,149,1,1,0,1,0,-3.9956743248357993,1.3581831164570355,8.627102657616385,0.8593388199806213,0.3307532072067261,0.06234181299805641,3.57192277198245,0.12473039329051971,7.14652511255366,0.12470701336860657
ppo_baseline,10,60052,6,1541,5,119,1,1,0,1,0,15.254681096089879,7.923319965538272,-52.76344356478028,12.249992370605469,10.790393829345703,0.12089327722787857,6.926674556662467,0.30530843138694763,17.492884568231574,0.273547500371933
ppo_baseline,10,60052,6,1542,6,97,1,1,0,1,0,40.00790136524139,19.89457886344128,-74.44137116013356,3.600287437438965,4.096480369567871,0.2852480411529541,16.343508872438292,1.0885262489318848,62.36795995300383,0.8295111656188965
ppo_baseline,10,60052,6,1543,7,228,1,1,0,1,0,10.45038067541627,6.19218119964186,-46.836751818176815,1.9919790029525757,1.2910312414169312,0.06786263734102249,3.888242706267492,0.21155692636966705,12.121319007741835,0.17364110052585602
ppo_baseline,10,60052,6,1544,8,114,1,1,0,1,0,-6.4745958614435475,-0.4927708278597399,-30.74171156736525,0.9108691811561584,1.2142466306686401,0.023249506950378418,1.332098624016757,0.23172135651111603,13.276655751133246,0.13911017775535583
ppo_baseline,10,60052,6,1545,9,227,1,1,0,1,0,12.966390139217186,-1.0122476953742297,-40.182125830590074,1.5268300771713257,0.9295079708099365,0.05056167021393776,2.89697030839096,0.10651419311761856,6.102813723880944,0.10381876677274704
ppo_baseline,10,60052,6,1546,10,77,1,1,0,1,0,-11.003339130242162,3.10676618549366,-11.110764345508121,0.9402746558189392,1.7474843263626099,0.04746019467711449,2.7192688498679147,0.21845117211341858,12.516330191784828,0.15668578445911407
ppo_baseline,10,60052,6,1547,11,141,1,1,0,1,0,-14.703498490448188,1.0635697367977055,19.366509617950914,1.694322943687439,1.3867594003677368,0.03417367860674858,1.958007554603205,0.18675610423088074,10.700336570734763,0.12755173444747925
ppo_baseline,10,60052,6,1548,12,138,1,1,0,1,0,17.747140067632593,-13.802897067246988,-79.96628385900019,4.507153034210205,3.2605295181274414,0.22326813638210297,12.792321914445765,0.7568421363830566,43.363860172413794,0.6016892194747925
ppo_baseline,10,60052,6,1549,13,1,1,1,0,1,0,-1.3379111150004377,-17.24886410730182,70.9543410227886,21.03529930114746,23.327707290649414,0.12971389293670654,7.432058609485105,0.5437226295471191,31.15301189880508,0.4015752077102661
ppo_baseline,10,60052,6,1550,14,176,1,1,0,1,0,-2.2429385007838074,5.6621858408055505,-14.953100923477136,0.43408387899398804,0.36292439699172974,0.05391478165984154,3.0890894424782553,0.17693164944648743,10.137436775571917,0.14238061010837555
ppo_baseline,10,60052,6,1551,15,82,1,1,0,1,0,-10.400588596366877,-0.9508852758708352,27.011977488053066,2.7104544639587402,1.2215681076049805,0.060808468610048294,3.4840686100095146,0.15262173116207123,8.74458105756696,0.1371193379163742
ppo_baseline,10,60052,6,1552,16,227,1,1,0,1,0,14.765325362815144,6.795000035408846,-64.58469784813147,2.5096628665924072,1.524048089981079,0.12581931054592133,7.208915475527141,0.3849911391735077,22.05836742457569,0.31831488013267517
ppo_baseline,10,60052,6,1553,17,124,1,1,0,1,0,-20.668712503970525,21.58021490908707,64.40096575945813,1.191525936126709,0.6142147183418274,0.1385551393032074,7.938624711920978,0.819908857345581,46.97731711129568,0.5485095977783203
ppo_baseline,10,60052,6,1554,18,175,1,1,0,1,0,-32.29680903759375,9.849952405858788,67.22642377379564,8.479727745056152,7.739177227020264,0.25974711775779724,14.882413588209381,1.0997930765151978,63.013501622029246,0.8096436262130737
ppo_baseline,10,60052,6,1555,19,129,1,1,0,1,0,-0.3532710442513995,-0.6894802759561072,27.27040452548967,0.7687620520591736,0.788663923740387,0.05049676448106766,2.8932514838312993,0.07779667526483536,4.457421152824872,0.08939510583877563
ppo_baseline,10,60052,6,1556,20,74,1,1,0,1,0,12.901831191182225,-1.9403337997955623,-16.33258056976627,1.297344446182251,2.466677665710449,0.03843368962407112,2.2020882065750187,0.042731814086437225,2.4483525980905325,0.059799596667289734
ppo_baseline,10,60052,6,1557,21,81,1,1,0,1,0,-8.307108295001289,1.803497789963527,-5.485693752652421,1.592914342880249,2.5113613605499268,0.02404690533876419,1.3777861862617953,0.15965215861797333,9.147394878963045,0.10387298464775085
ppo_baseline,10,60052,6,1558,22,131,1,1,0,1,0,11.924936554951982,2.147479776943709,-7.229905500620237,0.9034519791603088,1.1419514417648315,0.018022391945123672,1.0326069951861567,0.18354544043540955,10.51637908581881,0.10979510843753815
ppo_baseline,10,60052,6,1559,23,107,1,1,0,1,0,12.949697156885675,-2.42675255172719,-42.330247645315765,4.7173895835876465,2.1792972087860107,0.040601421147584915,2.3262900739898233,0.04731074348092079,2.7107059270828344,0.06425679475069046
ppo_baseline,10,60052,6,1560,24,144,1,1,0,1,0,8.04604480454506,1.4182068188831076,10.794649530341593,1.1483720541000366,0.6561762094497681,0.041224632412195206,2.3619974491970037,0.10861123353242874,6.222965289117931,0.09553024917840958
ppo_baseline,10,60052,6,1561,25,147,1,1,0,1,0,-11.519537506955045,1.0549773588218294,-11.38320693112159,1.1849164962768555,1.2809585332870483,0.01587149314582348,0.9093695718264994,0.17094621062278748,9.794496392440163,0.10134460031986237
ppo_baseline,10,60052,6,1562,26,246,1,1,0,1,0,21.442818823743092,8.577884314457274,-66.13679003512517,2.0139341354370117,1.7482177019119263,0.18280497193336487,10.473953365789276,0.7067410349845886,40.49327851332459,0.5361754894256592
ppo_baseline,10,60052,6,1563,27,153,1,1,0,1,0,9.181727678599762,4.054605196994669,-32.11889627009326,1.0075294971466064,0.6359944939613342,0.04743235558271408,2.717673787253305,0.09819105267524719,5.625932904238415,0.09652788192033768
ppo_baseline,10,60052,6,1564,28,266,1,1,0,1,0,19.012050120783933,-19.923456903252095,-86.94285764330465,12.909187316894531,11.049168586730957,0.25132134556770325,14.399652402578294,0.8303178548812866,47.573708739053686,0.666480302810669
ppo_baseline,10,60052,6,1565,29,282,1,1,0,1,0,-72.07080374451888,59.13232175825037,-130.4152631820083,7.555062770843506,6.555447101593018,0.8498895168304443,48.69508236679721,0.916990339756012,52.53967632228691,1.308384656906128
ppo_baseline,10,60052,6,1566,30,118,1,1,0,1,0,-3.3374626549000106,-1.9446504793510104,20.239926888255464,0.6403173804283142,1.667618989944458,0.06270045042037964,3.5924711826570217,0.08147518336772919,4.668184142025363,0.10343804210424423
ppo_baseline,10,60052,6,1567,31,132,1,1,0,1,0,-12.637666794842813,-3.292765896971447,33.671070419357,2.300081253051758,0.38586270809173584,0.06125248968601227,3.509509143677108,0.22844833135604858,13.08912522350773,0.17547665536403656
ppo_baseline,10,60052,6,1568,32,206,1,1,0,1,0,-13.24183800806546,14.603354256837463,59.937464457611476,0.9159382581710815,0.563835620880127,0.0981748104095459,5.625002290964001,0.6464424133300781,37.03842198206498,0.42139601707458496
ppo_baseline,10,60052,6,1569,33,175,1,1,0,1,0,-0.178363559985713,71.15738888643475,-81.065452541752,10.115812301635742,9.321615219116211,1.2577992677688599,72.06658951780099,0.4211265742778778,24.12877534692497,1.46836256980896
ppo_baseline,10,60052,6,1570,34,124,1,1,0,1,0,24.02408391487431,-2.4068630408641134,-89.50570854443352,1.5778164863586426,0.8710814118385315,0.20541924238204956,11.769655619266327,0.7111594080924988,40.74643264472194,0.5609989166259766
ppo_baseline,10,60052,6,1571,35,64,1,0,1,0,1,nan,nan,nan,nan,nan,nan,nan,nan,nan,nan
ppo_baseline,10,60052,6,1572,36,83,1,0,1,0,1,nan,nan,nan,nan,nan,nan,nan,nan,nan,nan
ppo_baseline,10,60052,6,1573,37,273,1,1,0,1,0,5.15307720045114,3.5742653134243527,-45.286681367177444,2.520334005355835,1.158816933631897,0.04776346683502197,2.736645064559839,0.0640016421675682,3.66702397810818,0.07976429164409637
ppo_baseline,10,60052,6,1574,38,361,1,1,0,1,0,-22.971087310911784,-0.5699792862375641,72.99102147101637,15.487688064575195,13.270686149597168,0.21543347835540771,12.343429075587833,0.9505760073661804,54.46399332847879,0.6907215118408203
ppo_baseline,10,60052,6,1575,39,171,1,1,0,1,0,10.261047831623516,-2.8689663193504957,-64.6705396656202,2.2542974948883057,1.431917667388916,0.11219662427902222,6.428393046802996,0.21855075657367706,12.522035961062729,0.22147199511528015
ppo_baseline,10,60052,6,1576,40,159,1,1,0,1,0,1.3005499802404679,-9.709592018415027,62.654377105659144,1.6361196041107178,1.2818523645401,0.11276169866323471,6.460769424129325,0.28255125880241394,16.18899462548697,0.2540373206138611
ppo_baseline,10,60052,6,1577,41,70,1,1,0,1,0,-3.592857088345127,-1.6978894050167896,26.218937883901226,0.39401718974113464,2.109956741333008,0.06733167171478271,3.857820616817432,0.06616143882274628,3.7907712110563554,0.10041239112615585
ppo_baseline,10,60052,6,1578,42,63,1,1,0,1,0,-11.72602778594287,23.341146960143075,72.2292368125065,5.585908889770508,6.235548973083496,0.16103380918502808,9.22655762521714,0.8678503036499023,49.724159648286346,0.5949589610099792
ppo_baseline,10,60052,6,1579,43,98,1,1,0,1,0,-10.701116919847438,-4.493895643653209,11.395706177302714,2.2137064933776855,1.2253082990646362,0.044779542833566666,2.5656788128886614,0.1135820522904396,6.5077722246764145,0.10157056897878647
ppo_baseline,10,60052,6,1580,44,56,1,0,1,0,1,nan,nan,nan,nan,nan,nan,nan,nan,nan,nan
ppo_baseline,10,60052,6,1581,45,82,1,1,0,1,0,3.593184937425288,-3.8455740876355993,-39.942085662399144,1.5748480558395386,3.128415584564209,0.05586504191160202,3.2008311238562523,0.1316085159778595,7.54061251351141,0.12166929990053177
ppo_baseline,10,60052,6,1582,46,137,1,1,0,1,0,11.145530008383487,-4.929661712700023,-51.71711322544769,0.6097449660301208,0.4772440493106842,0.06947413831949234,3.9805749110150166,0.11978551745414734,6.8632045969133,0.1293669044971466
ppo_baseline,10,60052,6,1583,47,134,1,1,0,1,0,17.790457127348812,1.09817147513299,-65.70566849471396,1.220842719078064,0.7454939484596252,0.12556250393390656,7.194201540507642,0.3230142593383789,18.507353782633352,0.2870696187019348
ppo_baseline,10,60052,6,1584,48,121,1,1,0,1,0,12.016529391721853,-5.16380059744806,-55.97133753112515,1.7811729907989502,0.3616761565208435,0.07599113136529922,4.353971107655859,0.1403406411409378,8.040926431535782,0.14616145193576813
ppo_baseline,10,60052,6,1585,49,138,1,1,0,1,0,12.409442853916007,2.900644736721015,-8.412675698813006,0.9095785617828369,1.6899994611740112,0.013211118057370186,0.7569413073363827,0.10866948962211609,6.2263031171879515,0.06754586100578308
ppo_baseline,10,60052,6,1586,50,106,1,1,0,1,0,-14.378108278388781,5.455244769332504,35.26257279786167,2.082491397857666,0.6689623594284058,0.05007113888859749,2.8688649337300034,0.38105639815330505,21.832923370641076,0.24059933423995972
ppo_baseline,10,60052,6,1587,51,50,1,1,0,1,0,-7.594910809865719,-2.210481441847907,-46.11608489847043,0.36833032965660095,2.689706802368164,0.040832556784152985,2.339533170460243,0.2665458619594574,15.271952936953548,0.17410549521446228
ppo_baseline,10,60052,6,1588,52,124,1,1,0,1,0,-3.6748739998986406,-0.726308655960816,17.733848519507745,1.0563396215438843,0.228428453207016,0.0668826475739479,3.8320934286481094,0.10497479885816574,6.0146129298076305,0.11937004327774048
ppo_baseline,10,60052,6,1589,53,171,1,1,0,1,0,4.714811282168102,-0.2066132223928857,-36.02336024875271,0.7209787368774414,0.5838419198989868,0.044950809329748154,2.575491660291854,0.045762598514556885,2.62200375443576,0.0678321123123169
ppo_baseline,10,60052,6,1590,54,133,1,1,0,1,0,1.045619999658912,8.146175377777448,38.7073787057576,0.7701200246810913,1.3358738422393799,0.040691863745450974,2.331472053135747,0.17676173150539398,10.127701194683711,0.12907272577285767
ppo_baseline,10,60052,6,1591,55,169,1,1,0,1,0,26.694728861484315,-6.284388753437032,-68.55899368086513,5.725677967071533,5.2850542068481445,0.25014880299568176,14.332470661902049,0.8649061918258667,49.555474466354546,0.6826019287109375
ppo_baseline,10,60052,6,1592,56,1,1,1,0,1,0,13.951139492992946,14.188666151569308,-41.37407580302734,17.398590087890625,20.90625,0.06616204977035522,3.7908062157758518,0.5677706003189087,32.53085912988258,0.35004734992980957
ppo_baseline,10,60052,6,1593,57,373,1,1,0,1,0,10.887307876621986,11.875813834441251,-52.46805154355557,1.5873496532440186,1.0277190208435059,0.0865510031580925,4.95900719358216,0.35575032234191895,20.382992030610552,0.26442617177963257
ppo_baseline,10,60052,6,1594,58,96,1,1,0,1,0,7.160824967354729,5.4284704277860545,41.63788502952991,1.7518858909606934,1.6747108697891235,0.04453709349036217,2.551787488777325,0.12074661254882812,6.918271289549235,0.10491040349006653
ppo_baseline,10,60052,6,1595,59,72,1,1,0,1,0,10.262222624160758,60.96652807872228,-69.26343207110357,3.362063407897949,5.8747172355651855,0.6156721711158752,35.27541696859588,0.9381682276725769,53.75307991890718,1.0847562551498413
ppo_baseline,10,60052,6,1596,60,99,1,1,0,1,0,0.4048389724849958,-2.573355732072344,-31.28725243675251,0.5612671375274658,2.0538792610168457,0.033672165125608444,1.9292729487649614,0.409207284450531,23.445850345024784,0.23827581107616425
ppo_baseline,10,60052,6,1597,61,138,1,1,0,1,0,9.629268993775677,3.9452811891394455,17.459247594116555,0.6078349947929382,1.7367315292358398,0.02205267921090126,1.263525445740533,0.11114712804555893,6.368261342010673,0.07762624323368073
ppo_baseline,10,60052,6,1598,62,58,1,1,0,1,0,0.41971512449728354,-3.5019882516272776,-34.57027848396752,2.747035503387451,4.3219194412231445,0.009382527321577072,0.5375792166925508,0.10585756599903107,6.065191761272044,0.062311310321092606
ppo_baseline,10,60052,6,1599,63,227,1,1,0,1,0,-40.13966937470928,82.27264749641674,-105.7545100138404,2.3754146099090576,1.9765746593475342,2.792829990386963,160.01737134673525,0.5871545076370239,33.641475209683335,3.08640718460083
ppo_baseline,10,60052,6,1600,64,284,1,1,0,1,0,-7.968385553682015,22.397515345170792,64.70892532875567,1.5039759874343872,1.3728446960449219,0.1300661712884903,7.452242672256139,0.57215416431427,32.78201884604229,0.4161432385444641
ppo_baseline,10,60052,6,1601,65,87,1,1,0,1,0,-10.02727777709066,1.7996455632716397,-5.646667651011281,0.8285709023475647,2.047203540802002,0.0025226338766515255,0.1445362743888579,0.15419034659862518,8.834456101760571,0.07961780577898026
ppo_baseline,10,60052,6,1602,66,229,1,1,0,1,0,12.601780980943566,2.1980504975584836,-53.66688634667621,1.1060113906860352,0.5658535957336426,0.08631053566932678,4.945229421365775,0.18367327749729156,10.523703609930003,0.17814716696739197
ppo_baseline,10,60052,6,1603,67,183,1,1,0,1,0,10.049434910758182,-8.46879253303383,62.33871308297784,1.8706411123275757,1.710106372833252,0.09690222889184952,5.5520887409136455,0.24555037915706635,14.069000383537038,0.2196774184703827
ppo_baseline,10,60052,6,1604,68,203,1,1,0,1,0,-26.08106368531535,-1.6925345367074998,71.56110770789586,4.767646312713623,3.644763708114624,0.21616441011428833,12.385308380483767,0.9094903469085693,52.10995838575014,0.670909583568573
ppo_baseline,10,60052,6,1605,69,142,1,1,0,1,0,-24.866874616940525,7.811564410338523,75.42934436319756,2.531862497329712,0.2023249864578247,0.14250634610652924,8.165012185734696,0.7283239960670471,41.729891092744566,0.5066683292388916
ppo_baseline,10,60052,6,1606,70,155,1,1,0,1,0,28.2183528200174,49.21767380057322,93.87935187755947,4.208125114440918,2.908503293991089,0.3254563510417938,18.64727533042294,0.6074629426002502,34.805062821592124,0.629187822341919
ppo_baseline,10,60052,6,1607,71,100,1,1,0,1,0,-4.221890190146621,-4.348385293575258,-54.71731479951081,1.9177565574645996,2.060708522796631,0.03583699092268944,2.0533083303187465,0.2319880872964859,13.291938299401151,0.1518310308456421
ppo_baseline,10,60052,6,1608,72,141,1,1,0,1,0,-4.075724141908349,6.205623011928445,-30.46249343409513,0.48534753918647766,0.6607252955436707,0.05305105447769165,3.0396015202903395,0.22437427937984467,12.855699239754314,0.16523820161819458
ppo_baseline,10,60052,6,1609,73,79,1,0,1,0,1,nan,nan,nan,nan,nan,nan,nan,nan,nan,nan
ppo_baseline,10,60052,6,1610,74,127,1,1,0,1,0,-4.239812606528735,-0.3265513442183096,-23.523130520388893,1.060855746269226,1.4941864013671875,0.012412666343152523,0.7111933939667248,0.20450596511363983,11.717328686261213,0.11466564983129501
ppo_baseline,10,60052,6,1611,75,166,1,1,0,1,0,-29.045475068127605,43.3142729990395,63.60910094784353,5.478360652923584,4.410611629486084,0.2828720211982727,16.20737295699618,1.2536535263061523,71.82905602903546,0.9096987843513489
ppo_baseline,10,60052,6,1612,76,113,1,1,0,1,0,10.788652624250322,-2.7293026112020753,-49.44927185495001,3.027768135070801,1.1583300828933716,0.0289781354367733,1.6603248586856005,0.0433913953602314,2.4861438213248017,0.05067383497953415
ppo_baseline,10,60052,6,1613,77,86,1,1,0,1,0,-10.22628216874815,1.571148414778033,5.796303435347921,1.4064056873321533,2.05674409866333,0.04125238209962845,2.3635873891697354,0.11882459372282028,6.808147722674296,0.10066467523574829
ppo_baseline,10,60052,6,1614,78,235,1,1,0,1,0,6.172906405804084,4.884992275528139,-0.9244934249179059,0.6804666519165039,0.8506540060043335,0.03186630457639694,1.8258047609059653,0.12876898050308228,7.377919115028998,0.09625079482793808
ppo_baseline,10,60052,6,1615,79,90,1,1,0,1,0,-12.544448373050479,-1.3417360209356448,-3.5811638044860654,2.580482006072998,1.0073992013931274,0.04864078015089035,2.7869114148697247,0.1886959820985794,10.811483385324735,0.14298877120018005
ppo_baseline,10,60052,6,1616,80,154,1,1,0,1,0,36.082564328478384,44.42793534321008,-61.110808994749625,2.9113786220550537,2.2949256896972656,0.3108411729335785,17.809887307990206,1.1289875507354736,64.68622177995454,0.8753349781036377
ppo_baseline,10,60052,6,1617,81,171,1,1,0,1,0,2.1389830216162133,-6.0262622443239104,53.11705611849018,1.3173364400863647,1.0372987985610962,0.08271801471710205,4.739393132990978,0.13978461921215057,8.00906872169955,0.15261033177375793
ppo_baseline,10,60052,6,1618,82,110,1,1,0,1,0,-6.343948002999543,1.3124891509096501,-13.239597706017696,1.6798954010009766,0.6924415826797485,0.013770593330264091,0.7889968792151334,0.16155506670475006,9.256423481136666,0.09454812854528427
ppo_baseline,10,60052,6,1619,83,201,1,1,0,1,0,-7.356673811615674,-2.4195398719636567,48.61631662528862,0.9363099336624146,0.6992670893669128,0.07597437500953674,4.353011039190649,0.21186049282550812,12.138712084463272,0.1819046139717102
ppo_baseline,10,60052,6,1620,84,165,1,1,0,1,0,-9.808219950030011,-3.7618086476545627,52.48518165799396,1.4239317178726196,1.1399855613708496,0.06940001249313354,3.9763278140117384,0.20055367052555084,11.490878886971318,0.16967684030532837
ppo_baseline,10,60052,6,1621,85,224,1,1,0,1,0,11.410473046288281,5.259109057126418,-48.794939732462794,1.9543591737747192,1.8886600732803345,0.07302383333444595,4.1839574539304865,0.15152296423912048,8.681626350213305,0.1487853229045868
ppo_baseline,10,60052,6,1622,86,94,1,1,0,1,0,7.840783959607838,-3.062451918158617,-64.76496020070644,4.049570083618164,4.266997337341309,0.07170943915843964,4.108648215028749,0.129018172621727,7.392196771715264,0.13621851801872253
ppo_baseline,10,60052,6,1623,87,99,1,1,0,1,0,-2.1519603810392374,-2.542811126104047,-41.219440320218254,6.084917068481445,4.395151615142822,0.008792977780103683,0.5038005161522527,0.11901146918535233,6.818854897971938,0.06829871237277985
ppo_baseline,10,60052,6,1624,88,247,1,1,0,1,0,5.870602233139319,3.4210095288276063,-41.811699683528396,1.4293417930603027,1.0240405797958374,0.04160245507955551,2.383645093441124,0.05518089234828949,3.1616322413227262,0.06919290125370026
ppo_baseline,10,60052,6,1625,89,16,1,1,0,1,0,11.073621776801593,11.210512428146988,-61.66033869461217,11.487418174743652,13.013008117675781,0.11774943768978119,6.746545819663129,0.39824554324150085,22.817788837632726,0.3168722093105316
ppo_baseline,10,60052,6,1626,90,91,1,1,0,1,0,-8.834945314059874,2.087619999057717,-13.836884088556971,1.0438581705093384,1.7655065059661865,0.03067244030535221,1.7574013768636396,0.19064274430274963,10.923024643339275,0.12599381804466248
ppo_baseline,10,60052,6,1627,91,99,1,1,0,1,0,0.8777339498599986,-0.47211633580962137,-26.313235475582424,1.165693759918213,0.22181209921836853,0.03474438935518265,1.9907068718112295,0.12652789056301117,7.249514119953697,0.09800833463668823
ppo_baseline,10,60052,6,1628,92,27,1,1,0,1,0,16.029675340454546,-3.9096685828069986,-75.95827421252335,8.67012882232666,11.444246292114258,0.12084029614925385,6.923638964463219,0.3992270231246948,22.874023492616733,0.32045382261276245
ppo_baseline,10,60052,6,1629,93,68,1,1,0,1,0,-1.0706594731561787,-0.19950982565607245,15.324075818057208,0.5971927642822266,1.3782461881637573,0.06280143558979034,3.5982572066576686,0.12492169439792633,7.157485858624238,0.1252622902393341
ppo_baseline,10,60052,6,1630,94,123,1,1,0,1,0,-13.030102143795066,0.7358299396638137,2.872094545990362,2.219726085662842,1.2055109739303589,0.019479624927043915,1.1161002948174505,0.15763384103775024,9.031753799899207,0.09829654544591904
ppo_baseline,10,60052,6,1631,95,185,1,1,0,1,0,2.582289619506721,7.210562404890761,30.821187648547518,0.21056219935417175,0.6448687314987183,0.034627944231033325,1.9840350576525965,0.1559588611125946,8.935784519418648,0.11260737478733063
ppo_baseline,10,60052,6,1632,96,149,1,1,0,1,0,-5.811193247738549,-0.8976098003447357,2.982538704869468,2.680931806564331,1.5274423360824585,0.020080246031284332,1.1505133491769135,0.20724616944789886,11.874330829617712,0.12370333075523376
ppo_baseline,10,60052,6,1633,97,108,1,1,0,1,0,-3.869452428973964,-1.7078341604483283,20.218261528208185,0.36405491828918457,1.2123329639434814,0.05674664303660393,3.251343147532847,0.10059512406587601,5.763676048569593,0.10704420506954193
ppo_baseline,10,60052,6,1634,98,72,1,1,0,1,0,13.43436738038978,-0.39813172672004327,6.828426981206888,1.0319215059280396,2.5650479793548584,0.003494495991617441,0.20021987184506287,0.14953434467315674,8.567686842026445,0.07826166599988937
ppo_baseline,10,60052,6,1635,99,138,1,1,0,1,0,-5.045009947403198,-1.8288651125409543,-38.66921160867557,0.2907118797302246,1.419010043144226,0.03164171427488327,1.8129366845096613,0.23842871189117432,13.660958906104954,0.15085607767105103
ppo_baseline,10,60052,6,1636,100,286,1,1,0,1,0,-7.201655838213065,1.5114935425671416,-7.764080935228594,0.9658421874046326,0.9124566912651062,0.04033702611923218,2.3111413547409696,0.17111584544181824,9.80421575162909,0.1258949488401413
ppo_baseline,10,60052,6,1637,101,90,1,1,0,1,0,-2.6150472067661017,-2.2291141979037015,17.69177455422047,0.7551509141921997,0.6689504384994507,0.06720716506242752,3.850686911116177,0.09833624958992004,5.634252074647491,0.11637528985738754
ppo_baseline,10,60052,6,1638,102,112,1,1,0,1,0,-3.8024072920811185,-4.106268747876646,-38.17945972442897,0.8967167735099792,1.5748889446258545,0.042600806802511215,2.4408464336361,0.09340259432792664,5.351574450562758,0.08930210769176483
ppo_baseline,10,60052,6,1639,103,243,1,1,0,1,0,3.9255419424381084,3.210120608014293,-21.51784162158651,1.4749038219451904,0.921643078327179,0.028964845463633537,1.65956339931485,0.0791134387254715,4.532866141736363,0.06852156668901443
ppo_baseline,10,60052,6,1640,104,393,1,1,0,1,0,15.336465781211611,-0.855481193544097,-70.34675471498095,4.0192718505859375,2.8127853870391846,0.1426258534193039,8.171859450377635,0.4019266664981842,23.028701664108134,0.343589186668396
ppo_baseline,10,60052,6,1641,105,158,1,1,0,1,0,6.259212676156365,-10.03317906053355,-63.842775379728,0.878388524055481,1.4559413194656372,0.11338192969560623,6.496306044607255,0.31256103515625,17.908428154693272,0.26966243982315063
ppo_baseline,10,60052,6,1642,106,118,1,1,0,1,0,0.5050241872307428,1.160285215445086,-30.93962312875554,8.620469093322754,9.153559684753418,0.015583854168653488,0.8928890724111991,0.1257251352071762,7.203519626082832,0.0784464180469513
ppo_baseline,10,60052,6,1643,107,80,1,1,0,1,0,-4.36576129482377,3.726182380943776,7.288686108617367,0.7213060855865479,1.7428830862045288,0.029115820303559303,1.6682136204552596,0.3874618113040924,22.199926510218788,0.22284673154354095
ppo_baseline,10,60052,6,1644,108,113,1,1,0,1,0,-7.03325069403723,5.900532122082315,-38.58724933863542,0.46873530745506287,1.2330938577651978,0.03525378927588463,2.0198933373517516,0.22596627473831177,12.946913854798895,0.1482369303703308
ppo_baseline,10,60052,6,1645,109,75,1,1,0,1,0,-4.30691238493494,1.5821040382067335,4.537690816611331,0.7697767615318298,1.3168097734451294,0.056066952645778656,3.2123997567629616,0.15991398692131042,9.162396535701332,0.13602393865585327
ppo_baseline,10,60052,6,1646,110,78,1,1,0,1,0,-9.708389905121104,2.7064761189958926,-12.756293520347594,0.9732587933540344,1.423858642578125,0.01654585264623165,0.9480075250744384,0.32330799102783203,18.52418336874826,0.17819984257221222
ppo_baseline,10,60052,6,1647,111,95,1,1,0,1,0,12.004959051267852,-3.2318952510882935,-19.917282412242404,2.5953407287597656,2.2649455070495605,0.06044268608093262,3.4631108148715652,0.03982914984226227,2.2820421875557764,0.08035726100206375
ppo_baseline,10,60052,6,1648,112,139,1,1,0,1,0,41.90103855787216,12.442050177013648,-73.912933084428,3.274580478668213,2.198249340057373,0.3064004182815552,17.555450808576182,1.1403114795684814,65.3350351095924,0.8765561580657959
ppo_baseline,10,60052,6,1649,113,335,1,1,0,1,0,-2.8466179403862144,8.2381370447625,27.78489535491005,0.9320285320281982,0.9609129428863525,0.032612938433885574,1.8685837297816361,0.18408730626106262,10.547425710691103,0.12465658783912659
ppo_baseline,10,60052,6,1650,114,191,1,1,0,1,0,-8.880407053175478,0.21714537409304538,4.845882612340646,1.2773674726486206,0.4501497447490692,0.044264573603868484,2.5361732494478524,0.17265670001506805,9.892500215519737,0.1305929273366928
ppo_baseline,10,60052,6,1651,115,76,1,1,0,1,0,8.636692243211083,-0.9571144083938868,0.7157765042606562,4.158698558807373,1.3296527862548828,0.006956732366234064,0.3985914037872704,0.0876346230506897,5.021094040024399,0.050774045288562775
ppo_baseline,10,60052,6,1652,116,107,1,1,0,1,0,11.561078717487064,2.0009312381119155,-10.858156629244371,0.9914543628692627,1.5022501945495605,0.023399710655212402,1.3407046623709729,0.07418347150087357,4.250399826629078,0.060491446405649185
ppo_baseline,10,60052,6,1653,117,91,1,1,0,1,0,-7.743808933771996,-6.1651063297719295,39.34499052515663,1.4528685808181763,1.2058395147323608,0.06816661357879639,3.9056592617642014,0.08527540415525436,4.885920754368438,0.11080431938171387
ppo_baseline,10,60052,6,1654,118,135,1,1,0,1,0,-4.205333811598511,1.1833439340830492,-6.971669708480395,0.49751245975494385,0.3012227416038513,0.012395840138196945,0.7102293234375481,0.18514063954353333,10.607777262197336,0.1049661636352539
ppo_baseline,10,60052,6,1655,119,227,1,1,0,1,0,-71.7460692306198,52.01583837898737,-118.09584222135305,7.437327861785889,6.653012752532959,0.5536348819732666,31.72094212829164,0.8430567979812622,48.303596414139584,0.9751632809638977
ppo_baseline,10,60052,6,1656,120,97,1,1,0,1,0,9.589872462643044,1.996928747258288,13.57360761680966,0.2326829880475998,2.4682066440582275,0.02890203520655632,1.6559646366741936,0.08694130182266235,4.981369659811604,0.0723726898431778
ppo_baseline,10,60052,6,1657,121,164,1,1,0,1,0,2.3908940585846237,3.68001030215449,3.8078577830387887,0.4639912247657776,0.30946221947669983,0.02917584776878357,1.6716529408674783,0.12496600300073624,7.160024554561367,0.09165884554386139
ppo_baseline,10,60052,6,1658,122,123,1,1,0,1,0,28.158274476077967,2.1066215853286927,-76.53151832918417,3.429790735244751,2.095305919647217,0.16803885996341705,9.62791747009366,0.6634888648986816,38.015111712620126,0.4997832775115967
ppo_baseline,10,60052,6,1659,123,126,1,1,0,1,0,-0.3357857599761669,-1.4927105223496067,-38.616974321903314,0.8955203890800476,0.6210153102874756,0.03212383762001991,1.8405603173907201,0.2068464308977127,11.851427497783366,0.13554705679416656
ppo_baseline,10,60052,6,1660,124,294,1,1,0,1,0,20.59717310260381,19.785664666936256,-61.346040709764864,1.2562471628189087,1.433205485343933,0.17184652388095856,9.846080542373038,0.7015684247016907,40.19690977504857,0.5226307511329651
ppo_baseline,10,60052,6,1661,125,92,1,1,0,1,0,9.699674583740167,-4.537663495854651,-60.58526691925216,2.6783599853515625,1.039063572883606,0.047494638711214066,2.7212423476512253,0.11167310178279877,6.398397417289239,0.10333119332790375
ppo_baseline,10,60052,6,1662,126,22,1,1,0,1,0,10.664384162491109,4.407575712922588,-61.53029189281513,9.508721351623535,11.190547943115234,0.11364966630935669,6.511646222596282,0.3074595332145691,17.616133624257163,0.26737943291664124
ppo_baseline,10,60052,6,1663,127,221,1,1,0,1,0,-31.712855184314343,5.342109515920413,62.936655163677436,7.84544563293457,7.416356563568115,0.20768915116786957,11.899711812573479,0.948686420917511,54.35572799994492,0.6820323467254639
ppo_baseline,10,60052,6,1664,128,84,1,1,0,1,0,-9.949249696012433,-0.9912653542439506,10.323912892744314,1.181878924369812,1.8813362121582031,0.05055615305900574,2.8966541986984353,0.15211042761802673,8.715285522443128,0.1266113668680191
ppo_baseline,10,60052,6,1665,129,209,1,1,0,1,0,-9.208365416362811,-0.68560072850754,-41.08977600901473,0.6829344630241394,0.6228177547454834,0.03246072679758072,1.8598626454285878,0.24636059999465942,14.115422618004676,0.15564101934432983
ppo_baseline,10,60052,6,1666,130,240,1,1,0,1,0,20.336697008416206,11.861511418319244,-64.91975960805561,2.4619061946868896,2.5921311378479004,0.17767296731472015,10.179911160699287,0.5908042192459106,33.85058828131245,0.47307509183883667
ppo_baseline,10,60052,6,1667,131,267,1,1,0,1,0,-4.82097974262678,71.1143040531503,-83.23832696202982,3.4567034244537354,3.566021680831909,1.1909068822860718,68.23393814807505,0.44113773107528687,25.27533017459104,1.4114757776260376
ppo_baseline,10,60052,6,1668,132,281,1,1,0,1,0,-26.482569525485378,9.61544469089557,73.74493775160236,11.140603065490723,9.082246780395508,0.22778624296188354,13.05119035285748,1.103843092918396,63.24555046889126,0.7797077894210815
ppo_baseline,10,60052,6,1669,133,68,1,1,0,1,0,16.025905076032696,-0.05580264551900418,1.4705260679254053,1.4007272720336914,2.7970120906829834,0.005535911303013563,0.31718435342144535,0.07775270193815231,4.454901666794783,0.04441226273775101
ppo_baseline,10,60052,6,1670,134,127,1,1,0,1,0,-8.925540943210923,0.23225375253711358,2.471558592682474,1.0487041473388672,1.0704187154769897,0.02887694351375103,1.6545269885756118,0.395371675491333,22.65312834466935,0.22656278312206268
ppo_baseline,10,60052,6,1671,135,134,1,1,0,1,0,-3.749186458068379,-2.878146093594993,-55.781075781605274,1.2322181463241577,2.3768956661224365,0.030857199802994728,1.7679873163035131,0.21706035733222961,12.43664237473829,0.13938738405704498
ppo_baseline,10,60052,6,1672,136,169,1,1,0,1,0,13.976342891030292,-6.9505780843233955,-63.38848583765212,1.350953459739685,1.2747840881347656,0.14101992547512054,8.079846556973807,0.34318357706069946,19.662970563780732,0.3126116991043091
ppo_baseline,10,60052,6,1673,137,82,1,1,0,1,0,-6.308267094775396,-1.204749746941869,-22.99103146328822,1.050188660621643,2.0813703536987305,0.018010981380939484,1.0319532180165396,0.2376570701599121,13.616747091607461,0.13683950901031494
ppo_baseline,10,60052,6,1674,138,113,1,1,0,1,0,-24.064737200814225,-5.975718844465816,74.15133400721813,3.748513698577881,4.560659408569336,0.25186923146247864,14.431043952003673,0.9618613719940186,55.11059709192014,0.7327998876571655
ppo_baseline,10,60052,6,1675,139,146,1,1,0,1,0,1.1346720060575384,8.589044843561075,-37.32601392725754,0.4858218729496002,1.0873730182647705,0.04685213416814804,2.6844295490155607,0.208495631814003,11.945919749855907,0.15109995007514954
ppo_baseline,10,60052,6,1676,140,601,1,0,1,0,1,nan,nan,nan,nan,nan,nan,nan,nan,nan,nan
ppo_baseline,10,60052,6,1677,141,123,1,1,0,1,0,-25.41148658060066,26.14558165221529,64.16139004413075,8.333015441894531,7.310396194458008,0.2376270890235901,13.615029299031201,1.1702604293823242,67.0509835347747,0.8227573037147522
ppo_baseline,10,60052,6,1678,142,159,1,1,0,1,0,-7.824733015058308,2.8632972623393855,-21.090053213490272,1.5679221153259277,1.4220713376998901,0.03176285699009895,1.8198776508102752,0.2239232063293457,12.829854657708632,0.1437244564294815
ppo_baseline,10,60052,6,1679,143,93,1,1,0,1,0,-11.227205410478499,0.02080475621185884,7.023251297092331,0.9000347852706909,3.239413022994995,0.053587667644023895,3.070347189952329,0.18124645948410034,10.384657180127821,0.14421090483665466
ppo_baseline,10,60052,6,1680,144,126,1,1,0,1,0,-2.496912254881561,-1.3939186661945422,-34.04588388025062,0.018550164997577667,2.4626200199127197,0.013313454575836658,0.7628047579345741,0.19121292233467102,10.955693438139445,0.10891991853713989
ppo_baseline,10,60052,6,1681,145,196,1,1,0,1,0,-11.515821884046558,5.518628924830223,23.218066951299445,0.5896257162094116,0.6912398934364319,0.0369664803147316,2.1180233054875597,0.3154315650463104,18.07289740235989,0.1946822702884674
ppo_baseline,10,60052,6,1682,146,86,1,1,0,1,0,16.880088533634492,-3.6786442643204875,-57.21159060137275,2.5875890254974365,2.528093099594116,0.10222674161195755,5.857160847739558,0.20546123385429382,11.772061553401464,0.20495736598968506
ppo_baseline,10,60052,6,1683,147,45,1,1,0,1,0,-2.435167344784646,-0.5332055477462154,1.1813904999804254,13.895670890808105,14.780195236206055,0.004700077697634697,0.2692946154580332,0.1861066073179245,10.663123138815596,0.0977533832192421
ppo_baseline,10,60052,6,1684,148,146,1,1,0,1,0,-6.387278723094104,-3.970867077770313,31.104667819859728,1.740478754043579,0.6440181136131287,0.03317692130804062,1.9008975681883782,0.07444712519645691,4.265506070639031,0.07040048390626907
ppo_baseline,10,60052,6,1685,149,260,1,1,0,1,0,38.85657735798736,0.6515590656841964,-82.49673234270651,7.187417507171631,5.821929931640625,0.349919855594635,20.048930893399813,1.2214431762695312,69.98353891529801,0.9606414437294006
ppo_baseline,10,60052,6,1686,150,97,1,1,0,1,0,-11.951369387039932,-0.6606841984153334,-1.5810658494528915,1.5458917617797852,1.6207207441329956,0.04035038501024246,2.311906762814834,0.22833800315856934,13.082803883430884,0.15451937913894653
ppo_baseline,10,60052,6,1687,151,203,1,1,0,1,0,10.574744759823862,2.716407214049091,-36.61168542310093,1.0179412364959717,0.827751636505127,0.042544733732938766,2.4376336834052554,0.09620596468448639,5.5121957404057165,0.09064771234989166
ppo_baseline,10,60052,6,1688,152,106,1,1,0,1,0,9.113152579332834,-3.994035079434996,-42.86666338197188,0.5787625312805176,0.9964842200279236,0.06336493790149689,3.630543510864319,0.07445509731769562,4.2659628395397755,0.1005924865603447
ppo_baseline,10,60052,6,1689,153,355,1,1,0,1,0,8.141776735951959,15.01495511660077,50.87978667471749,15.09036636352539,13.450701713562012,0.07009068876504898,4.015900649402322,0.21950660645961761,12.576802125375183,0.1798439919948578
ppo_baseline,10,60052,6,1690,154,113,1,1,0,1,0,-6.645787722800747,-4.395267712038225,45.92321401668761,0.16914449632167816,0.5978246927261353,0.07681575417518616,4.401218514352599,0.15863966941833496,9.089383521021189,0.15613558888435364
ppo_baseline,10,60052,6,1691,155,87,1,1,0,1,0,-2.5938462995823826,5.444275485525464,-14.213090908041274,0.3424701690673828,1.6368123292922974,0.05061008036136627,2.89974400552422,0.18052364885807037,10.343243181869095,0.14087191224098206
ppo_baseline,10,60052,6,1692,156,143,1,1,0,1,0,26.727076637393495,-4.261833136412856,-80.39980962599924,1.218729019165039,1.1231341361999512,0.24585175514221191,14.086267955532477,0.9106211066246033,52.1747461451223,0.7011623382568359
ppo_baseline,10,60052,6,1693,157,177,1,1,0,1,0,13.733679930198079,-5.548258285449738,-56.07941844455143,1.5593844652175903,1.611393928527832,0.0968136414885521,5.54701305658668,0.24018877744674683,13.761803234105606,0.2169080376625061
ppo_baseline,10,60052,6,1694,158,129,1,1,0,1,0,-30.855748405747782,12.275926316020598,73.02713951134739,2.853396415710449,3.325469732284546,0.2108144313097,12.07877717449641,1.0240057706832886,58.67120885719364,0.7228173017501831
ppo_baseline,10,60052,6,1695,159,167,1,1,0,1,0,5.46372786428166,3.3711354875081736,2.398830738400178,0.8310127258300781,0.7786469459533691,0.022952323779463768,1.3150712825810325,0.09414137899875641,5.393903694170266,0.07002301514148712
ppo_baseline,10,60052,6,1696,160,314,1,1,0,1,0,19.768889722334706,36.75136279162769,-68.83214660615228,2.2499513626098633,1.8246201276779175,0.2889409065246582,16.555094472546944,1.2736594676971436,72.97531203592533,0.92577064037323
ppo_baseline,10,60052,6,1697,161,97,1,1,0,1,0,9.736393680718157,-0.22726771444300428,-31.12775385925437,1.1664857864379883,2.229275703430176,0.05443321540951729,3.1187935082918177,0.026665711775422096,1.5278327424439875,0.06776607036590576
ppo_baseline,10,60052,6,1698,162,220,1,1,0,1,0,-25.07899297180444,16.459198616599966,65.2717602371214,14.494929313659668,13.962075233459473,0.19186128675937653,10.992841983261497,0.8856896758079529,50.74628038210583,0.6347061395645142
ppo_baseline,10,60052,6,1699,163,156,1,1,0,1,0,18.906387094323836,9.798575722921953,-71.96195784990556,2.4393153190612793,1.8589389324188232,0.1421176642179489,8.14274235394587,0.6139804720878601,35.178489754084225,0.4491078853607178
ppo_baseline,10,60052,6,1700,164,182,1,1,0,1,0,-6.634422288021845,-8.370656375039086,64.1261462680135,0.7820451855659485,0.33427053689956665,0.10039978474378586,5.7524839298408805,0.2834767699241638,16.242022506655655,0.24213817715644836
ppo_baseline,10,60052,6,1701,165,106,1,1,0,1,0,9.504781965963025,-2.6041189040940815,-25.682399203840045,1.7464059591293335,0.7550529837608337,0.049744050949811935,2.850124175307958,0.04518657550215721,2.589000066922847,0.07233733683824539
ppo_baseline,10,60052,6,1702,166,25,1,1,0,1,0,0.8295128143197086,13.476195458866938,-30.170871677292265,19.536991119384766,19.412925720214844,0.06929035484790802,3.9700448937489727,0.24773581326007843,14.19421653404359,0.19315826892852783
ppo_baseline,10,60052,6,1703,167,58,1,1,0,1,0,-3.081084674214412,-1.0232852810729702,-10.119785859209312,1.6096131801605225,2.331670045852661,0.026172762736678123,1.4995888430089268,0.30312201380729675,17.36761206866437,0.17773376405239105
ppo_baseline,10,60052,6,1704,168,266,1,1,0,1,0,-30.574453894969977,14.858024690230557,65.78719363264723,7.148947238922119,6.944616794586182,0.2302132546901703,13.190247881717061,0.9985610842704773,57.213335714705686,0.7294937968254089
ppo_baseline,10,60052,6,1705,169,83,1,1,0,1,0,-10.692538202249901,3.506031723615925,8.718982362331397,1.2611571550369263,1.3987529277801514,0.01832236535847187,1.0497942057371419,0.23367735743522644,13.388726348808463,0.13516104221343994
ppo_baseline,10,60052,6,1706,170,39,1,1,0,1,0,5.511279641283289,4.122688522641356,5.641449386485392,10.30870532989502,11.91415023803711,0.015416225418448448,0.8832846524993976,0.03659164533019066,2.0965468428595124,0.03371204808354378
ppo_baseline,10,60052,6,1707,171,77,1,1,0,1,0,-11.990929842712646,6.740932257939025,-64.9007443614063,1.6222915649414062,2.8130791187286377,0.0885545089840889,5.0737996216416255,0.40297579765319824,23.088812451446124,0.2900424003601074
ppo_baseline,10,60052,6,1708,172,18,1,1,0,1,0,4.041136063951404,7.924808946777334,9.49206415372846,15.710976600646973,16.314655303955078,0.04671459272503853,2.676549004817247,0.1528477817773819,8.757532803780595,0.12313848733901978
ppo_baseline,10,60052,6,1709,173,142,1,1,0,1,0,-10.939627125664282,28.70701187399679,66.17036724508495,3.2460556030273438,3.9454562664031982,0.14722169935703278,8.435182025901844,0.9337621927261353,53.50063271208893,0.6141027808189392
ppo_baseline,10,60052,6,1710,174,88,1,1,0,1,0,15.224983433578663,-1.34993224793966,-13.167634832922442,2.0888779163360596,1.5398491621017456,0.02255556359887123,1.2923385987542317,0.14414097368717194,8.258669447181203,0.0946260541677475
ppo_baseline,10,60052,6,1711,175,102,1,1,0,1,0,-0.6494280466631523,-0.1709323141687391,-15.18510878920413,0.7460965514183044,1.067945957183838,0.04015621542930603,2.3007816653173525,0.288913756608963,16.553538896963474,0.18461309373378754
ppo_baseline,10,60052,6,1712,176,185,1,1,0,1,0,-3.7579837417193556,59.931399249628505,-80.15823949543423,2.7672908306121826,2.3383965492248535,0.6514068245887756,37.32286179495558,1.0355064868927002,59.33015135737062,1.1691601276397705
ppo_baseline,10,60052,6,1713,177,268,1,1,0,1,0,-2.0844781120395113,9.841100480694452,36.16631610808108,1.0442699193954468,1.1410260200500488,0.03843432292342186,2.2021244919549843,0.2032451629638672,11.64509004427822,0.14005690813064575
ppo_baseline,10,60052,6,1714,178,197,1,1,0,1,0,32.994922672660756,14.80560981853988,-73.35990632771042,3.7225260734558105,4.104649066925049,0.25686314702033997,14.717174236713847,0.9564512968063354,54.800622616817456,0.7350888252258301
ppo_baseline,10,60052,6,1715,179,126,1,1,0,1,0,-6.054129416137562,-6.371050193626154,50.60636054186354,1.3830357789993286,1.2477997541427612,0.04768521338701248,2.7321614722565486,0.05083240568637848,2.9124823083262936,0.07310141623020172
ppo_baseline,10,60052,6,1716,180,80,1,1,0,1,0,6.916440798851672,3.691389397311731,-16.34880909923422,0.4038955569267273,3.039097309112549,0.02378839999437332,1.3629749210466227,0.4880993664264679,27.96603367924608,0.26783809065818787
ppo_baseline,10,60052,6,1717,181,97,1,1,0,1,0,10.036949324955398,0.6987146917139644,-19.476489323966458,1.1653497219085693,1.4761319160461426,0.04556398466229439,2.610624018948284,0.050196487456560135,2.876046877642272,0.0706622302532196
ppo_baseline,10,60052,6,1718,182,98,1,1,0,1,0,-10.861325837019256,-3.248342346609684,24.852845408385317,2.1688880920410156,0.09079652279615402,0.06108003109693527,3.499627994382215,0.167937770485878,9.622125469677488,0.14504891633987427
ppo_baseline,10,60052,6,1719,183,293,1,1,0,1,0,-7.882215887113135,4.5833711217803765,-37.105316854796094,2.546274185180664,1.8790055513381958,0.04656356945633888,2.667896008912487,0.22899843752384186,13.120643985206401,0.1610627919435501
ppo_baseline,10,60052,6,1720,184,15,1,1,0,1,0,14.561020744361723,32.36989206171289,76.35256737292984,11.432587623596191,15.892202377319336,0.20408688485622406,11.693317156234034,0.5212703943252563,29.866593579957367,0.4647220969200134
ppo_baseline,10,60052,6,1721,185,109,1,1,0,1,0,31.7642045464945,56.35863657782156,-59.37708841734695,2.6278443336486816,4.6990838050842285,0.40218833088874817,23.04369392933631,0.7784548401832581,44.60217688403169,0.7914157509803772
ppo_baseline,10,60052,6,1722,186,134,1,1,0,1,0,-3.419752774020324,0.40963376528234474,10.782710359672409,1.3646677732467651,0.5327824950218201,0.042265843600034714,2.4216544558420106,0.13772505521774292,7.891064397182887,0.11112837493419647
ppo_baseline,10,60052,6,1723,187,127,1,1,0,1,0,13.829452842739997,-2.1498293620181936,-63.41471376406496,3.9602932929992676,2.0415151119232178,0.08224862068891525,4.71249883624723,0.16680097579956055,9.556991931978601,0.16564911603927612
ppo_baseline,10,60052,6,1724,188,66,1,1,0,1,0,-9.73237752948619,0.04292090874436013,-11.272230017487223,1.4652431011199951,2.281463861465454,0.06509603559970856,3.729728102896659,0.21375752985477448,12.247404299820271,0.1719748079776764
ppo_baseline,10,60052,6,1725,189,147,1,1,0,1,0,4.188435923591899,2.856180205224232,11.724251936758668,0.6075138449668884,1.0711958408355713,0.031030742451548576,1.777930577631171,0.3040650188922882,17.421642280093756,0.18306325376033783
ppo_baseline,10,60052,6,1726,190,94,1,1,0,1,0,-2.595430903469825,-11.257968582500236,67.8157871368977,1.8688336610794067,1.420823574066162,0.13748903572559357,7.877541476399908,0.4152938425540924,23.794584436120005,0.34513595700263977
ppo_baseline,10,60052,6,1727,191,108,1,1,0,1,0,5.555580248239991,-2.0244270888567595,-16.184556710073753,0.82890385389328,1.9605484008789062,0.04368401691317558,2.5029098013030673,0.08914321660995483,5.10753008397091,0.0882556289434433
ppo_baseline,10,60052,6,1728,192,186,1,1,0,1,0,-8.40497124542923,8.433821964483364,25.44944877200759,0.2039216309785843,0.21135634183883667,0.039903704077005386,2.286313830551385,0.2942661643028259,16.860209268055172,0.18703678250312805
ppo_baseline,10,60052,6,1729,193,193,1,1,0,1,0,14.036407574591385,8.448506871198893,-65.70736238162813,2.603252649307251,1.5091776847839355,0.12824273109436035,7.347767244937978,0.4247407615184784,24.335853022181418,0.34061312675476074
ppo_baseline,10,60052,6,1730,194,134,1,1,0,1,0,-2.2961593347965468,-3.853114616479293,40.94266739467099,2.574882745742798,2.764225959777832,0.06919017434120178,3.9643049735252234,0.07415416091680527,4.248720453866901,0.10626725852489471
ppo_baseline,10,60052,6,1731,195,163,1,1,0,1,0,7.909686907954926,1.2661121664452637,6.087802248745725,0.9289358854293823,0.6390743851661682,0.02439749240875244,1.3978733457239796,0.11796478182077408,6.758884129511934,0.08337987959384918
ppo_baseline,10,60052,6,1732,196,117,1,1,0,1,0,-6.443340915801569,-2.0819099609115868,26.864500043494154,0.5026391744613647,1.753901720046997,0.06001929193735123,3.4388521173737954,0.10162555426359177,5.822715349981537,0.11083206534385681
ppo_baseline,10,60052,6,1733,197,2,1,1,0,1,0,17.712005574542047,15.171462071242443,-43.877913869727294,15.069371223449707,16.884540557861328,0.07754755765199661,4.443147765006838,0.466233491897583,26.71321135337837,0.3106642961502075
ppo_baseline,10,60052,6,1734,198,85,1,1,0,1,0,3.4190151135899627,1.089019021645173,-8.724241607992306,0.32753482460975647,3.42867374420166,0.038434214890003204,2.202118302096049,0.11104078590869904,6.362168386384199,0.09395460784435272
ppo_baseline,10,60052,6,1735,199,192,1,1,0,1,0,2.693403136924488,2.6871740044014367,5.24424656549247,1.002119541168213,1.1323579549789429,0.02155630849301815,1.2350854985319517,0.13964062929153442,8.00081870695582,0.09137662500143051
ppo_baseline,10,60052,6,1736,200,148,1,1,0,1,0,26.22004437454677,9.312607763475546,-72.44072678996677,2.6521856784820557,1.399543046951294,0.20182815194129944,11.563901293161571,0.8003228306770325,45.85512044575717,0.6019895672798157
ppo_baseline,10,60052,6,1737,201,116,1,1,0,1,0,10.44509410899868,-0.8133525867434584,3.6346305253089253,1.0883713960647583,1.9553792476654053,0.009898989461362362,0.5671703175805435,0.1318885087966919,7.556654920324477,0.07584324479103088
ppo_baseline,10,60052,6,1738,202,73,1,1,0,1,0,0.7024166542441113,5.449234202862893,-34.101946072958086,1.3194189071655273,3.9259731769561768,0.05277685075998306,3.0238908045388406,0.22666198015213013,12.986774838795089,0.16610783338546753
ppo_baseline,10,60052,6,1739,203,78,1,1,0,1,0,3.091329957969431,-0.2776471897610183,-14.605580898506886,14.00093936920166,13.886614799499512,0.02446596324443817,1.4017964356285058,0.08658742159605026,4.961093816373599,0.0677596777677536
ppo_baseline,10,60052,6,1740,204,115,1,1,0,1,0,7.570622657177153,-1.688381781692132,-23.785519067544104,2.400547981262207,1.5004252195358276,0.025195550173521042,1.4435986874528646,0.04554460570216179,2.6095136863213337,0.04796785116195679
ppo_baseline,10,60052,6,1741,205,84,1,1,0,1,0,12.13784721175962,2.28732107001055,-6.21401048422922,0.8374671936035156,2.096933603286743,0.01715468242764473,0.9828909019912803,0.2929626405239105,16.785522857028372,0.1636359989643097
ppo_baseline,10,60052,6,1742,206,20,1,1,0,1,0,6.5139923925761805,-1.5857650196018604,-24.987468436926267,13.748849868774414,16.925472259521484,0.03930960223078728,2.252274302162157,0.04636162519454956,2.656325455015074,0.06249041482806206
ppo_baseline,10,60052,6,1743,207,97,1,1,0,1,0,-5.244287546627491,-0.6554386131327636,-27.464805369646573,1.1707412004470825,2.126755714416504,0.018234465271234512,1.0447579017196096,0.1621105819940567,9.288252162668925,0.09928975999355316
ppo_baseline,10,60052,6,1744,208,114,1,1,0,1,0,-8.88193701554956,-4.7939321935135295,34.47175983537925,2.62503981590271,0.43334493041038513,0.04843395575881004,2.775061250103164,0.18759660422801971,10.748493673251584,0.1422322541475296
ppo_baseline,10,60052,6,1745,209,128,1,1,0,1,0,17.51483167358212,-0.40867753879854296,-50.65116658281882,1.179511308670044,0.5686712265014648,0.06317448616027832,3.6196314298915775,0.1513865739107132,8.673811760029164,0.13886776566505432
ppo_baseline,10,60052,6,1746,210,61,1,1,0,1,0,16.32061407834041,-0.6327623850883213,-18.496056649746148,2.2865970134735107,1.21108877658844,0.03448353335261345,1.9757609238033607,0.3540327250957489,20.284580957501717,0.2114998996257782
ppo_baseline,10,60052,6,1747,211,17,1,1,0,1,0,11.914158516441702,29.367135996900185,89.22528829786947,11.633500099182129,12.5075044631958,0.2049131691455841,11.740659758692331,0.8758297562599182,50.18134860566491,0.6428280472755432
ppo_baseline,10,60052,6,1748,212,18,1,1,0,1,0,13.195037551872533,-0.48255286486140087,-49.564019033006225,5.4839959144592285,9.06838321685791,0.10047850757837296,5.756994416014028,0.16244730353355408,9.307544885753273,0.1817021667957306
ppo_baseline,10,60052,6,1749,213,70,1,0,1,0,1,nan,nan,nan,nan,nan,nan,nan,nan,nan,nan
ppo_baseline,10,60052,6,1750,214,160,1,1,0,1,0,-18.60812639364772,10.730035940793272,65.33181126030415,1.2798831462860107,0.8413920998573303,0.14506380259990692,8.311543649093565,0.7904848456382751,45.29144542412353,0.5403062105178833
ppo_baseline,10,60052,6,1751,215,117,1,1,0,1,0,32.30619371751335,2.061651619833329,-71.15572232027726,2.2530624866485596,4.082890510559082,0.25335264205932617,14.51603711848802,0.9124793410301208,52.28121513390445,0.709592342376709
ppo_baseline,10,60052,6,1752,216,1,1,1,0,1,0,11.118455138513557,-1.2870398660621827,-58.56653620816319,16.562772750854492,19.329317092895508,0.08285849541425705,4.7474420840410145,0.40000149607658386,22.918397524107014,0.2828592360019684
ppo_baseline,10,60052,6,1753,217,175,1,1,0,1,0,5.047304890964322,3.23011940190409,-19.26846908260455,0.7968358397483826,0.5943946242332458,0.030939500778913498,1.7727028148734665,0.06452694535255432,3.6971216335726647,0.06320297718048096
ppo_baseline,10,60052,6,1754,218,151,1,1,0,1,0,-9.657627939209569,1.0926390219052797,3.9982288155853842,0.07573337107896805,1.1053272485733032,0.029166333377361298,1.6711078063943465,0.17944000661373138,10.281155054766387,0.11888633668422699
ppo_baseline,10,60052,6,1755,219,83,1,1,0,1,0,16.072159117092024,1.323677000770131,-17.085103491761597,0.7783712148666382,3.419428586959839,0.03740251809358597,2.143006429924174,0.06238001957535744,3.574111847611439,0.06859252601861954
ppo_baseline,10,60052,6,1756,220,133,1,1,0,1,0,-4.620390747081846,-1.1173233255657058,-32.70738536898156,0.9910117983818054,1.1108812093734741,0.02559145912528038,1.4662825994601232,0.20157258212566376,11.549258221354709,0.12637774646282196
ppo_baseline,10,60052,6,1757,221,93,1,1,0,1,0,-13.142718302830236,-2.6298004153733294,-11.55964437776136,3.7820522785186768,2.654499053955078,0.031127355992794037,1.7834661257883488,0.2830711305141449,16.218781080457397,0.1726629137992859
ppo_baseline,10,60052,6,1758,222,333,1,1,0,1,0,5.738479053834593,56.9506227335649,-75.34672639499708,2.9405977725982666,1.8727220296859741,0.51438969373703,29.472358476158817,1.0288678407669067,58.94978495268178,1.0288236141204834
ppo_baseline,10,60052,6,1759,223,5,1,1,0,1,0,5.477033072784844,8.421800831544143,-60.32238659847671,13.49899673461914,15.183457374572754,0.09139527380466461,5.236563456449852,0.23117223381996155,13.245193338495229,0.20698139071464539
ppo_baseline,10,60052,6,1760,224,136,1,1,0,1,0,-5.5914250810042185,-0.715598919342236,-31.718647184730514,0.3689020872116089,1.310344934463501,0.024237267673015594,1.3886931445926594,0.18329492211341858,10.50202544327803,0.11588472872972488
ppo_baseline,10,60052,6,1761,225,127,1,1,0,1,0,7.714903573204503,-4.306365969801339,-47.02209583149428,0.8537789583206177,0.1611870378255844,0.0575605072081089,3.2979741296569935,0.05249597877264023,3.0077980250806444,0.08380849659442902
ppo_baseline,10,60052,6,1762,226,53,1,1,0,1,0,-5.219753507128805,3.216281438645644,-4.233037058872083,0.629235565662384,2.6277518272399902,0.05175480619072914,2.965331964246325,0.18458029627799988,10.57567195800369,0.14404495060443878
ppo_baseline,10,60052,6,1763,227,82,1,1,0,1,0,2.9457649663781194,-2.2441952555910896,2.6029441115568392,2.2165777683258057,2.14384126663208,0.035739365965127945,2.047714832275329,0.14049506187438965,8.049774087831889,0.10598689317703247
ppo_baseline,10,60052,6,1764,228,206,1,1,0,1,0,1.6463214767831935,3.1167109409251985,1.4664552751800777,0.6802374720573425,0.765371561050415,0.026443054899573326,1.5150754431782845,0.1289842575788498,7.390253582896396,0.09093518555164337
ppo_baseline,10,60052,6,1765,229,300,1,1,0,1,0,-22.041908376223248,6.667111573389526,67.23860883127495,6.443063259124756,5.4091081619262695,0.1843172311782837,10.560599438052765,0.8264551758766174,47.35239353447235,0.59754478931427
ppo_baseline,10,60052,6,1766,230,79,1,1,0,1,0,-3.3181195591705346,-1.3516807763671834,17.81624792165478,1.0543944835662842,1.958160161972046,0.05710909888148308,3.272110337704271,0.08510152250528336,4.875958069690328,0.09965986013412476
ppo_baseline,10,60052,6,1767,231,52,1,1,0,1,0,-4.740875284040871,6.446400840549734,25.426827185476508,20.995738983154297,19.880224227905273,0.024882905185222626,1.4256854491374484,0.28309744596481323,16.220288844716677,0.16643163561820984
ppo_baseline,10,60052,6,1768,232,146,1,1,0,1,0,-28.44868045920857,26.34541932695152,63.85640843731135,5.67049503326416,4.199120044708252,0.24705909192562103,14.15544325767272,1.213517665863037,69.52944061851888,0.8538179397583008
ppo_baseline,10,60052,6,1769,233,125,1,1,0,1,0,-6.519729751478992,-1.509430825437798,33.7926751073399,0.7942027449607849,0.829372763633728,0.05739395692944527,3.2884315016128394,0.15612126886844635,8.945089798389146,0.13545459508895874
ppo_baseline,10,60052,6,1770,234,64,1,0,1,0,1,nan,nan,nan,nan,nan,nan,nan,nan,nan,nan
ppo_baseline,10,60052,6,1771,235,86,1,1,0,1,0,-12.60996354756924,0.11381827232909249,-1.1887944250407194,2.301682710647583,1.0770182609558105,0.036504946649074554,2.091579374342209,0.13032911717891693,7.467308362017894,0.10166950523853302
ppo_baseline,10,60052,6,1772,236,137,1,1,0,1,0,18.0301421257029,-0.6034745339273065,-58.840071624043865,1.7167235612869263,1.0021545886993408,0.07714977115392685,4.420356277520152,0.1914161592721939,10.96733805690067,0.1728578507900238
ppo_baseline,10,60052,6,1773,237,25,1,1,0,1,0,1.848549717728931,0.4533333155920863,-1.0142147898551934,11.466083526611328,11.997347831726074,0.035411689430475235,2.0289403497942566,0.13583368062973022,7.7826966158114645,0.10332852602005005
ppo_baseline,10,60052,6,1774,238,131,1,1,0,1,0,23.487135423462927,-5.86004276068248,-79.27173558267992,1.7529783248901367,1.1545422077178955,0.2776425778865814,15.907747926033355,0.9684560894966125,55.488446571899836,0.7618706226348877
ppo_baseline,10,60052,6,1775,239,156,1,1,0,1,0,1.2063753319643322,0.7743385462043456,10.277453946009887,0.6033489108085632,0.44854503870010376,0.03129781782627106,1.793232869414644,0.1122354120016098,6.430615419604189,0.08741552382707596
ppo_baseline,10,60052,6,1776,240,15,1,1,0,1,0,5.600509232600335,7.533138579012124,-12.017922750312536,10.938440322875977,11.198673248291016,0.045681584626436234,2.6173620005645017,0.16548067331314087,9.481344171826125,0.12842191755771637
ppo_baseline,10,60052,6,1777,241,137,1,1,0,1,0,3.2340672512443573,3.5819970875648073,33.03384109055149,0.3477418124675751,2.6195437908172607,0.024723267182707787,1.4165388653434494,0.12212803959846497,6.997421229198635,0.08578728884458542
ppo_baseline,10,60052,6,1778,242,368,1,1,0,1,0,-1.3523911160408648,7.775883502114376,23.232956763690073,0.5665848255157471,0.6482483148574829,0.03077617660164833,1.763345028823726,0.17058399319648743,9.77374286264708,0.11606816947460175
ppo_baseline,10,60052,6,1779,243,88,1,1,0,1,0,-11.307419152091128,-0.7421000533218854,22.301018432576853,1.7514721155166626,2.52093768119812,0.054082583636045456,3.0987037875086947,0.12249608337879181,7.018508584487404,0.11533062160015106
ppo_baseline,10,60052,6,1780,244,81,1,1,0,1,0,11.750466202793177,-4.964905488817289,-12.441011988259806,4.080277919769287,1.4959912300109863,0.01988053321838379,1.1390706478830266,0.053855590522289276,3.0856980401119323,0.04680832847952843
ppo_baseline,10,60052,6,1781,245,83,1,1,0,1,0,-5.6002223646551945,2.7015583827934835,-21.945575388169388,1.7817838191986084,3.6379315853118896,0.05082610994577408,2.912121588960752,0.20853431522846222,11.948136146241577,0.1550932675600052
ppo_baseline,10,60052,6,1782,246,54,1,1,0,1,0,-2.797768427442283,1.5793583021603885,2.045682637553839,0.43974679708480835,4.021101474761963,0.0634068101644516,3.632942614810286,0.15621080994606018,8.950220124229471,0.1415122151374817
ppo_baseline,10,60052,6,1783,247,173,1,1,0,1,0,-26.35869721469803,22.57336539554194,63.07380536221129,1.3437234163284302,1.503401756286621,0.19776253402233124,11.330958545291931,1.287616491317749,73.77499058395043,0.8415707945823669
ppo_baseline,10,60052,6,1784,248,160,1,1,0,1,0,21.5010120354716,16.703610105859703,-58.17595867066519,6.725448131561279,6.568356990814209,0.16616638004779816,9.520632273705685,0.57258540391922,32.80672705536481,0.45245909690856934
ppo_baseline,10,60052,6,1785,249,94,1,1,0,1,0,-0.5728206449322893,-3.366094807900704,-25.045716290168137,2.1246860027313232,2.9758217334747314,0.029934978112578392,1.7151479056672367,0.1627119481563568,9.322707905710702,0.11129095405340195
ppo_baseline,10,60052,6,1786,250,209,1,1,0,1,0,-11.587402266548292,5.660273387837947,30.785984853565274,0.2995506227016449,0.615537166595459,0.04260588437318802,2.44113735700606,0.3422975242137909,19.61220347522732,0.21375465393066406
ppo_baseline,10,60052,6,1787,251,147,1,1,0,1,0,-32.27254820566187,18.686045191699225,67.94116208930245,3.3235859870910645,2.2195565700531006,0.1974383145570755,11.31238213829679,1.313386082649231,75.25147940702125,0.8541313409805298
ppo_baseline,10,60052,6,1788,252,54,1,1,0,1,0,14.185087132444222,1.9147479111646946,2.6662326444061777,0.3168206214904785,3.266751527786255,0.026119928807020187,1.496561681824436,0.0818849578499794,4.691662490410459,0.06706240773200989
ppo_baseline,10,60052,6,1789,253,66,1,1,0,1,0,6.216114182493585,1.5247987510703265,5.810086757093006,0.9677743911743164,1.8974814414978027,0.04563411325216293,2.6146420911709556,0.12658163905143738,7.2525936814957275,0.10892493277788162
ppo_baseline,10,60052,6,1790,254,191,1,1,0,1,0,-6.837852642261505,-0.22655737476932294,-32.14474170591259,0.59441077709198,0.7285018563270569,0.01611972413957119,0.9235921601125816,0.1909119337797165,10.938448064258809,0.11157569289207458
ppo_baseline,10,60052,6,1791,255,135,1,1,0,1,0,-34.26488706579791,21.090654270137232,69.84110215034656,6.561598300933838,5.447893142700195,0.24758614599704742,14.18564123154064,1.151707649230957,65.98798753386727,0.8234399557113647
ppo_baseline,10,70059,7,1792,0,229,1,1,0,1,0,-7.870194754173912,-4.735957547838462,54.37555945420005,0.516421914100647,0.7723888754844666,0.082517609000206,4.72791073122254,0.23028972744941711,13.194629448069625,0.19766247272491455
ppo_baseline,10,70059,7,1793,1,104,1,1,0,1,0,-9.27278776061437,0.3863154994559212,-6.774796335843948,0.9456478357315063,1.7096154689788818,0.020016327500343323,1.1468510871213173,0.18930970132350922,10.846646906719252,0.11467117816209793
ppo_baseline,10,70059,7,1794,2,58,1,1,0,1,0,-11.621717136938436,1.6570312134017735,-26.516829754362163,1.7922239303588867,1.6295987367630005,0.02838948927819729,1.6265979181726065,0.28889113664627075,16.552242868568467,0.17283505201339722
ppo_baseline,10,70059,7,1795,3,159,1,1,0,1,0,1.5083379951705957,9.546883252006984,-31.322223005302973,0.2480197697877884,1.5956239700317383,0.06393873691558838,3.663419772660529,0.2249971628189087,12.891387831941277,0.17643731832504272
ppo_baseline,10,70059,7,1796,4,145,1,1,0,1,0,-12.718099102508884,8.991329325296485,36.40869220096815,1.0446970462799072,0.5307626724243164,0.05162288248538971,2.957773292712648,0.4210663437843323,24.125324393846824,0.26215606927871704
ppo_baseline,10,70059,7,1797,5,118,1,1,0,1,0,-12.514176974648983,27.354101663579005,61.76568753237045,6.106928825378418,5.5620036125183105,0.13991382718086243,8.016471792986199,0.7410914897918701,42.46141459813669,0.5104595422744751
ppo_baseline,10,70059,7,1798,6,146,1,1,0,1,0,-1.6754317430257877,-0.2112577510284944,37.835286492152036,2.137056350708008,0.7303708791732788,0.025166088715195656,1.4419106702325195,0.1168622225522995,6.695712136765309,0.08359719812870026
ppo_baseline,10,70059,7,1799,7,49,1,1,0,1,0,-6.975166765335442,-0.21420839274993989,-2.1353493609777665,0.4594030976295471,3.2587437629699707,0.0545312762260437,3.1244119792143876,0.16745606064796448,9.594525529015113,0.13825930655002594
ppo_baseline,10,70059,7,1800,8,137,1,1,0,1,0,24.995937871497084,-2.304464844827282,-77.06886297156741,1.3192918300628662,2.211996555328369,0.2260899692773819,12.95400102983643,0.886795163154602,50.80962014137394,0.6694875359535217
ppo_baseline,10,70059,7,1801,9,162,1,1,0,1,0,33.898747945150205,22.387980401089454,-75.77872219962205,1.2720099687576294,0.23964208364486694,0.2599903345108032,14.8963488816635,1.1108636856079102,63.64780079968082,0.8154221773147583
ppo_baseline,10,70059,7,1802,10,428,1,1,0,1,0,13.635393508041595,48.4011246852982,80.50543167132432,3.700223445892334,3.704014301300049,0.4083235263824463,23.395214737612896,1.1866905689239502,67.99236118732087,1.0016688108444214
ppo_baseline,10,70059,7,1803,11,81,1,1,0,1,0,8.507519705627802,0.38094697076829115,20.405941466221794,2.0047245025634766,1.2850279808044434,0.01043686456978321,0.5979882911981996,0.1556774526834488,8.919661004109187,0.08827558904886246
ppo_baseline,10,70059,7,1804,12,137,1,1,0,1,0,-5.036103380725502,-1.5762027547638426,-29.495611855188123,0.30901798605918884,1.5518656969070435,0.01840689405798912,1.0546373434672098,0.1250287890434265,7.163621929819849,0.08092129230499268
ppo_baseline,10,70059,7,1805,13,101,1,1,0,1,0,17.21580599171896,-3.4064748862738194,-47.79909815147494,1.8824719190597534,0.7496974468231201,0.07498369365930557,4.296249178980081,0.1302652657032013,7.463649941943706,0.14011633396148682
ppo_baseline,10,70059,7,1806,14,177,1,1,0,1,0,-5.019984134284272,-2.2704778235172984,43.57886086710746,3.0094833374023438,2.0604095458984375,0.027902323752641678,1.5986853896339974,0.06704889237880707,3.8416185543325154,0.06142676994204521
ppo_baseline,10,70059,7,1807,15,185,1,1,0,1,0,26.704113541403913,-4.727050981160764,-76.1289743002603,1.8641940355300903,1.4805556535720825,0.23650382459163666,13.55067098780311,0.8311561346054077,47.62173862929721,0.6520819067955017
ppo_baseline,10,70059,7,1808,16,74,1,1,0,1,0,0.24835933860000364,1.300099187755247,-2.048469354735204,1.0235623121261597,2.2092297077178955,0.061596035957336426,3.5291928950914384,0.1539793163537979,8.822364959382357,0.13858568668365479
ppo_baseline,10,70059,7,1809,17,20,1,1,0,1,0,-5.215600752113437,-6.415364460961197,53.38275047720368,8.659099578857422,9.68078899383545,0.08238130807876587,4.720101263680276,0.2448149025440216,14.026860677678998,0.20478875935077667
ppo_baseline,10,70059,7,1810,18,161,1,1,0,1,0,1.8741629271164788,-2.6651534745173153,25.95833884630856,0.28797730803489685,0.9272534251213074,0.05653085559606552,3.238979437918066,0.07161596417427063,4.103292492945813,0.09233883768320084
ppo_baseline,10,70059,7,1811,19,138,1,1,0,1,0,-7.160783986219708,8.352979845467093,-46.43278710990558,0.5300348401069641,0.9828964471817017,0.05815012380480766,3.3317566721786998,0.2727504372596741,15.62744891532708,0.194525346159935
ppo_baseline,10,70059,7,1812,20,164,1,1,0,1,0,6.746860862138595,3.807461632066928,5.616068403529624,0.5857454538345337,0.2788505256175995,0.02892647311091423,1.6573648254540463,0.10653813928365707,6.10418573813047,0.08219554275274277
ppo_baseline,10,70059,7,1813,21,86,1,1,0,1,0,-10.974980184808269,-1.5707386034278323,-12.974968856814723,3.477177619934082,1.7463393211364746,0.035041019320487976,2.007702516900337,0.18906451761722565,10.83259891514383,0.1295732855796814
ppo_baseline,10,70059,7,1814,22,146,1,1,0,1,0,12.36847537927427,1.9311676859294051,-32.817979792022406,0.9723835587501526,0.7492008805274963,0.04006132856011391,2.295345048181434,0.06542078405618668,3.748334818856243,0.07277172058820724
ppo_baseline,10,70059,7,1815,23,88,1,1,0,1,0,7.529819107075497,0.9945711658022367,17.40498857134997,0.8471437692642212,1.1465497016906738,0.02229318767786026,1.2773055658344452,0.03779738023877144,2.165630364332783,0.04119187593460083
ppo_baseline,10,70059,7,1816,24,161,1,1,0,1,0,27.453371632975973,7.332959394817389,-83.8058883613012,1.24944269657135,0.6463140845298767,0.2099362313747406,12.028460024654573,0.9003978967666626,51.58899936718576,0.6601351499557495
ppo_baseline,10,70059,7,1817,25,199,1,1,0,1,0,16.7455884484986,-15.465911526361692,-77.80384596777415,1.8416026830673218,1.7826669216156006,0.24331994354724884,13.941205836618808,0.8106245398521423,46.44536490326216,0.6486322283744812
ppo_baseline,10,70059,7,1818,26,762,1,1,0,1,0,-46.481855188902955,-20.250978134332545,-81.34450675048204,10.546915054321289,7.541033744812012,0.26284414529800415,15.05986019529902,0.46609169244766235,26.70508684336064,0.4958899915218353
ppo_baseline,10,70059,7,1819,27,186,1,1,0,1,0,18.133933680330415,56.05201572560134,-68.12656074413329,10.53158187866211,10.265625,0.43681830167770386,25.027845100204797,1.2296093702316284,70.4514273640114,1.051622986793518
ppo_baseline,10,70059,7,1820,28,124,1,1,0,1,0,5.8625699306753845,0.5878060799712973,-12.249766691499449,1.9298081398010254,1.234492540359497,0.02238653227686882,1.2826538173979767,0.07657749205827713,4.387567100635859,0.060675278306007385
ppo_baseline,10,70059,7,1821,29,334,1,1,0,1,0,47.02731409602017,40.56779929226401,95.27271046824208,3.897630453109741,2.9721124172210693,0.2755524218082428,15.787990804220936,0.6412585377693176,36.7414077909124,0.5961816906929016
ppo_baseline,10,70059,7,1822,30,82,1,1,0,1,0,-14.680166564243425,-2.129994492668476,18.57688510838408,1.9830821752548218,0.06344309449195862,0.04025177285075188,2.3062567022673526,0.39765843749046326,22.784150155970412,0.2390809953212738
ppo_baseline,10,70059,7,1823,31,127,1,1,0,1,0,47.06639643845099,53.85018130324267,-46.888005557708595,9.916641235351562,9.476951599121094,0.3678675591945648,21.077258561627545,0.722068190574646,41.37145984057523,0.7289016246795654
ppo_baseline,10,70059,7,1824,32,75,1,1,0,1,0,0.9018854987651637,3.417184622892399,4.5689184414966295,0.7067963480949402,2.4182932376861572,0.041762687265872955,2.3928257214592676,0.14451166987419128,8.279908774179004,0.1140185222029686
ppo_baseline,10,70059,7,1825,33,95,1,1,0,1,0,-4.593015348888435,0.9876999954972039,-17.02909594056749,1.1400576829910278,0.6281833052635193,0.0092584528028965,0.5304702704270369,0.17764346301555634,10.17822068887971,0.09808018803596497
ppo_baseline,10,70059,7,1826,34,132,1,1,0,1,0,-12.055406828477565,0.48975188424659427,8.711113984407543,1.7745331525802612,0.939751923084259,0.022508004680275917,1.289613673440514,0.4245297908782959,24.32376529489779,0.23477290570735931
ppo_baseline,10,70059,7,1827,35,154,1,1,0,1,0,-11.836130435363476,49.96292940129165,79.65433545922737,1.9548819065093994,1.5407568216323853,0.3393346965312958,19.442445953595822,1.0859671831130981,62.221336282091166,0.8823182582855225
ppo_baseline,10,70059,7,1828,36,166,1,1,0,1,0,2.8246793727721333,-0.5260475094960421,-33.046108110300835,0.9420611262321472,0.8747145533561707,0.04390132054686546,2.5153603823863544,0.0827522948384285,4.74135723926418,0.08527746796607971
ppo_baseline,10,70059,7,1829,37,174,1,1,0,1,0,15.39476827596684,1.0671760766794722,-60.25381149920978,7.862232208251953,7.101142406463623,0.14002586901187897,8.022891317032364,0.3585204780101776,20.541710258996016,0.3192861080169678
ppo_baseline,10,70059,7,1830,38,76,1,1,0,1,0,-3.941032811475697,2.366441981355978,-53.58186415188789,2.8251495361328125,2.448798179626465,0.008882297202944756,0.5089181421095905,0.14571796357631683,8.34902431216401,0.08174128085374832
ppo_baseline,10,70059,7,1831,39,169,1,1,0,1,0,10.2421008868659,4.370023332865858,-38.64822926754529,0.25357159972190857,1.2890692949295044,0.047953151166439056,2.7475131761897984,0.12348270416259766,7.075037791379368,0.10969450324773788
ppo_baseline,10,70059,7,1832,40,97,1,1,0,1,0,24.23819668497587,-9.257214929306741,-76.73298158894286,1.7098909616470337,2.400047540664673,0.2323298454284668,13.31151959797793,0.7872657775878906,45.10700641087109,0.6259627342224121
ppo_baseline,10,70059,7,1833,41,253,1,1,0,1,0,-9.228036361172448,10.525089284557868,45.36435427841883,1.990478277206421,1.5336943864822388,0.05261944979429245,3.0148723935134853,0.71830815076828,41.15602542886927,0.41177353262901306
ppo_baseline,10,70059,7,1834,42,268,1,1,0,1,0,0.5500897753744869,12.232363369494257,46.92058556004955,1.7588748931884766,1.7059754133224487,0.05973944813013077,3.4228182482971907,0.23501983284950256,13.46564452414656,0.17724937200546265
ppo_baseline,10,70059,7,1835,43,118,1,1,0,1,0,18.643889264141905,9.11711408905144,-66.67790494193025,1.200749158859253,1.429639220237732,0.12264280021190643,7.026914839808397,0.4949715733528137,28.359782132066268,0.3701285719871521
ppo_baseline,10,70059,7,1836,44,181,1,1,0,1,0,9.889280635099722,3.7812883471674392,-25.355369746379836,1.227770447731018,1.2938306331634521,0.03579109162092209,2.05067849404488,0.07745589315891266,4.437895776421922,0.07451903820037842
ppo_baseline,10,70059,7,1837,45,113,1,1,0,1,0,22.055541433806596,5.0161455679707245,-68.57243549315172,1.2008384466171265,0.6427633762359619,0.12861424684524536,7.3690535294863215,0.44123217463493347,25.280741391960984,0.3492303490638733
ppo_baseline,10,70059,7,1838,46,15,1,1,0,1,0,8.99418434436955,10.743532394593217,22.568857470689732,20.638341903686523,21.370792388916016,0.05484439805150032,3.142352538286484,0.15293973684310913,8.762801440951614,0.1313142627477646
ppo_baseline,10,70059,7,1839,47,189,1,1,0,1,0,9.371306409202635,3.3455769196339857,-33.00523625830748,0.9148251414299011,0.6762442588806152,0.04487396031618118,2.571088536154723,0.09370280057191849,5.3687750013269655,0.09172536432743073
ppo_baseline,10,70059,7,1840,48,410,1,1,0,1,0,5.057126702990801,5.055460136833318,-16.95953729406008,0.7290937900543213,0.9316169023513794,0.02218836359679699,1.2712995883981826,0.12919242680072784,7.40218080073453,0.08678457885980606
ppo_baseline,10,70059,7,1841,49,87,1,1,0,1,0,8.485430873851982,1.907507910644481,-0.20562967515240388,1.9081023931503296,2.484630823135376,0.019250214099884033,1.102956022646584,0.08594769239425659,4.924440033079549,0.06222406029701233
ppo_baseline,10,70059,7,1842,50,11,1,1,0,1,0,6.241590788097732,26.897298611888555,-72.55755034553067,13.408281326293945,15.4164457321167,0.17615997791290283,10.093223253527132,0.847487211227417,48.55744039464311,0.5999035835266113
ppo_baseline,10,70059,7,1843,51,117,1,1,0,1,0,12.46446685786963,-2.1941982708665964,-29.884768713338772,1.8944453001022339,0.16223856806755066,0.03722917661070824,2.1330746945407406,0.01233670674264431,0.7068412294441044,0.043397530913352966
ppo_baseline,10,70059,7,1844,52,73,1,1,0,1,0,-3.0809753911876916,-0.8436786266583151,-20.39807308829794,2.1554293632507324,1.2484923601150513,0.021018600091338158,1.204277076506963,0.20388354361057281,11.681666561057284,0.12296037375926971
ppo_baseline,10,70059,7,1845,53,108,1,1,0,1,0,10.084159592498526,-0.46014984438375905,-7.858829319395011,0.5268998742103577,2.3938446044921875,0.02889721468091011,1.6556884408996313,0.06857092678546906,3.9288247021079457,0.06318268179893494
ppo_baseline,10,70059,7,1846,54,46,1,1,0,1,0,-7.65436077640151,-2.084805961119672,8.336560070702383,2.32204270362854,2.7118959426879883,0.06973639875650406,3.995601327189045,0.18022263050079346,10.325996100441166,0.1598477065563202
ppo_baseline,10,70059,7,1847,55,220,1,1,0,1,0,6.693476103585776,4.261518947711036,-20.52626207864074,0.7910529375076294,0.5741510987281799,0.025411605834960938,1.4559777649932781,0.0670781284570694,3.843293658226461,0.058950670063495636
ppo_baseline,10,70059,7,1848,56,86,1,0,1,0,1,nan,nan,nan,nan,nan,nan,nan,nan,nan,nan
ppo_baseline,10,70059,7,1849,57,117,1,1,0,1,0,-6.057298623912448,16.297268491757304,54.95978651504626,0.5511249899864197,1.1254253387451172,0.06985209882259369,4.002230452665366,0.3035956025123596,17.394746702689538,0.2216499000787735
ppo_baseline,10,70059,7,1850,58,193,1,1,0,1,0,30.819821610713515,11.997555126207558,-72.76677270018651,6.14803409576416,5.6269307136535645,0.2573471963405609,14.744908219838685,1.1519696712493896,66.00300028966296,0.8333320617675781
ppo_baseline,10,70059,7,1851,59,80,1,1,0,1,0,-4.287296081638663,-3.570727275434286,-27.310443094404285,1.934157133102417,2.5111730098724365,0.02929096296429634,1.6782485557281834,0.21722711622714996,12.446196955613491,0.13790452480316162
ppo_baseline,10,70059,7,1852,60,353,1,1,0,1,0,10.129102237237209,3.8581416357084226,-54.26859869179765,2.650068759918213,1.888656497001648,0.09180152416229248,5.259839887367609,0.18035802245140076,10.333753487791009,0.18198053538799286
ppo_baseline,10,70059,7,1853,61,55,1,1,0,1,0,15.927085899120954,1.6022804170149512,0.015217661470788409,1.5938369035720825,4.043995380401611,0.036329641938209534,2.081535154280882,0.07935835421085358,4.546898765386155,0.07600881904363632
ppo_baseline,10,70059,7,1854,62,99,1,1,0,1,0,0.13241004724986719,-3.955184963435964,34.86580710897563,1.2698127031326294,1.383809208869934,0.043739959597587585,2.5061150810145074,0.19394193589687347,11.112054397487608,0.14071092009544373
ppo_baseline,10,70059,7,1855,63,189,1,1,0,1,0,-24.77578721416923,3.627936939922313,65.92390669907421,4.9449872970581055,4.561155319213867,0.18238212168216705,10.449725831029594,0.8326274156570435,47.70603682403351,0.5986958146095276
ppo_baseline,10,70059,7,1856,64,108,1,0,1,0,1,nan,nan,nan,nan,nan,nan,nan,nan,nan,nan
ppo_baseline,10,70059,7,1857,65,94,1,1,0,1,0,0.08245404366039392,-4.407179561950728,32.44649946344375,1.967590093612671,2.8070473670959473,0.054332323372364044,3.1130128203764595,0.18049292266368866,10.341482700610525,0.14457878470420837
ppo_baseline,10,70059,7,1858,66,104,1,1,0,1,0,3.0170038394213523,-0.6869121248281823,22.81335092221951,1.785057783126831,1.3041386604309082,0.03333059325814247,1.9097023223587593,0.04636436700820923,2.6564825493659843,0.056512776762247086
ppo_baseline,10,70059,7,1859,67,93,1,1,0,1,0,-2.022569277402516,2.4255504384332682,5.359622120952325,4.355580806732178,5.457918167114258,0.017931092530488968,1.0273759240555733,0.21548831462860107,12.34657096260604,0.1256752461194992
ppo_baseline,10,70059,7,1860,68,101,1,1,0,1,0,11.165146311679763,1.8093854130280778,-5.669617086622524,0.43433529138565063,1.6000339984893799,0.012301773764193058,0.7048397172130262,0.16668321192264557,9.550244558852276,0.09564337879419327
ppo_baseline,10,70059,7,1861,69,154,1,1,0,1,0,23.96019432537801,0.719369183764083,-70.84923807184045,1.1130592823028564,1.1439907550811768,0.1923539638519287,11.021070301327514,0.7266207337379456,41.63230134988343,0.5556643009185791
ppo_baseline,10,70059,7,1862,70,76,1,1,0,1,0,8.629930355932771,-0.15421201108054788,-19.624076051552095,0.47153016924858093,2.535609722137451,0.04931493476033211,2.825537628730028,0.06855043023824692,3.9276503364575266,0.08359014987945557
ppo_baseline,10,70059,7,1863,71,79,1,0,1,0,1,nan,nan,nan,nan,nan,nan,nan,nan,nan,nan
ppo_baseline,10,70059,7,1864,72,116,1,1,0,1,0,-3.302437444836185,-4.084084293452444,44.17054649452732,1.438657283782959,1.3955591917037964,0.07949159294366837,4.554532782444113,0.09998055547475815,5.728463862077239,0.12948186695575714
ppo_baseline,10,70059,7,1865,73,160,1,1,0,1,0,1.3340179071735305,-4.782566758734628,45.43363971735944,0.8155436515808105,0.6246316432952881,0.06729371845722198,3.8556460553404293,0.05817130208015442,3.3329700979734347,0.0963793694972992
ppo_baseline,10,70059,7,1866,74,169,1,1,0,1,0,28.950043665044184,5.824730682673514,-70.81902131495231,9.434563636779785,8.515904426574707,0.22421225905418396,12.84641615889862,1.0688215494155884,61.238963834146574,0.7586230039596558
ppo_baseline,10,70059,7,1867,75,111,1,1,0,1,0,-13.18812540043248,-0.2250274123952401,20.3010980624621,1.6213233470916748,1.0911213159561157,0.046573493629693985,2.6684646221608905,0.18642643094062805,10.681447682585093,0.1397867053747177
ppo_baseline,10,70059,7,1868,76,403,1,1,0,1,0,-20.82001485446465,1.746834540609101,75.08526675356899,7.440158367156982,4.949367046356201,0.1905449479818344,10.917421326898925,0.8269219994544983,47.37914055526211,0.6040059328079224
ppo_baseline,10,70059,7,1869,77,142,1,1,0,1,0,14.712801208097746,5.325061363752061,-59.52806291876091,1.7454934120178223,1.3947632312774658,0.06955042481422424,3.9849458051970017,0.22709308564662933,13.011475364154794,0.1830969750881195
ppo_baseline,10,70059,7,1870,78,154,1,1,0,1,0,-29.757563270236453,16.559096963400574,66.82248638628108,1.8775129318237305,0.3820536732673645,0.19838212430477142,11.366458453503073,1.30123770236969,74.5554284890836,0.8490009903907776
ppo_baseline,10,70059,7,1871,79,105,1,1,0,1,0,-5.421708540507741,-0.20683178844632613,9.38506241019104,0.928275465965271,1.9786133766174316,0.060482218861579895,3.4653758763550706,0.14738531410694122,8.444556460537687,0.1341748833656311
ppo_baseline,10,70059,7,1872,80,110,1,1,0,1,0,4.307240234015101,-0.035639927089126534,12.36333907701842,0.270944207906723,2.3875207901000977,0.05229385942220688,2.996217439342888,0.1189371719956398,6.814597982571727,0.11176244914531708
ppo_baseline,10,70059,7,1873,81,340,1,1,0,1,0,-22.27304197773648,41.96820663817007,62.844256364585505,2.4605252742767334,2.6969027519226074,0.2749408781528473,15.752951933778771,1.0898510217666626,62.443863845250185,0.819866418838501
ppo_baseline,10,70059,7,1874,82,237,1,1,0,1,0,0.39404727359637565,-5.981292278828546,51.89021753977249,3.7757906913757324,3.3038973808288574,0.07992179691791534,4.57918165449822,0.10942931473255157,6.269837889183966,0.13463646173477173
ppo_baseline,10,70059,7,1875,83,170,1,1,0,1,0,26.00213401926668,49.27428240841429,-65.29979133347513,0.9429730176925659,1.7188197374343872,0.34579354524612427,19.812510725468993,1.2098113298416138,69.31708320703402,0.9506992101669312
ppo_baseline,10,70059,7,1876,84,8,1,1,0,1,0,4.39752167446433,3.220543476687732,-10.452607317085693,19.46062660217285,20.019807815551758,0.028711942955851555,1.645073152990668,0.07729664444923401,4.428771497464431,0.06736026704311371
ppo_baseline,10,70059,7,1877,85,115,1,1,0,1,0,-5.613008478781459,4.456192999434739,-22.757384352160425,0.8910491466522217,0.70265793800354,0.027241358533501625,1.5608148721723327,0.1856253445148468,10.635548811362607,0.12005402892827988
ppo_baseline,10,70059,7,1878,86,158,1,1,0,1,0,-11.401020064476985,-13.239652347531056,70.03344027737413,2.7895491123199463,1.7533942461013794,0.21442587673664093,12.285697755401946,0.7255179286003113,41.56911526987164,0.5771848559379578
ppo_baseline,10,70059,7,1879,87,69,1,1,0,1,0,-4.292049893300993,4.461725452662449,-25.006483683575585,0.34356606006622314,3.4421513080596924,0.060184068977832794,3.4482931463540454,0.21919408440589905,12.558895930692348,0.16978111863136292
ppo_baseline,10,70059,7,1880,88,81,1,1,0,1,0,-3.0325630103506414,6.330588152982998,-22.149169666949128,0.16091692447662354,1.7743556499481201,0.06985989212989807,4.002676976282355,0.21404969692230225,12.264144239702325,0.1768847405910492
ppo_baseline,10,70059,7,1881,89,168,1,1,0,1,0,-6.585900624158075,1.380490514286297,-24.57181044479597,1.5284713506698608,0.9745743274688721,0.023555688560009003,1.3496415380131115,0.17426857352256775,9.984853764608419,0.11068997532129288
ppo_baseline,10,70059,7,1882,90,1,1,1,0,1,0,21.75849650680274,8.305865200572345,-48.38906257122395,17.710037231445312,21.009918212890625,0.08817284554243088,5.051931917240183,0.7874171137809753,45.11567733602242,0.48188140988349915
ppo_baseline,10,70059,7,1883,91,217,1,1,0,1,0,43.1105557768547,45.79139136570637,104.9740379577614,5.449483394622803,3.1331570148468018,0.2799152135848999,16.037960359917772,0.6165271401405334,35.32440308532321,0.5881787538528442
ppo_baseline,10,70059,7,1884,92,205,1,1,0,1,0,-1.837826320732011,-5.750104035801955,-53.36209598515356,1.2325180768966675,1.110236644744873,0.04733440652489662,2.7120617196330823,0.35239893198013306,20.1909715073794,0.22353386878967285
ppo_baseline,10,70059,7,1885,93,129,1,1,0,1,0,-12.972291422660078,-3.8473226160631224,36.92133887931263,1.805676817893982,0.8731215000152588,0.047571368515491486,2.7256386415991867,0.1509537398815155,8.649012196926494,0.12304823845624924
ppo_baseline,10,70059,7,1886,94,203,1,1,0,1,0,-20.87023040524258,-8.117884734235254,70.94660924864814,16.302227020263672,14.289473533630371,0.2057814598083496,11.79040914905941,0.832759439945221,47.7136012585393,0.6221611499786377
ppo_baseline,10,70059,7,1887,95,27,1,1,0,1,0,5.786345019538042,-4.075997349475149,29.175166700087807,13.900339126586914,16.282142639160156,0.03614284098148346,2.070832247851472,0.060414910316467285,3.461519380794952,0.0663502961397171
ppo_baseline,10,70059,7,1888,96,137,1,1,0,1,0,-21.28676266158664,-9.0852580867625,77.10978946507413,3.338566303253174,2.8013713359832764,0.2017713189125061,11.560645000474768,0.854977548122406,48.98660508585711,0.6292600631713867
ppo_baseline,10,70059,7,1889,97,151,1,1,0,1,0,-2.604446753174242,-4.094192973424064,61.87180135131577,1.5767167806625366,0.6839098334312439,0.052069291472435,2.983350643607053,0.1466117948293686,8.400237070560765,0.1253751814365387
ppo_baseline,10,70059,7,1890,98,262,1,1,0,1,0,-15.551917268390493,23.767323443595192,71.45086845469184,2.1700594425201416,1.5275979042053223,0.1570804864168167,9.000048915545653,1.282882571220398,73.50375694182006,0.7985217571258545
ppo_baseline,10,70059,7,1891,99,106,1,1,0,1,0,-12.464726405058089,-1.2828324695334548,11.427862707915134,1.9144552946090698,0.11110706627368927,0.04026288911700249,2.3068936174074564,0.3035852909088135,17.39415589132633,0.19205553829669952
ppo_baseline,10,70059,7,1892,100,151,1,1,0,1,0,11.032189849296296,1.9182859491547612,-49.80875837134612,0.93161541223526,1.0527527332305908,0.06011395901441574,3.444276141348432,0.16307522356510162,9.34352205343267,0.14165157079696655
ppo_baseline,10,70059,7,1893,101,105,1,1,0,1,0,-6.239637353995109,-1.6807866113350778,-51.30883183762101,1.981894612312317,1.5361627340316772,0.03582204878330231,2.0524522087949677,0.23867639899253845,13.675150331652947,0.15516024827957153
ppo_baseline,10,70059,7,1894,102,70,1,1,0,1,0,14.086404559315877,-1.384137835303084,-0.3885148203686653,1.3694605827331543,2.7702128887176514,0.0036967280320823193,0.21180691424601927,0.19399501383304596,11.115095539215556,0.10069423168897629
ppo_baseline,10,70059,7,1895,103,160,1,1,0,1,0,33.81805609029567,22.555497620673187,-74.03194230052631,2.1834709644317627,1.016606330871582,0.26156678795814514,14.986673010795041,1.2131868600845337,69.5104868435721,0.8681602478027344
ppo_baseline,10,70059,7,1896,104,51,1,1,0,1,0,17.021651034372177,0.5392980764858668,0.5705257013711651,1.8444088697433472,3.8760929107666016,0.02727692574262619,1.5628527231442295,0.16690117120742798,9.562732705975998,0.11072751134634018
ppo_baseline,10,70059,7,1897,105,71,1,1,0,1,0,2.868911677837136,-4.963867300063447,49.11690118955885,0.6901847720146179,1.5576375722885132,0.05725228041410446,3.2803140352276907,0.28995177149772644,16.61301276916136,0.20222815871238708
ppo_baseline,10,70059,7,1898,106,1,1,1,0,1,0,-7.102481491464479,3.0517968230533974,-61.122556920122044,20.05727767944336,18.150033950805664,0.026699479669332504,1.5297675002480993,0.13516473770141602,7.744369009283938,0.09428185224533081
ppo_baseline,10,70059,7,1899,107,174,1,1,0,1,0,0.3360589675429674,-4.739399963180148,-52.44783418361233,1.114305853843689,1.4065803289413452,0.046272411942481995,2.6512139121949656,0.3309105932712555,18.95978039061312,0.21172770857810974
ppo_baseline,10,70059,7,1900,108,175,1,1,0,1,0,-12.543464825809997,-14.770051853720794,69.34512113357691,3.0104758739471436,1.922943115234375,0.17403629422187805,9.971545141010647,0.596244752407074,34.16230786974807,0.47215867042541504
ppo_baseline,10,70059,7,1901,109,272,1,1,0,1,0,-2.938251758291105,6.257996902484103,-34.23532600707009,1.69336998462677,1.299565076828003,0.04164339229464531,2.385990623090789,0.1893167942762375,10.847053302974869,0.13630178570747375
ppo_baseline,10,70059,7,1902,110,281,1,1,0,1,0,34.91342718786896,40.58181484044088,93.31911244107836,2.63455867767334,1.7497295141220093,0.28122246265411377,16.11286021435613,0.7031478881835938,40.28740636645665,0.6327964067459106
ppo_baseline,10,70059,7,1903,111,237,1,1,0,1,0,5.755759432434725,-2.7664588402869446,55.718046795944396,0.9817124009132385,1.0882441997528076,0.05485065281391144,3.142710909774498,0.09355185925960541,5.36012670117726,0.10162658244371414
ppo_baseline,10,70059,7,1904,112,189,1,1,0,1,0,-3.1023948644248516,-17.021719336263878,66.9140928834293,4.6212005615234375,3.802361011505127,0.15965719521045685,9.147683454455478,0.4209586977958679,24.1191567330263,0.370136559009552
ppo_baseline,10,70059,7,1905,113,12,1,1,0,1,0,9.706736999341961,13.816379860668594,11.433941576276446,16.693498611450195,18.620838165283203,0.04138758033514023,2.3713336774621765,0.14855645596981049,8.511657946491184,0.11566580832004547
ppo_baseline,10,70059,7,1906,114,202,1,1,0,1,0,22.68538049793015,-5.419850729053498,-75.71506483655753,2.5866127014160156,1.6171095371246338,0.21096856892108917,12.087608609093238,0.7296777367591858,41.807454720959235,0.5758074522018433
ppo_baseline,10,70059,7,1907,115,148,1,1,0,1,0,9.393818712706997,0.8050060955777029,-38.00679254221105,0.648041307926178,0.4806143641471863,0.038875121623277664,2.227380397071576,0.05013439804315567,2.8724894163017534,0.0639423206448555
ppo_baseline,10,70059,7,1908,116,1,1,1,0,1,0,14.436724961845831,-0.7504055633526209,-46.092261198645424,12.223163604736328,13.565619468688965,0.0913771390914917,5.235524413922364,0.23864710330963135,13.673471812664417,0.21070069074630737
ppo_baseline,10,70059,7,1909,117,14,1,1,0,1,0,-2.1659486084594235,22.20330574631065,-75.57938995888439,15.738404273986816,17.969051361083984,0.11888217180967331,6.811446704043413,0.7537362575531006,43.185906423778285,0.4957503080368042
ppo_baseline,10,70059,7,1910,118,112,1,1,0,1,0,11.385242327494254,-0.7522633748068643,-37.263449394460224,0.1727745682001114,0.25416263937950134,0.049389418214559555,2.8298052163008163,0.10577771812677383,6.060616815188605,0.10227827727794647
ppo_baseline,10,70059,7,1911,119,124,1,1,0,1,0,15.77481366176469,0.5643102292264535,-40.83421765102953,2.618577480316162,1.522627592086792,0.05566351115703583,3.1892842621775226,0.06824491918087006,3.9101458422752535,0.08978597074747086
ppo_baseline,10,70059,7,1912,120,96,1,1,0,1,0,-20.143771485120027,4.699525318805613,54.67764506081137,6.735607624053955,7.899505138397217,0.14096590876579285,8.076751627506146,0.5626803636550903,32.23921005232304,0.422306090593338
ppo_baseline,10,70059,7,1913,121,182,1,1,0,1,0,-9.281967534858868,8.873180713033605,37.8495752478957,1.2632524967193604,0.74434894323349,0.046112775802612305,2.6420674351226725,0.7764652371406555,44.488181026784176,0.43434539437294006
ppo_baseline,10,70059,7,1914,122,106,1,1,0,1,0,1.7321359735152337,-4.58487376339778,-42.9059506300778,0.6183642745018005,1.9161157608032227,0.03709175065159798,2.1252007670881854,0.2600080668926239,14.89736487230254,0.16709578037261963
ppo_baseline,10,70059,7,1915,123,93,1,1,0,1,0,5.574977985482827,-4.171346790288528,-54.346517489849155,3.0935935974121094,0.14279034733772278,0.039604369550943375,2.2691632255454826,0.07966016978025436,4.5641915237041575,0.07943445444107056
ppo_baseline,10,70059,7,1916,124,132,1,1,0,1,0,-10.199835676281861,1.647086457970235,-10.427854711533568,1.5514228343963623,0.6554417610168457,0.017761943861842155,1.0176844192318542,0.42011672258377075,24.070915106918502,0.22782030701637268
ppo_baseline,10,70059,7,1917,125,113,1,1,0,1,0,20.58535687533969,-10.902306972039334,-94.10887355442858,3.4268996715545654,2.3770182132720947,0.16608530282974243,9.51598689129643,0.6662300825119019,38.172171912584574,0.49920034408569336
ppo_baseline,10,70059,7,1918,126,59,1,1,0,1,0,14.086828031044417,0.6012069111228624,-31.81142847441597,1.781515121459961,2.380145788192749,0.05377362295985222,3.081001644727314,0.06779835373163223,3.8845595267575623,0.08767279982566833
ppo_baseline,10,70059,7,1919,127,160,1,1,0,1,0,-9.751064927055344,2.200973818523249,5.069926477495405,1.0200649499893188,0.7193081974983215,0.026211561635136604,1.5018118561403544,0.18855156004428864,10.803208611145264,0.12048733979463577
ppo_baseline,10,70059,7,1920,128,25,1,1,0,1,0,-6.918121025387495,7.988316045680113,23.060754034335712,20.164020538330078,19.230731964111328,0.0190738532692194,1.092851291378079,0.22955672442913055,13.152631468636862,0.13385221362113953
ppo_baseline,10,70059,7,1921,129,24,1,1,0,1,0,-4.780872871820465,3.604113240097308,7.3052424871654775,20.99214744567871,21.405170440673828,0.02157406322658062,1.2361027698314606,0.22243741154670715,12.744724887440885,0.13279277086257935
ppo_baseline,10,70059,7,1922,130,266,1,1,0,1,0,50.62794393964077,27.895134608114056,88.456810053973,8.3580904006958,6.772763729095459,0.24466605484485626,14.018332332726592,0.6002955436706543,34.39440111283969,0.5448138117790222
ppo_baseline,10,70059,7,1923,131,144,1,1,0,1,0,-3.0052422536705903,1.731753482921713,22.2091933693752,0.400955468416214,0.8008437156677246,0.04380542039871216,2.5098657086424905,0.10001073032617569,5.730192753710898,0.0938107818365097
ppo_baseline,10,70059,7,1924,132,57,1,1,0,1,0,9.94165452565538,1.8918531170668118,-54.1014503024291,2.638559103012085,3.945636510848999,0.08577769994735718,4.91470018332311,0.140943244099617,8.075453037790197,0.15624931454658508
ppo_baseline,10,70059,7,1925,133,102,1,1,0,1,0,-5.494327111763317,0.28794711502939757,-19.18180764241543,2.036374807357788,3.8095459938049316,0.02011299505829811,1.1523897302079629,0.18791824579238892,10.766922377405924,0.11407211422920227
ppo_baseline,10,70059,7,1926,134,92,1,1,0,1,0,7.021489108286468,-3.378990205053688,26.43486748432201,0.86918044090271,3.002149820327759,0.04466058686375618,2.558863137870635,0.16008375585079193,9.172123578853077,0.12470246851444244
ppo_baseline,10,70059,7,1927,135,139,1,1,0,1,0,-8.617526732400028,1.9427380263834069,-10.665818502216812,0.5414646863937378,1.7054938077926636,0.039647772908210754,2.2716500547336023,0.1935872584581375,11.091732877159528,0.1364414095878601
ppo_baseline,10,70059,7,1928,136,76,1,1,0,1,0,-2.5506248625145416,0.23319631864257534,-18.659544057719575,0.633526623249054,2.241687297821045,0.012273906730115414,0.7032430537728299,0.20046915113925934,11.48603628284978,0.11250848323106766
ppo_baseline,10,70059,7,1929,137,135,1,1,0,1,0,14.171139886159056,-17.132040551737923,-79.27659867736898,4.613867282867432,3.488234043121338,0.2617519199848175,14.99728029457607,0.798793375492096,45.7674891187059,0.6611486077308655
ppo_baseline,10,70059,7,1930,138,132,1,1,0,1,0,10.785223869286975,-14.349366842361368,71.06783144603753,1.7741405963897705,1.4782342910766602,0.1580086499452591,9.053228768423372,0.4576999545097351,26.22427567673759,0.38685864210128784
ppo_baseline,10,70059,7,1931,139,129,1,1,0,1,0,-6.317446869019894,-5.737918978322652,51.39557524008017,0.4215297996997833,0.5715758800506592,0.09149172157049179,5.2420895063752155,0.20005732774734497,11.462440540588323,0.19152039289474487
ppo_baseline,10,70059,7,1932,140,18,1,1,0,1,0,-14.596346482749029,0.6317788378478394,-9.515778570526745,16.335464477539062,14.587220191955566,0.038558609783649445,2.2092456044949573,0.19649843871593475,11.258531219333117,0.13680782914161682
ppo_baseline,10,70059,7,1933,141,105,1,1,0,1,0,17.41355362856917,1.1525124601696115,-53.8023426582959,1.836432695388794,1.2522505521774292,0.06478489190340042,3.711900882276103,0.18446950614452362,10.56932415094381,0.15701964497566223
ppo_baseline,10,70059,7,1934,142,85,1,1,0,1,0,14.375867976341018,2.01945471114099,-6.623548626863185,1.0369499921798706,1.855987310409546,0.012855901382863522,0.7365888910744784,0.09175435453653336,5.2571372668904,0.058733079582452774
ppo_baseline,10,70059,7,1935,143,140,1,1,0,1,0,5.710885089587741,2.8365912226846355,10.463480978244354,0.6740478277206421,1.173026204109192,0.02483540028333664,1.4229636187531984,0.11398899555206299,6.5310883560687225,0.08182989805936813
ppo_baseline,10,70059,7,1936,144,151,1,1,0,1,0,19.195850511348976,-11.576473963876271,-77.47025952871073,2.6339316368103027,2.2630257606506348,0.22568008303642273,12.930516278148987,0.7050568461418152,40.39678160073065,0.5782085061073303
ppo_baseline,10,70059,7,1937,145,192,1,1,0,1,0,34.29466669057916,2.433418816357123,-76.90838084682879,3.367990255355835,3.4361648559570312,0.282287061214447,16.17385721873893,1.0248266458511353,58.71824153981835,0.7947003841400146
ppo_baseline,10,70059,7,1938,146,220,1,1,0,1,0,2.6415483407457514,5.810114077849686,17.192419424000835,0.28334787487983704,1.0501511096954346,0.02223827876150608,1.2741595166697137,0.13224315643310547,7.576974733105265,0.08835985511541367
ppo_baseline,10,70059,7,1939,147,116,1,1,0,1,0,-5.179045579675528,-1.4429867451919138,39.740772666802194,1.435912013053894,2.184074878692627,0.06473752856254578,3.709187162741492,0.09847084432840347,5.641963785107258,0.11397294700145721
ppo_baseline,10,70059,7,1940,148,103,1,1,0,1,0,-6.752611881419746,0.9321295764099802,18.06295435447564,1.000732421875,0.4241796135902405,0.04313262924551964,2.4713176150708196,0.2259887456893921,12.948201345457443,0.15612700581550598
ppo_baseline,10,70059,7,1941,149,128,1,1,0,1,0,-1.8623057187173366,-5.7741463016804,45.046436293311416,0.2702540457248688,1.6742353439331055,0.07090640813112259,4.0626379263454275,0.0503549687564373,2.885127187256981,0.09608389437198639
ppo_baseline,10,70059,7,1942,150,260,1,1,0,1,0,42.14368785832604,40.290862442176675,-69.70652010294063,6.44932746887207,5.928159713745117,0.3293568193912506,18.87075570497117,0.9262577295303345,53.07065864345829,0.7924857139587402
ppo_baseline,10,70059,7,1943,151,153,1,1,0,1,0,-16.285151736169702,-6.9332020830748835,64.55057422303808,2.697673797607422,2.9992165565490723,0.1313427835702896,7.525387168077805,0.47143635153770447,27.011313252156285,0.36706095933914185
ppo_baseline,10,70059,7,1944,152,246,1,1,0,1,0,-27.22312595605484,28.21220564976439,66.3171070292135,12.694149017333984,11.182560920715332,0.23515161871910095,13.47319529827401,1.1401575803756714,65.32621733537391,0.8052303791046143
ppo_baseline,10,70059,7,1945,153,139,1,1,0,1,0,47.47919941150822,23.850501487307607,-79.12420349660765,0.8690109848976135,1.4184595346450806,0.33610785007476807,19.25756127050004,1.0289710760116577,58.95569989650301,0.8505933880805969
ppo_baseline,10,70059,7,1946,154,184,1,1,0,1,0,-38.78641765483299,26.34924423288673,59.45776661182314,3.5772705078125,2.7087831497192383,0.28279221057891846,16.20280014534686,1.404227614402771,80.45631578100274,0.984906017780304
ppo_baseline,10,70059,7,1947,155,81,1,1,0,1,0,9.825814517331963,-2.325228619904121,-2.445767798376506,1.3441585302352905,1.9598751068115234,0.026502374559640884,1.5184742093423063,0.061441466212272644,3.520336701058871,0.057223107665777206
ppo_baseline,10,70059,7,1948,156,193,1,1,0,1,0,7.9578943831168765,1.4078112709663482,-31.248019830159954,0.3564533293247223,0.5119794011116028,0.041799772530794144,2.394950550621376,0.0943705141544342,5.407032171528677,0.08898502588272095
ppo_baseline,10,70059,7,1949,157,49,1,1,0,1,0,-2.1684621180739883,1.624150682737332,-8.596872240349908,3.9696273803710938,5.678562641143799,0.013616817072033882,0.7801861486292285,0.3965039849281311,22.718004896500716,0.21186880767345428
ppo_baseline,10,70059,7,1950,158,144,1,1,0,1,0,-3.4300800200453834,5.43172159783098,13.232603592307603,0.8632754683494568,0.2210502028465271,0.029056096449494362,1.664791695681083,0.17977941036224365,10.30060145710706,0.11894579976797104
ppo_baseline,10,70059,7,1951,159,61,1,1,0,1,0,9.612179860472304,-4.3037431771600545,57.12184191567878,9.935677528381348,7.78473424911499,0.030413256958127022,1.7425512649475625,0.060717660933732986,3.4788657134092573,0.060772087424993515
ppo_baseline,10,70059,7,1952,160,126,1,1,0,1,0,-27.95701612199437,18.40016079379917,65.08677139364077,2.2733194828033447,0.5346945524215698,0.19437386095523834,11.136801880397858,1.0169165134429932,58.26502433744215,0.7028321027755737
ppo_baseline,10,70059,7,1953,161,113,1,1,0,1,0,-5.241009055825884,2.8537759786363877,-30.895527427473937,0.08038133382797241,2.2358033657073975,0.025446129962801933,1.4579558518099374,0.20902955532073975,11.976511313374749,0.12996090948581696
ppo_baseline,10,70059,7,1954,162,314,1,1,0,1,0,6.516874732405926,4.266983099047046,-0.29032402086056197,1.3402119874954224,1.4056661128997803,0.015318356454372406,0.8776771739125229,0.19797758758068085,11.343280206554635,0.11430715024471283
ppo_baseline,10,70059,7,1955,163,143,1,1,0,1,0,-6.3848198549929,7.865181395323123,-35.3950374866249,1.6545237302780151,1.3238579034805298,0.058156758546829224,3.3321368148946933,0.2427939474582672,13.911068480679772,0.17955373227596283
ppo_baseline,10,70059,7,1956,164,85,1,1,0,1,0,-6.424489593692334,1.5607255461045937,1.6220743052296482,0.9011091589927673,3.0107200145721436,0.05462495610117912,3.12977944068496,0.1581762284040451,9.062830306849119,0.13371306657791138
ppo_baseline,10,70059,7,1957,165,159,1,1,0,1,0,13.669148302919798,-5.0326609653838155,-54.02232939108367,0.7565386295318604,0.7818060517311096,0.08529593795537949,4.887097254452973,0.17603963613510132,10.086328177560004,0.17331576347351074
ppo_baseline,10,70059,7,1958,166,108,1,1,0,1,0,14.829624763661645,5.497619262943263,-62.40493859717028,2.31272292137146,1.4950670003890991,0.1113957017660141,6.382503567090619,0.3352324068546295,19.20740206878276,0.27901190519332886
ppo_baseline,10,70059,7,1959,167,164,1,1,0,1,0,9.356293653406947,4.234102568382604,11.731929069385762,0.2902835011482239,0.687437117099762,0.021561993286013603,1.2354112131779968,0.10673616081476212,6.115531536115507,0.07493007183074951
ppo_baseline,10,70059,7,1960,168,100,1,1,0,1,0,10.55246468275128,-4.682081015665401,-52.93545504883788,0.7871074676513672,0.8401390910148621,0.05156668275594711,2.9545532854058103,0.06974880397319794,3.996312093749549,0.08644108474254608
ppo_baseline,10,70059,7,1961,169,12,1,1,0,1,0,11.490304297307391,36.604254177283956,-68.01257854726411,10.95503044128418,15.196648597717285,0.19669826328754425,11.269980323929351,0.8996245861053467,51.54469193003989,0.6465105414390564
ppo_baseline,10,70059,7,1962,170,104,1,1,0,1,0,-0.5685586068902014,0.6862837474245412,-7.532018427988241,0.8360474705696106,0.8698824048042297,0.020632192492485046,1.1821375519208956,0.1252032071352005,7.173615350349223,0.0832337960600853
ppo_baseline,10,70059,7,1963,171,88,1,1,0,1,0,-0.9200674623357377,-3.736345702428755,-29.97536434248982,0.87955641746521,2.4446513652801514,0.052868474274873734,3.0291404452462305,0.189097598195076,10.834494292638508,0.14741727709770203
ppo_baseline,10,70059,7,1964,172,63,1,1,0,1,0,-9.597959406620339,-1.0200614317847243,-17.442896121243542,0.7443147897720337,1.8235617876052856,0.02856799028813839,1.6368252726810544,0.21909166872501373,12.553027944421661,0.1381138265132904
ppo_baseline,10,70059,7,1965,173,58,1,1,0,1,0,13.783048537518932,0.7121838247572295,6.27790007372552,1.1879017353057861,4.27735710144043,0.008044266141951084,0.4609024992137827,0.10298342257738113,5.900515473496213,0.05953597649931908
ppo_baseline,10,70059,7,1966,174,103,1,1,0,1,0,19.960831698390404,-5.3583243850100235,-65.64763920752553,5.41414213180542,3.4468204975128174,0.0881563201546669,5.05098508226649,0.2663160264492035,15.258784332233763,0.22131434082984924
ppo_baseline,10,70059,7,1967,175,150,1,1,0,1,0,1.4483552738795438,4.462681679146251,17.90146136173986,0.8700762391090393,0.5345260500907898,0.013837477192282677,0.7928290422263337,0.11816293001174927,6.770237184572964,0.07291894406080246
ppo_baseline,10,70059,7,1968,176,123,1,1,0,1,0,2.9875247429635774,1.5761617736288225,-1.9732826323517039,0.3207443356513977,2.674189567565918,0.043965693563222885,2.519048684538161,0.13549555838108063,7.763323638004369,0.1117134690284729
ppo_baseline,10,70059,7,1969,177,165,1,1,0,1,0,23.443080703316344,-7.73484772558094,-79.62493832503962,2.1110429763793945,2.156450033187866,0.22399277985095978,12.83384092686298,0.7848843336105347,44.97055972182174,0.6164349317550659
ppo_baseline,10,70059,7,1970,178,107,1,1,0,1,0,-9.07432978409048,7.375224605401429,28.71153345922734,0.26519718766212463,0.5669205188751221,0.035055842250585556,2.0085518082349454,0.401187539100647,22.986352783706764,0.23564961552619934
ppo_baseline,10,70059,7,1971,179,89,1,0,1,0,1,nan,nan,nan,nan,nan,nan,nan,nan,nan,nan
ppo_baseline,10,70059,7,1972,180,128,1,1,0,1,0,13.833509975106985,0.4031587459491726,-32.41357795164429,1.161003589630127,0.8206296563148499,0.044206403195858,2.5328403305762976,0.08740110695362091,5.00771455321399,0.08790695667266846
ppo_baseline,10,70059,7,1973,181,81,1,1,0,1,0,15.94136099448628,-1.5005242587601013,-26.990790241247687,2.5549099445343018,1.0514276027679443,0.025157282128930092,1.441406090007585,0.057111095637083054,3.2722247433728686,0.05371282994747162
ppo_baseline,10,70059,7,1974,182,199,1,1,0,1,0,39.12901994360083,37.97306506808953,-65.17537260755417,0.5542250275611877,0.7368006706237793,0.3256009817123413,18.655562057433457,1.1747134923934937,67.30612525122052,0.9129577279090881
ppo_baseline,10,70059,7,1975,183,75,1,1,0,1,0,-8.92952977368621,-4.283962949323698,16.96502876615277,3.022933006286621,0.7207133173942566,0.04550784453749657,2.607407426736031,0.1597939133644104,9.155516827659836,0.12540480494499207
ppo_baseline,10,70059,7,1976,184,82,1,1,0,1,0,16.859802871799555,3.2062000794307055,-38.382944720181996,2.0953168869018555,0.35957831144332886,0.057227034121751785,3.278867529227529,0.1786692589521408,10.236994466687669,0.1465616673231125
ppo_baseline,10,70059,7,1977,185,228,1,1,0,1,0,29.743083269196028,38.53715673126254,-65.58256116511366,2.4569931030273438,3.5580618381500244,0.2821100354194641,16.16371438782146,1.1729099750518799,67.2027913192674,0.868565022945404
ppo_baseline,10,70059,7,1978,186,66,1,1,0,1,0,-11.140052196669137,-5.494982809923639,17.88490498319175,2.8266117572784424,0.46620437502861023,0.06287450343370438,3.602443685732063,0.24869737029075623,14.249309693662559,0.18722319602966309
ppo_baseline,10,70059,7,1979,187,135,1,1,0,1,0,-19.173611415411415,2.077839168166259,59.347718603915894,0.9612812399864197,0.16478894650936127,0.11192093789577484,6.412597380573695,0.4772914946079254,27.346788238525214,0.35056668519973755
ppo_baseline,10,70059,7,1980,188,77,1,1,0,1,0,13.735537741652323,-1.4497076513352063,-8.825601615275296,1.6616541147232056,2.744973659515381,0.03334249556064606,1.9103842740587027,0.052727535367012024,3.0210652406565712,0.05970626324415207
ppo_baseline,10,70059,7,1981,189,132,1,1,0,1,0,21.177247408434656,-8.041004124937592,-78.12049353769594,1.9316047430038452,1.3971210718154907,0.2372816950082779,13.595239679684736,0.7832869291305542,44.879035186943575,0.6289251446723938
ppo_baseline,10,70059,7,1982,190,202,1,1,0,1,0,2.347276470544922,2.0522942606704113,11.76871646825545,0.8781968355178833,0.5833659172058105,0.03595529496669769,2.0600866527397494,0.1178598403930664,6.7528714286082065,0.0948852151632309
ppo_baseline,10,70059,7,1983,191,73,1,0,1,0,1,nan,nan,nan,nan,nan,nan,nan,nan,nan,nan
ppo_baseline,10,70059,7,1984,192,115,1,1,0,1,0,8.426950794178332,4.358425671655176,20.910391917562258,0.5399983525276184,0.8371673822402954,0.031138520687818527,1.784105815692803,0.11931288242340088,6.836124604401492,0.09079496562480927
ppo_baseline,10,70059,7,1985,193,132,1,1,0,1,0,7.578695940776108,5.520158887204305,7.399171248631493,0.7029010653495789,0.41121599078178406,0.025316502898931503,1.450528768139489,0.1181025356054306,6.766776839984706,0.0843677669763565
ppo_baseline,10,70059,7,1986,194,116,1,1,0,1,0,-8.631023186199974,-5.573939796728986,40.492189098151975,1.7550106048583984,1.112609624862671,0.06466005742549896,3.70474839355463,0.11926932632923126,6.833629024033499,0.1242947205901146
ppo_baseline,10,70059,7,1987,195,131,1,1,0,1,0,-23.19970740281045,17.225245313151916,63.05713970063646,2.180053234100342,0.6205866932868958,0.1365797370672226,7.825442500958343,0.712652325630188,40.831970518792595,0.4929059147834778
ppo_baseline,10,70059,7,1988,196,233,1,1,0,1,0,-1.0431747919360475,1.475170596561014,21.02621826550733,1.3438429832458496,1.6071741580963135,0.04682256653904915,2.682735448657986,0.09424375742673874,5.399769546006837,0.09394444525241852
ppo_baseline,10,70059,7,1989,197,81,1,1,0,1,0,-4.134900900877339,4.48359571838483,-10.024709625962736,1.317858338356018,3.1143486499786377,0.04748361185193062,2.7206105551529993,0.17498818039894104,10.0260842015332,0.13497769832611084
ppo_baseline,10,70059,7,1990,198,145,1,1,0,1,0,-6.1778378023848335,-10.51544505744981,61.29585247974361,1.116325855255127,1.2363147735595703,0.13630197942256927,7.809528160192213,0.35838252305984497,20.533806022579018,0.31549322605133057
ppo_baseline,10,70059,7,1991,199,54,1,1,0,1,0,7.499875557754161,2.2968696744702277,49.32277675152138,2.013890504837036,3.7639753818511963,0.037229180335998535,2.133074907984152,0.08540321886539459,4.8932439978191615,0.07993078976869583
ppo_baseline,10,70059,7,1992,200,185,1,1,0,1,0,10.16661363615892,-23.81518940929864,-86.27918182203285,4.373800277709961,3.4229462146759033,0.23445230722427368,13.433127701055422,0.7267777323722839,41.64129670902033,0.5978411436080933
ppo_baseline,10,70059,7,1993,201,162,1,1,0,1,0,-5.284394417433806,-1.2097767661709984,26.314219022822904,3.806554079055786,4.161163806915283,0.05617354065179825,3.218506799654599,0.10666247457265854,6.111309625434793,0.10950477421283722
ppo_baseline,10,70059,7,1994,202,132,1,1,0,1,0,-8.23825998816756,-4.105613049716324,40.00932204458875,1.3911198377609253,1.0770012140274048,0.060909703373909,3.489868934718736,0.22235481441020966,12.739992420119712,0.17208710312843323
ppo_baseline,10,70059,7,1995,203,82,1,1,0,1,0,-9.664348845352862,-2.264904389154568,23.48836485751353,2.1766223907470703,0.3888934850692749,0.05449771136045456,3.122488854076206,0.24626106023788452,14.109719410047715,0.17762824892997742
ppo_baseline,10,70059,7,1996,204,498,1,1,0,1,0,0.8929925924658071,4.264838419647662,-5.341658723435192,1.4697613716125488,0.13337402045726776,0.019597193226218224,1.1228364621646698,0.12019157409667969,6.886469928773656,0.07969298213720322
ppo_baseline,10,70059,7,1997,205,165,1,1,0,1,0,-7.390715474439017,0.23852386619518529,-26.674251954352616,0.3134205937385559,0.6185411810874939,0.017467496916651726,1.0008138519819225,0.20516857504844666,11.755293438989083,0.1200517863035202
ppo_baseline,10,70059,7,1998,206,88,1,1,0,1,0,19.94174814984939,-16.612509042710073,-74.13570653439714,5.03909158706665,5.152573108673096,0.23789358139038086,13.630298186920765,0.7294392585754395,41.793790927524626,0.6026132106781006
ppo_baseline,10,70059,7,1999,207,174,1,1,0,1,0,-28.871059357482157,7.127643908366807,69.42437864870574,3.029473066329956,3.4766786098480225,0.21532052755355835,12.336957471349246,1.126069188117981,64.51901191888346,0.7783551216125488
