method,seed,case_seed,batch_idx,case_id,env_id,sim_step,done_reached,dropped,crashed,timeout,no_drop_done,roll_deg,pitch_deg,yaw_deg,landing_error_xy_m,release_to_target_xy_m,delta_theta_rad,delta_theta_deg,delta_omega_rad_s,delta_omega_deg_s,impulse_metric
ppo,10,10,0,0,0,110,1,1,0,1,0,-7.439401062842868,3.116587997520138,-54.26750586153045,0.784562349319458,0.7948333621025085,0.05113108083605766,2.929595133848349,0.11341418325901031,6.498154037664567,0.10783816874027252
ppo,10,10,0,1,1,217,1,1,0,1,0,-5.940201860781749,2.588163582192932,-22.60466132231894,0.6090468764305115,0.18672536313533783,0.024936996400356293,1.4287846474733417,0.12855184078216553,7.365477925455821,0.08921291679143906
ppo,10,10,0,2,2,152,1,1,0,1,0,-2.4829786689747353,2.4846179143755385,-16.52011024361814,0.40379583835601807,0.2759079337120056,0.02236885391175747,1.281640921688405,0.30984094738960266,17.752578605759215,0.17728932201862335
ppo,10,10,0,3,3,323,1,1,0,1,0,25.940443750683126,56.04748047999245,-73.91828795273729,9.679672241210938,9.40431022644043,0.5189864635467529,29.73573398564909,0.61598801612854,35.29351355480183,0.826980471611023
ppo,10,10,0,4,4,174,1,1,0,1,0,35.70542860326696,15.969596996515113,-80.3676804161435,2.3530266284942627,2.3719749450683594,0.1872681975364685,10.729677355861845,0.6222437024116516,35.651937976782,0.4983900487422943
ppo,10,10,0,5,5,135,1,1,0,1,0,6.393166346158655,-3.3851646960633794,39.310429767956364,0.27654802799224854,1.713802456855774,0.0343012809753418,1.9653186317794689,0.2666226923465729,15.276354993873621,0.16761262714862823
ppo,10,10,0,6,6,79,1,1,0,1,0,3.930732886207318,14.64497742963952,-45.49366341978551,0.3133090138435364,4.8308281898498535,0.06669529527425766,3.8213589325937884,0.07254979759454727,4.156797206695931,0.1029701977968216
ppo,10,10,0,7,7,300,1,1,0,1,0,-35.53218768515875,39.68643168176557,67.32027057299162,4.186267852783203,4.566924571990967,0.34566745162010193,19.80528609287441,1.0857163667678833,62.206965564077464,0.8885256052017212
ppo,10,10,0,8,8,85,1,1,0,1,0,2.27121548394766,4.485139341137253,6.961028273753516,1.0527642965316772,3.5221407413482666,0.054381754249334335,3.115845001004488,0.061097901314496994,3.5006518824274826,0.08493070304393768
ppo,10,10,0,9,9,116,1,1,0,1,0,8.732560778401382,2.5034555761064334,-17.824567092063855,0.38962119817733765,0.5440544486045837,0.035039179027080536,2.0075970758550246,0.20103159546852112,11.518261969127545,0.1355549693107605
ppo,10,10,0,10,10,176,1,1,0,1,0,-26.601250892503522,6.440649821268583,36.48325054594801,0.5568259954452515,1.4492056369781494,0.06930311769247055,3.970776150876987,0.28150200843811035,16.12887700795981,0.21005412936210632
ppo,10,10,0,11,11,253,1,1,0,1,0,-8.261701197399043,25.56770666729719,76.74325419345458,3.607952833175659,3.0865752696990967,0.14980685710906982,8.583300654469094,0.3578866720199585,20.50539585072635,0.3287501931190491
ppo,10,10,0,12,12,130,1,1,0,1,0,-29.589376692114058,0.13093472638914444,65.54961233255752,1.7161638736724854,2.605201005935669,0.16031859815120697,9.185579051518001,0.5069202184677124,29.044389068049572,0.41377872228622437
ppo,10,10,0,13,13,104,1,1,0,1,0,-26.817084870275924,5.215723695518497,44.316439335198794,0.5921760201454163,2.229156255722046,0.1018044576048851,5.832965756378433,0.45345598459243774,25.98111411209597,0.32853245735168457
ppo,10,10,0,14,14,122,1,1,0,1,0,3.281045292355705,-1.1946957084836103,41.5547752877092,0.786497175693512,2.333073139190674,0.03778883442282677,2.165140725146658,0.22685207426548004,12.99766642920032,0.1512148678302765
ppo,10,10,0,15,15,96,1,1,0,1,0,3.8571307677112605,-5.09429659245401,15.00934070110302,0.15719547867774963,3.404416084289551,0.026652954518795013,1.5271018054810903,0.18810108304023743,10.777398180045433,0.12070349603891373
ppo,10,10,0,16,16,161,1,1,0,1,0,-9.05870231126949,2.770037859412031,37.48127778747027,0.6744440793991089,0.626562774181366,0.04589590057730675,2.629641400031715,0.18457214534282684,10.575204943819191,0.13818196952342987
ppo,10,10,0,17,17,51,1,1,0,1,0,4.284085892728758,6.271466035527368,-11.040222151760231,0.40529102087020874,4.662530899047852,0.029653560370206833,1.6990238567492466,0.545332133769989,31.245229697884007,0.30231961607933044
ppo,10,10,0,18,18,85,1,1,0,1,0,7.18321432745403,-5.723930750902466,-41.14070189946634,0.7513018250465393,1.8388468027114868,0.04877256974577904,2.794462402440585,0.16135384142398834,9.244894121817685,0.1294494867324829
ppo,10,10,0,19,19,241,1,1,0,1,0,-20.659314163672587,-5.19587516579044,43.94539613872702,0.7419876456260681,1.052622675895691,0.044120270758867264,2.527905305457552,0.25647297501564026,14.694819027560396,0.1723567545413971
ppo,10,10,0,20,20,200,1,1,0,1,0,3.5280249327433664,3.629207355107935,-2.4486091570712314,0.7152082920074463,1.3885712623596191,0.017288221046328545,0.9905421012438697,0.19647042453289032,11.256926124878163,0.11552343517541885
ppo,10,10,0,21,21,154,1,1,0,1,0,18.058255184326672,5.502591640659032,-27.750853692086707,0.6989578604698181,2.1982529163360596,0.03544440120458603,2.0308145963911906,0.28177371621131897,16.14444471662556,0.17633125185966492
ppo,10,10,0,22,22,107,1,1,0,1,0,8.206294702851899,7.235793123684788,-19.029521744680824,0.634220540523529,2.818344831466675,0.023747673258185387,1.3606414509497111,0.7395594120025635,42.37363300692368,0.39352738857269287
ppo,10,10,0,23,23,273,1,1,0,1,0,-46.47983345290863,52.26877394433128,51.91633618315862,4.295810699462891,3.9924137592315674,0.4229542315006256,24.233492392185024,0.5156199932098389,29.54284944348793,0.6807641983032227
ppo,10,10,0,24,24,137,1,1,0,1,0,4.445128092979318,9.995572038963461,42.4145595004304,0.32835447788238525,1.0145872831344604,0.05650830268859863,3.237687251504464,0.16873878240585327,9.668020072031744,0.14087769389152527
ppo,10,10,0,25,25,67,1,1,0,1,0,-1.6307896266105844,-5.907143745198888,-22.18725480176112,0.2108440399169922,4.198177814483643,0.02604779787361622,1.4924288837680495,0.1323118656873703,7.580911483388131,0.09220372885465622
ppo,10,10,0,26,26,89,1,1,0,1,0,-4.439745903913348,-0.749367374598779,7.4090613625496715,0.13858158886432648,2.071042060852051,0.016209492459893227,0.9287355060010127,0.11343362927436829,6.499268212272925,0.07292630523443222
ppo,10,10,0,27,27,89,1,1,0,1,0,15.546699003864603,3.2360343457253213,-30.140764203430848,0.8090227246284485,2.875478982925415,0.05039491876959801,2.8874161544025814,0.23697645962238312,13.577750980314919,0.16888314485549927
ppo,10,10,0,28,28,85,1,1,0,1,0,0.8750428553270135,-0.7968508497087076,-11.1952947666762,0.6578546762466431,3.0855484008789062,0.03387356549501419,1.9408123399242863,0.1259092390537262,7.21406799948227,0.09682818502187729
ppo,10,10,0,29,29,94,1,1,0,1,0,-20.357146594791224,7.531881824204841,37.37666661014236,0.3557552397251129,2.5980005264282227,0.07132238149642944,4.086471444567364,0.5453803539276123,31.247992509403275,0.3440125584602356
ppo,10,10,0,30,30,240,1,1,0,1,0,8.257821649950476,-3.013657046728046,-62.7485244331786,2.796950101852417,3.320075035095215,0.08566073328256607,4.907998487086858,0.3883308470249176,22.24971858926818,0.27982616424560547
ppo,10,10,0,31,31,156,1,1,0,1,0,-5.856545703827433,-0.9712665603541533,-18.199462515227516,0.579063892364502,1.2193466424942017,0.011480998247861862,0.6578127441995777,0.10625212639570236,6.087798406764317,0.06460706144571304
ppo,10,10,0,32,32,152,1,1,0,1,0,16.161593614084172,2.684127740031611,-48.779585467208605,2.0896177291870117,3.5060133934020996,0.07503695040941238,4.299300565991785,0.2310343086719513,13.237290809625524,0.19055411219596863
ppo,10,10,0,33,33,221,1,1,0,1,0,-4.828629554497194,8.3026413512841,-18.65069213255524,0.9098845720291138,0.20319977402687073,0.04286795109510422,2.4561526741226873,0.1196894720196724,6.857701598876385,0.10271269083023071
ppo,10,10,0,34,34,173,1,1,0,1,0,18.605571902898134,8.84331912598231,-29.806194217126944,1.0596153736114502,0.5343000888824463,0.055982835590839386,3.2075802045298714,0.4853578507900238,27.80895640380871,0.2986617684364319
ppo,10,10,0,35,35,232,1,1,0,1,0,-33.723061819319135,34.90383760227426,62.823629193292064,6.192747592926025,5.945281028747559,0.28775957226753235,16.487409005419412,1.0002667903900146,57.31106547644481,0.7878929376602173
ppo,10,10,0,36,36,52,1,1,0,1,0,-1.472602445433089,3.8472952953064423,-7.930846834003626,0.5747028589248657,3.7227306365966797,0.03559362143278122,2.039364285684754,0.08801054954528809,5.042633041572034,0.07959889620542526
ppo,10,10,0,37,37,167,1,1,0,1,0,23.27339148357655,4.556446516072186,-70.23282715962513,6.570313930511475,5.52223014831543,0.16201119124889374,9.282557492448428,0.6736097931861877,38.594998188248795,0.4988160729408264
ppo,10,10,0,38,38,194,1,1,0,1,0,-7.56862824193951,3.6015587493477237,-16.89495102526844,0.8245446085929871,0.8019925355911255,0.028158634901046753,1.6133709366797595,0.08129990100860596,4.658141202624506,0.06880858540534973
ppo,10,10,0,39,39,123,1,1,0,1,0,4.400130806727274,-4.35499691669183,-30.809357760905055,1.0177243947982788,2.0542185306549072,0.0474286824464798,2.7174633320495043,0.18854737281799316,10.802968700750668,0.14170236885547638
ppo,10,10,0,40,40,119,1,1,0,1,0,4.326829216554698,1.4754847852628346,-1.7952059403111313,0.44751110672950745,0.35965994000434875,0.04067540541291237,2.3305290601434625,0.12791678309440613,7.32909180019987,0.10463379323482513
ppo,10,10,0,41,41,143,1,1,0,1,0,-7.698729685249912,7.4453160066640995,-33.85922847061251,0.5631145238876343,0.2933206260204315,0.0581185445189476,3.3299473123788808,0.25540482997894287,14.633618825049789,0.18582096695899963
ppo,10,10,0,42,42,89,1,1,0,1,0,-21.966011314166067,-2.366537604004358,28.16021424980225,1.4029184579849243,2.037567377090454,0.034688353538513184,1.9874962560145004,0.2094947248697281,12.003163565289784,0.13943570852279663
ppo,10,10,0,43,43,83,1,1,0,1,0,-4.665251429550489,0.85168360836557,7.789516559697722,0.1587153971195221,2.7314982414245605,0.00545690068975091,0.31265737874475497,0.24748025834560394,14.179574316010376,0.12919703125953674
ppo,10,10,0,44,44,161,1,1,0,1,0,1.7854660905546933,7.426000231691304,30.444325130902897,0.33524906635284424,0.9856781363487244,0.04936639592051506,2.8284861360173577,0.15088973939418793,8.645345239115843,0.12481126189231873
ppo,10,10,0,45,45,99,1,1,0,1,0,5.1314255007822,-4.932339146854668,28.026287900556643,0.5764992833137512,3.5063717365264893,0.019457507878541946,1.1148330812830016,0.2617414891719818,14.996682653023694,0.15032824873924255
ppo,10,10,0,46,46,135,1,1,0,1,0,5.271102869308961,2.923047757198657,2.904920435141443,0.32423460483551025,0.616070568561554,0.03924350067973137,2.2484869622673846,0.14849837124347687,8.508329936818095,0.1134926825761795
ppo,10,10,0,47,47,210,1,1,0,1,0,-2.75875438690317,13.710675853073475,56.75385864395517,0.488151490688324,0.4980606734752655,0.06342381983995438,3.633917197427482,0.2848769724369049,16.322248201099335,0.20586231350898743
ppo,10,10,0,48,48,92,1,1,0,1,0,-13.575479088642243,5.420670351753899,30.64587035293163,0.4043765664100647,3.4504776000976562,0.03384934738278389,1.939424744305716,0.5628991723060608,32.25174686454459,0.3152989447116852
ppo,10,10,0,49,49,82,1,1,0,1,0,-20.190489979042912,-0.852202702742491,39.648346546953576,2.430325984954834,1.7822247743606567,0.05002099275588989,2.8659917719669554,0.10511814802885056,6.0228262322845705,0.10258007049560547
ppo,10,10,0,50,50,135,1,1,0,1,0,-3.9592284354246114,3.77650721474843,-42.74727167528006,0.4514962434768677,1.6031416654586792,0.037749819457530975,2.1629053322973597,0.07838911563158035,4.491365485452543,0.07694438099861145
ppo,10,10,0,51,51,82,1,1,0,1,0,-13.398058094761993,5.695558145090232,15.097340858369465,1.5695387125015259,1.9332576990127563,0.04513970762491226,2.5863147353619738,0.024456748738884926,1.4012684833500049,0.05736808106303215
ppo,10,10,0,52,52,244,1,1,0,1,0,-17.819102940727845,13.242999140224363,63.18737774773026,1.4157112836837769,0.9003194570541382,0.11711619049310684,6.710263427905198,0.43333199620246887,24.828094510380485,0.3337821960449219
ppo,10,10,0,53,53,160,1,1,0,1,0,-8.378961885069822,-0.12612627321345546,-26.240562262813487,0.1486528366804123,0.474174827337265,0.0229121595621109,1.312770042439267,0.1089746281504631,6.243786267029068,0.07739947736263275
ppo,10,10,0,54,54,52,1,1,0,1,0,-3.6268987511684707,-4.2339659645992045,4.11353606915354,10.674331665039062,11.748907089233398,0.014465215615928173,0.8287958045394159,0.15771113336086273,9.036182323802313,0.09332077950239182
ppo,10,10,0,55,55,150,1,1,0,1,0,-3.641870525829139,2.5258312758273953,16.071872249146885,0.3981669545173645,0.5748459696769714,0.026983266696333885,1.5460272991758435,0.12007556855678558,6.879823300937588,0.08702105283737183
ppo,10,10,0,56,56,281,1,1,0,1,0,-9.079957859966571,3.048545653008471,-32.80273480979494,0.5275605916976929,0.815391480922699,0.03443450480699539,1.9729517950637814,0.1812976896762848,10.387592453923634,0.12508335709571838
ppo,10,10,0,57,57,99,1,1,0,1,0,10.798529077790159,-0.6063158926220319,-12.572643393944292,0.4391598105430603,0.4926607310771942,0.03293461725115776,1.8870145683700925,0.21589776873588562,12.370030954857741,0.14088350534439087
ppo,10,10,0,58,58,71,1,1,0,1,0,-0.2595608488388246,-1.3267096047616167,4.542075798058479,0.2905714213848114,2.7288012504577637,0.028402365744113922,1.6273356853246737,0.10872352868318558,6.229399327316083,0.08276413381099701
ppo,10,10,0,59,59,93,1,1,0,1,0,2.283537145210363,2.2206447633328854,-22.65137981624183,0.5851313471794128,2.360499382019043,0.02177739143371582,1.2477526179562695,0.1007654219865799,5.7734334006857795,0.07216010242700577
ppo,10,10,0,60,60,131,1,1,0,1,0,-32.810931036798955,5.277359322588692,63.54342184878469,0.36414071917533875,2.460254192352295,0.14691637456417084,8.417688203890147,0.4230101704597473,24.23669745845305,0.3584214448928833
ppo,10,10,0,61,61,119,1,1,0,1,0,-29.147053641464034,12.551661052814012,70.8376540710081,1.079508662223816,3.0967650413513184,0.13601963222026825,7.793350857143038,0.6770498752593994,38.79210037222244,0.47454458475112915
ppo,10,10,0,62,62,115,1,1,0,1,0,19.356578522897717,-3.601107956862503,-63.48126712733757,1.2430932521820068,2.841996908187866,0.08538725227117538,4.892329179357203,0.4538799226284027,26.005403972331827,0.31232720613479614
ppo,10,10,0,63,63,71,1,1,0,1,0,-13.367458847280336,6.282162111767608,26.513592244695577,0.5559157133102417,3.4329514503479004,0.04820918291807175,2.7621827149796934,0.02798360213637352,1.6033422979874767,0.062200985848903656
ppo,10,10,0,64,64,233,1,1,0,1,0,4.891740502428112,1.6175800407557799,68.03826005854336,0.16764186322689056,1.52724027633667,0.020166629925370216,1.1554627817259397,0.14931315183639526,8.555013426021485,0.0948232039809227
ppo,10,10,0,65,65,63,1,1,0,1,0,-1.934323233325951,10.325757043820216,38.62112707691868,1.502307653427124,4.742870330810547,0.04051228612661362,2.321183013481358,0.1264508217573166,7.245098402655285,0.10373769700527191
ppo,10,10,0,66,66,79,1,1,0,1,0,3.383798658229377,1.6347511363291918,-0.836684512948222,0.39810073375701904,2.8216159343719482,0.043214116245508194,2.4759864762553465,0.11262361705303192,6.452857930636335,0.09952592849731445
ppo,10,10,0,67,67,70,1,1,0,1,0,-2.8419187702372453,1.8079783940590552,19.50340026929631,0.34983280301094055,2.7619102001190186,0.038334671407938004,2.196414880695677,0.1908327043056488,10.93390854978169,0.1337510198354721
ppo,10,10,0,68,68,137,1,1,0,1,0,33.244456803798,2.4294163255034955,-78.77034505608763,6.372069835662842,5.589481353759766,0.2248465120792389,12.882756180377672,0.7644137144088745,43.797679637547155,0.6070533990859985
ppo,10,10,0,69,69,70,1,1,0,1,0,12.648636078649853,-2.2334308774591496,11.182740878981717,0.5237113237380981,1.9674279689788818,0.004741491284221411,0.2716674391839515,0.2123146802186966,12.164735105201022,0.11089882999658585
ppo,10,10,0,70,70,148,1,1,0,1,0,-20.000501437089838,23.727831289814176,-83.87550164932196,7.332014083862305,5.98154878616333,0.15924519300460815,9.124077466910268,0.37522315979003906,21.498703431532135,0.3468567728996277
ppo,10,10,0,71,71,308,1,1,0,1,0,-25.812391364123727,11.160296877369055,56.51444685316788,0.4723285734653473,0.2558518052101135,0.10619772225618362,6.0846812791818525,0.47386065125465393,27.15021539421225,0.3431280553340912
ppo,10,10,0,72,72,134,1,1,0,1,0,-4.02807674225834,16.94322680232209,45.151880753718075,0.5774571299552917,1.7987927198410034,0.08826957643032074,5.057474188864825,0.1627013236284256,9.322099165100925,0.16962024569511414
ppo,10,10,0,73,73,130,1,1,0,1,0,-0.052305588663957646,2.113670340552146,9.847124707542402,0.8300821185112,0.5600267648696899,0.032104626297950745,1.8394595897172903,0.0953565165400505,5.463525946814322,0.0797828882932663
ppo,10,10,0,74,74,169,1,1,0,1,0,34.41001492528234,22.729817708670254,-73.32641108002068,2.277963876724243,2.055682420730591,0.19280026853084564,11.046641675806397,0.5819255709648132,33.341879207024476,0.48376303911209106
ppo,10,10,0,75,75,179,1,1,0,1,0,-10.121479746123475,2.10513260408963,25.800684419886327,1.211817979812622,1.5542984008789062,0.020845280960202217,1.1943466217839993,0.13425925374031067,7.692488599895813,0.0879749059677124
ppo,10,10,0,76,76,61,1,1,0,1,0,24.17983954870728,-5.530882284201225,5.411299332212642,14.58586311340332,14.691227912902832,0.032850075513124466,1.882170683588084,0.24181772768497467,13.855135207792891,0.1537589430809021
ppo,10,10,0,77,77,91,1,1,0,1,0,5.301497211115517,9.190934773600938,46.96342450652387,0.5650240182876587,2.615689516067505,0.07249164581298828,4.153465355041434,0.21131238341331482,12.1073077284332,0.1781478375196457
ppo,10,10,0,78,78,63,1,1,0,1,0,1.3931263642508207,-1.0685284541351348,10.260487756111575,0.956871747970581,3.5741586685180664,0.0182700976729393,1.0467994879512086,0.14577716588974,8.352416354860567,0.0911586806178093
ppo,10,10,0,79,79,274,1,1,0,1,0,-7.425248910882602,16.08562825013529,41.31148394947334,0.2039359211921692,0.7132661938667297,0.09872608631849289,5.656588073893902,0.14832861721515656,8.498603747439997,0.17289039492607117
ppo,10,10,0,80,80,229,1,1,0,1,0,16.16110184046393,11.107117024491336,-39.53790238807447,0.38752874732017517,0.8900238275527954,0.06988777220249176,4.004274386774491,0.24267719686031342,13.90437916416139,0.19122636318206787
ppo,10,10,0,81,81,135,1,1,0,1,0,4.4616844715274295,5.115101348665869,-22.999336973318957,0.7470707297325134,1.0829071998596191,0.026274533942341805,1.5054199035694136,0.10348451137542725,5.929225746785539,0.07801678776741028
ppo,10,10,0,82,82,45,1,1,0,1,0,2.322974657478017,-0.8631856469278715,6.532447563713555,0.4249953031539917,4.007204055786133,0.023523036390542984,1.3477707065107627,0.49894478917121887,28.587430629555502,0.2729954421520233
ppo,10,10,0,83,83,87,1,1,0,1,0,4.520437758767879,-0.8648795338420346,21.873025118805515,0.19794267416000366,2.5011613368988037,0.02769753336906433,1.5869517649701501,0.18769963085651398,10.754396664241769,0.12154734879732132
ppo,10,10,0,84,84,71,1,1,0,1,0,-4.416741826788745,3.330099710974737,-12.696078572624762,0.20824319124221802,3.746840715408325,0.039386384189128876,2.2566735843178796,0.06371720880270004,3.6507271467485296,0.0712449848651886
ppo,10,10,0,85,85,53,1,1,0,1,0,0.6817485018156527,4.568836479226589,-9.80838387457009,0.6701182723045349,3.8512895107269287,0.0416913777589798,2.3887399876751307,0.08955368399620056,5.131048132830556,0.08646821975708008
ppo,10,10,0,86,86,228,1,1,0,1,0,69.25067327773398,58.420971216571886,-41.77629198287105,2.477311372756958,1.731376051902771,0.5626099109649658,32.23517341052356,0.6380195617675781,36.55582813606856,0.8816196918487549
ppo,10,10,0,87,87,149,1,1,0,1,0,-28.503649821648832,10.860697459615615,56.2655820805693,1.5267114639282227,3.031430959701538,0.12886478006839752,7.38340802580075,0.4031273424625397,23.0974953294285,0.33042845129966736
ppo,10,10,0,88,88,75,1,1,0,1,0,8.837076333080917,0.9897763730048877,23.137989813470217,0.22711248695850372,3.2062063217163086,0.03851931542158127,2.206994203389792,0.2235337793827057,12.807542137237492,0.15028619766235352
ppo,10,10,0,89,89,209,1,1,0,1,0,-22.581493320654257,14.273551742574227,71.35953516511044,2.206437110900879,1.0556597709655762,0.15338017046451569,8.788036428613871,0.5772861242294312,33.07605848981134,0.44202321767807007
ppo,10,10,0,90,90,111,1,1,0,1,0,6.3099746420679,1.1133208347120784,40.383971580942294,0.35056716203689575,2.3287150859832764,0.049405261874198914,2.830712991130193,0.22311295568943024,12.7834307156937,0.16096174716949463
ppo,10,10,0,91,91,132,1,1,0,1,0,9.370923918609114,9.193188736027043,-38.49911257758557,0.13980375230312347,2.598229169845581,0.044568561017513275,2.5535904452747964,0.36061787605285645,20.66188231480051,0.2248775064945221
ppo,10,10,0,92,92,72,1,1,0,1,0,-4.085723538853247,0.3590903654242504,9.178421867041475,0.5796030163764954,3.3853628635406494,0.03922775760293007,2.24758495041012,0.13966944813728333,8.002469905187672,0.10906247794628143
ppo,10,10,0,93,93,73,1,1,0,1,0,-2.2488944257400583,0.11508868751471485,-2.107919321270995,1.1982852220535278,1.6525601148605347,0.03273562714457512,1.8756132750980488,0.1114572286605835,6.386028798475992,0.08846424520015717
ppo,10,10,0,94,94,93,1,1,0,1,0,13.463368363605655,-2.7788624638196877,-55.3038914454315,1.7239066362380981,3.753844738006592,0.07769466191530228,4.451576218442634,0.3593733310699463,20.590575139865578,0.2573813199996948
ppo,10,10,0,95,95,90,1,1,0,1,0,-4.829285252657516,-0.31414772068556646,7.476243103225917,0.34823480248451233,2.5647284984588623,0.02208969183266163,1.265646112756116,0.12365647405385971,7.084994072755131,0.08391793072223663
ppo,10,10,0,96,96,213,1,1,0,1,0,-22.791152807416967,2.470069611443411,61.79046745867925,1.6237033605575562,1.45381498336792,0.1298036277294159,7.4372000343828315,0.44058242440223694,25.24351344588983,0.35009485483169556
ppo,10,10,0,97,97,71,1,1,0,1,0,2.814816579610635,0.9884376559275653,11.829464170733544,0.2314075529575348,3.4976346492767334,0.04392990097403526,2.5169979202398647,0.0847998633980751,4.858674275995611,0.08632983267307281
ppo,10,10,0,98,98,115,1,1,0,1,0,-1.8729061723091964,-4.1286717683542875,-39.379988414463774,0.384644478559494,1.8861151933670044,0.049329984933137894,2.8263999401127418,0.4313337802886963,24.713605171965437,0.26499688625335693
ppo,10,10,0,99,99,196,1,1,0,1,0,15.500827453398799,-1.031208300510185,-49.02339589982138,1.5910656452178955,1.6926419734954834,0.06357613950967789,3.642644471639466,0.33048075437545776,18.935152436013343,0.22881650924682617
ppo,10,10,0,100,100,98,1,1,0,1,0,-7.02773190118786,2.284261145262384,-17.647856437857286,0.6581132411956787,2.313905954360962,0.034991126507520676,2.004843869289275,0.1686689704656601,9.664020142499055,0.11932560801506042
ppo,10,10,0,101,101,168,1,1,0,1,0,5.221980148798228,3.2950471801542314,40.84278270824873,0.8558672070503235,1.2947193384170532,0.01977967657148838,1.1332919876800784,0.16166165471076965,9.262530524028305,0.10061050206422806
ppo,10,10,0,102,102,95,1,1,0,1,0,9.14371084567947,2.1371115497836297,34.4531407397018,0.5141897797584534,2.197329521179199,0.04616326838731766,2.6449604471229957,0.2108059525489807,12.078291377291693,0.15156623721122742
ppo,10,10,0,103,103,228,1,1,0,1,0,-6.789276336884375,3.9854153807024404,16.402945178595743,0.48591309785842896,0.5475865006446838,0.02507593296468258,1.4367451262292859,0.2501477897167206,14.332412605294104,0.15014982223510742
ppo,10,10,0,104,104,78,1,1,0,1,0,-4.851141858001556,1.0490487546222584,12.39007243742985,0.3061563968658447,2.6990299224853516,0.031227096915245056,1.789180859689534,0.03688669949769974,2.113452201385529,0.049670446664094925
ppo,10,10,0,105,105,71,1,1,0,1,0,-4.394284164797743,7.838721242478494,37.563718170752324,0.6124586462974548,4.3495564460754395,0.054756712168455124,3.1373285072651167,0.11614758521318436,6.6547664333515515,0.1128305047750473
ppo,10,10,0,106,106,75,1,1,0,1,0,3.8913090343180046,-0.994707769585637,-10.945583050620534,0.5375134944915771,4.038463592529297,0.031278591603040695,1.792131287967568,0.13147999346256256,7.53324871581249,0.09701858460903168
ppo,10,10,0,107,107,137,1,1,0,1,0,-5.146533879226268,2.666983965214879,-12.920764475561501,1.2403533458709717,0.7151241898536682,0.015603943727910519,0.8940401193689049,0.2197856903076172,12.592792451995829,0.1254967898130417
ppo,10,10,0,108,108,113,1,1,0,1,0,-13.128074377249728,9.65836559963993,34.3670666957813,0.6178980469703674,1.0977904796600342,0.05122805014252663,2.935151065851331,0.19481675326824188,11.162177740711748,0.14863643050193787
ppo,10,10,0,109,109,190,1,1,0,1,0,-8.751070591052118,8.207073344417282,-22.54663203513051,1.4979339838027954,0.5276838541030884,0.039100464433431625,2.2402915890370156,0.06299656629562378,3.6094373725553335,0.07059875130653381
ppo,10,10,0,110,110,144,1,1,0,1,0,-26.728237769552397,4.391388164589658,41.539462003590025,0.7030899524688721,1.1734440326690674,0.10214510560035706,5.852483448818568,0.29519692063331604,16.91353767754734,0.24974356591701508
ppo,10,10,0,111,111,87,1,1,0,1,0,1.3962955720257066,2.7406953667376563,-20.106014199388195,0.6734672784805298,1.977909803390503,0.02751327119767666,1.5763943202257202,0.09282636642456055,5.318559023662209,0.07392645627260208
ppo,10,10,0,112,112,102,1,1,0,1,0,22.18187261269515,18.279266445489945,-48.21907282316068,0.6493023633956909,2.5848770141601562,0.11837669461965561,6.782484994415266,0.3580898940563202,20.51703961571393,0.2974216341972351
ppo,10,10,0,113,113,195,1,1,0,1,0,-26.85424109936079,57.55812707910251,-95.70014370650148,3.7294528484344482,4.066450119018555,0.4896373152732849,28.054151657275707,0.29356643557548523,16.820117765174487,0.6364205479621887
ppo,10,10,0,114,114,171,1,1,0,1,0,-15.805126041301206,14.2055230584409,45.635977241331894,0.653920590877533,1.0941797494888306,0.08130491524934769,4.65842849745647,0.5222539305686951,29.922946055704557,0.3424318730831146
ppo,10,10,0,115,115,59,1,1,0,1,0,-1.0506060377530213,0.10666023407891911,17.304270601848966,0.8613301515579224,3.287260055541992,0.04290169104933739,2.4580858311012124,0.09705934673547745,5.561090930239723,0.09143136441707611
ppo,10,10,0,116,116,207,1,1,0,1,0,23.04363758027566,0.15611080366981145,-76.9549354162116,4.581345081329346,3.164705991744995,0.1834089756011963,10.508560226766438,0.8680048584938049,49.73301498854527,0.6174113750457764
ppo,10,10,0,117,117,116,1,1,0,1,0,-10.045309476499494,6.091900362247733,18.31355399512341,0.35099902749061584,2.4041292667388916,0.0489468052983284,2.8044453642427936,0.024757947772741318,1.4185259167833941,0.06132578104734421
ppo,10,10,0,118,118,97,1,1,0,1,0,16.57304420968574,-1.4546800290509756,-18.888710564751843,1.2283703088760376,1.8408030271530151,0.02313055843114853,1.3252833758855536,0.24542975425720215,14.062089085870632,0.1458454430103302
ppo,10,10,0,119,119,55,1,1,0,1,0,8.210051306895407,-0.7965776421419071,-4.890265181567389,0.2949937582015991,3.9750726222991943,0.036706142127513885,2.103107026113898,0.20196497440338135,11.571740642781453,0.13768863677978516
ppo,10,10,0,120,120,166,1,1,0,1,0,7.548998278264893,2.1724782693059557,15.445038468258133,0.048959288746118546,0.2411658614873886,0.030882885679602623,1.7694590086262394,0.2576735019683838,14.763604155144302,0.15971963107585907
ppo,10,10,0,121,121,97,1,1,0,1,0,-13.773226725492453,62.494523358324166,-91.14735817182442,6.347084045410156,6.038394927978516,0.6131160259246826,35.12896063731788,0.5210886001586914,29.856177541473098,0.8736603260040283
ppo,10,10,0,122,122,84,1,1,0,1,0,1.2373843907961901,2.0095372764661317,6.677452479792926,10.4732027053833,11.843826293945312,0.007030179258435965,0.4027996007287916,0.14101500809192657,8.079564811670545,0.07753768563270569
ppo,10,10,0,123,123,30,1,1,0,1,0,-9.140391373742844,-4.656180938332713,3.791369706382378,0.4526004195213318,5.751988410949707,0.018575701862573624,1.064309318218771,0.44530442357063293,25.514064069103203,0.2412279099225998
ppo,10,10,0,124,124,95,1,1,0,1,0,-2.3218408460757947,-0.7482745443315769,6.623234438161365,0.7810633778572083,3.2348320484161377,0.021325966343283653,1.2218878655081946,0.11346158385276794,6.500869891633294,0.07805676013231277
ppo,10,10,0,125,125,109,1,1,0,1,0,-4.887642388926104,-0.2621836414801095,-29.9000683370796,0.1858420968055725,1.555704116821289,0.018561329692602158,1.0634858535369613,0.10412397235631943,5.965864162153957,0.07062331587076187
ppo,10,10,0,126,126,139,1,1,0,1,0,-14.680057281216705,10.690776013444038,39.82814444666499,0.6639025211334229,1.2462546825408936,0.06285522133111954,3.6013389026338136,0.2251906543970108,12.902474082737854,0.17545054852962494
ppo,10,10,0,127,127,140,1,1,0,1,0,-6.360285815494214,7.6874598731193915,35.75048053103236,0.22339408099651337,0.882803738117218,0.026863591745495796,1.5391704295793855,0.08226045221090317,4.713176732522353,0.06799381971359253
ppo,10,10,0,128,128,134,1,1,0,1,0,7.030573259882585,1.532516864832441,30.775671267918554,0.835220992565155,2.408813238143921,0.034754008054733276,1.9912579826998849,0.1965911090373993,11.263840837639156,0.13304956257343292
ppo,10,10,0,129,129,162,1,1,0,1,0,1.2509218257311552,6.470361144158139,28.41709766448643,0.2121652066707611,0.7770552635192871,0.04400356858968735,2.521218763703521,0.13036689162254333,7.469472678211142,0.10918701440095901
ppo,10,10,0,130,130,39,1,1,0,1,0,-4.043758856592689,-1.980877802708758,28.214186404623693,1.369326114654541,4.972480297088623,0.03212113678455353,1.840405570917337,0.14799314737319946,8.479382741341935,0.10611771047115326
ppo,10,10,0,131,131,114,1,1,0,1,0,-2.3567021315995396,-2.7682073687144677,-30.02410457240703,0.466084748506546,2.201336622238159,0.021982930600643158,1.2595291447458408,0.13040591776371002,7.471708711390675,0.08718588948249817
ppo,10,10,0,132,132,158,1,1,0,1,0,-24.69349709504892,9.01451098733951,44.39721315232336,0.5467783212661743,1.2453055381774902,0.09498105943202972,5.442013839136544,0.4936564862728119,28.28443319268998,0.34180930256843567
ppo,10,10,0,133,133,145,1,1,0,1,0,5.274080831787086,-3.899177412241859,23.801747597012053,1.171105980873108,1.4216279983520508,0.011708871461451054,0.6708689176023216,0.1590365618467331,9.1121237820891,0.09122715145349503
ppo,10,10,0,134,134,80,1,1,0,1,0,-1.9443226302708498,3.555181764883337,8.134564056188426,0.34796732664108276,1.7007404565811157,0.0412742905318737,2.364842649873137,0.09072830528020859,5.198348974930454,0.086638443171978
ppo,10,10,0,135,135,181,1,1,0,1,0,-4.046327007720614,2.4632121015167185,14.386413788419517,0.5886473059654236,1.1857020854949951,0.016777830198407173,0.9612988597558716,0.11424195021390915,6.5455815906006665,0.0738988071680069
ppo,10,10,0,136,136,102,1,1,0,1,0,-7.386617360937009,1.2288739750903541,16.45447212569432,0.8297242522239685,1.9944300651550293,0.024200476706027985,1.3865851774600642,0.1331183761358261,7.627121128217852,0.09075966477394104
ppo,10,10,0,137,137,141,1,1,0,1,0,-33.5319258055855,29.546237217316257,66.99048171910673,2.3937902450561523,2.749997854232788,0.2474232316017151,14.17630692426617,1.0797369480133057,61.86437010549879,0.7872917056083679
ppo,10,10,0,138,138,70,1,1,0,1,0,-11.130271365777679,-3.678917471887288,1.6137551348205728,1.6187684535980225,3.731715679168701,0.02744533121585846,1.572501646007342,0.11944892257452011,6.843919130904946,0.08716979622840881
ppo,10,10,0,139,139,212,1,1,0,1,0,-1.685649706024127,1.9086690428033832,4.121158560267274,0.24765633046627045,1.050984263420105,0.039472684264183044,2.261618214390146,0.13093581795692444,7.502069756025028,0.10494059324264526
ppo,10,10,0,140,140,73,1,1,0,1,0,-4.739946378313749,-2.332168092100854,-10.931540181686987,0.6678134202957153,3.3076558113098145,0.012335549108684063,0.7067749019039612,0.16089598834514618,9.21866107276296,0.09278354048728943
ppo,10,10,0,141,141,95,1,1,0,1,0,-1.841104811533617,-2.2670354081756123,-40.37506501426459,1.0131717920303345,2.2519264221191406,0.015789298340678215,0.9046601563937756,0.14483743906021118,8.298573973633356,0.08820801973342896
ppo,10,10,0,142,142,89,1,1,0,1,0,-3.7495689486618997,-4.29603872377628,-14.73562770030393,0.3899551331996918,2.3747196197509766,0.015227721072733402,0.8724841490700505,0.14058397710323334,8.054868555179072,0.0855197086930275
ppo,10,10,0,143,143,208,1,1,0,1,0,-4.230468907744157,2.5558294666620913,-5.250571320663902,0.33634889125823975,0.44629183411598206,0.016412805765867233,0.9403845003521752,0.354489266872406,20.31073887447557,0.19365744292736053
ppo,10,10,0,144,144,173,1,1,0,1,0,-17.60692994435057,22.441255876615553,72.39679501322526,1.0845980644226074,1.0799720287322998,0.16602328419685364,9.51243348538073,0.8975592851638794,51.42635890266941,0.6148029565811157
ppo,10,10,0,145,145,171,1,1,0,1,0,52.88562198865347,46.49565217102638,-66.8268577073499,3.8360579013824463,3.0765931606292725,0.36569204926490784,20.952611024369396,0.6126142144203186,35.10020895600671,0.6719991564750671
ppo,10,10,0,146,146,119,1,1,0,1,0,-0.7875617924374902,1.0245147151235727,-27.840301849457195,0.24774856865406036,2.117341995239258,0.03651198744773865,2.0919827823900627,0.13393855094909668,7.6741136834811865,0.10348126292228699
ppo,10,10,0,147,147,148,1,1,0,1,0,3.440011115098582,-2.345555262874079,18.846377052276104,0.7223787903785706,1.6848738193511963,0.02638844959437847,1.5119467896515955,0.18443158268928528,10.5671512970141,0.11860424280166626
ppo,10,10,0,148,148,135,1,1,0,1,0,-24.072332371171278,-5.439740239916575,78.25780766076987,2.9305613040924072,2.7212581634521484,0.19125793874263763,10.95827268832477,0.5289363861083984,30.305822554913377,0.45572614669799805
ppo,10,10,0,149,149,146,1,1,0,1,0,-40.71460737828427,27.8437169440422,65.98032406161852,2.009296178817749,2.4555046558380127,0.2705784738063812,15.503004576196739,0.7772557735443115,44.53347542626512,0.6592063903808594
ppo,10,10,0,150,150,306,1,1,0,1,0,-3.0043133479434685,-0.8690869303707625,-35.93429458197574,0.28219160437583923,0.278779000043869,0.03735435754060745,2.1402470334994885,0.39086198806762695,22.394742288367766,0.23278534412384033
ppo,10,10,0,151,151,129,1,1,0,1,0,-10.992793318163661,13.710279702101616,36.94468446589573,0.02995259314775467,2.6125316619873047,0.0732303187251091,4.195788195346595,0.0982401967048645,5.628748649723753,0.12235041707754135
ppo,10,10,0,152,152,193,1,1,0,1,0,16.82637592600151,-1.0632282273392049,-60.41287294460104,1.4997179508209229,0.3018968403339386,0.05640210583806038,3.231602620171041,0.3698303699493408,21.1897193338591,0.2413172870874405
ppo,10,10,0,153,153,100,1,1,0,1,0,-0.2359010735539004,-2.559367504652158,37.28993686806154,1.0082355737686157,3.9726250171661377,0.04672681912779808,2.6772495260939966,0.20173318684101105,11.558460193714009,0.1475934088230133
ppo,10,10,0,154,154,117,1,1,0,1,0,1.6536434395734472,4.358398350898496,25.827827591647956,0.20723654329776764,0.9795844554901123,0.04542287439107895,2.602538995961693,0.11766926944255829,6.741952517446295,0.1042575091123581
ppo,10,10,0,155,155,68,1,1,0,1,0,-3.3611224301849347,0.07362943925273746,-13.218178232780536,0.2019936591386795,2.9824962615966797,0.022352419793605804,1.2806993160782953,0.09195826202630997,5.268820305465707,0.06833155453205109
ppo,10,10,0,156,156,91,1,1,0,1,0,2.6270820000836643,2.231108613141345,14.223254229526253,0.31122103333473206,2.0666708946228027,0.041783563792705536,2.3940218583376662,0.12326038628816605,7.062299915464117,0.10341376066207886
ppo,10,10,0,157,157,322,1,1,0,1,0,-27.8976754384853,13.11776079160301,72.39351652242365,4.555736064910889,3.088529348373413,0.2082463949918747,11.931639531848703,0.7223847508430481,41.38959740791619,0.5694387555122375
ppo,10,10,0,158,158,66,1,1,0,1,0,-5.98894209069896,-0.9539452006190009,-10.041812419644447,0.6365782022476196,2.590912342071533,0.0186189953237772,1.0667898508262492,0.2648071348667145,15.172331212814328,0.15102256834506989
ppo,10,10,0,159,159,160,1,1,0,1,0,-9.796635949197668,31.268647001453395,78.53762685068696,0.533086359500885,1.0587730407714844,0.16814185678958893,9.633818753536552,0.4372704327106476,25.053750300179363,0.3867770731449127
ppo,10,10,0,160,160,202,1,1,0,1,0,7.438444836359066,4.302868912946293,-16.172863426214693,0.3524957001209259,0.4245094656944275,0.05068198963999748,2.9038641036976185,0.1913955807685852,10.966158995495197,0.14637978374958038
ppo,10,10,0,161,161,158,1,1,0,1,0,0.34189194909415827,4.945931223302994,27.68947761220497,0.44911956787109375,1.07817542552948,0.051375970244407654,2.943626263394259,0.10725205391645432,6.145090033522384,0.10500200092792511
ppo,10,10,0,162,162,216,1,1,0,1,0,-12.099010756138927,3.812201783350917,-45.03221583945945,0.44085636734962463,0.49378708004951477,0.0550483874976635,3.1540402726168453,0.07877818495035172,4.513657515356172,0.09443747997283936
ppo,10,10,0,163,163,70,1,1,0,1,0,-3.386421450870662,0.7750079047430068,13.454038325199416,0.45104947686195374,4.161613941192627,0.03338441997766495,1.9127863662124316,0.08898301422595978,5.098351163500059,0.07787592709064484
ppo,10,10,0,164,164,204,1,1,0,1,0,0.14862491633947747,12.221926840442476,37.44976329463983,0.23604516685009003,0.6395949721336365,0.07646483927965164,4.381112571870197,0.15097805857658386,8.650405555517176,0.15195387601852417
ppo,10,10,0,165,165,128,1,1,0,1,0,-27.80604162058041,0.6586488020426696,39.11899322589925,0.46912699937820435,2.451029062271118,0.08994407951831818,5.153416148588702,0.3780021667480469,21.657928801463473,0.2789451479911804
ppo,10,10,0,166,166,113,1,1,0,1,0,-1.349385832806059,9.080558916613532,-32.71017208616293,0.33815711736679077,2.4173645973205566,0.034594010561704636,1.98209080161667,0.04587974026799202,2.628715482512355,0.057533882558345795
ppo,10,10,0,167,167,110,1,1,0,1,0,-17.795661731496363,1.3497683233995799,51.68460152499843,0.6943508386611938,2.1403486728668213,0.06932011246681213,3.9717498797205373,0.2716166079044342,15.562485278583795,0.20512841641902924
ppo,10,10,0,168,168,245,1,1,0,1,0,-17.011392090238818,5.863321251484086,24.05098119982582,0.8203428387641907,0.8836886882781982,0.0394851379096508,2.2623317557150004,0.6020973920822144,34.49763942214443,0.3405338227748871
ppo,10,10,0,169,169,70,1,1,0,1,0,0.5162393578479038,-1.9556334235363908,11.972980105573852,0.599615216255188,3.4914655685424805,0.03274177387356758,1.8759654567271276,0.16008523106575012,9.172208102444056,0.11278438568115234
ppo,10,10,0,170,170,115,1,1,0,1,0,-17.118052324317738,-4.194350867413131,44.88928730088776,1.0558362007141113,1.3665047883987427,0.0742882788181305,4.256404843569989,0.3130509853363037,17.936500232182023,0.23081377148628235
ppo,10,10,0,171,171,178,1,1,0,1,0,-3.1364911687615553,2.164719174408821,-11.589150794975815,0.3144087493419647,0.9276472330093384,0.022035129368305206,1.26251991382866,0.09314222633838654,5.336656463641804,0.06860624253749847
ppo,10,10,0,172,172,152,1,1,0,1,0,10.042468117804768,13.21514562878905,53.61549600336103,1.3785098791122437,0.501768946647644,0.059818074107170105,3.427323184941637,0.24765726923942566,14.189716293154198,0.18364670872688293
ppo,10,10,0,173,173,105,1,1,0,1,0,4.572716026675157,5.340989364896531,-27.215257578130988,0.402800053358078,0.9118642210960388,0.05036924406886101,2.8859451024100897,0.18710564076900482,10.720363539154887,0.14392206072807312
ppo,10,10,0,174,174,223,1,1,0,1,0,-8.000022989917515,6.099440891091427,-31.414184672288027,0.24535730481147766,0.7799744009971619,0.04010285437107086,2.297724301890126,0.09331893175840378,5.346780938425878,0.08676232397556305
ppo,10,10,0,175,175,130,1,1,0,1,0,7.767427727921901,-1.3837007031962032,30.744539265681635,0.24626371264457703,1.4456983804702759,0.030998624861240387,1.7760903752583814,0.2372516691684723,13.59351932578754,0.14962446689605713
ppo,10,10,0,176,176,171,1,1,0,1,0,-26.99013454308737,11.593276229234503,79.93863525323998,2.6373157501220703,3.2076215744018555,0.1571795642375946,9.00572565651958,0.4359189569950104,24.97631644555893,0.375139057636261
ppo,10,10,0,177,177,90,1,1,0,1,0,-3.670338754289752,11.096489250142795,-37.651130931750146,0.6806830167770386,3.618370771408081,0.045092277228832245,2.583597173845955,0.04273347184062004,2.4484475804086783,0.06645901501178741
ppo,10,10,0,178,178,86,1,1,0,1,0,0.3368376091083488,-2.401999946175064,-26.528577679734585,0.7978128790855408,3.8941104412078857,0.045065730810165405,2.582076176095158,0.13971251249313354,8.004937311025339,0.11492198705673218
ppo,10,10,0,179,179,207,1,1,0,1,0,-5.46378250579502,2.313439713396679,-13.924747642040016,0.5358604788780212,0.2599887549877167,0.017068877816200256,0.977974659892752,0.1531858593225479,8.776903220266751,0.09366180747747421
ppo,10,10,0,180,180,92,1,1,0,1,0,8.68313752956717,-2.4925409338127533,8.111600960198842,0.3320540487766266,3.4454076290130615,0.007023842539638281,0.4024365334857231,0.3648701608181,20.905520285136745,0.1894589215517044
ppo,10,10,0,181,181,90,1,1,0,1,0,-5.256800453186954,1.3603551166130996,-36.11133308526247,0.3596338927745819,3.572343111038208,0.029939724132418633,1.715419832573568,0.06349783390760422,3.638157891128414,0.06168863922357559
ppo,10,10,0,182,182,155,1,1,0,1,0,-3.3036941996434677,3.616680788170132,-10.315074627958317,0.2973344624042511,0.750114381313324,0.03975373134016991,2.2777210256886855,0.07481420040130615,4.286537930640792,0.07716083526611328
ppo,10,10,0,183,183,170,1,1,0,1,0,-3.5692519545735633,4.792484193409487,-18.73740821425772,1.3461990356445312,0.2615564465522766,0.03160416707396507,1.8107853883645189,0.07712557166814804,4.418969749118639,0.07016695290803909
ppo,10,10,0,184,184,185,1,1,0,1,0,46.40311676815105,49.30993599588175,-56.32765483974637,1.6005077362060547,1.0380628108978271,0.4068266451358795,23.309449759752336,0.6843870282173157,39.21248827035297,0.7490201592445374
ppo,10,10,0,185,185,138,1,1,0,1,0,-3.0353497275320067,1.9459208945366329,2.0283612778186866,0.5544748306274414,0.9413524866104126,0.018437612801790237,1.0563973978389574,0.32058489322662354,18.368161357537662,0.1787300556898117
ppo,10,10,0,186,186,85,1,1,0,1,0,6.2080682196513095,-0.7565800543623125,13.422919983340838,0.21839161217212677,2.4880151748657227,0.011688419617712498,0.6696971132728412,0.22620856761932373,12.960796214286946,0.12479270249605179
ppo,10,10,0,187,187,57,1,1,0,1,0,0.8275457198387449,0.9680017299308871,4.705522224896884,0.3608269989490509,2.998560667037964,0.03957602381706238,2.2675391346269005,0.10636643320322037,6.094347704404713,0.09275923669338226
ppo,10,10,0,188,188,134,1,1,0,1,0,-6.836213396860702,3.204328607598122,22.308476999150507,0.30843034386634827,1.973114013671875,0.029280781745910645,1.677665214884382,0.1268504112958908,7.267993196753167,0.09270598739385605
ppo,10,10,0,189,189,67,1,1,0,1,0,-3.7853044983994066,-4.185335017708713,-32.11277642059693,0.33118295669555664,3.1753618717193604,0.01569294184446335,0.8991393358319955,0.0965927466750145,5.5343567160546465,0.0639893114566803
ppo,10,10,0,190,190,67,1,1,0,1,0,4.672177241368883,8.502014573156773,32.85480817202711,1.5911210775375366,4.194579601287842,0.03855963796377182,2.209304514876549,0.16290226578712463,9.333612302720628,0.12001077085733414
ppo,10,10,0,191,191,171,1,1,0,1,0,-28.47441661200118,20.062874724590394,73.17423446531278,2.029360294342041,1.7138062715530396,0.1729370355606079,9.908562259126668,0.6285471320152283,36.013097889524765,0.48721060156822205
ppo,10,10,0,192,192,129,1,1,0,1,0,-25.59961731109949,1.872141191122155,44.37892190572607,0.5495796203613281,2.1281256675720215,0.08491892367601395,4.865495927429161,0.34913262724876404,20.003826031668343,0.25948524475097656
ppo,10,10,0,193,193,135,1,1,0,1,0,-1.7774474484690983,10.519570491708498,28.79147399327317,0.13691367208957672,1.4320694208145142,0.06310919672250748,3.615890620660526,0.10088326781988144,5.78018546956716,0.1135508269071579
ppo,10,10,0,194,194,132,1,1,0,1,0,-0.303164776500186,1.143141440628354,-0.9577154650408479,0.42904889583587646,1.7155895233154297,0.03474278002977371,1.9906146642574343,0.10684067010879517,6.121519477583493,0.0881631150841713
ppo,10,10,0,195,195,169,1,1,0,1,0,31.809324776151602,8.60790982604865,-67.66626063558779,0.11819157004356384,0.30852094292640686,0.1450580507516861,8.311214092466113,0.5248217582702637,30.070071745521215,0.40746891498565674
ppo,10,10,0,196,196,100,1,1,0,1,0,-3.20861796639689,12.469644141260499,-38.7375135003757,0.8854689002037048,2.8606772422790527,0.06097479164600372,3.4935982180055634,0.09348483383655548,5.35628642731642,0.10771720856428146
ppo,10,10,0,197,197,118,1,1,0,1,0,-1.0266184133879366,4.912613560531671,15.605370328835013,0.2078145146369934,2.221970796585083,0.04030657559633255,2.3093966682948546,0.10867445170879364,6.226587423812153,0.09464380145072937
ppo,10,10,0,198,198,164,1,1,0,1,0,-22.40560228914809,2.4261651554585693,42.74549582609586,0.5642786622047424,1.3201758861541748,0.07565392553806305,4.334650636928008,0.29041364789009094,16.639476337100575,0.22086074948310852
ppo,10,10,0,199,199,80,1,1,0,1,0,-4.568044177282868,6.225854032250023,-16.061394738960086,0.09195619076490402,3.318254232406616,0.04607813060283661,2.6400824113951376,0.15030260384082794,8.611704849906237,0.12122943252325058
ppo,10,10,0,200,200,135,1,1,0,1,0,-7.6986204022231925,5.776072415026343,-54.576831468661986,1.262956142425537,2.380887985229492,0.059281591325998306,3.3965849857990524,0.11844794452190399,6.786567313104818,0.1185055673122406
ppo,10,10,0,201,201,72,1,1,0,1,0,-4.038294705256679,-0.7561975637687917,1.0926390219052797,0.30998358130455017,3.1369946002960205,0.015039612539112568,0.8617063240031819,0.11043490469455719,6.327453949927609,0.07025706768035889
ppo,10,10,0,202,202,141,1,1,0,1,0,-3.836285030364382,0.7737648103140645,9.20847469938953,0.266502320766449,1.816352128982544,0.02953280135989189,1.6921048751200236,0.12216543406248093,6.999563774163904,0.09061551839113235
ppo,10,10,0,203,203,219,1,1,0,1,0,-13.56356723872974,4.839913027006055,-12.378283530922408,0.8215020298957825,0.6528565287590027,0.01946980319917202,1.115537551262865,0.07711491733789444,4.418359300961569,0.05802726000547409
ppo,10,10,0,204,204,68,1,1,0,1,0,-4.395704844145106,-0.5674111351096393,1.788498694546179,0.4471965432167053,3.039872884750366,0.03375282138586044,1.9338942120687097,0.1130019798874855,6.474536524175132,0.0902538150548935
ppo,10,10,0,205,205,116,1,1,0,1,0,-3.1662161520294507,5.5329040201955495,17.123093003925206,0.6868324279785156,1.4558722972869873,0.026143493130803108,1.4979118181242772,0.09285616874694824,5.320266570954712,0.07257157564163208
ppo,10,10,0,206,206,139,1,1,0,1,0,-6.720209463997206,2.68382721170813,-20.544566985616374,0.5851154327392578,1.0458110570907593,0.03258061408996582,1.866731681299505,0.09699302911758423,5.5572912106270795,0.08107712864875793
ppo,10,10,0,207,207,89,1,1,0,1,0,16.68044210419502,5.110921272893822,-68.75357210994045,0.22972775995731354,3.239353656768799,0.16344518959522247,9.364719545521805,0.6904146075248718,39.55784312535632,0.5086525082588196
ppo,10,10,0,208,208,131,1,1,0,1,0,47.28766724680272,23.48302364958258,-73.10341906399809,4.886630058288574,3.4709322452545166,0.26334938406944275,15.088808244548826,0.727297842502594,41.6710968243691,0.6269983053207397
ppo,10,10,0,209,209,62,1,1,0,1,0,-0.16322786078496473,-4.040589648817803,-26.482187034891858,1.1588640213012695,2.232322931289673,0.04273463040590286,2.4485139613096742,0.12591294944286346,7.214280589120187,0.1056911051273346
ppo,10,10,0,210,210,68,1,1,0,1,0,-0.8119319073960958,-5.055828967048498,-28.48108287663111,0.21158282458782196,3.2858731746673584,0.02201421745121479,1.2613217492378517,0.17695650458335876,10.138860870013865,0.11049246788024902
ppo,10,10,0,211,211,276,1,1,0,1,0,-0.5242443395551587,4.22613856781037,-1.777939222089339,0.2578980326652527,0.4043402671813965,0.044589973986148834,2.55481731800446,0.08129533380270004,4.65787952100193,0.08523763716220856
ppo,10,10,0,212,212,132,1,1,0,1,0,27.90826223169882,11.879707042268159,-57.87127759216926,0.3608964681625366,1.601629614830017,0.12293729186058044,7.0437879683792675,0.43776407837867737,25.082034113532387,0.3418193459510803
ppo,10,10,0,213,213,118,1,1,0,1,0,-26.691245465007608,15.090619952226172,-85.77795521998064,3.0423529148101807,2.6311287879943848,0.1718483865261078,9.84618726407882,0.48203548789024353,27.618599031640457,0.41286611557006836
ppo,10,10,0,214,214,276,1,1,0,1,0,44.565522673850815,28.294318183966283,-78.2157336954826,1.0627816915512085,1.0401192903518677,0.2699167728424072,15.46509190366129,0.6823564171791077,39.09614282803097,0.6110949516296387
ppo,10,10,0,215,215,69,1,1,0,1,0,-3.6609950555051745,-1.2131645399993247,-23.887261565420616,0.5423154234886169,3.002072811126709,0.03577202558517456,2.0495860906645014,0.2971535325050354,17.02564327994205,0.18434879183769226
ppo,10,10,0,216,216,159,1,1,0,1,0,-32.397458705203064,20.45211354501108,68.30898143648598,1.5790501832962036,1.3899388313293457,0.21864157915115356,12.527239711436632,0.495337575674057,28.3807525203655,0.46631038188934326
ppo,10,10,0,217,217,144,1,1,0,1,0,0.934738708672925,-0.7046706166702155,2.441082288605877,0.26046428084373474,1.2107876539230347,0.027452552691102028,1.5729154060606565,0.13442912697792053,7.7022216194630815,0.09466711431741714
ppo,10,10,0,218,218,149,1,1,0,1,0,-35.60988791715682,17.936390949155303,72.95954795932094,1.2048029899597168,1.0265238285064697,0.21198570728302002,12.145886344412725,0.5460324287414551,31.285353644163244,0.48500192165374756
ppo,10,10,0,219,219,275,1,1,0,1,0,-5.89222661205158,5.337328383501404,16.83136196409562,0.6906195878982544,0.1683589071035385,0.013209967873990536,0.7568754066830626,0.10209059715270996,5.84936034482058,0.06425526738166809
ppo,10,10,0,220,220,110,1,1,0,1,0,1.4587644821746433,24.626124109075914,63.437991048756366,0.4942260980606079,2.2895023822784424,0.12506988644599915,7.16597663753621,0.2624112665653229,15.035058070875412,0.2562755346298218
ppo,10,10,0,221,221,54,1,1,0,1,0,5.204891015494857,-0.3320154955543198,8.429778492494718,0.23857034742832184,3.8132128715515137,0.02562864124774933,1.4684129781509325,0.16561287641525269,9.488918851615669,0.10843507945537567
ppo,10,10,0,222,222,139,1,1,0,1,0,-24.117083770613203,-2.789681483464988,31.940751276160988,0.38079777359962463,1.8432379961013794,0.07172271609306335,4.109408927347559,0.2711251378059387,15.534326116183125,0.20728528499603271
ppo,10,10,0,223,223,92,1,1,0,1,0,-9.55604936587314,1.1346173645441782,-41.24463005787726,0.4589662551879883,2.482361078262329,0.046665262430906296,2.6737225871613313,0.23288193345069885,13.343151911571551,0.16310623288154602
ppo,10,10,0,224,224,348,1,1,0,1,0,9.487324002444472,29.894631506500268,-81.19850462678384,1.9161596298217773,0.7708625197410583,0.20154328644275665,11.547579702366178,0.5367922186851501,30.75592860612263,0.4699394106864929
ppo,10,10,0,225,225,295,1,1,0,1,0,24.813421556496003,21.653680423799724,-66.58736395429257,1.968205451965332,1.9873161315917969,0.14193762838840485,8.132427060751859,0.4239991307258606,24.293360707807476,0.35393720865249634
ppo,10,10,0,226,226,105,1,1,0,1,0,-2.1941982708665964,-0.39600070769899925,-12.96775617705119,0.31902140378952026,2.3571863174438477,0.027041403576731682,1.5493582970566941,0.10276234149932861,5.8878484607936015,0.07842257618904114
ppo,10,10,0,227,227,42,1,1,0,1,0,-2.5399697674093216,-0.38534561259377936,-4.375050352094988,0.9228203296661377,4.0139360427856445,0.07251789420843124,4.154969277319306,0.0833381935954094,4.774926765261146,0.11418698728084564
ppo,10,10,0,228,228,112,1,1,0,1,0,-3.4956498360775057,-3.7905500836819765,-34.11227331898314,0.6654993891716003,2.6621456146240234,0.01989680342376232,1.1400028619830274,0.18569760024547577,10.639688759773282,0.11274560540914536
ppo,10,10,0,229,229,301,1,1,0,1,0,-18.48419944134701,1.0703589448326982,62.523237473594904,3.461728096008301,2.204547166824341,0.11063601821660995,6.338976905944243,0.38667789101600647,22.155011186236784,0.3039749562740326
ppo,10,10,0,230,230,163,1,1,0,1,0,-27.239245202496072,18.455744873264734,66.85308563376275,2.1207008361816406,2.8072097301483154,0.17116832733154297,9.807222742411188,0.7962374091148376,45.62104303271166,0.5692870616912842
ppo,10,10,0,231,231,90,1,1,0,1,0,0.35500591230058276,-3.314185370208607,-23.630063962034615,0.4925823509693146,4.15262508392334,0.028394579887390137,1.6268895885945072,0.10667560994625092,6.112062226903964,0.0817323848605156
ppo,10,10,0,232,232,91,1,1,0,1,0,0.7954438307396849,1.6243419280340925,17.529038467055745,0.12583935260772705,2.560953140258789,0.0372704453766346,2.1354392206540345,0.11439278721809387,6.554223914334848,0.09446683526039124
ppo,10,10,0,233,233,109,1,1,0,1,0,-5.3700723103824455,0.50886275354429,-15.341875291034262,0.384040504693985,0.7155047655105591,0.014476705342531204,0.8294541173815287,0.30365368723869324,17.39807471236263,0.16630354523658752
ppo,10,10,0,234,234,108,1,1,0,1,0,-3.879342542892142,0.700094389926307,-21.90235395110155,0.8345396518707275,1.7611788511276245,0.015567786060273647,0.8919684376162754,0.10209652781486511,5.849700146731788,0.06661605089902878
ppo,10,10,0,235,235,119,1,1,0,1,0,-1.721603821815074,8.571805446095963,-25.332365669255232,0.9418713450431824,1.5763447284698486,0.05792614817619324,3.3189238139453034,0.060809846967458725,3.484147584071793,0.08833107352256775
ppo,10,10,0,236,236,99,1,1,0,1,0,-7.341975244521806,1.3395776811579208,-23.42963889102976,0.6876838207244873,2.713991403579712,0.02530476078391075,1.4498559945062426,0.0399610809981823,2.2896012859762767,0.04528529942035675
ppo,10,10,0,237,237,125,1,1,0,1,0,-8.336286863135582,4.150897203913509,38.55577582694,1.005919337272644,1.2843831777572632,0.04416067525744438,2.530220312699363,0.15887561440467834,9.102902172935936,0.12359848618507385
ppo,10,10,0,238,238,150,1,1,0,1,0,-34.30597748384471,11.841116473457586,62.66213620055628,0.4069719910621643,2.263106107711792,0.16143222153186798,9.24938497119697,0.740425169467926,42.4232372557709,0.5316448211669922
ppo,10,10,0,239,239,148,1,1,0,1,0,-6.422959631318251,1.5579661496799084,-6.494594655333344,0.507750928401947,0.561424195766449,0.012961937114596367,0.7426642909803519,0.09065733104944229,5.194282451053358,0.05829060077667236
ppo,10,10,0,240,240,90,1,1,0,1,0,-8.851009918987744,0.47525822282782726,-29.29977667130552,0.8791543841362,1.739482045173645,0.03418590500950813,1.9587080758799544,0.10287054628133774,5.894048138125858,0.085621178150177
ppo,10,10,0,241,241,266,1,1,0,1,0,-14.83775268877396,5.000914246121596,61.84551878338956,1.7166029214859009,1.3557847738265991,0.09893376380205154,5.66848711720171,0.3110826313495636,17.823721856154066,0.25447508692741394
ppo,10,10,0,242,242,147,1,1,0,1,0,73.7825584335508,48.38792875982173,-45.303183104212195,3.1241867542266846,3.133298397064209,0.42695701122283936,24.46283477658842,0.4980497360229492,28.53614786171975,0.675981879234314
ppo,10,10,0,243,243,115,1,1,0,1,0,29.281143915249725,3.441076624609104,-69.89148162566458,1.3767045736312866,3.2054662704467773,0.16547250747680664,9.48087630386798,0.717556357383728,41.112950840868585,0.5242506861686707
ppo,10,10,0,244,244,159,1,1,0,1,0,-6.347171852287789,-0.8626392317942704,-33.40095009806134,0.05972927063703537,0.3906174898147583,0.0294062290340662,1.6848528150470568,0.15745428204536438,9.021465827461874,0.10813336819410324
ppo,10,10,0,245,245,142,1,1,0,1,0,1.7128475192991177,4.524317306216446,2.2191148009588026,0.5670942664146423,0.505500853061676,0.04235921427607536,2.427004201509423,0.11790503561496735,6.755460924077288,0.10131172835826874
ppo,10,10,0,246,246,111,1,1,0,1,0,-14.026599422943246,5.823228041056111,39.362025016946646,0.9288007020950317,3.392655372619629,0.08421318978071213,4.8250603537690395,0.23102006316184998,13.236474602019708,0.19972321391105652
ppo,10,10,0,247,247,120,1,1,0,1,0,4.091406256242698,7.746486367926641,-23.267025747270097,0.24946880340576172,1.8702784776687622,0.04153144732117653,2.379576648573324,0.10461385548114777,5.993932397661301,0.09383837878704071
ppo,10,10,0,248,248,102,1,1,0,1,0,-5.307343853045048,3.1308221117504447,18.617674998107397,0.7083113193511963,3.6024415493011475,0.04058453440666199,2.3253225350052085,0.15601161122322083,8.93880687812638,0.1185903400182724
ppo,10,10,0,249,249,189,1,1,0,1,0,-1.5762573962772026,9.286543761602777,20.835068591395355,0.7547296285629272,0.6638246774673462,0.0788869634270668,4.519890062973809,0.09163503348827362,5.250300674418041,0.12470448017120361
ppo,10,10,0,250,250,133,1,1,0,1,0,-5.367995932874761,3.4907594206317767,-25.231169586512323,0.4778600335121155,0.5674962997436523,0.035591427236795425,2.0392385675153437,0.22738288342952728,13.028079554027094,0.14928287267684937
ppo,10,10,0,251,251,107,1,1,0,1,0,-29.494409741894202,4.054564215859649,59.75998882221786,1.051963448524475,2.299490451812744,0.15764476358890533,9.032379615981908,0.6414872407913208,36.754511508835066,0.47838836908340454
ppo,10,10,0,252,252,194,1,1,0,1,0,-12.096387963497643,5.013140284735919,45.24564559064401,0.6744204163551331,0.8649791479110718,0.053196609020233154,3.0479411812669253,0.1852186769247055,10.612248474782755,0.1458059549331665
ppo,10,10,0,253,253,72,1,1,0,1,0,6.478448088135434,8.809987802832646,-27.66681504453887,0.17597661912441254,2.6493937969207764,0.04436259716749191,2.541789585936307,0.11487097293138504,6.581621937529885,0.10179808735847473
ppo,10,10,0,254,254,76,1,1,0,1,0,12.061594979865598,-3.7570548359922338,-25.02555357173826,1.2041579484939575,2.1777358055114746,0.03344007581472397,1.9159752107811812,0.1924547553062439,11.02684522627076,0.1296674609184265
ppo,10,10,0,255,255,121,1,1,0,1,0,22.624783059613797,13.97493587206127,-54.79386755972831,0.2793301045894623,0.7088865637779236,0.09288901835680008,5.322148714957874,0.3140729069709778,17.995052028841958,0.24992546439170837
ppo,10,10017,1,256,0,234,1,1,0,1,0,-3.849617559624247,2.293290655345141,-50.43161698213793,1.0581703186035156,0.4122272729873657,0.018259534612298012,1.046194269157722,0.07470034062862396,4.280014246209784,0.055609703063964844
ppo,10,10017,1,257,1,83,1,1,0,1,0,10.998202827986312,10.611778045503671,-33.148014532717426,0.18837884068489075,2.954395055770874,0.03856377676129341,2.2095416505067953,0.7406871914863586,42.43825001156659,0.40890738368034363
ppo,10,10017,1,258,2,188,1,1,0,1,0,-11.84421737934077,6.049211679935153,26.448281975851916,1.2186777591705322,0.8009588718414307,0.02803974226117134,1.6065588901997294,0.3125859797000885,17.909857371777097,0.1843327283859253
ppo,10,10017,1,259,3,77,1,1,0,1,0,12.500653200092357,-4.6590222970274375,-18.708994627310467,0.6965004801750183,1.7643681764602661,0.04495098441839218,2.5755016921321974,0.16897615790367126,9.681620686216531,0.12943905591964722
ppo,10,10017,1,260,4,122,1,1,0,1,0,-4.459143641156184,-0.8885393091269588,-23.687328268036,0.6325570940971375,1.835661768913269,0.014973247423768044,0.8579038829870418,0.122136190533638,6.9978882433831355,0.0760413408279419
ppo,10,10017,1,261,5,137,1,1,0,1,0,-2.259330954791838,-2.182286420954094,-19.839145048137457,0.49299320578575134,1.8676151037216187,0.03864927589893341,2.214440390245575,0.12184086441993713,6.980967303488075,0.09956970810890198
ppo,10,10017,1,262,6,23,1,1,0,1,0,-0.0346017383352846,-3.4810605520103586,-6.485087032008686,12.605371475219727,14.666678428649902,0.022978801280260086,1.3165883316287157,0.14946429431438446,8.563673252115416,0.09771095216274261
ppo,10,10017,1,263,7,143,1,1,0,1,0,-26.513114131453676,3.880367071267644,51.02811106273348,0.6177223920822144,2.209625005722046,0.10615301132202148,6.082119531356274,0.42299431562423706,24.23578904329344,0.31765016913414
ppo,10,10017,1,264,8,87,1,1,0,1,0,7.993889480042843,2.0437292034512153,-25.099702105367918,0.18668313324451447,3.537644863128662,0.04838838055729866,2.7724499834061036,0.19929742813110352,11.418901499724077,0.14803709089756012
ppo,10,10017,1,265,9,131,1,1,0,1,0,2.3349684696605593,36.04428794836963,-82.19751541554659,4.72011137008667,6.327246189117432,0.23603790998458862,13.523976047205762,0.46407610177993774,26.589602004874063,0.4680759608745575
ppo,10,10017,1,266,10,241,1,1,0,1,0,-18.545671143877122,24.238811402001172,75.2283728770591,0.3262672424316406,0.41852644085884094,0.16984613239765167,9.731466553005639,0.7018678188323975,40.21406379514905,0.5207800269126892
ppo,10,10017,1,267,11,160,1,1,0,1,0,-46.81418487315909,27.785400788908632,66.10430565543258,1.197371244430542,2.5481529235839844,0.3083530068397522,17.667325892086406,0.8207806944847107,47.027269699790565,0.7187433242797852
ppo,10,10017,1,268,12,106,1,1,0,1,0,33.65272453124634,25.099825048772978,-68.52976047121747,0.9846395254135132,1.3658257722854614,0.16787759959697723,9.618677931693925,0.532219648361206,30.493939625033867,0.43398743867874146
ppo,10,10017,1,269,13,140,1,1,0,1,0,-9.557251479167062,5.628157838360547,22.84214699976028,0.6295309662818909,1.445181131362915,0.025595402345061302,1.4665085293112625,0.16005830466747284,9.17066533346528,0.10562455654144287
ppo,10,10017,1,270,14,180,1,1,0,1,0,-7.992974234694062,1.5061523346361918,-27.28492550766512,1.0037076473236084,0.3083365857601166,0.014316434040665627,0.820271248207564,0.07552292943000793,4.3271451128038105,0.052077896893024445
ppo,10,10017,1,271,15,77,1,1,0,1,0,-14.623831163969161,2.4217665136330813,-66.15170716827248,1.4988335371017456,2.276601552963257,0.08542654663324356,4.894580580462368,0.2590152323246002,14.840479641800087,0.21493417024612427
ppo,10,10017,1,272,16,141,1,1,0,1,0,-5.257346868320555,52.953295502949956,-87.94246948871435,2.0628650188446045,1.4613064527511597,0.5421153903007507,31.06092387332038,0.6634202599525452,38.01118093875279,0.8738255500793457
ppo,10,10017,1,273,17,149,1,1,0,1,0,-22.694874460876466,1.1502994788785275,35.40746843091432,0.3176136314868927,1.0093343257904053,0.07406128942966461,4.243399309616638,0.27745696902275085,15.897113321495645,0.21278977394104004
ppo,10,10017,1,274,18,103,1,1,0,1,0,3.376900167167664,4.059085801090197,16.507009940790056,0.38547706604003906,3.421689987182617,0.042250778526067734,2.42079129068565,0.1151578277349472,6.598057507107051,0.09982968866825104
ppo,10,10017,1,275,19,168,1,1,0,1,0,-15.95719337298237,20.156666882273008,66.705936038284,0.6934589147567749,1.2633427381515503,0.12083424627780914,6.923292332362841,0.7209222316741943,41.305801232083894,0.4812953472137451
ppo,10,10017,1,276,20,241,1,1,0,1,0,7.160879608868088,5.577928627204273,26.007543529089332,0.9341456294059753,0.8117501139640808,0.058177292346954346,3.333313314979228,0.19766095280647278,11.325138370345435,0.15700776875019073
ppo,10,10017,1,277,21,194,1,1,0,1,0,-31.42784505062805,28.021561409650992,63.027141509801766,1.2296966314315796,0.3274846076965332,0.1931540071964264,11.066909408394762,0.5542628765106201,31.756923564839266,0.47028544545173645
ppo,10,10017,1,278,22,214,1,1,0,1,0,1.6982035937186104,5.928973029786248,42.2982823600001,0.7471929788589478,1.252464771270752,0.03318551182746887,1.9013897686954422,0.0818752720952034,4.691107537540396,0.07412314414978027
ppo,10,10017,1,279,23,170,1,1,0,1,0,-10.479873432252385,8.13700926391129,33.3155454126795,0.9458559155464172,1.0505415201187134,0.03609875589609146,2.068306358519037,0.15737394988536835,9.016863133734931,0.11478573083877563
ppo,10,10017,1,280,24,71,1,1,0,1,0,-12.731868763875628,-3.3610131471582143,6.785369468679128,0.41777530312538147,3.897592544555664,0.04103913903236389,2.351369461405052,0.1626402735710144,9.318601254472231,0.1223592758178711
ppo,10,10017,1,281,25,231,1,1,0,1,0,34.80163065153419,17.182788857271117,-79.5744495666949,3.650346040725708,2.837831735610962,0.20689934492111206,11.854459248001206,0.6699414253234863,38.384816192014576,0.5418700575828552
ppo,10,10017,1,282,26,123,1,1,0,1,0,3.3081201622256358,2.081472828804706,19.57850502940977,0.2675881087779999,2.3720510005950928,0.03417849913239479,1.9582837503777675,0.14099571108818054,8.078459174798649,0.10467635095119476
ppo,10,10017,1,283,27,147,1,1,0,1,0,6.456509520521354,3.721278305119707,8.173359530674098,0.09567423909902573,0.46510958671569824,0.033997438848018646,1.947909760245576,0.22252874076366425,12.74995766611876,0.14526180922985077
ppo,10,10017,1,284,28,67,1,1,0,1,0,-1.3047437163908557,2.379009529428801,14.246832042541136,0.8336597084999084,2.5860941410064697,0.012400508858263493,0.7104968213930893,0.09173079580068588,5.255787450755676,0.05826590582728386
ppo,10,10017,1,285,29,163,1,1,0,1,0,-8.092804279602968,2.941776135902832,-49.9573832876856,0.6585229635238647,0.49847352504730225,0.05572883039712906,3.1930267789558666,0.0507899634540081,2.9100505475383573,0.08112381398677826
ppo,10,10017,1,286,30,80,1,1,0,1,0,17.71449176339993,8.314361955899841,-39.311358673683486,0.6329419016838074,4.132452964782715,0.05532168969511986,3.1696993350627456,0.3919889032840729,22.45930977413919,0.2513161301612854
ppo,10,10017,1,287,31,133,1,1,0,1,0,16.09267700535874,3.0694323714903704,-44.38028794356007,0.5011910200119019,0.6039010286331177,0.035185277462005615,2.0159678995696986,0.26466506719589233,15.164191334870964,0.16751781105995178
ppo,10,10017,1,288,32,44,1,1,0,1,0,-1.8118169603726024,-0.1848659000755651,1.6542035150853882,0.36709892749786377,4.084231853485107,0.025537215173244476,1.4631746499443559,0.10800863057374954,6.188438682863516,0.07954153418540955
ppo,10,10017,1,289,33,78,1,1,0,1,0,-6.214447616336101,-3.0493925964655526,-36.45382609100359,0.2531360983848572,3.664593458175659,0.04950566962361336,2.836465931402048,0.1976112276315689,11.322289327687894,0.1483112871646881
ppo,10,10017,1,290,34,115,1,1,0,1,0,-37.4098886502653,10.345441649008194,73.46667584481605,2.63082218170166,2.625828504562378,0.2111983746290207,12.100775506265729,0.6552233695983887,37.541533716328125,0.5388100743293762
ppo,10,10017,1,291,35,334,1,1,0,1,0,-13.035620936644436,9.382002485442875,44.56202561699577,0.7542443871498108,0.42088422179222107,0.053763795644044876,3.080438581007611,0.17091341316699982,9.792617236644762,0.13922050595283508
ppo,10,10017,1,292,36,241,1,1,0,1,0,6.693967877206017,2.950409495013728,26.86995053445182,0.8494270443916321,1.015457034111023,0.045929089188575745,2.631542967385329,0.1769937425851822,10.140994450355848,0.13442596793174744
ppo,10,10017,1,293,37,94,1,1,0,1,0,-4.272105740924555,2.6046379984710026,-35.46700035972015,0.42733076214790344,1.3618111610412598,0.036173511296510696,2.0725895274588697,0.20492008328437805,11.741055909664192,0.13863354921340942
ppo,10,10017,1,294,38,157,1,1,0,1,0,2.202175931817171,2.063318185990812,12.559228902414386,1.00160813331604,0.556675136089325,0.03256858512759209,1.8660424725235683,0.12204103171825409,6.992436044878173,0.09358909726142883
ppo,10,10017,1,295,39,105,1,1,0,1,0,-2.529915728951063,12.806632014530589,37.82778694444336,0.4773288667201996,2.760240316390991,0.07041343301534653,4.034392532806486,0.13680462539196014,7.838327652827572,0.1388157457113266
ppo,10,10017,1,296,40,90,1,1,0,1,0,-5.724695732089507,4.227531926401052,13.716590796894707,0.16876624524593353,2.8994381427764893,0.017844844609498978,1.022434282191069,0.4449027180671692,25.491048039147554,0.24029619991779327
ppo,10,10017,1,297,41,96,1,1,0,1,0,24.0088935741602,24.22149004226602,-57.72298052490994,0.46822547912597656,2.5147664546966553,0.13738913834095,7.871817777875437,0.36887362599372864,21.13490194312787,0.32182595133781433
ppo,10,10017,1,298,42,188,1,1,0,1,0,-8.725115872206068,11.313593643100821,43.92377175981476,0.2131335735321045,0.5205890536308289,0.05065347999334335,2.9022306212689273,0.1615862250328064,9.258208721830979,0.13144659996032715
ppo,10,10017,1,299,43,130,1,1,0,1,0,-6.480824993966599,4.194965584438432,-38.741994104471225,1.2070049047470093,1.9485472440719604,0.04929902404546738,2.8246260119192423,0.04055807366967201,2.323806446452877,0.06957805901765823
ppo,10,10017,1,300,44,196,1,1,0,1,0,-20.20999699931247,15.933260390130645,73.41312716172315,1.7055096626281738,1.5928540229797363,0.16653530299663544,9.541770001639582,0.5498124957084656,31.501935527649763,0.44144153594970703
ppo,10,10017,1,301,45,207,1,1,0,1,0,1.5642909048513403,1.091669135043138,3.7539949112440683,0.35001716017723083,0.42017197608947754,0.0329112634062767,1.8856764916230047,0.11223242431879044,6.430444237988115,0.08902747929096222
ppo,10,10017,1,302,46,137,1,1,0,1,0,-2.821919976347448,5.722633014960163,-9.740519114976845,0.5441222786903381,2.2178051471710205,0.028051547706127167,1.6072352923709723,0.07609673589468002,4.360021801486844,0.06609991192817688
ppo,10,10017,1,303,47,82,1,1,0,1,0,-7.476393367387657,1.0692387938088161,-9.696314130668522,0.5681197643280029,2.725630044937134,0.012646104209125042,0.7245683984654907,0.0967000275850296,5.540503459420835,0.06099611893296242
ppo,10,10017,1,304,48,59,1,1,0,1,0,6.382442949161735,2.000658030545115,-8.320440824261153,0.6852906942367554,4.197127342224121,0.020186781883239746,1.1566174038607893,0.19133450090885162,10.962659377319213,0.11585403233766556
ppo,10,10017,1,305,49,85,1,1,0,1,0,-16.04243413382413,-4.087417425767411,29.38706648889828,0.44134366512298584,2.218691349029541,0.024925000965595245,1.4280973596881092,0.18083955347537994,10.361343183169629,0.11534477770328522
ppo,10,10017,1,306,50,105,1,1,0,1,0,-3.3050602374774702,-0.3014162480726627,0.9477707096093093,0.4971124231815338,2.8876051902770996,0.009288052096962929,0.5321661850536099,0.12644536793231964,7.244785921500756,0.0725107342004776
ppo,10,10017,1,307,51,173,1,1,0,1,0,-48.167163385468584,19.531800195865223,69.62417534230696,2.3677480220794678,1.9774965047836304,0.2582574188709259,14.797060129246317,0.7157434821128845,41.00908073906561,0.6161291599273682
ppo,10,10017,1,308,52,109,1,1,0,1,0,-4.415976845601704,16.543742698146385,46.04677213877314,0.5771083831787109,3.301179885864258,0.0797940120100975,4.571860118594789,0.14050458371639252,8.050319649191843,0.15004630386829376
ppo,10,10017,1,309,53,142,1,1,0,1,0,-14.37707008963494,5.072877119216851,-58.578666624129134,0.5846812129020691,0.6594446301460266,0.06845991313457489,3.9224640884433715,0.17798162996768951,10.197596228007743,0.15745073556900024
ppo,10,10017,1,310,54,94,1,1,0,1,0,-12.6208372087279,4.507310135183115,-48.401138345676536,1.26411771774292,4.282018661499023,0.06489063799381256,3.717959686956727,0.14347045123577118,8.220251340647176,0.13662585616111755
ppo,10,10017,1,311,55,88,1,1,0,1,0,-5.018126322830028,2.216560310209218,4.914676277661015,0.5847020745277405,4.6283464431762695,0.0220600925385952,1.2639501981295431,0.48506373167037964,27.792104619579,0.2645919620990753
ppo,10,10017,1,312,56,100,1,1,0,1,0,-5.501976923633731,3.845492125365559,2.75863144349811,0.29668542742729187,2.036656379699707,0.02278970740735531,1.3057540507794887,0.12195906788110733,6.987739862936966,0.08376923948526382
ppo,10,10017,1,313,57,108,1,1,0,1,0,3.8079807264438488,0.042128606800638645,20.313488025616504,0.33461686968803406,2.1707396507263184,0.03089292161166668,1.77003402517699,0.19156044721603394,10.975605147117324,0.1266731470823288
ppo,10,10017,1,314,58,148,1,1,0,1,0,-27.12116489212489,17.20494599093864,67.84288932752432,1.610558271408081,0.7377761006355286,0.15285596251487732,8.758001525512388,0.36918848752975464,21.152942180273165,0.33745020627975464
ppo,10,10017,1,315,59,81,1,1,0,1,0,14.629787088925411,11.631129137614714,-48.96214276334471,1.250788927078247,2.244558811187744,0.04579654335975647,2.623948650801921,0.23050875961780548,13.207179066895877,0.1610509157180786
ppo,10,10017,1,316,60,81,1,1,0,1,0,-11.144751366818106,8.194382852939398,17.236378521499038,0.7894701957702637,2.8019890785217285,0.04540358856320381,2.6014339994200317,0.0340910330414772,1.953272312517682,0.06244910508394241
ppo,10,10017,1,317,61,131,1,1,0,1,0,-19.12274016647316,14.27586034651369,54.68534951419515,0.6884704828262329,1.5369048118591309,0.11522015184164047,6.601628415382499,0.4575730860233307,26.217006647913404,0.3440066874027252
ppo,10,10017,1,318,62,228,1,1,0,1,0,20.310195874436555,7.117166398180006,-72.09151287808237,3.957059144973755,3.7441086769104004,0.12685184180736542,7.2680751590232076,0.613737165927887,35.164549337988234,0.4337204098701477
ppo,10,10017,1,319,63,223,1,1,0,1,0,2.1289426435362944,18.93085283193082,-48.35950151249614,0.8159007430076599,0.2464674413204193,0.08706793189048767,4.9886250282574505,0.21656665205955505,12.408355146290683,0.1953512579202652
ppo,10,10017,1,320,64,95,1,1,0,1,0,-6.079319153796569,6.301764754685545,32.85148870009049,0.8304833769798279,2.6859853267669678,0.04119904339313507,2.360531306402978,0.08671099692583084,4.968174161221963,0.08455453813076019
ppo,10,10017,1,321,65,165,1,1,0,1,0,-24.42542583050426,9.51827841976297,63.78037477147077,1.5306767225265503,2.0946662425994873,0.1259886473417282,7.218617759243145,0.47872936725616455,27.429172272746616,0.3653533458709717
ppo,10,10017,1,322,66,85,1,1,0,1,0,0.10712468694247998,17.578748583835097,-53.05309822710218,0.6687754988670349,2.669969081878662,0.081241674721241,4.654805082101778,0.08570722490549088,4.910662260863163,0.12409529089927673
ppo,10,10017,1,323,67,93,1,1,0,1,0,-4.524385608108147,0.8033805105552398,-13.771095706471408,0.724249541759491,1.8755218982696533,0.040153004229068756,2.3005976770965857,0.15837061405181885,9.07396778406447,0.11933831125497818
ppo,10,10017,1,324,68,134,1,1,0,1,0,-11.025086452559481,16.62065062820073,54.94443224979207,0.5451439023017883,1.1365032196044922,0.08949580043554306,5.127731649101692,0.16186173260211945,9.273994142776525,0.17042666673660278
ppo,10,10017,1,325,69,124,1,1,0,1,0,2.7123910628171237,-1.0830084551755619,21.07199419332476,0.22330297529697418,2.50351619720459,0.03479044884443283,1.9933458861517932,0.181939959526062,10.42439180562437,0.12576043605804443
ppo,10,10017,1,326,70,70,1,1,0,1,0,3.9240256404423657,2.2269421977476376,37.91832793208105,1.1266593933105469,3.0276753902435303,0.050451215356588364,2.89064171123812,0.17913289368152618,10.263558779917142,0.14001765847206116
ppo,10,10017,1,327,71,141,1,1,0,1,0,-12.394621343417079,-2.9427323623866335,30.273911911111078,0.8127558827400208,2.0776541233062744,0.07532665878534317,4.315899633222208,0.23934702575206757,13.7135744146025,0.19500017166137695
ppo,10,10017,1,328,72,144,1,1,0,1,0,0.8374768148919435,1.2375073342012501,-14.396959600498016,0.792484700679779,0.9629068374633789,0.030818935483694077,1.7657949323016449,0.1291085034608841,7.397372347558841,0.09537318348884583
ppo,10,10017,1,329,73,117,1,1,0,1,0,20.120316615510202,20.78896481449777,-61.58176419840034,0.4863435626029968,1.699258804321289,0.11555485427379608,6.620805452137779,0.31326159834861755,17.948567468898144,0.27218565344810486
ppo,10,10017,1,330,74,284,1,1,0,1,0,14.342017558814435,1.8419790757473786,-78.09475738490333,10.954242706298828,9.632576942443848,0.13314054906368256,7.628391543403475,0.6234803199768066,35.72279094413713,0.44488072395324707
ppo,10,10017,1,331,75,157,1,1,0,1,0,55.920876093537096,37.15948025491429,-63.69469687852213,1.4480451345443726,1.7289328575134277,0.3184633255004883,18.246604480878943,0.6372966766357422,36.514409868941605,0.6371116638183594
ppo,10,10017,1,332,76,112,1,1,0,1,0,-3.704052568032935,-1.4663733129100376,-16.596225871728763,0.32130804657936096,1.8837698698043823,0.009570755064487457,0.5483638719485894,0.10460933297872543,5.9936732773596635,0.061875421553850174
ppo,10,10017,1,333,77,172,1,1,0,1,0,-16.560708888044697,4.8854567283917,11.789370960305568,2.7615675926208496,3.754978895187378,0.01132915634661913,0.6491128441051269,0.19397740066051483,11.114086378765688,0.10831785947084427
ppo,10,10017,1,334,78,126,1,1,0,1,0,10.201351978277604,15.025678513597692,62.83972111897661,0.7055213451385498,2.1197361946105957,0.11041031032800674,6.326044796524471,0.33259317278862,19.056185095653262,0.27670690417289734
ppo,10,10017,1,335,79,119,1,1,0,1,0,-6.631034514193519,6.629285985765996,25.056562630570117,0.2625347971916199,2.1742331981658936,0.04577305167913437,2.6226026766486052,0.052034322172403336,2.981347050302712,0.07179021090269089
ppo,10,10017,1,336,80,56,1,1,0,1,0,7.996280046252348,4.219868454152298,-16.49218843029113,13.146085739135742,13.614503860473633,0.02870611660182476,1.6447393274949835,0.22253519296646118,12.750327350107588,0.1399737149477005
ppo,10,10017,1,337,81,177,1,1,0,1,0,8.973734757994533,0.7367451850125954,-2.8506067708615017,0.09285855293273926,0.30243369936943054,0.005928087513893843,0.339654395130318,0.15778006613254547,9.040131880689874,0.08481811732053757
ppo,10,10017,1,338,82,79,1,1,0,1,0,-3.4976169305584697,23.013598408305942,-60.67624503899673,0.4250616729259491,2.2009596824645996,0.08276081085205078,4.741845170903012,0.10928048938512802,6.261310824892028,0.1374010592699051
ppo,10,10017,1,339,83,67,1,1,0,1,0,3.633428412015003,0.26319450947727135,-12.16534555335809,0.1599981188774109,3.091782808303833,0.05157021805644035,2.954755843203383,0.14247754216194153,8.163361841276492,0.12280899286270142
ppo,10,10017,1,340,84,36,1,1,0,1,0,4.732979585360336,0.7755133387415878,6.945113932987385,14.762375831604004,15.388752937316895,0.03999793902039528,2.2917130950902798,0.12008965015411377,6.880630117033295,0.10004276037216187
ppo,10,10017,1,341,85,88,1,1,0,1,0,9.638298503858433,6.4665089174662524,-40.71952511448668,1.1817723512649536,3.2967493534088135,0.06750268489122391,3.867618950068638,0.27209022641181946,15.589621620156256,0.20354780554771423
ppo,10,10017,1,342,86,181,1,1,0,1,0,27.69383527289544,29.720256776989842,-73.84627043812868,5.565586566925049,5.284050941467285,0.22523227334022522,12.904858672531834,0.5455309152603149,31.256619038325002,0.4979977309703827
ppo,10,10017,1,343,87,160,1,1,0,1,0,-14.503893042143737,2.8599368092677393,19.6904245091496,0.16481946408748627,0.6858088374137878,0.04609503969550133,2.641051231040221,0.14847740530967712,8.50712867729782,0.12033374607563019
ppo,10,10017,1,344,88,133,1,1,0,1,0,-5.081073346220865,-3.431609982419466,-31.917870142441448,0.6760700345039368,1.201841115951538,0.017282115295529366,0.990192267492318,0.10140267759561539,5.809945457554552,0.06798345595598221
ppo,10,10017,1,345,89,138,1,1,0,1,0,-1.3973064400228685,4.040616969574483,14.904415335073285,0.27653950452804565,1.6730543375015259,0.03545987978577614,2.0317014537662343,0.10069115459918976,5.769178192832862,0.08580546081066132
ppo,10,10017,1,346,90,136,1,1,0,1,0,-0.491186223972297,-0.2471025837927213,-5.89228125356494,0.18105730414390564,1.7884972095489502,0.035019341856241226,2.006460489688452,0.06998138874769211,4.0096382197070675,0.07001003623008728
ppo,10,10017,1,347,91,77,1,1,0,1,0,6.917506308362194,-5.130633198838479,0.8223001345561751,0.3226006329059601,3.693427562713623,0.028423158451914787,1.628527019726312,0.2307456135749817,13.220749799003046,0.14379596710205078
ppo,10,10017,1,348,92,101,1,1,0,1,0,-9.041053102454178,2.787987596550825,22.07379169926887,0.2147992104291916,3.719921588897705,0.05236911028623581,3.0005289962564583,0.24769887328147888,14.192100029174533,0.17621853947639465
ppo,10,10017,1,349,93,137,1,1,0,1,0,5.6557927837424185,0.4464758056653935,-18.109140093643266,0.3776901364326477,1.1414533853530884,0.04038539156317711,2.3139124905532906,0.1677294671535492,9.610190567876538,0.124250128865242
ppo,10,10017,1,350,94,57,1,1,0,1,0,7.923511210835032,0.8121231526928561,0.3264284008132494,10.56355094909668,10.946537017822266,0.013647099025547504,0.7819211767609704,0.16524307429790497,9.467730751036644,0.09626863896846771
ppo,10,10017,1,351,95,46,1,1,0,1,0,17.931295628034476,-5.281990190845961,-12.195070536625986,1.1234771013259888,3.1875030994415283,0.025999870151281357,1.489682827556587,0.25331273674964905,14.513750712663358,0.15265624225139618
ppo,10,10017,1,352,96,68,1,1,0,1,0,-2.1638722309517395,-0.6728692558946362,-31.45445546763442,0.5450314879417419,1.6662198305130005,0.03610072284936905,2.068419056640342,0.3558286130428314,20.38747775734796,0.21401503682136536
ppo,10,10017,1,353,97,184,1,1,0,1,0,2.505941764964318,4.727324188727565,19.105814957709867,0.7741190791130066,0.3824847340583801,0.053278159350156784,3.0526136709894485,0.10208562016487122,5.849075184422732,0.10432097315788269
ppo,10,10017,1,354,98,55,1,1,0,1,0,4.618491954492582,-0.7790377163533143,2.002433879729318,0.2537614703178406,3.1916542053222656,0.02998482808470726,1.7180040986790657,0.17055441439151764,9.77204812195927,0.11526203155517578
ppo,10,10017,1,355,99,91,1,1,0,1,0,9.832972555582137,-1.6694758180695366,1.3126940565847507,0.6356179714202881,1.722732424736023,0.012841089628636837,0.7357402400701044,0.22333572804927826,12.796194631705163,0.12450895458459854
ppo,10,10017,1,356,100,198,1,1,0,1,0,-7.37568905826499,2.9373774940773436,-35.86369774671449,0.9260787963867188,0.3985350728034973,0.0468880757689476,2.6864888510503198,0.29078420996665955,16.66070798013556,0.19228017330169678
ppo,10,10017,1,357,101,78,1,1,0,1,0,28.734441913703563,37.39904230986332,-80.02819269363718,5.565529823303223,5.729318141937256,0.24455395340919495,14.01190939358584,0.5695493221282959,32.63277238248834,0.5293285846710205
ppo,10,10017,1,358,102,158,1,1,0,1,0,-7.218321499787896,-0.3504843270700343,-18.093184771742116,0.6190237998962402,0.20354102551937103,0.01995120570063591,1.1431198828437863,0.10399416834115982,5.958426939921459,0.07194828987121582
ppo,10,10017,1,359,103,139,1,1,0,1,0,-25.983637866994286,11.886933382410032,61.352105917747835,0.5040126442909241,1.245628833770752,0.12173575162887573,6.974944784187416,0.6598048210144043,37.80403154651005,0.4516381621360779
ppo,10,10017,1,360,104,176,1,1,0,1,0,11.53285637583657,0.002431547344524539,-10.406052747702887,0.45729416608810425,0.4005192518234253,0.02094140090048313,1.199853888689145,0.28287675976753235,16.20764445701569,0.16237978637218475
ppo,10,10017,1,361,105,247,1,1,0,1,0,-20.203112168629097,-0.1654135213193688,72.44919622453759,5.717979431152344,5.026767730712891,0.15366694331169128,8.804467302435985,0.4344857931137085,24.894202203809744,0.37090983986854553
ppo,10,10017,1,362,106,166,1,1,0,1,0,23.40786424795576,7.646861228692836,-69.77848297603589,11.089062690734863,10.40037727355957,0.15801192820072174,9.053416598625548,0.6287391185760498,36.02409790918307,0.47238147258758545
ppo,10,10017,1,363,107,99,1,1,0,1,0,-12.333914622074005,1.6304890982871039,-4.982172207039081,1.8888956308364868,1.543959140777588,0.022759996354579926,1.3040517328505687,0.062249500304460526,3.5666336442439213,0.05388474464416504
ppo,10,10017,1,364,108,58,1,1,0,1,0,0.8925554603589263,1.2622872605100566,5.962399975584291,0.08362286537885666,2.323185682296753,0.04102243110537529,2.3504121677041927,0.11094196140766144,6.356506159562258,0.09649340808391571
ppo,10,10017,1,365,109,58,1,1,0,1,0,3.3235427293715247,1.5960512844918997,-2.3957161721386524,0.30212143063545227,3.350332498550415,0.03601433336734772,2.0634693039261984,0.11288323253393173,6.467732801988154,0.09245595335960388
ppo,10,10017,1,366,110,54,1,1,0,1,0,6.099837042063288,2.273906578480645,3.141053735127124,0.6200382709503174,3.9440982341766357,0.04184629023075104,2.397615818501562,0.17211712896823883,9.861585071788966,0.12790486216545105
ppo,10,10017,1,367,111,185,1,1,0,1,0,14.636945127175585,1.0844837760362847,9.815405309036864,0.1996687650680542,0.9771404266357422,0.031910523772239685,1.828338334201217,0.17965680360794067,10.293576607545702,0.12173892557621002
ppo,10,10017,1,368,112,109,1,1,0,1,0,-3.198454644911911,8.64561247026712,26.913062688492943,1.3816711902618408,2.834909439086914,0.03589740768074989,2.0567699555674737,0.09640372544527054,5.523526597351945,0.08409927040338516
ppo,10,10017,1,369,113,218,1,1,0,1,0,-5.267510189805534,14.060395198956469,56.46313847212275,0.9071759581565857,0.6381959915161133,0.053808294236660004,3.08298816255873,0.20573745667934418,11.78788795548203,0.1566770225763321
ppo,10,10017,1,370,114,150,1,1,0,1,0,-13.775139178460057,12.918783720702198,-74.09035407830825,3.1045265197753906,3.2942769527435303,0.1143275573849678,6.5504865201983815,0.28204572200775146,16.16002950076424,0.25535041093826294
ppo,10,10017,1,371,115,70,1,1,0,1,0,-16.977350427415473,23.990670629454605,63.39064417742984,1.4042739868164062,3.68556547164917,0.12512658536434174,7.169225246260198,0.45727360248565674,26.199847505171043,0.3537634015083313
ppo,10,10017,1,372,116,128,1,1,0,1,0,-6.257067996756981,-0.1656867288861693,-28.177713194455823,0.7722075581550598,0.9207804203033447,0.022347282618284225,1.28040497761375,0.1122102364897728,6.429172969028847,0.07845240086317062
ppo,10,10017,1,373,117,206,1,1,0,1,0,14.504972212032598,25.43291971421616,-74.17674231093058,11.80791187286377,10.758318901062012,0.1998148262500763,11.448546228269226,0.5620336532592773,32.20215627607572,0.48083165287971497
ppo,10,10017,1,374,118,349,1,1,0,1,0,5.114841801477409,6.787910299050372,52.722489750516885,4.1031293869018555,2.1641900539398193,0.03361840918660164,1.9261929603361088,0.12149752676486969,6.9612955049047915,0.09436717629432678
ppo,10,10017,1,375,119,134,1,1,0,1,0,-3.0086300274989166,-8.908547432555931,21.737964958157683,4.324184417724609,3.669865846633911,0.030254293233156204,1.7334433144110564,0.1971827745437622,11.297740774037221,0.128845676779747
ppo,10,10017,1,376,120,55,1,1,0,1,0,5.5197763966107845,5.0369639845609235,-8.100618016013463,0.18215547502040863,4.47724723815918,0.03757764771580696,2.153040618145157,0.12084153294563293,6.923709827675858,0.09799841046333313
ppo,10,10017,1,377,121,119,1,1,0,1,0,0.42367663421589097,7.85291437557378,-25.360342124095602,0.031127383932471275,2.433058500289917,0.03705321624875069,2.1229929084389787,0.0641179010272026,3.673685120096235,0.06911216676235199
ppo,10,10017,1,378,122,354,1,1,0,1,0,-20.651882917855612,46.54288975932619,-91.81890237102007,8.200363159179688,7.977374076843262,0.3275665044784546,18.768178216468627,0.4868367612361908,27.89369173065189,0.5709848999977112
ppo,10,10017,1,379,123,254,1,1,0,1,0,7.154732438615077,4.805447892454171,-8.75844719535573,0.3484096825122833,0.2518918514251709,0.012292318046092987,0.7042979444736267,0.5146540403366089,29.48750442064332,0.269619345664978
ppo,10,10017,1,380,124,101,1,1,0,1,0,-36.83877555262551,33.486286481551474,-100.01245194088072,4.683089733123779,5.610365390777588,0.27861353754997253,15.963379816823108,0.6933712363243103,39.72724547715098,0.6252991557121277
ppo,10,10017,1,381,125,203,1,1,0,1,0,-38.678555307460144,23.97538466609212,66.14599713012635,3.4385247230529785,3.707070827484131,0.2468377649784088,14.142762157704945,0.6875142455101013,39.391664622849916,0.5905948877334595
ppo,10,10017,1,382,126,75,1,1,0,1,0,-0.019083548541015627,-2.487240707016823,-18.189025986175736,0.47919875383377075,2.5630486011505127,0.03220732882618904,1.8453440111306678,0.12115801125764847,6.941842699261772,0.09278633445501328
ppo,10,10017,1,383,127,91,1,1,0,1,0,-5.98866888313216,-1.5236922604247845,-29.254915988836874,1.079598307609558,2.207313299179077,0.021719491109251976,1.244435173732053,0.24592146277427673,14.090261908649643,0.1446802169084549
ppo,10,10017,1,384,128,187,1,1,0,1,0,-6.713051425747032,-1.3305345106968238,-23.128072378795355,0.1025165393948555,0.4479764401912689,0.01712789013981819,0.9813558169753198,0.28414973616600037,16.28058063206767,0.15920275449752808
ppo,10,10017,1,385,129,162,1,1,0,1,0,-31.00869000164271,10.580823628185172,61.80934610154517,1.6169734001159668,1.2188841104507446,0.1445663571357727,8.283042123460747,0.4925156533718109,28.21906828233296,0.39082419872283936
ppo,10,10017,1,386,130,99,1,1,0,1,0,-10.587681138111865,6.3954339689631,-69.66914530780232,1.7508498430252075,3.592027187347412,0.08346980065107346,4.78246729410484,0.22176460921764374,12.70617615353898,0.19435210525989532
ppo,10,10017,1,387,131,99,1,1,0,1,0,-4.925454316171295,1.393754741654462,10.73466680905054,0.7159966230392456,2.9321115016937256,0.04138851910829544,2.3713874652018903,0.13736717402935028,7.870559315520862,0.11007210612297058
ppo,10,10017,1,388,132,174,1,1,0,1,0,1.0115510160788883,7.0409278266643245,28.27605425812567,0.4943486750125885,0.5593363046646118,0.04691433906555176,2.687993627101838,0.11842650920152664,6.7853391597146855,0.10612758994102478
ppo,10,10017,1,389,133,101,1,1,0,1,0,-7.338969961287001,6.008667677021958,37.925212762764424,0.7665212154388428,2.7908124923706055,0.029318755492568016,1.6798409503001484,0.08751621097326279,5.0143095277444605,0.07307685911655426
ppo,10,10017,1,390,134,110,1,1,0,1,0,-54.59961697973315,29.206066475892943,66.63288033492154,3.4721195697784424,4.755088806152344,0.2908756732940674,16.66594844277625,0.5114158987998962,29.301972577123678,0.5465836524963379
ppo,10,10017,1,391,135,120,1,1,0,1,0,14.676437280956598,7.64945670057744,-34.330129032749866,0.41372761130332947,0.6933718919754028,0.0568682998418808,3.2583135690242564,0.38830867409706116,22.248448174082558,0.2510226368904114
ppo,10,10017,1,392,136,114,1,1,0,1,0,6.388904308116567,-2.6914360424435246,18.933380001923727,0.2517847418785095,2.3547756671905518,0.04406885802745819,2.5249595729345726,0.20651401579380035,11.832381515282785,0.14732587337493896
ppo,10,10017,1,393,137,300,1,1,0,1,0,-28.40687970148809,16.238624487543575,75.21913846130124,1.7366145849227905,0.6102851033210754,0.1787957400083542,10.244241297397053,0.5428791046142578,31.104681480238067,0.4502353072166443
ppo,10,10017,1,394,138,133,1,1,0,1,0,9.003569024289149,-0.9971666376868416,1.2747455255561597,0.49788734316825867,0.6999122500419617,0.04667968302965164,2.674548826607491,0.215063214302063,12.322214508025773,0.15421128273010254
ppo,10,10017,1,395,139,79,1,1,0,1,0,0.4854215443128062,1.7938125817204489,25.044527837252556,0.2488507479429245,3.4026777744293213,0.03372195363044739,1.9321256199604995,0.12794619798660278,7.33077714937757,0.09769505262374878
ppo,10,10017,1,396,140,136,1,1,0,1,0,-29.35425426012554,5.318586344418889,-88.12448036971685,2.7012078762054443,2.4750688076019287,0.18079537153244019,10.358811744308493,0.6110533475875854,35.01077787410915,0.4863220453262329
ppo,10,10017,1,397,141,56,1,1,0,1,0,11.787253601662865,-2.600020790592074,-37.9051046858479,3.485758066177368,6.101399898529053,0.03976600244641304,2.278424108286374,0.16816434264183044,9.635107097968746,0.12384817004203796
ppo,10,10017,1,398,142,136,1,1,0,1,0,-3.837432502144944,6.180665500701219,-62.015836380532996,9.206450462341309,10.36701774597168,0.09049998968839645,5.185267455122587,0.30045244097709656,17.214656812391105,0.24072620272636414
ppo,10,10017,1,399,143,103,1,1,0,1,0,5.62994734792309,-0.8739500250598116,34.4962802144996,0.5768026113510132,2.4424965381622314,0.03866465762257576,2.2153216980919184,0.19943174719810486,11.42659741537139,0.1383805274963379
ppo,10,10017,1,400,144,89,1,1,0,1,0,-21.350638590704598,5.237894489564359,34.644345055327136,1.8780829906463623,1.6728720664978027,0.06775931268930435,3.8823226398043835,0.09046895056962967,5.183489044617445,0.11299379169940948
ppo,10,10017,1,401,145,151,1,1,0,1,0,0.09179774244497137,4.052515159108645,6.264950035059176,0.3142121434211731,0.5478595495223999,0.051654569804668427,2.959588842371402,0.08063541352748871,4.620068874417209,0.09197227656841278
ppo,10,10017,1,402,146,52,1,1,0,1,0,-11.451563464335079,-2.9538792311120945,13.369180054951178,2.8621408939361572,5.477403163909912,0.049743734300136566,2.8501060326179752,0.12098072469234467,6.931684927305494,0.1102340966463089
ppo,10,10017,1,403,147,210,1,1,0,1,0,-8.981329928351586,0.8954651209453517,19.223225909542386,0.3841325342655182,0.6326621770858765,0.038975946605205536,2.2331572430055258,0.15194641053676605,8.705888035918836,0.11494915187358856
ppo,10,10017,1,404,148,169,1,1,0,1,0,-10.882799951769776,0.08631993073062115,-57.74718671532847,0.9645090699195862,1.1817494630813599,0.05915144085884094,3.3891279133292795,0.1931355893611908,11.065854144167997,0.15571923553943634
ppo,10,10017,1,405,149,169,1,1,0,1,0,-10.241472509462259,1.7491977860619254,-39.2873710493184,0.9511519074440002,1.2956348657608032,0.03758177161216736,2.1532769000017575,0.07945331931114197,4.552339864833716,0.07730843126773834
ppo,10,10017,1,406,150,227,1,1,0,1,0,-1.531014223215038,-1.6211180787458463,-34.23904162997858,0.7411996126174927,0.744416356086731,0.06432598829269409,3.6856076421793156,0.15861648321151733,9.088055049227622,0.14363422989845276
ppo,10,10017,1,407,151,69,1,1,0,1,0,-4.093865124343902,0.35071655350181474,-4.311447630543829,0.622992992401123,3.7213118076324463,0.04615398496389389,2.644428546141381,0.05172046646475792,2.963364442878538,0.072014220058918
ppo,10,10017,1,408,152,119,1,1,0,1,0,4.419009449593189,13.492779158171729,50.57007857699243,0.5327930450439453,2.983800172805786,0.07416853308677673,4.249543918548711,0.20878426730632782,11.9624573453838,0.17856067419052124
ppo,10,10017,1,409,153,120,1,1,0,1,0,-1.0862323044638078,11.40440783830531,38.9090468711914,0.3713129758834839,1.942786693572998,0.07082420587539673,4.057928084025881,0.1433539092540741,8.213573976959841,0.14250116050243378
ppo,10,10017,1,410,154,68,1,1,0,1,0,3.795727367072846,0.6420104612245185,-2.3187809213276287,0.5264486074447632,2.7979085445404053,0.06524455547332764,3.7382376648288487,0.06245691701769829,3.57851774651292,0.09647301584482193
ppo,10,10017,1,411,155,96,1,1,0,1,0,1.6601457796632992,4.106186785606606,31.37529357515397,0.2235848307609558,3.4168765544891357,0.04313241317868233,2.4713052353529488,0.13658301532268524,7.825630331160518,0.11142392456531525
ppo,10,10017,1,412,156,111,1,1,0,1,0,-2.8098988434082255,-2.2033780451110934,-25.717479055417233,0.506453275680542,2.6099917888641357,0.013974245637655258,0.8006652969167481,0.1661614626646042,9.520350528402421,0.09705497324466705
ppo,10,10017,1,413,157,141,1,1,0,1,0,-7.441914572457433,7.844335657976244,43.40240976008935,0.9282116889953613,1.417008638381958,0.038584060966968536,2.2107038498827554,0.11493301391601562,6.585176624106054,0.09605056792497635
ppo,10,10017,1,414,158,253,1,1,0,1,0,-40.28670968716131,68.97137318219382,55.23895000680302,2.659576416015625,2.2341322898864746,0.8529396057128906,48.86983958690115,0.40395694971084595,23.145028323409914,1.0549180507659912
ppo,10,10017,1,415,159,214,1,1,0,1,0,8.225870025013156,6.501383863368337,-24.701529397512854,0.08366405963897705,0.5696919560432434,0.041782017797231674,2.3939332793218675,0.21696387231349945,12.43111419037881,0.1502639502286911
ppo,10,10017,1,416,160,53,1,1,0,1,0,-11.667288159080762,-5.215436827573356,4.54255391130038,1.088548183441162,4.596287727355957,0.03453805670142174,1.9788848815749953,0.1476363092660904,8.458937423835147,0.10835620760917664
ppo,10,10017,1,417,161,79,1,1,0,1,0,-4.112880370993218,9.4175741106403,-35.54748730889958,0.3864953815937042,2.280640125274658,0.03768341243267059,2.1591004900428397,0.022976834326982498,1.3164756335074104,0.04917182773351669
ppo,10,10017,1,418,162,134,1,1,0,1,0,1.484323050048831,0.24445247039475634,-7.645563492750533,0.3969987630844116,1.589475154876709,0.04015214741230011,2.300548585111926,0.13240045309066772,7.585987167715097,0.10635237395763397
ppo,10,10017,1,419,163,98,1,1,0,1,0,-1.991150407220457,-1.515441391907409,-11.491506410601312,0.45981693267822266,3.340416193008423,0.040269359946250916,2.307264368613341,0.10399063676595688,5.958224595567297,0.09226468205451965
ppo,10,10017,1,420,164,71,1,1,0,1,0,-4.44056552661375,-4.707161470297687,-24.535583121438226,0.4939523935317993,2.790271759033203,0.017635343596339226,1.0104307583333005,0.18643561005592346,10.681973607151184,0.1108531504869461
ppo,10,10017,1,421,165,115,1,1,0,1,0,-5.343352610349355,-1.0469996978712546,-21.31921972052254,0.8730280995368958,1.166811227798462,0.012664629146456718,0.7256297991903401,0.4892632067203522,28.032716816112917,0.25729623436927795
ppo,10,10017,1,422,166,105,1,1,0,1,0,-18.382620868010576,6.557514357967502,28.24549599177903,0.18109330534934998,2.6579246520996094,0.049589380621910095,2.841262218303278,0.22984828054904938,13.169336403799422,0.16451352834701538
ppo,10,10017,1,423,167,94,1,1,0,1,0,7.250600973805375,2.9320089653897137,-8.523324763367212,0.22455446422100067,1.078698992729187,0.028812164440751076,1.6508154210919446,0.20036756992340088,11.480216107903281,0.12899595499038696
ppo,10,10017,1,424,168,164,1,1,0,1,0,3.1021079964797114,0.4715425999193403,-23.46723225222151,0.207543283700943,0.25847217440605164,0.05614635348320007,3.216949089637013,0.15122953057289124,8.664813839571318,0.1317611187696457
ppo,10,10017,1,425,169,143,1,1,0,1,0,-8.678615944336622,1.4138354978142995,7.892775359569975,0.42261895537376404,1.7401984930038452,0.029362168163061142,1.6823283130967965,0.1275480091571808,7.307962610002435,0.09313617646694183
ppo,10,10017,1,426,170,210,1,1,0,1,0,-7.885822226994902,1.4755257663978545,-22.982179538123884,0.561255931854248,0.40544652938842773,0.024171879515051842,1.3849466791112015,0.32061102986335754,18.369658876513185,0.18447738885879517
ppo,10,10017,1,427,171,250,1,1,0,1,0,-26.307825965759772,2.7376217816111508,44.47748153544935,0.09696656465530396,0.6555342674255371,0.09467007219791412,5.424195583139272,0.38176414370536804,21.87347420374344,0.28555214405059814
ppo,10,10017,1,428,172,157,1,1,0,1,0,6.725769237981596,10.289516060084129,41.875657574916396,0.6124630570411682,1.9916850328445435,0.07339252531528473,4.205081948372866,0.20913276076316833,11.982424549648687,0.1779589056968689
ppo,10,10017,1,429,173,232,1,1,0,1,0,0.4277064458261985,6.9344041963688055,40.862439992680024,1.5982000827789307,1.0800156593322754,0.060093238949775696,3.443088969093319,0.1429404616355896,8.189885173370945,0.1315634697675705
ppo,10,10017,1,430,174,118,1,1,0,1,0,-24.702950076860215,20.314567195505365,58.82854226472488,1.4144419431686401,4.408931255340576,0.12166940420866013,6.971143357027481,0.5418773293495178,31.047283985547868,0.39260807633399963
ppo,10,10017,1,431,175,314,1,1,0,1,0,-5.145113199878905,5.024956512000041,7.780118219399784,0.5158683061599731,0.273549884557724,0.03073561191558838,1.7610208435152175,0.1147288903594017,6.573481205812876,0.08810006082057953
ppo,10,10017,1,432,176,170,1,1,0,1,0,-17.474260349912242,12.658130041596172,45.96885334072164,0.28460341691970825,1.683296799659729,0.09264861792325974,5.308374784722897,0.34605205059051514,19.827321990684165,0.2656746506690979
ppo,10,10017,1,433,177,91,1,1,0,1,0,-22.520950523851262,5.941021483482151,70.70105028760784,1.2547316551208496,3.51704740524292,0.15436038374900818,8.844198512837949,0.5147785544395447,29.494638553231397,0.4117496609687805
ppo,10,10017,1,434,178,143,1,1,0,1,0,11.113892572147988,2.188775100665606,-21.33025730622128,0.5473692417144775,0.28501084446907043,0.014913906343281269,0.8545038895234034,0.25394830107688904,14.550165866223281,0.14188805222511292
ppo,10,10017,1,435,179,91,1,1,0,1,0,-11.8711556454273,11.258077865526957,-71.34030135240768,1.0961663722991943,1.6486754417419434,0.0723365768790245,4.1445805595917165,0.13894876837730408,7.96117799656036,0.14181095361709595
ppo,10,10017,1,436,180,126,1,1,0,1,0,-6.616445230126372,-6.214174408769301,-50.03934555772575,0.9930498600006104,1.7877243757247925,0.04912102222442627,2.814427258827944,0.24914485216140747,14.274948516259494,0.17369344830513
ppo,10,10017,1,437,181,108,1,1,0,1,0,-3.8360664643109414,-1.389547345125734,-14.936817752495825,0.38723888993263245,2.602367401123047,0.01047317311167717,0.6000686174089974,0.13325756788253784,7.635096227847488,0.07710196077823639
ppo,10,10017,1,438,182,272,1,1,0,1,0,-30.984811660304345,35.428409790909576,71.82243074554054,0.7153170108795166,0.8637827634811401,0.2980944514274597,17.07955396306096,1.0115513801574707,57.95762484365656,0.8038701415061951
ppo,10,10017,1,439,183,174,1,1,0,1,0,-13.1987804955377,1.2510994106495756,43.25463178720695,1.2908976078033447,1.0980571508407593,0.06581638008356094,3.7710008016169305,0.23013058304786682,13.185511145527657,0.18088167905807495
ppo,10,10017,1,440,184,267,1,1,0,1,0,13.127459660224426,1.5843443402544977,-46.12974527681046,1.9441324472427368,1.2510335445404053,0.0731259137392044,4.189806230294133,0.32610321044921875,18.68433764440672,0.23617751896381378
ppo,10,10017,1,441,185,133,1,1,0,1,0,6.6194095322261575,5.457676316677029,37.79355403632326,0.16390234231948853,1.1184266805648804,0.047620322555303574,2.7284435014705344,0.17884130775928497,10.246852137207291,0.13704097270965576
ppo,10,10017,1,442,186,360,1,1,0,1,0,-25.874409481787445,16.917709215582924,67.91307635143536,0.31026768684387207,1.168685793876648,0.13673515617847443,7.8343473600887465,0.7738110423088074,44.336106864913845,0.5236406922340393
ppo,10,10017,1,443,187,67,1,1,0,1,0,-3.030213425276157,-0.7990911517564718,11.123564120012727,0.8528726100921631,3.676473617553711,0.026742463931441307,1.5322303170524179,0.12702296674251556,7.277879895576761,0.09025394916534424
ppo,10,10017,1,444,188,39,1,1,0,1,0,4.702653545445479,-3.159877736479679,-7.283836674306658,0.5685632824897766,5.102625370025635,0.03712218999862671,2.126944813204066,0.13465557992458344,7.715196417565167,0.10444997996091843
ppo,10,10017,1,445,189,40,1,1,0,1,0,-5.916268877930025,2.0118732011622757,8.53266846215179,0.7765976786613464,5.02642297744751,0.03704436123371124,2.122485553449694,0.032883115112781525,1.8840637132052354,0.053485918790102005
ppo,10,10017,1,446,190,116,1,1,0,1,0,42.74806397722379,27.223808974971842,-71.94753249037849,1.392534852027893,2.2137739658355713,0.2335307002067566,13.380323508582054,0.6247528195381165,35.79569979843243,0.5459071397781372
ppo,10,10017,1,447,191,150,1,1,0,1,0,48.689372328651075,17.26354901401735,-85.66522977791874,2.85113525390625,2.1933116912841797,0.26132890582084656,14.97304336830628,0.7352371215820312,42.12598400799736,0.6289474964141846
ppo,10,10017,1,448,192,106,1,1,0,1,0,-3.250910497737609,-0.07918921323712784,15.190490978270098,0.5999060273170471,2.527855157852173,0.027898887172341347,1.5984884880868306,0.139744833111763,8.006789146064058,0.0977713018655777
ppo,10,10017,1,449,193,138,1,1,0,1,0,-26.18264225865178,7.708715421816471,-87.94826148913053,2.414642095565796,1.8800824880599976,0.16146431863307953,9.251223999630994,0.517318069934845,29.640142073120177,0.4201233386993408
ppo,10,10017,1,450,194,207,1,1,0,1,0,37.72713727683405,12.040107204736737,-80.41702170270767,5.148510932922363,3.990709066390991,0.21860425174236298,12.525101008452772,0.6449480652809143,36.95280214572429,0.5410782694816589
ppo,10,10017,1,451,195,140,1,1,0,1,0,24.79515763065539,7.84236856349528,-79.1642557259006,10.674909591674805,9.574189186096191,0.1872728168964386,10.729942025692184,0.7012372612953186,40.17793550953427,0.5378914475440979
ppo,10,10017,1,452,196,127,1,1,0,1,0,-25.800260948157785,29.239179232989166,60.6149372610067,1.126316785812378,1.433063268661499,0.22813892364501953,13.071397467516963,0.6683318018913269,38.29259156274648,0.5623048543930054
ppo,10,10017,1,453,197,112,1,1,0,1,0,2.6035588285821403,1.4647750486442546,-4.407671335570969,0.4488992989063263,1.8656433820724487,0.035292208194732666,2.0220945792552,0.12981648743152618,7.437936841039547,0.10020045191049576
ppo,10,10017,1,454,198,73,1,1,0,1,0,-4.440073752993509,-0.2621289999667494,20.519172342282268,0.38877591490745544,3.227947950363159,0.04534173384308815,2.5978899850144415,0.1540628969669342,8.827153775764181,0.12237317860126495
ppo,10,10017,1,455,199,102,1,1,0,1,0,-8.874505769732588,4.05487840456147,35.13122826012233,0.8405168056488037,4.1811981201171875,0.047212645411491394,2.705085321726149,0.13207736611366272,7.56747564751707,0.11325132846832275
ppo,10,10017,1,456,200,127,1,1,0,1,0,0.39309104711257387,5.5702105134421585,10.957918372261577,0.32054784893989563,0.2275492548942566,0.04382258653640747,2.5108492558829725,0.10844124853610992,6.213225866248315,0.09804321080446243
ppo,10,10017,1,457,201,151,1,1,0,1,0,-1.7635138625622722,-0.9294111611203151,25.70593603571991,2.4503121376037598,0.9999186396598816,0.02087472565472126,1.1960336785089924,0.14635810256004333,8.385701574233332,0.09405377507209778
ppo,10,10017,1,458,202,119,1,1,0,1,0,1.6795571772844755,-1.0819156249083597,-19.91105327971935,0.3584945499897003,2.0108633041381836,0.04093301668763161,2.34528909893986,0.0801590234041214,4.592773730946545,0.0810125321149826
ppo,10,10017,1,459,203,185,1,1,0,1,0,25.235909737796312,22.413812176530442,-85.33776318835166,2.5043342113494873,1.7449402809143066,0.15141169726848602,8.675251222396744,0.6703651547431946,38.40909409941939,0.4865942597389221
ppo,10,10017,1,460,204,72,1,1,0,1,0,5.057468212449302,1.6826034416543012,-21.51877052731363,0.4914594888687134,1.8531626462936401,0.04545189440250397,2.604201720137768,0.16404899954795837,9.399315307441565,0.12747639417648315
ppo,10,10017,1,461,205,70,1,1,0,1,0,-7.9446711368837315,5.5238335289777725,-40.462108945047234,0.6176187992095947,2.7306299209594727,0.03251643478870392,1.8630544782050993,0.11549431830644608,6.617336996699882,0.09026359021663666
ppo,10,10017,1,462,206,120,1,1,0,1,0,-6.382743477485215,-1.3983992702900707,-34.40083515103784,0.764205813407898,1.7005236148834229,0.027442457154393196,1.572336974415321,0.24863973259925842,14.246007297198858,0.15176232159137726
ppo,10,10017,1,463,207,276,1,1,0,1,0,-27.915433930327335,7.421820155919256,49.21128074351009,1.2438350915908813,0.9494565725326538,0.0958784818649292,5.493432356982045,0.0873657763004303,5.0056902558987275,0.13956137001514435
ppo,10,10017,1,464,208,213,1,1,0,1,0,0.13529238707961258,2.9207528136375327,6.5466816779438615,0.9229757785797119,0.6265960335731506,0.034162189811468124,1.957349295121945,0.09761396795511246,5.592868385353206,0.08296917378902435
ppo,10,10017,1,465,209,82,1,1,0,1,0,-2.2067111774260595,0.6001004204773203,-2.2661611439618508,0.12406258285045624,2.1589133739471436,0.03742128983139992,2.1440819712750394,0.09442438185214996,5.410118563259876,0.0846334844827652
ppo,10,10017,1,466,210,126,1,1,0,1,0,-2.391235568043124,1.503160711779726,-6.917957100847415,0.4574947953224182,1.9016145467758179,0.04470361769199371,2.561328622717598,0.10128892213106155,5.803427749539067,0.09534807503223419
ppo,10,10017,1,467,211,137,1,1,0,1,0,-11.742584164490982,0.5722878901770284,-48.989518161538115,1.182725191116333,1.5563584566116333,0.05334929749369621,3.0566895863766534,0.109071746468544,6.249350736768513,0.10788516700267792
ppo,10,10017,1,468,212,137,1,1,0,1,0,10.95970788182412,-0.5381232839486246,-10.233221640944883,0.5243271589279175,0.3507843613624573,0.0032613114453852177,0.18685938149828327,0.17281277477741241,9.901442640690576,0.08966770023107529
ppo,10,10017,1,469,213,94,1,1,0,1,0,-0.41938727541712295,0.4078169349631213,-10.755102735047219,0.22731837630271912,1.6820324659347534,0.026434144005179405,1.514564886537826,0.10027948021888733,5.745590988307868,0.07657388597726822
ppo,10,10017,1,470,214,72,1,1,0,1,0,3.3352086924739064,-1.393208326520861,-9.668009826747989,0.2865675091743469,3.7884881496429443,0.024694906547665596,1.414913920651221,0.11237455159425735,6.438587531026063,0.08088218420743942
ppo,10,10017,1,471,215,67,1,1,0,1,0,12.531184145682314,9.764014965721689,-30.610899784381164,0.3105710446834564,3.349254846572876,0.045745961368083954,2.62105051615972,0.3481094539165497,19.94520251802212,0.2198006808757782
ppo,10,10017,1,472,216,172,1,1,0,1,0,8.148702547770352,4.195416376923652,-27.175096065811314,0.4569924771785736,0.40458446741104126,0.06682975590229034,3.8290629590907397,0.22908912599086761,13.125840051617487,0.18137431144714355
ppo,10,10017,1,473,217,121,1,1,0,1,0,7.523808540605886,2.9560239105114783,-21.68296827496074,0.5909971594810486,0.5401421189308167,0.010346874594688416,0.5928322454267805,0.14905720949172974,8.540349009873468,0.08487547934055328
ppo,10,10017,1,474,218,128,1,1,0,1,0,21.73210465584981,7.380483851062339,-63.28362877351408,0.9641054272651672,2.794224262237549,0.15514059364795685,8.888901247182035,0.6466076970100403,37.04789203934921,0.4784444570541382
ppo,10,10017,1,475,219,86,1,1,0,1,0,-33.959441006114936,14.041639499495613,-86.16907917261224,0.9153950810432434,2.5972061157226562,0.18696483969688416,10.712296231971456,0.5627427101135254,32.24278224125895,0.46833619475364685
ppo,10,10017,1,476,220,103,1,1,0,1,0,8.515046574093157,4.435729752681381,-28.729811045446294,0.4217025935649872,2.7329444885253906,0.0531642846763134,3.0460891327847937,0.24912624061107635,14.273882152975325,0.17772740125656128
ppo,10,10017,1,477,221,90,1,1,0,1,0,-7.3619193968982435,1.3999838741775135,15.256129096193922,0.7524397969245911,2.042720079421997,0.009934713132679462,0.5692171331757259,0.3090858459472656,17.70931448000906,0.1644776314496994
ppo,10,10017,1,478,222,123,1,1,0,1,0,-41.05764679915899,22.63093022986681,66.38300469432579,2.3054163455963135,2.6298227310180664,0.22891844809055328,13.116060928273322,0.5760895013809204,33.00749705092275,0.5169631838798523
ppo,10,10017,1,479,223,144,1,1,0,1,0,-6.7240890114457725,4.006138174644259,3.6629484896077984,0.47730714082717896,0.5441141724586487,0.03805965930223465,2.180657847723869,0.2067958414554596,11.848528936254342,0.14145758748054504
ppo,10,10017,1,480,224,80,1,1,0,1,0,-3.839508879652628,9.65219110863024,-39.16136771951001,0.5192849040031433,1.8921575546264648,0.0488058477640152,2.7963690924360765,0.015973642468452454,0.9152222968932598,0.056792668998241425
ppo,10,10017,1,481,225,124,1,1,0,1,0,2.0277875419284057,8.552353067339766,-32.79666960181196,0.6995387077331543,1.0700676441192627,0.03841787576675415,2.2011821392929343,0.07794154435396194,4.46572154021373,0.07738864421844482
ppo,10,10017,1,482,226,137,1,1,0,1,0,-4.985177490273887,4.226766945214011,-31.803778662545554,0.41104739904403687,0.5184763669967651,0.03390955179929733,1.942874203279984,0.06290028244256973,3.6039207141400786,0.0653596967458725
ppo,10,10017,1,483,227,100,1,1,0,1,0,-34.521319687996865,25.114072823381623,68.51558099850052,1.2993783950805664,3.0889015197753906,0.20875999331474304,11.961066548114058,0.7335185408592224,42.027516585827875,0.5755192637443542
ppo,10,10017,1,484,228,99,1,1,0,1,0,0.9654472391813024,0.9691901828464693,7.5633689962786,0.17756693065166473,3.090059280395508,0.04591207951307297,2.6305683847681327,0.15521012246608734,8.892884955015445,0.12351714074611664
ppo,10,10017,1,485,229,126,1,1,0,1,0,7.339270489610481,-0.901543989306663,40.49609596635722,0.6058129072189331,1.5996427536010742,0.0414436049759388,2.3745436529286708,0.2298981249332428,13.172192276646133,0.1563926637172699
ppo,10,10017,1,486,230,149,1,1,0,1,0,-11.997486824315857,5.101632215622604,-49.195735232959144,0.7885100245475769,0.7765009999275208,0.0541427843272686,3.102153033039551,0.13716517388820648,7.858985559972275,0.12272536754608154
ppo,10,10017,1,487,231,148,1,1,0,1,0,-46.25143192706341,60.32080199458927,46.4505046206126,5.523340702056885,4.9102654457092285,0.4830414056777954,27.676233875404318,0.4243813753128052,24.315261709381122,0.695232093334198
ppo,10,10017,1,488,232,132,1,1,0,1,0,6.336653360965969,4.636127502929555,-3.2043012868414418,0.180593341588974,0.5614986419677734,0.010370497591793537,0.5941857434603537,0.22545036673545837,12.917354503618371,0.12309568375349045
ppo,10,10017,1,489,233,79,1,1,0,1,0,0.8531042877129327,-0.17279012562298257,21.722760957065233,0.73307865858078,2.924492597579956,0.03343181684613228,1.9155020067377462,0.13475008308887482,7.720611050029695,0.10080686211585999
ppo,10,10017,1,490,234,61,1,1,0,1,0,11.70474491648911,2.16400883473514,-15.776275322247072,0.5084693431854248,4.282008171081543,0.025335391983389854,1.4516110329578185,0.22976168990135193,13.164375125141053,0.14021623134613037
ppo,10,10017,1,491,235,167,1,1,0,1,0,-8.582884012929723,56.3624068422434,-85.30448650671535,13.604744911193848,12.393386840820312,0.5710115432739258,32.71655148284772,0.4799613058567047,27.49975715517682,0.8109921813011169
ppo,10,10017,1,492,236,136,1,1,0,1,0,-13.19298849512153,0.4904075824069155,36.64288572722955,0.8269835114479065,1.0664969682693481,0.07057275623083115,4.043521080632208,0.24967332184314728,14.305227598623807,0.19540941715240479
ppo,10,10017,1,493,237,91,1,1,0,1,0,10.449615694229228,-1.6855950645107667,39.179290135892124,0.5571557879447937,2.6778788566589355,0.042921774089336395,2.459236504532948,0.2586458921432495,14.819318008204096,0.17224472761154175
ppo,10,10017,1,494,238,90,1,1,0,1,0,-3.5934581449920886,-2.394076926737849,-20.163333146902943,0.21422192454338074,2.5243589878082275,0.01738816313445568,0.9962683610892791,0.13467615842819214,7.71637547897064,0.0847262442111969
ppo,10,10017,1,495,239,301,1,1,0,1,0,-13.12971362265053,13.094893318261807,52.60736008186715,0.9552424550056458,1.1894375085830688,0.08285407721996307,4.747188940154901,0.7251420617103577,41.54757968341859,0.4454250931739807
ppo,10,10017,1,496,240,382,1,1,0,1,0,22.43315527225992,8.402457735814666,-61.50084011711403,2.5065464973449707,1.542913794517517,0.09890300035476685,5.666724501509024,0.35953232645988464,20.599684904671083,0.27866917848587036
ppo,10,10017,1,497,241,83,1,1,0,1,0,-11.011098225139296,0.041022116155096586,-18.922916152115267,1.1019045114517212,2.477234363555908,0.02334105782210827,1.337344102577621,0.06833585351705551,3.915355995951504,0.057508982717990875
ppo,10,10017,1,498,242,120,1,1,0,1,0,6.327787775423293,22.392925458048545,-53.02446607410149,1.0615580081939697,1.0062874555587769,0.10797704756259918,6.186629109620286,0.22453570365905762,12.864948169664157,0.220244899392128
ppo,10,10017,1,499,243,58,1,1,0,1,0,-9.115201636083837,-2.4031474179556263,-10.87935753642809,0.8835073709487915,3.214823007583618,0.02415701560676098,1.3840950398990657,0.09095177054405212,5.211152591416466,0.06963290274143219
ppo,10,10017,1,500,244,133,1,1,0,1,0,-11.081257928293667,-9.16470684718809,15.982055261561216,1.9219180345535278,3.3208224773406982,0.03253662586212158,1.8642113414957702,0.1707218438386917,9.781641122648551,0.11789754778146744
ppo,10,10017,1,501,245,81,1,1,0,1,0,7.972483667184023,5.721185014856121,-29.35436354315226,0.44463932514190674,4.721674919128418,0.04049137979745865,2.3199851690556668,0.30930501222610474,17.72187178279813,0.19514387845993042
ppo,10,10017,1,502,246,86,1,1,0,1,0,-2.2784554844678735,2.7094950626090384,6.617415116988513,0.5181235671043396,2.286508321762085,0.029188690707087517,1.6723887870288414,0.11083150655031204,6.350177562409418,0.08460444211959839
ppo,10,10017,1,503,247,115,1,1,0,1,0,2.2489900483884386,0.6423929518180392,29.159757793320257,0.1551794707775116,3.0038037300109863,0.0377996601164341,2.16576099170066,0.20263291895389557,11.61001104647468,0.13911612331867218
ppo,10,10017,1,504,248,155,1,1,0,1,0,30.93493761898491,6.821924641117035,-71.58919344576294,2.432711124420166,2.5724570751190186,0.18365681171417236,10.522760190050894,0.7073248028755188,40.526725949690146,0.5373191833496094
ppo,10,10017,1,505,249,161,1,1,0,1,0,6.753335881471767,-0.2896683227002408,-0.5829839664172684,0.14593623578548431,0.6706845164299011,0.028691451996564865,1.6438991075053662,0.22651554644107819,12.978384805173375,0.14194922149181366
ppo,10,10017,1,506,250,136,1,1,0,1,0,0.6826910679211144,2.6682543804005014,29.892240940290765,0.8925285339355469,2.547091245651245,0.04247942566871643,2.433891806957146,0.13265842199325562,7.600767697079005,0.10880863666534424
ppo,10,10017,1,507,251,128,1,1,0,1,0,6.534278054411119,4.250658946930716,-24.047852973185954,0.07827422022819519,1.5942164659500122,0.008591084741055965,0.49223289710174856,0.26443102955818176,15.150781965982937,0.14080660045146942
ppo,10,10017,1,508,252,81,1,1,0,1,0,6.019691602342358,0.2820594919648466,-8.072750844199811,0.4831920564174652,4.361802101135254,0.009497412480413914,0.5441616514225919,0.6369463801383972,36.494339358065524,0.32797059416770935
ppo,10,10017,1,509,253,105,1,1,0,1,0,1.7064271414793057,6.4919855230704,28.44932249699055,0.44362708926200867,1.9233264923095703,0.054297927767038345,3.1110420973574993,0.13276885449886322,7.607095013571375,0.12068235874176025
ppo,10,10017,1,510,254,133,1,1,0,1,0,6.670540328352873,-2.3020606182394374,9.573316084094932,0.5821418166160583,1.6244549751281738,0.010270662605762482,0.5884656201130267,0.15188993513584137,8.702652233799542,0.08621563017368317
ppo,10,10017,1,511,255,85,1,1,0,1,0,-7.521581898936462,4.897081710359062,22.429603573891512,0.4295739531517029,2.7196125984191895,0.032264888286590576,1.8486419252827262,0.11853623390197754,6.791625921958859,0.09153300523757935
ppo,10,20024,2,512,0,120,1,1,0,1,0,0.6334044228703025,6.263843544413634,-25.39187027730438,0.7317858338356018,2.4435737133026123,0.04744567349553108,2.7184368474496425,0.06369340419769287,3.6493632433486427,0.07929237186908722
ppo,10,20024,2,513,1,176,1,1,0,1,0,-51.67602280740089,44.268518727981984,67.53074968245473,2.514324426651001,1.6157774925231934,0.3948099911212921,22.62094620084754,0.7093793153762817,40.644440844940725,0.7494996786117554
ppo,10,20024,2,514,2,159,1,1,0,1,0,-26.54283911472157,37.358593929598506,70.09676979135848,0.5738345384597778,1.1417618989944458,0.2763517200946808,15.833787222605872,0.9064950346946716,51.93833963756982,0.7295992374420166
ppo,10,20024,2,515,3,399,1,1,0,1,0,-6.437548915385398,19.111033222235758,55.423529038933445,0.7378399968147278,0.5708154439926147,0.10382849723100662,5.948934684522434,0.21381692588329315,12.25080744157423,0.2107369601726532
ppo,10,20024,2,516,4,133,1,1,0,1,0,-26.11363002727797,18.17409519265009,69.09491764390101,0.7785619497299194,1.2299937009811401,0.1697428971529007,9.725551609184407,0.7011775374412537,40.17451358476009,0.5203316807746887
ppo,10,20024,2,517,5,219,1,1,0,1,0,-35.31914042456771,13.463750854199175,75.38276247305807,2.1565680503845215,1.2197409868240356,0.2508659362792969,14.373559372401553,0.7823488712310791,44.82528842836474,0.6420403718948364
ppo,10,20024,2,518,6,77,1,1,0,1,0,6.237301429298964,0.1057996302434975,7.72979338559513,0.4632246494293213,2.171226978302002,0.034455254673957825,1.9741406748661867,0.16307105123996735,9.343282996811718,0.1159907802939415
ppo,10,20024,2,519,7,125,1,1,0,1,0,4.121445428212414,1.225035408776807,-3.796943140745108,0.3080500066280365,1.4182164669036865,0.0359538197517395,2.0600021291487707,0.15201108157634735,8.709593413543569,0.11195936053991318
ppo,10,20024,2,520,8,164,1,1,0,1,0,-28.40584151273425,12.203075518333241,67.70620358185401,0.6287007331848145,0.4944816827774048,0.13930048048496246,7.981329615932836,0.37427905201911926,21.444610040852925,0.3264400064945221
ppo,10,20024,2,521,9,331,1,1,0,1,0,-21.867984439198043,22.472237614690734,77.8540341977954,3.3016860485076904,2.1322922706604004,0.24141985177993774,13.832338597664329,0.7927066087722778,45.41874307477964,0.6377731561660767
ppo,10,20024,2,522,10,119,1,1,0,1,0,-6.063035982815259,1.3371734545700764,-40.729579152944936,0.5736894607543945,0.9354689121246338,0.0390002615749836,2.234550388152797,0.14541763067245483,8.33181650432381,0.11170907318592072
ppo,10,20024,2,523,11,102,1,1,0,1,0,-5.202541430420372,-2.2490583502801385,-15.813486192845302,0.9676669239997864,1.8975635766983032,0.020202992483973503,1.1575462028662051,0.23858068883419037,13.669666543523073,0.13949333131313324
ppo,10,20024,2,524,12,70,1,1,0,1,0,-3.5137361769996995,-1.0130673180746312,2.2039791017580543,0.5879290103912354,3.1327688694000244,0.02978898398578167,1.7067830583680867,0.12457170337438583,7.137432850107904,0.09207483381032944
ppo,10,20024,2,525,13,94,1,1,0,1,0,6.1979185585446706,-3.547122141662722,27.105209570223742,0.14756329357624054,2.2653918266296387,0.027615105733275414,1.5822290093242037,0.22655004262924194,12.980361291164447,0.14089012145996094
ppo,10,20024,2,526,14,142,1,1,0,1,0,3.962424963956177,5.5414827377930855,17.282851128611803,0.12994740903377533,1.9481781721115112,0.06175553798675537,3.5383316882009157,0.11102872341871262,6.361477256617558,0.11726990342140198
ppo,10,20024,2,527,15,288,1,1,0,1,0,-10.710405977118654,-0.31939330596813625,-44.42421972030159,0.41636380553245544,1.0739061832427979,0.046645328402519226,2.6725804514660583,0.07678528130054474,4.399472547246014,0.0850379690527916
ppo,10,20024,2,528,16,146,1,1,0,1,0,-38.73849704761618,20.111505671480884,67.81010441950825,2.4883310794830322,2.9219367504119873,0.20565123856067657,11.782948021164819,0.4961143732070923,28.425259740544597,0.4537084102630615
ppo,10,20024,2,529,17,145,1,1,0,1,0,-14.19467671803892,9.048484348271153,47.198642561160774,0.4097592234611511,0.7867993116378784,0.08177711814641953,4.685483730532536,0.30656298995018005,17.56476547905679,0.23505860567092896
ppo,10,20024,2,530,18,132,1,1,0,1,0,5.985376731952214,-0.6281724979660727,-60.71504051348241,6.190619945526123,7.2702531814575195,0.05405842512845993,3.0973196069847093,0.31156036257743835,17.851093839252894,0.2098385989665985
ppo,10,20024,2,531,19,58,1,1,0,1,0,6.79766380918515,7.1056916803743855,-20.223056321005533,0.38200899958610535,3.4097342491149902,0.024244826287031174,1.3891262212747204,0.6260114908218384,35.86781635078401,0.33725056052207947
ppo,10,20024,2,532,20,145,1,1,0,1,0,8.232085497157868,1.2749777519879402,2.489617612847988,0.3269553780555725,0.4030115008354187,0.04137776792049408,2.3707714675161196,0.1643531769514084,9.416743388882498,0.12355435639619827
ppo,10,20024,2,533,21,79,1,1,0,1,0,-2.518222445092001,1.2403350325176354,-1.0037782608034138,0.4360444247722626,1.7190241813659668,0.03673406317830086,2.104706784483562,0.09114985913038254,5.2225022313829115,0.08230899274349213
ppo,10,20024,2,534,22,229,1,1,0,1,0,17.209863727141048,30.663137071153425,-78.00000900073691,0.8221741914749146,0.5249634981155396,0.2218911200761795,12.713424691795655,0.6677137017250061,38.257177031899964,0.5557479858398438
ppo,10,20024,2,535,23,88,1,1,0,1,0,-4.470563717448446,-0.5225504526409955,-33.308824506536205,0.95573490858078,1.5282914638519287,0.028456995263695717,1.6304657262335378,0.11579052358865738,6.634308309240071,0.08635225892066956
ppo,10,20024,2,536,24,129,1,1,0,1,0,5.912553255021538,4.298320006959064,39.7033022490155,0.22458267211914062,1.0845861434936523,0.0497983880341053,2.8532374609090145,0.1832653135061264,10.500328995042926,0.1414310485124588
ppo,10,20024,2,537,25,119,1,1,0,1,0,5.987015977353017,-1.9403337997955623,53.85335051101756,0.284474641084671,3.078718662261963,0.036203932017087936,2.0743325063576923,0.31511107087135315,18.054534438776308,0.1937594711780548
ppo,10,20024,2,538,26,163,1,1,0,1,0,-8.718722815142936,2.955054023649337,-10.275732738339043,5.960576057434082,7.158434867858887,0.022751839831471443,1.3035843985009519,0.09210068732500076,5.276980673976579,0.06880218535661697
ppo,10,20024,2,539,27,175,1,1,0,1,0,-12.307850620201236,-0.21557443058394243,30.845721688046204,0.2683587074279785,0.7892251014709473,0.047830045223236084,2.740459725211291,0.18557564914226532,10.63270147625236,0.14061787724494934
ppo,10,20024,2,540,28,134,1,1,0,1,0,5.0141784734897605,0.06793306148494682,-2.9260667008118024,0.4368276000022888,0.2682415544986725,0.052132055163383484,2.9869467382050647,0.15209370851516724,8.714327588412033,0.1281789094209671
ppo,10,20024,2,541,29,73,1,1,0,1,0,-3.5473407077161623,1.3774032687814515,-7.373120907137064,0.5140388011932373,2.2519824504852295,0.01998363807797432,1.1449781211848529,0.1712401807308197,9.811339638933413,0.10560372471809387
ppo,10,20024,2,542,30,147,1,1,0,1,0,-6.378918571550009,-0.3963285567791599,-42.004311018122756,0.2029389888048172,0.8771210312843323,0.026308707892894745,1.507377926705386,0.05762655660510063,3.3017584813440037,0.05512198805809021
ppo,10,20024,2,543,31,292,1,1,0,1,0,-21.476969769593154,4.594067198020617,46.59249059307882,0.8006179332733154,0.5443471670150757,0.0891803428530693,5.109657261010546,0.31246674060821533,17.903025475059792,0.24541372060775757
ppo,10,20024,2,544,32,74,1,1,0,1,0,0.4739878076422049,5.564760022484489,-13.982339797121563,0.8778309226036072,2.718348979949951,0.04284176230430603,2.4546521669394,0.09192615002393723,5.266980423258034,0.08880484104156494
ppo,10,20024,2,545,33,89,1,1,0,1,0,5.945365483794279,3.625901543549649,47.95705310622065,0.6551437973976135,2.128995180130005,0.04664847254753113,2.672760597705417,0.21432536840438843,12.27993905215798,0.15381115674972534
ppo,10,20024,2,546,34,398,1,1,0,1,0,-9.165854318968652,13.21955793099288,46.434849827034924,0.5279437899589539,0.48224538564682007,0.0669858530163765,3.838006664922048,0.4391447603702545,25.161141364499475,0.28655824065208435
ppo,10,20024,2,547,35,129,1,1,0,1,0,-10.431406409901975,16.63797198793588,-59.34566954716489,1.8290834426879883,1.6399928331375122,0.10236513614654541,5.8650902704791195,0.13739894330501556,7.872379560934671,0.1710646152496338
ppo,10,20024,2,548,36,27,1,1,0,1,0,0.30947587129327775,-5.799718529932927,-9.274700213581974,12.929638862609863,14.258155822753906,0.007430397905409336,0.42573044008280203,0.17159444093704224,9.8316372535994,0.09322761744260788
ppo,10,20024,2,549,37,163,1,1,0,1,0,4.773660192056932,2.769819293358591,-3.211186117524815,0.2757546901702881,0.6509209275245667,0.03827860578894615,2.1932025573516554,0.17996558547019958,10.311268505043326,0.12826140224933624
ppo,10,20024,2,550,38,240,1,1,0,1,0,14.392601939807548,14.32923144468817,-47.57086055016979,0.6546371579170227,0.7198448181152344,0.058844421058893204,3.3715369745653234,0.7837428450584412,44.905157245424284,0.4507158398628235
ppo,10,20024,2,551,39,122,1,1,0,1,0,-7.783751880038231,3.0423438412420998,2.511160029490208,0.34384211897850037,0.9973851442337036,0.01924951560795307,1.102916002006916,0.1080242246389389,6.189332156984318,0.07326162606477737
ppo,10,20024,2,552,40,59,1,1,0,1,0,-1.563088791557418,2.7471703860708288,-4.434828167710939,0.1635715514421463,4.7763543128967285,0.04964258521795273,2.844310617107219,0.10886914283037186,6.237742403387253,0.10407716035842896
ppo,10,20024,2,553,41,143,1,1,0,1,0,-7.899810454415088,6.485688088655648,40.363508334188936,0.6101108193397522,1.671138882637024,0.041270866990089417,2.3646464953779107,0.11737329512834549,6.724994438397623,0.09995751082897186
ppo,10,20024,2,554,42,76,1,1,0,1,0,-7.163297495834273,2.2749720879911672,-8.736645231525051,0.9793991446495056,1.9314931631088257,0.022841451689600945,1.3087187797660973,0.1562298834323883,8.951312954496673,0.10095639526844025
ppo,10,20024,2,555,43,86,1,1,0,1,0,5.508848093938764,-0.647078461588668,18.731151760977987,0.12443079799413681,2.466193437576294,0.02069316990673542,1.185631300403063,0.20005440711975098,11.462273200953659,0.12072037160396576
ppo,10,20024,2,556,44,115,1,1,0,1,0,-0.8032439067718395,3.059487616058832,11.782909601350736,0.48104310035705566,1.4326151609420776,0.03763970360159874,2.1565961584949718,0.10781844705343246,6.177541969816407,0.09154892712831497
ppo,10,20024,2,557,45,47,1,1,0,1,0,-5.218879242915043,0.9025002157904648,5.909657254813452,0.44195112586021423,3.854527235031128,0.027091877534985542,1.55225024183996,0.10175661742687225,5.830224716087143,0.07797018438577652
ppo,10,20024,2,558,46,72,1,1,0,1,0,-7.995651668848707,1.1395487611249273,-51.32462323498208,0.06554017961025238,2.865905523300171,0.05869897082448006,3.3632032900042614,0.14156310260295868,8.110968313926971,0.1294805258512497
ppo,10,20024,2,559,47,188,1,1,0,1,0,-7.769053312944363,7.5240134462809865,34.44096934260084,0.5078802108764648,0.35074761509895325,0.0299312062561512,1.7149317942130293,0.10519745200872421,6.027370015629922,0.0825299322605133
ppo,10,20024,2,560,48,101,1,1,0,1,0,7.365061283916449,11.860650814483822,-37.63145998694051,0.7317208051681519,2.1147265434265137,0.06210053712129593,3.5580986825457557,0.15826460719108582,9.067894038345036,0.14123284816741943
ppo,10,20024,2,561,49,102,1,1,0,1,0,1.0778858132980522,7.594391715488798,-36.02286847513247,0.9285144805908203,2.337961196899414,0.046501804143190384,2.664357117148774,0.052043624222278595,2.9818800185013847,0.07252361625432968
ppo,10,20024,2,562,50,218,1,1,0,1,0,-26.72474071269735,12.317863677524477,65.360771262385,1.2266069650650024,1.71347177028656,0.13537049293518066,7.75615791579138,0.6783718466758728,38.867843755023294,0.47455641627311707
ppo,10,20024,2,563,51,150,1,1,0,1,0,-4.40870952432481,5.209125732780264,45.80427310248101,1.0266671180725098,1.063286542892456,0.0331735797226429,1.900706109448206,0.11092772334814072,6.355690378843264,0.08863744139671326
ppo,10,20024,2,564,52,219,1,1,0,1,0,13.647387320224137,7.115773039589324,-25.667919202799617,0.9634270668029785,0.20699720084667206,0.047627128660678864,2.72883346258346,0.2829870283603668,16.213962381997952,0.18912065029144287
ppo,10,20024,2,565,53,347,1,1,0,1,0,-15.043915118681625,3.6609267536134746,61.34385504923046,2.103996515274048,1.3463640213012695,0.0938643291592598,5.3780299076523335,0.3098328113555908,17.75211244534836,0.2487807273864746
ppo,10,20024,2,566,54,292,1,1,0,1,0,-42.39385036686692,23.866934922450657,67.34037864990813,1.9482977390289307,2.215393543243408,0.24115750193595886,13.817307058848423,0.7185644507408142,41.17071033558479,0.600439727306366
ppo,10,20024,2,567,55,120,1,1,0,1,0,1.905909646378698,-1.913887307329273,-19.59440570979756,0.2794030010700226,2.0494112968444824,0.04834337532520294,2.769871373551012,0.13811148703098297,7.913205309151129,0.11739911884069443
ppo,10,20024,2,568,56,73,1,1,0,1,0,-3.707768190941422,7.385565511804828,-40.26610983662455,0.9144102334976196,2.862379550933838,0.059608783572912216,3.415331720636622,0.13380782306194305,7.6666235272826215,0.12651269137859344
ppo,10,20024,2,569,57,93,1,1,0,1,0,-7.899427963821567,1.2592273357618908,23.522283576931812,0.4678712785243988,3.4250290393829346,0.021514946594834328,1.232715636333369,0.14434339106082916,8.270267108391886,0.09368664026260376
ppo,10,20024,2,570,58,53,1,1,0,1,0,-6.838344415881746,1.3479651534586965,-1.7593611075469044,0.5340540409088135,5.088232040405273,0.04425499960780144,2.535624699880136,0.12240549921989441,7.01331849449184,0.10545775294303894
ppo,10,20024,2,571,59,73,1,1,0,1,0,0.09498061059819732,1.6310355134207049,-26.818724115676726,0.135297954082489,3.4408323764801025,0.033610712736845016,1.9257519862478198,0.06705118715763092,3.841750035474038,0.06713630259037018
ppo,10,20024,2,572,60,88,1,1,0,1,0,-4.364340615476408,-0.8482685137805636,-5.80081136020013,0.6087275147438049,2.1223514080047607,0.02003515511751175,1.147929830123356,0.26206573843955994,15.01526076756613,0.15106803178787231
ppo,10,20024,2,573,61,130,1,1,0,1,0,-1.9913689732738975,3.8393995966259076,25.822144874258505,1.0368818044662476,0.820751428604126,0.035763055086135864,2.0490721189294576,0.08337248116731644,4.776891298421171,0.07744929194450378
ppo,10,20024,2,574,62,306,1,1,0,1,0,4.239703323502015,1.9370689693722962,-1.7927470722099268,0.3674112558364868,0.09217451512813568,0.0330156572163105,1.8916578163452318,0.14684002101421356,8.413313467726756,0.10643567144870758
ppo,10,20024,2,575,63,127,1,1,0,1,0,-28.50638189731684,-6.065658775456543,68.63183081817415,1.4035314321517944,0.8880002498626709,0.149643674492836,8.573950979268993,0.5318484306335449,30.472670415958447,0.41556787490844727
ppo,10,20024,2,576,64,47,1,1,0,1,0,-12.930162815859438,-2.3336434129615764,14.994286964172312,0.8569822907447815,3.6141433715820312,0.03251536190509796,1.8629930065025693,0.1155085489153862,6.618152350532052,0.09026964008808136
ppo,10,20024,2,577,65,104,1,1,0,1,0,-17.668019156287162,9.425702035752616,57.238446905189235,1.4703407287597656,4.1458659172058105,0.11822538077831268,6.773815349924404,0.393709659576416,22.557901847261032,0.3150802254676819
ppo,10,20024,2,578,66,50,1,1,0,1,0,0.9209963680628593,-3.022071839785502,-7.304709732410217,0.4010838270187378,4.266243934631348,0.034895360469818115,1.9993568795082275,0.11697598546743393,6.7022302716676165,0.09338335692882538
ppo,10,20024,2,579,67,73,1,1,0,1,0,-1.452166519436411,5.721253316747821,-36.497703226231756,0.408945232629776,4.757122993469238,0.05448435992002487,3.1217238728891648,0.16659259796142578,9.54505276130942,0.13778066635131836
ppo,10,20024,2,580,68,147,1,1,0,1,0,-1.30692937692526,-0.47763512865899166,-20.08732680181904,0.6211858987808228,1.872214436531067,0.045138075947761536,2.5862212471477095,0.1268981248140335,7.270726979968464,0.10858713835477829
ppo,10,20024,2,581,69,117,1,1,0,1,0,-2.8913693398281377,7.1351844372105,-15.536945493729824,1.0313658714294434,1.9648799896240234,0.04889902472496033,2.801707739046088,0.12967543303966522,7.429855019704129,0.11373674124479294
ppo,10,20024,2,582,70,146,1,1,0,1,0,-2.5799673551889164,3.3861072621688413,11.245264430644013,1.3023980855941772,1.0551973581314087,0.041942864656448364,2.4031491255029187,0.15870301425457,9.093012912791403,0.12129437178373337
ppo,10,20024,2,583,71,169,1,1,0,1,0,5.6365726314180025,1.4032077234657596,28.177125798187202,0.3840906322002411,0.9979732632637024,0.045906782150268555,2.6302648682368903,0.18497084081172943,10.598048511498298,0.13839221000671387
ppo,10,20024,2,584,72,80,1,1,0,1,0,0.0028140379380452536,1.4818641819476264,18.024309144151708,0.6251616477966309,2.268282651901245,0.0392858125269413,2.250911252535916,0.11241384595632553,6.4408389321312285,0.09549273550510406
ppo,10,20024,2,585,73,126,1,1,0,1,0,-1.9625182542197637,19.016995177743024,62.554847589073724,0.6741499900817871,1.2858781814575195,0.09926611185073853,5.6875292577208825,0.5868843793869019,33.62599800102409,0.39270830154418945
ppo,10,20024,2,586,74,112,1,1,0,1,0,8.23865613913942,3.7542271376758487,-13.478599685454782,0.35548803210258484,2.287823438644409,0.036372896283864975,2.084013445732539,0.250622421503067,14.35960700347451,0.16168411076068878
ppo,10,20024,2,587,75,75,1,1,0,1,0,-6.527106355782605,2.01405886169668,-18.86510543098028,0.5337427854537964,2.701667547225952,0.04036419838666916,2.3126982109849092,0.1841306984424591,10.549911899548988,0.13242954015731812
ppo,10,20024,2,588,76,352,1,1,0,1,0,-19.229509683578797,15.195395054094167,40.17943473605709,0.30691611766815186,0.17252729833126068,0.06686525791883469,3.831097074802934,0.3818131387233734,21.876281411492318,0.2577718198299408
ppo,10,20024,2,589,77,91,1,1,0,1,0,2.5151625203438353,1.305986810819798,27.796943808605953,0.07486656308174133,3.2376558780670166,0.030731208622455597,1.7607685534027502,0.1368965059518814,7.843592021130359,0.0991794615983963
ppo,10,20024,2,590,78,234,1,1,0,1,0,28.62484469828154,26.546021982874798,-72.78693541861638,1.4040679931640625,1.1067070960998535,0.2022801637649536,11.589799662946966,0.522570788860321,29.94110069851845,0.46356555819511414
ppo,10,20024,2,591,79,97,1,1,0,1,0,20.872866858262206,2.548493843493498,-65.69665264500955,0.8617417812347412,2.0252223014831543,0.1329188048839569,7.6156865377736045,0.5844972133636475,33.48922346289458,0.42516741156578064
ppo,10,20024,2,592,80,466,1,1,0,1,0,27.640778363422783,30.627497144064296,-80.50330065230327,1.284724473953247,0.5506787896156311,0.2520013749599457,14.438615216698633,0.7474142909049988,42.82368441661958,0.6257085204124451
ppo,10,20024,2,593,81,154,1,1,0,1,0,-22.74880563456289,5.258548981614477,38.56753741269076,0.37723594903945923,0.8001154661178589,0.06049828976392746,3.466296671232553,0.23394238948822021,13.403911566880693,0.17746949195861816
ppo,10,20024,2,594,82,44,1,1,0,1,0,-2.970763458740366,-1.6260358149482557,-13.84158325870594,0.410503089427948,4.465548992156982,0.011315823532640934,0.6483489301351433,0.18814155459403992,10.779717029268651,0.10538659989833832
ppo,10,20024,2,595,83,81,1,1,0,1,0,-3.102558788964932,11.346774702088743,-31.241626773096822,0.8432932496070862,2.213959217071533,0.056390777230262756,3.230953538756478,0.05877116322517395,3.367339609876939,0.08577635884284973
ppo,10,20024,2,596,84,84,1,1,0,1,0,0.8896184790158208,-2.2633744267804854,-1.6796937810678758,0.25337570905685425,3.487154483795166,0.0313507542014122,1.7962659002929526,0.12144248187541962,6.958141665055539,0.09207199513912201
ppo,10,20024,2,597,85,57,1,1,0,1,0,3.5564111989339393,-2.0271045230114044,1.1437834784103353,0.6534562706947327,3.4175100326538086,0.009929661639034748,0.5689277039096465,0.5298610329627991,30.35880091721058,0.2748601734638214
ppo,10,20024,2,598,86,138,1,1,0,1,0,3.2625491400833107,10.922729237657672,51.190696885736465,0.34441810846328735,1.7503594160079956,0.05592913553118706,3.204503417752192,0.1928827464580536,11.0513673129384,0.15237051248550415
ppo,10,20024,2,599,87,216,1,1,0,1,0,22.75532163503108,26.56346628601501,-77.49309968129525,0.8662770390510559,0.716773271560669,0.1676417589187622,9.605165256194702,0.4665188789367676,26.72956282625138,0.400901198387146
ppo,10,20024,2,600,88,143,1,1,0,1,0,-8.411746793085884,2.6469715109467415,-28.569328920707676,0.6323533654212952,0.5017153024673462,0.03909950330853462,2.2402365206368327,0.04371033236384392,2.5044175655623477,0.06095466762781143
ppo,10,20024,2,601,89,197,1,1,0,1,0,-18.19132092973686,14.072894445137592,52.433600069382024,0.16894757747650146,1.0836454629898071,0.07597845047712326,4.353244546282899,0.42517709732055664,24.36085322209096,0.2885670065879822
ppo,10,20024,2,602,90,146,1,1,0,1,0,-2.627505471812205,2.6715328712021074,10.85800636508263,0.8173786401748657,0.431444376707077,0.028077661991119385,1.6087315306860284,0.08747610449790955,5.012011595975574,0.07181571424007416
ppo,10,20024,2,603,91,90,1,1,0,1,0,-3.265499781804756,-2.847164355519815,-23.03332399462894,0.7575543522834778,2.4450483322143555,0.007534056436270475,0.43166963641167194,0.1279560625553131,7.331342347531389,0.07151208817958832
ppo,10,20024,2,604,92,95,1,1,0,1,0,10.031293928322627,-2.455002214134363,-2.329053525839328,0.34303587675094604,2.6004676818847656,0.0014846902340650558,0.08506648429621802,0.17955149710178375,10.287542989187642,0.09126044064760208
ppo,10,20024,2,605,93,356,1,1,0,1,0,12.887692699600299,2.5822213176150206,-42.03633094495178,1.0618098974227905,1.014893889427185,0.06234520673751831,3.5721172189303836,0.34547680616378784,19.794362912844267,0.23508360981941223
ppo,10,20024,2,606,94,51,1,1,0,1,0,-4.433953903497177,1.7238577842411782,-5.211830487691589,0.679690420627594,4.505401134490967,0.045715343207120895,2.6192962247600846,0.08940640836954117,5.122609860997829,0.09041854739189148
ppo,10,20024,2,607,95,74,1,1,0,1,0,-1.1986845389588978,0.37686251764462353,5.07223508143487,0.6048356890678406,3.904869794845581,0.04779457673430443,2.7384275304898007,0.1436130255460739,8.22842024689451,0.11960108578205109
ppo,10,20024,2,608,96,155,1,1,0,1,0,-25.655406296240155,13.425679379765525,67.29464370322573,3.0798089504241943,2.7352774143218994,0.1647988259792328,9.442277197320944,0.5748481154441833,32.93637087600082,0.45222288370132446
ppo,10,20024,2,609,97,143,1,1,0,1,0,-39.09984137546653,33.71852657371025,66.32377329384343,1.1271519660949707,1.2343275547027588,0.29077088832855225,16.65994470649581,0.7989510893821716,45.77652545897784,0.6902464628219604
ppo,10,20024,2,610,98,205,1,1,0,1,0,-16.554698321575085,5.732850977958503,37.61975304270311,0.33261415362358093,0.5258423686027527,0.06827185302972794,3.911689038140853,0.2353125959634781,13.482418614974465,0.18592815101146698
ppo,10,20024,2,611,99,89,1,1,0,1,0,13.913996924286415,12.875589604391037,-42.671483896249605,0.9118549823760986,2.1432182788848877,0.07193573564291,4.121614048507549,0.5203381776809692,29.813181500647868,0.3321048319339752
ppo,10,20024,2,612,100,111,1,1,0,1,0,-62.03681872166327,54.593169281156655,47.077311080744664,2.406543731689453,2.707322597503662,0.42079272866249084,24.10964740215435,0.3297763466835022,18.89479284820774,0.5856809020042419
ppo,10,20024,2,613,101,54,1,1,0,1,0,13.422592134260679,-0.3769854610496838,-33.1776302329586,0.18568187952041626,3.4518420696258545,0.04715823382139206,2.701967767256861,0.19901064038276672,11.402469772128319,0.14666354656219482
ppo,10,20024,2,614,102,78,1,1,0,1,0,-2.9835495728666297,0.3056236446013906,-16.40202993324696,0.847355306148529,2.6484534740448,0.03172916918992996,1.817947482039512,0.2393343150615692,13.712846145682247,0.15139633417129517
ppo,10,20024,2,615,103,147,1,1,0,1,0,1.6839831398666438,11.02358381094208,-31.047376193101663,0.31412771344184875,2.010484218597412,0.05398036539554596,3.09284711373882,0.07901395857334137,4.527166348873988,0.09348734468221664
ppo,10,20024,2,616,104,131,1,1,0,1,0,-28.36442324560729,36.13641353989476,61.46510456737653,0.5214139223098755,1.9253009557724,0.2617482542991638,14.997070266259092,0.6788181662559509,38.89341598327582,0.6011573076248169
ppo,10,20024,2,617,105,142,1,1,0,1,0,-13.182005550936148,9.780038589514538,38.73041010363888,0.7870892882347107,2.400815963745117,0.05764546990394592,3.3028421335445084,0.19289660453796387,11.052161322429413,0.15409377217292786
ppo,10,20024,2,618,106,122,1,1,0,1,0,-15.932440767430244,27.057370925276974,67.73480841409803,0.9704738259315491,1.7354837656021118,0.15937960147857666,9.131778505199458,0.3662194013595581,20.982826073710243,0.3424893021583557
ppo,10,20024,2,619,107,77,1,1,0,1,0,-6.6925062167236335,0.02654211511466955,-10.230544206790238,0.18270646035671234,3.4026267528533936,0.013324198313057423,0.7634203287335215,0.2094024270772934,11.997875291324902,0.11802541464567184
ppo,10,20024,2,620,108,366,1,1,0,1,0,-20.40801784372948,46.36046906697349,74.3818665520844,1.1962586641311646,0.3881588876247406,0.38976991176605225,22.33217092538128,0.8790130615234375,50.36373856216634,0.829276442527771
ppo,10,20024,2,621,109,83,1,1,0,1,0,5.6856816915503945,13.320221258980528,-39.34294146840563,0.2588036060333252,4.315284252166748,0.07415688037872314,4.248876267557342,0.13006466627120972,7.452156441117867,0.139189213514328
ppo,10,20024,2,622,110,102,1,1,0,1,0,-6.282039168362548,-0.350320402529954,18.663710473113284,0.47710946202278137,1.5718073844909668,0.03226589784026146,1.8486997684472597,0.14101822674274445,8.079749226778135,0.10277500748634338
ppo,10,20024,2,623,111,55,1,1,0,1,0,-7.83686343102425,0.04521585230548441,-12.73241517900923,0.44841673970222473,5.012327194213867,0.052996497601270676,3.0364756415280008,0.28064462542533875,16.079752579901786,0.19331881403923035
ppo,10,20024,2,624,112,97,1,1,0,1,0,-8.946359359801122,12.097439812629824,43.34387503890234,0.4686998724937439,2.9433279037475586,0.059834666550159454,3.4282738618967383,0.6583088636398315,37.718319502615564,0.38898909091949463
ppo,10,20024,2,625,113,204,1,1,0,1,0,-0.6432535556534609,1.4405551978473894,-17.520213862648088,0.4186179041862488,0.5112491250038147,0.044330015778541565,2.539922809858778,0.10929176211357117,6.261956704655418,0.09897589683532715
ppo,10,20024,2,626,114,106,1,1,0,1,0,-23.908134623524173,2.2275295940162585,64.22116785974671,1.12706458568573,3.1121017932891846,0.1433703750371933,8.214517396838948,0.45376351475715637,25.99873429260731,0.3702521324157715
ppo,10,20024,2,627,115,80,1,1,0,1,0,-10.492659546378649,5.623021536104697,-37.26945996092984,1.9301879405975342,2.1657519340515137,0.04944295436143875,2.8328726115683867,0.05258338153362274,3.0128058344027333,0.07573464512825012
ppo,10,20024,2,628,116,81,1,1,0,1,0,-9.346335237597069,-1.4191630453669093,4.072650556781843,0.5207181572914124,2.609119415283203,0.02331630326807499,1.3359257711077854,0.12506301701068878,7.165583047885288,0.08584780991077423
ppo,10,20024,2,629,117,390,1,1,0,1,0,-40.66674141258082,16.13890372566139,70.85194282675177,7.622305393218994,6.678803443908691,0.26388218998908997,15.119335775044197,0.7003902792930603,40.129407015481334,0.6140773296356201
ppo,10,20024,2,630,118,142,1,1,0,1,0,-21.175895030978992,18.349125620320834,71.470238871178,0.3890348970890045,1.235883355140686,0.1410815417766571,8.083376911001057,0.7701824307441711,44.128202736767825,0.5261727571487427
ppo,10,20024,2,631,119,113,1,1,0,1,0,1.032751923262608,10.199398544174981,-25.652564937545428,0.1206987127661705,2.435678482055664,0.04550998657941818,2.60753015669768,0.11451783776283264,6.561388782774191,0.1027689054608345
ppo,10,20024,2,632,120,89,1,1,0,1,0,-3.898685638621618,-1.0353064140121928,-27.472018049410106,0.3420335352420807,1.4260590076446533,0.027541043236851692,1.5779855408589216,0.08506666123867035,4.873960666244923,0.07007437199354172
ppo,10,20024,2,633,121,213,1,1,0,1,0,-70.60384303534023,52.79978017116475,30.151241713617647,4.403919219970703,4.5072407722473145,0.4155043959617615,23.80664825774154,0.2619495987892151,15.008606455767245,0.5464792251586914
ppo,10,20024,2,634,122,105,1,1,0,1,0,31.072593251517347,23.715523288929813,-72.05238955451654,0.9687830209732056,3.175377130508423,0.14726917445659637,8.437902148738802,0.438183069229126,25.106040520917688,0.36636072397232056
ppo,10,20024,2,635,123,115,1,1,0,1,0,-4.420785298777393,3.1366550933016355,25.396774353128453,0.20732006430625916,1.7398128509521484,0.026128945872187614,1.497078321602124,0.12143656611442566,6.957802716917977,0.0868472307920456
ppo,10,20024,2,636,124,108,1,1,0,1,0,19.35921497591734,-6.499621674562474,-75.06133377071727,1.5104180574417114,1.9955857992172241,0.14846451580524445,8.506390163093812,0.6350080966949463,36.3832838972557,0.4659685492515564
ppo,10,20024,2,637,125,250,1,1,0,1,0,-26.9327063125459,15.503846397011943,70.75361542346026,2.874905824661255,2.6651599407196045,0.20344915986061096,11.656778205495405,0.7285444140434265,41.74252011251992,0.5677213668823242
ppo,10,20024,2,638,126,162,1,1,0,1,0,-15.00386288938867,6.555957074836739,40.88787561714915,0.48641136288642883,0.7978262901306152,0.06250441074371338,3.5812389365669355,0.21025235950946808,12.0465728325598,0.16763058304786682
ppo,10,20024,2,639,127,85,1,1,0,1,0,7.491515406210065,-5.41569797403813,26.335720458330105,1.0031378269195557,4.111170768737793,0.009919287636876106,0.5683333173692968,0.17879930138587952,10.244445349298507,0.09931893646717072
ppo,10,20024,2,640,128,47,1,1,0,1,0,-6.987461105841464,2.033811768776357,-7.71310040326362,0.4689294099807739,3.4449126720428467,0.034283414483070374,1.9642949571776134,0.11258222162723541,6.450486147447048,0.09057452529668808
ppo,10,20024,2,641,129,154,1,1,0,1,0,5.2731109449249445,-1.4823286348111873,3.7862060833698483,0.7255154848098755,0.9027298092842102,0.00973742175847292,0.5579131700993547,0.11678661406040192,6.691380089284228,0.0681307315826416
ppo,10,20024,2,642,130,219,1,1,0,1,0,-33.480562783027004,14.697528905113598,67.62683678369847,6.719429969787598,5.948790550231934,0.21732251346111298,12.451662814496794,0.7387272715568542,42.32595487142241,0.5866861343383789
ppo,10,20024,2,643,131,79,1,1,0,1,0,-5.344062950023036,-3.7573280435590344,-48.1678190836289,0.7383735775947571,3.7726869583129883,0.04765555262565613,2.730462035813685,0.17120206356048584,9.809155685946303,0.13325658440589905
ppo,10,20024,2,644,132,135,1,1,0,1,0,-19.686148810729172,5.492264394633973,-62.62443355633781,0.5813706517219543,2.381373405456543,0.09021087735891342,5.168702538838014,0.2465558499097824,14.12660961409151,0.21348880231380463
ppo,10,20024,2,645,133,154,1,1,0,1,0,-30.22201613379732,18.915512227054972,75.31350435487414,1.145214319229126,0.9948559403419495,0.18669353425502777,10.696751575194153,0.9533416628837585,54.62245371722309,0.6633643507957458
ppo,10,20024,2,646,134,57,1,1,0,1,0,6.748390824512678,3.493655420839862,-16.72785727741325,0.7805542945861816,4.00931978225708,0.05193498358130455,2.975655368289976,0.19614724814891815,11.238409482038259,0.15000860393047333
ppo,10,20024,2,647,135,179,1,1,0,1,0,3.609304183866518,2.8527514502608855,13.767981140209884,0.5668333172798157,0.45392149686813354,0.036515973508358,2.092211166840435,0.13156050443649292,7.537861654823187,0.10229622572660446
ppo,10,20024,2,648,136,74,1,1,0,1,0,0.24655616865912028,4.2159479255687105,27.8009872805946,0.5417395830154419,4.1470794677734375,0.04238079860806465,2.4282408926360186,0.13692732155323029,7.8453576250308075,0.11084446310997009
ppo,10,20024,2,649,137,292,1,1,0,1,0,25.303214421877616,17.89651630478077,-78.15262274755167,3.374887228012085,3.1221840381622314,0.15644976496696472,8.963911238420762,0.4930766224861145,28.251209445019747,0.402988076210022
ppo,10,20024,2,650,138,135,1,1,0,1,0,4.726764113215625,1.348798436537438,6.963227594666259,0.46303683519363403,0.9777398705482483,0.03609996661543846,2.068375727627795,0.15589961409568787,8.932389915401153,0.11404977738857269
ppo,10,20024,2,651,139,167,1,1,0,1,0,1.7196367273341102,4.135133127309119,28.578932166680712,0.2480677366256714,1.8602471351623535,0.044884733855724335,2.571705814500963,0.14036034047603607,8.042055120296126,0.11506490409374237
ppo,10,20024,2,652,140,104,1,1,0,1,0,9.389242485963088,7.388994266768174,-35.45864020817606,0.2180863320827484,2.6357743740081787,0.06226102635264397,3.567294038159297,0.2745800316333771,15.732276951161142,0.1995510458946228
ppo,10,20024,2,653,141,67,1,1,0,1,0,11.855500851849632,-0.47883724195291394,-19.688225188236856,0.5575073957443237,2.0625343322753906,0.06954127550125122,3.9844215881782032,0.3920976221561432,22.465538906662243,0.2655900716781616
ppo,10,20024,2,654,142,101,1,1,0,1,0,5.629469234681189,6.952312952372579,36.546757644850786,0.3974601924419403,3.017484664916992,0.05698893964290619,3.2652257204643096,0.17093664407730103,9.79394826975927,0.1424572616815567
ppo,10,20024,2,655,143,113,1,1,0,1,0,-8.091875373875846,13.275114689701763,39.646311150580914,0.2534773647785187,2.399245023727417,0.050497643649578094,2.893301856476428,0.18198145925998688,10.426769565229181,0.14148837327957153
ppo,10,20024,2,656,144,105,1,1,0,1,0,-3.2944051423722502,1.9918880676508186,12.456666781837475,0.25971001386642456,1.6721020936965942,0.023271974176168442,1.3333859012318927,0.12508520483970642,7.166854316844557,0.08581458032131195
ppo,10,20024,2,657,145,163,1,1,0,1,0,-4.33898695327732,0.20862129800886947,-16.989262277327978,0.2133329212665558,0.1587105542421341,0.02228841744363308,1.277032251545939,0.34879785776138306,19.984645152931652,0.19668734073638916
ppo,10,20024,2,658,146,132,1,1,0,1,0,-23.005183615248487,8.74751889268371,32.99210863472271,0.08945332467556,0.9546912312507629,0.06423989683389664,3.6806749649380968,0.6662264466285706,38.17196359181489,0.3973531126976013
ppo,10,20024,2,659,147,185,1,1,0,1,0,-48.27934241239687,59.585354545518975,48.62078356900581,1.7977198362350464,2.2834200859069824,0.5060656666755676,28.995426856984334,0.3979822099208832,22.80270094975617,0.7050567865371704
ppo,10,20024,2,660,148,188,1,1,0,1,0,7.803859956954748,-1.8205596025102186,8.462426796727378,0.5175997614860535,0.6865413784980774,0.027405867353081703,1.5702405332269502,0.17367370426654816,9.950770266876408,0.11424271762371063
ppo,10,20024,2,661,149,147,1,1,0,1,0,-18.568893787055167,10.90118682101545,52.59151404299272,0.19206851720809937,0.400744765996933,0.08441440016031265,4.836588859314375,0.321551114320755,18.423521748307905,0.24518996477127075
ppo,10,20024,2,662,150,192,1,1,0,1,0,-8.871008712877542,11.092350155505768,47.54200983111566,1.3989851474761963,0.6010474562644958,0.059712134301662445,3.421253281203611,0.17823751270771027,10.212257229061176,0.14883089065551758
ppo,10,20024,2,663,151,146,1,1,0,1,0,9.253062174291374,-0.12568914110657464,19.163721301493236,0.8552259206771851,1.5289746522903442,0.04957270994782448,2.840307059036534,0.19180828332901,10.98980511040178,0.14547684788703918
ppo,10,20024,2,664,152,63,1,1,0,1,0,1.8017219407793235,-2.8933364343091013,-15.954188089747564,0.47861629724502563,3.2289395332336426,0.04749491810798645,2.721258355907093,0.13617055118083954,7.8019978766322735,0.11558019369840622
ppo,10,20024,2,665,153,81,1,1,0,1,0,8.396679395776836,4.450605904693669,-45.50508349607777,0.7036663293838501,3.5004079341888428,0.07336251437664032,4.203362448249316,0.3127337694168091,17.918325098800622,0.22972939908504486
ppo,10,20024,2,666,154,169,1,1,0,1,0,14.777127929700926,4.787730381747158,-37.63085893029355,0.4985981583595276,0.7010688185691833,0.090609610080719,5.191548240951237,0.36554548144340515,20.944213306784867,0.27338236570358276
ppo,10,20024,2,667,155,194,1,1,0,1,0,-39.524897707894766,20.400272409210686,69.35839902132342,0.41077715158462524,0.4051651656627655,0.23189358413219452,13.286523666936622,0.6802770495414734,38.97700383833844,0.57203209400177
ppo,10,20024,2,668,156,160,1,1,0,1,0,-5.981510844881987,-3.02660708539439,-28.596103262254125,0.7471239566802979,1.0769792795181274,0.021495457738637924,1.2315990071257776,0.14569009840488434,8.34742775544552,0.0943405032157898
ppo,10,20024,2,669,157,73,1,1,0,1,0,-8.65654077293914,-1.8645460207651008,-8.151981038571959,0.3963622748851776,1.853973388671875,0.020096004009246826,1.1514162148078246,0.1786113679409027,10.233677556071981,0.10940168797969818
ppo,10,20024,2,670,158,86,1,1,0,1,0,0.5179605655187469,0.6319564227662597,-5.590059043170216,0.27363502979278564,2.500105381011963,0.04673825576901436,2.6779047973674945,0.08410229533910751,4.818706570293635,0.08878940343856812
ppo,10,20024,2,671,159,217,1,1,0,1,0,8.414192000808749,4.438666734024486,-30.567131932179723,0.3194199502468109,1.3707175254821777,0.02465064264833927,1.4123777860350306,0.5610433220863342,32.145414479545835,0.30517229437828064
ppo,10,20024,2,672,160,118,1,1,0,1,0,2.34091073423847,3.1611344912869614,28.338454866382904,0.39017054438591003,2.9404633045196533,0.040973931550979614,2.347633347929055,0.13553476333618164,7.7655699164676575,0.10874131321907043
ppo,10,20024,2,673,161,72,1,1,0,1,0,-0.7365266189591549,7.198746177626639,-32.29014277296382,0.6533756256103516,3.4850523471832275,0.061566367745399475,3.5274930317617517,0.1609133780002594,9.219657426608133,0.14202305674552917
ppo,10,20024,2,674,162,74,1,1,0,1,0,4.689088789753834,-0.03492958741544521,13.692985663123142,0.250408798456192,2.853410243988037,0.024459566920995712,1.4014299532908523,0.2403680384159088,13.772074131070013,0.14464358985424042
ppo,10,20024,2,675,163,150,1,1,0,1,0,8.309690106507553,-1.5370247896846494,0.06458626879164057,0.8708636164665222,0.3451550602912903,0.0078003597445786,0.4469276920480986,0.1550486832857132,8.883635171331957,0.08532470464706421
ppo,10,20024,2,676,164,115,1,1,0,1,0,13.545043765700667,1.98735282204193,-16.715781502960667,0.7867798805236816,1.2324647903442383,0.01692635379731655,0.9698086351314729,0.22442862391471863,12.858812952242193,0.12914066016674042
ppo,10,20024,2,677,165,130,1,1,0,1,0,-2.4466420625902674,0.4725124867814821,0.6821036716524934,0.7634271383285522,0.8000126481056213,0.0047606914304196835,0.2727675265271467,0.09758346527814865,5.59112071069933,0.05355242267251015
ppo,10,20024,2,678,166,137,1,1,0,1,0,-18.958269211259253,43.919987835014574,-94.8542930796871,4.139756679534912,2.564952850341797,0.3491286337375641,20.003597220331148,0.653618574142456,37.44958570972141,0.6759378910064697
ppo,10,20024,2,679,167,125,1,1,0,1,0,-35.726602189694,28.270125653926097,60.368504035752636,1.971591591835022,2.559166193008423,0.2956407368183136,16.938966471827296,0.8902779817581177,51.009170948165035,0.7407797574996948
ppo,10,20024,2,680,168,73,1,1,0,1,0,-4.454007338900335,-0.8185981720260282,-25.50180900218491,0.2892819344997406,3.122622489929199,0.031078455969691277,1.7806643608464685,0.2296830415725708,13.159868907836138,0.14591997861862183
ppo,10,20024,2,681,169,164,1,1,0,1,0,-8.931606151193893,0.185863107694387,-34.92517511324138,1.0427409410476685,0.5211727023124695,0.03273391351103783,1.8755150911287297,0.14328032732009888,8.209358042694651,0.10437408089637756
ppo,10,20024,2,682,170,121,1,1,0,1,0,12.529736145578271,63.166504689626706,-76.02734108541051,3.5900826454162598,2.7945046424865723,0.6725265979766846,38.53293567435548,0.5725454092025757,32.804435526898274,0.9587993025779724
ppo,10,20024,2,683,171,142,1,1,0,1,0,-7.420713665273714,8.600710806663455,36.000725001843286,0.3411751985549927,1.1750459671020508,0.03094295784831047,1.772900890359397,0.4784693419933319,27.414273922619525,0.2701776325702667
ppo,10,20024,2,684,172,217,1,1,0,1,0,9.799108477677214,0.5871230610542961,-7.948823891899099,0.43505391478538513,1.034631371498108,0.05749771371483803,3.294376327511689,0.20643465220928192,11.82783431684285,0.1607150435447693
ppo,10,20024,2,685,173,116,1,1,0,1,0,-10.14535808746184,9.06933008561803,38.274016863298634,11.843977928161621,11.8091402053833,0.056202974170446396,3.2201932160493576,0.07768131047487259,4.450811237255592,0.09504362940788269
ppo,10,20024,2,686,174,93,1,1,0,1,0,-4.391497447616378,-3.1622273215541634,-30.761382512174887,0.5976868271827698,3.16029953956604,0.01737544871866703,0.9955398787256149,0.18987542390823364,10.879060423199194,0.1123131588101387
ppo,10,20024,2,687,175,240,1,1,0,1,0,-8.903137922733281,3.82453710499196,24.515830214358548,0.9514206647872925,0.5891972780227661,0.032714128494262695,1.8743814931699192,0.13770027458667755,7.88964457160917,0.10156426578760147
ppo,10,20024,2,688,176,64,1,1,0,1,0,5.767152187970306,-2.087319470734237,-11.780013601142652,0.2365492284297943,2.7781569957733154,0.034071266651153564,1.9521397817759294,0.14965134859085083,8.574390672696811,0.10889694094657898
ppo,10,20024,2,689,177,131,1,1,0,1,0,-6.892494155621607,7.377027775342312,22.67986170508078,0.2896096706390381,0.6402662396430969,0.02046588622033596,1.1726089044201988,0.07620057463645935,4.365971323140748,0.058566175401210785
ppo,10,20024,2,690,178,106,1,1,0,1,0,-10.116015594787465,9.729495189656443,24.596289842781296,0.4462813138961792,1.4537737369537354,0.0348924957215786,1.9991927415247357,0.5220081210136414,29.90886220563599,0.2958965599536896
ppo,10,20024,2,691,179,107,1,1,0,1,0,33.0297839581845,20.909941125077037,-72.43406052533685,2.2875914573669434,4.110304832458496,0.1624283343553543,9.306458031901595,0.43117257952690125,24.704369048660286,0.37801462411880493
ppo,10,20024,2,692,180,83,1,1,0,1,0,-1.0173293561167192,-0.955092672399563,-19.411684489121377,0.391023188829422,1.493188738822937,0.016133734956383705,0.9243949207834696,0.11596366763114929,6.644228732122691,0.0741155669093132
ppo,10,20024,2,693,181,148,1,1,0,1,0,-23.182003552481778,13.195160495277593,47.25607079170224,0.33708447217941284,0.5441844463348389,0.08922526985406876,5.112231388553995,0.5449112057685852,31.22111229992469,0.36168086528778076
ppo,10,20024,2,694,182,106,1,1,0,1,0,19.853707011447923,20.957342637916923,-56.36726993693245,1.0387625694274902,1.5410220623016357,0.10565630346536636,6.053660267518947,0.27598854899406433,15.812979051299427,0.24365058541297913
ppo,10,20024,2,695,183,117,1,1,0,1,0,10.065731742117832,-1.6687654783958554,-10.96978924103906,0.6267722249031067,0.37831154465675354,0.007402136456221342,0.42411117832140655,0.16524235904216766,9.467689769901623,0.09002331644296646
ppo,10,20024,2,696,184,103,1,1,0,1,0,-23.347676620989606,-5.625084253234041,50.12155371457603,1.1196929216384888,2.4818873405456543,0.10453859716653824,5.989620413860908,0.40539538860321045,23.227444801029872,0.30723628401756287
ppo,10,20024,2,697,185,213,1,1,0,1,0,-7.609336169392786,3.861051296294848,3.7586394398796767,0.882003664970398,1.0577999353408813,0.019708894193172455,1.1292364561386774,0.20822817087173462,11.930595366679338,0.12382297962903976
ppo,10,20024,2,698,186,121,1,1,0,1,0,5.414851030581048,5.293137059571421,-18.190446665523098,0.44115036725997925,2.0857508182525635,0.03825047239661217,2.1915906327075323,0.12686343491077423,7.268739394919991,0.10168218612670898
ppo,10,20024,2,699,187,165,1,1,0,1,0,-12.832409148458217,14.646807920337084,56.60269289724445,0.6927933692932129,0.7953129410743713,0.09976789355278015,5.716279231484759,0.37414103746414185,21.436702389341345,0.2868384122848511
ppo,10,20024,2,700,188,150,1,1,0,1,0,-42.61727951499638,32.40703463041942,59.472738386483805,2.6840648651123047,3.294498920440674,0.2974379062652588,17.041936696207113,0.8425490260124207,48.27450322336992,0.7187124490737915
ppo,10,20024,2,701,189,92,1,1,0,1,0,-7.366891774614013,7.525297521844949,23.85468156307965,0.7245369553565979,2.374983310699463,0.04244092106819153,2.431685655855232,0.03799132630228996,2.1767426552255706,0.06143658608198166
ppo,10,20024,2,702,190,139,1,1,0,1,0,-12.206873103511768,5.742631808849961,14.578683613555377,0.2729978561401367,2.714428663253784,0.015769656747579575,0.9035347760063102,0.10426072031259537,5.9736992429056075,0.06790001690387726
ppo,10,20024,2,703,191,85,1,1,0,1,0,-3.7416459292246853,-0.997931618873883,5.326113212884243,0.04424291476607323,2.8572330474853516,0.002503040712326765,0.14341366876574285,0.3199051320552826,18.329213911342954,0.16245560348033905
ppo,10,20024,2,704,192,190,1,1,0,1,0,-7.016475749435679,4.224512982787907,1.5135016181831256,0.3115960955619812,0.3021939992904663,0.012634632177650928,0.7239110994795828,0.2474265992641449,14.176499877110222,0.1363479346036911
ppo,10,20024,2,705,193,159,1,1,0,1,0,30.962381319070023,2.2874576737939503,-56.8768020490154,1.5603669881820679,0.18482761085033417,0.1260938048362732,7.224642839864742,0.4854315221309662,27.81317746071578,0.3688095808029175
ppo,10,20024,2,706,194,51,1,1,0,1,0,6.836295359130743,3.2695432537934037,-18.819042635217713,8.961562156677246,10.614608764648438,0.012817831709980965,0.7344076594908643,0.13348346948623657,7.648039436324662,0.0795595645904541
ppo,10,20024,2,707,195,78,1,1,0,1,0,-9.681888771141455,6.193820445042663,29.483563401492223,1.107778787612915,3.7126944065093994,0.01891958899796009,1.0840125997052594,0.055872172117233276,3.201239654545984,0.04685567319393158
ppo,10,20024,2,708,196,158,1,1,0,1,0,3.4382216055360386,3.9421802832562594,18.86140346845013,0.8351044654846191,1.643473505973816,0.034061137586832047,1.95155942913989,0.14152835309505463,8.108977313783912,0.10482531785964966
ppo,10,20024,2,709,197,67,1,1,0,1,0,-2.2405342741959626,1.2033973694862066,10.441392146468532,0.3207985758781433,4.813475608825684,0.03896857053041458,2.2327346250506315,0.12151450663805008,6.962268379974696,0.09972582757472992
ppo,10,20024,2,710,198,67,1,1,0,1,0,-6.6638740637229406,-3.017755160230054,-22.092014643974462,0.44848886132240295,2.4603798389434814,0.026364687830209732,1.5105853408509415,0.11240915954113007,6.4405704203194825,0.08256927132606506
ppo,10,20024,2,711,199,457,1,1,0,1,0,-5.413184464423566,3.088994033273287,34.53100489623994,1.1130542755126953,0.4002839922904968,0.04564642533659935,2.615347521646171,0.1651303768157959,9.461273660950043,0.1282116174697876
ppo,10,20024,2,712,200,152,1,1,0,1,0,16.603752740194118,4.541023948926298,-40.54483619627443,0.8136355876922607,2.448301315307617,0.06738867610692978,3.8610867279011676,0.24008625745773315,13.755929271419395,0.18743181228637695
ppo,10,20024,2,713,201,216,1,1,0,1,0,1.594644265522877,0.3135876451736254,-30.18961371637478,0.3526177704334259,0.3590615689754486,0.04751051962375641,2.7221522569147183,0.17304342985153198,9.914658202960904,0.1340322345495224
ppo,10,20024,2,714,202,184,1,1,0,1,0,-13.344891902262614,7.509451482970519,28.959332722315402,0.6243717670440674,0.9587907791137695,0.04115854948759079,2.3582111765192892,0.16171516478061676,9.265596425191994,0.12201613187789917
ppo,10,20024,2,715,203,58,1,1,0,1,0,1.8655978698972828,0.3868482542111822,10.683358428005404,0.4020758271217346,3.365046739578247,0.04368479549884796,2.5029544109760837,0.11858072131872177,6.794174863179743,0.10297515988349915
ppo,10,20024,2,716,204,112,1,1,0,1,0,-36.39984027580381,18.438997249419863,68.07437809887439,3.7617897987365723,4.227351665496826,0.18864668905735016,10.808659102102935,0.5126558542251587,29.373016789775566,0.4449746012687683
ppo,10,20024,2,717,205,149,1,1,0,1,0,-16.41814917968819,4.286244232506482,67.82051362780335,3.1763296127319336,3.776627779006958,0.1258324831724167,7.209670211430428,0.38454777002334595,22.032964243505116,0.31810635328292847
ppo,10,20024,2,718,206,79,1,1,0,1,0,9.898064258372358,4.94404609109207,-22.334021906646356,0.4969845414161682,3.1318929195404053,0.029419608414173126,1.6856193970596849,0.28036805987358093,16.063906541027357,0.1696036458015442
ppo,10,20024,2,719,207,62,1,1,0,1,0,10.0277695507109,8.960415889113008,-24.021461122233024,0.4204186201095581,4.453884601593018,0.033962007611989975,1.945879699958201,0.6610711216926575,37.876585230968516,0.364497572183609
ppo,10,20024,2,720,208,120,1,1,0,1,0,5.155727313849105,16.570694624611257,65.19121864642861,1.566837191581726,2.831824779510498,0.06554234772920609,3.7552999042623636,0.2458123117685318,14.084008016690849,0.18844850361347198
ppo,10,20024,2,721,209,62,1,1,0,1,0,-4.235222719406487,1.8433587739597213,23.739715818969998,0.3436988890171051,4.2823944091796875,0.038071390241384506,2.1813299810268805,0.1289592683315277,7.388821804491632,0.10255102813243866
ppo,10,20024,2,722,210,171,1,1,0,1,0,2.5375655408214772,0.5166628295764445,14.538645044640761,1.0222935676574707,0.5482680201530457,0.022464213892817497,1.2871046461375921,0.16166146099567413,9.262519424970902,0.10329494625329971
ppo,10,20024,2,723,211,97,1,1,0,1,0,-8.919694301281393,5.569609456795198,23.40194930413453,0.8265120983123779,1.5347474813461304,0.040734924376010895,2.3339392455300025,0.1535390019416809,8.797136801909268,0.11750442534685135
ppo,10,20024,2,724,212,88,1,1,0,1,0,2.5917562616963585,-2.4786073479059274,28.653695417335673,0.39741477370262146,2.9025280475616455,0.026209678500890732,1.5017039604958093,0.2124280482530594,12.171230615101702,0.13242369890213013
ppo,10,20024,2,725,213,151,1,1,0,1,0,-32.62012287214548,5.96207212650413,52.02602902122902,0.8000666499137878,0.6588319540023804,0.13104715943336487,7.50844915270982,0.3647012710571289,20.89584361463013,0.3133977949619293
ppo,10,20024,2,726,214,367,1,1,0,1,0,-32.74328484325915,59.16977851565872,57.73254278974796,3.8525390625,3.8075616359710693,0.5293246507644653,30.32806848104011,0.5630069971084595,32.25792477064887,0.8108281493186951
ppo,10,20024,2,727,215,70,1,1,0,1,0,5.027592965019665,-5.961293484938749,18.750563158599164,0.556440532207489,3.4160051345825195,0.004146717023104429,0.23758938425893647,0.2952739894390106,16.91795339484575,0.15178370475769043
ppo,10,20024,2,728,216,123,1,1,0,1,0,7.194798328286372,4.492256398252406,-26.015931001390108,0.20980866253376007,0.3121977150440216,0.046166807413101196,2.645163218363981,0.21325106918811798,12.218386241131471,0.1527923345565796
ppo,10,20024,2,729,217,164,1,1,0,1,0,9.227312361120426,2.0148238428837213,-19.322127048724173,0.7986005544662476,0.691950261592865,0.014807283878326416,0.8483948722802088,0.1602044701576233,9.179039999161361,0.09490951895713806
ppo,10,20024,2,730,218,114,1,1,0,1,0,-13.591106561463233,4.113044295533299,39.9791326084573,0.8520069718360901,1.327200174331665,0.06102309003472328,3.4963655118364763,0.20999720692634583,12.031953666415035,0.1660216897726059
ppo,10,20024,2,731,219,140,1,1,0,1,0,14.754506343169844,1.439844858173708,-56.8895335216283,5.33137321472168,5.6252851486206055,0.05806953087449074,3.3271390374129477,0.30208492279052734,17.30819113043255,0.2091119885444641
ppo,10,20024,2,732,220,75,1,1,0,1,0,-5.821465852250248,3.4820440992508406,-46.099747085975764,0.8811495900154114,3.581022262573242,0.049227070063352585,2.8205033524249052,0.19141821563243866,10.967455877663854,0.14493617415428162
ppo,10,20024,2,733,221,110,1,1,0,1,0,-6.467219257139933,3.55684833104082,-39.91563916993286,0.598587155342102,2.539245128631592,0.05248291790485382,3.007049692479705,0.15967170894145966,9.148515029986928,0.13231876492500305
ppo,10,20024,2,734,222,213,1,1,0,1,0,-8.011005934102895,4.381347786509739,8.281986859233982,0.22096720337867737,0.684781551361084,0.03212003409862518,1.8403423916675143,0.14520521461963654,8.319645960996493,0.10472264140844345
ppo,10,20024,2,735,223,247,1,1,0,1,0,-8.140069188659457,1.7208934821413926,-20.91678497462539,0.8078795671463013,0.8733505010604858,0.014526557177305222,0.8323104171150635,0.07996699959039688,4.581771576854124,0.05451005697250366
ppo,10,20024,2,736,224,190,1,1,0,1,0,-1.405502667026884,16.929484461712025,56.98556598135868,0.08970800042152405,0.5275320410728455,0.10022996366024017,5.742753898481375,0.23370105028152466,13.390083848906002,0.2170804888010025
ppo,10,20024,2,737,225,140,1,1,0,1,0,-15.111943802814952,3.9835165881131767,19.123327562741782,0.07131452113389969,1.7771456241607666,0.05055459216237068,2.89656476590899,0.1485518515110016,8.511394130434493,0.12483051419258118
ppo,10,20024,2,738,226,219,1,1,0,1,0,4.541502062168198,0.5361288687109809,14.169910452108454,0.37010833621025085,0.4157862365245819,0.014326633885502815,0.8208556562684232,0.12858790159225464,7.3675440576797495,0.07862058281898499
ppo,10,20024,2,739,227,77,1,1,0,1,0,-4.538974892175293,3.837090992686443,6.617852249095394,0.5605670809745789,1.6915769577026367,0.009777205996215343,0.5601926390131408,0.06162131950259209,3.530641535525716,0.04058786481618881
ppo,10,20024,2,740,228,199,1,1,0,1,0,-18.504690008857047,3.5966546735236546,-66.2372757781944,1.0019421577453613,0.45438915491104126,0.08823145925998688,5.055290235877714,0.26068639755249023,14.936230356227204,0.218574658036232
ppo,10,20024,2,741,229,115,1,1,0,1,0,-3.273859933348852,-1.5189930902758157,-31.275285945326647,0.22841958701610565,2.205045461654663,0.019509417936205864,1.1178073085014248,0.3562365472316742,20.410850664687743,0.1976276934146881
ppo,10,20024,2,742,230,153,1,1,0,1,0,-19.427257320429007,6.931877026375901,34.90539488540502,0.31344345211982727,0.5571762323379517,0.054123830050230026,3.101067032961519,0.22637057304382324,12.970078441368994,0.16730912029743195
ppo,10,20024,2,743,231,74,1,1,0,1,0,2.6523673603910516,18.40636260556554,-61.31713534919737,1.0701184272766113,2.953789710998535,0.06658094376325607,3.8148070736324535,0.05551791563630104,3.1809422533234097,0.09433989971876144
ppo,10,20024,2,744,232,106,1,1,0,1,0,4.909895145242006,4.590324254355449,34.79522393409272,0.7402779459953308,3.316977024078369,0.05179762840270996,2.9677854962622403,0.17242945730686188,9.8794801674144,0.1380123496055603
ppo,10,20024,2,745,233,138,1,1,0,1,0,-0.9916478448374713,1.725865859857162,1.9989778040092918,0.44100725650787354,1.361393928527832,0.03534489870071411,2.0251135228683457,0.09604568034410477,5.503012124179811,0.0833677351474762
ppo,10,20024,2,746,234,91,1,1,0,1,0,-1.6978894050167896,3.5490345946303257,24.484465985689848,0.18469677865505219,1.9592163562774658,0.03808152675628662,2.1819107605497434,0.09337592869997025,5.3500466226227905,0.08476948738098145
ppo,10,20024,2,747,235,200,1,1,0,1,0,27.02321997942691,21.889499535083583,-73.35515251604808,4.39110803604126,4.400954246520996,0.17239363491535187,9.87742769556881,0.5280293226242065,30.25385164551875,0.43640828132629395
ppo,10,20024,2,748,236,174,1,1,0,1,0,18.222425611217098,2.1695686087195303,-80.80869207047287,5.673763275146484,3.9667720794677734,0.16438983380794525,9.418843672052278,0.766757071018219,43.93194408115668,0.5477683544158936
ppo,10,20024,2,749,237,91,1,1,0,1,0,-4.966162243624571,-1.0682006050549742,-13.935238812605155,0.5648407936096191,0.8523744940757751,0.007576849311590195,0.4341214875607214,0.11862225085496902,6.796554330331846,0.06688797473907471
ppo,10,20024,2,750,238,55,1,1,0,1,0,-0.726308655960816,5.081688063246167,11.215184277539278,0.5753363966941833,4.707660675048828,0.040104739367961884,2.2978323042563766,0.080844946205616,4.6320742125439756,0.08052721619606018
ppo,10,20024,2,751,239,154,1,1,0,1,0,2.8789930370520747,1.3549729275471296,-37.768336977907566,0.7508695125579834,0.9999179840087891,0.043196696788072586,2.4749884148628785,0.1895194947719574,10.85866718588483,0.137956440448761
ppo,10,20024,2,752,240,64,1,1,0,1,0,3.831094086595172,-1.4729849360266098,34.97414756959037,0.18940775096416473,2.7376649379730225,0.0044708033092319965,0.2561581606521153,0.14158567786216736,8.112261781001042,0.07526364177465439
ppo,10,20024,2,753,241,95,1,1,0,1,0,-3.895188581766572,-0.8454271550858383,-12.104638832015018,0.6775582432746887,3.5856518745422363,0.03130742534995079,1.7937833399730647,0.08985496312379837,5.1483101552972945,0.07623490691184998
ppo,10,20024,2,754,242,183,1,1,0,1,0,11.39947644172456,8.627744695398366,-38.83532180929028,0.4273802638053894,0.23788216710090637,0.07636284828186035,4.375268918148428,0.34327438473701477,19.66817346038099,0.24800004065036774
ppo,10,20024,2,755,243,86,1,1,0,1,0,8.250895838132083,2.835853562254274,-10.155794616513619,0.37813398241996765,2.9523303508758545,0.017445217818021774,0.9995373536590707,0.36023586988449097,20.63999497360521,0.19756315648555756
ppo,10,20024,2,756,244,153,1,1,0,1,0,-33.18943279984438,30.067530915149973,69.53360703391259,2.584404230117798,3.0615148544311523,0.21925435960292816,12.562349445091435,0.6410700082778931,36.73060584674002,0.5397893786430359
ppo,10,20024,2,757,245,181,1,1,0,1,0,-16.38563747923893,7.714452780719282,60.814788596121275,0.6985675096511841,0.9217403531074524,0.11369787156581879,6.514408180341905,0.3803650736808777,21.79331339609688,0.30388039350509644
ppo,10,20024,2,758,246,122,1,1,0,1,0,2.921613417472954,-1.8937245888993952,-48.254917655924906,3.402510404586792,0.8966801166534424,0.042413048446178436,2.4300886722499184,0.1443522870540619,8.270776811258697,0.11458919197320938
ppo,10,20024,2,759,247,91,1,1,0,1,0,5.986264656544315,17.694725195941913,-66.60790916331597,0.3594866991043091,2.5760903358459473,0.05584109574556351,3.199459109606726,0.10506992042064667,6.0200629938784775,0.10837605595588684
ppo,10,20024,2,760,248,219,1,1,0,1,0,-0.957223691420607,9.608915030049038,36.450916430417166,0.8301229476928711,0.4316805303096771,0.06496153771877289,3.7220219419655924,0.1289013773202896,7.385504893875944,0.1294122338294983
ppo,10,20024,2,761,249,157,1,1,0,1,0,-2.9330608145218955,4.415211864414663,-4.5380459864481715,0.6843023300170898,1.2582615613937378,0.038224633783102036,2.190110189204932,0.10719703137874603,6.1419374743335995,0.09182314574718475
ppo,10,20024,2,762,250,99,1,1,0,1,0,4.498567493045498,-7.259247993294612,-38.500205407852775,4.217630863189697,5.67734956741333,0.003823068691417575,0.21904570080682953,0.15514282882213593,8.889029313228972,0.0813944861292839
ppo,10,20024,2,763,251,122,1,1,0,1,0,2.543316560102628,3.3963252251671805,-21.760176733338565,0.42396533489227295,2.6540966033935547,0.0247088223695755,1.4157112385151143,0.1267448514699936,7.261945064243121,0.0880812481045723
ppo,10,20024,2,764,252,334,1,1,0,1,0,-6.314059095191568,4.257065664372187,-8.35109471325617,0.38293471932411194,0.5894370079040527,0.023651031777262688,1.3551043019669464,0.1503150314092636,8.612416897127211,0.09880854934453964
ppo,10,20024,2,765,253,66,1,1,0,1,0,-11.466589880509106,0.45345625899714653,7.272471239527756,0.6610170602798462,3.6219446659088135,0.030643118545413017,1.7557213637712281,0.10702098906040192,6.1318509924767834,0.08415361493825912
ppo,10,20024,2,766,254,84,1,1,0,1,0,-9.635771333865529,12.151411967451265,39.19988998642888,0.4414745271205902,3.43898868560791,0.045789025723934174,2.623517921997387,0.6069716215133667,34.77691219692792,0.3492748439311981
ppo,10,20024,2,767,255,64,1,1,0,1,0,-3.7296247962854627,-1.8124180170195636,-6.073363228840318,0.4436073899269104,2.8458614349365234,0.01629982516169548,0.9339111885662956,0.15724126994609833,9.009261133188708,0.09492045640945435
ppo,10,30031,3,768,0,140,1,1,0,1,0,-32.72694703076448,2.942691381251614,59.55751469446201,0.6347161531448364,1.5404764413833618,0.14618216454982758,8.37562106879204,0.3831894099712372,21.955135945460114,0.33777686953544617
ppo,10,30031,3,769,1,130,1,1,0,1,0,-20.867716895628018,1.3695622116142767,61.07452702987852,1.9461052417755127,2.235795021057129,0.11655349284410477,6.678023227475445,0.4053371846675873,23.224109961167613,0.319222092628479
ppo,10,30031,3,770,2,68,1,1,0,1,0,-6.429188763841302,-1.477902672229019,-3.5125340637057776,0.32198119163513184,2.158201217651367,0.015224340371787548,0.8722904491740571,0.23993754386901855,13.747408610429805,0.1351931095123291
ppo,10,30031,3,771,3,108,1,1,0,1,0,9.876890671945318,17.829976601886507,-61.518926458036226,2.654836416244507,5.403772354125977,0.09697645902633667,5.5563418143324474,0.17120949923992157,9.809581718995782,0.18258121609687805
ppo,10,30031,3,772,4,70,1,1,0,1,0,9.35860225734641,-2.7329635925972022,-30.326709273395277,0.3609600365161896,3.4495601654052734,0.07273069024085999,4.167161591874602,0.21920229494571686,12.559366359971433,0.18233183026313782
ppo,10,30031,3,773,5,76,1,1,0,1,0,-2.9474315325356026,-5.16948331483751,-5.3441175915363965,0.7988415360450745,3.4936068058013916,0.011054744012653828,0.6333901755225807,0.23362551629543304,13.385756070293153,0.12786750495433807
ppo,10,30031,3,774,6,95,1,1,0,1,0,-5.076155610018456,-0.07301472222743631,-30.707287413948386,0.7541366219520569,2.3989665508270264,0.03839936479926109,2.2001215389808784,0.20739342272281647,11.88276782078997,0.14209607243537903
ppo,10,30031,3,775,7,185,1,1,0,1,0,-9.175143376239868,33.192233177404084,67.80201747553096,7.224756717681885,7.314093589782715,0.20707744359970093,11.864663550621204,0.48130059242248535,27.57649262295462,0.4477277398109436
ppo,10,30031,3,776,8,115,1,1,0,1,0,1.0716293600183207,7.999626838945654,37.1443308953352,0.10095535218715668,2.75512433052063,0.06907536089420319,3.957726647580855,0.14682482182979584,8.412442618607578,0.1424877643585205
ppo,10,30031,3,777,9,134,1,1,0,1,0,-5.901078537215916,1.3590847014274772,8.367241280454081,0.2376907765865326,0.7040243744850159,0.012430805712938309,0.7122327032984774,0.13008424639701843,7.453278299689042,0.07747292518615723
ppo,10,30031,3,778,10,145,1,1,0,1,0,19.649607298669604,2.7032795904643265,-63.114021516044325,1.1154526472091675,1.654412865638733,0.13628217577934265,7.808393495016345,0.5574788451194763,31.941184993173284,0.4150215983390808
ppo,10,30031,3,779,11,107,1,1,0,1,0,-8.975756493988856,-0.2764997179804562,-30.85290704705306,0.7251353859901428,2.8302762508392334,0.03379027917981148,1.9360403855719746,0.1372658759355545,7.864755362273644,0.10242322087287903
ppo,10,30031,3,780,12,114,1,1,0,1,0,29.4397682285341,2.909851831722192,-58.35381679665232,0.33859366178512573,1.9165688753128052,0.10560491681098938,6.050716029099848,0.49063166975975037,28.111123972690077,0.35092073678970337
ppo,10,30031,3,781,13,117,1,1,0,1,0,-3.585589767068234,-0.3828321029792147,4.116964824116886,0.7620453834533691,1.7406423091888428,0.008812843821942806,0.5049387565052648,0.12820951640605927,7.345864183480482,0.07291760295629501
ppo,10,30031,3,782,14,95,1,1,0,1,0,6.4747188048486075,-3.847049408496322,12.827259185824026,0.1870027482509613,2.221593141555786,0.004864364396780729,0.27870754994923636,0.29329434037208557,16.804527858393936,0.1515115350484848
ppo,10,30031,3,783,15,47,1,1,0,1,0,-9.885045917814313,0.9908965240287698,1.0383253576253384,0.7868133783340454,3.8646743297576904,0.03637376427650452,2.0840631780474332,0.10929536819458008,6.26216331787781,0.09102144837379456
ppo,10,30031,3,784,16,197,1,1,0,1,0,-4.051900442083344,2.3175651476553667,-9.12285144795425,0.5699113607406616,0.4859313666820526,0.02853977680206299,1.6352087590035826,0.20275716483592987,11.617129811137126,0.12991836667060852
ppo,10,30031,3,785,17,87,1,1,0,1,0,-10.93312478557443,-0.7589296394367968,-51.58799532937777,0.5194922089576721,2.6936569213867188,0.06641742587089539,3.805438188525312,0.19374769926071167,11.100925458008719,0.16329127550125122
ppo,10,30031,3,786,18,92,1,1,0,1,0,-1.3615708902853618,-3.869507070487324,-19.821823688402304,0.40351584553718567,3.5208003520965576,0.007640764117240906,0.43778353617290605,0.1359969526529312,7.792051413653443,0.07563924044370651
ppo,10,30031,3,787,19,68,1,1,0,1,0,5.739134751994914,0.1284485375312598,0.548491511108704,1.150313138961792,2.987414598464966,0.04152793809771538,2.379375584879632,0.143046036362648,8.195934159654637,0.11305095255374908
ppo,10,30031,3,788,20,113,1,1,0,1,0,-1.5398115068660145,4.587605839065785,-25.840804951070982,0.9359445571899414,1.0943431854248047,0.0435534305870533,2.4954277559541413,0.06440575420856476,3.6901778925077005,0.07575631141662598
ppo,10,30031,3,789,21,193,1,1,0,1,0,26.606851647622932,12.83990869616689,-68.24524211115143,0.8421137928962708,0.4434058666229248,0.14805938303470612,8.483177765199523,0.5047513246536255,28.92012060629036,0.40043503046035767
ppo,10,30031,3,790,22,65,1,1,0,1,0,-7.377929360312754,0.14896642579797809,-18.258529991169787,10.078121185302734,10.739825248718262,0.036247942596673965,2.076854126821896,0.09184981137514114,5.262606540868288,0.08217284828424454
ppo,10,30031,3,791,23,167,1,1,0,1,0,-23.106871471611637,13.3915420942938,54.17095430742315,1.227807641029358,1.4443566799163818,0.10296156257390976,5.8992629875571625,0.6051391363143921,34.671918529006476,0.4055311381816864
ppo,10,30031,3,792,24,92,1,1,0,1,0,3.172636529849263,-0.33283511825472134,39.36307686607883,0.35077178478240967,1.2341991662979126,0.042143166065216064,2.414625550855833,0.1952124983072281,11.184852261208897,0.1397494077682495
ppo,10,30031,3,793,25,181,1,1,0,1,0,60.556989936088314,50.7797927052685,-54.32089062008327,4.7208099365234375,4.281402587890625,0.40609925985336304,23.267773652984214,0.5321552157402039,30.490247907787477,0.6721768379211426
ppo,10,30031,3,794,26,111,1,1,0,1,0,5.596110590774847,-4.701751960475037,-46.838664271144424,0.16876398026943207,0.76935213804245,0.0864872932434082,4.955356884357611,0.30439305305480957,17.44043725314234,0.238683819770813
ppo,10,30031,3,795,27,82,1,1,0,1,0,3.355480693930504,-0.39223044327715223,-1.2311962394081584,0.026200417429208755,4.089038372039795,0.022530077025294304,1.2908783256540242,0.46889007091522217,26.865422119032104,0.25697511434555054
ppo,10,30031,3,796,28,181,1,1,0,1,0,-34.75152438378298,22.822872205922508,68.38015200763752,1.1122480630874634,0.6833181381225586,0.20503777265548706,11.747799013922286,0.5553807020187378,31.820970248686475,0.48272812366485596
ppo,10,30031,3,797,29,139,1,1,0,1,0,3.753393854597107,-0.14683540677693413,36.43825325969596,16.269451141357422,16.367958068847656,0.015447999350726604,0.8851051647174704,0.11707514524459839,6.707911708396598,0.07398556917905807
ppo,10,30031,3,798,30,97,1,1,0,1,0,1.5671595843027457,0.5390795104324264,23.7736755195233,0.04855593293905258,2.190913677215576,0.03347158804535866,1.9177807285995918,0.12562693655490875,7.197893257754034,0.09628506004810333
ppo,10,30031,3,799,31,186,1,1,0,1,0,-26.632287272092057,4.457736622187162,47.83408238040374,0.5910366177558899,0.5694460868835449,0.09050130844116211,5.1853430140902805,0.38421347737312317,22.013810685525108,0.2826080322265625
ppo,10,30031,3,800,32,57,1,1,0,1,0,-3.252440460111692,0.7618256396448823,-1.2587355621416498,0.529036819934845,3.850877523422241,0.014673871919512749,0.8407509301036126,0.3495806157588959,20.02949388256925,0.18946418166160583
ppo,10,30031,3,801,33,106,1,1,0,1,0,-14.027419045643647,14.39892669497898,44.59847150640696,0.29713594913482666,3.338740825653076,0.07482855767011642,4.2873605415489555,0.7836395502090454,44.89923888650847,0.4666483402252197
ppo,10,30031,3,802,34,220,1,1,0,1,0,-3.52996470646765,1.2641177512076198,-15.969323788948312,0.5257183909416199,0.2491724193096161,0.018245497718453407,1.045390014382953,0.21267758309841156,12.185527908581832,0.12458428740501404
ppo,10,30031,3,803,35,131,1,1,0,1,0,-7.5154620494401305,22.22416514403587,58.042032321419576,0.3419799208641052,1.4242843389511108,0.1157207116484642,6.630308379707382,0.4623697102069855,26.491832969547207,0.34690555930137634
ppo,10,30031,3,804,36,106,1,1,0,1,0,5.227785809592739,-2.7786985392796075,-27.853525095690337,0.3516223430633545,2.592500925064087,0.042490154504776,2.4345065239824475,0.17193426191806793,9.851107561602166,0.12845727801322937
ppo,10,30031,3,805,37,74,1,1,0,1,0,-3.858360201761863,3.3834708091492165,12.380810700915314,0.21339678764343262,2.292297840118408,0.035879552364349365,2.0557469212958526,0.08021307736635208,4.595870794848323,0.07598608732223511
ppo,10,30031,3,806,38,125,1,1,0,1,0,-17.341536113960554,7.658363267255137,52.99553339277732,0.26339271664619446,1.0177119970321655,0.08310314267873764,4.761459339765174,0.27452200651168823,15.728952356582639,0.22036415338516235
ppo,10,30031,3,807,39,101,1,1,0,1,0,5.635834970987641,5.275378567729389,-21.07814136357777,0.35991621017456055,2.7105953693389893,0.02535770833492279,1.452889665714786,0.2773573696613312,15.891406698444099,0.16403639316558838
ppo,10,30031,3,808,40,95,1,1,0,1,0,-11.005196941696406,2.6572850965934607,-3.9054065447649107,1.3333683013916016,1.9092038869857788,0.031171532347798347,1.7859972444843675,0.06252739578485489,3.582555882416279,0.06243523210287094
ppo,10,30031,3,809,41,131,1,1,0,1,0,-2.391180926529764,0.42459187956467265,-10.603144686392774,0.7133080959320068,2.2980434894561768,0.02698460780084133,1.5461041388040062,0.15916578471660614,9.119527707149393,0.10656750202178955
ppo,10,30031,3,810,42,18,1,1,0,1,0,3.9956743248357993,-0.6435814047336215,-9.429882111524664,9.25281810760498,11.838698387145996,0.03025459684431553,1.7334607100490989,0.11471909284591675,6.572919849640465,0.08761414140462875
ppo,10,30031,3,811,43,103,1,1,0,1,0,-13.090426374544618,3.756112269886772,-51.01890396773231,0.8351027369499207,3.201995372772217,0.07215267419815063,4.134043712136503,0.133436381816864,7.645341511602508,0.13887086510658264
ppo,10,30031,3,812,44,93,1,1,0,1,0,-6.534537601599579,19.27309995086182,51.32762851821688,0.44848909974098206,3.0590386390686035,0.09223055839538574,5.284421738190486,0.17029835283756256,9.757376875622082,0.17737972736358643
ppo,10,30031,3,813,45,126,1,1,0,1,0,-0.6302488754737566,-0.890834252688083,19.151645527040653,1.1362632513046265,1.3055349588394165,0.021069340407848358,1.2071842824941554,0.36122798919677734,20.69683922297264,0.20168334245681763
ppo,10,30031,3,814,46,96,1,1,0,1,0,10.50968037779032,5.468618279727389,-35.19778162339493,0.32875239849090576,2.304905652999878,0.03847598284482956,2.2045114296264923,0.2777177691459656,15.91205606785234,0.17733487486839294
ppo,10,30031,3,815,47,211,1,1,0,1,0,3.290552915680363,8.841761842851547,35.46944556744302,0.3343895375728607,0.6995760202407837,0.058268796652555466,3.338556125497447,0.15614274144172668,8.946320086213394,0.1363401710987091
ppo,10,30031,3,816,48,83,1,1,0,1,0,-5.134840595367206,11.514264600915796,-34.3703451865829,0.7938492894172668,1.98495352268219,0.05974103882908821,3.422909388633928,0.03485378250479698,1.996974637591774,0.07716792821884155
ppo,10,30031,3,817,49,188,1,1,0,1,0,-9.285956365334156,5.446392844168168,16.495931373956296,0.12128003686666489,1.1494463682174683,0.022563356906175613,1.2927851223712212,0.3053627014160156,17.495994011851224,0.17524470388889313
ppo,10,30031,3,818,50,58,1,1,0,1,0,-4.318988159387523,3.8614337868883686,18.483516422430007,1.172209620475769,4.753105640411377,0.04352870583534241,2.4940111320315985,0.08806121349334717,5.045535871969289,0.08755931258201599
ppo,10,30031,3,819,51,195,1,1,0,1,0,5.471869449772315,5.359936309654146,52.572963249206964,2.4869983196258545,2.199023485183716,0.03829947113990784,2.194398053899819,0.08190572261810303,4.6928522239865105,0.07925233244895935
ppo,10,30031,3,820,52,69,1,1,0,1,0,12.319038470061718,-1.1474854409404822,-14.63967720284359,0.5217615365982056,1.6748937368392944,0.02081221342086792,1.1924519913412612,0.16981029510498047,9.729413227386404,0.10571736097335815
ppo,10,30031,3,821,53,185,1,1,0,1,0,-12.273262542244293,10.580167930024851,74.72829374678744,1.341325044631958,1.6771866083145142,0.09383811056613922,5.376527692921753,0.3285798728466034,18.826239947055612,0.2581280469894409
ppo,10,30031,3,822,54,144,1,1,0,1,0,-17.723480292347666,1.7964626951184137,50.6325611475197,0.5052201151847839,1.6281152963638306,0.08805333822965622,5.045084652597246,0.31854864954948425,18.25149318877738,0.24732765555381775
ppo,10,30031,3,823,55,92,1,1,0,1,0,-3.874916580309974,-3.944038094710503,-9.585665066114315,0.15936143696308136,3.5570831298828125,0.015578310936689377,0.8925714686147935,0.17117910087108612,9.807840020757428,0.10116785764694214
ppo,10,30031,3,824,56,173,1,1,0,1,0,-2.047321882954642,11.268678319118816,35.745890643910116,0.46917131543159485,0.5578620433807373,0.06990782916545868,4.005423566102347,0.11885254830121994,6.809749402034664,0.12933410704135895
ppo,10,30031,3,825,57,154,1,1,0,1,0,17.71451908415661,23.608480564257373,-63.503888713868655,0.669100284576416,0.9247620701789856,0.13409513235092163,7.683085136955998,0.35371363162994385,20.266298248640883,0.31095194816589355
ppo,10,30031,3,826,58,87,1,1,0,1,0,1.5286509777622137,0.6196484218818968,18.18063851387496,0.2932620942592621,3.163865327835083,0.04171274974942207,2.389964512527267,0.12397558242082596,7.103277635389609,0.10370054095983505
ppo,10,30031,3,827,59,79,1,1,0,1,0,0.1974334481483886,-0.029684002132875417,7.528944842861735,0.25825604796409607,1.6487579345703125,0.026053398847579956,1.4927497959373341,0.13936081528663635,7.984786545426509,0.09573380649089813
ppo,10,30031,3,828,60,239,1,1,0,1,0,-11.192671974034916,3.784389253050625,27.07851719094733,0.20501822233200073,1.0572445392608643,0.039039332419633865,2.2367889826532688,0.1514466404914856,8.677253321597204,0.11476264894008636
ppo,10,30031,3,829,61,301,1,1,0,1,0,12.701146572988911,1.1657220460244162,24.144827999021796,0.6658191680908203,1.2157769203186035,0.04398472607135773,2.520139166927836,0.22087261080741882,12.655068409300712,0.15442103147506714
ppo,10,30031,3,830,62,137,1,1,0,1,0,4.991392962418598,2.6382288688091253,-0.6648915949440612,0.6721118092536926,0.7311058640480042,0.03906438499689102,2.238224389596029,0.15429098904132843,8.840222488967354,0.11620987951755524
ppo,10,30031,3,831,63,142,1,1,0,1,0,49.679777079059605,29.781018139846278,-66.7175746806297,3.87337589263916,3.6178576946258545,0.2639526128768921,15.123370709296383,0.7165637612342834,41.05607927074447,0.6222344636917114
ppo,10,30031,3,832,64,61,1,1,0,1,0,2.879744357860776,1.6071571720823403,7.63320085035281,0.4281592071056366,4.640352725982666,0.05538704991340637,3.1734441997186167,0.07713641226291656,4.419590869446287,0.09395525604486465
ppo,10,30031,3,833,65,173,1,1,0,1,0,45.23324196711126,38.05874296103817,-68.50970703581432,5.387703895568848,4.286156177520752,0.31342455744743347,17.957904337493552,0.3883829414844513,22.252703381935476,0.5076160430908203
ppo,10,30031,3,834,66,71,1,1,0,1,0,-0.9371702560174495,-0.22027360073291122,-2.3779576802966194,0.3002738058567047,3.6553966999053955,0.05297131463885307,3.0350327640658357,0.300407737493515,17.21209549145235,0.20317518711090088
ppo,10,30031,3,835,67,56,1,1,0,1,0,-0.4084043312317424,0.6034062320356065,-18.825982107414447,0.5393959879875183,3.2174041271209717,0.021210767328739166,1.2152874481707294,0.09322904050350189,5.341630548904866,0.06782528758049011
ppo,10,30031,3,836,68,71,1,1,0,1,0,-4.405431033523204,-1.114755174437781,-3.5802348987589436,0.17469030618667603,3.3376381397247314,0.0225194301456213,1.2902683043837773,0.11055012792348862,6.334055754647249,0.07779449224472046
ppo,10,30031,3,837,69,82,1,1,0,1,0,5.274135473300446,2.24440016126619,-3.587338295495757,0.16379308700561523,1.7843754291534424,0.03247229754924774,1.860525600664902,0.18355703353881836,10.517043321715594,0.12425081431865692
ppo,10,30031,3,838,70,88,1,1,0,1,0,9.448378263797059,-2.8013747673240497,-7.3107749403931885,0.44059842824935913,2.7522242069244385,0.03004484996199608,1.721443098926167,0.2697065472602844,15.453046865059974,0.1648981273174286
ppo,10,30031,3,839,71,73,1,1,0,1,0,5.756210224919946,0.1238449900306712,0.9477843699876494,0.7210198044776917,1.949914813041687,0.03980593383312225,2.2807120082149166,0.14932453632354736,8.555665709087222,0.11446820199489594
ppo,10,30031,3,840,72,270,1,1,0,1,0,-12.682254269744655,9.096104427164482,40.22958198494332,0.9544108510017395,0.7658993005752563,0.06061862036585808,3.473191106869446,0.2123880535364151,12.168939086635165,0.16681264340877533
ppo,10,30031,3,841,73,135,1,1,0,1,0,-18.193725156324707,2.7395205742004145,-66.88734586263953,1.384556770324707,1.8088278770446777,0.09329918771982193,5.345649688344595,0.28465402126312256,16.30947403980412,0.2356261909008026
ppo,10,30031,3,842,74,121,1,1,0,1,0,-3.5066874217762463,6.9183805725759555,-22.66361951523449,1.4680538177490234,2.634565830230713,0.04508952796459198,2.5834396526082215,0.1270005702972412,7.276596673786444,0.10858981311321259
ppo,10,30031,3,843,75,112,1,1,0,1,0,5.344909893480118,-3.5607825200027476,48.27406950635762,0.6791650056838989,1.78104567527771,0.02869451232254505,1.644074451267965,0.2986396849155426,17.110793540777305,0.1780143529176712
ppo,10,30031,3,844,76,240,1,1,0,1,0,-35.5032276830779,58.87955011744654,68.97025303116993,1.687109351158142,1.4970989227294922,0.5864262580871582,33.59974958404373,0.5695629715919495,32.633554439148305,0.8712077140808105
ppo,10,30031,3,845,77,85,1,1,0,1,0,1.5568869797910465,0.7900070001603549,-5.12620723625631,0.3725920021533966,2.345649242401123,0.035327911376953125,2.024140220911619,0.12369608879089355,7.087263829993691,0.0971759557723999
ppo,10,30031,3,846,78,83,1,1,0,1,0,5.0401331923358095,-3.611544485914282,-43.53050312778377,0.4322539269924164,2.5762171745300293,0.07487092167139053,4.289787820025249,0.2960642874240875,16.96323413394835,0.2229030728340149
ppo,10,30031,3,847,79,159,1,1,0,1,0,0.5369484914113825,6.564590433947635,6.590012398038422,0.6418152451515198,0.3656458556652069,0.04980147257447243,2.8534141920537883,0.10221277177333832,5.856360434946197,0.10090786218643188
ppo,10,30031,3,848,80,55,1,1,0,1,0,-4.817482685771734,7.754108859040376,-34.834579484090334,0.2917371392250061,4.0784010887146,0.038087859749794006,2.1822736143494,0.16130498051643372,9.242094598031626,0.11874035000801086
ppo,10,30031,3,849,81,105,1,1,0,1,0,-15.838184156884068,17.35467739792366,51.897484861049385,1.3255736827850342,3.236532211303711,0.10642480850219727,6.097692362663904,0.3169918656349182,18.16229604085889,0.26492074131965637
ppo,10,30031,3,850,82,179,1,1,0,1,0,-123.77812247869677,62.041408608785524,-34.01878168962401,4.8434529304504395,3.3474345207214355,0.38010671734809875,21.77851066861817,0.6238549947738647,35.74425822869848,0.6920342445373535
ppo,10,30031,3,851,83,184,1,1,0,1,0,-25.386679333535174,22.479983049209526,70.28500980488403,0.6715802550315857,0.2778201103210449,0.17783541977405548,10.189219000990724,0.5526147484779358,31.662492784469254,0.45414280891418457
ppo,10,30031,3,852,84,191,1,1,0,1,0,5.182720221448996,-0.2697788118371636,29.919192866755633,0.5143095254898071,1.2549786567687988,0.021354179829359055,1.2235043791856663,0.159581258893013,9.14333262395418,0.10114480555057526
ppo,10,30031,3,853,85,426,1,1,0,1,0,-14.972170811639812,3.815534915665883,48.404034345884625,1.4991989135742188,0.5113723874092102,0.07062933593988419,4.046762859167026,0.2435711771249771,13.95560046029461,0.19241492450237274
ppo,10,30031,3,854,86,175,1,1,0,1,0,9.763577833614807,12.86181994302429,49.75433542403946,0.16577260196208954,1.770560622215271,0.07367413491010666,4.221216989626552,0.22968681156635284,13.160084912568639,0.18851754069328308
ppo,10,30031,3,855,87,174,1,1,0,1,0,13.184423437902334,1.18910861374254,52.137251821673516,0.8746688961982727,0.7081407904624939,0.052217766642570496,2.991857644218304,0.31300145387649536,17.933662288581885,0.20871849358081818
ppo,10,30031,3,856,88,185,1,1,0,1,0,9.736721529798317,6.401977290187972,-27.127284741621224,0.3954908549785614,0.8653269410133362,0.036295562982559204,2.079582573951905,0.27414971590042114,15.707621675804688,0.17337042093276978
ppo,10,30031,3,857,89,99,1,1,0,1,0,14.145294450339728,10.915161388057298,-63.05965321025102,0.35387730598449707,1.4756273031234741,0.09868912398815155,5.654470288364375,0.463337242603302,26.547268492398324,0.33035773038864136
ppo,10,30031,3,858,90,106,1,1,0,1,0,6.335150719348567,4.819367817982657,-11.160214915099015,0.24473735690116882,1.5998773574829102,0.03172942250967026,1.8179619961914983,0.1666468232870102,9.548159643608129,0.11505283415317535
ppo,10,30031,3,859,91,146,1,1,0,1,0,-37.75658905253515,28.84969452575836,61.55209385664581,0.700956404209137,2.6856062412261963,0.2711021602153778,15.533009597220605,0.7383719682693481,42.30559749260119,0.6402881145477295
ppo,10,30031,3,860,92,104,1,1,0,1,0,-3.521495271896834,0.6068349869989529,17.229398068167285,0.5731950402259827,3.116250514984131,0.03207945078611374,1.8380171391419482,0.09540831297636032,5.466493664008692,0.0797836035490036
ppo,10,30031,3,861,93,118,1,1,0,1,0,-2.1084657364045962,-0.9873858067953833,-6.334221813621445,0.5874661207199097,2.0195353031158447,0.019692618399858475,1.128303921873559,0.1123778223991394,6.438774934341415,0.07588152587413788
ppo,10,30031,3,862,94,185,1,1,0,1,0,-44.95992511728404,30.611692086324886,63.9486433118632,10.959037780761719,10.228702545166016,0.28420311212539673,16.283638849268545,0.8165013194084167,46.78207956896545,0.6924537420272827
ppo,10,30031,3,863,95,170,1,1,0,1,0,3.55139784008315,9.66867918528665,35.86260491644729,0.7174164652824402,1.2368481159210205,0.07544950395822525,4.322938143161906,0.1643933206796646,9.4190434550855,0.15764616429805756
ppo,10,30031,3,864,96,134,1,1,0,1,0,5.540075718824062,-1.6517173262275036,14.37205673078415,0.5098203420639038,2.228419780731201,0.015067302621901035,0.863292848881329,0.3907020390033722,22.385577882048903,0.21041832864284515
ppo,10,30031,3,865,97,136,1,1,0,1,0,-24.949875075734518,-1.7161396704790637,48.16697214017182,0.897590696811676,1.9191197156906128,0.08641796559095383,4.951384702468426,0.3339090645313263,19.13158013880645,0.2533724904060364
ppo,10,30031,3,866,98,143,1,1,0,1,0,7.7447514998774585,6.893600646267149,49.26911878540176,0.8306886553764343,2.188005208969116,0.0646604374051094,3.7047701647826092,0.2300914078950882,13.183266574611663,0.1797061413526535
ppo,10,30031,3,867,99,90,1,1,0,1,0,8.497889138898085,-0.29485926646945043,23.095943168939616,0.6246617436408997,2.660259962081909,0.04272951930761337,2.44822111694901,0.2703242897987366,15.48844090533898,0.17789167165756226
ppo,10,30031,3,868,100,92,1,1,0,1,0,6.713871048447434,2.4369705147255294,34.48705945912008,0.8221818208694458,2.3973071575164795,0.054984625428915024,3.1503869751845346,0.1996666043996811,11.44005374180996,0.15481792390346527
ppo,10,30031,3,869,101,220,1,1,0,1,0,-5.904739518611043,9.751037606298663,72.78283730511437,4.776218414306641,2.8334007263183594,0.11389376223087311,6.5256318886955285,0.30153021216392517,17.27640855267719,0.2646588683128357
ppo,10,30031,3,870,102,137,1,1,0,1,0,26.379283404856448,21.513675206192804,-73.7060056733333,8.668937683105469,9.116840362548828,0.15606020390987396,8.941591033986807,0.43184325098991394,24.74279569293078,0.37198182940483093
ppo,10,30031,3,871,103,76,1,1,0,1,0,-6.573114510031811,-0.03383675714824317,-12.580238564301345,0.5615810751914978,1.738899827003479,0.021786373108625412,1.2482672300215476,0.10828100144863129,6.204044384456526,0.07592687010765076
ppo,10,30031,3,872,104,115,1,1,0,1,0,-5.65136682116025,-0.21874363835882837,-17.582887678472126,0.8965702056884766,0.6962507963180542,0.032740261405706406,1.875878798702033,0.22471702098846436,12.875336887391747,0.14509877562522888
ppo,10,30031,3,873,105,283,1,1,0,1,0,-5.3558655169088185,4.234498719354465,-40.548169328589395,3.3603286743164062,3.050976514816284,0.03215775638818741,1.8425037196530003,0.07119083404541016,4.078934330818255,0.06775317341089249
ppo,10,30031,3,874,106,145,1,1,0,1,0,3.8582782394918227,12.535009051617521,46.70943709204778,0.28526782989501953,1.8834280967712402,0.07235182076692581,4.1454539700318325,0.19886274635791779,11.393996068689273,0.1717831939458847
ppo,10,30031,3,875,107,216,1,1,0,1,0,-50.586525672513815,56.21962856783345,53.03659649006743,1.9070241451263428,1.7561912536621094,0.5021528601646423,28.771239557857008,0.38656678795814514,22.14864544993033,0.6954362392425537
ppo,10,30031,3,876,108,113,1,1,0,1,0,0.4576636555258744,7.053645638898888,30.11002835216579,0.2302081137895584,1.144527792930603,0.05163086950778961,2.958230915387039,0.10966695100069046,6.283453444407564,0.10646434128284454
ppo,10,30031,3,877,109,347,1,1,0,1,0,7.792234974987387,2.298877750086212,10.062207364506104,0.7840786576271057,0.7478588223457336,0.050764959305524826,2.908617915359947,0.20389465987682343,11.682303476197388,0.15271228551864624
ppo,10,30031,3,878,110,252,1,1,0,1,0,-18.86472294038676,28.66202824812309,65.94087288897252,1.0077669620513916,0.7563304901123047,0.191058948636055,10.946871395052728,0.8368651270866394,47.94883980374371,0.6094915270805359
ppo,10,30031,3,879,111,62,1,1,0,1,0,-2.2646858231011278,2.7471977068275084,-23.772186538284238,0.5181459188461304,2.757469892501831,0.03800521045923233,2.177538158820466,0.06937898695468903,3.975123139396877,0.07269470393657684
ppo,10,30031,3,880,112,141,1,1,0,1,0,41.02207517396156,23.957858400681864,-67.61222017887464,1.6730709075927734,2.6015307903289795,0.18761080503463745,10.749307319536463,0.5714942216873169,32.7442069187971,0.4733579158782959
ppo,10,30031,3,881,113,113,1,1,0,1,0,3.509856629551132,0.6173124971857524,-21.547894453934568,2.0026960372924805,3.2265000343322754,0.03816789388656616,2.1868592326034175,0.15580765902996063,8.927121278230134,0.11607172340154648
ppo,10,30031,3,882,114,154,1,1,0,1,0,-12.311129111002844,77.04645995108977,73.16382525701769,3.852015256881714,3.5190131664276123,1.622107982635498,92.93994131949427,0.7230038046836853,41.42506658027607,1.983609914779663
ppo,10,30031,3,883,115,195,1,1,0,1,0,-4.63334078574819,16.250522677077736,61.5275871379038,0.5066730380058289,0.6978576183319092,0.07109759002923965,4.073591842226835,0.3584470748901367,20.53750457001458,0.2503211200237274
ppo,10,30031,3,884,116,172,1,1,0,1,0,-34.039709389240926,9.112442239659151,61.92985795926087,0.43924281001091003,0.6876507997512817,0.13861477375030518,7.942041514053277,0.48200523853302,27.616865871138568,0.3796173930168152
ppo,10,30031,3,885,117,135,1,1,0,1,0,17.33381800019844,15.548461192670466,-58.41823914090388,0.8700014352798462,2.306807279586792,0.07937996089458466,4.54813673717322,0.3253140449523926,18.639121792101236,0.24203698337078094
ppo,10,30031,3,886,118,96,1,1,0,1,0,-12.575047620532136,5.38885533059998,30.590750726329627,0.5981202721595764,2.500617027282715,0.04490887001156807,2.573088714364479,0.15900444984436035,9.110283899881427,0.12441109120845795
ppo,10,30031,3,887,119,156,1,1,0,1,0,8.771369913265396,-2.942896286926714,-75.26017423783468,6.545625686645508,6.714231967926025,0.12100602686405182,6.933134634956829,0.54181307554245,31.043602513585228,0.391912579536438
ppo,10,30031,3,888,120,69,1,1,0,1,0,-3.3593192602440514,-2.419649154990377,-5.6949707488216115,0.1677033007144928,3.4209108352661133,0.009662279859185219,0.5536078564055724,0.10699163377285004,6.130169058393668,0.06315809488296509
ppo,10,30031,3,889,121,128,1,1,0,1,0,6.491165900369998,-1.8908285886913099,18.264417614234336,0.8541700839996338,0.833734393119812,0.011978589929640293,0.6863226474862986,0.2322777956724167,13.308537366631574,0.12811748683452606
ppo,10,30031,3,890,122,92,1,1,0,1,0,-1.5772955850310446,-1.1454637049461585,-18.503651820103205,0.7490706443786621,1.6225231885910034,0.03075764887034893,1.762283468016318,0.11138901859521866,6.382120649610275,0.08645215630531311
ppo,10,30031,3,891,123,99,1,1,0,1,0,-14.002557157064802,9.069234462969652,36.37683619867921,0.839184582233429,3.79364275932312,0.05774209648370743,3.308378428753627,0.019834881648421288,1.136455005596029,0.06765953451395035
ppo,10,30031,3,892,124,64,1,1,0,1,0,6.010662092259601,-0.843623985144955,5.566576852803712,0.06626152247190475,3.2061734199523926,0.02484445832669735,1.4234826064084136,0.19111938774585724,10.950334300961924,0.12040415406227112
ppo,10,30031,3,893,125,262,1,1,0,1,0,-29.359062713301228,13.840736315248858,75.67438422986093,7.5684919357299805,6.36238431930542,0.2589166462421417,14.834831075356487,0.8499538898468018,48.69877066894902,0.6838935613632202
ppo,10,30031,3,894,126,83,1,1,0,1,0,2.0952834713064714,16.169339048602964,-40.53319755392873,0.8953816294670105,2.3667168617248535,0.059657178819179535,3.4181045639962355,0.13710010051727295,7.855257130459095,0.1282072365283966
ppo,10,30031,3,895,127,141,1,1,0,1,0,7.613106433814632,-1.0382570557336384,6.228244598459527,0.4548095464706421,1.4778226613998413,0.04413095861673355,2.528517674605326,0.17288579046726227,9.90562613155721,0.13057385385036469
ppo,10,30031,3,896,128,127,1,1,0,1,0,-4.152058336072411,0.23047790335291027,-1.0167829409831182,0.7074283957481384,2.4003281593322754,0.009893545880913734,0.5668584233953972,0.27415382862091064,15.707857317331055,0.1469704657793045
ppo,10,30031,3,897,129,151,1,1,0,1,0,2.2024627997623116,-6.330232983146158,-49.97159008115923,0.30712080001831055,1.0068169832229614,0.07599253207445145,4.354051362378606,0.3580408990383148,20.514232407965054,0.25501298904418945
ppo,10,30031,3,898,130,101,1,1,0,1,0,-1.488065993713998,-5.762179810254537,-27.782217920755404,0.2393474280834198,3.4737515449523926,0.016862401738762856,0.9661444520851725,0.17450125515460968,9.998185440094636,0.10411302745342255
ppo,10,30031,3,899,131,220,1,1,0,1,0,39.84153161743822,12.042975884188143,-73.15603884136387,1.6443949937820435,1.9159213304519653,0.18449589610099792,10.570836184071322,0.6376704573631287,36.53582592708418,0.5033311247825623
ppo,10,30031,3,900,132,198,1,1,0,1,0,19.85686255884447,12.617722642466376,-48.305078565189476,0.21856607496738434,0.21399196982383728,0.09005308896303177,5.159661929697855,0.5468736886978149,31.333554289136025,0.36348992586135864
ppo,10,30031,3,901,133,106,1,1,0,1,0,-2.2474191048793357,14.001546289067639,43.07831728397224,0.9235997796058655,3.7386348247528076,0.08201761543750763,4.699263210296214,0.1704424023628235,9.765630305460396,0.16723881661891937
ppo,10,30031,3,902,134,147,1,1,0,1,0,-6.197344822654389,0.17244861616448193,-28.536216163611453,0.5173929333686829,1.0261950492858887,0.0221405066549778,1.2685575876115398,0.06627383828163147,3.7972112256700314,0.05527742579579353
ppo,10,30031,3,903,135,85,1,1,0,1,0,-10.471458639194928,2.280832390299038,12.414647458063556,0.24984011054039001,4.2349019050598145,0.026908373460173607,1.541736232829783,0.13695558905601501,7.846977233637746,0.09538616985082626
ppo,10,30031,3,904,136,258,1,1,0,1,0,-8.178700738605048,5.166983465601286,8.747874062520552,0.6939054131507874,0.784846842288971,0.0034270475152879953,0.1963553588167976,0.0981062650680542,5.621074932191243,0.05248017981648445
ppo,10,30031,3,905,137,134,1,1,0,1,0,6.788743582129114,1.0474778111131555,-3.2017877772268775,0.40662920475006104,1.4503324031829834,0.032369449734687805,1.8546328549584736,0.1709088683128357,9.792356835682655,0.11782388389110565
ppo,10,30031,3,906,138,164,1,1,0,1,0,-10.810454588081,12.451530479581626,44.31149427823971,0.531677782535553,1.1230831146240234,0.07117405533790588,4.077972981692575,0.08015991747379303,4.592824957365321,0.1112540140748024
ppo,10,30031,3,907,139,66,1,1,0,1,0,4.932393788368028,2.9751621005658544,-4.359750728354159,1.6056311130523682,3.1691126823425293,0.021237682551145554,1.2168295768192714,0.15531234443187714,8.89874184222873,0.09889385104179382
ppo,10,30031,3,908,140,180,1,1,0,1,0,-8.97783287149654,6.049826396960454,-34.88938492199051,0.9570595622062683,0.43927687406539917,0.04504853114485741,2.581090707863972,0.06749197095632553,3.8670050868169836,0.07879451662302017
ppo,10,30031,3,909,141,171,1,1,0,1,0,-31.52477909532887,29.98028207869223,66.48534824884926,3.8263766765594482,4.939114093780518,0.2501547038555145,14.332808756265965,0.7122891545295715,40.81116234748615,0.6062992811203003
ppo,10,30031,3,910,142,127,1,1,0,1,0,6.605995040696253,0.6381309137759513,-2.3422221305591124,0.17192517220973969,2.4920084476470947,0.029986871406435966,1.718121172390308,0.1712988018989563,9.814698384457767,0.11563627421855927
ppo,10,30031,3,911,143,263,1,1,0,1,0,-15.140958446409165,12.189073630534715,46.937210240489364,0.5736637711524963,0.42623835802078247,0.06982952356338501,4.000936985591294,0.3061206042766571,17.539418647046872,0.22288982570171356
ppo,10,30031,3,912,144,150,1,1,0,1,0,-8.927453396178526,8.11464722456867,26.13489923635339,0.4841255247592926,0.7876754999160767,0.056523244827985764,3.238543373028243,0.03464978188276291,1.985286262931178,0.07384813576936722
ppo,10,30031,3,913,145,223,1,1,0,1,0,-119.80814332551856,53.50793418431167,-29.34398165561384,4.740938663482666,4.515814304351807,0.37247684597969055,21.341351240980675,0.6542506217956543,37.48579937270082,0.6996021270751953
ppo,10,30031,3,914,146,125,1,1,0,1,0,2.0659682993887767,0.686720879531422,19.19736681334472,0.3706406056880951,1.3854132890701294,0.03236610069870949,1.8544409693314785,0.14680258929729462,8.411168788327371,0.1057673990726471
ppo,10,30031,3,915,147,89,1,1,0,1,0,-0.619265931288376,-0.0077181137621144084,15.987642356302286,0.5179590582847595,2.5624747276306152,0.032021597027778625,1.8347023629603765,0.12886619567871094,7.383489134297144,0.0964546948671341
ppo,10,30031,3,916,148,141,1,1,0,1,0,-18.47556608223611,-4.4978844741284965,66.9603742452453,2.9076693058013916,3.0452980995178223,0.12538667023181915,7.184127011481873,0.4225650131702423,24.21119182454493,0.3366691768169403
ppo,10,30031,3,917,149,98,1,1,0,1,0,-29.95820690729475,3.582584483833428,57.24339196214832,0.3377266228199005,1.8358863592147827,0.12055821716785431,6.9074770293396766,0.6852834224700928,39.26384787781688,0.4631999135017395
ppo,10,30031,3,918,150,229,1,1,0,1,0,1.1868819720731156,3.8247693314237403,1.6154353613563959,0.27128714323043823,0.35898357629776,0.026098182424902916,1.4953157059094375,0.1268737018108368,7.269327644962258,0.08953503519296646
ppo,10,30031,3,919,151,76,1,1,0,1,0,9.290546252456403,0.23310069599419517,-20.045252836531763,0.07574198395013809,2.533284902572632,0.016700174659490585,0.9568495251201372,0.267203152179718,15.309612892489707,0.1503017544746399
ppo,10,30031,3,920,152,321,1,1,0,1,0,-44.60945445059234,24.059177426829834,72.96121452547843,1.8086744546890259,1.2220499515533447,0.2740365266799927,15.701136411187761,0.8197176456451416,46.966361487866976,0.6838953495025635
ppo,10,30031,3,921,153,120,1,1,0,1,0,-21.149885670619582,-8.683315114485591,69.00913046792564,3.8870081901550293,3.6222951412200928,0.15353991091251373,8.79718888210169,0.4459875524044037,25.55320446814196,0.3765336871147156
ppo,10,30031,3,922,154,150,1,1,0,1,0,1.8726329647423958,8.502779554343814,40.17957133984049,0.0686621144413948,0.864379346370697,0.06597116589546204,3.779869375367369,0.16599182784557343,9.510631169213493,0.14896708726882935
ppo,10,30031,3,923,155,100,1,1,0,1,0,1.4712090868424066,11.687751405834119,42.12291042287086,0.46625420451164246,2.8653087615966797,0.07692258059978485,4.407339217622576,0.16508595645427704,9.458728561710567,0.15946555137634277
ppo,10,30031,3,924,156,176,1,1,0,1,0,-13.07567316593739,4.83657989469109,-61.131244920746305,2.317438840866089,1.3178186416625977,0.06822410225868225,3.90895312049144,0.15625233948230743,8.952599591381574,0.14635026454925537
ppo,10,30031,3,925,157,226,1,1,0,1,0,8.852731126658586,3.121792601667688,5.768122074832449,0.5891828536987305,0.34949687123298645,0.007993062026798725,0.45796871952185064,0.32924357056617737,18.86426702525966,0.17261484265327454
ppo,10,30031,3,926,158,55,1,1,0,1,0,5.857611213337956,-0.3990059909338049,16.708199992981953,0.3499123156070709,3.82145619392395,0.042253732681274414,2.4209605513110195,0.16926637291908264,9.698248781750928,0.12688691914081573
ppo,10,30031,3,927,159,131,1,1,0,1,0,-4.978401942617234,1.9890876900911134,14.274699214354788,0.389374703168869,1.5610898733139038,0.008941578678786755,0.5123147204786438,0.09628503769636154,5.516726290259551,0.0570840984582901
ppo,10,30031,3,928,160,141,1,1,0,1,0,21.096132081851582,12.38984021099807,-76.43376466178294,8.850964546203613,8.667997360229492,0.12203887104988098,6.992312247699466,0.49320146441459656,28.25836236062804,0.36863958835601807
ppo,10,30031,3,929,161,125,1,1,0,1,0,-5.111836518242603,0.43497376710309205,13.574891692373622,0.6152657866477966,2.008793830871582,0.012167075648903847,0.6971220836985879,0.2970407009124756,17.019178505892633,0.1606874316930771
ppo,10,30031,3,930,162,133,1,1,0,1,0,53.52424467604966,25.451415866488553,-68.147761651317,4.407193660736084,3.9513959884643555,0.25680577754974365,14.713887208175779,0.7115349173545837,40.76794774060748,0.6125732660293579
ppo,10,30031,3,931,163,76,1,1,0,1,0,8.787776027651766,3.6824281891206745,19.81973365051628,10.332921981811523,9.917903900146484,0.014532942324876785,0.8326762591224823,0.14130309224128723,8.096070817573526,0.0851844847202301
ppo,10,30031,3,932,164,127,1,1,0,1,0,5.463222430283079,0.5037810928018005,-6.108989495551104,0.1804371476173401,0.912908673286438,0.03786347433924675,2.1694172773407323,0.15569859743118286,8.920872508913218,0.11571277678012848
ppo,10,30031,3,933,165,130,1,1,0,1,0,-3.4218837930413684,-0.36288795060277745,-13.20413536384699,0.5967215895652771,2.0497288703918457,0.013869975693523884,0.7946910691879555,0.10123824328184128,5.800524065368165,0.06448909640312195
ppo,10,30031,3,934,166,124,1,1,0,1,0,-22.74940669120985,26.191261957384334,70.32252120380574,1.0851997137069702,1.1277459859848022,0.18682143092155457,10.70407951439993,0.8903937339782715,51.01580306184912,0.6320183277130127
ppo,10,30031,3,935,167,162,1,1,0,1,0,-28.49714748155898,12.067455282173468,69.82211422445393,0.6230444312095642,1.1507350206375122,0.1935112476348877,11.087377777789998,0.7503809928894043,42.993663919399104,0.5687017440795898
ppo,10,30031,3,936,168,171,1,1,0,1,0,-34.16380026608172,23.517980557754704,73.12134148038021,4.814929485321045,4.083603382110596,0.21614199876785278,12.384024304919803,0.6719798445701599,38.50160901172721,0.5521318912506104
ppo,10,30031,3,937,169,132,1,1,0,1,0,-5.291825663250779,-0.0780963829699258,-20.7729685114616,1.7839559316635132,1.3560540676116943,0.019315479323267937,1.1066954444954602,0.31829652190208435,18.237047338682803,0.17846374213695526
ppo,10,30031,3,938,170,99,1,1,0,1,0,2.685821626945774,3.490008099823075,15.762300755205226,0.24206286668777466,2.08575701713562,0.04244288057088852,2.4317979270897143,0.13199526071548462,7.562771354726223,0.10844051092863083
ppo,10,30031,3,939,171,188,1,1,0,1,0,1.8947217965182173,3.886254694332195,10.058573703867658,0.2087489515542984,1.188749074935913,0.05792694538831711,3.3189694908353777,0.10549017786979675,6.044141972023711,0.11067203432321548
ppo,10,30031,3,940,172,97,1,1,0,1,0,1.2267566164476502,7.723823800260539,41.48742962249287,0.3530799150466919,3.31613826751709,0.05893087014555931,3.3764901423740517,0.15510964393615723,8.887127959318772,0.13648569583892822
ppo,10,30031,3,941,173,98,1,1,0,1,0,-0.7495312991388593,2.823367976451491,33.043266751606104,0.2449626922607422,1.7886648178100586,0.03666309639811516,2.100640687493289,0.11831123381853104,6.778734366787283,0.09581871330738068
ppo,10,30031,3,942,174,121,1,1,0,1,0,-4.614598746665675,0.5347491704986383,15.460925488267584,0.6070080399513245,2.8359274864196777,0.019367652013897896,1.1096847194743986,0.10719820857048035,6.142004922451654,0.07296675443649292
ppo,10,30031,3,943,175,222,1,1,0,1,0,-8.145150849401945,6.271588978932428,-5.081291912274306,0.8845130801200867,0.7526045441627502,0.03203106299042702,1.8352447226691577,0.240370973944664,13.772242324478324,0.15221655368804932
ppo,10,30031,3,944,176,108,1,1,0,1,0,-15.011075569152203,2.717868874531474,65.72380947714952,8.639002799987793,8.128973007202148,0.11188773065805435,6.410694746003023,0.3433190584182739,19.670733073772453,0.2835472524166107
ppo,10,30031,3,945,177,204,1,1,0,1,0,10.167638164534422,-0.2140991097232197,-1.9336128936522698,1.6554248332977295,0.7428663969039917,0.015086165629327297,0.8643736195957776,0.15598562359809875,8.937317896887317,0.09307897835969925
ppo,10,30031,3,946,178,99,1,1,0,1,0,2.077757205896219,-0.07230438255375499,-34.12954003720493,2.5194740295410156,1.2323007583618164,0.030206210911273956,1.730688400298014,0.14022603631019592,8.034360058422461,0.10031922906637192
ppo,10,30031,3,947,179,90,1,1,0,1,0,0.7273058635796378,-0.5813993625298254,6.767651957972114,0.7037208676338196,2.1508285999298096,0.024788573384284973,1.4202806350698527,0.1291334629058838,7.398802418416312,0.08935530483722687
ppo,10,30031,3,948,180,237,1,1,0,1,0,10.149223974532067,6.34790951271815,-25.56869021453767,0.24247056245803833,1.296560287475586,0.02753753960132599,1.5777847973303467,0.31871315836906433,18.260918849832,0.18689411878585815
ppo,10,30031,3,949,181,100,1,1,0,1,0,8.03493891695462,-4.967200432378413,1.1828658208411482,0.23984122276306152,2.9920244216918945,0.014978330582380295,0.8581951265221193,0.17588557302951813,10.07750101183141,0.10292111337184906
ppo,10,30031,3,950,182,196,1,1,0,1,0,36.139323200481186,36.88640929189718,-65.57163286244163,6.32390022277832,6.330613613128662,0.2916697561740875,16.711446040385,0.827643871307373,47.42050076578113,0.7054916620254517
ppo,10,30031,3,951,183,200,1,1,0,1,0,-25.01052715556423,3.3528715616675595,41.18586311025847,0.25069060921669006,1.1672598123550415,0.07308737933635712,4.187598371644927,0.32520943880081177,18.633128301104552,0.235692098736763
ppo,10,30031,3,952,184,82,1,1,0,1,0,0.3351573825725257,-1.408344025721609,-39.32119414608831,0.9817988872528076,1.2553516626358032,0.03585343062877655,2.0542502560939737,0.1344064474105835,7.700922175973487,0.1030566543340683
ppo,10,30031,3,953,185,92,1,1,0,1,0,1.7192815574972697,-1.9832820292966025,25.435938657829304,0.484688937664032,3.976452112197876,0.03963680565357208,2.2710216773299607,0.19262151420116425,11.036399807145962,0.1359475553035736
ppo,10,30031,3,954,186,179,1,1,0,1,0,30.418561657353607,11.608329966165211,-59.23818969038557,0.4086140990257263,0.39154231548309326,0.1333961933851242,7.6430388840785675,0.4805826246738434,27.535356101130926,0.3736875057220459
ppo,10,30031,3,955,187,240,1,1,0,1,0,-11.787991262093227,6.9602359718097935,24.305556010570534,0.4217025935649872,0.7750665545463562,0.026170985773205757,1.4994870305016113,0.41457247734069824,23.753253253904965,0.23345722258090973
ppo,10,30031,3,956,188,111,1,1,0,1,0,-6.548034055399524,2.8546775636068293,-15.762942792987207,1.0648008584976196,1.135986089706421,0.027046602219343185,1.5496561573375303,0.13331736624240875,7.638522421489896,0.09370528161525726
ppo,10,30031,3,957,189,183,1,1,0,1,0,7.094695075810665,9.862410670904891,44.04809486308733,0.18521292507648468,0.987331748008728,0.07092011719942093,4.063423398099979,0.21136268973350525,12.110190068262945,0.17660146951675415
ppo,10,30031,3,958,190,105,1,1,0,1,0,0.6109877420143206,1.624164343115672,20.15677616529973,0.6862124800682068,2.1397593021392822,0.032843757420778275,1.8818086835620733,0.1259240359067917,7.214915796712998,0.09580577909946442
ppo,10,30031,3,959,191,150,1,1,0,1,0,-7.186957271119197,4.342975783752608,15.809142192533173,0.043356604874134064,2.651900053024292,0.02220788225531578,1.2724179251530663,0.10415903478860855,5.967873091543587,0.07428739964962006
ppo,10,30031,3,960,192,173,1,1,0,1,0,36.53979085189737,39.30657754126448,-67.85690487570118,4.112809181213379,4.21132755279541,0.2631206810474396,15.075704526626156,0.6023381948471069,34.511436404267855,0.5642898082733154
ppo,10,30031,3,961,193,139,1,1,0,1,0,-2.438500477099612,5.627829989280387,28.708760402424314,0.23924694955348969,1.9061046838760376,0.048256341367959976,2.764884695126668,0.10474112629890442,6.001224478373936,0.10062690079212189
ppo,10,30031,3,962,194,73,1,1,0,1,0,0.7009413333833886,13.713435249498161,43.51397406999234,1.2194722890853882,3.6417486667633057,0.09422063827514648,5.398444916194678,0.19202208518981934,11.0020550546782,0.19023168087005615
ppo,10,30031,3,963,195,234,1,1,0,1,0,-5.004629869030083,13.869600694681333,36.22367603673084,0.6052805781364441,1.0298519134521484,0.07513675838708878,4.305019141874378,0.10263574868440628,5.880595226781871,0.12645463645458221
ppo,10,30031,3,964,196,100,1,1,0,1,0,-12.082290453050735,1.3730865892260034,-52.68519691764862,0.3874460458755493,1.5530216693878174,0.05735800415277481,3.2863715592478457,0.1772017478942871,10.152912276683875,0.14595887064933777
ppo,10,30031,3,965,197,104,1,1,0,1,0,3.1252486773877144,7.452214497725812,35.62543342770777,0.5334550738334656,1.873023271560669,0.05129508674144745,2.9389919800424056,0.1492542177438736,8.55163675125056,0.12592220306396484
ppo,10,30031,3,966,198,57,1,1,0,1,0,14.300216801093956,-3.1704781900715386,-21.509645394582495,0.1886662393808365,3.4079437255859375,0.04164305329322815,2.385971199740337,0.19056159257888794,10.918374992061787,0.13692384958267212
ppo,10,30031,3,967,199,114,1,1,0,1,0,-20.217100396049283,10.01212841751157,-64.40596545793058,0.9612023234367371,3.117967367172241,0.10712887346744537,6.138032313675645,0.2381426841020584,13.644570720965154,0.22620022296905518
ppo,10,30031,3,968,200,87,1,1,0,1,0,-0.3686253095055882,-0.7288221655753806,9.864773916357716,0.5218480825424194,1.7765765190124512,0.03428077697753906,1.9641438392422268,0.12084794044494629,6.924076950343746,0.09470474720001221
ppo,10,30031,3,969,201,84,1,1,0,1,0,3.5959716546066534,1.8001100161352006,-17.929697363768692,0.6175064444541931,2.6687278747558594,0.04454163461923599,2.55204767629602,0.14624089002609253,8.378985790731917,0.11766207963228226
ppo,10,30031,3,970,202,97,1,1,0,1,0,4.0000046647695875,3.299063331386199,6.950769329620156,0.11515361070632935,1.1236473321914673,0.04804152995347977,2.7525769076857167,0.1372322142124176,7.862826687606761,0.11665763705968857
ppo,10,30031,3,971,203,126,1,1,0,1,0,-5.12637116079639,-10.037222532522199,56.904477975532295,2.7959418296813965,0.9712392687797546,0.06578770279884338,3.769357714234719,0.27713868021965027,15.87887671641171,0.20435704290866852
ppo,10,30031,3,972,204,100,1,1,0,1,0,3.9619058695792564,-1.4804161818435837,27.258451694442147,0.16114814579486847,2.0785508155822754,0.034962236881256104,2.0031886156326046,0.18812154233455658,10.778570411261736,0.129023015499115
ppo,10,30031,3,973,205,66,1,1,0,1,0,-1.1073239286208072,1.2735297518838975,17.19012448043971,0.7390773892402649,3.11076021194458,0.03816409409046173,2.1866415203236236,0.07851831614971161,4.498768129852367,0.07742325216531754
ppo,10,30031,3,974,206,125,1,1,0,1,0,-3.6974955864297225,-0.016023623792849915,1.5761890943855026,0.38756269216537476,1.4990758895874023,0.006784673314541578,0.3887331462982677,0.12366478890180588,7.085470478449739,0.0686170682311058
ppo,10,30031,3,975,207,152,1,1,0,1,0,-32.621871400573,40.558510234992795,70.50852091528353,0.7875953316688538,0.5810632109642029,0.3041516840457916,17.426607827620355,0.725067675113678,41.5433176453765,0.6666855216026306
ppo,10,30031,3,976,208,120,1,1,0,1,0,13.47196074158153,5.3778723864146,-24.35089480628108,0.29109781980514526,0.5205563306808472,0.03860301151871681,2.2117896365173757,0.6343575716018677,36.34601155495494,0.35578179359436035
ppo,10,30031,3,977,209,182,1,1,0,1,0,14.126989543364093,2.5244652379933927,-81.6423029982946,3.914876937866211,2.4290339946746826,0.1431557685136795,8.202221348785633,0.6852825284004211,39.2637966513981,0.48579704761505127
ppo,10,30031,3,978,210,158,1,1,0,1,0,-4.696178526112307,0.20106710878683537,-0.24185699851015152,1.0116394758224487,1.336457371711731,0.010600374080240726,0.6073566960576655,0.2979350686073303,17.070422000140653,0.1595679074525833
ppo,10,30031,3,979,211,137,1,1,0,1,0,17.440205026710558,12.97373942276412,-63.942441500096834,1.470834493637085,2.620284080505371,0.10086587071418762,5.779188688835162,0.5350509881973267,30.65616344801084,0.36839136481285095
ppo,10,30031,3,980,212,67,1,1,0,1,0,-1.9317004406846663,-5.7329466006068825,-24.894960354807615,1.348676085472107,3.996819257736206,0.01416576374322176,0.8116384760660497,0.17403852939605713,9.971673207057586,0.10118503123521805
ppo,10,30031,3,981,213,69,1,1,0,1,0,-4.865731142068704,-3.9373718300805707,-18.162033078575845,0.4125005602836609,2.763244152069092,0.009915017522871494,0.5680886578587928,0.1162167564034462,6.658729650617452,0.06802339851856232
ppo,10,30031,3,982,214,126,1,1,0,1,0,1.2391465796020533,0.7364856378241349,3.1365458102749155,0.4584699869155884,2.0517001152038574,0.03299228847026825,1.8903188858244977,0.11219244450330734,6.428153563295222,0.08908851444721222
ppo,10,30031,3,983,215,94,1,1,0,1,0,-5.289093587582774,0.9868803727968024,3.830411067678171,0.2512979805469513,2.837566375732422,0.00850199069827795,0.48712818447081024,0.19064635038375854,10.923231256561667,0.1038251668214798
ppo,10,30031,3,984,216,110,1,1,0,1,0,-8.011825556803297,3.5383248580117455,16.41372321710602,0.4822528660297394,1.3074238300323486,0.024273693561553955,1.3907801942709215,0.12207312136888504,6.994274646425375,0.08531025052070618
ppo,10,30031,3,985,217,160,1,1,0,1,0,-23.54711814475398,9.293332969637769,69.38156702298811,0.9846200942993164,0.8304593563079834,0.1472783088684082,8.438425511983953,0.5665348768234253,32.460057388946225,0.43054574728012085
ppo,10,30031,3,986,218,114,1,1,0,1,0,1.7123967268138969,2.2751223521529074,9.085353709410882,0.3591993749141693,1.3015726804733276,0.042733125388622284,2.4484277301714026,0.11374407261610031,6.517055305532108,0.09960515797138214
ppo,10,30031,3,987,219,138,1,1,0,1,0,-0.710845107679907,-0.28382168077070985,2.4866533107482023,0.13552020490169525,2.137207508087158,0.023739371448755264,1.3601657923070434,0.11477083712816238,6.5758845786270745,0.08112479001283646
ppo,10,30031,3,988,220,204,1,1,0,1,0,-3.91567914927661,1.8444242834702433,3.702372341497112,0.9011353850364685,0.4437464773654938,0.008884720504283905,0.5090569870488122,0.105121910572052,6.023041810130249,0.061445675790309906
ppo,10,30031,3,989,221,95,1,1,0,1,0,-6.556885980563861,0.5657445689521562,-19.066732615279054,0.6218045949935913,1.3800734281539917,0.01245888788253069,0.7138416930956915,0.08058640360832214,4.6172608128946875,0.052752088755369186
ppo,10,30031,3,990,222,162,1,1,0,1,0,11.776899034881126,2.3367169980880824,-29.062359295755876,1.0264174938201904,0.8318926692008972,0.06876125186681747,3.9397295260046943,0.22566881775856018,12.92987082527242,0.18159565329551697
ppo,10,30031,3,991,223,178,1,1,0,1,0,3.2784361600927605,1.4915357298123644,13.242056574118902,1.2518980503082275,0.7316682934761047,0.02692730724811554,1.5428210589690514,0.09806708246469498,5.618829934388425,0.07596084475517273
ppo,10,30031,3,992,224,271,1,1,0,1,0,9.70022099887377,5.671256332023328,-31.99021550613022,0.7916985750198364,0.43578097224235535,0.027567297220230103,1.5794897833019113,0.5540040731430054,31.742095224151168,0.3045693337917328
ppo,10,30031,3,993,225,112,1,1,0,1,0,1.453273010081953,1.0393908671358605,-1.630571060557144,0.22360959649085999,2.045288324356079,0.03899359330534935,2.2341683244460993,0.10748165845870972,6.158245404750652,0.0927344262599945
ppo,10,30031,3,994,226,119,1,1,0,1,0,6.523540997035859,3.4198893778037243,22.435368253551005,0.3936418890953064,1.8808432817459106,0.037383683025836945,2.141927260035312,0.1667999029159546,9.556930460276071,0.12078363448381424
ppo,10,30031,3,995,227,153,1,1,0,1,0,-0.8620928166606694,1.2446790328297637,-4.457340471215301,0.562244713306427,1.0167298316955566,0.016257476061582565,0.9314847638636486,0.109614297747612,6.280436635228534,0.07106462121009827
ppo,10,30031,3,996,228,108,1,1,0,1,0,0.7517169596732634,1.0190505637875624,-21.391619725724674,0.37638619542121887,0.8747923374176025,0.03577244654297829,2.049610209770008,0.12416885793209076,7.114351506468315,0.09785687923431396
ppo,10,30031,3,997,229,78,1,1,0,1,0,8.112680130087705,2.1442149465204428,-12.740611406013246,0.3548194169998169,5.040469646453857,0.023772817105054855,1.362082087256055,0.566782534122467,32.47424710694693,0.3071640729904175
ppo,10,30031,3,998,230,286,1,1,0,1,0,-22.05447592429607,9.408886110016045,68.43839986087939,3.507972002029419,2.966979742050171,0.11396089941263199,6.5294785658587156,0.4692477881908417,26.88591780918402,0.3485848009586334
ppo,10,30031,3,999,231,138,1,1,0,1,0,-34.03408131336484,14.459496812538653,73.2743377177885,0.6897307634353638,2.1824984550476074,0.18536338210105896,10.620539470661505,0.753575325012207,43.17668566839876,0.5621510744094849
ppo,10,30031,3,1000,232,113,1,1,0,1,0,4.086024067176728,5.5816579104911,30.79526025045815,0.7674809694290161,2.050558567047119,0.054890286177396774,3.144981734230116,0.15455426275730133,8.855306961749328,0.13216741383075714
ppo,10,30031,3,1001,233,149,1,1,0,1,0,5.08884610149634,3.4028685463920527,9.841100480694452,0.326416015625,0.28220415115356445,0.0518697164952755,2.971915839719394,0.17575480043888092,10.070008294311906,0.13974711298942566
ppo,10,30031,3,1002,234,103,1,1,0,1,0,-1.5504119604578743,-0.983506259346816,10.288751078897088,0.47028136253356934,1.7676745653152466,0.03224174305796623,1.847315801366686,0.14267760515213013,8.174824606251066,0.1035805493593216
ppo,10,30031,3,1003,235,210,1,1,0,1,0,-4.943212808013328,3.6995036620457062,-4.135993731144541,0.030638307332992554,0.4335826635360718,0.017923152074217796,1.026920969423827,0.09015078842639923,5.165259696609504,0.06299854815006256
ppo,10,30031,3,1004,236,79,1,1,0,1,0,4.694197771253004,17.18927753698263,-46.41404507082307,0.7529059648513794,4.719663619995117,0.07513828575611115,4.305106653673119,0.13355004787445068,7.651854096976115,0.1419133096933365
ppo,10,30031,3,1005,237,105,1,1,0,1,0,-4.605364330907817,3.935322773329567,-13.283201633679058,0.09714408963918686,2.8677845001220703,0.05124085396528244,2.935884670856873,0.08064891397953033,4.620842393340713,0.09156531095504761
ppo,10,30031,3,1006,238,116,1,1,0,1,0,-28.520807256843906,14.314041103974063,58.43373000994147,1.2041810750961304,2.848814010620117,0.13792964816093445,7.9027867093459205,0.2824990749359131,16.186004710177798,0.279179185628891
ppo,10,30031,3,1007,239,124,1,1,0,1,0,31.38952768938428,7.34921524504202,-63.68027151899506,1.6770234107971191,1.872927188873291,0.141778826713562,8.123328395003755,0.5236208438873291,30.00126441982251,0.40358924865722656
ppo,10,30031,3,1008,240,182,1,1,0,1,0,-30.606309897258917,56.422621789966236,64.07899064198372,1.9193003177642822,2.255549430847168,0.4607972204685211,26.40173594420557,0.6195586323738098,35.498094795916636,0.770576536655426
ppo,10,30031,3,1009,241,138,1,1,0,1,0,-8.668671188905083,-0.01045018943011951,-40.46658954914277,0.1812828779220581,1.4552013874053955,0.03370826318860054,1.9313412154230059,0.029111698269844055,1.667977445320365,0.04826411232352257
ppo,10,30031,3,1010,242,97,1,1,0,1,0,4.65515640995721,0.8440064757384756,27.538393827764292,0.1543293446302414,2.29832124710083,0.03760121390223503,2.154390861166704,0.18560627102851868,10.634455981095405,0.13040435314178467
ppo,10,30031,3,1011,243,90,1,1,0,1,0,-27.287712224846484,-1.840558396400016,51.01185521250885,0.1976132094860077,2.68896222114563,0.08883140981197357,5.089664870423095,0.7210450768470764,41.31283974202359,0.4493539333343506
ppo,10,30031,3,1012,244,54,1,1,0,1,0,1.6355024571378933,7.433813968101798,-33.25352729501578,9.59974193572998,10.749795913696289,0.01775800995528698,1.0174590229892437,0.2323695868253708,13.313796612292483,0.13394279778003693
ppo,10,30031,3,1013,245,69,1,1,0,1,0,6.1523748571590255,0.8164534926266442,15.269447965075447,0.027735574170947075,3.219407320022583,0.031961116939783096,1.8312371091736528,0.170248344540596,9.754511611265261,0.1170852929353714
ppo,10,30031,3,1014,246,54,1,1,0,1,0,-2.211191781521588,5.012894397925798,-12.870603566296927,0.4102819859981537,5.018413543701172,0.060997121036052704,3.4948775978144715,0.05756644532084465,3.2983143584550247,0.08978034555912018
ppo,10,30031,3,1015,247,114,1,1,0,1,0,-19.16628945262116,5.658483878275404,43.127153136537835,0.42990508675575256,2.229326009750366,0.05812183767557144,3.3301359963547026,0.048967983573675156,2.8056587900375285,0.08260583132505417
ppo,10,30031,3,1016,248,208,1,1,0,1,0,-21.532704113220458,12.988984404991589,70.94947792809955,0.6714078783988953,0.5839939713478088,0.16368280351161957,9.378333820084931,0.6616118550300598,37.90756696904369,0.4944887161254883
ppo,10,30031,3,1017,249,78,1,1,0,1,0,12.780308465469359,2.4144445508428274,-32.24074684488629,0.4860292971134186,2.098501205444336,0.03004761040210724,1.7216012604941353,0.3109535872936249,17.816328176377528,0.18552440404891968
ppo,10,30031,3,1018,250,100,1,1,0,1,0,-3.828198086387087,13.336094618611636,48.12645545801531,0.8451716899871826,4.192747592926025,0.07056844979524612,4.043274340048441,0.14963097870349884,8.573223564122387,0.14538393914699554
ppo,10,30031,3,1019,251,146,1,1,0,1,0,8.633222507112716,-3.4710065135521,10.545566191689566,0.3298770785331726,1.2715258598327637,0.02437020093202591,1.39630965929087,0.5353070497512817,30.670834694348027,0.2920237183570862
ppo,10,30031,3,1020,252,94,1,1,0,1,0,8.825410369978536,1.6270466829454175,-21.406482217358622,0.4258665144443512,1.0212708711624146,0.01748749427497387,1.0019596162151923,0.1571498066186905,9.004020670548016,0.09606239944696426
ppo,10,30031,3,1021,253,221,1,1,0,1,0,-6.012765790523965,4.319643857547844,7.3228643752241105,0.5070880055427551,0.2787413001060486,0.028864365071058273,1.6538062968964695,0.06568656116724014,3.763562725610787,0.061707645654678345
ppo,10,30031,3,1022,254,121,1,1,0,1,0,1.3025307350997717,8.711592097649444,52.59339917520364,0.5021319389343262,2.508349895477295,0.07034021615982056,4.030197515995629,0.2158081829547882,12.364898067696476,0.17824430763721466
ppo,10,30031,3,1023,255,85,1,1,0,1,0,3.382173073206914,-0.7482199028182168,-5.599675949521594,0.33448588848114014,2.9235916137695312,0.03292609751224518,1.886526423287848,0.12606972455978394,7.223263141652399,0.09596095979213715
ppo,10,40038,4,1024,0,125,1,1,0,1,0,-23.807758163481665,15.67305750350984,59.026125977035015,0.7013128995895386,1.882609248161316,0.12447147071361542,7.131689941676393,0.25402623414993286,14.554631102393177,0.25148457288742065
ppo,10,40038,4,1025,1,120,1,1,0,1,0,-3.8040465374819217,-0.3924490093305926,-11.342444362154955,0.6010713577270508,2.2033162117004395,0.028315111994743347,1.6223364137390475,0.17038869857788086,9.762553305239305,0.11350946128368378
ppo,10,40038,4,1026,2,110,1,1,0,1,0,2.8258814860660557,0.5808529473962244,-35.323894236230046,0.903792142868042,2.7995004653930664,0.008441852405667305,0.4836825141170975,0.1019299179315567,5.840154103593049,0.05940680950880051
ppo,10,40038,4,1027,3,113,1,1,0,1,0,-11.365339156252837,5.8717633652982215,35.81733442262845,0.9052553176879883,0.8394723534584045,0.05474171042442322,3.136468970646753,0.1851099580526352,10.606019342259703,0.1472966969013214
ppo,10,40038,4,1028,4,197,1,1,0,1,0,46.753751359382825,38.881357284296165,-68.7825321120213,1.7690240144729614,0.7635825872421265,0.3496861755847931,20.035542015079297,0.6712043881416321,38.457178631176276,0.6852883696556091
ppo,10,40038,4,1029,5,143,1,1,0,1,0,-5.626122441987883,1.0175479221701595,-20.99147992338865,0.3014426827430725,1.2769639492034912,0.027534054592251778,1.5775851210188296,0.20350861549377441,11.660184762343947,0.12928836047649384
ppo,10,40038,4,1030,6,98,1,1,0,1,0,5.959626918781265,3.6577712062169283,-17.85472920743863,0.1619257777929306,1.5645837783813477,0.0374966524541378,2.1483999314909568,0.1984085887670517,11.367974755498816,0.13670094311237335
ppo,10,40038,4,1031,7,161,1,1,0,1,0,-2.8851402073050862,1.565779886090403,-42.656949253695814,1.5436345338821411,2.704894542694092,0.024398542940616608,1.3979335367660404,0.09512286633253098,5.450138776041096,0.0719599723815918
ppo,10,40038,4,1032,8,96,1,1,0,1,0,-7.324052828139693,9.18701424501735,23.834696429568197,0.1858377754688263,2.3698418140411377,0.05641945078969002,3.2325964126952775,0.048574790358543396,2.7831304782772994,0.08070684969425201
ppo,10,40038,4,1033,9,96,1,1,0,1,0,32.9742545202323,13.147444793735884,-69.64504840041052,1.793866515159607,1.1524280309677124,0.16185040771961212,9.273345274805374,0.5242472887039185,30.037157063910925,0.42397403717041016
ppo,10,40038,4,1034,10,161,1,1,0,1,0,0.34096304336703653,34.57298323887884,77.80865442094984,1.7557824850082397,1.5657492876052856,0.2520139515399933,14.43933580165607,0.5816012024879456,33.323294262292876,0.5428145527839661
ppo,10,40038,4,1035,11,147,1,1,0,1,0,-22.734216350495743,3.764417779917508,44.95937870215043,0.6339483261108398,1.5139667987823486,0.09052478522062302,5.18668813446995,0.31164658069610596,17.856033773570104,0.2463480830192566
ppo,10,40038,4,1036,12,134,1,1,0,1,0,-7.15089387230153,6.581406359684206,-22.520677316284463,1.2708450555801392,2.020477056503296,0.04628119617700577,2.651717211759431,0.12309084087610245,7.052585678917067,0.10782662034034729
ppo,10,40038,4,1037,13,133,1,1,0,1,0,-5.575469759103068,4.558891723795051,-28.508130425744362,0.6837815046310425,2.0206685066223145,0.03775254264473915,2.1630613594312122,0.07474339008331299,4.282480798273805,0.07512423396110535
ppo,10,40038,4,1038,14,94,1,1,0,1,0,-5.997903298890018,-1.345560926870852,-39.862855468027,0.5649823546409607,3.175723075866699,0.03076164983212948,1.7625127062403365,0.12752600014209747,7.306701586326922,0.09452465176582336
ppo,10,40038,4,1039,15,51,1,1,0,1,0,6.332678190869022,2.157766041833748,-5.229752904073703,0.7937442660331726,3.9251818656921387,0.010079271160066128,0.5774996980397183,0.5921381711959839,33.92701809812489,0.30614835023880005
ppo,10,40038,4,1040,16,2,1,1,0,1,0,3.1793984171275755,-0.020777435455178787,1.1387701195595459,15.969574928283691,16.513683319091797,0.030151931568980217,1.7275784230698368,0.15098364651203156,8.65072572063452,0.10564375668764114
ppo,10,40038,4,1041,17,150,1,1,0,1,0,17.90702113572425,3.7894845741714542,-29.045966841747845,0.878491222858429,0.5072911977767944,0.0507289320230484,2.9065537041267224,0.30043455958366394,17.213632284015603,0.20094621181488037
ppo,10,40038,4,1042,18,147,1,1,0,1,0,-41.1410297485465,37.617116589683484,68.84750087140647,2.4803431034088135,3.2020208835601807,0.30034467577934265,17.208482321381414,0.6142468452453613,35.19375181178462,0.6074681282043457
ppo,10,40038,4,1043,19,107,1,1,0,1,0,12.58260180975417,0.10850438515482257,31.118628726523234,0.4105261564254761,2.7581303119659424,0.03807324171066284,2.1814360624024274,0.2620430588722229,15.013961324076535,0.1690947711467743
ppo,10,40038,4,1044,20,389,1,1,0,1,0,-32.98988199305329,53.7230578224104,63.86452270204533,1.0791234970092773,0.7317937016487122,0.4450896978378296,25.50176119086072,0.6669072508811951,38.21097080216483,0.7785433530807495
ppo,10,40038,4,1045,21,222,1,1,0,1,0,3.640313242698376,3.401816697259871,-17.668456288394044,0.2464444488286972,0.09628508985042572,0.04289310798048973,2.4575940574809714,0.15775887668132782,9.038917814564902,0.12177254259586334
ppo,10,40038,4,1046,22,182,1,1,0,1,0,29.34332595745352,4.814313477996848,-60.90743328202333,0.2127668857574463,0.5738409161567688,0.1373898983001709,7.871861320331395,0.5222057700157166,29.92018665927987,0.3984927833080292
ppo,10,40038,4,1047,23,159,1,1,0,1,0,11.770615260844714,-2.2768162390670703,-67.76854954859789,13.897146224975586,12.891857147216797,0.09898145496845245,5.671219619756538,0.5164676308631897,29.59141550358131,0.3572152853012085
ppo,10,40038,4,1048,24,85,1,1,0,1,0,-10.180547222065746,2.727144271424351,21.847548513201367,0.8959972858428955,2.662834405899048,0.018395252525806427,1.0539703328060757,0.18823349475860596,10.784984812666025,0.1125119999051094
ppo,10,40038,4,1049,25,255,1,1,0,1,0,-9.059412650943173,8.87002516563706,28.157987608132828,0.92353355884552,0.8561879396438599,0.03763805329799652,2.1565016030636497,0.09946341067552567,5.698833647684077,0.08736975491046906
ppo,10,40038,4,1050,26,174,1,1,0,1,0,-6.432412613129548,5.974776278360354,-2.0359564481757406,1.1273123025894165,0.3329414427280426,0.04707251861691475,2.6970566478002103,0.10336525738239288,5.922392996294588,0.09875515103340149
ppo,10,40038,4,1051,27,117,1,1,0,1,0,-0.3225625137430222,17.23767625744134,50.840690671908334,0.522351861000061,1.7988301515579224,0.09059658646583557,5.190802042784413,0.21280257403850555,12.192689361926591,0.19699788093566895
ppo,10,40038,4,1052,28,80,1,1,0,1,0,11.868095720679136,2.322797072559596,-37.57506994515289,0.3494463264942169,0.9827247262001038,0.02798250876367092,1.603279652346183,0.3307769298553467,18.95212204100624,0.1933709681034088
ppo,10,40038,4,1053,29,425,1,1,0,1,0,24.904604581915674,22.41214561037296,-78.90427140533325,6.82654333114624,6.388508319854736,0.20516730844974518,11.755220868229152,0.6826703548431396,39.1141301312102,0.5465024709701538
ppo,10,40038,4,1054,30,106,1,1,0,1,0,-22.183265971285834,4.558003799202949,39.62062963930167,0.2509646415710449,3.004826068878174,0.07702109962701797,4.412983942084769,0.299263596534729,17.14654104334586,0.22665289044380188
ppo,10,40038,4,1055,31,103,1,1,0,1,0,5.2888886819076735,1.8187291118126554,-18.641730924364182,0.6186828017234802,0.56214439868927,0.04088025912642479,2.342266313345306,0.17265759408473969,9.892551441938512,0.12720905244350433
ppo,10,40038,4,1056,32,96,1,1,0,1,0,18.82764867357193,26.742089393189183,-82.62147891770762,7.614165782928467,8.525632858276367,0.17797400057315826,10.197159095900863,0.5550990700721741,31.80483392677232,0.4555235505104065
ppo,10,40038,4,1057,33,115,1,1,0,1,0,3.411105754531088,5.671379275428388,-20.995414112350577,0.26410380005836487,1.221473217010498,0.024819815531373024,1.422070678240925,0.2937353551387787,16.829796143228396,0.17168749868869781
ppo,10,40038,4,1058,34,121,1,1,0,1,0,5.6920474278568465,-0.7834636789354826,25.58273308347122,0.7903883457183838,1.1503058671951294,0.02009892836213112,1.1515837678859013,0.503467321395874,28.846552638740153,0.27183258533477783
ppo,10,40038,4,1059,35,89,1,1,0,1,0,4.201222037718163,0.36723195091490557,6.825134830026942,1.5950185060501099,4.589687347412109,0.029750369489192963,1.7045706106855316,0.1575189232826233,9.025169497539313,0.10850983113050461
ppo,10,40038,4,1060,36,105,1,1,0,1,0,31.793629001438916,13.071315505246922,-70.41401841792724,1.6209689378738403,2.0877740383148193,0.15536105632781982,8.901532828278327,0.48795750737190247,27.957905754133765,0.39933979511260986
ppo,10,40038,4,1061,37,143,1,1,0,1,0,2.8626142434223842,-2.5758692416869087,31.075885402697295,0.4201442301273346,1.1740072965621948,0.01739266701042652,0.9965264141738587,0.41204649209976196,23.608524960486978,0.22341591119766235
ppo,10,40038,4,1062,38,308,1,1,0,1,0,-30.175406922901153,28.72341798838316,67.48211873556424,0.4004068374633789,0.2727827727794647,0.22122058272361755,12.67500573148798,0.5947780013084412,34.078269222200234,0.5186095833778381
ppo,10,40038,4,1063,39,96,1,1,0,1,0,-2.650454907423448,0.2963892288435333,-5.518424019155122,0.32288578152656555,1.5481278896331787,0.017953146249055862,1.0286395090520257,0.1038622260093689,5.950867201170724,0.06988425552845001
ppo,10,40038,4,1064,40,121,1,1,0,1,0,-1.9785828591476338,2.0378962219000245,-37.34306207942589,0.17658564448356628,2.4029717445373535,0.03699854761362076,2.119860626374293,0.2577657401561737,14.768889014014599,0.1658814251422882
ppo,10,40038,4,1065,41,98,1,1,0,1,0,30.297530705260982,4.071694330298041,-77.95820824301644,0.6143885850906372,2.021634578704834,0.13470757007598877,7.718175233816939,0.7074205875396729,40.53221400668825,0.4884178638458252
ppo,10,40038,4,1066,42,74,1,1,0,1,0,-4.207738038186355,-0.7716064705363405,-7.008662013025184,0.1457861214876175,3.147667646408081,0.021613329648971558,1.2383525701110394,0.2189663201570511,12.545846000509393,0.1310964822769165
ppo,10,40038,4,1067,43,69,1,1,0,1,0,0.4193053131470828,-2.795746691447959,10.213864884837069,0.4668547213077545,2.8620667457580566,0.024185236543416977,1.3857119804633604,0.14325812458992004,8.208085919961736,0.0958143025636673
ppo,10,40038,4,1068,44,162,1,1,0,1,0,13.368797564357658,-1.5209055432434193,0.19009782497979488,1.352471113204956,0.8077747821807861,0.015704981982707977,0.8998291849381668,0.1754264086484909,10.051192830695813,0.10341818630695343
ppo,10,40038,4,1069,45,186,1,1,0,1,0,-11.729033069177676,7.082510018331362,38.536063900995345,0.5523306727409363,0.6238874793052673,0.040796004235744476,2.337438863705988,0.1988043189048767,11.39064842222232,0.14019817113876343
ppo,10,40038,4,1070,46,90,1,1,0,1,0,-4.873872727559359,0.5431912843127741,-26.206302033936705,0.19820469617843628,2.4998083114624023,0.027764087542891502,1.5907650382394272,0.11116240173578262,6.369136459998081,0.08334528654813766
ppo,10,40038,4,1071,47,128,1,1,0,1,0,1.616009097246677,8.531056537507666,35.17872539561059,0.3128604590892792,2.682861566543579,0.0606253407895565,3.4735761587839056,0.1480483114719391,8.482543411380359,0.13464950025081635
ppo,10,40038,4,1072,48,201,1,1,0,1,0,11.82792054798112,-2.0318583346737333,-54.35711794344102,0.5782798528671265,0.5499224066734314,0.09500083327293396,5.443146796765119,0.42429429292678833,24.31027225619243,0.3071479797363281
ppo,10,40038,4,1073,49,140,1,1,0,1,0,-5.8191162671757635,13.855803712557906,48.00664027959494,0.9034115076065063,0.7111212015151978,0.07005704194307327,4.013972828509087,0.5945029258728027,34.06250856069043,0.36730849742889404
ppo,10,40038,4,1074,50,156,1,1,0,1,0,3.4478521722657565,1.2442282403445428,64.52994705174464,10.28782844543457,10.659087181091309,0.01548799593001604,0.8873967999057155,0.13894902169704437,7.961192510712346,0.08496250957250595
ppo,10,40038,4,1075,51,260,1,1,0,1,0,6.401758724134531,4.904540276932716,-21.797059754856633,0.8098046779632568,0.2651938199996948,0.042580075562000275,2.4396586210507527,0.1907479166984558,10.929050577734518,0.13795402646064758
ppo,10,40038,4,1076,52,112,1,1,0,1,0,16.98486363550249,4.924388806660773,-76.69369434083696,5.005193710327148,5.3461594581604,0.1552177369594574,8.89332123334868,0.6981076002120972,39.99861913815934,0.5042715072631836
ppo,10,40038,4,1077,53,148,1,1,0,1,0,-39.254695424329064,13.692985663123142,70.37473116982132,2.667572021484375,2.2282204627990723,0.24004743993282318,13.75370519107091,0.7572238445281982,43.38573043813617,0.6186593770980835
ppo,10,40038,4,1078,54,81,1,1,0,1,0,7.990570008106217,5.127586934468653,24.279287103022664,0.4425683617591858,1.7640811204910278,0.03921746090054512,2.24699499282056,0.17266957461833954,9.893237875950097,0.1255522519350052
ppo,10,40038,4,1079,55,78,1,1,0,1,0,9.174064206351007,3.483519420111563,-37.46321876730476,0.37423068284988403,2.3835244178771973,0.07098445296287537,4.06710956581767,0.2734137177467346,15.66545208786903,0.20769131183624268
ppo,10,40038,4,1080,56,120,1,1,0,1,0,-4.114902106987542,3.2300101188773698,2.876069716087309,0.609380841255188,1.129094123840332,0.023195402696728706,1.3289986786289232,0.17549358308315277,10.055041642293116,0.11094219237565994
ppo,10,40038,4,1081,57,205,1,1,0,1,0,29.954805473088083,23.168643702465232,-73.18729378700586,0.6454380750656128,0.35099831223487854,0.17953823506832123,10.286783130642478,0.5458935499191284,31.27739647378018,0.45248502492904663
ppo,10,40038,4,1082,58,163,1,1,0,1,0,-24.680383131842493,29.317808370714353,66.82445348076205,0.8960219621658325,1.3783541917800903,0.23007073998451233,13.182082390564311,0.7197068929672241,41.23616745349561,0.5899242162704468
ppo,10,40038,4,1083,59,89,1,1,0,1,0,-23.52127270893465,11.369464590511525,66.39876877093018,9.226927757263184,10.69916820526123,0.17181247472763062,9.844129669591352,0.5054303407669067,28.959025363802752,0.424527645111084
ppo,10,40038,4,1084,60,308,1,1,0,1,0,6.781681166527321,7.340049131175863,-7.885221170347941,0.4124375879764557,1.0844024419784546,0.003342237789183855,0.19149611944936987,0.5754388570785522,32.97021787843282,0.291061669588089
ppo,10,40038,4,1085,61,128,1,1,0,1,0,-0.546374152466,-2.116224831301731,-24.81742404734963,0.7791692018508911,2.6990203857421875,0.03683923929929733,2.1107329323222173,0.13629388809204102,7.809064561102298,0.10498618334531784
ppo,10,40038,4,1086,62,131,1,1,0,1,0,-3.242823553760314,11.316598926335626,52.406306633458655,0.7017019987106323,2.502866268157959,0.03987579792737961,2.284714925955367,0.4788016080856323,27.433311367383645,0.27927660942077637
ppo,10,40038,4,1087,63,206,1,1,0,1,0,-8.989471513842242,11.460811540471276,28.050166241895006,0.2740910053253174,0.7459802031517029,0.037651561200618744,2.1572755488739768,0.13469268381595612,7.717322313944333,0.1049979031085968
ppo,10,40038,4,1088,64,223,1,1,0,1,0,3.8254933314757618,-2.8819709995302003,-35.524100741181456,0.46960940957069397,0.657970666885376,0.057098716497421265,3.271515470916245,0.2378627359867096,13.628530875473025,0.17603008449077606
ppo,10,40038,4,1089,65,83,1,1,0,1,0,-0.6466959709951473,6.0742648138107596,-5.361329668244829,0.31466713547706604,2.654552936553955,0.04824099317193031,2.764005308271029,0.12322230637073517,7.060118096911121,0.1098521500825882
ppo,10,40038,4,1090,66,538,1,1,0,1,0,-60.88907373353433,62.165936617733195,42.82565492619513,1.7770709991455078,1.755806803703308,0.6008980870246887,34.428924303999516,0.37556859850883484,21.51849561219954,0.7886824011802673
ppo,10,40038,4,1091,67,90,1,1,0,1,0,17.524872051662037,8.916825621829986,-81.11921979089834,10.379485130310059,9.518021583557129,0.17134609818458557,9.81740826201097,0.7655602097511292,43.86336898188975,0.5541262030601501
ppo,10,40038,4,1092,68,333,1,1,0,1,0,-12.1913549137175,6.403835101642215,30.61861789814328,0.5126470327377319,0.8204196095466614,0.057836245745420456,3.313772784094056,0.18152394890785217,10.400556152968319,0.14859822392463684
ppo,10,40038,4,1093,69,146,1,1,0,1,0,-9.578998801484383,0.6757652561027215,5.966115598492778,0.6877108216285706,1.60270357131958,0.007345311809331179,0.420855365882279,0.10105385631322861,5.789959470269449,0.057872239500284195
ppo,10,40038,4,1094,70,143,1,1,0,1,0,22.23527103162631,27.60315768147435,-70.00529989799367,2.869079351425171,2.8107428550720215,0.17963893711566925,10.292552932943845,0.47252774238586426,27.073845341555042,0.4159027934074402
ppo,10,40038,4,1095,71,161,1,1,0,1,0,-47.9955343920045,22.28453035592044,61.27150968554169,7.95859956741333,7.484344482421875,0.2674182951450348,15.321939676394287,0.729494571685791,41.79696013529951,0.6321655511856079
ppo,10,40038,4,1096,72,140,1,1,0,1,0,39.121028622271915,43.80073273210615,-63.4408324074511,0.6740119457244873,1.3675501346588135,0.3102699816226959,17.77716045658209,0.6335563063621521,36.300102438448704,0.627048134803772
ppo,10,40038,4,1097,73,154,1,1,0,1,0,4.447382055405423,6.001373034988384,-6.062653492221738,0.41004541516304016,0.4109431803226471,0.027740903198719025,1.5894366731675653,0.17628592252731323,10.100439348385251,0.11588386446237564
ppo,10,40038,4,1098,74,93,1,1,0,1,0,-8.535455179333155,7.964478685476768,32.84081994460693,0.3075815439224243,2.210040330886841,0.04044731333851814,2.317460346940289,0.15310107171535492,8.77204524821958,0.1169978529214859
ppo,10,40038,4,1099,75,123,1,1,0,1,0,-3.7541041942707882,-3.8008226881936755,0.2959111156016324,3.0393693447113037,4.15825080871582,0.017568107694387436,1.0065784249197076,0.14490967988967896,8.302713068270386,0.09002295136451721
ppo,10,40038,4,1100,76,63,1,1,0,1,0,-5.271499020280821,1.8744771158182993,19.96956068014968,0.2831518054008484,2.640559196472168,0.021213937550783157,1.2154690885139694,0.1200856938958168,6.880403440130215,0.08125678449869156
ppo,10,40038,4,1101,77,119,1,1,0,1,0,-3.5454828962619187,-1.3342501336053108,-11.847004096522136,0.27570414543151855,0.8030725121498108,0.006843900308012962,0.3921266030574269,0.1869623214006424,10.712151944225239,0.10032506287097931
ppo,10,40038,4,1102,78,163,1,1,0,1,0,-19.51900042136062,10.888168480457407,75.96977625108565,0.081424281001091,0.4131629168987274,0.1430753469467163,8.197613532416813,0.5335296392440796,30.56899657382314,0.4098401665687561
ppo,10,40038,4,1103,79,143,1,1,0,1,0,-3.2806354810055045,3.9217170365029013,-20.6780562027551,1.2060788869857788,0.8539272546768188,0.04291865602135658,2.4590578523974695,0.09926226735115051,5.68730898412015,0.09254978597164154
ppo,10,40038,4,1104,80,171,1,1,0,1,0,-127.73296593267423,29.394484074336916,19.21945564512054,3.9334707260131836,4.312068462371826,0.43726736307144165,25.053574422808236,0.8846115469932556,50.68450815125224,0.8795731067657471
ppo,10,40038,4,1105,81,114,1,1,0,1,0,6.634640854075286,-1.4760448607747756,15.294692344247814,0.7701126337051392,2.009645700454712,0.03151949495077133,1.8059340330631057,0.20923763513565063,11.988433408571005,0.13613831996917725
ppo,10,40038,4,1106,82,178,1,1,0,1,0,-24.268167555053886,16.704388747425085,58.40911400817274,0.4915265440940857,0.9906920790672302,0.1269168108701706,7.2717976121208645,0.26543185114860535,15.208124819159778,0.25963273644447327
ppo,10,40038,4,1107,83,140,1,1,0,1,0,2.4021365499584646,12.833338054185338,49.17816798641387,0.5308814644813538,0.9604951739311218,0.08719652146100998,4.995992667937779,0.22426049411296844,12.849179824191536,0.1993267685174942
ppo,10,40038,4,1108,84,122,1,1,0,1,0,1.6164735501102376,5.531988774846767,44.63919309423858,0.4971129894256592,1.6530877351760864,0.04693809896707535,2.689354969180786,0.15585282444953918,8.929709066151924,0.12486451119184494
ppo,10,40038,4,1109,85,119,1,1,0,1,0,-2.5622635048602436,1.7576808810110813,-13.319101107956644,0.32804447412490845,1.937790870666504,0.03881017491221428,2.2236592246343885,0.08990955352783203,5.151437955050337,0.0837649554014206
ppo,10,40038,4,1110,86,191,1,1,0,1,0,-5.9812376373151865,19.089490805593538,-55.129202527219256,0.9079785943031311,1.4481747150421143,0.09965141862630844,5.709605709778834,0.148891419172287,8.530849924285274,0.17409712076187134
ppo,10,40038,4,1111,87,257,1,1,0,1,0,-1.8291383201077547,32.03730283026829,-83.8359958351626,8.454293251037598,7.645616054534912,0.22796136140823364,13.061223900748228,0.46914389729499817,26.879965299322354,0.46253329515457153
ppo,10,40038,4,1112,88,1,1,1,0,1,0,-4.481328095580386,3.878632203218461,4.865485255258583,21.286958694458008,23.700544357299805,0.025168461725115776,1.442046633685685,0.13839033246040344,7.929181975393435,0.09436362981796265
ppo,10,40038,4,1113,89,207,1,1,0,1,0,0.7598175640288984,1.6821526491690804,-3.0117445937604423,0.24419689178466797,0.7945192456245422,0.04450630396604538,2.5500233789807574,0.09677227586507797,5.544642980944685,0.09289243817329407
ppo,10,40038,4,1114,90,146,1,1,0,1,0,11.912369006879159,6.090384060251989,32.24563726033202,0.6531925201416016,1.7617520093917847,0.05188872292637825,2.973004828005188,0.2088335007429123,11.965278213511017,0.1563054770231247
ppo,10,40038,4,1115,91,144,1,1,0,1,0,-28.03684737301348,6.7076965574377425,73.05063536209224,8.36502742767334,7.811859130859375,0.1957899034023285,11.2179351362275,0.5116733312606812,29.31672237063632,0.45162656903266907
ppo,10,40038,4,1116,92,96,1,1,0,1,0,10.371000216882381,2.5811011665911385,35.820244083214874,0.6448999643325806,2.798579454421997,0.053647469729185104,3.073773597038148,0.22177954018115997,12.707031634732523,0.1645372360944748
ppo,10,40038,4,1117,93,55,1,1,0,1,0,6.494321447766544,4.650634824726662,9.055205254414444,0.6844744086265564,4.1165618896484375,0.0357874296605587,2.050468679171314,0.15612739324569702,8.945440699357755,0.11385113000869751
ppo,10,40038,4,1118,94,126,1,1,0,1,0,-17.81653478959992,7.231025651644119,35.6645567512736,0.10849657654762268,0.25582221150398254,0.04636694863438606,2.6566304656501973,0.19530774652957916,11.190309582355736,0.14402082562446594
ppo,10,40038,4,1119,95,69,1,1,0,1,0,-1.586147510195381,-4.186919621596156,-30.06175257511214,0.4308515191078186,3.686037302017212,0.017319172620773315,0.99231549582884,0.1842290312051773,10.555545951840601,0.10943368822336197
ppo,10,40038,4,1120,96,139,1,1,0,1,0,-16.77769033759766,17.67064194892845,55.74219834484956,0.6778138875961304,1.5461269617080688,0.11888804286718369,6.811783090860036,0.22556284070014954,12.92379878710028,0.23166945576667786
ppo,10,40038,4,1121,97,58,1,1,0,1,0,-4.749508643151767,2.3986121723467377,-10.667730955184416,0.31528353691101074,4.060738563537598,0.033269621431827545,1.9062088940417092,0.06755006313323975,3.870333523376895,0.06704465299844742
ppo,10,40038,4,1122,98,95,1,1,0,1,0,-6.3418716254918595,-2.0507096567829683,-37.83778634138826,0.39731720089912415,3.3110103607177734,0.035478390753269196,2.0327620540782907,0.1265403777360916,7.250229582269256,0.098748579621315
ppo,10,40038,4,1123,99,146,1,1,0,1,0,-4.706232564570566,4.304781365913897,-11.828152774412901,0.19401264190673828,0.6279410123825073,0.016373515129089355,0.9381333126904213,0.1799265742301941,10.30903332563744,0.1063368022441864
ppo,10,40038,4,1124,100,258,1,1,0,1,0,-5.148664898247312,4.168532752350482,-2.192067251845552,0.6163440346717834,0.6893399953842163,0.004311089403927326,0.24700722794860558,0.08962134271860123,5.134924692071362,0.049121759831905365
ppo,10,40038,4,1125,101,326,1,1,0,1,0,-2.150758267745315,13.254186990084843,-46.724135659141645,0.9152674078941345,0.5432143807411194,0.08378450572490692,4.8004985666268505,0.12297720462083817,7.046074801090752,0.1452731043100357
ppo,10,40038,4,1126,102,210,1,1,0,1,0,12.085568943852342,1.6263636640284163,-11.4954952410766,0.2519107758998871,0.4133661091327667,0.037792712450027466,2.165362919738095,0.188838928937912,10.819673635913226,0.13221217691898346
ppo,10,40038,4,1127,103,68,1,1,0,1,0,0.10700174353741976,-1.3715702872302604,-0.5671925690561989,0.8210281729698181,3.947547674179077,0.020400816574692726,1.1688806883504297,0.12668496370315552,7.258513747958836,0.08374329656362534
ppo,10,40038,4,1128,104,150,1,1,0,1,0,-12.78672884328917,1.7321906150285937,33.68665691104297,0.4864862263202667,1.6272823810577393,0.06440288573503494,3.690013541080797,0.21262875199317932,12.182730092343066,0.1707172691822052
ppo,10,40038,4,1129,105,7,1,1,0,1,0,5.905122009204564,8.457099249174767,-3.6337289403384836,16.665315628051758,17.266010284423828,0.036775171756744385,2.1070621325301584,0.11683010309934616,6.693871827670813,0.09519022703170776
ppo,10,40038,4,1130,106,175,1,1,0,1,0,29.737537155589976,50.771978968858,-71.84191044505341,1.9282903671264648,1.4747865200042725,0.3874974548816681,22.20196873678062,0.588656485080719,33.72753217813091,0.6818256974220276
ppo,10,40038,4,1131,107,175,1,1,0,1,0,-29.286334859018933,11.834832699421174,68.01995515156773,0.7078686356544495,0.6688574552536011,0.1566125750541687,8.973239569279707,0.783561110496521,44.8947446220346,0.5483931303024292
ppo,10,40038,4,1132,108,118,1,1,0,1,0,-5.0194377191506705,2.7140576289746066,18.74199810137997,0.7641611099243164,2.0651981830596924,0.04453320801258087,2.5515648672990645,0.14486606419086456,8.300214072807806,0.11696624010801315
ppo,10,40038,4,1133,109,140,1,1,0,1,0,0.7315132601083656,1.8545602841985422,20.10367827469205,0.6777213215827942,1.5588669776916504,0.031678199768066406,1.8150271492825083,0.13361062109470367,7.655324686848128,0.09848351031541824
ppo,10,40038,4,1134,110,87,1,1,0,1,0,2.014632597586961,-0.3766576119695232,-17.958766648876267,0.6055440902709961,3.935941696166992,0.043710798025131226,2.504444245988793,0.1621360033750534,9.289708700509431,0.12477879971265793
ppo,10,40038,4,1135,111,90,1,1,0,1,0,3.648919281052592,-0.9639445975638995,31.227174092813076,0.6745710372924805,2.71518874168396,0.02512167952954769,1.4393662113232781,0.205068439245224,11.749556080086272,0.12765589356422424
ppo,10,40038,4,1136,112,127,1,1,0,1,0,14.203692567743337,6.1603525181096,-72.99861664137342,11.794210433959961,11.356185913085938,0.12201675027608871,6.991044820721606,0.5679836869239807,32.543068093023976,0.40600860118865967
ppo,10,40038,4,1137,113,221,1,1,0,1,0,-38.596975528013516,27.49536363599321,61.347516030625584,5.114868640899658,5.281224250793457,0.24406753480434418,13.98403966045125,0.7115038633346558,40.766168476328694,0.5998194813728333
ppo,10,40038,4,1138,114,76,1,1,0,1,0,2.0605861103228067,2.427722438589332,28.9131879642828,0.6221629977226257,3.2976903915405273,0.044449638575315475,2.5467766912474743,0.1278364658355713,7.324489960246574,0.10836787521839142
ppo,10,40038,4,1139,115,115,1,1,0,1,0,10.78257375588901,4.125611843606122,-15.801465059906079,0.5366349816322327,1.2112939357757568,0.010036599822342396,0.5750548104819712,0.5200335383415222,29.795726952223898,0.27005335688591003
ppo,10,40038,4,1140,116,96,1,1,0,1,0,-19.83559334976905,19.79819123387406,55.98936923053398,1.3704228401184082,3.8433241844177246,0.1273065060377121,7.2941255005176355,0.5573869943618774,31.93592233241779,0.406000018119812
ppo,10,40038,4,1141,117,201,1,1,0,1,0,-24.583394445628315,12.075596867664123,63.118146950303014,0.3827744424343109,0.8429692983627319,0.15172460675239563,8.693179615194381,0.5937100648880005,34.017080972520674,0.4485796391963959
ppo,10,40038,4,1142,118,88,1,1,0,1,0,-15.101070141656292,8.861501089552883,29.051034842111996,0.3841405510902405,4.112555027008057,0.04274497553706169,2.4491066936635844,0.6469441652297974,37.06717024828157,0.3662170469760895
ppo,10,40038,4,1143,119,99,1,1,0,1,0,-0.03143253056039868,5.052072363004991,28.409297588454276,0.7210796475410461,2.2143592834472656,0.043447740375995636,2.4893721529246906,0.10719037801027298,6.141556264400548,0.09704293310642242
ppo,10,40038,4,1144,120,88,1,1,0,1,0,11.006959130502269,7.673048173970664,-23.150038267166117,0.6319620013237,3.1574180126190186,0.05487438663840294,3.1440707577495655,0.33425694704055786,19.15151233835184,0.22200286388397217
ppo,10,40038,4,1145,121,80,1,1,0,1,0,-19.850674407456438,35.054552556499765,-86.76931619687296,2.708836793899536,3.120999813079834,0.2541639506816864,14.562521678431834,0.5394132733345032,30.906103975403703,0.523870587348938
ppo,10,40038,4,1146,122,126,1,1,0,1,0,-0.8936209698694483,8.750087043811636,43.84226028225983,0.7654366493225098,0.9188826680183411,0.0423039086163044,2.4238354206213604,0.3272460103034973,18.74981525288505,0.20592691004276276
ppo,10,40038,4,1147,123,96,1,1,0,1,0,5.162666786045838,-5.669398520569084,24.613146749652888,0.16067801415920258,2.8117034435272217,0.008156705647706985,0.4673448083441328,0.4076947867870331,23.359190612382957,0.21200409531593323
ppo,10,40038,4,1148,124,114,1,1,0,1,0,-9.467694038769855,6.76028901404684,-48.68286998856122,1.1676217317581177,2.2047581672668457,0.06331194937229156,3.6275074917782484,0.16729363799095154,9.585219396270972,0.14695876836776733
ppo,10,40038,4,1149,125,158,1,1,0,1,0,1.6025263038250717,2.8675456400031334,-16.500111449728344,2.3925700187683105,1.1314852237701416,0.020989183336496353,1.2025916206075566,0.123743936419487,7.090005297171805,0.08286115527153015
ppo,10,40038,4,1150,126,90,1,1,0,1,0,-0.6934691064313946,7.612505377167672,22.665805175768895,0.8405753374099731,3.9056859016418457,0.04244280979037285,2.4317938716648944,0.08564794063568115,4.907265522411551,0.08526678383350372
ppo,10,40038,4,1151,127,141,1,1,0,1,0,3.7649505346727685,2.9286211915613873,14.310803594307476,0.6673697829246521,1.0824041366577148,0.04966094717383385,2.845362679682813,0.12750086188316345,7.305261270185695,0.11341138184070587
ppo,10,40038,4,1152,128,105,1,1,0,1,0,14.74084596482982,3.453357304736787,-75.87707692367023,5.611754894256592,6.541098117828369,0.10936672985553741,6.266252039869709,0.5439973473548889,31.168752069747374,0.38136541843414307
ppo,10,40038,4,1153,129,178,1,1,0,1,0,-17.667909873260445,4.082786557510142,41.784242323064944,1.180586814880371,0.6512905359268188,0.06796447932720184,3.8940778222527985,0.24902582168579102,14.268128572373236,0.19247739017009735
ppo,10,40038,4,1154,130,86,1,1,0,1,0,-5.839825400739242,3.4323339824714876,14.813273290788635,0.77264404296875,1.8733165264129639,0.03581472486257553,2.052032579047835,0.06442999094724655,3.6915665553433286,0.06802971661090851
ppo,10,40038,4,1155,131,97,1,1,0,1,0,-2.606905621275447,1.9038469292493543,16.293757774523918,0.19034191966056824,2.7443385124206543,0.03278221935033798,1.8782828118464658,0.09714799374341965,5.566170029661273,0.08135621249675751
ppo,10,40038,4,1156,132,93,1,1,0,1,0,16.947570802634218,5.434057522527125,-42.97764029560625,0.37177515029907227,2.384927272796631,0.04174787923693657,2.391977283898305,0.3760916590690613,21.548464774730263,0.2297937124967575
ppo,10,40038,4,1157,133,152,1,1,0,1,0,-51.57613812097863,34.78195970672455,51.31216496993597,4.5582756996154785,5.648860931396484,0.30815136432647705,17.655772627105332,0.6992709040641785,40.06527153917491,0.6577868461608887
ppo,10,40038,4,1158,134,36,1,1,0,1,0,-14.878897748334117,2.5839288649075236,-0.7803491126739568,19.910869598388672,18.953996658325195,0.053157299757003784,3.0456889263881135,0.09359761327505112,5.362748213158076,0.09995611011981964
ppo,10,40038,4,1159,135,50,1,1,0,1,0,1.639641551774921,1.552857168180739,-0.3068257578953128,0.3041926324367523,5.072834014892578,0.05384858697652817,3.0852967664981943,0.14289423823356628,8.187236767520272,0.1252956986427307
ppo,10,40038,4,1160,136,68,1,1,0,1,0,-3.7567269869120734,-0.8164671530049842,-11.52773373395906,0.5102502703666687,2.554936647415161,0.021159764379262924,1.2123651944230218,0.0950942113995552,5.448496969319355,0.06870687007904053
ppo,10,40038,4,1161,137,89,1,1,0,1,0,-19.53468253569497,7.864020263164221,58.69218436813475,0.8779283761978149,4.222397804260254,0.13040505349636078,7.471659192519192,0.4179788827896118,23.94842590943808,0.3393945097923279
ppo,10,40038,4,1162,138,103,1,1,0,1,0,-4.471984396795809,0.693182238486254,5.925790161633023,0.19573596119880676,1.9101899862289429,0.02335088513791561,1.3379071662973239,0.13112466037273407,7.512889629443975,0.0889132171869278
ppo,10,40038,4,1163,139,193,1,1,0,1,0,1.1054114756532036,3.860942013268128,20.957684147375424,0.41578149795532227,0.6946454048156738,0.0410589762032032,2.3525060475716244,0.11721892654895782,6.716149770309279,0.09966844320297241
ppo,10,40038,4,1164,140,156,1,1,0,1,0,-9.33158202898984,1.6081680400795022,-6.8279078868299665,1.389229655265808,1.7021654844284058,0.01646253652870655,0.9432338631748342,0.0748123750090599,4.286433343369127,0.05386872589588165
ppo,10,40038,4,1165,141,177,1,1,0,1,0,-37.79057607384513,25.255485059957568,68.06344979620236,4.917203903198242,4.306535243988037,0.261626273393631,14.990081275190876,0.7112396359443665,40.751029362033364,0.6172460913658142
ppo,10,40038,4,1166,142,176,1,1,0,1,0,-6.909159817196438,2.035888146284041,-7.564530128437502,0.29035645723342896,0.5758940577507019,0.006967584602534771,0.39921319112557957,0.14956782758235931,8.569605271409571,0.0817514955997467
ppo,10,40038,4,1167,143,135,1,1,0,1,0,-11.433641047952966,3.382296016611974,-48.93099710072945,0.7354548573493958,1.706631064414978,0.05821354314684868,3.3353903328171466,0.11952818185091019,6.848460352929358,0.11797763407230377
ppo,10,40038,4,1168,144,83,1,1,0,1,0,6.876962305448998,4.7929486462730475,19.48241792816603,0.5954501032829285,2.0106897354125977,0.03731595724821091,2.138046858813098,0.17182300984859467,9.844733287559253,0.12322746217250824
ppo,10,40038,4,1169,145,95,1,1,0,1,0,-13.818251332501177,-2.875577942467068,-62.02463366418397,0.35807693004608154,3.668030023574829,0.08576754480600357,4.91411833658319,0.291124552488327,16.68020817021595,0.23132982850074768
ppo,10,40038,4,1170,146,162,1,1,0,1,0,-51.88109240704136,31.04088751339015,61.7515080596535,1.0489118099212646,2.516061782836914,0.2929733693599701,16.786137574053676,0.43998032808303833,25.209015867939385,0.5129635334014893
ppo,10,40038,4,1171,147,86,1,1,0,1,0,1.6126759649317106,2.808942616924424,4.123835994421919,0.2928710877895355,1.577187418937683,0.04477047547698021,2.565159291624917,0.09724204242229462,5.57155862202959,0.09339149296283722
ppo,10,40038,4,1172,148,154,1,1,0,1,0,-41.80831190970007,44.50093640505918,70.83923867489554,0.8918510675430298,1.046362042427063,0.3589126169681549,20.56417816627077,0.6031818389892578,34.55977365302404,0.6605035066604614
ppo,10,40038,4,1173,149,143,1,1,0,1,0,-3.288012085309118,15.268669323510064,60.96305834262391,0.13082286715507507,2.246047019958496,0.0802346020936966,4.5971040708803335,0.17187124490737915,9.847496952852168,0.16617022454738617
ppo,10,40038,4,1174,150,68,1,1,0,1,0,-3.6487007149991517,-1.2681339024395875,-17.058547716268585,0.1422455757856369,2.4077117443084717,0.018354276195168495,1.0516225620005897,0.14793114364147186,8.475830189199883,0.09231984615325928
ppo,10,40038,4,1175,151,89,1,1,0,1,0,4.27445532599904,-2.918307605914668,16.51502858287565,0.8591422438621521,3.3463573455810547,0.020326100289821625,1.1645997605664185,0.16493114829063416,9.44985870729966,0.1027916744351387
ppo,10,40038,4,1176,152,331,1,1,0,1,0,-38.983509593522875,38.03506952537491,63.311769152894534,7.832377910614014,7.279892921447754,0.32070642709732056,18.37512473539649,0.9653916954994202,55.31286972909549,0.803402304649353
ppo,10,40038,4,1177,153,187,1,1,0,1,0,-43.41936228960932,29.883238750964686,69.55658379028051,1.550406575202942,1.625454068183899,0.2995483875274658,17.16285836527302,0.6857472062110901,39.29042072878281,0.6424219608306885
ppo,10,40038,4,1178,154,67,1,1,0,1,0,11.225689108482756,-2.8741026216063457,-28.604791262878383,0.9352956414222717,2.479114055633545,0.0412442684173584,2.3631225094193518,0.25801578164100647,14.783215335798701,0.17025215923786163
ppo,10,40038,4,1179,155,99,1,1,0,1,0,-0.9108876880912405,1.017179091954979,27.675257158353006,0.8158221244812012,2.1724636554718018,0.03705020993947983,2.122820659605847,0.12170034646987915,6.972916218003922,0.0979003831744194
ppo,10,40038,4,1180,156,70,1,1,0,1,0,16.381102233630042,2.6110720366691544,-26.27389358596315,0.8845358490943909,2.912095785140991,0.04146778956055641,2.375929327556537,0.23190729320049286,13.287309138691175,0.15742143988609314
ppo,10,40038,4,1181,157,145,1,1,0,1,0,9.148109487504959,0.5756756640053547,-9.174323753539467,0.24062716960906982,0.34983086585998535,0.03691507503390312,2.1150779998514033,0.4974805414676666,28.503535415980235,0.28565534949302673
ppo,10,40038,4,1182,158,341,1,1,0,1,0,8.57061699318038,3.6500940735898344,-25.586339423352985,1.7614692449569702,0.11480075120925903,0.05669171363115311,3.248195924429352,0.25037598609924316,14.3454872949128,0.1818796992301941
ppo,10,40038,4,1183,159,111,1,1,0,1,0,-4.864310462721341,-0.5359922649275806,-18.692656814815795,0.18308688700199127,1.589903712272644,0.02282279171049595,1.307649641717579,0.11645302176475525,6.672266658665594,0.08104930073022842
ppo,10,40038,4,1184,160,112,1,1,0,1,0,-12.37872066302929,19.92542399773306,-60.89125939406873,1.7418452501296997,2.6993660926818848,0.10429734736680984,5.975797818528094,0.15670709311962128,8.97865505551788,0.18265089392662048
ppo,10,40038,4,1185,161,131,1,1,0,1,0,33.93690138185389,23.651210227704972,-63.714258540305046,6.406611919403076,7.947758197784424,0.2065369039773941,11.833692911603428,0.7075687646865845,40.54070393182657,0.5603212714195251
ppo,10,40038,4,1186,162,186,1,1,0,1,0,-17.750801049027718,62.531597625139,-93.22919983084431,13.95369815826416,12.499573707580566,0.7865195274353027,45.064249426666805,0.6663507223129272,38.17908406402462,1.1196949481964111
ppo,10,40038,4,1187,163,126,1,1,0,1,0,15.478574697082896,8.281508745992081,-41.950871618056574,0.9262243509292603,1.0819802284240723,0.051791898906230927,2.9674572202952567,0.17987774312496185,10.306235509398673,0.14173077046871185
ppo,10,40038,4,1188,164,144,1,1,0,1,0,40.22055247486057,20.766684737425187,-82.00878362840079,5.009545803070068,4.402828693389893,0.21459564566612244,12.295424798553691,0.723142147064209,41.43299301480787,0.5761667490005493
ppo,10,40038,4,1189,165,162,1,1,0,1,0,-8.537094424733958,-1.7729668443735698,-70.55586778661005,1.9529699087142944,1.6944146156311035,0.08144538104534149,4.666476594732861,0.2769562900066376,15.868426526981592,0.21992352604866028
ppo,10,40038,4,1190,166,70,1,1,0,1,0,-13.604766939803259,-0.6202494785288579,17.679548515606147,0.677308201789856,3.516587257385254,0.01731487549841404,0.9920692888536022,0.23489131033420563,13.45828072644764,0.1347605288028717
ppo,10,40038,4,1191,167,126,1,0,1,0,1,nan,nan,nan,nan,nan,nan,nan,nan,nan,nan
ppo,10,40038,4,1192,168,95,1,1,0,1,0,5.446037674331327,4.987472433835011,39.189753985700584,0.8237780928611755,3.537047863006592,0.05966808274388313,3.41872931286188,0.2091570347547531,11.983815346918432,0.16424660384655
ppo,10,40038,4,1193,169,175,1,1,0,1,0,29.736772174402933,14.51159749552751,-78.75275048878568,6.768164157867432,5.707045078277588,0.24115923047065735,13.817406096591387,0.9595670104026794,54.97913985605949,0.7209427356719971
ppo,10,40038,4,1194,170,98,1,1,0,1,0,7.760570217995208,1.4682038036076008,-13.208943817022679,0.3276159465312958,1.5658888816833496,0.029784535989165306,1.7065282069346808,0.23493023216724396,13.46051078321165,0.14724965393543243
ppo,10,40038,4,1195,171,166,1,1,0,1,0,-9.16498005475489,2.7610083493292743,-38.521078465956336,0.42406585812568665,1.2358496189117432,0.05603167042136192,3.2103782342120493,0.031022433191537857,1.7774544921016797,0.071542888879776
ppo,10,40038,4,1196,172,70,1,1,0,1,0,-3.3214526914855007,1.2731062801553568,-22.72711295375893,0.9522237181663513,1.9106920957565308,0.024321146309375763,1.3934990364474096,0.22146715223789215,12.689133124012505,0.13505472242832184
ppo,10,40038,4,1197,173,73,1,1,0,1,0,-12.974641007734562,-0.08055525107113039,19.091334956669442,0.6772795915603638,3.1939990520477295,0.012896847911179066,0.7389349543326721,0.22717562317848206,13.016204416381381,0.12648466229438782
ppo,10,40038,4,1198,174,124,1,1,0,1,0,8.090645939825244,11.037107585498704,-31.005630076894544,0.653907299041748,2.593775749206543,0.028339512646198273,1.6237344680847845,0.750281572341919,42.98796754163131,0.40348029136657715
ppo,10,40038,4,1199,175,72,1,1,0,1,0,0.7785596031114135,1.0962043806520265,-3.8857355999552743,0.2173834890127182,4.209009647369385,0.042050402611494064,2.409310596464505,0.10447618365287781,5.986044382943582,0.09428849816322327
ppo,10,40038,4,1200,176,70,1,1,0,1,0,0.48282607242820136,3.721729097604928,33.1669478170967,0.3929198682308197,3.22363018989563,0.06021842733025551,3.45026173493889,0.14529305696487427,8.324678956641145,0.13286495208740234
ppo,10,40038,4,1201,177,2,1,1,0,1,0,3.207074343644467,-3.862786164344031,-5.798516416639005,14.556440353393555,15.415304183959961,0.008380194194614887,0.48014975885146705,0.2452445924282074,14.05148009454231,0.1310024857521057
ppo,10,40038,4,1202,178,118,1,1,0,1,0,37.08254500410327,32.800836017205675,-65.08171705365496,4.865877151489258,5.530453205108643,0.22425127029418945,12.848651338304506,0.5934049487113953,33.999599103340024,0.5209537744522095
ppo,10,40038,4,1203,179,80,1,1,0,1,0,6.267859695645601,-0.9845990896140181,-66.49616726849456,7.300926208496094,8.714445114135742,0.04149101674556732,2.3772601472276316,0.29881909489631653,17.121072975478175,0.19090056419372559
ppo,10,40038,4,1204,180,167,1,1,0,1,0,20.97148112949885,2.5676593543045536,-56.4678649630284,5.038234710693359,6.001899719238281,0.08926524966955185,5.114522063246888,0.4113346338272095,23.567738485858246,0.2949325740337372
ppo,10,40038,4,1205,181,165,1,1,0,1,0,-5.4530727691764405,-0.8153743227377822,-29.462881588685423,0.8665138483047485,1.0274430513381958,0.021153436973690987,1.2120026607884822,0.12646076083183289,7.245667869677334,0.08438381552696228
ppo,10,40038,4,1206,182,83,1,1,0,1,0,-5.339090572307267,11.647972384107964,-46.57545610128881,9.512916564941406,8.529356002807617,0.043134722858667374,2.471437570268118,0.08668535202741623,4.966704816776764,0.08647739887237549
ppo,10,40038,4,1207,183,146,1,1,0,1,0,-1.7968451857119345,13.929392170675625,43.52105014597247,0.423494815826416,1.8890506029129028,0.08270986378192902,4.738926118806478,0.33329886198043823,19.096618107992445,0.24935929477214813
ppo,10,40038,4,1208,184,60,1,1,0,1,0,-0.9444922188077032,-1.1510371393088887,-29.872365089806028,1.2285698652267456,3.7449004650115967,0.04331629350781441,2.4818408021476936,0.10152693837881088,5.817065075990644,0.09407976269721985
ppo,10,40038,4,1209,185,124,1,1,0,1,0,13.55774791755689,-3.588431125762959,-50.688923868550646,0.1607397496700287,0.8417478799819946,0.052788957953453064,3.0245844956264203,0.25134098529815674,14.400777676244054,0.17845945060253143
ppo,10,40038,4,1210,186,184,1,1,0,1,0,9.759220172924339,8.208589646413024,-63.69464223700877,3.9416773319244385,3.1922616958618164,0.08098557591438293,4.640131701330475,0.3877282440662384,22.215191983013764,0.27484971284866333
ppo,10,40038,4,1211,187,194,1,1,0,1,0,-2.3706903590197257,-0.0183732088673343,23.774782010168845,0.7596281170845032,1.5009979009628296,0.015737608075141907,0.9016985223366346,0.1361551731824875,7.801116782229342,0.08381519466638565
ppo,10,40038,4,1212,188,103,1,1,0,1,0,-16.06614855062241,13.816530124830333,33.8653346597305,0.12015216797590256,3.898092269897461,0.07859869301319122,4.503373384900248,0.553851842880249,31.733373072581063,0.35552459955215454
ppo,10,40038,4,1213,189,160,1,1,0,1,0,38.52738956074943,23.730836573048983,-75.42502768364211,1.5621334314346313,1.31257164478302,0.21920225024223328,12.559363798650494,0.6586970090866089,37.74055859855313,0.5485507249832153
ppo,10,40038,4,1214,190,253,1,1,0,1,0,-22.276593676104888,4.730985170122692,48.31432664132568,1.324074149131775,0.6478686928749084,0.07736990600824356,4.432969075596226,0.2942792475223541,16.86095888131658,0.22450953722000122
ppo,10,40038,4,1215,191,67,1,1,0,1,0,1.4980107491455366,2.036079391580801,-14.453349642285643,0.769026517868042,3.6892669200897217,0.03514016419649124,2.013383099855672,0.09478911757469177,5.431016380799177,0.08253472298383713
ppo,10,40038,4,1216,192,255,1,1,0,1,0,-44.419301984099185,29.267114706694517,69.88711030459577,2.691376209259033,2.5465281009674072,0.2885932922363281,16.535177640927188,1.0108789205551147,57.919095746548514,0.7940327525138855
ppo,10,40038,4,1217,193,68,1,1,0,1,0,7.028469561618222,-5.846874155962695,25.554292175767287,0.7176549434661865,3.6798858642578125,0.024352839216589928,1.3953149062712809,0.1836470514535904,10.5222009683126,0.11617636680603027
ppo,10,40038,4,1218,194,111,1,1,0,1,0,-14.370239900464927,6.775342750977549,35.494648965480366,0.4867195785045624,2.0958058834075928,0.056626711040735245,3.244471550340991,0.17449252307415009,9.997685128737933,0.14387297630310059
ppo,10,40038,4,1219,195,117,1,1,0,1,0,-4.44083873418055,5.006542321997687,-11.68827050021104,0.6847959160804749,0.597689688205719,0.01865234225988388,1.0687004895248544,0.18083350360393524,10.36099655106925,0.1090690940618515
ppo,10,40038,4,1220,196,170,1,1,0,1,0,16.500248053511744,10.436392447996083,-43.385593834352775,1.0534939765930176,0.9402507543563843,0.06622074544429779,3.794169230168437,0.42598992586135864,24.40742486694669,0.2792156934738159
ppo,10,40038,4,1221,197,104,1,1,0,1,0,-5.675682294605496,-0.2604897545659463,-2.1439827200886623,1.1123826503753662,2.206874132156372,0.03031770884990692,1.7370767616060916,0.11362146586179733,6.5100304559707505,0.08712844550609589
ppo,10,40038,4,1222,198,151,1,1,0,1,0,12.831125072894254,11.292898169915683,-23.87381975313403,0.8608958125114441,0.47160211205482483,0.045552901923656464,2.6099890247988844,0.2556999921798706,14.65053037343474,0.17340290546417236
ppo,10,40038,4,1223,199,128,1,1,0,1,0,6.119002552874344,1.083568530687503,-7.590921979390431,0.30940309166908264,0.4286196827888489,0.0476933978497982,2.7326304074317522,0.1444743424654007,8.277770071195144,0.11993056535720825
ppo,10,40038,4,1224,200,99,1,1,0,1,0,5.263111547980046,-0.7224291085122486,1.9296923650686824,0.397367924451828,2.766272783279419,0.02848822996020317,1.6322553425177868,0.1530485302209854,8.769034842342897,0.10501249134540558
ppo,10,40038,4,1225,201,151,1,1,0,1,0,-22.05851939628472,0.15553706777953036,58.2993392078323,5.356409072875977,3.0549309253692627,0.08704829961061478,4.987500181478514,0.19278483092784882,11.04575716630888,0.18344071507453918
ppo,10,40038,4,1226,202,88,1,1,0,1,0,-2.725313780726788,-1.3219557930992878,-17.37142502176853,0.6528834700584412,1.2611650228500366,0.01312162820249796,0.7518139163429658,0.12231452763080597,7.008106206381474,0.07427889108657837
ppo,10,40038,4,1227,203,209,1,1,0,1,0,-11.024540037425881,15.190436336756738,70.83718961814455,1.8480406999588013,1.3862451314926147,0.12178446352481842,6.977735770237013,0.43263015151023865,24.787881771642034,0.33809953927993774
ppo,10,40038,4,1228,204,90,1,1,0,1,0,-9.372016748876316,-0.4436481073490082,-49.33064512944523,0.5072053670883179,3.644111394882202,0.05695641040802002,3.263361932594542,0.17208299040794373,9.859629076365405,0.14299790561199188
ppo,10,40038,4,1229,205,121,1,1,0,1,0,-13.177743512894061,0.13307940578852845,41.14419895632139,0.21195609867572784,2.9339945316314697,0.06146182492375374,3.521503169303062,0.22902043163776398,13.121904155108268,0.17597204446792603
ppo,10,40038,4,1230,206,130,1,1,0,1,0,0.16496272883414795,10.188552203773,50.55059887747955,0.8027812838554382,2.5467779636383057,0.07130343466997147,4.085385871376155,0.18167005479335785,10.408927403569816,0.1621384620666504
ppo,10,40038,4,1231,207,7,1,1,0,1,0,13.980099495073798,1.3731412307393636,-5.2150543369798354,21.8277587890625,21.336191177368164,0.030944980680942535,1.7730167901318756,0.18388180434703827,10.535651318335647,0.12288588285446167
ppo,10,40038,4,1232,208,232,1,1,0,1,0,-5.56590749426505,4.7192645655069505,14.235289022843816,0.31479236483573914,0.6018738746643066,0.013387978076934814,0.7670746400220371,0.09897708147764206,5.670969037191364,0.06287652254104614
ppo,10,40038,4,1233,209,317,1,1,0,1,0,-20.278353532525955,11.423081575496125,53.69215804660526,0.11711996793746948,0.3505701422691345,0.09087201952934265,5.206583194861728,0.3424413204193115,19.62044239091365,0.2620926797389984
ppo,10,40038,4,1234,210,184,1,1,0,1,0,-10.776522208284378,4.789478910174681,21.012161736195445,0.5040328502655029,0.5927833914756775,0.028594892472028732,1.6383666542776558,0.13056156039237976,7.480626377125772,0.09387567639350891
ppo,10,40038,4,1235,211,138,1,1,0,1,0,-23.260250199613445,14.234674305818514,77.5660187808743,4.511188507080078,3.3457868099212646,0.23349590599536896,13.378329947118056,0.7579323053359985,43.42632225237356,0.612462043762207
ppo,10,40038,4,1236,212,68,1,1,0,1,0,-3.479749155689716,-2.4245668911927862,-7.898007284474205,0.9719333648681641,2.3940117359161377,0.015197438187897205,0.8707490675774556,0.12167263776063919,6.9713286259087175,0.07603375613689423
ppo,10,40038,4,1237,213,144,1,1,0,1,0,0.103914498032574,1.7544297109661553,-8.159576208929012,0.0729396790266037,0.5633782744407654,0.02408253774046898,1.3798277724933943,0.10635580122470856,6.093738536908113,0.07726043462753296
ppo,10,40038,4,1238,214,112,1,1,0,1,0,15.151531579244345,2.826045410606136,-39.83761108885463,0.3672352135181427,0.7147666811943054,0.047379206866025925,2.7146285901005376,0.2714596390724182,15.55349162699418,0.18310903012752533
ppo,10,40038,4,1239,215,156,1,1,0,1,0,-10.564021362826942,-0.1573265773420737,-68.44905495598461,1.8006771802902222,2.4742705821990967,0.06587550044059753,3.7743881485584336,0.3597932755947113,20.61463618876424,0.24577213823795319
ppo,10,40038,4,1240,216,52,1,1,0,1,0,-1.389000929992133,-0.15115208633238217,4.040985799789664,0.4413274824619293,2.9838690757751465,0.03037184849381447,1.7401787347063353,0.10504242032766342,6.01848735461432,0.08289305865764618
ppo,10,40038,4,1241,217,25,1,1,0,1,0,17.15156123238582,-3.76552427056305,-10.16147733390307,10.158707618713379,11.717521667480469,0.04087726026773453,2.342094491398998,0.2395441234111786,13.72486727862147,0.16064932942390442
ppo,10,40038,4,1242,218,150,1,1,0,1,0,39.07056718468386,10.511961660973105,-75.69910951465639,8.28223991394043,6.656583309173584,0.21499504148960114,12.318308493594174,0.6621270179748535,37.9370836315419,0.5460585355758667
ppo,10,40038,4,1243,219,149,1,1,0,1,0,-9.459989585386081,6.222452598043357,-37.80161365954387,1.1336047649383545,0.5842000842094421,0.03933626413345337,2.2538019166587127,0.09646078944206238,5.526796123530265,0.08756665885448456
ppo,10,40038,4,1244,220,113,1,1,0,1,0,-16.813098038255006,7.05490239370617,31.115281933829927,0.26867932081222534,0.7351176738739014,0.04275573045015335,2.4497229047927664,0.17696434259414673,10.139309954951793,0.13123789429664612
ppo,10,40038,4,1245,221,129,1,1,0,1,0,-1.7073970283414475,-1.9023033064969312,-20.5793189881134,0.06402041763067245,2.418557643890381,0.04383465275168419,2.5115405990930246,0.1115640252828598,6.392147794198677,0.09961666166782379
ppo,10,40038,4,1246,222,76,1,1,0,1,0,0.43681791817899546,5.923700123746999,-24.444222511100133,0.8301685452461243,3.1766517162323,0.048679251223802567,2.7891156449809347,0.06380875408649445,3.6559723051442763,0.08058363199234009
ppo,10,40038,4,1247,223,177,1,1,0,1,0,-34.185165097805516,53.70816801001977,60.7317608165706,3.5454483032226562,4.052473545074463,0.42105308175086975,24.12456453530166,0.746841311454773,42.79085511237391,0.7944737672805786
ppo,10,40038,4,1248,224,129,1,1,0,1,0,-8.252466781641186,5.687730748301398,24.39249065832646,0.42899441719055176,1.2507964372634888,0.02987453155219555,1.7116845728712171,0.11760693043470383,6.738380755397201,0.08867799490690231
ppo,10,40038,4,1249,225,284,1,1,0,1,0,-7.011230164153109,5.531633605009927,26.474892392858283,1.84251868724823,0.320787638425827,0.019518917426466942,1.1183515892009102,0.11090564727783203,6.354425513186343,0.0749717429280281
ppo,10,40038,4,1250,226,57,1,1,0,1,0,0.08286385501059469,8.547845142487558,-27.86975362515829,1.717868685722351,6.657700061798096,0.07152044028043747,4.097819376986517,0.045272018760442734,2.5938956050104536,0.09415645152330399
ppo,10,40038,4,1251,227,162,1,1,0,1,0,-25.756820945036505,6.704595651554556,51.41483637353961,0.2742265462875366,1.0072999000549316,0.09807826578617096,5.619470691509937,0.3908344805240631,22.393166222216788,0.2934955060482025
ppo,10,40038,4,1252,228,113,1,1,0,1,0,-2.0602719216209864,5.985622618762334,-39.21158327028794,0.9156801700592041,2.201113224029541,0.046470317989587784,2.6625530934342447,0.11008953303098679,6.307665611241612,0.10151508450508118
ppo,10,40038,4,1253,229,149,1,1,0,1,0,-22.32795669866338,36.59325757272023,75.46975176232735,2.6614041328430176,2.2985055446624756,0.25390109419822693,14.547461111311955,0.6635727286338806,38.019916750701235,0.5856874585151672
ppo,10,40038,4,1254,230,43,1,1,0,1,0,-4.1244097303122,-0.40348659502933326,-7.2851480706273,0.08904862403869629,4.735742568969727,0.013685566373169422,0.784125193428769,0.051522742956876755,2.9520357203664256,0.039446938782930374
ppo,10,40038,4,1255,231,121,1,1,0,1,0,-5.312097664707377,-1.445172405726318,-4.947748053622217,0.3471440076828003,2.143688678741455,0.017143459990620613,0.982247903713947,0.09506051242351532,5.446566160218357,0.06467371433973312
ppo,10,40038,4,1256,232,213,1,1,0,1,0,13.571476597788616,5.959476654619525,-23.985069874335196,0.9045943021774292,0.8029049634933472,0.0334719642996788,1.9178022863841597,0.37588852643966675,21.53682613238456,0.22141623497009277
ppo,10,40038,4,1257,233,70,1,1,0,1,0,-1.995303162235825,-2.5901853181872556,-26.706599730261797,0.47716420888900757,3.5611164569854736,0.02157594822347164,1.2362107721977114,0.09953390061855316,5.70287242391767,0.07134290039539337
ppo,10,40038,4,1258,234,76,1,1,0,1,0,-5.465694958762624,-1.341298888828764,-10.554131248908764,0.436301052570343,2.8108198642730713,0.01092628575861454,0.6260300597225101,0.21564172208309174,12.3553605622942,0.11874714493751526
ppo,10,40038,4,1259,235,131,1,1,0,1,0,-19.82504753769055,23.72870555402794,67.42168522178797,0.5920590162277222,0.9481063485145569,0.16218391060829163,9.29245358278213,0.3869739770889282,22.171975668587802,0.35567089915275574
ppo,10,40038,4,1260,236,56,1,1,0,1,0,2.0095236160877916,13.290673860631053,-29.055856955666023,0.4182172417640686,4.519120693206787,0.066448874771595,3.8072400778057256,0.10096953064203262,5.7851279652053105,0.11693364381790161
ppo,10,40038,4,1261,237,202,1,1,0,1,0,30.656648391441912,10.399850935936515,-61.03944717830133,0.682444155216217,0.4429425895214081,0.1351041942834854,7.740900126959217,0.49134379625320435,28.15192581524444,0.3807761073112488
ppo,10,40038,4,1262,238,67,1,1,0,1,0,-7.1337364371064576,-3.0364425577992087,28.396675398868094,1.2157737016677856,5.196068286895752,0.01618053764104843,0.9270765170846401,0.11730251461267471,6.720939013577928,0.07483179867267609
ppo,10,40038,4,1263,239,89,1,1,0,1,0,3.4375795677540575,8.957478907769902,48.62276432386511,2.007723093032837,4.938316822052002,0.041265301406383514,2.364327610921036,0.19451040029525757,11.14462500831846,0.1385205090045929
ppo,10,40038,4,1264,240,111,1,1,0,1,0,-5.967850466541961,1.3856677976771667,-49.716031723174034,0.8151434063911438,1.2584649324417114,0.04034561663866043,2.311633555248034,0.10476453602313995,6.0025657567721975,0.09272788465023041
ppo,10,40038,4,1265,241,183,1,1,0,1,0,8.676293680018818,-1.1627850646813107,39.37381392345409,0.5431110262870789,1.1668524742126465,0.03774779289960861,2.1627892190814695,0.2560989260673523,14.673387601492188,0.16579726338386536
ppo,10,40038,4,1266,242,77,1,1,0,1,0,-1.613468266875432,0.7991184725131518,8.724255268370648,0.5718191862106323,2.47579288482666,0.03101174905896187,1.7768423363973174,0.10082122683525085,5.776630782990992,0.081422358751297
ppo,10,40038,4,1267,243,119,1,1,0,1,0,3.053777577912701,4.048635611660078,26.063004665149837,0.12043415009975433,2.335519790649414,0.040316250175237656,2.3099509808346834,0.14938291907310486,8.559010794233236,0.11500771343708038
ppo,10,40038,4,1268,244,56,1,1,0,1,0,-0.5712360410448464,1.4412655375210706,5.562068927951503,0.6092469692230225,4.587285995483398,0.04000698775053024,2.2922315491369663,0.134162038564682,7.686918580627668,0.10708800703287125
ppo,10,40038,4,1269,245,108,1,1,0,1,0,-18.316723202898295,9.081597105367374,-74.94205134705217,3.5699656009674072,3.4454822540283203,0.11850859969854355,6.790042598731885,0.33001723885536194,18.908594952973043,0.2835172116756439
ppo,10,40038,4,1270,246,176,1,1,0,1,0,17.10387285160079,12.897241304059976,-34.58240889993346,0.5098851323127747,1.074995994567871,0.059700507670640945,3.4205871243161234,0.2902354896068573,16.629268619385993,0.2048182487487793
ppo,10,40038,4,1271,247,186,1,1,0,1,0,-17.30662018692345,13.32714707079892,52.81742937998006,0.3654865324497223,0.986717164516449,0.09501546621322632,5.443985202485738,0.38442254066467285,22.02578912978202,0.28722673654556274
ppo,10,40038,4,1272,248,84,1,1,0,1,0,6.429899103514984,12.2885894867418,-41.90409848262033,0.6534059047698975,2.0757296085357666,0.039471205323934555,2.2615334773557554,0.6260503530502319,35.870042992453435,0.3524963855743408
ppo,10,40038,4,1273,249,101,1,1,0,1,0,29.78350432870416,29.46782664564451,-73.16958993667718,14.181126594543457,13.34627914428711,0.27446305751800537,15.725574828038066,0.8467085957527161,48.51282901407917,0.697817325592041
ppo,10,40038,4,1274,250,107,1,1,0,1,0,-16.40585483918217,-3.1719535109322616,-52.13457438751887,1.3782007694244385,1.1672029495239258,0.07012813538312912,4.018046182575353,0.23996855318546295,13.749185313387654,0.1901124119758606
ppo,10,40038,4,1275,251,116,1,1,0,1,0,-5.01927379461059,0.2461463573089195,-14.656288222905062,0.40669456124305725,1.7051538228988647,0.011619539000093937,0.6657505445930433,0.23626598715782166,13.537043906635288,0.1297525316476822
ppo,10,40038,4,1276,252,97,1,1,0,1,0,-7.719548101840111,-3.290525594923683,-45.51666749691011,0.3563937246799469,1.6677320003509521,0.03492269665002823,2.000923127262276,0.18159618973731995,10.404695247605346,0.1257207989692688
ppo,10,40038,4,1277,253,122,1,1,0,1,0,-4.91742201370736,-3.9596655675314922,-36.256952718367145,1.5185444355010986,3.15564227104187,0.023358123376965523,1.3383218868459905,0.1639680117368698,9.394675047674188,0.10534212738275528
ppo,10,40038,4,1278,254,198,1,1,0,1,0,3.951578623554197,10.427349277534987,37.51279228030071,0.5374017357826233,0.3431486487388611,0.07869604974985123,4.508951515018033,0.20003889501094818,11.46138442258791,0.17871549725532532
ppo,10,40038,4,1279,255,115,1,1,0,1,0,-6.086203984479942,-0.14765502947733566,-32.29992360385528,0.35209226608276367,2.996396780014038,0.02925785630941391,1.676351684129624,0.03267214074730873,1.8719757724781938,0.045593924820423126
ppo,10,50045,5,1280,0,110,1,1,0,1,0,0.995226863962558,26.289821587107618,69.4916696724087,1.2194591760635376,1.0810860395431519,0.11984515935182571,6.866621825932422,0.27348968386650085,15.669804625917621,0.25659000873565674
ppo,10,50045,5,1281,1,184,1,1,0,1,0,-19.56735816068431,-0.10618212083701822,66.63490207091586,1.9411664009094238,2.0850889682769775,0.13575832545757294,7.7783790824823695,0.47803062200546265,27.389137118926588,0.37477362155914307
ppo,10,50045,5,1282,2,107,1,1,0,1,0,-5.1430914638845815,-1.498174673685617,-38.335789094152226,0.4290463924407959,1.1056946516036987,0.02723781205713749,1.5606116740445248,0.13814836740493774,7.915318398925602,0.09631199389696121
ppo,10,50045,5,1283,3,140,1,1,0,1,0,-46.40710559862634,31.236381187814253,60.137425075752766,3.176506519317627,2.9540939331054688,0.29817381501197815,17.084101161500897,0.684549868106842,39.221818308759204,0.6404487490653992
ppo,10,50045,5,1284,4,58,1,1,0,1,0,2.748290537094711,-0.2331143563725352,-20.432114751121283,0.2443222552537918,2.6637017726898193,0.03741319105029106,2.1436179452983013,0.14486336708068848,8.300059539777836,0.1098448783159256
ppo,10,50045,5,1285,5,99,1,1,0,1,0,14.75756626791801,-6.8004778471231955,-57.08493157340403,2.164018392562866,3.3376920223236084,0.08383769541978836,4.803546111657146,0.3975737392902374,22.77929730656512,0.28262457251548767
ppo,10,50045,5,1286,6,164,1,1,0,1,0,-7.025928731246976,6.009173111020538,-7.194607082989611,2.314835548400879,2.9824116230010986,0.007015317678451538,0.40194809491878786,0.14485323429107666,8.299478973698385,0.07944193482398987
ppo,10,50045,5,1287,7,195,1,1,0,1,0,-21.117920385303925,12.602013207375347,50.91931980963352,0.6121464371681213,0.5011263489723206,0.08806268125772476,5.045619968673445,0.49491262435913086,28.356404603521696,0.3355189859867096
ppo,10,50045,5,1288,8,64,1,1,0,1,0,-2.0139359182916197,-0.6918298610305915,-3.407349150487581,0.16546165943145752,3.387705087661743,0.03805762529373169,2.180541307621156,0.08754859119653702,5.016164777877765,0.0818319171667099
ppo,10,50045,5,1289,9,123,1,1,0,1,0,-23.258993444806162,12.197174234890351,43.60764328426989,0.5651223063468933,0.8596139550209045,0.08636350929737091,4.948264586678199,0.7117534279823303,40.78046747735612,0.44224023818969727
ppo,10,50045,5,1290,10,89,1,1,0,1,0,3.941319679420838,-0.8222591534211551,29.400521961563207,0.5516787767410278,1.6803008317947388,0.02485010027885437,1.4238058664552256,0.20192217826843262,11.569288604869419,0.12581118941307068
ppo,10,50045,5,1291,11,188,1,1,0,1,0,-17.71036632914124,25.238409587032535,74.40962444087133,2.670905828475952,1.2746129035949707,0.20074215531349182,11.501678269822754,0.7721900343894958,44.24322995258001,0.5868371725082397
ppo,10,50045,5,1292,12,82,1,1,0,1,0,-1.8156418663078095,0.007677132627094332,-19.24765066601435,0.37881672382354736,1.8180903196334839,0.03447888046503067,1.9754943329823187,0.10235513001680374,5.864516961475661,0.08565644919872284
ppo,10,50045,5,1293,13,89,1,1,0,1,0,4.421536619586094,1.935388742836473,-4.464990283085715,0.4878731966018677,3.736248016357422,0.03527146950364113,2.0209063397830294,0.13974586129188538,8.00684805644565,0.10514439642429352
ppo,10,50045,5,1294,14,134,1,1,0,1,0,-5.754420715357402,17.04548839457552,47.897671441576556,0.12070763111114502,2.3787105083465576,0.09748553484678268,5.585509710296164,0.18845342099666595,10.797585657911052,0.19171224534511566
ppo,10,50045,5,1295,15,202,1,1,0,1,0,23.336830280587627,14.440795754591159,-53.23516374961804,0.40701642632484436,0.33484429121017456,0.10314974188804626,5.910044868048851,0.33383968472480774,19.1276049687095,0.27006959915161133
ppo,10,50045,5,1296,16,122,1,1,0,1,0,-27.59731103954482,-2.7498478202254737,72.33991319781738,4.552091598510742,4.738138198852539,0.17835822701454163,10.219173649369461,0.4611929953098297,26.424412172250012,0.4089547395706177
ppo,10,50045,5,1297,17,112,1,1,0,1,0,-28.71161542149738,17.089283567533645,-82.38821429717335,3.4817330837249756,1.4236223697662354,0.14536604285240173,8.328860739960486,0.3794688284397125,21.741962326369432,0.3351004719734192
ppo,10,50045,5,1298,18,108,1,1,0,1,0,8.237112516386997,0.23139314870169198,9.642041447523601,1.2947733402252197,1.6333484649658203,0.028568657115101814,1.636863479051724,0.12353295832872391,7.077917143001351,0.09033513814210892
ppo,10,50045,5,1299,19,110,1,1,0,1,0,-12.654113890364203,0.4245645588079926,-51.66509450472887,0.28911808133125305,3.4110164642333984,0.06697414070367813,3.8373355988360944,0.21404212713241577,12.26371052269003,0.17399519681930542
ppo,10,50045,5,1300,20,115,1,1,0,1,0,1.9153899489466757,1.2532714108056398,6.65790447838835,0.3500954210758209,1.9894993305206299,0.038992710411548615,2.234117738357559,0.12597382068634033,7.217768254465125,0.10197962075471878
ppo,10,50045,5,1301,21,172,1,1,0,1,0,12.702348686282834,-6.158603989682077,-49.348786111880784,1.0074588060379028,1.319085955619812,0.056826796382665634,3.2559355959760343,0.3042019009590149,17.429485044808224,0.20892775058746338
ppo,10,50045,5,1302,22,228,1,1,0,1,0,-21.380145007919054,19.7016533401451,65.17438906031369,5.205349445343018,4.470663070678711,0.17717885971069336,10.151600880363231,0.5739131569862366,32.882801702340416,0.46413543820381165
ppo,10,50045,5,1303,23,77,1,1,0,1,0,7.067524583292354,-3.6931789068742744,6.8895981554135215,1.0037816762924194,2.1385717391967773,0.008078558370471,0.46286729917807207,0.15852504968643188,9.082816294134222,0.08734108507633209
ppo,10,50045,5,1304,24,162,1,1,0,1,0,0.8221771911511149,4.797579514530316,33.09006720779904,0.40283700823783875,1.2436007261276245,0.0387459434568882,2.219979033332221,0.13806022703647614,7.910268327808024,0.10777606070041656
ppo,10,50045,5,1305,25,112,1,1,0,1,0,0.1840052962401435,0.2606673394843666,-14.92359450626268,0.25518494844436646,1.9355645179748535,0.02369253896176815,1.3574824884585803,0.0987308919429779,5.656863415894818,0.07305798679590225
ppo,10,50045,5,1306,26,183,1,1,0,1,0,-33.20970480130098,7.079094923746355,60.694440662945645,1.0273990631103516,0.7489428520202637,0.14119461178779602,8.089855345428814,0.36677059531211853,21.01440716088509,0.3245798945426941
ppo,10,50045,5,1307,27,297,1,1,0,1,0,36.37646736846403,32.856105907969415,-72.76628092656627,0.7968782186508179,0.367818683385849,0.25776317715644836,14.768742164947444,0.6926920413970947,39.688330474354835,0.6041091680526733
ppo,10,50045,5,1308,28,78,1,1,0,1,0,-0.8625299487675502,1.677193931831651,14.016695648646728,0.38881635665893555,1.9264107942581177,0.02609052136540413,1.4948767595335586,0.10625168681144714,6.087773220441752,0.0792163610458374
ppo,10,50045,5,1309,29,78,1,1,0,1,0,-5.588693005336213,2.8056094846094575,-6.7899320350446954,0.20416666567325592,3.0413413047790527,0.033055584877729416,1.893945502830363,0.11382316797971725,6.521587136046412,0.08996716886758804
ppo,10,50045,5,1310,30,85,1,1,0,1,0,-2.376209151869096,-0.07514574124848028,14.078221992690201,0.46058669686317444,2.8571817874908447,0.029232893139123917,1.6749213998287409,0.09390701353549957,5.380475542262021,0.076186403632164
ppo,10,50045,5,1311,31,134,1,1,0,1,0,26.293769436447885,42.871471835147574,-72.03774562893602,7.722078323364258,8.010133743286133,0.3171176314353943,18.169501890433256,0.5965163707733154,34.177870455771945,0.615375816822052
ppo,10,50045,5,1312,32,94,1,1,0,1,0,9.22951168203317,-1.9798942554682761,-43.77688171152447,0.3182925581932068,2.268554210662842,0.03937814012169838,2.256201234048091,0.18923091888427734,10.84213300545152,0.13399359583854675
ppo,10,50045,5,1313,33,102,1,1,0,1,0,1.3931536850075008,4.681097468424919,8.566833068380193,0.3340955078601837,1.3922920227050781,0.03374416381120682,1.9333981695802376,0.12563614547252655,7.198420889867418,0.09656223654747009
ppo,10,50045,5,1314,34,101,1,1,0,1,0,-3.9733259458715176,-3.4771810045617912,31.407258860469632,0.7179271578788757,3.0962395668029785,0.006634838413447142,0.3801482388417964,0.14529922604560852,8.325032418930695,0.07928445190191269
ppo,10,50045,5,1315,35,126,1,1,0,1,0,32.1523232158913,23.229200159646567,-67.43993548725024,0.3193136751651764,2.364704132080078,0.18551361560821533,10.629147216563013,0.5346212983131409,30.63154403114753,0.45282426476478577
ppo,10,50045,5,1316,36,150,1,1,0,1,0,6.6173194943401334,18.032396088129005,-41.77896941702569,1.1655117273330688,1.9308311939239502,0.0880674421787262,5.045892749353422,0.21354547142982483,12.235254247060464,0.1948401778936386
ppo,10,50045,5,1317,37,71,1,1,0,1,0,-4.615691576932877,4.564847648751302,-39.61106737446365,0.9185599684715271,2.474668502807617,0.044278647750616074,2.536979638656737,0.1819361001253128,10.424170678249991,0.13524669408798218
ppo,10,50045,5,1318,38,153,1,1,0,1,0,13.634491923071154,-0.9230727455705432,-66.76429317455258,4.770583629608154,5.794047832489014,0.10084650665521622,5.778079209981858,0.5142123103141785,29.462195154673836,0.35795265436172485
ppo,10,50045,5,1319,39,55,1,1,0,1,0,1.497177466066795,0.7790377163533143,2.935929493973301,0.37282079458236694,4.318089485168457,0.030074242502450943,1.7231271674433983,0.14626473188400269,8.380351828565919,0.10320660471916199
ppo,10,50045,5,1320,40,129,1,1,0,1,0,-3.8479236727100834,-2.0834399232856695,-24.64617754447907,0.6355451941490173,1.4799853563308716,0.008430629968643188,0.4830395158397643,0.20048272609710693,11.486814070641515,0.10867199301719666
ppo,10,50045,5,1321,41,163,1,1,0,1,0,-23.361938055976594,5.39927819927342,35.72571426510189,0.3262285888195038,1.2866355180740356,0.07292652130126953,4.17838188513364,0.29299062490463257,16.787126243936033,0.21942183375358582
ppo,10,50045,5,1322,42,87,1,1,0,1,0,-4.434609601657499,-2.517074973311439,11.517925582310923,1.4743313789367676,4.359945774078369,0.004004848189651966,0.22946089885766593,0.13048437237739563,7.476203829638189,0.0692470371723175
ppo,10,50045,5,1323,43,109,1,1,0,1,0,-3.7312094001729057,-1.4930383714297673,-26.053742928635298,0.3112010359764099,0.8022716641426086,0.012499519623816013,0.716169720385608,0.18170234560966492,10.410777531061242,0.1033506914973259
ppo,10,50045,5,1324,44,160,1,1,0,1,0,18.365777621517328,-3.9914122867937114,-55.65878807470537,0.6041329503059387,0.5021423101425171,0.08520732074975967,4.882019862578715,0.42575812339782715,24.3941435641056,0.29808637499809265
ppo,10,50045,5,1325,45,66,1,1,0,1,0,6.22951501364515,-4.292650949947954,5.250625962177262,0.23482345044612885,3.4083101749420166,0.020070679485797882,1.1499652264960198,0.24145151674747467,13.834152866662613,0.14079643785953522
ppo,10,50045,5,1326,46,157,1,1,0,1,0,8.459954268247834,1.2124951814606635,21.07226740089156,0.5052610635757446,0.4053133726119995,0.006922422908246517,0.39662561664720253,0.157182514667511,9.005894703701538,0.08551368117332458
ppo,10,50045,5,1327,47,159,1,1,0,1,0,-12.7706642383613,6.054812435054563,42.91249395130267,0.3800969123840332,1.6468608379364014,0.0627063736319542,3.5928105576814064,0.19271910190582275,11.041991170755264,0.15906593203544617
ppo,10,50045,5,1328,48,186,1,1,0,1,0,-12.312986922457087,16.615063533459658,65.08286452543553,0.8964404463768005,0.8686552047729492,0.09658845514059067,5.534110829244526,0.5076733827590942,29.087542203225713,0.3504251539707184
ppo,10,50045,5,1329,49,119,1,1,0,1,0,-3.461608173254162,-3.01059712197988,-27.836695509575428,0.2523704767227173,1.949709177017212,0.016623666509985924,0.9524659310551642,0.14938804507255554,8.559304492367547,0.09131769090890884
ppo,10,50045,5,1330,50,61,1,1,0,1,0,-11.234472731755393,-1.9215371191996873,1.0436938863129683,0.3752480447292328,3.535837411880493,0.02451215870678425,1.4044432406535914,0.10661228746175766,6.108434115794218,0.07781830430030823
ppo,10,50045,5,1331,51,91,1,1,0,1,0,15.537287003188325,-3.506359572696086,-12.729847027881306,1.5656037330627441,2.3078272342681885,0.015354286879301071,0.879735835617047,0.19245965778827667,11.027126117800377,0.11158411204814911
ppo,10,50045,5,1332,52,71,1,1,0,1,0,6.347035248504389,1.4495573871734662,-34.3357024671126,9.454626083374023,10.187973976135254,0.05126316845417023,2.9371631968921346,0.2599506378173828,14.894074428669885,0.18123848736286163
ppo,10,50045,5,1333,53,189,1,1,0,1,0,-25.450828470219932,2.00339010621312,75.62069894298463,4.209904670715332,3.3079750537872314,0.18027479946613312,10.328985161976695,0.5240020751953125,30.02310736478821,0.4422758221626282
ppo,10,50045,5,1334,54,102,1,1,0,1,0,-11.349165268298247,4.905332578876438,26.479304695062112,0.7412407994270325,2.318389654159546,0.03551066666841507,2.0346113277960716,0.02975803054869175,1.7050095570614106,0.05038968101143837
ppo,10,50045,5,1335,55,154,1,1,0,1,0,3.466676173618312,4.216357736918911,1.0004041473534275,0.286068856716156,0.5029258728027344,0.041465599089860916,2.3758038228305383,0.17613066732883453,10.091543880764956,0.12953093647956848
ppo,10,50045,5,1336,56,68,1,1,0,1,0,10.548079701304133,-3.893767902419209,-7.572726355441517,0.515847384929657,2.9046881198883057,0.07063491642475128,4.047082597397546,0.20502102375030518,11.7468393723439,0.17314542829990387
ppo,10,50045,5,1337,57,62,1,1,0,1,0,-0.1133948006005517,-0.7581100167363953,-9.752704172456147,0.31521570682525635,3.3617892265319824,0.03997550532221794,2.2904277388658483,0.09383124858140945,5.376134530157654,0.08689112961292267
ppo,10,50045,5,1338,58,117,1,1,0,1,0,-30.203820509848406,6.8647499272130155,74.66758702544438,4.106090068817139,3.734384536743164,0.19704653322696686,11.289934721589542,0.5293273329734802,30.328222160296434,0.46171021461486816
ppo,10,50045,5,1339,59,145,1,1,0,1,0,-26.257828981035278,3.768843742499676,49.1948336479887,0.617598295211792,2.2341206073760986,0.11372194439172745,6.515787451667425,0.39117541909217834,22.412700563243025,0.3093096613883972
ppo,10,50045,5,1340,60,70,1,1,0,1,0,-7.422790042781397,-0.7133586172944717,-9.474360303399788,0.1505730003118515,2.9160783290863037,0.027557240799069405,1.5789135928123972,0.1057327389717102,6.058039699437394,0.08042360842227936
ppo,10,50045,5,1341,61,152,1,1,0,1,0,3.939243301913154,1.7186941612286486,-12.358940435192933,0.2196415811777115,0.43322110176086426,0.040920961648225784,2.3445983960600425,0.13465246558189392,7.7150179788731,0.10824719071388245
ppo,10,50045,5,1342,62,70,1,1,0,1,0,3.4579608522373757,-4.354395860044869,15.259598832292287,0.30284634232521057,2.647653341293335,0.023889943957328796,1.368792961559004,0.1834627389907837,10.511640642082114,0.11562131345272064
ppo,10,50045,5,1343,63,110,1,1,0,1,0,37.57166851094622,23.031015390689475,-67.740190603164,1.5946016311645508,1.1930747032165527,0.18397264182567596,10.540855922483196,0.579877495765686,33.22453314198908,0.4739114046096802
ppo,10,50045,5,1344,64,84,1,1,0,1,0,-2.854486318310069,-0.5488330205672046,7.14589417382908,0.38969144225120544,2.78265380859375,0.01898605190217495,1.0878206436109532,0.12294898927211761,7.044458180691575,0.0804605484008789
ppo,10,50045,5,1345,65,85,1,1,0,1,0,-6.918175666900855,-6.458804464082478,37.97631623813446,2.05435848236084,4.717817783355713,0.03708695247769356,2.1249258519740923,0.20862069725990295,11.953085472068897,0.14139729738235474
ppo,10,50045,5,1346,66,100,1,1,0,1,0,-4.4756453781909356,1.1632631779232117,17.335498226734263,0.4925249218940735,0.9924613833427429,0.03712162375450134,2.1269123698055084,0.15054592490196228,8.62564611977588,0.11239458620548248
ppo,10,50045,5,1347,67,106,1,1,0,1,0,-22.188784764135203,14.019632629989832,58.09241179673759,0.43216466903686523,1.6900535821914673,0.1211688220500946,6.942462112042128,0.24048644304275513,13.778858216463128,0.24141204357147217
ppo,10,50045,5,1348,68,114,1,1,0,1,0,-7.068057338047615,0.09775366740122249,-36.23323830156886,0.5581163763999939,2.924347400665283,0.04276474192738533,2.4502392244053373,0.2079472839832306,11.914501733447494,0.14673838019371033
ppo,10,50045,5,1349,69,96,1,1,0,1,0,-35.82807148000371,35.25892547684489,71.80737700860983,0.14742924273014069,1.524582862854004,0.28227490186691284,16.17316053944359,0.9627412557601929,55.16101071818401,0.7636455297470093
ppo,10,50045,5,1350,70,91,1,1,0,1,0,-31.12819099136125,5.3695805367622045,64.56409799759471,0.7699483633041382,2.0768256187438965,0.14736329019069672,8.443294583088527,0.5920360684394836,33.92116804110077,0.44338130950927734
ppo,10,50045,5,1351,71,177,1,1,0,1,0,-9.178476508554835,28.351486867319288,78.8899553288329,0.5962743163108826,0.5939604043960571,0.17195111513137817,9.852073179596077,0.8556326627731323,49.02414039044091,0.5997674465179443
ppo,10,50045,5,1352,72,147,1,1,0,1,0,-9.628285446535195,6.409763705841786,34.35673944975624,0.977465808391571,1.6388963460922241,0.03659779578447342,2.0968992379320026,0.12379927933216095,7.093176212493983,0.0984974354505539
ppo,10,50045,5,1353,73,118,1,1,0,1,0,-5.262428529063044,-1.0164550919029576,3.4193702834268036,1.5593414306640625,1.7266119718551636,0.016746345907449722,0.9594949427630478,0.1213388741016388,6.9522053768931515,0.07741577923297882
ppo,10,50045,5,1354,74,98,1,1,0,1,0,-23.224460008362577,1.1482094409925034,34.86577978821895,0.38345304131507874,1.829920768737793,0.06769847124814987,3.878836682006738,0.617746889591217,35.39428958091078,0.376571923494339
ppo,10,50045,5,1355,75,71,1,1,0,1,0,-14.539027535234283,3.294828614100791,-57.956955485117895,0.8684387803077698,3.579343318939209,0.07354873418807983,4.214032057506522,0.21149767935276031,12.117924403724338,0.1792975664138794
ppo,10,50045,5,1356,76,127,1,1,0,1,0,-26.43563246550905,25.939924656306207,61.21484643618726,2.2287511825561523,1.6009575128555298,0.17014876008033752,9.748805841987362,0.4214280843734741,24.14605060288323,0.3808628022670746
ppo,10,50045,5,1357,77,147,1,1,0,1,0,-8.247494403925417,6.012274016903724,23.84863001547502,0.2810781002044678,0.48281359672546387,0.018693413585424423,1.0710537031373355,0.4339292347431183,24.862313758122248,0.23565803468227386
ppo,10,50045,5,1358,78,169,1,1,0,1,0,46.96443537452104,40.99169449253335,-60.98081683446594,5.632864475250244,5.96169900894165,0.30164197087287903,17.282811855024075,0.6608186364173889,37.86211889030643,0.6320512890815735
ppo,10,50045,5,1359,79,111,1,1,0,1,0,-18.966793287343428,6.8063518098094065,55.947459189786784,0.5239761471748352,2.568495988845825,0.10043518245220184,5.754512069137552,0.34096574783325195,19.53589830936723,0.270918071269989
ppo,10,50045,5,1360,80,114,1,1,0,1,0,8.512560385235272,8.626378657564365,48.066090246130734,0.3016544282436371,2.2061007022857666,0.06809687614440918,3.901663601099744,0.22934527695178986,13.140516420596553,0.1827695071697235
ppo,10,50045,5,1361,81,71,1,1,0,1,0,-8.577583786133793,2.0014503324888366,-38.26786969304562,1.0706740617752075,3.400810718536377,0.04821218550205231,2.762354750369413,0.03552551195025444,2.0354618997911498,0.06597494333982468
ppo,10,50045,5,1362,82,111,1,1,0,1,0,-4.9479666196756575,-0.02706120949159052,-18.023188993127828,0.15374326705932617,2.2643792629241943,0.02351449802517891,1.3472814942114606,0.18915951251983643,10.838041722138684,0.11809425055980682
ppo,10,50045,5,1363,83,104,1,1,0,1,0,-2.128136681214233,0.31472145657584755,14.197012642735064,0.12378047406673431,2.835885763168335,0.011388765648007393,0.6525282054943977,0.09202437102794647,5.272608072247302,0.05740094929933548
ppo,10,50045,5,1364,84,126,1,1,0,1,0,9.560885139805508,16.442888124861977,64.35331835980811,1.5848227739334106,1.5853735208511353,0.1006619930267334,5.767507357807147,0.32947883009910583,18.87774640358668,0.2654014229774475
ppo,10,50045,5,1365,85,270,1,1,0,1,0,-18.975481287967686,7.350649584767723,70.23613297118342,4.49017858505249,4.133227825164795,0.1340768039226532,7.682034995371109,0.46630603075027466,26.717367523488324,0.3672298192977905
ppo,10,50045,5,1366,86,103,1,1,0,1,0,10.154537861706338,2.8601417149428396,-15.15352599448199,0.42419037222862244,2.998918294906616,0.029362991452217102,1.682375484090752,0.2822381854057312,16.171056841179222,0.1704820841550827
ppo,10,50045,5,1367,87,187,1,1,0,1,0,-36.2107259980645,35.248420645901405,71.52821351685307,1.020412802696228,0.704262912273407,0.31319910287857056,17.944986742225765,1.03898286819458,59.52933333394653,0.8326905369758606
ppo,10,50045,5,1368,88,93,1,1,0,1,0,-0.5376315103283836,5.300745890306816,-34.74228996802512,0.7113400101661682,2.9561607837677,0.0542057603597641,3.1057612939120216,0.028330055996775627,1.623192641984532,0.06837078928947449
ppo,10,50045,5,1369,89,144,1,1,0,1,0,3.0830654290737156,1.0850575119265657,6.635405835262327,0.23764917254447937,1.0492545366287231,0.03316633030772209,1.9002907485693048,0.1490543931722641,8.540187646654328,0.10769352316856384
ppo,10,50045,5,1370,90,268,1,1,0,1,0,-60.30042071010595,30.02835295007078,-104.1653162392752,10.551610946655273,8.132369041442871,0.4130233824253082,23.66449665318794,0.7633765339851379,43.73825357667346,0.7947116494178772
ppo,10,50045,5,1371,91,63,1,1,0,1,0,11.706384161889915,-2.518659577198882,-16.512733639314526,0.3054589331150055,5.107817649841309,0.059297192841768265,3.397478886806678,0.17781886458396912,10.188270458469738,0.14820662140846252
ppo,10,50045,5,1372,92,105,1,1,0,1,0,-8.050566389775609,13.853413146348402,46.4737136034123,0.506679117679596,3.919923782348633,0.08113141357898712,4.6484875840063395,0.13152500987052917,7.535827965997816,0.1468939185142517
ppo,10,50045,5,1373,93,165,1,1,0,1,0,-11.669910951722047,1.220746049978039,64.9478453459227,3.1669318675994873,2.8990654945373535,0.09450706094503403,5.4148557263361035,0.3005038797855377,17.217604039017964,0.2447589933872223
ppo,10,50045,5,1374,94,128,1,1,0,1,0,2.082715923233648,0.041691474693757835,-25.858235593832852,0.13446980714797974,0.9925166964530945,0.04020080342888832,2.3033363695103493,0.15266674757003784,8.747160307752285,0.11653417348861694
ppo,10,50045,5,1375,95,63,1,1,0,1,0,12.03630961955821,4.847166687904609,-18.611131676882525,0.8384702205657959,4.531683444976807,0.039277467876672745,2.250433139294015,0.17134779691696167,9.817505592206643,0.12495136260986328
ppo,10,50045,5,1376,96,79,1,1,0,1,0,-5.57612545726339,1.4761541438014958,30.845202593669285,0.5958133935928345,2.5138063430786133,0.0407119058072567,2.3326203786899558,0.14423789083957672,8.264222390976425,0.11283084750175476
ppo,10,50045,5,1377,97,165,1,1,0,1,0,33.496108293577954,34.14233981170954,-71.2457715342947,4.861464500427246,4.565466403961182,0.22442516684532166,12.858614876756263,0.5874585509300232,33.658895607161455,0.5181544423103333
ppo,10,50045,5,1378,98,218,1,1,0,1,0,-12.327958697117754,2.684756117435252,-8.78964749948435,0.9168384075164795,0.41280707716941833,0.009292070753872395,0.5323964371338333,0.09643854200839996,5.525521439476411,0.0575113408267498
ppo,10,50045,5,1379,99,71,1,1,0,1,0,-5.316250419722745,-0.9525791627849983,-34.933589906298835,0.30844593048095703,4.374403476715088,0.036468565464019775,2.0894948859848856,0.10692750662565231,6.126494843507024,0.08993232250213623
ppo,10,50045,5,1380,100,104,1,1,0,1,0,-4.481437378607106,-0.7535201296141467,-2.3818918692585465,0.3046564757823944,3.0838425159454346,0.02225307933986187,1.2750075273438533,0.20004138350486755,11.461527002786834,0.1222737729549408
ppo,10,50045,5,1381,101,124,1,1,0,1,0,-3.549854217330727,1.5724051695853154,6.082898172921656,0.4292546510696411,1.1562989950180054,0.0034726725425571203,0.19896948031948775,0.09704834222793579,5.5604604184019655,0.05199684202671051
ppo,10,50045,5,1382,102,71,1,1,0,1,0,-3.8602726547294663,3.660639885668334,19.477595814612002,0.5467224717140198,2.983750820159912,0.02202504314482212,1.2619420157918535,0.31335142254829407,17.95371401643775,0.1787007600069046
ppo,10,50045,5,1383,103,73,1,1,0,1,0,3.806409782934746,0.2733988120972704,-15.94134733410794,0.8055737614631653,1.8683534860610962,0.025601938366889954,1.4668830157768498,0.14927372336387634,8.552754340953504,0.10023880004882812
ppo,10,50045,5,1384,104,230,1,1,0,1,0,4.324834801317054,5.334514345563359,40.76661243862475,0.438412606716156,1.1567261219024658,0.05531853437423706,3.169518548493152,0.19071656465530396,10.927254237982805,0.15067681670188904
ppo,10,50045,5,1385,105,192,1,1,0,1,0,-8.706756323717075,5.752480941633119,12.227213406860066,0.6723617911338806,0.8401899337768555,0.025246957316994667,1.4465440998107268,0.07368776947259903,4.2219981925128724,0.06209084391593933
ppo,10,50045,5,1386,106,238,1,1,0,1,0,-40.19999360545883,20.595328951527907,74.621251022115,1.7246583700180054,1.115365982055664,0.25031784176826477,14.342155870145127,0.7911468148231506,45.329373464584606,0.6458912491798401
ppo,10,50045,5,1387,107,96,1,1,0,1,0,4.040726252601203,-0.3067164748685926,-4.854365707289802,0.6051496863365173,3.002578020095825,0.029342394322156906,1.6811953554682206,0.15786942839622498,9.045251961246443,0.10827711224555969
ppo,10,50045,5,1388,108,59,1,1,0,1,0,12.269437636309085,3.96385930368188,-18.868219997241805,0.23202373087406158,3.715498924255371,0.041166651993989944,2.3586754159394387,0.33041220903396606,18.931225077240587,0.20637275278568268
ppo,10,50045,5,1389,109,63,1,1,0,1,0,1.149493516556466,-0.11426906481431333,-3.4567450785651133,0.25930193066596985,3.000322103500366,0.05043238401412964,2.8895627547926694,0.08710582554340363,4.990796174639868,0.09398529678583145
ppo,10,50045,5,1390,110,215,1,1,0,1,0,-27.596764624411218,29.348598863492768,71.83259406702552,0.34516921639442444,0.8080937266349792,0.2354244738817215,13.488828747510523,1.0715829133987427,61.39717833608075,0.7712159156799316
ppo,10,50045,5,1391,111,95,1,1,0,1,0,-3.234955175836459,8.887073317805411,41.70547658155636,0.9612197875976562,1.9263170957565308,0.049292728304862976,2.8242652925537013,0.10816517472267151,6.197408001904212,0.10337531566619873
ppo,10,50045,5,1392,112,154,1,1,0,1,0,-6.99068495512971,2.6436110578750953,-8.91794577285387,0.6469377875328064,0.5800120830535889,0.02558293379843235,1.4657941342127616,0.26503434777259827,15.18534955337237,0.15810011327266693
ppo,10,50045,5,1393,113,187,1,1,0,1,0,-5.940857558942071,1.5068490139315331,-28.72675112069813,0.8763856887817383,0.6189385056495667,0.030979694798588753,1.7750057625625244,0.3248535990715027,18.612740186432063,0.19340649247169495
ppo,10,50045,5,1394,114,127,1,1,0,1,0,18.150052926771643,20.211991414550113,-54.831242354866625,0.4989697337150574,2.183429718017578,0.11296046525239944,6.472157910796676,0.5832891464233398,33.42000632584567,0.40460503101348877
ppo,10,50045,5,1395,115,107,1,1,0,1,0,-20.59002872473198,0.6919664648139918,35.802854421588016,0.5035893321037292,1.8794856071472168,0.05531219020485878,3.1691550543632605,0.2568446695804596,14.716115557392495,0.18373452126979828
ppo,10,50045,5,1396,116,157,1,1,0,1,0,-5.588201231715972,0.019834869349717028,-17.15646530820989,0.3132399320602417,0.32236921787261963,0.01141453068703413,0.6540044334896196,0.09300611168146133,5.3288576682701185,0.05791758745908737
ppo,10,50045,5,1397,117,127,1,1,0,1,0,2.7102737041744196,2.4558491575914445,39.966250871682654,0.1093757376074791,2.5232253074645996,0.0489497147500515,2.804612063547224,0.1657596379518509,9.4973276682576,0.13182953000068665
ppo,10,50045,5,1398,118,59,1,1,0,1,0,2.06762120516792,0.8667919868096382,12.26184246595203,0.11527342349290848,2.7836363315582275,0.03887152299284935,2.227174210736006,0.14785940945148468,8.471720122866827,0.11280122399330139
ppo,10,50045,5,1399,119,83,1,1,0,1,0,-29.3221250502698,2.566375278740591,62.25855398287857,0.39150726795196533,2.1701879501342773,0.12288981676101685,7.04106784554231,0.3976520895957947,22.78378644839711,0.3217158615589142
ppo,10,50045,5,1400,120,168,1,1,0,1,0,22.059871773740383,30.171076582967366,-70.50964106630741,0.2087838053703308,0.9598286747932434,0.19109278917312622,10.948810315003366,0.481481671333313,27.58686768030387,0.4318336248397827
ppo,10,50045,5,1401,121,139,1,1,0,1,0,-4.22653471878223,-4.207574113646275,-31.93535542671668,0.20968900620937347,1.7142884731292725,0.015126358717679977,0.8666765139239826,0.13638605177402496,7.814345151104365,0.08331938087940216
ppo,10,50045,5,1402,122,97,1,1,0,1,0,-5.421052842347421,4.658434900758817,12.354896963204284,0.7847617864608765,2.2939889430999756,0.02521173283457756,1.444525885632694,0.08839289844036102,5.064540019561203,0.06940817832946777
ppo,10,50045,5,1403,123,72,1,1,0,1,0,0.6506438203354147,-5.89752683884751,-44.46787828947632,0.37713760137557983,4.098334789276123,0.02662164531648159,1.52530792032861,0.1880917251110077,10.776862010195586,0.12066750973463058
ppo,10,50045,5,1404,124,53,1,1,0,1,0,9.717569679365601,-3.4231405478486505,4.606074670581499,0.2420203685760498,3.1699025630950928,0.002054007491096854,0.11768596032810476,0.5962807536125183,34.16437058687742,0.3001943826675415
ppo,10,50045,5,1405,125,97,1,1,0,1,0,3.2270458167775846,0.051663550881976446,28.049797411679826,0.6236246228218079,1.9189183712005615,0.03511033579707146,2.011674058459288,0.149869903922081,8.586912970766384,0.11004528403282166
ppo,10,50045,5,1406,126,87,1,1,0,1,0,-3.4833008540581227,-1.4620019918412293,-20.159289674914294,0.3258272707462311,2.4941325187683105,0.03314193710684776,1.898893121110391,0.0771711990237236,4.421584004023462,0.07172753661870956
ppo,10,50045,5,1407,127,139,1,1,0,1,0,-6.22985652310365,4.8211163464101805,-22.388881986059896,1.525300145149231,0.6541803479194641,0.036215219646692276,2.0749792398947275,0.14292022585868835,8.188725748759335,0.10767532885074615
ppo,10,50045,5,1408,128,121,1,1,0,1,0,-11.6020461921288,0.5344486421751578,-36.19116433628158,1.0300642251968384,1.954811930656433,0.04068852961063385,2.3312810212823982,0.1661802977323532,9.521429698291284,0.12377867847681046
ppo,10,50045,5,1409,129,93,1,1,0,1,0,-6.832115283358695,7.885931510021622,-46.68255346747461,0.46544259786605835,2.1775827407836914,0.06319067627191544,3.6205590549582296,0.0866214781999588,4.963045116042107,0.10650141537189484
ppo,10,50045,5,1410,130,176,1,1,0,1,0,-48.23650346592255,28.795312559586716,68.80255822666778,5.518322467803955,4.6464667320251465,0.2870405912399292,16.446214426987773,0.8326202630996704,47.70562701268331,0.7033507227897644
ppo,10,50045,5,1411,131,162,1,1,0,1,0,-1.630571060557144,5.737686751890871,44.0520427124276,1.6960102319717407,1.9937258958816528,0.04827199503779411,2.7657815843420557,0.019610652700066566,1.1236076332106466,0.05807732045650482
ppo,10,50045,5,1412,132,114,1,1,0,1,0,-25.965442243045374,2.6929523444392673,44.56990765529797,0.5215363502502441,2.7215213775634766,0.08711309731006622,4.991212816179239,0.35823240876197815,20.52520510686668,0.2662293016910553
ppo,10,50045,5,1413,133,178,1,1,0,1,0,-12.646245512440348,7.902597171596453,-39.85307463713554,1.428926944732666,0.8177152872085571,0.04920051991939545,2.8189821412306966,0.057094868272542953,3.2712949838721004,0.07774795591831207
ppo,10,50045,5,1414,134,68,1,1,0,1,0,-4.213967170709407,-1.3175844720304797,-16.014184471416957,0.25691840052604675,3.2529451847076416,0.022003594785928726,1.2607131153497801,0.08550415188074112,4.899027033612047,0.06475567072629929
ppo,10,50045,5,1415,135,130,1,1,0,1,0,-10.76668673587956,2.0182252770903877,27.05187945318428,0.14445559680461884,1.6469109058380127,0.048130013048648834,2.757646615597159,0.17559295892715454,10.060735458739966,0.1359264850616455
ppo,10,50045,5,1416,136,190,1,1,0,1,0,-19.976295246671313,14.015712101406246,68.11251787519974,0.2225465476512909,0.22321617603302002,0.1365983486175537,7.826508864242511,0.5176957249641418,29.661780112410778,0.39544621109962463
ppo,10,50045,5,1417,137,80,1,1,0,1,0,6.500400316127855,4.768400946396022,21.285260019969236,0.8407906293869019,1.9784468412399292,0.01985243149101734,1.1374605375079017,0.1259591281414032,7.21692643364992,0.08283199369907379
ppo,10,50045,5,1418,138,298,1,1,0,1,0,-28.056736883876557,17.37621981456588,63.04134830327539,1.2527179718017578,0.9329724907875061,0.15263736248016357,8.745476666121876,0.4332180619239807,24.821566557081244,0.36924639344215393
ppo,10,50045,5,1419,139,68,1,1,0,1,0,0.3083420598910556,0.09642861070224001,-9.52982143946029,6.403632164001465,7.611748218536377,0.01911529153585434,1.095225529166599,0.12678833305835724,7.264436375742883,0.08250945806503296
ppo,10,50045,5,1420,140,188,1,1,0,1,0,-4.268226193475988,5.470762959126773,10.970964033576301,0.6433353424072266,0.6476947665214539,0.011942900717258453,0.6842778062426731,0.06411147862672806,3.6733171436547005,0.04399864003062248
ppo,10,50045,5,1421,141,85,1,1,0,1,0,-23.902451906134722,5.406559180928653,52.95080931409207,0.8019437789916992,4.444669723510742,0.12094371765851974,6.929564580455028,0.4321896433830261,24.762642515111544,0.3370385468006134
ppo,10,50045,5,1422,142,293,1,1,0,1,0,11.272598847702405,12.0840526418566,-40.38069309014068,0.48039910197257996,1.0879452228546143,0.05566181614995003,3.1891871454252616,0.1951221078634262,11.179673270270735,0.15322287380695343
ppo,10,50045,5,1423,143,68,1,1,0,1,0,8.201841419513052,1.820218093051718,-17.343120717848,0.5623095631599426,2.536930799484253,0.04820072278380394,2.761697984992034,0.21086838841438293,12.081868688869488,0.1536349207162857
ppo,10,50045,5,1424,144,109,1,1,0,1,0,-4.423353449905318,-1.420037309580671,-14.81671570613032,0.5999864339828491,1.3619482517242432,0.009082120843231678,0.5203671933449715,0.22788476943969727,13.056835504206495,0.12302450835704803
ppo,10,50045,5,1425,145,33,1,1,0,1,0,-2.514834671263675,-4.670005241212818,-0.4647943730193677,18.708494186401367,19.209590911865234,0.016477467492222786,0.9440893443683782,0.1433124840259552,8.211200486223262,0.08813370764255524
ppo,10,50045,5,1426,146,116,1,1,0,1,0,28.038869109007805,2.71577883664545,-61.36150425804577,0.8201521039009094,2.6268835067749023,0.10374054312705994,5.943895285575434,0.4269472062587738,24.462272993529186,0.31721413135528564
ppo,10,50045,5,1427,147,141,1,1,0,1,0,-3.7497328732019803,6.772747279092944,11.54930347135796,0.20443621277809143,0.4614790380001068,0.02566656470298767,1.4705858320806429,0.3774847984313965,21.628285780465617,0.2144089639186859
ppo,10,50045,5,1428,148,99,1,1,0,1,0,-7.687746741064532,-2.8318100902656265,-42.22462559999069,0.6214359998703003,3.790517807006836,0.04116547852754593,2.3586081812647963,0.17070874571800232,9.780890655613497,0.12651985883712769
ppo,10,50045,5,1429,149,182,1,1,0,1,0,-13.35368918591359,2.3366760169530623,-66.06351576570927,1.4519649744033813,1.3853695392608643,0.08695048093795776,4.981895584377695,0.2292623668909073,13.13576602402881,0.2015816569328308
ppo,10,50045,5,1430,150,206,1,1,0,1,0,-6.86686728585572,-0.005259245660909818,-14.295326385648227,0.6579198241233826,0.36118119955062866,0.007449301425367594,0.4268135319943515,0.12594230473041534,7.215962523203302,0.07042045146226883
ppo,10,50045,5,1431,151,100,1,1,0,1,0,2.2497413691971397,0.6601377832817323,14.61287554054046,0.5284360647201538,2.8015859127044678,0.0462418831884861,2.649464743437208,0.09872327744960785,5.656427137561583,0.09560352563858032
ppo,10,50045,5,1432,152,129,1,1,0,1,0,-13.665856151739852,7.870604565524113,45.96317062333219,0.8452319502830505,1.7001423835754395,0.06777495890855789,3.8832191021329474,0.21325378119945526,12.218541627935089,0.17440184950828552
ppo,10,50045,5,1433,153,137,1,1,0,1,0,7.80992516493772,-2.1449662673291443,28.341173281672567,0.5114203691482544,1.3757655620574951,0.02971760183572769,1.7026931624374244,0.2097431719303131,12.017398533293738,0.13458919525146484
ppo,10,50045,5,1434,154,78,1,1,0,1,0,4.611443199269129,-1.2973124705738819,1.195679255724092,0.49679049849510193,2.1335325241088867,0.03316030651330948,1.8999456105728076,0.14838075637817383,8.50159110142823,0.10735068470239639
ppo,10,50045,5,1435,155,62,1,1,0,1,0,0.06544687262706218,17.49002442651663,-39.30321708819283,0.49387845396995544,3.4711406230926514,0.06977622956037521,3.9978834641454752,0.10632143169641495,6.091769307993033,0.12293694913387299
ppo,10,50045,5,1436,156,145,1,1,0,1,0,-11.492872448435316,7.58510265821758,42.0289680010265,0.631580114364624,1.3506743907928467,0.05094507336616516,2.9189376908656017,0.17474980652332306,10.012426384514113,0.1383199691772461
ppo,10,50045,5,1437,157,175,1,1,0,1,0,20.738667301449794,23.441974212670804,-60.61799718575487,0.5485950112342834,0.9433733224868774,0.13647951185703278,7.819700019413655,0.37674158811569214,21.585702966085172,0.32485032081604004
ppo,10,50045,5,1438,158,133,1,1,0,1,0,15.369797104361274,-5.496348847757641,-58.33594902178356,0.17906302213668823,1.703416347503662,0.08290897309780121,4.750334242267692,0.4039701223373413,23.1457830593132,0.28489404916763306
ppo,10,50045,5,1439,159,75,1,1,0,1,0,11.058663662519265,-4.8357875927473675,-15.382583218487538,1.5732556581497192,4.673966884613037,0.07573993504047394,4.339578618414173,0.1970004439353943,11.287293999701687,0.17424015700817108
ppo,10,50045,5,1440,160,69,1,1,0,1,0,12.211900122740898,0.4019019911418903,-7.3306098097429055,1.0192451477050781,2.870724678039551,0.018818458542227745,1.0782182514115615,0.19608204066753387,11.234673368562262,0.11685948073863983
ppo,10,50045,5,1441,161,141,1,1,0,1,0,-2.8350339395538726,4.260958872199095,18.490073404033218,0.6828894019126892,0.9940699934959412,0.020339567214250565,1.1653713584992185,0.3128395676612854,17.924386891689007,0.17675934731960297
ppo,10,50045,5,1442,162,247,1,1,0,1,0,16.302268190229753,22.03207290381843,-57.32191181684679,0.4241960048675537,0.9633691310882568,0.12154465168714523,6.9639955640610625,0.3380243480205536,19.367368514239043,0.29055681824684143
ppo,10,50045,5,1443,163,107,1,1,0,1,0,-2.4739628192703185,6.951343065510438,-19.082305446586684,0.9618666768074036,1.3585925102233887,0.041119348257780075,2.355965111499413,0.2265748381614685,12.98178197051181,0.15440677106380463
ppo,10,50045,5,1444,164,116,1,1,0,1,0,-5.462416467961018,3.207525136129688,-3.9003248840224214,0.6604293584823608,0.7355872988700867,0.017293153330683708,0.990824700320779,0.1293584555387497,7.411693546701065,0.0819723829627037
ppo,10,50045,5,1445,165,57,1,1,0,1,0,1.7324911433520742,1.399683345854033,-9.083728124388418,0.5235299468040466,3.807746171951294,0.047548361122608185,2.724320415089374,0.11481913924217224,6.578652085901399,0.1049579307436943
ppo,10,50045,5,1446,166,268,1,1,0,1,0,23.270659407908543,7.157860665254943,-54.438479156834205,0.7926596999168396,0.6014143824577332,0.09340500831604004,5.351712761893451,0.3483245372772217,19.95752588683212,0.2675672769546509
ppo,10,50045,5,1447,167,138,1,1,0,1,0,0.4135952750009521,-0.9684252016594279,-26.78156788659186,0.3837604820728302,0.8993247151374817,0.05359635129570961,3.070844726544682,0.2698957324028015,15.463886375272784,0.18854421377182007
ppo,10,50045,5,1448,168,163,1,1,0,1,0,-3.012618857974204,2.491871575274092,3.5099795729561927,0.24050527811050415,0.7898731231689453,0.03540649265050888,2.0286425962351267,0.08794758468866348,5.039025421029797,0.07938028872013092
ppo,10,50045,5,1449,169,167,1,1,0,1,0,23.02846089993989,7.903430454675195,-59.02088039175244,0.936669111251831,1.2002477645874023,0.08511380106210709,4.87666157917484,0.3195370137691498,18.308122287185956,0.24488231539726257
ppo,10,50045,5,1450,170,88,1,1,0,1,0,1.0192418090843227,-3.2029898905207994,-42.28489518922688,0.4511925280094147,3.248598337173462,0.03504328057169914,2.0078320770511557,0.22162742912769318,12.698316313351587,0.14585699141025543
ppo,10,50045,5,1451,171,416,1,1,0,1,0,4.805871364182712,17.67228119432925,69.35927328553718,1.7178564071655273,1.2165796756744385,0.11121178418397903,6.371965865861759,0.24824202060699463,14.223220078580402,0.23533278703689575
ppo,10,50045,5,1452,172,124,1,1,0,1,0,-0.632598460548241,0.7287265429270005,7.626930736694739,0.3047947585582733,1.711825966835022,0.02492811530828476,1.4282757983801757,0.16094444692134857,9.221437544660569,0.10540033876895905
ppo,10,50045,5,1453,173,48,1,1,0,1,0,-8.953298831997854,0.3325482503095808,-3.385765752710341,0.38762542605400085,3.4693045616149902,0.026533160358667374,1.5202381056954621,0.06223360449075699,3.5657228812067823,0.05764996260404587
ppo,10,50045,5,1454,174,125,1,1,0,1,0,-32.81475594273416,6.970986689563394,67.01725606065317,0.2294720709323883,2.1022074222564697,0.14958812296390533,8.570768111115767,0.2980988621711731,17.07980668006025,0.2986375689506531
ppo,10,50045,5,1455,175,179,1,1,0,1,0,-36.669222936669115,29.860753768217005,66.84087325552676,1.7752681970596313,1.6049283742904663,0.26211902499198914,15.018313862125124,0.6798374652862549,38.95181751577402,0.602037787437439
ppo,10,50045,5,1456,176,125,1,1,0,1,0,37.285087433750824,6.043733868220802,-66.03247938612073,0.5854321718215942,2.5953474044799805,0.13163915276527405,7.542367872128103,0.49083152413368225,28.122574784833603,0.37705492973327637
ppo,10,50045,5,1457,177,135,1,1,0,1,0,10.996153771235308,4.991707151120419,-30.250375079231212,0.3266105651855469,0.2604694068431854,0.022092368453741074,1.265799471847324,0.503056526184082,28.823015806860287,0.2736206352710724
ppo,10,50045,5,1458,178,101,1,1,0,1,0,-0.7808955278075578,1.8839983995212972,10.169318391070245,0.5261502265930176,3.1794166564941406,0.03746965527534485,2.1468531070873604,0.10218537598848343,5.854790772097563,0.08856233954429626
ppo,10,50045,5,1459,179,161,1,1,0,1,0,3.5200882529278115,8.439395398846095,37.11326719498999,0.05943331867456436,1.686021089553833,0.06504631787538528,3.7268794871259407,0.16164623200893402,9.261646868304434,0.1458694338798523
ppo,10,50045,5,1460,180,137,1,1,0,1,0,-23.945509418662482,37.70723410559263,68.10344738398196,0.6878281235694885,1.6143757104873657,0.2817973792552948,16.14580050917581,0.701335608959198,40.18357041559953,0.6324651837348938
ppo,10,50045,5,1461,181,59,1,1,0,1,0,4.624830370042354,0.8889354600988195,-26.68119142654935,0.2896614968776703,3.0342185497283936,0.051207564771175385,2.933977340531147,0.16300469636917114,9.33948114276496,0.13270992040634155
ppo,10,50045,5,1462,182,120,1,1,0,1,0,-10.82526243820159,-5.220573129829206,32.8457923223227,3.6558260917663574,1.0496906042099,0.023740781471133232,1.36024658063832,0.14686724543571472,8.414873312178457,0.09717440605163574
ppo,10,50045,5,1463,183,261,1,1,0,1,0,8.406583170073354,30.17843952689264,-83.87867085709685,13.557954788208008,12.376230239868164,0.21118950843811035,12.100267510946209,0.2055712789297104,11.778366671779033,0.31397515535354614
ppo,10,50045,5,1464,184,266,1,1,0,1,0,15.51836737918739,11.23305205240803,-43.05758082965208,0.15988165140151978,0.9635012745857239,0.06534877419471741,3.7442089577107325,0.4432605504989624,25.396958768236043,0.2869790494441986
ppo,10,50045,5,1465,185,116,1,1,0,1,0,-10.224096508213746,-1.4643515769157138,-45.81779687703764,0.8393512964248657,2.4900269508361816,0.05375390872359276,3.079872102193323,0.12817752361297607,7.34403113146198,0.1178426742553711
ppo,10,50045,5,1466,186,130,1,1,0,1,0,-2.5376748238481976,-1.0576547929764746,-17.164442969160465,0.09276213496923447,1.4388229846954346,0.023158323019742966,1.3268741696319317,0.3039473295211792,17.41489917583566,0.17513199150562286
ppo,10,50045,5,1467,187,113,1,1,0,1,0,-18.50075581989512,39.96309532428611,-91.09692405499304,1.3398020267486572,2.822719097137451,0.2916947603225708,16.71287867256341,0.5625534057617188,32.231935900856975,0.5729714632034302
ppo,10,50045,5,1468,188,59,1,1,0,1,0,-3.9527260953347594,0.54634683170932,14.618845125875051,0.5213467478752136,2.8322930335998535,0.02535557933151722,1.452767682805078,0.1331714391708374,7.630161416172155,0.09194129705429077
ppo,10,50045,5,1469,189,241,1,1,0,1,0,2.352481074692472,65.11761652793254,72.24062956804208,4.3680644035339355,4.481823921203613,0.7897301316261292,45.24820349648817,0.6502915024757385,37.258958545080944,1.1148759126663208
ppo,10,50045,5,1470,190,83,1,1,0,1,0,-2.4890438769577066,-2.5768527889273907,-3.986767758158103,0.5069184303283691,2.2156858444213867,0.005570203065872192,0.3191491267053083,0.1427907645702362,8.1813081633207,0.0769655853509903
ppo,10,50045,5,1471,191,166,1,1,0,1,0,11.14678676319077,26.379898121881748,-75.13805045547485,1.4202747344970703,0.5131031274795532,0.15909482538700104,9.115462037045944,0.35961735248565674,20.604556537096595,0.3389034867286682
ppo,10,50045,5,1472,192,135,1,1,0,1,0,-18.637578169348814,9.605363331680632,-73.75999148853307,0.23340290784835815,2.5680651664733887,0.12003128975629807,6.877286312547751,0.303952693939209,17.41520653434831,0.27200764417648315
ppo,10,50045,5,1473,193,38,1,1,0,1,0,2.3347908847421386,-2.6567933229732197,-7.598407866720765,0.49984732270240784,4.307239532470703,0.04512956365942955,2.585733528952288,0.10445622354745865,5.984900753144428,0.09735767543315887
ppo,10,50045,5,1474,194,127,1,1,0,1,0,-4.986324962054448,1.7344309170763579,7.562781600009979,0.9484118223190308,1.623786211013794,0.024119125679135323,1.3819241069600594,0.15739688277244568,9.018177091376513,0.10281756520271301
ppo,10,50045,5,1475,195,187,1,1,0,1,0,12.803913599240923,14.155102601987865,-63.60131453218971,0.9945284724235535,1.0382864475250244,0.0662708431482315,3.7970396171671346,0.20738594233989716,11.882339226419552,0.1699638068675995
ppo,10,50045,5,1476,196,172,1,1,0,1,0,-7.835497393190248,6.873793097674112,-12.917212777193095,0.2509346604347229,0.8111688494682312,0.041373029351234436,2.370499967496612,0.23710668087005615,13.585212108209511,0.1599263697862625
ppo,10,50045,5,1477,197,95,1,1,0,1,0,-28.168205571131168,12.762577294384005,-85.01029659878456,0.7034814357757568,3.0973620414733887,0.1725643128156662,9.887206818912977,0.507753849029541,29.09215258091547,0.4264412522315979
ppo,10,50045,5,1478,198,170,1,1,0,1,0,10.185301033728074,0.6098675909904385,57.95466054155677,3.212174654006958,3.8099396228790283,0.06222125515341759,3.565015316297451,0.3198983371257782,18.328824590560266,0.22217042744159698
ppo,10,50045,5,1479,199,258,1,1,0,1,0,10.021239889864368,7.4050315509393645,-53.445096443947556,1.6351654529571533,0.4163408875465393,0.06617844104766846,3.7917453667867287,0.4576449990272522,26.221126959530217,0.29500094056129456
ppo,10,50045,5,1480,200,177,1,1,0,1,0,-6.652563270457399,7.28502512722224,-30.590737065951288,0.41511932015419006,1.1416549682617188,0.03714899346232414,2.1284805385502605,0.10458479821681976,5.99226753905111,0.08944138884544373
ppo,10,50045,5,1481,201,152,1,1,0,1,0,-16.5739867757912,10.794799794503332,52.2483380183346,0.9213322401046753,2.2941734790802,0.09269919991493225,5.311272919365098,0.30177491903305054,17.290429223495934,0.24358665943145752
ppo,10,50045,5,1482,202,124,1,1,0,1,0,-26.015493869283226,12.423813571929713,66.74281905980206,0.6558583974838257,0.79788738489151,0.13596612215042114,7.790284955979348,0.8470852375030518,48.534408996761826,0.559508740901947
ppo,10,50045,5,1483,203,165,1,1,0,1,0,-26.574859041550592,10.710651863928776,49.76848757599973,0.683927595615387,0.7355923056602478,0.10076799243688583,5.7735806766397575,0.5516605973243713,31.607823950352472,0.3765982985496521
ppo,10,50045,5,1484,204,376,1,1,0,1,0,-17.58403515025269,7.062046771578004,58.61210723030552,2.661102771759033,1.9518941640853882,0.10103349387645721,5.788792788581846,0.3094661831855774,17.731106198555988,0.2557665705680847
ppo,10,50045,5,1485,205,131,1,1,0,1,0,-20.292396401459502,10.226801263125072,37.043640246590876,0.5812780857086182,1.8990110158920288,0.06396903842687607,3.665155921370182,0.6613624691963196,37.89327821330003,0.39465028047561646
ppo,10,50045,5,1486,206,129,1,1,0,1,0,40.121528392273724,20.90730467205741,-71.61356356072156,4.036898612976074,4.61971378326416,0.22915004193782806,13.129330278283364,0.7161254286766052,41.03096466516634,0.5872127413749695
ppo,10,50045,5,1487,207,117,1,1,0,1,0,-6.7987839602090325,9.813629459852661,23.760288348750077,0.17906786501407623,2.0701212882995605,0.06102907285094261,3.4967083019554464,0.06230461597442627,3.569791539517994,0.09218138456344604
ppo,10,50045,5,1488,208,129,1,1,0,1,0,-4.275056382646001,-0.9119258768450824,-20.420803957855743,0.4632693827152252,1.2269948720932007,0.009699273854494095,0.5557274562040978,0.1267850250005722,7.264246837993415,0.0730917900800705
ppo,10,50045,5,1489,209,170,1,1,0,1,0,-46.54201549511243,18.918558491424797,71.36721229773754,4.74379825592041,4.977980613708496,0.25319838523864746,14.507198853702024,0.7126078009605408,40.829419443137596,0.6095023155212402
ppo,10,50045,5,1490,210,225,1,1,0,1,0,-7.765993388196198,10.877622668378907,33.26366329574408,0.7415514588356018,0.36133742332458496,0.05546296015381813,3.177793536116034,0.4780784547328949,27.391877732331054,0.2945021986961365
ppo,10,50045,5,1491,211,104,1,1,0,1,0,0.1726945029746024,0.016378793629690577,-0.4812414685407584,0.2302047163248062,2.1629719734191895,0.02680417336523533,1.5357660071649573,0.10722863674163818,6.143748328237299,0.08041848987340927
ppo,10,50045,5,1492,212,111,1,1,0,1,0,9.938212110313692,-2.8484757518404575,1.1884529155822188,0.4782737195491791,1.9070721864700317,0.028811486437916756,1.65077657439104,0.5189212560653687,29.731997872173096,0.28827211260795593
ppo,10,50045,5,1493,213,84,1,1,0,1,0,-4.016492741425998,-1.3031591125034128,8.877483732210713,0.425709992647171,3.939870834350586,0.011266669258475304,0.6455325976804237,0.3097720742225647,17.74863246396624,0.1661527007818222
ppo,10,50045,5,1494,214,174,1,1,0,1,0,-22.6901752907275,15.237496340138126,66.28678098929865,2.5384984016418457,2.330458641052246,0.16062293946743011,9.203016524469044,0.5258269309997559,30.127663900602762,0.42353641986846924
ppo,10,50045,5,1495,215,182,1,1,0,1,0,-9.472611774972265,5.394237519665951,23.973199005557714,0.28597041964530945,1.7411209344863892,0.04694594070315361,2.6898042675621263,0.13886387646198273,7.956314048097664,0.11637787520885468
ppo,10,50045,5,1496,216,66,1,1,0,1,0,-3.9696649644763906,1.197127255828135,0.15097450141396185,0.08249638229608536,3.4873745441436768,0.02780865505337715,1.5933185684936597,0.43590348958969116,24.97543022851412,0.24576039612293243
ppo,10,50045,5,1497,217,132,1,1,0,1,0,-5.320894948358354,2.53894523903382,7.170387232192746,0.19488126039505005,1.8164819478988647,0.03648843988776207,2.0906336065855737,0.06425262987613678,3.681404514518819,0.06861475110054016
ppo,10,50045,5,1498,218,171,1,1,0,1,0,-2.487568556096984,4.073538481373944,-6.178766708111955,0.42453277111053467,0.6571475863456726,0.03570280969142914,2.045620312077663,0.1082470491528511,6.202099061203541,0.08982633054256439
ppo,10,50045,5,1499,219,59,1,1,0,1,0,13.356093412501433,2.5410079561631638,-33.15036411779191,0.35598060488700867,3.5999104976654053,0.06779453158378601,3.884340533817299,0.31591254472732544,18.100455508113598,0.22575080394744873
ppo,10,50045,5,1500,220,60,1,1,0,1,0,-1.2103231813045996,-1.0971606071358282,-16.832004001877603,0.2724568843841553,2.7284185886383057,0.0358516164124012,2.0541463091525425,0.09991206228733063,5.724539491512243,0.08580765128135681
ppo,10,50045,5,1501,221,113,1,1,0,1,0,-34.73693509971583,21.14188068891233,72.78658024877954,1.2482267618179321,3.5075843334198,0.19367128610610962,11.096547306750741,0.7111309766769409,40.74480364460489,0.5492367744445801
ppo,10,50045,5,1502,222,159,1,1,0,1,0,5.4569796373816875,0.8763952327826761,-9.053074235393401,0.3899517059326172,0.946995198726654,0.046350378543138504,2.6556810693555657,0.14043617248535156,8.0463999743819,0.11656846106052399
ppo,10,50045,5,1503,223,131,1,1,0,1,0,-9.030835139455839,6.124466704210353,17.369020795180685,1.109904408454895,1.3839056491851807,0.025294538587331772,1.4492703057849141,0.08374360203742981,4.79815495796789,0.06716634333133698
ppo,10,50045,5,1504,224,153,1,1,0,1,0,-7.98658117763093,8.970907059678147,48.69336115912636,1.9669572114944458,1.555457592010498,0.0515279620885849,2.9523347545860252,0.5159897208213806,29.564033275198728,0.309522807598114
ppo,10,50045,5,1505,225,104,1,1,0,1,0,30.801721609412983,-2.7390288005801735,-63.32996477684345,0.9234334230422974,1.037162184715271,0.11529601365327835,6.605974977015565,0.6241947412490845,35.76372426783301,0.42739337682724
ppo,10,50045,5,1506,226,117,1,1,0,1,0,-0.5452266806854379,2.3663873398426176,19.96398724578695,0.39989662170410156,1.715529441833496,0.03310839831829071,1.8969714900760901,0.10994086414575577,6.2991475115729605,0.0880788266658783
ppo,10,50045,5,1507,227,160,1,1,0,1,0,5.001406019741837,-2.6988126467471383,24.047743690159233,0.9464457035064697,1.5749084949493408,0.019356368109583855,1.1090381993807745,0.1603662669658661,9.18831027341236,0.09953950345516205
ppo,10,50045,5,1508,228,76,1,1,0,1,0,-0.9189199905551755,2.8394462417577007,21.948730935565933,0.18765975534915924,3.112901210784912,0.044429510831832886,2.5456234564947997,0.10855256766080856,6.219603982272638,0.09870579838752747
ppo,10,50045,5,1509,229,90,1,1,0,1,0,-2.2000995543094874,3.7423835896550464,-28.335244677472996,1.060064673423767,2.7255918979644775,0.05030418187379837,2.8822173132271436,0.028040023520588875,1.6065750051773025,0.06432419270277023
ppo,10,50045,5,1510,230,65,1,1,0,1,0,-8.56534408714113,-1.0585836987035961,-13.853221901051642,0.5034475326538086,3.846930980682373,0.02981588989496231,1.7083246534080998,0.06956774741411209,3.985938317060769,0.06459976732730865
ppo,10,50045,5,1511,231,114,1,1,0,1,0,-39.19814145800136,18.986368609504684,66.76003113651049,2.5021767616271973,3.0620501041412354,0.20235924422740936,11.594330639687623,0.6076990962028503,34.81859342633792,0.5062087774276733
ppo,10,50045,5,1512,232,117,1,1,0,1,0,12.288261637661641,-0.8017139443977567,-15.764308830821209,1.0030549764633179,1.1289631128311157,0.011083251796662807,0.6350235512295658,0.23681440949440002,13.568466191911932,0.1294904500246048
ppo,10,50045,5,1513,233,100,1,1,0,1,0,-5.057741420016102,2.429771495340336,18.804890483257445,0.2172156721353531,3.699585199356079,0.012102124281227589,0.6934006444571358,0.16973605751991272,9.725159727080777,0.09697015583515167
ppo,10,50045,5,1514,234,53,1,1,0,1,0,5.866107968665451,-3.1712978127719404,-4.60104765135237,0.8101626038551331,3.9245283603668213,0.04624412953853607,2.6495934498143803,0.09812050312757492,5.621890712910237,0.09530438482761383
ppo,10,50045,5,1515,235,134,1,1,0,1,0,7.82601709062227,8.550413293615483,31.934030370017695,0.6664837598800659,1.189432978630066,0.08310236036777496,4.761414516648745,0.19330057501792908,11.075307125979293,0.1797526478767395
ppo,10,50045,5,1516,236,140,1,1,0,1,0,-31.424511918313083,8.379795168148563,62.7047019394638,0.19522565603256226,1.98681640625,0.14707253873348236,8.426635751702864,0.33274754881858826,19.06503019062843,0.3134463131427765
ppo,10,50045,5,1517,237,55,1,1,0,1,0,-2.229933820604103,5.592763798081541,-17.04587088516904,0.3214308023452759,3.5696582794189453,0.04703804850578308,2.6950816559130186,0.06251834332942963,3.582037214926181,0.0782972201704979
ppo,10,50045,5,1518,238,84,1,1,0,1,0,-15.908179935498358,-4.941245713532364,20.829795685356107,0.784957230091095,1.5456844568252563,0.025128060951828957,1.4397318398872854,0.35632041096687317,20.415655702768845,0.203288272023201
ppo,10,50045,5,1519,239,160,1,1,0,1,0,9.064589934334043,6.812212112117278,48.19630097246785,0.8042817115783691,1.008702039718628,0.03448022902011871,1.9755715994973044,0.13629327714443207,7.809029556382802,0.10262686759233475
ppo,10,50045,5,1520,240,145,1,1,0,1,0,4.888175143681366,22.087861888959093,-69.00038782578804,2.3436079025268555,2.1548280715942383,0.13415120542049408,7.686297887186843,0.22208522260189056,12.724545947311729,0.24519380927085876
ppo,10,50045,5,1521,241,172,1,1,0,1,0,-10.074925176740669,17.54317695863767,58.504900581093,0.5697116851806641,0.8718077540397644,0.09494821727275848,5.440132122020205,0.7874753475189209,45.11901388343197,0.4886859059333801
ppo,10,50045,5,1522,242,140,1,1,0,1,0,-3.7179861539397607,4.002408891357432,-16.019484698212885,0.16420426964759827,1.0804435014724731,0.029674775898456573,1.7002394169780972,0.06761524826288223,3.874068356192423,0.06348240375518799
ppo,10,50045,5,1523,243,118,1,1,0,1,0,4.281954873707714,1.9032595329807331,14.048715575475747,0.15488481521606445,0.9078643918037415,0.03770720213651657,2.16046353966908,0.14483235776424408,8.298282836819986,0.11012338101863861
ppo,10,50045,5,1524,244,106,1,1,0,1,0,-9.763031418481207,23.147879927388395,59.338238301347914,0.7521001696586609,3.3448679447174072,0.09451545029878616,5.415336400898942,0.614396870136261,35.202347604855085,0.40171387791633606
ppo,10,50045,5,1525,245,145,1,1,0,1,0,-19.10552808976473,12.942334212960402,53.025313017558574,0.8697705864906311,1.830220341682434,0.10023374110460281,5.742970330100699,0.37397047877311707,21.42693009618635,0.28721898794174194
ppo,10,50045,5,1526,246,82,1,1,0,1,0,3.6005888624855817,0.4278703703662788,-10.25770103893021,0.4655277729034424,2.0509138107299805,0.0328684039413929,1.8832208251729734,0.144608274102211,8.285443788727655,0.1051725447177887
ppo,10,50045,5,1527,247,136,1,1,0,1,0,-4.864911519368302,6.263611317981853,-8.608456241182251,1.5251717567443848,1.4212392568588257,0.04646014794707298,2.661970392920678,0.11239071190357208,6.439513448545423,0.10265550017356873
ppo,10,50045,5,1528,248,93,1,1,0,1,0,-3.584606219827752,-2.9636054204901927,-26.72408501453703,0.3295581638813019,2.9219374656677246,0.025877874344587326,1.482692982714725,0.3485473096370697,19.970289802843578,0.20015153288841248
ppo,10,50045,5,1529,249,246,1,1,0,1,0,24.98958579556897,31.5826717787339,-78.3202082690271,0.602770984172821,0.6867792010307312,0.21960170567035675,12.58225090878556,0.5521159768104553,31.63391527298192,0.4956597089767456
ppo,10,50045,5,1530,250,131,1,1,0,1,0,2.7405724233325963,3.3459594102275063,24.647543582313073,0.4907667934894562,1.4047147035598755,0.04310832545161247,2.4699251102537834,0.13771840929985046,7.890683614136658,0.111967533826828
ppo,10,50045,5,1531,251,98,1,1,0,1,0,-2.61925460329483,-2.651165247097129,-51.478165887523964,3.6187143325805664,5.239302635192871,0.0379711389541626,2.1755860053783116,0.3535611629486084,20.25756243669244,0.2147517204284668
ppo,10,50045,5,1532,252,124,1,1,0,1,0,-1.8176636023021333,6.8794484943068825,33.690495477356514,0.20468533039093018,1.6869463920593262,0.053457897156476974,3.062911888710535,0.11663112789392471,6.682471388172416,0.11177346110343933
ppo,10,50045,5,1533,253,182,1,1,0,1,0,-35.61491493638595,18.713365948379273,70.40207924725804,1.0822123289108276,0.8720108866691589,0.2281232327222824,13.070498443867459,0.8192949295043945,46.942141637070115,0.6377707123756409
ppo,10,50045,5,1534,254,226,1,1,0,1,0,-8.464093362884862,2.099326943295119,19.011940837757212,0.6434119343757629,0.2556416988372803,0.028358545154333115,1.6248249504744592,0.12461251765489578,7.139771336124987,0.090664803981781
ppo,10,50045,5,1535,255,75,1,1,0,1,0,-5.47438295938688,0.29623896468179306,-11.786406658205783,0.5810548663139343,2.447749376296997,0.026813507080078125,1.536300789632628,0.17974558472633362,10.298663390930068,0.11668629944324493
ppo,10,60052,6,1536,0,188,1,1,0,1,0,6.225307617116422,0.19923661808927196,12.495421275188127,0.42724549770355225,0.5893709063529968,0.013014511205255985,0.7456765644868862,0.22453099489212036,12.864678377191941,0.1252800077199936
ppo,10,60052,6,1537,1,113,1,1,0,1,0,5.48546152622064,0.6598645757149318,19.679222998910777,0.5469939708709717,0.7421735525131226,0.04432719573378563,2.539761233196225,0.1761888563632965,10.094877866853569,0.13242162764072418
ppo,10,60052,6,1538,2,141,1,1,0,1,0,-17.986743103716638,1.2482717123331903,-65.02767659694182,1.3434439897537231,0.4418502748012543,0.0885225161910057,5.071966569623123,0.23712514340877533,13.586269933757217,0.20708508789539337
ppo,10,60052,6,1539,3,105,1,1,0,1,0,-9.087279822756825,1.0576547929764746,-48.15820217727752,0.2982464134693146,0.5256393551826477,0.05468922108411789,3.1334615529778316,0.2770406901836395,15.87326230091396,0.19320955872535706
ppo,10,60052,6,1540,4,116,1,1,0,1,0,4.001029193145089,0.35098976106861524,19.95815426423576,0.24413280189037323,1.4329919815063477,0.036247432231903076,2.076824885074512,0.15268169343471527,8.748016642719476,0.11258827894926071
ppo,10,60052,6,1541,5,122,1,1,0,1,0,24.50692364768085,37.103431722585164,-65.9154372645034,10.691644668579102,10.024736404418945,0.2460934817790985,14.10011787162197,0.5786727070808411,33.15550383514234,0.535429835319519
ppo,10,60052,6,1542,6,115,1,1,0,1,0,-2.520080256546245,1.8898723622075082,-11.926889989054606,0.88129061460495,1.3424803018569946,0.029498018324375153,1.6901119539862608,0.16276893019676208,9.325972736133968,0.1108824834227562
ppo,10,60052,6,1543,7,163,1,1,0,1,0,-11.052844341346415,18.263352104723815,65.07969531766064,0.9305569529533386,0.9511463642120361,0.12215916067361832,6.999204335458832,0.5060958862304688,28.997158309938932,0.3752070963382721
ppo,10,60052,6,1544,8,97,1,1,0,1,0,-2.0914175842362446,18.33438607209195,-54.96757293070008,0.7582170963287354,3.3811848163604736,0.09883987903594971,5.6631079163435025,0.22044047713279724,12.630308973559416,0.20906011760234833
ppo,10,60052,6,1545,9,211,1,1,0,1,0,4.375050352094988,0.755815073175271,-28.350489659700465,0.3330532908439636,0.8380458950996399,0.053252458572387695,3.051141124893076,0.16841726005077362,9.649598198066574,0.1374610960483551
ppo,10,60052,6,1546,10,67,1,1,0,1,0,-3.7074949833746214,-3.7198986069073645,-3.9434916795769017,0.41890913248062134,2.876500368118286,0.007936790585517883,0.4547446034293402,0.12639354169368744,7.2418164967590934,0.0711335614323616
ppo,10,60052,6,1547,11,142,1,1,0,1,0,-1.7673387684974793,3.066686635444025,28.972323742116767,0.5436527132987976,2.446521282196045,0.03822566568851471,2.190169313029935,0.12090250104665756,6.927203042549497,0.09867691993713379
ppo,10,60052,6,1548,12,135,1,1,0,1,0,41.236215264819805,29.33379101337218,-73.38903025433135,2.748410701751709,2.5823004245758057,0.24507664144039154,14.041857211775408,0.6825170516967773,39.10534650793756,0.5863351821899414
ppo,10,60052,6,1549,13,89,1,1,0,1,0,-4.81021536449484,-2.2687292950897753,-40.78935696856089,1.2010079622268677,3.944969415664673,0.027534715831279755,1.577623007224382,0.2480311393737793,14.211137473938651,0.15155029296875
ppo,10,60052,6,1550,14,138,1,1,0,1,0,6.606691719991594,-2.767223821473986,37.00065103595482,0.7048065066337585,1.5027492046356201,0.03756269812583923,2.152184069734555,0.2376706749200821,13.617526586946488,0.15639802813529968
ppo,10,60052,6,1551,15,68,1,1,0,1,0,1.4830116537281886,-1.9272198365891378,-5.9391090305145475,0.2468508929014206,4.012375831604004,0.03709797188639641,2.125557217585495,0.1216394305229187,6.969425991338046,0.09791769087314606
ppo,10,60052,6,1552,16,176,1,1,0,1,0,-0.10825849834470211,3.3099506529231992,5.710393315967501,0.35634398460388184,0.5138193964958191,0.04621066525578499,2.6476760876483105,0.09199510514736176,5.270931260806064,0.09220822155475616
ppo,10,60052,6,1553,17,118,1,1,0,1,0,15.437047146929219,10.626244386165757,54.67961215529234,1.057939052581787,1.7059015035629272,0.07554903626441956,4.328640924232044,0.29217082262039185,16.740155033013856,0.22163444757461548
ppo,10,60052,6,1554,18,221,1,1,0,1,0,-29.44993155001908,19.430180641393772,78.4634783170573,8.995166778564453,7.990199565887451,0.21618010103702545,12.38620740413327,0.8472242951393127,48.542376412428645,0.639792263507843
ppo,10,60052,6,1555,19,92,1,1,0,1,0,5.429358352378156,2.6405921142619495,-13.144138982177598,1.2620608806610107,1.498916506767273,0.030841868370771408,1.7671088899432261,0.1874188333749771,10.738308153651802,0.12455128133296967
ppo,10,60052,6,1556,20,67,1,1,0,1,0,-1.0850301911698856,-2.929181267073328,-4.8850195962848195,0.47300985455513,3.8961355686187744,0.019469110295176506,1.1154978507883142,0.28879186511039734,16.54655502853714,0.16386504471302032
ppo,10,60052,6,1557,21,83,1,1,0,1,0,-3.913438847228846,-1.1396717045299876,-21.616852043795017,0.8410045504570007,1.567060947418213,0.02801273949444294,1.6050117456310158,0.09884103387594223,5.663174083801087,0.0774332582950592
ppo,10,60052,6,1558,22,112,1,1,0,1,0,7.666941984852673,-1.5159878070410102,-45.20723260675186,0.5061825513839722,2.237760066986084,0.0579044409096241,3.3176800791861263,0.27261579036712646,15.61973421665955,0.19421233236789703
ppo,10,60052,6,1559,23,87,1,1,0,1,0,21.301242662627065,-0.38430742383993743,-52.70153473014329,0.9476897716522217,1.667898416519165,0.05246364325284958,3.0059453362682786,0.546901524066925,31.335149138307223,0.3259144127368927
ppo,10,60052,6,1560,24,140,1,1,0,1,0,5.397980463331117,0.9585214273629095,5.607776553877229,0.29167577624320984,1.4199947118759155,0.023126112297177315,1.3250286311738533,0.19657441973686218,11.262884611155354,0.12141332030296326
ppo,10,60052,6,1561,25,142,1,1,0,1,0,9.422724073274491,2.1156920765464697,23.452438062479263,0.9354177713394165,0.777618944644928,0.03853299096226692,2.207777754153639,0.19742129743099213,11.311407128792771,0.13724364340305328
ppo,10,60052,6,1562,26,240,1,1,0,1,0,6.650609836354776,2.5823579213984207,6.300767547066723,0.11944842338562012,0.8970661759376526,0.03141837939620018,1.800140538543054,0.19621512293815613,11.242298420996935,0.12952594459056854
ppo,10,60052,6,1563,27,130,1,1,0,1,0,-6.5718031137111685,1.4361428956435611,-13.811530426357884,0.33334073424339294,0.6499642133712769,0.028996648266911507,1.6613855657193624,0.1400250643491745,8.022845213255467,0.09900917857885361
ppo,10,60052,6,1564,28,317,1,1,0,1,0,45.88984171240293,31.24065688623468,-75.76943314235083,2.5993566513061523,1.3679286241531372,0.29771021008491516,17.057538555818716,0.6793822050094604,38.92573302333374,0.6374013423919678
ppo,10,60052,6,1565,29,221,1,1,0,1,0,-25.92457039105202,2.2451514820748915,80.45816676226782,9.73422622680664,8.186241149902344,0.20534417033195496,11.765354307636512,0.7089120745658875,40.617669918488865,0.5598002076148987
ppo,10,60052,6,1566,30,124,1,1,0,1,0,3.238001440206285,1.5717358110466542,41.25217058672095,0.3224030137062073,1.509216070175171,0.040712904185056686,2.3326775815242544,0.20263546705245972,11.61015704176819,0.14203064143657684
ppo,10,60052,6,1567,31,119,1,1,0,1,0,4.8253920448306085,2.598927960324872,39.55997755947195,0.6473898887634277,2.762648105621338,0.04168077930808067,2.388132741169234,0.20197001099586487,11.572029218273887,0.1426657885313034
ppo,10,60052,6,1568,32,163,1,1,0,1,0,-39.442935437854615,33.70533064823378,70.36511426346995,0.2807881534099579,0.514457643032074,0.31753286719322205,18.193293146859702,0.8722432255744934,49.9758555342959,0.7536544799804688
ppo,10,60052,6,1569,33,149,1,1,0,1,0,27.797490223739555,14.965381603604818,-72.28816768466537,6.905143737792969,6.599393367767334,0.19659918546676636,11.264303582955424,0.82750004529953,47.41226014254751,0.610349178314209
ppo,10,60052,6,1570,34,77,1,1,0,1,0,-9.79155428845518,2.3117594868608555,-60.61526511008686,1.0198956727981567,2.663881778717041,0.063513845205307,3.639075270911311,0.15518461167812347,8.891423294533062,0.14110615849494934
ppo,10,60052,6,1571,35,261,1,1,0,1,0,-9.680905223900973,4.822741931432644,9.013978232584249,1.2971360683441162,0.6384153366088867,0.03091687709093094,1.771406573035045,0.14764344692230225,8.459346381411702,0.10473860055208206
ppo,10,60052,6,1572,36,147,1,1,0,1,0,-7.182258100970229,66.350110503283,-88.40429955963394,4.829798221588135,4.35521936416626,1.0828837156295776,62.04466660901962,0.749257504940033,42.92929280156632,1.4575124979019165
ppo,10,60052,6,1573,37,235,1,1,0,1,0,-7.764354142795395,55.496939912132746,77.5345179484222,2.4517624378204346,1.7940646409988403,0.46298617124557495,26.527153585292638,1.0093908309936523,57.83383449513925,0.9676815867424011
ppo,10,60052,6,1574,38,267,1,1,0,1,0,-32.832842283656355,53.274860809074156,55.03786923763785,5.821178913116455,5.648926258087158,0.45594990253448486,26.12400508462722,0.8206292986869812,47.018595359544655,0.8662645816802979
ppo,10,60052,6,1575,39,190,1,1,0,1,0,-10.545607172824587,20.051413667163114,-63.64530095044459,0.5317901372909546,0.6712543964385986,0.07589037716388702,4.348198317146728,0.11195074021816254,6.4143049278661985,0.1318657398223877
ppo,10,60052,6,1576,40,141,1,1,0,1,0,-30.0618072166255,27.60240636066565,71.8675373148193,0.5714179277420044,1.05149507522583,0.20847219228744507,11.944576763910353,0.7280531525611877,41.7143729029503,0.5724987983703613
ppo,10,60052,6,1577,41,74,1,1,0,1,0,-7.063358167898646,-1.1948596330236907,-4.1803626399929446,0.9292712807655334,2.9053666591644287,0.03416853025555611,1.957712575808425,0.23683980107307434,13.569921022205145,0.15258842706680298
ppo,10,60052,6,1578,42,104,1,1,0,1,0,-1.5040213156151478,1.4914537675423243,-10.837338212654172,0.10741133242845535,0.9175936579704285,0.03343808278441429,1.915861018555995,0.10263808816671371,5.880729269244333,0.08475712686777115
ppo,10,60052,6,1579,43,98,1,1,0,1,0,2.775146840911201,-1.459652406766745,4.951299751990623,0.12066908925771713,3.418741226196289,0.02453969605267048,1.4060210143518643,0.14324429631233215,8.207293618018014,0.0961618423461914
ppo,10,60052,6,1580,44,145,1,1,0,1,0,2.2726088425383426,6.3138541895164675,58.43741831209327,1.1934897899627686,1.6306161880493164,0.04055554047226906,2.3236613049330144,0.06954105198383331,3.9844087815735096,0.07532607018947601
ppo,10,60052,6,1581,45,76,1,1,0,1,0,-1.3085686223260629,-3.5838958801540706,-15.156203428636635,0.9732471704483032,4.419549942016602,0.021449340507388115,1.2289566844123347,0.10152529925107956,5.8169711608895565,0.07221198827028275
ppo,10,60052,6,1582,46,138,1,1,0,1,0,13.733133515064477,11.376622628761698,-52.898845234886615,0.10630185902118683,0.9511522650718689,0.06825976073741913,3.91099620082692,0.45830219984054565,26.258781792424497,0.29741084575653076
ppo,10,60052,6,1583,47,119,1,1,0,1,0,1.8802417954777901,15.825411703136144,-48.24633893832737,0.2363939732313156,2.091331958770752,0.06536325067281723,3.7450383988080658,0.08441785722970963,4.836786934800306,0.10757218301296234
ppo,10,60052,6,1584,48,111,1,1,0,1,0,10.877404102325466,5.858048345444836,-32.705145066933795,0.37002062797546387,3.222902774810791,0.05908810719847679,3.3854991618892987,0.2971503734588623,17.025462279929044,0.20766329765319824
ppo,10,60052,6,1585,49,132,1,1,0,1,0,-8.562502728446406,-0.581727211609986,5.885533026664968,0.8461856245994568,2.702695608139038,0.0452975295484066,2.595357265492836,0.26866018772125244,15.393094879620186,0.17962762713432312
ppo,10,60052,6,1586,50,96,1,1,0,1,0,-14.005562440299606,17.4638374812388,54.02077210795291,0.440217524766922,2.346872568130493,0.10555138438940048,6.047648847275689,0.19852015376091003,11.374366958788302,0.2048114538192749
ppo,10,60052,6,1587,51,58,1,1,0,1,0,10.80978522954234,2.9430465510884543,-12.6522014373966,0.5793596506118774,2.5289764404296875,0.022269489243626595,1.2759477455717878,0.34416770935058594,19.719357190473772,0.19435334205627441
ppo,10,60052,6,1588,52,99,1,1,0,1,0,-9.174378395052827,9.48651804012241,34.29327333198848,0.5350934863090515,2.365710973739624,0.05835480988025665,3.3434843204270233,0.18804387748241425,10.774120543017473,0.15237674117088318
ppo,10,60052,6,1589,53,159,1,1,0,1,0,-5.227731168079379,1.4866179936099553,-9.156401337157353,0.6992652416229248,0.21543487906455994,0.006788591854274273,0.38895766208680543,0.13051658868789673,7.478049688261385,0.07204688340425491
ppo,10,60052,6,1590,54,128,1,1,0,1,0,5.7221549017182625,0.7091102396307238,24.47435730571823,0.5839468836784363,1.4716664552688599,0.02734018862247467,1.5664774191593906,0.19507355988025665,11.176891675731246,0.124876968562603
ppo,10,60052,6,1591,55,154,1,1,0,1,0,38.21650667048713,13.849533598899836,-71.08228412632128,2.822709798812866,3.0973949432373047,0.2147706001996994,12.30544895493433,0.6702351570129395,38.40164577812949,0.5498881936073303
ppo,10,60052,6,1592,56,72,1,1,0,1,0,-8.951932794163852,1.2563723166888254,5.438100994515772,0.41989296674728394,4.165503025054932,0.011746787466108799,0.6730413446452087,0.17521031200885773,10.038811405277873,0.09935194253921509
ppo,10,60052,6,1593,57,358,1,1,0,1,0,1.2072495961780938,2.348956697080745,-14.166153848064946,0.46517232060432434,0.8611959218978882,0.04795288294553757,2.747497808264166,0.09930811822414398,5.689936045629666,0.09760694205760956
ppo,10,60052,6,1594,58,95,1,1,0,1,0,4.45632960321814,2.368231490918521,1.4514698401410697,0.320177286863327,1.043237566947937,0.03143666312098503,1.8011881188070047,0.14702273905277252,8.423782440177092,0.104948028922081
ppo,10,60052,6,1595,59,97,1,1,0,1,0,-7.971882610537063,2.7133746100576053,-34.02796146386851,1.3340413570404053,2.9364192485809326,0.04535037279129028,2.598384960285856,0.19145160913467407,10.969369184405103,0.14107617735862732
ppo,10,60052,6,1596,60,95,1,1,0,1,0,-3.804374386562082,-4.348276010548537,-36.9079517085394,0.4894721210002899,2.947516441345215,0.02868485637009144,1.643521205945194,0.17743845283985138,10.166474471054581,0.11740408092737198
ppo,10,60052,6,1597,61,133,1,1,0,1,0,-4.403518580555601,0.3198987399667172,42.94859833125536,0.34310072660446167,1.8764921426773071,0.042421914637088776,2.4305966675694384,0.2007165104150772,11.500208925377555,0.14278016984462738
ppo,10,60052,6,1598,62,61,1,1,0,1,0,-8.218589043357923,2.103507019067167,7.160565420166268,0.4073876440525055,4.08799409866333,0.01810101419687271,1.0371117183871918,0.4925847351551056,28.22302637695698,0.2643933892250061
ppo,10,60052,6,1599,63,184,1,1,0,1,0,-13.866281222744707,2.5655146749051694,-44.271004916839864,1.2344692945480347,0.9226368069648743,0.0552152544260025,3.1636010433509822,0.27202361822128296,15.585805251957511,0.19122706353664398
ppo,10,60052,6,1600,64,217,1,1,0,1,0,-19.81805342398046,28.19227515776629,70.30167546645886,0.7958734035491943,0.6368613243103027,0.2332523763179779,13.364376724417367,0.7653182744979858,43.84950711296921,0.6159114837646484
ppo,10,60052,6,1601,65,77,1,1,0,1,0,4.797183363558456,0.3256224384911879,-7.592834432358035,0.28615015745162964,2.9989144802093506,0.02151256985962391,1.2325794594367918,0.13528206944465637,7.751091622974522,0.08915360271930695
ppo,10,60052,6,1602,66,166,1,1,0,1,0,-6.744962069549332,0.13052491503894367,-31.011695284877515,0.44062894582748413,0.6519899368286133,0.030408240854740143,1.7422638633938932,0.3182336091995239,18.233442706348328,0.1895250380039215
ppo,10,60052,6,1603,67,169,1,1,0,1,0,-27.5220150341346,7.925478305315996,38.9410258168854,0.5169044137001038,0.49988943338394165,0.08309094607830048,4.760760526035717,0.37883898615837097,21.705875021889668,0.27251043915748596
ppo,10,60052,6,1604,68,130,1,1,0,1,0,-34.19844298555202,15.563378325817775,66.4311985091094,5.436239242553711,5.130010604858398,0.2027912586927414,11.61908324523975,0.693798303604126,39.75171462985255,0.5496904253959656
ppo,10,60052,6,1605,69,112,1,1,0,1,0,-8.566600841948413,18.258420708143067,52.2371091873391,0.07128094881772995,4.3896403312683105,0.09228971600532532,5.2878112195661044,0.15311038494110107,8.772578856748487,0.16884490847587585
ppo,10,60052,6,1606,70,144,1,1,0,1,0,-35.03489527206847,11.742324617302522,59.25466410666364,0.6864287257194519,3.4439280033111572,0.1666361689567566,9.547549195451058,0.8888644576072693,50.92818198008161,0.6110683679580688
ppo,10,60052,6,1607,71,78,1,1,0,1,0,3.8511065408633094,-4.545531873778506,22.687730083004634,0.840970516204834,2.8081018924713135,0.015746671706438065,0.9022178301569671,0.26091358065605164,14.949246989237956,0.14620345830917358
ppo,10,60052,6,1608,72,141,1,1,0,1,0,-2.9743697986221327,1.7647023154778545,-5.754639281410843,0.23549093306064606,0.5684488415718079,0.037097468972206116,2.1255284027249344,0.08830824494361877,5.0596897314768485,0.0812515914440155
ppo,10,60052,6,1609,73,215,1,1,0,1,0,-3.9058983183851517,5.245981433541654,-27.788173845711658,0.9841347932815552,0.7786297798156738,0.037768345326185226,2.163966786383062,0.09563712030649185,5.4796033583468855,0.08558690547943115
ppo,10,60052,6,1610,74,101,1,1,0,1,0,-0.3334361749016825,1.7775430711174784,-13.85180122170428,0.645819902420044,2.9296348094940186,0.04336206242442131,2.484463167902155,0.09411284327507019,5.392268717637694,0.0904184877872467
ppo,10,60052,6,1611,75,143,1,1,0,1,0,-37.88035208029578,61.265280553018634,68.12014036631346,1.960654854774475,1.5317444801330566,0.5912885069847107,33.87833592481562,0.5049175024032593,28.92964188999336,0.8437472581863403
ppo,10,60052,6,1612,76,70,1,1,0,1,0,4.387809145464572,-0.8719829305788479,-11.273377489267785,0.3726904094219208,2.466813802719116,0.06309257447719574,3.614938236158132,0.12123903632164001,6.946485093463266,0.12371209263801575
ppo,10,60052,6,1613,77,71,1,1,0,1,0,-6.2779956963739005,-2.378995869050461,-4.828793479037275,0.3951296806335449,4.3114399909973145,0.025215016677975655,1.4447140359999866,0.16615790128707886,9.520146476500967,0.10829396545886993
ppo,10,60052,6,1614,78,185,1,1,0,1,0,-2.1445291352222635,15.09485466951158,47.95288669082694,0.03915780782699585,0.36545002460479736,0.09076292812824249,5.20033271799752,0.18883469700813293,10.819431164197692,0.18518027663230896
ppo,10,60052,6,1615,79,83,1,1,0,1,0,-3.8243185389385195,1.3957354965137656,14.53834451631728,0.184455007314682,2.8173255920410156,0.02650552988052368,1.5186549959119,0.09626886248588562,5.515799518966545,0.07463996112346649
ppo,10,60052,6,1616,80,122,1,1,0,1,0,43.33513239676472,14.519862024423226,-70.72099443998428,0.6656425595283508,2.5130672454833984,0.21861881017684937,12.525935145305159,0.7082327008247375,40.57874467040896,0.5727351903915405
ppo,10,60052,6,1617,81,158,1,1,0,1,0,-27.11575538230224,9.893173842926629,63.019409735661306,1.2418744564056396,1.5292903184890747,0.1421525925397873,8.144743599372683,0.6140192151069641,35.180709565564484,0.44916218519210815
ppo,10,60052,6,1618,82,86,1,1,0,1,0,0.750951978486222,1.2666176004438445,-12.767658955126496,0.32087379693984985,1.9528582096099854,0.0437941737473011,2.5092213229829823,0.10928552597761154,6.261599400384461,0.09843693673610687
ppo,10,60052,6,1619,83,166,1,1,0,1,0,-23.16216868313206,10.239642018764696,71.6540529221214,0.3703330457210541,0.13885457813739777,0.14194083213806152,8.132610622085803,0.5553096532821655,31.816899455941147,0.4195956587791443
ppo,10,60052,6,1620,84,150,1,1,0,1,0,-7.095596660781107,9.47074030313968,32.90543353415525,0.8922865390777588,1.4509304761886597,0.04798334464430809,2.749243135040516,0.04826081544160843,2.765141040663955,0.0721137523651123
ppo,10,60052,6,1621,85,164,1,1,0,1,0,-4.170144676994605,-1.6011739263694091,-4.610500633163667,1.24839448928833,0.8671938180923462,0.01509703416377306,0.8649963407490124,0.18077120184898376,10.357426923454273,0.10548263788223267
ppo,10,60052,6,1622,86,88,1,1,0,1,0,-0.779365565433475,0.050994192343315196,6.854067511351116,0.3686944246292114,2.8663270473480225,0.03209514543414116,1.8389163762348626,0.09691556543111801,5.552852868327041,0.08055292814970016
ppo,10,60052,6,1623,87,76,1,1,0,1,0,-3.7225213995486492,-0.13093472638914444,15.364278311511903,0.17348410189151764,2.44134259223938,0.015653520822525024,0.8968806776508369,0.11379628628492355,6.520046928388574,0.0725516676902771
ppo,10,60052,6,1624,88,225,1,1,0,1,0,-10.259668133411173,4.483076624007909,10.60117759191181,0.7497448921203613,0.3341178297996521,0.017331276088953018,0.9930089734730079,0.11306895315647125,6.47837380982821,0.07386575639247894
ppo,10,60052,6,1625,89,126,1,1,0,1,0,-4.088892746628133,3.3088578226559973,14.760940381367996,0.5376856327056885,0.7400453090667725,0.023347746580839157,1.337727340223082,0.12357890605926514,7.080549754039568,0.08513720333576202
ppo,10,60052,6,1626,90,67,1,1,0,1,0,-0.34163240190569777,1.147908912669023,-19.032581669428993,0.8857710957527161,3.920168399810791,0.03815236687660217,2.1859696004640234,0.0810498595237732,4.643814880840404,0.07867729663848877
ppo,10,60052,6,1627,91,78,1,1,0,1,0,13.35400337461541,11.156786160135669,-24.161671245515045,0.6996208429336548,1.9476903676986694,0.05064721032977104,2.901871396007267,0.16952359676361084,9.712986622432522,0.13540901243686676
ppo,10,60052,6,1628,92,68,1,1,0,1,0,-4.82638925244943,-1.5377351293583308,-1.9928989356479805,0.41689854860305786,3.4635696411132812,0.016440344974398613,0.941962380772154,0.18681247532367706,10.703566396438534,0.1098465844988823
ppo,10,60052,6,1629,93,63,1,1,0,1,0,-5.247292829862296,1.5675557352746063,-6.826541848995964,0.27365970611572266,2.820840835571289,0.04117991775274277,2.359435487928014,0.2504631578922272,14.350481870743373,0.16641148924827576
ppo,10,60052,6,1630,94,111,1,1,0,1,0,6.160270555839561,4.389912843728935,30.311040819439267,0.30782976746559143,1.663111686706543,0.03857086971402168,2.209948046762411,0.16677629947662354,9.555578082820409,0.12195901572704315
ppo,10,60052,6,1631,95,164,1,1,0,1,0,0.3153771547361688,1.979224896929615,21.42093489764237,0.21782654523849487,1.6696805953979492,0.03387679159641266,1.9409971819186997,0.12005992233753204,6.878926838609023,0.09390675276517868
ppo,10,60052,6,1632,96,90,1,1,0,1,0,-18.534852124231822,-4.657437693139995,48.13676904366202,0.5294537544250488,1.3055205345153809,0.09342829138040543,5.353046783215719,0.3618659973144531,20.733394395410546,0.2743612825870514
ppo,10,60052,6,1633,97,117,1,1,0,1,0,2.3170870344134658,6.092610701921414,-13.420133266159473,0.5990185737609863,1.7234725952148438,0.01609545201063156,0.9222014695645435,0.5253123044967651,30.09817797395582,0.2787516117095947
ppo,10,60052,6,1634,98,66,1,1,0,1,0,-3.9614687374723756,-0.7973972648423087,-22.012839091115676,0.6425054669380188,3.6822428703308105,0.030606038868427277,1.7535968547742369,0.202076256275177,11.57811662437166,0.13164415955543518
ppo,10,60052,6,1635,99,117,1,1,0,1,0,5.639728178814549,10.583610345366537,-28.19044466706873,0.753218412399292,3.3824312686920166,0.056865859776735306,3.258173763589683,0.13010410964488983,7.454416379959495,0.12191791832447052
ppo,10,60052,6,1636,100,214,1,1,0,1,0,-6.758731730916078,11.58712905898149,32.98652153998164,0.3917873203754425,1.3058034181594849,0.04590349644422531,2.6300766111478917,0.43984878063201904,25.201478754190276,0.26582789421081543
ppo,10,60052,6,1637,101,91,1,1,0,1,0,-5.719176939240137,1.475798973964655,15.03580085394765,0.24363583326339722,1.6213176250457764,0.031028812751173973,1.7778200139439813,0.13437701761722565,7.69923597302214,0.09821732342243195
ppo,10,60052,6,1638,102,109,1,1,0,1,0,-5.675463728552055,-0.39179331117027144,-25.500333681324186,0.8331695199012756,2.8764588832855225,0.018019182607531548,1.0324231136870954,0.06520868092775345,3.7361822047754982,0.05062352120876312
ppo,10,60052,6,1639,103,185,1,1,0,1,0,9.731885755865948,9.24584949452784,45.32173389799795,0.38749146461486816,1.094041347503662,0.07060308009386063,4.04525851000233,0.24630416929721832,14.112189377206322,0.1937551647424698
ppo,10,60052,6,1640,104,444,1,1,0,1,0,-11.213763598191914,7.127807832906886,9.614447483276749,0.4470120668411255,1.8490419387817383,0.028037870302796364,1.6064516348854192,0.378704696893692,21.69818081378965,0.21739022433757782
ppo,10,60052,6,1641,105,139,1,1,0,1,0,24.968111680818453,17.465736273828067,-51.75623654901352,0.49516797065734863,1.7356500625610352,0.1144232228398323,6.555967747007317,0.37708553671836853,21.60540976938795,0.30296599864959717
ppo,10,60052,6,1642,106,86,1,1,0,1,0,2.5725224489936025,7.396917286205389,-48.45873050075809,10.821240425109863,13.279899597167969,0.08226070553064346,4.71319124667434,0.3110772669315338,17.823414497641416,0.23779934644699097
ppo,10,60052,6,1643,107,68,1,1,0,1,0,-5.676501917305897,-2.041420599511751,-14.729070718700717,0.7735466361045837,2.6001570224761963,0.016874460503458977,0.9668353684084017,0.22944098711013794,13.146000208726427,0.1315949559211731
ppo,10,60052,6,1644,108,92,1,1,0,1,0,-7.627422510314979,2.1369203044868694,-44.18232174065642,0.9328439235687256,2.2816929817199707,0.04246635362505913,2.433142834025972,0.11034425348043442,6.322260017950637,0.09763848036527634
ppo,10,60052,6,1645,109,74,1,1,0,1,0,2.5912235069410974,0.6439638953271422,2.1696095898545504,0.10121788829565048,2.341806650161743,0.04116109758615494,2.3583571718127985,0.11749009042978287,6.731686316236943,0.09990614652633667
ppo,10,60052,6,1646,110,73,1,1,0,1,0,-4.035289422021873,2.210303856929486,-20.348185386600168,0.3960947096347809,2.5368149280548096,0.03502804785966873,2.006959306941275,0.18560104072093964,10.634156306545572,0.12782856822013855
ppo,10,60052,6,1647,111,92,1,1,0,1,0,-4.75650275686186,-3.271291782220927,-28.710741157283618,1.0885494947433472,3.4916939735412598,0.021710433065891266,1.2439161860768377,0.4265548586845398,24.43979313342338,0.23498785495758057
ppo,10,60052,6,1648,112,122,1,1,0,1,0,-13.228942610912476,69.53724069455103,-94.21903084536255,4.712681770324707,4.439985275268555,1.4210323095321655,81.41915388792111,0.7345046997070312,42.084019325736804,1.7882846593856812
ppo,10,60052,6,1649,113,268,1,1,0,1,0,-11.379928440319985,9.75964364465288,34.81105631258881,0.23557010293006897,0.3386399745941162,0.03937697783112526,2.256134639703683,0.13192738592624664,7.558882415767547,0.10534067451953888
ppo,10,60052,6,1650,114,156,1,1,0,1,0,3.1902174367728757,1.3436348135249083,29.870862448188625,0.21749559044837952,0.8350107073783875,0.03885281831026077,2.226102511366549,0.16922242939472198,9.695731003268131,0.12346403300762177
ppo,10,60052,6,1651,115,49,1,1,0,1,0,-4.170417884561406,-0.21770544960498642,-1.7712183159460466,0.45849403738975525,4.598484039306641,0.031650688499212265,1.8134508696881164,0.0979485809803009,5.612040299466609,0.08062498271465302
ppo,10,60052,6,1652,116,101,1,1,0,1,0,-6.216360069303705,3.030910104571498,-16.410991141438018,0.39321812987327576,2.4863345623016357,0.043195538222789764,2.474922033961882,0.138044074177742,7.909342837175487,0.11221757531166077
ppo,10,60052,6,1653,117,82,1,1,0,1,0,-11.344138249069118,-1.2945257533925167,8.547530953785737,0.9411637783050537,4.222255706787109,0.03849560022354126,2.2056354226317825,0.2693066895008087,15.430136703036458,0.17314894497394562
ppo,10,60052,6,1654,118,98,1,1,0,1,0,-4.835022611560326,-2.1927229500058734,3.764636345970948,0.3878907859325409,1.2338029146194458,0.01793818734586239,1.0277824270328948,0.14862920343875885,8.515826069432183,0.09225279092788696
ppo,10,60052,6,1655,119,300,1,1,0,1,0,26.966802616882603,3.199137663828912,-64.19198929161242,0.2402983456850052,1.6370123624801636,0.11520178616046906,6.600576139363493,0.4565069377422333,26.155920851071397,0.3434552550315857
ppo,10,60052,6,1656,120,99,1,1,0,1,0,-11.71477163419069,2.0453411280953384,13.913464169531155,0.38345715403556824,2.3897836208343506,0.022345101460814476,1.28028000649628,0.167596697807312,9.602583444688436,0.10614345222711563
ppo,10,60052,6,1657,121,123,1,1,0,1,0,-15.831299326200694,8.126381489562752,34.01636380265782,0.4378105700016022,1.344740867614746,0.04872331768274307,2.7916404670963124,0.18813489377498627,10.779335392448777,0.1427907645702362
ppo,10,60052,6,1658,122,83,1,1,0,1,0,-26.297662644274794,14.238567513645421,-81.57307220086734,1.2532330751419067,3.078669309616089,0.14688359200954437,8.415809901868395,0.42320945858955383,24.24811582719802,0.3584883213043213
ppo,10,60052,6,1659,123,77,1,1,0,1,0,28.25742150206987,10.046006155794835,-70.21277372422198,3.519306182861328,6.114470958709717,0.1837274730205536,10.52680878468142,0.7905170917510986,45.29329299029401,0.5789860486984253
ppo,10,60052,6,1660,124,247,1,1,0,1,0,15.024490060682108,10.41849735237065,-46.47267541465846,0.5317357778549194,0.18718408048152924,0.08537029474973679,4.891357584947769,0.4893239438533783,28.036196797495037,0.33003225922584534
ppo,10,60052,6,1661,125,71,1,1,0,1,0,-8.7531469685598,-4.599135198384766,-42.49318863815559,0.23375514149665833,3.511212110519409,0.047620609402656555,2.7284599366132247,0.21098598837852478,12.088606670485705,0.15311360359191895
ppo,10,60052,6,1662,126,123,1,1,0,1,0,-6.788402072670613,10.491662338759827,-44.61743211154291,1.037753701210022,1.1986455917358398,0.05285598337650299,3.02842476948726,0.030046099796891212,1.7215147091907466,0.06787903606891632
ppo,10,60052,6,1663,127,314,1,1,0,1,0,-16.76239071385683,6.258925808211225,70.50920393420053,4.846439838409424,3.790623903274536,0.14019013941287994,8.032303317708642,0.4944016933441162,28.327130412739024,0.38739097118377686
ppo,10,60052,6,1664,128,88,1,1,0,1,0,-5.738738601023053,1.0313039231585652,14.644376372992559,0.2143610715866089,3.082735061645508,0.03100319392979145,1.7763521636026631,0.07443386316299438,4.264746212093867,0.0682201236486435
ppo,10,60052,6,1665,129,183,1,1,0,1,0,16.35372683543663,11.233448203379892,-29.69745760554034,0.4695206582546234,0.6734192371368408,0.051147423684597015,2.9305315100948754,0.822995126247406,47.15414729381273,0.4626449942588806
ppo,10,60052,6,1666,130,238,1,1,0,1,0,-9.111868503768871,3.4339459071156107,-45.909266770402446,0.8838338851928711,0.8294141292572021,0.056932054460048676,3.261966439569744,0.2047376036643982,11.730600597592195,0.15930086374282837
ppo,10,60052,6,1667,131,240,1,1,0,1,0,12.309913337330581,4.03386874267451,-46.09340867042599,1.2116661071777344,0.20764197409152985,0.08213941752910614,4.7062419560806745,0.4048925042152405,23.198631648016175,0.2845856547355652
ppo,10,60052,6,1668,132,339,1,1,0,1,0,-48.59407752935106,70.58521027928444,48.60577081321012,0.7366685271263123,0.1845887303352356,0.8594129085540771,49.240732519211186,0.4355502426624298,24.95519067045608,1.0771880149841309
ppo,10,60052,6,1669,133,68,1,1,0,1,0,-5.626778140148204,4.561883346651516,16.432314992026797,0.06619995087385178,4.212891101837158,0.021022452041506767,1.204497776994519,0.47055187821388245,26.960636663609375,0.25629839301109314
ppo,10,60052,6,1670,134,105,1,1,0,1,0,1.3254528499543343,0.2724016044784485,-11.95584999113546,0.13811632990837097,2.4153478145599365,0.029632383957505226,1.6978105376762171,0.13358564674854279,7.65389376221701,0.09642520546913147
ppo,10,60052,6,1671,135,107,1,1,0,1,0,7.4259729109346235,3.6709944524500733,-15.540060059991351,0.5732243061065674,2.5932250022888184,0.01659488119184971,0.9508166538140177,0.600933313369751,34.43094262489926,0.31706154346466064
ppo,10,60052,6,1672,136,147,1,1,0,1,0,-8.221758251132808,-4.971899602527381,-48.50189729631256,0.7207872271537781,1.0806463956832886,0.05307901278138161,3.0412034130941192,0.24244503676891327,13.891077370752791,0.17430153489112854
ppo,10,60052,6,1673,137,90,1,1,0,1,0,-2.811647371835749,-0.9531802194319594,-20.470035961393194,0.29869380593299866,2.3268539905548096,0.009760727174580097,0.5592484720820923,0.06852332502603531,3.926097322194995,0.04402238875627518
ppo,10,60052,6,1674,138,109,1,1,0,1,0,11.810407942949208,19.929931922585265,74.78528484522204,0.8985835909843445,3.301441192626953,0.12768563628196716,7.315848063399216,0.3960820138454437,22.693827734386165,0.32572662830352783
ppo,10,60052,6,1675,139,126,1,1,0,1,0,17.21135270838011,6.374984382588081,-36.64550851987083,0.25668516755104065,1.9332365989685059,0.058202650398015976,3.3347662242817364,0.3549362123012543,20.336346961221242,0.2356707602739334
ppo,10,60052,6,1676,140,225,1,1,0,1,0,-41.64274812421896,34.765266724393044,57.78538113316718,4.043643474578857,4.4842939376831055,0.3054094612598419,17.49867315355316,0.9520310759544373,54.54736261748797,0.7814249992370605
ppo,10,60052,6,1677,141,199,1,1,0,1,0,-34.176367814154545,29.82060591627567,66.61044999368721,1.2206171751022339,1.1139509677886963,0.25603407621383667,14.6696719785837,1.1106762886047363,63.637063742305564,0.8113722205162048
ppo,10,60052,6,1678,142,134,1,1,0,1,0,1.2261828805573691,1.9389677619615597,12.238483218990588,0.32141318917274475,0.9910963177680969,0.041054558008909225,2.352252903685511,0.10758718103170395,6.164291402826582,0.0948481485247612
ppo,10,60052,6,1679,143,91,1,1,0,1,0,12.712238800201012,-4.575748630666642,-0.12481487689281301,0.2108224779367447,3.0456039905548096,0.03649653121829033,2.0910972056754886,0.20356446504592896,11.663384705970099,0.1382787674665451
ppo,10,60052,6,1680,144,117,1,1,0,1,0,-5.213196525525592,-2.7901186155718687,-36.722225204628415,0.2035878598690033,2.746630907058716,0.026552848517894745,1.521366154125572,0.13666987419128418,7.830606977744519,0.09488778561353683
ppo,10,60052,6,1681,145,151,1,1,0,1,0,-10.240871452815298,2.6588560401025636,23.326393751535846,1.2344448566436768,1.0101401805877686,0.032056283205747604,1.8366897345654385,0.14736711978912354,8.443514002915613,0.10573984682559967
ppo,10,60052,6,1682,146,101,1,1,0,1,0,14.1203369391125,-0.2391249228421464,-74.27132677055691,0.6913563013076782,2.2929811477661133,0.14458692073822021,8.284220331092575,0.5644545555114746,32.34086375774034,0.4268141984939575
ppo,10,60052,6,1683,147,169,1,1,0,1,0,6.504184240928042,0.2653665096333354,11.111652270100224,0.7936411499977112,2.2883622646331787,0.01624595932662487,0.9308249035568019,0.45938900113105774,26.32105091954021,0.2459404617547989
ppo,10,60052,6,1684,148,89,1,1,0,1,0,-19.87832301321665,2.359980622401146,39.512712650415466,0.3512818515300751,2.231128454208374,0.07397281378507614,4.238330028592019,0.29787376523017883,17.066909575359976,0.22290968894958496
ppo,10,60052,6,1685,149,282,1,1,0,1,0,6.392961440483555,18.42686683345392,-61.95682354610408,0.5748732686042786,1.2687156200408936,0.09397289156913757,5.3842500755520994,0.20639905333518982,11.825794651601955,0.19717241823673248
ppo,10,60052,6,1686,150,106,1,1,0,1,0,9.366948748512167,-2.150211852611714,7.3684080766097555,0.5046656131744385,1.6461461782455444,0.021925417706370354,1.256233898636427,0.3257610499858856,18.66473329394149,0.1848059445619583
ppo,10,60052,6,1687,151,150,1,1,0,1,0,20.795467154587623,15.962479939399959,-70.0993379424864,1.339756965637207,2.0653016567230225,0.11141065508127213,6.383360328944632,0.461729496717453,26.455151438609654,0.3422754108905792
ppo,10,60052,6,1688,152,93,1,1,0,1,0,-2.398557530833378,6.034854622299786,-36.075980026118486,0.7773086428642273,2.3414347171783447,0.03833247721195221,2.1962891625262664,0.0480167530477047,2.7511572955554118,0.06234085559844971
ppo,10,60052,6,1689,153,493,1,1,0,1,0,-8.612772920737699,3.525238215562001,-12.377901040328888,0.8699907660484314,0.8709139823913574,0.02689145691692829,1.540766986297876,0.32606032490730286,18.681880483852808,0.18992161750793457
ppo,10,60052,6,1690,154,98,1,1,0,1,0,4.186304904570855,1.7120961984904162,6.142307158322427,0.32346397638320923,1.2508317232131958,0.02742709219455719,1.57145662706433,0.14156880974769592,8.111295309233485,0.09821149706840515
ppo,10,60052,6,1691,155,87,1,1,0,1,0,6.5801359444985845,-0.11383193270743251,-19.210221229362684,0.7113451957702637,2.011472702026367,0.04564831778407097,2.615455950899245,0.1958593726158142,11.221915428966325,0.14357800781726837
ppo,10,60052,6,1692,156,117,1,1,0,1,0,-12.49674633188711,25.094716067273808,-77.07323429263623,0.8560239672660828,3.2615251541137695,0.15614937245845795,8.946700015485977,0.3201391100883484,18.3426198651364,0.31621891260147095
ppo,10,60052,6,1693,157,177,1,1,0,1,0,14.529560893044644,20.340904404944933,-52.86638817595071,0.37816256284713745,0.6896085739135742,0.0910525918006897,5.216929223907004,0.23274146020412445,13.335103387408338,0.20742332935333252
ppo,10,60052,6,1694,158,161,1,1,0,1,0,-31.11748125474267,-1.6323742304980273,53.90004168418376,0.9711510539054871,0.74662846326828,0.11210992187261581,6.423425364842281,0.7274673581123352,41.68080935336886,0.475843608379364
ppo,10,60052,6,1695,159,152,1,1,0,1,0,-8.856528711837115,0.3018943613145636,-42.03687736008538,0.9689375162124634,0.1395619511604309,0.033777907490730286,1.9353315400021742,0.20809707045555115,11.923083866139617,0.13782644271850586
ppo,10,60052,6,1696,160,318,1,1,0,1,0,3.153457358659867,35.978813754985886,82.3076180649672,1.9730103015899658,1.5821601152420044,0.25251349806785583,14.467957709373007,0.7368298172950745,42.21723875040332,0.6209284067153931
ppo,10,60052,6,1697,161,85,1,1,0,1,0,11.13640487565235,-4.595474216989639,11.204447220164017,0.4108772575855255,2.897423028945923,0.011116497218608856,0.6369283735952059,0.17520996928215027,10.038791768484009,0.09872148185968399
ppo,10,60052,6,1698,162,251,1,1,0,1,0,-23.01097561566466,8.91909324463443,72.76169103944402,12.41027545928955,11.298260688781738,0.19233626127243042,11.020056018235767,0.63606858253479,36.444045260112134,0.5103705525398254
ppo,10,60052,6,1699,163,110,1,1,0,1,0,-0.9954727507726784,-1.4636958787553924,-20.941155089583994,0.3414584994316101,1.545377254486084,0.03244919702410698,1.8592020380698004,0.15445534884929657,8.84963961228551,0.10967686772346497
ppo,10,60052,6,1700,164,138,1,1,0,1,0,-30.567623705799964,1.174587631567093,57.586267458482965,1.0451823472976685,1.793755292892456,0.12947380542755127,7.418302608496699,0.4965621531009674,28.450915638614457,0.3777548670768738
ppo,10,60052,6,1701,165,84,1,1,0,1,0,12.117438606519622,2.293782428965382,-17.994939330720655,0.38742393255233765,2.428690195083618,0.022039758041501045,1.262785117267527,0.2730692923069,15.64571796380957,0.1585744023323059
ppo,10,60052,6,1702,166,347,1,1,0,1,0,-8.781560555507054,16.5203697908066,40.02440310227614,0.41724058985710144,0.22551000118255615,0.08275551348924637,4.74154165437177,0.5256143808364868,30.11548567331263,0.3455626964569092
ppo,10,60052,6,1703,167,56,1,1,0,1,0,-6.807417319319929,1.7524216353501716,-8.299731690697675,0.9071542024612427,3.070819139480591,0.021324312314391136,1.2217930966334607,0.10614888370037079,6.081883036056262,0.07439875602722168
ppo,10,60052,6,1704,168,271,1,1,0,1,0,-23.036602485430546,15.98933624321645,65.52939497261427,0.7187808752059937,0.2837974727153778,0.13395076990127563,7.674813777871113,0.7300604581832886,41.82938304328956,0.4989809989929199
ppo,10,60052,6,1705,169,74,1,1,0,1,0,-3.2977382746872164,-2.155512079407644,-20.38681693654576,1.107957124710083,2.8122267723083496,0.01567518711090088,0.8981220645324867,0.12002772837877274,6.877082260646296,0.07568904757499695
ppo,10,60052,6,1706,170,58,1,1,0,1,0,2.8351568829589326,0.519080716542629,-25.524375947202632,9.330293655395508,11.067750930786133,0.019375687465071678,1.1101451169131398,0.13500669598579407,7.735313885991793,0.08687903732061386
ppo,10,60052,6,1707,171,68,1,1,0,1,0,-5.007525869238168,-2.9977017248268965,-4.748579737424645,0.39742618799209595,3.354426383972168,0.016985313966870308,0.9731868040062789,0.27858662605285645,15.961837901617978,0.15627862513065338
ppo,10,60052,6,1708,172,129,1,1,0,1,0,2.543398522372668,8.39934316955314,44.21018891247007,0.6158865690231323,1.9547674655914307,0.05291227251291275,3.0316498994359753,0.1644486039876938,9.422210955313094,0.13513657450675964
ppo,10,60052,6,1709,173,148,1,1,0,1,0,-28.44922687434217,14.211793172098972,64.15204634534618,0.5141019821166992,2.1529250144958496,0.13796041905879974,7.904549751925431,0.3114747703075409,17.846189763428825,0.2936978042125702
ppo,10,60052,6,1710,174,76,1,1,0,1,0,-3.724870984623134,-3.120699771400486,-17.9554335165613,0.4767593741416931,2.851264715194702,0.013234582729637623,0.7582857340249645,0.13858938217163086,7.940586683760064,0.08252927660942078
ppo,10,60052,6,1711,175,84,1,1,0,1,0,-2.4917759526257117,-1.2155141250738093,-33.407343155124465,0.413042277097702,2.2488951683044434,0.01981772854924202,1.1354722054074875,0.11855360865592957,6.792621422030388,0.0790945291519165
ppo,10,60052,6,1712,176,166,1,1,0,1,0,50.580979558907764,34.064270749496295,-68.45386340916029,1.2609608173370361,0.8813408017158508,0.3140515685081482,17.993829424980525,0.6857419610023499,39.290120200459334,0.6569225788116455
ppo,10,60052,6,1713,177,196,1,1,0,1,0,-16.512952205367966,17.90882430566513,53.18847257645184,0.6302964687347412,0.7836300134658813,0.11651317030191422,6.675712915988688,0.22184373438358307,12.710709691600576,0.22743503749370575
ppo,10,60052,6,1714,178,247,1,1,0,1,0,13.286589407507384,-6.447001897196696,-53.63131472147878,2.2625858783721924,1.5768253803253174,0.07748813927173615,4.4397433425924095,0.38664621114730835,22.15319606346485,0.2708112597465515
ppo,10,60052,6,1715,179,103,1,1,0,1,0,-7.107945642800489,17.485748728096205,58.02798945248603,0.1548304557800293,3.8073649406433105,0.0930713638663292,5.332596343067054,0.1705595701932907,9.772343527640873,0.17835114896297455
ppo,10,60052,6,1716,180,65,1,1,0,1,0,6.295194112703992,-3.4407351151506034,-19.603858691608856,0.2874743938446045,3.083852767944336,0.04034171998500824,2.311410293439539,0.1680271476507187,9.627246404007707,0.12435529381036758
ppo,10,60052,6,1717,181,89,1,1,0,1,0,-4.179706941832623,-1.7683769572513213,2.566361618362251,0.07676627486944199,2.4757611751556396,0.005910954903811216,0.3386727688805402,0.32391342520713806,18.558872191995466,0.16786766052246094
ppo,10,60052,6,1718,182,82,1,1,0,1,0,-6.075767455428163,0.21799231755012696,2.6844282683550915,0.37188446521759033,2.965346574783325,0.02747117541730404,1.5739824096750594,0.26153311133384705,14.984743482354512,0.15823772549629211
ppo,10,60052,6,1719,183,210,1,1,0,1,0,4.684416940361545,7.691298439432939,27.69376697100374,0.34824246168136597,0.7624243497848511,0.06611085683107376,3.7878730764141544,0.15130005776882172,8.668854750239028,0.14176088571548462
ppo,10,60052,6,1720,184,68,1,1,0,1,0,1.5839755100393171,-4.2540194000023615,-20.29037466546518,0.5827683806419373,4.462884426116943,0.028109565377235413,1.610559460062653,0.11560653895139694,6.623766766029802,0.08591283857822418
ppo,10,60052,6,1721,185,123,1,1,0,1,0,-6.655677836718925,-0.5662636633290772,-37.117501912275394,0.6687855124473572,2.288417339324951,0.04056548699736595,2.3242311988418876,0.202433779835701,11.598601215466173,0.14178237318992615
ppo,10,60052,6,1722,186,119,1,1,0,1,0,1.948734932474678,9.52964385454187,34.04129399312837,0.11515889316797256,1.7174102067947388,0.06665235012769699,3.818898356945291,0.1452392190694809,8.321594272457238,0.13927195966243744
ppo,10,60052,6,1723,187,85,1,1,0,1,0,14.712350415612526,13.427646474246487,-41.23588741573964,0.30339422821998596,4.00398063659668,0.05938349664211273,3.4024237303223557,0.42067986726760864,24.10318092055764,0.26972341537475586
ppo,10,60052,6,1724,188,67,1,1,0,1,0,-7.816646071081013,0.05199139996213706,3.1155771295229764,0.07503683865070343,3.476325750350952,0.006238396745175123,0.35743380442668427,0.44221916794776917,25.337291943194103,0.2273479849100113
ppo,10,60052,6,1725,189,116,1,1,0,1,0,-7.243019463826662,5.5771909667739115,13.468805194184984,0.765813946723938,1.166700005531311,0.02233363315463066,1.2796229209537835,0.15400128066539764,8.823623421736931,0.09933426976203918
ppo,10,60052,6,1726,190,112,1,1,0,1,0,-19.506050382694276,20.067983706089564,62.06124347813524,0.6059737801551819,1.8179200887680054,0.13694404065608978,7.846315559061901,0.29822081327438354,17.086793963581172,0.28605443239212036
ppo,10,60052,6,1727,191,112,1,1,0,1,0,-6.172592217102263,0.9548194648327625,-34.33439107079196,0.9069978594779968,2.551744222640991,0.03976761922240257,2.278516742726992,0.0943223237991333,5.404271067556699,0.08692878484725952
ppo,10,60052,6,1728,192,192,1,1,0,1,0,-13.077585618904994,8.460159173922934,37.7850709413741,0.4274340271949768,0.92293381690979,0.05616634339094162,3.2180944269834595,0.166007399559021,9.511523362673827,0.13917005062103271
ppo,10,60052,6,1729,193,187,1,1,0,1,0,-0.6260961204583888,2.1827645341959947,-14.98217020858471,0.22319988906383514,0.3214540481567383,0.04673514515161514,2.6777265721188397,0.10025279223918915,5.744061879707432,0.09686154127120972
ppo,10,60052,6,1730,194,151,1,1,0,1,0,12.568149129470424,5.008960208963871,52.406279312701976,0.41054558753967285,1.8429757356643677,0.07209563255310059,4.130775466618651,0.3195161819458008,18.306928711628498,0.23185372352600098
ppo,10,60052,6,1731,195,156,1,1,0,1,0,7.185563912528514,2.4476119494524093,-7.559776316775173,0.2664971947669983,0.7033073902130127,0.013763845898211002,0.7886102798359401,0.5441678762435913,31.178522655355074,0.2858477830886841
ppo,10,60052,6,1732,196,114,1,1,0,1,0,-2.1353493609777665,2.2735377482654644,16.312527134363112,0.17853114008903503,2.328174114227295,0.03546006977558136,2.031712339380224,0.10303698480129242,5.903584362867665,0.08697856217622757
ppo,10,60052,6,1733,197,98,1,1,0,1,0,-5.991346317286805,13.831269673059222,-53.76502250467095,0.6386429667472839,2.246593713760376,0.0594424307346344,3.4058004050932804,0.06847934424877167,3.9235774092780833,0.09368210285902023
ppo,10,60052,6,1734,198,98,1,1,0,1,0,-2.263210502240405,-0.0645999291699806,-1.9756322174261882,0.5235373377799988,2.409137010574341,0.021068215370178223,1.2071198225838635,0.10885991901159286,6.237213917500223,0.07549817860126495
ppo,10,60052,6,1735,199,167,1,1,0,1,0,-4.330790726273305,2.862600583044044,1.3420775303941455,0.20522715151309967,0.2871852517127991,0.008044280111789703,0.46090329962657606,0.14792905747890472,8.475710660889407,0.08200880885124207
ppo,10,60052,6,1736,200,113,1,1,0,1,0,-4.936382618843315,-0.14525080288949116,-9.422942639327932,0.8553820848464966,1.7508254051208496,0.011205984279513359,0.6420556045060641,0.23106135427951813,13.238840408793472,0.12673665583133698
ppo,10,60052,6,1737,201,100,1,1,0,1,0,-6.71141218034623,-2.6689237389391627,-1.4743509738606124,0.25607016682624817,3.2561943531036377,0.019816163927316666,1.1353825591746312,0.22214053571224213,12.727715155086614,0.13088643550872803
ppo,10,60052,6,1738,202,77,1,1,0,1,0,-5.8149635121603955,0.15912974728295706,-14.229374079022584,0.46316877007484436,3.8313941955566406,0.019140202552080154,1.09665282525972,0.20260748267173767,11.608553654860529,0.12044394016265869
ppo,10,60052,6,1739,203,61,1,1,0,1,0,4.687722751919831,0.6764209542630428,-5.6856816915503945,14.999286651611328,14.432201385498047,0.037117861211299896,2.1266967919598296,0.14290855824947357,8.18805724399432,0.10857214033603668
ppo,10,60052,6,1740,204,91,1,1,0,1,0,-4.3771813711160314,-2.644662907007277,-29.366603242144922,0.6088459491729736,1.578015923500061,0.01871718466281891,1.0724156855465183,0.23429079353809357,13.423873648503701,0.1358625888824463
ppo,10,60052,6,1741,205,88,1,1,0,1,0,2.0329784856976154,-0.6906277477366694,1.0217962998339076,0.3794972002506256,2.121107816696167,0.0301212128251791,1.7258183686980892,0.13105764985084534,7.509050209356781,0.09565003961324692
ppo,10,60052,6,1742,206,138,1,1,0,1,0,-1.2304858997344772,2.374706510251693,41.79585364465397,0.3477185070514679,1.929437518119812,0.012888768687844276,0.738472048933845,0.11653666198253632,6.677058890142004,0.07115709781646729
ppo,10,60052,6,1743,207,89,1,1,0,1,0,-5.9137007268021,-3.7936646499435023,-50.829953614533075,0.856540322303772,2.6200976371765137,0.04233007878065109,2.4253348605875895,0.24212311208248138,13.872632444899171,0.16339163482189178
ppo,10,60052,6,1744,208,103,1,1,0,1,0,-12.500899086902477,14.63462286285778,47.27467622700136,0.755668580532074,3.098581552505493,0.06808330118656158,3.9008858133080087,0.5506089329719543,31.54756802149462,0.34338778257369995
ppo,10,60052,6,1745,209,108,1,1,0,1,0,-5.223523771550652,-0.22863375227700683,-14.95539586703826,0.5341836810112,2.0005011558532715,0.019291361793875694,1.1053136118490021,0.10116132348775864,5.796116885806215,0.06987202167510986
ppo,10,60052,6,1746,210,47,1,1,0,1,0,-1.215459483560449,1.169260084014483,-21.374790139609765,0.3229389786720276,3.436546564102173,0.035229239612817764,2.018486745269552,0.08965097367763519,5.136622420966933,0.08005473017692566
ppo,10,60052,6,1747,211,106,1,1,0,1,0,16.647657196178958,9.333412519687403,-42.15938363303872,0.5913610458374023,1.1532871723175049,0.07439865916967392,4.262729171854597,0.42566362023353577,24.388728931641072,0.2872304618358612
ppo,10,60052,6,1748,212,59,1,1,0,1,0,6.6286029668489945,-3.2329880813554954,-11.835638661743236,0.8338649272918701,3.142043113708496,0.04595492407679558,2.6330231974445177,0.11109921336174011,6.365516032851151,0.10150453448295593
ppo,10,60052,6,1749,213,161,1,1,0,1,0,-26.36099215825915,21.181673371016824,77.30985936624215,2.8835861682891846,2.168755531311035,0.235488623380661,13.492504243057637,0.8132803440093994,46.59753127268629,0.6421288251876831
ppo,10,60052,6,1750,214,163,1,1,0,1,0,-24.043317727577065,12.065324263152425,69.14584353435262,0.7916750907897949,1.3947645425796509,0.1592825949192047,9.12622043876236,0.9111997485160828,52.20789988335354,0.6148824691772461
ppo,10,60052,6,1751,215,123,1,1,0,1,0,0.36266938454933706,11.292611301970542,-34.55650882260077,0.54702228307724,2.7907872200012207,0.06218945235013962,3.563193149892939,0.06645935028791428,3.8078402806790406,0.09541912376880646
ppo,10,60052,6,1752,216,72,1,1,0,1,0,4.0133508544077925,3.560345387895867,35.91506076927299,1.0596367120742798,3.8392438888549805,0.060905519872903824,3.4896292377675513,0.1907258927822113,10.927788700285358,0.15626846253871918
ppo,10,60052,6,1753,217,141,1,1,0,1,0,-0.8784852706687,-0.31032281475035933,-7.626165755507697,0.5873298048973083,1.1665799617767334,0.023526664823293686,1.347978600393625,0.12888942658901215,7.38482016741165,0.08797137439250946
ppo,10,60052,6,1754,218,170,1,1,0,1,0,-4.2075194721329146,2.8589942431622775,4.009321042797485,0.15707218647003174,1.0149611234664917,0.01381807029247284,0.7917171087737968,0.10182420909404755,5.83409743334654,0.06473017483949661
ppo,10,60052,6,1755,219,85,1,1,0,1,0,1.8820313050403334,-1.6663066102946507,4.40302680693536,0.43527790904045105,2.8652803897857666,0.028580820187926292,1.637560371790477,0.13939343392848969,7.986655455938154,0.09827753901481628
ppo,10,60052,6,1756,220,108,1,1,0,1,0,-3.0362786332591285,0.05555675870888371,4.286558421208302,0.36721062660217285,1.6456862688064575,0.024073410779237747,1.3793048361350653,0.08407065272331238,4.81689358195582,0.06610873341560364
ppo,10,60052,6,1757,221,80,1,1,0,1,0,-4.759234832529865,0.5998818544238799,15.520457417073414,0.610818088054657,4.140523433685303,0.03076733835041523,1.762838634329793,0.08809459954500198,5.047448751823716,0.07481463998556137
ppo,10,60052,6,1758,222,143,1,1,0,1,0,11.027504339525667,16.71257131405076,-70.16332315463109,12.60140609741211,11.92413330078125,0.14885622262954712,8.528833310932827,0.6044163107872009,34.63050367697411,0.4510643780231476
ppo,10,60052,6,1759,223,25,1,1,0,1,0,7.025805787841916,-1.0930078521204605,-13.35931726178968,13.523381233215332,13.930861473083496,0.014286895282566547,0.8185788020364289,0.16852346062660217,9.655683042843409,0.09854862838983536
ppo,10,60052,6,1760,224,136,1,1,0,1,0,12.553805732213396,-0.2250820539086002,-17.451310914301,0.7826809883117676,0.3329950273036957,0.008810429833829403,0.504800445174572,0.2000121772289276,11.45985360644018,0.10881651937961578
ppo,10,60052,6,1761,225,102,1,1,0,1,0,-7.372028076869863,11.737707409423592,-41.660889106654516,1.689438819885254,2.0153443813323975,0.07038461416959763,4.032741334574635,0.1924106329679489,11.024317202504209,0.16658993065357208
ppo,10,60052,6,1762,226,56,1,1,0,1,0,3.5392674241172073,1.4431779904886741,-7.422953967321478,0.18263842165470123,2.5534026622772217,0.0444604828953743,2.5473980250185337,0.13979923725128174,8.009906273646523,0.11436010152101517
ppo,10,60052,6,1763,227,66,1,1,0,1,0,-2.5664709013889713,-5.902062084456398,-27.19050497257886,0.25581687688827515,4.170197486877441,0.024143587797880173,1.3833256831220873,0.4198969602584839,24.058323653183585,0.23409207165241241
ppo,10,60052,6,1764,228,171,1,1,0,1,0,-0.6766941618298433,6.091545192410892,19.078944993515037,0.6833144426345825,0.6036193370819092,0.05391884967684746,3.089322522683682,0.0944860652089119,5.413652759268535,0.1011618822813034
ppo,10,60052,6,1765,229,373,1,1,0,1,0,9.214335001697401,3.5100068937128728,15.166967806768575,0.41229280829429626,0.9480260014533997,0.01591390185058117,0.9117994116237315,0.38196295499801636,21.884865251731732,0.2068953812122345
ppo,10,60052,6,1766,230,82,1,1,0,1,0,8.132105188087221,1.2024138222457248,12.975187422868164,0.6678010821342468,2.4695541858673096,0.041387397795915604,2.3713232187350095,0.17681623995304108,10.130824298681699,0.12979552149772644
ppo,10,60052,6,1767,231,431,1,1,0,1,0,16.131376857196035,3.94259009460646,-2.3704717929662853,4.339391231536865,3.6752748489379883,0.0388532429933548,2.226126843915467,0.168648362159729,9.662839373546289,0.1231774240732193
ppo,10,60052,6,1768,232,160,1,1,0,1,0,-43.079328151969406,28.205512064377775,73.7947434910301,4.02243709564209,2.970360040664673,0.28567567467689514,16.36801046853842,0.8560407757759094,49.04752354306445,0.7136960625648499
ppo,10,60052,6,1769,233,99,1,1,0,1,0,-3.0427263318356204,8.053967823982276,20.42930071318324,0.742832362651825,2.469683885574341,0.03709107264876366,2.125161920387281,0.06236119195818901,3.5730331046094,0.06827166676521301
ppo,10,60052,6,1770,234,236,1,1,0,1,0,4.238268983776313,8.923109395866398,-17.0137416753133,0.6444959044456482,0.17079301178455353,0.04015110805630684,2.3004890344001,0.14258500933647156,8.169519256813258,0.11144360899925232
ppo,10,60052,6,1771,235,74,1,1,0,1,0,-4.043267082972449,1.790779977728963,12.497128822480631,0.04352763667702675,2.8351683616638184,0.007477650884538889,0.4284378363563452,0.24598535895347595,14.09392289004477,0.13047033548355103
ppo,10,60052,6,1772,236,102,1,1,0,1,0,-4.691424714449978,9.103959144709997,-26.98243008970359,0.8485606908798218,2.038632869720459,0.057239044457674026,3.279555670786408,0.12600602209568024,7.2196132593146745,0.12024205923080444
ppo,10,60052,6,1773,237,135,1,1,0,1,0,7.297510713025023,0.9284139535014932,-27.627199947352796,0.2479155957698822,0.10996264964342117,0.041129954159259796,2.3565727848921325,0.2053123414516449,11.763530647128118,0.14378613233566284
ppo,10,60052,6,1774,238,224,1,1,0,1,0,-21.47981112828788,47.88726223328146,-94.40847297218203,2.8109686374664307,0.9032279253005981,0.3119870126247406,17.875539086292367,0.4690510630607605,26.874646289506206,0.5465125441551208
ppo,10,60052,6,1775,239,127,1,1,0,1,0,2.056433355307439,0.8959159134305725,11.680415782665525,0.5657598376274109,0.7512914538383484,0.024409368634223938,1.3985538033200422,0.12693001329898834,7.272554055571443,0.08787437528371811
ppo,10,60052,6,1776,240,137,1,1,0,1,0,10.559008003976151,3.4205997174774057,-21.026887624045994,0.13535906374454498,0.8870286345481873,0.02713801898062229,1.554893951935578,0.18077266216278076,10.357510593271606,0.11752434819936752
ppo,10,60052,6,1777,241,114,1,1,0,1,0,3.5331202538641957,-4.461056094123788,33.400786173521254,0.6958341598510742,2.6418309211730957,0.02466251701116562,1.4130581369093873,0.21916034817695618,12.556962987157235,0.1342426836490631
ppo,10,60052,6,1778,242,170,1,1,0,1,0,13.676374643061672,10.372407235851403,-69.7603966351137,11.347129821777344,11.494942665100098,0.12330850213766098,7.065056750567864,0.5598341226577759,32.07613245569981,0.4032255709171295
ppo,10,60052,6,1779,243,81,1,1,0,1,0,-3.7844848756990053,0.7249972596401735,7.523699257579166,0.6877960562705994,3.9440371990203857,0.012522893026471138,0.7175089177106065,0.38654568791389465,22.14743650644724,0.20579573512077332
ppo,10,60052,6,1780,244,70,1,1,0,1,0,11.070534531296747,6.685471121878521,-22.27806899696561,0.7578474879264832,2.7890591621398926,0.03902155160903931,2.235770217249879,0.14486674964427948,8.300253346395534,0.11145492643117905
ppo,10,60052,6,1781,245,79,1,1,0,1,0,-4.951572959557424,-2.0491796944088856,-1.1942039348633695,0.7776947617530823,4.005713939666748,0.03285813331604004,1.8826323616872946,0.07613479346036911,4.362202339379371,0.07092553377151489
ppo,10,60052,6,1782,246,49,1,1,0,1,0,-3.8527867673991327,1.4706763320871454,13.419436586864132,0.8143024444580078,4.379889011383057,0.0351797454059124,2.0156509361035275,0.07417149841785431,4.249713819504315,0.07226549088954926
ppo,10,60052,6,1783,247,144,1,1,0,1,0,-0.8155382472778625,8.689421303603583,15.286004343623556,0.8693674802780151,0.7402629852294922,0.04571544751524925,2.6193022011756084,0.10153602063655853,5.817585451028035,0.09648345410823822
ppo,10,60052,6,1784,248,221,1,1,0,1,0,19.939671772341704,4.788276796880759,-35.592457274394945,0.5998697280883789,0.5214928388595581,0.06001557037234306,3.438638887405644,0.37919557094573975,21.72630582524447,0.24961335957050323
ppo,10,60052,6,1785,249,75,1,1,0,1,0,-1.4439156509190356,5.471609902583855,-46.04903976157759,0.7828920483589172,5.2850117683410645,0.06128780543804169,3.511532587218724,0.19914689660072327,11.410276678349645,0.16086125373840332
ppo,10,60052,6,1786,250,200,1,1,0,1,0,-12.404675381875338,7.784462219711912,38.95822423321549,0.21487559378147125,1.2287994623184204,0.05547923222184181,3.178725856937741,0.16731533408164978,9.586462490699914,0.1391368955373764
ppo,10,60052,6,1787,251,127,1,1,0,1,0,-35.83113140475187,21.508648186963672,72.48523230259858,3.454181432723999,3.8749990463256836,0.23882295191287994,13.68354719546383,0.8238672614097595,47.204116957780535,0.6507565975189209
ppo,10,60052,6,1788,252,58,1,1,0,1,0,7.099517189364693,-0.11033487585238598,-8.748557081437552,0.8412452340126038,3.3832292556762695,0.03506435453891754,2.009039526430367,0.18586963415145874,10.649545576519255,0.1279991716146469
ppo,10,60052,6,1789,253,58,1,1,0,1,0,4.3288372921706815,2.762852500405178,-2.464509837459021,0.18333736062049866,2.7446022033691406,0.02965633012354374,1.6991825519257435,0.14732496440410614,8.441098677270366,0.10331881046295166
ppo,10,60052,6,1790,254,199,1,1,0,1,0,3.5608371615161074,0.9262146325887491,-7.395906418208227,0.42464014887809753,0.19780544936656952,0.05344174802303314,3.06198661152141,0.1254344880580902,7.186866771112694,0.11615899205207825
ppo,10,60052,6,1791,255,131,1,1,0,1,0,-107.56642259686139,68.41004091544549,-34.73775472241623,4.729724884033203,3.986175060272217,0.35347670316696167,20.252723247665482,0.45678427815437317,26.17181128617543,0.5818688273429871
ppo,10,70059,7,1792,0,177,1,1,0,1,0,1.7011269146833758,14.943046885018877,50.128301941476,0.2835436165332794,1.4790159463882446,0.08666367828845978,4.965463003008291,0.1811349093914032,10.378265830611982,0.17723113298416138
ppo,10,70059,7,1793,1,109,1,1,0,1,0,0.6344289512458043,1.4651575392377751,26.243676829075014,0.2970302104949951,2.5918920040130615,0.035463687032461166,2.0319195929328515,0.14132334291934967,8.097231095958783,0.1061253547668457
ppo,10,70059,7,1794,2,54,1,1,0,1,0,8.000692348456177,-0.1110998570394274,-21.595214004504417,0.38838475942611694,3.162126064300537,0.0422806553542614,2.4225031068463845,0.21526643633842468,12.333858273013353,0.14991387724876404
ppo,10,70059,7,1795,3,138,1,1,0,1,0,-3.9587366618043704,-2.886233037572288,-34.13697128302191,0.39234861731529236,1.5727835893630981,0.019269058480858803,1.104035726143975,0.13191379606723785,7.558103774202166,0.08522595465183258
ppo,10,70059,7,1796,4,128,1,1,0,1,0,-11.730563031551759,10.970472259956061,35.8547911800368,0.2849918007850647,0.9918802380561829,0.0585271380841732,3.3533579992025113,0.20422019064426422,11.7009550152734,0.16063722968101501
ppo,10,70059,7,1797,5,157,1,1,0,1,0,-23.78295091641618,30.993977774170503,68.26256347088658,1.8068008422851562,2.064781904220581,0.21298423409461975,12.203097716448044,0.5146738290786743,29.488638232045542,0.4703211486339569
ppo,10,70059,7,1798,6,101,1,1,0,1,0,-15.541480739338713,13.517941575074056,46.93778397637965,1.12742018699646,2.7873878479003906,0.09274041652679443,5.31363445727063,0.3449310064315796,19.763090891729366,0.26520591974258423
ppo,10,70059,7,1799,7,51,1,1,0,1,0,5.07259025127171,-2.514397539156794,10.329049195000163,0.4155668020248413,3.846907377243042,0.003146751318126917,0.180295569705901,0.49525362253189087,28.37594235964252,0.250773549079895
ppo,10,70059,7,1800,8,146,1,1,0,1,0,11.449364143422335,-4.597441311470603,-42.96534595510023,0.15770937502384186,1.1897603273391724,0.06087256595492363,3.487741117348866,0.2551346719264984,14.618139908843247,0.18843990564346313
ppo,10,70059,7,1801,9,166,1,1,0,1,0,-10.894821084709,-1.6217191353928075,-42.555698529439546,0.2850804328918457,1.9015779495239258,0.04473258554935455,2.562988358685911,0.19999940693378448,11.459121922425343,0.1447322964668274
ppo,10,70059,7,1802,10,400,1,1,0,1,0,-27.92455906305847,15.592584214708749,56.22719641743383,0.15806937217712402,0.90925532579422,0.12512078881263733,7.168893128311805,0.34924831986427307,20.010454730257837,0.29974496364593506
ppo,10,70059,7,1803,11,57,1,1,0,1,0,4.111951465266096,3.565932482636937,-7.874675358269441,0.21999198198318481,3.3822126388549805,0.03670884296298027,2.103261772587281,0.13532429933547974,7.753511217488,0.10437099635601044
ppo,10,70059,7,1804,12,120,1,1,0,1,0,7.219919764053679,1.3660651547592302,-30.62461480423455,0.8371775150299072,1.307228446006775,0.054103221744298935,3.099886264008753,0.1836233288049698,10.520841760667768,0.14591488242149353
ppo,10,70059,7,1805,13,92,1,1,0,1,0,-9.373492069737038,0.04611743727592609,-46.44191224263672,0.10478977113962173,2.572603464126587,0.057867586612701416,3.3155684835155346,0.18345698714256287,10.511311085454661,0.14959608018398285
ppo,10,70059,7,1806,14,127,1,1,0,1,0,-16.399079291525513,8.518407027164802,49.620900848414095,0.6153354644775391,1.7026418447494507,0.08051139861345291,4.61296334324628,0.275638610124588,15.792929030990855,0.21833071112632751
ppo,10,70059,7,1807,15,154,1,1,0,1,0,38.59815032055076,14.577167311559634,-74.84812258558615,3.239320755004883,4.227128505706787,0.2084263563156128,11.941950556174485,0.5814858078956604,33.3166826391763,0.499169260263443
ppo,10,70059,7,1808,16,76,1,1,0,1,0,5.989106015239041,-1.450636557062328,12.366795152738447,0.31750282645225525,2.0668110847473145,0.004864638205617666,0.2787232380399862,0.2855874001979828,16.362952713458025,0.1476583331823349
ppo,10,70059,7,1809,17,92,1,1,0,1,0,5.148801502030712,1.1224049863081953,10.556685739658349,0.013749060221016407,0.8541865944862366,0.009576023556292057,0.5486657342933922,0.2288799285888672,13.113853923397762,0.12401598691940308
ppo,10,70059,7,1810,18,137,1,1,0,1,0,-16.37602057288755,10.959475655392339,37.5828563608067,0.8138144016265869,2.6260464191436768,0.06135725602507591,3.5155118127404914,0.6878886818885803,39.413118247032926,0.40530160069465637
ppo,10,70059,7,1811,19,125,1,1,0,1,0,-4.3225944992692895,1.5547149796349824,-1.9702773491168981,0.36086034774780273,0.8930429220199585,0.03467908874154091,1.9869654222499435,0.11309375613927841,6.479794916062396,0.09122596681118011
ppo,10,70059,7,1812,20,148,1,1,0,1,0,-3.989554475339468,1.8052053372560302,2.3867276431909157,0.31176695227622986,0.947533130645752,0.01399965025484562,0.8021208742619014,0.3248496651649475,18.61251479018945,0.17642448842525482
ppo,10,70059,7,1813,21,86,1,1,0,1,0,-13.142499736776795,2.9521170423062313,18.220977611113057,1.0771502256393433,1.9761221408843994,0.02779010310769081,1.5922556203040765,0.06645753979682922,3.807736547181021,0.06101887300610542
ppo,10,70059,7,1814,22,140,1,1,0,1,0,6.534291714789458,1.747312653851002,-10.436433429131103,0.05213979631662369,0.36063769459724426,0.05695801228284836,3.2634537132615145,0.1632341742515564,9.352629256917234,0.13857510685920715
ppo,10,70059,7,1815,23,91,1,1,0,1,0,7.850878979201116,-5.246746414728695,54.08074116886562,0.3200494945049286,1.8692371845245361,0.05645564943552017,3.2346704423254344,0.6360509395599365,36.443034392114974,0.37448111176490784
ppo,10,70059,7,1816,24,114,1,1,0,1,0,18.028229672735296,2.664975889598895,-57.66435018107455,0.5838155150413513,2.5775530338287354,0.10766326636075974,6.168650771064343,0.4680115878582001,26.815088747490986,0.3416690528392792
ppo,10,70059,7,1817,25,159,1,1,0,1,0,44.713327967489896,28.516777445233597,-74.9428163282392,1.6913154125213623,2.265911340713501,0.2623237371444702,15.03004300447733,0.6410756707191467,36.730930280725595,0.5828615427017212
ppo,10,70059,7,1818,26,341,1,1,0,1,0,-19.676149413784273,60.36599052613808,70.87418192268933,1.222983717918396,1.1058024168014526,0.6567143797874451,37.62696230737206,0.6133017539978027,35.13960207204476,0.9633652567863464
ppo,10,70059,7,1819,27,218,1,1,0,1,0,39.960158342943,38.591060584192284,-62.08167940413192,9.205831527709961,8.448692321777344,0.29027438163757324,16.631496968602708,0.5802407264709473,33.2453447283901,0.5803947448730469
ppo,10,70059,7,1820,28,80,1,1,0,1,0,7.224359387014187,0.7275380900114182,-16.633873874433874,0.30545011162757874,1.3221354484558105,0.020670704543590546,1.184344129909633,0.22419728338718414,12.845558116384137,0.13276934623718262
ppo,10,70059,7,1821,29,206,1,1,0,1,0,-47.412946576559094,46.89819619995025,66.98657485090148,1.8435572385787964,1.699267029762268,0.40356943011283875,23.122825085965495,0.5822259783744812,33.35909128373291,0.6946824193000793
ppo,10,70059,7,1822,30,79,1,1,0,1,0,-1.1905975949816028,0.5244902263652792,-2.5530290891023864,0.6616069078445435,2.0601325035095215,0.021125996485352516,1.2104304366189098,0.11549761891365051,6.617526107562527,0.07887480407953262
ppo,10,70059,7,1823,31,157,1,1,0,1,0,38.13927089135262,20.589222762409918,-67.61303980157504,7.179561614990234,6.36308479309082,0.21957214176654816,12.580557021871398,0.8434698581695557,48.32726301961368,0.6413070559501648
ppo,10,70059,7,1824,32,73,1,1,0,1,0,7.410741589085495,-3.04791727560483,-11.101092797643384,0.24439795315265656,3.041156053543091,0.05820893496274948,3.335126303317043,0.17008666694164276,9.745248167203432,0.14325226843357086
ppo,10,70059,7,1825,33,74,1,1,0,1,0,-7.530324541074078,0.45602441012507133,-24.632298600085605,1.0084271430969238,2.7208588123321533,0.03766760975122452,2.15819506309099,0.17867396771907806,10.237264259159884,0.12700459361076355
ppo,10,70059,7,1826,34,126,1,1,0,1,0,4.735616038379961,0.168186578122394,-27.22651372988317,0.6811570525169373,2.72312068939209,0.036601997911930084,2.0971400021002458,0.174314945936203,9.987510708195552,0.12375947088003159
ppo,10,70059,7,1827,35,130,1,1,0,1,0,-35.561311611779686,15.519077718861071,60.860304976750236,0.9652819037437439,2.904550790786743,0.17435893416404724,9.990031047999288,0.4390854239463806,25.1577416378401,0.39390164613723755
ppo,10,70059,7,1828,36,133,1,1,0,1,0,-3.6550391305489236,2.3233298273148573,-1.7421490308384724,0.5051436424255371,1.1805440187454224,0.011195523664355278,0.6414562554063955,0.1014849916100502,5.814661703176446,0.06193801760673523
ppo,10,70059,7,1829,37,177,1,1,0,1,0,19.06380929431429,6.446086651847914,-84.25613443138843,6.526829242706299,5.669711112976074,0.1721649020910263,9.86432227009885,0.7263424396514893,41.61635627326603,0.5353361368179321
ppo,10,70059,7,1830,38,60,1,1,0,1,0,-3.748038986287817,0.403896406379534,27.25998165681623,0.5879027247428894,2.81611704826355,0.03234076499938965,1.8529893406894393,0.15104715526103973,8.654364503914845,0.10786434262990952
ppo,10,70059,7,1831,39,147,1,1,0,1,0,6.912315364592985,0.8244448139555591,-16.780531696292385,1.3094730377197266,1.9986495971679688,0.06110863760113716,3.501267026339607,0.15684416890144348,8.986508919289749,0.1395307183265686
ppo,10,70059,7,1832,40,116,1,1,0,1,0,-6.377224684635845,-0.8874464788597567,-27.416392988809523,0.9548611640930176,1.3141611814498901,0.028248047456145287,1.6184938987223862,0.22052718698978424,12.635277082406954,0.13851164281368256
ppo,10,70059,7,1833,41,168,1,1,0,1,0,-23.862290393815048,8.0457852573566,45.21917177742104,0.555136501789093,0.6723368167877197,0.08356492221355438,4.7879173581756875,0.3429255485534668,19.64818661932224,0.255027711391449
ppo,10,70059,7,1834,42,207,1,1,0,1,0,-16.74015161791927,6.037340811157671,45.19400936051871,0.2114240974187851,0.7020124793052673,0.06505528092384338,3.727393031974161,0.23553602397441864,13.495220097026362,0.1828233003616333
ppo,10,70059,7,1835,43,112,1,1,0,1,0,10.144237936437959,5.702005843666725,-12.80241095762352,0.2945787310600281,1.5572330951690674,0.024561123922467232,1.4072487408551742,0.3814235329627991,21.853958645737425,0.21527288854122162
ppo,10,70059,7,1836,44,143,1,1,0,1,0,-6.745781692249733,1.7241309918079788,-4.335107405828753,0.4209156930446625,0.3033510148525238,0.027110811322927475,1.5533350679792284,0.271564781665802,15.559515853842132,0.16289320588111877
ppo,10,70059,7,1837,45,123,1,1,0,1,0,12.36784700187063,-3.5752078795298146,-45.24930657203913,0.1807708889245987,1.4850327968597412,0.03652075305581093,2.0924850147374703,0.22298400104045868,12.77604215855904,0.14801275730133057
ppo,10,70059,7,1838,46,53,1,1,0,1,0,8.441184908408639,-6.873041776865411,-24.832177255956857,18.31361198425293,17.932058334350586,0.013798764906823635,0.790610991654225,0.1962173730134964,11.24242734081752,0.11190745234489441
ppo,10,70059,7,1839,47,196,1,1,0,1,0,8.519677442350424,0.24034069651440867,2.6603450213416266,0.3475792407989502,0.8902403116226196,0.0027307583950459957,0.15646093090605392,0.18717420101165771,10.72429175170129,0.09631785750389099
ppo,10,70059,7,1840,48,280,1,1,0,1,0,-12.153160495878788,10.777109604552999,53.39105598723442,1.171096682548523,0.8140199184417725,0.07441377639770508,4.263595325218719,0.22846685349941254,13.09018646415002,0.18864721059799194
ppo,10,70059,7,1841,49,100,1,1,0,1,0,5.379812160138884,0.5919998161216852,20.34459270709674,0.4207482933998108,1.969591498374939,0.01580171473324299,0.9053715632845147,0.258649080991745,14.819500715764393,0.14512625336647034
ppo,10,70059,7,1842,50,103,1,1,0,1,0,-2.5023764062175715,-2.034371844288298,-11.711383860362364,0.339112788438797,2.1276166439056396,0.014102832414209843,0.8080327765145177,0.11565759778022766,6.626692221428684,0.0719316303730011
ppo,10,70059,7,1843,51,106,1,1,0,1,0,-1.9320829312781869,-3.9881884375054653,-38.0213818262782,0.6210378408432007,2.5567522048950195,0.02288791723549366,1.3113810594385213,0.1963011920452118,11.247229817577685,0.1210385113954544
ppo,10,70059,7,1844,52,80,1,1,0,1,0,-9.049303970971554,5.829020041472282,-34.76605902633676,0.5601034164428711,2.91031813621521,0.04396849125623703,2.519208980540245,0.04644489660859108,2.6610965555937396,0.06719093769788742
ppo,10,70059,7,1845,53,105,1,1,0,1,0,6.124289119291933,2.022623918915876,-14.964357075229316,0.16439208388328552,3.046306848526001,0.04213310033082962,2.41404882675779,0.18603220582008362,10.658860246999861,0.13514921069145203
ppo,10,70059,7,1846,54,37,1,1,0,1,0,5.494518357060078,-2.289820919246775,18.997966270715366,2.0171022415161133,5.25316858291626,0.03041446954011917,1.7426207407780263,0.20642796158790588,11.827450972475683,0.1336284577846527
ppo,10,70059,7,1847,55,188,1,1,0,1,0,-1.3012466595358092,11.493432523947256,32.570863547851346,0.47720569372177124,1.0988705158233643,0.08389792591333389,4.806997064735294,0.12246156483888626,7.016530817835862,0.14512871205806732
ppo,10,70059,7,1848,56,246,1,1,0,1,0,-16.623546628408814,13.345274392856133,68.29141418994071,1.8143738508224487,1.4158939123153687,0.156708762049675,8.97875067816626,0.5655999183654785,32.40648821528582,0.43950873613357544
ppo,10,70059,7,1849,57,108,1,1,0,1,0,-6.040031905690656,9.704605980320917,22.242811560470003,1.2257401943206787,2.147597551345825,0.06286472082138062,3.601883183333299,0.07909127324819565,4.531596153437564,0.10241036117076874
ppo,10,70059,7,1850,58,191,1,1,0,1,0,-18.098047866431166,55.405497339524615,-96.36540413166072,8.658129692077637,7.5780768394470215,0.5178571939468384,29.671031603641563,0.5859867334365845,33.57456667657389,0.8108505606651306
ppo,10,70059,7,1851,59,81,1,1,0,1,0,15.570877873526449,-3.9755116064059215,-48.70827829227367,0.5382207036018372,2.486537456512451,0.05165542662143707,2.9596379343560613,0.26565641164779663,15.22099118800879,0.1844836324453354
ppo,10,70059,7,1852,60,279,1,1,0,1,0,-7.096416283481508,13.30590518248018,-58.174100859210945,0.8563963770866394,0.1495930552482605,0.0801677256822586,4.593272334755956,0.0951293483376503,5.450510167577216,0.12773239612579346
ppo,10,70059,7,1853,61,50,1,1,0,1,0,7.20466112144787,-2.9751347798091743,-0.4158355770487163,0.7294900417327881,3.81919527053833,0.011986691504716873,0.6867868335455949,0.1902201622724533,10.898812476505226,0.10709677636623383
ppo,10,70059,7,1854,62,91,1,1,0,1,0,5.571754136194581,11.241179977520346,51.069993782724,0.49849769473075867,2.758646249771118,0.0688018873333931,3.9420577667380226,0.2064332365989685,11.827753208346456,0.17201849818229675
ppo,10,70059,7,1855,63,232,1,1,0,1,0,9.895619050649493,17.058820923835388,64.42334145917908,1.419279932975769,0.4730543792247772,0.09680050611495972,5.546260455117509,0.3019872307777405,17.302593790407727,0.24779412150382996
ppo,10,70059,7,1856,64,236,1,1,0,1,0,-50.48937306175956,47.372293290619176,51.06922880153696,1.6041245460510254,1.9857571125030518,0.3734056353569031,21.394566952351536,0.561461865901947,32.16939527372175,0.6541365385055542
ppo,10,70059,7,1857,65,85,1,1,0,1,0,-4.753169624546893,5.320211929441352,28.741873159520537,0.8043638467788696,4.493869304656982,0.04225394129753113,2.420972504142067,0.08304193615913391,4.7579524645131945,0.08377490937709808
ppo,10,70059,7,1858,66,86,1,1,0,1,0,-16.709825578004416,2.1258417376531087,40.28401859262832,0.7492197751998901,3.1013879776000977,0.0672534927725792,3.853341293382373,0.2778138220310211,15.917559492776078,0.20616039633750916
ppo,10,70059,7,1859,67,131,1,1,0,1,0,4.351499859836784,1.0494039244590991,13.322625485568372,0.5334682464599609,1.3416173458099365,0.001219668542034924,0.06988185986347559,0.18882793188095093,10.819043550962293,0.09563363343477249
ppo,10,70059,7,1860,68,104,1,1,0,1,0,3.631106147697199,3.782189932137881,0.04984672056275306,0.7750455141067505,1.5073833465576172,0.025809699669480324,1.4787868615614184,0.1333155483007431,7.638418261105054,0.09246747195720673
ppo,10,70059,7,1861,69,142,1,1,0,1,0,10.681883107144682,32.35620436261618,-68.33414385338831,1.4083025455474854,1.3469574451446533,0.1720750629901886,9.859174868785598,0.34990355372428894,20.047996865030814,0.3470268249511719
ppo,10,70059,7,1862,70,83,1,1,0,1,0,-10.467469808719642,3.376859186032644,14.956898508655662,0.4742836356163025,2.8543643951416016,0.028822768479585648,1.6514229877629583,0.10204079747200012,5.846507033294807,0.07984316349029541
ppo,10,70059,7,1863,71,172,1,1,0,1,0,-130.60962304503016,54.91145609647925,-30.60259427435043,1.750518560409546,1.9722181558609009,0.4082390367984772,23.39037384103865,0.5555499196052551,31.83066570221331,0.6860139966011047
ppo,10,70059,7,1864,72,117,1,1,0,1,0,-2.4599745918501323,10.475474790426896,31.093357026594187,1.1176167726516724,1.1895090341567993,0.05965413153171539,3.417929967285577,0.09071467816829681,5.197568198930957,0.1050114706158638
ppo,10,70059,7,1865,73,136,1,1,0,1,0,-21.94590323724955,14.173188942910059,55.04939859695683,0.18828922510147095,1.5200461149215698,0.12240881472826004,7.013508459128131,0.5147990584373474,29.49581334576864,0.37980833649635315
ppo,10,70059,7,1866,74,174,1,1,0,1,0,43.47800629382305,33.563412977659254,-62.62847702832646,3.344148874282837,3.3072125911712646,0.2379583865404129,13.634011248508314,0.6365910768508911,36.4739819792443,0.5562539100646973
ppo,10,70059,7,1867,75,109,1,1,0,1,0,1.908477797506623,1.7347997472915386,11.811063641109529,0.27246570587158203,2.0234458446502686,0.03551167994737625,2.0346693844040167,0.13092218339443207,7.501288553138708,0.10097277164459229
ppo,10,70059,7,1868,76,437,1,1,0,1,0,-19.51938291195414,16.44074344546259,77.61109802939639,4.4082512855529785,3.412317991256714,0.18803609907627106,10.773674873174128,0.5878244042396545,33.67985745772422,0.4819483160972595
ppo,10,70059,7,1869,77,100,1,1,0,1,0,-6.323184227922704,-0.7637927341258459,-30.776081079268753,0.1985265165567398,1.7547683715820312,0.03517097979784012,2.01514870375612,0.23005367815494537,13.181104819739353,0.1501978188753128
ppo,10,70059,7,1870,78,111,1,1,0,1,0,-113.74402817281444,53.671339630015055,-5.824252569431613,3.805377721786499,1.9562060832977295,0.3975408971309662,22.77741558944878,0.5705206990242004,32.68842817894019,0.6828012466430664
ppo,10,70059,7,1871,79,97,1,1,0,1,0,1.4993904473578792,-1.1266123828369232,-38.2361229737834,1.4456883668899536,2.839679002761841,0.017066610977053642,0.9778447795768159,0.10526006668806076,6.030957572491471,0.06969664245843887
ppo,10,70059,7,1872,80,107,1,1,0,1,0,-4.35494227517847,3.050594709759475,9.651562731226598,0.2646527886390686,2.280057907104492,0.003282716032117605,0.18808577398027077,0.06790217757225037,3.8905081946378206,0.037233803421258926
ppo,10,70059,7,1873,81,279,1,1,0,1,0,-38.447968121080514,44.258082198930204,59.27796871211172,2.163358688354492,2.4171156883239746,0.370920866727829,21.252200196839084,0.8401057720184326,48.13451508123592,0.7909737825393677
ppo,10,70059,7,1874,82,285,1,1,0,1,0,0.030872455048457634,1.3247698310373333,-18.562828579072193,1.4724218845367432,0.666003406047821,0.017612159252166748,1.009102393261439,0.12237031012773514,7.011302308026218,0.07879731059074402
ppo,10,70059,7,1875,83,180,1,1,0,1,0,-22.32090794343993,27.187581651614096,-85.38322492746725,1.1780108213424683,3.0207247734069824,0.2063920944929123,11.825395939309155,0.4986078143119812,28.56812339231917,0.4556959867477417
ppo,10,70059,7,1876,84,33,1,1,0,1,0,3.018028367796854,-0.7829719053152417,-3.926771376488711,19.71196746826172,19.43509864807129,0.010328924283385277,0.5918037683481646,0.1452697366476059,8.323342800884761,0.08296379446983337
ppo,10,70059,7,1877,85,104,1,1,0,1,0,7.024863221736455,2.266844162878852,-11.3029385479956,0.19666723906993866,0.6596978306770325,0.05345037579536438,3.0624809464625895,0.15681453049182892,8.984810763507355,0.13185763359069824
ppo,10,70059,7,1878,86,163,1,1,0,1,0,-50.0933860144389,38.38085468229597,66.92488458231792,0.3092185854911804,0.47848182916641235,0.3359709680080414,19.249718505785573,0.4915041923522949,28.161115834772694,0.5817230939865112
ppo,10,70059,7,1879,87,66,1,1,0,1,0,3.6939985295746762,-1.827061942600071,-4.914362088959194,0.2451368123292923,3.73915433883667,0.044026415795087814,2.5225278121466364,0.12651275098323822,7.248646685929106,0.10728278756141663
ppo,10,70059,7,1880,88,81,1,1,0,1,0,3.377200695491145,1.5713806412098135,-0.5567560400044194,0.3948459029197693,1.4506405591964722,0.041572749614715576,2.3819430956773218,0.1208050474524498,6.921619362903011,0.10197527706623077
ppo,10,70059,7,1881,89,128,1,1,0,1,0,-9.652874127547241,24.315049973516853,60.43423777632484,0.6436202526092529,0.6917962431907654,0.1410563588142395,8.081934033538893,0.3246577978134155,18.601521600720318,0.30338525772094727
ppo,10,70059,7,1882,90,83,1,1,0,1,0,1.4502677268471473,-2.2828814470500416,12.286758996044238,0.542839527130127,3.7143049240112305,0.024486446753144264,1.4029700542269843,0.1784462183713913,10.224215182750577,0.11370955407619476
ppo,10,70059,7,1883,91,133,1,1,0,1,0,-137.79820590117183,29.764475421676504,-46.27760521196289,3.246967315673828,2.8134193420410156,0.4562149941921234,26.139193717794036,0.9159711599349976,52.481281619977885,0.9142005443572998
ppo,10,70059,7,1884,92,186,1,1,0,1,0,14.61827138998477,2.432804099331822,-8.911170225197216,0.4743555784225464,0.3040362596511841,0.01932060532271862,1.1069891426297709,0.4944845139980316,28.33187568666489,0.2665628492832184
ppo,10,70059,7,1885,93,163,1,1,0,1,0,-13.647387320224137,3.745798684240053,15.869521064796086,2.132430076599121,0.4898117780685425,0.04286516457796097,2.455993018450838,0.04744070768356323,2.7181523273820294,0.06658551841974258
ppo,10,70059,7,1886,94,232,1,1,0,1,0,-102.48405151469822,57.582169344980954,4.168013657973561,8.533080101013184,7.894334316253662,0.4468892216682434,25.604866311476645,0.5705513954162598,32.690186952651466,0.7321649193763733
ppo,10,70059,7,1887,95,109,1,1,0,1,0,-5.4587008450525305,1.7795921278684823,20.234599340702854,0.6002029776573181,3.0120034217834473,0.012982925400137901,0.7438668311610973,0.08723806589841843,4.998372988863528,0.056601956486701965
ppo,10,70059,7,1888,96,128,1,1,0,1,0,-8.94564902012744,29.12273816801879,69.30017848883823,1.2239372730255127,2.515305280685425,0.1523255854845047,8.727613160121354,0.32665789127349854,18.71611851461479,0.3156545162200928
ppo,10,70059,7,1889,97,152,1,1,0,1,0,-3.8719659385885286,28.514332237510732,72.7580027372922,1.1900655031204224,1.673423171043396,0.15921510756015778,9.122353697918486,0.37238192558288574,21.335912702854053,0.34540605545043945
ppo,10,70059,7,1890,98,201,1,1,0,1,0,-18.74751689422934,13.767940159074863,56.084582067563964,0.21088814735412598,1.0930910110473633,0.09309999644756317,5.334236869128327,0.6662642359733582,38.17412876178178,0.42623209953308105
ppo,10,70059,7,1891,99,93,1,1,0,1,0,0.08856023277838533,-0.3585712710473294,5.990144203992883,0.237699493765831,2.605992317199707,0.03369397297501564,1.9305224464962505,0.11353299021720886,6.504961174946131,0.09046046435832977
ppo,10,70059,7,1892,100,151,1,1,0,1,0,-8.987285853307839,-3.9471526609720287,-38.86794279276626,1.0678297281265259,1.9098756313323975,0.034354496747255325,1.968367670913645,0.18789009749889374,10.765309598988155,0.1282995492219925
ppo,10,70059,7,1893,101,94,1,1,0,1,0,7.315187242597016,-1.418343422666508,14.004742817599205,0.355951189994812,1.4559439420700073,0.03423713892698288,1.9616435631191789,0.19811154901981354,11.350955631634436,0.13329291343688965
ppo,10,70059,7,1894,102,63,1,1,0,1,0,-1.9222474588733685,1.3785507405620137,7.020327976127566,0.3299719989299774,4.902023792266846,0.040425751358270645,2.316224936474163,0.08622276037931442,4.940200267702529,0.08353713154792786
ppo,10,70059,7,1895,103,154,1,1,0,1,0,-13.990372099585498,23.85868405393328,-76.19312343694506,0.658974289894104,2.206728219985962,0.14098472893238068,8.077829943621362,0.3015785813331604,17.279179901932924,0.29177403450012207
ppo,10,70059,7,1896,104,48,1,1,0,1,0,-7.8352241856234475,0.8582679107254623,10.871120328289054,0.4014434814453125,5.150960922241211,0.051884643733501434,2.9727711074695264,0.08750630915164948,5.013742195156526,0.09563779830932617
ppo,10,70059,7,1897,105,68,1,1,0,1,0,-13.415270171470425,-3.8291816336275684,24.418923490414407,0.4743382930755615,1.6018826961517334,0.012782859615981579,0.7324039061039647,0.15625335276126862,8.95265764798952,0.09090953320264816
ppo,10,70059,7,1898,106,186,1,1,0,1,0,-36.014399040561656,39.36479807374967,57.223884941878765,3.6066043376922607,3.7925097942352295,0.3085184395313263,17.67680448710709,0.7300064563751221,41.826288967595545,0.6735216379165649
ppo,10,70059,7,1899,107,158,1,1,0,1,0,9.566007781683018,-1.3726084759841024,-17.319570225589793,0.5690627098083496,0.9696860313415527,0.06311317533254623,3.616118578224075,0.22057272493839264,12.6378862146699,0.17339953780174255
ppo,10,70059,7,1900,108,140,1,1,0,1,0,-18.35666614916453,-3.488765005394133,65.87751605423148,1.5354164838790894,1.2766915559768677,0.13277380168437958,7.607378466421931,0.4282303750514984,24.535793149755204,0.3468889892101288
ppo,10,70059,7,1901,109,176,1,1,0,1,0,-5.74753588467403,13.752681516469055,45.463351040248995,0.603155255317688,1.4569401741027832,0.06887807697057724,3.9464231113913066,0.6099958419799805,34.95018726598197,0.37387600541114807
ppo,10,70059,7,1902,110,174,1,1,0,1,0,-34.307234238651986,30.51281826789978,66.12640814758674,4.270618438720703,4.02149772644043,0.24997811019420624,14.322690684784238,0.7835416197776794,44.89362788610531,0.6417489051818848
ppo,10,70059,7,1903,111,157,1,1,0,1,0,-34.84780273032347,12.457404442267837,76.89914643107095,0.6249936819076538,1.377995491027832,0.2305290699005127,13.208342760375718,0.722073495388031,41.37176378399329,0.5915658473968506
ppo,10,70059,7,1904,112,198,1,1,0,1,0,-29.679972321265108,15.618921424148319,72.07053053695209,6.692508220672607,6.133175849914551,0.1756991297006607,10.06681859596951,0.5482674241065979,31.41340944581723,0.44983285665512085
ppo,10,70059,7,1905,113,145,1,1,0,1,0,-23.80420646511326,12.85038620635369,59.40162245684564,2.880465507507324,0.6855482459068298,0.11055195331573486,6.334160341918915,0.21099135279655457,12.088914028998357,0.21604762971401215
ppo,10,70059,7,1906,114,187,1,1,0,1,0,-7.598517149747486,8.161379378869896,-44.05905048651603,1.0289677381515503,0.6694386005401611,0.05976835638284683,3.4244745691709184,0.06959299743175507,3.9873850365043424,0.09456485509872437
ppo,10,70059,7,1907,115,112,1,1,0,1,0,-3.7615900816011223,-0.5539693228230542,-20.822692288619294,0.17934203147888184,1.1653451919555664,0.010455933399498463,0.5990808546611373,0.0938178300857544,5.375365706989205,0.057364847511053085
ppo,10,70059,7,1908,116,85,1,1,0,1,0,-6.405583630069739,3.4739571552735455,-15.599127535933622,0.580305278301239,1.6150051355361938,0.034371163696050644,1.9693226167369773,0.088770292699337,5.086163117812995,0.07875631004571915
ppo,10,70059,7,1909,117,109,1,1,0,1,0,-4.5113809279284425,16.66363983883679,-61.068789670975704,5.785977840423584,5.211639881134033,0.09853113442659378,5.6454181532799925,0.11530403792858124,6.606434734124072,0.1561831533908844
ppo,10,70059,7,1910,118,106,1,1,0,1,0,4.352374124050545,0.8437605889283551,-10.33348881796067,0.3923441469669342,0.613250195980072,0.03768518567085266,2.1592020891067434,0.1482640504837036,8.494904346230788,0.11181721091270447
ppo,10,70059,7,1911,119,97,1,1,0,1,0,-2.3297092239996493,-1.3982899872633503,-27.59780281316506,0.6195955276489258,1.7597419023513794,0.005276158452033997,0.3023016113438256,0.12373541295528412,7.089516938646149,0.06714386492967606
ppo,10,70059,7,1912,120,153,1,1,0,1,0,-27.09958149434765,7.931584494433987,57.651727991488364,0.8126049637794495,1.5340696573257446,0.1165468841791153,6.677644578863332,0.4656107425689697,26.677530445154222,0.34935224056243896
ppo,10,70059,7,1913,121,209,1,1,0,1,0,-11.511942336597992,5.010339907176213,-0.3966017643459604,0.4170534610748291,0.764480710029602,0.005679542198777199,0.32541379755638516,0.0888698473572731,5.091867179543601,0.0501144677400589
ppo,10,70059,7,1914,122,101,1,1,0,1,0,-3.182991096631002,-1.3099346601600654,-32.299705037801836,0.17272929847240448,2.6006767749786377,0.021484913304448128,1.2309948555493488,0.15612053871154785,8.945047963480478,0.0995451807975769
ppo,10,70059,7,1915,123,71,1,1,0,1,0,13.1344810946912,4.991283679391878,-58.902308307761025,0.37471824884414673,3.781622886657715,0.11515261977910995,6.597759113217687,0.4667477011680603,26.74267337436322,0.3485264778137207
ppo,10,70059,7,1916,124,119,1,1,0,1,0,-4.566623497935505,1.099742418642093,-8.0026457825588,0.650878369808197,2.3683290481567383,0.043687112629413605,2.503087172778076,0.14500589668750763,8.308225884704232,0.11619006097316742
ppo,10,70059,7,1917,125,76,1,1,0,1,0,20.009735852847694,15.157268938147157,-62.973647468222225,0.8446109890937805,2.2330212593078613,0.08821358531713486,5.054266134389035,0.6259773373603821,35.865859501586804,0.4012022614479065
ppo,10,70059,7,1918,126,61,1,1,0,1,0,13.809030577121659,2.6301282644534902,-17.04548839457552,0.6899361610412598,3.7017605304718018,0.028024645522236824,1.6056939107743708,0.24226564168930054,13.880798789825569,0.14915746450424194
ppo,10,70059,7,1919,127,133,1,1,0,1,0,2.441041307470857,1.1668968385616585,2.1542280038436816,0.17620854079723358,1.9686731100082397,0.03764364495873451,2.1568219816244056,0.15362688899040222,8.80217235887486,0.11445708572864532
ppo,10,70059,7,1920,128,222,1,1,0,1,0,29.656899942248806,19.95360535824853,-64.81430148727061,11.76307487487793,11.75627613067627,0.17503061890602112,10.028515748877725,0.5355234742164612,30.683234902786186,0.4427923560142517
ppo,10,70059,7,1921,129,157,1,1,0,1,0,16.901207478548173,20.930827843558934,-83.12745933142217,11.178974151611328,11.691665649414062,0.15583407878875732,8.928635018904938,0.3742717504501343,21.444191691766264,0.34296995401382446
ppo,10,70059,7,1922,130,431,1,1,0,1,0,-11.170050387503833,5.917785179925768,21.138766122650804,0.45993030071258545,1.8725322484970093,0.03430772200226784,1.9656876754380612,0.13714122772216797,7.857613545722749,0.10287833213806152
ppo,10,70059,7,1923,131,123,1,1,0,1,0,1.7469165028791411,4.868408576223349,26.41224589779093,0.3590805232524872,0.8106109499931335,0.04324885085225105,2.477976622624759,0.11906702816486359,6.822038193011987,0.10278236865997314
ppo,10,70059,7,1924,132,84,1,1,0,1,0,-4.359258954733918,-3.2301467226607703,-36.28607664498808,0.2208108901977539,1.7007277011871338,0.019985957071185112,1.1451109897085507,0.15690474212169647,8.989979509161762,0.0984383299946785
ppo,10,70059,7,1925,133,121,1,1,0,1,0,-4.364668464556568,2.423870211897445,18.713147382325836,0.18244484066963196,2.124791145324707,0.009027556516230106,0.5172408876958098,0.08485199511051178,4.8616612030970225,0.05145355314016342
ppo,10,70059,7,1926,134,93,1,1,0,1,0,7.688648326034974,0.14713593510041467,15.982847563504938,0.7648405432701111,3.5313773155212402,0.02719314768910408,1.5580525942615915,0.18173164129257202,10.412456050049773,0.11805896461009979
ppo,10,70059,7,1927,135,113,1,1,0,1,0,-1.3063283202782987,-0.7553232995550301,6.408274724602723,0.722038984298706,2.999966621398926,0.021228812634944916,1.21632136805634,0.12138845771551132,6.9550463087010534,0.08192303776741028
ppo,10,70059,7,1928,136,66,1,1,0,1,0,12.444809573438333,-0.5422213974506322,-10.383977576305405,0.6108666062355042,2.8181073665618896,0.027139194309711456,1.5549612933319261,0.28052687644958496,16.073006060549105,0.16740262508392334
ppo,10,70059,7,1929,137,130,1,1,0,1,0,38.43791408262226,50.07076442790782,-62.10036680170107,1.1958634853363037,0.8004363179206848,0.4125221371650696,23.635777415275328,0.6879789233207703,39.418288700234626,0.7565115690231323
ppo,10,70059,7,1930,138,125,1,1,0,1,0,-9.060997254830616,29.208279457184027,59.45697430987942,1.0051164627075195,2.3672006130218506,0.1576845794916153,9.034660899164694,0.32912689447402954,18.85758197760951,0.32224804162979126
ppo,10,70059,7,1931,139,119,1,1,0,1,0,6.718734143136483,4.987650018753431,36.98756439350507,0.5484664440155029,1.3700958490371704,0.059066783636808395,3.3842774118015124,0.18400512635707855,10.542717149032026,0.15106934309005737
ppo,10,70059,7,1932,140,219,1,1,0,1,0,-4.995012962678705,46.44458967679137,78.62977976296877,6.516496181488037,6.65909481048584,0.35193753242492676,20.164535260196864,0.8657186031341553,49.60202220554818,0.7847968339920044
ppo,10,70059,7,1933,141,98,1,1,0,1,0,-1.3388946622409195,0.24606439503887936,-22.00999773242095,0.5194835662841797,3.4990720748901367,0.03612379729747772,2.0697411251315625,0.10668737441301346,6.112736281197679,0.08946748077869415
ppo,10,70059,7,1934,142,93,1,1,0,1,0,-0.5462102279259197,-4.435920997978141,-26.834242305470994,1.4833800792694092,2.530592203140259,0.011837542057037354,0.6782411996768511,0.1605100929737091,9.19655089664598,0.0920925885438919
ppo,10,70059,7,1935,143,110,1,1,0,1,0,-10.27906587065401,2.7536590657823408,26.909592952394576,0.5429990887641907,2.674790620803833,0.04246070981025696,2.4328194672574543,0.15679727494716644,8.983822093624996,0.12085934728384018
ppo,10,70059,7,1936,144,101,1,1,0,1,0,20.688588354455263,-5.301333286575437,-71.7727889306529,4.935778617858887,4.99909782409668,0.16863484680652618,9.66206500084914,0.6541857719421387,37.48208374979233,0.4957277178764343
ppo,10,70059,7,1937,145,194,1,1,0,1,0,24.775814534925914,12.33627786752683,-68.60445541998074,1.416796088218689,1.2977062463760376,0.16989202797412872,9.734096175836093,0.8394333720207214,48.09598939922246,0.5896087288856506
ppo,10,70059,7,1938,146,161,1,1,0,1,0,2.7947904649641573,4.423312468770297,26.430468842496524,0.8582149147987366,0.7075453996658325,0.043474018573760986,2.490877782749855,0.13044627010822296,7.474020730424725,0.10869715362787247
ppo,10,70059,7,1939,147,93,1,1,0,1,0,0.3548693085171825,-1.0667799257076116,13.348252355334258,1.2153280973434448,3.6773314476013184,0.0329277329146862,1.8866201249455243,0.1456257551908493,8.343741160841006,0.10574060678482056
ppo,10,70059,7,1940,148,96,1,1,0,1,0,1.7986073745177977,4.744044491815757,9.376210485026704,0.6333345174789429,0.8852042555809021,0.040311895310878754,2.309701465486566,0.11760162562131882,6.738076811979136,0.09911270439624786
ppo,10,70059,7,1941,149,121,1,1,0,1,0,-2.5286043326304206,12.947579798242971,42.62796193085828,0.8364002108573914,2.656601667404175,0.060065362602472305,3.4414917720445937,0.13110730051994324,7.5118949831460915,0.12561900913715363
ppo,10,70059,7,1942,150,254,1,1,0,1,0,-20.035417364126943,40.40399769558877,-92.68753850890562,4.251797676086426,3.0666353702545166,0.32757285237312317,18.76854192404193,0.581344723701477,33.30859911029359,0.6182452440261841
ppo,10,70059,7,1943,151,130,1,1,0,1,0,-39.313325768164454,21.43026493604861,63.47099452282587,1.994673728942871,3.691310167312622,0.20462849736213684,11.72434926695434,0.6114792227745056,35.03517872491902,0.5103681087493896
ppo,10,70059,7,1944,152,201,1,1,0,1,0,-40.728158473597574,19.827888896385275,63.1000879301375,7.71040678024292,7.326500415802002,0.23073676228523254,13.220242657457172,0.625087320804596,35.81486530924349,0.5432804226875305
ppo,10,70059,7,1945,153,109,1,1,0,1,0,17.5589546956204,10.892867650606375,-62.25778900169153,0.5215899348258972,3.2341954708099365,0.10130303353071213,5.804236273182068,0.5851777791976929,33.52821701286618,0.39389193058013916
ppo,10,70059,7,1946,154,171,1,1,0,1,0,-27.65025866599076,20.709843903152343,81.34814041112048,0.40511783957481384,1.294417142868042,0.21774005889892578,12.47558640583841,1.0308033227920532,59.060679904046104,0.7331417202949524
ppo,10,70059,7,1947,155,96,1,1,0,1,0,-1.6825897812759611,2.7316112151415397,-9.699483338443407,0.30543404817581177,2.222358226776123,0.023679303005337715,1.3567241240172974,0.08834558725357056,5.061829288234355,0.06785209476947784
ppo,10,70059,7,1948,156,153,1,1,0,1,0,17.38131513568671,0.6145667611394073,-21.947487841136994,0.5558645129203796,0.40332043170928955,0.023292139172554016,1.3345412704186825,0.26353996992111206,15.099728009484384,0.15506212413311005
ppo,10,70059,7,1949,157,22,1,1,0,1,0,2.016859239256385,-4.360734275594641,-20.763515529650302,8.465792655944824,10.547237396240234,0.011020537465810776,0.6314302847567572,0.21750108897686005,12.461894437873474,0.1197710782289505
ppo,10,70059,7,1950,158,96,1,1,0,1,0,-11.515767242533197,4.179310790860762,33.201904725268825,0.9239072203636169,2.6637518405914307,0.052253734320402145,2.993918440356944,0.17194099724292755,9.851493467290272,0.13822422921657562
ppo,10,70059,7,1951,159,62,1,1,0,1,0,8.460828532461596,-5.991073109720005,-42.304456851009796,0.7585747241973877,2.1019067764282227,0.053684916347265244,3.075919130211178,0.16918614506721497,9.69365206443951,0.13827799260616302
ppo,10,70059,7,1952,160,148,1,1,0,1,0,-9.984220264562898,-2.9156301717600233,62.33294840331835,2.4298365116119385,0.9300684332847595,0.049821238964796066,2.8545467227955412,0.2764205038547516,15.837728241756968,0.18803149461746216
ppo,10,70059,7,1953,161,114,1,1,0,1,0,4.990177188746336,1.647714835373876,-3.353800467394681,0.40263545513153076,1.6944520473480225,0.055791791528463364,3.196634186054691,0.09150540083646774,5.242873270582475,0.10154449194669724
ppo,10,70059,7,1954,162,199,1,1,0,1,0,-19.992250568572462,25.43367103502486,65.99494066644235,0.32436832785606384,0.720143735408783,0.17657873034477234,10.117216000534095,0.6204490661621094,35.54911289392204,0.486803263425827
ppo,10,70059,7,1955,163,136,1,1,0,1,0,-11.034867283450941,10.329827836565544,37.50734178934304,0.4424086809158325,0.8712779879570007,0.052074022591114044,2.983621716739738,0.19471901655197144,11.156577839365983,0.14943352341651917
ppo,10,70059,7,1956,164,71,1,1,0,1,0,0.9736844473203378,-4.733826528817417,6.112869042999672,0.4947914779186249,3.724381685256958,0.02179649844765663,1.2488473692141755,0.16414408385753632,9.404763237078296,0.10386854410171509
ppo,10,70059,7,1957,165,143,1,1,0,1,0,-5.251664150931104,6.704172179826016,-37.87893140094842,1.1882107257843018,0.8087921142578125,0.03508814424276352,2.0104025760566073,0.06163269653916359,3.531293391704629,0.06590449064970016
ppo,10,70059,7,1958,166,111,1,1,0,1,0,-0.8487056458874445,1.3229530007181098,-6.996313031005801,0.09203612804412842,0.5264602303504944,0.03151969984173775,1.8059457724507417,0.09734340012073517,5.577365990371393,0.08019140362739563
ppo,10,70059,7,1959,167,143,1,1,0,1,0,-7.1273433800433255,4.826102384504289,14.836905745316878,0.28243887424468994,1.4519927501678467,0.009712180122733116,0.5564669309034574,0.13394607603549957,7.674544839172544,0.07668522000312805
ppo,10,70059,7,1960,168,83,1,1,0,1,0,-6.912711515564845,9.58300129233801,-34.595686787679966,1.2990145683288574,2.3966593742370605,0.06205110624432564,3.5552665019177274,0.16878128051757812,9.670455034470853,0.1464417427778244
ppo,10,70059,7,1961,169,60,1,1,0,1,0,12.371876813480936,2.76954608579179,-10.443919316461438,0.05509358271956444,4.212635517120361,0.028338395059108734,1.6236704350613156,0.2900433838367462,16.618261769538517,0.17336007952690125
ppo,10,70059,7,1962,170,94,1,1,0,1,0,-1.0977070222694292,2.10522822673801,9.49795177679301,0.19251513481140137,1.5234618186950684,0.03423380106687546,1.9614523178224186,0.10182967036962509,5.834410341387891,0.0851486325263977
ppo,10,70059,7,1963,171,70,1,1,0,1,0,-3.4669084000500923,-2.4798641027132096,-39.91230603761789,0.33782628178596497,4.320103168487549,0.03782523795962334,2.1672264941644506,0.13380694389343262,7.666573154637493,0.10472871363162994
ppo,10,70059,7,1964,172,58,1,1,0,1,0,-1.059457962917358,2.0153292768823023,-0.8310017955587714,0.6649291515350342,3.0146491527557373,0.030451737344264984,1.7447560286673016,0.1052064299583435,6.027884414251788,0.08305495232343674
ppo,10,70059,7,1965,173,63,1,1,0,1,0,-6.780260487179958,-0.4215182944381669,22.58884260420119,0.32582029700279236,4.355829238891602,0.033623043447732925,1.926458483940093,0.13149279356002808,7.53398210737462,0.09936943650245667
ppo,10,70059,7,1966,174,64,1,1,0,1,0,-5.982712958175909,11.53791071582238,-72.84037481868256,1.5203850269317627,3.881338119506836,0.05620385333895683,3.2202435886944865,0.10980184376239777,6.291182230340256,0.11110477149486542
ppo,10,70059,7,1967,175,110,1,1,0,1,0,1.0318776590488463,2.4176957208877536,16.98200861642942,0.23800651729106903,1.3804616928100586,0.03811625763773918,2.1839006934757443,0.1027318611741066,5.886102066800194,0.08948218822479248
ppo,10,70059,7,1968,176,116,1,1,0,1,0,5.281238870037259,-1.7845508452059116,9.956093545560787,0.32799091935157776,2.433046340942383,0.014691255986690521,0.8417469637836708,0.19482868909835815,11.162861613402395,0.1121056005358696
ppo,10,70059,7,1969,177,139,1,1,0,1,0,0.2704481703758249,12.190972423123979,-36.16537354197562,0.7186702489852905,0.9934226870536804,0.06500095874071121,3.7242806001467508,0.06545797735452652,3.7504658378772873,0.09772995114326477
ppo,10,70059,7,1970,178,111,1,1,0,1,0,7.649415719442421,1.8545466238202022,23.68519724901496,0.45654091238975525,0.4900212585926056,0.027184629812836647,1.557564555901053,0.2667083442211151,15.281262484792276,0.16053880751132965
ppo,10,70059,7,1971,179,193,1,1,0,1,0,32.0317430562839,60.39926720777438,-66.12460497764586,4.356354236602783,4.07879114151001,0.6884078979492188,39.44286713596291,0.6207155585289001,35.56438178181161,0.9987657070159912
ppo,10,70059,7,1972,180,124,1,1,0,1,0,13.999879722910157,0.6470238200753079,-24.56470704805916,1.0461907386779785,0.8134101629257202,0.01948252134025097,1.1162662470699407,0.19423913955688477,11.129082912862096,0.1166020929813385
ppo,10,70059,7,1973,181,74,1,1,0,1,0,1.3665569283794712,4.957064431650114,-21.77482065891907,0.26977142691612244,4.037071704864502,0.03817696124315262,2.187378753867162,0.07714452594518661,4.4200557491966705,0.07674922049045563
ppo,10,70059,7,1974,182,200,1,1,0,1,0,-5.585906288154848,-3.0390653504404934,-30.872304784295896,0.21811088919639587,0.7967565059661865,0.01688760332763195,0.9675883967643956,0.07824376970529556,4.483037777307005,0.05600948631763458
ppo,10,70059,7,1975,183,63,1,1,0,1,0,-19.329121162434266,2.5321970121338473,31.377219688499917,0.8859195113182068,3.883669137954712,0.041239671409130096,2.362859120249483,0.6183028221130371,35.42614216810514,0.35039108991622925
ppo,10,70059,7,1976,184,92,1,1,0,1,0,15.42144699486491,5.140332067459896,-25.186308904043678,0.6785181164741516,1.2097177505493164,0.03207385540008545,1.8376965471377806,0.3726674020290375,21.352269298368938,0.2184075564146042
ppo,10,70059,7,1977,185,238,1,1,0,1,0,-3.866392504225798,11.725085219837409,-44.09664384770778,0.9901990294456482,0.27634552121162415,0.07360823452472687,4.217441175676004,0.08197891712188721,4.697045960136899,0.11459769308567047
ppo,10,70059,7,1978,186,56,1,1,0,1,0,-12.874264547692054,-1.3740291553314652,-18.24973270751881,0.8412879109382629,3.8759617805480957,0.05144680663943291,2.9476848898651276,0.07483703643083572,4.287846338753673,0.08886532485485077
ppo,10,70059,7,1979,187,109,1,1,0,1,0,-10.339936516537163,15.378184576662049,38.10990107792156,0.23519544303417206,2.6936323642730713,0.06702283024787903,3.8401253042252215,0.46729016304016113,26.77375415018136,0.3006679117679596
ppo,10,70059,7,1980,188,76,1,1,0,1,0,10.693494428733704,-2.0518571285635305,-19.35939256083576,0.6043668985366821,2.749941349029541,0.019817257300019264,1.135445204815925,0.29716435074806213,17.02626311960923,0.16839943826198578
ppo,10,70059,7,1981,189,121,1,1,0,1,0,-4.47799496326542,21.991064448041673,-65.60665807250545,0.9587754011154175,1.295291781425476,0.1190427616238594,6.820647822629066,0.2045249491930008,11.718416393886537,0.2213052362203598
ppo,10,70059,7,1982,190,187,1,1,0,1,0,7.367096680289113,4.687845695324891,21.490507204528118,0.2300684154033661,0.4883407652378082,0.034833017736673355,1.9957849040157225,0.18971294164657593,10.869750875360467,0.12968948483467102
ppo,10,70059,7,1983,191,177,1,1,0,1,0,6.164341348584888,56.29254766741251,-72.97916426261722,10.446891784667969,10.016467094421387,0.51360023021698,29.427125548380406,0.6772143244743347,38.801522618182474,0.8522074222564697
ppo,10,70059,7,1984,192,105,1,1,0,1,0,0.3499105911797532,1.0251157717705337,4.648831654785779,0.49048468470573425,1.8768633604049683,0.037154242396354675,2.128781280317153,0.12015525996685028,6.884389282397741,0.09723187237977982
ppo,10,70059,7,1985,193,120,1,1,0,1,0,8.777517083518406,1.7953288837161916,52.74445563888764,0.5098925828933716,1.139314889907837,0.05842801555991173,3.3476786969076455,0.2955554127693176,16.934077763928858,0.20620572566986084
ppo,10,70059,7,1986,194,100,1,1,0,1,0,2.2660518609351303,5.945119596984159,41.334542668111304,0.5814281105995178,4.512562274932861,0.044389110058546066,2.5433086626964,0.1792449653148651,10.2699800115106,0.13401159644126892
ppo,10,70059,7,1987,195,124,1,1,0,1,0,3.8355337095556803,20.400258748832343,62.48681890494039,0.8790110349655151,2.1792263984680176,0.10054498165845871,5.760803100249956,0.28940925002098083,16.581928578248633,0.24524959921836853
ppo,10,70059,7,1988,196,156,1,1,0,1,0,6.83514788735018,1.4300230461472296,-23.384614284021037,1.3905977010726929,0.30346232652664185,0.053028710186481476,3.0383212867077853,0.22001463174819946,12.605909830296838,0.1630360186100006
ppo,10,70059,7,1989,197,82,1,1,0,1,0,3.2644342722942343,4.375241597391748,-10.539323398788175,0.235905721783638,2.9773755073547363,0.019119225442409515,1.0954509254092095,0.4607637822628021,26.39982007614338,0.24950110912322998
ppo,10,70059,7,1990,198,149,1,1,0,1,0,-15.37313023667624,25.850053027207178,67.04116172274821,0.9664275646209717,1.0133696794509888,0.14996686577796936,8.592468475882544,0.36187100410461426,20.733681263355688,0.3309023678302765
ppo,10,70059,7,1991,199,52,1,1,0,1,0,7.280448900478332,-1.4783398043359,-7.716597460118666,0.7054049372673035,4.963138103485107,0.024855703115463257,1.4241268853462161,0.1749645173549652,10.024728408982952,0.11233796179294586
ppo,10,70059,7,1992,200,178,1,1,0,1,0,-4.029442780092342,-1.021536752645447,-11.83820681287116,0.5055595636367798,0.3507777452468872,0.015187280252575874,0.8701670607549765,0.17426924407482147,9.984892184422499,0.10232190042734146
ppo,10,70059,7,1993,201,215,1,1,0,1,0,-1.8668409643262251,3.598567126491258,16.622822628356793,0.18158426880836487,1.2474839687347412,0.02954578772187233,1.692848938852732,0.10649517923593521,6.101724308708326,0.08279337733983994
ppo,10,70059,7,1994,202,101,1,1,0,1,0,-6.761245240530642,2.879102320078795,34.65784150912708,0.591476559638977,2.1142630577087402,0.05589362233877182,3.202468661709763,0.1771695762872696,10.151068979381616,0.14447841048240662
ppo,10,70059,7,1995,203,71,1,1,0,1,0,2.371701227016888,6.562281830008171,36.51712828423127,0.8157325983047485,2.3217313289642334,0.05344719439744949,3.062298665789115,0.1424867808818817,8.163891180937169,0.12469058483839035
ppo,10,70059,7,1996,204,432,1,1,0,1,0,-18.259021764790027,13.2310326487985,44.11546784906034,0.7228361368179321,0.7894737720489502,0.07669980078935623,4.3945748747242925,0.44799941778182983,25.668475863216976,0.30069950222969055
ppo,10,70059,7,1997,205,149,1,1,0,1,0,-0.15852869063599595,2.991677497978945,-21.476204788406115,0.5471634864807129,1.1473400592803955,0.03459775820374489,1.9823055256887023,0.09212552756071091,5.278403914644881,0.08066052198410034
ppo,10,70059,7,1998,206,130,1,1,0,1,0,38.736885122972055,27.686581611996885,-70.07589673325492,0.7949931025505066,1.2805709838867188,0.24631991982460022,14.11309181595041,0.729495644569397,41.79702160700204,0.6110677719116211
ppo,10,70059,7,1999,207,149,1,1,0,1,0,-12.231789633603976,6.5599322449336865,42.90340979970655,0.43448173999786377,1.3154786825180054,0.06402301788330078,3.668248716403728,0.1834922730922699,10.513332821448984,0.15576915442943573
