method,seed,case_seed,batch_idx,case_id,env_id,sim_step,done_reached,dropped,crashed,timeout,no_drop_done,roll_deg,pitch_deg,yaw_deg,landing_error_xy_m,release_to_target_xy_m,delta_theta_rad,delta_theta_deg,delta_omega_rad_s,delta_omega_deg_s,impulse_metric
ppo_gru,10,10,0,0,0,121,1,1,0,1,0,-0.39813172672004327,1.904325042491255,-21.193708164334385,0.49519479274749756,1.0534216165542603,0.022764025256037712,1.304282571900174,0.17272786796092987,9.896577838454235,0.1091279610991478
ppo_gru,10,10,0,1,1,208,1,1,0,1,0,0.23642016793082135,1.5533489418009798,-38.96006838429139,0.5278302431106567,0.5342917442321777,0.03335288539528847,1.9109795677335515,0.063736192882061,3.6518148543738542,0.06522098183631897
ppo_gru,10,10,0,2,2,122,1,1,0,1,0,3.0839943348008374,0.2116812227570352,-8.833633917739231,0.13520553708076477,0.4986931085586548,0.010309955105185509,0.5907169144964863,0.06555578112602234,3.7560695812044593,0.04308784753084183
ppo_gru,10,10,0,3,3,119,1,1,0,1,0,13.33834858103774,7.455178799825598,-72.56782295004237,19.004457473754883,17.538393020629883,0.11789578944444656,6.754931157529788,0.4093884229660034,23.45622881746862,0.3225899934768677
ppo_gru,10,10,0,4,4,22,1,1,0,1,0,14.277089780564292,20.11307661498999,-58.8467378886738,12.04574966430664,13.511787414550781,0.15192767977714539,8.704814842445499,0.5048859119415283,28.927831889863302,0.40437063574790955
ppo_gru,10,10,0,5,5,147,1,1,0,1,0,-8.583867560170205,14.430646093484519,37.60516375863596,0.8155399560928345,2.0823357105255127,0.051054447889328,2.9252043894290884,0.5273001194000244,30.21207137836578,0.3147045075893402
ppo_gru,10,10,0,6,6,80,1,1,0,1,0,-0.0318150211539194,5.170931314941553,-36.44032963720365,0.655750036239624,4.19002103805542,0.0468757189810276,2.6857808592541654,0.2130398154258728,12.206282292148563,0.1533956229686737
ppo_gru,10,10,0,7,7,315,1,1,0,1,0,22.489955125397746,15.175819731932911,-70.71624062832196,5.910134315490723,5.023809909820557,0.19714882969856262,11.29579587767106,0.7262566685676575,41.61144195215821,0.5602771639823914
ppo_gru,10,10,0,8,8,104,1,1,0,1,0,-11.707558954427157,6.656797987742808,24.235095779092685,1.5566612482070923,1.5789138078689575,0.036631546914577484,2.0988330352407627,0.6078083515167236,34.824853294712234,0.3405357301235199
ppo_gru,10,10,0,9,9,100,1,1,0,1,0,-0.9436179545939416,5.238031093347758,-14.106867806069236,0.40456870198249817,1.285784125328064,0.047940369695425034,2.746780851844726,0.17732471227645874,10.159957616812742,0.1366027295589447
ppo_gru,10,10,0,10,10,187,1,1,0,1,0,-27.879862305129908,3.309718426491419,73.09503159169732,1.3113164901733398,1.2274779081344604,0.14668616652488708,8.404498254829207,0.6805887222290039,38.99486136792344,0.48698052763938904
ppo_gru,10,10,0,11,11,288,1,1,0,1,0,-10.411954031145777,-0.9303400668474369,82.08929789833691,4.810549259185791,3.891900062561035,0.10444623231887817,5.984328297914617,0.4629119038581848,26.52289837743972,0.3359021842479706
ppo_gru,10,10,0,12,12,192,1,1,0,1,0,-35.47153560532904,31.209442921727724,64.28444273221771,0.8817115426063538,0.7908614277839661,0.2632526755332947,15.083267253584653,1.2425330877304077,71.19190183231082,0.8845192193984985
ppo_gru,10,10,0,13,13,114,1,1,0,1,0,-26.057294627003706,55.008772631773596,81.63601922425818,0.6722058653831482,1.146026611328125,0.5636089444160461,32.29241381086285,0.6824873685836792,39.10364579083423,0.9048526287078857
ppo_gru,10,10,0,14,14,123,1,1,0,1,0,2.5655829767968696,3.8146469910737815,32.041974679660576,0.2569780945777893,1.7779960632324219,0.04223235324025154,2.41973559957206,0.04815933108329773,2.759326415246159,0.06631201505661011
ppo_gru,10,10,0,15,15,98,1,1,0,1,0,8.261427989832242,0.3545004783020018,38.96933012080593,0.28119638562202454,3.285353660583496,0.04469176009297371,2.560649232338593,0.1981646716594696,11.353999334683325,0.1437740921974182
ppo_gru,10,10,0,16,16,151,1,1,0,1,0,-1.1962803123710533,-1.0115919972139085,20.9441603728188,0.344679594039917,0.964917778968811,0.05960775911808014,3.415273023698442,0.15070530772209167,8.634778082696187,0.13496041297912598
ppo_gru,10,10,0,17,17,52,1,1,0,1,0,2.6711367202302467,0.3927085565190531,19.210890587901343,0.6951605677604675,4.621057987213135,0.03829675167798996,2.194242240209378,0.11539722234010696,6.6117738076209065,0.09599536657333374
ppo_gru,10,10,0,18,18,66,1,1,0,1,0,27.09739583381325,0.440301314655702,-62.30325074080713,0.4042806625366211,2.3098082542419434,0.09751930832862854,5.587444788265393,0.3267045319080353,18.71879082612756,0.2608715891838074
ppo_gru,10,10,0,19,19,213,1,1,0,1,0,-27.44234770765557,30.145190166013016,70.47005328987802,0.3802076280117035,0.8425037860870361,0.21523860096931458,12.332263423842155,1.0268652439117432,58.83504460481473,0.7286711931228638
ppo_gru,10,10,0,20,20,72,1,1,0,1,0,-14.365759296369399,1.9753043683460276,22.911924212321132,8.900752067565918,10.467278480529785,0.03284977376461029,1.8821533946717475,0.18030591309070587,10.330767841350067,0.12300273030996323
ppo_gru,10,10,0,21,21,142,1,1,0,1,0,13.480566779935746,6.619969607738098,21.165909294412433,1.5563932657241821,2.832937717437744,0.0180031880736351,1.0315066943995501,0.10019606351852417,5.740811563436152,0.06810121983289719
ppo_gru,10,10,0,22,22,108,1,1,0,1,0,0.346563798486447,1.2345976736148248,-34.3687059411821,0.45280158519744873,2.026900291442871,0.02651054598391056,1.5189423974655696,0.1670747697353363,9.572679168954828,0.11004792898893356
ppo_gru,10,10,0,23,23,260,1,1,0,1,0,1.8289197540543143,71.69754756675603,76.97996122933053,3.2159476280212402,2.9535624980926514,1.1792998313903809,67.56890311915842,0.43588584661483765,24.974419360516958,1.397242784500122
ppo_gru,10,10,0,24,24,132,1,1,0,1,0,-1.3422824360692458,4.94987907264326,18.397824869103026,0.5401414036750793,0.8790342807769775,0.031582530587911606,1.8095457090301617,0.18495962023735046,10.597405619942672,0.12406234443187714
ppo_gru,10,10,0,25,25,86,1,1,0,1,0,0.6889748419575262,0.2262568464458424,-17.27022893902562,0.7102805972099304,3.6742796897888184,0.010106567293405533,0.5790636512770926,0.1900225430727005,10.887489730408637,0.10511784255504608
ppo_gru,10,10,0,26,26,81,1,1,0,1,0,-23.672902908508934,17.402406759843707,65.50718319743339,0.73715740442276,1.9112043380737305,0.15930181741714478,9.127321806766025,0.758340060710907,43.44968491442959,0.5384718179702759
ppo_gru,10,10,0,27,27,76,1,1,0,1,0,-8.492780157398915,19.401329922339638,-54.897905001165945,3.064375162124634,4.8982834815979,0.10776050388813019,6.174222070992958,0.37446364760398865,21.45518658878269,0.2949923276901245
ppo_gru,10,10,0,28,28,81,1,1,0,1,0,2.3944867380880503,-2.405988776650352,-10.104486235468483,0.335878849029541,3.4193429946899414,0.024110188707709312,1.38141205621572,0.06945069134235382,3.97923149818264,0.05883553624153137
ppo_gru,10,10,0,29,29,136,1,1,0,1,0,1.7915176381593245,2.0619931292918294,17.26573467455175,2.6331403255462646,1.7328392267227173,0.021137794479727745,1.2111064119033295,0.07952605187892914,4.55650713400107,0.06090082228183746
ppo_gru,10,10,0,30,30,167,1,1,0,1,0,12.124992795741656,4.876454539065624,-71.12271884620776,3.280514717102051,4.451520919799805,0.13774223625659943,7.892048798197014,0.3932092785835266,22.529232128219903,0.3343468904495239
ppo_gru,10,10,0,31,31,170,1,1,0,1,0,-1.3040333767171743,-1.3624451544991234,-39.396763359065325,0.19246914982795715,1.0852771997451782,0.007986297830939293,0.45758115964730534,0.14473457634449005,8.292680374153283,0.08035358786582947
ppo_gru,10,10,0,32,32,133,1,1,0,1,0,10.822530362533584,-2.884593792171485,-55.99395911765623,3.571666955947876,4.504642009735107,0.08117184787988663,4.650804298795443,0.13126082718372345,7.520691413023421,0.14680226147174835
ppo_gru,10,10,0,33,33,206,1,1,0,1,0,39.304774371323596,9.557483705598843,-70.23118791422434,2.3633828163146973,2.862476348876953,0.21905459463596344,12.550903755589786,0.7344301342964172,42.079747042410965,0.5862696766853333
ppo_gru,10,10,0,34,34,137,1,1,0,1,0,31.730804921453135,6.8196023767992315,-64.60278418905366,0.9428843855857849,1.7311691045761108,0.14741696417331696,8.446369875762324,0.473880410194397,27.151347498067178,0.38435715436935425
ppo_gru,10,10,0,35,35,408,1,1,0,1,0,-30.68881858243267,34.86334824087442,67.37922876590717,0.8439195156097412,0.560646653175354,0.28460392355918884,16.30660365280542,1.3135038614273071,75.25822763392122,0.94135582447052
ppo_gru,10,10,0,36,36,55,1,1,0,1,0,1.3837416843312234,-0.6886060117423455,1.1370898930237228,0.5183977484703064,2.5250401496887207,0.03641805425286293,2.0866008067675046,0.3582322895526886,20.52519827667751,0.21553419530391693
ppo_gru,10,10,0,37,37,171,1,1,0,1,0,46.0261449674797,52.85742696775966,-53.47154293641384,5.778962135314941,6.667593479156494,0.4206443130970001,24.101143816637684,0.7914530038833618,45.346916805467785,0.8163708448410034
ppo_gru,10,10,0,38,38,183,1,1,0,1,0,0.19579420274758552,0.23831896052008492,-11.028091735794288,0.4962806701660156,0.9853267669677734,0.012067053467035294,0.6913912348198298,0.1122591644525528,6.431976334796314,0.06819663941860199
ppo_gru,10,10,0,39,39,121,1,1,0,1,0,-4.528483721610154,14.111607957353224,-50.07409756022278,0.9984307289123535,2.7814202308654785,0.06699169427156448,3.8383413441913787,0.28292134404182434,16.210198947765274,0.20845237374305725
ppo_gru,10,10,0,40,40,121,1,1,0,1,0,1.9917104827323981,3.2613197060327086,-9.578670952404222,0.18663163483142853,1.0151375532150269,0.011714189313352108,0.6711736080723276,0.10924539715051651,6.259300187955106,0.06633688509464264
ppo_gru,10,10,0,41,41,42,1,1,0,1,0,16.381921856330443,5.205970185383719,-70.3518910172368,8.371545791625977,8.49512004852295,0.1586480289697647,9.089862488036736,0.5063067674636841,29.009240914580687,0.41180139780044556
ppo_gru,10,10,0,42,42,72,1,1,0,1,0,8.343649807060856,-0.3386817601842523,25.355916161513434,1.2207015752792358,3.4716997146606445,0.03609822690486908,2.068276049554595,0.14572417736053467,8.349380335774496,0.10896031558513641
ppo_gru,10,10,0,43,43,68,1,1,0,1,0,2.2215326879249875,-2.823668504774971,-8.73626274093153,0.4613681733608246,3.578294277191162,0.015995483845472336,0.9164737156152531,0.4066527783870697,23.299487928847874,0.21932187676429749
ppo_gru,10,10,0,44,44,169,1,1,0,1,0,-4.56383678075414,7.179321119627123,31.734547865118305,0.9454619884490967,1.363356113433838,0.050626154989004135,2.9006650138451135,0.25954267382621765,14.870699813782808,0.18039749562740326
ppo_gru,10,10,0,45,45,136,1,1,0,1,0,0.512086602832536,10.70781050523405,46.2372661147248,0.8356972336769104,2.210317611694336,0.04726441577076912,2.7080515448166382,0.2661939561367035,15.25179021852367,0.18036139011383057
ppo_gru,10,10,0,46,46,122,1,1,0,1,0,-1.947109347452215,-1.6496955902331798,-32.62700770282885,0.531889021396637,1.4277546405792236,0.011692581698298454,0.6699355829244099,0.17734868824481964,10.16133133860956,0.10036692768335342
ppo_gru,10,10,0,47,47,202,1,1,0,1,0,5.036499531697363,1.584494604416238,15.690187617948231,0.3321860134601593,0.6285483837127686,0.017955394461750984,1.0287683221509039,0.0650353655219078,3.7262519634959457,0.05047307908535004
ppo_gru,10,10,0,48,48,115,1,1,0,1,0,-7.960462534244801,-4.417397524949067,19.28868644254779,2.331150531768799,1.4075233936309814,0.033052582293748856,1.8937734674406432,0.09728129953145981,5.57380788870064,0.08169323205947876
ppo_gru,10,10,0,49,49,108,1,1,0,1,0,-19.19721654918298,-3.3164803137697314,55.632696752075915,3.828989267349243,1.3404779434204102,0.08639585971832275,4.950118129264212,0.2945893108844757,16.878724203347783,0.2336905151605606
ppo_gru,10,10,0,50,50,146,1,1,0,1,0,-1.8638903226047796,-0.9236738022175044,-21.24392371511232,0.33010321855545044,1.507344126701355,0.008013262413442135,0.4591261164210505,0.2043302357196808,11.707260133650967,0.1101783812046051
ppo_gru,10,10,0,51,51,70,1,1,0,1,0,0.4676767128491131,-2.679305626477582,36.38568812384354,0.39313361048698425,2.5652129650115967,0.04634203761816025,2.655203169557076,0.1711324006319046,9.805164294150076,0.13190823793411255
ppo_gru,10,10,0,52,52,160,1,1,0,1,0,-18.989797364468032,17.54981590251092,79.15447489500914,3.4842007160186768,2.291395425796509,0.2236374467611313,12.813481840494465,0.9509104490280151,54.48315542419526,0.6990926861763
ppo_gru,10,10,0,53,53,149,1,1,0,1,0,3.891500279614765,3.020009122656158,-8.057560503485702,0.6241676807403564,0.5600535869598389,0.022899648174643517,1.312053192741533,0.09255530685186386,5.303028454150069,0.0691772997379303
ppo_gru,10,10,0,54,54,60,1,1,0,1,0,22.42329247909842,0.1630502758665444,-2.12125185053086,8.514913558959961,9.706872940063477,0.05633222311735153,3.2275986352135324,0.14439982175827026,8.27350034919024,0.12853214144706726
ppo_gru,10,10,0,55,55,154,1,1,0,1,0,3.854234767503175,0.6767488033432034,2.668609550237342,0.5089561939239502,0.6235792636871338,0.016524655744433403,0.9467930320626455,0.0909857451915741,5.21309919532992,0.0620175302028656
ppo_gru,10,10,0,56,56,248,1,1,0,1,0,26.4401540507396,15.89827616120184,-58.87957743820322,0.7488250136375427,0.8765948414802551,0.1456926316022873,8.347572896965383,0.4955783784389496,28.394549502488925,0.3934818208217621
ppo_gru,10,10,0,57,57,103,1,1,0,1,0,8.189301192196908,4.138165731300606,17.726963688824373,0.5130491256713867,1.290549635887146,0.0563717782497406,3.229864977357507,0.11560758203268051,6.62382653018504,0.11417557299137115
ppo_gru,10,10,0,58,58,70,1,1,0,1,0,7.758971953729425,3.248970724013325,-23.201292006697894,0.4023078680038452,2.6932852268218994,0.02544957585632801,1.4581532869656328,0.09023629873991013,5.170159076678519,0.07056772708892822
ppo_gru,10,10,0,59,59,107,1,1,0,1,0,7.8134222217927665,0.8558500237592778,-13.864478052803824,0.7157501578330994,0.9681289792060852,0.03809835761785507,2.1828750978831843,0.05833294987678528,3.342231834487972,0.06726483255624771
ppo_gru,10,10,0,60,60,86,1,1,0,1,0,-19.485887664264396,-11.013884942320662,71.54815766922951,8.300278663635254,8.566225051879883,0.1721390038728714,9.862838411501663,0.5324910879135132,30.509491965773986,0.4383845329284668
ppo_gru,10,10,0,61,61,127,1,1,0,1,0,-21.787333565478534,-1.0414262635085243,67.65546893669917,1.2253674268722534,1.9224735498428345,0.1208648607134819,6.925046410319065,0.5293725728988647,30.330814217086452,0.3855511546134949
ppo_gru,10,10,0,62,62,122,1,1,0,1,0,-18.878383318726783,53.40479832784448,-100.6067330401852,1.0685014724731445,2.6233482360839844,0.3760215938091278,21.54445033104559,0.561457633972168,32.16915280200622,0.6567504405975342
ppo_gru,10,10,0,63,63,1,1,1,0,1,0,-15.649452369738276,4.835883215395748,36.03136523045997,15.02431869506836,17.546770095825195,0.07342928647994995,4.207188207958169,0.3943521976470947,22.5947165668874,0.2706053853034973
ppo_gru,10,10,0,64,64,168,1,1,0,1,0,-11.882138589612682,3.231048307631212,4.428926884268048,3.6503820419311523,3.485827684402466,0.04342460632324219,2.488046669338885,0.17312900722026825,9.919561425011327,0.1299891173839569
ppo_gru,10,10,0,65,65,52,1,1,0,1,0,6.291259923742065,-2.373531717714451,28.61033737648443,1.7283166646957397,4.204862117767334,0.029913486912846565,1.7139165506259304,0.05099085718393326,2.9215609103937097,0.055408917367458344
ppo_gru,10,10,0,66,66,70,1,1,0,1,0,3.0424531242688198,-2.871643753505141,-8.289841576779496,0.8616360425949097,3.409869432449341,0.01381426677107811,0.7914991830505911,0.09028390049934387,5.17288645659147,0.058956217020750046
ppo_gru,10,10,0,67,67,72,1,1,0,1,0,-0.8520934197157707,-0.1870515606099692,-18.484308724373726,0.4587303400039673,2.4535231590270996,0.04985082149505615,2.856241676926762,0.1743338406085968,9.988593293179,0.13701774179935455
ppo_gru,10,10,0,68,68,140,1,1,0,1,0,-45.24438883583672,75.3995647384163,-131.9082878930597,5.078031063079834,3.9616341590881348,3.5096681118011475,201.0891702978545,0.7418636083602905,42.505653733390865,3.8805999755859375
ppo_gru,10,10,0,69,69,48,1,1,0,1,0,32.61375713583902,35.40186767579491,-71.87005082443387,2.853480100631714,5.062629699707031,0.29190465807914734,16.72490492814451,1.1431115865707397,65.49546942300682,0.8634604215621948
ppo_gru,10,10,0,70,70,87,1,1,0,1,0,-15.495363302062788,8.706032323665053,-29.533259857893235,9.94279956817627,9.552746772766113,0.011651292443275452,0.6675698828723525,0.16054050624370575,9.198293448657981,0.09192154556512833
ppo_gru,10,10,0,71,71,291,1,1,0,1,0,3.9427403587682006,3.6823052457156145,-6.351324607303157,0.11584324389696121,0.5115815997123718,0.021936027333140373,1.256841785472558,0.07793237268924713,4.465196042534462,0.06090221554040909
ppo_gru,10,10,0,72,72,129,1,1,0,1,0,-15.724803016661856,4.599654292761687,29.52403910251372,0.4689894914627075,0.6123408079147339,0.068631112575531,3.932273093865156,0.38638967275619507,22.138497496370984,0.26182594895362854
ppo_gru,10,10,0,73,73,144,1,1,0,1,0,0.46267701437666375,0.8830068558992484,-29.18262526666146,0.669816792011261,0.6927703022956848,0.021822180598974228,1.2503188480934901,0.07539242506027222,4.31966776320994,0.059518393129110336
ppo_gru,10,10,0,74,74,113,1,1,0,1,0,-59.30714728024602,18.267901010711043,-88.7083795814829,10.412372589111328,9.202163696289062,0.24895122647285461,14.263854581500102,0.5152016282081604,29.518878894595773,0.5065520405769348
ppo_gru,10,10,0,75,75,165,1,1,0,1,0,-1.28020967689217,-0.6894256344427471,-17.195971122369244,0.5713955760002136,0.7193167805671692,0.01024702750146389,0.5871114283883659,0.17800673842430115,10.199034836601678,0.09925039857625961
ppo_gru,10,10,0,76,76,18,1,1,0,1,0,-13.717710947918588,1.84262111352936,-17.85767984916008,16.669374465942383,15.985837936401367,0.02116766944527626,1.2128181213423581,0.16782890260219574,9.615887799417974,0.10508212447166443
ppo_gru,10,10,0,77,77,93,1,1,0,1,0,3.49254893019432,7.986417253090849,36.45851160077422,0.6444281935691833,1.8115931749343872,0.05800960585474968,3.323705586694547,0.262882262468338,15.06204414828613,0.18945074081420898
ppo_gru,10,10,0,78,78,67,1,1,0,1,0,-3.275663103289735,0.4831266007516819,4.735014981732999,0.9052004814147949,2.782755136489868,0.07116124033927917,4.077238736356799,0.15448440611362457,8.8513044708957,0.14840343594551086
ppo_gru,10,10,0,79,79,287,1,1,0,1,0,1.6549275151374094,4.6743355811466065,1.1732898956247904,0.5574744939804077,0.9001155495643616,0.011318309232592583,0.6484913502515086,0.10709147900342941,6.135889768710377,0.06486404687166214
ppo_gru,10,10,0,80,80,140,1,1,0,1,0,28.826444561823635,17.052619112069014,-67.18568852558569,4.181400299072266,3.652390241622925,0.19685588777065277,11.2790115415594,0.7571048140525818,43.378910494249915,0.5754082798957825
ppo_gru,10,10,0,81,81,138,1,1,0,1,0,9.917940108857096,4.182507319392328,-38.55167771343799,0.40170350670814514,1.5087968111038208,0.06132673844695091,3.5137632843129682,0.08447820693254471,4.840244718067624,0.10356584191322327
ppo_gru,10,10,0,82,82,46,1,1,0,1,0,6.961028273753516,-2.670672267366686,23.571529240847603,0.5033302903175354,3.727185010910034,0.011911493726074696,0.6824783182006392,0.13968265056610107,8.00322634863825,0.08175282180309296
ppo_gru,10,10,0,83,83,111,1,1,0,1,0,-6.528581676643328,3.0075371972317146,-6.894461250102571,1.4216117858886719,1.016818642616272,0.015506326220929623,0.8884470482123107,0.18004915118217468,10.316056467651507,0.10553090274333954
ppo_gru,10,10,0,84,84,67,1,1,0,1,0,0.3779143667768055,3.482371948331001,10.115441858897183,0.5302577614784241,4.167113780975342,0.04666384682059288,2.6736414786649374,0.3070183992385864,17.59085850923353,0.2001730501651764
ppo_gru,10,10,0,85,85,56,1,1,0,1,0,-1.9259630817818556,-0.5774651735678981,15.098542971663386,0.26643314957618713,3.1133315563201904,0.035737935453653336,2.0476328700052893,0.11828736215829849,6.777366621405988,0.09488161653280258
ppo_gru,10,10,0,86,86,168,1,1,0,1,0,49.10298126403037,50.04595718084233,-56.259735438639765,4.263566017150879,4.72272253036499,0.39609387516975403,22.69450733820858,0.774356484413147,44.36735839546124,0.7832721471786499
ppo_gru,10,10,0,87,87,161,1,1,0,1,0,-23.75027529142684,15.269557248102165,75.65091569987277,0.30408355593681335,1.1531212329864502,0.20916813611984253,11.984451408284889,0.9444651007652283,54.113864171245595,0.6814006567001343
ppo_gru,10,10,0,88,88,89,1,1,0,1,0,-5.567983871772735,-0.060775023234773455,-4.8539285751829215,1.2871931791305542,1.6122479438781738,0.04214806109666824,2.4149060154986266,0.16049408912658691,9.195633943749908,0.1223951056599617
ppo_gru,10,10,0,89,89,3,1,1,0,1,0,-8.737464854225452,8.782106970640655,28.525137596777693,16.027673721313477,15.326699256896973,0.04676893353462219,2.679662503861715,0.29687508940696716,17.00968966558819,0.19520647823810577
ppo_gru,10,10,0,90,90,98,1,1,0,1,0,-4.383137296072283,0.5890081932652196,30.797951344991134,0.39555734395980835,2.261323928833008,0.05690813437104225,3.2605959194240985,0.08735480159521103,5.005061451608263,0.10058553516864777
ppo_gru,10,10,0,91,91,135,1,1,0,1,0,-8.70511707831627,3.702399662253792,-42.80098428291304,1.0499131679534912,1.48985755443573,0.03280285373330116,1.8794650749031128,0.2113695591688156,12.110583657913867,0.13848763704299927
ppo_gru,10,10,0,92,92,80,1,1,0,1,0,-1.8301765088615967,0.6394559704749337,1.6202301541537447,0.12005039304494858,2.315662384033203,0.025057794526219368,1.435705870258386,0.18506981432437897,10.603719276056703,0.1175926998257637
ppo_gru,10,10,0,93,93,69,1,1,0,1,0,0.339077911156113,-0.06552883489710233,-27.580153604349746,1.4084203243255615,2.123587131500244,0.029922721907496452,1.7144456768431948,0.11762144416570663,6.739212330928651,0.08873344212770462
ppo_gru,10,10,0,94,94,3,1,1,0,1,0,-0.34332628881986094,37.34699626838782,-81.19047232431991,13.77991008758545,15.919776916503906,0.21394845843315125,12.258343701549691,0.9607629776000977,55.047663728907644,0.6943299770355225
ppo_gru,10,10,0,95,95,97,1,1,0,1,0,-1.0213728281053667,0.5530267567175924,-6.1227591569178506,0.06045346334576607,1.8503137826919556,0.02311500906944275,1.32439246308569,0.16356196999549866,9.371410569587477,0.10489599406719208
ppo_gru,10,10,0,96,96,226,1,1,0,1,0,-11.545109735207573,12.768710804258678,48.40708061025445,0.5532979965209961,1.0174843072891235,0.06245563179254532,3.578444108535931,0.7465994954109192,42.77700007364254,0.4357553720474243
ppo_gru,10,10,0,97,97,67,1,1,0,1,0,-1.228792012820314,0.42296629454220963,-5.82234011646401,0.4561496376991272,3.098174571990967,0.02121773175895214,1.2156864806286463,0.1559281200170517,8.934023184386433,0.09918179363012314
ppo_gru,10,10,0,98,98,134,1,1,0,1,0,9.857615878107543,-5.494217828736597,-50.59215374838991,0.3845474421977997,1.4143452644348145,0.031669750809669495,1.8145430596250838,0.09530817717313766,5.460756305105881,0.07932384312152863
ppo_gru,10,10,0,99,99,225,1,1,0,1,0,5.9995971858041806,4.3420605384038256,-43.1415101941732,0.7526182532310486,1.0588324069976807,0.06991832703351974,4.006025049636131,0.046757157891988754,2.6789878092377646,0.09329690784215927
ppo_gru,10,10,0,100,100,91,1,1,0,1,0,5.76909196169459,-0.43949535233364045,-17.393390910139292,0.24427005648612976,1.9313461780548096,0.04316866397857666,2.4733822531908674,0.09170649945735931,5.254395372825463,0.08902191370725632
ppo_gru,10,10,0,101,101,26,1,1,0,1,0,-11.408888442400839,5.343489214132756,-24.039001048021618,12.64665699005127,13.640267372131348,0.05131976306438446,2.940405829200598,0.2001868188381195,11.46985983357425,0.1514131724834442
ppo_gru,10,10,0,102,102,100,1,1,0,1,0,-6.644858817073625,-6.3773886091759255,2.44265323211498,1.503318190574646,0.6884324550628662,0.01814272440969944,1.0395015375447558,0.10350051522254944,5.930142699681613,0.06989298015832901
ppo_gru,10,10,0,103,103,24,1,1,0,1,0,-9.574791404955654,8.685896925991855,40.75445470190212,18.287748336791992,19.210588455200195,0.06256967782974243,3.584978465137518,0.3024340569972992,17.328195046964225,0.21378670632839203
ppo_gru,10,10,0,104,104,89,1,1,0,1,0,1.3020389614795307,1.0721074732602214,-24.667378451662792,0.7313379645347595,2.104560613632202,0.004364418797194958,0.2500627771068343,0.125651553273201,7.199303691817641,0.06719019263982773
ppo_gru,10,10,0,105,105,94,1,1,0,1,0,-5.796221473077881,-5.889767743950375,21.230577525474114,2.5145790576934814,3.154717445373535,0.030095307156443596,1.7243340832140808,0.08626026660203934,4.942349215970145,0.07322543859481812
ppo_gru,10,10,0,106,106,72,1,1,0,1,0,0.08909298753364632,1.978774104444394,-26.443446201919546,0.2573576867580414,3.9717390537261963,0.04384965822100639,2.5124003491548,0.23001767694950104,13.17904210261001,0.1588584929704666
ppo_gru,10,10,0,107,107,116,1,1,0,1,0,-2.4006339083410615,1.7080117453667487,-23.23167268812611,0.3369210362434387,1.5474283695220947,0.009672066196799278,0.5541685722477482,0.16415315866470337,9.405283185228864,0.09174864739179611
ppo_gru,10,10,0,108,108,112,1,1,0,1,0,3.8433611063445148,7.613885075380014,-56.46436790617335,2.3788211345672607,1.7882914543151855,0.06821972131729126,3.908702111039442,0.30963173508644104,17.74059162376584,0.22303558886051178
ppo_gru,10,10,0,109,109,167,1,1,0,1,0,20.14247374917772,-6.987023973734583,-60.38511505581411,1.2271701097488403,0.9075843095779419,0.09651114791631699,5.529681451567773,0.2880476117134094,16.503912450001454,0.2405349612236023
ppo_gru,10,10,0,110,110,220,1,1,0,1,0,-2.4709575360355127,3.029052293117255,12.559338185441106,2.126213550567627,1.354698896408081,0.010871544480323792,0.6228936155112991,0.13032187521457672,7.4668934280258155,0.07603248208761215
ppo_gru,10,10,0,111,111,96,1,1,0,1,0,4.7589343042063845,0.5733943808225704,-0.475668034178028,1.1947253942489624,1.4788689613342285,0.05550026148557663,3.1799307449960135,0.1322038769721985,7.5747241857737455,0.12160219997167587
ppo_gru,10,10,0,112,112,117,1,1,0,1,0,40.84529621786329,55.84727397504104,-63.809334773551626,2.671765089035034,4.686459064483643,0.45664408802986145,26.163778983711495,0.7174270153045654,41.10554008561912,0.8153575658798218
ppo_gru,10,10,0,113,113,206,1,1,0,1,0,35.941507261739275,7.572999563008318,-69.29343026193825,3.449038028717041,3.121633529663086,0.211061492562294,12.092932741551262,0.7169598937034607,41.07877598935642,0.5695414543151855
ppo_gru,10,10,0,114,114,178,1,1,0,1,0,-48.32726301961368,35.94962152647325,63.193743484036716,1.866347312927246,2.8783388137817383,0.3770180940628052,21.601545589865015,1.2279964685440063,70.35901490454113,0.9910163283348083
ppo_gru,10,10,0,115,115,54,1,1,0,1,0,2.4970351982866217,-1.8296300937279957,-20.18808575245507,0.784862756729126,3.4599990844726562,0.02892690896987915,1.657389798333199,0.06518949568271637,3.7350829712059492,0.061521656811237335
ppo_gru,10,10,0,116,116,229,1,1,0,1,0,42.74432103355862,36.951309749390646,-63.91419183768966,3.946843147277832,4.006544589996338,0.2924138009548187,16.754076666089635,0.8827422857284546,50.57740736997185,0.7337849140167236
ppo_gru,10,10,0,117,117,112,1,1,0,1,0,-5.4371720887886505,-0.46561399571976925,-13.218342157320617,1.2133712768554688,1.5718313455581665,0.02628491446375847,1.5060146636357337,0.21182435750961304,12.136641683371112,0.13219709694385529
ppo_gru,10,10,0,118,118,97,1,1,0,1,0,7.108956510797651,-4.838082536308492,-27.634357985602968,0.5843076109886169,2.591644763946533,0.06102382391691208,3.4964075601885543,0.19136562943458557,10.964442910466232,0.15670663118362427
ppo_gru,10,10,0,119,119,66,1,1,0,1,0,-0.6569139339934864,-0.3204861362353383,38.04968613019874,1.196120023727417,3.4747440814971924,0.006912072654813528,0.3960325908086015,0.13962878286838531,8.000139956907052,0.07672646641731262
ppo_gru,10,10,0,120,120,119,1,1,0,1,0,9.197683000500911,-1.1820188773840667,-43.289752619919156,1.9676917791366577,2.0605974197387695,0.037625767290592194,2.1557976666923153,0.006306254770606756,0.36132178289000827,0.04077889397740364
ppo_gru,10,10,0,121,121,143,1,1,0,1,0,-9.752157757322546,-28.490317292388966,-101.66721553147806,3.7644705772399902,2.0181024074554443,0.29349130392074585,16.815813038450088,0.8612145781517029,49.343960583232175,0.7240985631942749
ppo_gru,10,10,0,122,122,33,1,1,0,1,0,5.5589543616899775,-2.229496688497222,-21.54450668010624,12.528023719787598,14.300470352172852,0.021865811198949814,1.2528186973297148,0.058158621191978455,3.3322435366004743,0.05094512179493904
ppo_gru,10,10,0,123,123,31,1,1,0,1,0,-5.526729529185857,-1.6646673648938477,-0.9490821059299518,0.7564423680305481,5.275922775268555,0.03367067128419876,1.9291873579569245,0.15943259000778198,9.13481452428553,0.11338696628808975
ppo_gru,10,10,0,124,124,103,1,1,0,1,0,-1.9922978790010193,-1.601064643342689,-13.740715025043192,0.23097410798072815,2.32824969291687,0.013299635611474514,0.7620129895993816,0.16139991581439972,9.247533989931895,0.09399959444999695
ppo_gru,10,10,0,125,125,112,1,1,0,1,0,19.306431274011484,9.214949718722703,-49.727397157952936,0.7604712843894958,1.737874984741211,0.10383625328540802,5.949379073705308,0.37473171949386597,21.470545976678757,0.2912021279335022
ppo_gru,10,10,0,126,126,149,1,1,0,1,0,-2.618926754214669,0.8013997556959361,-25.190352376032326,1.1707566976547241,0.6212561726570129,0.0094999885186553,0.5443092475416876,0.14874133467674255,8.522250716120228,0.08387065678834915
ppo_gru,10,10,0,127,127,117,1,1,0,1,0,-4.212710415902125,6.752092787042825,21.04475539891475,0.09893372654914856,1.2887622117996216,0.01996133103966713,1.1437000220364142,0.32987287640571594,18.900323593888157,0.1848977655172348
ppo_gru,10,10,0,128,128,119,1,1,0,1,0,-0.6534715186518,-8.53250453761171,54.08500320690771,0.9332886338233948,2.8659496307373047,0.07674798369407654,4.397335551809447,0.20987096428871155,12.02472049608399,0.1816834658384323
ppo_gru,10,10,0,129,129,147,1,1,0,1,0,1.539429016272494,1.8248899424440068,6.970085104592952,0.37128084897994995,0.7591153383255005,0.018792100250720978,1.0767080325530483,0.06175791844725609,3.5384680785409044,0.04967106133699417
ppo_gru,10,10,0,130,130,39,1,1,0,1,0,-0.46856463744121474,-0.742427902402046,1.1198778163152907,0.17392681539058685,3.8764073848724365,0.04869499057531357,2.7900174433947877,0.1304285228252411,7.473003886012038,0.11390925198793411
ppo_gru,10,10,0,131,131,122,1,1,0,1,0,2.3400774511597286,4.817605629176794,-37.12640847895309,0.5922356843948364,1.9752663373947144,0.04888562485575676,2.800939983094696,0.18927153944969177,10.844460392411202,0.14352139830589294
ppo_gru,10,10,0,132,132,129,1,1,0,1,0,-13.203042533579788,-0.08121094923145161,59.092570057280895,1.6600884199142456,1.9590959548950195,0.08771513402462006,5.025706979035096,0.31190210580825806,17.870674284056026,0.24366618692874908
ppo_gru,10,10,0,133,133,147,1,1,0,1,0,-1.4333151973271758,2.0307381836498513,-18.803360520883363,0.9166723489761353,0.5756479501724243,0.02762608602643013,1.5828581337797853,0.151032954454422,8.653550857629968,0.10314255952835083
ppo_gru,10,10,0,134,134,81,1,1,0,1,0,0.08922959131704658,4.962610545256164,-3.2687236310930023,1.4679418802261353,1.077353835105896,0.04543813318014145,2.6034132601754547,0.16200228035449982,9.28204693580797,0.12643927335739136
ppo_gru,10,10,0,135,135,180,1,1,0,1,0,2.7781931052810265,-0.13421321719075055,9.544806874499299,0.35641512274742126,1.0718464851379395,0.00623685447499156,0.3573454388542972,0.09228270500898361,5.287409519065543,0.05237820744514465
ppo_gru,10,10,0,136,136,150,1,1,0,1,0,-4.947911978162297,-0.9037842913544273,18.617647677350718,1.8605519533157349,1.439939022064209,0.01411427091807127,0.8086881545097215,0.12308166176080704,7.052059754350976,0.07565510272979736
ppo_gru,10,10,0,137,137,74,1,1,0,1,0,-26.227666865660503,9.419664148526325,80.28735739150414,9.193703651428223,8.161195755004883,0.27801814675331116,15.92926643701348,1.1083905696868896,63.506101695159735,0.8322134017944336
ppo_gru,10,10,0,138,138,71,1,1,0,1,0,0.24916530092206515,20.49967898239105,57.15167618197339,1.7764511108398438,1.5133094787597656,0.10498423129320145,6.0151533685257075,0.41334205865859985,23.682755456386676,0.3116552531719208
ppo_gru,10,10,0,139,139,194,1,1,0,1,0,-9.97400230156456,3.2018833998752574,14.345760502479601,0.36911213397979736,0.9127398133277893,0.051495298743247986,2.950463282753442,0.2528778612613678,14.488834182571152,0.17793422937393188
ppo_gru,10,10,0,140,140,75,1,1,0,1,0,9.558959026459565,5.808447511692203,-40.1979718694645,1.0968599319458008,3.0902512073516846,0.062290556728839874,3.5689860040827557,0.12373995035886765,7.089776912721432,0.1241605281829834
ppo_gru,10,10,0,141,141,108,1,1,0,1,0,18.839587844241112,0.31483073960256774,-46.896092501685885,0.5495889186859131,1.6624236106872559,0.0795944556593895,4.560426381924188,0.13267067074775696,7.601469499016224,0.14592978358268738
ppo_gru,10,10,0,142,142,85,1,1,0,1,0,-3.3563139770092456,1.0280937342486594,-1.1548620452440959,0.4748035669326782,2.1161935329437256,0.026993148028850555,1.5465934578250142,0.1747581958770752,10.012907059076953,0.11437224596738815
ppo_gru,10,10,0,143,143,223,1,1,0,1,0,1.5060840327444915,0.836206399706321,-0.3674231962116659,0.4965047240257263,0.15750455856323242,0.014829637482762337,0.849675639471292,0.1007184088230133,5.770739744831856,0.06518884003162384
ppo_gru,10,10,0,144,144,156,1,1,0,1,0,-4.564164629834301,8.569988615776738,30.303746177405692,0.6678557991981506,1.6463149785995483,0.033512864261865616,1.9201456815997087,0.3394353985786438,19.44821575589719,0.20323055982589722
ppo_gru,10,10,0,145,145,148,1,1,0,1,0,28.279892824439216,10.678181144614534,-88.59674696968821,4.4197998046875,3.8386294841766357,0.2388821542263031,13.68693923816039,0.8162397742271423,46.76709413392644,0.6470020413398743
ppo_gru,10,10,0,146,146,105,1,1,0,1,0,10.549527701408174,3.232168458655094,-45.389298129267715,0.2597041130065918,2.7507259845733643,0.06550119817256927,3.75294220833824,0.0669613927602768,3.836605195481726,0.09898189455270767
ppo_gru,10,10,0,147,147,168,1,1,0,1,0,-6.446728689629895,6.355750569885325,-60.28441074669144,2.32438325881958,2.5815677642822266,0.04094647988677025,2.3460604834292482,0.2643847167491913,15.148128437490387,0.1731388419866562
ppo_gru,10,10,0,148,148,157,1,1,0,1,0,-17.667964514773804,40.83853433058498,75.75162000899543,1.0072771310806274,1.1179726123809814,0.2531174421310425,14.502561155255584,1.030982494354248,59.07094567836864,0.7686086893081665
ppo_gru,10,10,0,149,149,166,1,1,0,1,0,-26.127290405617995,-3.8431152195343947,73.18767627759937,3.7827019691467285,2.1654415130615234,0.20213927328586578,11.581727233121658,0.8407425284385681,48.17099853668754,0.622510552406311
ppo_gru,10,10,0,150,150,304,1,1,0,1,0,18.301396258400786,5.6964460696823345,-63.15314483961016,1.0455467700958252,0.3166084289550781,0.10835878551006317,6.208501082889959,0.3851257562637329,22.066080415695925,0.3009216785430908
ppo_gru,10,10,0,151,151,135,1,1,0,1,0,-7.0110662396130286,9.399597052744827,24.05588527564989,0.7359666228294373,1.3250757455825806,0.02844509296119213,1.6297837745335944,0.708643913269043,40.602305407950915,0.38276705145835876
ppo_gru,10,10,0,152,152,192,1,1,0,1,0,20.673302391092776,12.281622693788387,-71.76104100528046,1.3614047765731812,1.155219316482544,0.13774359226226807,7.892126491598823,0.5089091658592224,29.15834735925665,0.3921981751918793
ppo_gru,10,10,0,153,153,32,1,1,0,1,0,-18.326012260169513,21.03498822840163,63.63699544041386,12.49301528930664,15.634620666503906,0.13769134879112244,7.8891331611950655,0.7056207656860352,40.429091810599395,0.49050173163414
ppo_gru,10,10,0,154,154,2,1,1,0,1,0,16.613642854112296,9.878461615454421,-56.72899675537632,14.018506050109863,14.885359764099121,0.10645217448472977,6.0992603179652445,0.39628422260284424,22.7054134427658,0.3045942783355713
ppo_gru,10,10,0,155,155,64,1,1,0,1,0,-4.357182577226234,-3.303530275103387,-49.26272572833862,1.2498939037322998,3.4897830486297607,0.03135957568883896,1.7967713342915337,0.2401898205280304,13.761862998260844,0.15145447850227356
ppo_gru,10,10,0,156,156,88,1,1,0,1,0,-5.198334033891644,1.295345376092918,16.842235625254283,0.25133293867111206,2.351649522781372,0.042187586426734924,2.4171706500953087,0.150030255317688,8.596100428973697,0.11720271408557892
ppo_gru,10,10,0,157,157,292,1,1,0,1,0,27.175492216783173,79.85645441714638,103.36224991742178,2.3116402626037598,1.5401241779327393,2.648043632507324,151.72172410916124,0.88328617811203,50.608570108060036,3.089686632156372
ppo_gru,10,10,0,158,158,64,1,1,0,1,0,18.67801288923529,11.22209642897933,-62.134517747551136,2.288054943084717,3.409271240234375,0.1502394825220108,8.608088264740717,0.5693103671073914,32.61908126829705,0.4348946809768677
ppo_gru,10,10,0,159,159,2,1,1,0,1,0,-12.320855300380941,5.603227647890001,18.980521967575154,20.12561798095703,21.321367263793945,0.04747138172388077,2.7199098204328385,0.30767011642456055,17.62819915342599,0.20130643248558044
ppo_gru,10,10,0,160,160,211,1,1,0,1,0,-0.222295336727235,4.743033623818595,-23.307842957750093,0.18431943655014038,0.4463171362876892,0.017632747069001198,1.0102819882754412,0.1363448053598404,7.81198190565154,0.08580514788627625
ppo_gru,10,10,0,161,161,165,1,1,0,1,0,4.56935557360351,3.0508405965695955,-12.750282953877983,1.4307085275650024,0.5536055564880371,0.025997603312134743,1.489552947240651,0.13867537677288055,7.945513811472582,0.09533528983592987
ppo_gru,10,10,0,162,162,134,1,1,0,1,0,19.549271819762115,46.10971916216398,-79.35938057010954,7.830725193023682,7.328540802001953,0.3761654496192932,21.5526926618265,1.039146900177002,59.53873167424447,0.8957388997077942
ppo_gru,10,10,0,163,163,69,1,1,0,1,0,4.388027711518012,-2.5077312745268614,11.029812943465132,0.43607160449028015,3.965884208679199,0.013279619626700878,0.7608661581490541,0.0978521853685379,5.606517237749008,0.062205713242292404
ppo_gru,10,10,0,164,164,193,1,1,0,1,0,-0.39813172672004327,4.923432580176971,16.79947864105,0.2396741509437561,0.7583180665969849,0.0204983651638031,1.17446981080391,0.4361112117767334,24.987331833142868,0.2385539710521698
ppo_gru,10,10,0,165,165,119,1,1,0,1,0,-6.163412442857767,9.907175730725156,33.29562858105974,0.31401413679122925,2.153418779373169,0.06081153079867363,3.484244060493819,0.27123400568962097,15.54056378644264,0.19642853736877441
ppo_gru,10,10,0,166,166,102,1,1,0,1,0,-0.6665854818582244,-0.08585547786706028,-9.280765421564945,0.7907554507255554,2.5227761268615723,0.013615414500236511,0.7801057871847751,0.13965313136577606,8.001535023045026,0.08344198018312454
ppo_gru,10,10,0,167,167,135,1,1,0,1,0,-22.7326317466083,1.4868502200417357,57.88308015905504,0.7154982686042786,1.0680216550827026,0.09915756434202194,5.681309943594763,0.45618578791618347,26.137520321447383,0.3272504508495331
ppo_gru,10,10,0,168,168,213,1,1,0,1,0,1.19447714243017,17.775963465930044,52.561707097454786,1.0286275148391724,0.7762735486030579,0.06497771292924881,3.722948713258598,0.20677684247493744,11.84744037485537,0.16836613416671753
ppo_gru,10,10,0,169,169,66,1,1,0,1,0,-11.368617647054444,3.783419366188483,14.140677242460798,1.4047247171401978,2.8974719047546387,0.05555819720029831,3.1832502169326395,0.2392592430114746,13.708544834052432,0.1751878261566162
ppo_gru,10,10,0,170,170,126,1,1,0,1,0,-9.754835191477191,14.584393651701507,47.6115138361097,0.7789677977561951,0.7982633709907532,0.09854470193386078,5.646195514184904,0.49374479055404663,28.289492655317666,0.3454170823097229
ppo_gru,10,10,0,171,171,204,1,1,0,1,0,5.389797896705442,3.3656849965505033,5.252060301902965,0.5586994290351868,0.4563201665878296,0.03017972595989704,1.7291709243635076,0.16860122978687286,9.660138887503196,0.11448033899068832
ppo_gru,10,10,0,172,172,124,1,1,0,1,0,-9.515669287500025,-4.896603597117161,46.93677310838248,2.296722888946533,1.4280740022659302,0.04405280575156212,2.524039845274148,0.0769549161195755,4.409191906434943,0.08253026008605957
ppo_gru,10,10,0,173,173,97,1,1,0,1,0,3.1247159226324532,3.0775466362243455,-5.8477484201764565,0.1965973675251007,0.7976670265197754,0.02639554813504219,1.5123535060723285,0.10846200585365295,6.214415172937544,0.08062654733657837
ppo_gru,10,10,0,174,174,200,1,1,0,1,0,-1.3293870389162619,3.668180414512028,-20.607568650520573,0.07539015263319016,0.5657827854156494,0.02262800559401512,1.2964892193354838,0.15287859737873077,8.759298407681044,0.09906730055809021
ppo_gru,10,10,0,175,175,174,1,1,0,1,0,-0.7483838273582971,1.6815515925221192,-14.964302433715956,3.5742313861846924,2.196056604385376,0.013568597845733166,0.7774233904708112,0.11070851981639862,6.34313094162008,0.06892285495996475
ppo_gru,10,10,0,176,176,129,1,1,0,1,0,-18.477915667310597,16.752391316911933,89.24342928030502,8.281953811645508,9.204628944396973,0.21619810163974762,12.387238762697942,0.9373988509178162,53.70899787800392,0.6848975419998169
ppo_gru,10,10,0,177,177,95,1,1,0,1,0,-1.151091780822249,-5.580223570765398,-1.9518631591145439,3.3802075386047363,4.198077201843262,0.02416161261498928,1.3843584290689341,0.12715232372283936,7.28529150459987,0.08773777633905411
ppo_gru,10,10,0,178,178,84,1,1,0,1,0,3.0321395386221006,1.4377958014227041,-31.16966390000157,0.6421937346458435,3.071660041809082,0.027085749432444572,1.5518991274279388,0.3106250762939453,17.797505882572267,0.18239828944206238
ppo_gru,10,10,0,179,179,208,1,1,0,1,0,3.4611983619039615,5.57620741953343,-27.043410018613468,0.38021156191825867,1.2088477611541748,0.03265264630317688,1.870858823105485,0.13691531121730804,7.844669483471929,0.1011103019118309
ppo_gru,10,10,0,180,180,96,1,1,0,1,0,3.456690437051753,-3.7777093280423526,20.54259989113541,0.7714863419532776,3.6091158390045166,0.014111191034317017,0.8085116901692119,0.09980130195617676,5.718193391999655,0.0640118420124054
ppo_gru,10,10,0,181,181,94,1,1,0,1,0,0.3746358759751994,-2.9539338726254547,-42.89535017648594,0.5827775597572327,2.541506052017212,0.014427757821977139,0.826649631036151,0.20337307453155518,11.652418837257644,0.1161142960190773
ppo_gru,10,10,0,182,182,111,1,1,0,1,0,8.828811804185202,25.93171476892385,-73.56524913491768,1.451949119567871,1.4101492166519165,0.16072426736354828,9.208822185263555,0.8647681474685669,49.54756510729567,0.5931083559989929
ppo_gru,10,10,0,183,183,150,1,1,0,1,0,14.554504743893531,2.4809159518453914,-45.171114566420826,0.4441426992416382,1.724748969078064,0.06956817954778671,3.9859630764965104,0.16513586044311523,9.461587849651863,0.15213611721992493
ppo_gru,10,10,0,184,184,145,1,1,0,1,0,-69.36440958779303,32.8883170800952,-100.07851353053309,6.059617519378662,5.021633148193359,0.3647015690803528,20.895860690103053,0.673907995223999,38.612083906457585,0.7016555666923523
ppo_gru,10,10,0,185,185,118,1,1,0,1,0,16.64928278120142,5.584581231455865,-49.08962141401382,1.2424391508102417,2.089015007019043,0.08690088242292404,4.979053798796147,0.3192165493965149,18.28976103114967,0.24650916457176208
ppo_gru,10,10,0,186,186,78,1,1,0,1,0,0.29056990767068247,0.35324372349471944,19.569147670246853,0.5361314415931702,2.5189239978790283,0.023988276720046997,1.3744270138506183,0.23243537545204163,13.317566022940685,0.1402059644460678
ppo_gru,10,10,0,187,187,54,1,1,0,1,0,0.6072994398625138,0.08574619484034007,2.347590659246743,0.5875566601753235,2.6847217082977295,0.023302460089325905,1.3351326153904177,0.1188795194029808,6.81129473233438,0.08274222165346146
ppo_gru,10,10,0,188,188,126,1,1,0,1,0,-1.9792931988213152,1.8439325098500023,30.702315036232616,0.9003108739852905,2.287503242492676,0.02169766277074814,1.2431845020620003,0.46920374035835266,26.8833940542857,0.25629952549934387
ppo_gru,10,10,0,189,189,69,1,1,0,1,0,-1.817499677762053,2.339667639809528,12.47486240578639,1.7819327116012573,4.383709907531738,0.0069084810093045235,0.3958268046794284,0.1577303558588028,9.037283691805978,0.08577366173267365
ppo_gru,10,10,0,190,190,82,1,1,0,1,0,-12.37943100270297,-5.508752471290384,27.34117894566934,4.097921848297119,3.728499412536621,0.039574239403009415,2.267436895232762,0.10717925429344177,6.140918922373622,0.09316386282444
ppo_gru,10,10,0,191,191,204,1,1,0,1,0,-23.74590397035803,57.068211270315835,83.17893163700738,4.723108768463135,4.170714378356934,0.5016559362411499,28.742767914301808,0.7640400528907776,43.77627040959375,0.8836759328842163
ppo_gru,10,10,0,192,192,149,1,1,0,1,0,-0.3846899144334582,17.819540072834727,59.140490664497705,0.21298560500144958,1.2299668788909912,0.08889033645391464,5.093041118307197,0.32696062326431274,18.733463780012038,0.2523706555366516
ppo_gru,10,10,0,193,193,110,1,1,0,1,0,-4.173696375363011,0.8574209672683807,32.45032436937896,0.2732268273830414,1.8926284313201904,0.06533093750476837,3.743186990656169,0.08152768760919571,4.6711924134679315,0.10609477758407593
ppo_gru,10,10,0,194,194,1,1,1,0,1,0,11.754878504997004,-2.216164159237357,-86.02854120025006,21.774045944213867,22.522212982177734,0.15914449095726013,9.1183076646089,0.664345920085907,38.06421735765794,0.4913174510002136
ppo_gru,10,10,0,195,195,152,1,1,0,1,0,24.092030636737597,-1.9421369697364457,-62.74792337653164,0.8115706443786621,1.4516485929489136,0.09850136935710907,5.643712740421605,0.27794593572616577,15.925129049923745,0.23747433722019196
ppo_gru,10,10,0,196,196,106,1,1,0,1,0,-3.005624744264111,-1.2763301294436027,-29.29097938765454,0.4711359143257141,1.3087522983551025,0.00879730936139822,0.5040486974790475,0.19803695380687714,11.346681640761302,0.10781578719615936
ppo_gru,10,10,0,197,197,99,1,1,0,1,0,-12.767331106046335,-6.250073883046888,-7.937294532580117,0.9668586254119873,2.760814905166626,0.030356986448168755,1.739327202215905,0.1639447808265686,9.39334401455968,0.1123293787240982
ppo_gru,10,10,0,198,198,167,1,1,0,1,0,2.987579384476937,1.4775201816354984,17.62336337949362,0.09825470298528671,0.6670188307762146,0.027354102581739426,1.567274630301578,0.14282025396823883,8.182997781366632,0.09876422584056854
ppo_gru,10,10,0,199,199,83,1,1,0,1,0,-4.208339094833316,0.8686224775072016,-21.665865481279027,0.36155152320861816,2.7919118404388428,0.012226879596710205,0.7005485975061129,0.19645637273788452,11.256121016329748,0.11045506596565247
ppo_gru,10,10,0,200,200,38,1,1,0,1,0,-10.665927785243532,-2.1946900444868374,3.078420900438107,14.141121864318848,16.312564849853516,0.016829822212457657,0.9642777827293493,0.16932417452335358,9.701560569724737,0.10149191319942474
ppo_gru,10,10,0,201,201,23,1,1,0,1,0,-2.143163097388261,-5.653333915641214,24.87518012697126,7.144690036773682,11.387375831604004,0.0436071939766407,2.498508171269817,0.12388462573289871,7.098066201052889,0.10554950684309006
ppo_gru,10,10,0,202,202,137,1,1,0,1,0,-2.3732038686342904,15.402008276487054,35.44987024528176,0.2891104817390442,1.6160048246383667,0.04692534729838371,2.6886243523830067,0.4691792130470276,26.88198874286397,0.2815149426460266
ppo_gru,10,10,0,203,203,179,1,1,0,1,0,28.859639281189896,15.701798939537253,-64.06992015076595,2.7340266704559326,2.96366024017334,0.19030563533306122,10.903709722140125,0.7396270632743835,42.37750913927767,0.5601191520690918
ppo_gru,10,10,0,204,204,81,1,1,0,1,0,-2.354243263498335,0.6648506138090412,-10.49282347091873,0.4384669065475464,2.149693012237549,0.029663274064660072,1.6995804104448968,0.17260514199733734,9.889546158703705,0.1159658432006836
ppo_gru,10,10,0,205,205,14,1,1,0,1,0,8.510333743565848,18.94264173843826,-78.93246642622705,14.709357261657715,16.06652069091797,0.1917894184589386,10.988724232965627,0.7851961851119995,44.9884274966905,0.5843875408172607
ppo_gru,10,10,0,206,206,137,1,1,0,1,0,-0.1348689153510718,7.855687432376805,-38.661507155291794,0.29504695534706116,1.7149747610092163,0.04153074324131012,2.3795363077685385,0.20225046575069427,11.588098092069988,0.14265596866607666
ppo_gru,10,10,0,207,207,96,1,1,0,1,0,6.2470002979203825,15.503204359229962,-53.765678202831275,0.8399578928947449,2.2342236042022705,0.049108490347862244,2.8137092351914466,0.2425551414489746,13.897385904224944,0.17038606107234955
ppo_gru,10,10,0,208,208,146,1,1,0,1,0,43.293932695691204,18.70454134397162,-73.66147283994482,5.219448089599609,4.56335973739624,0.2591826617717743,14.850072642489371,0.9538990259170532,54.654388266687484,0.7361321449279785
ppo_gru,10,10,0,209,209,64,1,1,0,1,0,2.9347000599226987,-2.166221816026224,-17.930025212848854,0.5581601858139038,2.151653528213501,0.018471062183380127,1.0583139062313807,0.09012513607740402,5.163789925277482,0.06353363394737244
ppo_gru,10,10,0,210,210,78,1,1,0,1,0,-1.7485420879016043,-2.436806590185449,-31.905849009502223,0.3956310749053955,2.8097338676452637,0.03676325082778931,2.106379113613157,0.24696238338947296,14.149902266708548,0.1602444350719452
ppo_gru,10,10,0,211,211,6,1,1,0,1,0,-16.32241724828129,-2.7268437431008707,9.57703170700342,22.389604568481445,22.69596290588379,0.0219134408980608,1.2555476780682522,0.1563570350408554,8.958598205020138,0.10009195655584335
ppo_gru,10,10,0,212,212,123,1,1,0,1,0,21.39814938657121,3.047329879336209,-49.51719125605662,0.389765202999115,1.9147217273712158,0.10153856128454208,5.81773101943472,0.22272741794586182,12.761341030144234,0.2129022777080536
ppo_gru,10,10,0,213,213,96,1,1,0,1,0,22.915052438961,-5.709068259268518,-65.24274559352718,4.208744049072266,4.8577561378479,0.11094661802053452,6.356772963826711,0.3166273832321167,18.141412737471576,0.26926031708717346
ppo_gru,10,10,0,214,214,251,1,1,0,1,0,23.410937833082265,14.669880299353386,-66.41611745142201,4.195907115936279,4.659477233886719,0.1639830470085144,9.395536505283255,0.5805745124816895,33.26446925806614,0.45427030324935913
ppo_gru,10,10,0,215,215,75,1,1,0,1,0,8.923874377053439,2.1208966806940195,-27.215148295104267,0.7106818556785583,2.0652332305908203,0.04838874936103821,2.7724711143038485,0.025934232398867607,1.4859220613665545,0.061355866491794586
ppo_gru,10,10,0,216,216,256,1,1,0,1,0,-46.51988568220158,62.80606194674679,49.63191111335615,1.1122139692306519,0.49723362922668457,0.5401901006698608,30.95061290313009,0.4619925618171692,26.47022395856058,0.771186351776123
ppo_gru,10,10,0,217,217,134,1,1,0,1,0,-0.8359741732745406,0.8549757595455161,14.904866127558504,0.24093812704086304,1.4285019636154175,0.037112217396497726,2.126373425191312,0.10494012385606766,6.012626198532803,0.08958227932453156
ppo_gru,10,10,0,218,218,168,1,1,0,1,0,-20.576095138825153,26.977840202581344,69.4836100491881,1.2827850580215454,0.1667206734418869,0.1606849581003189,9.206569930384743,1.1294077634811401,64.71029819677884,0.7253888249397278
ppo_gru,10,10,0,219,219,292,1,1,0,1,0,-2.285668164231407,2.153941135898541,-1.4947868998572906,0.4557798504829407,0.20645186305046082,0.014381451532244682,0.8239964760695713,0.15093445777893066,8.647907413828245,0.08984868228435516
ppo_gru,10,10,0,220,220,202,1,1,0,1,0,7.4372290626868045,6.146418932202774,40.05177850046955,2.1909828186035156,1.194195032119751,0.03169117122888565,1.8157703592415704,0.060529205948114395,3.4680680381051134,0.0619557723402977
ppo_gru,10,10,0,221,221,58,1,1,0,1,0,-3.623674901880225,-1.3649040226003282,-5.179482711782409,1.069446086883545,2.7726075649261475,0.015630673617124557,0.8955716292077216,0.32432982325553894,18.58273004276632,0.17779558897018433
ppo_gru,10,10,0,222,222,118,1,1,0,1,0,-21.622917251777988,4.020864062494806,49.10395115089251,1.2747130393981934,2.5656332969665527,0.11676881462335587,6.690360256663781,0.41420629620552063,23.73227262032198,0.3238719701766968
ppo_gru,10,10,0,223,223,110,1,1,0,1,0,4.479511265261163,1.8655978698972828,-30.392825504561,0.5415129065513611,1.5219682455062866,0.0344134196639061,1.9717437053543354,0.4625437557697296,26.501805045735427,0.2656852900981903
ppo_gru,10,10,0,224,224,312,1,1,0,1,0,26.83696072076066,21.65153574440034,-76.89073163801348,3.775484561920166,2.7572598457336426,0.25055429339408875,14.355703550363847,1.0116732120513916,57.96460529698831,0.7563909292221069
ppo_gru,10,10,0,225,225,260,1,1,0,1,0,34.74948898741031,13.757093818672882,-71.01179657408674,5.765649318695068,5.806375503540039,0.18908849358558655,10.833972636940649,0.6809030771255493,39.012872576764764,0.5295400619506836
ppo_gru,10,10,0,226,226,97,1,1,0,1,0,1.2929274891267337,-1.3749034195452268,-19.615388050927837,0.7111052870750427,2.6617727279663086,0.01961163803935051,1.123664088993005,0.17191632091999054,9.85007961813208,0.10556979477405548
ppo_gru,10,10,0,227,227,14,1,1,0,1,0,16.484620580690756,17.747631841252833,-73.17527265406663,7.791394233703613,10.21522331237793,0.16392557322978973,9.392243500329663,0.6627518534660339,37.972884068076524,0.4953014850616455
ppo_gru,10,10,0,228,228,113,1,1,0,1,0,-0.39102832998323,-4.4890871904775205,-42.74208073151085,0.26681244373321533,2.5605990886688232,0.02538328617811203,1.454355168178577,0.2186136692762375,12.525640593397203,0.13469012081623077
ppo_gru,10,10,0,229,229,448,1,1,0,1,0,6.654694289478443,6.55079345182421,-5.254341585085749,1.842881202697754,0.8201784491539001,0.011918555945158005,0.6828829535481096,0.0839814618229866,4.811783319796181,0.053909286856651306
ppo_gru,10,10,0,230,230,101,1,1,0,1,0,-23.377784094851023,20.30724523271511,70.8230101454276,6.583125591278076,7.184040546417236,0.22176094353199005,12.705966125222002,0.9365822672843933,53.66221108218934,0.6900520920753479
ppo_gru,10,10,0,231,231,100,1,1,0,1,0,-4.29073849698035,-1.2187379743620552,-14.317073707965548,0.5008701682090759,3.6586339473724365,0.015061235055327415,0.8629452029247459,0.1602560132741928,9.181993202203746,0.09518924355506897
ppo_gru,10,10,0,232,232,84,1,1,0,1,0,-6.7260561059267365,6.794098450438404,29.999256344206525,0.2149313986301422,2.4610695838928223,0.04616178199648857,2.6448752832017823,0.2747657001018524,15.742914970793437,0.18354463577270508
ppo_gru,10,10,0,233,233,102,1,1,0,1,0,2.8948254155481643,3.879779674999023,-25.41733322253019,0.40389373898506165,1.3541301488876343,0.025591891258955002,1.4663073588958646,0.10688340663909912,6.123968100400942,0.07903359830379486
ppo_gru,10,10,0,234,234,94,1,1,0,1,0,-1.678273101720513,-0.7389854870603596,-31.94180312529317,0.7627236247062683,2.8724045753479004,0.003785590874031186,0.21689838004522743,0.16356027126312256,9.371313239391805,0.0855657234787941
ppo_gru,10,10,0,235,235,124,1,1,0,1,0,-2.3610188111549877,0.8030116803400591,-24.657542979257972,0.5603375434875488,0.9369644522666931,0.016517894342541695,0.9464056322706589,0.16408026218414307,9.4011065245514,0.09855802357196808
ppo_gru,10,10,0,236,236,128,1,1,0,1,0,-9.058920877322931,1.729608803522329,-69.37244189025697,0.9596817493438721,2.9448888301849365,0.05857021361589432,3.355826045370413,0.3155393600463867,18.07907360091687,0.21633988618850708
ppo_gru,10,10,0,237,237,139,1,1,0,1,0,0.19457842907532324,2.077197130384278,-5.452362429502759,0.22016726434230804,0.10633230954408646,0.01601901836693287,0.9178221443678017,0.21260593831539154,12.181422964890654,0.12232198566198349
ppo_gru,10,10,0,238,238,183,1,1,0,1,0,-14.48400353128066,13.532612821411243,55.175647813575345,0.789739191532135,0.9639937877655029,0.1157863587141037,6.634069679505943,0.5663758516311646,32.45094591659343,0.39897429943084717
ppo_gru,10,10,0,239,239,127,1,1,0,1,0,18.79480912404251,12.295692883478614,-55.30367287937806,1.0776211023330688,1.383856177330017,0.11111297458410263,6.366304492813464,0.4770704507827759,27.33412336025672,0.34964820742607117
ppo_gru,10,10,0,240,240,89,1,1,0,1,0,-3.0445295017765037,0.23521805463689913,-17.953903554187217,0.5194578766822815,1.5845160484313965,0.005819535814225674,0.3334348408803602,0.16852429509162903,9.655730854167599,0.09008168429136276
ppo_gru,10,10,0,241,241,312,1,1,0,1,0,1.873234021389357,6.0161125832172715,20.154932014223828,0.5747467279434204,1.164226770401001,0.02985503524541855,1.7105675167768029,0.054242298007011414,3.1078547468926305,0.056976184248924255
ppo_gru,10,10,0,242,242,150,1,1,0,1,0,-38.69828089378314,58.331741625254836,-109.19758105368716,6.720068454742432,6.0446624755859375,0.39726701378822327,22.761723229830675,0.7419096827507019,42.50829360150507,0.7682218551635742
ppo_gru,10,10,0,243,243,149,1,1,0,1,0,42.33456432487121,35.11229497574305,-73.6021867979491,1.4567677974700928,2.554288864135742,0.2805849611759186,16.076334070222195,0.9039707779884338,51.7937103818948,0.7325703501701355
ppo_gru,10,10,0,244,244,1,1,1,0,1,0,-10.789472246950723,0.9883283729008451,45.14619803632862,15.160476684570312,14.466927528381348,0.05566788837313652,3.189535058186109,0.21650980412960052,12.405097999830232,0.16392278671264648
ppo_gru,10,10,0,245,245,135,1,1,0,1,0,-3.1574735098918345,-0.20235118435079777,7.652434663055566,0.9595628976821899,0.7911363244056702,0.016215981915593147,0.9291073244239553,0.18272604048252106,10.469430926785082,0.10757900029420853
ppo_gru,10,10,0,246,246,103,1,1,0,1,0,7.4134736647535,-5.651803953267131,41.076197592944744,1.486517310142517,2.392172336578369,0.0438193753361702,2.510665267662205,0.05528547614812851,3.1676244516589427,0.07146210968494415
ppo_gru,10,10,0,247,247,131,1,1,0,1,0,6.9955617101971,0.16378793629690577,7.7703647092650066,0.6153779625892639,0.6717101335525513,0.047544240951538086,2.7240843466761855,0.09923247992992401,5.685602290601293,0.09716048091650009
ppo_gru,10,10,0,248,248,109,1,1,0,1,0,-0.24376945147775508,-2.253538954375667,15.98932258283811,0.14725109934806824,2.799968719482422,0.026578722521662712,1.5228486253405822,0.15160344541072845,8.68623758167671,0.10238044708967209
ppo_gru,10,10,0,249,249,167,1,1,0,1,0,-4.361116766188162,15.687728749847027,71.58493140772086,2.4736380577087402,1.7307945489883423,0.11089262366294861,6.3536793150195185,0.5769846439361572,33.058784941400376,0.3993849456310272
ppo_gru,10,10,0,250,250,145,1,1,0,1,0,6.895321853937992,-1.3726084759841024,-40.6690909976553,0.8672730922698975,1.1578984260559082,0.07040438055992126,4.033873865316388,0.0648791491985321,3.717301427475467,0.10284395515918732
ppo_gru,10,10,0,251,251,202,1,1,0,1,0,-28.04313114704989,26.41908974733928,62.54457498456202,3.548966407775879,2.090271234512329,0.1968243569135666,11.277204956523931,0.722491979598999,41.39574116307462,0.5580703616142273
ppo_gru,10,10,0,252,252,203,1,1,0,1,0,-0.3070443239487532,0.9173353866677325,-24.989380889893873,0.9806181788444519,0.7262141704559326,0.01083910372108221,0.6210348969225565,0.30484214425086975,17.46616828329307,0.16326017677783966
ppo_gru,10,10,0,253,253,78,1,1,0,1,0,8.923068414731379,6.065713416969904,-28.193504591816893,1.1741775274276733,2.177996873855591,0.07372312247753143,4.224023770488604,0.059586502611637115,3.414055115592064,0.10351637005805969
ppo_gru,10,10,0,254,254,75,1,1,0,1,0,11.529168073684763,-5.433401824366803,-21.343316627914344,1.707099437713623,1.7842795848846436,0.017925744876265526,1.0270695260382747,0.06325903534889221,3.624475741560409,0.04955526441335678
ppo_gru,10,10,0,255,255,100,1,1,0,1,0,-20.02760362771645,17.577969942269714,-78.04760175887357,0.8223696351051331,1.9774569272994995,0.1246287077665329,7.14069896119164,0.5173771977424622,29.643529846948507,0.3833172917366028
ppo_gru,10,10017,1,256,0,190,1,1,0,1,0,-2.455985761374845,3.1722403788774023,6.986887369951184,0.5855579972267151,0.8858002424240112,0.035891640931367874,2.0564395451663744,0.20253388583660126,11.604336866821692,0.1371585875749588
ppo_gru,10,10017,1,257,1,104,1,1,0,1,0,-0.10508929056981618,0.6220936296047613,13.510264442446962,2.5762500762939453,1.9933475255966187,0.01555141992866993,0.8910307273484267,0.15064068138599396,8.631075266392394,0.09087175875902176
ppo_gru,10,10017,1,258,2,202,1,1,0,1,0,1.0417541125886849,11.747870730908572,40.25820047756567,0.925208568572998,1.4666595458984375,0.07140352576971054,4.091120668958027,0.23664411902427673,13.55870926668257,0.1897255778312683
ppo_gru,10,10017,1,259,3,70,1,1,0,1,0,-3.1924440784423,2.5194245583859236,23.79975318177441,3.1670215129852295,3.2697699069976807,0.015196929685771465,0.8707199325517773,0.1632673293352127,9.354528903280144,0.0968305915594101
ppo_gru,10,10017,1,260,4,1,1,1,0,1,0,-8.81680433162432,8.27051214142836,26.250561659758386,20.35459327697754,21.92106819152832,0.029659170657396317,1.6993453025270602,0.4603014886379242,26.37333260254207,0.2598099112510681
ppo_gru,10,10017,1,261,5,150,1,1,0,1,0,10.540115700731898,7.932199211459288,-46.504968549054276,0.9171926379203796,2.2092349529266357,0.08673426508903503,4.969507328770585,0.2563460171222687,14.687544876094332,0.21490727365016937
ppo_gru,10,10017,1,262,6,7,1,1,0,1,0,-8.370109959905486,5.279654266149817,0.31992606072339724,15.12299633026123,16.738649368286133,0.009750421158969402,0.5586579808840034,0.16648782789707184,9.539049878802624,0.0929943323135376
ppo_gru,10,10017,1,263,7,135,1,1,0,1,0,5.449165900971193,20.32762651719843,50.544670273279976,2.605116844177246,1.454354166984558,0.09512753039598465,5.450406007192373,0.25492826104164124,14.60631343629537,0.22259166836738586
ppo_gru,10,10017,1,264,8,87,1,1,0,1,0,3.461799418550923,0.9473745586374486,-8.124660281891908,0.32570889592170715,3.46008038520813,0.031354233622550964,1.7964652564393524,0.13320793211460114,7.632252307831824,0.09795819967985153
ppo_gru,10,10017,1,265,9,72,1,1,0,1,0,-1.7499081257356068,-1.7496349181688062,-16.995054277744146,13.828001022338867,14.462459564208984,0.015668155625462532,0.8977191900931617,0.09172245860099792,5.255309764400598,0.061529383063316345
ppo_gru,10,10017,1,266,10,157,1,1,0,1,0,-63.48290637273837,26.737485845688596,-96.95979451399191,5.259993553161621,4.752304553985596,0.37176427245140076,21.30052378521692,0.6185588836669922,35.440813414442324,0.6810437440872192
ppo_gru,10,10017,1,267,11,172,1,1,0,1,0,-42.96862444590184,43.5790794331609,70.90081966045238,6.6593403816223145,6.3365068435668945,0.32974159717559814,18.89280184806468,1.027243971824646,58.856744115807864,0.8433635830879211
ppo_gru,10,10017,1,268,12,146,1,1,0,1,0,21.81854752998549,-3.2753352542095744,-55.57518655926441,4.2768754959106445,2.8531699180603027,0.08548077940940857,4.897687889647901,0.17571692168712616,10.067838001703134,0.17333924770355225
ppo_gru,10,10017,1,269,13,142,1,1,0,1,0,9.848914217104946,10.055636722524552,-35.265373175421374,1.0866436958312988,1.3027007579803467,0.05152898654341698,2.952393451524205,0.23501288890838623,13.465246665627408,0.1690354347229004
ppo_gru,10,10017,1,270,14,183,1,1,0,1,0,2.891123453018017,-1.098635927996551,-31.078685780257,0.5785236358642578,0.523680567741394,0.05858854576945305,3.356876400398714,0.10205641388893127,5.847401788076079,0.10961675643920898
ppo_gru,10,10017,1,271,15,66,1,1,0,1,0,21.984616749465182,-2.3089454489228105,-50.32501138957237,0.42408838868141174,2.491330146789551,0.09143966436386108,5.239106848142035,0.18936076760292053,10.849572789004958,0.18612004816532135
ppo_gru,10,10017,1,272,16,3,1,1,0,1,0,-33.868298961830284,42.60999853334115,-95.81434446942409,16.34661102294922,17.598485946655273,0.31951460242271423,18.306838211621994,1.1832072734832764,67.7927830597731,0.9111182689666748
ppo_gru,10,10017,1,273,17,177,1,1,0,1,0,-2.7783706901994467,1.3749853818152669,-45.62387414612263,2.506348133087158,1.7336410284042358,0.01726675033569336,0.9893119201413269,0.13894614577293396,7.96102773239862,0.08673982322216034
ppo_gru,10,10017,1,274,18,94,1,1,0,1,0,-4.400185448240634,9.741994435837567,26.59973459050778,0.6978675127029419,3.569373607635498,0.051535025238990784,2.9527394432943486,0.6295801997184753,36.072288308872096,0.36632513999938965
ppo_gru,10,10017,1,275,19,135,1,1,0,1,0,9.677872619909488,71.6507471105631,83.34534236594557,2.130143165588379,3.734933376312256,1.2436127662658691,71.25376285562362,0.4427415728569031,25.367223539684392,1.464983582496643
ppo_gru,10,10017,1,276,20,321,1,1,0,1,0,23.66641422879742,13.598496826145187,-66.88975008922738,1.6382006406784058,0.9930041432380676,0.16226910054683685,9.297334606717751,0.5702856183052063,32.67495904589693,0.4474118947982788
ppo_gru,10,10017,1,277,21,236,1,1,0,1,0,12.980637913825833,66.24325902390733,101.81584044781754,4.790771961212158,3.7737951278686523,1.1372179985046387,65.15779170063055,0.6455725431442261,36.988582091691406,1.4600043296813965
ppo_gru,10,10017,1,278,22,161,1,1,0,1,0,25.30395208230798,12.64716075778913,-72.31352134686446,3.678011655807495,4.010790824890137,0.21850956976413727,12.51967613070449,0.7957714796066284,45.59434723834067,0.6163952946662903
ppo_gru,10,10017,1,279,23,191,1,1,0,1,0,12.156903439543955,1.420009988823991,11.385460893547695,0.7327849864959717,1.2961647510528564,0.00854048877954483,0.48933396204675417,0.06296757608652115,3.6077763559265508,0.040024276822805405
ppo_gru,10,10017,1,280,24,64,1,1,0,1,0,0.8017549255327767,-4.414446883227621,30.537352307398468,0.19018898904323578,4.253355026245117,0.03612779825925827,2.0699703633555813,0.14165803790092468,8.116407705827239,0.10695681720972061
ppo_gru,10,10017,1,281,25,130,1,1,0,1,0,43.88728488926855,46.165890637898165,-61.50062155106059,5.426454544067383,5.733601093292236,0.3645302951335907,20.88604741581304,0.8665708303451538,49.6508512279246,0.7978156805038452
ppo_gru,10,10017,1,282,26,136,1,1,0,1,0,7.064983752921109,-1.6360898534065142,41.86235236641321,0.8792726993560791,1.6937952041625977,0.029986416921019554,1.7180951322940974,0.21400436758995056,12.261547060270429,0.1369885951280594
ppo_gru,10,10017,1,283,27,139,1,1,0,1,0,-0.6382265364243315,4.951286091612284,24.51733285597595,0.28518620133399963,0.7706249952316284,0.01682109944522381,0.9637780049811747,0.3883609473705292,22.251443212033607,0.21100157499313354
ppo_gru,10,10017,1,284,28,53,1,1,0,1,0,9.766856324416413,-1.6013924924228495,13.523077877329905,1.0098143815994263,3.8705122470855713,0.014533772133290768,0.832723803642408,0.07692600786685944,4.407535585561215,0.05299677699804306
ppo_gru,10,10017,1,285,29,138,1,1,0,1,0,22.3052668102406,15.566438250565941,-55.14903739656898,0.4624650478363037,0.9275170564651489,0.12480762600898743,7.150950221362183,0.4158726632595062,23.827748419635,0.33274394273757935
ppo_gru,10,10017,1,286,30,82,1,1,0,1,0,25.180612526275887,-10.36572731084313,-43.24407231475011,0.6513611674308777,2.2977068424224854,0.07207679003477097,4.129695869842966,0.17892317473888397,10.251542769619796,0.16153837740421295
ppo_gru,10,10017,1,287,31,129,1,1,0,1,0,-6.5460123194052,4.76191226668451,-34.88692605388931,0.6210513114929199,1.138719081878662,0.025681229308247566,1.4714260520702602,0.1834048479795456,10.508323731466426,0.11738365143537521
ppo_gru,10,10017,1,288,32,44,1,1,0,1,0,1.2145305778333273,0.053521362336219916,-16.36432728902849,0.4643169343471527,3.4267539978027344,0.008455448783934116,0.4844615292084492,0.19061897695064545,10.921662874373503,0.10376493632793427
ppo_gru,10,10017,1,289,33,71,1,1,0,1,0,-11.759523033632613,2.3784357935385203,-35.290344347026945,0.7530626058578491,3.390869617462158,0.04314294457435608,2.4719086398774373,0.25204047560691833,14.440855518746396,0.16916318237781525
ppo_gru,10,10017,1,290,34,197,1,1,0,1,0,-33.404173947349584,8.957301322851482,86.2466428008269,3.410337209701538,2.1966912746429443,0.22550219297409058,12.920323928360036,1.0857220888137817,62.20729341315762,0.7683632373809814
ppo_gru,10,10017,1,291,35,311,1,1,0,1,0,0.8984430834234772,1.7426408044587132,-0.34064885466521594,0.4626367688179016,0.9389742612838745,0.018382199108600616,1.0532224270919592,0.12140728533267975,6.956125051703093,0.07908584177494049
ppo_gru,10,10017,1,292,36,151,1,1,0,1,0,-21.466205391461216,67.91061748333416,-95.42917644174874,4.045726776123047,5.229271411895752,1.1048136949539185,63.30116186911351,0.5609315633773804,32.13901117719895,1.3852794170379639
ppo_gru,10,10017,1,293,37,79,1,1,0,1,0,19.8833227116891,8.35650422307882,-43.51137859810773,0.2450994849205017,1.0996580123901367,0.0783378928899765,4.488430638543553,0.2746475338935852,15.736144545778663,0.2156616598367691
ppo_gru,10,10017,1,294,38,151,1,1,0,1,0,18.38803037783323,15.921676389298304,-68.25108875308095,2.011115312576294,1.4777333736419678,0.16148622334003448,9.252479046890985,0.6483763456344604,37.1492281409701,0.4856743812561035
ppo_gru,10,10017,1,295,39,131,1,1,0,1,0,-4.600883726812289,18.30263935282973,54.54631418345037,1.0280907154083252,1.5917383432388306,0.0900103971362114,5.1572158682013445,0.32895976305007935,18.848006052393153,0.25449028611183167
ppo_gru,10,10017,1,296,40,104,1,1,0,1,0,-8.757081157521728,8.86009407058386,4.647137767871616,1.314359426498413,1.3858041763305664,0.033118389546871185,1.8975439453059018,0.5991015434265137,34.32598993811284,0.3326691687107086
ppo_gru,10,10017,1,297,41,118,1,1,0,1,0,11.695578802622954,-3.9604851902318936,-36.020792097624785,0.9180828928947449,1.6739656925201416,0.03478283807635307,1.9929098212619702,0.07499650865793228,4.296983424315857,0.07228109240531921
ppo_gru,10,10017,1,298,42,202,1,1,0,1,0,-5.713712787904127,8.481100533918193,20.6551887294139,0.11581389605998993,0.2555704414844513,0.023236190900206566,1.3313356705421253,0.3201012909412384,18.34045298762221,0.18328683078289032
ppo_gru,10,10017,1,299,43,161,1,1,0,1,0,2.210604385252967,11.969961161960706,-45.66649452654351,0.2628166079521179,1.1154536008834839,0.0691978707909584,3.9647459476135123,0.26001954078674316,14.898022278010153,0.1992076337337494
ppo_gru,10,10017,1,300,44,249,1,1,0,1,0,3.3096501245997185,5.659180557570745,32.041237019230216,0.589213490486145,0.8853363394737244,0.03775056451559067,2.1629480209796723,0.1800537109375,10.316317722387259,0.12777742743492126
ppo_gru,10,10017,1,301,45,210,1,1,0,1,0,-0.7393133361405202,3.1379664896222783,-14.733769888849686,0.5082401633262634,0.6643857955932617,0.01213840115815401,0.6954791563989353,0.11442556977272034,6.556102216356602,0.0693511888384819
ppo_gru,10,10017,1,302,46,137,1,1,0,1,0,16.56818111499669,-8.837458823674439,-33.030043505372966,0.9271529316902161,2.1830482482910156,0.02276621200144291,1.3044078631827616,0.027551451697945595,1.5785819017508285,0.03654193878173828
ppo_gru,10,10017,1,303,47,77,1,1,0,1,0,31.64239495283649,14.57052836768638,-59.47495136777489,1.157184362411499,2.1255431175231934,0.15179787576198578,8.697377620213,0.5064945220947266,29.019998462523457,0.40504515171051025
ppo_gru,10,10017,1,304,48,41,1,1,0,1,0,-7.7722771622326094,1.594015888119236,14.816756687265341,1.9555346965789795,6.298179626464844,0.02698119543492794,1.5459086246390146,0.20981517434120178,12.021523967552424,0.13188877701759338
ppo_gru,10,10017,1,305,49,87,1,1,0,1,0,-11.123222610554226,-4.135829806604461,26.742567506431083,1.333127498626709,1.9067168235778809,0.03959852084517479,2.268828119389329,0.10179699957370758,5.8325384426684845,0.09049701690673828
ppo_gru,10,10017,1,306,50,98,1,1,0,1,0,-2.056337732659059,-0.17508506918410685,-11.049401926004728,0.2769341468811035,3.0089972019195557,0.02777515910565853,1.591399392058592,0.14377421140670776,8.237655516426013,0.09966226667165756
ppo_gru,10,10017,1,307,51,181,1,1,0,1,0,-29.00154329138608,7.313998789681434,76.47245085324191,2.2178494930267334,1.0773531198501587,0.2300424575805664,13.180461928183727,0.9870650172233582,56.554659591906336,0.7235749959945679
ppo_gru,10,10017,1,308,52,108,1,1,0,1,0,-14.060422519713148,24.610728862686706,74.06251422725128,0.3446968197822571,2.3049535751342773,0.15995363891124725,9.164668427374007,0.8618628978729248,49.381106567033285,0.5908851027488708
ppo_gru,10,10017,1,309,53,141,1,1,0,1,0,4.637397918115178,5.722264184744983,-40.83328874530241,0.5752335786819458,1.1704845428466797,0.037876423448324203,2.1701592066393247,0.1392837017774582,7.980368266807157,0.107518270611763
ppo_gru,10,10017,1,310,54,97,1,1,0,1,0,8.804933462846838,7.220998933942541,-47.71544199452062,0.33423566818237305,2.7907423973083496,0.08752865344285965,5.015022428739081,0.1915745884180069,10.976415378307617,0.1833159476518631
ppo_gru,10,10017,1,311,55,88,1,1,0,1,0,-0.4137045580276723,-1.8444379438485834,-33.078510527723374,0.4874574542045593,4.124663829803467,0.01681273803114891,0.9632989312439217,0.19358806312084198,11.091778980936425,0.1136067658662796
ppo_gru,10,10017,1,312,56,92,1,1,0,1,0,1.2794856768401486,19.14955548915463,-60.42063203949817,1.6334068775177002,2.769803285598755,0.10685523599386215,6.122354041322704,0.6386366486549377,36.59118461030714,0.4261735677719116
ppo_gru,10,10017,1,313,57,104,1,1,0,1,0,-9.044768725362665,-0.035639927089126534,28.848588035112815,0.37739360332489014,2.383335828781128,0.04988037794828415,2.857935136954102,0.17456254363059998,10.001697011101669,0.13716164231300354
ppo_gru,10,10017,1,314,58,50,1,1,0,1,0,-26.340665515289196,43.567249545518436,75.01816697516279,8.725069046020508,9.691336631774902,0.3466556966304779,19.861908361093818,1.325400710105896,75.93986685271015,1.0093560218811035
ppo_gru,10,10017,1,315,59,64,1,1,0,1,0,3.5029717988677596,0.044177663551642474,-12.887105303331678,2.2344589233398438,4.5499267578125,0.02832607552409172,1.622964577699277,0.24719800055027008,14.163402135603077,0.15192507207393646
ppo_gru,10,10017,1,316,60,98,1,1,0,1,0,0.14128929317088376,-1.5200312790296577,-8.833142144118991,1.4639188051223755,2.354011058807373,0.02115057408809662,1.211838629526696,0.11057328432798386,6.335382518893524,0.07643721997737885
ppo_gru,10,10017,1,317,61,148,1,1,0,1,0,10.243029792593022,8.513680536259153,46.658278975164386,0.6013407111167908,1.174117922782898,0.04298924282193184,2.4631021781597635,0.24244067072868347,13.89082721507444,0.16420957446098328
ppo_gru,10,10017,1,318,62,159,1,1,0,1,0,-0.1329564623834682,10.508560226766438,17.572109639961845,7.4338297843933105,7.531984806060791,0.06676040589809418,3.8250894965410844,0.22879929840564728,13.109234154197894,0.1811600625514984
ppo_gru,10,10017,1,319,63,196,1,1,0,1,0,30.59751261360794,8.603634127628222,-58.39796713944728,1.0036182403564453,1.1386537551879883,0.1414732187986374,8.10581835129278,0.45430460572242737,26.029736521249998,0.3686255216598511
ppo_gru,10,10017,1,320,64,101,1,1,0,1,0,4.605418972421178,3.195804531513946,1.3891102130188533,0.44089895486831665,2.3832345008850098,0.011184734292328358,0.6408380699256564,0.07849521934986115,4.497444780700677,0.050432343035936356
ppo_gru,10,10017,1,321,65,181,1,1,0,1,0,-20.471292716200477,14.755394267761947,61.30680810317231,0.5219146609306335,1.4434106349945068,0.13418154418468475,7.688036170330611,0.7248898148536682,41.533127003134844,0.49662643671035767
ppo_gru,10,10017,1,322,66,22,1,1,0,1,0,7.570854883608933,-1.2257867295855083,-39.00503834978676,7.668306827545166,9.78350830078125,0.05991612374782562,3.4329410155339724,0.029605429619550705,1.6962661678718538,0.07471884042024612
ppo_gru,10,10017,1,323,67,90,1,1,0,1,0,6.780861543826919,3.0654162202584025,-16.151881085084412,0.39533108472824097,1.1751238107681274,0.02580002136528492,1.478232335578178,0.20199421048164368,11.573415746675398,0.1267971247434616
ppo_gru,10,10017,1,324,68,199,1,1,0,1,0,-43.81119658191461,41.183062732698765,58.62134164606338,1.7607762813568115,1.2247364521026611,0.3100526034832001,17.76470560663057,0.9046168923377991,51.830730007196266,0.7623610496520996
ppo_gru,10,10017,1,325,69,116,1,1,0,1,0,5.256240377675013,-0.7614431490513615,5.069065873659984,0.8867838978767395,2.497695207595825,0.010295105166733265,0.5898660756971438,0.133672297000885,7.658858455969963,0.0771312564611435
ppo_gru,10,10017,1,326,70,86,1,1,0,1,0,1.2033837091078665,-1.2527796371853988,9.525559401418203,0.7308225631713867,1.4410889148712158,0.013304661959409714,0.7623009781224328,0.13220755755901337,7.57493506786437,0.0794084370136261
ppo_gru,10,10017,1,327,71,171,1,1,0,1,0,-13.355765563421274,17.06085632020805,87.45927458607098,0.7284003496170044,1.7273170948028564,0.1779790222644806,10.19744681761965,0.884385347366333,50.67154786730214,0.6201716661453247
ppo_gru,10,10017,1,328,72,134,1,1,0,1,0,-1.2263877862324695,1.8871676072961832,19.42171120682296,0.46432968974113464,0.8991187214851379,0.036342501640319824,2.0822719609375975,0.12634941935539246,7.239288472992542,0.09951721131801605
ppo_gru,10,10017,1,329,73,120,1,1,0,1,0,5.867747214066254,0.9992293548161855,-44.601695355695206,0.8719235062599182,2.0279533863067627,0.02853178046643734,1.6347506027206629,0.09271667897701263,5.3122743958521506,0.0748901218175888
ppo_gru,10,10017,1,330,74,9,1,1,0,1,0,-10.784663793775033,-5.378978877060142,3.9020734124499445,19.999048233032227,18.43052101135254,0.014031780883669853,0.8039618236866314,0.17276756465435028,9.898852291447849,0.10041556507349014
ppo_gru,10,10017,1,331,75,133,1,1,0,1,0,32.057725095886624,20.064336385072778,-80.01343948502995,4.954965114593506,4.278581142425537,0.2519138753414154,14.433601857847844,1.0252386331558228,58.74184667358991,0.7645331621170044
ppo_gru,10,10017,1,332,76,118,1,1,0,1,0,-1.561394904643255,0.02286747334120269,-19.532169026080403,0.14216233789920807,1.252622127532959,0.014278036542236805,0.8180712336037324,0.19086524844169617,10.935773191425103,0.10971066355705261
ppo_gru,10,10017,1,333,77,18,1,1,0,1,0,0.09840936556154371,-2.2553421243165506,49.27977388050698,14.545947074890137,15.906458854675293,0.04794041067361832,2.7467831997222536,0.1442323476076126,8.263904787180019,0.12005658447742462
ppo_gru,10,10017,1,334,78,120,1,1,0,1,0,-6.001564280285144,18.46978774219828,42.74186216545741,1.7257297039031982,0.5986877083778381,0.0836566835641861,4.793174896289305,0.3310811221599579,18.96955097622082,0.24919724464416504
ppo_gru,10,10017,1,335,79,128,1,1,0,1,0,-4.809395741794439,9.076078312518003,20.539867815467407,0.2820585370063782,1.282822608947754,0.0362800769507885,2.078695289690038,0.29089421033859253,16.66701053719219,0.18172718584537506
ppo_gru,10,10017,1,336,80,52,1,1,0,1,0,-14.17883067916449,2.1673966085634664,-37.176077614597425,14.505217552185059,13.345685005187988,0.051035311073064804,2.9241079306238897,0.18244636058807373,10.453406449218585,0.14225849509239197
ppo_gru,10,10017,1,337,81,159,1,1,0,1,0,-2.703020043275866,-2.080325357024144,-32.351996966087455,0.7354373335838318,1.0559231042861938,0.011707938276231289,0.670815450027725,0.16937077045440674,9.704230319916567,0.09639332443475723
ppo_gru,10,10017,1,338,82,1,1,1,0,1,0,-14.765024834491664,4.7460389070534,17.444057253402445,10.980167388916016,12.048606872558594,0.029067611321806908,1.665451449266224,0.29608985781669617,16.964699209525318,0.17711253464221954
ppo_gru,10,10017,1,339,83,1,1,1,0,1,0,-15.396407521367642,3.6645194331169013,19.30458712293558,12.458380699157715,15.575872421264648,0.04115024209022522,2.357735197711504,0.1989225596189499,11.397423116105326,0.14061152935028076
ppo_gru,10,10017,1,340,84,62,1,1,0,1,0,-3.8039918959685615,1.2158829552889898,-12.54007705198167,12.026482582092285,12.145062446594238,0.005895285867154598,0.3377749992110802,0.15922477841377258,9.122907797014904,0.08550767600536346
ppo_gru,10,10017,1,341,85,78,1,1,0,1,0,16.024771264630477,5.302617362139399,-42.191348918354386,0.4698731303215027,2.546891212463379,0.05519462749361992,3.1624192071811583,0.15314660966396332,8.774654380482525,0.13176792860031128
ppo_gru,10,10017,1,342,86,256,1,1,0,1,0,2.3426046211526335,-0.9105051974977197,20.792666777027918,0.2517901062965393,0.5472641587257385,0.00817858800292015,0.46859857494365326,0.0751517042517662,4.3058754768415675,0.04575444012880325
ppo_gru,10,10017,1,343,87,196,1,1,0,1,0,-1.1906522364949628,6.62607579685609,8.97246434280891,0.7856879830360413,0.26716187596321106,0.0249157901853323,1.42756962085302,0.17809443175792694,10.204059294509868,0.11396300792694092
ppo_gru,10,10017,1,344,88,144,1,1,0,1,0,0.6602743870651326,4.718540565454929,-38.22016765188225,0.240518257021904,1.0991109609603882,0.02480940893292427,1.421474424070724,0.17462514340877533,10.005283714189572,0.11212198436260223
ppo_gru,10,10017,1,345,89,153,1,1,0,1,0,-0.7440671478028491,1.8998444383957267,12.165878308113353,0.406046986579895,1.0519280433654785,0.011261873878538609,0.6452578426488894,0.3694767653942108,21.169459285233547,0.19600026309490204
ppo_gru,10,10017,1,346,90,125,1,1,0,1,0,-3.4570729276452736,1.4358833484551006,-10.32731432695098,1.0011438131332397,2.30078387260437,0.016172800213098526,0.9266331951188239,0.16616158187389374,9.520357358591593,0.0992535948753357
ppo_gru,10,10017,1,347,91,89,1,1,0,1,0,0.6424612537097394,-1.0757411338986682,43.725013254967386,0.3539261221885681,3.4990909099578857,0.009846510365605354,0.564163486881004,0.12363886833190918,7.083985339192084,0.0716659426689148
ppo_gru,10,10017,1,348,92,1,1,1,0,1,0,-13.551054332170278,-2.4642912714055805,47.25197267820023,19.875137329101562,22.182466506958008,0.0820365622639656,4.700348783487423,0.5273929238319397,30.217388680634638,0.34573301672935486
ppo_gru,10,10017,1,349,93,137,1,1,0,1,0,-4.2966397804232415,-4.1303656552684505,-44.51601746274657,0.7384600639343262,2.2549989223480225,0.018715962767601013,1.0723456761075256,0.17280353605747223,9.9009133010299,0.10511773079633713
ppo_gru,10,10017,1,350,94,45,1,1,0,1,0,20.180299336801255,-0.2061214487726448,-15.896814500719458,9.535294532775879,10.161467552185059,0.044419001787900925,2.545021332630781,0.11598680913448334,6.64555464259532,0.1024124026298523
ppo_gru,10,10017,1,351,95,47,1,1,0,1,0,4.6887882614303535,-5.066593345180439,-20.683356429551033,0.18690620362758636,3.3248417377471924,0.06555996835231781,3.756309491599056,0.3075060248374939,17.61879739803347,0.21931298077106476
ppo_gru,10,10017,1,352,96,61,1,1,0,1,0,3.1740708695749653,1.641321778310744,-23.673449323642537,0.45769718289375305,2.4974396228790283,0.03499428182840347,2.0050246558588687,0.15516911447048187,8.890535369940961,0.11257883906364441
ppo_gru,10,10017,1,353,97,190,1,1,0,1,0,-17.093846133899213,42.50992260162212,83.40656818166556,4.032908916473389,2.706639289855957,0.3400733470916748,19.484767513240516,1.2513000965118408,71.69421443444107,0.9657233953475952
ppo_gru,10,10017,1,354,98,59,1,1,0,1,0,2.3179612986272273,0.22868839379036693,5.1433373506947015,0.5299023389816284,2.3376166820526123,0.02422909438610077,1.3882248497476903,0.2175995409488678,12.467535320354257,0.13302886486053467
ppo_gru,10,10017,1,355,99,75,1,1,0,1,0,6.18679901057589,4.230591851149218,-45.72578056853922,1.6822834014892578,3.439804792404175,0.0521661639213562,2.9889010260813347,0.1523379236459732,8.728320084700451,0.1283351182937622
ppo_gru,10,10017,1,356,100,158,1,1,0,1,0,0.8336382485783963,13.119468338895512,-45.389789902887955,0.20720936357975006,1.392603874206543,0.07669126987457275,4.394086089311813,0.2858794331550598,16.379684969377262,0.21963098645210266
ppo_gru,10,10017,1,357,101,122,1,1,0,1,0,30.00157860852433,11.526982413150359,-76.14017581049912,0.7250217795372009,1.3537366390228271,0.1605689972639084,9.199925863869614,0.5807927846908569,33.276975334436436,0.45096540451049805
ppo_gru,10,10017,1,358,102,142,1,1,0,1,0,-4.368602653518495,-0.6249486486778267,-29.14973107561868,1.1621477603912354,0.9370170831680298,0.010149548761546612,0.5815263079988524,0.17608217895030975,10.088765701320053,0.09819063544273376
ppo_gru,10,10017,1,359,103,105,1,1,0,1,0,-9.747567870200298,8.013956575824341,32.94827248062957,0.6284041404724121,0.9659826159477234,0.06334882229566574,3.629620154665898,0.27844300866127014,15.953609231215406,0.20257031917572021
ppo_gru,10,10017,1,360,104,169,1,1,0,1,0,2.182887477601055,0.8645516847618739,-22.109991701869937,0.6499195098876953,1.2055970430374146,0.024717899039387703,1.416231293387387,0.23034295439720154,13.197679127534036,0.13988937437534332
ppo_gru,10,10017,1,361,105,277,1,1,0,1,0,-23.040154183798954,-4.279373062201449,75.9935179886406,11.505107879638672,9.947336196899414,0.1822061687707901,10.439644471814656,0.6528965830802917,37.40821866901323,0.5086544752120972
ppo_gru,10,10017,1,362,106,275,1,1,0,1,0,15.968435864356211,19.29069451816377,-88.54155904119452,1.4505850076675415,0.5220668315887451,0.1834198534488678,10.509183481528202,0.8265529274940491,47.35799428959176,0.5966963171958923
ppo_gru,10,10017,1,363,107,74,1,1,0,1,0,-4.361499256781682,3.966618700106565,29.084516429423395,0.9460416436195374,3.221672534942627,0.03237571567296982,1.8549918667767225,0.3170831799507141,18.16752796576312,0.19091731309890747
ppo_gru,10,10017,1,364,108,58,1,1,0,1,0,6.617387796231833,1.2059655206141313,-19.484685550970475,0.158516064286232,2.3470616340637207,0.01920909807085991,1.1006002477131644,0.06271261721849442,3.5931682888391863,0.05056540668010712
ppo_gru,10,10017,1,365,109,1,1,1,0,1,0,-12.040708261383699,5.4830846203894765,24.555745839868102,10.20583438873291,13.120999336242676,0.0390332005918026,2.236437654797836,0.30315589904785156,17.369553549935947,0.19061115384101868
ppo_gru,10,10017,1,366,110,55,1,1,0,1,0,8.02481657660466,11.116952496896154,-53.51203229781368,1.5556550025939941,3.269378423690796,0.08362355828285217,4.791276957473687,0.4878387451171875,27.95110117817314,0.3275429308414459
ppo_gru,10,10017,1,367,111,12,1,1,0,1,0,3.0984196943279043,5.2406675463673835,67.73270471583366,20.41122817993164,20.564472198486328,0.06939477473497391,3.976027712575081,0.3362339437007904,19.264785903094623,0.2375117540359497
ppo_gru,10,10017,1,368,112,129,1,1,0,1,0,-1.8991340987220453,1.2863295263885013,30.261508287578334,1.785969853401184,0.9858046174049377,0.008108661510050297,0.46459208202605895,0.11231133341789246,6.43496539633184,0.06426432728767395
ppo_gru,10,10017,1,369,113,224,1,1,0,1,0,-4.9185694854879225,14.615648597343485,30.331722632246066,0.6024787425994873,0.9081936478614807,0.05834050104022026,3.34266448428321,0.6221089959144592,35.644219863019885,0.369394987821579
ppo_gru,10,10017,1,370,114,155,1,1,0,1,0,-0.46545007117968895,1.0051033175023965,0.4723622226197418,0.7919294238090515,1.2954882383346558,0.010191843844950199,0.5839496377720318,0.1397106796503067,8.00483229686685,0.08004718273878098
ppo_gru,10,10017,1,371,115,79,1,1,0,1,0,8.953298831997854,10.797313304117896,44.38567013262604,1.6542949676513672,1.6215556859970093,0.04220034182071686,2.4179014803365,0.19832107424736023,11.362960542874381,0.14136087894439697
ppo_gru,10,10017,1,372,116,137,1,1,0,1,0,2.858133639326856,0.3645818375169406,-19.40195829974328,0.6045516133308411,0.854765772819519,0.03742508962750435,2.1442996835548334,0.14779716730117798,8.468153910346434,0.11132366955280304
ppo_gru,10,10017,1,373,117,251,1,1,0,1,0,26.83482970173962,18.413534304194055,-77.13443278759954,6.605459213256836,5.7854390144348145,0.23852390050888062,13.666412812157208,0.9087365865707397,52.06677109962815,0.6928921937942505
ppo_gru,10,10017,1,374,118,231,1,1,0,1,0,6.34773192779973,1.0015106379989698,21.793535377244904,4.734786510467529,3.091115951538086,0.011766700074076653,0.6741822530408653,0.09899570047855377,5.672035827362355,0.06126455217599869
ppo_gru,10,10017,1,375,119,112,1,1,0,1,0,-6.104782099022377,11.749578278201074,41.80298436214746,0.46616214513778687,3.0896191596984863,0.03685619682073593,2.1117045267316517,0.2271772027015686,13.016294916387885,0.15044480562210083
ppo_gru,10,10017,1,376,120,57,1,1,0,1,0,-0.3014162480726627,7.125758776155883,-41.495052113606604,0.503686785697937,4.317345142364502,0.0588466115295887,3.3716624792913223,0.25806230306625366,14.785880817122298,0.18787775933742523
ppo_gru,10,10017,1,377,121,58,1,1,0,1,0,-0.15770906793559442,-2.2944654478823834,-27.006526997095396,8.600495338439941,11.435547828674316,0.037212394177913666,2.1321131319716495,0.09726379066705704,5.572804704666294,0.08584429323673248
ppo_gru,10,10017,1,378,122,132,1,1,0,1,0,30.631690880214684,24.33627820145725,-64.39727745730632,14.631498336791992,14.763725280761719,0.20505371689796448,11.748712551723775,0.7711890339851379,44.185876854119414,0.5906482338905334
ppo_gru,10,10017,1,379,123,138,1,1,0,1,0,29.155345491116428,43.61496524706014,-68.47949027892618,8.830646514892578,9.046052932739258,0.340349406003952,19.50058452381097,1.125727653503418,64.49944342691137,0.9032132625579834
ppo_gru,10,10017,1,380,124,130,1,1,0,1,0,25.214367321154093,11.631566269721594,-70.94212864455262,1.3464176654815674,1.7947845458984375,0.12428580969572067,7.121052348930921,0.4557013213634491,26.10976243266045,0.3521364629268646
ppo_gru,10,10017,1,381,125,213,1,1,0,1,0,-23.962065797210595,-5.015011756568502,72.50400166243777,2.117072582244873,1.1327115297317505,0.16034643352031708,9.1871739006892,0.635003387928009,36.383014104783484,0.4778481125831604
ppo_gru,10,10017,1,382,126,71,1,1,0,1,0,0.5846505325747514,-1.4960436546645728,-21.911424442319326,0.2256709486246109,2.5555951595306396,0.018276065587997437,1.0471414242965325,0.17401249706745148,9.970181664497584,0.10528231412172318
ppo_gru,10,10017,1,383,127,97,1,1,0,1,0,8.192279154675035,4.040548667682783,-15.547545947321685,1.2441458702087402,0.6262290477752686,0.03997291252017021,2.2902791822514,0.13867242634296417,7.945344764290624,0.109309121966362
ppo_gru,10,10017,1,384,128,168,1,1,0,1,0,20.11946967205312,9.465685963153872,-64.97773425373069,1.190549373626709,1.66899836063385,0.13688085973262787,7.842695558801795,0.5608764886856079,32.1358556298024,0.417319118976593
ppo_gru,10,10017,1,385,129,186,1,1,0,1,0,5.508233376913463,4.1355292782809805,-29.130169413835763,1.9796395301818848,1.021450400352478,0.03951705992221832,2.2641607523086833,0.11704270541667938,6.7060530431687075,0.09803841263055801
ppo_gru,10,10017,1,386,130,97,1,1,0,1,0,14.074246822593254,0.7127302398908305,-39.32660365591096,0.42476600408554077,3.003767251968384,0.0818413645029068,4.68916477560835,0.1230534091591835,7.050440999517683,0.14336806535720825
ppo_gru,10,10017,1,387,131,120,1,1,0,1,0,-1.4122782146835364,-1.6672901575351327,8.646705300534322,0.6271612644195557,1.345691204071045,0.029401805251836777,1.684599350995826,0.17256297171115875,9.887129979284815,0.11568328738212585
ppo_gru,10,10017,1,388,132,167,1,1,0,1,0,-1.9376017241275572,2.4854102163192597,4.361294351106582,0.3439064025878906,0.21909356117248535,0.02185417339205742,1.2521519001119923,0.13597802817821503,7.790967121122703,0.08984318375587463
ppo_gru,10,10017,1,389,133,121,1,1,0,1,0,1.6511845714722426,-1.345069153250611,19.778971081549646,0.4180808961391449,1.3454360961914062,0.03606109321117401,2.066148445628136,0.18914242088794708,10.837062443766433,0.13063231110572815
ppo_gru,10,10017,1,390,134,151,1,1,0,1,0,7.084750320379126,82.01965728955946,105.68866699024149,3.2928085327148438,3.1509287357330322,2.4607150554656982,140.9885872624848,0.7284876704216003,41.73926894247499,2.8249588012695312
ppo_gru,10,10017,1,391,135,105,1,1,0,1,0,1.1289346471547275,-0.5847324948447916,-27.332299699748326,0.6903935074806213,1.2556575536727905,0.01478652749210596,0.8472056189518332,0.1394476294517517,7.98976063068957,0.08451034128665924
ppo_gru,10,10017,1,392,136,98,1,1,0,1,0,0.09495328984151727,4.12477856052738,17.718139084416716,0.19821566343307495,3.144619941711426,0.02861991710960865,1.6398004603948295,0.35513049364089966,20.34747846202107,0.20618516206741333
ppo_gru,10,10017,1,393,137,148,1,1,0,1,0,-27.08837998410883,65.14256037878143,-97.81444242445727,10.341116905212402,9.566332817077637,0.8983731865882874,51.472992019227675,0.636308491230011,36.45779101581679,1.2165274620056152
ppo_gru,10,10017,1,394,138,152,1,1,0,1,0,13.091997318053721,4.857029481066108,36.518808510767094,0.9062601923942566,1.2449480295181274,0.04399533197283745,2.5207468403205557,0.16102474927902222,9.226038530840219,0.12450771033763885
ppo_gru,10,10017,1,395,139,12,1,1,0,1,0,9.741024548975425,20.872101877075163,-80.25861595547673,13.687851905822754,16.598981857299805,0.17817537486553192,10.208696992956307,0.7489681839942932,42.912715932450695,0.5526594519615173
ppo_gru,10,10017,1,396,140,131,1,1,0,1,0,24.033550557063947,11.682287254498108,-57.24639724538313,0.3343546390533447,2.162625551223755,0.1021219789981842,5.8511583921195855,0.340661883354187,19.518488157172868,0.2724529206752777
ppo_gru,10,10017,1,397,141,67,1,1,0,1,0,-7.486611330385997,7.751868556992612,-21.862520287862033,0.8843967914581299,3.677307367324829,0.056583281606435776,3.2419832270489906,0.2378532439470291,13.627987021660363,0.17550989985466003
ppo_gru,10,10017,1,398,142,33,1,1,0,1,0,-6.527160997295965,6.364001438402701,32.318146548560875,18.045093536376953,18.515716552734375,0.04052213579416275,2.32174735786153,0.12379714101552963,7.093053695975746,0.10242070257663727
ppo_gru,10,10017,1,399,143,104,1,1,0,1,0,-1.2601015999756524,-1.97131553787074,32.381790251247054,0.2699498236179352,2.112884283065796,0.056733857840299606,3.250610609744363,0.20966430008411407,12.012879509384128,0.16156600415706635
ppo_gru,10,10017,1,400,144,74,1,1,0,1,0,-25.33034393326091,28.734086743866722,70.02098201232802,2.175684928894043,1.0626710653305054,0.2106216996908188,12.067734466155793,1.158582091331482,66.3818640527344,0.789912760257721
ppo_gru,10,10017,1,401,145,137,1,1,0,1,0,6.1114756844089895,2.7904191438953494,-31.777004320999104,0.5984232425689697,0.7195882201194763,0.05357572063803673,3.0696626769314466,0.03761308267712593,2.1550708918759436,0.07238226383924484
ppo_gru,10,10017,1,402,146,78,1,1,0,1,0,3.956318774838186,-0.6393740082048937,18.157251946156837,0.9882867932319641,2.0711231231689453,0.011366861872375011,0.6512732115952607,0.20155556499958038,11.54828321185069,0.11214464157819748
ppo_gru,10,10017,1,403,147,4,1,1,0,1,0,13.236291894459411,10.604865894063618,-67.54359043809436,21.81729507446289,21.95903205871582,0.10017101466655731,5.739376369936803,0.3782251179218292,21.67070296275869,0.2892835736274719
ppo_gru,10,10017,1,404,148,143,1,1,0,1,0,-2.0394535050307874,2.9742741759737523,-9.100503068989969,0.48303520679473877,1.229115605354309,0.021460678428411484,1.2296062994354264,0.14108069241046906,8.083328245903221,0.09200102090835571
ppo_gru,10,10017,1,405,149,144,1,1,0,1,0,22.23386401265729,16.89990974260587,-63.82824073717422,0.21409806609153748,0.4356191158294678,0.1389360874891281,7.9604514351874,0.4765470027923584,27.304131999611194,0.3772096037864685
ppo_gru,10,10017,1,406,150,74,1,1,0,1,0,18.080945072749454,49.133102398270125,-68.54582507614535,7.7302751541137695,8.458733558654785,0.430816113948822,24.683945075494655,0.8428891897201538,48.29399316816655,0.8522607088088989
ppo_gru,10,10017,1,407,151,83,1,1,0,1,0,3.5630638031855315,0.5087807912742498,-4.0721178020265825,0.6909134984016418,2.880575180053711,0.04882508143782616,2.7974711007699757,0.17131231725215912,9.815472757154918,0.13448123633861542
ppo_gru,10,10017,1,408,152,130,1,1,0,1,0,14.553043083411149,1.2503754105975542,57.02788583345608,0.0926242396235466,2.564375162124634,0.06288708001375198,3.6031642706894997,0.1588466316461563,9.101241583193977,0.14231039583683014
ppo_gru,10,10017,1,409,153,104,1,1,0,1,0,-37.0345014534814,24.37717737420729,72.71814175329601,0.9575283527374268,1.7659101486206055,0.267964631319046,15.353242433360455,1.073564887046814,61.510737061221384,0.8047471046447754
ppo_gru,10,10017,1,410,154,65,1,1,0,1,0,-3.3193216724644565,0.9359954634802073,-16.315095285491036,0.45805221796035767,3.2576253414154053,0.018015192821621895,1.0321945157933115,0.1814754456281662,10.39777711974977,0.10875291377305984
ppo_gru,10,10017,1,411,155,4,1,1,0,1,0,2.5730005622355034,35.09088916288423,77.3722326537427,17.442913055419922,20.1024227142334,0.20635366439819336,11.823194057075472,0.9332982301712036,53.47404961583924,0.6730027794837952
ppo_gru,10,10017,1,412,156,114,1,1,0,1,0,0.8505088158283278,2.0581818837349624,-27.433823631571396,0.4142107665538788,2.059562921524048,0.02786528691649437,1.596563335236239,0.09427119791507721,5.40134177017641,0.07500088214874268
ppo_gru,10,10017,1,413,157,197,1,1,0,1,0,-12.756238878834234,18.37742992424137,64.52377256073495,0.8206250667572021,0.8538998961448669,0.13192406296730042,7.558692024244434,0.706232488155365,40.464140926325314,0.4850403070449829
ppo_gru,10,10017,1,414,158,125,1,1,0,1,0,6.637263646716571,44.95803998507311,-69.34818105832508,9.952962875366211,9.442416191101074,0.3598390519618988,20.617258981405527,0.9228088855743408,52.873054440580646,0.8212435245513916
ppo_gru,10,10017,1,415,159,107,1,1,0,1,0,26.139393500827257,40.88332671116192,-67.63303859546484,6.752019882202148,7.388041019439697,0.30629876255989075,17.549626364761455,0.9879822134971619,56.60721106738041,0.8002898693084717
ppo_gru,10,10017,1,416,160,55,1,1,0,1,0,-6.460552992510001,-0.09345064822411446,-8.756316176334687,1.5460164546966553,2.9044532775878906,0.054253581911325455,3.108501266986255,0.1813335418701172,10.389646633316516,0.14492034912109375
ppo_gru,10,10017,1,417,161,71,1,1,0,1,0,-6.390065440275469,5.899603216355194,-35.88030876677596,0.4126777946949005,2.2284762859344482,0.03895120322704315,2.231739551865925,0.2314615100622177,13.261767646289911,0.1546819508075714
ppo_gru,10,10017,1,418,162,140,1,1,0,1,0,-1.283979941314017,-0.2726201705318889,19.314395274583717,0.2535126507282257,1.6691471338272095,0.05511067435145378,3.157609046458177,0.09438535571098328,5.407882530080343,0.10230335593223572
ppo_gru,10,10017,1,419,163,110,1,1,0,1,0,7.455520309284099,-3.248178422069604,13.71275223058116,1.0047796964645386,2.4768218994140625,0.010199018754065037,0.5843607297827019,0.09909060597419739,5.677473511715331,0.059744320809841156
ppo_gru,10,10017,1,420,164,68,1,1,0,1,0,1.2344200886964045,-0.3712481021468731,-26.394596688975614,0.10655450075864792,2.5924482345581055,0.011061221361160278,0.6337613002544357,0.24699825048446655,14.151957299875075,0.13456034660339355
ppo_gru,10,10017,1,421,165,85,1,1,0,1,0,-71.38248460072168,33.82723586454017,-105.3162850766924,2.546508550643921,2.930800437927246,0.4080904722213745,23.38186171778552,0.7719699144363403,44.23061800827758,0.7940754294395447
ppo_gru,10,10017,1,422,166,95,1,1,0,1,0,-22.287084846670027,10.178894316286602,51.59936076415667,1.515328288078308,2.564594268798828,0.10289441049098969,5.89541545662033,0.561058521270752,32.146285328665016,0.38342368602752686
ppo_gru,10,10017,1,423,167,98,1,1,0,1,0,1.361598211042042,3.5435431225376353,-19.3801563359126,0.47185900807380676,1.7281780242919922,0.022559622302651405,1.2925711453511295,0.26509520411491394,15.188836364943663,0.15510722994804382
ppo_gru,10,10017,1,424,168,158,1,1,0,1,0,5.288465210179133,1.967996065934114,-7.800581466153143,0.4133085012435913,0.32079896330833435,0.02665395848453045,1.5271593284805065,0.08431362360715866,4.830814788144775,0.06881076842546463
ppo_gru,10,10017,1,425,169,130,1,1,0,1,0,-2.9727305532213295,12.983151423440397,16.859679928394495,0.7216079831123352,0.9784286022186279,0.03833933174610138,2.196681898403542,0.21074914932250977,12.075036792152183,0.14371390640735626
ppo_gru,10,10017,1,426,170,187,1,1,0,1,0,-2.207967932233342,-1.5290471287340746,-31.21321318614957,1.2559285163879395,1.0298011302947998,0.017321603372693062,0.9924547676548848,0.15547305345535278,8.907949791003555,0.0950581282377243
ppo_gru,10,10017,1,427,171,225,1,1,0,1,0,1.4785310496326602,-1.7364116719356617,33.85136009268866,0.5152060389518738,0.4123598635196686,0.03791465982794762,2.1723499898156065,0.2040030062198639,11.688511264379283,0.13991616666316986
ppo_gru,10,10017,1,428,172,170,1,1,0,1,0,-18.89887388623682,5.27623917156481,63.274776848349745,0.8656910061836243,2.005347490310669,0.1458505243062973,8.356619482521065,0.6454448699951172,36.98126695909032,0.4685729742050171
ppo_gru,10,10017,1,429,173,261,1,1,0,1,0,-4.332484613187468,8.408277056987517,17.458100122335992,0.44369757175445557,1.0622025728225708,0.02783915214240551,1.5950659229824196,0.2874908149242401,16.47201034393562,0.17158456146717072
ppo_gru,10,10017,1,430,174,131,1,1,0,1,0,18.58169356155977,15.058313157452012,74.03983799920684,2.7296886444091797,3.0448246002197266,0.09283647686243057,5.319138309081191,0.24547162652015686,14.064488189816599,0.2155722975730896
ppo_gru,10,10017,1,431,175,1,1,1,0,1,0,6.423574348343552,33.69295434545772,-69.90852977783292,21.280418395996094,21.991989135742188,0.17696426808834076,10.139305686083562,1.0050066709518433,57.58264062803369,0.6794676184654236
ppo_gru,10,10017,1,432,176,166,1,1,0,1,0,-12.506090030671688,10.486129885532115,55.36115575143289,0.4083227813243866,1.3968563079833984,0.11887506395578384,6.811039454014151,0.5071170926094055,29.055669125463847,0.372433602809906
ppo_gru,10,10017,1,433,177,108,1,1,0,1,0,-8.481414722620013,-5.3277251375283665,-4.932175222314588,2.408841371536255,1.5360182523727417,0.021772559732198715,1.2474757818514723,0.11540009081363678,6.61193815904781,0.0794726014137268
ppo_gru,10,10017,1,434,178,124,1,1,0,1,0,14.625115239533123,-0.3857827447006602,-45.575789614365746,1.4245178699493408,1.6364176273345947,0.092723049223423,5.312639384085924,0.14921696484088898,8.549502317134932,0.1673315316438675
ppo_gru,10,10017,1,435,179,113,1,1,0,1,0,32.79022190323548,10.882595046094677,-75.97220779843016,1.4604532718658447,1.688210129737854,0.15944725275039673,9.13565463755344,0.5758873224258423,32.99591305009041,0.44739091396331787
ppo_gru,10,10017,1,436,180,79,1,1,0,1,0,30.813237308353624,13.044281616512011,-61.55766729100854,2.96052885055542,4.583728313446045,0.13452231884002686,7.707561119846739,0.4749058783054352,27.21010249285492,0.37197524309158325
ppo_gru,10,10017,1,437,181,1,1,1,0,1,0,-7.021612051691529,25.55181964728774,60.135703868081926,20.255531311035156,22.401933670043945,0.09523673355579376,5.456662887358928,0.9915623068809509,56.81233530853424,0.5910179018974304
ppo_gru,10,10017,1,438,182,255,1,1,0,1,0,-35.07527535044158,25.10016655823148,69.25545441015299,4.60221529006958,4.347055912017822,0.2653493285179138,15.203396620706837,1.1869678497314453,68.00824820733033,0.8588332533836365
ppo_gru,10,10017,1,439,183,170,1,1,0,1,0,-18.055318202983567,3.810166386978253,62.65393997355227,0.6510945558547974,0.7990092039108276,0.12504586577415466,7.164600354418453,0.5618143081665039,32.189588728002896,0.4059530198574066
ppo_gru,10,10017,1,440,184,252,1,1,0,1,0,11.282106471027062,3.1916244557418985,-38.68839077986497,0.5990192294120789,0.5061068534851074,0.05404356122016907,3.0964679677725733,0.06737247109413147,3.860158249060869,0.0877297967672348
ppo_gru,10,10017,1,441,185,124,1,1,0,1,0,-6.66884644143871,8.606871637294807,26.212367241919676,0.5943837761878967,0.5530956983566284,0.04597974568605423,2.634445370895761,0.23727987706661224,13.595135519299895,0.16461968421936035
ppo_gru,10,10017,1,442,186,11,1,1,0,1,0,7.676353985528951,7.909167813578005,-71.6538889975813,18.4952335357666,17.811363220214844,0.14034873247146606,8.041390030625697,0.4753994345664978,27.238381183566066,0.37804844975471497
ppo_gru,10,10017,1,443,187,65,1,1,0,1,0,0.9981501849273234,-1.828701188000874,-19.923784752332256,0.7793202996253967,3.1445980072021484,0.010837179608643055,0.6209246534004843,0.21676775813102722,12.419877675420494,0.11922106146812439
ppo_gru,10,10017,1,444,188,41,1,1,0,1,0,4.7772938526953785,-2.6641699272768338,-2.10524188711635,0.6744266152381897,4.012840270996094,0.021596698090434074,1.2373996520001167,0.07873060554265976,4.51093141610369,0.060961998999118805
ppo_gru,10,10017,1,445,189,40,1,1,0,1,0,5.139826633461316,0.5305281135915704,55.138436942977116,0.31437861919403076,4.073318004608154,0.04078080132603645,2.3365678011433997,0.2028617113828659,11.623119887039227,0.1422116607427597
ppo_gru,10,10017,1,446,190,228,1,1,0,1,0,44.70614260848304,34.224684572343214,-75.1889217044131,1.7097686529159546,1.407854437828064,0.31437408924102783,18.012308501779998,0.9938313364982605,56.94234112919626,0.8112897872924805
ppo_gru,10,10017,1,447,191,111,1,1,0,1,0,-76.73697041941816,29.98700298483552,-110.34319502279506,7.889713764190674,6.2812652587890625,0.43560704588890076,24.958445255595592,0.9016828536987305,51.662621976249326,0.8864485025405884
ppo_gru,10,10017,1,448,192,106,1,1,0,1,0,-3.408879112861664,2.701913552630324,-23.087145885288642,1.2044028043746948,2.6798558235168457,0.035497792065143585,2.03387366736571,0.16385650634765625,9.388286259479287,0.11742604523897171
ppo_gru,10,10017,1,449,193,137,1,1,0,1,0,20.734227678489287,1.350902134801802,-47.041930700844,1.0182712078094482,1.2839936017990112,0.07654064893722534,4.385456145295502,0.29622113704681396,16.972220955348796,0.22465121746063232
ppo_gru,10,10017,1,450,194,171,1,1,0,1,0,32.280990319476004,0.8467931929198408,-70.58422673204394,6.295670509338379,5.868710041046143,0.17868433892726898,10.237858485617677,0.6093504428863525,34.91320862181552,0.48335957527160645
ppo_gru,10,10017,1,451,195,115,1,1,0,1,0,43.8906453423402,36.394594690521245,-59.45385974361789,10.031384468078613,9.858580589294434,0.2879129946231842,16.496199458881218,0.8516376614570618,48.79524367588086,0.7137318253517151
ppo_gru,10,10017,1,452,196,128,1,1,0,1,0,-28.71691564829331,2.0310796931083517,65.25165216020487,1.4182597398757935,0.7521160244941711,0.15220731496810913,8.720836758691055,0.7389466762542725,42.33852583458982,0.5216806530952454
ppo_gru,10,10017,1,453,197,118,1,1,0,1,0,1.199271935227519,0.8119319073960958,3.6684126409438083,0.39763399958610535,1.120697021484375,0.03104114718735218,1.7785267250796661,0.5104618668556213,29.247310573196067,0.2862720787525177
ppo_gru,10,10017,1,454,198,91,1,1,0,1,0,-6.3462975880740276,-6.957900047113649,-12.538765655661027,3.935704469680786,2.3870224952697754,0.01778186671435833,1.0188259145968925,0.09904877841472626,5.675076969090303,0.06730625778436661
ppo_gru,10,10017,1,455,199,132,1,1,0,1,0,-16.359573477366162,4.509318210799099,28.84459920463753,2.1916556358337402,0.9590436220169067,0.04735005274415016,2.712958181961646,0.34687209129333496,19.87430686198468,0.22078609466552734
ppo_gru,10,10017,1,456,200,120,1,1,0,1,0,4.9292109202148024,2.397710587376296,6.50818673178167,0.36229193210601807,0.278356671333313,0.009808395057916641,0.5619796406155982,0.08702200651168823,4.985993697879703,0.05331939831376076
ppo_gru,10,10017,1,457,201,129,1,1,0,1,0,-10.94902546596222,16.263581998770803,41.16701178814923,1.240254521369934,0.850787878036499,0.07022741436958313,4.023734449493504,0.8992860913276672,51.52529760789164,0.5198704600334167
ppo_gru,10,10017,1,458,202,112,1,1,0,1,0,4.731545245634633,1.9897433882514346,-32.07108494590317,0.23993292450904846,2.435882806777954,0.01768452487885952,1.013248638252754,0.27886125445365906,15.977572949918395,0.1571151465177536
ppo_gru,10,10017,1,459,203,154,1,1,0,1,0,48.34343690756827,39.2535479525485,-53.57142762283611,1.1432892084121704,2.397592782974243,0.2831510603427887,16.22336072229589,0.7938362956047058,45.48346936244926,0.6800692081451416
ppo_gru,10,10017,1,460,204,59,1,1,0,1,0,0.9832467121583556,-1.1904883119548824,-12.865740471607879,0.3590274155139923,2.405068874359131,0.013742159120738506,0.7873677190155267,0.30852580070495605,17.677226251288342,0.1680050641298294
ppo_gru,10,10017,1,461,205,74,1,1,0,1,0,14.106662900394134,-2.644990756087438,-20.968749053830845,0.9835530519485474,1.4303507804870605,0.02017315663397312,1.1558367345829978,0.04054171219468117,2.322869002989293,0.040444012731313705
ppo_gru,10,10017,1,462,206,123,1,1,0,1,0,-0.30349262558034656,1.0291182626241613,-27.02248231899655,0.5169652104377747,0.9668304324150085,0.028263909742236137,1.6194027407688212,0.14138400554656982,8.100706808472673,0.0989559143781662
ppo_gru,10,10017,1,463,207,355,1,1,0,1,0,-1.9949753131556642,3.5919964845097057,8.322899692362357,0.5619903802871704,0.7797856330871582,0.03448806330561638,1.9760204709918212,0.19313327968120575,11.065721809252826,0.13105469942092896
ppo_gru,10,10017,1,464,208,84,1,1,0,1,0,-10.671938351713143,60.858091995459155,-87.40523412935784,5.321823596954346,6.037106990814209,0.6819115877151489,39.07065597714307,0.611476719379425,35.03503529094645,0.9876499176025391
ppo_gru,10,10017,1,465,209,72,1,1,0,1,0,-0.31562304154628923,1.9944015772653834,-15.63519093475129,0.2550584077835083,2.7590415477752686,0.038605690002441406,2.2119431023302893,0.17092928290367126,9.79352650557802,0.12407033145427704
ppo_gru,10,10017,1,466,210,126,1,1,0,1,0,0.12757427331749815,-0.25065428216112795,20.533788947106093,0.8304508924484253,1.7946255207061768,0.015347359701991081,0.8793389375932458,0.10105440765619278,5.789991059894359,0.06587456166744232
ppo_gru,10,10017,1,467,211,148,1,1,0,1,0,17.400303061579343,19.649620959047944,-59.27102923991499,0.4351169764995575,1.3570637702941895,0.1286301612854004,7.369965359740519,0.4478890001773834,25.66214940049825,0.3525746464729309
ppo_gru,10,10017,1,468,212,62,1,1,0,1,0,15.231472113290176,52.70104295652305,-72.6483098992218,3.465095281600952,5.285872936248779,0.42779672145843506,24.510946629101987,0.7780873775482178,44.58112282591512,0.816840410232544
ppo_gru,10,10017,1,469,213,95,1,1,0,1,0,1.7068779339645266,3.952657793443059,4.420457449697232,0.5111024379730225,1.1605241298675537,0.0100179985165596,0.5739890341671847,0.1020381897687912,5.846357622906713,0.0610370934009552
ppo_gru,10,10017,1,470,214,71,1,1,0,1,0,-2.9319679842546935,-0.5081797346272887,-10.356602178111995,0.6966082453727722,3.469553232192993,0.006119337864220142,0.35061223303441336,0.19947583973407745,11.429123731590648,0.10585726052522659
ppo_gru,10,10017,1,471,215,64,1,1,0,1,0,-5.546291190968774,-3.4076223580543816,26.22769418641718,4.656177997589111,5.753528118133545,0.020989328622817993,1.2025999449006075,0.1566387414932251,8.974738795802525,0.09930869936943054
ppo_gru,10,10017,1,472,216,150,1,1,0,1,0,10.985061544023207,7.577835336940686,-43.54700486481852,0.3657297194004059,0.8566197156906128,0.08280456811189651,4.7443522772152305,0.199210986495018,11.413948758802173,0.18241006135940552
ppo_gru,10,10017,1,473,217,102,1,1,0,1,0,-4.733771887304057,-0.08678438359418202,-13.27943136925721,0.45846712589263916,1.2732155323028564,0.0030132336542010307,0.1726455710725016,0.169337660074234,9.702333234874596,0.08768206089735031
ppo_gru,10,10017,1,474,218,133,1,1,0,1,0,-5.867255440446013,25.497014209387558,-63.468153164131145,0.6583505868911743,1.6512548923492432,0.13592559099197388,7.787962691661544,0.4734950363636017,27.12926720402782,0.3726730942726135
ppo_gru,10,10017,1,475,219,105,1,1,0,1,0,29.404469810903475,9.063114613473319,-76.50343259131708,0.6759148836135864,1.4777604341506958,0.13082513213157654,7.495727925380671,0.46945425868034363,26.89774769682648,0.36555224657058716
ppo_gru,10,10017,1,476,220,110,1,1,0,1,0,-2.990762252630163,4.2787446847978075,-25.366188766025136,0.14301177859306335,1.6538482904434204,0.0344264879822731,1.972492464842098,0.17952793836593628,10.286193173052919,0.12419045716524124
ppo_gru,10,10017,1,477,221,119,1,1,0,1,0,-5.313354419514659,7.622887264706091,45.22329721167973,0.5555540919303894,1.5652153491973877,0.07406820356845856,4.243795460588498,0.2875101864337921,16.473120249675745,0.21782329678535461
ppo_gru,10,10017,1,478,222,154,1,1,0,1,0,-21.210920241042817,-3.1113014311025484,90.36062966246567,4.177915573120117,3.0208353996276855,0.2203054577112198,12.622572930550731,0.9204719662666321,52.7391588271863,0.680541455745697
ppo_gru,10,10017,1,479,223,121,1,1,0,1,0,-3.8941503930127297,0.2585499808416627,-19.907173732270785,0.80818772315979,0.9371292591094971,0.01566220074892044,0.8973780007997784,0.15625394880771637,8.95269179893537,0.09378917515277863
ppo_gru,10,10017,1,480,224,61,1,1,0,1,0,-1.3480197949720565,28.166976137080564,-72.88845935043945,2.436018466949463,3.737647294998169,0.1863562911748886,10.677428970032187,0.7144647836685181,40.93581671493347,0.5435886979103088
ppo_gru,10,10017,1,481,225,100,1,1,0,1,0,4.47274937798285,5.5822316463813815,-53.84321451028926,2.4297807216644287,3.449249267578125,0.06639394164085388,3.804092641258819,0.4991842806339264,28.601152479598056,0.31598609685897827
ppo_gru,10,10017,1,482,226,1,1,1,0,1,0,-16.58409545576282,-1.7201285009543512,4.113249201208399,11.181694984436035,12.143804550170898,0.01672879047691822,0.9584890906860576,0.17041048407554626,9.763801522310125,0.1019340306520462
ppo_gru,10,10017,1,483,227,114,1,1,0,1,0,-8.353116449250495,3.7337092494091304,20.261332701114284,0.19685746729373932,1.5572221279144287,0.04870664328336716,2.7906850943861565,0.1744818240404129,9.997072119259924,0.1359475553035736
ppo_gru,10,10017,1,484,228,108,1,1,0,1,0,2.607028564680507,0.11814861226288056,3.9785578707757474,0.9015335440635681,2.542320489883423,0.013716021552681923,0.7858701466791486,0.41571924090385437,23.818957966173194,0.22157564759254456
ppo_gru,10,10017,1,485,229,129,1,1,0,1,0,0.5955788352467719,1.9216327418480674,0.19388174977998196,0.8213526606559753,0.2967866361141205,0.01786504127085209,1.0235914656468572,0.11670904606580734,6.686935770568666,0.07621956616640091
ppo_gru,10,10017,1,486,230,137,1,1,0,1,0,13.989880325965258,2.398530210076698,-48.2946420361377,0.38111627101898193,0.8192190527915955,0.09349783509969711,5.357031344822775,0.22651666402816772,12.978448838196844,0.20675617456436157
ppo_gru,10,10017,1,487,231,193,1,1,0,1,0,-27.8100304510557,3.956865189971787,88.13133787964355,3.9576351642608643,2.3217432498931885,0.2581019699573517,14.78815356256862,1.1253206729888916,64.47612516108495,0.8207622766494751
ppo_gru,10,10017,1,488,232,30,1,1,0,1,0,-13.89431231909844,5.259628151503339,17.636791531401865,8.387282371520996,9.712026596069336,0.0623534694314003,3.57259063641723,0.19722142815589905,11.299955462875598,0.16096419095993042
ppo_gru,10,10017,1,489,233,80,1,1,0,1,0,-1.6298060793701026,-1.753241258050573,-12.081088339756814,0.4281322956085205,2.2237160205841064,0.016600649803876877,0.9511471709368229,0.1798788160085678,10.306296981101204,0.10654005408287048
ppo_gru,10,10017,1,490,234,48,1,1,0,1,0,2.6549764926539963,0.26861767967826145,-23.265605067922735,0.7922343611717224,5.614046096801758,0.038137901574373245,2.1851407996969248,0.16448554396629333,9.424327460182152,0.12038066983222961
ppo_gru,10,10017,1,491,235,213,1,1,0,1,0,9.833764857525859,65.08969471460553,85.4086332311797,12.904345512390137,11.787936210632324,0.8977344036102295,51.43639245056016,0.5984514355659485,34.28874150147418,1.1969600915908813
ppo_gru,10,10017,1,492,236,144,1,1,0,1,0,-17.96636181923332,11.751340467006939,56.28263023273765,0.13858561217784882,0.32145312428474426,0.12623417377471924,7.232685387612432,0.5775761008262634,33.092672924967395,0.41502222418785095
ppo_gru,10,10017,1,493,237,92,1,1,0,1,0,4.965178696384089,-2.607998451542649,36.54250926718704,0.7339197993278503,1.9760196208953857,0.04136551916599274,2.370069665578901,0.08633342385292053,4.946540817686417,0.084532231092453
ppo_gru,10,10017,1,494,238,89,1,1,0,1,0,3.8024346128377986,3.9589279071011307,1.6955534803206453,0.45423710346221924,2.34729266166687,0.06802760809659958,3.897694834305143,0.08947796374559402,5.126709682047129,0.11276659369468689
ppo_gru,10,10017,1,495,239,274,1,1,0,1,0,-13.2628749907091,10.037837249547499,80.91598068195543,2.991445541381836,2.2837657928466797,0.13401183485984802,7.678312542273452,0.9013350009918213,51.64269148425123,0.584679365158081
ppo_gru,10,10017,1,496,240,324,1,1,0,1,0,27.20654225675005,8.112666469709366,-34.88484967638163,1.557004690170288,0.9555240273475647,0.10453992336988449,5.989696399715424,0.2843404710292816,16.291508934739692,0.2467101514339447
ppo_gru,10,10017,1,497,241,11,1,1,0,1,0,8.995359136906792,16.362114307737407,-77.34928321813146,12.624420166015625,15.22702407836914,0.1611117571592331,9.231023715160681,0.6356770396232605,36.421611503783225,0.47895026206970215
ppo_gru,10,10017,1,498,242,99,1,1,0,1,0,17.085513303111796,20.871077348699664,-53.607108531060256,1.0365321636199951,1.8513554334640503,0.1305091679096222,7.477624508985552,0.5940967798233032,34.03923810618819,0.4275575578212738
ppo_gru,10,10017,1,499,243,1,1,1,0,1,0,-3.9214711496927808,30.176977866410255,68.82009815245638,10.62572956085205,13.125082015991211,0.1509639322757721,8.64959617810053,1.147961974143982,65.7733761599563,0.7249449491500854
ppo_gru,10,10017,1,500,244,162,1,1,0,1,0,6.003408431361048,10.903795953278395,72.95479414765862,5.8877973556518555,3.994783878326416,0.06073907017707825,3.4800923726955095,0.12495497614145279,7.159392762063141,0.12321655452251434
ppo_gru,10,10017,1,501,245,82,1,1,0,1,0,6.230157051427131,-0.04667751278786714,-30.331463085057603,1.0630313158035278,3.147341012954712,0.03685038536787033,2.1113715550096135,0.3149065673351288,18.04281724925515,0.19430366158485413
ppo_gru,10,10017,1,502,246,74,1,1,0,1,0,4.386224541577128,-0.7853761319030862,12.058043281497191,0.4927017092704773,2.7742576599121094,0.009896713308990002,0.5670399036560785,0.056620728224515915,3.244128760222021,0.038207076489925385
ppo_gru,10,10017,1,503,247,14,1,1,0,1,0,3.012045122083923,-5.188717127540267,46.453660168009144,16.503278732299805,19.555389404296875,0.033137377351522446,1.898631866374638,0.09578024595975876,5.487803854219131,0.08102750033140182
ppo_gru,10,10017,1,504,248,157,1,1,0,1,0,47.284088227677636,29.464807702031365,-68.7476161849842,1.5495620965957642,2.3969945907592773,0.2826498746871948,16.19464489947786,0.8699429035186768,49.84405678897675,0.7176213264465332
ppo_gru,10,10017,1,505,249,125,1,1,0,1,0,18.42617015415858,12.194387517708986,-52.17774118307335,1.7073460817337036,1.8583849668502808,0.10562101006507874,6.0516381046378,0.4449537694454193,25.49397306765961,0.3280978798866272
ppo_gru,10,10017,1,506,250,136,1,1,0,1,0,-3.439587643370041,3.5641019919393737,3.983721493788277,0.6544009447097778,1.7934067249298096,0.03468804061412811,1.987478326767929,0.15013308823108673,8.60199232090648,0.10975458472967148
ppo_gru,10,10017,1,507,251,145,1,1,0,1,0,5.3949205385829515,4.309972309683106,-17.62283062473836,0.39316534996032715,1.370959997177124,0.0351162888109684,2.012015141030965,0.14013966917991638,8.029411586368788,0.10518611967563629
ppo_gru,10,10017,1,508,252,93,1,1,0,1,0,-2.8321379393457873,-0.19448280642694307,3.977724587697006,0.5306196808815002,2.9033660888671875,0.01810537464916706,1.0373615539004262,0.21827568113803864,12.506275299552923,0.12724322080612183
ppo_gru,10,10017,1,509,253,68,1,1,0,1,0,-23.63891588719895,11.858069002977558,69.54530031777165,3.817176103591919,5.408492565155029,0.18974711000919342,10.871708578331322,0.6694253087043762,38.35524488800301,0.5244597792625427
ppo_gru,10,10017,1,510,254,141,1,1,0,1,0,-7.0448346948695715,7.111169492088735,36.84795532687001,1.1580500602722168,2.4532277584075928,0.047322917729616165,2.711403460151822,0.27871206402778625,15.969024968172125,0.186678946018219
ppo_gru,10,10017,1,511,255,86,1,1,0,1,0,-1.0733915488241839,1.0608103403730205,-12.227582237075246,0.5514295697212219,1.7736629247665405,0.015760909765958786,0.9030336108759606,0.3341957628726959,19.14800674376033,0.18285879492759705
ppo_gru,10,20024,2,512,0,123,1,1,0,1,0,3.99612511732102,1.3549182860337694,-44.53180886010763,0.8007750511169434,1.9188497066497803,0.0484975166618824,2.7787030215912503,0.04718373715877533,2.7034290008524207,0.07208938896656036
ppo_gru,10,20024,2,513,1,185,1,1,0,1,0,5.416258049550072,3.084827617879579,-5.7025659191786655,0.5290200710296631,1.0083445310592651,0.020534249022603035,1.1765258044657896,0.16496360301971436,9.451718226301194,0.10301604866981506
ppo_gru,10,20024,2,514,2,169,1,1,0,1,0,-26.36563668689476,-9.438406187608841,72.16740994013955,2.876901865005493,2.6440043449401855,0.17661084234714508,10.119055882741767,0.6811257004737854,39.02562795503976,0.517173707485199
ppo_gru,10,20024,2,515,3,556,1,1,0,1,0,-18.43726238137068,18.167893380883715,76.95116515178975,1.9617429971694946,1.131012201309204,0.20036061108112335,11.479817395610482,0.8856797814369202,50.74571347640472,0.6432005167007446
ppo_gru,10,20024,2,516,4,147,1,1,0,1,0,-6.044075377679303,12.610755849512962,45.939210319723784,0.5846880674362183,1.12957763671875,0.05471386760473251,3.1348736945887317,0.39389315247535706,22.568415215940973,0.25166043639183044
ppo_gru,10,20024,2,517,5,246,1,1,0,1,0,-40.19731617130418,38.32865837665874,66.53944334707576,1.8221584558486938,1.3110774755477905,0.353630393743515,20.261529069052923,1.3863507509231567,79.4320469526893,1.046805739402771
ppo_gru,10,20024,2,518,6,80,1,1,0,1,0,3.9260883575717096,5.057768740772782,-15.78042807726244,0.6709561944007874,1.8978157043457031,0.03865831717848778,2.2149584174054384,0.15574681758880615,8.923635320432489,0.11653172969818115
ppo_gru,10,20024,2,519,7,122,1,1,0,1,0,1.9071937219426605,-1.5915570200180311,0.6355764230263665,0.3609440326690674,1.3732349872589111,0.015940381214022636,0.9133165673931205,0.13301898539066315,7.621426457997354,0.08244987577199936
ppo_gru,10,20024,2,520,8,197,1,1,0,1,0,2.718005478314874,2.7392063854985937,-2.69444132567833,0.7880030274391174,0.8733958601951599,0.01849856972694397,1.0598899723823612,0.10158298909664154,5.820276545561019,0.06929006427526474
ppo_gru,10,20024,2,521,9,271,1,1,0,1,0,37.12632651668305,33.611278943362706,-73.16674857798245,9.654507637023926,8.26727294921875,0.3264388144016266,18.7035663344676,1.2108254432678223,69.37518762630332,0.9318515062332153
ppo_gru,10,20024,2,522,10,126,1,1,0,1,0,0.762249111373423,2.7385233665815925,-31.153326087506898,0.13323268294334412,1.9231592416763306,0.025479324162006378,1.4598577393286685,0.3237929344177246,18.551968578291874,0.18737578392028809
ppo_gru,10,20024,2,523,11,101,1,1,0,1,0,-5.182433353503855,2.895863604302006,-9.003569024289149,1.2248116731643677,2.4392004013061523,0.023618903011083603,1.3532634592639223,0.1770746260881424,10.145628733707701,0.1121562123298645
ppo_gru,10,20024,2,524,12,75,1,1,0,1,0,5.217690789999461,0.055693362492283974,-10.447908146936724,0.15651418268680573,2.5073695182800293,0.02805275470018387,1.6073044480363188,0.07712399959564209,4.4188796759989595,0.06661475449800491
ppo_gru,10,20024,2,525,13,89,1,1,0,1,0,0.3508121761501949,1.34455005887369,21.5881106077676,0.468685507774353,2.026251792907715,0.024866614490747452,1.424752061098684,0.15015682578086853,8.603352382324958,0.09994502365589142
ppo_gru,10,20024,2,526,14,178,1,1,0,1,0,-2.302661674886399,1.3498229649129398,10.747384621285104,1.6820613145828247,1.3162018060684204,0.04088982194662094,2.342814222582788,0.13080671429634094,7.494672661153904,0.10629317909479141
ppo_gru,10,20024,2,527,15,197,1,1,0,1,0,24.610155126796425,2.7278136299630122,-68.7091485595787,2.190098285675049,2.152897596359253,0.14548121392726898,8.335459556472365,0.5122246742248535,29.34831199554763,0.40159356594085693
ppo_gru,10,20024,2,528,16,168,1,1,0,1,0,-16.082541004630443,22.778694542370864,65.32224899546613,1.2175910472869873,0.9726973176002502,0.14971604943275452,8.578097757868836,0.8636685609817505,49.48456344239147,0.5815503597259521
ppo_gru,10,20024,2,529,17,123,1,1,0,1,0,-7.254603464659003,7.588176243344086,26.445713824723992,1.0494381189346313,0.3190779387950897,0.03516146168112755,2.014603355839577,0.29243990778923035,16.755572477517866,0.18138141930103302
ppo_gru,10,20024,2,530,18,123,1,1,0,1,0,-17.081333227339748,7.768056105325542,-16.14466840532088,6.727049827575684,6.73443603515625,0.04683211073279381,2.6832822906784104,0.19970647990703583,11.44233844008733,0.14668534696102142
ppo_gru,10,20024,2,531,19,49,1,1,0,1,0,9.400088826365069,7.2321458026680014,-54.446238251731344,1.5346953868865967,4.001292705535889,0.09543424844741821,5.467979657039993,0.2506771981716156,14.36274547539813,0.220772847533226
ppo_gru,10,20024,2,532,20,136,1,1,0,1,0,-7.020901712017847,6.328894266068835,41.91065546422354,0.7887490391731262,1.5766645669937134,0.03892497345805168,2.2302366968051106,0.5741172432899475,32.894494986199476,0.32598358392715454
ppo_gru,10,20024,2,533,21,75,1,1,0,1,0,0.5385057745421453,1.671866384279041,-4.884473181151218,0.40222612023353577,1.8794512748718262,0.016381891444325447,0.9386132402013205,0.08824605494737625,5.056126507164217,0.06050492078065872
ppo_gru,10,20024,2,534,22,192,1,1,0,1,0,23.408205757414258,33.81597971278799,-71.5405078573591,0.9383681416511536,0.9632474184036255,0.23287451267242432,13.342726732295718,0.7709360718727112,44.171383192700645,0.6183425188064575
ppo_gru,10,20024,2,535,23,90,1,1,0,1,0,-0.7495859406522194,-3.473356098626584,50.02792548143349,1.9431368112564087,2.4982810020446777,0.01262157503515482,0.7231629803220548,0.161551371216774,9.256211745272397,0.09339725971221924
ppo_gru,10,20024,2,536,24,109,1,1,0,1,0,3.044228973453023,-1.0321918477506669,26.372152687362952,0.7185554504394531,1.0147130489349365,0.01846589706838131,1.0580179669412488,0.03160039335489273,1.8105691701886057,0.034266091883182526
ppo_gru,10,20024,2,537,25,17,1,1,0,1,0,-1.22130612548998,5.413184464423566,49.739773460729,16.300386428833008,20.327064514160156,0.09628814458847046,5.516904302064794,0.28428220748901367,16.288170679782848,0.2384292483329773
ppo_gru,10,20024,2,538,26,128,1,1,0,1,0,-11.031588792649334,5.748410148887792,14.331540048627636,6.595415115356445,7.736970901489258,0.05516539141535759,3.160744103287213,0.17203885316848755,9.857100198825206,0.14118482172489166
ppo_gru,10,20024,2,539,27,162,1,1,0,1,0,-6.386404458880342,10.213591677270268,42.484787505476476,0.13295283913612366,1.407740592956543,0.06501781195402145,3.7252462181406614,0.347446471452713,19.907216420953095,0.23874104022979736
ppo_gru,10,20024,2,540,28,124,1,1,0,1,0,-1.6230851732268101,2.7477168012044295,-4.35483299215175,0.3006304204463959,0.5615781545639038,0.027763528749346733,1.5907330217276927,0.13101860880851746,7.506813322403602,0.09327283501625061
ppo_gru,10,20024,2,541,29,70,1,1,0,1,0,4.832085630217221,3.5838685593973905,-11.131746686638401,0.45002713799476624,2.1762425899505615,0.02944532409310341,1.6870927969297036,0.09261960536241531,5.306712487433645,0.07575512677431107
ppo_gru,10,20024,2,542,30,164,1,1,0,1,0,23.83234684449371,-0.8619835336339492,-69.46134363249385,0.747421383857727,0.9934051632881165,0.11328943073749542,6.491006244698149,0.34221747517585754,19.607617003199657,0.2843981683254242
ppo_gru,10,20024,2,543,31,306,1,1,0,1,0,1.7389388419285663,15.26159324752993,53.15828314032038,0.8452596664428711,0.561427116394043,0.05995466187596321,3.435149087626591,0.24816623330116272,14.218877785815566,0.18403777480125427
ppo_gru,10,20024,2,544,32,68,1,1,0,1,0,1.910745420311067,-1.112077740283136,-22.38609526887853,0.9289526343345642,2.630959987640381,0.013250313699245453,0.7591870521911417,0.16788004338741302,9.618817950571911,0.09719033539295197
ppo_gru,10,20024,2,545,33,111,1,1,0,1,0,-5.809007587204144,6.839000114042068,36.22761022569277,0.5565133690834045,2.1167118549346924,0.05667535588145256,3.2472586944091795,0.25913912057876587,14.847577915895023,0.1862449198961258
ppo_gru,10,20024,2,546,34,1,1,1,0,1,0,-17.111276776661086,3.635053997037466,30.22861409653555,24.394821166992188,23.989166259765625,0.05528026446700096,3.1673258443261663,0.4266238808631897,24.443747812952818,0.2685922086238861
ppo_gru,10,20024,2,547,35,142,1,1,0,1,0,8.440242342303177,9.97407060345626,-48.34463902086219,0.6304513216018677,1.2998853921890259,0.041859693825244904,2.3983837878963654,0.16684775054454803,9.559671927454186,0.12528356909751892
ppo_gru,10,20024,2,548,36,47,1,1,0,1,0,-17.967727857067324,5.481267790070253,4.396661070628908,9.464495658874512,10.757493019104004,0.03707865998148918,2.124450726939953,0.18983405828475952,10.8766903475572,0.13199569284915924
ppo_gru,10,20024,2,549,37,154,1,1,0,1,0,10.752288697109172,8.481524005646733,-37.90352008196046,0.18458402156829834,0.5825119614601135,0.05813475325703621,3.330876004662591,0.23321615159511566,13.36230120068333,0.17474283277988434
ppo_gru,10,20024,2,550,38,237,1,1,0,1,0,6.2871618102400575,20.462030979685938,-67.57380719498249,0.8352529406547546,0.8598927855491638,0.10644412785768509,6.0987992801962685,0.5252374410629272,30.093888615157052,0.3690628409385681
ppo_gru,10,20024,2,551,39,112,1,1,0,1,0,-0.9587536537946899,0.215874958907423,-15.82818475993917,0.3494030833244324,0.8811670541763306,0.007080759387463331,0.4056976286492869,0.17553319036960602,10.057310972644851,0.09484735131263733
ppo_gru,10,20024,2,552,40,60,1,1,0,1,0,-5.079871232926943,11.303498623507542,-44.227400989178506,0.8171919584274292,4.098733901977539,0.07275009155273438,4.168273205162022,0.2665424942970276,15.271759984109496,0.20602133870124817
ppo_gru,10,20024,2,553,41,141,1,1,0,1,0,-3.9452402080044253,2.886697490435849,33.289399448536685,0.457370787858963,0.7926333546638489,0.06712516397237778,3.845988594740854,0.13318383693695068,7.630871755845836,0.13371708989143372
ppo_gru,10,20024,2,554,42,82,1,1,0,1,0,0.4899841106783747,0.9536583326738604,-20.491127585550196,0.5130478739738464,1.1943942308425903,0.01581704057753086,0.9062496694796844,0.14990387856960297,8.588859574679837,0.0907689779996872
ppo_gru,10,20024,2,555,43,97,1,1,0,1,0,-8.408905434391158,0.4691656940881759,-15.30439121286923,1.847171664237976,2.098701238632202,0.023698631674051285,1.3578315751581915,0.15903602540493011,9.112093046237835,0.10321664810180664
ppo_gru,10,20024,2,556,44,112,1,1,0,1,0,-8.281754632802201,15.135262068641376,59.36514924667777,0.546296238899231,2.8290696144104004,0.08927769958972931,5.115235391128331,0.48788824677467346,27.953937414225987,0.33322182297706604
ppo_gru,10,20024,2,557,45,23,1,1,0,1,0,27.449410123257366,23.18861517559835,-59.17486017640121,3.4780547618865967,7.997004985809326,0.19202536344528198,11.002242884880374,0.5748907923698425,32.93881608372369,0.47947075963020325
ppo_gru,10,20024,2,558,46,69,1,1,0,1,0,-7.351482867846464,0.646559367211747,-36.20067195960624,0.5212057828903198,2.7542591094970703,0.027442729100584984,1.5723525557843652,0.21307601034641266,12.208356108335307,0.13398073613643646
ppo_gru,10,20024,2,559,47,124,1,1,0,1,0,-57.731723167047555,28.29351222164422,-99.75416150722752,5.704124450683594,5.602349758148193,0.38350483775138855,21.973208626003967,0.6653806567192078,38.12350339965364,0.7161951661109924
ppo_gru,10,20024,2,560,48,117,1,1,0,1,0,-2.9597805145549856,1.6682873651539545,-3.0118538767871628,0.25970372557640076,1.1593905687332153,0.010171767324209213,0.5827993378662665,0.1674938052892685,9.596688137661069,0.09391866624355316
ppo_gru,10,20024,2,561,49,131,1,1,0,1,0,0.24376945147775508,6.142512063997527,17.642446928034637,0.5781999230384827,0.3541046380996704,0.02674028091132641,1.532105239213242,0.24878686666488647,14.254437458181945,0.1511337161064148
ppo_gru,10,20024,2,562,50,258,1,1,0,1,0,-20.710786469257805,-3.468383720910815,66.15651562144816,2.2261269092559814,1.9758468866348267,0.11949098110198975,6.846328907021491,0.46388566493988037,26.578690777674968,0.35143381357192993
ppo_gru,10,20024,2,563,51,168,1,1,0,1,0,-7.368640303041536,1.685677026780807,-3.9587913033177307,0.6188275814056396,0.7712932229042053,0.038740403950214386,2.219661642979227,0.16948868334293365,9.710986230779355,0.12348474562168121
ppo_gru,10,20024,2,564,52,194,1,1,0,1,0,-1.2980774517609233,0.3007195687773214,-21.360200855542615,0.6382308006286621,0.9969457387924194,0.003817029530182481,0.21869968235625964,0.16312968730926514,9.346642596109719,0.0853818729519844
ppo_gru,10,20024,2,565,53,237,1,1,0,1,0,-19.341033012346767,9.109054465830825,77.23650313455622,10.644918441772461,9.826369285583496,0.18812181055545807,10.778585779187368,0.8093512654304504,46.372411652737256,0.5927974581718445
ppo_gru,10,20024,2,566,54,292,1,1,0,1,0,0.7160087306924366,10.417677729670249,40.26703874235167,0.5633692741394043,1.1863467693328857,0.05209514871239662,2.9848321543267113,0.24954833090305328,14.298066145279048,0.17686931788921356
ppo_gru,10,20024,2,567,55,113,1,1,0,1,0,-0.6860925021277808,0.5382735481103649,1.6848027625670452,0.1771596074104309,1.8754194974899292,0.021140452474355698,1.2112587037774796,0.13204558193683624,7.565654548329615,0.08716323971748352
ppo_gru,10,20024,2,568,56,60,1,1,0,1,0,39.23822100805099,8.020882387642734,-67.95143469381415,1.551846981048584,3.213912010192871,0.18240603804588318,10.451096137731827,0.5985597968101501,34.294950143429716,0.48168593645095825
ppo_gru,10,20024,2,569,57,93,1,1,0,1,0,1.7943316760973698,1.0494312452157792,1.7046103111600823,0.6716445088386536,2.9496002197265625,0.018635762855410576,1.0677505596216939,0.15177297592163086,8.695950964450114,0.09452225267887115
ppo_gru,10,20024,2,570,58,55,1,1,0,1,0,-0.3386817601842523,1.5414780730234978,0.9226765945986825,0.9845178723335266,3.885296583175659,0.024631891399621964,1.4113034186229287,0.6936658620834351,39.744126289684665,0.3714648187160492
ppo_gru,10,20024,2,571,59,73,1,1,0,1,0,-6.44388733093517,2.7437416311074823,-1.5872949819759432,1.0076543092727661,4.384739875793457,0.015066975727677345,0.8632741192219643,0.17397433519363403,9.967995150189534,0.10205414146184921
ppo_gru,10,20024,2,572,60,87,1,1,0,1,0,0.8154836057645024,-0.6849450303472187,-24.028783085023278,0.6286965012550354,1.921555519104004,0.028628913685679436,1.6403159262337539,0.14761433005332947,8.457678107706927,0.10243608057498932
ppo_gru,10,20024,2,573,61,130,1,1,0,1,0,-24.670055885817437,23.577649090343936,76.21604555179962,1.5570406913757324,0.8427379727363586,0.22132404148578644,12.680933481913904,1.0049965381622314,57.58206006195424,0.723822295665741
ppo_gru,10,20024,2,574,62,343,1,1,0,1,0,0.168200238500734,0.7862777168735279,-16.042652699877568,0.5355458855628967,0.617281973361969,0.02150362730026245,1.232067088527335,0.0777343139052391,4.453848110115309,0.060370784252882004
ppo_gru,10,20024,2,575,63,82,1,1,0,1,0,-30.0496221591462,6.804125168139982,76.50856889357293,2.5008506774902344,2.2356746196746826,0.21529193222522736,12.335319079722089,0.8171342015266418,46.81834104326905,0.6238590478897095
ppo_gru,10,20024,2,576,64,50,1,1,0,1,0,-11.751763938735479,-5.25991501944848,27.595658133765678,0.5496155023574829,2.8231608867645264,0.05595264583826065,3.2058504591225656,0.20781567692756653,11.906961204603801,0.1598604917526245
ppo_gru,10,20024,2,577,65,110,1,1,0,1,0,12.998669613234666,-0.7367998265259555,48.74953263486055,1.5518525838851929,2.192844867706299,0.0444006472826004,2.5439696969420105,0.07361816614866257,4.218010215811232,0.08120973408222198
ppo_gru,10,20024,2,578,66,34,1,1,0,1,0,-22.655368646717115,11.355626627253079,60.244686366478646,2.319601535797119,7.352529048919678,0.09371539205312729,5.3694964400580485,0.7057065367698669,40.43400613170722,0.44656866788864136
ppo_gru,10,20024,2,579,67,89,1,1,0,1,0,3.3988797159167654,-1.9484207437728573,-14.973700774013894,1.0922809839248657,4.587597370147705,0.04301607981324196,2.4646398244966625,0.09792226552963257,5.610532535207329,0.09197720885276794
ppo_gru,10,20024,2,580,68,126,1,1,0,1,0,6.145339762313912,0.27074869869930546,-53.79360001615829,1.0577929019927979,1.9309252500534058,0.03740634024143219,2.1432254228644374,0.06727845966815948,3.8547717911266677,0.07104557007551193
ppo_gru,10,20024,2,581,69,112,1,1,0,1,0,-0.726363297474176,1.6871523476415298,-19.167819414995243,0.05702896788716316,1.3615729808807373,0.012984594330191612,0.7439624538094775,0.15998747944831848,9.166607347324645,0.092978335916996
ppo_gru,10,20024,2,582,70,151,1,1,0,1,0,1.7341167283745373,1.5101548254898192,-4.864747594828222,0.11618416011333466,0.23093180358409882,0.02671644277870655,1.530739414822651,0.1990031749010086,11.402042031531547,0.1262180358171463
ppo_gru,10,20024,2,583,71,185,1,1,0,1,0,-2.2400425005757216,2.1748278543804402,-14.13582780815009,0.7588921785354614,0.570119321346283,0.01582026481628418,0.9064344047523922,0.2279975265264511,13.063296009387681,0.12981903553009033
ppo_gru,10,20024,2,584,72,92,1,1,0,1,0,-4.521708173953502,1.7873512227656168,8.199491834438568,0.5842852592468262,2.048123359680176,0.02919488400220871,1.6727436367005646,0.16018256545066833,9.177784951901371,0.10928616672754288
ppo_gru,10,20024,2,585,73,2,1,1,0,1,0,-7.479507933649183,12.685901590761443,29.79921376379519,15.960409164428711,16.21651840209961,0.04705033823847771,2.695785805727765,0.3426975905895233,19.635125590081884,0.21839913725852966
ppo_gru,10,20024,2,586,74,111,1,1,0,1,0,-2.4053877200033904,0.9940657318036558,-42.56848464356581,0.9796704053878784,2.3508522510528564,0.02163669839501381,1.2396915006317735,0.18939319252967834,10.851430600459201,0.11633329093456268
ppo_gru,10,20024,2,587,75,73,1,1,0,1,0,2.519151350819123,0.6131597421703847,-15.730868224644826,0.4396085739135742,1.8245738744735718,0.026994092389941216,1.5466475657298453,0.19737061858177185,11.308503444621868,0.1256794035434723
ppo_gru,10,20024,2,588,76,228,1,1,0,1,0,-40.613356654027996,40.305082896028644,-101.94534083448097,7.29653263092041,6.745193958282471,0.3072122037410736,17.60196268927668,0.9055712819099426,51.885412501691384,0.7599978446960449
ppo_gru,10,20024,2,589,77,97,1,1,0,1,0,10.386682331216731,13.029378143743044,66.03843531107698,0.8359149098396301,3.023932695388794,0.09987915307283401,5.722653932414496,0.17686395347118378,10.133558081896997,0.1883111298084259
ppo_gru,10,20024,2,590,78,278,1,1,0,1,0,16.12940976271507,1.0302247532697033,-41.24528575603758,1.70545494556427,0.6458805799484253,0.05251699313521385,3.0090020593652707,0.04001066833734512,2.2924424312275904,0.07252232730388641
ppo_gru,10,20024,2,591,79,77,1,1,0,1,0,30.57426264967322,2.693225552006068,-61.38090199528861,1.7393478155136108,1.9827786684036255,0.1410926878452301,8.084015533688454,0.4417252242565155,25.308991054368157,0.36195528507232666
ppo_gru,10,20024,2,592,80,216,1,1,0,1,0,34.06089663604631,25.67418931645769,-72.81310870351587,15.170952796936035,13.776105880737305,0.2860970199108124,16.392151772159828,1.0850269794464111,62.16746658010728,0.8286105394363403
ppo_gru,10,20024,2,593,81,178,1,1,0,1,0,-2.301240995539036,12.323642017562307,27.85931709610651,0.7345184087753296,1.139316439628601,0.05690133199095726,3.260206171754585,0.2575579583644867,14.756983994291266,0.1856803148984909
ppo_gru,10,20024,2,594,82,43,1,1,0,1,0,3.9473029251337692,-2.3500358669696073,-36.92013676601871,0.652695894241333,4.138054370880127,0.02793220989406109,1.6003977394032607,0.1772613227367401,10.156325663721589,0.1165628731250763
ppo_gru,10,20024,2,595,83,72,1,1,0,1,0,-7.434374043613739,2.949849419501787,-36.385852048383626,1.0594216585159302,2.3434836864471436,0.029702141880989075,1.7018073722794382,0.203460693359375,11.657439026297602,0.13143248856067657
ppo_gru,10,20024,2,596,84,99,1,1,0,1,0,-1.0710966052630595,1.3688382115622555,4.481915491849007,0.9923080801963806,2.9134225845336914,0.015621738508343697,0.8950596851850879,0.5870684385299683,33.636543813102584,0.30915597081184387
ppo_gru,10,20024,2,597,85,68,1,1,0,1,0,-0.21623012874426367,-0.9944345620188365,-29.02252563251636,1.3731869459152222,2.828636407852173,0.01494575571268797,0.8563287239705605,0.11689593642950058,6.697643799639953,0.07339372485876083
ppo_gru,10,20024,2,598,86,124,1,1,0,1,0,-7.22110821696926,9.47083592578806,31.45433252422936,0.5440922379493713,2.079836130142212,0.06665085256099701,3.818812552693843,0.2916918396949768,16.712711332928745,0.2124967724084854
ppo_gru,10,20024,2,599,87,5,1,1,0,1,0,-7.492130123235366,-8.138757792338813,-7.637476548773238,17.039052963256836,17.03771209716797,0.031047344207763672,1.778881788194801,0.07804898917675018,4.4718776750900275,0.07007183879613876
ppo_gru,10,20024,2,600,88,119,1,1,0,1,0,2.692583514224087,0.9827276177814346,-29.071921560593893,0.6250724196434021,0.8678807616233826,0.03073841892182827,1.7611816731258303,0.14883694052696228,8.527728527834578,0.10515689104795456
ppo_gru,10,20024,2,601,89,182,1,1,0,1,0,-2.343916017473276,2.6234210186885374,26.163790936542544,0.32145923376083374,1.010750651359558,0.047544531524181366,2.724100995262287,0.13210147619247437,7.568857053276705,0.11359526962041855
ppo_gru,10,20024,2,602,90,140,1,1,0,1,0,5.730159883425517,3.678890151130608,-33.914908172726456,1.194864273071289,0.7930043935775757,0.03237147629261017,1.8547489681743639,0.0506049320101738,2.8994490267294397,0.05767394229769707
ppo_gru,10,20024,2,603,91,69,1,1,0,1,0,-0.6274075167790313,-2.7327996680571216,2.0277192400367055,0.5471762418746948,4.019923686981201,0.015036839991807938,0.8615474687441262,0.10016559809446335,5.739066023216391,0.06511963903903961
ppo_gru,10,20024,2,604,92,1,1,1,0,1,0,17.530568429429827,7.939220645926062,-60.720012891198174,18.67030906677246,21.00762367248535,0.09024614095687866,5.170722994171868,0.5403169393539429,30.957880224406985,0.3604046106338501
ppo_gru,10,20024,2,605,93,110,1,1,0,1,0,18.633698621900248,25.365164237649633,-67.04515055322351,11.827767372131348,11.641927719116211,0.18079307675361633,10.35868026316697,0.729914128780365,41.82099898608337,0.5457501411437988
ppo_gru,10,20024,2,606,94,65,1,1,0,1,0,-3.1440863391186094,3.6151508257960487,-40.06185985968449,1.5325030088424683,2.513031005859375,0.04941583424806595,2.8313187435322087,0.24452164769172668,14.010058412320767,0.1716766655445099
ppo_gru,10,20024,2,607,95,103,1,1,0,1,0,-1.4518933118696105,-2.9398910036919084,20.021101287626596,1.4434326887130737,1.9795383214950562,0.02782430127263069,1.594215030822224,0.1914893239736557,10.971530085503765,0.12356896698474884
ppo_gru,10,20024,2,608,96,227,1,1,0,1,0,-8.959473323007545,8.680938208654426,43.11515932435529,0.37422505021095276,0.5532955527305603,0.0712306946516037,4.081218175321978,0.3066931366920471,17.57222233808315,0.22457726299762726
ppo_gru,10,20024,2,609,97,160,1,1,0,1,0,-17.525459447930658,6.38003872257389,53.776360618693175,0.8375974297523499,0.3328222632408142,0.12623390555381775,7.2326700196867995,0.4925568103790283,28.221426405143905,0.3725123107433319
ppo_gru,10,20024,2,610,98,154,1,1,0,1,0,-11.134260196252965,7.363558642299047,35.22079936089787,0.2437901794910431,0.5435417294502258,0.05486741662025452,3.1436714051265313,0.3752833604812622,21.50215267706299,0.24250909686088562
ppo_gru,10,20024,2,611,99,125,1,1,0,1,0,0.34945979869453236,13.620571997542667,-46.95548782670832,0.36609768867492676,1.4609148502349854,0.04149613156914711,2.3775532050317074,0.22157008945941925,12.695030992360811,0.15228118002414703
ppo_gru,10,20024,2,612,100,132,1,1,0,1,0,-41.75776850984197,34.52478942409523,80.53930940960757,1.4946885108947754,1.4724409580230713,0.30252185463905334,17.33322548128794,1.1952695846557617,68.48390258113001,0.9001566171646118
ppo_gru,10,20024,2,613,101,44,1,1,0,1,0,-14.049876707634649,10.390507237151937,-68.66811278304526,0.9200097918510437,4.118402004241943,0.08616600930690765,4.93694867077078,0.40874648094177246,23.4194482487881,0.2905392646789551
ppo_gru,10,20024,2,614,102,80,1,1,0,1,0,2.652422001904412,0.6231454787369434,-24.25532679941426,0.39847686886787415,2.0394227504730225,0.023047195747494698,1.3205070459433048,0.4535031020641327,25.983813744365417,0.2497987449169159
ppo_gru,10,20024,2,615,103,164,1,1,0,1,0,10.495541886208393,3.761958911816303,-36.93254038955145,0.8609781265258789,0.4419184625148773,0.053869057446718216,3.0864696380447323,0.12928758561611176,7.4076329992394925,0.11851285398006439
ppo_gru,10,20024,2,616,104,187,1,1,0,1,0,-22.6799026862158,19.34145648407531,83.82479432492379,1.7781398296356201,1.3320878744125366,0.2482612282037735,14.224320592810422,1.1218011379241943,64.2744706560295,0.8091617822647095
ppo_gru,10,20024,2,617,105,177,1,1,0,1,0,1.2532440900489596,4.275534495887902,1.456414897100159,0.37072470784187317,0.2048436999320984,0.0016646897420287132,0.09537969641696704,0.10692855715751648,6.126555034549085,0.05512896925210953
ppo_gru,10,20024,2,618,106,118,1,1,0,1,0,1.2658799400134833,-5.3778860467929395,49.14194066305612,0.6523607969284058,1.9631571769714355,0.060792695730924606,3.4831648906049573,0.1945328563451767,11.14591164520336,0.15805912017822266
ppo_gru,10,20024,2,619,107,79,1,1,0,1,0,2.3377688472202642,2.930957116257532,-22.17643578211582,0.18865767121315002,2.8062031269073486,0.036899227648973465,2.1141700115786146,0.08893343806266785,5.09551065857898,0.08136594295501709
ppo_gru,10,20024,2,620,108,154,1,1,0,1,0,-7.843912186247703,61.86895999262104,-87.84843144422162,11.557061195373535,11.53781795501709,0.8701455593109131,49.85566811056577,0.8148688673973083,46.68854695847129,1.2775800228118896
ppo_gru,10,20024,2,621,109,81,1,1,0,1,0,2.524178370048252,-3.3994807725637264,-28.173177948846934,0.951015055179596,2.9634487628936768,0.050423964858055115,2.889080372682537,0.35556212067604065,20.372208869458394,0.22820502519607544
ppo_gru,10,20024,2,622,110,108,1,1,0,1,0,-4.8210890256535,2.305407410932744,-38.35365686902098,1.5045208930969238,1.5984132289886475,0.01316617801785469,0.7543664327409936,0.14184243977069855,8.126973154699604,0.08408740162849426
ppo_gru,10,20024,2,623,111,1,1,1,0,1,0,-13.548103690448832,10.224629262969009,40.32381127473282,12.43704891204834,15.773296356201172,0.041618768125772476,2.3845797621403584,0.33053159713745117,18.938065511694354,0.20688456296920776
ppo_gru,10,20024,2,624,112,131,1,1,0,1,0,-7.212147008778204,-2.284575333964205,24.734560192339035,1.602405071258545,1.1412080526351929,0.035966552793979645,2.0607316787294927,0.08730830252170563,5.002397250945135,0.07962070405483246
ppo_gru,10,20024,2,625,113,175,1,1,0,1,0,1.4771786721769977,4.673188109366044,-25.61043633074479,0.4277419447898865,0.5702171325683594,0.009376979433000088,0.5372613460918807,0.09335582703351974,5.348894881973997,0.056054893881082535
ppo_gru,10,20024,2,626,114,139,1,1,0,1,0,14.4734030776888,23.87037733779234,67.9134315212722,1.7705204486846924,2.1280834674835205,0.13289155066013336,7.614124985774611,0.3957121670246124,22.6726370724862,0.3307476341724396
ppo_gru,10,20024,2,627,115,88,1,1,0,1,0,-2.2354526134534733,-2.8815338674233195,-33.262106012613316,0.5349432826042175,1.585769534111023,0.0032174678053706884,0.18434732596695982,0.15452410280704498,8.853578923889314,0.08047951757907867
ppo_gru,10,20024,2,628,116,71,1,1,0,1,0,4.556951950070768,0.3689121774507287,18.68951492779759,0.6348886489868164,3.4808990955352783,0.013209417462348938,0.7568438704190041,0.195498526096344,11.201240446348695,0.11095868051052094
ppo_gru,10,20024,2,629,117,723,1,1,0,1,0,-22.79273741130441,4.6070308970653,77.77368385239937,3.3528215885162354,1.6930805444717407,0.19666819274425507,11.268257408711214,0.8436716794967651,48.33882652987851,0.6185040473937988
ppo_gru,10,20024,2,630,118,150,1,1,0,1,0,-12.299271902603701,13.204558835575531,30.19544669792597,0.5158076882362366,0.5835338234901428,0.05528881400823593,3.1678156969557034,0.6059759855270386,34.719866456979965,0.3582768142223358
ppo_gru,10,20024,2,631,119,104,1,1,0,1,0,-4.700604488694475,-0.21612084571754347,-28.591458733618516,0.11134529113769531,1.7675330638885498,0.0071872989647090435,0.4118018967765742,0.1834036111831665,10.508252868253788,0.09888910502195358
ppo_gru,10,20024,2,632,120,101,1,1,0,1,0,4.294686346320618,-1.395393987055265,-15.440776430216046,1.3512556552886963,1.7596745491027832,0.012124295346438885,0.6946709529210524,0.12457919120788574,7.137861871365145,0.07441388815641403
ppo_gru,10,20024,2,633,121,270,1,1,0,1,0,-10.577900307220407,15.16470018396413,71.37475282658123,0.8799315690994263,0.3321135342121124,0.1258818805217743,7.212500471067752,0.6995116472244263,40.07906510620375,0.4756377041339874
ppo_gru,10,20024,2,634,122,107,1,1,0,1,0,35.20036343490119,10.748245225120526,-70.10365462204186,0.5677533149719238,2.8931705951690674,0.15437135100364685,8.84482689024159,0.5319640636444092,30.47929569945336,0.42035338282585144
ppo_gru,10,20024,2,635,123,28,1,1,0,1,0,6.389232157196727,-6.05309122738372,-36.70004075020422,10.098980903625488,11.251745223999023,0.022541724145412445,1.2915456564802754,0.05894266813993454,3.3771661176584717,0.052013058215379715
ppo_gru,10,20024,2,636,124,110,1,1,0,1,0,3.1011244492392294,-8.022917784015398,-32.250090543670865,2.022582769393921,2.09870982170105,0.035957738757133484,2.060226671617735,0.16087764501571655,9.217610077404423,0.11639656126499176
ppo_gru,10,20024,2,637,125,289,1,1,0,1,0,-36.06439602528615,27.22692354123337,76.0040911214758,2.1367363929748535,1.8686199188232422,0.2820873558521271,16.162414944331864,1.2533329725265503,71.81068965035729,0.9087538719177246
ppo_gru,10,20024,2,638,126,158,1,1,0,1,0,-0.2663363964954772,2.4888662920392863,18.916768981862255,0.056567832827568054,0.6039979457855225,0.04567907005548477,2.617217926261697,0.11184565722942352,6.408284116112832,0.10160189867019653
ppo_gru,10,20024,2,639,127,81,1,1,0,1,0,0.7575226204677742,-2.4364787411052884,4.309794724764686,0.23338022828102112,3.9908554553985596,0.005284750834107399,0.3027939185725954,0.1331673264503479,7.629925774645789,0.0718684121966362
ppo_gru,10,20024,2,640,128,45,1,1,0,1,0,-3.7831734793783625,-1.2505939766509946,-13.651758641292945,0.43011727929115295,2.8600757122039795,0.003385596675798297,0.19398040065676367,0.17830125987529755,10.21590967271984,0.09253622591495514
ppo_gru,10,20024,2,641,129,160,1,1,0,1,0,-1.241632768459938,1.335397605385873,5.614196931697041,0.257101833820343,0.9939543604850769,0.026535499840974808,1.5203721481579235,0.12480489909648895,7.150793980784918,0.08893795311450958
ppo_gru,10,20024,2,642,130,277,1,1,0,1,0,-19.71784088847803,0.03622732335774763,51.437266714773926,1.186490535736084,0.356583833694458,0.11289574205875397,6.468449544964182,0.3783651888370514,21.678728435033452,0.30207833647727966
ppo_gru,10,20024,2,643,131,88,1,1,0,1,0,10.56852928767915,-7.387327700610691,-26.89647898918815,2.019110918045044,1.8303080797195435,0.02978641726076603,1.70663599585752,0.03243810310959816,1.8585664035901663,0.04600546881556511
ppo_gru,10,20024,2,644,132,150,1,1,0,1,0,9.661999260278378,11.652739856148633,-83.9027131229753,1.0296670198440552,2.018461227416992,0.15126116573810577,8.666626401022311,0.5855072736740112,33.5470956557321,0.4440147876739502
ppo_gru,10,20024,2,645,133,165,1,1,0,1,0,-12.374677191040641,1.8682616436735877,41.80801138137659,0.30414456129074097,0.8400967717170715,0.09562670439481735,5.479006570568155,0.27328944206237793,15.658331615659291,0.23227143287658691
ppo_gru,10,20024,2,646,134,63,1,1,0,1,0,-2.879785338995796,0.2532497540457328,-27.749596937279424,0.9534788131713867,2.9436545372009277,0.021227553486824036,1.216249224183232,0.21219538152217865,12.15789979338913,0.12732523679733276
ppo_gru,10,20024,2,647,135,157,1,1,0,1,0,1.6100121911554057,20.742587830033383,-60.445111437483504,0.6502995491027832,1.5723546743392944,0.13261553645133972,7.5983105365250925,0.4360089600086212,24.98147323838229,0.3506200313568115
ppo_gru,10,20024,2,648,136,72,1,1,0,1,0,-2.129885209641756,-0.2167219023645046,7.683798891724265,0.748531699180603,3.2339353561401367,0.014303334057331085,0.819520674450803,0.12557674944400787,7.195017748113458,0.07709170877933502
ppo_gru,10,20024,2,649,137,3,1,1,0,1,0,12.088956717680668,9.418270789935642,-56.04133330973944,16.789384841918945,16.04397201538086,0.0753106102347374,4.314980119005194,0.3367811441421509,19.296138178932274,0.24370118975639343
ppo_gru,10,20024,2,650,138,118,1,1,0,1,0,4.605487274312877,0.24449345152977645,7.837765015994692,0.26524871587753296,2.136382818222046,0.03249644860625267,1.8619093543020644,0.1286158561706543,7.369145737040117,0.09680438041687012
ppo_gru,10,20024,2,651,139,166,1,1,0,1,0,-6.13882376184572,0.8400449660198682,-8.724023041938867,1.2808977365493774,0.8962807655334473,0.017652833834290504,1.0114328751505883,0.1391419917345047,7.972248879431304,0.0872238278388977
ppo_gru,10,20024,2,652,140,100,1,1,0,1,0,6.083909040918818,1.497163805688455,-36.17171195752539,0.05281781405210495,2.266866683959961,0.06710990518331528,3.8451143305270925,0.09604482352733612,5.502963032195152,0.11513231694698334
ppo_gru,10,20024,2,653,141,63,1,1,0,1,0,-4.704593319169763,1.6837099322998432,8.323773956576119,1.865838646888733,3.2073745727539062,0.020125044509768486,1.153080112922663,0.17126069962978363,9.812515285244302,0.10575539618730545
ppo_gru,10,20024,2,654,142,112,1,1,0,1,0,-13.387348358143413,0.019425057999516264,13.466264363813739,1.9271504878997803,1.1096762418746948,0.026629356667399406,1.525749748190545,0.16934014856815338,9.70247581507352,0.11129943281412125
ppo_gru,10,20024,2,655,143,106,1,1,0,1,0,-5.7458966392732265,6.742380258043067,27.238138711850528,0.2865693271160126,1.9951990842819214,0.03338382765650749,1.912752428709993,0.31100133061408997,17.819063667140117,0.18888449668884277
ppo_gru,10,20024,2,656,144,137,1,1,0,1,0,1.2607982792709937,7.62788696317854,33.723007177805776,0.6870248913764954,0.9266398549079895,0.03730745613574982,2.1375597809479117,0.17719916999340057,10.152764573843072,0.1259070336818695
ppo_gru,10,20024,2,657,145,109,1,1,0,1,0,36.53655334223079,22.110770343435316,-59.355505019569705,3.0288937091827393,4.067542552947998,0.19295206665992737,11.05533906794076,0.6374937295913696,36.52570017163964,0.5116989612579346
ppo_gru,10,20024,2,658,146,120,1,1,0,1,0,-11.228680731339223,10.02233272013157,42.934200292484974,1.1007308959960938,1.5234339237213135,0.0795917809009552,4.560273129554686,0.35371488332748413,20.26636996562717,0.25644922256469727
ppo_gru,10,20024,2,659,147,218,1,1,0,1,0,-21.477625467753477,3.218958872800289,74.1778078204411,0.9261692762374878,0.8561030626296997,0.174935445189476,10.023062696599116,0.7517655491828918,43.07299315151422,0.5508182048797607
ppo_gru,10,20024,2,660,148,178,1,1,0,1,0,-0.5921090991484054,1.768267674224601,-13.720606948126674,0.6944048404693604,0.3419834077358246,0.013858427293598652,0.7940293946121105,0.10290302336215973,5.895908937787863,0.06530994176864624
ppo_gru,10,20024,2,661,149,1,1,1,0,1,0,16.49146443023911,19.99547441786071,-65.1554830966911,15.46785831451416,15.813518524169922,0.13462305068969727,7.713332629695399,0.7705724835395813,44.15055111573211,0.5199092626571655
ppo_gru,10,20024,2,662,150,208,1,1,0,1,0,-9.420210563659927,10.377789424917374,38.27342946703001,0.46615323424339294,1.2880058288574219,0.04982917755842209,2.8550015707055816,0.2682902216911316,15.371897387531051,0.18397429585456848
ppo_gru,10,20024,2,663,151,148,1,1,0,1,0,-4.561377912652936,15.055635723297367,51.99706901914817,0.15687867999076843,1.1731476783752441,0.06841125339269638,3.919676090601537,0.5027796626091003,28.807152692512933,0.31980109214782715
ppo_gru,10,20024,2,664,152,62,1,1,0,1,0,1.1696425746080035,1.6292186831014814,-17.069913151047487,0.7074407339096069,3.296351432800293,0.023002365604043007,1.3179384679285568,0.2143966406583786,12.284022651508002,0.13020068407058716
ppo_gru,10,20024,2,665,153,89,1,1,0,1,0,12.076703358309665,-3.060867314271174,-35.598577123891275,1.1181445121765137,1.3911230564117432,0.02669568918645382,1.529550321576834,0.08582593500614166,4.917463848616026,0.0696086585521698
ppo_gru,10,20024,2,666,154,163,1,1,0,1,0,19.51404170402319,13.25220623522554,-55.68665524651902,0.8327186703681946,1.6909260749816895,0.10418371111154556,5.969286940701779,0.7366352081298828,42.206088466583275,0.47250130772590637
ppo_gru,10,20024,2,667,155,203,1,1,0,1,0,-16.110080327363935,3.002469196867565,49.09634232015711,1.282592535018921,0.6178247332572937,0.10725077986717224,6.14501703587563,0.3650219440460205,20.914216823497465,0.2897617518901825
ppo_gru,10,20024,2,668,156,164,1,1,0,1,0,0.9533304835936998,-2.057321279899541,-36.49661039596455,0.6339538097381592,1.543619155883789,0.02832983247935772,1.6231798353798381,0.17086158692836761,9.7896478119031,0.11376062780618668
ppo_gru,10,20024,2,669,157,90,1,1,0,1,0,5.728220109701234,-2.5104633501948665,26.296501512115892,2.0088746547698975,2.518664598464966,0.0140420226380229,0.8045486329858706,0.10090223699808121,5.781272323418839,0.06449314206838608
ppo_gru,10,20024,2,670,158,88,1,1,0,1,0,-1.196116387830973,-0.8006757556439148,11.502352751003293,0.5122522115707397,2.1027629375457764,0.015642112120985985,0.8962270072029255,0.16076357662677765,9.211074440142367,0.09602390229701996
ppo_gru,10,20024,2,671,159,219,1,1,0,1,0,-10.603581818499656,19.244112628024286,-65.8987169614152,1.1901588439941406,2.0369985103607178,0.08582665771245956,4.917505256637869,0.35087519884109497,20.103668029408297,0.26126426458358765
ppo_gru,10,20024,2,672,160,137,1,1,0,1,0,-17.625234851326205,12.279300429470585,53.57175547191627,0.9304240942001343,1.9919320344924927,0.1153380423784256,6.6083830455848185,0.5555300116539001,31.829525060621915,0.39310306310653687
ppo_gru,10,20024,2,673,161,65,1,1,0,1,0,-6.243954033550557,1.4331376124087554,-27.610916776371486,0.256990522146225,3.378666877746582,0.02372651733458042,1.3594293058154454,0.2491607517004013,14.275859492740045,0.14830689132213593
ppo_gru,10,20024,2,674,162,83,1,1,0,1,0,-3.3416700514287383,0.7290953731421811,-26.159310332447017,1.30507493019104,1.8824723958969116,0.04416065290570259,2.530219032038894,0.1776055246591568,10.176046981176354,0.1329634189605713
ppo_gru,10,20024,2,675,163,132,1,1,0,1,0,0.42410010594443176,5.805647134132498,-30.8001233451472,0.545125424861908,2.332763910293579,0.029223203659057617,1.6743662335152658,0.45586347579956055,26.119053197478962,0.2571549415588379
ppo_gru,10,20024,2,676,164,1,1,1,0,1,0,-0.9505574267906746,23.807853786130046,61.919749279289256,18.295625686645508,19.928739547729492,0.10416381061077118,5.968146725997211,0.53652024269104,30.740345529531247,0.3724239468574524
ppo_gru,10,20024,2,677,165,109,1,1,0,1,0,10.72418929886374,7.088261037612512,-64.76687265367406,1.5621943473815918,2.572272539138794,0.09826987236738205,5.630448939940263,0.33107203245162964,18.969030174296606,0.26380589604377747
ppo_gru,10,20024,2,678,166,108,1,1,0,1,0,56.34888306768678,44.04435191942216,-51.7353088493966,4.404149532318115,4.934629440307617,0.34470322728157043,19.75004010777276,0.7701571583747864,44.126754736663784,0.7297818064689636
ppo_gru,10,20024,2,679,167,175,1,1,0,1,0,-162.58354171980073,43.80644277025228,-123.80079870674122,3.1272599697113037,1.4117830991744995,0.508370041847229,29.127457828735267,1.183314323425293,67.79891656964777,1.1000272035598755
ppo_gru,10,20024,2,680,168,83,1,1,0,1,0,-1.952027083654624,0.4120926333835493,-29.49408189281404,0.2500111162662506,2.1345057487487793,0.014675445854663849,0.8408411099449978,0.19497336447238922,11.171150901733851,0.11216212809085846
ppo_gru,10,20024,2,681,169,3,1,1,0,1,0,-1.6663612518080109,7.505298727955151,34.15061800098359,14.025185585021973,13.412335395812988,0.02124664932489395,1.2173433351109033,0.26493558287620544,15.179690741645016,0.15371444821357727
ppo_gru,10,20024,2,682,170,126,1,1,0,1,0,45.8398993691918,45.588589388870346,-75.29831401416003,1.3830280303955078,1.3122283220291138,0.3804779350757599,21.799779877693588,0.775151789188385,44.412926002508975,0.7680538296699524
ppo_gru,10,20024,2,683,171,138,1,1,0,1,0,-0.10946061163862435,-3.4350523977611527,34.47087191078715,0.5861242413520813,0.705959141254425,0.05339144170284271,3.0591042716916648,0.15849696099758148,9.081206930811037,0.13263991475105286
ppo_gru,10,20024,2,684,172,86,1,1,0,1,0,34.8939884694911,25.34705057597076,-74.00494939292642,7.932557106018066,7.422683238983154,0.29415175318717957,16.853653993999252,1.0977650880813599,62.89730644386899,0.8430342674255371
ppo_gru,10,20024,2,685,173,143,1,1,0,1,0,-24.886053788129917,0.08362883619763613,31.952922673261952,7.6172003746032715,7.335480690002441,0.06509138643741608,3.7294617255190285,0.2976955473423004,17.056698442550804,0.21393916010856628
ppo_gru,10,20024,2,686,174,88,1,1,0,1,0,-6.1508995362983026,1.760699824624227,-23.10780037733876,0.7368969321250916,2.4826481342315674,0.024591444060206413,1.4089859567818845,0.1872323453426361,10.727623176468965,0.11820761859416962
ppo_gru,10,20024,2,687,175,149,1,1,0,1,0,28.04632767558146,45.14248241342013,-69.03158812991666,6.234285831451416,6.959219455718994,0.36747467517852783,21.054747965670476,0.9278929233551025,53.16434834830335,0.8314211368560791
ppo_gru,10,20024,2,688,176,62,1,1,0,1,0,2.772086916163035,-1.1437698180319953,-1.5583896214084494,0.293157696723938,2.83990216255188,0.026558008044958115,1.5216617732505866,0.15336981415748596,8.787443055929728,0.1032429188489914
ppo_gru,10,20024,2,689,177,106,1,1,0,1,0,-1.1545341961639353,20.989444527015984,-63.91309900742246,1.661475419998169,1.9276455640792847,0.12513084709644318,7.169469425523026,0.42312437295913696,24.243240779677922,0.33669304847717285
ppo_gru,10,20024,2,690,178,120,1,1,0,1,0,4.875430010690121,3.141531848369025,-14.158777243761332,1.1234709024429321,0.3177960216999054,0.015142765827476978,0.8676165720693585,0.08428661525249481,4.829267323410944,0.05728607252240181
ppo_gru,10,20024,2,691,179,133,1,1,0,1,0,1.412005007116736,-1.562433093397097,-32.21031152194471,0.7178963422775269,2.0026159286499023,0.030680879950523376,1.7578849329125354,0.17726649343967438,10.156621923176838,0.11931412667036057
ppo_gru,10,20024,2,692,180,96,1,1,0,1,0,5.425000691687687,-2.288837372006293,4.041723460220025,0.33373260498046875,1.1385544538497925,0.012569609098136425,0.7201855514524581,0.11840537190437317,6.784128081797477,0.07177229225635529
ppo_gru,10,20024,2,693,181,131,1,1,0,1,0,-2.1343658137372845,4.940904204073864,13.428206549758428,0.49842363595962524,0.29947277903556824,0.011650118045508862,0.6675025948368573,0.6079011559486389,34.83017059698109,0.3156006932258606
ppo_gru,10,20024,2,694,182,122,1,1,0,1,0,27.493396541512247,11.58085894532342,-80.0696656022775,1.0689022541046143,1.8144755363464355,0.16910479962825775,9.688991314104621,0.593329906463623,33.995299499257506,0.46576976776123047
ppo_gru,10,20024,2,695,183,94,1,1,0,1,0,3.284228160508931,1.8294661691879153,-26.70151806951931,0.5439786911010742,1.9902504682540894,0.02575637772679329,1.475731739290013,0.19137828052043915,10.965167764291898,0.12144552171230316
ppo_gru,10,20024,2,696,184,93,1,1,0,1,0,-43.33395760422748,31.404731690476726,60.5174294804156,2.71407413482666,3.407376766204834,0.2640095055103302,15.126630417077772,1.231893539428711,70.58230061869801,0.8799562454223633
ppo_gru,10,20024,2,697,185,127,1,1,0,1,0,35.80278611969632,44.04750746681871,-68.34463502395344,1.7763323783874512,2.217602491378784,0.3459165096282959,19.81955606559786,0.8564890623092651,49.073208469438285,0.7741610407829285
ppo_gru,10,20024,2,698,186,117,1,1,0,1,0,-3.8233349916980375,0.8212346250456531,-30.407742637708306,0.7775402665138245,1.9058122634887695,0.024019772186875343,1.3762315711736768,0.186813086271286,10.70360140115803,0.1174263134598732
ppo_gru,10,20024,2,699,187,163,1,1,0,1,0,-18.39939581261213,11.357306853788902,78.51500526415587,1.2696577310562134,1.3948317766189575,0.18153026700019836,10.400918152994329,0.8005704283714294,45.869306748663284,0.5818154811859131
ppo_gru,10,20024,2,700,188,170,1,1,0,1,0,-26.88598781862301,26.228103997767384,77.2100839628466,0.5552524924278259,0.568550705909729,0.25634098052978516,14.687256300601899,1.190016269683838,68.1829098047859,0.8513491153717041
ppo_gru,10,20024,2,701,189,117,1,1,0,1,0,-8.054664503277618,-4.071789952946421,2.928388965129607,3.052183151245117,1.15744149684906,0.019094018265604973,1.094006660564869,0.10424765199422836,5.972950483417845,0.071217842400074
ppo_gru,10,20024,2,702,190,110,1,1,0,1,0,6.5682377549644215,9.949932714929435,-16.436071596070303,0.2556515634059906,3.2935400009155273,0.06943827122449875,3.9785198778484894,0.2096511572599411,12.012126481028133,0.1742638498544693
ppo_gru,10,20024,2,703,191,89,1,1,0,1,0,1.571585546884914,-0.8277233047571653,-16.721409578836756,0.3665836751461029,2.7805163860321045,0.02650970034301281,1.5188939458111448,0.2776205241680145,15.906484341036903,0.16531996428966522
ppo_gru,10,20024,2,704,192,177,1,1,0,1,0,3.3699470345925913,3.2854985756945534,-17.433880271539127,0.3533289134502411,0.8376898169517517,0.030517518520355225,1.7485250124286793,0.08122530579566956,4.65386721175137,0.07113017141819
ppo_gru,10,20024,2,705,193,174,1,1,0,1,0,45.80421846096765,17.004152089718605,-69.57488869725614,1.1459558010101318,1.0993895530700684,0.30349472165107727,17.388966655104415,0.9084281921386719,52.04910140024533,0.7577087879180908
ppo_gru,10,20024,2,706,194,44,1,1,0,1,0,-3.1065476194402195,1.5034612401032068,-14.649676599788489,8.90128231048584,10.251535415649414,0.018867554143071175,1.0810312221325489,0.1231444925069809,7.055659690930396,0.08043979853391647
ppo_gru,10,20024,2,707,195,74,1,1,0,1,0,-3.8751351463634145,-1.4765366343950166,4.576691196772104,0.7435709238052368,3.982081890106201,0.07372929155826569,4.224377232778153,0.15966713428497314,9.148252921477528,0.15356285870075226
ppo_gru,10,20024,2,708,196,144,1,1,0,1,0,-21.021860604816865,-3.9739816440318387,68.44337223859516,1.7603918313980103,2.3860621452331543,0.08974049240350723,5.14175146614679,0.43174445629119873,24.73713517365613,0.305612713098526
ppo_gru,10,20024,2,709,197,97,1,1,0,1,0,-0.859251457965944,-6.688462744734986,2.571825769698261,5.237130641937256,4.561206817626953,0.02218932844698429,1.2713548702417774,0.08000427484512329,4.583907291630222,0.06219146400690079
ppo_gru,10,20024,2,710,198,70,1,1,0,1,0,-2.0014776532455163,2.558643504600137,12.356017114228166,2.0370917320251465,4.16670036315918,0.013737106695771217,0.7870782363885945,0.16305992007255554,9.342645227897968,0.09526706486940384
ppo_gru,10,20024,2,711,199,447,1,1,0,1,0,-32.96458297236756,11.703501822060169,-100.1958835012306,2.654712438583374,2.0691909790039062,0.16618593037128448,9.521752424729566,0.6311110854148865,36.1600015981934,0.4817414879798889
ppo_gru,10,20024,2,712,200,101,1,1,0,1,0,-1.8911017962581105,-8.487589213629706,56.4267745449816,2.968508005142212,3.973158836364746,0.02355176769196987,1.3494168888224416,0.1102474257349968,6.316712196797294,0.07867547869682312
ppo_gru,10,20024,2,713,201,206,1,1,0,1,0,13.248067140588512,4.256054796375025,-29.098040203980023,0.08008268475532532,0.46348142623901367,0.0501859150826931,2.8754411252402563,0.16515274345874786,9.462555175193067,0.13276228308677673
ppo_gru,10,20024,2,714,202,159,1,1,0,1,0,-3.66924592402255,1.5269297700913707,6.796857846863089,0.37990903854370117,0.4051320254802704,0.02983780764043331,1.70958044772003,0.12178043276071548,6.977504824465702,0.0907280221581459
ppo_gru,10,20024,2,715,203,62,1,1,0,1,0,-4.240359021662336,-1.2143666532932471,7.5101618226442,0.41781869530677795,2.5469350814819336,0.043086808174848557,2.468692261108596,0.12430290877819061,7.122032054189995,0.10523825883865356
ppo_gru,10,20024,2,716,204,144,1,1,0,1,0,-21.88120768543119,13.758937969748786,81.71942949440238,1.4628850221633911,1.3849290609359741,0.19955787062644958,11.433823755513263,0.9279961585998535,53.17026329212458,0.6635559797286987
ppo_gru,10,20024,2,717,205,183,1,1,0,1,0,8.368265808829582,9.124094542383194,48.704699273148584,0.6259459257125854,1.0468482971191406,0.05016157776117325,2.8740466994325162,0.15263120830059052,8.745124057605974,0.1264771819114685
ppo_gru,10,20024,2,718,206,85,1,1,0,1,0,0.9097128955539983,1.775097863394614,-11.785750960045462,0.3270411193370819,2.4666500091552734,0.021232297644019127,1.2165210443678571,0.1474475860595703,8.448124380605371,0.09495609253644943
ppo_gru,10,20024,2,719,207,11,1,1,0,1,0,7.792426220284147,-0.6666947648849446,-75.34432216840924,9.546097755432129,14.204541206359863,0.13192014396190643,7.55846748177547,0.39113396406173706,22.410325364959153,0.32748711109161377
ppo_gru,10,20024,2,720,208,121,1,1,0,1,0,-13.990262816558777,46.37433435098861,76.48679425049893,1.749969720840454,2.0097951889038086,0.29414570331573486,16.85330736189887,0.8552374839782715,49.00149831334232,0.7217644453048706
ppo_gru,10,20024,2,721,209,65,1,1,0,1,0,0.3898808582026678,-2.589420337000214,-30.504567399382406,0.4491780698299408,3.5029995441436768,0.00801406055688858,0.45917184667197786,0.26872456073760986,15.396783181771994,0.14237633347511292
ppo_gru,10,20024,2,722,210,182,1,1,0,1,0,-2.3795422841840623,3.1091021101898044,1.518050524170354,0.2704611122608185,0.5604174733161926,0.011691350489854813,0.6698650398768884,0.23090392351150513,13.229820290220824,0.12714330852031708
ppo_gru,10,20024,2,723,211,92,1,1,0,1,0,-0.13623495318507434,4.059468291683719,19.876110031925567,0.4370312988758087,1.505712628364563,0.031404681503772736,1.7993557071187372,0.2301030308008194,13.18393251805574,0.14645619690418243
ppo_gru,10,20024,2,724,212,85,1,1,0,1,0,-1.0195696581644833,1.6530150621698059,1.6293689472632218,0.596974790096283,2.7671401500701904,0.023989252746105194,1.374482936024448,0.12316297739744186,7.05671879713857,0.08557073771953583
ppo_gru,10,20024,2,725,213,199,1,1,0,1,0,-29.582655785970765,7.1580928916867235,70.7048205520297,2.21449875831604,1.4617186784744263,0.20303645730018616,11.63313209058882,1.1599706411361694,66.46142209618671,0.7830218076705933
ppo_gru,10,20024,2,726,214,331,1,1,0,1,0,-14.527826024995461,-2.800937635217169,43.266297750309334,1.8195408582687378,0.6314405202865601,0.08151035755872726,4.67019947471734,0.2580324411392212,14.78416985473521,0.21052658557891846
ppo_gru,10,20024,2,727,215,88,1,1,0,1,0,-5.892991593238621,0.7877666981125906,20.239271190095145,1.2893528938293457,2.757054567337036,0.045055657625198364,2.5814990251102916,0.1323361098766327,7.582300573110582,0.11122371256351471
ppo_gru,10,20024,2,728,216,134,1,1,0,1,0,1.584986378036479,1.2306225035178775,19.630578391641947,1.4736323356628418,1.4104174375534058,0.004791865590959787,0.2745536743559579,0.1390119045972824,7.964795435499528,0.07429781556129456
ppo_gru,10,20024,2,729,217,124,1,1,0,1,0,16.289154227023328,13.677166945005393,-55.492896440144094,0.6845457553863525,1.1409534215927124,0.0950954258441925,5.448566551871524,0.7829238772392273,44.8582338458263,0.48655736446380615
ppo_gru,10,20024,2,730,218,112,1,1,0,1,0,1.7948234497176108,3.435079718517833,19.633610995633433,0.2671976685523987,0.564864993095398,0.03244074061512947,1.8587175215255527,0.18114696443080902,10.3789565334918,0.12301422655582428
ppo_gru,10,20024,2,731,219,129,1,1,0,1,0,29.3341735039657,16.209842070381143,-67.11186784103619,1.9230924844741821,2.0446300506591797,0.16171862185001373,9.265794500677924,0.6239990592002869,35.75251251231044,0.47371816635131836
ppo_gru,10,20024,2,732,220,113,1,1,0,1,0,1.2721227329148748,13.401814698805499,-48.57713866020943,0.5004661679267883,2.181548595428467,0.03548676520586014,2.033241874867484,0.22238634526729584,12.741799005155181,0.14667993783950806
ppo_gru,10,20024,2,733,221,129,1,1,0,1,0,-2.9994502532544196,3.507534365233328,-26.8372475887058,0.24792815744876862,2.1284937858581543,0.0261833593249321,1.5001959827931175,0.1797812283039093,10.300705617491902,0.11607397347688675
ppo_gru,10,20024,2,734,222,226,1,1,0,1,0,3.7843482719156047,0.4024893874105114,27.49550023977661,0.6938012838363647,0.29273658990859985,0.004285946488380432,0.24556664500311468,0.08451782912015915,4.842514902193007,0.04654486104846001
ppo_gru,10,20024,2,735,223,195,1,1,0,1,0,20.194123639681358,10.673632238627306,-47.04602881434601,0.5737413167953491,0.34036505222320557,0.1040303111076355,5.960497767900442,0.41029131412506104,23.507960670242294,0.309175968170166
ppo_gru,10,20024,2,736,224,128,1,1,0,1,0,-19.959411019043042,24.690724038245893,75.81388401346928,4.452418804168701,4.401081562042236,0.2455557882785797,14.069310303370628,1.037190556526184,59.42664143977539,0.7641510963439941
ppo_gru,10,20024,2,737,225,154,1,1,0,1,0,1.0288040739223405,-0.27469654803957283,19.798997196196122,0.656834602355957,0.845900297164917,0.018097374588251114,1.0369031841740948,0.01824168860912323,1.04517176849463,0.02721821889281273
ppo_gru,10,20024,2,738,226,118,1,1,0,1,0,-69.0589088865967,49.477931328707385,-108.06005402855655,7.309360980987549,8.514636993408203,0.44668975472450256,25.59343769744792,0.7136574387550354,40.88955925877956,0.8035184741020203
ppo_gru,10,20024,2,739,227,74,1,1,0,1,0,0.6782104638255861,3.506359572696086,-10.56287389104638,0.5432673692703247,1.4855087995529175,0.03496415168046951,2.003298325546148,0.1518683135509491,8.701413408238832,0.11089830845594406
ppo_gru,10,20024,2,740,228,199,1,1,0,1,0,14.904319712424904,6.5653144339996565,-40.3453400309967,0.10318808257579803,0.546724259853363,0.07150739431381226,4.097071898159224,0.19741477072238922,11.311033175935712,0.17021477222442627
ppo_gru,10,20024,2,741,229,79,1,1,0,1,0,16.855609135649168,60.80784912392454,-62.89545546260392,3.150136709213257,5.901879787445068,0.661959707736969,37.92749746104179,0.8395787477493286,48.104318814915295,1.0817490816116333
ppo_gru,10,20024,2,742,230,144,1,1,0,1,0,-9.070504878155273,10.378882255184577,47.06867772163377,0.6638532876968384,0.3653799593448639,0.07645569741725922,4.380588781738222,0.3834711015224457,21.971275682468853,0.26819124817848206
ppo_gru,10,20024,2,743,231,89,1,1,0,1,0,0.019028907027655525,-4.257735022910849,-28.41660589086619,2.368563652038574,1.8341073989868164,0.03302237018942833,1.892042441372868,0.10605252534151077,6.076362108772777,0.08604863286018372
ppo_gru,10,20024,2,744,232,105,1,1,0,1,0,3.2773843109605783,-4.442587262608074,28.611075036914794,0.780904233455658,2.4908509254455566,0.03926655650138855,2.2498079635415476,0.11723503470420837,6.717072699620878,0.09788407385349274
ppo_gru,10,20024,2,745,233,144,1,1,0,1,0,3.606039353443252,12.369718473703212,50.981501851837315,1.606704831123352,1.8406262397766113,0.07731696963310242,4.429936044717918,0.2546292245388031,14.589179906762393,0.20463158190250397
ppo_gru,10,20024,2,746,234,3,1,1,0,1,0,-2.392765530417207,4.707448338242828,11.290125113112657,13.722647666931152,15.319762229919434,0.02909679152071476,1.6671233515089963,0.30679672956466675,17.57815777247189,0.18249516189098358
ppo_gru,10,20024,2,747,235,45,1,1,0,1,0,-16.684526557318687,7.5913317907406315,13.776122725700539,10.254188537597656,10.041044235229492,0.056890539824962616,3.259587826191287,0.2454064041376114,14.060751222566955,0.1795937418937683
ppo_gru,10,20024,2,748,236,191,1,1,0,1,0,29.122000507588428,-6.999810087860848,-61.60028767142942,2.0684874057769775,0.8778948783874512,0.13293132185935974,7.616403707636456,0.38961851596832275,22.323496585135366,0.3277405798435211
ppo_gru,10,20024,2,749,237,101,1,1,0,1,0,-2.280859711055718,2.0134168239146986,-16.553660132821243,0.3817819356918335,0.6523634195327759,0.009388535283505917,0.5379234475545488,0.1531599909067154,8.77542106921686,0.08596853166818619
ppo_gru,10,20024,2,750,238,80,1,1,0,1,0,-13.012562218006472,4.116568673145025,-11.663026121038673,6.48635196685791,4.945348262786865,0.03334753215312958,1.9106728495511356,0.19176042079925537,10.987062789450022,0.12922774255275726
ppo_gru,10,20024,2,751,239,137,1,1,0,1,0,8.601885599200699,5.204535845658016,-31.933934747369317,0.3494228422641754,1.6271882057189941,0.028778094798326492,1.648863374371496,0.4957699179649353,28.405523908937845,0.27666306495666504
ppo_gru,10,20024,2,752,240,54,1,1,0,1,0,-4.268226193475988,-3.6057524854981113,-27.85478185049762,1.1753637790679932,3.1856689453125,0.0016135394107550383,0.09244899831428945,0.1711006611585617,9.80334575628356,0.08716387301683426
ppo_gru,10,20024,2,753,241,105,1,1,0,1,0,5.058014627582903,0.15287329400322539,-23.32281473241076,0.41624993085861206,1.90721595287323,0.04413402080535889,2.5286931250896307,0.07093703001737595,4.064392431188475,0.07960253953933716
ppo_gru,10,20024,2,754,242,218,1,1,0,1,0,11.397454705730237,7.959260420950879,-34.487278025173524,0.6918156743049622,1.1298115253448486,0.051566991955041885,2.95457100120897,0.1692012995481491,9.694520352237747,0.13616764545440674
ppo_gru,10,20024,2,755,243,81,1,1,0,1,0,1.343921681470049,-1.3393864358611605,-30.990986151314036,0.6402963995933533,2.7337663173675537,0.025484690442681313,1.460165204563025,0.3500780761241913,20.057996261975713,0.2005237340927124
ppo_gru,10,20024,2,756,244,170,1,1,0,1,0,-17.94925902555161,60.2513253103519,81.34243037297435,2.39746356010437,2.389052629470825,0.5722278952598572,32.786243318043944,0.5445913076400757,31.20278348728696,0.844523549079895
ppo_gru,10,20024,2,757,245,225,1,1,0,1,0,4.0035700235163345,12.785089597888367,42.468968787358726,0.6695184111595154,1.306555151939392,0.06597650796175003,3.78017545321955,0.07308310270309448,4.187353338608452,0.10251805931329727
ppo_gru,10,20024,2,758,246,4,1,1,0,1,0,-6.507490052486329,6.590599794307043,8.5166311779806,14.558762550354004,16.718355178833008,0.036892518401145935,2.1137855999943898,0.19102732837200165,10.945059687375382,0.13240617513656616
ppo_gru,10,20024,2,759,247,74,1,1,0,1,0,2.438363873316212,-6.912547591024765,-65.78774004778083,1.098583698272705,2.0939109325408936,0.07623174041509628,4.367756990721883,0.1889762431383133,10.827541160063435,0.17071986198425293
ppo_gru,10,20024,2,760,248,204,1,1,0,1,0,-1.7030803487859993,3.4263780575152367,1.8673873794598261,0.763533890247345,0.29265689849853516,0.0244306530803442,1.3997733122520069,0.15000304579734802,8.594541438295643,0.09943217784166336
ppo_gru,10,20024,2,761,249,172,1,1,0,1,0,-3.308775860385957,1.0603458875094596,-22.955733045657595,1.1536589860916138,1.2032766342163086,0.02232302352786064,1.2790150341176525,0.16403140127658844,9.39830700076534,0.10433872044086456
ppo_gru,10,20024,2,762,250,109,1,1,0,1,0,-0.31387451311876596,1.3829630427658417,-33.54859146716033,0.7679405808448792,2.1695168018341064,0.02719881199300289,1.5583771349688729,0.08456801623106003,4.845390411833582,0.06948281824588776
ppo_gru,10,20024,2,763,251,116,1,1,0,1,0,-3.0316887461368798,0.12480121651447298,-0.04186905961217816,0.2539672553539276,2.2302937507629395,0.033518750220537186,1.9204829221899782,0.1408625692129135,8.07083070726939,0.10395003855228424
ppo_gru,10,20024,2,764,252,315,1,1,0,1,0,-1.1937668027564885,2.6416303030157917,10.130987369448134,0.5179807543754578,0.19787703454494476,0.014185969717800617,0.8127961931303668,0.19043320417404175,10.911018878325685,0.10940257459878922
ppo_gru,10,20024,2,765,253,74,1,1,0,1,0,4.9262602784933565,5.353147101619154,-9.89843308858754,0.7952370643615723,2.127079486846924,0.02272547222673893,1.3020736460339097,0.07986330986022949,4.575830592936683,0.06265712529420853
ppo_gru,10,20024,2,766,254,73,1,1,0,1,0,-7.322140375172089,1.453874066728914,45.818097405361115,0.7802227735519409,3.706951856613159,0.06991684436798096,4.0059400991583285,0.21322478353977203,12.216880184419484,0.17652922868728638
ppo_gru,10,20024,2,767,255,69,1,1,0,1,0,6.2611797706373284,-0.3722316493873549,6.571625528792748,0.4613078236579895,2.1589772701263428,0.039126064628362656,2.241758372161276,0.09851157665252686,5.644297575369287,0.08838185667991638
ppo_gru,10,30031,3,768,0,152,1,1,0,1,0,6.550465602744048,-2.7917032194593117,39.16385390836789,1.1735055446624756,0.7436670660972595,0.028714025393128395,1.6451924678577314,0.026710597798228264,1.5304045221099087,0.04206932336091995
ppo_gru,10,30031,3,769,1,126,1,1,0,1,0,-25.98511318785501,18.669283907476014,83.9906313179717,3.8745625019073486,3.781877279281616,0.21176590025424957,12.133292329356868,1.1763476133346558,67.39975348436306,0.7999396920204163
ppo_gru,10,30031,3,770,2,1,1,1,0,1,0,-8.205748287718299,15.280116720559006,47.770930451337804,9.971515655517578,12.218337059020996,0.051486022770404816,2.94993180865865,0.3580471873283386,20.514592700443774,0.23050960898399353
ppo_gru,10,30031,3,771,3,47,1,1,0,1,0,-10.902525538092773,1.4081664408031889,-42.462316183107134,13.49467658996582,16.392696380615234,0.0375610888004303,2.15209186218076,0.16728222370147705,9.584565405657942,0.12120220065116882
ppo_gru,10,30031,3,772,4,79,1,1,0,1,0,20.045648987503622,7.0501212612871615,-40.20021217151227,1.7956490516662598,1.542494773864746,0.06883248686790466,3.9438109909206,0.19446013867855072,11.141745229809654,0.16606256365776062
ppo_gru,10,30031,3,773,5,74,1,1,0,1,0,-9.30923365002556,10.983422298622404,63.219506957586,0.7760248184204102,4.9165472984313965,0.10720081627368927,6.142154332839747,0.48667803406715393,27.884597333772017,0.35053983330726624
ppo_gru,10,30031,3,774,6,96,1,1,0,1,0,-1.966397801668331,-0.9532895024586796,-18.46425528897057,0.24086758494377136,1.7964603900909424,0.006196294445544481,0.3550215203500533,0.18232101202011108,10.446224505306317,0.09735680371522903
ppo_gru,10,30031,3,775,7,394,1,1,0,1,0,2.4730202531648566,0.06951766537238978,-29.65942711224171,6.856893062591553,6.128856658935547,0.013151252642273903,0.7535112717125668,0.08820129930973053,5.0535621980177,0.05725190043449402
ppo_gru,10,30031,3,776,8,127,1,1,0,1,0,2.681928419118867,0.7206532593280454,1.158167856802382,0.27630898356437683,1.9005728960037231,0.007351841311901808,0.4212294788218959,0.16193445026874542,9.278160558170232,0.08831906318664551
ppo_gru,10,30031,3,777,9,133,1,1,0,1,0,3.054214710019582,0.08737177986280312,22.14860959143719,0.14246529340744019,0.6129801273345947,0.008462855592370033,0.4848859080714891,0.08549080789089203,4.898262479311828,0.0512082576751709
ppo_gru,10,30031,3,778,10,128,1,1,0,1,0,-16.280179358453932,9.214990699857722,-53.77802718485066,1.2388838529586792,1.4032976627349854,0.06445549428462982,3.6930277889388883,0.32568687200546265,18.66048320873045,0.22729893028736115
ppo_gru,10,30031,3,779,11,103,1,1,0,1,0,10.128569482481948,7.168734326413603,-43.293850733421166,0.5395867228507996,2.290405035018921,0.07064979523420334,4.047935090383329,0.0922241061925888,5.284052054201658,0.11676184833049774
ppo_gru,10,30031,3,780,12,104,1,1,0,1,0,20.648372200622227,1.0490624150005985,-54.80403088121329,1.0515867471694946,2.6088030338287354,0.08872806280851364,5.083743523299518,0.20492377877235413,11.741267645528461,0.1911899447441101
ppo_gru,10,30031,3,781,13,129,1,1,0,1,0,-1.1943678594034497,2.2269421977476376,4.463952094331874,0.12566787004470825,0.45669081807136536,0.023878617212176323,1.3681439868661471,0.15709877014160156,9.001096495809604,0.10242800414562225
ppo_gru,10,30031,3,782,14,107,1,1,0,1,0,-5.539843492392282,7.135607908939041,25.559592402563215,0.10860142111778259,1.5351322889328003,0.037552062422037125,2.1515746887945433,0.24535948038101196,14.058062689354909,0.1602317988872528
ppo_gru,10,30031,3,783,15,18,1,1,0,1,0,1.251864391836617,-5.721362599774541,45.37811027940723,5.171511173248291,10.322589874267578,0.06419612467288971,3.678167004852233,0.1244511529803276,7.130525821309728,0.1264217048883438
ppo_gru,10,30031,3,784,16,224,1,1,0,1,0,-1.278133299384486,3.900078997212301,-5.527275944319459,0.7342441082000732,0.2090705931186676,0.011946747079491615,0.6844981865651117,0.14298054575920105,8.192181824479361,0.08343701809644699
ppo_gru,10,30031,3,785,17,90,1,1,0,1,0,-13.394397113366866,7.791005540936784,-51.425163619564664,1.2146680355072021,1.8733584880828857,0.0617358535528183,3.5372038532142174,0.303767591714859,17.404600958114575,0.2136196494102478
ppo_gru,10,30031,3,786,18,93,1,1,0,1,0,-2.324408997203719,0.15321480346172603,-6.221059239452674,0.12016737461090088,3.0796315670013428,0.006256673019379377,0.35848095780381184,0.2122107744216919,12.158781741565708,0.11236205697059631
ppo_gru,10,30031,3,787,19,96,1,1,0,1,0,-4.597878443577484,-3.602911126803386,-24.47897451359716,2.446793794631958,1.5684970617294312,0.008435442112386227,0.48331523136665067,0.1257096827030182,7.202634262811669,0.0712902843952179
ppo_gru,10,30031,3,788,20,104,1,1,0,1,0,4.2673929103972466,-0.30491330492770924,1.8253270745508876,0.3367120623588562,1.0606765747070312,0.02320285141468048,1.3294254587303431,0.11092373728752136,6.3554619943928925,0.07866472005844116
ppo_gru,10,30031,3,789,21,165,1,1,0,1,0,33.391087304899834,42.59363340008979,-64.71616532927588,3.323538303375244,3.397132158279419,0.30408045649528503,17.422526789591274,0.8577629327774048,49.14619587090904,0.732961893081665
ppo_gru,10,30031,3,790,22,106,1,1,0,1,0,-8.052970616363453,7.155715985855559,-43.359639115506724,0.5875099301338196,2.4684407711029053,0.03588230907917023,2.0559048694204094,0.25911879539489746,14.846413368641537,0.16544170677661896
ppo_gru,10,30031,3,791,23,192,1,1,0,1,0,0.4788235815745739,9.633831560141244,38.37193445523994,0.12953776121139526,0.8748898506164551,0.04425029456615448,2.535355120851332,0.22320513427257538,12.788712159469414,0.15585285425186157
ppo_gru,10,30031,3,792,24,85,1,1,0,1,0,6.30509788700051,2.0380055049267445,7.450534271189989,0.5256946682929993,1.1439214944839478,0.0294377189129591,1.686657052204998,0.21193914115428925,12.143218301768188,0.13540728390216827
ppo_gru,10,30031,3,793,25,176,1,1,0,1,0,-35.98106771741199,51.59184755606965,-96.03280123983778,5.7064642906188965,4.495083332061768,0.32244598865509033,18.4747942708599,0.7398028373718262,42.38758025320885,0.6923474073410034
ppo_gru,10,30031,3,794,26,111,1,1,0,1,0,12.505243087214605,16.405663593885407,-54.28193122105752,0.49588072299957275,1.5609127283096313,0.10028146952390671,5.745704967089643,0.4742925465106964,27.174961169575205,0.3374277353286743
ppo_gru,10,30031,3,795,27,81,1,1,0,1,0,-3.178510492535474,0.48404184610046364,1.2376575983629905,0.23188920319080353,3.767751455307007,0.01808365434408188,1.0361170720893087,0.19239503145217896,11.023423301496583,0.11428117007017136
ppo_gru,10,30031,3,796,28,214,1,1,0,1,0,-20.397198824084178,-13.603674109536056,81.36863097863052,3.6845529079437256,2.850536584854126,0.18062418699264526,10.349003592660354,0.6692764759063721,38.346717396824246,0.5152624249458313
ppo_gru,10,30031,3,797,29,213,1,1,0,1,0,4.248965060016552,-0.12787480164097872,-60.44177830516853,15.548750877380371,15.247635841369629,0.051153816282749176,2.930897778989117,0.09042204171419144,5.180801365179045,0.09636484086513519
ppo_gru,10,30031,3,798,30,88,1,1,0,1,0,-0.6365326495101683,-1.8424708493676196,3.4162830379219575,0.8421329855918884,2.569708824157715,0.02444455958902836,1.400570096507371,0.2707156836986542,15.510866123931423,0.1598024070262909
ppo_gru,10,30031,3,799,31,218,1,1,0,1,0,-13.831092088140801,14.245028872600253,34.23505279950329,0.40895938873291016,0.5517544150352478,0.07109105587005615,4.073217462482954,0.8239349126815796,47.20799309013452,0.48305851221084595
ppo_gru,10,30031,3,800,32,60,1,1,0,1,0,-0.7266911465543366,-1.011865204780709,-17.368146530966925,0.32569098472595215,3.027571439743042,0.014380096457898617,0.8239188360286153,0.1851879358291626,10.610487139750537,0.10697406530380249
ppo_gru,10,30031,3,801,33,108,1,1,0,1,0,-4.958184582673996,7.594063866408637,29.678961453267945,0.5477583408355713,2.2984392642974854,0.04895675554871559,2.805015471595078,0.2897456884384155,16.6012050796337,0.19382959604263306
ppo_gru,10,30031,3,802,34,177,1,1,0,1,0,-6.905116345207791,20.02708453333953,-74.21613884206322,1.5120552778244019,1.8175729513168335,0.1093665137887001,6.266239660151839,0.3805387616157532,21.80326498171759,0.2996358871459961
ppo_gru,10,30031,3,803,35,122,1,1,0,1,0,-1.6314453247709058,15.905147331506873,49.21608919668578,0.1780376434326172,1.470666527748108,0.0629543662071228,3.6070194855891486,0.811028003692627,46.46848167850807,0.4684683680534363
ppo_gru,10,30031,3,804,36,105,1,1,0,1,0,6.470033295077979,3.2624535174349307,7.479043480785622,0.7563346028327942,2.3433408737182617,0.01690705306828022,0.9687027848161655,0.13383713364601135,7.668302900044798,0.08382561802864075
ppo_gru,10,30031,3,805,37,73,1,1,0,1,0,-2.492923424406274,2.3425909607742934,-42.99785765554949,1.2760512828826904,2.350316286087036,0.024850547313690186,1.423831479664613,0.5191870927810669,29.747229194022225,0.28444409370422363
ppo_gru,10,30031,3,806,38,126,1,1,0,1,0,-2.0720198469934084,3.57283097369865,-17.679329949552706,0.4469900131225586,0.5339429378509521,0.027668481692671776,1.5852872265250768,0.16291353106498718,9.334257755597193,0.10912524908781052
ppo_gru,10,30031,3,807,39,98,1,1,0,1,0,3.1447966787922907,3.916116281383491,-27.38912687364283,0.21834449470043182,2.1691131591796875,0.03173069655895233,1.8180349938382527,0.1418355256319046,8.126577003727743,0.10264845937490463
ppo_gru,10,30031,3,808,40,27,1,1,0,1,0,-16.270343886049115,1.7027798204625189,28.916848945677923,8.675030708312988,11.055046081542969,0.05162302404642105,2.9577814035622874,0.28207194805145264,16.161532142381642,0.19265899062156677
ppo_gru,10,30031,3,809,41,131,1,1,0,1,0,-1.0667799257076116,-1.19447714243017,-25.280237665509695,0.21231308579444885,1.873997449874878,0.005327919963747263,0.3052673275062127,0.19502617418766022,11.174176675536167,0.10284100472927094
ppo_gru,10,30031,3,810,42,76,1,1,0,1,0,-2.4968029718548412,4.018336892501901,14.164869772500984,0.26295456290245056,2.314542531967163,0.024879835546016693,1.4255095717663206,0.64438396692276,36.92048169057179,0.3470718264579773
ppo_gru,10,30031,3,811,43,96,1,1,0,1,0,25.13769161753153,7.845510450513486,-55.855224315234935,1.4318746328353882,1.1770744323730469,0.10313882678747177,5.909419478852971,0.31851622462272644,18.249635377323138,0.2623969316482544
ppo_gru,10,30031,3,812,44,88,1,1,0,1,0,-10.978422600149955,5.022552285412196,35.322815066341185,0.7632396817207336,2.2095956802368164,0.08748174458742142,5.01233474930068,0.242717444896698,13.906685206779917,0.20884045958518982
ppo_gru,10,30031,3,813,45,164,1,1,0,1,0,-13.9481888512715,4.080792142272498,23.98210557223541,1.0271607637405396,0.5541279315948486,0.06572483479976654,3.765755643221184,0.390972375869751,22.4010670435392,0.2612110376358032
ppo_gru,10,30031,3,814,46,90,1,1,0,1,0,19.291637084269233,-2.831427599672106,-41.60296910249281,1.0894813537597656,2.594160795211792,0.049039606004953384,2.809762453068237,0.043743811547756195,2.5063357815020635,0.07091151177883148
ppo_gru,10,30031,3,815,47,196,1,1,0,1,0,-8.36191373290147,10.208291450474338,21.325913305909154,0.18465107679367065,0.7452523708343506,0.03335645794868469,1.9111842599652404,0.3138560652732849,17.982627914741705,0.19028449058532715
ppo_gru,10,30031,3,816,48,81,1,1,0,1,0,-5.910149028433693,8.84879693769666,-23.512366142256955,1.5256519317626953,2.6308162212371826,0.04076039418578148,2.3353985581348584,0.3047981560230255,17.463647943489335,0.19315947592258453
ppo_gru,10,30031,3,817,49,161,1,1,0,1,0,-0.013674038718365528,-0.6619955947359758,13.196007438734675,0.2038392871618271,1.2515721321105957,0.008270877413451672,0.4738863686608596,0.3745093047618866,21.457802551234806,0.19552552700042725
ppo_gru,10,30031,3,818,50,64,1,1,0,1,0,-3.912509941501724,-6.425582423959535,-30.263762250004437,2.7845780849456787,3.1961097717285156,0.016677796840667725,0.9555673705468789,0.10598550736904144,6.072522261798761,0.06967055052518845
ppo_gru,10,30031,3,819,51,195,1,1,0,1,0,-1.7701254856788446,1.5744542263363193,-33.03660048697618,1.5786089897155762,1.0375453233718872,0.01724773831665516,0.9882226116904157,0.11568216979503632,6.628100094171352,0.07508882135152817
ppo_gru,10,30031,3,820,52,75,1,1,0,1,0,-0.173555106810024,0.027279775545030926,7.84214999744184,0.7600171566009521,2.057377576828003,0.0046012308448553085,0.2636311079756233,0.125879168510437,7.212345084264134,0.06754081696271896
ppo_gru,10,30031,3,821,53,11,1,1,0,1,0,-2.6409472840987904,-10.811656701374924,3.376831865275964,15.27021598815918,15.24771785736084,0.023924756795167923,1.3707875902400595,0.13209746778011322,7.568627388165863,0.08997349441051483
ppo_gru,10,30031,3,822,54,146,1,1,0,1,0,1.3992598741254922,4.0690442169000764,12.781578880654981,0.31467169523239136,0.5762635469436646,0.030898787081241608,1.7703700918284957,0.3600504994392395,20.629374029445838,0.21092402935028076
ppo_gru,10,30031,3,823,55,100,1,1,0,1,0,-0.47397414726386483,-0.6160967235134902,-22.58313256605506,0.8350934982299805,2.2984578609466553,0.006292490754276514,0.3605331628451362,0.2509332001209259,14.377413306640733,0.13175909221172333
ppo_gru,10,30031,3,824,56,163,1,1,0,1,0,2.410920173231101,2.6560146814078385,6.46521118152395,0.9045640230178833,0.9024223685264587,0.00816518533974886,0.4678306589097028,0.055977173149585724,3.2072557705442954,0.03615377098321915
ppo_gru,10,30031,3,825,57,150,1,1,0,1,0,-0.3313597973939986,8.172061794731796,-48.52391782619669,0.8108411431312561,1.0784951448440552,0.05413301661610603,3.101593384414433,0.13548944890499115,7.762973590809406,0.1218777447938919
ppo_gru,10,30031,3,826,58,87,1,1,0,1,0,1.2321524658919603,-0.463865467292246,5.617311497958567,0.5308910012245178,2.6509408950805664,0.008521961979568005,0.48827245460019897,0.13674867153167725,7.835121732785897,0.0768962949514389
ppo_gru,10,30031,3,827,59,70,1,1,0,1,0,-5.110907612515481,7.985502007742068,27.56107005580873,0.5405427813529968,2.614326000213623,0.046807266771793365,2.6818588365666973,0.2735374867916107,15.672543531774796,0.18357601761817932
ppo_gru,10,30031,3,828,60,257,1,1,0,1,0,-5.934792350959099,14.072511954544071,42.515960488848414,0.3168732523918152,0.4199931025505066,0.06298927217721939,3.6090194503554933,0.37636467814445496,21.564107615476885,0.25117161870002747
ppo_gru,10,30031,3,829,61,236,1,1,0,1,0,31.923088406967334,42.21608786352817,-72.99162252766332,1.484673023223877,0.8869872689247131,0.3310489058494568,18.967705117597625,0.8920661211013794,51.11162378571523,0.7770819664001465
ppo_gru,10,30031,3,830,62,127,1,1,0,1,0,-3.6725790563375162,1.5171625995782523,10.16155929617311,0.9325436949729919,0.510283887386322,0.03299350291490555,1.8903884683766672,0.129710391163826,7.431857972678236,0.09784869849681854
ppo_gru,10,30031,3,831,63,129,1,1,0,1,0,34.62306218587337,-0.44146244681460417,-72.52503864508141,2.404191017150879,2.6943352222442627,0.15598782896995544,8.937444255386962,0.5293604731559753,30.330120952885697,0.4206680655479431
ppo_gru,10,30031,3,832,64,62,1,1,0,1,0,-1.3880173827516513,-0.06918981629222917,-11.611280607886657,0.5149969458580017,3.982863426208496,0.014621064066886902,0.8377252630230027,0.26875075697898865,15.398284115842104,0.14899644255638123
ppo_gru,10,30031,3,833,65,9,1,1,0,1,0,1.6754863845391479,3.9700201343132315,66.57955021788207,22.68113136291504,21.774883270263672,0.04226881265640259,2.4218245702410264,0.28618714213371277,16.39731539517236,0.18536238372325897
ppo_gru,10,30031,3,834,66,88,1,1,0,1,0,9.479482945277297,-4.7016426774483175,-35.4404992257405,0.19676439464092255,2.4273407459259033,0.02487894892692566,1.4254587722343686,0.07683729380369186,4.402452644158256,0.06329759955406189
ppo_gru,10,30031,3,835,67,52,1,1,0,1,0,1.1772787261000779,10.696745598778628,-24.79540351746551,1.152666687965393,5.142043590545654,0.08441436290740967,4.836586724880259,0.23276914656162262,13.336689698843074,0.20079892873764038
ppo_gru,10,30031,3,836,68,73,1,1,0,1,0,-0.602600269713545,0.8369303997583424,-15.45356254434231,0.09178680181503296,2.9232521057128906,0.022458985447883606,1.2868050783094636,0.16011092066764832,9.173680008210193,0.10251444578170776
ppo_gru,10,30031,3,837,69,1,1,1,0,1,0,-2.789681483464988,18.121598358689372,53.14369385625323,11.701159477233887,12.88843059539795,0.07607217878103256,4.358614782517821,0.6071810722351074,34.78891283929963,0.37966272234916687
ppo_gru,10,30031,3,838,70,90,1,1,0,1,0,20.868837046651898,1.0881037762963914,-50.682804019054316,0.556273341178894,2.5377418994903564,0.08299216628074646,4.755100860534714,0.2041647881269455,11.697780684856637,0.1850745677947998
ppo_gru,10,30031,3,839,71,61,1,1,0,1,0,1.2937197910704552,1.8133469227466852,4.24783124861433,0.6142444610595703,3.2445273399353027,0.017220458015799522,0.9866595655875405,0.5944941639900208,34.06200654178643,0.31446754932403564
ppo_gru,10,30031,3,840,72,251,1,1,0,1,0,-8.814181538983036,9.76516243750225,61.43204645179367,2.77728009223938,2.5113227367401123,0.09157838672399521,5.247055053901815,0.29783886671066284,17.064910037480452,0.24049782752990723
ppo_gru,10,30031,3,841,73,95,1,1,0,1,0,-0.015531850172608996,2.367234283299699,-23.453462590854762,5.257874965667725,7.3104424476623535,0.0685262382030487,3.9262642349428374,0.10879163444042206,6.2333014997662755,0.12292205542325974
ppo_gru,10,30031,3,842,74,131,1,1,0,1,0,9.57222325382773,6.347854871204791,-23.65902396411547,0.30011919140815735,1.130332112312317,0.03213321045041084,1.8410973410142124,0.17660494148731232,10.118717788377852,0.1204356849193573
ppo_gru,10,30031,3,843,75,124,1,1,0,1,0,-13.38625552787621,4.217013435079233,26.77231981045566,1.2234575748443604,0.6784378290176392,0.046327702701091766,2.6543818393093823,0.21018241345882416,12.042565219064295,0.15141890943050385
ppo_gru,10,30031,3,844,76,196,1,1,0,1,0,-31.51248475482285,59.165461836103276,63.777478771262686,5.941440105438232,5.733038902282715,0.5091921091079712,29.174558813251675,0.7466238737106323,42.77839684732781,0.8825040459632874
ppo_gru,10,30031,3,845,77,77,1,1,0,1,0,2.1209786429640594,-2.6947145332451305,5.7003529378875815,0.2770349085330963,2.540581464767456,0.011783731169998646,0.675158062957678,0.07167451083660126,4.106646969601935,0.0476209856569767
ppo_gru,10,30031,3,846,78,89,1,1,0,1,0,-1.8132922812333252,0.9991610529244853,-15.801246493852638,0.17130368947982788,2.3239452838897705,0.014063996262848377,0.8058076289489744,0.15171939134597778,8.692880794418194,0.08992369472980499
ppo_gru,10,30031,3,847,79,132,1,1,0,1,0,2.1006793207507815,3.451936625389424,0.010900981915340351,0.05251011624932289,0.5047096014022827,0.01031353510916233,0.5909220336149983,0.09972909092903137,5.71405600490992,0.06017807871103287
ppo_gru,10,30031,3,848,80,53,1,1,0,1,0,-2.2191148009588026,8.043367370390415,-22.69159597007486,1.688226580619812,3.055565118789673,0.03907512500882149,2.238839746951565,0.20045176148414612,11.485039929004603,0.13930100202560425
ppo_gru,10,30031,3,849,81,141,1,1,0,1,0,-11.148849480320113,-1.2200493706826976,27.995702313453325,1.8506364822387695,0.6953322887420654,0.03335949406027794,1.9113582163456642,0.15217499434947968,8.718984923652336,0.10944698750972748
ppo_gru,10,30031,3,850,82,21,1,1,0,1,0,-16.80921849080644,4.2476536636959095,36.09249542353158,16.591510772705078,17.328981399536133,0.07666876167058945,4.39279646421915,0.5751722455024719,32.954942160354086,0.364254891872406
ppo_gru,10,30031,3,851,83,1,1,1,0,1,0,-15.56634262791756,-4.817865176365254,63.32116749319247,16.858869552612305,16.24311065673828,0.1577855944633484,9.040448630712632,0.4481067359447479,25.67462474101728,0.38183897733688354
ppo_gru,10,30031,3,852,84,2,1,1,0,1,0,-12.97983195150377,6.707396029114261,20.51045702090133,21.670515060424805,23.11644744873047,0.03621499612927437,2.074966433290034,0.2891625761985779,16.567795209308585,0.180796280503273
ppo_gru,10,30031,3,853,85,309,1,1,0,1,0,-2.7770592938788043,2.6884034384520388,-1.5488273565704314,0.5204341411590576,0.7711631059646606,0.0056995609775185585,0.3265607890892713,0.469462513923645,26.898220687426505,0.2404308170080185
ppo_gru,10,30031,3,854,86,145,1,1,0,1,0,-0.7187134856037617,4.2644695894324816,25.148715542851928,0.6497101187705994,1.4461548328399658,0.029978357255458832,1.7176333474731809,0.17757920920848846,10.174539216917074,0.11876796185970306
ppo_gru,10,30031,3,855,87,207,1,1,0,1,0,-7.134392135266779,4.190580602991283,32.4513625581328,0.7603070735931396,0.9804438948631287,0.07120097428560257,4.079515323784529,0.16724829375743866,9.582621363065428,0.1548251211643219
ppo_gru,10,30031,3,856,88,104,1,1,0,1,0,26.693854597270555,13.685076304064268,-69.99803257671678,2.6825785636901855,2.824352502822876,0.17799478769302368,10.198350110137383,0.6744766235351562,38.64466390879854,0.5152330994606018
ppo_gru,10,30031,3,857,89,100,1,1,0,1,0,-5.5803874953054775,-1.9544859517558288,-44.67338502122366,1.2346103191375732,1.2283991575241089,0.025689629837870598,1.4719073669633345,0.2098636031150818,12.024298731902743,0.13062143325805664
ppo_gru,10,30031,3,858,90,88,1,1,0,1,0,3.794538914157264,4.374271710529606,-42.985508673530106,0.5480378866195679,2.187188148498535,0.0463428758084774,2.655251194324678,0.10899605602025986,6.245013993532378,0.10084090381860733
ppo_gru,10,30031,3,859,91,169,1,1,0,1,0,-36.18089173176988,12.726445593674638,63.150276160158754,1.5157843828201294,2.040041208267212,0.17990878224372864,10.308013919903816,0.7496856451034546,42.95382342597042,0.5547516345977783
ppo_gru,10,30031,3,860,92,100,1,1,0,1,0,1.4915357298123644,0.13687699096705552,16.634597874485895,0.5185712575912476,2.461003303527832,0.015826508402824402,0.9067921359101716,0.39846235513687134,22.830211244185687,0.21505768597126007
ppo_gru,10,30031,3,861,93,104,1,1,0,1,0,0.08666144018912178,10.072944421881365,26.266407698632815,0.7027832865715027,2.548902750015259,0.06439820677042007,3.689745456155874,0.3477873206138611,19.926745639337454,0.23829185962677002
ppo_gru,10,30031,3,862,94,213,1,1,0,1,0,-50.26408610217585,71.29964806646777,40.75390828676852,8.125982284545898,7.80928373336792,0.7378668189048767,42.27665456599326,0.3974147439002991,22.770187541759615,0.9365742206573486
ppo_gru,10,30031,3,863,95,147,1,1,0,1,0,24.11526694029398,11.380433874318566,-52.93693036969861,0.851152777671814,0.8967610597610474,0.11718291789293289,6.7140866262931125,0.371917188167572,21.309285210374757,0.3031415045261383
ppo_gru,10,30031,3,864,96,118,1,1,0,1,0,0.7558697146886311,1.0609332837780807,23.84726397764102,0.6792585253715515,2.0369062423706055,0.03895626962184906,2.2320298349056507,0.1333034187555313,7.637723289357004,0.10560797899961472
ppo_gru,10,30031,3,865,97,177,1,1,0,1,0,-6.953692650584921,25.575110592357486,56.014777534246434,0.7553901672363281,1.133671760559082,0.11994010955095291,6.872062071606337,0.6692326664924622,38.34420730230427,0.4545564353466034
ppo_gru,10,30031,3,866,98,140,1,1,0,1,0,-8.57091752150386,3.8890414115135603,34.09369520444071,1.0192700624465942,2.1198089122772217,0.08295955508947372,4.753232376909893,0.22174836695194244,12.705245540264565,0.19383373856544495
ppo_gru,10,30031,3,867,99,87,1,1,0,1,0,2.893322773930761,1.626227060245016,16.10682915731901,0.256341814994812,2.741454839706421,0.021432053297758102,1.227966200260977,0.06254937499761581,3.5838151985445,0.05270674079656601
ppo_gru,10,30031,3,868,100,99,1,1,0,1,0,3.6491378471060325,-0.3696634982594301,23.984441496931556,0.28607186675071716,1.6212553977966309,0.00967185664921999,0.5541565660558477,0.03348272293806076,1.9184187109567532,0.026413217186927795
ppo_gru,10,30031,3,869,101,85,1,1,0,1,0,43.66989362836539,42.52031814953888,-60.60062118450635,6.174562931060791,6.255069732666016,0.34146204590797424,19.564334094429285,0.7003704905509949,40.12827320407911,0.6916472911834717
ppo_gru,10,30031,3,870,102,215,1,1,0,1,0,34.12167165928108,5.906078235688366,-76.36628239278322,3.309762716293335,3.580456495285034,0.16176442801952362,9.268419000866501,0.5631800889968872,32.26784220532373,0.4433544874191284
ppo_gru,10,30031,3,871,103,78,1,1,0,1,0,12.611766717510124,6.572021679764609,-31.776075415271983,0.8611864447593689,1.1926767826080322,0.05213046818971634,2.986855811311739,0.09048226475715637,5.184251891370371,0.09737160056829453
ppo_gru,10,30031,3,872,104,109,1,1,0,1,0,10.55691796609013,4.03344527094597,-26.383886952357035,0.34689009189605713,0.9632894396781921,0.03809748962521553,2.1828253655682905,0.06915433704853058,3.962251647905988,0.07267466187477112
ppo_gru,10,30031,3,873,105,217,1,1,0,1,0,-8.834945314059874,1.585054679928179,-7.7176902903858675,2.944096326828003,2.9972903728485107,0.030154073610901833,1.7277011530314854,0.12305599451065063,7.050589129245307,0.091682069003582
ppo_gru,10,30031,3,874,106,145,1,1,0,1,0,-5.250899169744063,8.70517171982963,29.302781954540325,0.08818607032299042,1.49290931224823,0.04779183864593506,2.738270649582302,0.27231284976005554,15.602376998431255,0.18394826352596283
ppo_gru,10,30031,3,875,107,280,1,1,0,1,0,-52.61951781858977,23.93777764452203,-103.48224268076056,3.6318085193634033,3.3427062034606934,0.3288561999797821,18.842072325551705,0.6362026929855347,36.4517292229284,0.646957516670227
ppo_gru,10,30031,3,876,108,124,1,1,0,1,0,-5.079598025360143,11.422111688633983,-67.6760961079926,3.0821447372436523,2.3138883113861084,0.06994287669658661,4.00743164171833,0.2867618203163147,16.430242029613698,0.21332378685474396
ppo_gru,10,30031,3,877,109,321,1,1,0,1,0,16.654118555133792,13.27878933147523,-58.46714329536117,1.6351128816604614,1.2239774465560913,0.11942163109779358,6.842355444471836,0.5045344233512878,28.907693077095523,0.3716888427734375
ppo_gru,10,30031,3,878,110,245,1,1,0,1,0,22.152352535102356,35.39509212813826,-76.17492781299615,4.523839473724365,3.154676675796509,0.318305641412735,18.23756984815431,1.0423821210861206,59.72409617812944,0.8394967317581177
ppo_gru,10,30031,3,879,111,55,1,1,0,1,0,8.065579145571297,4.342866500725887,-0.21065669438153325,0.42254579067230225,2.331325054168701,0.03426118940114975,1.963021553784229,0.1375611424446106,7.881672887074119,0.10304176062345505
ppo_gru,10,30031,3,880,112,146,1,1,0,1,0,17.183622140349858,-3.6748193583852804,-42.38723874375035,1.3452800512313843,2.5031886100769043,0.06826408207416534,3.911243795184333,0.08982788026332855,5.146758421695232,0.11317802220582962
ppo_gru,10,30031,3,881,113,112,1,1,0,1,0,-5.787478830940264,5.5579708144494955,17.78913207064983,0.48257526755332947,2.417457342147827,0.021389327943325043,1.2255182177737622,0.2414424568414688,13.833633772285692,0.14211055636405945
ppo_gru,10,30031,3,882,114,144,1,1,0,1,0,-24.525419799953244,12.670137514157053,78.44282382500718,3.999906301498413,3.6714067459106445,0.18704044818878174,10.716628279452536,0.8185863494873047,46.901542992643556,0.5963336229324341
ppo_gru,10,30031,3,883,115,190,1,1,0,1,0,-4.792511514166167,11.401976290960786,25.935662618264118,0.12667050957679749,0.8234154582023621,0.0376674048602581,2.1581833237033536,0.7587414383888245,43.47268216136502,0.41703811287879944
ppo_gru,10,30031,3,884,116,158,1,1,0,1,0,-9.460536000519681,3.7792802715514555,43.460384405764415,0.7270755767822266,1.4165195226669312,0.09953352063894272,5.7028506526896905,0.261003315448761,14.954388414135682,0.2300351858139038
ppo_gru,10,30031,3,885,117,45,1,1,0,1,0,-7.418036231119069,8.844999352518132,-43.407286515156734,11.245022773742676,13.185020446777344,0.03126697242259979,1.7914655579669032,0.18857569992542267,10.804591724452191,0.12555482983589172
ppo_gru,10,30031,3,886,118,95,1,1,0,1,0,-0.6530343865449191,2.962526250601331,11.76300643010932,0.954196572303772,1.4871550798416138,0.013015996664762497,0.7457616750472469,0.13768206536769867,7.88860126021345,0.08185702562332153
ppo_gru,10,30031,3,887,119,189,1,1,0,1,0,14.11399852356273,-2.9146466245195413,-74.36842473979782,2.5307908058166504,3.061182737350464,0.12465402483940125,7.142149522616621,0.3273299038410187,18.754621998513446,0.2883189916610718
ppo_gru,10,30031,3,888,120,66,1,1,0,1,0,3.3574477884114677,-0.9759110889897619,-13.795793670510175,0.5317748188972473,3.2976150512695312,0.03089001774787903,1.7698676460376765,0.30764684081077576,17.626865558990545,0.1847134381532669
ppo_gru,10,30031,3,889,121,110,1,1,0,1,0,-15.302697325955068,1.8365422451680486,40.96516603779702,0.14561258256435394,2.0047340393066406,0.07196944952011108,4.123545711382193,0.2840840816497803,16.276818905382285,0.21401149034500122
ppo_gru,10,30031,3,890,122,102,1,1,0,1,0,-1.169833819904764,-0.8381051922955847,46.83288593110659,2.423096179962158,3.0691349506378174,0.01655910164117813,0.9487666365676618,0.14991629123687744,8.589570768127166,0.09151724725961685
ppo_gru,10,30031,3,891,123,128,1,1,0,1,0,0.4513935418678027,-7.540979636179298,55.79793268847687,0.7526512145996094,1.432005763053894,0.0931481271982193,5.33699455800572,0.2980710566043854,17.078213538436344,0.242183655500412
ppo_gru,10,30031,3,892,124,71,1,1,0,1,0,-3.3466424291445076,4.1667432427879385,-2.01956399416771,1.0763012170791626,2.156477212905884,0.04200136661529541,2.4065010408381027,0.16905277967453003,9.686010790305557,0.12652775645256042
ppo_gru,10,30031,3,893,125,240,1,1,0,1,0,-60.108246507618475,72.50990294588067,25.56199662915106,5.6333909034729,5.1261138916015625,0.732693612575531,41.98025167677139,0.45921921730041504,26.31132302261482,0.9623032212257385
ppo_gru,10,30031,3,894,126,122,1,1,0,1,0,11.245783525020935,6.239569052103408,-43.19593314147986,1.4196701049804688,1.285956859588623,0.03782876953482628,2.167428838518612,0.12691821157932281,7.271877866843612,0.10128787159919739
ppo_gru,10,30031,3,895,127,135,1,1,0,1,0,2.9037319822258607,2.3563879428977192,15.643291539106924,0.32626280188560486,1.5222913026809692,0.03355388343334198,1.9224959070044279,0.19080567359924316,10.932359804387389,0.12895672023296356
ppo_gru,10,30031,3,896,128,1,1,1,0,1,0,-9.561240309642349,10.079146233647736,27.465037596078353,21.12150764465332,22.92839241027832,0.037933286279439926,2.1734172068734208,0.5551329255104065,31.806773700496603,0.31549975275993347
ppo_gru,10,30031,3,897,129,131,1,1,0,1,0,-11.445771463918907,9.05819687727091,-49.3207003740137,1.2408769130706787,1.3464194536209106,0.0589921697974205,3.3800023537113195,0.28958597779273987,16.592054333693177,0.20378515124320984
ppo_gru,10,30031,3,898,130,94,1,1,0,1,0,-8.798881915242207,-0.17721608820515083,6.529879412585631,0.7308148145675659,4.269188404083252,0.03435060754418373,1.9681448359919733,0.1692126989364624,9.69517348907713,0.11895695328712463
ppo_gru,10,30031,3,899,131,289,1,1,0,1,0,25.353757821735712,9.249483155166287,-54.89041911383561,0.45448601245880127,0.6732880473136902,0.11359569430351257,6.508553854449558,0.3665400743484497,21.001199282577577,0.2968657314777374
ppo_gru,10,30031,3,900,132,127,1,1,0,1,0,24.006885498544218,12.997945613182646,-79.54013469630475,6.814383029937744,6.803189277648926,0.22272726893424988,12.761332492407771,0.7963254451751709,45.62608712741372,0.6208900213241577
ppo_gru,10,30031,3,901,133,149,1,1,0,1,0,-0.37867934796384695,1.5767218491407635,28.8500496955952,1.3710795640945435,1.4305130243301392,0.04817549139261246,2.7602523327655186,0.17081713676452637,9.78710100511633,0.13358405232429504
ppo_gru,10,30031,3,902,134,156,1,1,0,1,0,2.6369311328668226,8.931387585140454,-35.74501637969635,0.4252447485923767,0.6475827097892761,0.047130655497312546,2.7003876456810607,0.19869598746299744,11.38444148781407,0.14647865295410156
ppo_gru,10,30031,3,903,135,84,1,1,0,1,0,7.4842207641764915,0.8504268535582876,13.853003334998201,1.1720430850982666,3.5425033569335938,0.029920175671577454,1.7142997882713915,0.21796536445617676,12.488495463369734,0.13890285789966583
ppo_gru,10,30031,3,904,136,191,1,1,0,1,0,-25.167730789501245,28.66227413493321,71.72858394634457,3.4604976177215576,2.3398401737213135,0.25931453704833984,14.857628539258696,1.1118371486663818,63.703576124443146,0.8152331113815308
ppo_gru,10,30031,3,905,137,131,1,1,0,1,0,-0.9907189391103495,5.992247902257247,-40.19370983142242,0.3409386873245239,2.4081451892852783,0.05115598067641258,2.9310217896112354,0.20531752705574036,11.763827760357014,0.15381474792957306
ppo_gru,10,30031,3,906,138,186,1,1,0,1,0,0.46887882614303533,14.704154188608511,46.492687868926595,1.3760517835617065,1.2616888284683228,0.05965692177414894,3.4180898364008376,0.2761310338973999,15.821142834904887,0.1977224349975586
ppo_gru,10,30031,3,907,139,81,1,1,0,1,0,-7.426724231743324,-0.5259382264693219,-4.478432095372301,4.685860633850098,3.124565601348877,0.02157190442085266,1.2359790793744598,0.1381782442331314,7.917030215086336,0.09066102653741837
ppo_gru,10,30031,3,908,140,122,1,1,0,1,0,9.182711225840242,2.8924211889603195,-39.83099946573806,0.6043635010719299,1.171133041381836,0.07439223676919937,4.262361195413063,0.05406830087304115,3.0978854454687625,0.1014263853430748
ppo_gru,10,30031,3,909,141,232,1,1,0,1,0,-16.52005560210478,-1.0060185628511782,42.73675318395824,1.1130026578903198,0.6651277542114258,0.10180453211069107,5.832970025246665,0.3522634506225586,20.18320899738768,0.27793624997138977
ppo_gru,10,30031,3,910,142,127,1,1,0,1,0,0.8415476076372711,3.276687631665237,19.592383973803237,0.5677152276039124,1.837220311164856,0.024107471108436584,1.381256349246985,0.14233511686325073,8.15520147276562,0.09527502954006195
ppo_gru,10,30031,3,911,143,151,1,1,0,1,0,39.09220522397446,41.992371847453576,-69.56751209295253,3.9334280490875244,3.813451051712036,0.3616129457950592,20.7188956113499,0.8534440398216248,48.89874153237406,0.7883349657058716
ppo_gru,10,30031,3,912,144,1,1,1,0,1,0,-23.615966451587706,39.20961617580698,-88.13174769099375,13.322257995605469,13.536913871765137,0.2707611918449402,15.513473548647076,1.1059536933898926,63.36647896814634,0.8237380385398865
ppo_gru,10,30031,3,913,145,124,1,1,0,1,0,-42.88611576072808,48.035586621297455,59.180597535304024,8.561751365661621,8.055943489074707,0.3663457930088043,20.990067781777746,0.7343648076057434,42.07600409874579,0.733528196811676
ppo_gru,10,30031,3,914,146,112,1,1,0,1,0,2.953059608411693,-2.219661216092404,0.6675143875853462,0.24252359569072723,2.20161509513855,0.017882253974676132,1.0245776809299836,0.05025370791554451,2.879325368443878,0.043009109795093536
ppo_gru,10,30031,3,915,147,93,1,1,0,1,0,5.330511854709731,5.061579986329649,19.609650692025028,0.7344871759414673,2.649435043334961,0.027032513171434402,1.5488489143549993,0.30338045954704285,17.382419918784958,0.17872273921966553
ppo_gru,10,30031,3,916,148,161,1,1,0,1,0,-6.314933359405329,3.859302767867325,24.46887949400388,0.6665102243423462,0.47607138752937317,0.04523330554366112,2.5916775010774917,0.19205915927886963,11.004179243510073,0.14126288890838623
ppo_gru,10,30031,3,917,149,1,1,1,0,1,0,-11.285890395827249,11.615146494956884,38.702419988420175,12.417411804199219,13.989027976989746,0.04663717374205589,2.672113223838147,0.7070587873458862,40.511484382557256,0.4001665711402893
ppo_gru,10,30031,3,918,150,214,1,1,0,1,0,0.30245443682650464,2.904469642656222,5.150003615324635,0.10892031341791153,0.5706218481063843,0.009850341826677322,0.5643830134297965,0.07236269116401672,4.1460767979067725,0.046031687408685684
ppo_gru,10,30031,3,919,151,73,1,1,0,1,0,2.097168603517395,-1.0012647511888493,-4.020645496441366,0.32040056586265564,2.4392919540405273,0.03338174894452095,1.912633327286341,0.3462900221347809,19.8409567558148,0.2065267562866211
ppo_gru,10,30031,3,920,152,264,1,1,0,1,0,-45.788891516470144,26.823382304690675,74.19370850082889,6.750711917877197,5.544749736785889,0.30355778336524963,17.392579825175353,1.179460883140564,67.57813070472712,0.893288254737854
ppo_gru,10,30031,3,921,153,131,1,1,0,1,0,-29.719259569371022,3.3734440914476376,71.74437534370564,6.531689167022705,5.647121429443359,0.17295825481414795,9.90977803279893,0.716849148273468,41.07243074361748,0.5313827991485596
ppo_gru,10,30031,3,922,154,138,1,1,0,1,0,-4.401059712454396,10.376942481460292,36.13309406795813,0.6367710828781128,0.87050461769104,0.03660795837640762,2.097481511558746,0.43297502398490906,24.80764150891088,0.25309547781944275
ppo_gru,10,30031,3,923,155,109,1,1,0,1,0,4.556624100990606,-1.7601260887339458,16.020755113398508,0.4444659650325775,2.3292644023895264,0.03433934971690178,1.9674998100022303,0.1355847418308258,7.768433473277185,0.10213172435760498
ppo_gru,10,30031,3,924,156,137,1,1,0,1,0,-52.4214423326594,57.16148433362153,-113.95893324485972,10.80353832244873,11.517141342163086,0.3587108850479126,20.55261977864782,0.6124964952468872,35.09346414420133,0.6649591326713562
ppo_gru,10,30031,3,925,157,170,1,1,0,1,0,15.449245864786862,-0.4157809355353562,-55.75544891183939,1.9568443298339844,1.8133989572525024,0.10190743207931519,5.838865759160855,0.23757371306419373,13.61197108183033,0.22069428861141205
ppo_gru,10,30031,3,926,158,61,1,1,0,1,0,-0.7172928062563991,-4.045999158640453,-37.934228612468836,1.097510814666748,3.1168630123138428,0.008578449487686157,0.49150895041058007,0.14115920662879944,8.08782677924532,0.07915805280208588
ppo_gru,10,30031,3,927,159,114,1,1,0,1,0,13.68605985130475,-0.4310259177628247,-46.263726267569425,0.8215517997741699,2.5121326446533203,0.07091882079839706,4.063349119792755,0.08737412840127945,5.006168796027452,0.11460588872432709
ppo_gru,10,30031,3,928,160,167,1,1,0,1,0,-77.37736895599855,9.978605849065149,-95.67227653468782,9.395624160766602,7.152990341186523,0.4124460518360138,23.63141804703757,0.8945781588554382,51.255552947000325,0.8597351312637329
ppo_gru,10,30031,3,929,161,119,1,1,0,1,0,5.014465341434901,-0.719369183764083,13.430214625374413,0.6544177532196045,1.8345121145248413,0.005127979442477226,0.293811579483794,0.0702325627207756,4.0240294282882845,0.04024425894021988
ppo_gru,10,30031,3,930,162,83,1,1,0,1,0,43.91636783475447,45.40664680975955,-46.45136522444802,8.255346298217773,8.6514310836792,0.296298623085022,16.976660578309303,0.7908381819725037,45.31169010482345,0.6917177438735962
ppo_gru,10,30031,3,931,163,70,1,1,0,1,0,-4.929497788159942,8.868604486289696,-15.992382507586276,7.582174777984619,7.825500011444092,0.05767025426030159,3.3042621725616366,0.1892666071653366,10.844177793334293,0.1523035615682602
ppo_gru,10,30031,3,932,164,131,1,1,0,1,0,-0.6407400460388961,3.552422368458652,6.75466093817075,0.3609395921230316,0.6373230814933777,0.034541238099336624,1.97906716224847,0.27659428119659424,15.847684950019556,0.17283837497234344
ppo_gru,10,30031,3,933,165,134,1,1,0,1,0,11.913625761686442,3.0748282209346804,-30.35703531331013,0.6607826352119446,2.215869426727295,0.03079247660934925,1.7642789504710195,0.06156664341688156,3.5275088265742074,0.06157580018043518
ppo_gru,10,30031,3,934,166,141,1,1,0,1,0,-10.036020419228276,13.923928019339614,53.38813266626965,0.6887985467910767,1.5379267930984497,0.07738018035888672,4.433557752525317,0.5549188256263733,31.79450668074726,0.35483959317207336
ppo_gru,10,30031,3,935,167,184,1,1,0,1,0,-9.501080003432877,4.626756483388298,15.621872065869765,0.6809371709823608,0.7655195593833923,0.04649103805422783,2.6637402656893574,0.18517033755779266,10.609478833074315,0.13907620310783386
ppo_gru,10,30031,3,936,168,197,1,1,0,1,0,-62.16533556108623,75.51338301074539,37.32142404013529,10.122857093811035,8.670117378234863,0.9348374605178833,53.562241018402446,0.5735651850700378,32.86286438015315,1.2216200828552246
ppo_gru,10,30031,3,937,169,148,1,1,0,1,0,-5.449794278374834,1.1370898930237228,-9.182793188110283,0.16840720176696777,0.8151737451553345,0.01501234620809555,0.8601440783131001,0.15860630571842194,9.08747192182723,0.09431549906730652
ppo_gru,10,30031,3,938,170,97,1,1,0,1,0,2.3347908847421386,0.8570931181882201,10.853348176068682,0.3402698338031769,1.9855296611785889,0.030609333887696266,1.7537856454717642,0.2639748454093933,15.124644539576591,0.16259676218032837
ppo_gru,10,30031,3,939,171,194,1,1,0,1,0,-4.054632517751349,1.2210875594365396,14.653979618965597,0.3116503059864044,0.28016018867492676,0.04142335057258606,2.373383161100003,0.11378539353609085,6.519422819853164,0.09831604361534119
ppo_gru,10,30031,3,940,172,99,1,1,0,1,0,0.6136515157906256,11.03953913284323,36.34105966780668,0.49077287316322327,2.9778318405151367,0.05954965576529503,3.4119439468082957,0.2481774538755417,14.219520677371195,0.18363837897777557
ppo_gru,10,30031,3,941,173,98,1,1,0,1,0,-0.8814359123901455,1.2901544323237086,7.425686042989483,0.4557867646217346,1.1487396955490112,0.02988266386091709,1.712150519838659,0.14478470385074615,8.295552468699272,0.10227501392364502
ppo_gru,10,30031,3,942,174,118,1,1,0,1,0,-0.46337369367200504,-0.5609087950197872,13.420324511456235,0.5771521925926208,2.2771291732788086,0.004974589217454195,0.2850229669714123,0.1880149096250534,10.772460807049159,0.09898204356431961
ppo_gru,10,30031,3,943,175,163,1,1,0,1,0,21.34636289228417,15.577953949506583,-60.17031926679555,0.3203210234642029,0.5906941294670105,0.13178519904613495,7.550735707635015,0.43920040130615234,25.164329355294576,0.3513854146003723
ppo_gru,10,30031,3,944,176,146,1,1,0,1,0,-22.302985527057817,3.1593859628594383,71.50616566621227,1.7805721759796143,1.542189359664917,0.135490283370018,7.763021402133596,0.8527145385742188,48.85694418974817,0.5618475675582886
ppo_gru,10,30031,3,945,177,167,1,1,0,1,0,42.29022273677949,42.337528626971,-62.15484439052109,0.8923182487487793,1.934896469116211,0.3083353638648987,17.666315024089247,0.8407765030860901,48.172945140600994,0.7287236452102661
ppo_gru,10,30031,3,946,178,81,1,1,0,1,0,12.343668132208784,-7.844841091974825,-56.380329258625515,0.22836637496948242,1.8436610698699951,0.06214762479066849,3.5607966072679105,0.14022353291511536,8.034216624449892,0.13225939869880676
ppo_gru,10,30031,3,947,179,125,1,1,0,1,0,-8.580206578775078,-0.9683705601460678,2.0741918471494722,2.7173261642456055,1.776952862739563,0.023118838667869568,1.3246118829127767,0.13179589807987213,7.551348717113023,0.08901678770780563
ppo_gru,10,30031,3,948,180,104,1,1,0,1,0,33.529589880889354,54.23551325545811,-64.44601768722353,4.4813032150268555,4.755482196807861,0.4668678939342499,26.749559912593885,0.8304020762443542,47.578534267702295,0.882068932056427
ppo_gru,10,30031,3,949,181,95,1,1,0,1,0,3.0744320699628194,-3.0375353880664107,-6.719007350703284,0.17301331460475922,3.3400232791900635,0.015026387758553028,0.8609485998921336,0.2174673080444336,12.45995893301742,0.12376004457473755
ppo_gru,10,30031,3,950,182,255,1,1,0,1,0,24.663840413672723,6.890923212112504,-48.1448150065043,0.8683955669403076,0.47123757004737854,0.11195025593042374,6.414277180222695,0.33431971073150635,19.15510843294985,0.2791101038455963
ppo_gru,10,30031,3,951,183,199,1,1,0,1,0,-3.576027502230216,8.771137686833615,39.47001030772454,0.24942836165428162,0.8369721174240112,0.04651029407978058,2.664843554683726,0.28533127903938293,16.348278052026252,0.18917593359947205
ppo_gru,10,30031,3,952,184,23,1,1,0,1,0,-0.12344883905881046,4.231056304012779,-48.12060881608578,6.403339385986328,9.06458854675293,0.058677878230810165,3.3619947734079925,0.20931707322597504,11.992984875879174,0.16333641111850739
ppo_gru,10,30031,3,953,185,90,1,1,0,1,0,3.9556767370562045,0.7288494863320607,18.251358292541273,0.6022372245788574,3.463012218475342,0.027859868481755257,1.5962528817941208,0.04064420983195305,2.3287416850150344,0.04818197339773178
ppo_gru,10,30031,3,954,186,168,1,1,0,1,0,37.044186661724474,9.838969461673408,-68.94940729382306,2.593952178955078,2.46161150932312,0.2046229988336563,11.724034224478872,0.7302823066711426,41.84209402533495,0.5697641372680664
ppo_gru,10,30031,3,955,187,231,1,1,0,1,0,9.871276256447569,7.4270520808234854,-37.60184428669934,0.7654195427894592,0.2581552267074585,0.053591836243867874,3.0705860331298678,0.13156695663928986,7.538231338812014,0.1193753182888031
ppo_gru,10,30031,3,956,188,108,1,1,0,1,0,-5.893483366858862,7.429032835682789,-43.38094930571717,0.18142129480838776,0.8667821288108826,0.04905637726187706,2.8107233753070933,0.23315605521202087,13.358857931567997,0.1656344085931778
ppo_gru,10,30031,3,957,189,173,1,1,0,1,0,-3.3847275639564987,0.23795013030490422,-25.74900720862601,1.9027341604232788,1.275167465209961,0.006189043167978525,0.3546060527494461,0.15457411110401154,8.856444188246135,0.08347609639167786
ppo_gru,10,30031,3,958,190,98,1,1,0,1,0,-7.576769827430165,7.178569798818422,26.46157352397676,0.5797320008277893,2.0881731510162354,0.031501654535532,1.804911852565131,0.32480382919311523,18.609888582453582,0.19390356540679932
ppo_gru,10,30031,3,959,191,77,1,1,0,1,0,15.822256155739598,-1.6689840444492958,-4.831306988651839,9.462763786315918,11.131763458251953,0.035660721361637115,2.043208828413825,0.06520634144544601,3.7360481623130366,0.06826388835906982
ppo_gru,10,30031,3,960,192,189,1,1,0,1,0,33.038103128593576,17.492196426672695,-66.06766852072464,2.5874993801116943,3.2633187770843506,0.17719687521457672,10.15263309270155,0.6052658557891846,34.6791790200942,0.4798297882080078
ppo_gru,10,30031,3,961,193,125,1,1,0,1,0,7.387245738340651,0.8659450433525566,-56.66719720376605,2.654247999191284,3.194667100906372,0.061512283980846405,3.524394260312681,0.1293584257364273,7.4116918391537725,0.12619149684906006
ppo_gru,10,30031,3,962,194,66,1,1,0,1,0,5.387011179524077,0.5434644918795746,20.37095723729299,0.846305787563324,3.934148073196411,0.032981257885694504,1.8896868798828599,0.15126851201057434,8.667047311429913,0.10861551761627197
ppo_gru,10,30031,3,963,195,238,1,1,0,1,0,-29.74608855243083,25.80802004305492,79.77583086418355,1.6108403205871582,1.237182378768921,0.3553237318992615,20.35855019866566,1.3895074129104614,79.61291036191123,1.0500774383544922
ppo_gru,10,30031,3,964,196,92,1,1,0,1,0,12.557890185337063,1.0689519258636755,-43.54356244947683,0.43397629261016846,1.2974942922592163,0.04911814257502556,2.814262267070806,0.17577166855335236,10.070974766079463,0.13700397312641144
ppo_gru,10,30031,3,965,197,107,1,1,0,1,0,1.9863419540447682,4.234553360867825,22.87282820951198,0.24158638715744019,1.0998908281326294,0.03553726151585579,2.036135100311219,0.0671592652797699,3.8479424557303012,0.06911689043045044
ppo_gru,10,30031,3,966,198,56,1,1,0,1,0,5.1243630851804065,-7.093356358733343,-8.896580941130068,0.8000887036323547,3.499997138977051,0.009965101256966591,0.5709582444446973,0.10609296709299088,6.078679250448704,0.06301158666610718
ppo_gru,10,30031,3,967,199,146,1,1,0,1,0,18.2659065954734,5.487087111243103,-47.92608502852381,0.9569385647773743,1.696852684020996,0.06765178591012955,3.876161809173032,0.19660522043704987,11.264649361282157,0.16595439612865448
ppo_gru,10,30031,3,968,200,73,1,1,0,1,0,3.863605787044433,-1.2717948838347142,-7.404976909426004,1.0774784088134766,2.3943703174591064,0.01810099370777607,1.037110544448428,0.09329263865947723,5.345274454827067,0.06474731117486954
ppo_gru,10,30031,3,969,201,101,1,1,0,1,0,-6.673381687047598,6.7660946748413515,18.950756003172238,0.640811562538147,2.416193723678589,0.020539671182632446,1.1768364713513195,0.33256131410598755,19.05435972759758,0.18682032823562622
ppo_gru,10,30031,3,970,202,78,1,1,0,1,0,-3.955786020082925,0.029861587051295747,17.3141470553888,0.23686228692531586,1.8092055320739746,0.0279933400452137,1.603900239065302,0.15512695908546448,8.888120044295714,0.10555681586265564
ppo_gru,10,30031,3,971,203,79,1,1,0,1,0,-1.8162429229547707,-5.558093757854556,31.33093832668391,1.117907166481018,1.9660073518753052,0.05041052773594856,2.88831048229703,0.10115344077348709,5.795665239547348,0.10098724812269211
ppo_gru,10,30031,3,972,204,94,1,1,0,1,0,4.573330743700458,1.6997608768493733,12.734423254625213,0.24187208712100983,2.0115694999694824,0.033418722450733185,1.9147517531461027,0.14916352927684784,8.546440684839474,0.1080004870891571
ppo_gru,10,30031,3,973,205,83,1,1,0,1,0,6.743486748688609,3.343650806288042,-13.282054161898495,0.3932572603225708,2.2013134956359863,0.008920966647565365,0.5111337380824663,0.15016618371009827,8.603888552174805,0.08400405943393707
ppo_gru,10,30031,3,974,206,122,1,1,0,1,0,2.546444786742494,3.571437615107967,-10.704231486108963,0.7287240028381348,1.3301308155059814,0.02771124057471752,1.5877371300029959,0.08853358030319214,5.072600496555465,0.07197803258895874
ppo_gru,10,30031,3,975,207,92,1,1,0,1,0,33.12296139884182,64.50606871040628,106.9490281374056,7.402649402618408,7.76550817489624,0.6629809141159058,37.98600827656671,0.6409938335418701,36.72624135586038,0.9834778308868408
ppo_gru,10,30031,3,976,208,114,1,1,0,1,0,3.615068863526009,3.0523705589436783,-23.657275435687946,0.3768259286880493,1.056870937347412,0.038651540875434875,2.2145701638398054,0.07911350578069687,4.532869983717772,0.07820829749107361
ppo_gru,10,30031,3,977,209,24,1,1,0,1,0,26.463540618457724,7.31679916724114,-47.06231198532732,10.410033226013184,10.14505672454834,0.11683196574449539,6.693978549376594,0.32760775089263916,18.77054146192145,0.2806358337402344
ppo_gru,10,30031,3,978,210,141,1,1,0,1,0,5.181395164750013,4.358835483005377,-43.162875025897,0.8739093542098999,1.7631338834762573,0.05201425030827522,2.9801970172012116,0.10607170313596725,6.077460915455503,0.10505010187625885
ppo_gru,10,30031,3,979,211,150,1,1,0,1,0,-11.452000596441959,4.461465905473989,40.53683121456718,1.46464204788208,1.859697699546814,0.05601050332188606,3.209165448747549,0.28412893414497375,16.279388764057504,0.19807496666908264
ppo_gru,10,30031,3,980,212,79,1,1,0,1,0,7.1290645877141685,-0.2620197169400292,11.922819196309279,1.8446449041366577,3.1891567707061768,0.019709588959813118,1.129276263334934,0.10964952409267426,6.282454956128272,0.0745343491435051
ppo_gru,10,30031,3,981,213,64,1,1,0,1,0,17.394948193270054,2.128628454834474,-37.08083745681076,0.5718091726303101,2.4557154178619385,0.0897069126367569,5.139827487234961,0.15432727336883545,8.842301427795977,0.16687054932117462
ppo_gru,10,30031,3,982,214,112,1,1,0,1,0,5.339828232737629,1.873698474252918,-28.98881181877318,0.41215935349464417,2.9227874279022217,0.02571331150829792,1.47326422673064,0.06694628298282623,3.835739469004427,0.05918645113706589
ppo_gru,10,30031,3,983,215,91,1,1,0,1,0,-1.6003543036690075,-0.7316088827567458,14.604310483321264,0.7060901522636414,2.5392558574676514,0.013436769135296345,0.7698701617441291,0.2607010006904602,14.937067054400531,0.14378726482391357
ppo_gru,10,30031,3,984,216,101,1,1,0,1,0,-0.14683540677693413,9.5028285318604,27.00701877071564,0.06609272956848145,1.2697594165802002,0.04986992105841637,2.857336001297845,0.3651265799999237,20.920212022041444,0.23243321478366852
ppo_gru,10,30031,3,985,217,188,1,1,0,1,0,-2.035901806662381,19.90367667541574,54.36370224580091,0.45581865310668945,0.6175227165222168,0.1007685512304306,5.773612693151493,0.700234055519104,40.12045605257403,0.4508855938911438
ppo_gru,10,30031,3,986,218,100,1,1,0,1,0,2.889935000102435,-0.9143301034329269,24.349310202393635,0.5056861042976379,1.577965497970581,0.019804755225777626,1.1347288887267197,0.2148745357990265,12.311404026116936,0.12724202871322632
ppo_gru,10,30031,3,987,219,107,1,1,0,1,0,-15.75387230176943,21.998495693858647,55.033142746732196,0.5503424406051636,2.8738317489624023,0.11920586973428726,6.829993228960936,0.6269067525863647,35.91911107145081,0.43265923857688904
ppo_gru,10,30031,3,988,220,191,1,1,0,1,0,24.895834619021375,8.99303687258899,-51.3929251266822,1.3983955383300781,1.427222490310669,0.11644411087036133,6.671756102025135,0.3586426079273224,20.548707787800694,0.29576539993286133
ppo_gru,10,30031,3,989,221,74,1,1,0,1,0,-7.404102645212243,2.5375655408214772,-24.77371083666155,0.6132694482803345,1.7039566040039062,0.01795126497745514,1.0285317201291864,0.17733553051948547,10.16057745647992,0.10661903023719788
ppo_gru,10,30031,3,990,222,148,1,1,0,1,0,28.755246669915422,16.45107069148765,-66.70161935872854,1.3069567680358887,2.529226541519165,0.16004712879657745,9.17002500323059,0.5560914278030396,31.86169183651809,0.43809282779693604
ppo_gru,10,30031,3,991,223,161,1,1,0,1,0,0.9144257260813071,3.092832599586834,-24.515365761494987,0.4495316743850708,0.8606769442558289,0.017997262999415398,1.0311672126534592,0.1212317943572998,6.946070159471187,0.07861316204071045
ppo_gru,10,30031,3,992,224,304,1,1,0,1,0,-9.439335093335961,19.5206669875181,-49.87979233871426,0.7017285227775574,0.6120774745941162,0.09028597176074982,5.173005131128298,0.3191487789154053,18.285878068606518,0.24986036121845245
ppo_gru,10,30031,3,993,225,103,1,1,0,1,0,-9.207163303068889,8.143511604001143,-48.63576900404482,0.8066478967666626,2.7598876953125,0.0689190924167633,3.9487731233526144,0.36356621980667114,20.830809968447852,0.2507022023200989
ppo_gru,10,30031,3,994,226,115,1,1,0,1,0,2.8824627731504413,-0.7639566586659262,-15.858620082880746,0.8936029076576233,2.017878532409668,0.02433858811855316,1.394498378500347,0.050169944763183594,2.8745260933348864,0.04942356050014496
ppo_gru,10,30031,3,995,227,175,1,1,0,1,0,-0.2525120936153714,0.26424635860945334,-3.173702039359785,0.5874890089035034,0.6578989624977112,0.013608857057988644,0.7797300734195715,0.09684398025274277,5.548751339730448,0.0620308481156826
ppo_gru,10,30031,3,996,228,121,1,1,0,1,0,-3.649848186779714,3.3101828793549797,20.137323786543533,0.8133590817451477,0.4998176693916321,0.024674732238054276,1.4137580178559022,0.16569849848747253,9.493824634987032,0.10752397775650024
ppo_gru,10,30031,3,997,229,76,1,1,0,1,0,1.710825783304794,-3.597446975467376,-24.423786585103457,0.11546743661165237,4.209217548370361,0.015677422285079956,0.8982501305794244,0.29089969396591187,16.66732472589401,0.1611272692680359
ppo_gru,10,30031,3,998,230,238,1,1,0,1,0,-19.376768562084273,21.869282175140345,73.6472387257145,5.193167686462402,5.183524131774902,0.2167728990316391,12.42017222732845,0.9498355984687805,54.42157102354384,0.6916906833648682
ppo_gru,10,30031,3,999,231,154,1,1,0,1,0,9.932228864600763,-3.0708120697027126,48.17705349938676,0.4181821346282959,1.3375320434570312,0.03386899083852768,1.940550231414887,0.054420508444309235,3.1180654528149767,0.0610792450606823
ppo_gru,10,30031,3,1000,232,115,1,1,0,1,0,-7.155702325477218,10.7882701336568,38.581921791082806,0.05220669135451317,1.6008909940719604,0.03451536223292351,1.977584584311754,0.43956729769706726,25.185350970012585,0.25429901480674744
ppo_gru,10,30031,3,1001,233,143,1,1,0,1,0,0.2825512655850875,1.3566394937046127,-16.909048535715346,0.12923172116279602,0.5948897004127502,0.026296235620975494,1.5066633181634734,0.1763254553079605,10.102704409868757,0.11445896327495575
ppo_gru,10,30031,3,1002,234,98,1,1,0,1,0,-4.557334440664288,-1.4491612362016053,-39.47205936447555,1.7422840595245361,2.488558769226074,0.016475046053528786,0.9439506061508623,0.1394389569759369,7.989263734427452,0.08619452267885208
ppo_gru,10,30031,3,1003,235,1,1,1,0,1,0,-10.183934995894072,20.66563891884402,47.378877592979066,22.225807189941406,22.875425338745117,0.08362758159637451,4.791507476358175,0.9438179731369019,54.076786489336186,0.5555365681648254
ppo_gru,10,30031,3,1004,236,77,1,1,0,1,0,-5.6842063706896715,5.446037674331327,-40.04000325434045,0.580058217048645,3.741307020187378,0.03385232016444206,1.9395950721481432,0.23304028809070587,13.352224964110269,0.1503724604845047
ppo_gru,10,30031,3,1005,237,1,1,1,0,1,0,-17.084393152087912,10.940487729499704,54.743187556086816,19.393421173095703,21.303199768066406,0.10743426531553268,6.155529977668748,0.5354424715042114,30.678593789245163,0.375155508518219
ppo_gru,10,30031,3,1006,238,117,1,1,0,1,0,13.282354690221975,1.6569082699967133,68.56907504008007,1.5317654609680176,2.253904104232788,0.07179827243089676,4.113737986620878,0.26792338490486145,15.35087918790763,0.20575997233390808
ppo_gru,10,30031,3,1007,239,109,1,1,0,1,0,29.75110191128162,26.62354462995444,-59.290590901697904,1.546215534210205,3.688699245452881,0.18881414830684662,10.81825381033951,0.625847578048706,35.85842484067524,0.5017379522323608
ppo_gru,10,30031,3,1008,240,227,1,1,0,1,0,-19.39616629932711,6.66368281842618,57.77117433969355,0.5686911344528198,0.5920025706291199,0.13604287803173065,7.79468274403119,0.5923050045967102,33.93657694786832,0.43219536542892456
ppo_gru,10,30031,3,1009,241,127,1,1,0,1,0,31.21925107337586,3.576655879633857,-56.28929649736759,1.0589196681976318,1.6075879335403442,0.11818693578243256,6.771612613917076,0.3686620891094208,21.12278177244568,0.30251798033714294
ppo_gru,10,30031,3,1010,242,78,1,1,0,1,0,-10.304419532853096,10.310484740836069,51.753750360155635,0.8299400806427002,3.967695951461792,0.08440940827131271,4.836302845142881,0.41796234250068665,23.94747822069074,0.29339057207107544
ppo_gru,10,30031,3,1011,243,84,1,1,0,1,0,-31.39358482175127,19.750803381412513,75.86942711179982,1.837677240371704,1.639958143234253,0.2197633534669876,12.591512645300098,0.993989109992981,56.95138088456277,0.7167578935623169
ppo_gru,10,30031,3,1012,244,69,1,1,0,1,0,-7.998656952083512,1.2718905064830945,25.6035105189264,3.982327461242676,6.226919651031494,0.04816281795501709,2.7595261982793815,0.23866456747055054,13.674472435377822,0.16749510169029236
ppo_gru,10,30031,3,1013,245,54,1,1,0,1,0,3.049993653112514,-3.33713480581985,19.603339597231937,1.1001676321029663,4.107036113739014,0.028978466987609863,1.6603438551492296,0.12420604377985,7.116482098602536,0.09108148515224457
ppo_gru,10,30031,3,1014,246,56,1,1,0,1,0,10.68606318291673,-0.2515831878882497,-19.269507271358393,0.5830865502357483,4.120233058929443,0.022176988422870636,1.2706478389409752,0.10040803253650665,5.752956493554081,0.07238100469112396
ppo_gru,10,30031,3,1015,247,99,1,1,0,1,0,-18.356447583111088,9.438829659337381,39.57821416455589,1.4266425371170044,2.498075485229492,0.07359395176172256,4.216622833636072,0.31611427664756775,18.11201389573655,0.23165109753608704
ppo_gru,10,30031,3,1016,248,175,1,1,0,1,0,-15.145165842937894,9.926751052886411,74.28607997916414,1.6915173530578613,2.043142318725586,0.15107063949108124,8.655710051181337,0.6607744097709656,37.85958489012435,0.48145782947540283
ppo_gru,10,30031,3,1017,249,77,1,1,0,1,0,-3.3480631084918704,3.059624219842232,-24.930531980005043,0.20095853507518768,2.531040668487549,0.035656411200761795,2.0429618743866467,0.18278393149375916,10.47274783740077,0.12704837322235107
ppo_gru,10,30031,3,1018,250,95,1,1,0,1,0,-28.057337940523517,6.969688953621091,54.051781166784764,1.468870997428894,3.700467824935913,0.15506425499916077,8.884527364792289,0.7451522350311279,42.694078162024006,0.5276403427124023
ppo_gru,10,30031,3,1019,251,134,1,1,0,1,0,-6.864681625321316,7.57443390273402,29.04812518152557,0.5387600660324097,2.4845221042633057,0.045427724719047546,2.602816899283548,0.2754840850830078,15.784075398279226,0.18316976726055145
ppo_gru,10,30031,3,1020,252,82,1,1,0,1,0,0.9946258073155968,-0.08121094923145161,-17.924069287892603,0.8523848652839661,2.010624408721924,0.020449323579669,1.1716599350123902,0.0919412299990654,5.267844442188041,0.06641993671655655
ppo_gru,10,30031,3,1021,253,201,1,1,0,1,0,3.596012635741673,-0.5479041148400828,15.299801325746982,0.21691319346427917,0.558794379234314,0.015616574324667454,0.894763799255809,0.020144162699580193,1.154175504510804,0.02568865567445755
ppo_gru,10,30031,3,1022,254,136,1,1,0,1,0,6.178957953408715,6.855419888806778,19.504411137293474,1.1212701797485352,2.283944606781006,0.029935723170638084,1.7151905943495493,0.3012430667877197,17.259956334513923,0.1805572509765625
ppo_gru,10,30031,3,1023,255,90,1,1,0,1,0,-5.772507056279596,7.518112162838095,17.627516134508987,0.30963829159736633,3.363776922225952,0.029324641451239586,1.6801781908904176,0.35385656356811523,20.27448764545573,0.20625291764736176
ppo_gru,10,40038,4,1024,0,142,1,1,0,1,0,-26.412136614764208,33.40988398549571,63.14888280156807,1.3778406381607056,1.7640303373336792,0.21976791322231293,12.59177390003585,0.9752854704856873,55.87974127926069,0.7074106335639954
ppo_gru,10,40038,4,1025,1,116,1,1,0,1,0,5.3564392527991,2.745708725588446,-15.350672574685237,0.197475865483284,1.795373558998108,0.021385619416832924,1.2253057348575513,0.08491251617670059,4.865128804761273,0.06384187936782837
ppo_gru,10,40038,4,1026,2,30,1,1,0,1,0,6.635173608830547,2.375662736735495,-8.928218377365567,10.872615814208984,12.40947151184082,0.036013565957546234,2.0634253345834166,0.11619269847869873,6.657351233065579,0.0941099151968956
ppo_gru,10,40038,4,1027,3,130,1,1,0,1,0,1.2924083947498128,3.443795039898769,-0.16065970965703993,0.29354092478752136,0.44902488589286804,0.026322344318032265,1.508159236313412,0.0905831828713417,5.19003407338961,0.07161393761634827
ppo_gru,10,40038,4,1028,4,165,1,1,0,1,0,37.92500785708932,11.700974652067265,-69.14371251533159,1.1848188638687134,0.7660172581672668,0.2294209897518158,13.144854444493157,0.7777770757675171,44.563343843505585,0.618309497833252
ppo_gru,10,40038,4,1029,5,148,1,1,0,1,0,-4.918842693054723,1.3542762482517883,-7.350772528172783,0.3837437629699707,0.4307357370853424,0.008597617968916893,0.492607223484777,0.15531952679157257,8.899153361126224,0.08625738322734833
ppo_gru,10,40038,4,1030,6,82,1,1,0,1,0,1.7030393676509794,-1.1649707252157149,-27.264653506208518,0.42560070753097534,2.500028610229492,0.011658244766294956,0.6679682216391818,0.15271706879138947,8.750043501355677,0.08801677823066711
ppo_gru,10,40038,4,1031,7,145,1,1,0,1,0,-1.042956225882607,-1.0205532054049653,-23.637112717258066,0.5925011038780212,1.9734019041061401,0.013425849378108978,0.7692445057439854,0.29486095905303955,16.89428849691895,0.16085633635520935
ppo_gru,10,40038,4,1032,8,128,1,1,0,1,0,-10.031758381186188,0.8296084369680887,64.74321287838913,0.7070617079734802,1.6501460075378418,0.1304154396057129,7.47225427275063,0.46635445952415466,26.72014228783864,0.3635926842689514
ppo_gru,10,40038,4,1033,9,95,1,1,0,1,0,47.45276657942027,31.76451873519632,-84.31733292635175,1.2966535091400146,1.7209750413894653,0.31333982944488525,17.953049780540965,0.9535470008850098,54.63421871806843,0.7901133298873901
ppo_gru,10,40038,4,1034,10,157,1,1,0,1,0,-17.111768550281326,21.33550289150385,85.4846395762636,3.2844181060791016,2.9213716983795166,0.17406240105628967,9.97304095243888,0.8199740052223206,46.98104980967709,0.58404940366745
ppo_gru,10,40038,4,1035,11,139,1,1,0,1,0,-15.414166013209677,30.304442856701034,70.62627337657455,0.3207574188709259,1.261108636856079,0.20460742712020874,11.72314203101854,1.0263798236846924,58.807232074514445,0.7177973389625549
ppo_gru,10,40038,4,1036,12,115,1,1,0,1,0,22.318735943283865,-7.441532081863913,-67.46097246989387,2.523332357406616,2.9421300888061523,0.10752057284116745,6.160475034627837,0.3218649625778198,18.441503928845258,0.26845306158065796
ppo_gru,10,40038,4,1037,13,126,1,1,0,1,0,7.543151636335362,8.391556753899327,-47.66331399077508,0.9785100221633911,3.025994300842285,0.1010386273264885,5.789086913602979,0.18480543792247772,10.588571624024906,0.19344134628772736
ppo_gru,10,40038,4,1038,14,100,1,1,0,1,0,0.5960706088670128,-1.9338861012190702,-34.43793673860935,0.40744268894195557,2.0962464809417725,0.041651301085948944,2.386443763453537,0.2198154628276825,12.59449829174104,0.1515590250492096
ppo_gru,10,40038,4,1039,15,52,1,1,0,1,0,6.355791551020346,1.5557395080104843,-45.68059203699042,1.8561341762542725,3.310701608657837,0.08714713156223297,4.993162835187277,0.10377137362957001,5.945661743249528,0.13903281092643738
ppo_gru,10,40038,4,1040,16,141,1,1,0,1,0,2.4398391941769346,-8.748775647490993,42.41936795360609,0.7915782928466797,0.6406766772270203,0.07857740670442581,4.502153769246578,0.1796063631772995,10.29068658375314,0.16838058829307556
ppo_gru,10,40038,4,1041,17,63,1,1,0,1,0,13.515523688107871,4.317280612095019,-73.27767085010346,5.233499526977539,6.173645973205566,0.16259557008743286,9.316039933533476,0.5132335424423218,29.406115886493446,0.41921234130859375
ppo_gru,10,40038,4,1042,18,279,1,1,0,1,0,-28.391525436233902,10.558707475652671,59.65761794693771,7.279205799102783,6.436870098114014,0.11551294475793839,6.618404213757696,0.47895437479019165,27.442064254805015,0.3549901247024536
ppo_gru,10,40038,4,1043,19,116,1,1,0,1,0,-24.416628546853282,0.6927451063793733,64.72591883941065,1.813326120376587,3.4552712440490723,0.14582815766334534,8.355337968278041,0.6399498581886292,36.666425974203996,0.4658030867576599
ppo_gru,10,40038,4,1044,20,379,1,1,0,1,0,6.1352174219639535,16.623054854788574,73.58339011735323,2.229182243347168,1.7880463600158691,0.09639099985361099,5.522797474658046,0.3711452782154083,21.265058027951632,0.28196364641189575
ppo_gru,10,40038,4,1045,21,220,1,1,0,1,0,-15.29351755171057,10.876242970166563,-47.462998202796946,0.687360405921936,1.1981397867202759,0.062015168368816376,3.5532074133263802,0.2883555591106415,16.52155653617489,0.20619294047355652
ppo_gru,10,40038,4,1046,22,184,1,1,0,1,0,-4.584381989777539,27.54822930016911,-70.43505540057087,0.6035537719726562,0.7972754240036011,0.13928742706775665,7.98058171021872,0.47996723651885986,27.50009695708803,0.3792710304260254
ppo_gru,10,40038,4,1047,23,262,1,1,0,1,0,-11.589314719515896,0.8889491204771596,38.63316187023624,0.9698572158813477,0.7086108922958374,0.06631824374198914,3.799755471135861,0.20129168033599854,11.533163734349221,0.1669640839099884
ppo_gru,10,40038,4,1048,24,65,1,1,0,1,0,10.891242065583912,1.9098028542056054,48.50971103272306,0.8415493369102478,3.050352096557617,0.05121487379074097,2.934396116504633,0.08814401179552078,5.050279865234686,0.09528687596321106
ppo_gru,10,40038,4,1049,25,217,1,1,0,1,0,21.037570039907894,3.8264905390945834,-62.59744064873792,2.083033561706543,1.6777503490447998,0.1388220191001892,7.953915797925344,0.46602344512939453,26.70117656006081,0.3718337416648865
ppo_gru,10,40038,4,1050,26,166,1,1,0,1,0,14.118588410684977,26.388326575317542,-76.49425281707258,1.891929030418396,1.7286880016326904,0.18792249262332916,10.767165702895108,0.9871808290481567,56.561295120685,0.6815128922462463
ppo_gru,10,40038,4,1051,27,128,1,1,0,1,0,5.867146157419293,3.440475567962143,-1.4598163313068253,1.3597642183303833,0.7152779698371887,0.0025193931069225073,0.1443505919610114,0.2285446971654892,13.09464657767804,0.1167917400598526
ppo_gru,10,40038,4,1052,28,73,1,1,0,1,0,-0.886517573132635,3.30496461482909,-48.74374063444438,0.638106644153595,2.136597156524658,0.02476014383137226,1.4186517416745104,0.21345913410186768,12.230307482554082,0.13148970901966095
ppo_gru,10,40038,4,1053,29,391,1,1,0,1,0,33.97752734703713,13.803006350273709,-70.15889719204891,3.3271615505218506,2.7159461975097656,0.18387293815612793,10.535143323016127,0.6805605292320251,38.99324602818473,0.5241532325744629
ppo_gru,10,40038,4,1054,30,132,1,1,0,1,0,4.388738051191693,-5.392584613886807,54.644423020688436,1.0018670558929443,2.288410186767578,0.06149056553840637,3.52314988522327,0.1874157041311264,10.738128861186091,0.15519842505455017
ppo_gru,10,40038,4,1055,31,96,1,1,0,1,0,0.12309366922196979,-0.7625359793185635,24.264738800090537,0.23166942596435547,0.7521565556526184,0.029168805107474327,1.6712494260979185,0.1783534437417984,10.218899588029014,0.11834552884101868
ppo_gru,10,40038,4,1056,32,176,1,1,0,1,0,15.820248080123614,5.096113422773234,-34.81283216177301,0.5695292949676514,0.8337664008140564,0.05961444973945618,3.415656368065609,0.14769527316093445,8.462315806153365,0.1334620863199234
ppo_gru,10,40038,4,1057,33,134,1,1,0,1,0,0.26482009449973437,-0.09558166724515843,25.993814848857607,1.2905138731002808,1.4056065082550049,0.011825460940599442,0.6775490026931527,0.14810378849506378,8.485722010665352,0.08587735891342163
ppo_gru,10,40038,4,1058,34,103,1,1,0,1,0,1.0235038471264106,-0.2856794922249533,-6.786107129109489,0.9911608695983887,1.6346429586410522,0.010808317922055721,0.6192710005694007,0.0886508896946907,5.079321829585581,0.05513376370072365
ppo_gru,10,40038,4,1059,35,89,1,1,0,1,0,-7.649497681712461,23.326762581751026,46.96056948745081,1.6681269407272339,3.127500534057617,0.1160116121172905,6.646975748829505,0.40970346331596375,23.47427929989767,0.3208633363246918
ppo_gru,10,40038,4,1060,36,114,1,1,0,1,0,-1.357472776783354,0.26749752865437937,-14.834638122512434,0.3964424133300781,0.6277644634246826,0.006539287511259317,0.3746735754177667,0.2023339420557022,11.592880932036289,0.10770625621080399
ppo_gru,10,40038,4,1061,37,141,1,1,0,1,0,-2.3384518661372655,0.4002081042277271,25.634902068351778,0.7508938312530518,0.7365351319313049,0.06949401646852493,3.9817138450591165,0.07236090302467346,4.145974345069223,0.10567446798086166
ppo_gru,10,40038,4,1062,38,376,1,1,0,1,0,-5.5696231171735375,5.038890097906867,19.662024582580685,0.11268102377653122,1.0553284883499146,0.036313496530056,2.0806100905351688,0.1663128286600113,9.529023161101046,0.11946991086006165
ppo_gru,10,40038,4,1063,39,80,1,1,0,1,0,8.692221681163288,-2.3949511909516112,-22.56728652718063,0.9960722923278809,1.8317121267318726,0.041184693574905396,2.3597091223816378,0.1010487750172615,5.789668333456077,0.09170907735824585
ppo_gru,10,40038,4,1064,40,115,1,1,0,1,0,5.467634732486907,1.96060580125216,-32.7284223516252,0.48825743794441223,2.281503438949585,0.04846974089741707,2.7771115875146375,0.25680553913116455,14.713873547797439,0.17687250673770905
ppo_gru,10,40038,4,1065,41,27,1,1,0,1,0,28.059646544462982,6.408780158601305,-48.53009231720638,8.543678283691406,10.876651763916016,0.09565549343824387,5.480656061252714,0.2801112234592438,16.049190898460562,0.23571109771728516
ppo_gru,10,40038,4,1066,42,72,1,1,0,1,0,-2.795692049934599,1.9852491237775662,-10.903399802306534,0.5642387270927429,2.774909019470215,0.03430992737412453,1.9658140339377064,0.15668129920959473,8.97717717333622,0.11265057325363159
ppo_gru,10,40038,4,1067,43,77,1,1,0,1,0,-2.9330608145218955,2.7346711398897052,2.3651032642786554,0.2084462195634842,2.7575478553771973,0.012182042934000492,0.6979796459653946,0.23092414438724518,13.230978861058787,0.1276441216468811
ppo_gru,10,40038,4,1068,44,142,1,1,0,1,0,-3.172117435472342,10.817872173519635,-42.72831107014411,0.2334686517715454,1.1789535284042358,0.05669509619474411,3.2483897310470513,0.25565415620803833,14.64790416569887,0.18452218174934387
ppo_gru,10,40038,4,1069,45,151,1,1,0,1,0,1.437782141044364,1.1400951762585283,33.18350419564481,0.7701444625854492,0.9684730172157288,0.011303368024528027,0.6476352820885827,0.019323403015732765,1.1071494386318546,0.02096506953239441
ppo_gru,10,40038,4,1070,46,88,1,1,0,1,0,6.473011257556104,1.1375133647522635,-27.88046336177687,0.08554226905107498,2.4054338932037354,0.023629358038306236,1.3538624881984735,0.09987881779670715,5.722634722507456,0.07356876879930496
ppo_gru,10,40038,4,1071,47,124,1,1,0,1,0,-2.256708162150553,3.806491745204786,19.43824026461439,0.2675539553165436,2.044633388519287,0.048831868916749954,2.7978599946658433,0.13733279705047607,7.8685896597189595,0.11749826371669769
ppo_gru,10,40038,4,1072,48,215,1,1,0,1,0,17.10802560661616,14.056939123236443,-55.014673915216484,0.291974276304245,0.5824737548828125,0.11098475009202957,6.35895777058747,0.37016305327415466,21.208780684285312,0.2960662841796875
ppo_gru,10,40038,4,1073,49,192,1,1,0,1,0,-11.869297833973059,11.462327842467019,46.92267559793558,0.3518863618373871,1.135477900505066,0.07198984175920486,4.124714100617088,0.45677343010902405,26.171189738960962,0.3003765642642975
ppo_gru,10,40038,4,1074,50,99,1,1,0,1,0,-1.3453423608174115,1.1512830261190092,-38.35808283160315,15.824749946594238,15.028603553771973,0.01897512935101986,1.0871948275282508,0.11306662112474442,6.478240194252572,0.07550843805074692
ppo_gru,10,40038,4,1075,51,264,1,1,0,1,0,3.2190408350703295,2.6870647213747163,-14.738851549592175,0.7255212664604187,0.25817227363586426,0.034222766757011414,1.9608200984373694,0.2556597888469696,14.648226892137153,0.16205266118049622
ppo_gru,10,40038,4,1076,52,187,1,1,0,1,0,-5.320621740791553,2.4812711216822323,-3.234354119189498,0.4172744154930115,0.5121104717254639,0.01629614271223545,0.9337001997539658,0.16183669865131378,9.272559803050822,0.09721449017524719
ppo_gru,10,40038,4,1077,53,203,1,1,0,1,0,-6.878997701821662,4.804273099916929,-69.2825566007796,3.298999309539795,1.579784631729126,0.03916445001959801,2.24395769307402,0.09150080382823944,5.242609881412606,0.08491484820842743
ppo_gru,10,40038,4,1078,54,105,1,1,0,1,0,-5.3786510279799815,-3.0070454236114736,-26.175047088294725,3.0425667762756348,2.0645751953125,0.01197858713567257,0.6863224874037399,0.12730422616004944,7.293994873149759,0.07563070207834244
ppo_gru,10,40038,4,1079,55,86,1,1,0,1,0,-2.964862175297475,0.9177861791529534,-37.674462857954914,0.603146493434906,1.9633920192718506,0.025716912001371384,1.4734705197879154,0.18798699975013733,10.77086168900973,0.11971041560173035
ppo_gru,10,40038,4,1080,56,106,1,1,0,1,0,-2.8739933385796252,-4.431440393882613,-36.50934186857746,1.0204296112060547,1.4504395723342896,0.011484425514936447,0.6580091121382156,0.1715959757566452,9.831725192284964,0.09728240966796875
ppo_gru,10,40038,4,1081,57,207,1,1,0,1,0,-4.742405246414953,0.02271720917946241,-32.00606154500465,0.9196922779083252,0.8622078895568848,0.014878659509122372,0.8524843946849011,0.15350402891635895,8.795132995161515,0.09163067489862442
ppo_gru,10,40038,4,1082,58,167,1,1,0,1,0,9.318987160160336,12.41669651481456,45.74990479668771,1.3115501403808594,0.490025132894516,0.06575794517993927,3.767652728263155,0.30097559094429016,17.244631097563705,0.21624574065208435
ppo_gru,10,40038,4,1083,59,184,1,1,0,1,0,2.548043051008277,2.952554174413112,35.13319535460329,0.8971641063690186,1.77334463596344,0.03726345673203468,2.1350388008139425,0.167964905500412,9.623680191487313,0.12124590575695038
ppo_gru,10,40038,4,1084,60,233,1,1,0,1,0,-10.133883369656218,8.124387074325107,72.42299561888143,2.4121992588043213,1.701616883277893,0.09212813526391983,5.278553325032975,0.5122830271720886,29.35165537314635,0.34826964139938354
ppo_gru,10,40038,4,1085,61,126,1,1,0,1,0,-1.6569629115100732,3.020596518924779,-0.00258181150626482,0.4415312707424164,2.2441606521606445,0.01748158596456051,1.0016210949644535,0.23105387389659882,13.238411814423053,0.13300852477550507
ppo_gru,10,40038,4,1086,62,118,1,1,0,1,0,-9.843135877067116,-0.014712227472207465,24.160277886924362,0.492537260055542,2.0219175815582275,0.06740935891866684,3.8622717657221646,0.16345708072185516,9.365400856891513,0.14913789927959442
ppo_gru,10,40038,4,1087,63,180,1,1,0,1,0,-2.0106574274900137,4.268144231205948,-11.332007833103175,0.8960024118423462,0.474483460187912,0.0017114871880039573,0.09806099256334001,0.26532718539237976,15.202127913068507,0.13437508046627045
ppo_gru,10,40038,4,1088,64,148,1,1,0,1,0,23.348496243690008,2.7732890294569574,-66.56435987716796,2.39691162109375,2.550387144088745,0.14839422702789307,8.502362912804443,0.5099680423736572,29.21901651455929,0.4033782482147217
ppo_gru,10,40038,4,1089,65,90,1,1,0,1,0,-3.8914729588580848,1.8032109220183863,-13.299211597093567,0.30607280135154724,1.5695362091064453,0.010348480194807053,0.5929242395371641,0.18124641478061676,10.384654618806882,0.10097168385982513
ppo_gru,10,40038,4,1090,66,391,1,1,0,1,0,-26.619665082505875,6.2919292822807265,78.17535361710948,6.1657843589782715,4.61039924621582,0.22916217148303986,13.130025250031412,0.9342477917671204,53.52845548767297,0.6962860822677612
ppo_gru,10,40038,4,1091,67,184,1,1,0,1,0,45.73752849391165,24.436681982256438,-64.82014812920015,2.9356584548950195,3.0947651863098145,0.2605830132961273,14.93030687466951,0.7916918992996216,45.36060450456449,0.6564289331436157
ppo_gru,10,40038,4,1092,68,350,1,1,0,1,0,-5.725733920843349,3.780714611277158,19.25632500626027,0.6602441668510437,0.813203752040863,0.05034872889518738,2.884769669542613,0.11795337498188019,6.758230565785728,0.10932541638612747
ppo_gru,10,40038,4,1093,69,2,1,1,0,1,0,-10.501948603649865,9.03591680019833,16.940371783249024,17.953594207763672,19.21845054626465,0.039787277579307556,2.2796430836098094,0.26902255415916443,15.413856947149734,0.17429855465888977
ppo_gru,10,40038,4,1094,70,97,1,1,0,1,0,20.106123482414915,18.624600809925788,-73.01162132155312,7.00667667388916,7.515646934509277,0.20711997151374817,11.867100220607607,0.7850358486175537,44.97924089225683,0.5996378660202026
ppo_gru,10,40038,4,1095,71,194,1,1,0,1,0,-28.339943847621967,-1.428069612044606,75.97220779843016,4.518714427947998,3.60805082321167,0.19520056247711182,11.184168388518248,0.7824913263320923,44.833450504422906,0.586446225643158
ppo_gru,10,40038,4,1096,72,152,1,1,0,1,0,13.937110284437738,14.51643326945988,-48.2732772044139,1.5792934894561768,0.44737640023231506,0.0830281600356102,4.757163150777235,0.3117326498031616,17.860965170150855,0.2388944923877716
ppo_gru,10,40038,4,1097,73,157,1,1,0,1,0,1.3237453026618313,1.053652302122847,-3.4161464341385575,0.31962767243385315,0.7392114996910095,0.0027899243868887424,0.15985089252934878,0.07592464983463287,4.3501619965331075,0.04075225070118904
ppo_gru,10,40038,4,1098,74,90,1,1,0,1,0,-6.327391624451432,1.879654399209169,14.12032327873416,0.6095828413963318,1.7754216194152832,0.0480685755610466,2.7541265068536633,0.1959262192249298,11.22574545754341,0.1460316777229309
ppo_gru,10,40038,4,1099,75,64,1,1,0,1,0,-6.402687629861653,2.2938507308570824,20.58639506409353,6.23195743560791,7.40352725982666,0.04394078999757767,2.517621815331863,0.12829406559467316,7.350708495149314,0.10808782279491425
ppo_gru,10,40038,4,1100,76,77,1,1,0,1,0,0.10489804527305582,0.7089872962256636,6.268050940942362,0.5737409591674805,1.4257662296295166,0.021138837561011314,1.2111661760585672,0.2200329750776291,12.606960825655374,0.131155326962471
ppo_gru,10,40038,4,1101,77,117,1,1,0,1,0,-1.4739138417537316,2.6284070567826467,-36.149964635208065,1.0351026058197021,0.9837825894355774,0.021250585094094276,1.2175688380752194,0.0908844918012619,5.20729780340364,0.06669282913208008
ppo_gru,10,40038,4,1102,78,144,1,1,0,1,0,-3.830602312974931,8.233875006720412,34.58209471123164,0.20265118777751923,1.1397945880889893,0.053907956928014755,3.088698414148272,0.30138272047042847,17.267957901126593,0.2045993208885193
ppo_gru,10,40038,4,1103,79,121,1,1,0,1,0,2.806210541256419,2.7978777104690034,-30.909351730354043,0.5181996822357178,1.7381033897399902,0.039645589888095856,2.271524976894426,0.05818331241607666,3.3336582395323133,0.06873724609613419
ppo_gru,10,40038,4,1104,80,150,1,1,0,1,0,-17.060296244696108,5.860643817329441,54.152184947583955,1.444931983947754,1.4009910821914673,0.14922307431697845,8.549852364329896,0.5313757061958313,30.445585300804762,0.4149109125137329
ppo_gru,10,40038,4,1105,81,105,1,1,0,1,0,1.2171533704746123,-0.38370636719297635,-3.885790241468634,1.0119438171386719,2.898097515106201,0.028444714844226837,1.6297621100273207,0.3270058035850525,18.736052421707473,0.19194760918617249
ppo_gru,10,40038,4,1106,82,176,1,1,0,1,0,-3.8558466921472982,7.629949680307884,31.280791077797677,0.7368485331535339,1.0116583108901978,0.04007242992520332,2.2959811095478915,0.2505616247653961,14.356123606997803,0.16535323858261108
ppo_gru,10,40038,4,1107,83,131,1,1,0,1,0,-2.3592702827274645,1.0551003022268897,14.624664447047902,0.3496982753276825,0.8428448438644409,0.04627521336078644,2.651374421640461,0.11233875155448914,6.436536339840943,0.102444589138031
ppo_gru,10,40038,4,1108,84,124,1,1,0,1,0,-5.69415112612121,4.0417644413550455,19.58477514306784,0.5875484943389893,0.9116214513778687,0.03513343259692192,2.012997407610978,0.18943403661251068,10.853770794023577,0.12985044717788696
ppo_gru,10,40038,4,1109,85,133,1,1,0,1,0,-2.2206994048462456,-2.527893992956739,-38.17607195060065,0.8901506662368774,1.5547599792480469,0.018109971657395363,1.0376249430702948,0.20501096546649933,11.74626307513268,0.12061545252799988
ppo_gru,10,40038,4,1110,86,180,1,1,0,1,0,23.249663406399925,25.5295532305935,-68.94864231263601,0.6957329511642456,1.2142459154129028,0.17863793671131134,10.235199834483248,0.6275205612182617,35.9542797154872,0.492398202419281
ppo_gru,10,40038,4,1111,87,289,1,1,0,1,0,-2.650017775316567,2.3228517140729563,-56.99531949149346,3.2653067111968994,1.886474609375,0.031186837702989578,1.7868741767407736,0.15611787140369415,8.9448951379978,0.10924577713012695
ppo_gru,10,40038,4,1112,88,41,1,1,0,1,0,-12.017813467285816,54.35536941501349,-92.81960704669699,11.401080131530762,15.799200057983398,0.47064802050590515,26.96614521117499,0.7688173055648804,44.04998682548742,0.855056643486023
ppo_gru,10,40038,4,1113,89,234,1,1,0,1,0,-6.5135006189559395,9.851332104071131,31.74976552658909,0.5848643183708191,0.785115659236908,0.035124678164720535,2.012495815593805,0.35506200790405273,20.3435545183429,0.2126556783914566
ppo_gru,10,40038,4,1114,90,64,1,1,0,1,0,8.111792205495604,3.0802923722706903,-64.47710870832543,14.911445617675781,13.936814308166504,0.027322731912136078,1.565477223332807,0.18227030336856842,10.443319113588123,0.11845788359642029
ppo_gru,10,40038,4,1115,91,198,1,1,0,1,0,-45.036587160528256,28.960767062041107,70.57564801444641,4.78184175491333,4.463946342468262,0.33082103729248047,18.954649210999147,1.2130341529846191,69.50173737124531,0.93733811378479
ppo_gru,10,40038,4,1116,92,102,1,1,0,1,0,-24.775131516008912,34.525595386417294,71.85559814415012,1.2178032398223877,1.8137574195861816,0.26220548152923584,15.023267456820676,1.0914874076843262,62.53762185198695,0.8079491853713989
ppo_gru,10,40038,4,1117,93,57,1,1,0,1,0,2.800855672947129,1.9205399115808655,25.946413336017716,0.37678760290145874,3.4963877201080322,0.03590888902544975,2.0574277881619105,0.32042196393013,18.358826196489545,0.19611987471580505
ppo_gru,10,40038,4,1118,94,88,1,1,0,1,0,-24.631478977385203,16.919047932660245,71.8320749726486,0.2787090241909027,1.331154227256775,0.19032730162143707,10.904951109021773,0.8798880577087402,50.41387215067424,0.630271315574646
ppo_gru,10,40038,4,1119,95,64,1,1,0,1,0,27.006363072555317,28.291654410189977,-53.546784300310705,1.041635513305664,4.4373393058776855,0.1832980364561081,10.502203881970095,0.5719953775405884,32.772921034067835,0.4692957401275635
ppo_gru,10,40038,4,1120,96,79,1,1,0,1,0,-35.361596880448516,14.499849570155089,70.0653782419331,3.478097438812256,3.541266918182373,0.2431456297636032,13.931218392504956,1.0395808219909668,59.563593562823314,0.7629360556602478
ppo_gru,10,40038,4,1121,97,56,1,1,0,1,0,-0.9031832347074661,-2.1717952503889544,2.2398785760356414,0.7443380355834961,4.080886363983154,0.030757900327444077,1.7622978754465983,0.21198780834674835,12.146006726496847,0.13675180077552795
ppo_gru,10,40038,4,1122,98,117,1,1,0,1,0,-0.12027963128392455,-5.216365733300478,-49.377691472448284,0.45532524585723877,1.9581154584884644,0.046583544462919235,2.6690404924852875,0.20190729200839996,11.568435684996812,0.14753718674182892
ppo_gru,10,40038,4,1123,99,111,1,1,0,1,0,-5.625630668367642,5.7246137698194675,7.70815534630453,0.36420467495918274,0.3690027594566345,0.01983845792710781,1.1366599112711293,0.20007331669330597,11.463356639710751,0.11987511813640594
ppo_gru,10,40038,4,1124,100,299,1,1,0,1,0,20.28988289184494,6.669215271653891,-81.25331006468403,2.9639837741851807,1.2022120952606201,0.19267410039901733,11.039412774343583,0.7170929908752441,41.08640189556474,0.5512205958366394
ppo_gru,10,40038,4,1125,101,122,1,1,0,1,0,-33.11583068134832,62.47367762097729,-95.8076235632808,14.070770263671875,13.74962043762207,0.6791287660598755,38.911212041158294,0.7881101369857788,45.155384640762286,1.0731837749481201
ppo_gru,10,40038,4,1126,102,221,1,1,0,1,0,0.12328491451873015,-0.46304584459184445,-24.588913238477684,0.7611209750175476,0.8365035057067871,0.014562956057488918,0.8343959193285917,0.3203529715538025,18.3548732245074,0.17473943531513214
ppo_gru,10,40038,4,1127,103,68,1,1,0,1,0,7.962716496670906,-0.5065404892264856,-23.795518464489003,0.3632912039756775,3.235994577407837,0.02819724753499031,1.615583277640609,0.06553705781698227,3.7549968146179444,0.060965776443481445
ppo_gru,10,40038,4,1128,104,40,1,1,0,1,0,-13.037150899018519,10.069939138646559,60.02584710547144,14.125669479370117,14.223418235778809,0.09026648104190826,5.171888395199002,0.43530428409576416,24.94109828265105,0.30791860818862915
ppo_gru,10,40038,4,1129,105,52,1,1,0,1,0,-6.719608407350244,6.435158349175894,-63.13456672506772,7.865935325622559,9.405158996582031,0.024230072274804115,1.3882808786432257,0.07863520830869675,4.505465557220388,0.06354767829179764
ppo_gru,10,40038,4,1130,106,179,1,1,0,1,0,21.922612292179807,-3.3685536760019086,-30.046944724991555,0.4437233507633209,0.10660898685455322,0.055832765996456146,3.1989818501384715,0.09482655674219131,5.433161487085384,0.1032460480928421
ppo_gru,10,40038,4,1131,107,236,1,1,0,1,0,-23.765192424574145,26.527184321143903,73.68496869068966,1.1556357145309448,1.1441650390625,0.22184441983699799,12.710748965188303,1.1090688705444336,63.54496547153711,0.776378870010376
ppo_gru,10,40038,4,1132,108,113,1,1,0,1,0,2.911422775231295,-2.156987400268367,26.973523523025897,0.591143012046814,0.8888427019119263,0.004508038051426411,0.2582915542311129,0.047240886837244034,2.706703436229207,0.028128482401371002
ppo_gru,10,40038,4,1133,109,120,1,1,0,1,0,-7.739109763623028,-5.776441245241524,37.61692534438672,0.9699965715408325,1.6061019897460938,0.06228645145893097,3.5687507894432136,0.19142936170101166,10.968094500351249,0.1580011248588562
ppo_gru,10,40038,4,1134,110,95,1,1,0,1,0,-0.23557322447373977,-1.6323195889846673,3.0657440693385634,0.9852156639099121,3.182231903076172,0.037971220910549164,2.1755907011333657,0.11220047622919083,6.428613747290552,0.09407146275043488
ppo_gru,10,40038,4,1135,111,78,1,1,0,1,0,5.811097625090168,-4.169543620347644,33.598410866966404,0.8374794125556946,2.8843889236450195,0.023435616865754128,1.342761936693322,0.02197648026049137,1.2591595674787195,0.03442385792732239
ppo_gru,10,40038,4,1136,112,279,1,1,0,1,0,-9.852588858878413,6.979961558132791,23.09170845165421,0.4358351230621338,0.2339482605457306,0.05143042653799057,2.9467463791844857,0.20328256487846375,11.647233016130311,0.15307170152664185
ppo_gru,10,40038,4,1137,113,298,1,1,0,1,0,-18.60517575192627,12.621301661591461,57.85371034562399,0.4080982804298401,0.8565174341201782,0.12700439989566803,7.276816093613531,0.6497069597244263,37.22546671248578,0.45185786485671997
ppo_gru,10,40038,4,1138,114,34,1,1,0,1,0,6.605557908589372,44.575767957605834,-83.28127519153085,8.807927131652832,10.965157508850098,0.3769245147705078,21.596183891366557,0.891666829586029,51.08874606709027,0.8227579593658447
ppo_gru,10,40038,4,1139,115,36,1,1,0,1,0,24.4048259799675,9.957760111718269,-73.93495361431212,9.401185989379883,11.800081253051758,0.17384129762649536,9.9603726590758,0.6861321926116943,39.31247882470737,0.5169073939323425
ppo_gru,10,40038,4,1140,116,159,1,1,0,1,0,-31.157260276468826,31.270176963827478,75.47155493226823,0.7285342216491699,1.1715736389160156,0.237179696559906,13.589395599076145,1.0308130979537964,59.061239979558046,0.7525862455368042
ppo_gru,10,40038,4,1141,117,205,1,1,0,1,0,-10.624181669036414,8.460049890896213,27.433085971141033,0.5108285546302795,0.29234328866004944,0.04586810618638992,2.628048898738044,0.3128579556941986,17.92544044836848,0.20229709148406982
ppo_gru,10,40038,4,1142,118,92,1,1,0,1,0,-1.5365330160644084,-2.712090534493643,7.928551890442502,0.6547955274581909,2.86517596244812,0.04269934818148613,2.446492438758762,0.3055480420589447,17.5066132484633,0.19547337293624878
ppo_gru,10,40038,4,1143,119,100,1,1,0,1,0,3.0524661815920586,1.1965261991811738,5.72607543030185,0.19436262547969818,1.3931293487548828,0.01625305972993374,0.9312317266992408,0.07176519930362701,4.111843036013022,0.052135661244392395
ppo_gru,10,40038,4,1144,120,84,1,1,0,1,0,-3.639193091674494,6.583824246650391,-26.602343722770723,1.2538766860961914,2.4452593326568604,0.054075922816991806,3.09832215068882,0.21348264813423157,12.231654737367867,0.1608172506093979
ppo_gru,10,40038,4,1145,121,129,1,1,0,1,0,0.8742368930049521,-5.601533760975837,-33.575639016273584,5.634950160980225,3.861340045928955,0.0415630005300045,2.3813845142692616,0.08731737732887268,5.002917199095703,0.08522169291973114
ppo_gru,10,40038,4,1146,122,1,1,1,0,1,0,-19.504301854266753,5.057263306774201,54.0681736207928,12.883829116821289,12.893108367919922,0.11497881263494492,6.587800697407808,0.5470142960548401,31.341610497262057,0.38848596811294556
ppo_gru,10,40038,4,1147,123,121,1,1,0,1,0,-7.9707351387565,1.5844536232812179,-13.621159393811288,1.7131361961364746,1.484212875366211,0.01745433174073696,1.0000595429654593,0.14221233129501343,8.148166377920507,0.08856049925088882
ppo_gru,10,40038,4,1148,124,139,1,1,0,1,0,-3.1584024156189563,-1.3293870389162619,-19.19197096390041,0.35788029432296753,1.1347917318344116,0.004245533607900143,0.24325115751362747,0.16837632656097412,9.64725288186032,0.08843369781970978
ppo_gru,10,40038,4,1149,125,123,1,1,0,1,0,16.255167205713345,17.95521495050786,-62.566021778555864,0.5574706196784973,2.0549864768981934,0.12080017477273941,6.921340178920687,1.0449672937393188,59.872215660470346,0.6432838439941406
ppo_gru,10,40038,4,1150,126,1,1,1,0,1,0,-22.090047549493498,9.512295174050038,68.87285453360556,15.87784481048584,18.44354820251465,0.1198742687702179,6.868289672750374,1.0196709632873535,58.422842688404465,0.6297097206115723
ppo_gru,10,40038,4,1151,127,126,1,1,0,1,0,13.66428520823075,7.178078025198181,43.11603358856905,0.6195471882820129,1.7955563068389893,0.05298272520303726,3.035686541235453,0.13224175572395325,7.576894478382518,0.11910360306501389
ppo_gru,10,40038,4,1152,128,136,1,1,0,1,0,4.154558185308636,-2.355172169225457,-58.97569186020364,6.317298412322998,6.680527687072754,0.033338941633701324,1.9101806490440716,0.029057998210191727,1.664900658542686,0.04786793887615204
ppo_gru,10,40038,4,1153,129,1,1,1,0,1,0,-0.5337519628798164,29.470053287313938,67.2255221888252,14.781527519226074,14.820730209350586,0.13865016400814056,7.9440692264631245,1.068122148513794,61.19889111428611,0.6727112531661987
ppo_gru,10,40038,4,1154,130,94,1,1,0,1,0,-1.6174570973507196,1.1095642306685713,22.91095432545899,0.43148553371429443,1.4106147289276123,0.046344637870788574,2.655352153058347,0.22181710600852966,12.709183998094725,0.1572531908750534
ppo_gru,10,40038,4,1155,131,93,1,1,0,1,0,-0.8990851212054585,-4.152276902125852,22.254737070760847,5.937901496887207,7.561981201171875,0.030179783701896667,1.7291742327363868,0.08781006187200546,5.031145944048542,0.0740848183631897
ppo_gru,10,40038,4,1156,132,98,1,1,0,1,0,11.244868279672152,3.6127602595865445,-28.215142631107494,0.3207811117172241,2.521822690963745,0.048772942274808884,2.7944837467817414,0.12488166242837906,7.155192195723584,0.11121377348899841
ppo_gru,10,40038,4,1157,133,158,1,1,0,1,0,-23.975070477390297,-2.7295211772555157,71.68153760334152,4.683757781982422,4.470225811004639,0.1652878075838089,9.470293779522692,0.5925514698028564,33.950698363977324,0.4615635275840759
ppo_gru,10,40038,4,1158,134,474,1,1,0,1,0,-22.934641421500597,19.721337945333076,67.05730828994612,0.7434906959533691,0.8514661192893982,0.17790177464485168,10.193020855037481,0.7553502917289734,43.27838377004567,0.5555769205093384
ppo_gru,10,40038,4,1159,135,56,1,1,0,1,0,4.186523470624295,-0.7615524320780817,-10.014546304477756,1.4907087087631226,3.3891077041625977,0.02875312976539135,1.6474329833489072,0.09953784197568893,5.703098247047103,0.07852204889059067
ppo_gru,10,40038,4,1160,136,68,1,1,0,1,0,-2.000166256924874,-2.352002961450571,-14.756118267813967,0.3851211667060852,2.640528917312622,0.004054820630699396,0.23232410882165,0.3992602825164795,22.875929115395166,0.2036849558353424
ppo_gru,10,40038,4,1161,137,111,1,1,0,1,0,-13.467507458242682,8.068980579777964,65.15993638002995,1.1291860342025757,1.9156514406204224,0.16536705195903778,9.474834147773457,0.5906876921653748,33.84391177139876,0.46071088314056396
ppo_gru,10,40038,4,1162,138,93,1,1,0,1,0,-2.149064380831152,0.20072559932833473,-12.089011359194028,0.7409762740135193,2.072697639465332,0.012928388081490993,0.7407420729766694,0.20999492704868317,12.031823039047158,0.11792585253715515
ppo_gru,10,40038,4,1163,139,124,1,1,0,1,0,-21.986174032595944,19.51507989277703,70.2750650494525,2.4389641284942627,3.681999444961548,0.215007022023201,12.31899492760576,0.8941029906272888,51.22832781296865,0.6620585322380066
ppo_gru,10,40038,4,1164,140,7,1,1,0,1,0,11.940686971178032,10.951279428388325,-72.92392169261016,19.795520782470703,22.031414031982422,0.17914707958698273,10.264371572428374,0.5821434259414673,33.35436137773268,0.4702187776565552
ppo_gru,10,40038,4,1165,141,330,1,1,0,1,0,-23.08086211125223,11.568742189735817,82.45564192465972,3.835193634033203,2.353595733642578,0.20817291736602783,11.927429573999037,0.9437655210494995,54.07378120610138,0.6800556778907776
ppo_gru,10,40038,4,1166,142,161,1,1,0,1,0,-0.05001064510283336,1.3378154923520575,-1.9063467784855788,0.14213687181472778,0.44612735509872437,0.023851310834288597,1.366579446659391,0.18662670254707336,10.692922400390716,0.11716466397047043
ppo_gru,10,40038,4,1167,143,132,1,1,0,1,0,7.263086559608159,4.668639203378816,-42.00420173509603,0.42898494005203247,1.2984322309494019,0.07477845251560211,4.284489727663435,0.06375708431005478,3.653011845025899,0.1066569983959198
ppo_gru,10,40038,4,1168,144,86,1,1,0,1,0,-6.863588795054113,-5.198552599945085,0.4920058466726985,2.8054277896881104,1.7586193084716797,0.019748182967305183,1.1314875370787256,0.10887151956558228,6.23787858028383,0.07418394088745117
ppo_gru,10,40038,4,1169,145,90,1,1,0,1,0,-2.7487003484449115,-7.460929819106749,-45.37438099612041,0.46493586897850037,2.7248027324676514,0.06694722920656204,3.835793683630964,0.27299582958221436,15.64150885973355,0.20344513654708862
ppo_gru,10,40038,4,1170,146,232,1,1,0,1,0,-35.26089257132585,22.697387970491032,78.27195981273015,6.534300327301025,6.56611967086792,0.28521960973739624,16.341879872321243,1.2503222227096558,71.63818639267944,0.9103807210922241
ppo_gru,10,40038,4,1171,147,76,1,1,0,1,0,2.6269727170569444,-1.2274259749863115,-41.29102070271998,2.2122044563293457,3.1059134006500244,0.029221991077065468,1.674296757684802,0.057312723249197006,3.283777154580299,0.05787835270166397
ppo_gru,10,40038,4,1172,148,158,1,1,0,1,0,-7.966582383741132,14.806497743131981,43.638679663858426,1.1859302520751953,0.720181405544281,0.05778671056032181,3.310934627050504,0.7316284775733948,41.91922393653732,0.4236009418964386
ppo_gru,10,40038,4,1173,149,166,1,1,0,1,0,1.1194270238300699,1.207413520718174,32.8162722447299,1.1826000213623047,1.3908013105392456,0.028443962335586548,1.629718994458185,0.04056892916560173,2.3244284205541716,0.04872842878103256
ppo_gru,10,40038,4,1174,150,68,1,1,0,1,0,3.250732912819189,-1.1008762300443151,-18.965591174049507,0.5964930057525635,2.889307975769043,0.02461540885269642,1.4103590382484688,0.05260350927710533,3.0139590691554075,0.050917163491249084
ppo_gru,10,40038,4,1175,151,88,1,1,0,1,0,-4.507610663506595,1.0294324513259818,-4.5552034216432435,0.46176350116729736,3.4273746013641357,0.04352068901062012,2.493551801809915,0.21599659323692322,12.375693181679681,0.15151898562908173
ppo_gru,10,40038,4,1176,152,185,1,1,0,1,0,-27.091549191883715,3.7460309106718332,76.7415603065404,12.27034854888916,10.628385543823242,0.22385992109775543,12.826228681033001,0.8930696249008179,51.169120318148394,0.6703947186470032
ppo_gru,10,40038,4,1177,153,284,1,1,0,1,0,-21.9929495802526,-5.11025191435516,65.8514793731154,1.77927827835083,0.9578081965446472,0.1311197131872177,7.512606176593419,0.5265253782272339,30.16768197894987,0.39438241720199585
ppo_gru,10,40038,4,1178,154,70,1,1,0,1,0,0.7960995289000062,-1.709855896442652,-31.391836293323745,1.859258770942688,2.714082717895508,0.01974627375602722,1.1313781473302995,0.09408456832170486,5.390648682143932,0.06678855419158936
ppo_gru,10,40038,4,1179,155,98,1,1,0,1,0,0.7790240559749744,-2.6624760403626704,32.11505770377971,0.33397579193115234,1.6227226257324219,0.03450462222099304,1.9769692269562182,0.22082945704460144,12.652595880821169,0.14491935074329376
ppo_gru,10,40038,4,1180,156,51,1,1,0,1,0,-8.389398414121601,0.5364976989261616,-19.424743810814444,1.6011110544204712,4.053146839141846,0.02144644223153591,1.2287906254381389,0.21748924255371094,12.461215687824703,0.13019105792045593
ppo_gru,10,40038,4,1181,157,139,1,1,0,1,0,7.2065599140371335,9.060928952938916,-31.054042457731594,0.5958823561668396,1.183745265007019,0.042955607175827026,2.4611749975967623,0.571259081363678,32.73073437065925,0.328585147857666
ppo_gru,10,40038,4,1182,158,223,1,1,0,1,0,19.984819322755488,2.325966280334482,-65.73074894934625,2.899111747741699,2.2409675121307373,0.10666092485189438,6.111220832975583,0.32906481623649597,18.854025156599224,0.27119332551956177
ppo_gru,10,40038,4,1183,159,121,1,1,0,1,0,2.5065974631246393,3.372597147990556,-19.842860671045944,0.11980666220188141,1.0843452215194702,0.022239582613110542,1.2742342218637608,0.341031551361084,19.53966857378908,0.19275535643100739
ppo_gru,10,40038,4,1184,160,115,1,1,0,1,0,-14.874089295158427,44.33228537407322,-84.06805834240296,1.4340964555740356,3.046907901763916,0.2947249114513397,16.886493543528672,0.7458384037017822,42.7333927308866,0.6676441431045532
ppo_gru,10,40038,4,1185,161,168,1,1,0,1,0,34.795278575606076,4.536024250453848,-71.1835894920909,4.560694217681885,4.410985469818115,0.16737774014472961,9.590038094730415,0.5577333569526672,31.95576744705126,0.44624441862106323
ppo_gru,10,40038,4,1186,162,243,1,1,0,1,0,-49.51014250083317,45.021560744354225,-102.61245907109446,6.16698694229126,5.367903709411621,0.3527146279811859,20.209059555848885,0.7502604126930237,42.98675518305364,0.7278448343276978
ppo_gru,10,40038,4,1187,163,138,1,1,0,1,0,7.523248465093944,16.485016731662615,-35.49847387141557,0.8671875,1.6441470384597778,0.05538910999894142,3.173562233925211,0.4258738160133362,24.4007722626951,0.2683260142803192
ppo_gru,10,40038,4,1188,164,151,1,1,0,1,0,45.12942309172707,40.338660105988424,-73.79834983091187,5.175597190856934,5.122337341308594,0.330014169216156,18.908419075601913,0.8811987042427063,50.48896666550394,0.7706135511398315
ppo_gru,10,40038,4,1189,165,158,1,1,0,1,0,14.391413486891967,-2.916176586893624,-45.049263991627804,0.8824658989906311,1.6802821159362793,0.046488381922245026,2.663588080536913,0.04023846238851547,2.3054940689578385,0.06660760939121246
ppo_gru,10,40038,4,1190,166,69,1,1,0,1,0,-1.814822243607408,0.6298663848802358,2.8087103904926436,0.5687335133552551,3.2401139736175537,0.016500482335686684,0.9454079977650138,0.429559588432312,24.61195146654814,0.23128028213977814
ppo_gru,10,40038,4,1191,167,316,1,1,0,1,0,-58.01809933856785,28.103769566501267,-95.68058204471856,3.911672592163086,2.180616617202759,0.2910333275794983,16.674981367953595,0.7230077981948853,41.42529539161327,0.6525372266769409
ppo_gru,10,40038,4,1192,168,102,1,1,0,1,0,-8.116846545481414,-2.728646913041754,19.215275569348492,1.7363557815551758,1.9847121238708496,0.03337429463863373,1.9122062270198035,0.14307698607444763,8.197707447517901,0.10491278767585754
ppo_gru,10,40038,4,1193,169,200,1,1,0,1,0,-56.81702423339945,46.57257376145906,-107.7347184580105,4.900491237640381,4.215352535247803,0.42149168252944946,24.14969450880543,0.7169690132141113,41.07929849882793,0.7799761891365051
ppo_gru,10,40038,4,1194,170,97,1,1,0,1,0,0.41635467142563726,-0.7410618645680435,-7.946911438931496,0.21508297324180603,1.6730871200561523,0.008657590486109257,0.4960433956066752,0.1615995466709137,9.258971995470727,0.08945736289024353
ppo_gru,10,40038,4,1195,171,179,1,1,0,1,0,-3.652088488827478,3.503709459298121,-9.99072260465275,0.817562460899353,0.21894919872283936,0.021643584594130516,1.2400860507780473,0.16281035542488098,9.328346226870547,0.10304876416921616
ppo_gru,10,40038,4,1196,172,70,1,1,0,1,0,4.977432055755092,-0.26251149056027007,2.9551633066760568,0.17785301804542542,2.3021178245544434,0.03255164250731468,1.8650717318877803,0.12160080671310425,6.967213010046962,0.0933520495891571
ppo_gru,10,40038,4,1197,173,62,1,1,0,1,0,-4.541379118763138,1.043010867395967,29.290569576304343,0.5014633536338806,2.882080078125,0.0750899612903595,4.302337865738324,0.1076311245560646,6.166809181309378,0.1289055198431015
ppo_gru,10,40038,4,1198,174,124,1,1,0,1,0,8.062601183093172,1.6258582300298352,-13.261126462281577,0.8259615898132324,1.511021375656128,0.03904812037944794,2.2372924956611455,0.09938890486955643,5.694564779452819,0.08874256908893585
ppo_gru,10,40038,4,1199,175,72,1,1,0,1,0,-2.0396174295708676,-0.5770826829743774,12.47036814131252,0.24186277389526367,3.5505316257476807,0.007020996883511543,0.4022734893997155,0.2497425377368927,14.309193377210645,0.13189226388931274
ppo_gru,10,40038,4,1200,176,67,1,1,0,1,0,-2.882408131637081,2.993180139596348,-2.4504669685254745,0.2765944302082062,3.125079870223999,0.02892112173140049,1.657058213993336,0.2880688011646271,16.505126516126424,0.17295552790164948
ppo_gru,10,40038,4,1201,177,93,1,1,0,1,0,12.782644390165503,16.871414193388578,-73.7595543564262,0.9912636876106262,2.592862367630005,0.10821154713630676,6.200064945491347,0.5075362324714661,29.079684070585614,0.3619796633720398
ppo_gru,10,40038,4,1202,178,154,1,1,0,1,0,26.336212231950345,-5.066866552747239,-62.98676143142865,0.7408193349838257,1.7668025493621826,0.10086267441511154,5.77900555438804,0.2814304530620575,16.12477718691051,0.2415778934955597
ppo_gru,10,40038,4,1203,179,20,1,1,0,1,0,4.912845786963452,11.504155920944177,-66.52906145953735,12.68321418762207,14.669079780578613,0.12085433304309845,6.924443219237988,0.43598851561546326,24.980301860939633,0.3388485908508301
ppo_gru,10,40038,4,1204,180,183,1,1,0,1,0,13.867046203931748,3.0459501811238665,-89.06759289031221,2.4848413467407227,3.0805859565734863,0.17044977843761444,9.766052923415291,0.6348273158073425,36.372925915379376,0.4878634214401245
ppo_gru,10,40038,4,1205,181,160,1,1,0,1,0,-3.6122001840746036,-0.45217218343318416,-41.07190823414597,1.1039687395095825,1.776861548423767,0.018691686913371086,1.070954772116076,0.16863183677196503,9.661892538572596,0.10300760716199875
ppo_gru,10,40038,4,1206,182,20,1,1,0,1,0,10.655887407163613,-1.9869430106917294,-41.47505331971681,10.455437660217285,11.261675834655762,0.048468511551618576,2.7770411511888216,0.027962537482380867,1.6021353822167943,0.062449779361486435
ppo_gru,10,40038,4,1207,183,9,1,1,0,1,0,1.163550045868352,8.482179703807056,63.74111484412153,19.125263214111328,20.569107055664062,0.09901770204305649,5.6732964241510455,0.41442546248435974,23.744829923111045,0.30623042583465576
ppo_gru,10,40038,4,1208,184,53,1,1,0,1,0,1.8020497898594843,-1.2487361651967512,7.344871244729892,0.5702496767044067,3.7711119651794434,0.014470272697508335,0.8290855539706126,0.15047672390937805,8.621681194962688,0.08970863372087479
ppo_gru,10,40038,4,1209,185,134,1,1,0,1,0,18.498857027305856,7.845824639215307,-40.95732498062984,0.9271937012672424,1.5715281963348389,0.07256484776735306,4.157659518078645,0.17184816300868988,9.846174457474126,0.158488929271698
ppo_gru,10,40038,4,1210,186,201,1,1,0,1,0,-8.754294440340363,7.86328260273386,26.170498182307497,0.25792816281318665,0.30999377369880676,0.051306162029504776,2.939626547304982,0.20587311685085297,11.795660710757504,0.15424272418022156
ppo_gru,10,40038,4,1211,187,47,1,1,0,1,0,-7.747360632140404,-0.11596295172847648,8.124660281891908,17.9310245513916,17.481748580932617,0.020996294915676117,1.2029990840802303,0.12728947401046753,7.293149637239971,0.08464103192090988
ppo_gru,10,40038,4,1212,188,106,1,1,0,1,0,8.18468398431798,0.7798026975403558,21.16381925652641,0.2587471604347229,2.9654622077941895,0.02049032412469387,1.1740090932000515,0.10050404816865921,5.758457784043704,0.07074234634637833
ppo_gru,10,40038,4,1213,189,171,1,1,0,1,0,-29.239288516015886,53.82761435822495,-93.44623592191063,2.7480547428131104,3.093134880065918,0.416133314371109,23.842682628255233,0.8329946398735046,47.72707722177174,0.8326306343078613
ppo_gru,10,40038,4,1214,190,325,1,1,0,1,0,11.440348293717918,2.6599625307481056,15.075525234160445,0.027931315824389458,1.4691625833511353,0.031579237431287766,1.80935702505434,0.18304277956485748,10.487578739409805,0.12310062348842621
ppo_gru,10,40038,4,1215,191,67,1,1,0,1,0,1.760167069868966,0.633663970058763,-21.583739286698794,0.34079381823539734,3.5536246299743652,0.02534082904458046,1.4519225536169946,0.1347901076078415,7.722904286043526,0.0927358865737915
ppo_gru,10,40038,4,1216,192,212,1,1,0,1,0,-60.94355132235435,37.166447047867706,-103.86123621742624,7.4239397048950195,6.705065727233887,0.3589879870414734,20.568496553373514,0.5742921233177185,32.90451487371188,0.6461340188980103
ppo_gru,10,40038,4,1217,193,61,1,1,0,1,0,-7.919863889818245,0.08219449647193344,18.38811234010327,0.1414206624031067,4.655193328857422,0.04673045128583908,2.6774576334202704,0.18183410167694092,10.4183265976414,0.13764750957489014
ppo_gru,10,40038,4,1218,194,104,1,1,0,1,0,3.297547029390456,-2.121743624151101,19.79640172431152,0.40610644221305847,1.906172752380371,0.02197928912937641,1.259320503811038,0.1538861095905304,8.817024605225052,0.09892234206199646
ppo_gru,10,40038,4,1219,195,127,1,1,0,1,0,1.103963475549161,1.3894107413423338,38.7506547843388,1.085949182510376,1.7110595703125,0.01724717952311039,0.9881905951786812,0.1572743058204651,9.011153949362447,0.09588433057069778
ppo_gru,10,40038,4,1220,196,146,1,1,0,1,0,36.942129975146145,38.93160015583078,-65.06772882623477,0.660520076751709,2.6109111309051514,0.30496811866760254,17.47338608569848,0.860689103603363,49.313853109370754,0.7353127002716064
ppo_gru,10,40038,4,1221,197,93,1,1,0,1,0,-1.1423491386846325,5.836710834477716,6.944608498988805,0.5393797755241394,2.7884058952331543,0.03471110388636589,1.988799754928915,0.19449171423912048,11.14355437616606,0.13195696473121643
ppo_gru,10,40038,4,1222,198,133,1,1,0,1,0,13.869095260682752,6.009173111020538,-38.77232014438608,0.6593192219734192,0.5123215913772583,0.06243474408984184,3.577247331327298,0.18048438429832458,10.340993488311222,0.15267693996429443
ppo_gru,10,40038,4,1223,199,111,1,1,0,1,0,-15.12101429403273,8.837581767079499,-61.87945116318618,2.424403429031372,2.6302335262298584,0.08620313555002213,4.939075847810416,0.3836901783943176,21.983827862616046,0.27804821729660034
ppo_gru,10,40038,4,1224,200,102,1,1,0,1,0,0.5039723380985608,-0.04777034305506918,20.73156390471298,0.4028296172618866,2.2088897228240967,0.021166130900382996,1.2127299692133828,0.10963532328605652,6.281641309843394,0.07598379254341125
ppo_gru,10,40038,4,1225,201,102,1,1,0,1,0,-27.740143955468128,7.326388752835837,71.69314892493054,1.565131664276123,1.3555335998535156,0.15883933007717133,9.100823234107313,0.7762582302093506,44.47632040329045,0.5469684600830078
ppo_gru,10,40038,4,1226,202,78,1,1,0,1,0,4.94414171374045,5.792861020006234,-33.51618904973779,0.5310696363449097,2.2209715843200684,0.04288896918296814,2.457356921850725,0.11368994414806366,6.513953972762099,0.09973394125699997
ppo_gru,10,40038,4,1227,203,228,1,1,0,1,0,-4.501490814010263,41.7059000532849,-80.96376468538885,3.302551507949829,2.6904053688049316,0.3457358479499817,19.809204913910705,0.7657795548439026,43.87593652996257,0.7286256551742554
ppo_gru,10,40038,4,1228,204,90,1,1,0,1,0,-9.051544273019317,-0.011761585750761958,-39.705105418956386,0.5085716247558594,3.531630039215088,0.03527170419692993,2.0209197867179576,0.24192294478416443,13.861163703509074,0.15623317658901215
ppo_gru,10,40038,4,1229,205,116,1,1,0,1,0,-6.94762744260195,11.496287543020323,31.365799612207656,0.16639837622642517,2.722919225692749,0.049815621227025986,2.854224850130904,0.4002111554145813,22.930410119309773,0.24992120265960693
ppo_gru,10,40038,4,1230,206,135,1,1,0,1,0,1.073446190337544,0.4216685585999072,27.225489201507667,0.47261151671409607,1.869465708732605,0.044247325509786606,2.5351850064523163,0.08246663957834244,4.724990398465536,0.08548064529895782
ppo_gru,10,40038,4,1231,207,45,1,1,0,1,0,-0.44594305091013253,3.0353907086670264,-36.05182847721332,17.560617446899414,16.879234313964844,0.022586407139897346,1.2941058034802666,0.1458878368139267,8.358757331731278,0.09553032368421555
ppo_gru,10,40038,4,1232,208,205,1,1,0,1,0,3.539595273197368,-0.7580553752230352,7.634006812674872,0.4735240936279297,0.5874903202056885,0.004005488008260727,0.22949755776360187,0.07567180693149567,4.335675165303511,0.04184139147400856
ppo_gru,10,40038,4,1233,209,335,1,1,0,1,0,5.127272745766832,0.2147001663701808,17.23275852123893,0.8652610182762146,1.1082667112350464,0.009904651902616024,0.5674947515661191,0.019848980009555817,1.1372627821870886,0.019829142838716507
ppo_gru,10,40038,4,1234,210,194,1,1,0,1,0,2.409622437288798,2.741460347924698,4.431973148637874,0.41809505224227905,0.9674545526504517,0.02100672945380211,1.203596939076018,0.10231977701187134,5.862491383499929,0.07216662168502808
ppo_gru,10,40038,4,1235,211,168,1,1,0,1,0,-48.95296298910021,53.47635138958953,59.43899725198394,0.37096652388572693,0.9029978513717651,0.4329071044921875,24.803750008631265,0.4822729527950287,27.632204768467123,0.674043595790863
ppo_gru,10,40038,4,1236,212,70,1,1,0,1,0,5.841942759381946,3.758871666311457,-29.533970197566916,0.24589212238788605,2.0461344718933105,0.03939294070005417,2.2570492447222303,0.07149562984704971,4.096397843865508,0.07514075934886932
ppo_gru,10,40038,4,1237,213,145,1,1,0,1,0,-3.1045258834458958,2.511720105002149,17.58985447142554,0.04054206237196922,0.45977169275283813,0.0327453650534153,1.8761712161758741,0.12512952089309692,7.169393439668509,0.09531012177467346
ppo_gru,10,40038,4,1238,214,63,1,1,0,1,0,6.322118718412183,-3.4145071887377543,-52.34177500618038,4.603917598724365,6.5211567878723145,0.07798350602388382,4.468125766801575,0.08738336712121964,5.0066981356881275,0.12167519330978394
ppo_gru,10,40038,4,1239,215,1,1,1,0,1,0,19.265586742774808,15.915679483207033,-55.66851426408346,16.938379287719727,18.89811897277832,0.1092357337474823,6.2587465157455116,0.49459993839263916,28.338489017328754,0.3565357029438019
ppo_gru,10,40038,4,1240,216,49,1,1,0,1,0,-1.0772710962727512,-6.858834983391785,-13.932943869044031,0.8269988894462585,2.829906702041626,0.0097150644287467,0.55663218946486,0.11979493498802185,6.863744181857731,0.0696125328540802
ppo_gru,10,40038,4,1241,217,67,1,1,0,1,0,11.703501822060169,2.9183349266713483,9.825855498466984,3.3896596431732178,4.226382732391357,0.03369710221886635,1.9307017389619634,0.11569000780582428,6.628549179109281,0.09154210984706879
ppo_gru,10,40038,4,1242,218,157,1,1,0,1,0,54.63947796372934,36.354515140471605,-57.648941274307,5.999200820922852,6.161046504974365,0.33944809436798096,19.448943171043798,0.678976833820343,38.90250696506111,0.6789364814758301
ppo_gru,10,40038,4,1243,219,66,1,1,0,1,0,25.088036142265537,8.13724149034307,-69.97491921656545,6.139710426330566,6.6998491287231445,0.1762419044971466,10.097917301034224,0.5007802844047546,28.69259675975348,0.4266320466995239
ppo_gru,10,40038,4,1244,220,107,1,1,0,1,0,2.7299583093623965,3.680433773883031,-34.64628482905142,1.4301658868789673,0.6011887192726135,0.028825823217630386,1.6515980113604398,0.11317166686058044,6.484258871571822,0.08541165292263031
ppo_gru,10,40038,4,1245,221,94,1,1,0,1,0,11.758402882608731,3.8023526505677583,3.307792313145475,1.2500321865081787,3.744525671005249,0.01827089861035347,1.0468453782846947,0.13912303745746613,7.9711628793532725,0.08783242106437683
ppo_gru,10,40038,4,1246,222,60,1,1,0,1,0,-57.56818111756077,17.357873926455223,-81.3453810146958,3.0532774925231934,5.181771755218506,0.24815808236598969,14.218410771631067,0.662869930267334,37.97964937044942,0.5795930624008179
ppo_gru,10,40038,4,1247,223,288,1,1,0,1,0,-21.806075604561048,-1.123169967495237,57.16503603198994,1.758588433265686,0.7377232909202576,0.12012254446744919,6.882514822357395,0.48304620385169983,27.67650879051841,0.3616456389427185
ppo_gru,10,40038,4,1248,224,130,1,1,0,1,0,-8.61867420418059,5.412091634156363,-60.92164007549695,0.917781412601471,1.4380085468292236,0.030689813196659088,1.7583967702134633,0.20067846775054932,11.498029241258676,0.13102903962135315
ppo_gru,10,40038,4,1249,225,1,1,1,0,1,0,-9.629378276802397,6.36363260818752,18.535562463905503,18.175331115722656,17.080720901489258,0.03618413954973221,2.0731984815120583,0.29728129506111145,17.03296353518501,0.18482479453086853
ppo_gru,10,40038,4,1250,226,65,1,1,0,1,0,-5.541373454766365,-0.025367322577427357,-5.363132838185712,0.7176966667175293,4.748574733734131,0.003521611914038658,0.20177349975740277,0.29871541261672974,17.115132418447555,0.15287931263446808
ppo_gru,10,40038,4,1251,227,1,1,1,0,1,0,-17.824403167523776,6.9065097037984735,41.654851219428224,19.126298904418945,20.163728713989258,0.06314683705568314,3.6180472528909573,0.8107653260231018,46.45343135667195,0.46852949261665344
ppo_gru,10,40038,4,1252,228,113,1,1,0,1,0,4.48319956741297,1.7401136344658086,-23.538921917749963,0.3871889114379883,1.8320388793945312,0.027737082913517952,1.5892177869490076,0.28738826513290405,16.466134673702115,0.17143121361732483
ppo_gru,10,40038,4,1253,229,26,1,1,0,1,0,-20.06568876252844,10.299419834380647,33.75423480269107,13.960915565490723,15.047774314880371,0.08131738007068634,4.659142679111559,0.314256876707077,18.00559271827858,0.23844581842422485
ppo_gru,10,40038,4,1254,230,39,1,1,0,1,0,-12.043822827645224,-1.8295754522146355,14.791403025066254,0.22325879335403442,5.011130332946777,0.02773788385093212,1.5892636772824937,0.13887660205364227,7.957043170791564,0.09717618674039841
ppo_gru,10,40038,4,1255,231,119,1,1,0,1,0,-2.714658685621568,2.41567398489343,13.955305908386652,0.33860746026039124,2.034034490585327,0.05066603794693947,2.902950139009306,0.12729068100452423,7.293218792905317,0.11431138217449188
ppo_gru,10,40038,4,1256,232,79,1,1,0,1,0,-33.03993361929114,47.36284030880788,-97.46369855019877,7.657602310180664,7.83379602432251,0.3336013853549957,19.113951420558646,0.8505496382713318,48.73290453932615,0.7588762044906616
ppo_gru,10,40038,4,1257,233,64,1,1,0,1,0,8.837376861404397,-2.700342609121221,-4.592632858294913,0.5660194754600525,3.4819273948669434,0.008640327490866184,0.4950542988374927,0.07252947241067886,4.1556326594424435,0.04490506276488304
ppo_gru,10,40038,4,1258,234,87,1,1,0,1,0,6.637209005203211,-2.7694641235217503,-8.668780471931804,1.6044590473175049,2.224597454071045,0.012165242806077003,0.6970170695400989,0.09435687959194183,5.4062509686423565,0.05934368073940277
ppo_gru,10,40038,4,1259,235,1,1,1,0,1,0,26.859377401616644,9.610308388639721,-73.85217172157157,15.919267654418945,16.16862678527832,0.22111324965953827,12.66885599991403,0.6410956382751465,36.732074337411575,0.5416610836982727
ppo_gru,10,40038,4,1260,236,59,1,1,0,1,0,9.655770127755327,-3.681704189068653,-12.801263485842957,1.2919740676879883,2.440152883529663,0.026359722018241882,1.5103008207833282,0.070926234126091,4.063773872181765,0.061822839081287384
ppo_gru,10,40038,4,1261,237,1,1,1,0,1,0,-17.979967556059986,1.6689567236926157,55.31850805025533,23.175025939941406,23.813241958618164,0.10590990632772446,6.068190641204503,0.31843796372413635,18.245151358133022,0.26512888073921204
ppo_gru,10,40038,4,1262,238,60,1,1,0,1,0,1.91760293023776,-3.2609098946825075,-16.817086868730296,0.4880119264125824,4.414947032928467,0.011706196703016758,0.6707156652328194,0.17247220873832703,9.881929644005496,0.0979423001408577
ppo_gru,10,40038,4,1263,239,83,1,1,0,1,0,11.233735071325032,1.6914963479536578,51.618266727779265,1.2503437995910645,3.477562427520752,0.0513165220618248,2.9402201334325384,0.09269623458385468,5.311103018409494,0.09766463935375214
ppo_gru,10,40038,4,1264,240,131,1,1,0,1,0,-8.413877812106927,-1.2361686171239277,-18.746260139422056,0.607872724533081,0.5882340669631958,0.01294315792620182,0.7415883227426634,0.20446725189685822,11.715110582328252,0.11517678201198578
ppo_gru,10,40038,4,1265,241,169,1,1,0,1,0,1.016113582444457,0.28404024682415024,0.3208276456938389,0.42792317271232605,1.1950510740280151,0.018602494150400162,1.0658444032347314,0.06586720794439316,3.773913023524295,0.05153609812259674
ppo_gru,10,40038,4,1266,242,62,1,1,0,1,0,-0.3809742915249712,-4.330572160219864,-2.11048747239892,0.27348238229751587,3.2382586002349854,0.02506524883210659,1.4361329705249235,0.07671495527029037,4.39544316252253,0.06342272460460663
ppo_gru,10,40038,4,1267,243,116,1,1,0,1,0,3.8756952218753553,1.321518660992407,15.762205132556845,0.5798009037971497,1.4199938774108887,0.02231244370341301,1.2784088548288137,0.0952746570110321,5.458835741288638,0.06994977593421936
ppo_gru,10,40038,4,1268,244,62,1,1,0,1,0,5.282987398464782,0.08405230792617692,-16.844462266923706,0.29121989011764526,3.6614952087402344,0.02221348136663437,1.2727387306006455,0.10980922728776932,6.291605275181974,0.07711809873580933
ppo_gru,10,40038,4,1269,245,107,1,1,0,1,0,22.544200487785986,-0.02793547370535215,-48.27508037435478,1.0822792053222656,2.6812798976898193,0.08473152667284012,4.854758870053901,0.23626060783863068,13.536735694348993,0.20286183059215546
ppo_gru,10,40038,4,1270,246,155,1,1,0,1,0,11.169995745990473,-0.3873673485881032,-40.797935686158425,1.2978945970535278,2.6625940799713135,0.06116367504000664,3.504420439302037,0.055832888931035995,3.198988893771053,0.08908011764287949
ppo_gru,10,40038,4,1271,247,164,1,1,0,1,0,-2.8136144663167126,18.146091417053036,57.184160561665976,0.7697381377220154,1.2625693082809448,0.09467370808124542,5.424403903908958,0.5121018886566162,29.341276900702518,0.35072463750839233
ppo_gru,10,40038,4,1272,248,69,1,1,0,1,0,2.4659168564280436,-0.8374494941352634,-9.720629604113768,1.0398750305175781,3.2747087478637695,0.020364142954349518,1.1667794446852988,0.07522042095661163,4.309812654011257,0.057974353432655334
ppo_gru,10,40038,4,1273,249,152,1,1,0,1,0,39.432744795612955,9.337797501134553,-75.93920432436067,6.305552005767822,6.030401706695557,0.2632766664028168,15.08464182915512,0.8721402883529663,49.9699576659476,0.6993467807769775
ppo_gru,10,40038,4,1274,250,115,1,1,0,1,0,4.770204116336905,12.5881752441169,-51.69962794117246,0.4159126579761505,1.0784263610839844,0.05847153067588806,3.350171929398112,0.6913281679153442,39.61018628006072,0.4041356146335602
ppo_gru,10,40038,4,1275,251,34,1,1,0,1,0,26.91651876421297,24.509860629023958,-72.08287951897147,9.848546981811523,12.57612419128418,0.21190126240253448,12.141048009159416,0.9332906603813171,53.47361589882694,0.6785466074943542
ppo_gru,10,40038,4,1276,252,92,1,1,0,1,0,-14.064192784134995,2.732553781247001,-86.00007297178945,2.1073248386383057,3.0227153301239014,0.038289137184619904,2.193805961876144,0.30885136127471924,17.695879497911644,0.19271481037139893
ppo_gru,10,40038,4,1277,253,116,1,1,0,1,0,-8.278530783513954,2.6603586817199667,-16.10734825169593,2.0789411067962646,1.762190580368042,0.026211949065327644,1.501834054255157,0.1746508777141571,10.006758181276648,0.11353738605976105
ppo_gru,10,40038,4,1278,254,173,1,1,0,1,0,10.859549987835052,5.875438007071689,-34.11036086601554,0.6650139689445496,0.9095486998558044,0.06643997132778168,3.8067299480520904,0.10694931447505951,6.127744341238313,0.11991462856531143
ppo_gru,10,40038,4,1279,255,123,1,1,0,1,0,-2.551007353108062,-2.5125943692159107,-37.30290056710622,0.192819282412529,1.1256613731384277,0.04370364546775818,2.504034434638592,0.23574262857437134,13.50705766863164,0.16157495975494385
ppo_gru,10,50045,5,1280,0,171,1,1,0,1,0,-19.898868222240047,23.05985244936527,53.509791995765916,2.1848645210266113,0.8772044777870178,0.1076028048992157,6.165186584494677,0.6730499863624573,38.562923619906414,0.44412779808044434
ppo_gru,10,50045,5,1281,1,211,1,1,0,1,0,-44.843484052313656,61.12545292033013,51.75183790718803,0.5947551727294922,1.0189805030822754,0.5086857080459595,29.14554416965746,0.4200289845466614,24.065888087689373,0.7187001705169678
ppo_gru,10,50045,5,1282,2,99,1,1,0,1,0,2.435672778783227,1.0392952444874801,-15.87146083852037,0.42637819051742554,1.9027113914489746,0.01747724413871765,1.001372326668277,0.0801573395729065,4.592677254524519,0.0575559139251709
ppo_gru,10,50045,5,1283,3,8,1,1,0,1,0,11.72522182362081,1.0626818122056039,-79.94852536715815,13.627364158630371,11.935632705688477,0.1128736212849617,6.467182117986321,0.3988502621650696,22.85243667974491,0.3122987449169159
ppo_gru,10,50045,5,1284,4,31,1,1,0,1,0,-7.362137962951684,1.9986499549291312,32.6121452111949,3.752784013748169,7.375700950622559,0.05369114503264427,3.0762760075953115,0.25140896439552307,14.404672591618255,0.1793956309556961
ppo_gru,10,50045,5,1285,5,116,1,1,0,1,0,-63.02725079282848,-6.29395101827505,-97.77072921376919,5.251737117767334,4.817273139953613,0.3910830318927765,22.407407166636265,0.7053599953651428,40.41415077178999,0.7437630295753479
ppo_gru,10,50045,5,1286,6,73,1,1,0,1,0,-14.480998248045854,0.031350568290358524,16.007067414301805,7.673948764801025,8.706158638000488,0.04685881361365318,2.684812253052493,0.17689569294452667,10.135376619763512,0.13530665636062622
ppo_gru,10,50045,5,1287,7,262,1,1,0,1,0,-2.519588482926004,6.962189405912417,22.445709159954404,0.6530572772026062,1.0379221439361572,0.028016790747642517,1.6052438653410905,0.2534225583076477,14.520043024436232,0.15472806990146637
ppo_gru,10,50045,5,1288,8,64,1,1,0,1,0,3.4440955682222496,-0.758492507329916,2.1478895882939097,0.2697955369949341,2.965613603591919,0.019594023004174232,1.1226548218214298,0.11487085372209549,6.581615107340715,0.07702945172786713
ppo_gru,10,50045,5,1289,9,139,1,1,0,1,0,-26.14614172772723,12.36806556792407,68.95653801131655,0.8543819785118103,1.5061475038528442,0.19280941784381866,11.047165892825195,0.8539757132530212,48.92920417607232,0.6197972893714905
ppo_gru,10,50045,5,1290,10,96,1,1,0,1,0,-0.4509154286259018,2.429156778315035,-8.783363725447938,0.9382330179214478,0.7165378928184509,0.05062488093972206,2.900592016198359,0.1636476069688797,9.376317206732486,0.1324486881494522
ppo_gru,10,50045,5,1291,11,125,1,1,0,1,0,-39.833567616865984,54.99625972521413,-103.1168002394082,6.798816680908203,5.525400638580322,0.41456854343414307,23.753027857662353,0.8044062852859497,46.08908516068137,0.8167716860771179
ppo_gru,10,50045,5,1292,12,76,1,1,0,1,0,3.5438982923744757,0.7367998265259555,-28.53424906913049,0.5101908445358276,1.8295451402664185,0.016489127650856972,0.9447574222465701,0.08982295542955399,5.146476249505146,0.061400607228279114
ppo_gru,10,50045,5,1293,13,83,1,1,0,1,0,2.071937884723368,0.8934297245726879,-6.615734890452691,0.3025291860103607,3.368197441101074,0.01982037164270878,1.1356236435079914,0.09129183739423752,5.230636986684397,0.06546629220247269
ppo_gru,10,50045,5,1294,14,158,1,1,0,1,0,-18.89843675412994,4.54789511923133,45.99139296498268,0.6183995008468628,0.8504002690315247,0.10635372996330261,6.093619862371283,0.3998255431652069,22.908316164892074,0.3062664866447449
ppo_gru,10,50045,5,1295,15,173,1,1,0,1,0,36.42011227726041,21.28758228428704,-74.72326672755831,2.3540985584259033,2.6285252571105957,0.23697930574417114,13.577914051081352,0.8353967666625977,47.864708948642075,0.65467768907547
ppo_gru,10,50045,5,1296,16,1,1,1,0,1,0,19.97372709554339,10.957549542046396,-53.153966460764934,16.441513061523438,17.76287078857422,0.10095926374197006,5.784539715163043,0.2136051505804062,12.238673610513702,0.20776183903217316
ppo_gru,10,50045,5,1297,17,93,1,1,0,1,0,-24.25434325217378,0.9531119175402594,-50.158464056850775,2.2973411083221436,2.02841854095459,0.06378518044948578,3.654621635235906,0.3478078544139862,19.92792213942199,0.23768910765647888
ppo_gru,10,50045,5,1298,18,101,1,1,0,1,0,-1.5082833536572358,1.1740138956768118,-1.6887642722856526,0.7255480885505676,0.7595788240432739,0.010398782789707184,0.5958063659234979,0.2482209950685501,14.22201540396554,0.13450928032398224
ppo_gru,10,50045,5,1299,19,75,1,1,0,1,0,32.0025644881496,-5.480284242829771,-62.65322963387858,4.939647197723389,7.427643299102783,0.12905257940292358,7.394168135064459,0.42167502641677856,24.16019933974891,0.33989009261131287
ppo_gru,10,50045,5,1300,20,115,1,1,0,1,0,3.0140122165648866,-1.760727145380907,-2.9125702470118573,0.7351741194725037,2.464877128601074,0.019426099956035614,1.1130335398801148,0.08077853173017502,4.628268943402632,0.05981536582112312
ppo_gru,10,50045,5,1301,21,141,1,1,0,1,0,-19.270600101625597,10.958533089286878,-64.42672923300742,1.4008541107177734,1.3311972618103027,0.10245063155889511,5.8699887967744875,0.44252321124076843,25.354712340672222,0.32371222972869873
ppo_gru,10,50045,5,1302,22,203,1,1,0,1,0,-62.21544182883745,41.09424295273192,-112.98806283547744,10.452801704406738,9.027938842773438,0.5536131858825684,31.719699033862696,0.9973713755607605,57.14517042678896,1.052298903465271
ppo_gru,10,50045,5,1303,23,65,1,1,0,1,0,-6.312037359197244,6.448709444489198,20.833524968642934,0.09448642283678055,3.5674777030944824,0.03368000686168671,1.9297222471463014,0.30651888251304626,17.562238309063883,0.18693944811820984
ppo_gru,10,50045,5,1304,24,160,1,1,0,1,0,-5.9951712232220125,-1.693190234867821,-34.99303987283463,3.939096450805664,3.0464260578155518,0.016405949369072914,0.9399916577531937,0.1435670703649521,8.22578720896947,0.08818948268890381
ppo_gru,10,50045,5,1305,25,123,1,1,0,1,0,-6.554044621869135,2.3785860577002604,9.946244412777629,0.6298646926879883,1.915248990058899,0.028357120230793953,1.6247433083695364,0.155934140086174,8.934368108939518,0.10632418841123581
ppo_gru,10,50045,5,1306,26,188,1,1,0,1,0,-12.511991314114578,15.340358989038519,58.556536811218294,0.19156399369239807,0.5722333788871765,0.11728693544864655,6.7200463932307715,0.6144377589225769,35.2046903597404,0.4245058298110962
ppo_gru,10,50045,5,1307,27,101,1,1,0,1,0,44.01879335154798,18.001605595350586,-64.59622720745045,9.286725997924805,8.637079238891602,0.2464979887008667,14.123294411023116,0.89640212059021,51.3600582563961,0.6946990489959717
ppo_gru,10,50045,5,1308,28,52,1,1,0,1,0,-15.339908196553298,21.230987336824317,74.37410745718726,2.923736572265625,5.204840660095215,0.2070038765668869,11.860448470129661,0.8786453604698181,50.342670843671435,0.6463265419006348
ppo_gru,10,50045,5,1309,29,64,1,1,0,1,0,12.991921386334694,-3.8954071478200123,-28.31010958132735,0.6250391006469727,2.9511308670043945,0.07919300347566605,4.537424866120523,0.11659634858369827,6.680478680482064,0.13749118149280548
ppo_gru,10,50045,5,1310,30,82,1,1,0,1,0,-3.7365642684821956,1.9548547819710094,3.6487553565125115,0.39063912630081177,2.7373411655426025,0.027082830667495728,1.5517318945149794,0.24154648184776306,13.839593966110174,0.14785607159137726
ppo_gru,10,50045,5,1311,31,252,1,1,0,1,0,-11.458721502585252,11.06153234197067,-40.30359391478958,0.5550534725189209,1.1815797090530396,0.0637577548623085,3.6530502648399805,0.26110517978668213,14.960224810781458,0.19431033730506897
ppo_gru,10,50045,5,1312,32,3,1,1,0,1,0,-16.850527474906677,4.184078262901431,17.9646815926975,15.6173734664917,18.308774948120117,0.02116270177066326,1.212533494553039,0.21363234519958496,12.240231747418111,0.1279788762331009
ppo_gru,10,50045,5,1313,33,1,1,1,0,1,0,-11.15759212245773,4.416591562627005,15.664888597262504,14.877494812011719,16.685972213745117,0.029962850734591484,1.7167448892725503,0.29509109258651733,16.90747417711166,0.1775083988904953
ppo_gru,10,50045,5,1314,34,94,1,1,0,1,0,-1.6012832093961293,0.634265026705724,-7.23662640676353,1.3175649642944336,2.66640043258667,0.020908428356051445,1.1979647010534018,0.29835355281829834,17.094399379221983,0.17008520662784576
ppo_gru,10,50045,5,1315,35,142,1,1,0,1,0,-7.343450565382529,3.8891097134052606,-43.25090250392012,0.9794903993606567,1.656529188156128,0.039238665252923965,2.2482099127191764,0.2628336548805237,15.059259138652058,0.1706554889678955
ppo_gru,10,50045,5,1316,36,152,1,1,0,1,0,4.388096013409712,-2.6878843440751177,-41.91469893621219,0.37978503108024597,1.2142475843429565,0.07201938331127167,4.126406706870783,0.27404460310935974,15.701599156504031,0.20904168486595154
ppo_gru,10,50045,5,1317,37,68,1,1,0,1,0,-8.809263802780626,-0.08612868543386079,-33.690222269789714,0.2272339016199112,2.36944317817688,0.0258267093449831,1.4797614441786144,0.19626255333423615,11.245015982512953,0.12395798414945602
ppo_gru,10,50045,5,1318,38,181,1,1,0,1,0,-10.38195584031108,13.206703514974915,-65.96417749442061,1.9403331279754639,2.2995264530181885,0.08714580535888672,4.993086849332761,0.32220879197120667,18.461203901958868,0.24825020134449005
ppo_gru,10,50045,5,1319,39,48,1,1,0,1,0,-5.927142539088685,0.015477208659248894,16.575694323083706,0.8289502263069153,5.006274223327637,0.05189595744013786,2.973419335110443,0.12648597359657288,7.247112454686792,0.1151389479637146
ppo_gru,10,50045,5,1320,40,129,1,1,0,1,0,10.848444100244613,11.740671711523378,-48.58424205694624,0.236827552318573,1.1846091747283936,0.0835057720541954,4.7845283036868915,0.34057292342185974,19.513391128504747,0.2537922263145447
ppo_gru,10,50045,5,1321,41,201,1,1,0,1,0,-4.099930332326874,-0.6447835180275437,-6.505632241032085,1.6165812015533447,0.8008758425712585,0.012238811701536179,0.7012322567533488,0.12446577847003937,7.131363800143524,0.07447169721126556
ppo_gru,10,50045,5,1322,42,51,1,1,0,1,0,-2.0936578862840087,2.093849131580769,-21.638380800058897,6.70443868637085,9.598560333251953,0.04073341190814972,2.333852587504908,0.130424365401268,7.472765683164734,0.10594559460878372
ppo_gru,10,50045,5,1323,43,104,1,1,0,1,0,4.708677772293431,3.3590323922989107,-14.814147555002396,0.6190077066421509,0.9364341497421265,0.03374972939491272,1.9337170540371125,0.14574846625328064,8.350771986817888,0.10662396252155304
ppo_gru,10,50045,5,1324,44,1,1,1,0,1,0,-14.94463148890632,1.5708342260762125,52.79338711410162,17.272541046142578,17.17441749572754,0.10906621068716049,6.249033559858931,0.4015631377696991,23.00787300223418,0.30984777212142944
ppo_gru,10,50045,5,1325,45,79,1,1,0,1,0,-4.324834801317054,-2.779081029873128,-20.947657429673846,2.11712384223938,2.5836074352264404,0.013066490180790424,0.7486547404084233,0.13504694402217865,7.737619928610319,0.08058996498584747
ppo_gru,10,50045,5,1326,46,138,1,1,0,1,0,18.0958758662751,10.021021323810928,-52.03430721050308,1.3959835767745972,1.6346355676651,0.10838902741670609,6.210233816505027,0.3892706334590912,22.303564385589976,0.3030243515968323
ppo_gru,10,50045,5,1327,47,138,1,1,0,1,0,4.337675556956678,-2.476312404344803,32.24174405250511,0.8779003024101257,1.5116039514541626,0.014696565456688404,0.8420511740060008,0.22421087324619293,12.84633675794952,0.126801997423172
ppo_gru,10,50045,5,1328,48,177,1,1,0,1,0,-2.1878052138034643,3.591586673159505,-8.716154664015011,0.7957919239997864,0.3865772485733032,0.026777226477861404,1.534222064247417,0.1649618148803711,9.451615773463645,0.10925813019275665
ppo_gru,10,50045,5,1329,49,109,1,1,0,1,0,2.6706312862316657,-1.3469816062182147,-37.794400979780335,0.47775110602378845,2.761080026626587,0.026826025918126106,1.537018066217185,0.1688760370016098,9.675884181087367,0.11126404255628586
ppo_gru,10,50045,5,1330,50,68,1,1,0,1,0,4.84784970682161,-0.3832145935727354,-18.944007776272265,0.3164728581905365,3.0011954307556152,0.01775267906486988,1.017153585467297,0.10955105721950531,6.2768132198738416,0.07252820581197739
ppo_gru,10,50045,5,1331,51,83,1,1,0,1,0,-4.833164800106083,-0.3252399478976672,-0.13924023641987995,0.7617793679237366,3.976161479949951,0.01451870147138834,0.8318603183209302,0.23917508125305176,13.703722720498403,0.13410624861717224
ppo_gru,10,50045,5,1332,52,38,1,1,0,1,0,-5.652951425047693,-0.598884646805058,4.178737054970481,12.117565155029297,11.792265892028809,0.018545743077993393,1.0625928063029821,0.10391156375408173,5.953694045713464,0.07050152122974396
ppo_gru,10,50045,5,1333,53,200,1,1,0,1,0,-27.235037805967345,15.567531080833142,73.37088927189579,4.441682815551758,3.431781053543091,0.23049576580524445,13.206434576276346,0.9882100820541382,56.62026697397889,0.7246007919311523
ppo_gru,10,50045,5,1334,54,101,1,1,0,1,0,5.268589359694396,7.444496383963698,41.346673084077246,1.0677173137664795,1.5539723634719849,0.04722139984369278,2.7055869137433217,0.044770218431949615,2.565144564029519,0.06960651278495789
ppo_gru,10,50045,5,1335,55,118,1,1,0,1,0,-2.2211365369531264,1.7889631474097398,-13.74525027065208,0.6258790493011475,0.6141883730888367,0.023230625316500664,1.3310167860852502,0.14167974889278412,8.117651654029828,0.09407050162553787
ppo_gru,10,50045,5,1336,56,62,1,1,0,1,0,-0.6164245725936508,-2.230316311197624,-28.0694137149761,0.9088394641876221,2.8973662853240967,0.013760562054812908,0.7884221294686474,0.23781423270702362,13.625751842254475,0.132667675614357
ppo_gru,10,50045,5,1337,57,64,1,1,0,1,0,9.232694550186396,-2.7394659326870543,22.745991596624844,0.4551544487476349,2.7039425373077393,0.007029688451439142,0.4027714795593182,0.06698916107416153,3.838196202671516,0.04052427038550377
ppo_gru,10,50045,5,1338,58,110,1,1,0,1,0,-34.67032709492987,1.8192072250545561,70.02357748421262,4.215755462646484,4.691093921661377,0.16037441790103912,9.18877728759686,0.6947675347328186,39.80724748289934,0.5077582001686096
ppo_gru,10,50045,5,1339,59,158,1,1,0,1,0,-7.119693568172911,7.551525448257798,36.79835449311738,0.9761540293693542,0.6908785104751587,0.06490644067525864,3.718865113908577,0.24147796630859375,13.835668314884709,0.1856454312801361
ppo_gru,10,50045,5,1340,60,66,1,1,0,1,0,3.6670192823531256,-1.7227512935956362,6.602293078166105,0.5274966955184937,2.5577964782714844,0.015642715618014336,0.8962615850355986,0.06813577562570572,3.9038923772032836,0.049710601568222046
ppo_gru,10,50045,5,1341,61,128,1,1,0,1,0,18.654380434707043,2.237488009826137,-41.59001906382646,1.0416438579559326,2.091972589492798,0.06972555816173553,3.994980206861397,0.08959025144577026,5.133143293358458,0.11452068388462067
ppo_gru,10,50045,5,1342,62,70,1,1,0,1,0,-1.561886678263496,1.21054174735804,-13.621268676838008,0.5862492918968201,2.531294345855713,0.0069288588128983974,0.3969943668211039,0.548667311668396,31.43632131538804,0.28126251697540283
ppo_gru,10,50045,5,1343,63,77,1,1,0,1,0,51.424644525187745,32.54393894214316,-52.7751914901527,3.0626275539398193,5.070066928863525,0.2738876938819885,15.692608920009,0.7626327872276306,43.69564002644175,0.6552040576934814
ppo_gru,10,50045,5,1344,64,78,1,1,0,1,0,5.614019346778621,-1.4669197280436386,-20.04984272365401,0.14378996193408966,2.9811930656433105,0.040723346173763275,2.333275863406865,0.07783522456884384,4.459629865247725,0.0796409547328949
ppo_gru,10,50045,5,1345,65,74,1,1,0,1,0,-22.41603881819987,4.336364160636036,55.390935376214145,1.089760184288025,2.6899116039276123,0.12334223836660385,7.066989694102977,0.4721243977546692,27.050735396498304,0.35940444469451904
ppo_gru,10,50045,5,1346,66,95,1,1,0,1,0,-1.5681704522999076,0.27584401982013496,2.407218210700954,0.7507664561271667,0.9124447703361511,0.016722410917282104,0.9581235688437562,0.19393447041511536,11.111626656890836,0.11368964612483978
ppo_gru,10,50045,5,1347,67,109,1,1,0,1,0,-17.795060674849402,14.324491293404181,48.9049057781,1.2144197225570679,0.6405219435691833,0.10067642480134964,5.768334237583542,0.5574098825454712,31.93723372873843,0.37938135862350464
ppo_gru,10,50045,5,1348,68,111,1,1,0,1,0,-4.452040244419371,-1.357800625863515,-34.55350353936597,0.3735412061214447,2.4716134071350098,0.018400873988866806,1.054292418914124,0.20742018520832062,11.884301198258637,0.12211096286773682
ppo_gru,10,50045,5,1349,69,91,1,1,0,1,0,-4.108071917817529,2.753809329944081,33.23863748262515,0.6209319829940796,1.6112933158874512,0.08266101777553558,4.736127448794066,0.1221650019288063,6.999539014728163,0.14374351501464844
ppo_gru,10,50045,5,1350,70,146,1,1,0,1,0,-1.1085806834280896,-1.0535566794744669,25.962081789973727,2.339902400970459,1.0942206382751465,0.027760066092014313,1.5905346260766449,0.1815638244152069,10.402840851245688,0.11854197829961777
ppo_gru,10,50045,5,1351,71,1,1,1,0,1,0,-26.004784132664646,45.277843102391444,61.34183331323614,14.043960571289062,14.345284461975098,0.298021137714386,17.075353396721404,1.2273414134979248,70.3214830150519,0.9116918444633484
ppo_gru,10,50045,5,1352,72,155,1,1,0,1,0,-1.5128185992661243,-2.0997777357803398,-42.14561397167198,1.2902897596359253,1.2063348293304443,0.012831626459956169,0.7351980404438817,0.1626909375190735,9.321504084869487,0.09417709708213806
ppo_gru,10,50045,5,1353,73,109,1,1,0,1,0,2.6095284139167316,-0.5677936257031599,26.94890752125717,0.23354335129261017,0.8253451585769653,0.014023625291883945,0.8034945426978672,0.0431407168507576,2.4717810007173227,0.03559398278594017
ppo_gru,10,50045,5,1354,74,91,1,1,0,1,0,6.3215723032785816,-0.25070892367448805,25.58778742345703,1.317609429359436,1.2790321111679077,0.026561200618743896,1.521844694254296,0.11305038630962372,6.477310007864981,0.08308639377355576
ppo_gru,10,50045,5,1355,75,92,1,1,0,1,0,6.451373218265504,-1.3014105840758896,-17.354103662033378,0.5299800038337708,2.858097553253174,0.013617866672575474,0.7802462863104364,0.0948701947927475,5.435661763208431,0.06105296313762665
ppo_gru,10,50045,5,1356,76,115,1,1,0,1,0,-3.8054672168292845,20.679968655722707,54.72409034716746,2.0605640411376953,0.6955523490905762,0.10087992250919342,5.779993797383576,0.37300387024879456,21.3715475073013,0.2873818576335907
ppo_gru,10,50045,5,1357,77,139,1,1,0,1,0,4.325613442882435,3.4020352633133113,17.112260323901566,0.08863313496112823,0.5238926410675049,0.021639680489897728,1.2398623620827296,0.2955678701400757,16.934791518697125,0.16942360997200012
ppo_gru,10,50045,5,1358,78,217,1,1,0,1,0,12.183199667848504,-7.2808860325852125,-86.39944779293843,2.617215394973755,2.0550172328948975,0.19890324771404266,11.396316625459784,0.6109805703163147,35.00660804362086,0.5043935179710388
ppo_gru,10,50045,5,1359,79,113,1,1,0,1,0,-14.155771960526527,13.641882187753108,49.65207383178603,0.5167129635810852,1.185734748840332,0.0927586704492569,5.314680329987288,0.5444543361663818,31.194935599930616,0.3649858236312866
ppo_gru,10,50045,5,1360,80,109,1,1,0,1,0,-15.794962719816226,22.54605829924023,77.51430058847897,1.37682044506073,1.0013985633850098,0.17185689508914948,9.846674768830828,0.9008590579032898,51.61542195398995,0.6222864389419556
ppo_gru,10,50045,5,1361,81,65,1,1,0,1,0,-10.008153247414624,9.484906115478287,-50.87104403257987,1.2734674215316772,1.782348871231079,0.07412812113761902,4.247228484420076,0.33112505078315735,18.97206790092997,0.2396906465291977
ppo_gru,10,50045,5,1362,82,106,1,1,0,1,0,4.10820852160093,0.9152590091600487,-19.360485391102962,0.2699184715747833,2.707583427429199,0.01600411720573902,0.9169683707215501,0.2957533001899719,16.94541587795108,0.16388076543807983
ppo_gru,10,50045,5,1363,83,101,1,1,0,1,0,-0.046896078841307545,2.6892913630441404,1.8065986958467126,0.5559594631195068,2.7002408504486084,0.032543979585170746,1.8646326787901955,0.2617682218551636,14.998214322945069,0.16342809796333313
ppo_gru,10,50045,5,1364,84,121,1,1,0,1,0,-6.97418321809496,4.420115940238731,28.0469560529851,0.7388388514518738,1.3352656364440918,0.07075002789497375,4.05367799881484,0.1757013201713562,10.066944100695508,0.15860068798065186
ppo_gru,10,50045,5,1365,85,1,1,1,0,1,0,-1.341790662449005,17.658771080150967,48.74204674753022,17.093217849731445,16.968181610107422,0.06641151010990143,3.80509924038775,0.6322764754295349,36.22677352751945,0.3825497627258301
ppo_gru,10,50045,5,1366,86,97,1,1,0,1,0,-1.480088332763423,-1.1611458192805078,-19.645331600249175,0.7691143751144409,3.525608777999878,0.02143210917711258,1.2279694019121505,0.14821350574493408,8.492008346022704,0.09553886204957962
ppo_gru,10,50045,5,1367,87,67,1,1,0,1,0,-19.146673149324883,-0.18076778657355747,81.90663131917408,10.94711685180664,9.12907886505127,0.16934669017791748,9.702850621704224,0.7807348966598511,44.73281449719194,0.559714138507843
ppo_gru,10,50045,5,1368,88,71,1,1,0,1,0,38.661452513778436,14.863912313295108,-59.652427003168505,2.120365619659424,5.281701564788818,0.18673746287822723,10.699268499903303,0.6994460225105286,40.07530508706566,0.5364604592323303
ppo_gru,10,50045,5,1369,89,148,1,1,0,1,0,3.259557517226845,1.342951794607907,1.010881657540227,0.5080484747886658,1.348112940788269,0.009877861477434635,0.5659597732718644,0.1012534648180008,5.801396195147811,0.06050459295511246
ppo_gru,10,50045,5,1370,90,158,1,1,0,1,0,42.75538594001404,23.77273295341784,-64.99030180180351,4.957581043243408,5.305183410644531,0.25107336044311523,14.385443901557375,0.8709006309509277,49.89893052876863,0.6865236759185791
ppo_gru,10,50045,5,1371,91,75,1,1,0,1,0,-1.8360231507911275,1.340165077426542,-0.32993911804663595,0.8056434392929077,4.072969913482666,0.024867719039320946,1.4248153470702123,0.24918684363365173,14.27735445039463,0.14946113526821136
ppo_gru,10,50045,5,1372,92,145,1,1,0,1,0,-12.227691520101967,3.6516650170989373,26.059958400780012,3.1698336601257324,0.5399724245071411,0.03879789635539055,2.2229557151498773,0.19596339762210846,11.227875622790807,0.13677959144115448
ppo_gru,10,50045,5,1373,93,169,1,1,0,1,0,-20.233492850057313,-1.6290957396964212,43.289342808568954,0.5398741364479065,0.4952658414840698,0.0613759346306324,3.516582018006068,0.2973543703556061,17.037150441146228,0.21005311608314514
ppo_gru,10,50045,5,1374,94,123,1,1,0,1,0,0.5945269861145899,-1.1064496644070456,-39.958642040947254,0.776117742061615,1.713515043258667,0.03395560756325722,1.945513004177136,0.10052204132080078,5.759488715721552,0.08421662449836731
ppo_gru,10,50045,5,1375,95,66,1,1,0,1,0,13.562515389597559,-5.805018756728857,-13.031850672222589,1.7888654470443726,2.673920154571533,0.03052193857729435,1.7487782630364985,0.0842781737446785,4.828783660640343,0.07266102731227875
ppo_gru,10,50045,5,1376,96,76,1,1,0,1,0,-2.8526831483691857,1.855489189925664,6.8212962637133945,0.5479204654693604,1.8129703998565674,0.04906635731458664,2.8112951902066703,0.12257945537567139,7.023285448038181,0.11035608500242233
ppo_gru,10,50045,5,1377,97,210,1,1,0,1,0,17.309830375833354,-0.9042760649746682,-100.07605466243189,6.311858654022217,5.102856159210205,0.21294288337230682,12.200728494579696,0.8150424957275391,46.69849512899742,0.6204641461372375
ppo_gru,10,50045,5,1378,98,203,1,1,0,1,0,26.304356229661405,12.422269949177291,-57.48681990416758,1.3444342613220215,1.582783818244934,0.14764398336410522,8.459377117262967,0.5745627284049988,32.92001940312781,0.4349253475666046
ppo_gru,10,50045,5,1379,99,73,1,1,0,1,0,-3.3091037094661178,2.673418003413031,-26.07068179777693,0.9557422399520874,3.5106639862060547,0.03032548911869526,1.7375225381711408,0.1859947293996811,10.656713006279539,0.12332285195589066
ppo_gru,10,50045,5,1380,100,86,1,1,0,1,0,7.639443643254202,-4.7089646402385705,39.30630433369768,0.6688606142997742,4.1513142585754395,0.023553190752863884,1.3494984242056585,0.04287216439843178,2.4563940786211647,0.04498927295207977
ppo_gru,10,50045,5,1381,101,112,1,1,0,1,0,7.66554862626199,1.8066260166033927,-30.624778728774633,0.8372489809989929,2.197373628616333,0.05338699370622635,3.0588494202582583,0.059955138713121414,3.435176408383271,0.0833645612001419
ppo_gru,10,50045,5,1382,102,60,1,1,0,1,0,-17.16892357325599,-1.951480668521023,58.28862947121372,1.3315571546554565,4.053313255310059,0.12500323355197906,7.162157708016527,0.47849947214126587,27.416000252932246,0.3642529845237732
ppo_gru,10,50045,5,1383,103,1,1,1,0,1,0,-8.663207037569073,4.4619030375808695,40.13170537413704,11.555777549743652,12.981941223144531,0.06228385865688324,3.568602232828766,0.2895793616771698,16.591675258194243,0.20707353949546814
ppo_gru,10,50045,5,1384,104,156,1,1,0,1,0,9.98997128384405,-1.5508490925647551,-73.06986917479499,8.323357582092285,7.906435489654541,0.05886004865169525,3.3724323696768295,0.2185516506433487,12.522087187481503,0.1681358814239502
ppo_gru,10,50045,5,1385,105,193,1,1,0,1,0,14.231996871663869,9.279809195081144,-46.23367343522137,1.239205002784729,0.8487662076950073,0.08365659415721893,4.793169773647427,0.2531143128871918,14.502381862789871,0.21021375060081482
ppo_gru,10,50045,5,1386,106,293,1,1,0,1,0,-74.64829857122825,21.797811075665333,-98.85536325396721,4.5092244148254395,3.7260546684265137,0.3999479115009308,22.915327354075092,0.7906318306922913,45.29986704737016,0.7952638268470764
ppo_gru,10,50045,5,1387,107,100,1,1,0,1,0,2.730340799955917,0.7635605076940655,-14.76813940075319,1.0281203985214233,2.2652571201324463,0.025858815759420395,1.4816010062211693,0.1589076817035675,9.10473949382267,0.10531266033649445
ppo_gru,10,50045,5,1388,108,1,1,1,0,1,0,16.428886237063452,-5.355701592368738,-84.97827667195554,12.773395538330078,14.458932876586914,0.18140962719917297,10.394006001554276,0.7305169701576233,41.85553925271612,0.5466681122779846
ppo_gru,10,50045,5,1389,109,60,1,1,0,1,0,1.8074183185471142,-2.7578254811760483,-9.588834273889201,0.12863978743553162,2.87992262840271,0.026020443066954613,1.490861568796943,0.27380651235580444,15.687957561184222,0.1629236936569214
ppo_gru,10,50045,5,1390,110,331,1,1,0,1,0,-28.38994083234646,0.6434174801935412,79.36883355192083,1.4093153476715088,1.418999195098877,0.22847892343997955,13.090878020803485,1.0263733863830566,58.806863244299265,0.7416656017303467
ppo_gru,10,50045,5,1391,111,89,1,1,0,1,0,-6.013694696251087,7.886723811965344,39.06600461831829,0.5095725059509277,2.2607624530792236,0.07151427119970322,4.0974659146969685,0.26757413148880005,15.330868441186785,0.20530134439468384
ppo_gru,10,50045,5,1392,112,124,1,1,0,1,0,17.191149008815213,4.177193432218059,-45.67081120609896,0.5227483510971069,1.2663674354553223,0.07970843464136124,4.566956896544366,0.1544240415096283,8.847845833854736,0.15692046284675598
ppo_gru,10,50045,5,1393,113,181,1,1,0,1,0,-5.258275774047677,0.3023314934214444,-15.418537334278485,0.8409985303878784,0.07612769305706024,0.00908444169908762,0.5205001685903752,0.2260574996471405,12.952140657061248,0.1221131905913353
ppo_gru,10,50045,5,1394,114,194,1,1,0,1,0,-5.312425513787537,10.323953873879333,-53.44651712329492,1.0759588479995728,1.2866957187652588,0.032190050929784775,1.844354060587839,0.2200665920972824,12.608886939001318,0.14222334325313568
ppo_gru,10,50045,5,1395,115,106,1,1,0,1,0,5.899289027653373,-3.6647106784136616,42.9058140262944,0.40617311000823975,2.1334078311920166,0.03251154348254204,1.8627742270057173,0.056487422436475754,3.236490901182654,0.060755252838134766
ppo_gru,10,50045,5,1396,116,80,1,1,0,1,0,48.28868611118145,25.964130846724732,-63.550115434171296,3.2236711978912354,4.401223182678223,0.2613776922225952,14.975838623224108,0.8660674691200256,49.622010754154225,0.6944113969802856
ppo_gru,10,50045,5,1397,117,119,1,1,0,1,0,-13.655692830254873,7.409416532386512,44.03219418269954,0.2710511088371277,2.600013017654419,0.09112193435430527,5.2209022595698364,0.4545820653438568,26.045633786543203,0.3184129595756531
ppo_gru,10,50045,5,1398,118,55,1,1,0,1,0,7.769012331809344,-0.20896280746737012,14.154501545340905,1.4308267831802368,1.912712574005127,0.011055887676775455,0.6334557026499305,0.10490401089191437,6.010557078101112,0.06350789219141006
ppo_gru,10,50045,5,1399,119,116,1,1,0,1,0,-2.9149744735997016,-6.137239157958278,28.091844056210423,2.98640775680542,0.937013566493988,0.03936822712421417,2.255633261129922,0.055655647069215775,3.1888336831357136,0.06719604879617691
ppo_gru,10,50045,5,1400,120,175,1,1,0,1,0,30.285400289295037,5.9693394477810235,-65.6190616960382,0.7934194207191467,0.3544692397117615,0.14593614637851715,8.361525265892427,0.4901059567928314,28.08100283845032,0.39098912477493286
ppo_gru,10,50045,5,1401,121,152,1,1,0,1,0,1.8111612622122812,-1.4095461390155315,-27.305470716688514,0.6823616027832031,0.9698837399482727,0.0301108006387949,1.7252217943627708,0.3167667090892792,18.14939552106403,0.18849416077136993
ppo_gru,10,50045,5,1402,122,74,1,1,0,1,0,3.7365232873471754,3.9043000541193686,29.588666352440377,0.1335824877023697,2.6915528774261475,0.02995040826499462,1.7160319882779302,0.25157636404037476,14.414263884760244,0.15573859214782715
ppo_gru,10,50045,5,1403,123,20,1,1,0,1,0,5.441953221207659,-7.379240756633396,-48.22399055936309,9.776569366455078,14.064332962036133,0.0714239552617073,4.092291192627038,0.15732884407043457,9.014278760907729,0.150088369846344
ppo_gru,10,50045,5,1404,124,57,1,1,0,1,0,3.900106317968981,0.46106508973254073,-16.15652561372002,0.7537490725517273,2.290182590484619,0.015564501285552979,0.8917802338881298,0.07135004550218582,4.08805647534163,0.05123952403664589
ppo_gru,10,50045,5,1405,125,91,1,1,0,1,0,0.13302476427516835,-0.3477522514020292,-1.225076389911827,0.5695868730545044,2.01619291305542,0.01752537488937378,1.0041300155456696,0.07339470833539963,4.205207026212042,0.05422272905707359
ppo_gru,10,50045,5,1406,126,79,1,1,0,1,0,-2.136824681838489,-1.3298788125365026,-5.848568042876859,0.6125845909118652,2.893927812576294,0.02356213517487049,1.3500109018368212,0.1380089521408081,7.907330492691272,0.0925666093826294
ppo_gru,10,50045,5,1407,127,166,1,1,0,1,0,-5.760485923340374,9.971024339086435,-46.237170492076416,0.2937338948249817,0.9208747744560242,0.0517868772149086,2.96716949857647,0.24669234454631805,14.134430180691176,0.17513304948806763
ppo_gru,10,50045,5,1408,128,2,1,1,0,1,0,-8.473437061669438,3.729283286826962,11.172236048038236,15.112456321716309,15.726749420166016,0.03001740388572216,1.7198705545914774,0.16513904929161072,9.46177055721216,0.11258693039417267
ppo_gru,10,50045,5,1409,129,73,1,1,0,1,0,-4.112333955859617,2.871780357288541,-31.89448357472332,0.6563158631324768,3.437542200088501,0.0327238030731678,1.874935805709748,0.19606396555900574,11.233637741129359,0.13075578212738037
ppo_gru,10,50045,5,1410,130,182,1,1,0,1,0,-49.716523496794274,40.278622743184016,56.94401111044833,2.9750568866729736,2.9858672618865967,0.2995451092720032,17.162670535070845,0.7393631935119629,42.36239051554985,0.6692267060279846
ppo_gru,10,50045,5,1411,131,185,1,1,0,1,0,0.9648735032910213,12.098478001383667,32.85336017192307,0.0660444051027298,0.5892088413238525,0.07139319181442261,4.090528576934352,0.25915443897247314,14.84845559520337,0.20097041130065918
ppo_gru,10,50045,5,1412,132,105,1,1,0,1,0,-10.100224197426396,6.780875204205259,35.2551415520447,1.008728265762329,2.155787706375122,0.0661734864115715,3.79146148704935,0.2513293921947479,14.40011344034727,0.19183817505836487
ppo_gru,10,50045,5,1413,133,148,1,1,0,1,0,12.86733873587366,2.484973084212379,-45.27821193260663,0.5905168056488037,1.004120111465454,0.08525936305522919,4.885001667038249,0.14978884160518646,8.582268442130776,0.16015377640724182
ppo_gru,10,50045,5,1414,134,68,1,1,0,1,0,-0.7605688848375999,-1.8093580922713979,-15.10560538726518,0.433515340089798,2.850522994995117,0.016013888642191887,0.9175282327900796,0.21400807797908783,12.261759649908345,0.12301792949438095
ppo_gru,10,50045,5,1415,135,123,1,1,0,1,0,4.582223649999814,-4.730985170122692,40.021370498284654,0.3483297526836395,1.6636980772018433,0.042426303029060364,2.4308481039082594,0.07570983469486237,4.337853995648745,0.08028122037649155
ppo_gru,10,50045,5,1416,136,177,1,1,0,1,0,6.164846782583469,2.5799810155672565,17.3015521865593,0.686131477355957,0.44731059670448303,0.03194015473127365,1.8300360630967882,0.114413782954216,6.555426881402417,0.08914704620838165
ppo_gru,10,50045,5,1417,137,62,1,1,0,1,0,-1.1651892912691553,-1.740400502410949,19.74430104132266,1.0586259365081787,3.0664217472076416,0.019000094383955002,1.0886252185508396,0.11976995319128036,6.86231283033979,0.07888507097959518
ppo_gru,10,50045,5,1418,138,106,1,1,0,1,0,-24.293958349359855,0.4379517295812176,76.72464875815545,11.399114608764648,10.008495330810547,0.19171421229839325,10.984415237372994,0.7778931260108948,44.56999303266259,0.5806607604026794
ppo_gru,10,50045,5,1419,139,75,1,1,0,1,0,9.548959629514666,-1.858316888242049,-26.57403941885019,5.1632843017578125,6.418495178222656,0.004850796423852444,0.27793016236389784,0.07313172519207001,4.190139202016171,0.04141665995121002
ppo_gru,10,50045,5,1420,140,217,1,1,0,1,0,-4.192438414445527,1.9093520617203845,0.2150689965853615,0.10321201384067535,0.5471686720848083,0.017392802983522415,0.9965342048583807,0.17535462975502014,10.04708020304182,0.10507011413574219
ppo_gru,10,50045,5,1421,141,116,1,1,0,1,0,5.529447944475523,-1.9094613447471047,49.71996591213596,1.1989117860794067,1.5499197244644165,0.050347473472356796,2.8846977391129163,0.07279045879840851,4.170586077969717,0.08674269914627075
ppo_gru,10,50045,5,1422,142,187,1,1,0,1,0,35.55627093217222,14.773166419982319,-69.0131739399143,5.854193210601807,5.466748237609863,0.2384069412946701,13.659711542807779,0.8655266761779785,49.59102560098446,0.6711702942848206
ppo_gru,10,50045,5,1423,143,79,1,1,0,1,0,-2.0712548658063668,-0.6041302320876278,-22.66219883588713,0.348658949136734,1.467257022857666,0.0010375770507380366,0.05944878592692078,0.17273953557014465,9.89724634321925,0.08740734308958054
ppo_gru,10,50045,5,1424,144,123,1,1,0,1,0,-3.195285437137025,-1.242179183593539,-27.193728821867108,0.2982874810695648,0.7763978838920593,0.03378351405262947,1.9356527723365764,0.264877587556839,15.176367854613805,0.16622230410575867
ppo_gru,10,50045,5,1425,145,92,1,1,0,1,0,-4.0894938032750945,0.25505292398661616,-15.71136120437527,12.65085506439209,13.485886573791504,0.00887368991971016,0.5084249811071745,0.1153966411948204,6.611740510448702,0.06657201051712036
ppo_gru,10,50045,5,1426,146,8,1,1,0,1,0,-0.07367042038775753,27.126833949136003,77.25685709828285,17.151517868041992,19.052019119262695,0.20301850140094757,11.632103293345086,0.881750762462616,50.52059727155027,0.6438938975334167
ppo_gru,10,50045,5,1427,147,132,1,1,0,1,0,-1.4591606331465041,6.44431080266371,54.355232811230096,2.0711450576782227,1.954575538635254,0.04840674251317978,2.7735020459816973,0.21706242859363556,12.43676104927512,0.15693795680999756
ppo_gru,10,50045,5,1428,148,99,1,1,0,1,0,6.809411734557572,-4.602249764646292,-39.82477033321501,0.7861589789390564,2.862455368041992,0.05188773199915886,2.972948052057712,0.2704057991504669,15.493111047183977,0.18709063529968262
ppo_gru,10,50045,5,1429,149,4,1,1,0,1,0,6.864435738511195,11.948336783048445,-72.16735529862619,21.402484893798828,21.547950744628906,0.11190815269947052,6.411864842785211,0.41820284724235535,23.96125812734124,0.3210095763206482
ppo_gru,10,50045,5,1430,150,160,1,1,0,1,0,44.97792949593619,49.852034449927324,-59.96000408187252,2.2318897247314453,2.679151773452759,0.4191436767578125,24.015163687818273,0.7963072061538696,45.62504210847071,0.8172972798347473
ppo_gru,10,50045,5,1431,151,120,1,1,0,1,0,-0.997439845253642,1.863029718769358,-14.15784833803421,1.2337400913238525,1.6223407983779907,0.013872776180505753,0.794851525272598,0.1560092270374298,8.93867027434298,0.09187738597393036
ppo_gru,10,50045,5,1432,152,143,1,1,0,1,0,-3.9775879839136055,18.770288744922162,54.00978916376753,0.8621484637260437,1.9945918321609497,0.0950586125254631,5.44645730407846,0.49708956480026245,28.481134103049886,0.3436034023761749
ppo_gru,10,50045,5,1433,153,116,1,1,0,1,0,-4.890046615513949,6.769441467534658,22.927305798332004,0.2956441044807434,1.1559102535247803,0.03593486174941063,2.058915915627327,0.2275252789258957,13.036238214990675,0.14969749748706818
ppo_gru,10,50045,5,1434,154,80,1,1,0,1,0,0.877433421536518,0.7272512220662777,19.93706264007876,2.0437138080596924,3.564143180847168,0.023166988044977188,1.327370639007227,0.06713046878576279,3.8462925381589197,0.05673222243785858
ppo_gru,10,50045,5,1435,155,60,1,1,0,1,0,4.964550318980448,-4.355324765771991,-47.140995764565865,0.8335576057434082,2.9913861751556396,0.040493763983249664,2.320121772839067,0.11413712054491043,6.539575292999286,0.09756232798099518
ppo_gru,10,50045,5,1436,156,1,1,1,0,1,0,-9.741010888597085,11.046041472933082,44.82032971102731,19.061288833618164,19.040876388549805,0.049041613936424255,2.809877499067069,0.7180825471878052,41.14309929586502,0.40808290243148804
ppo_gru,10,50045,5,1437,157,177,1,1,0,1,0,21.004293358271592,3.32107020089198,-55.131661395320464,0.4169151484966278,0.8970324397087097,0.11291401088237762,6.469496271454486,0.37884974479675293,21.706491446462262,0.3023388981819153
ppo_gru,10,50045,5,1438,158,126,1,1,0,1,0,29.66445413147084,10.920598218636627,-61.678042544940844,1.5348105430603027,2.1938440799713135,0.13453537225723267,7.7083090255608555,0.4427545368671417,25.36796632275663,0.35591262578964233
ppo_gru,10,50045,5,1439,159,47,1,1,0,1,0,-8.787188631383144,7.11346443564986,-35.23843490933484,7.439631462097168,11.567617416381836,0.026132812723517418,1.4972998758633262,0.21022748947143555,12.045147884344207,0.13124655187129974
ppo_gru,10,50045,5,1440,160,1,1,1,0,1,0,-12.833501978725419,7.8791696227433095,29.03686902977339,12.04699993133545,15.106403350830078,0.044101763516664505,2.5268449185889077,0.6774289011955261,38.81381695868849,0.38281622529029846
ppo_gru,10,50045,5,1441,161,103,1,1,0,1,0,-49.81340289998173,30.814849232997748,-92.08473333351697,3.326565742492676,4.424468517303467,0.3155818581581116,18.081508563355982,0.904742956161499,51.83795293224355,0.7679533362388611
ppo_gru,10,50045,5,1442,162,186,1,1,0,1,0,22.72806918024273,8.898752941286133,-62.94588957943529,1.6325284242630005,0.8220250010490417,0.13005468249320984,7.451584412774879,0.45827537775039673,26.257244999861243,0.3591923713684082
ppo_gru,10,50045,5,1443,163,6,1,1,0,1,0,9.691573979384533,14.299356197258534,-65.38645277366425,11.902223587036133,13.773812294006348,0.14649608731269836,8.393607518197623,0.4738067090511322,27.147124733612817,0.38339942693710327
ppo_gru,10,50045,5,1444,164,108,1,1,0,1,0,9.547470648275604,6.593372851110069,-16.577265266592807,0.9772267937660217,0.34582555294036865,0.03199642524123192,1.8332601258284458,0.5531420111656189,31.69270271116822,0.30856743454933167
ppo_gru,10,50045,5,1445,165,62,1,1,0,1,0,0.21889390252056865,0.714560730588394,11.702586576711386,1.0076273679733276,3.7435386180877686,0.01720247231423855,0.9856290607965149,0.15172450244426727,8.693173638778857,0.09306472539901733
ppo_gru,10,50045,5,1446,166,270,1,1,0,1,0,30.31971515968518,28.847221997278815,-75.39125922838556,2.5959115028381348,2.138913631439209,0.25691846013069153,14.720343444488734,0.903498113155365,51.7666286818357,0.708667516708374
ppo_gru,10,50045,5,1447,167,136,1,1,0,1,0,-3.711046681743028,-0.6419421593328184,-24.28073510312671,0.48535284399986267,1.295643925666809,0.005357059184461832,0.30693688187145773,0.1846844106912613,10.58163727447005,0.09769926220178604
ppo_gru,10,50045,5,1448,168,145,1,1,0,1,0,-3.2373047609109435,-0.4453419942631714,-15.087956178449867,0.5222230553627014,1.4940646886825562,0.008645694702863693,0.49536181743270197,0.196891650557518,11.281060598310404,0.1070915162563324
ppo_gru,10,50045,5,1449,169,156,1,1,0,1,0,24.229180835271453,23.571734146522704,-72.87556395328647,2.1676793098449707,2.2596540451049805,0.16890156269073486,9.677346695343395,0.6126236319541931,35.100748540951145,0.4752133786678314
ppo_gru,10,50045,5,1450,170,82,1,1,0,1,0,-2.817056881658399,5.697538899949537,-48.14126330813589,0.9919067025184631,3.9087438583374023,0.048979710787534714,2.8063307098971286,0.25637808442115784,14.689382196981066,0.17716875672340393
ppo_gru,10,50045,5,1451,171,238,1,1,0,1,0,30.488516454832876,24.080569579310314,-73.13598540596071,6.769567489624023,6.379762172698975,0.2544555068016052,14.579226613594392,1.0218418836593628,58.54722726337957,0.7653764486312866
ppo_gru,10,50045,5,1452,172,131,1,1,0,1,0,-2.5364727105542753,-0.10104581858116864,-4.460291112936747,0.6677775979042053,1.6404480934143066,0.007949437014758587,0.45546919045074336,0.5400323271751404,30.941573147763577,0.27796560525894165
ppo_gru,10,50045,5,1453,173,2,1,1,0,1,0,0.7249426181268134,24.648158299338373,66.21279638020907,9.015527725219727,12.103644371032715,0.11489595472812653,6.583053289047826,0.705719530582428,40.43475062232675,0.4677557349205017
ppo_gru,10,50045,5,1454,174,124,1,1,0,1,0,-7.399785965656794,19.035819179095576,41.46841437584356,1.915186882019043,1.4478814601898193,0.0854942575097084,4.898460127910935,0.3349599540233612,19.191791671434697,0.2529742419719696
ppo_gru,10,50045,5,1455,175,188,1,1,0,1,0,-17.646763607590085,0.8128744735015575,40.290343347799755,0.9129634499549866,0.39226266741752625,0.06044931709766388,3.463490744144147,0.30781689286231995,17.636608823841566,0.21435776352882385
ppo_gru,10,50045,5,1456,176,115,1,1,0,1,0,10.952795730384068,-6.903859590400509,-45.18313569936005,1.057127833366394,3.321254253387451,0.06199175864458084,3.551866134928119,0.12141865491867065,6.956776480995182,0.12270108610391617
ppo_gru,10,50045,5,1457,177,119,1,1,0,1,0,-1.9682556131225744,1.199394878632579,-25.162485204218676,0.554302990436554,1.3152180910110474,0.015011483803391457,0.8600946661633233,0.15078501403331757,8.639344917929987,0.09040398895740509
ppo_gru,10,50045,5,1458,178,89,1,1,0,1,0,1.6817428378188797,0.34118160942047693,5.769761320233251,0.5329474210739136,3.1562716960906982,0.01813673973083496,1.03915864070408,0.07616695761680603,4.364045209794805,0.056220218539237976
ppo_gru,10,50045,5,1459,179,296,1,1,0,1,0,-1.256222052527085,3.0606487482177336,38.11182719126751,2.116878032684326,2.2878682613372803,0.008304880931973457,0.47583462676075283,0.13693369925022125,7.845723040151403,0.07677172869443893
ppo_gru,10,50045,5,1460,180,147,1,1,0,1,0,-2.5557065232570313,19.233744400864207,44.93142956806674,0.6785034537315369,0.6704071164131165,0.08268603682518005,4.737560934746122,0.3240610957145691,18.567333088829816,0.2447165846824646
ppo_gru,10,50045,5,1461,181,69,1,1,0,1,0,10.3387207428649,-3.8167233685814654,-28.231371160575446,0.735948383808136,1.7080284357070923,0.01857512816786766,1.0642764479333904,0.09137281775474548,5.235276819564951,0.0642615407705307
ppo_gru,10,50045,5,1462,182,10,1,1,0,1,0,13.183754079363672,7.834691430868186,-77.4149623171903,12.809305191040039,15.073665618896484,0.15158459544181824,8.685157558014202,0.5577153563499451,31.95473608848659,0.43044227361679077
ppo_gru,10,50045,5,1463,183,247,1,1,0,1,0,30.85872636822591,23.449378137731095,-71.77410032697354,16.691648483276367,15.576142311096191,0.2728700339794159,15.634301302611895,1.0276492834091187,58.87996675898591,0.7866946458816528
ppo_gru,10,50045,5,1464,184,206,1,1,0,1,0,-56.36781635206605,16.79389154630893,-92.13609635607547,5.752004623413086,4.14064884185791,0.266596257686615,15.274840399425171,0.6618812680244446,37.92300319656792,0.5975369215011597
ppo_gru,10,50045,5,1465,185,9,1,1,0,1,0,-1.1867726890463954,11.721738427144103,65.32260416530296,15.950026512145996,17.969392776489258,0.11014334857463837,6.31074901476505,0.47982993721961975,27.492230286711468,0.35005831718444824
ppo_gru,10,50045,5,1466,186,138,1,1,0,1,0,4.320080989654725,5.347081893636182,-38.008377146098496,0.8507062792778015,2.074718952178955,0.059108391404151917,3.3866613612652587,0.14480772614479065,8.29687154898273,0.13151225447654724
ppo_gru,10,50045,5,1467,187,133,1,1,0,1,0,-58.88252807992467,28.05166888351241,-98.2608635886093,4.362517356872559,5.2105255126953125,0.2639774680137634,15.12479480373833,0.5383696556091309,30.846309084314825,0.5331622958183289
ppo_gru,10,50045,5,1468,188,28,1,1,0,1,0,-13.459256589725307,12.885356774904155,64.81798978942243,3.684326410293579,6.816643714904785,0.09418195486068726,5.396228519809009,0.534801721572876,30.641881522456345,0.36158281564712524
ppo_gru,10,50045,5,1469,189,294,1,1,0,1,0,21.555544265804983,42.26448658398688,-81.30538342691621,6.884795665740967,5.573154449462891,0.37248125672340393,21.341603957979963,0.9627429842948914,55.16110975592697,0.8538527488708496
ppo_gru,10,50045,5,1470,190,91,1,1,0,1,0,-4.600118745625248,1.9382027807745184,13.63247018707683,0.26392117142677307,2.651036024093628,0.019857680425047874,1.137761279274794,0.1589771807193756,9.108721494108787,0.09934627264738083
ppo_gru,10,50045,5,1471,191,148,1,1,0,1,0,20.74496473586455,8.539403028673421,-57.01974424796543,1.8745242357254028,1.059626817703247,0.10767021775245667,6.169049056470319,0.4289942681789398,24.579561001956645,0.3221673369407654
ppo_gru,10,50045,5,1472,192,1,1,1,0,1,0,-8.922754226029557,11.282584584268964,42.66371114097413,21.689237594604492,22.1131534576416,0.05868968740105629,3.3626713890226467,0.367098867893219,21.03321579431201,0.2422391176223755
ppo_gru,10,50045,5,1473,193,38,1,1,0,1,0,-0.9361320672636076,-1.6678365726687336,-13.662686943964966,0.5935905575752258,4.015375137329102,0.02768722176551819,1.586360953606944,0.2347228229045868,13.448627107829473,0.14504863321781158
ppo_gru,10,50045,5,1474,194,125,1,1,0,1,0,-1.9416451961162047,0.8850422522719122,-19.791934780594328,0.3626580536365509,1.0236530303955078,0.01950262114405632,1.1174178809970283,0.15616580843925476,8.94764172781779,0.097585529088974
ppo_gru,10,50045,5,1475,195,168,1,1,0,1,0,41.53231762571819,17.83201199825917,-65.99373855314842,0.5485337972640991,1.648168683052063,0.2285713106393814,13.096171417410245,0.7129641771316528,40.84983829366135,0.5850533843040466
ppo_gru,10,50045,5,1476,196,158,1,1,0,1,0,7.95464321307195,4.688105242513352,42.438369539877066,0.9287375211715698,0.47868993878364563,0.021855948492884636,1.252253605897602,0.1422719806432724,8.15158403382645,0.09299194067716599
ppo_gru,10,50045,5,1477,197,83,1,1,0,1,0,35.64750859910525,-0.1303336697421833,-72.96430177098327,0.34898510575294495,1.5731557607650757,0.1686445027589798,9.66261824617191,0.5638088583946228,32.30386803810096,0.4505489468574524
ppo_gru,10,50045,5,1478,198,152,1,1,0,1,0,-13.671702793669382,-4.932830920474909,16.813166340146708,1.1236945390701294,2.250965118408203,0.06282822787761688,3.599792291673629,0.1477041244506836,8.46282294769924,0.13668029010295868
ppo_gru,10,50045,5,1479,199,349,1,1,0,1,0,-0.16109684176392075,7.067879753129195,-0.5060487156062448,0.8953964114189148,1.041448950767517,0.0049788919277489185,0.28526949411176744,0.47168025374412537,27.02528781919813,0.2408190220594406
ppo_gru,10,50045,5,1480,200,152,1,1,0,1,0,-1.0502235471595005,-0.4020112741686105,-6.368208834931428,0.8834105730056763,1.4832888841629028,0.01572139747440815,0.9007697233312186,0.09837548434734344,5.636500060658071,0.06490913778543472
ppo_gru,10,50045,5,1481,201,184,1,1,0,1,0,-16.409297254523853,17.260598372295902,55.08647286377166,0.9249927401542664,1.17562735080719,0.12290799617767334,7.042109449390737,0.650254487991333,37.256837771343655,0.44803524017333984
ppo_gru,10,50045,5,1482,202,87,1,1,0,1,0,-28.75871640601379,68.8500690225344,66.99706602146661,3.8039932250976562,3.9212071895599365,0.8742243647575378,50.089366448112344,0.38995590806007385,22.342827728033793,1.0692023038864136
ppo_gru,10,50045,5,1483,203,203,1,1,0,1,0,-3.0138756127814865,1.0676815106780533,-14.46772036029935,1.7126458883285522,0.9994179606437683,0.010557294823229313,0.6048884364463522,0.13431458175182343,7.695658661444345,0.07771458476781845
ppo_gru,10,50045,5,1484,204,273,1,1,0,1,0,-32.39051923300633,16.94381419859071,78.06109821267351,3.1139373779296875,2.9702565670013428,0.25006937980651855,14.327920048367528,1.076518177986145,61.679948167719274,0.7883284687995911
ppo_gru,10,50045,5,1485,205,108,1,1,0,1,0,4.963949262333487,-2.7664041987735843,35.22359973845758,0.6021170616149902,1.2902770042419434,0.02509922720491886,1.4380797878817886,0.021208196878433228,1.215140172216751,0.035703323781490326
ppo_gru,10,50045,5,1486,206,2,1,1,0,1,0,-9.916027655889492,6.71739542605916,14.268251515778296,20.25174331665039,20.89183807373047,0.03365373983979225,1.9282172576513712,0.2059651017189026,11.800931055475816,0.13663628697395325
ppo_gru,10,50045,5,1487,207,116,1,1,0,1,0,3.0766177304972238,-0.06378030646957907,23.565928485728193,0.5466443300247192,1.5596656799316406,0.013495925813913345,0.7732595897588951,0.13498510420322418,7.734076767978375,0.08098848164081573
ppo_gru,10,50045,5,1488,208,111,1,1,0,1,0,10.782341529457229,1.4042595725979417,-37.78773471515041,0.6133977770805359,1.8875757455825806,0.07120826840400696,4.079933245984369,0.045286450535058975,2.594722484786848,0.0938514918088913
ppo_gru,10,50045,5,1489,209,24,1,1,0,1,0,6.785478751705847,-0.2256284690422012,-78.77498958472324,23.514453887939453,21.41236114501953,0.05435832962393761,3.1145028688325804,0.1972648799419403,11.302445066828067,0.15299077332019806
ppo_gru,10,50045,5,1490,210,197,1,1,0,1,0,3.9271811878389116,0.46840071290113444,-26.191166334735954,0.5909951329231262,0.5040642619132996,0.042804889380931854,2.4525395040517504,0.0838450938463211,4.80397001027251,0.08472743630409241
ppo_gru,10,50045,5,1491,211,87,1,1,0,1,0,-1.6323742304980273,1.4963441829880535,-27.97843559523153,0.4860255718231201,3.4365010261535645,0.025227928534150124,1.4454538308644636,0.18159787356853485,10.404791724027373,0.1160268634557724
ppo_gru,10,50045,5,1492,212,107,1,1,0,1,0,-4.60705821782198,4.507856550316715,23.1731379669391,1.0544664859771729,1.6321293115615845,0.05945885181427002,3.40674126365145,0.16191016137599945,9.276768907126842,0.14041393995285034
ppo_gru,10,50045,5,1493,213,98,1,1,0,1,0,12.73845306623552,-4.079111915736675,4.488431492317199,1.5050182342529297,2.4957401752471924,0.0035543334670364857,0.20364830664329195,0.07774386554956436,4.454395379022556,0.04242626577615738
ppo_gru,10,50045,5,1494,214,256,1,1,0,1,0,-1.5536358097461205,3.488724024259113,16.30587453011152,0.35954737663269043,1.375206470489502,0.03698129951953888,2.118872383378757,0.11999578028917313,6.875251769948734,0.09697918593883514
ppo_gru,10,50045,5,1495,215,183,1,1,0,1,0,-5.835399438157074,8.777926894868607,53.74923110730988,0.7412037253379822,1.7152329683303833,0.10129117965698242,5.803557096246474,0.3857424855232239,22.101416399366986,0.29416242241859436
ppo_gru,10,50045,5,1496,216,68,1,1,0,1,0,14.402806242427548,-4.825897478829189,-4.290847780007071,1.3229002952575684,1.6177146434783936,0.015380271710455418,0.8812246567735511,0.05275623872876167,3.022709822142663,0.04175839200615883
ppo_gru,10,50045,5,1497,217,153,1,1,0,1,0,-4.758142002262662,4.069604292412017,11.30817047289983,0.49276652932167053,0.7933536767959595,0.01447856705635786,0.8295607857264573,0.2501109540462494,14.330302076840571,0.13953404128551483
ppo_gru,10,50045,5,1498,218,149,1,1,0,1,0,15.202744337641102,18.693558399786237,-60.15671352996888,1.501268982887268,1.337441325187683,0.13321620225906372,7.632726152205494,0.8061609864234924,46.189622130169376,0.5362967252731323
ppo_gru,10,50045,5,1499,219,69,1,1,0,1,0,1.7646066928294744,-0.9864569010682616,-16.328701022317702,0.5750325918197632,2.1483988761901855,0.029879065230488777,1.7119443335030893,0.37300023436546326,21.371339186531614,0.21637918055057526
ppo_gru,10,50045,5,1500,220,62,1,1,0,1,0,7.289177882237608,-1.0958492108151858,7.816905618269473,1.1121145486831665,3.2607226371765137,0.012314819730818272,0.7055871960403195,0.10010727494955063,5.735724353164962,0.06236845627427101
ppo_gru,10,50045,5,1501,221,151,1,1,0,1,0,-30.640351560082262,12.082959811589397,68.82515249244219,1.2908462285995483,1.6877332925796509,0.19342900812625885,11.082665801036336,1.2140908241271973,69.5622801680483,0.8004744052886963
ppo_gru,10,50045,5,1502,222,159,1,1,0,1,0,0.03274392688104113,0.746143525310533,3.3159475590144702,0.2893623113632202,0.9015657901763916,0.013684193603694439,0.784046539531608,0.11463852226734161,6.568303495535183,0.07100345194339752
ppo_gru,10,50045,5,1503,223,101,1,1,0,1,0,16.84037781380004,0.3812338387134317,-67.36813653869507,2.632859945297241,2.3225181102752686,0.12602682411670685,7.220805127324842,0.3994940519332886,22.889323116357563,0.32577383518218994
ppo_gru,10,50045,5,1504,224,130,1,1,0,1,0,38.04704967717911,43.7424575581076,-52.76027435700539,3.2144479751586914,3.642122507095337,0.3366411030292511,19.288114414204802,0.8893691897392273,50.957101001027446,0.7813256978988647
ppo_gru,10,50045,5,1505,225,161,1,1,0,1,0,25.926769711964763,3.983666852274917,-96.81521306964108,2.7165420055389404,2.469320297241211,0.236265167593956,13.536996949084745,0.8738446235656738,50.067608880511266,0.6731874942779541
ppo_gru,10,50045,5,1506,226,132,1,1,0,1,0,3.7348020796763324,-1.9504971212805413,27.06753424676195,0.3614051043987274,1.4202508926391602,0.012005114927887917,0.6878424179374792,0.09236633777618408,5.29220132365513,0.05818828195333481
ppo_gru,10,50045,5,1507,227,168,1,1,0,1,0,-3.2249557788915606,5.11555214115109,20.043572609995937,0.5822315812110901,0.6468662619590759,0.021852616220712662,1.252062680765959,0.2794027030467987,16.008595669128592,0.16155396401882172
ppo_gru,10,50045,5,1508,228,70,1,1,0,1,0,-1.4311841783061319,0.888143158155098,1.2049956337519896,0.2562699019908905,3.00395131111145,0.009510916657745838,0.5449353837895073,0.18017470836639404,10.323250364394822,0.09959827363491058
ppo_gru,10,50045,5,1509,229,105,1,1,0,1,0,-4.233528832492324,3.573937464344192,12.444905196086713,0.13861346244812012,2.275294065475464,0.022591637447476387,1.294405478030101,0.18471165001392365,10.583197972695398,0.11494746059179306
ppo_gru,10,50045,5,1510,230,65,1,1,0,1,0,7.09205862279104,-1.6180035124843206,-10.814935192176529,0.16745790839195251,3.5323729515075684,0.029386552050709724,1.6837254069471816,0.13943685591220856,7.989143352343331,0.09910497814416885
ppo_gru,10,50045,5,1511,231,150,1,1,0,1,0,-1.5354948273105666,-1.1360653646482208,37.9471513303785,1.1597803831100464,0.545820415019989,0.09000324457883835,5.156806056851144,0.08827893435955048,5.058010358714672,0.1341427117586136
ppo_gru,10,50045,5,1512,232,119,1,1,0,1,0,1.8910744755014304,1.7443073706161965,-16.270726376642635,0.4796295762062073,2.098766565322876,0.026311755180358887,1.5075525234160443,0.08380893617868423,4.80189832851988,0.0682162195444107
ppo_gru,10,50045,5,1513,233,114,1,1,0,1,0,-1.2666585815788647,-1.9301158367972233,-8.841393012636365,0.7195848822593689,2.8071255683898926,0.019188901409506798,1.099443064257376,0.3677400052547455,21.06995025921563,0.2030588984489441
ppo_gru,10,50045,5,1514,234,58,1,1,0,1,0,-2.7406680459809762,6.105574400966098,-29.650192696483852,0.4994179904460907,2.4282290935516357,0.034159865230321884,1.9572161064331297,0.18444618582725525,10.567987995187426,0.1263829618692398
ppo_gru,10,50045,5,1515,235,85,1,1,0,1,0,23.81624125843082,28.358644905569463,-66.75691657024896,6.257691383361816,6.804715156555176,0.24684616923332214,14.143243686041432,1.0064910650253296,57.66769014357869,0.7500916719436646
ppo_gru,10,50045,5,1516,236,72,1,1,0,1,0,-26.469838052872475,22.79773710977686,62.745573791457154,9.552977561950684,10.944693565368652,0.210834801197052,12.079944283070837,0.9356628060340881,53.60952983312102,0.6786662340164185
ppo_gru,10,50045,5,1517,237,53,1,1,0,1,0,-7.098601944015912,0.3788159517472472,-21.767061564021937,0.4810023605823517,3.160426616668701,0.022354451939463615,1.2808157494593029,0.1996334344148636,11.438153241673405,0.12217117100954056
ppo_gru,10,50045,5,1518,238,120,1,1,0,1,0,1.207905294338415,5.077931459202659,4.795844646481133,3.226903200149536,1.6050552129745483,0.004959119949489832,0.28413664320489734,0.11116763949394226,6.369436561434738,0.060542941093444824
ppo_gru,10,50045,5,1519,239,169,1,1,0,1,0,-1.2158966156673299,1.3952437228935246,-17.859045886994082,0.4422565698623657,0.7347686886787415,0.01203071977943182,0.689309467866004,0.18625277280807495,10.671497804511677,0.10515710711479187
ppo_gru,10,50045,5,1520,240,196,1,1,0,1,0,1.1229923825768164,4.6765212416810105,16.838479021210777,0.6616626977920532,0.9457942247390747,0.01958838477730751,1.1223317752180293,0.11663342267274857,6.682602869313938,0.0779050961136818
ppo_gru,10,50045,5,1521,241,51,1,1,0,1,0,-52.906385763730306,45.76407060902631,-117.39468232191622,12.09597396850586,11.879249572753906,0.4232642650604248,24.251256006668935,0.6593655943870544,37.778865714513145,0.7529470920562744
ppo_gru,10,50045,5,1522,242,89,1,1,0,1,0,33.35051598122996,24.747155061168538,-55.91549390447113,3.1410388946533203,5.535648822784424,0.21146561205387115,12.116087082837605,0.6396809220314026,36.65101706743645,0.5313060879707336
ppo_gru,10,50045,5,1523,243,112,1,1,0,1,0,-2.8848669997382856,-1.2711938271877532,-15.259311964347146,1.1403225660324097,1.069878101348877,0.01784377358853817,1.0223729172102447,0.1531582772731781,8.77532288524754,0.09442291408777237
ppo_gru,10,50045,5,1524,244,129,1,1,0,1,0,-28.212629121492927,63.65355181896197,58.04143126477261,0.9952869415283203,2.393458127975464,0.6004580855369568,34.403714075773,0.6221626996994019,35.64729686324098,0.9115394353866577
ppo_gru,10,50045,5,1525,245,120,1,1,0,1,0,-23.839887373337405,27.298299018060003,68.9733129559181,4.135568141937256,4.600447177886963,0.19202706217765808,11.002340215076048,0.8299004435539246,47.549792831674885,0.6069772839546204
ppo_gru,10,50045,5,1526,246,82,1,1,0,1,0,-3.275116688156134,6.098266098554185,18.899611546667185,0.1721164733171463,1.8967803716659546,0.023022182285785675,1.3190738801563657,0.23202836513519287,13.294246049566969,0.1390363574028015
ppo_gru,10,50045,5,1527,247,143,1,1,0,1,0,1.9805499536285973,2.306636844983346,-29.434085511144648,0.6599747538566589,1.1406489610671997,0.014793122187256813,0.8475834671511525,0.1274203509092331,7.300648331174998,0.07850329577922821
ppo_gru,10,50045,5,1528,248,99,1,1,0,1,0,-4.940426090831963,0.001953434102623647,-37.4758955984043,0.3014293611049652,2.114284038543701,0.020409896969795227,1.1694009566661143,0.2279474139213562,13.060424768615336,0.13438360393047333
ppo_gru,10,50045,5,1529,249,268,1,1,0,1,0,21.953389124579882,3.102340222911492,-48.86903362457909,1.416218876838684,0.599064826965332,0.07189081609249115,4.119040347850923,0.19373689591884613,11.100306472115186,0.16875925660133362
ppo_gru,10,50045,5,1530,250,115,1,1,0,1,0,2.08920460294516,1.2660028834185435,7.115540813157543,0.34850186109542847,1.747137188911438,0.02990293689072132,1.7133120788843843,0.22357989847660065,12.81018456667264,0.1416928917169571
ppo_gru,10,50045,5,1531,251,4,1,1,0,1,0,3.986398927942922,6.932778611346342,9.336007991572009,16.669872283935547,18.756601333618164,0.03505897894501686,2.0087315275874817,0.11256077140569687,6.449257140283269,0.0913393646478653
ppo_gru,10,50045,5,1532,252,158,1,1,0,1,0,-4.766228946239958,1.637428570483837,-25.855886008758368,2.155008554458618,1.4103915691375732,0.008953990414738655,0.5130258605651186,0.14365720748901367,8.230951685755645,0.08078259229660034
ppo_gru,10,50045,5,1533,253,222,1,1,0,1,0,-15.94200303226826,15.81257094749652,62.364667801823884,0.8304749131202698,0.6900427341461182,0.13612966239452362,7.79965512174696,0.7110031843185425,40.73748168181464,0.49163126945495605
ppo_gru,10,50045,5,1534,254,5,1,1,0,1,0,7.621125075900228,24.514409535011186,-72.71633858335512,18.94894027709961,20.053144454956055,0.19470569491386414,11.155814565726233,0.8026788234710693,45.990108889418714,0.5960451364517212
ppo_gru,10,50045,5,1535,255,79,1,1,0,1,0,9.338179991728072,3.1707513976383392,-24.72497060674434,0.8184964656829834,1.3391828536987305,0.039774082601070404,2.2788870670460537,0.08143988996744156,4.666161979144217,0.08049403131008148
ppo_gru,10,60052,6,1536,0,3,1,1,0,1,0,-7.478961518515582,2.5752272039049275,8.151489264951717,17.64815330505371,18.42740249633789,0.01812824048101902,1.0386716695605993,0.10079801082611084,5.775300603650131,0.06852724403142929
ppo_gru,10,60052,6,1537,1,106,1,1,0,1,0,1.6066380777054194,-1.6505698544469414,28.635704699061858,0.23367436230182648,1.1628721952438354,0.013625269755721092,0.7806704517300648,0.1101456955075264,6.310883484114335,0.06869811564683914
ppo_gru,10,60052,6,1538,2,167,1,1,0,1,0,-3.8890687322702404,4.947024053570195,-39.40872985049119,1.0018539428710938,0.9062376022338867,0.020021220669150352,1.147131445042405,0.15603519976139069,8.940158401808397,0.09803882241249084
ppo_gru,10,60052,6,1539,3,8,1,1,0,1,0,-6.2196932016186715,14.626768145312266,59.00459722077113,10.545662879943848,12.327372550964355,0.11085748672485352,6.351666116761658,0.4871939420700073,27.91415668495254,0.3544544577598572
ppo_gru,10,60052,6,1540,4,144,1,1,0,1,0,3.7472330239657556,1.1399722328534683,15.32609755405153,0.3311850130558014,0.8622681498527527,0.0021422156132757664,0.12273991344773073,0.10233650356531143,5.863449744417847,0.053310468792915344
ppo_gru,10,60052,6,1541,5,173,1,1,0,1,0,35.09502825752126,22.45068153767017,-83.8316245140938,7.744075298309326,6.905559062957764,0.23519966006278992,13.475947864509525,0.8569371700286865,49.09888315052836,0.6636682748794556
ppo_gru,10,60052,6,1542,6,136,1,1,0,1,0,1.0392679237308002,-1.7256472938037215,-31.82514349426935,0.719825804233551,0.8949086666107178,0.03700318932533264,2.1201265768651005,0.17753684520721436,10.17211193844078,0.12577161192893982
ppo_gru,10,60052,6,1543,7,174,1,1,0,1,0,-4.144681731768798,0.28313866185370856,-26.587098740543254,1.2715582847595215,0.7686072587966919,0.005806340835988522,0.33267882431660445,0.17861269414424896,10.233753541926498,0.09511268883943558
ppo_gru,10,60052,6,1544,8,119,1,1,0,1,0,3.7021537754436715,3.8903391474558626,-9.075750463437844,0.5899036526679993,1.760668396949768,0.018535152077674866,1.0619859866839088,0.08657938987016678,4.9606336323782685,0.061824847012758255
ppo_gru,10,60052,6,1545,9,185,1,1,0,1,0,-1.9940464074285427,-0.26939632124364293,-32.531221129908594,0.5040575265884399,1.4755492210388184,0.003174747573211789,0.18189963696443584,0.1629026234149933,9.333632793288137,0.08462605625391006
ppo_gru,10,60052,6,1546,10,86,1,1,0,1,0,-7.009809484805746,1.8838481353595569,26.554778285390753,0.49931347370147705,2.1331787109375,0.031729165464639664,1.8179472685961005,0.15378905832767487,8.811463977467016,0.1086236983537674
ppo_gru,10,60052,6,1547,11,129,1,1,0,1,0,-4.495808096620813,1.9753999909944078,18.336612713761372,0.6499232053756714,2.182684898376465,0.03869708627462387,2.2171797229895733,0.1503211110830307,8.612765236774882,0.11385764181613922
ppo_gru,10,60052,6,1548,12,153,1,1,0,1,0,25.373469747680367,13.676825435546892,-66.04242414155227,1.2490838766098022,0.7715316414833069,0.1398095190525055,8.010495377462437,0.4773147702217102,27.34812183296066,0.3784669041633606
ppo_gru,10,60052,6,1549,13,89,1,1,0,1,0,1.7252784635885408,-4.294618044428917,-27.085374700874024,0.5867999792098999,3.6849305629730225,0.014323719777166843,0.8206886901597281,0.14429911971092224,8.267730546888872,0.08647327870130539
ppo_gru,10,60052,6,1550,14,144,1,1,0,1,0,0.603693099980747,1.4025656856837785,6.280372602205064,0.2451188862323761,0.2214718610048294,0.016826895996928215,0.9641101229295665,0.16490864753723145,9.448569509093819,0.09928122162818909
ppo_gru,10,60052,6,1551,15,75,1,1,0,1,0,0.26410975482605303,-0.3473151192951484,0.6083376286163557,0.12211720645427704,3.1515979766845703,0.024641256779432297,1.4118400153595978,0.18598239123821259,10.656006081700442,0.11763244867324829
ppo_gru,10,60052,6,1552,16,172,1,1,0,1,0,3.831080426216832,-0.8355370411676598,-17.06144371647667,0.28816595673561096,0.17043644189834595,0.04013490676879883,2.299560769003213,0.09742676466703415,5.582142427035348,0.0888482928276062
ppo_gru,10,60052,6,1553,17,102,1,1,0,1,0,13.283351897840799,2.9582368918025628,53.684699480031604,1.4822742938995361,1.5210835933685303,0.04916742816567421,2.817086123405783,0.09139133989810944,5.236338060207242,0.09486310184001923
ppo_gru,10,60052,6,1554,18,257,1,1,0,1,0,-34.25876721630158,17.396382532995755,77.97771526328599,7.427506923675537,6.5088582038879395,0.27792930603027344,15.924176238534528,1.2012721300125122,68.82782309640766,0.8785653710365295
ppo_gru,10,60052,6,1555,19,90,1,1,0,1,0,2.8975301704594894,0.062031778042055806,19.311704180050732,0.2747120261192322,1.000816822052002,0.018080979585647583,1.0359638197198064,0.12430034577846527,7.121885205122839,0.08023115247488022
ppo_gru,10,60052,6,1556,20,1,1,1,0,1,0,-6.24586648651816,10.386081274569769,29.191586474852517,15.56650161743164,18.339059829711914,0.035085808485746384,2.0102687470375575,0.2631298303604126,15.076228743644956,0.16665072739124298
ppo_gru,10,60052,6,1557,21,92,1,1,0,1,0,-2.787004049310343,1.5192662978426164,-35.57726693368084,1.77487051486969,1.0098878145217896,0.024521291255950928,1.404966497177038,0.27598288655281067,15.812654617313852,0.16251273453235626
ppo_gru,10,60052,6,1558,22,118,1,1,0,1,0,-0.7048345412102959,1.5878687178662243,7.015983975815438,0.289285808801651,1.967679738998413,0.021895455196499825,1.2545171732772264,0.32102134823799133,18.39316838763637,0.18240612745285034
ppo_gru,10,60052,6,1559,23,74,1,1,0,1,0,-5.222321658256729,14.435113037201708,-47.14258036845331,0.2855371832847595,3.0935230255126953,0.06475020200014114,3.709913297227629,0.27826547622680664,15.943437371993964,0.20388293266296387
ppo_gru,10,60052,6,1560,24,128,1,1,0,1,0,5.070022100143785,4.00161658941371,2.708866685205397,0.5933436751365662,1.9326494932174683,0.00011559982522157952,0.006623382097646473,0.14943063259124756,8.561744577448534,0.07483091950416565
ppo_gru,10,60052,6,1561,25,122,1,1,0,1,0,-1.3363265111129947,-0.7582739412764756,-10.062193704127765,0.5596623420715332,1.0026261806488037,0.01886153779923916,1.0806865110228747,0.09822546690702438,5.6279046944744335,0.0679742693901062
ppo_gru,10,60052,6,1562,26,222,1,1,0,1,0,-5.204180675821175,1.926249949726996,6.9192411764113775,0.19504624605178833,0.3691686987876892,0.025105752050876617,1.438453634017141,0.14130304753780365,8.096068256252588,0.09575727581977844
ppo_gru,10,60052,6,1563,27,124,1,1,0,1,0,15.972028543859638,17.825878488384497,-53.893375419553834,1.182260513305664,1.156543493270874,0.12262497842311859,7.02589372652748,0.4078724980354309,23.36937271688815,0.32656121253967285
ppo_gru,10,60052,6,1564,28,227,1,1,0,1,0,16.147400480988885,53.447582632805435,-76.24754638425172,4.230420112609863,4.524906635284424,0.47536173462867737,27.23622113624105,0.8475854992866516,48.56307188561379,0.8991544842720032
ppo_gru,10,60052,6,1565,29,217,1,1,0,1,0,-68.95323219975826,53.52741388382455,-121.58858239684413,7.774717330932617,6.9521098136901855,0.6422746181488037,36.799624908303,0.8898892402648926,50.98689770128163,1.08721923828125
ppo_gru,10,60052,6,1566,30,123,1,1,0,1,0,-3.897428883814336,5.216215469138738,21.741871826362928,0.9773420691490173,1.5444378852844238,0.04559483006596565,2.612391330396025,0.1738046258687973,9.958271522132375,0.1324971467256546
ppo_gru,10,60052,6,1567,31,1,1,1,0,1,0,-10.63254182058051,6.047968585506211,26.18361214551392,21.437847137451172,23.254480361938477,0.03167439252138138,1.8148090101158911,0.36740046739578247,21.050496172912144,0.21537461876869202
ppo_gru,10,60052,6,1568,32,177,1,1,0,1,0,-15.119484331658645,11.044320265262238,30.0488025364458,0.6662793755531311,1.0415010452270508,0.06885021924972534,3.9448269815596393,0.3453652262687683,19.787969855781135,0.2415328323841095
ppo_gru,10,60052,6,1569,33,213,1,1,0,1,0,45.2518200816537,22.68920540386536,-69.4118384213896,5.636312484741211,5.509634017944336,0.2739923894405365,15.698607533647564,0.983942985534668,56.37578035263829,0.7659639120101929
ppo_gru,10,60052,6,1570,34,85,1,1,0,1,0,18.285072106284456,7.533001975228723,-64.18308272493472,0.9137433171272278,2.1156678199768066,0.09389732778072357,5.379920589391958,0.33601006865501404,19.251958807833336,0.2619023621082306
ppo_gru,10,60052,6,1571,35,167,1,1,0,1,0,-50.91415618662099,64.96459296976758,-114.63911080316628,4.9840312004089355,4.20778751373291,0.5038765072822571,28.86999726306622,0.7315929532051086,41.91718854016466,0.8696730136871338
ppo_gru,10,60052,6,1572,36,189,1,1,0,1,0,28.30480935453142,9.95822456458183,-62.10369993401604,0.8212164640426636,0.8599173426628113,0.15841372311115265,9.076437751223075,0.5585582852363586,32.00303235610775,0.43769288063049316
ppo_gru,10,60052,6,1573,37,232,1,1,0,1,0,-8.268039612948815,8.083515222331751,36.788641964117616,0.17770276963710785,0.4699759781360626,0.07088784873485565,4.061574551269021,0.26141291856765747,14.977856944123847,0.2015943080186844
ppo_gru,10,60052,6,1574,38,277,1,1,0,1,0,-31.161522314510915,14.694988074742353,80.26397082378602,3.016356945037842,1.927902102470398,0.26755455136299133,15.329746582615611,1.1278935670852661,64.62354113394133,0.8315013647079468
ppo_gru,10,60052,6,1575,39,181,1,1,0,1,0,18.620926168152323,4.01208043922217,-39.70789213613775,0.21606114506721497,0.8768064379692078,0.07616522908210754,4.36394617205184,0.17627422511577606,10.099769136072943,0.16430234909057617
ppo_gru,10,60052,6,1576,40,158,1,1,0,1,0,-9.014497326961168,10.241158320760439,33.35349394370809,1.0064308643341064,0.4579614996910095,0.051932983100414276,2.975540749177967,0.30639299750328064,17.55502562930035,0.205129474401474
ppo_gru,10,60052,6,1577,41,92,1,1,0,1,0,-4.732842981576936,2.31932733646123,-29.937060641624388,2.2297050952911377,1.8536165952682495,0.013502794317901134,0.7736531260489642,0.16017287969589233,9.177229999031308,0.09358923137187958
ppo_gru,10,60052,6,1578,42,87,1,1,0,1,0,-6.882112268083188,1.983049802864822,21.077007552175548,0.6518189311027527,2.2402782440185547,0.041365846991539,2.3700884485991183,0.16152095794677734,9.254469193260396,0.12212632596492767
ppo_gru,10,60052,6,1579,43,102,1,1,0,1,0,-3.5423136884870328,-2.799899446463327,-12.737387556724999,1.3259658813476562,2.285597085952759,0.011193194426596165,0.6413227999133158,0.11353420466184616,6.505030757498301,0.06796029955148697
ppo_gru,10,60052,6,1580,44,152,1,1,0,1,0,-11.492216750274995,6.638397458118793,56.312027366925385,0.9897198677062988,1.330820918083191,0.08520505577325821,4.881890088984484,0.5835840702056885,33.43690421385228,0.37699708342552185
ppo_gru,10,60052,6,1581,45,67,1,1,0,1,0,-3.116984148491999,-0.09672913902572058,-5.907362311252328,0.45721524953842163,5.17604398727417,0.01836203970015049,1.0520673780702867,0.292971670627594,16.786040243858004,0.16484788060188293
ppo_gru,10,60052,6,1582,46,140,1,1,0,1,0,22.645437551663917,0.8972409701295551,-56.74118181285563,1.024106502532959,1.953537940979004,0.1094978079199791,6.2737622597489615,0.29132235050201416,16.69154116159629,0.2551589906215668
ppo_gru,10,60052,6,1583,47,114,1,1,0,1,0,-1.818592508029255,1.4478088587459428,-32.64230732656968,0.7067620754241943,1.6117815971374512,0.022471684962511063,1.2875327068994815,0.15743498504161835,9.020360190589978,0.10118918120861053
ppo_gru,10,60052,6,1584,48,105,1,1,0,1,0,-8.82685837008258,1.2837067337472166,-30.483585058252128,0.7554766535758972,2.348323106765747,0.033466797322034836,1.917506240372322,0.22036728262901306,12.626115237409028,0.14365044236183167
ppo_gru,10,60052,6,1585,49,128,1,1,0,1,0,5.993067524957648,10.910708104718449,53.07949007805511,0.9376619458198547,1.3343660831451416,0.06437179446220398,3.6882321423678928,0.20166976749897003,11.554826533075563,0.1652066707611084
ppo_gru,10,60052,6,1586,50,151,1,1,0,1,0,-11.684008462168952,-1.1771011411816574,-4.236206266646969,4.654952526092529,2.998163938522339,0.02490902505815029,1.4271820076176216,0.14074763655662537,8.064245551135853,0.09528284519910812
ppo_gru,10,60052,6,1587,51,58,1,1,0,1,0,8.562680313364826,0.33727474121522966,-15.109266368660307,0.1588435024023056,2.150674343109131,0.014993085525929928,0.859040522514467,0.3355485200881958,19.225514022914343,0.1827673465013504
ppo_gru,10,60052,6,1588,52,115,1,1,0,1,0,-6.647044477608029,-0.7504055633526209,-49.839029769747626,2.9112470149993896,2.648273468017578,0.01340575609356165,0.768093245342868,0.14798884093761444,8.479136000758167,0.0874001756310463
ppo_gru,10,60052,6,1589,53,121,1,1,0,1,0,0.9062704802123118,-0.11383193270743251,-29.639264393811832,0.7863717675209045,1.5856996774673462,0.03761305287480354,2.155069184328651,0.14401040971279144,8.251188682492748,0.10961826145648956
ppo_gru,10,60052,6,1590,54,114,1,1,0,1,0,18.3408201102901,5.433278880961743,-0.3475883268619489,1.5708798170089722,2.331904649734497,0.021308794617652893,1.2209039981025955,0.10293406993150711,5.897687775179828,0.07277582585811615
ppo_gru,10,60052,6,1591,55,156,1,1,0,1,0,-25.231934567699366,43.91736504237329,-92.64683058145233,1.373999834060669,2.413508653640747,0.3021783232688904,17.31354258364726,0.8798435926437378,50.41132449011382,0.7421001195907593
ppo_gru,10,60052,6,1592,56,72,1,1,0,1,0,-7.768889388404284,0.7230711462942299,11.678790197643062,0.5765053629875183,4.364008903503418,0.05214814096689224,2.9878683868561935,0.14710241556167603,8.4283475678636,0.12569934129714966
ppo_gru,10,60052,6,1593,57,305,1,1,0,1,0,-1.4518386703562505,6.6889681787335675,-38.16874998781039,0.6600240468978882,0.714579701423645,0.029788894578814507,1.7067779357262092,0.14998558163642883,8.593540815582235,0.10478168725967407
ppo_gru,10,60052,6,1594,58,78,1,1,0,1,0,-3.7225213995486492,0.2588231884084632,9.456847698367875,0.2922934293746948,1.8695204257965088,0.04388117045164108,2.5142058669732106,0.12097392231225967,6.93129517963598,0.10436813533306122
ppo_gru,10,60052,6,1595,59,95,1,1,0,1,0,0.6082966474813356,-1.4365390466154218,-31.059615892094325,0.4233817756175995,2.6261608600616455,0.010090211406350136,0.5781265279786257,0.17077946662902832,9.784942665338606,0.09547994285821915
ppo_gru,10,60052,6,1596,60,108,1,1,0,1,0,-2.1457858900295457,2.0197962205994906,-2.0337707876413367,0.11224548518657684,2.701874256134033,0.01007818803191185,0.5774376393678065,0.19176460802555084,10.987302699844617,0.10596048831939697
ppo_gru,10,60052,6,1597,61,129,1,1,0,1,0,-0.3579702144003683,9.15525386537679,42.36057368523062,0.5276029109954834,1.6910111904144287,0.04043470695614815,2.3167380544355605,0.5401070713996887,30.945855676373178,0.3104882538318634
ppo_gru,10,60052,6,1598,62,51,1,1,0,1,0,4.546515421018988,-2.4714493096557537,20.62844170862413,0.38104248046875,3.794334888458252,0.023584244772791862,1.3512776884844468,0.1251954883337021,7.173173095600465,0.08618199080228806
ppo_gru,10,60052,6,1599,63,185,1,1,0,1,0,23.52466048276298,6.512940543443999,-55.3044378605651,0.39551013708114624,1.0189276933670044,0.10853041708469391,6.218334847747485,0.3327060043811798,19.06264986970268,0.2748834192752838
ppo_gru,10,60052,6,1600,64,227,1,1,0,1,0,-18.64085666015042,15.837145968130226,51.490842718623504,0.2763403058052063,0.38433530926704407,0.11340958625078201,6.497890648494699,0.5461651682853699,31.292959059804055,0.38649216294288635
ppo_gru,10,60052,6,1601,65,89,1,1,0,1,0,-6.823099433654278,1.6003952848040277,17.079420774372146,1.7250826358795166,2.514716625213623,0.02458089403808117,1.4083814850403384,0.27762964367866516,15.907006850508408,0.1633957177400589
ppo_gru,10,60052,6,1602,66,162,1,1,0,1,0,10.330947987589427,8.588320843509052,-36.747032451693904,0.7172517776489258,0.9689338803291321,0.06548848003149033,3.7522135125311644,0.13868576288223267,7.946108891704019,0.13483136892318726
ppo_gru,10,60052,6,1603,67,151,1,1,0,1,0,5.419919030945199,-0.44490486215629055,18.071369147533098,0.29566991329193115,0.864326536655426,0.0037869871594011784,0.21697838130392386,0.24633559584617615,14.113989985826267,0.12695477902889252
ppo_gru,10,60052,6,1604,68,111,1,1,0,1,0,-35.01205511948394,66.04925433072228,56.00513330713837,6.4618964195251465,6.212180137634277,0.6642914414405823,38.061095961207236,0.36197319626808167,20.73953644302168,0.8452780246734619
ppo_gru,10,60052,6,1605,69,123,1,1,0,1,0,9.989083359251948,3.207716381426448,50.47587660795961,1.2840136289596558,2.544721841812134,0.05002560093998909,2.8662558014670587,0.15030096471309662,8.61161093480515,0.1251760870218277
ppo_gru,10,60052,6,1606,70,2,1,1,0,1,0,-8.166078549018865,12.059832791059733,34.44718481474555,21.096399307250977,22.76634979248047,0.04765619710087776,2.7304989615238853,0.3922420144081116,22.47381197329442,0.24377720057964325
ppo_gru,10,60052,6,1607,71,102,1,1,0,1,0,-0.6504115939036342,-0.04684143732794745,-20.111150501644044,1.7556321620941162,2.7347426414489746,0.01104530319571495,0.6328492565568273,0.1318032592535019,7.551770481294271,0.0769469290971756
ppo_gru,10,60052,6,1608,72,100,1,1,0,1,0,-14.582303613815483,10.479600224685583,44.7698819338176,0.9631033539772034,1.789870262145996,0.08537308126688004,4.891517240619617,0.3642506003379822,20.870022084472897,0.2674983739852905
ppo_gru,10,60052,6,1609,73,179,1,1,0,1,0,30.487929058564255,52.086216648195176,-66.03461040514178,1.9631500244140625,2.4903199672698975,0.4750959575176239,27.220993229486506,0.9177262187004089,52.5818390800334,0.9339590668678284
ppo_gru,10,60052,6,1610,74,115,1,1,0,1,0,-2.540242974976122,0.08103336431303128,-14.711913283505645,1.0941177606582642,1.5374951362609863,0.006892400328069925,0.3949054495129907,0.23247162997722626,13.319643254222015,0.12312821298837662
ppo_gru,10,60052,6,1611,75,144,1,1,0,1,0,-41.69749892060578,11.269211073874079,67.22377366039768,2.3015055656433105,1.995622992515564,0.2718547582626343,15.576130288998188,1.2400603294372559,71.05022321835725,0.8918849229812622
ppo_gru,10,60052,6,1612,76,71,1,1,0,1,0,6.198123464219771,-0.4599312783303186,-2.574503203852906,1.134558916091919,1.630866289138794,0.07887600362300873,4.519262112456991,0.09438923001289368,5.408104511228369,0.12607061862945557
ppo_gru,10,60052,6,1613,77,75,1,1,0,1,0,4.876686765497404,2.536322446392535,-30.771545833659864,0.12267453223466873,3.5673820972442627,0.020661378279328346,1.1838097743287852,0.12297400832176208,7.045891666643631,0.08214838057756424
ppo_gru,10,60052,6,1614,78,205,1,1,0,1,0,0.2306008467579705,1.6068839645155397,-17.941554572167835,0.7271190285682678,0.8819727897644043,0.010291187092661858,0.5896415865890325,0.19468094408512115,11.15439644769981,0.10763166099786758
ppo_gru,10,60052,6,1615,79,78,1,1,0,1,0,-2.0780304134630194,1.0324240741824473,14.507103231053643,0.8167725205421448,2.522301435470581,0.0444025844335556,2.5440806875160233,0.12582182884216309,7.209059763273358,0.10731349885463715
ppo_gru,10,60052,6,1616,80,150,1,1,0,1,0,31.189143599514445,11.628274118541649,-63.85206443699922,0.5009838938713074,1.248276710510254,0.1514226198196411,8.675877038479447,0.5197058320045471,29.776950762195533,0.4112755358219147
ppo_gru,10,60052,6,1617,81,135,1,1,0,1,0,4.231151926661159,-5.486841224432983,47.87901136476408,0.9249553084373474,0.6299800872802734,0.04435964301228523,2.5416203253109377,0.06759823858737946,3.873093773575227,0.07815876603126526
ppo_gru,10,60052,6,1618,82,69,1,1,0,1,0,1.3097434148633051,-2.735750309778567,-35.566174706468736,0.7568298578262329,2.5987162590026855,0.010667059570550919,0.6111774932072,0.1495722383260727,8.569857988408863,0.08545318245887756
ppo_gru,10,60052,6,1619,83,151,1,1,0,1,0,-15.095824556373723,9.9745623770765,47.113784290912534,0.6660017371177673,0.15141688287258148,0.09898637235164642,5.671501365059801,0.41436058282852173,23.741112592655266,0.3061666488647461
ppo_gru,10,60052,6,1620,84,134,1,1,0,1,0,-3.506414214209446,9.41210995930429,27.845205925281263,0.8939631581306458,1.1412419080734253,0.034872934222221375,1.9980719501706188,0.3681231141090393,21.09190077966076,0.21893449127674103
ppo_gru,10,60052,6,1621,85,131,1,1,0,1,0,23.97642285484596,7.548943636751533,-66.64260652429964,1.3020100593566895,2.259997606277466,0.16058985888957977,9.201121146974366,0.5675213932991028,32.51658061942267,0.44435054063796997
ppo_gru,10,60052,6,1622,86,3,1,1,0,1,0,-9.746365756906375,2.1958921577807593,6.998744578350325,16.254547119140625,18.203094482421875,0.0186315905302763,1.0675115030007434,0.17065347731113434,9.77772400915955,0.10395833104848862
ppo_gru,10,60052,6,1623,87,89,1,1,0,1,0,4.324370348453493,0.47562705304300795,-20.904490634119366,0.9377864599227905,1.6294655799865723,0.029883280396461487,1.7121858447232727,0.0821654424071312,4.707733071753853,0.07096600532531738
ppo_gru,10,60052,6,1624,88,1,1,1,0,1,0,-12.219003519477711,-5.170084371484472,50.98062758762355,21.786151885986328,21.811199188232422,0.08962097764015198,5.134903774617029,0.28192228078842163,16.15295683987869,0.2305821180343628
ppo_gru,10,60052,6,1625,89,118,1,1,0,1,0,0.6400843478785749,4.060670404977641,-11.33413885212422,0.07632075250148773,0.7504050135612488,0.01084947120398283,0.6216289099369361,0.09828943759202957,5.631569944737792,0.05999419093132019
ppo_gru,10,60052,6,1626,90,82,1,1,0,1,0,1.647195740996955,-2.720177478470938,-35.66961109125941,0.5860759019851685,2.8780696392059326,0.03918800875544548,2.245307509208744,0.245451420545578,14.063330472752282,0.16191372275352478
ppo_gru,10,60052,6,1627,91,83,1,1,0,1,0,-6.8624413232735515,6.222862409393557,-25.581203121097136,0.1002216637134552,1.9191092252731323,0.03930891677737236,2.2522350285744293,0.24495567381381989,14.034926277315137,0.161786749958992
ppo_gru,10,60052,6,1628,92,76,1,1,0,1,0,7.2188269337864766,-0.22950801649076846,-39.400861472567335,1.5178500413894653,2.431288480758667,0.034930501133203506,2.0013702912095,0.33229032158851624,19.038833000066845,0.20107565820217133
ppo_gru,10,60052,6,1629,93,52,1,1,0,1,0,-8.041933030664714,-8.212578476888313,8.041004124937592,0.914842963218689,3.287639856338501,0.040761783719062805,2.335478172527371,0.1520247608423233,8.710377177750827,0.11677416414022446
ppo_gru,10,60052,6,1630,94,94,1,1,0,1,0,1.8262149991429892,1.7423539365135727,12.414579156171856,0.4302474856376648,1.047597885131836,0.030594024807214737,1.7529084997719464,0.3045943081378937,17.451968320008614,0.18289117515087128
ppo_gru,10,60052,6,1631,95,174,1,1,0,1,0,-3.8873202038427173,3.6145361087707477,29.586835861742813,0.15705566108226776,1.3527863025665283,0.04232090339064598,2.42480914946491,0.15900741517543793,9.110453800837032,0.12182460725307465
ppo_gru,10,60052,6,1632,96,96,1,1,0,1,0,0.6475019333172088,-0.5353912082806195,32.00893022445606,0.5048735737800598,1.1848845481872559,0.041489630937576294,2.37718074627853,0.24558283388614655,14.070859902538574,0.16428104043006897
ppo_gru,10,60052,6,1633,97,157,1,1,0,1,0,-4.255822569943245,6.472847333016023,-0.7671258664408122,2.180246591567993,0.7238050699234009,0.011479399167001247,0.6577211236151643,0.1478828340768814,8.473062255038734,0.08542081713676453
ppo_gru,10,60052,6,1634,98,62,1,1,0,1,0,1.7150058590768418,-2.0560645250922582,9.167247677559335,0.4309659004211426,3.7741947174072266,0.01029612123966217,0.5899242923876475,0.1517016738653183,8.6918656575528,0.08614695817232132
ppo_gru,10,60052,6,1635,99,109,1,1,0,1,0,-0.3231635703899833,6.418724914032842,-53.27303031837659,1.062687635421753,3.2162420749664307,0.05125834420323372,2.9368867876741604,0.23933406174182892,13.71283163153026,0.17092537879943848
ppo_gru,10,60052,6,1636,100,233,1,1,0,1,0,-2.8525738653424653,6.322528529762383,21.00874664161044,0.2229461371898651,0.7583491802215576,0.031475428491830826,1.8034092109477282,0.16676679253578186,9.5550333752341,0.11485882103443146
ppo_gru,10,60052,6,1637,101,69,1,1,0,1,0,3.916594394625392,2.64611090711132,-8.606325222161207,1.7159250974655151,2.197068452835083,0.02827918902039528,1.6202781789213463,0.15307879447937012,8.770768856618433,0.10481858253479004
ppo_gru,10,60052,6,1638,102,106,1,1,0,1,0,1.8932328152791544,-1.7935666949103284,-37.911115252317515,0.25646743178367615,2.5796730518341064,0.014188781380653381,0.8129572895452439,0.15482991933822632,8.871100920431337,0.09160374104976654
ppo_gru,10,60052,6,1639,103,199,1,1,0,1,0,-4.510452022201321,12.894686813310393,38.54185590141151,0.7208998203277588,1.4866834878921509,0.0481836162507534,2.7607178528461374,0.640871524810791,36.71923358177195,0.3686193823814392
ppo_gru,10,60052,6,1640,104,222,1,1,0,1,0,31.231354168585124,33.31803160153738,-74.17980223567875,4.92464542388916,4.315839767456055,0.2791653573513031,15.994996762491098,0.932992160320282,53.456513105145234,0.7456614375114441
ppo_gru,10,60052,6,1641,105,150,1,1,0,1,0,14.627437503850928,40.212998285638534,-74.99663821889891,0.3933141827583313,1.705126404762268,0.2467445433139801,14.137420949773995,0.7399548292160034,42.396288744400614,0.6167219877243042
ppo_gru,10,60052,6,1642,106,47,1,1,0,1,0,-9.707133150313823,1.2508671842177952,-41.86000278133873,14.98694133758545,16.585342407226562,0.021689021959900856,1.24268942006888,0.11425738781690598,6.546466100098183,0.07881771773099899
ppo_gru,10,60052,6,1643,107,68,1,1,0,1,0,-5.3673948762278005,1.3253572273059542,1.6823029133308207,1.2368628978729248,1.9444507360458374,0.04359333589673042,2.497714161778803,0.15048938989639282,8.622406902562002,0.11883802711963654
ppo_gru,10,60052,6,1644,108,2,1,1,0,1,0,-2.4445110435692237,6.718010143084461,22.800182317499726,15.984832763671875,17.278305053710938,0.03348834067583084,1.9187405836213902,0.2505245506763458,14.353999418165929,0.15875062346458435
ppo_gru,10,60052,6,1645,109,64,1,1,0,1,0,-1.2923400928581126,-0.26234756602018977,9.059221405646412,0.3733658194541931,2.5743350982666016,0.03268679231405258,1.8728152454158706,0.24232570827007294,13.88424035139361,0.15384964644908905
ppo_gru,10,60052,6,1646,110,75,1,1,0,1,0,-0.24311375331743384,-0.09601879935203925,4.834107366211544,0.25225576758384705,1.8651231527328491,0.011715780943632126,0.6712648017699179,0.1396598368883133,8.00191922118584,0.08154569566249847
ppo_gru,10,60052,6,1647,111,94,1,1,0,1,0,4.208298113698296,-2.48008266876665,-17.963684385078675,1.123894453048706,2.679530143737793,0.03854924812912941,2.2087092212017,0.2867395877838135,16.42896819933349,0.18191903829574585
ppo_gru,10,60052,6,1648,112,154,1,1,0,1,0,-47.32557479669629,39.39848456673617,-108.68679218679692,1.7062379121780396,0.8157882690429688,0.2815536856651306,16.13183789496501,0.7469192147254944,42.79531864099652,0.6550133228302002
ppo_gru,10,60052,6,1649,113,285,1,1,0,1,0,-1.846350396816187,3.1451381882507916,3.03174338765024,0.5101578831672668,0.6216157674789429,0.021666690707206726,1.2414099335382662,0.1411396712064743,8.086707481995086,0.09223652631044388
ppo_gru,10,60052,6,1650,114,138,1,1,0,1,0,-3.962124435632697,2.8220155989958284,7.942307891430907,0.19674751162528992,0.892471432685852,0.007322830148041248,0.4195672615739233,0.26161015033721924,14.989157492105633,0.1381279081106186
ppo_gru,10,60052,6,1651,115,56,1,1,0,1,0,1.8899133433425281,0.4373643333125965,-31.423419088045883,0.6409529447555542,3.2187607288360596,0.024017183110117912,1.3760832280026407,0.2609345018863678,14.950445687437293,0.15448443591594696
ppo_gru,10,60052,6,1652,116,117,1,1,0,1,0,4.125639164362802,2.343110055151214,1.1599163852299055,0.5647145509719849,1.3843599557876587,0.03463882580399513,1.9846585258577716,0.418716162443161,23.990668921907314,0.24399690330028534
ppo_gru,10,60052,6,1653,117,119,1,1,0,1,0,-9.125802089675696,-3.9471526609720287,21.356266666580687,2.7952487468719482,1.8761975765228271,0.03412387892603874,1.9551542430774322,0.11205976456403732,6.420551562748998,0.0901537612080574
ppo_gru,10,60052,6,1654,118,112,1,1,0,1,0,-1.5651651690651018,0.19292552329618015,-20.33960666900263,0.4940413534641266,0.2679913341999054,0.010770776309072971,0.6171200245893755,0.2003505975008011,11.4792436597202,0.11094607412815094
ppo_gru,10,60052,6,1655,119,253,1,1,0,1,0,33.4148973443465,50.8881195055049,-68.05235756899026,2.657628059387207,1.7640613317489624,0.4261712431907654,24.41781358467428,0.8804650902748108,50.44693368135168,0.8664038181304932
ppo_gru,10,60052,6,1656,120,93,1,1,0,1,0,4.6142162560721545,-1.3045251503374153,4.409064694161651,0.7891626358032227,2.9360837936401367,0.022191934287548065,1.2715041739081656,0.10805972665548325,6.191366272696513,0.07622179388999939
ppo_gru,10,60052,6,1657,121,114,1,1,0,1,0,-0.2647517926080343,1.6514987601740632,-2.949999683663527,0.6439738273620605,0.8737652897834778,0.019899314269423485,1.140146722842421,0.12017389386892319,6.885456926342378,0.07998625934123993
ppo_gru,10,60052,6,1658,122,99,1,1,0,1,0,-2.0159576542859434,-3.0841992404759377,-28.45824272404659,4.630158424377441,3.3954269886016846,0.03398605436086655,1.9472574771798397,0.13490793108940125,7.729655074264437,0.10144001990556717
ppo_gru,10,60052,6,1659,123,117,1,1,0,1,0,1.131284232229212,-1.0774350208128314,-26.186084673993467,0.9057220220565796,1.0076783895492554,0.007602626457810402,0.43559840924703086,0.2179732769727707,12.488948817175894,0.1165892630815506
ppo_gru,10,60052,6,1660,124,221,1,1,0,1,0,-5.556454512453753,6.393658119778896,-30.087160878824587,0.22593367099761963,0.8629428744316101,0.04249534755945206,2.434804064098166,0.19343306124210358,11.082898027468117,0.13921187818050385
ppo_gru,10,60052,6,1661,125,67,1,1,0,1,0,-4.511872701548683,5.332178420867215,-30.458559245133202,1.419694185256958,3.2801220417022705,0.0382571816444397,2.191975044291757,0.21189764142036438,12.140840542163378,0.1442060023546219
ppo_gru,10,60052,6,1662,126,124,1,1,0,1,0,13.662031245804645,4.433202582688476,-27.380766722098738,0.6446980834007263,1.1830083131790161,0.05546354129910469,3.177826833288238,0.09077675640583038,5.201125019941241,0.10085192322731018
ppo_gru,10,60052,6,1663,127,317,1,1,0,1,0,-20.76613832229159,15.51855862448415,73.56757139923548,1.6147878170013428,1.733221173286438,0.1804673969745636,10.340020186354495,0.8295854330062866,47.53174405679312,0.5952601432800293
ppo_gru,10,60052,6,1664,128,80,1,1,0,1,0,-8.669108321011963,13.50949946125992,34.27526895333633,0.7991198301315308,3.5071029663085938,0.05436042696237564,3.11462303747329,0.38551005721092224,22.088099238032754,0.24711546301841736
ppo_gru,10,60052,6,1665,129,9,1,1,0,1,0,6.610298059873361,11.337895456167725,-66.53742161108144,19.409841537475586,20.88948631286621,0.1410706341266632,8.082751948692001,0.4214826226234436,24.14917541442851,0.351811945438385
ppo_gru,10,60052,6,1666,130,112,1,1,0,1,0,-39.15000228473111,55.72460377754761,-102.39487656489453,9.193269729614258,9.745139122009277,0.39313042163848877,22.52471395808394,0.7532399892807007,43.15747234626352,0.7697504162788391
ppo_gru,10,60052,6,1667,131,236,1,1,0,1,0,40.84361599132747,22.49298772938923,-70.3427112429923,2.252657175064087,2.152592897415161,0.28158459067344666,16.133608621507335,1.0248081684112549,58.717182860497,0.7939887046813965
ppo_gru,10,60052,6,1668,132,8,1,1,0,1,0,3.1619404536090228,13.61719788409268,66.05982746355747,19.714012145996094,18.336301803588867,0.11476974934339523,6.575822253150898,0.5135631561279297,29.42500135954853,0.3715513348579407
ppo_gru,10,60052,6,1669,133,71,1,1,0,1,0,7.255163540170944,-0.7655412625533692,-19.967388679993615,0.4975975751876831,3.5239994525909424,0.010276427492499352,0.5887959237924203,0.0667087659239769,3.82213074397,0.04363080859184265
ppo_gru,10,60052,6,1670,134,117,1,1,0,1,0,-4.019334100120724,1.6756093279442081,4.004635533026856,0.5305529236793518,2.3542048931121826,0.03705791011452675,2.123261847137548,0.14273875951766968,8.178328493295282,0.10842728614807129
ppo_gru,10,60052,6,1671,135,104,1,1,0,1,0,-4.52077926822638,-0.24988930097408651,-20.148689221322435,0.3686605393886566,1.9776769876480103,0.009549177251756191,0.5471275543479641,0.19484111666679382,11.163573660623369,0.10696973651647568
ppo_gru,10,60052,6,1672,136,132,1,1,0,1,0,9.489960455464097,-12.885684623984316,-72.79245421146575,1.8653920888900757,2.229351282119751,0.1322324275970459,7.576360016079964,0.41341862082481384,23.687142145381117,0.338941752910614
ppo_gru,10,60052,6,1673,137,88,1,1,0,1,0,11.885854212521169,-2.478498064879207,-21.893665950477292,1.3442583084106445,1.0895261764526367,0.01830168254673481,1.0486091679161447,0.056198421865701675,3.219932388200428,0.04640089347958565
ppo_gru,10,60052,6,1674,138,101,1,1,0,1,0,-14.876493521746273,25.667249844260958,55.40959545302662,1.4931879043579102,2.287064552307129,0.12845070660114288,7.359683363718711,0.47319579124450684,27.112121721663794,0.3650485873222351
ppo_gru,10,60052,6,1675,139,139,1,1,0,1,0,1.7148146137800813,0.8518611932839903,-30.133715448207397,0.5711770057678223,1.3771566152572632,0.01829378679394722,1.048156774605337,0.19723409414291382,11.300681170474911,0.11691083014011383
ppo_gru,10,60052,6,1676,140,398,1,1,0,1,0,-8.600150731151516,16.394243517593146,48.94870095105812,0.9167351126670837,1.307614803314209,0.0861031711101532,4.933348307304537,0.5998170971870422,34.36698814860584,0.3860117197036743
ppo_gru,10,60052,6,1677,141,258,1,1,0,1,0,1.0576001514631144,14.562619008627506,31.103957480186047,0.18212944269180298,1.6273092031478882,0.07801976054906845,4.470202998082905,0.27736014127731323,15.891565500342303,0.21669983863830566
ppo_gru,10,60052,6,1678,142,130,1,1,0,1,0,-1.5379536954117712,3.9443932645473434,7.769285539376144,0.035597868263721466,1.3221149444580078,0.012824675999581814,0.7347998083987582,0.28573963046073914,16.37167486502813,0.15569448471069336
ppo_gru,10,60052,6,1679,143,1,1,1,0,1,0,-6.292912829521208,-8.665228773563397,64.58002599873919,20.45723533630371,22.586898803710938,0.13365410268306732,7.65781599834789,0.41906213760375977,24.010491838425985,0.3431851863861084
ppo_gru,10,60052,6,1680,144,105,1,1,0,1,0,-0.24038167764942875,-4.433680695930377,-40.31867497247697,0.35792794823646545,2.655498743057251,0.014366382732987404,0.8231330974697993,0.18274104595184326,10.470290676846856,0.10573690384626389
ppo_gru,10,60052,6,1681,145,148,1,1,0,1,0,-2.6012775453993564,2.9892459506344204,-18.096681828597163,1.1808348894119263,0.5138770341873169,0.02136007510125637,1.2238421533844646,0.10644632577896118,6.098925211809091,0.07458323985338211
ppo_gru,10,60052,6,1682,146,107,1,1,0,1,0,13.459242929346967,15.536399078596224,-37.670528668992986,2.7022459506988525,0.6190834045410156,0.06824932247400284,3.9103981323877206,0.23443181812763214,13.431953762291826,0.1854652315378189
ppo_gru,10,60052,6,1683,147,25,1,1,0,1,0,-5.3808366885143855,6.229146183429969,-12.893225152828009,16.403324127197266,16.88224983215332,0.04219165816903114,2.417403943744147,0.1889605075120926,10.826639575092994,0.13667191565036774
ppo_gru,10,60052,6,1684,148,154,1,1,0,1,0,-3.2226608353304362,1.8092897903796976,2.0902974332123625,2.791840076446533,1.7853752374649048,0.015304220840334892,0.8768672628873474,0.13972051441669464,8.005395787473375,0.08516447991132736
ppo_gru,10,60052,6,1685,149,26,1,1,0,1,0,18.474186384023767,5.551673380034744,-57.3906508406538,11.938694953918457,11.067708969116211,0.11042621731758118,6.326956199891844,0.3131527006626129,17.942328091091337,0.26700258255004883
ppo_gru,10,60052,6,1686,150,99,1,1,0,1,0,1.2980911121392633,1.8558990012758647,-0.11574438567503607,0.6825159788131714,2.9126503467559814,0.04935823753476143,2.8280186949460346,0.1684095710515976,9.649157650865106,0.13356302678585052
ppo_gru,10,60052,6,1687,151,169,1,1,0,1,0,2.5136188975914124,13.0699084862779,-39.76608534786626,0.4368157386779785,1.1872022151947021,0.07579757273197174,4.342881014877873,0.269461065530777,15.438981798011625,0.21052810549736023
ppo_gru,10,60052,6,1688,152,97,1,1,0,1,0,-3.0426170488089,10.056579288630013,-72.03856525163643,0.4168195426464081,2.459630012512207,0.017260028049349785,0.9889267615051617,0.11230456829071045,6.434577783096443,0.07341231405735016
ppo_gru,10,60052,6,1689,153,520,1,1,0,1,0,7.2447543318758445,0.43739165406927655,-26.97029967373765,1.7989977598190308,0.7168019413948059,0.029744509607553482,1.7042348641991432,0.0921522006392479,5.279932169471671,0.07582060992717743
ppo_gru,10,60052,6,1690,154,99,1,1,0,1,0,1.5783474341632266,7.144637419021798,29.346932297335286,0.2400357723236084,1.4191744327545166,0.024582628160715103,1.408480842948421,0.06828557699918747,3.912475363669051,0.05872541666030884
ppo_gru,10,60052,6,1691,155,98,1,1,0,1,0,0.5615235120450883,0.7082223150386221,-2.409376550478678,0.10020517557859421,0.8509043455123901,0.025508111342787743,1.4615071232915207,0.13436394929885864,7.698487213534377,0.09269008785486221
ppo_gru,10,60052,6,1692,156,129,1,1,0,1,0,19.823818103639947,14.23792547586344,-55.47792466548343,1.1709526777267456,1.3379989862442017,0.13208165764808655,7.56772153432719,0.5653963088989258,32.39482225218344,0.41477981209754944
ppo_gru,10,60052,6,1693,157,171,1,1,0,1,0,-8.306507238354326,2.064779846473195,-29.918591810108673,0.24586786329746246,1.5591188669204712,0.028859205543994904,1.653510677771455,0.1828359067440033,10.475725799878894,0.12027715891599655
ppo_gru,10,60052,6,1694,158,127,1,1,0,1,0,4.279277439553069,27.963149631869044,74.40079983646368,1.670504093170166,1.114020824432373,0.12817126512527466,7.343672546530555,0.42482107877731323,24.340454862134717,0.3405818045139313
ppo_gru,10,60052,6,1695,159,127,1,1,0,1,0,-1.2285188052535134,1.7712729574594066,-7.686162137177089,0.8814136385917664,0.728219211101532,0.021107643842697144,1.2093789076518453,0.11693870276212692,6.700094130004695,0.0795769989490509
ppo_gru,10,60052,6,1696,160,161,1,1,0,1,0,-33.89807858661154,71.94316116930969,51.859563650777474,9.907878875732422,10.03472900390625,0.9503534436225891,54.45124136529838,0.35220134258270264,20.179650468830104,1.1264541149139404
ppo_gru,10,60052,6,1697,161,90,1,1,0,1,0,-2.2191148009588026,-0.4437573903757284,-6.588414133772639,0.5266667008399963,2.815727710723877,0.017231907695531845,0.9873155839129791,0.18021224439144135,10.32540102020973,0.10733802616596222
ppo_gru,10,60052,6,1698,162,326,1,1,0,1,0,-22.002621128117337,5.938658238029326,76.90895458271908,12.223831176757812,10.870660781860352,0.19629505276679993,11.246878062835428,0.8547849059104919,48.97556750015836,0.6236875057220459
ppo_gru,10,60052,6,1699,163,11,1,1,0,1,0,-2.157479173888608,16.795749357763174,69.65166002352709,13.45579719543457,14.807160377502441,0.14880886673927307,8.52612001828504,0.6519241333007812,37.35250140085885,0.4747709333896637
ppo_gru,10,60052,6,1700,164,149,1,1,0,1,0,-15.040090212746417,-1.0871612101909296,72.40936256129808,1.1446270942687988,1.4977229833602905,0.14101500809192657,8.079564811670545,0.5167486071586609,29.607514259455026,0.3993893265724182
ppo_gru,10,60052,6,1701,165,72,1,1,0,1,0,-5.046594551290641,2.836372656631195,-27.11083764609983,0.7780327796936035,2.8963778018951416,0.024709947407245636,1.4157756984254062,0.18516647815704346,10.609257705699935,0.11729318648576736
ppo_gru,10,60052,6,1702,166,289,1,1,0,1,0,15.172718826049726,11.967816482561322,-43.39892636361264,0.7073153853416443,0.6985077857971191,0.08733425289392471,5.003884097750082,0.27731144428253174,15.888775368066351,0.22598996758460999
ppo_gru,10,60052,6,1703,167,35,1,1,0,1,0,-7.007678465784703,-1.3152348869559953,-25.014461344526158,2.198404312133789,5.3448262214660645,0.009504743851721287,0.5445817080565477,0.15816901624202728,9.062417080404332,0.08858925104141235
ppo_gru,10,60052,6,1704,168,245,1,1,0,1,0,-13.221347440555423,14.994601152874132,47.0516568902221,0.29652488231658936,1.083867073059082,0.09682528674602509,5.5476802806912255,0.5405415892601013,30.970751715897872,0.36709606647491455
ppo_gru,10,60052,6,1705,169,71,1,1,0,1,0,4.430183639075331,-1.813784054853566,-14.204512190443738,0.08875647932291031,2.4553635120391846,0.01696871593594551,0.9722358068860604,0.26256731152534485,15.043998788498957,0.14825236797332764
ppo_gru,10,60052,6,1706,170,91,1,1,0,1,0,15.65790814393075,6.777555732268633,-56.225147360682826,3.6942508220672607,5.064443588256836,0.053172625601291656,3.046567032583283,0.2014329880475998,11.541260069836625,0.15388911962509155
ppo_gru,10,60052,6,1707,171,74,1,1,0,1,0,8.87634992080849,1.0669438502476918,-27.79090592137966,0.9567949771881104,2.8422374725341797,0.05934472382068634,3.400202211294809,0.034892935305833817,1.9992179278473001,0.0767911896109581
ppo_gru,10,60052,6,1708,172,175,1,1,0,1,0,-7.956637628309594,1.6463624579182135,-26.91680563215811,1.9330247640609741,1.1041779518127441,0.010592483915388584,0.6069046229119752,0.14604605734348297,8.367822700307178,0.0836155116558075
ppo_gru,10,60052,6,1709,173,158,1,1,0,1,0,-3.324239408666866,12.74276974579097,32.742574503585466,0.515204906463623,0.9307864308357239,0.06179361417889595,3.5405132933105,0.3028842806816101,17.35399096391207,0.2132357507944107
ppo_gru,10,60052,6,1710,174,76,1,1,0,1,0,1.7313846527065322,2.214975706321775,-20.962519921307795,0.48268404603004456,3.2466464042663574,0.035523541271686554,2.0353489882264326,0.19973742961883545,11.444111727950595,0.13539224863052368
ppo_gru,10,60052,6,1711,175,76,1,1,0,1,0,-8.091438241768966,17.28097965677922,-68.4209692181175,0.7128669023513794,2.8534293174743652,0.10037117451429367,5.750844684440078,0.42577317357063293,24.395005875488316,0.31325775384902954
ppo_gru,10,60052,6,1712,176,169,1,1,0,1,0,38.07157005629946,32.848606360260746,-64.46760108500077,1.0197824239730835,0.6622810959815979,0.29247885942459106,16.75780424182917,0.9127008318901062,52.29390562538234,0.7488292455673218
ppo_gru,10,60052,6,1713,177,174,1,1,0,1,0,-0.18885473055085256,9.211712209056117,-50.01552185790075,1.3258484601974487,0.8182342648506165,0.06450418382883072,3.6958174943280153,0.24600152671337128,14.094849234450951,0.18750494718551636
ppo_gru,10,60052,6,1714,178,212,1,1,0,1,0,-5.427883031517433,13.019966143066766,-37.73516957929799,0.5251486301422119,1.1554489135742188,0.07185173779726028,4.116801326463628,0.2728746831417084,15.634567679989525,0.20828908681869507
ppo_gru,10,60052,6,1715,179,112,1,1,0,1,0,4.918227976029422,-4.623068181236491,43.339203189510044,0.6427857875823975,2.719676971435547,0.05498504638671875,3.150411094290041,0.09456478804349899,5.418163245441682,0.10226744413375854
ppo_gru,10,60052,6,1716,180,62,1,1,0,1,0,-0.6833057849464156,0.9158873865636898,-1.7932388458301678,0.585706889629364,3.164146661758423,0.024000030010938644,1.3751004278140992,0.20382355153560638,11.678229268357475,0.12591180205345154
ppo_gru,10,60052,6,1717,181,117,1,1,0,1,0,-0.7753767349581875,4.431290129720873,21.859009570628647,0.9182727336883545,1.7316839694976807,0.032867349684238434,1.8831604206875012,0.22299407422542572,12.776619309543905,0.1443643867969513
ppo_gru,10,60052,6,1718,182,79,1,1,0,1,0,-0.26393216990763274,0.3728873475476761,9.452940830162627,0.5579198002815247,2.39928936958313,0.02185128815472126,1.2519865881897367,0.3134801387786865,17.96108891319407,0.17859135568141937
ppo_gru,10,60052,6,1719,183,50,1,1,0,1,0,11.893872854606764,19.81476127280051,-85.58403248906563,17.98903465270996,17.39055633544922,0.2354431003332138,13.489895964568337,0.9575660228729248,54.86449171574625,0.7142261266708374
ppo_gru,10,60052,6,1720,184,63,1,1,0,1,0,-1.8597375675894119,-0.34294379822634025,17.587340961810973,0.7865200638771057,3.727829933166504,0.01895681768655777,1.0861456464387134,0.07323741912841797,4.196195018489034,0.055575527250766754
ppo_gru,10,60052,6,1721,185,109,1,1,0,1,0,-0.3439819869801822,23.120531849951664,-61.69853311245088,1.294244408607483,1.3006805181503296,0.12613293528556824,7.2268848494597995,0.4423440098762512,25.3444448588024,0.34730494022369385
ppo_gru,10,60052,6,1722,186,110,1,1,0,1,0,-1.3849574580034856,0.448893692631578,22.511661466580048,0.29568418860435486,1.7243887186050415,0.0023437088821083307,0.13428462735213156,0.22419026494026184,12.845155988996753,0.11443883925676346
ppo_gru,10,60052,6,1723,187,87,1,1,0,1,0,-0.5033166399382396,-3.8669935608727593,-37.44835627567081,0.30982938408851624,2.5307610034942627,0.032708149403333664,1.8740389164943607,0.1759752333164215,10.082638167860905,0.12069576978683472
ppo_gru,10,60052,6,1724,188,58,1,1,0,1,0,-2.3500358669696073,-0.41714697336935874,-2.8837195279577235,0.12515269219875336,3.7768661975860596,0.021965619176626205,1.258537273212308,0.2695677876472473,15.445096524866079,0.15674951672554016
ppo_gru,10,60052,6,1725,189,245,1,1,0,1,0,-165.62147325883902,73.08596110047954,-105.28377337624313,1.591422200202942,1.1442739963531494,0.5113471746444702,29.298034973067164,0.8358575701713562,47.89111104487876,0.9292759895324707
ppo_gru,10,60052,6,1726,190,119,1,1,0,1,0,-19.452556341114736,-3.95310858592828,44.024790257639246,5.776254653930664,3.6068503856658936,0.059120289981365204,3.3873430995217904,0.19155454635620117,10.97526705275341,0.1548975706100464
ppo_gru,10,60052,6,1727,191,104,1,1,0,1,0,2.8104179377851466,-2.093821810824089,-44.108938188213806,0.8944061994552612,3.5914947986602783,0.01636834442615509,0.9378370532351721,0.1963825821876526,11.25189312923351,0.11455963551998138
ppo_gru,10,60052,6,1728,192,182,1,1,0,1,0,-4.373575031234265,1.881334625744992,17.27999610953874,0.5341159105300903,0.2059638947248459,0.021109698340296745,1.2094966216933223,0.15000951290130615,8.594911976058116,0.09611445665359497
ppo_gru,10,60052,6,1729,193,199,1,1,0,1,0,-0.3713573851735933,-0.49337188450670105,-24.896490317181698,0.6688337326049805,0.7784791588783264,0.024918289855122566,1.4277128413821787,0.22674670815467834,12.991629395747676,0.1382916420698166
ppo_gru,10,60052,6,1730,194,158,1,1,0,1,0,-4.633613993314991,-5.611150667327215,54.42563840119458,1.915414571762085,2.6344826221466064,0.08259845525026321,4.7325428801402785,0.24083960056304932,13.79909265187929,0.20301824808120728
ppo_gru,10,60052,6,1731,195,143,1,1,0,1,0,0.29495488911783063,1.9516719138177834,8.711564776892763,0.5411258935928345,0.5400980114936829,0.05077540501952171,2.9092164106859695,0.11079695075750351,6.348197661323761,0.10617388039827347
ppo_gru,10,60052,6,1732,196,27,1,1,0,1,0,-11.946560933864243,8.922672263759518,54.0289956557136,12.756964683532715,15.826601028442383,0.07615026831626892,4.363088983311003,0.3808905780315399,21.82342257750559,0.2665955424308777
ppo_gru,10,60052,6,1733,197,25,1,1,0,1,0,28.18067749655561,24.654319129969725,-57.325026383108316,8.444706916809082,11.305325508117676,0.18314622342586517,10.493505636062084,0.5664650201797485,32.4560548980926,0.46637874841690063
ppo_gru,10,60052,6,1734,198,26,1,1,0,1,0,1.2231092954308633,-11.58106385099852,-25.29848793097197,11.334338188171387,14.863378524780273,0.021966570988297462,1.2585918080039622,0.09357578307390213,5.361497434766317,0.06875446438789368
ppo_gru,10,60052,6,1735,199,115,1,1,0,1,0,17.1843188196452,23.02770957913119,-72.3902926731354,1.6521825790405273,2.2311697006225586,0.1668802797794342,9.561535715323952,0.7464173436164856,42.76656354459077,0.540088951587677
ppo_gru,10,60052,6,1736,200,116,1,1,0,1,0,-6.409408536004945,1.7503452578424876,7.907487587042182,0.13618648052215576,0.7771663069725037,0.023026753216981888,1.3193357752223533,0.15227365493774414,8.724637758964167,0.09916357696056366
ppo_gru,10,60052,6,1737,201,115,1,1,0,1,0,-4.676125090709149,0.720981108408206,-5.127846481657113,0.5579517483711243,2.44161319732666,0.014044340699911118,0.8046814481487157,0.18990390002727509,10.880691984637181,0.10899628698825836
ppo_gru,10,60052,6,1738,202,82,1,1,0,1,0,0.011242491373840988,1.4996773153030196,-20.92771327729741,0.839916467666626,4.478954792022705,0.011870340444147587,0.6801204088331039,0.2148686945438385,12.311069346847605,0.11930468678474426
ppo_gru,10,60052,6,1739,203,26,1,1,0,1,0,-14.000808628637277,4.834066385076524,22.53448795878623,16.3967342376709,16.157154083251953,0.047174107283353806,2.7028772496335307,0.21275421977043152,12.189918866444504,0.15355122089385986
ppo_gru,10,60052,6,1740,204,71,1,1,0,1,0,7.324722186678354,7.966555062984453,-45.19892709672112,0.34191620349884033,2.4964818954467773,0.07628234475851059,4.370656406024554,0.16614069044589996,9.519160367939547,0.15935268998146057
ppo_gru,10,60052,6,1741,205,83,1,1,0,1,0,-3.714762304651515,6.042586396440241,8.228847987491282,0.4851062297821045,2.7229504585266113,0.03715987503528595,2.129104006755436,0.2085234820842743,11.947515452800753,0.1414216160774231
ppo_gru,10,60052,6,1742,206,82,1,1,0,1,0,-9.366989729647187,6.042668358710281,-8.483818949207858,3.620469093322754,6.968806743621826,0.04385322332382202,2.512604614499666,0.17293629050254822,9.908519570444355,0.13032136857509613
ppo_gru,10,60052,6,1743,207,85,1,1,0,1,0,-13.240089479637938,5.7789547548560884,-53.736499634696976,0.8992674350738525,2.8922486305236816,0.07002638280391693,4.012216189231924,0.3068073093891144,17.57876395176073,0.22343003749847412
ppo_gru,10,60052,6,1744,208,95,1,1,0,1,0,-4.562853233513658,11.332991380343657,38.46634132994785,0.48728588223457336,2.704604387283325,0.04296055808663368,2.4614586638907294,0.5412850379943848,31.013348190656657,0.31360307335853577
ppo_gru,10,60052,6,1745,209,45,1,1,0,1,0,7.639416322497522,-5.898728952141432,-3.4840658352451643,8.762808799743652,9.566534996032715,0.010303081013262272,0.5903230580412999,0.0638800635933876,3.6600580389284136,0.0422431118786335
ppo_gru,10,60052,6,1746,210,54,1,1,0,1,0,-9.295518630172174,-2.5860325631718877,-58.861272531227584,1.6565911769866943,3.330341100692749,0.06800976395606995,3.896672440363757,0.3388565182685852,19.41504835728761,0.23743802309036255
ppo_gru,10,60052,6,1747,211,122,1,1,0,1,0,-7.641847869842046,4.225619473433449,-32.74497873017331,0.17297133803367615,1.4732619524002075,0.028784019872546196,1.6492028561175869,0.1864795982837677,10.68449394695492,0.1220238208770752
ppo_gru,10,60052,6,1748,212,49,1,1,0,1,0,-0.7647762813663277,1.1374723836172436,-19.502771891892667,0.5905896425247192,3.2251012325286865,0.029464490711688995,1.6881909632821948,0.17124567925930023,9.81165468140888,0.11508733034133911
ppo_gru,10,60052,6,1749,213,4,1,1,0,1,0,-15.750102037347583,-3.6647106784136616,6.46533412492901,13.60566520690918,12.956799507141113,0.029428895562887192,1.6861515114847112,0.16017653048038483,9.177439173574639,0.1095171570777893
ppo_gru,10,60052,6,1750,214,22,1,1,0,1,0,-9.93192833627728,26.0331294177202,81.22893994972543,10.1292724609375,10.625012397766113,0.20845234394073486,11.943439537413546,0.8993476033210754,51.52882198550336,0.6581261157989502
ppo_gru,10,60052,6,1751,215,1,1,1,0,1,0,-5.416462955225172,18.07874575183671,58.073205304791514,19.95081901550293,21.570955276489258,0.07372110337018967,4.223908084159537,0.47782912850379944,27.377592391681972,0.3126356601715088
ppo_gru,10,60052,6,1752,216,86,1,1,0,1,0,-5.0387808148801465,-0.3766576119695232,11.005278903966445,1.1930710077285767,3.034433126449585,0.0280268806964159,1.6058219768213087,0.1852853149175644,10.616066550528792,0.12066953629255295
ppo_gru,10,60052,6,1753,217,137,1,1,0,1,0,-2.7841080491022576,1.0382297349769583,-20.72991099893384,0.23668907582759857,0.9262620210647583,0.013181096874177456,0.7552212202434502,0.1584574431180954,9.078942723101179,0.09240981936454773
ppo_gru,10,60052,6,1754,218,139,1,1,0,1,0,-2.3465388101145606,2.9216953797429945,-42.00037682916083,1.3786367177963257,2.4121360778808594,0.028715986758470535,1.6453048458139194,0.15626388788223267,8.95326126595742,0.10684792697429657
ppo_gru,10,60052,6,1755,219,84,1,1,0,1,0,1.540071054054475,-0.41414169013455315,4.648435503813918,0.1602344810962677,2.9907753467559814,0.022507084533572197,1.289560952917858,0.31321075558662415,17.945654393217133,0.17911246418952942
ppo_gru,10,60052,6,1756,220,125,1,1,0,1,0,1.9277252705877188,0.3830506690326551,8.402075245221145,0.3405885696411133,0.7708171010017395,0.01983424462378025,1.1364185067726518,0.13463430106639862,7.71397722879832,0.08715139329433441
ppo_gru,10,60052,6,1757,221,74,1,1,0,1,0,2.5729595811004833,-4.685796638573888,29.984175286519136,0.5291358232498169,4.4490509033203125,0.014626792632043362,0.8380534856291335,0.0391400083899498,2.242557290850756,0.034196797758340836
ppo_gru,10,60052,6,1758,222,2,1,1,0,1,0,7.050681336799102,20.2597344368485,-71.34478195650321,21.951374053955078,21.45798683166504,0.12164908647537231,6.969979236660817,0.6156445741653442,35.27383577980302,0.42947137355804443
ppo_gru,10,60052,6,1759,223,29,1,1,0,1,0,9.213911529968861,-0.6554386131327636,-37.56589017090839,10.402864456176758,11.633981704711914,0.03486724570393562,1.9977460220811623,0.016984442248940468,0.9731368582479731,0.04335946589708328
ppo_gru,10,60052,6,1760,224,126,1,1,0,1,0,-9.369448597748391,-0.9284276138798332,-42.27172658450709,0.3889589011669159,1.7851197719573975,0.02512071467936039,1.4393109294796833,0.22135239839553833,12.682558213162721,0.135796919465065
ppo_gru,10,60052,6,1761,225,137,1,1,0,1,0,4.918924655324763,-4.394939862958065,-27.464313596026333,0.3721435070037842,0.7819089889526367,0.05340375751256943,3.0598099156102916,0.13192273676395416,7.558616038389917,0.11936512589454651
ppo_gru,10,60052,6,1762,226,3,1,1,0,1,0,-7.6770370044459515,15.741318414074946,46.690804335991984,9.243254661560059,12.186223983764648,0.059718161821365356,3.42159863264352,0.3380259573459625,19.36746072179284,0.22873114049434662
ppo_gru,10,60052,6,1763,227,73,1,1,0,1,0,-3.0887344860848263,-0.23431646966645744,-16.758784373975065,0.3706621527671814,3.6077537536621094,0.004257740918546915,0.24395058489289265,0.18039700388908386,10.335986959649603,0.09445624053478241
ppo_gru,10,60052,6,1764,228,179,1,1,0,1,0,-7.562617675469898,5.909944122758593,16.505111148200793,0.27144601941108704,0.2533006966114044,0.029276248067617416,1.6774054542525099,0.20641294121742249,11.826590368640261,0.13248272240161896
ppo_gru,10,60052,6,1765,229,364,1,1,0,1,0,-18.342677921744343,4.873818086045999,71.88474939152773,1.438120722770691,1.1725486516952515,0.14379161596298218,8.238652724044835,0.6646503806114197,38.08166166079815,0.476116806268692
ppo_gru,10,60052,6,1766,230,81,1,1,0,1,0,-1.8932874567925144,1.8367198300864689,-3.037753954119851,0.18921925127506256,2.0649054050445557,0.019312109798192978,1.1065023849297015,0.24019256234169006,13.762020092611754,0.1394083946943283
ppo_gru,10,60052,6,1767,231,4,1,1,0,1,0,-12.634115096474407,-0.6262600449984691,0.591931514229985,22.872329711914062,22.710660934448242,0.03140803426504135,1.799547806189144,0.1510191559791565,8.652760263233539,0.1069176122546196
ppo_gru,10,60052,6,1768,232,220,1,1,0,1,0,-24.74141770226573,8.060934616935688,56.4886833796186,0.7825545072555542,0.8856367468833923,0.11898820102214813,6.817521730423316,0.7188106775283813,41.18481809131546,0.4783935546875
ppo_gru,10,60052,6,1769,233,114,1,1,0,1,0,-7.443116685751355,2.638146906539085,26.557319115762,0.868911623954773,0.9700448513031006,0.06645315885543823,3.807485537729023,0.145097553730011,8.313477446402326,0.13900193572044373
ppo_gru,10,60052,6,1770,234,214,1,1,0,1,0,1.0370959235747361,-4.925727523738096,-46.33891298995293,0.8773103356361389,1.011328935623169,0.07687456905841827,4.404588358934354,0.19080796837806702,10.932491285528911,0.17227855324745178
ppo_gru,10,60052,6,1771,235,63,1,1,0,1,0,-0.555499285197137,1.0935406068757214,-18.727736666392982,0.4092438817024231,3.541944742202759,0.06320623308420181,3.621450394644916,0.1998787373304367,11.452208063437999,0.16314560174942017
ppo_gru,10,60052,6,1772,236,104,1,1,0,1,0,-8.047779672594244,1.5632800368541784,10.044476193420751,1.1548854112625122,1.8725919723510742,0.029029836878180504,1.6632871330729762,0.1470276415348053,8.424063331706709,0.1025436595082283
ppo_gru,10,60052,6,1773,237,115,1,1,0,1,0,-5.305158192510644,1.048884830082178,19.6172185416254,0.7397366762161255,1.8120392560958862,0.041996266692876816,2.406208836807673,0.12647494673728943,7.246480662188565,0.10523374378681183
ppo_gru,10,60052,6,1774,238,135,1,1,0,1,0,-17.143733835596986,25.7658641154976,-76.3650802794893,1.5939550399780273,1.4389500617980957,0.14638523757457733,8.387256296043157,0.5428879261016846,31.10518691423665,0.4178292155265808
ppo_gru,10,60052,6,1775,239,126,1,1,0,1,0,-4.007094401128061,2.374091793226392,7.869470754121891,0.25786638259887695,0.5159130692481995,0.03720707446336746,2.131808334779938,0.1312391310930252,7.519448318594479,0.10282664000988007
ppo_gru,10,60052,6,1776,240,27,1,1,0,1,0,5.553681455650728,-3.7800589131168367,-47.918817707246916,9.173925399780273,9.812763214111328,0.044486355036497116,2.548880389511838,0.019615069031715393,1.1238606703750544,0.05429388955235481
ppo_gru,10,60052,6,1777,241,109,1,1,0,1,0,5.821260946575148,2.4652201771327023,28.676918060513717,0.5322954058647156,2.234575033187866,0.027740132063627243,1.5893924903813719,0.053107909858226776,3.0428590936376123,0.05429408699274063
ppo_gru,10,60052,6,1778,242,296,1,1,0,1,0,-6.7063851611171,1.294703338310937,-4.116978484495226,0.3776257634162903,0.37899163365364075,0.019337337464094162,1.1079478237128055,0.1485614776611328,8.51194566820997,0.09361808001995087
ppo_gru,10,60052,6,1779,243,80,1,1,0,1,0,4.124245805772119,0.5331645666111954,-4.137031919898384,0.5439267754554749,4.0326080322265625,0.02977878600358963,1.7061987570289334,0.1343814730644226,7.699491251342369,0.09696952253580093
ppo_gru,10,60052,6,1780,244,68,1,1,0,1,0,16.226138901740793,-5.065883005506757,-21.53494441526822,1.2870389223098755,1.5344700813293457,0.01703811250627041,0.9762119374783598,0.029168186709284782,1.6712139944915991,0.031622204929590225
ppo_gru,10,60052,6,1781,245,79,1,1,0,1,0,-0.09492596908483722,-0.7800759051071563,11.695783708298054,0.5935735702514648,4.854393482208252,0.028516827151179314,1.6338938408666495,0.13083693385124207,7.496404114108502,0.0939352959394455
ppo_gru,10,60052,6,1782,246,49,1,1,0,1,0,-1.3028312634232522,-0.35889912012749003,-16.350339061608302,0.964510440826416,3.7725017070770264,0.03314748406410217,1.899210938350208,0.18518708646297455,10.610438474652701,0.12574103474617004
ppo_gru,10,60052,6,1783,247,2,1,1,0,1,0,-8.62430228005668,7.121196209790314,15.631885123193003,16.134721755981445,16.28291130065918,0.029898904263973236,1.7130810263913674,0.2486313283443451,14.245525768862372,0.15421456098556519
ppo_gru,10,60052,6,1784,248,232,1,1,0,1,0,27.73276735116451,13.860858052543716,-80.42467151457808,0.963790774345398,0.7781844735145569,0.18312568962574005,10.492329135977549,0.6619709730148315,37.92814291391836,0.5141111612319946
ppo_gru,10,60052,6,1785,249,80,1,1,0,1,0,3.26219397024647,-2.5769620719541106,-28.761339198655072,0.7367594838142395,3.9173026084899902,0.009366875514388084,0.5366824341988693,0.19729496538639069,11.30416883581985,0.10801436007022858
ppo_gru,10,60052,6,1786,250,213,1,1,0,1,0,-6.580982887955666,3.7708108369806395,16.649214479309723,0.3394396901130676,0.8706192374229431,0.043366242200136185,2.484702651409929,0.16850952804088593,9.654884764484162,0.12762100994586945
ppo_gru,10,60052,6,1787,251,145,1,1,0,1,0,-30.160052657646965,13.507464064887257,56.67296188342554,1.9443755149841309,0.3660326302051544,0.15047189593315125,8.621404572301302,0.7341195940971375,42.061954399623076,0.51753169298172
ppo_gru,10,60052,6,1788,252,21,1,1,0,1,0,14.269071138478699,7.804297089061629,-69.47751752044844,6.6622724533081055,9.585843086242676,0.1321527063846588,7.571792327072518,0.47692596912384033,27.325845170982664,0.370615690946579
ppo_gru,10,60052,6,1789,253,51,1,1,0,1,0,0.7385893360884989,-2.739739140253855,-33.777757974192596,0.5700507760047913,2.760354995727539,0.01406417042016983,0.805817607428465,0.1779935210943222,10.198277539377452,0.10306093096733093
ppo_gru,10,60052,6,1790,254,197,1,1,0,1,0,8.957560870039943,3.9301728106953773,-25.15980777006403,0.1840822994709015,0.9212563037872314,0.044545531272888184,2.5522709381045146,0.023420190438628197,1.34187806752604,0.05625562742352486
ppo_gru,10,60052,6,1791,255,253,1,1,0,1,0,-65.87828103541852,65.65922320835787,41.32238493138868,6.385543346405029,5.380615711212158,0.6549533009529114,37.52605992276346,0.5173086524009705,29.639602488175747,0.9136075973510742
ppo_gru,10,70059,7,1792,0,192,1,1,0,1,0,-17.311428640099138,12.402926853447815,45.30338800988729,1.1217443943023682,1.6271722316741943,0.1075669676065445,6.163133258875442,0.5112624168395996,29.293178708567286,0.3631981611251831
ppo_gru,10,70059,7,1793,1,93,1,1,0,1,0,2.2946840139358238,1.1978102747451362,-7.078603150126114,0.6574774384498596,3.3797123432159424,0.023915018886327744,1.3702296491622339,0.0974520668387413,5.5835921346866835,0.0726410523056984
ppo_gru,10,70059,7,1794,2,61,1,1,0,1,0,1.7581180131179621,1.8993936459105059,9.718853754929563,0.9006831645965576,2.297740936279297,0.044070806354284286,2.5250712038388197,0.12448728084564209,7.132595795515066,0.10631445050239563
ppo_gru,10,70059,7,1795,3,132,1,1,0,1,0,0.8266168141116231,3.611763051967723,-20.70827295964324,0.45046374201774597,1.31332266330719,0.036297619342803955,2.0797003947150876,0.15348780155181885,8.794203235660747,0.11304152011871338
ppo_gru,10,70059,7,1796,4,120,1,1,0,1,0,-16.253350375394124,5.331727628381993,33.02844524110718,0.768211841583252,0.22949694097042084,0.06215262785553932,3.5610832617696397,0.24463501572608948,14.01655392222145,0.18447013199329376
ppo_gru,10,70059,7,1797,5,164,1,1,0,1,0,-21.8006660947384,9.028130384544514,78.12628553811211,2.20768666267395,1.6487958431243896,0.15708617866039276,9.000375057078521,0.7318233251571655,41.93038788073571,0.5229978561401367
ppo_gru,10,70059,7,1798,6,109,1,1,0,1,0,-15.048614288830594,22.01412316667964,55.462652362499284,0.86870938539505,1.165694236755371,0.11842188239097595,6.785074062997524,0.8057950139045715,46.168653449417434,0.5213193893432617
ppo_gru,10,70059,7,1799,7,44,1,1,0,1,0,-1.037546716059957,-1.6637931006800861,-1.8856376449221002,0.525937557220459,4.1630539894104,0.033305682241916656,1.908275026265638,0.12095724791288376,6.930339806925825,0.09378430247306824
ppo_gru,10,70059,7,1800,8,127,1,1,0,1,0,22.21310023758045,19.234591344321288,-73.43536625766072,0.9795082807540894,2.6138088703155518,0.1409386247396469,8.075188367959859,0.5807182788848877,33.27270646620518,0.43129777908325195
ppo_gru,10,70059,7,1801,9,142,1,1,0,1,0,-8.242358101669566,6.514033373711201,-36.19646456307751,0.6069257855415344,1.927436351776123,0.041926153004169464,2.4021916183586476,0.22820763289928436,13.075334217799828,0.15602996945381165
ppo_gru,10,70059,7,1802,10,413,1,1,0,1,0,8.142992509624221,10.189713335931902,-39.75996549836993,0.8251266479492188,0.5537472367286682,0.049467433243989944,2.8342751482257666,0.2070939838886261,11.865611239368544,0.1530144214630127
ppo_gru,10,70059,7,1803,11,57,1,1,0,1,0,1.2417283911083181,0.2974957194890754,-9.525122269311321,0.38521045446395874,2.857299566268921,0.018763519823551178,1.0750704946995375,0.09887836873531342,5.66531321367177,0.06820270419120789
ppo_gru,10,70059,7,1804,12,131,1,1,0,1,0,6.554085603004156,4.947365563028696,-40.263814893063426,0.34420841932296753,2.366713285446167,0.019492583349347115,1.116842757724572,0.33286237716674805,19.071609370346444,0.185923770070076
ppo_gru,10,70059,7,1805,13,78,1,1,0,1,0,25.31585027184214,-3.1569270947582337,-60.25097014051506,1.6389834880828857,3.6837711334228516,0.1092824786901474,6.261424803673803,0.28999772667884827,16.615645807086402,0.25428134202957153
ppo_gru,10,70059,7,1806,14,106,1,1,0,1,0,-8.314320974764822,10.932236860982329,37.00616982880418,1.559034824371338,1.315435767173767,0.05356096848845482,3.0688174410216575,0.48240846395492554,27.639968986006135,0.2947652041912079
ppo_gru,10,70059,7,1807,15,164,1,1,0,1,0,-32.07698622934606,54.777720992530405,-100.1556127058842,2.420393466949463,2.5815682411193848,0.398468554019928,22.830566414022528,0.8068699836730957,46.230244680258025,0.8019035458564758
ppo_gru,10,70059,7,1808,16,89,1,1,0,1,0,-7.522838653743744,2.454237232947322,-0.7562522052821518,1.9655966758728027,1.5821062326431274,0.01627732627093792,0.9326220970821615,0.15324179828166962,8.78010828653478,0.09289822727441788
ppo_gru,10,70059,7,1809,17,75,1,1,0,1,0,17.925189438916483,11.694417670464052,-40.317800708263206,0.3350149393081665,1.6270045042037964,0.08172350376844406,4.682411852953323,0.3585951030254364,20.545985957416445,0.26102104783058167
ppo_gru,10,70059,7,1810,18,150,1,1,0,1,0,1.4357467446717003,0.01412483120358637,-3.858688050842024,0.3545134663581848,1.2902581691741943,0.012620951980352402,0.7231272819114709,0.08103319257497787,4.642859935017072,0.05313754826784134
ppo_gru,10,70059,7,1811,19,108,1,1,0,1,0,-2.3002028067851943,2.106225434356832,4.693746978767782,0.6136471629142761,1.2534812688827515,0.04564531147480011,2.6152837020661135,0.12358689308166504,7.081007376713959,0.10743875801563263
ppo_gru,10,70059,7,1812,20,154,1,1,0,1,0,-1.3384575301340387,1.7080254057450885,20.90671727578879,0.6527709364891052,0.7052401900291443,0.039812345057725906,2.281079344326216,0.11424101889133453,6.5455282297477755,0.09693285822868347
ppo_gru,10,70059,7,1813,21,73,1,1,0,1,0,3.223726344840958,4.971462470420501,29.669207943133166,0.6087817549705505,1.9143943786621094,0.026881685480475426,1.5402071242293465,0.03248748928308487,1.8613960228972555,0.04312542825937271
ppo_gru,10,70059,7,1814,22,153,1,1,0,1,0,-2.8531202804760665,4.861141254946455,8.034583747117779,1.0655241012573242,0.12920816242694855,0.0048582120798528194,0.27835504815504025,0.2204565703868866,12.631231049097368,0.11508649587631226
ppo_gru,10,70059,7,1815,23,88,1,1,0,1,0,5.904712197854363,-2.2768162390670703,32.81718749007869,0.33749324083328247,1.6719403266906738,0.02117881178855896,1.213456530586343,0.12858529388904572,7.367394647291655,0.08547145873308182
ppo_gru,10,70059,7,1816,24,137,1,1,0,1,0,18.145435718892713,-1.9527920648416657,-57.050452778473804,0.44982942938804626,1.7539831399917603,0.09613784402608871,5.508292714181877,0.19483521580696106,11.163235566259452,0.19355544447898865
ppo_gru,10,70059,7,1817,25,187,1,1,0,1,0,4.278334873447607,0.769202243948496,-22.104636833560647,0.4299662709236145,0.14394822716712952,0.042561180889606476,2.4385760360673054,0.43784159421920776,25.086475444040186,0.26148197054862976
ppo_gru,10,70059,7,1818,26,265,1,1,0,1,0,35.800941968620414,-0.5285063775972466,-86.38545956551825,9.66727066040039,6.997006416320801,0.2954544723033905,16.92829430124915,1.0017129182815552,57.39392250126624,0.7963109016418457
ppo_gru,10,70059,7,1819,27,264,1,1,0,1,0,39.67408269974619,22.837352206962933,-65.91368873607587,3.5394444465637207,3.130061149597168,0.2300424724817276,13.180462781957372,0.7714861631393433,44.202901100625674,0.615785539150238
ppo_gru,10,70059,7,1820,28,78,1,1,0,1,0,7.982892875479123,4.411619184911236,-24.594158823760253,0.6008129119873047,1.590087652206421,0.0432121604681015,2.475874418464276,0.061197586357593536,3.506363414677494,0.07381094992160797
ppo_gru,10,70059,7,1821,29,268,1,1,0,1,0,-14.665850487743079,5.32406415613324,45.10661025989923,0.8570663928985596,0.28704148530960083,0.09500172734260559,5.443198023183895,0.3662109375,20.98234113027917,0.2781071960926056
ppo_gru,10,70059,7,1822,30,62,1,1,0,1,0,4.772321474979609,-3.7026865301989322,15.108706293148366,0.44833052158355713,2.7924959659576416,0.008654709905385971,0.49587835048868417,0.10447333753108978,5.985881312177148,0.06089137867093086
ppo_gru,10,70059,7,1823,31,140,1,1,0,1,0,-75.81817337226803,35.974934207537316,-116.41075259084086,9.998754501342773,8.007583618164062,0.5645670294761658,32.34730804122224,1.2378562688827515,70.92393985079288,1.1834951639175415
ppo_gru,10,70059,7,1824,32,65,1,1,0,1,0,-4.902067748453171,2.347754583786823,11.304523151883044,0.17365595698356628,3.4340081214904785,0.04060821980237961,2.3266796082159256,0.15918037295341492,9.120363551549074,0.12019840627908707
ppo_gru,10,70059,7,1825,33,77,1,1,0,1,0,-1.8712669269083935,0.3105140600471197,-15.286905928593999,0.6131228804588318,1.7145359516143799,0.013503370806574821,0.7736861564169035,0.1466982215642929,8.405188957709026,0.08685248345136642
ppo_gru,10,70059,7,1826,34,128,1,1,0,1,0,-0.8307285879919708,5.366465970500679,2.235725821020274,0.8047926425933838,2.356973648071289,0.022734113037586212,1.3025687280270297,0.5904619097709656,33.830975393110755,0.3179650604724884
ppo_gru,10,70059,7,1827,35,135,1,1,0,1,0,-18.499990838708076,0.20099880689513525,71.76751602461364,2.8397719860076904,2.98996639251709,0.14063532650470734,8.057810659164055,0.5190765261650085,29.740894193567037,0.4001736044883728
ppo_gru,10,70059,7,1828,36,131,1,1,0,1,0,-2.301678127645917,2.5728639584521034,-27.34568687052155,1.043099284172058,1.1748541593551636,0.03330046311020851,1.9079759920460384,0.12010625749826431,6.881581647762043,0.09335359185934067
ppo_gru,10,70059,7,1829,37,193,1,1,0,1,0,34.74718038347085,13.104742451044965,-73.20772971300252,2.7506356239318848,2.8761982917785645,0.18045741319656372,10.339448158011507,0.6387022137641907,36.59494121435064,0.49980852007865906
ppo_gru,10,70059,7,1830,38,58,1,1,0,1,0,1.6035508322005736,0.050994192343315196,-1.1771557826950176,0.4481193721294403,2.3327457904815674,0.026024512946605682,1.4910947557240755,0.13943734765052795,7.989171526873657,0.09574318677186966
ppo_gru,10,70059,7,1831,39,71,1,1,0,1,0,-18.712983457785754,1.4175647811011265,3.003015612001166,9.241741180419922,9.935561180114746,0.012699015438556671,0.7275999886007715,0.16781005263328552,9.614807775755468,0.09660404175519943
ppo_gru,10,70059,7,1832,40,102,1,1,0,1,0,3.691717246391892,8.820205765830986,-47.81876909628457,0.3468745946884155,1.6775134801864624,0.06147154048085213,3.522059829720418,0.1776503324508667,10.178614278530633,0.15029670298099518
ppo_gru,10,70059,7,1833,41,208,1,1,0,1,0,3.8209580858668732,1.672317176764262,-27.5103763917889,1.4789234399795532,0.3397366404533386,0.04368045926094055,2.502705962845025,0.1427757889032364,8.180450120806219,0.11506835371255875
ppo_gru,10,70059,7,1834,42,217,1,1,0,1,0,0.7532059409123262,5.879262913006896,18.474022459483688,0.16397535800933838,0.958272397518158,0.041898246854543686,2.40059271376263,0.21814070641994476,12.498541817865176,0.15096859633922577
ppo_gru,10,70059,7,1835,43,25,1,1,0,1,0,-10.275732738339043,7.473633970962972,71.16085862253311,10.792985916137695,12.581831932067871,0.09223369508981705,5.284601457543022,0.4971187710762024,28.48280749939654,0.34079307317733765
ppo_gru,10,70059,7,1836,44,167,1,1,0,1,0,1.158618649287603,1.61240275736491,6.469964993186278,0.5305367112159729,0.5941470265388489,0.021450499072670937,1.2290230653133307,0.09251228719949722,5.300563609633341,0.0677066445350647
ppo_gru,10,70059,7,1837,45,112,1,1,0,1,0,11.08318404163961,-1.1413655914441507,-30.470853585639226,0.6729722023010254,2.485121250152588,0.04649897664785385,2.664195113599398,0.05916691571474075,3.390014557260912,0.07608243823051453
ppo_gru,10,70059,7,1838,46,201,1,1,0,1,0,-14.479850776265291,40.636073863207464,85.73642766982695,0.9654218554496765,1.9810841083526611,0.2816331386566162,16.136390216046824,1.1185824871063232,64.09005554843915,0.8409243822097778
ppo_gru,10,70059,7,1839,47,193,1,1,0,1,0,3.0535180307242404,1.4336293860289964,-22.189822952889045,0.5070325136184692,0.6716814041137695,0.03685601428151131,2.111694068004485,0.08028854429721832,4.600194731479764,0.07700029015541077
ppo_gru,10,70059,7,1840,48,281,1,1,0,1,0,4.961941186717503,3.956591982404986,-26.791949774130277,0.7300518155097961,0.653123140335083,0.022004397585988045,1.260759112404972,0.08241404592990875,4.721977004381092,0.06321141868829727
ppo_gru,10,70059,7,1841,49,90,1,1,0,1,0,1.2574378261993475,-0.48943769554477373,19.628160504675762,0.5961097478866577,2.073596477508545,0.03102792054414749,1.7777688942469119,0.03142532333731651,1.8005383970622073,0.0467405840754509
ppo_gru,10,70059,7,1842,50,24,1,1,0,1,0,-1.6468542315384544,-6.533554054359097,54.25056699238882,11.618699073791504,13.484049797058105,0.040056854486465454,2.295088702644147,0.23782144486904144,13.626165068699262,0.15896758437156677
ppo_gru,10,70059,7,1843,51,95,1,1,0,1,0,0.09082785558282956,1.2869442434138025,9.737691416660459,0.2106577605009079,3.112504720687866,0.025133103132247925,1.4400207355448358,0.5078426003456116,29.097237656752544,0.2790544033050537
ppo_gru,10,70059,7,1844,52,73,1,1,0,1,0,0.6115887986612818,-2.586087204685248,-32.05961022809755,0.7380983233451843,1.7568720579147339,0.03098301962018013,1.7751962608073444,0.16236448287963867,9.302799611827407,0.11216525733470917
ppo_gru,10,70059,7,1845,53,111,1,1,0,1,0,2.782714690511575,2.128109360457553,-14.1632032063435,0.3707685172557831,2.156435966491699,0.028909694403409958,1.656403476328367,0.11317408084869385,6.484397182902516,0.08549673855304718
ppo_gru,10,70059,7,1846,54,48,1,1,0,1,0,-1.589863133103868,0.456925995095513,-43.86124820815246,3.772649049758911,3.606137275695801,0.01466552447527647,0.840272656779153,0.13266044855117798,7.600883810294895,0.08099574595689774
ppo_gru,10,70059,7,1847,55,189,1,1,0,1,0,10.278232587575268,13.18733309848876,-50.14343764067675,1.0049889087677002,0.5469339489936829,0.07459533214569092,4.273997703324649,0.7026708126068115,40.26007194939826,0.4259307384490967
ppo_gru,10,70059,7,1848,56,20,1,1,0,1,0,20.61836034940919,4.7425145294416735,-87.57221859418631,22.68750762939453,21.069013595581055,0.16993944346904755,9.736812883578466,0.8340725898742676,47.788839207341574,0.5869757533073425
ppo_gru,10,70059,7,1849,57,89,1,1,0,1,0,-21.610021854625003,-3.2265403827790036,57.34409627127099,1.4503501653671265,2.8696415424346924,0.09685100615024567,5.549153894004656,0.37706294655799866,21.604115448540234,0.285382479429245
ppo_gru,10,70059,7,1850,58,212,1,1,0,1,0,42.13646151818416,25.023040062123695,-72.74770281202383,5.178633689880371,4.715992450714111,0.26562735438346863,15.2193263293986,0.8271852731704712,47.39422502804409,0.6792199611663818
ppo_gru,10,70059,7,1851,59,98,1,1,0,1,0,-0.030995398453517863,-6.533226205278937,-20.69122480747489,2.1777710914611816,3.168456792831421,0.024398652836680412,1.3979398333466815,0.1134154200553894,6.498224900877206,0.08110636472702026
ppo_gru,10,70059,7,1852,60,5,1,1,0,1,0,-6.8379619252882256,2.762989104188578,2.435017080622906,18.750703811645508,17.799367904663086,0.031823061406612396,1.8233271097845432,0.1837209165096283,10.52643312427707,0.12368351966142654
ppo_gru,10,70059,7,1853,61,46,1,1,0,1,0,4.198954414913719,-2.82284888207457,-13.524389273650549,0.479519248008728,4.138521671295166,0.019897757098078728,1.1400575034963876,0.12951214611530304,7.420499368088504,0.0846538320183754
ppo_gru,10,70059,7,1854,62,81,1,1,0,1,0,-6.835994830807262,-4.660169768808,47.06253055138076,0.8053195476531982,2.2002060413360596,0.09039861708879471,5.179459233007138,0.17835453152656555,10.21896191350519,0.17957589030265808
ppo_gru,10,70059,7,1855,63,201,1,1,0,1,0,-8.877893543560914,-3.6320350534243206,43.981568820571404,1.4574260711669922,0.5733991265296936,0.07874366641044617,4.51167974870463,0.20066948235034943,11.497514415749986,0.17907840013504028
ppo_gru,10,70059,7,1856,64,193,1,1,0,1,0,-26.657149160670905,10.219028507849597,79.98860491720778,3.4175610542297363,3.243894577026367,0.22263164818286896,12.755853826919775,0.9702890515327454,55.59346756057795,0.7077761888504028
ppo_gru,10,70059,7,1857,65,81,1,1,0,1,0,3.1717349448788212,-6.010525488476201,34.90150167757812,0.4110012352466583,3.636404037475586,0.03943997994065285,2.2597443946800353,0.03182275965809822,1.8233098208682066,0.05535136163234711
ppo_gru,10,70059,7,1858,66,88,1,1,0,1,0,5.108530706684317,-1.0748122281715464,28.83990003448856,0.23477022349834442,2.208782434463501,0.022999988868832588,1.3178022910319798,0.04787776991724968,2.743194148756823,0.04693887382745743
ppo_gru,10,70059,7,1859,67,138,1,1,0,1,0,-6.977625633436646,-1.263052241697098,-19.575882236768486,0.9747112989425659,1.0827269554138184,0.007334001362323761,0.4202073250043476,0.13638150691986084,7.814084750142258,0.07552475482225418
ppo_gru,10,70059,7,1860,68,96,1,1,0,1,0,-0.19043933443829553,2.694864797406871,-15.382200727894016,0.5640755295753479,1.7250055074691772,0.028602253645658493,1.638788418458904,0.085661880671978,4.908064227657619,0.07143319398164749
ppo_gru,10,70059,7,1861,69,135,1,1,0,1,0,31.66350023737183,1.4465384435603206,-69.10442526722566,1.44535231590271,2.8241779804229736,0.1429089605808258,8.188080295882768,0.4609445035457611,26.41017464292512,0.37338119745254517
ppo_gru,10,70059,7,1862,70,71,1,1,0,1,0,4.039510478928941,-1.5674054711128662,-6.271165507203888,0.1914500743150711,2.438117504119873,0.04598843678832054,2.6349433343749373,0.14519447088241577,8.319030390197545,0.11858567595481873
ppo_gru,10,70059,7,1863,71,172,1,1,0,1,0,-42.29287285017745,43.65503113673144,-91.92026237830306,4.745163440704346,3.8185832500457764,0.34812071919441223,19.94584797089869,0.9547267556190491,54.701813685189464,0.8254840970039368
ppo_gru,10,70059,7,1864,72,118,1,1,0,1,0,-1.7432965026190346,0.7621398283467028,0.20006990116801351,0.40896666049957275,0.8207604289054871,0.02140618860721588,1.2264842626544958,0.12084658443927765,6.923999256941937,0.0818294808268547
ppo_gru,10,70059,7,1865,73,142,1,1,0,1,0,-5.005831982324005,12.631246417023,34.86612129767745,0.7940981388092041,0.7594670057296753,0.049446411430835724,2.833070687054317,0.40857890248298645,23.409846710362356,0.25373587012290955
ppo_gru,10,70059,7,1866,74,167,1,1,0,1,0,42.72730020214694,30.834096706078842,-78.6557618025715,6.701270580291748,5.7952117919921875,0.2736431658267975,15.678598494474013,0.843132734298706,48.307947244640886,0.6952095031738281
ppo_gru,10,70059,7,1867,75,109,1,1,0,1,0,-0.21502801545034142,8.417169963286874,17.641039909065615,0.27664804458618164,1.9900823831558228,0.014630564488470554,0.8382695970833409,0.7004102468490601,40.13055107216731,0.3648356795310974
ppo_gru,10,70059,7,1868,76,175,1,1,0,1,0,-23.575859580781394,2.9395494942334075,80.51414699270525,15.314162254333496,13.674452781677246,0.20451025664806366,11.717574573071333,0.8947668075561523,51.26636172136187,0.651893675327301
ppo_gru,10,70059,7,1869,77,114,1,1,0,1,0,0.4654227504230089,4.021096288926587,-21.895851611011697,0.30048689246177673,1.4426231384277344,0.023041047155857086,1.32015475759252,0.15863770246505737,9.089270822899884,0.10235989838838577
ppo_gru,10,70059,7,1870,78,179,1,1,0,1,0,-21.679908350212575,2.181699024685473,66.2023598511573,2.328015089035034,1.0756926536560059,0.20019835233688354,11.470520654376449,0.7872574925422668,45.10653171272377,0.5938271284103394
ppo_gru,10,70059,7,1871,79,4,1,1,0,1,0,11.623096835150779,8.25976142367476,-57.02919722977673,16.52875518798828,18.93169403076172,0.07433472573757172,4.259066056025355,0.24100902676582336,13.808800058237171,0.1948392391204834
ppo_gru,10,70059,7,1872,80,101,1,1,0,1,0,3.3796868843490295,-2.4112890034462815,22.08544400199291,0.37032920122146606,2.317065477371216,0.019224269315600395,1.1014694960067541,0.04464036226272583,2.55770435358926,0.04154445230960846
ppo_gru,10,70059,7,1873,81,281,1,1,0,1,0,-21.273921905947017,-2.6266858491118037,65.07980460068735,1.837927222251892,0.6342949867248535,0.1145254448056221,6.561824634220603,0.49875447154045105,28.576526232545575,0.3639026880264282
ppo_gru,10,70059,7,1874,82,205,1,1,0,1,0,-14.804421365624298,-3.520293158602912,58.304557472358184,3.016632080078125,3.09761905670166,0.07733200490474701,4.430797502326985,0.25944897532463074,14.865331285095179,0.20705649256706238
ppo_gru,10,70059,7,1875,83,142,1,1,0,1,0,31.211464657722047,7.441532081863913,-67.33906725358749,1.430199384689331,2.7531497478485107,0.14622849225997925,8.378275451058236,0.48715439438819885,27.91189076969539,0.3898056745529175
ppo_gru,10,70059,7,1876,84,33,1,1,0,1,0,2.4010300593129226,3.5153890827788428,-2.229988462117463,17.98520278930664,18.263704299926758,0.021386492997407913,1.225355787337563,0.12192673981189728,6.985887601011423,0.08234986662864685
ppo_gru,10,70059,7,1877,85,93,1,1,0,1,0,9.341185274962879,5.484259412926718,-38.47960555731601,0.2573363780975342,1.7467314004898071,0.03802720084786415,2.1787981152789215,0.21708698570728302,12.438168068244142,0.14657069742679596
ppo_gru,10,70059,7,1878,86,146,1,1,0,1,0,-39.81105531336162,56.76467766360047,64.25310582430569,0.6908250451087952,0.7049574255943298,0.4404880404472351,25.23810564361447,0.6866327524185181,39.34115878903226,0.7838044166564941
ppo_gru,10,70059,7,1879,87,70,1,1,0,1,0,2.765447972289783,-1.2033290675945065,4.747787435480923,0.7211204767227173,3.657358169555664,0.031076811254024506,1.7805701255802635,0.11128905415534973,6.376393109104396,0.08672133833169937
ppo_gru,10,70059,7,1880,88,94,1,1,0,1,0,-3.7095713608823053,1.907439608752781,-4.614380180612234,0.5265573263168335,1.1443670988082886,0.02328425459563732,1.3340895174381098,0.18102701008319855,10.372083655639475,0.11379776149988174
ppo_gru,10,70059,7,1881,89,135,1,1,0,1,0,18.18525572175389,22.49774154105156,-61.622799974933784,0.662922203540802,0.42264416813850403,0.15834681689739227,9.072604307551407,0.524124264717102,30.03010830868747,0.4204089641571045
ppo_gru,10,70059,7,1882,90,89,1,1,0,1,0,0.05520158887204305,0.11746559334587929,-7.785445766952394,0.5437664985656738,2.9454071521759033,0.030270066112279892,1.7343470338156137,0.14032799005508423,8.040201577710114,0.1004340648651123
ppo_gru,10,70059,7,1883,91,167,1,1,0,1,0,-44.00446361466929,53.07085671894421,51.04761808300304,2.950991630554199,2.2711164951324463,0.3711414039134979,21.264836046803605,0.7660256028175354,43.89003404040948,0.7541542053222656
ppo_gru,10,70059,7,1884,92,162,1,1,0,1,0,-3.075238032284881,-1.00175652480909,-43.61650886981256,1.2469102144241333,1.5080318450927734,0.014862938784062862,0.8515836634881057,0.1957409828901291,11.215132197346856,0.11273343116044998
ppo_gru,10,70059,7,1885,93,141,1,1,0,1,0,-4.536679948614169,-6.2958634712426536,-0.3287370047527137,1.6828138828277588,0.2515057921409607,0.0202542245388031,1.1604815833837239,0.10074903815984726,5.772494676561726,0.07062874734401703
ppo_gru,10,70059,7,1886,94,248,1,1,0,1,0,-48.972743216936564,53.204837709703185,49.06279243095401,9.994556427001953,9.309676170349121,0.40272796154022217,23.074612488161666,0.6413947939872742,36.74921469713372,0.7234253883361816
ppo_gru,10,70059,7,1887,95,118,1,1,0,1,0,1.7309201998429713,2.179103552800868,13.297435747909365,0.5095871686935425,2.4968483448028564,0.026770124211907387,1.5338151343832722,0.18796853721141815,10.769803863462025,0.12075439095497131
ppo_gru,10,70059,7,1888,96,143,1,1,0,1,0,-16.106747195048968,-1.0947563805479839,45.38215375139588,1.0586351156234741,0.9381882548332214,0.08308658748865128,4.760510797244188,0.2809642553329468,16.098066024613882,0.22356870770454407
ppo_gru,10,70059,7,1889,97,205,1,1,0,1,0,-35.141774072200825,33.99512191433909,72.58282204545972,2.612183094024658,0.906297504901886,0.30515775084495544,17.48425120912068,1.2567168474197388,72.00457140013727,0.9335161447525024
ppo_gru,10,70059,7,1890,98,226,1,1,0,1,0,-19.67013884731466,64.60303007586378,67.33223706441748,1.6620290279388428,1.869040608406067,0.6619395017623901,37.92633974397747,0.44591090083122253,25.548812656505643,0.8848949670791626
ppo_gru,10,70059,7,1891,99,95,1,1,0,1,0,-2.590895657860937,0.7308985430830645,-0.10683781899733945,1.0652631521224976,1.6408029794692993,0.01919354684650898,1.099709228191595,0.24109545350074768,13.81375194538543,0.13974127173423767
ppo_gru,10,70059,7,1892,100,131,1,1,0,1,0,-2.1634350988448587,3.7690759689314564,-33.89026485020105,0.2728247344493866,1.3544410467147827,0.030881572514772415,1.7693837698236634,0.22909198701381683,13.126003976157568,0.14542756974697113
ppo_gru,10,70059,7,1893,101,23,1,1,0,1,0,16.736668221442564,3.496223571967787,-67.6866419200711,9.835444450378418,11.977883338928223,0.16406309604644775,9.400122977310918,0.5311828255653381,30.43453405472768,0.4296545088291168
ppo_gru,10,70059,7,1894,102,65,1,1,0,1,0,-0.8325317579328542,-0.9425797658400996,-7.4632794041812325,0.6479566693305969,4.070354461669922,0.0139390230178833,0.7986471894604209,0.20679891109466553,11.84870481362547,0.11733847856521606
ppo_gru,10,70059,7,1895,103,137,1,1,0,1,0,17.741430029486462,14.879580767251118,-54.61983433967639,0.7678670287132263,1.6200734376907349,0.09853865951299667,5.645849308971349,0.37030643224716187,21.216995694309546,0.2836918830871582
ppo_gru,10,70059,7,1896,104,52,1,1,0,1,0,1.5080101460904352,-4.027257119557938,-26.712282447651248,0.7254012227058411,4.0595502853393555,0.006064658984541893,0.347479364000346,0.24658729135990143,14.128411076485103,0.12935830652713776
ppo_gru,10,70059,7,1897,105,68,1,1,0,1,0,2.729206988553695,-0.13891238733971933,6.896346382313494,0.034358005970716476,1.6379824876785278,0.021769940853118896,1.2473257311331436,0.16537415981292725,9.47524139780272,0.10445702075958252
ppo_gru,10,70059,7,1898,106,220,1,1,0,1,0,-27.19525878424119,-9.913186297194766,87.70303037717039,2.8125574588775635,1.2821810245513916,0.20678026974201202,11.847636742794009,0.894589900970459,51.256225720633566,0.6540752053260803
ppo_gru,10,70059,7,1899,107,4,1,1,0,1,0,7.797904031998497,17.138351646531014,-66.49977360837633,21.353042602539062,22.9061279296875,0.1509241759777069,8.64731831001233,0.5686746835708618,32.58265928454796,0.4352615177631378
ppo_gru,10,70059,7,1900,108,155,1,1,0,1,0,3.183455549494563,-3.6935613974677954,39.438004041273864,0.35223186016082764,0.9528557658195496,0.05037789046764374,2.8864405045683275,0.1309264749288559,7.501534439948828,0.11584112793207169
ppo_gru,10,70059,7,1901,109,241,1,1,0,1,0,-2.214470272323194,-0.5315663023454124,-12.75410785981319,0.7725785374641418,0.8163954615592957,0.018722008913755417,1.0726920947644922,0.3229294717311859,18.50249581058618,0.18018674850463867
ppo_gru,10,70059,7,1902,110,207,1,1,0,1,0,-34.80070174580707,42.36590123278323,69.85312328328578,1.1127235889434814,0.6957787871360779,0.3066232204437256,17.56821643213494,1.3248239755630493,75.90682239750564,0.9690352082252502
ppo_gru,10,70059,7,1903,111,192,1,1,0,1,0,-17.011556014778897,10.35942987642838,61.190121151391814,0.6645986437797546,0.7926292419433594,0.1298103779554367,7.437586793844583,0.5668120384216309,32.475937578766505,0.41321641206741333
ppo_gru,10,70059,7,1904,112,235,1,1,0,1,0,-22.195123179684977,12.500885426524137,76.11181686506524,0.9133994579315186,0.9912394881248474,0.19428621232509613,11.131779983810604,0.8843514323234558,50.66960467848327,0.6364619135856628
ppo_gru,10,70059,7,1905,113,154,1,1,0,1,0,-16.740315542459353,29.10216563823871,65.91581975509692,3.6604549884796143,3.385340929031372,0.16896826028823853,9.681168186184019,0.5651605129241943,32.38131213800515,0.4515485167503357
ppo_gru,10,70059,7,1906,114,182,1,1,0,1,0,0.8279828519456257,3.560591274705987,-32.853223568139676,0.3711700737476349,0.7285420298576355,0.025683987885713577,1.4715841069165225,0.1375846415758133,7.883019288114258,0.09447631239891052
ppo_gru,10,70059,7,1907,115,107,1,1,0,1,0,-11.086995287196478,0.9947624110989971,-58.023836697470664,1.3519617319107056,1.7362253665924072,0.0576612763106823,3.3037477739397696,0.3011648952960968,17.255477437965688,0.208243727684021
ppo_gru,10,70059,7,1908,116,41,1,1,0,1,0,31.57712566512785,17.33405022663022,-68.31316151225803,2.9302353858947754,5.693343162536621,0.19031187891960144,10.904067453297904,0.6405160427093506,36.698865957666975,0.5105699300765991
ppo_gru,10,70059,7,1909,117,94,1,1,0,1,0,12.149185325781842,-2.3003120898119143,-67.7580037365194,6.160999774932861,7.156252384185791,0.09612630307674408,5.507631466492856,0.2556494176387787,14.647632665679362,0.22395101189613342
ppo_gru,10,70059,7,1910,118,43,1,1,0,1,0,34.23680132793081,20.720417035987523,-66.70883203849208,4.599430561065674,5.903021812438965,0.2285732626914978,13.096283261757904,0.8130956292152405,46.58694789456736,0.6351211071014404
ppo_gru,10,70059,7,1911,119,107,1,1,0,1,0,-6.920415968948619,5.942851974179715,-22.517508108509578,0.5542643666267395,1.4153461456298828,0.03144606575369835,1.8017268499777894,0.1937483698129654,11.1009638778228,0.12832024693489075
ppo_gru,10,70059,7,1912,120,149,1,1,0,1,0,-8.984663060666554,13.557064898639888,48.324476302432316,0.78125,1.2429485321044922,0.06955580413341522,3.9852540174832987,0.49210837483406067,28.19573294103361,0.31560999155044556
ppo_gru,10,70059,7,1913,121,244,1,1,0,1,0,-6.163849574964647,2.883432660012583,25.89387552092198,0.36225426197052,0.9245941638946533,0.06029503047466278,3.454650771810858,0.12484066933393478,7.152843464422745,0.12271536886692047
ppo_gru,10,70059,7,1914,122,1,1,1,0,1,0,-22.854099830807804,23.244171934307232,74.88773768277223,19.70825958251953,21.826143264770508,0.15882587432861328,9.100052276504748,1.1980637311935425,68.64399538508594,0.7578577399253845
ppo_gru,10,70059,7,1915,123,73,1,1,0,1,0,6.434352386853832,-6.056260435158606,-47.54731005791158,1.050539255142212,2.330958127975464,0.04077698662877083,2.3363492350899593,0.11683862656354904,6.694360186196469,0.09919629991054535
ppo_gru,10,70059,7,1916,124,105,1,1,0,1,0,4.662478372747464,3.302888237321406,-22.91562617485128,0.1934109479188919,2.9722940921783447,0.04349995777010918,2.4923639892245677,0.08024318516254425,4.5975958445005745,0.083621546626091
ppo_gru,10,70059,7,1917,125,66,1,1,0,1,0,0.7170059383112586,-5.948070238705604,-15.458043148437838,5.747206687927246,4.7995500564575195,0.0335209034383297,1.9206062924818614,0.1062413901090622,6.087183262852193,0.0866415947675705
ppo_gru,10,70059,7,1918,126,59,1,1,0,1,0,-11.840228548865484,0.19676408960972733,-44.20253910059966,0.35118362307548523,3.739161729812622,0.04758700355887413,2.726534463597516,0.26336464285850525,15.089682508762587,0.17926932871341705
ppo_gru,10,70059,7,1919,127,133,1,1,0,1,0,-3.2909627270305637,1.2809336769441912,-10.463590261271074,0.40721145272254944,1.534229040145874,0.009572839364409447,0.5484832935373588,0.16511544585227966,9.460418179756498,0.09213056415319443
ppo_gru,10,70059,7,1920,128,390,1,1,0,1,0,11.011630979894557,5.0671944018273996,4.772335135357949,1.010773777961731,0.4648437798023224,0.010331068187952042,0.5919266050315191,0.10401224344968796,5.959462567354362,0.06233718991279602
ppo_gru,10,70059,7,1921,129,249,1,1,0,1,0,28.087131225683116,28.544863183100688,-66.54447036630489,3.8391995429992676,4.659927845001221,0.20963013172149658,12.010921806413272,0.7021011114120483,40.227430475354765,0.5606806874275208
ppo_gru,10,70059,7,1922,130,300,1,1,0,1,0,-16.38580140377901,7.431122873568813,72.80756258990982,2.737370729446411,1.7050443887710571,0.15505355596542358,8.88391435531428,0.6321238279342651,36.21802747028725,0.47111546993255615
ppo_gru,10,70059,7,1923,131,140,1,1,0,1,0,-10.37075433007226,10.206283374858353,40.627672730528346,0.28125739097595215,0.6454851031303406,0.047473181039094925,2.7200129136006232,0.39813435077667236,22.811417978684396,0.2465403527021408
ppo_gru,10,70059,7,1924,132,91,1,1,0,1,0,-3.504884251835363,2.091800074829765,-3.2568117811805,0.06903531402349472,1.480483889579773,0.013694481924176216,0.7846360168734918,0.15342730283737183,8.790736914656966,0.09040813148021698
ppo_gru,10,70059,7,1925,133,60,1,1,0,1,0,1.798238544302617,-0.38567346167394,-33.171182534382105,7.108046531677246,10.090456008911133,0.04122725874185562,2.3621479268021552,0.14328403770923615,8.209570632332568,0.1128692775964737
ppo_gru,10,70059,7,1926,134,97,1,1,0,1,0,-4.60110229286573,11.253720204836489,33.54628286322087,0.25043490529060364,3.484787702560425,0.026466816663742065,1.5164368919789384,0.759382426738739,43.50940808853218,0.4061580300331116
ppo_gru,10,70059,7,1927,135,133,1,1,0,1,0,12.047292563743591,-1.7222595199753952,4.59055648078723,1.319878101348877,1.1288959980010986,0.0014203758910298347,0.08138154387814325,0.08410515636205673,4.818870494833716,0.043472953140735626
ppo_gru,10,70059,7,1928,136,65,1,1,0,1,0,8.6450933758902,-3.8597262395958656,-30.11420842793784,0.619267463684082,2.193258047103882,0.02142329327762127,1.227464288078687,0.11271985620260239,6.458372027730651,0.07778321951627731
ppo_gru,10,70059,7,1929,137,124,1,1,0,1,0,29.935394075466906,31.96163799464289,-68.7037936912694,1.5121831893920898,1.0595510005950928,0.2591853737831116,14.850228029292989,0.8488364815711975,48.6347478907639,0.6836036443710327
ppo_gru,10,70059,7,1930,138,139,1,1,0,1,0,-13.83551805072297,-0.31371058857868567,31.37899553768412,2.0345141887664795,0.5881322026252747,0.03900182992219925,2.234640247829065,0.20612289011478424,11.809971664615974,0.14206327497959137
ppo_gru,10,70059,7,1931,139,119,1,1,0,1,0,-6.886647513692076,5.75831392318431,23.761381179017278,0.9326135516166687,0.5358982682228088,0.04506811499595642,2.582212779878558,0.19278523325920105,11.04578021819733,0.14146073162555695
ppo_gru,10,70059,7,1932,140,441,1,1,0,1,0,9.36797327688767,6.074742927052661,-83.60371476186882,2.6432371139526367,1.1019753217697144,0.1144668236374855,6.558465888696249,0.4738856852054596,27.15164973393795,0.3514096736907959
ppo_gru,10,70059,7,1933,141,87,1,1,0,1,0,-7.217119386493973,11.772992166675879,-53.39652013857042,0.7012184262275696,4.289120674133301,0.0736553892493248,4.220142942379567,0.3354678153991699,19.22088998484624,0.24138930439949036
ppo_gru,10,70059,7,1934,142,93,1,1,0,1,0,7.614868622620496,3.4247114913577534,-25.41673216588323,0.7777634263038635,2.3885498046875,0.029517389833927155,1.691221859726388,0.07190052419900894,4.119596581381456,0.06546765565872192
ppo_gru,10,70059,7,1935,143,152,1,1,0,1,0,4.366826804334292,10.541140229107398,39.720855835182434,1.2721288204193115,1.871500015258789,0.07434672862291336,4.259753770697411,0.21782860159873962,12.480659528844438,0.18326103687286377
ppo_gru,10,70059,7,1936,144,149,1,1,0,1,0,31.51812649107728,-0.7593121300303175,-65.56272629576394,1.3749083280563354,1.597724199295044,0.14092041552066803,8.07414505656414,0.45335838198661804,25.97552189471302,0.36759960651397705
ppo_gru,10,70059,7,1937,145,109,1,1,0,1,0,-76.68123607579085,31.34659312026158,-100.28063248845211,9.098528861999512,8.22262191772461,0.47127917408943176,27.002307647735623,0.9536252021789551,54.638699322163966,0.9480917453765869
ppo_gru,10,70059,7,1938,146,175,1,1,0,1,0,5.508260697670143,12.285338316696874,37.3462722683358,0.6523826122283936,1.2436416149139404,0.07830623537302017,4.4866167964320915,0.24372795224189758,13.964583012826822,0.20017021894454956
ppo_gru,10,70059,7,1939,147,91,1,1,0,1,0,3.309253973627858,0.3317832691225394,12.986962668997265,0.3518836498260498,3.535046339035034,0.026507500559091568,1.518767907476617,0.30152711272239685,17.27623096775877,0.1772710531949997
ppo_gru,10,70059,7,1940,148,99,1,1,0,1,0,9.46056332127636,0.44688561701559426,2.848626016002198,0.9127105474472046,0.43494218587875366,0.0027227061800658703,0.1559995729719607,0.08508159220218658,4.874816147438467,0.04526350274682045
ppo_gru,10,70059,7,1941,149,126,1,1,0,1,0,2.7744228408591796,-1.292504017398193,32.24731748686784,0.601655900478363,1.5987073183059692,0.023096280172467232,1.3233193763340574,0.11007564514875412,6.306869894203306,0.07813410460948944
ppo_gru,10,70059,7,1942,150,213,1,1,0,1,0,39.06170159914118,9.993304416159017,-72.08451876437228,7.3804402351379395,6.791308879852295,0.2741265594959259,15.706294911558414,0.930393636226654,53.30762864161729,0.7393233776092529
ppo_gru,10,70059,7,1943,151,222,1,1,0,1,0,-10.487523244122798,18.29910131483966,20.431513694474322,9.914212226867676,7.4590864181518555,0.05932639166712761,3.3991518562665077,0.24299323558807373,13.922486849424741,0.18082301318645477
ppo_gru,10,70059,7,1944,152,331,1,1,0,1,0,-26.94849770990697,22.220039709777183,71.94676750919146,0.7286407947540283,0.5294244885444641,0.24588732421398163,14.08830591322608,1.160902976989746,66.51484100568537,0.8263388276100159
ppo_gru,10,70059,7,1945,153,84,1,1,0,1,0,38.05422137580762,50.134312507945616,-67.7759261529015,3.161530017852783,5.071154594421387,0.3548027276992798,20.32869885689812,0.8234164118766785,47.17828518233955,0.7665109634399414
ppo_gru,10,70059,7,1946,154,156,1,1,0,1,0,-27.985812199535147,15.091084405089733,67.99613145174271,0.9184679985046387,0.12654151022434235,0.19967839121818542,11.440729076764146,0.9714406132698059,55.659447187960275,0.6853986978530884
ppo_gru,10,70059,7,1947,155,87,1,1,0,1,0,-4.9609166583420015,5.224507318791133,-18.06695684532927,0.840620756149292,2.959852695465088,0.041275594383478165,2.364917355067184,0.19261051714420319,11.03576972219503,0.13758085668087006
ppo_gru,10,70059,7,1948,156,165,1,1,0,1,0,3.939612132128335,6.64756357198495,-29.246227988212617,0.12388993054628372,0.9143558144569397,0.039444390684366226,2.2599971116793256,0.072268545627594,4.140682656009755,0.07557865977287292
ppo_gru,10,70059,7,1949,157,24,1,1,0,1,0,5.0315817954949535,-6.85615754923714,-22.81421152605493,7.882265567779541,9.707270622253418,0.011157040484249592,0.6392513316040979,0.07891013473272324,4.52121768099373,0.050612106919288635
ppo_gru,10,70059,7,1950,158,135,1,1,0,1,0,0.27621285003531565,-0.07416219400799845,12.308246771173097,0.3912913501262665,0.7399604320526123,0.037124209105968475,2.127060499533133,0.059128537774086,3.3878156632349907,0.06668847799301147
ppo_gru,10,70059,7,1951,159,1,1,1,0,1,0,26.441465447060242,7.62279164205771,-70.9403801161251,10.296874046325684,12.510577201843262,0.21179036796092987,12.134694225684012,0.7512108087539673,43.04120886621156,0.5873957872390747
ppo_gru,10,70059,7,1952,160,156,1,1,0,1,0,-15.458534922058078,27.000489109869108,67.65079708730687,1.1444443464279175,0.7937659025192261,0.15839824080467224,9.07555068040462,1.187473177909851,68.03720137922201,0.7521347999572754
ppo_gru,10,70059,7,1953,161,108,1,1,0,1,0,-3.8751897878767743,-0.7769066973322704,-16.26307656477222,0.5476963520050049,1.9324867725372314,0.005019583739340305,0.2876009631766954,0.17902353405952454,10.257292935127301,0.09453134983778
ppo_gru,10,70059,7,1954,162,84,1,1,0,1,0,-31.15889952186963,49.137350775933875,64.36618643620442,5.157585620880127,5.322704792022705,0.3468703627586365,19.87420782424172,1.1750479936599731,67.32529076203157,0.934394359588623
ppo_gru,10,70059,7,1955,163,135,1,1,0,1,0,-1.3211361703988864,3.492890439652821,12.808216618418031,0.32437872886657715,0.3935861885547638,0.0418655127286911,2.398717186505227,0.13349159061908722,7.64850474296187,0.10861130803823471
ppo_gru,10,70059,7,1956,164,76,1,1,0,1,0,-0.28622590735855435,-0.3673139131849457,-3.6664592068411848,0.10432951152324677,2.856322765350342,0.03517932817339897,2.0156270304414328,0.1588546335697174,9.101700059642013,0.11460664868354797
ppo_gru,10,70059,7,1957,165,145,1,1,0,1,0,-6.11188549575919,9.458514264525357,-46.340989367460615,0.9613344073295593,0.8963479399681091,0.044407181441783905,2.5443440766858916,0.23826435208320618,13.651541782786797,0.1635393500328064
ppo_gru,10,70059,7,1958,166,47,1,1,0,1,0,-15.87151548003373,23.149054719925637,78.0660432696326,7.4430413246154785,8.61154556274414,0.20247505605220795,11.600966168466291,0.9646821022033691,55.27221302806098,0.6848161220550537
ppo_gru,10,70059,7,1959,167,155,1,1,0,1,0,1.0454833958755119,0.3522601762542376,11.009240413685053,0.30066758394241333,0.9324865937232971,0.030782321467995644,1.763697103731099,0.24980059266090393,14.312519679336441,0.15568262338638306
ppo_gru,10,70059,7,1960,168,4,1,1,0,1,0,-11.82798884987282,9.664881600108123,31.965285315659674,11.337594032287598,13.384343147277832,0.043455008417367935,2.4897885810206497,0.35772621631622314,20.496202416103515,0.2223181128501892
ppo_gru,10,70059,7,1961,169,58,1,1,0,1,0,-7.164117118534675,-0.10230257338845099,-1.5318338459154397,0.871962308883667,5.069117546081543,0.01941089890897274,1.1121625840392324,0.17481905221939087,10.016393870648244,0.10682042688131332
ppo_gru,10,70059,7,1962,170,109,1,1,0,1,0,-4.064194782589367,0.1825026546227407,4.904909107147897,0.4122554063796997,1.5791053771972656,0.007720068097114563,0.442327319518257,0.23131266236305237,13.253239301337505,0.12337639927864075
ppo_gru,10,70059,7,1963,171,79,1,1,0,1,0,-5.161778861453736,-0.7361441283656343,-0.8614371185003482,0.4297616481781006,3.754713773727417,0.030027301982045174,1.720437673736,0.14509133994579315,8.313121422791838,0.1025729700922966
ppo_gru,10,70059,7,1964,172,47,1,1,0,1,0,2.208719253042043,-5.963315220933072,13.40731983127653,0.8381118178367615,3.858304500579834,0.01364178117364645,0.7816164862909644,0.07764419913291931,4.448684913989602,0.05246388167142868
ppo_gru,10,70059,7,1965,173,58,1,1,0,1,0,-2.5555425987169507,-3.9779158329937663,-5.626723498634845,1.1137241125106812,5.0473432540893555,0.061913490295410156,3.5473816888511824,0.1544208824634552,8.84766483384173,0.13912393152713776
ppo_gru,10,70059,7,1966,174,65,1,1,0,1,0,-1.9741022550521055,-6.007301639187955,8.621010128876733,1.1255310773849487,2.973151445388794,0.013103252276778221,0.7507610533545789,0.09361667186021805,5.363840189651632,0.059911586344242096
ppo_gru,10,70059,7,1967,175,109,1,1,0,1,0,-5.842284268840447,4.195908150543893,5.525745981945375,0.31874343752861023,1.0108246803283691,0.03256374970078468,1.8657654229753597,0.16098403930664062,9.223706021238659,0.1130557656288147
ppo_gru,10,70059,7,1968,176,108,1,1,0,1,0,0.21808794019850714,0.5537780775262938,-15.650381275465397,0.09794119745492935,2.475916624069214,0.0193993728607893,1.1115021901238566,0.183334082365036,10.504269160420378,0.11106641590595245
ppo_gru,10,70059,7,1969,177,144,1,1,0,1,0,12.966171573163747,10.074296799337027,-50.43331086905209,0.30669620633125305,1.1176701784133911,0.08493831008672714,4.8666066869429345,0.28963276743888855,16.594735182942408,0.22975468635559082
ppo_gru,10,70059,7,1970,178,95,1,1,0,1,0,6.597061153261876,1.1540151017870144,-14.325269934969564,0.6744745373725891,1.1919571161270142,0.020464416593313217,1.1725247009943374,0.07351361215114594,4.212019713022307,0.057221222668886185
ppo_gru,10,70059,7,1971,179,140,1,1,0,1,0,-77.55140217605047,11.140830838234518,-87.67729422437777,11.172459602355957,8.704599380493164,0.3909511864185333,22.39985297741423,0.8035106658935547,46.03776994944707,0.7927064895629883
ppo_gru,10,70059,7,1972,180,113,1,1,0,1,0,5.393212991290448,4.543728703837623,-23.196920685629085,0.6415095329284668,1.7482460737228394,0.03209494426846504,1.8389048502906382,0.12614043056964874,7.227314297603864,0.09516516327857971
ppo_gru,10,70059,7,1973,181,72,1,1,0,1,0,-0.7178938629033602,4.0253446665903345,-23.137306794553215,0.7245458960533142,3.6277596950531006,0.037676673382520676,2.1587143709113223,0.18213622272014618,10.435636858319151,0.12874478101730347
ppo_gru,10,70059,7,1974,182,185,1,1,0,1,0,18.145203492460933,3.9876556827502045,-56.58452459405221,0.5438295602798462,1.3392192125320435,0.11408355832099915,6.536506403627835,0.2984394431114197,17.099320530518977,0.263303279876709
ppo_gru,10,70059,7,1975,183,86,1,1,0,1,0,-10.58467585487706,-2.8551420164703902,22.644658910098535,2.8097994327545166,2.4519765377044678,0.040778614580631256,2.3364425098608126,0.1271776556968689,7.286742919798498,0.1043674424290657
ppo_gru,10,70059,7,1976,184,80,1,1,0,1,0,-2.5472917301995754,0.999543543518006,-18.72680776066586,0.0504922978579998,1.6084399223327637,0.021933164447546005,1.2566777542107719,0.15112677216529846,8.658926216506767,0.09749655425548553
ppo_gru,10,70059,7,1977,185,233,1,1,0,1,0,19.580034991783855,2.8285862409773808,-51.93125331630593,1.2390902042388916,1.0461270809173584,0.09708337485790253,5.562467640244303,0.2907799482345581,16.660463800872733,0.24247334897518158
ppo_gru,10,70059,7,1978,186,59,1,1,0,1,0,-3.531549310355093,0.5910845707729034,2.7110796664964814,0.9279623031616211,2.635835647583008,0.03193582594394684,1.8297880418525523,0.23575620353221893,13.507835456423376,0.1498139202594757
ppo_gru,10,70059,7,1979,187,111,1,1,0,1,0,-11.849845455216862,2.404212927466148,51.062726461447106,0.688887357711792,1.6564933061599731,0.11727914959192276,6.719600296500605,0.3235613703727722,18.538700935829123,0.27905982732772827
ppo_gru,10,70059,7,1980,188,66,1,1,0,1,0,8.60240469357762,-3.027481349608152,-20.26917375828146,0.49876782298088074,3.2969188690185547,0.04472442343831062,2.5625207041711766,0.13408014178276062,7.682226240667869,0.11176449060440063
ppo_gru,10,70059,7,1981,189,133,1,1,0,1,0,37.65841191340538,5.156423993144446,-73.31684881518265,1.0418734550476074,1.9767448902130127,0.19616174697875977,11.239240203796061,0.6183024644851685,35.42612167753762,0.505312979221344
ppo_gru,10,70059,7,1982,190,8,1,1,0,1,0,6.649380402304174,16.013050660014734,-90.41991570446137,19.472087860107422,19.442718505859375,0.14524923264980316,8.32216800834752,0.7453834414482117,42.70732531391924,0.5179409384727478
ppo_gru,10,70059,7,1983,191,112,1,1,0,1,0,38.33879437738703,38.629623832246175,-65.10570467802005,15.679060935974121,14.587811470031738,0.32140377163887024,18.41507963449377,1.2029993534088135,68.92678570729197,0.9229034185409546
ppo_gru,10,70059,7,1984,192,98,1,1,0,1,0,1.2095991812525781,-0.47375558121042444,17.172543573516098,0.6434658169746399,1.9280140399932861,0.009929102845489979,0.5688956873979121,0.040167320519685745,2.3014179401272217,0.030012764036655426
ppo_gru,10,70059,7,1985,193,115,1,1,0,1,0,0.10264408284695162,12.565444374559098,40.399913242465104,0.7377755045890808,1.0189400911331177,0.06301495432853699,3.6104909292348077,0.2467219978570938,14.136129190247216,0.1863759458065033
ppo_gru,10,70059,7,1986,194,93,1,1,0,1,0,-8.161160812816457,0.8182566625675276,17.690777346601646,0.9180546998977661,3.5777852535247803,0.07662440836429596,4.390255206961082,0.1276225745677948,7.312234893328278,0.14043569564819336
ppo_gru,10,70059,7,1987,195,117,1,1,0,1,0,4.819818610467878,7.566825071998626,33.15377921237691,0.33531782031059265,2.186706781387329,0.048638783395290375,2.786797009201127,0.08050426095724106,4.612554385669726,0.0888909101486206
ppo_gru,10,70059,7,1988,196,186,1,1,0,1,0,-0.7907856417257363,-0.762208130238403,33.88056598157963,0.5278968811035156,1.3237130641937256,0.05736454576253891,3.28674636587855,0.08192905783653259,4.694189233516541,0.0983290746808052
ppo_gru,10,70059,7,1989,197,78,1,1,0,1,0,10.764842584803656,3.001922781733964,-15.328214912694236,0.7986953854560852,2.1864919662475586,0.02721112221479416,1.5590824587223824,0.12278187274932861,7.034883109248863,0.08860205858945847
ppo_gru,10,70059,7,1990,198,154,1,1,0,1,0,-19.63041446710187,9.19186367932806,55.15094984953658,0.7549671530723572,1.4127860069274902,0.13851159811019897,7.93612998532663,0.5842800736427307,33.476782273321405,0.43065163493156433
ppo_gru,10,70059,7,1991,199,58,1,1,0,1,0,-3.319103106411016,0.7967825478170075,-17.727195915256154,0.6316413879394531,3.493577480316162,0.023034224286675453,1.3197638359842427,0.21822281181812286,12.503246110656024,0.13214562833309174
ppo_gru,10,70059,7,1992,200,183,1,1,0,1,0,8.61288220376442,1.8058473750380113,-13.252930235277562,0.7594927549362183,0.8364015817642212,0.03526107966899872,2.0203110461081804,0.20305810868740082,11.634372623696823,0.13679012656211853
ppo_gru,10,70059,7,1993,201,203,1,1,0,1,0,1.9639252731887864,0.5493794357008056,13.92179700031857,0.2655135691165924,0.7239031195640564,0.014479442499577999,0.8296109449281747,0.055797502398490906,3.196961394804617,0.04237819463014603
ppo_gru,10,70059,7,1994,202,103,1,1,0,1,0,-5.422036389587902,11.482285655221796,35.53929108189557,0.49162495136260986,1.6587376594543457,0.04377911239862442,2.5083583712700332,0.49692201614379883,28.471534272171432,0.29224011301994324
ppo_gru,10,70059,7,1995,203,79,1,1,0,1,0,4.776733777183438,4.573385385213818,-8.024119897309319,0.7140370607376099,1.7317891120910645,0.006497957278043032,0.37230552748818213,0.11530787497758865,6.606654580837982,0.06415189802646637
ppo_gru,10,70059,7,1996,204,443,1,1,0,1,0,-2.253921444969188,6.136624440932976,1.1905702742249227,0.4619419276714325,0.7911725044250488,0.014383643865585327,0.824122087517276,0.2380584180355072,13.6397426309956,0.13341285288333893
ppo_gru,10,70059,7,1997,205,139,1,1,0,1,0,11.158589330076552,7.199729724867121,-34.64710445175182,0.1252812147140503,1.4212775230407715,0.07145097851753235,4.093839511134515,0.1095571294426918,6.2771611326346894,0.12622953951358795
ppo_gru,10,70059,7,1998,206,131,1,1,0,1,0,-9.28306036512607,9.20204066119138,-53.324502623961806,1.1717047691345215,1.2008289098739624,0.0661972388625145,3.792822402241475,0.2837388217449188,16.257036969998637,0.2080666422843933
ppo_gru,10,70059,7,1999,207,143,1,1,0,1,0,-10.60128687493853,3.3234334463448043,33.844393299735245,0.7301631569862366,1.3802193403244019,0.0760103091597557,4.355069914338585,0.20601925253868103,11.804033668906294,0.17901992797851562
