method,seed,case_seed,batch_idx,case_id,env_id,sim_step,done_reached,dropped,crashed,timeout,no_drop_done,roll_deg,pitch_deg,yaw_deg,landing_error_xy_m,release_to_target_xy_m,delta_theta_rad,delta_theta_deg,delta_omega_rad_s,delta_omega_deg_s,impulse_metric
sac,10,10,0,0,0,1,1,1,0,1,0,-9.735054963640835,10.158253484614823,21.577933625904283,12.098855972290039,12.197660446166992,0.06047748774290085,3.4651048032223857,0.054016295820474625,3.0949057754433444,0.08748563379049301
sac,10,10,0,1,1,2,1,1,0,1,0,4.7683463048826615,3.9809620973635917,5.558216701259616,21.801389694213867,21.064678192138672,0.024933362379670143,1.4285764334253621,0.08909864723682404,5.104976446994971,0.06948268413543701
sac,10,10,0,2,2,2,1,1,0,1,0,8.433999549401785,5.402488388183325,8.842431201390207,15.100214004516602,14.481010437011719,0.015348016284406185,0.8793765569945338,0.18341350555419922,10.5088197739549,0.10705476999282837
sac,10,10,0,3,3,2,1,1,0,1,0,6.186389199225689,-2.259003105711677,0.6190200444782556,23.735286712646484,22.67379379272461,0.05123370885848999,2.935475286393495,0.08591090142726898,4.922332065946953,0.09418915957212448
sac,10,10,0,4,4,2,1,1,0,1,0,-9.86105829344923,7.4733334426394915,-3.9342572638190445,15.796393394470215,16.23242950439453,0.03520162031054497,2.016904275816225,0.12189570814371109,6.984109617393104,0.09614947438240051
sac,10,10,0,5,5,3,1,1,0,1,0,3.984336210813578,0.6093348362351776,6.482737446934203,19.407482147216797,20.792049407958984,0.04753940925002098,2.7238075105713886,0.1553594321012497,8.901439766950887,0.12521912157535553
sac,10,10,0,6,6,2,1,1,0,1,0,4.631701540347387,-3.541439424273271,7.546307183731908,17.28141212463379,21.34271240234375,0.040478795766830444,2.3192641572114074,0.15746314823627472,9.021973822781394,0.1192103698849678
sac,10,10,0,7,7,2,1,1,0,1,0,-5.475967563274323,1.2670000910373653,-6.76567120311281,23.857223510742188,22.981300354003906,0.04665466025471687,2.6731151272120233,0.23067498207092285,13.216702911919814,0.161992147564888
sac,10,10,0,8,8,2,1,1,0,1,0,-7.848993846990193,-0.46075090103072014,-10.05962555299984,14.579760551452637,17.24456024169922,0.032385390251874924,1.8555461793165513,0.12021119892597198,6.887594348665769,0.09249098598957062
sac,10,10,0,9,9,2,1,1,0,1,0,5.082739912378349,-1.3651225886537686,21.28713149180182,14.483963012695312,14.796601295471191,0.015590452589094639,0.8932671340539299,0.12195895612239838,6.987733459634619,0.07656992971897125
sac,10,10,0,10,10,2,1,1,0,1,0,-13.44494051322496,4.495056775812111,-4.633996483908511,21.418888092041016,21.677490234375,0.024420475587248802,1.3991901848516168,0.289912611246109,16.610769052019013,0.16937677562236786
sac,10,10,0,11,11,2,1,1,0,1,0,2.1821771379273738,3.701989850903591,13.37598292336451,13.967578887939453,13.783257484436035,0.044472016394138336,2.5480588458207323,0.15228384733200073,8.725221740138204,0.1206139400601387
sac,10,10,0,12,12,2,1,1,0,1,0,8.77490795125546,5.0594762880652855,-7.508249369676597,16.26215362548828,16.789108276367188,0.03865339979529381,2.2146766721021756,0.19302383065223694,11.059450841821109,0.13516531884670258
sac,10,10,0,13,13,2,1,1,0,1,0,9.303482630744409,3.2645708760776344,9.03668178138537,15.232958793640137,15.843151092529297,0.013142074458301067,0.7529854005073288,0.1803414523601532,10.332804091496378,0.10331279784440994
sac,10,10,0,14,14,1,1,1,0,1,0,-3.0202686698446186,-5.678851502380382,-56.94286363866777,20.837249755859375,21.18882942199707,0.06370628625154495,3.6501013306658274,0.12315423786640167,7.056218058895044,0.1252834051847458
sac,10,10,0,15,15,2,1,1,0,1,0,-5.425861295523109,5.448236995244071,-16.32848245626426,21.23892593383789,23.385234832763672,0.011502403765916824,0.6590391900424182,0.12436889857053757,7.1258129907824195,0.07368685305118561
sac,10,10,0,16,16,1,1,1,0,1,0,18.034677371311787,1.022643243290989,67.23516641593326,17.198707580566406,16.889408111572266,0.052795249968767166,3.02494500154855,0.40966859459877014,23.47228146956544,0.25762954354286194
sac,10,10,0,17,17,2,1,1,0,1,0,-3.6561319608161256,3.808035367957209,2.205987177374038,12.919594764709473,16.02757453918457,0.02055186964571476,1.1775353918024822,0.18177229166030884,10.414785144556747,0.11143801361322403
sac,10,10,0,18,18,2,1,1,0,1,0,-14.477610474217528,-0.5031527153981593,0.48803067657575105,12.408876419067383,14.526708602905273,0.024483701214194298,1.4028127464326625,0.293271005153656,16.803190848863903,0.17111919820308685
sac,10,10,0,19,19,2,1,1,0,1,0,14.423583677882727,0.5809758908012846,34.94069330303565,23.770620346069336,23.5479793548584,0.040349654853343964,2.311864927906168,0.17987345159053802,10.305989622588553,0.13028638064861298
sac,10,10,0,20,20,1,1,1,0,1,0,-17.60130186847448,16.20384516428987,-74.3502291158489,17.683229446411133,18.800643920898438,0.0833318755030632,4.7745647652351355,0.4517551064491272,25.883660973018227,0.3092094361782074
sac,10,10,0,21,21,2,1,1,0,1,0,-4.354614426098309,5.63505632942226,-20.35982402894587,18.233949661254883,19.146717071533203,0.010847097262740135,0.6214928931229176,0.0923663005232811,5.292199189221014,0.057030245661735535
sac,10,10,0,22,22,2,1,1,0,1,0,6.088130097825886,8.44704521071651,-0.8689776473440423,19.873680114746094,20.486186981201172,0.02294629067182541,1.3147256109760064,0.18443554639816284,10.567378400804003,0.11516406387090683
sac,10,10,0,23,23,2,1,1,0,1,0,10.97530803388843,5.98295884498603,3.8837002035826105,16.102983474731445,15.152345657348633,0.05629744008183479,3.2256057140797694,0.2364238053560257,13.54608622332274,0.17450934648513794
sac,10,10,0,24,24,2,1,1,0,1,0,14.008499421642712,3.9584361334808897,3.7797310640366764,17.159465789794922,17.321731567382812,0.033289942890405655,1.9073732278517848,0.14575257897377014,8.351007628344252,0.10616622865200043
sac,10,10,0,25,25,2,1,1,0,1,0,13.692835398961403,1.5152228258539686,16.50483794063399,16.118877410888672,19.167556762695312,0.01563951186835766,0.8960780237016546,0.17646998167037964,10.11098516046375,0.10387450456619263
sac,10,10,0,26,26,2,1,1,0,1,0,-6.278760677560942,-0.2306008467579705,14.769478117830513,12.769940376281738,14.484387397766113,0.037114426493644714,2.1264999971343688,0.2464953064918518,14.12314073176679,0.16036207973957062
sac,10,10,0,27,27,1,1,1,0,1,0,0.6435404235986014,-1.8855830034087402,42.58116147466535,16.564123153686523,19.04654312133789,0.01742166467010975,0.9981878576894643,0.15816214680671692,9.06202349075341,0.09650273621082306
sac,10,10,0,28,28,1,1,1,0,1,0,21.57628072012514,-6.8502016242808885,53.06432705809768,17.68158531188965,19.092525482177734,0.0658201053738594,3.7712142450284936,0.5127559900283813,29.378754148678375,0.3221980929374695
sac,10,10,0,29,29,1,1,1,0,1,0,4.435743413059721,-1.5421610919404989,38.40418660850074,14.353517532348633,14.645524978637695,0.04793016240000725,2.746196016897044,0.3068702816963196,17.58237199918979,0.20136530697345734
sac,10,10,0,30,30,2,1,1,0,1,0,6.798278526210451,4.920563900725566,15.018315569672417,21.991676330566406,22.305782318115234,0.0545186810195446,3.1236903270398937,0.05294811353087425,3.033703438498622,0.08099273592233658
sac,10,10,0,31,31,2,1,1,0,1,0,-8.225747081608096,2.0025841438910583,3.412881603715291,20.72355842590332,22.213422775268555,0.045358650386333466,2.5988592315463483,0.09866280853748322,5.652962524105095,0.09469005465507507
sac,10,10,0,32,32,2,1,1,0,1,0,12.019466373064958,1.8294388484312354,21.252010659089613,17.327821731567383,17.149431228637695,0.025436799973249435,1.457421282785678,0.15758219361305237,9.028794620441298,0.10422790050506592
sac,10,10,0,33,33,2,1,1,0,1,0,0.04749713548826867,-3.2436978179740756,6.997993257541625,23.780393600463867,23.059152603149414,0.04975879564881325,2.850968984330924,0.2061232477426529,11.809992155183483,0.15282042324543
sac,10,10,0,34,34,2,1,1,0,1,0,-15.661200295110698,6.554222206787556,-18.473544346241788,21.196962356567383,22.10359764099121,0.0216063279658556,1.2379514032190069,0.35460689663887024,20.31747856363908,0.19890977442264557
sac,10,10,0,35,35,2,1,1,0,1,0,14.513673873035195,-1.1159026462183432,15.991357979210774,22.174325942993164,20.784587860107422,0.03712983429431915,2.1273827990845926,0.2176838219165802,12.472364264097457,0.14597174525260925
sac,10,10,0,36,36,2,1,1,0,1,0,-7.904400341537336,3.0637223333442396,-6.818236338965229,11.257694244384766,13.494858741760254,0.008031176403164864,0.4601525124264036,0.23284634947776794,13.341113100104304,0.12445434927940369
sac,10,10,0,37,37,1,1,1,0,1,0,-9.276448742009498,7.455971101769319,-36.921448162339345,19.572885513305664,19.107084274291992,0.033324211835861206,1.909336693794752,0.6946391463279724,39.799891369163234,0.3806437849998474
sac,10,10,0,38,38,2,1,1,0,1,0,-6.017792809753094,1.816912281493432,3.691211812393311,20.954832077026367,21.426347732543945,0.044223349541425705,2.5338112846554974,0.25903671979904175,14.841710783397982,0.17374171316623688
sac,10,10,0,39,39,1,1,1,0,1,0,2.0475267886297424,9.121444428985228,42.191430880624424,18.353694915771484,19.75615692138672,0.04733380675315857,2.7120273552438205,0.274167537689209,15.708642789085605,0.18441757559776306
sac,10,10,0,40,40,2,1,1,0,1,0,5.820427663496406,0.9194117641754164,-0.831329644638932,13.329726219177246,14.551107406616211,0.048456668853759766,2.776362614583463,0.10297384113073349,5.899966497041674,0.09994359314441681
sac,10,10,0,41,41,2,1,1,0,1,0,-1.8022000540212244,6.867741550069481,17.900436833364356,14.16200065612793,13.75484848022461,0.025248480960726738,1.4466313981660561,0.056237731128931046,3.2221846430792396,0.05336734652519226
sac,10,10,0,42,42,2,1,1,0,1,0,8.214299684559155,0.17798106939219227,9.527034722278925,15.778433799743652,18.41301918029785,0.039694130420684814,2.274306144547091,0.07377364486455917,4.22691849003622,0.0765809565782547
sac,10,10,0,43,43,2,1,1,0,1,0,2.7557627640467044,-1.072954416717303,31.288645795343193,15.887250900268555,18.202146530151367,0.008492512628436089,0.48658513107094137,0.19427940249443054,11.131389809254268,0.10563221573829651
sac,10,10,0,44,44,2,1,1,0,1,0,-6.907028798175395,3.3497843161627134,-15.44875409116662,21.466344833374023,21.29936408996582,0.04491483420133591,2.573430437266391,0.1390955150127411,7.969585959428645,0.11446259170770645
sac,10,10,0,45,45,1,1,1,0,1,0,6.505946429733906,-2.9416395321194315,45.589258747409005,19.955629348754883,21.73711585998535,0.04323899745941162,2.477412064801175,0.15503501892089844,8.882852260898343,0.12075650691986084
sac,10,10,0,46,46,2,1,1,0,1,0,12.345375679501288,-0.4428831261619668,1.1615966117657286,17.591848373413086,17.6710147857666,0.06751152127981186,3.8681252378408657,0.12205250561237335,6.9930934505857865,0.12853777408599854
sac,10,10,0,47,47,2,1,1,0,1,0,10.285786776797302,13.299252578228588,-23.051683543117935,22.210067749023438,22.66212272644043,0.05237193405628204,3.0006907863624233,0.2788153290748596,15.974941619540648,0.19177959859371185
sac,10,10,0,48,48,1,1,1,0,1,0,2.9142094924126605,-0.6239651014373448,-22.677498459627955,17.01085662841797,18.929170608520508,0.049077652394771576,2.8119423506305288,0.038454167544841766,2.20326150500838,0.06830473244190216
sac,10,10,0,49,49,2,1,1,0,1,0,11.571310340863741,-2.486421084316422,11.155884575165226,13.504754066467285,15.139456748962402,0.012646461836993694,0.7245888890330008,0.14938555657863617,8.559161912168623,0.08733923733234406
sac,10,10,0,50,50,1,1,1,0,1,0,0.5128379236412374,21.45315973014649,-59.851158187259195,17.145357131958008,19.184724807739258,0.09762105345726013,5.593274354721999,0.4018859565258026,23.026369154506575,0.29856401681900024
sac,10,10,0,51,51,1,1,1,0,1,0,23.185131779121644,1.751123899407869,-18.002698425617787,11.5604248046875,13.617586135864258,0.03212679177522659,1.8407295780160895,0.24074608087539673,13.793734368475416,0.15249982476234436
sac,10,10,0,52,52,1,1,1,0,1,0,-13.697876078568871,-1.474132407807172,-52.31303357015296,12.723642349243164,12.014484405517578,0.019204653799533844,1.1003456097231699,0.6702685356140137,38.403558231097094,0.3543389141559601
sac,10,10,0,53,53,2,1,1,0,1,0,10.572941589882978,5.754857847464283,-1.6788741583674742,13.946791648864746,14.475933074951172,0.045172929763793945,2.5882182237062916,0.22971025109291077,13.161427898514193,0.16002805531024933
sac,10,10,0,54,54,2,1,1,0,1,0,-2.579202374001875,2.251940690109884,2.87667077273427,15.627991676330566,16.35617446899414,0.015590616501867771,0.8932765255640386,0.20459629595279694,11.72250426210479,0.11788876354694366
sac,10,10,0,55,55,2,1,1,0,1,0,4.187247470676317,4.9566409599215735,8.09370586457341,13.983487129211426,14.70055103302002,0.06866807490587234,3.934390879394683,0.1180976927280426,6.766499363549674,0.12771692872047424
sac,10,10,0,56,56,2,1,1,0,1,0,-4.6330675781813895,9.673501298840678,-4.2844000814305785,24.28548812866211,23.411434173583984,0.01325733121484518,0.7595891262176733,0.028317345306277275,1.6224643730642794,0.027416003867983818
sac,10,10,0,57,57,1,1,1,0,1,0,-13.424887077821802,2.527060709877998,42.41745550063849,11.82349967956543,12.639928817749023,0.049821022897958755,2.8545343430776704,0.5207627415657043,29.837507219376867,0.31020238995552063
sac,10,10,0,58,58,1,1,1,0,1,0,9.323659009552626,9.77576289109411,-35.21931037965881,12.358084678649902,14.933053016662598,0.05875549465417862,3.3664418668879055,0.4029220640659332,23.08573374367774,0.26021653413772583
sac,10,10,0,59,59,2,1,1,0,1,0,5.952987974908013,6.603768399026828,-10.540634795108819,15.369318008422852,16.53239631652832,0.029142092913389206,1.6697189301153068,0.2401198297739029,13.7578528234444,0.14920200407505035
sac,10,10,0,60,60,2,1,1,0,1,0,1.0869426441374892,6.252860600228253,0.5961252503803729,19.90798568725586,21.45387077331543,0.05141323059797287,2.9457611243967112,0.120420902967453,6.899609505189468,0.11162368208169937
sac,10,10,0,61,61,2,1,1,0,1,0,7.583900544923658,9.778467646005435,3.957548208888788,20.178552627563477,20.87766456604004,0.018385350704193115,1.0534030002181416,0.19693641364574432,11.283625334343744,0.11685355752706528
sac,10,10,0,62,62,2,1,1,0,1,0,-6.068609417177989,11.840283190378845,-5.903428122290401,21.09295654296875,21.630538940429688,0.030653972178697586,1.7563432311508167,0.05951349809765816,3.409872265055666,0.060410723090171814
sac,10,10,0,63,63,1,1,1,0,1,0,1.9942786338603231,2.049862713325887,58.07591005970284,16.15768814086914,17.546770095825195,0.012572050094604492,0.7203254102478848,0.059166375547647476,3.389983607966235,0.04215523600578308
sac,10,10,0,64,64,2,1,1,0,1,0,-8.244106630097091,5.029683002905689,12.968138667644709,17.6529598236084,18.595062255859375,0.025129448622465134,1.4398113475580927,0.05046270042657852,2.891299757275968,0.050360798835754395
sac,10,10,0,65,65,1,1,1,0,1,0,-9.4492798487675,10.023288946615372,-47.672930897126456,12.537834167480469,15.01391315460205,0.04099118709564209,2.3486220178114143,0.42359039187431335,24.269941696690797,0.25278639793395996
sac,10,10,0,66,66,2,1,1,0,1,0,-2.7523613298400385,7.41337804210512,1.811516432049122,15.50627613067627,16.89124298095703,0.020889319479465485,1.19686984307379,0.14119040966033936,8.089614581260571,0.09148452430963516
sac,10,10,0,67,67,2,1,1,0,1,0,-2.195127176593718,-2.6120419235312964,-11.318238171736429,11.946013450622559,14.058509826660156,0.036414552479982376,2.086400169960635,0.06558737903833389,3.757880008221336,0.06920824199914932
sac,10,10,0,68,68,2,1,1,0,1,0,-0.059026494807250196,9.325325575710108,-15.585631082133677,19.7586669921875,19.828575134277344,0.036071594804525375,2.066750142605332,0.2607405483722687,14.939332969657682,0.16644187271595
sac,10,10,0,69,69,1,1,1,0,1,0,-8.534744839659473,12.322412583511705,-35.99953654892771,11.258402824401855,13.208169937133789,0.04600740596652031,2.636030188226616,0.39707231521606445,22.75056782336875,0.24454356729984283
sac,10,10,0,70,70,2,1,1,0,1,0,13.666197661198353,-1.9847027086439653,0.8543610425202149,16.42051887512207,17.640283584594727,0.044072944670915604,2.525193720357057,0.21594281494617462,12.37261191259036,0.1520443558692932
sac,10,10,0,71,71,2,1,1,0,1,0,-10.80947104084052,6.055331529431484,-13.07545459988395,23.717613220214844,22.38020133972168,0.032184965908527374,1.8440627103310556,0.13243497908115387,7.587965361253461,0.09840245544910431
sac,10,10,0,72,72,2,1,1,0,1,0,-2.7220352899251816,6.028912357721875,5.01409651121972,16.164653778076172,15.903678894042969,0.015001234598457813,0.8595074299772609,0.1122768223285675,6.432988056567122,0.07113964855670929
sac,10,10,0,73,73,2,1,1,0,1,0,-11.835146888122994,1.2755924690132414,-11.978089087073021,14.647876739501953,14.625687599182129,0.018339047208428383,1.0507500053341206,0.3175584375858307,18.19475822243667,0.17711827158927917
sac,10,10,0,74,74,2,1,1,0,1,0,7.6966259869855485,4.581786517892933,7.229563991161736,20.92117691040039,21.21651840209961,0.024154219776391983,1.3839348506186877,0.12443966418504715,7.129867561828468,0.08637405186891556
sac,10,10,0,75,75,2,1,1,0,1,0,-17.690148969198006,-3.6801742266945703,20.814072589886738,19.556005477905273,19.96410369873047,0.05167773365974426,2.9609160335045,0.21520964801311493,12.330604541647489,0.15928256511688232
sac,10,10,0,76,76,2,1,1,0,1,0,-7.443389893318156,3.073749051045818,-3.4353802468413135,17.759031295776367,17.385417938232422,0.0033300777431577444,0.19079940013338892,0.25476861000061035,14.59716610544943,0.13071438670158386
sac,10,10,0,77,77,2,1,1,0,1,0,-9.800351572106155,1.9574092727205943,-18.49479989493887,14.63375473022461,17.17589569091797,0.021832259371876717,1.2508963192434734,0.07181445509195328,4.114665184800707,0.057739488780498505
sac,10,10,0,78,78,2,1,1,0,1,0,-6.397004912472203,4.946081487464734,5.744462299547524,11.676656723022461,14.545707702636719,0.035245440900325775,2.0194150106664392,0.11788471788167953,6.7542968037106235,0.09418779611587524
sac,10,10,0,79,79,2,1,1,0,1,0,7.4495917050845275,0.9075545557762743,18.540070388757712,20.254194259643555,19.40658950805664,0.027689028531312943,1.586464473661552,0.1065652146935463,6.105737044845709,0.08097163587808609
sac,10,10,0,80,80,1,1,1,0,1,0,18.859340751320786,4.322184687919089,-18.407865247182944,13.25376033782959,12.409403800964355,0.028058046475052834,1.6076076444024439,0.1607610285282135,9.210928444848857,0.10843855887651443
sac,10,10,0,81,81,2,1,1,0,1,0,11.295807830502108,9.1488061668003,33.803726353416984,18.417423248291016,19.36287498474121,0.0658685639500618,3.7739907169261038,0.34628555178642273,19.840700623720927,0.23901134729385376
sac,10,10,0,82,82,2,1,1,0,1,0,-17.58551047111341,6.967134462871507,16.184242521371935,10.158631324768066,12.72538948059082,0.044267263263463974,2.536327355591001,0.26327601075172424,15.084604263114683,0.1759052723646164
sac,10,10,0,83,83,2,1,1,0,1,0,-9.5561040073865,3.6224044866946024,-17.09138726579801,14.948873519897461,16.5068359375,0.014710946939885616,0.8428751722963393,0.08907188475131989,5.103443069526303,0.059246890246868134
sac,10,10,0,84,84,2,1,1,0,1,0,-3.780605328250438,6.340505587657857,1.9141878356527535,16.250598907470703,18.292051315307617,0.03118850477039814,1.786969692667448,0.022388353943824768,1.282758191226231,0.042382679879665375
sac,10,10,0,85,85,2,1,1,0,1,0,9.70098598006081,4.18888671607712,16.14936757546985,11.625555038452148,13.599014282226562,0.016354363411664963,0.9370360001115765,0.13355952501296997,7.652397097015131,0.08313412964344025
sac,10,10,0,86,86,2,1,1,0,1,0,-8.348854411208405,7.659251191847239,6.28330958354817,22.83382225036621,21.90694236755371,0.039534736424684525,2.2651735412965492,0.02630738541483879,1.507302154294281,0.05268842726945877
sac,10,10,0,87,87,1,1,1,0,1,0,-2.1741994769767987,-7.190563611000964,-60.80984353916218,22.545167922973633,22.001155853271484,0.058585233986377716,3.3566866492058347,0.1132350042462349,6.487887836455215,0.11520273983478546
sac,10,10,0,88,88,2,1,1,0,1,0,8.499774271109008,4.39205752312832,-8.079799599423264,14.509137153625488,16.41813850402832,0.03375779464840889,1.934179159023146,0.10101920366287231,5.78797401965509,0.08426739275455475
sac,10,10,0,89,89,2,1,1,0,1,0,-4.704538677656402,11.187672275562466,1.1749018202689134,16.785945892333984,15.509437561035156,0.03727142512798309,2.1354953562712753,0.23797616362571716,13.635029800468292,0.15625950694084167
sac,10,10,0,90,90,2,1,1,0,1,0,-5.3803449148941445,4.95475582771065,-6.619450513361177,18.099868774414062,19.404399871826172,0.035974226891994476,2.0611713721573124,0.06525318324565887,3.7387319997700286,0.06860081851482391
sac,10,10,0,91,91,2,1,1,0,1,0,9.182082848436602,1.8838071542245367,7.975529931553849,21.478296279907227,22.393531799316406,0.016281509771943092,0.9328617940333467,0.1072755977511406,6.146438995883462,0.06991931051015854
sac,10,10,0,92,92,2,1,1,0,1,0,-16.06614855062241,5.84951060898232,2.729739743308956,14.693649291992188,16.36368179321289,0.014622543938457966,0.837810053418246,0.37750402092933655,21.62938714846928,0.20337454974651337
sac,10,10,0,93,93,1,1,1,0,1,0,14.319150085473233,1.1306558548255707,33.638299171719275,11.416803359985352,12.007205963134766,0.02789297327399254,1.5981496466709744,0.37976524233818054,21.75894559174067,0.2177755981683731
sac,10,10,0,94,94,2,1,1,0,1,0,-9.409282260987906,-0.935257803049846,26.474127411671244,14.984201431274414,16.236770629882812,0.039747633039951324,2.277371618823957,0.15184138715267181,8.699870639260055,0.11566832661628723
sac,10,10,0,95,95,1,1,1,0,1,0,15.013684701415148,10.261758171297197,-33.74644838703726,16.277904510498047,17.763463973999023,0.050030846148729324,2.8665563297905394,0.4532383978366852,25.9686473093134,0.2766500413417816
sac,10,10,0,96,96,2,1,1,0,1,0,12.231584727928874,-3.57302221899541,10.083749781148326,18.76329803466797,18.71170425415039,0.05974090099334717,3.4229014912277003,0.0802704468369484,4.599157823386392,0.09987612068653107
sac,10,10,0,97,97,2,1,1,0,1,0,14.815923404186599,4.529535570742336,-12.507128219425528,14.790265083312988,18.06462287902832,0.035677630454301834,2.044177648058909,0.2465980499982834,14.129027501057696,0.15897665917873383
sac,10,10,0,98,98,2,1,1,0,1,0,13.07529067534387,2.2768845409587706,26.535817680254798,17.460798263549805,17.60077476501465,0.007238579913973808,0.41474007873886976,0.1701890230178833,9.751112738379534,0.09233309328556061
sac,10,10,0,99,99,2,1,1,0,1,0,3.136614112166616,8.708354587982857,-1.6347784570858719,21.18039321899414,22.035306930541992,0.05444670468568802,3.119566386885087,0.11209496855735779,6.422568602988267,0.11049418896436691
sac,10,10,0,100,100,1,1,1,0,1,0,-0.6730331804347165,-2.0732219602873303,-36.08412161160914,15.717616081237793,16.57744026184082,0.052916523069143295,3.0318934383685687,0.03838539868593216,2.199321339630929,0.07210922241210938
sac,10,10,0,101,101,2,1,1,0,1,0,7.389267474334975,7.289082259589228,20.836134100905877,15.87825870513916,16.388124465942383,0.03608427941799164,2.0674769174217036,0.11542628705501556,6.61343909311792,0.09379742294549942
sac,10,10,0,102,102,2,1,1,0,1,0,-4.259811400418532,11.51613607274838,-0.7710054138893794,14.937150955200195,15.777827262878418,0.03467300534248352,1.9866168691588613,0.32892486453056335,18.84600651451363,0.1991354376077652
sac,10,10,0,103,103,2,1,1,0,1,0,0.9807058817871108,0.19282990064779998,8.847485541376017,22.0988826751709,22.2916259765625,0.02959126979112625,1.6954548694645033,0.07418088614940643,4.250251696901453,0.06668171286582947
sac,10,10,0,104,104,2,1,1,0,1,0,-3.205503400135364,0.575279513033494,-11.802088772540133,13.966694831848145,15.796868324279785,0.05342520400881767,3.061038709330659,0.051123447716236115,2.9291577882980566,0.07898692786693573
sac,10,10,0,105,105,2,1,1,0,1,0,-16.593002022440515,3.8585924281936435,33.111322756496115,15.899032592773438,18.856082916259766,0.03945338726043701,2.26051257751825,0.08144304156303406,4.6663425522703985,0.08017490804195404
sac,10,10,0,106,106,2,1,1,0,1,0,11.224541636702195,11.06729702163016,-15.793924531062386,16.942211151123047,20.537511825561523,0.048679668456315994,2.78913955064303,0.25939613580703735,14.86230380374557,0.17837773263454437
sac,10,10,0,107,107,2,1,1,0,1,0,2.6824748342524676,-6.845447812618559,16.098086515181393,17.042898178100586,18.647716522216797,0.01971736177802086,1.12972161301316,0.10803627967834473,6.190022859864136,0.07373550534248352
sac,10,10,0,108,108,1,1,1,0,1,0,-2.4692636491213498,7.583709299626897,-3.0468790868509883,12.871726036071777,12.061686515808105,0.02033051662147045,1.1648527977308263,0.1966385841369629,11.266560960476113,0.11864981055259705
sac,10,10,0,109,109,2,1,1,0,1,0,-12.36806556792407,7.305515694732279,0.5090676592193903,15.428224563598633,15.900028228759766,0.06145062297582626,3.520861344964492,0.08047851920127869,4.6110794916958255,0.1016898825764656
sac,10,10,0,110,110,1,1,1,0,1,0,13.0378612386922,6.980426010996352,-24.788791894348936,17.39223861694336,18.648366928100586,0.028834877535700798,1.6521167855722434,0.2504851222038269,14.351740333097947,0.1540774405002594
sac,10,10,0,111,111,1,1,1,0,1,0,-9.651453448199877,-1.138852081829586,-32.29440481100591,15.4199857711792,16.293498992919922,0.02769247256219387,1.5866618020955419,0.2519245147705078,14.434211452231267,0.15365472435951233
sac,10,10,0,112,112,2,1,1,0,1,0,-3.26200272494971,10.821014060537841,6.355627626480265,16.948650360107422,17.833152770996094,0.03499257192015648,2.0049266853329613,0.07715170830488205,4.420467268094164,0.0735684260725975
sac,10,10,0,113,113,2,1,1,0,1,0,-7.227938406139273,1.050496754726301,6.2525054303914125,21.730606079101562,20.453439712524414,0.04245743900537491,2.432632063942102,0.24001145362854004,13.751643327715213,0.16246315836906433
sac,10,10,0,114,114,1,1,1,0,1,0,-13.618919091763525,8.722247192754663,40.037967857967786,19.07554817199707,19.783533096313477,0.04865621402859688,2.7877957109238296,0.22827845811843872,13.079392203940463,0.16279543936252594
sac,10,10,0,115,115,1,1,1,0,1,0,13.721891023690636,23.484225762876502,-52.592142420396364,10.5237398147583,13.56690788269043,0.11173034459352493,6.401677188751314,0.40126264095306396,22.99065580288387,0.3123616576194763
sac,10,10,0,116,116,2,1,1,0,1,0,12.675984156086583,2.1213201524225602,0.5282058492737661,18.9080810546875,18.254671096801758,0.04203486442565918,2.4084203239948763,0.24404500424861908,13.982748754698118,0.16405737400054932
sac,10,10,0,117,117,2,1,1,0,1,0,-6.258324751564263,0.10791698888620146,-11.43642776513433,19.66455841064453,21.075332641601562,0.045868463814258575,2.6280693893055544,0.2471419870853424,14.160192800466817,0.16943946480751038
sac,10,10,0,118,118,2,1,1,0,1,0,-4.529576551877356,4.084425802910945,3.583185540480389,16.535364151000977,19.467159271240234,0.054904840886592865,3.1458156576390923,0.11110678315162659,6.3659497498634465,0.11045823246240616
sac,10,10,0,119,119,2,1,1,0,1,0,-18.718775458201925,2.7371163476125697,24.782767667500988,11.798791885375977,14.799281120300293,0.04297122731804848,2.4620699658214455,0.2532949149608612,14.51272959938244,0.16961868107318878
sac,10,10,0,120,120,2,1,1,0,1,0,2.83368156209821,-0.9499017286303534,-4.856715292364287,13.772607803344727,14.185347557067871,0.05757007375359535,3.2985222523378868,0.034002333879470825,1.9481902248883696,0.07457123696804047
sac,10,10,0,121,121,2,1,1,0,1,0,1.777310844685698,2.3795149634273822,29.8582265982241,17.200767517089844,16.90005874633789,0.01625426858663559,0.931300989086293,0.24476267397403717,14.023868201048886,0.13863560557365417
sac,10,10,0,122,122,2,1,1,0,1,0,-5.946758842384962,10.683098880816944,1.1050289850596828,17.983911514282227,19.18854331970215,0.021118465811014175,1.2099989607624355,0.0307024996727705,1.7591236517515407,0.036469716578722
sac,10,10,0,123,123,1,1,1,0,1,0,12.700900686178791,2.8605788470497204,11.987705993424399,9.120320320129395,12.590810775756836,0.014348347671329975,0.8220997645535705,0.31652966141700745,18.13581368989946,0.17261317372322083
sac,10,10,0,124,124,2,1,1,0,1,0,-1.6265822300818567,3.7959732538829667,5.7525355831464795,18.480527877807617,20.866689682006836,0.03919047862291336,2.24544902219061,0.057875100523233414,3.315998998876657,0.06812802702188492
sac,10,10,0,125,125,2,1,1,0,1,0,11.84962688916342,0.38492214086523857,9.640197296447697,16.649009704589844,17.123517990112305,0.016443176195025444,0.9421245977649417,0.15834560990333557,9.07253515188606,0.09561598300933838
sac,10,10,0,126,126,1,1,1,0,1,0,8.50671374330574,14.420947224863102,-24.41488001842576,14.654640197753906,15.076411247253418,0.046305105090141296,2.6530870915748417,0.47741299867630005,27.35374990883675,0.2850115895271301
sac,10,10,0,127,127,2,1,1,0,1,0,11.674746725654416,0.6381582345326313,11.01306531962026,16.503488540649414,17.46588897705078,0.04836924374103546,2.771353524600905,0.13358429074287415,7.6538160688152015,0.11516138911247253
sac,10,10,0,128,128,2,1,1,0,1,0,-16.634420289567473,13.044063050458572,23.126856605123095,17.556949615478516,19.51251983642578,0.059854090213775635,3.4293867558446274,0.21815641224384308,12.499441695288326,0.16893228888511658
sac,10,10,0,129,129,2,1,1,0,1,0,0.005149962634189614,9.961639659166837,27.1486768941017,17.321237564086914,18.204614639282227,0.039273157715797424,2.2501861852668372,0.11220408231019974,6.428820360512945,0.095375195145607
sac,10,10,0,130,130,2,1,1,0,1,0,-0.42343074740577047,6.1423208187007665,0.2053291468289233,10.763413429260254,12.286296844482422,0.02349461428821087,1.3461422400022436,0.07327985763549805,4.198626565833559,0.06013454496860504
sac,10,10,0,131,131,2,1,1,0,1,0,6.774263581088687,2.7062985340774723,20.6645734093335,19.9988956451416,20.766054153442383,0.01058716420084238,0.6065998257202635,0.16240328550338745,9.305022838402246,0.09178880602121353
sac,10,10,0,132,132,2,1,1,0,1,0,18.01321691693961,2.8702230741577783,-8.936086755289422,14.504594802856445,15.009103775024414,0.03642166033387184,2.0868074199898974,0.1929677277803421,11.056236384042972,0.1329055279493332
sac,10,10,0,133,133,1,1,1,0,1,0,4.259264985284932,21.643011668316163,-59.31359497882251,18.033063888549805,18.704139709472656,0.10134769976139069,5.806795459686707,0.458332896232605,26.260540566135774,0.330514132976532
sac,10,10,0,134,134,1,1,1,0,1,0,2.657476341890221,-9.56145887569579,54.833209449347585,12.79661750793457,12.958089828491211,0.07389141619205475,4.23366629004937,0.37363478541374207,21.40769628348359,0.2607088088989258
sac,10,10,0,135,135,2,1,1,0,1,0,20.454012337600346,-0.20978243016777162,-11.379655232753183,21.40479278564453,22.666872024536133,0.045439913868904114,2.6035152861261817,0.19734835624694824,11.307227906794369,0.14411409199237823
sac,10,10,0,136,136,1,1,1,0,1,0,14.433965565421147,2.1085067175396164,-10.687729749074212,12.928337097167969,14.873143196105957,0.047153059393167496,2.7016712943582,0.1342024952173233,7.689236576077241,0.11425431072711945
sac,10,10,0,137,137,1,1,1,0,1,0,0.943317426270461,-1.0156901107159162,-24.813052726280823,14.49160385131836,13.62138843536377,0.07871636748313904,4.510115635384698,0.13135910034179688,7.52632205022045,0.14439591765403748
sac,10,10,0,138,138,2,1,1,0,1,0,-16.244498450229788,2.181152609551872,-7.337549281939638,11.2199068069458,13.566557884216309,0.02914564497768879,1.669922448408232,0.2766137421131134,15.84879997840156,0.16745251417160034
sac,10,10,0,139,139,2,1,1,0,1,0,6.723884105770672,0.8118226243693756,-2.0614740349149083,17.783554077148438,18.628673553466797,0.02732073701918125,1.565362924385915,0.15288382768630981,8.759598082230879,0.10376264899969101
sac,10,10,0,140,140,1,1,1,0,1,0,-0.6719949916808745,22.158390422328647,-63.50569188380953,14.903600692749023,18.414125442504883,0.09837984293699265,5.6367497894496,0.6020234823226929,34.493404704859024,0.3993915915489197
sac,10,10,0,141,141,2,1,1,0,1,0,13.427728436516528,0.6693858594179296,-3.2288899678534877,13.205195426940918,15.311036109924316,0.04893503338098526,2.803770883062255,0.16880571842193604,9.671855223250706,0.13333788514137268
sac,10,10,0,142,142,1,1,1,0,1,0,18.4916033664073,14.701449433697185,77.31321981931379,15.594188690185547,17.862144470214844,0.12308774143457413,7.052408093998647,0.7623000741004944,43.67657696846824,0.5042377710342407
sac,10,10,0,143,143,2,1,1,0,1,0,-12.504723992837684,1.5186652411956552,-16.04232485079741,21.174631118774414,21.39069366455078,0.016124330461025238,0.9238560828909791,0.4277700185775757,24.509416666727905,0.23000934720039368
sac,10,10,0,144,144,2,1,1,0,1,0,-0.2978645497042561,5.248836452614719,-15.344552725188906,20.083065032958984,20.986587524414062,0.04575265571475029,2.6214340739702986,0.2779208719730377,15.923693002650749,0.18471309542655945
sac,10,10,0,145,145,1,1,1,0,1,0,20.200885526959674,10.340127761833923,69.87913264364519,22.50885581970215,23.24088478088379,0.08801566064357758,5.042925885932698,0.4991743564605713,28.600583866349652,0.3376028537750244
sac,10,10,0,146,146,2,1,1,0,1,0,-14.506679759325102,3.5966136923886345,13.48853078050798,19.648006439208984,21.757726669311523,0.03818826377391815,2.1880263411778436,0.19354388117790222,11.08924754207529,0.13496020436286926
sac,10,10,0,147,147,2,1,1,0,1,0,3.324690201152087,0.7742156027992854,8.513762498529195,23.056102752685547,23.864662170410156,0.02637757733464241,1.5113238550549493,0.05173781141638756,2.964358235402775,0.05224648118019104
sac,10,10,0,148,148,2,1,1,0,1,0,-1.2467144292024275,0.4281435779330793,0.7548315259347892,21.561534881591797,21.185415267944336,0.013757266104221344,0.7882332854102672,0.08021976053714752,4.596253712328667,0.053867146372795105
sac,10,10,0,149,149,2,1,1,0,1,0,-2.3743513404148526,-0.34097670374537653,-11.295780509745427,16.600421905517578,16.573030471801758,0.04877123236656189,2.7943857762558344,0.06509660184383392,3.729760546295217,0.08131953328847885
sac,10,10,0,150,150,2,1,1,0,1,0,-0.1027397054953318,9.771145683215181,-5.0993782531965,23.10620880126953,21.795059204101562,0.029674815014004707,1.7002416581339186,0.11997538059949875,6.874082953827015,0.08966250717639923
sac,10,10,0,151,151,2,1,1,0,1,0,-12.067537244443509,2.569571807272157,-7.7565404063849,20.07730484008789,21.496829986572266,0.016251416876912117,0.9311375981547416,0.2029731422662735,11.629504406365896,0.11773798614740372
sac,10,10,0,152,152,2,1,1,0,1,0,-9.662654958438699,6.251740449204371,-8.488408836330107,16.5726318359375,15.159381866455078,0.02657134272158146,1.522425793942276,0.15667569637298584,8.976856154445228,0.10490918904542923
sac,10,10,0,153,153,2,1,1,0,1,0,-0.6768580863699236,-1.4960436546645728,-15.231171584966694,19.6630916595459,22.272092819213867,0.027733448892831802,1.589009572901028,0.03204186260700226,1.8358634951192785,0.04375438019633293
sac,10,10,0,154,154,2,1,1,0,1,0,-9.351089049259397,1.7840317508289905,-13.767926498696523,15.998819351196289,15.053193092346191,0.02010349929332733,1.1518456629518892,0.11705416440963745,6.706709595102676,0.07863058149814606
sac,10,10,0,155,155,2,1,1,0,1,0,9.332866104553803,6.527215638809325,2.274289069074166,13.448014259338379,15.951090812683105,0.020166005939245224,1.1554270299545029,0.2204236090183258,12.629342501791859,0.13037781417369843
sac,10,10,0,156,156,2,1,1,0,1,0,8.818143048701643,5.307261890775008,34.343789411089894,15.282842636108398,17.348859786987305,0.02961195819079876,1.6966402274506178,0.25332915782928467,14.514691571221526,0.15627653896808624
sac,10,10,0,157,157,2,1,1,0,1,0,0.47732093995717106,1.1715960087106272,-3.2930391045382477,21.501537322998047,19.654462814331055,0.022369666025042534,1.2816874523521258,0.02015969529747963,1.1550654568153154,0.03244951367378235
sac,10,10,0,158,158,1,1,1,0,1,0,-6.40607540368998,-1.386760627944369,-12.388610776947468,11.116950988769531,13.941255569458008,0.019648393616080284,1.1257700284131902,0.41977110505104065,24.051112680967343,0.22953394055366516
sac,10,10,0,159,159,2,1,1,0,1,0,11.080329022566545,-0.5838035891176698,1.8033885069368067,19.596403121948242,21.27332878112793,0.04907601699233055,2.8118486489728527,0.1953970342874527,11.195425394044076,0.1467745304107666
sac,10,10,0,160,160,1,1,1,0,1,0,14.499658324858329,3.94248081157974,-26.905440197379207,22.983531951904297,23.45472526550293,0.06221017614006996,3.564380535591463,0.15970999002456665,9.150708374484148,0.142065167427063
sac,10,10,0,161,161,2,1,1,0,1,0,10.055664043281233,1.7364116719356617,-3.7479843447744567,19.75247573852539,20.377389907836914,0.04787661135196686,2.7431277678558272,0.09392674267292023,5.381605938569658,0.09483998268842697
sac,10,10,0,162,162,2,1,1,0,1,0,0.34458304362714326,11.796023564557162,-0.01454830293212716,17.470338821411133,15.875692367553711,0.017952710390090942,1.0286145361728727,0.14939437806606293,8.559667346167203,0.0926498994231224
sac,10,10,0,163,163,2,1,1,0,1,0,-15.80162898444616,-0.7211177121916063,3.3615322415351354,16.306529998779297,19.189348220825195,0.036616794764995575,2.0979877993309737,0.27177274227142334,15.571431118849219,0.17250317335128784
sac,10,10,0,164,164,2,1,1,0,1,0,-7.807138447756355,-2.7277180073146323,0.38768153728992377,18.113412857055664,18.074527740478516,0.030817504972219467,1.7657129700316048,0.18738339841365814,10.736277879921017,0.12450920045375824
sac,10,10,0,165,165,2,1,1,0,1,0,5.995499072302173,5.4099879358919996,1.120151023882091,21.279096603393555,21.919145584106445,0.04480917379260063,2.5673765417842325,0.10708677768707275,6.135620403124984,0.09835256636142731
sac,10,10,0,166,166,2,1,1,0,1,0,8.408400000392577,7.037949864186198,15.707549958818404,18.490612030029297,20.072568893432617,0.007525491528213024,0.43117890332806236,0.09134258329868317,5.233544512836707,0.05319678410887718
sac,10,10,0,167,167,2,1,1,0,1,0,-10.985198147806608,7.835770600757049,25.006087532603722,16.43772315979004,17.746252059936523,0.0285330880433321,1.6348255213581215,0.12675191462039948,7.262349752951444,0.09190904349088669
sac,10,10,0,168,168,2,1,1,0,1,0,-8.523324763367212,4.587168706958904,20.994676451920213,22.91057586669922,23.347888946533203,0.02078433521091938,1.1908546875708301,0.08058037608861923,4.616915461454778,0.061074525117874146
sac,10,10,0,169,169,2,1,1,0,1,0,16.49960601572976,1.4256244043217414,11.797020772175983,13.16150951385498,16.08223533630371,0.01633549854159355,0.935955122675422,0.25456365942955017,14.585423302718887,0.14361733198165894
sac,10,10,0,170,170,2,1,1,0,1,0,5.729722751318636,4.855117028098504,-2.2426106517036466,12.60700511932373,13.362439155578613,0.037437018007040024,2.144983129358658,0.22714801132678986,13.014622373814877,0.15101101994514465
sac,10,10,0,171,171,2,1,1,0,1,0,-3.012017801327243,4.25867758901631,-1.2666039400655045,20.70001220703125,22.27067756652832,0.038460854440927505,2.2036446359321356,0.0838095098733902,4.801931198805261,0.0803656131029129
sac,10,10,0,172,172,1,1,1,0,1,0,4.476451340512997,9.137304128237998,-14.453458925312363,12.16456127166748,13.113319396972656,0.04839250072836876,2.772686051819292,0.4179474711418152,23.94662615459178,0.25736624002456665
sac,10,10,0,173,173,1,1,1,0,1,0,12.38423945587866,7.816208938974132,59.755289652068896,12.55544662475586,12.499184608459473,0.058586835861206055,3.3567784298728065,0.3753654658794403,21.50685696985384,0.2462695688009262
sac,10,10,0,174,174,2,1,1,0,1,0,-8.263832216420088,1.5385137709237122,26.639827800935752,23.10018539428711,23.48684310913086,0.038614265620708466,2.212434449063707,0.1296859234571457,7.43045607635109,0.10345722734928131
sac,10,10,0,175,175,1,1,1,0,1,0,7.616098056671098,15.152569767998187,54.5742086760207,15.070930480957031,16.275327682495117,0.07967911660671234,4.565277096895366,0.3803585469722748,21.79293944323982,0.26985839009284973
sac,10,10,0,176,176,2,1,1,0,1,0,0.9617316162728154,8.968161323631803,29.565402728127314,20.822246551513672,21.802459716796875,0.022688601166009903,1.2999610898679659,0.09125174582004547,5.228339908689157,0.06831447780132294
sac,10,10,0,177,177,1,1,1,0,1,0,4.08747206728077,-2.109995698778679,42.12868876290869,16.8951416015625,18.80443000793457,0.00797579437494278,0.4569793559484037,0.10813331604003906,6.1955826338485265,0.06204245239496231
sac,10,10,0,178,178,2,1,1,0,1,0,20.58016593157048,1.2701692988122513,-22.903386475858618,17.765378952026367,21.144058227539062,0.059928908944129944,3.4336735533224565,0.3144320249557495,18.015627973716622,0.2171449214220047
sac,10,10,0,179,179,2,1,1,0,1,0,-16.361158081253603,2.9983574229872176,-3.9293395276166354,22.71900177001953,22.78957176208496,0.03378280997276306,1.935612431531791,0.3835145831108093,21.973766993968617,0.22554010152816772
sac,10,10,0,180,180,2,1,1,0,1,0,13.226360799406212,1.3366680205714954,15.963026354533561,20.421079635620117,23.155488967895508,0.04326256364583969,2.4787623078227217,0.11574666202068329,6.631795226512329,0.10113589465618134
sac,10,10,0,181,181,2,1,1,0,1,0,-4.1188909374628295,13.117419282144509,2.6023976964232385,17.71397590637207,19.82536506652832,0.02729184925556183,1.5637077774509505,0.09891469031572342,5.667394286934508,0.07674919068813324
sac,10,10,0,182,182,2,1,1,0,1,0,15.583978176354533,4.748661699694685,11.0129423762152,14.1729736328125,13.287945747375488,0.01928076520562172,1.1047064720648114,0.24869389832019806,14.249110764402982,0.14362771809101105
sac,10,10,0,183,183,2,1,1,0,1,0,-12.70121487488061,3.2548583470778762,-1.8715401344751939,21.33436393737793,21.557342529296875,0.03903228044509888,2.23638493427518,0.2696864902973175,15.451897685732119,0.17387552559375763
sac,10,10,0,184,184,2,1,1,0,1,0,-10.142298162713674,1.8524429255558383,-12.311894092189885,22.78228187561035,22.745018005371094,0.02717476524412632,1.5569993577472343,0.1639343947172165,9.392748934328244,0.10914196074008942
sac,10,10,0,185,185,2,1,1,0,1,0,-8.13629892423761,7.950722684488363,7.09226352846614,18.055377960205078,18.533235549926758,0.023277007043361664,1.3336742632809142,0.06897907704114914,3.9522099891656,0.057766545563936234
sac,10,10,0,186,186,2,1,1,0,1,0,-6.4491329162177395,6.944376272557024,4.713308640550699,15.792365074157715,17.191516876220703,0.017394309863448143,0.9966205427183579,0.09234056621789932,5.2907247221339375,0.06356459110975266
sac,10,10,0,187,187,1,1,1,0,1,0,-9.330106708129119,16.396169630939088,36.94525820178601,10.412202835083008,12.71896743774414,0.06743459403514862,3.863717631392092,0.2567562162876129,14.711047557028346,0.19581270217895508
sac,10,10,0,188,188,2,1,1,0,1,0,-0.7036870694297337,0.9480029360410898,-14.185333019254342,21.955184936523438,23.184276580810547,0.027629094198346138,1.5830304893346223,0.04272131621837616,2.4477511145567483,0.04898975044488907
sac,10,10,0,189,189,2,1,1,0,1,0,-11.022245093864758,1.0716020392616405,7.410072230546834,12.207978248596191,15.469863891601562,0.032845888286828995,1.8819307731934873,0.22932684421539307,13.13946030259614,0.14750930666923523
sac,10,10,0,190,190,2,1,1,0,1,0,-0.39190259419699164,-2.799899446463327,0.04822113554029002,13.26502799987793,14.623108863830566,0.014440746046602726,0.827393801490565,0.1340359002351761,7.679691386712148,0.0814586952328682
sac,10,10,0,191,191,1,1,1,0,1,0,-13.340411298167085,-0.9484264077696306,3.1719125297972415,11.98131275177002,12.156230926513672,0.018485015258193016,1.0591133585293895,0.47958657145500183,27.478286455520884,0.2582783102989197
sac,10,10,0,192,192,2,1,1,0,1,0,-7.395250720047906,-0.08563691181361988,-3.849289710544086,19.145172119140625,19.616212844848633,0.034769970923662186,1.992172587718432,0.2782001197338104,15.939692720781505,0.1738700270652771
sac,10,10,0,193,193,2,1,1,0,1,0,-15.411761786621831,2.926189644216863,-8.994771740638171,17.9289493560791,18.533573150634766,0.012276425026357174,0.7033873415190465,0.39034876227378845,22.36533661644357,0.20745080709457397
sac,10,10,0,194,194,2,1,1,0,1,0,-2.702965401762506,-3.91010571491388,-0.6618316701958955,20.314363479614258,22.330615997314453,0.04533762112259865,2.597654343488076,0.209710031747818,12.015499740704474,0.15019263327121735
sac,10,10,0,195,195,2,1,1,0,1,0,13.012589538763153,2.5162553506110377,10.399973879341575,17.633092880249023,17.65251350402832,0.016652069985866547,0.9540933303466256,0.24643483757972717,14.119676118310302,0.13986948132514954
sac,10,10,0,196,196,2,1,1,0,1,0,9.760176399408142,1.6842973285684644,14.474755455144463,15.86579418182373,17.949684143066406,0.04373928904533386,2.506076661200426,0.08446530252695084,4.83950535008997,0.08597193658351898
sac,10,10,0,197,197,2,1,1,0,1,0,4.483964548600011,-5.495583866570599,28.670443041180544,17.41912841796875,19.560691833496094,0.03169092908501625,1.8157564854198187,0.1844668984413147,10.569174740555717,0.1239243745803833
sac,10,10,0,198,198,2,1,1,0,1,0,13.622566412780312,8.026209935195343,-5.521811792983448,19.60151481628418,20.474510192871094,0.04792267084121704,2.745766782196391,0.1910632848739624,10.947119843183787,0.14345431327819824
sac,10,10,0,199,199,2,1,1,0,1,0,-14.70934513237772,3.994936664405438,21.35559730804203,13.77263069152832,16.844669342041016,0.05009988695383072,2.8705120765370347,0.22058336436748505,12.638495809053323,0.16039156913757324
sac,10,10,0,200,200,2,1,1,0,1,0,-6.555847791810018,5.2067488269491005,10.073600120041686,20.292709350585938,22.532054901123047,0.04628258943557739,2.6517970395953556,0.04876869171857834,2.7942402078491484,0.07066693902015686
sac,10,10,0,201,201,2,1,1,0,1,0,-11.77897541238881,5.580005004711957,-10.355891838438312,13.332521438598633,16.094802856445312,0.03176570683717728,1.820040935020121,0.2810596525669098,16.103531883497187,0.17229554057121277
sac,10,10,0,202,202,1,1,1,0,1,0,2.294205900693923,17.740214255814198,-32.26047243120929,19.15715980529785,21.421886444091797,0.057316191494464874,3.2839758703964637,0.2754170000553131,15.780231709323802,0.19502469897270203
sac,10,10,0,203,203,2,1,1,0,1,0,-11.091858381885526,5.574076400512386,12.605783471797194,19.21598243713379,18.646854400634766,0.050232235342264175,2.8780950806196297,0.10679283738136292,6.118778864179025,0.10362865030765533
sac,10,10,0,204,204,2,1,1,0,1,0,1.678819516854114,4.700700111342855,2.6658364934343166,12.826743125915527,14.688698768615723,0.023935751989483833,1.3714175684692873,0.0889253243803978,5.095045778828596,0.06839841604232788
sac,10,10,0,205,205,2,1,1,0,1,0,-11.149996952100675,2.0004804456266947,-0.8459189287060792,14.662589073181152,17.018415451049805,0.04337877407670021,2.4854206750464263,0.2684025466442108,15.378333133276497,0.17758004367351532
sac,10,10,0,206,206,2,1,1,0,1,0,-0.03410996471504368,5.572150287166442,1.9216327418480674,20.52842140197754,20.94076919555664,0.006355383899062872,0.36413667460169974,0.14437484741210938,8.272069424559122,0.0785428062081337
sac,10,10,0,207,207,2,1,1,0,1,0,1.2445697498030435,3.3640594115280402,10.243002471836343,15.372013092041016,16.402057647705078,0.016378846019506454,0.9384387502123679,0.14986124634742737,8.586416928277911,0.09130947291851044
sac,10,10,0,208,208,2,1,1,0,1,0,6.066833567993786,5.159429276379252,-1.0329021874243483,14.425399780273438,12.906431198120117,0.024588027969002724,1.4087902291734815,0.23848852515220642,13.664385953521007,0.14383229613304138
sac,10,10,0,209,209,1,1,1,0,1,0,-0.6569685755068465,4.107867012142429,4.154230336228475,10.376201629638672,12.09510612487793,0.01646672561764717,0.9434738802911367,0.42945197224617004,24.605785513274906,0.2311927080154419
sac,10,10,0,210,210,2,1,1,0,1,0,15.473001262720166,1.5680748296515274,3.1434852824716484,14.084473609924316,16.537309646606445,0.03519100323319435,2.0162959620932708,0.23952795565128326,13.723940934215287,0.15495498478412628
sac,10,10,0,211,211,2,1,1,0,1,0,-13.263585330382782,3.1514492830438834,20.40890576832158,23.37334442138672,23.393224716186523,0.02980836294591427,1.707893390995037,0.04478999227285385,2.5662775216580953,0.052203357219696045
sac,10,10,0,212,212,2,1,1,0,1,0,-11.521176752355847,5.580606061358918,3.0717409754298344,19.161579132080078,19.520112991333008,0.014686016365885735,0.8414467556253076,0.20166029036045074,11.554283533036546,0.11551616340875626
sac,10,10,0,213,213,1,1,1,0,1,0,14.881534201353741,3.4513765498774833,-24.04047636888234,18.671110153198242,20.048433303833008,0.05935211107134819,3.4006254695799383,0.21712800860404968,12.440518507092271,0.16791611909866333
sac,10,10,0,214,214,1,1,1,0,1,0,-8.55944280369824,4.735725321406681,-36.48420677243181,23.456026077270508,23.854284286499023,0.02383638732135296,1.36572439235267,0.5238230228424072,30.01284842065485,0.2857478857040405
sac,10,10,0,215,215,2,1,1,0,1,0,10.493820678537551,-1.7102930285495328,15.153512334103649,12.383623123168945,14.686685562133789,0.05036472901701927,2.8856864089952756,0.13761107623577118,7.884533882562708,0.11917026340961456
sac,10,10,0,216,216,2,1,1,0,1,0,3.02648414198933,10.55786053219559,-1.911756288308229,17.929292678833008,17.07117462158203,0.010953101329505444,0.6275664787597928,0.23453405499458313,13.437811503278759,0.12822012603282928
sac,10,10,0,217,217,1,1,1,0,1,0,-13.312161635759912,-1.4354462163482198,-25.248709512300916,20.063018798828125,20.16026496887207,0.03314197063446045,1.898895042101095,0.1610385626554489,9.226829979010294,0.1136612519621849
sac,10,10,0,218,218,1,1,1,0,1,0,-3.800931971220396,3.8282527279004466,15.672675012916319,13.18765640258789,12.661604881286621,0.01346287876367569,0.7713661332549206,0.2529187798500061,14.491178645003759,0.13992226123809814
sac,10,10,0,219,219,2,1,1,0,1,0,0.5407733973465896,6.083827078648778,-4.66585248619745,23.311548233032227,22.78047752380371,0.021802399307489395,1.249185463578091,0.13115666806697845,7.514723535236123,0.08738073706626892
sac,10,10,0,220,220,2,1,1,0,1,0,-13.931523189696668,0.5858799666253538,29.877091580711678,13.937837600708008,15.039095878601074,0.05683887004852295,3.2566273660729097,0.09861909598112106,5.650457979113815,0.10614842176437378
sac,10,10,0,221,221,2,1,1,0,1,0,9.713690131917033,2.286228239743348,6.506274278814066,11.832752227783203,15.468626976013184,0.027996869757771492,1.6041024766977579,0.23566511273384094,13.50261633812384,0.14582942426204681
sac,10,10,0,222,222,1,1,1,0,1,0,10.578487703489028,0.43706380498911596,-29.13923990505354,19.42928695678711,20.70574951171875,0.06507222354412079,3.7283637726099492,0.15264993906021118,8.746197251079312,0.14139719307422638
sac,10,10,0,223,223,2,1,1,0,1,0,-1.2885698284362657,9.965655810398804,20.886458934710532,13.388344764709473,14.522491455078125,0.07175035029649734,4.110992250574533,0.16759330034255981,9.60238878429709,0.15554699301719666
sac,10,10,0,224,224,2,1,1,0,1,0,-0.9865661840949818,-1.608058757052782,-0.1271098204539373,26.324932098388672,23.790485382080078,0.02231783978641033,1.2787180276104626,0.35524681210517883,20.35414301910371,0.1999412477016449
sac,10,10,0,225,225,2,1,1,0,1,0,6.107391231285321,0.7990638309997917,-0.608556194669796,22.08553123474121,22.035411834716797,0.04369131475687027,2.503327936946319,0.08610167354345322,4.933262503053089,0.08674214780330658
sac,10,10,0,226,226,2,1,1,0,1,0,-14.397943147738498,5.213811242550894,2.609159583701551,18.431278228759766,20.75290870666504,0.04045841097831726,2.318096194863335,0.206047922372818,11.805676329401681,0.14348237216472626
sac,10,10,0,227,227,1,1,1,0,1,0,-14.962389980748352,11.319071454815171,32.18838661470897,9.532587051391602,12.123808860778809,0.05686413124203682,3.2580747258467175,0.2731916010379791,15.652725737898004,0.19345992803573608
sac,10,10,0,228,228,1,1,1,0,1,0,-26.09718293175658,12.874729000555615,45.23280483500438,19.861276626586914,22.73346519470215,0.10925757884979248,6.259998147910917,0.1560579389333725,8.941461260392575,0.18728655576705933
sac,10,10,0,229,229,2,1,1,0,1,0,12.188117404050914,-4.460892169583708,-4.807865779420355,20.002178192138672,19.35799789428711,0.04781905189156532,2.739829853703769,0.0949757918715477,5.441712030152593,0.09530694782733917
sac,10,10,0,230,230,2,1,1,0,1,0,13.041522220087327,-2.0846966780929517,0.3146394943058074,17.11199378967285,16.656879425048828,0.0344032384455204,1.971160364510534,0.14782097935676575,8.469518240633144,0.10831372439861298
sac,10,10,0,231,231,2,1,1,0,1,0,3.5394723297923076,-0.387258065561383,16.628860515583085,20.285306930541992,23.320947647094727,0.043199390172958374,2.475142734449438,0.15317991375923157,8.776562564581898,0.11978934705257416
sac,10,10,0,232,232,2,1,1,0,1,0,-13.16075000223907,4.250781890335776,1.8602020204529728,15.942879676818848,17.478759765625,0.01687767542898655,0.9670195700725804,0.23885872960090637,13.685597105988482,0.13630704581737518
sac,10,10,0,233,233,1,1,1,0,1,0,-8.154603831213244,4.30700800758332,-12.070542527678313,12.897368431091309,13.702739715576172,0.02185630239546299,1.2522738830217004,0.5511680841445923,31.579605023796564,0.2974403500556946
sac,10,10,0,234,234,2,1,1,0,1,0,10.998353092148053,1.7021651034372176,15.362010688707459,16.347761154174805,17.273300170898438,0.024783069267868996,1.4199652724292686,0.12377942353487015,7.092038559110353,0.08667278289794922
sac,10,10,0,235,235,1,1,1,0,1,0,-12.93661051443593,-0.20191405224391695,-40.92967637486963,16.278324127197266,16.525867462158203,0.03390390798449516,1.942550836511466,0.3685234785079956,21.11483996998825,0.21816565096378326
sac,10,10,0,236,236,2,1,1,0,1,0,10.998339431769713,4.560257761629053,14.194553774633858,16.690338134765625,17.95820426940918,0.053370483219623566,3.0579034390582116,0.12538550794124603,7.184060417137466,0.11606323719024658
sac,10,10,0,237,237,2,1,1,0,1,0,-1.4552264441845768,2.712104194871983,10.106945103569688,15.765259742736816,15.261473655700684,0.01571880839765072,0.9006213801601824,0.142803356051445,8.182029602051783,0.08712048828601837
sac,10,10,0,238,238,2,1,1,0,1,0,13.65346618858545,1.3001265085119271,7.309559166720926,21.556028366088867,22.19706916809082,0.024944225326180458,1.4291988344134796,0.1239556074142456,7.102133151816808,0.08692202717065811
sac,10,10,0,239,239,2,1,1,0,1,0,-0.8418208152040716,-0.4043608592430949,-0.1406609157672426,17.33702278137207,16.931182861328125,0.02016439475119114,1.155334715679002,0.22904816269874573,13.123493027863942,0.13468848168849945
sac,10,10,0,240,240,1,1,1,0,1,0,-4.63372327634171,3.470036626689958,17.625180209812843,12.05578899383545,12.748806953430176,0.022264596074819565,1.2756673876506999,0.5589948296546936,32.02804450884834,0.30176201462745667
sac,10,10,0,241,241,2,1,1,0,1,0,-0.6899720495763481,-1.8811023993132117,-0.33392794852192337,23.16873550415039,21.603593826293945,0.016187820583581924,0.9274937989542456,0.2339385449886322,13.40369129327996,0.13315708935260773
sac,10,10,0,242,242,2,1,1,0,1,0,7.024494391521274,7.5133720115541065,-0.5979557410779363,21.189455032348633,21.360733032226562,0.047595784068107605,2.72703754971857,0.08395624160766602,4.8103383078999,0.08957390487194061
sac,10,10,0,243,243,2,1,1,0,1,0,-11.548005735415659,1.1017778150147568,-8.667195868044361,19.493783950805664,19.93656349182129,0.024444574490189552,1.4005709502810173,0.28416356444358826,16.281372934011394,0.16652636229991913
sac,10,10,0,244,244,2,1,1,0,1,0,-4.871468500971514,3.200572003554615,-0.37922576309744793,15.899215698242188,14.470742225646973,0.03172220289707184,1.8175483428598893,0.09446423500776291,5.412401980876776,0.07895432412624359
sac,10,10,0,245,245,2,1,1,0,1,0,8.94499332196712,1.572213924288555,22.081154643194143,15.778194427490234,15.89657211303711,0.03741350397467613,2.1436358745448727,0.13467441499233246,7.716275587454029,0.10475070774555206
sac,10,10,0,246,246,1,1,1,0,1,0,-10.049735439081662,18.940660983578958,45.562334141700816,18.181182861328125,20.109445571899414,0.081166572868824,4.65050206292467,0.3324541449546814,19.048219387533734,0.2473936378955841
sac,10,10,0,247,247,2,1,1,0,1,0,2.294274202585623,8.073597787656892,12.701515403204091,18.51722526550293,20.363571166992188,0.027554204687476158,1.5787396364319735,0.09088189899921417,5.207149246789192,0.0729951560497284
sac,10,10,0,248,248,2,1,1,0,1,0,15.131450823084508,2.802098767376071,-17.859537660614322,21.312028884887695,23.01250648498535,0.02955390326678753,1.6933139253248217,0.14796105027198792,8.47754371290791,0.10353443026542664
sac,10,10,0,249,249,1,1,1,0,1,0,-12.902514210099227,4.6284640306808,36.46071092168697,15.33973217010498,14.0621976852417,0.06282509863376617,3.599612999207916,0.21768471598625183,12.472415490516232,0.1716674566268921
sac,10,10,0,250,250,2,1,1,0,1,0,-6.050577717769156,10.26903915295243,5.212581808500291,14.398818016052246,13.883936882019043,0.02744211256504059,1.5723172308997515,0.06799755990505219,3.895973199747477,0.06144089251756668
sac,10,10,0,251,251,2,1,1,0,1,0,-4.29073849698035,1.2784748088429867,14.204867360280579,14.774173736572266,15.090462684631348,0.012040961533784866,0.6898962771652433,0.20614679157733917,11.811341117544561,0.11511436104774475
sac,10,10,0,252,252,2,1,1,0,1,0,9.879376860803204,-3.2249557788915606,26.1411147084981,21.866750717163086,21.475984573364258,0.023127727210521698,1.3251211588927656,0.2496769279241562,14.3054342118462,0.1479661911725998
sac,10,10,0,253,253,2,1,1,0,1,0,18.290659201025527,1.0259080737142552,5.367094347904319,11.957930564880371,13.94468879699707,0.0240072850137949,1.375516108858118,0.2632419466972351,15.082652536559353,0.1556282639503479
sac,10,10,0,254,254,2,1,1,0,1,0,-6.505249750438565,9.597809142458598,-0.44736373025749515,11.925217628479004,14.282326698303223,0.03537696227431297,2.0269506303116676,0.3673389256000519,21.046970087753124,0.2190464287996292
sac,10,10,0,255,255,1,1,1,0,1,0,12.251774767115432,9.478431096145115,-17.379402682719103,12.953714370727539,13.177937507629395,0.03006734512746334,1.7227319769668896,0.4619704782962799,26.468958666016835,0.26105257868766785
sac,10,10017,1,256,0,1,1,1,0,1,0,-14.78939494945027,9.142809260709027,-36.92439880406079,22.93486213684082,23.61311912536621,0.04908471927046776,2.8123472527822635,0.43967992067337036,25.191803791230953,0.26892468333244324
sac,10,10017,1,257,1,2,1,1,0,1,0,8.546028312168334,0.6118073647147222,19.58809461500447,14.445439338684082,16.2515869140625,0.029139939695596695,1.6695955598234236,0.059847354888916016,3.4290008501565215,0.0590636171400547
sac,10,10017,1,258,2,2,1,1,0,1,0,4.577223951527365,1.0390220369206797,27.56070122559355,19.35993003845215,18.44866180419922,0.0010439881589263678,0.05981611536811392,0.16175898909568787,9.26810737348562,0.0819234848022461
sac,10,10017,1,259,3,1,1,1,0,1,0,-3.5458107453420795,5.101796140162684,1.920826779526006,10.956498146057129,12.210674285888672,0.032289307564496994,1.8500410468455208,0.6763565540313721,38.75237599200965,0.37046757340431213
sac,10,10017,1,260,4,1,1,1,0,1,0,-6.762939127444805,6.5430206965487345,-39.10874794214423,20.568071365356445,21.92106819152832,0.015161685645580292,0.8687005977958336,0.47346675395965576,27.127646741647233,0.25189507007598877
sac,10,10017,1,261,5,2,1,1,0,1,0,-3.723286380735691,10.57869260916413,18.199230288795736,22.828004837036133,23.640850067138672,0.029152533039450645,1.6703171052762118,0.038396548479795456,2.1999601757617366,0.04835080727934837
sac,10,10017,1,262,6,2,1,1,0,1,0,2.125513888572948,8.820260407344346,-3.9362243583000085,16.41089630126953,17.281497955322266,0.0013715772656723857,0.07858558859912135,0.09920844435691833,5.684225153709889,0.050975799560546875
sac,10,10017,1,263,7,1,1,1,0,1,0,6.602634587624606,0.2019960145139571,-29.109952053892524,22.027271270751953,23.965869903564453,0.04978989064693451,2.8527505964872395,0.11573994904756546,6.631410601484693,0.10765986144542694
sac,10,10017,1,264,8,2,1,1,0,1,0,6.225007088792942,5.0314315313332125,0.9220891983300614,19.134103775024414,22.6433162689209,0.043119918555021286,2.470589346150567,0.12542806565761566,7.18649879467116,0.10583394765853882
sac,10,10017,1,265,9,2,1,1,0,1,0,-1.2727784310751962,8.099934997096462,33.05726863940463,21.295928955078125,21.62761688232422,0.01877465471625328,1.0757084770566991,0.04174496978521347,2.3918105845938746,0.039647139608860016
sac,10,10017,1,266,10,2,1,1,0,1,0,-11.101584571263626,0.9102456503092593,5.815427965023956,17.457256317138672,16.348737716674805,0.01761949434876442,1.0095226633388061,0.2652181088924408,15.195878289977946,0.15022854506969452
sac,10,10017,1,267,11,2,1,1,0,1,0,-10.28966632424587,0.2717459063181273,25.12729606961477,23.575611114501953,23.819311141967773,0.056863464415073395,3.258036519476048,0.0714128389954567,4.091654277486934,0.09256988763809204
sac,10,10017,1,268,12,1,1,1,0,1,0,5.649809538029487,9.23967500351815,-21.456260636029675,15.022185325622559,17.148866653442383,0.04382149502635002,2.5107867169633846,0.5041283369064331,28.884426037687874,0.2958856523036957
sac,10,10017,1,269,13,2,1,1,0,1,0,20.50077181265825,1.962163084382923,-15.606668064777315,17.779207229614258,19.515335083007812,0.05416599661111832,3.1034829989369994,0.2689523696899414,15.409835673275888,0.18864217400550842
sac,10,10017,1,270,14,2,1,1,0,1,0,-4.686397695220849,9.821784705721656,-2.8800585465625965,18.600975036621094,17.89421844482422,0.01466824859380722,0.8404287372738584,0.03305228054523468,1.8937561785243067,0.03119438886642456
sac,10,10017,1,271,15,2,1,1,0,1,0,-1.6435757407368483,7.391507776382739,-0.8588143258590633,13.033477783203125,13.10341739654541,0.02202046662569046,1.2616798005607486,0.0883077085018158,5.0596589956255835,0.06617432087659836
sac,10,10017,1,272,16,2,1,1,0,1,0,8.45245472053916,1.5821450193417537,1.1290166094247678,17.448476791381836,17.875215530395508,0.0333743654191494,1.9122102824446232,0.13356329500675201,7.652613101747632,0.10015600919723511
sac,10,10017,1,273,17,2,1,1,0,1,0,15.328105629667515,1.0137230162349524,-1.7917088834560848,16.767696380615234,17.627670288085938,0.04608653858304024,2.640564153175035,0.2570405602455139,14.727339265746119,0.1746068149805069
sac,10,10017,1,274,18,1,1,1,0,1,0,18.299770673378323,2.8613711489934417,46.271895173816766,21.493114471435547,23.92697525024414,0.03818552568554878,2.1878694602703446,0.17842411994934082,10.222949036433185,0.1273975819349289
sac,10,10017,1,275,19,2,1,1,0,1,0,-5.7823971701977745,7.59553918726936,9.625225521787028,20.169790267944336,20.152925491333008,0.038376402109861374,2.1988058737920047,0.19959092140197754,11.435717425460648,0.13817186653614044
sac,10,10017,1,276,20,2,1,1,0,1,0,0.6394696308532738,3.4731375325731437,32.316944435266954,20.419981002807617,19.548683166503906,0.02885826863348484,1.653456996753447,0.05130014196038246,2.939281622751896,0.05450833961367607
sac,10,10017,1,277,21,2,1,1,0,1,0,4.102320898536378,1.7667103910938382,0.9957322979611389,16.981307983398438,15.622167587280273,0.040201336145401,2.3033668919182024,0.06344591826200485,3.635183343744873,0.07192429900169373
sac,10,10017,1,278,22,2,1,1,0,1,0,9.594011557280071,11.74680522139805,1.418411724558208,23.428239822387695,22.81956672668457,0.020278993993997574,1.1619007686272056,0.18061336874961853,10.348383752993177,0.11058567464351654
sac,10,10017,1,279,23,1,1,1,0,1,0,9.1281926558852,-5.519025075802083,48.53451827978855,19.119281768798828,18.476430892944336,0.050302743911743164,2.8821349240702805,0.36753782629966736,21.05836625838329,0.23407165706157684
sac,10,10017,1,280,24,2,1,1,0,1,0,1.4436697641089151,-1.0122476953742297,15.391872275758754,15.110729217529297,18.216327667236328,0.008419225923717022,0.4823861121961173,0.1652139276266098,9.466060769784576,0.0910261869430542
sac,10,10017,1,281,25,2,1,1,0,1,0,-5.678632936326941,2.135199096816026,8.535154651009673,17.991146087646484,17.234346389770508,0.030600253492593765,1.7532653771560796,0.12994582951068878,7.445347596289011,0.09557317197322845
sac,10,10017,1,282,26,2,1,1,0,1,0,-0.7155442778288759,-0.043125814419460506,0.4487844096048578,19.63357925415039,19.906341552734375,0.019349852576851845,1.108664886853951,0.12690863013267517,7.271328890389072,0.08280416578054428
sac,10,10017,1,283,27,2,1,1,0,1,0,4.717352112539347,2.824952580338934,8.427196680988452,13.781526565551758,12.72856330871582,0.007375052664428949,0.4225593913584914,0.08096904307603836,4.639184439469958,0.04785957559943199
sac,10,10017,1,284,28,1,1,1,0,1,0,-1.2996620556483662,0.9362003691553078,0.17643744663976937,10.739788055419922,12.190950393676758,0.03001907654106617,1.7199663906832692,0.10974643379449844,6.28800747303667,0.08489229530096054
sac,10,10017,1,285,29,2,1,1,0,1,0,-1.1708173671452458,-3.8709277498346863,-6.2968470184831355,19.7628173828125,20.155744552612305,0.010963473469018936,0.6281607585784368,0.18994472920894623,10.883031324427911,0.10593584179878235
sac,10,10017,1,286,30,1,1,1,0,1,0,9.447558641096657,-0.42261112470536893,37.83292324669921,19.769773483276367,21.372020721435547,0.0372031070291996,2.1315810175466234,0.2534489929676056,14.521557618884682,0.1639275997877121
sac,10,10017,1,287,31,1,1,1,0,1,0,11.82779760457606,11.525220224344496,-25.00539085330838,14.943246841430664,16.011695861816406,0.042013633996248245,2.407203909992379,0.452853798866272,25.94661141150365,0.2684405446052551
sac,10,10017,1,288,32,1,1,1,0,1,0,-2.1926136669791534,8.489146496760467,-11.742638806004342,10.353306770324707,13.271978378295898,0.029573408886790276,1.694431515027765,0.3212627172470093,18.406997813158352,0.19020476937294006
sac,10,10017,1,289,33,2,1,1,0,1,0,-10.31146828807655,5.642050443132353,1.1672520083984992,14.75977897644043,18.407669067382812,0.042073506861925125,2.410634372503018,0.06671301275491714,3.8223740694591815,0.0754300132393837
sac,10,10017,1,290,34,2,1,1,0,1,0,2.782291218783034,6.957531216898468,1.6248473620326733,14.332167625427246,13.754984855651855,0.007814208045601845,0.4477211412501572,0.12616518139839172,7.2287324156302875,0.07089679688215256
sac,10,10017,1,291,35,2,1,1,0,1,0,-7.25820980454077,-0.003565358746746656,-22.11217736240434,24.09229850769043,23.26713752746582,0.006162017583847046,0.3530576008398366,0.22565984725952148,12.929356853537378,0.11899194121360779
sac,10,10017,1,292,36,2,1,1,0,1,0,-2.754437707347722,1.776737108795417,0.5078655459254681,25.47056007385254,23.432863235473633,0.03765413165092468,2.157422824827955,0.22304101288318634,12.779308696529599,0.14917463064193726
sac,10,10017,1,293,37,1,1,1,0,1,0,-0.8041728124989612,1.8904460980977893,-0.3874766316148234,12.145081520080566,12.1045560836792,0.02690231055021286,1.5413888536774645,0.20065325498580933,11.496584656249217,0.12722894549369812
sac,10,10017,1,294,38,2,1,1,0,1,0,16.165268255857637,4.529084778257115,-6.436292160578116,16.890518188476562,16.514299392700195,0.04139210656285286,2.371593011207225,0.2550930380821228,14.61575446527562,0.16893862187862396
sac,10,10017,1,295,39,2,1,1,0,1,0,-17.052701074339055,6.955331895985725,28.168150929617806,15.947023391723633,17.83742904663086,0.062244512140750885,3.5663478435158384,0.11214965581893921,6.4257019522700105,0.11831934005022049
sac,10,10017,1,296,40,2,1,1,0,1,0,-9.926846675534792,-1.2286280882802336,-8.606707712754728,15.542990684509277,17.990781784057617,0.011104198172688484,0.636223690171931,0.24808365106582642,14.214146172268041,0.13514602184295654
sac,10,10017,1,297,41,2,1,1,0,1,0,-5.06211274108491,-6.3071196229948345,32.933519272022345,18.070581436157227,19.269243240356445,0.05388356000185013,3.0873005732459466,0.17125175893306732,9.812003021056551,0.1395094394683838
sac,10,10017,1,298,42,4,1,1,0,1,0,-9.276120892929336,0.4160541431021567,-19.97503849186403,19.588184356689453,19.14321517944336,0.017518140375614166,1.0037155084404144,0.12196244299411774,6.987933242667841,0.07849936187267303
sac,10,10017,1,299,43,2,1,1,0,1,0,-0.2934932286354479,2.922569643956756,10.915147727678956,19.84756851196289,20.225645065307617,0.009156680665910244,0.5246391565056971,0.08778183162212372,5.029528469875718,0.05304759740829468
sac,10,10017,1,300,44,2,1,1,0,1,0,6.59406953040541,10.317656439464582,-0.9311596895478383,19.951034545898438,19.17538070678711,0.02977650798857212,1.7060682363827626,0.1861935704946518,10.66810576181512,0.12287329137325287
sac,10,10017,1,301,45,2,1,1,0,1,0,-9.060669405750454,-1.1975917086916956,-24.309859029747642,21.398412704467773,21.510892868041992,0.026773452758789062,1.5340058460715038,0.3412679433822632,19.553212838913215,0.19740742444992065
sac,10,10017,1,302,46,1,1,1,0,1,0,-9.498238644738151,13.479159760966724,43.63402147484448,20.212495803833008,21.934452056884766,0.08565004169940948,4.907385904495673,0.21594712138175964,12.372858653174125,0.1936236023902893
sac,10,10017,1,303,47,2,1,1,0,1,0,-1.8531805859861996,8.085714543244494,20.030444986411172,12.94175910949707,15.416218757629395,0.052862100303173065,3.0287752435690463,0.07202724367380142,4.12685707246918,0.08887572586536407
sac,10,10017,1,304,48,1,1,1,0,1,0,-3.714871587678235,7.792180333474027,-45.06538323806903,13.441484451293945,16.247438430786133,0.039778560400009155,2.279143626026752,0.5237554907798767,30.008979118490036,0.3016563057899475
sac,10,10017,1,305,49,1,1,1,0,1,0,-12.989667423908589,4.64977422089124,-16.435743746990145,13.219649314880371,14.468161582946777,0.0160363856703043,0.918817217552508,0.12515337765216827,7.170760331276158,0.07861307263374329
sac,10,10017,1,306,50,2,1,1,0,1,0,-7.939316268574442,10.18286948638355,13.85234763683788,19.906206130981445,22.42270851135254,0.05160919576883316,2.956989101618566,0.04640982300043106,2.659086985873875,0.07481411099433899
sac,10,10017,1,307,51,2,1,1,0,1,0,-1.2915751116710712,9.861140255719269,20.76759998277397,17.946508407592773,17.95679473876953,0.0551297552883625,3.158702303612202,0.1818598061800003,10.419799357181184,0.14605966210365295
sac,10,10017,1,308,52,2,1,1,0,1,0,0.8821325916854869,1.5203727884881584,-0.4918419221326182,17.651046752929688,18.15697479248047,0.014601522125303745,0.8366055922467965,0.11460655927658081,6.566472151063974,0.07190480083227158
sac,10,10017,1,309,53,2,1,1,0,1,0,-5.876708422257311,0.5831478909573486,-6.924514082450627,13.327686309814453,13.064865112304688,0.025702694430947304,1.4726559130076857,0.16390357911586761,9.390983330427796,0.10765448212623596
sac,10,10017,1,310,54,2,1,1,0,1,0,-3.0448027093433043,-2.5440678809113293,1.768213032711241,18.37953758239746,19.97536277770996,0.016737913712859154,0.9590118136009752,0.17690815031528473,10.13609037453178,0.10519199073314667
sac,10,10017,1,311,55,2,1,1,0,1,0,-13.385873037282689,3.65867279118737,23.09388045181027,20.68984031677246,23.403905868530273,0.029552634805440903,1.6932412478431844,0.06588531285524368,3.7749503585044906,0.062495291233062744
sac,10,10017,1,312,56,2,1,1,0,1,0,-12.130156418754185,0.9072813482094738,-9.387425655643865,14.616004943847656,17.022666931152344,0.023063188418745995,1.3214233585091442,0.23341533541679382,13.373713593012774,0.13977085053920746
sac,10,10017,1,313,57,1,1,1,0,1,0,-0.2750790386330935,-3.4693126266379366,58.48610390049713,17.728574752807617,19.292028427124023,0.08517077565193176,4.879925982711282,0.35148143768310547,20.138402956432394,0.2609114944934845
sac,10,10017,1,314,58,2,1,1,0,1,0,13.819426125038419,3.040431388274496,-0.23682997928102212,16.502859115600586,16.57793426513672,0.029955873265862465,1.7163451097626932,0.2032747119665146,11.646783077418737,0.1315932273864746
sac,10,10017,1,315,59,2,1,1,0,1,0,10.61135457377513,5.772575358171297,-0.5709081919646858,14.04599380493164,16.212509155273438,0.03367798775434494,1.9296065608172341,0.13718736171722412,7.8602568289315435,0.102271668612957
sac,10,10017,1,316,60,1,1,1,0,1,0,4.359600464192419,20.744254396190865,-61.37030154169675,13.36314582824707,15.396280288696289,0.10074181109666824,5.772080596343294,0.4254882037639618,24.378678308277397,0.31348592042922974
sac,10,10017,1,317,61,2,1,1,0,1,0,11.62903909972869,3.1875263422398907,-2.639089472644547,14.240616798400879,13.516975402832031,0.02208988182246685,1.2656569983701058,0.1276841014623642,7.315760124713651,0.0859319344162941
sac,10,10017,1,318,62,1,1,1,0,1,0,23.26559140754439,35.28373272391037,81.89947328092391,15.70893383026123,16.141965866088867,0.24532493948936462,14.056083642042898,0.7864830493927002,45.062159388780785,0.6385664939880371
sac,10,10017,1,319,63,2,1,1,0,1,0,-3.533734970889497,8.783705234906439,25.194341206507612,17.373044967651367,17.275602340698242,0.06639547646045685,3.8041805799443833,0.11049848049879074,6.331096575189341,0.12164472043514252
sac,10,10017,1,320,64,2,1,1,0,1,0,12.346823679605329,6.276752601944958,31.894510895480003,16.592601776123047,18.299285888671875,0.03906792774796486,2.2384273742804255,0.16182813048362732,9.272068883204227,0.11998198926448822
sac,10,10017,1,321,65,2,1,1,0,1,0,3.7198439653940043,-2.628980792672928,25.329606272830546,20.3609676361084,21.076629638671875,0.04638883098959923,2.657884232249718,0.18202102184295654,10.42903633425998,0.1373993456363678
sac,10,10017,1,322,66,2,1,1,0,1,0,-9.351690105906359,0.8644833828701739,1.2897582813518478,11.630563735961914,13.262386322021484,0.02606034278869629,1.4931476544564874,0.180421382188797,10.337383733334871,0.11627103388309479
sac,10,10017,1,323,67,2,1,1,0,1,0,-5.251008452770783,11.237122845153358,22.067234717665656,13.857772827148438,15.042336463928223,0.05400020256638527,3.0939836999053925,0.07397828996181488,4.238643790407017,0.09098935127258301
sac,10,10017,1,324,68,2,1,1,0,1,0,7.695068703854785,0.40175172698015,5.6217784416757555,15.8975830078125,16.196203231811523,0.030143320560455322,1.7270850486240092,0.12769456207752228,7.3163594738133195,0.09399060159921646
sac,10,10017,1,325,69,1,1,1,0,1,0,-11.53319788529507,3.9109663187493013,-30.74788605837494,21.902875900268555,23.21426010131836,0.03390241786837578,1.9424654591468409,0.12296246737241745,7.045230418954609,0.0953836515545845
sac,10,10017,1,326,70,2,1,1,0,1,0,-0.0676052124047862,1.2734068084788372,0.1668478610450715,14.12511157989502,14.63900375366211,0.026445448398590088,1.5152125805702137,0.08754982799291611,5.016235641090404,0.07022036612033844
sac,10,10017,1,327,71,2,1,1,0,1,0,6.168234556411795,1.3937001001411018,6.641512024380319,20.17313575744629,20.524072647094727,0.03197070583701134,1.8317865125150157,0.08536277711391449,4.890926856143234,0.07465209066867828
sac,10,10017,1,328,72,2,1,1,0,1,0,7.381153209601,0.6621595192760562,21.14239978328925,18.192718505859375,18.530797958374023,0.01520444080233574,0.871150287830341,0.16737429797649384,9.589840873018131,0.09889158606529236
sac,10,10017,1,329,73,2,1,1,0,1,0,7.7986007112938385,1.6233857015502906,30.325944292208234,19.625608444213867,19.90888786315918,0.01920372247695923,1.100292248870279,0.1848783791065216,10.592750846023307,0.11164291203022003
sac,10,10017,1,330,74,2,1,1,0,1,0,-2.655154077572417,-0.9043853480013884,-17.94980544068521,20.35597801208496,19.249835968017578,0.04304764047265053,2.4664481170794237,0.06329680234193802,3.6266396308668334,0.07469604164361954
sac,10,10017,1,331,75,2,1,1,0,1,0,-2.763562840078859,5.482797752444336,-3.2652265742379556,19.063039779663086,18.891883850097656,0.0537862665951252,3.0817260716661585,0.13213691115379333,7.570887327007491,0.11985471844673157
sac,10,10017,1,332,76,2,1,1,0,1,0,6.4173042346854805,7.968426534817036,4.100572370108855,17.347307205200195,18.537755966186523,0.04753480106592178,2.7235434810712853,0.09331103414297104,5.346328438393365,0.094190314412117
sac,10,10017,1,333,77,2,1,1,0,1,0,10.099404574725995,1.305945829684778,25.05902149867132,17.82750701904297,17.905620574951172,0.007324218284338713,0.41964679592515697,0.15747638046741486,9.022731973779266,0.08606240898370743
sac,10,10017,1,334,78,2,1,1,0,1,0,10.420887918580155,8.973953324047972,-9.75516304055735,14.800280570983887,15.653218269348145,0.04110266640782356,2.3550093119024345,0.21572135388851166,12.359923128659767,0.1489633470773697
sac,10,10017,1,335,79,2,1,1,0,1,0,12.203758537250243,7.157082023689561,-6.85113053000801,16.834835052490234,18.83856964111328,0.046865880489349365,2.685217155204228,0.22315746545791626,12.785980937575054,0.1584446132183075
sac,10,10017,1,336,80,2,1,1,0,1,0,13.296247294993782,1.1689322349343223,-0.8909435357148032,15.233172416687012,16.437667846679688,0.054061997681856155,3.097524299216398,0.201462522149086,11.542952249203495,0.15479326248168945
sac,10,10017,1,337,81,2,1,1,0,1,0,-9.557961818840743,4.397603636734369,0.7491078274103184,21.442201614379883,22.21617889404297,0.027643099427223206,1.583832929840393,0.23154501616954803,13.266552193803506,0.14341560006141663
sac,10,10017,1,338,82,1,1,1,0,1,0,9.913377542491526,3.3601252225661127,-13.411172057968416,10.993169784545898,12.048606872558594,0.0230844859033823,1.3226436144930493,0.12126315385103226,6.9478669261097235,0.08371606469154358
sac,10,10017,1,339,83,2,1,1,0,1,0,18.123825000358796,2.5661567126871505,-9.65205450484684,12.982046127319336,15.435733795166016,0.03552554175257683,2.0354636073384422,0.2787269055843353,15.969875326723791,0.1748889982700348
sac,10,10017,1,340,84,2,1,1,0,1,0,-11.610515626699614,-0.18568552277596664,-15.40028706881621,17.97377586364746,18.716829299926758,0.020644325762987137,1.182832737112356,0.37709301710128784,21.60583836375837,0.20919083058834076
sac,10,10017,1,341,85,2,1,1,0,1,0,10.308982099218666,6.177414330656292,18.904406339464533,14.85412311553955,17.22519302368164,0.0460783876478672,2.6400971389905354,0.15306076407432556,8.76973579050647,0.12260876595973969
sac,10,10017,1,342,86,2,1,1,0,1,0,-2.500245387196528,-2.1010344905876224,-19.725108209754925,21.724048614501953,20.828123092651367,0.054182276129722595,3.1044157466455293,0.10710018873214722,6.13638879940661,0.1077323704957962
sac,10,10017,1,343,87,2,1,1,0,1,0,1.821816357317501,1.0146382615837342,-1.095412078708305,18.072067260742188,16.712217330932617,0.02425391413271427,1.3896469164772283,0.06070711091160774,3.478261241667711,0.05460746958851814
sac,10,10017,1,344,88,2,1,1,0,1,0,-11.614886947768424,3.2874656701755174,-5.898018612467751,15.856084823608398,17.22655487060547,0.044985659420490265,2.5774884234070248,0.17396873235702515,9.967674131298542,0.13197001814842224
sac,10,10017,1,345,89,2,1,1,0,1,0,-12.792575485218702,0.7017336353271101,-13.329701561548505,20.398775100708008,21.65744400024414,0.0038023923989385366,0.21786103651180255,0.4586157500743866,26.276746897488923,0.23311026394367218
sac,10,10017,1,346,90,2,1,1,0,1,0,-12.03655550636833,2.3576310373266613,0.19453744794030317,21.444826126098633,22.85695457458496,0.02440478466451168,1.398291161202114,0.3016102910041809,17.280996732252145,0.1752099245786667
sac,10,10017,1,347,91,1,1,1,0,1,0,8.112297639494184,0.005136302255849589,47.72721724064972,18.483694076538086,20.806293487548828,0.01800723560154438,1.031738600666213,0.15117961168289185,8.661953697856376,0.09359703958034515
sac,10,10017,1,348,92,2,1,1,0,1,0,-0.08416159095289712,-0.06798770299830692,-6.725291124739695,19.33779525756836,22.03095054626465,0.036805957555770874,2.1088260288833145,0.08137726038694382,4.662573568509021,0.07749459147453308
sac,10,10017,1,349,93,1,1,1,0,1,0,1.6680961198571942,-3.4939559491633427,37.08932055175992,21.411725997924805,22.042577743530273,0.06126691773533821,3.510335810010091,0.24454174935817719,14.01121015296956,0.1835377961397171
sac,10,10017,1,350,94,2,1,1,0,1,0,3.3466560895228477,-0.773518923503944,19.99629404056111,13.533448219299316,14.282600402832031,0.011523758992552757,0.6602627543992025,0.05017918720841408,2.875055646438974,0.036613352596759796
sac,10,10017,1,351,95,1,1,1,0,1,0,12.402530702475953,5.9873301660548375,3.5943460695841902,10.08289623260498,12.770161628723145,0.011957002803683281,0.6850857962771444,0.4229937195777893,24.23575489234759,0.22345386445522308
sac,10,10017,1,352,96,1,1,1,0,1,0,0.4514072022461427,0.2617601697515687,-0.14825608612429678,11.400975227355957,12.157607078552246,0.019799616187810898,1.1344344435404687,0.44971764087677,25.766922794818953,0.2446584403514862
sac,10,10017,1,353,97,1,1,1,0,1,0,11.585380530553968,-2.7536180846473206,29.897595808600055,15.703439712524414,14.770709991455078,0.01235450804233551,0.7078611687862577,0.6518394351005554,37.34764855145356,0.3382742404937744
sac,10,10017,1,354,98,1,1,1,0,1,0,2.4815033481140127,0.0884372893733251,15.082013913871956,9.616341590881348,12.343771934509277,0.017539432272315025,1.0049354442592022,0.5211599469184875,29.86026540969135,0.27811941504478455
sac,10,10017,1,355,99,2,1,1,0,1,0,10.979296864363716,2.8536257144746475,6.145681271772413,15.485623359680176,17.599021911621094,0.05686654523015022,3.2582130371774105,0.10134746134281158,5.806781799308367,0.10754027962684631
sac,10,10017,1,356,100,2,1,1,0,1,0,-9.166783224695774,3.7324388342235078,-6.327391624451432,17.2425537109375,17.077571868896484,0.029994642361998558,1.718566415346828,0.14610561728477478,8.371235233571245,0.1030474528670311
sac,10,10017,1,357,101,1,1,1,0,1,0,7.334707923244912,14.005712704461347,-18.669762020717915,13.709620475769043,14.300836563110352,0.044754765927791595,2.5642592007583564,0.5024831295013428,28.790162596952527,0.2959963381290436
sac,10,10017,1,358,102,2,1,1,0,1,0,-8.215529118609757,3.9406366605038365,13.563471616081362,15.228058815002441,14.500394821166992,0.012223216705024242,0.7003387292716936,0.23820987343788147,13.648420386336102,0.13132815062999725
sac,10,10017,1,359,103,2,1,1,0,1,0,-7.962812119319286,-1.7397448042506278,-3.548706745550165,14.382903099060059,13.941985130310059,0.02722848765552044,1.5600774251853828,0.19471223652362823,11.156189372356938,0.1245846077799797
sac,10,10017,1,360,104,1,1,1,0,1,0,9.07398827463198,8.69887428541488,55.38268450769677,19.298471450805664,20.20216941833496,0.04228987917304039,2.4230315927334143,0.2917492687702179,16.7160017765614,0.18816451728343964
sac,10,10017,1,361,105,2,1,1,0,1,0,-11.53729599879708,0.6642222364054,-11.407631687593556,24.86588478088379,23.86825942993164,0.008293154649436474,0.4751627602620057,0.3739226460456848,21.42418948278188,0.19525447487831116
sac,10,10017,1,362,106,1,1,1,0,1,0,22.664985553068494,6.124890175938894,-38.28710350574838,22.079618453979492,22.09016227722168,0.08548044413328171,4.89766867974086,0.137751042842865,7.892553378421949,0.1543559730052948
sac,10,10017,1,363,107,2,1,1,0,1,0,9.523715250342299,4.099001426599752,10.8522963269365,15.404648780822754,17.655912399291992,0.01854720339179039,1.062676476120315,0.1874319314956665,10.739058620686858,0.11226317286491394
sac,10,10017,1,364,108,1,1,1,0,1,0,-2.2158363101571967,11.069305097246145,-33.09670615167229,10.644095420837402,12.17821979522705,0.02658814750611782,1.5233886371718364,0.42684662342071533,24.456510021416985,0.24001145362854004
sac,10,10017,1,365,109,2,1,1,0,1,0,-3.8667203533059586,11.272352960892285,0.7321416375120068,11.099322319030762,13.054129600524902,0.02651047520339489,1.5189383420407498,0.28656384348869324,16.418898792949598,0.16979239881038666
sac,10,10017,1,366,110,2,1,1,0,1,0,-1.9131769676555916,0.3895120279874872,-5.01386428478794,11.175682067871094,13.755899429321289,0.05631124600768089,3.226396735363022,0.07065419852733612,4.048187380495796,0.09163834154605865
sac,10,10017,1,367,111,2,1,1,0,1,0,4.775955135618056,8.106532959834693,-2.726024120400469,20.57032012939453,21.167850494384766,0.0337664894759655,1.9346773359457339,0.18411056697368622,10.548758451352901,0.1258217692375183
sac,10,10017,1,368,112,2,1,1,0,1,0,-1.3253982084409743,8.06172691887941,1.5600971687009524,15.28946590423584,15.545609474182129,0.007862641476094723,0.4504961724047394,0.13579106330871582,7.780254823183185,0.07575817406177521
sac,10,10017,1,369,113,2,1,1,0,1,0,-13.523132518843266,9.913841995355087,-23.03966241017871,23.832195281982422,23.73260498046875,0.0637575089931488,3.6530361775748172,0.3641754388809204,20.865715650201203,0.245845228433609
sac,10,10017,1,370,114,2,1,1,0,1,0,-17.276294147008592,4.79977883544306,-7.351592150873184,17.46497344970703,17.57069206237793,0.00935748964548111,0.5361446635234365,0.38634753227233887,22.136083024499385,0.20253124833106995
sac,10,10017,1,371,115,1,1,1,0,1,0,18.809029577894474,5.798830605340825,-40.28873142315563,10.886760711669922,12.886713027954102,0.07690799236297607,4.406503373222896,0.23989324271678925,13.744870341379498,0.1968546211719513
sac,10,10017,1,372,116,2,1,1,0,1,0,-15.382310010920737,2.3153111852292625,1.8996941742339863,15.986322402954102,16.539794921875,0.03298197314143181,1.88972786101788,0.2857345640659332,16.371384581988405,0.17584925889968872
sac,10,10017,1,373,117,2,1,1,0,1,0,-8.446170946502749,0.005300226795929895,-7.0166943154891195,16.607290267944336,15.461886405944824,0.04639318957924843,2.6581339610412464,0.14473173022270203,8.292517303386848,0.11875905096530914
sac,10,10017,1,374,118,2,1,1,0,1,0,-14.453131076232202,0.3029052293117255,-3.367515487248067,17.203725814819336,16.833255767822266,0.025811493396759033,1.4788896345640858,0.29234519600868225,16.750145892222292,0.17198409140110016
sac,10,10017,1,375,119,2,1,1,0,1,0,2.315570732417723,6.544236470220997,-2.076063318982056,22.266000747680664,23.747676849365234,0.03163972869515419,1.8128229191712983,0.125323086977005,7.180483959333317,0.0943012684583664
sac,10,10017,1,376,120,2,1,1,0,1,0,-4.873708803019278,3.9673973416719464,2.8579833751651154,12.826370239257812,15.817619323730469,0.026428045704960823,1.5142154796730976,0.07420924305915833,4.25187642815027,0.06353266537189484
sac,10,10017,1,377,121,2,1,1,0,1,0,-5.090963460139044,4.390213372052416,7.01158533398995,19.727998733520508,21.011642456054688,0.031248891726136208,1.7904296103688826,0.20927250385284424,11.990431238903234,0.13588514924049377
sac,10,10017,1,378,122,2,1,1,0,1,0,-13.55231108697756,5.091250328084184,12.537741127285527,24.49106216430664,23.144916534423828,0.03383300080895424,1.938488154615778,0.25342443585395813,14.52015059991566,0.160545215010643
sac,10,10017,1,379,123,2,1,1,0,1,0,-4.209322642073798,8.734855721962507,-6.354220607511243,23.39631462097168,22.846805572509766,0.03358150273561478,1.9240783764577551,0.015942029654979706,0.9134110161027371,0.04155251756310463
sac,10,10017,1,380,124,2,1,1,0,1,0,10.891706518447473,2.9918960640323853,-4.0441959886995695,18.863636016845703,21.226451873779297,0.05134536325931549,2.9418726123248584,0.22116684913635254,12.671927023719597,0.16192878782749176
sac,10,10017,1,381,125,1,1,1,0,1,0,3.0443519168580835,-4.098345728439431,-34.08145550544805,20.752655029296875,19.611888885498047,0.07841231673955917,4.492694811019756,0.2525634765625,14.470821266182535,0.20469406247138977
sac,10,10017,1,382,126,1,1,1,0,1,0,10.080129780888218,4.266108834833284,61.642006466879856,13.975204467773438,15.557300567626953,0.0303437951952219,1.738571399095561,0.22654575109481812,12.980115404354327,0.1436166763305664
sac,10,10017,1,383,127,2,1,1,0,1,0,-11.972734218763732,4.280725439657111,-13.581435013598494,14.187495231628418,15.562630653381348,0.042116422206163406,2.4130932406042227,0.2180725634098053,12.494637510980867,0.15115270018577576
sac,10,10017,1,384,128,2,1,1,0,1,0,-2.352986508691053,8.0674915985389,5.436147560413149,22.537405014038086,21.603443145751953,0.01901915855705738,1.0897175152095127,0.08125700801610947,4.655683615183771,0.05964766442775726
sac,10,10017,1,385,129,2,1,1,0,1,0,-3.6868951328378627,-6.156309046120953,-9.456383245504314,14.047008514404297,13.819870948791504,0.03247887268662453,1.8609023282863106,0.08862094581127167,5.0776061714434375,0.07678934931755066
sac,10,10017,1,386,130,2,1,1,0,1,0,-0.9542184081858014,1.0355249800656332,0.18561722088426652,20.355802536010742,21.426300048828125,0.03760814294219017,2.154787865912211,0.08908342570066452,5.1041043172153255,0.08214985579252243
sac,10,10017,1,387,131,2,1,1,0,1,0,-11.664228234332596,-3.245009214294718,13.413849492123061,17.136127471923828,18.880897521972656,0.030637940391898155,1.7554246774291558,0.21661749482154846,12.411268221971692,0.13894668221473694
sac,10,10017,1,388,132,2,1,1,0,1,0,7.811318523528403,2.4038031161159474,13.942301228206949,17.603179931640625,17.514480590820312,0.04142831265926361,2.373667467724205,0.09957177191972733,5.705042289639619,0.09121419489383698
sac,10,10017,1,389,133,2,1,1,0,1,0,6.780328789071658,0.03428754963346401,8.098350393209019,17.681095123291016,18.99639320373535,0.033403296023607254,1.9138678839788208,0.04690099135041237,2.6872288593582083,0.05685379356145859
sac,10,10017,1,390,134,8,1,1,0,1,0,-6.253789505955375,-5.350182799519368,11.42084127344836,19.647186279296875,20.805496215820312,0.04260857030749321,2.441291249705797,0.13186784088611603,7.555470736277126,0.10854248702526093
sac,10,10017,1,391,135,1,1,1,0,1,0,-0.22114786494667285,15.647307690338891,-26.93784261480175,12.837547302246094,12.773417472839355,0.03781260550022125,2.166502707555841,0.6018933057785034,34.48594613828537,0.33875924348831177
sac,10,10017,1,392,136,1,1,1,0,1,0,-7.589228092476268,2.714153251622987,49.007495219433586,21.021711349487305,23.75125503540039,0.03528748080134392,2.0218237195659268,0.15059474110603333,8.628443082241,0.11058485507965088
sac,10,10017,1,393,137,2,1,1,0,1,0,-12.109064794597186,0.9525245212716382,14.28570947929685,18.946271896362305,17.215038299560547,0.05516699329018593,3.160835883954185,0.3001187741756439,17.19553911290424,0.2052263766527176
sac,10,10017,1,394,138,2,1,1,0,1,0,-0.19579420274758552,-0.9989151661143648,0.28360311471726946,17.809947967529297,17.202850341796875,0.018437005579471588,1.0563626065628726,0.20785732567310333,11.909347501945074,0.12236566841602325
sac,10,10017,1,395,139,1,1,1,0,1,0,-8.74167225075418,-11.90710976121825,62.13899835164666,15.716450691223145,17.88357162475586,0.12055525928735733,6.907307555270895,0.42201200127601624,24.179506576985244,0.33156126737594604
sac,10,10017,1,396,140,2,1,1,0,1,0,-2.0720198469934084,3.087122561440703,2.1922448367639724,19.05687713623047,21.654897689819336,0.04817195236682892,2.760049561524534,0.07523026317358017,4.310376571504606,0.0857870876789093
sac,10,10017,1,397,141,2,1,1,0,1,0,-12.353421642343562,-0.8996861778524196,6.552077527388172,13.628983497619629,15.804313659667969,0.029941869899630547,1.7155427759786281,0.2453998178243637,14.060373854615312,0.15264177322387695
sac,10,10017,1,398,142,2,1,1,0,1,0,-0.9823587875662539,-3.6423076579360196,26.82119664415627,21.141067504882812,21.18723487854004,0.03933743014931679,2.253868724446532,0.16164997220039368,9.261861165489643,0.12016241252422333
sac,10,10017,1,399,143,1,1,1,0,1,0,10.685243560216328,14.785365137839962,-26.15696074737253,16.319072723388672,18.32636260986328,0.04120159149169922,2.360677301696487,0.6152259111404419,35.24984815543794,0.34881454706192017
sac,10,10017,1,400,144,2,1,1,0,1,0,-10.062084421101044,-8.202524438430054,16.017449301840223,11.866640090942383,13.999457359313965,0.04099655523896217,2.3489295897674767,0.23015902936458588,13.187140999418352,0.1560760736465454
sac,10,10017,1,401,145,2,1,1,0,1,0,-1.7449357480198375,2.98904104495932,-10.572272231344316,15.68811321258545,14.453689575195312,0.013997184112668037,0.8019795747234467,0.14114773273468018,8.087169373537707,0.08457104861736298
sac,10,10017,1,402,146,2,1,1,0,1,0,-0.5971361183775348,2.1215387184760006,-0.5529857755825723,12.114089012145996,13.817780494689941,0.021279094740748405,1.2192023205039102,0.09991398453712463,5.724649628312609,0.07123608887195587
sac,10,10017,1,403,147,2,1,1,0,1,0,-1.9171657981308792,5.627365536416826,24.432310661187632,22.140975952148438,22.305734634399414,0.029538100585341454,1.692408498372972,0.03644504025578499,2.088146990840866,0.04776062071323395
sac,10,10017,1,404,148,1,1,1,0,1,0,-17.432732799758565,10.280896361351573,51.75596334144672,15.448467254638672,16.537418365478516,0.07543828338384628,4.3222952516062785,0.31983649730682373,18.32528142992832,0.23535653948783875
sac,10,10017,1,405,149,2,1,1,0,1,0,11.01859777284797,5.295513965402586,-21.622480119671106,17.489633560180664,17.76314926147461,0.043920911848545074,2.5164828812877635,0.10537432879209518,6.037504308810928,0.09660807251930237
sac,10,10017,1,406,150,1,1,1,0,1,0,-0.7457063932036522,-0.7573996770627139,25.914065560108536,15.299911499023438,14.35175609588623,0.04919581860303879,2.818712775645304,0.36599287390708923,20.969847006739926,0.2321922481060028
sac,10,10017,1,407,151,2,1,1,0,1,0,-10.753900621753296,5.63490606526052,2.4285010801547138,15.459821701049805,17.99864387512207,0.017783930525183678,1.0189441622468982,0.15015143156051636,8.603043316265016,0.092859648168087
sac,10,10017,1,408,152,2,1,1,0,1,0,9.803001685504121,-4.773933399623732,-4.133808070610137,18.88846206665039,20.767263412475586,0.045349132269620895,2.5983138836298054,0.09180887788534164,5.260261224662035,0.09125357121229172
sac,10,10017,1,409,153,2,1,1,0,1,0,-9.007776420817876,-4.079767613896997,5.761305546040775,15.925690650939941,16.598594665527344,0.0399957075715065,2.2915852424867538,0.22672860324382782,12.99059206076748,0.1533600091934204
sac,10,10017,1,410,154,1,1,1,0,1,0,-5.242484376686607,12.104283662178178,-35.66502120413716,12.718974113464355,14.849438667297363,0.03777658939361572,2.1644391366528506,0.3637218773365021,20.8397284879566,0.21963752806186676
sac,10,10017,1,411,155,2,1,1,0,1,0,-1.662645628899524,6.343907021864523,-2.208022573746702,18.32407569885254,20.547197341918945,0.03470870107412338,1.988662083928457,0.12415219098329544,7.113396560644983,0.0967848002910614
sac,10,10017,1,412,156,1,1,1,0,1,0,8.828962068346943,9.737213303418558,52.53006966121929,21.51790428161621,23.4038028717041,0.052998337894678116,3.036581082573313,0.16694624722003937,9.565315371255908,0.1364714652299881
sac,10,10017,1,413,157,2,1,1,0,1,0,-12.205124575084245,3.4503656818803212,0.9366101805055085,17.032087326049805,15.806366920471191,0.02177649736404419,1.2477013915374944,0.31774601340293884,18.205505525095685,0.1806495040655136
sac,10,10017,1,414,158,2,1,1,0,1,0,4.42430967638912,3.5790191250866816,-5.589294061983175,17.18256187438965,15.606437683105469,0.033130794763565063,1.8982547118664064,0.20405404269695282,11.691435439117695,0.13515782356262207
sac,10,10017,1,415,159,1,1,1,0,1,0,9.54047653456551,2.395333681545132,38.719290555670106,18.77104377746582,18.059768676757812,0.011211280710995197,0.6423590676764537,0.22603543102741241,12.950876218291148,0.12422899901866913
sac,10,10017,1,416,160,1,1,1,0,1,0,-8.0131915946373,-1.9989641436309518,-32.41898746146694,12.357510566711426,15.298872947692871,0.015691451728343964,0.8990539584673702,0.15204092860221863,8.71130352215701,0.09171191602945328
sac,10,10017,1,417,161,2,1,1,0,1,0,-2.729575818768876,8.943900491699917,9.773276702236226,12.758944511413574,14.342421531677246,0.020063674077391624,1.149563846160576,0.21932847797870636,12.566596115207892,0.12972791492938995
sac,10,10017,1,418,162,1,1,1,0,1,0,9.504249211207764,3.7225213995486492,-33.31505363905926,17.12139892578125,17.854883193969727,0.05441094934940338,3.1175177570209063,0.27008867263793945,15.474941036444449,0.1894552856683731
sac,10,10017,1,419,163,2,1,1,0,1,0,10.24211454724424,2.2366820475040754,-22.92065319408041,20.76114273071289,23.36474609375,0.012264212593436241,0.7026876206550904,0.18177276849746704,10.414812465313428,0.10315059870481491
sac,10,10017,1,420,164,2,1,1,0,1,0,-0.06558347641046243,-1.1428409123048735,0.04324875782452074,13.608088493347168,14.348119735717773,0.017471231520175934,1.0010278290020145,0.2670042812824249,15.298218429406832,0.150973379611969
sac,10,10017,1,421,165,2,1,1,0,1,0,-12.525760975481324,4.991611528472038,-8.429942417034798,14.017253875732422,13.989788055419922,0.041050177067518234,2.352001894233513,0.3118196725845337,17.86595120824496,0.19696001708507538
sac,10,10017,1,422,166,2,1,1,0,1,0,5.8994392918151135,3.7820943094895005,6.227124447435645,17.802236557006836,18.814064025878906,0.049972668290138245,2.8632229840321615,0.05884244665503502,3.371423849557195,0.0793938934803009
sac,10,10017,1,423,167,2,1,1,0,1,0,-13.039609767119723,-2.4402490055271358,-8.0034654052592,12.239462852478027,13.71257209777832,0.02702830731868744,1.5486079367433447,0.33715179562568665,19.317374944609135,0.19560420513153076
sac,10,10017,1,424,168,2,1,1,0,1,0,5.135236746339067,4.929661712700023,-12.107534832223102,19.663454055786133,19.457275390625,0.05859449878334999,3.3572174829703916,0.04623246565461159,2.648925158492777,0.08171073347330093
sac,10,10017,1,425,169,2,1,1,0,1,0,-16.31061468139551,4.097280218928909,3.286290877638275,15.445293426513672,16.10150146484375,0.030013585463166237,1.7196517750946254,0.3628183603286743,20.78796077668978,0.21142277121543884
sac,10,10017,1,426,170,2,1,1,0,1,0,-10.633361443280911,-0.8016593028843966,-6.252423468121372,17.88345718383789,16.991941452026367,0.019412333145737648,1.112244759752684,0.2574279010295868,14.749532257906782,0.1481262892484665
sac,10,10017,1,427,171,2,1,1,0,1,0,-14.11948999565542,-0.15896582274287677,-1.846951453463148,23.22022819519043,23.77024269104004,0.01636631041765213,0.9377205131324587,0.3821586072444916,21.896075299707014,0.20744562149047852
sac,10,10017,1,428,172,2,1,1,0,1,0,14.657640600360724,7.186287912580536,-10.652267406903507,22.457468032836914,23.12852668762207,0.04008840397000313,2.296896354896673,0.2313823103904724,13.257229839360084,0.15577955543994904
sac,10,10017,1,429,173,2,1,1,0,1,0,-15.336520422724972,1.011277808512088,16.654487385348972,22.342575073242188,21.221410751342773,0.04134977608919144,2.369167653721636,0.3468182682991028,19.87122303157442,0.21475890278816223
sac,10,10017,1,430,174,2,1,1,0,1,0,1.9762742552081694,11.760752467683215,30.406540524414385,20.333744049072266,21.92160987854004,0.028626663610339165,1.64018700641317,0.09304694831371307,5.331197434947671,0.07515013962984085
sac,10,10017,1,431,175,2,1,1,0,1,0,-4.222054114686702,4.157836676110242,15.28275317357863,22.002714157104492,21.87251853942871,0.026362845674157143,1.5104797930839238,0.11109280586242676,6.365148910183263,0.08190924674272537
sac,10,10017,1,432,176,2,1,1,0,1,0,13.591079240706552,1.6663066102946507,32.06398154916636,22.856719970703125,22.80905532836914,0.012084783054888248,0.6924070653763105,0.1973268985748291,11.305998472743767,0.11074823141098022
sac,10,10017,1,433,177,2,1,1,0,1,0,14.803765667463976,0.40434719886475484,-8.751343798618917,15.771533012390137,17.43259048461914,0.045527465641498566,2.608531633184733,0.10048715770244598,5.757490031615677,0.09577104449272156
sac,10,10017,1,434,178,2,1,1,0,1,0,16.463091824426876,0.943290105513781,9.54547623303796,13.218052864074707,13.053396224975586,0.02609630487859249,1.49520813043001,0.24530218541622162,14.054779929685072,0.14874739944934845
sac,10,10017,1,435,179,1,1,1,0,1,0,10.689300692583315,3.2804578960870843,1.439380405310147,12.423737525939941,12.589986801147461,0.017224401235580444,0.9868854954386799,0.3915471136569977,22.433997093075124,0.21299795806407928
sac,10,10017,1,436,180,2,1,1,0,1,0,13.63245652669849,-0.5092179233811306,24.6183376934221,15.554133415222168,16.02499771118164,0.0064314897172153,0.368497216778224,0.23021477460861206,13.19033496662898,0.12153887748718262
sac,10,10017,1,437,181,2,1,1,0,1,0,-17.90264981465544,1.4076473464262678,9.514576457232822,19.855255126953125,22.19900894165039,0.04266858473420143,2.4447298230660754,0.29066064953804016,16.653628489060843,0.1879989057779312
sac,10,10017,1,438,182,2,1,1,0,1,0,7.240273727780316,-1.7069598962345667,11.258323752337077,23.530689239501953,22.21273422241211,0.009618698619306087,0.551110835294551,0.11569990962743759,6.629116511697215,0.06746865063905716
sac,10,10017,1,439,183,2,1,1,0,1,0,4.486915190321456,2.2756141257731484,-0.8156475303045827,15.44465446472168,14.588899612426758,0.011683541350066662,0.6694176091253996,0.13661621510982513,7.827532538844366,0.0799916461110115
sac,10,10017,1,440,184,2,1,1,0,1,0,-0.5253371698223608,3.6309558835354583,-0.9729058057549562,22.079299926757812,20.31606101989746,0.025664109736680984,1.4704451728724228,0.18361081182956696,10.520124590804915,0.11746951937675476
sac,10,10017,1,441,185,2,1,1,0,1,0,-1.7622024662416298,6.4705387290765595,2.5906634314291566,15.615372657775879,14.479598045349121,0.014498122967779636,0.8306812569154568,0.18229232728481293,10.444580991037283,0.10564428567886353
sac,10,10017,1,442,186,2,1,1,0,1,0,13.309511522361946,0.28822032259619806,-1.942300894276526,19.63909149169922,18.743125915527344,0.037996549159288406,2.177041902888582,0.21685466170310974,12.424856883325432,0.14642387628555298
sac,10,10017,1,443,187,1,1,1,0,1,0,-10.36037244253384,-0.35124930825707573,-26.775939810715766,14.964155197143555,17.015544891357422,0.031347669661045074,1.7960891691481786,0.1963842213153839,11.251987044334598,0.12953978776931763
sac,10,10017,1,444,188,1,1,1,0,1,0,-14.370239900464927,1.9418227810346251,48.02861982834404,10.118363380432129,13.625332832336426,0.06267145276069641,3.590809739141416,0.4068475067615509,23.31064504285709,0.26609522104263306
sac,10,10017,1,445,189,1,1,1,0,1,0,-16.136198970750065,5.079584364981803,-52.55842860665318,9.536163330078125,12.999711036682129,0.02582395263016224,1.479603496054058,0.3027961254119873,17.34894003902085,0.17722201347351074
sac,10,10017,1,446,190,1,1,1,0,1,0,-12.28266088254223,3.239586044093728,-32.45051561467572,16.696176528930664,16.670425415039062,0.017463993281126022,1.0006131084533476,0.5525632500648499,31.65954214274781,0.29374560713768005
sac,10,10017,1,447,191,2,1,1,0,1,0,-11.189393483233308,6.202057653181698,3.4564308898632925,22.127771377563477,21.92123031616211,0.029697801917791367,1.7015587107049674,0.17694054543972015,10.13794647843873,0.11816807091236115
sac,10,10017,1,448,192,2,1,1,0,1,0,1.3023394898030112,-0.4121745956535895,20.000747323899958,18.200000762939453,19.973665237426758,0.022561581805348396,1.2926834165856116,0.15270058810710907,8.749099227702922,0.09891187399625778
sac,10,10017,1,449,193,2,1,1,0,1,0,-11.670238800802206,6.096695155045082,-4.2934705726483555,21.30467414855957,21.786195755004883,0.00535957794636488,0.3070811962981007,0.2454768270254135,14.06478615681914,0.1280979961156845
sac,10,10017,1,450,194,2,1,1,0,1,0,13.962177078691685,-0.8071780957337669,8.93503490615724,21.084924697875977,20.531057357788086,0.054506588727235794,3.1229974897259605,0.18392154574394226,10.5379283326502,0.14646735787391663
sac,10,10017,1,451,195,2,1,1,0,1,0,-15.971126958889196,4.163615016148073,-18.686646248346186,19.960853576660156,18.90432357788086,0.017317844554781914,0.9922394032526178,0.35555407404899597,20.37174783168942,0.19509488344192505
sac,10,10017,1,452,196,1,1,1,0,1,0,-18.519224651410834,25.189259545765125,-82.37034652230459,14.129249572753906,14.604098320007324,0.14091405272483826,8.07378049521719,0.5854038596153259,33.541170466627115,0.4336159825325012
sac,10,10017,1,453,197,2,1,1,0,1,0,-12.739518575746043,-0.01733502011349236,-9.316009197682211,17.36634063720703,18.484390258789062,0.011217321269214153,0.6427051661683029,0.3194311857223511,18.302058786750276,0.17093291878700256
sac,10,10017,1,454,198,1,1,1,0,1,0,-5.657322746116502,-2.5831912044771626,33.97728146022701,11.747407913208008,14.221806526184082,0.06744260340929031,3.864176534726952,0.25716260075569153,14.734331671908919,0.19602391123771667
sac,10,10017,1,455,199,1,1,1,0,1,0,-1.0076578082519811,2.8060602770946783,34.74157962835144,21.64687156677246,23.480915069580078,0.04008261486887932,2.2965646638351047,0.13287732005119324,7.613309631942441,0.10652127861976624
sac,10,10017,1,456,200,1,1,1,0,1,0,-5.629018442195968,2.0941633202825893,-21.99928799580237,12.437514305114746,12.71135139465332,0.01205142866820097,0.690495999790882,0.15165658295154572,8.689282138499243,0.0878797173500061
sac,10,10017,1,457,201,1,1,1,0,1,0,9.876221313406658,3.360179864079473,-3.4129772263636715,11.559928894042969,12.957191467285156,0.03539321571588516,2.0278818839163164,0.34383636713027954,19.700372679675723,0.20731139183044434
sac,10,10017,1,458,202,1,1,1,0,1,0,-6.946643895361468,2.210098951254386,-43.12861479702021,20.864194869995117,22.980485916137695,0.006783776916563511,0.3886817864773604,0.45343005657196045,25.97962854595149,0.23349881172180176
sac,10,10017,1,459,203,2,1,1,0,1,0,10.593049666799496,4.258008230477649,-25.95314790253935,23.16422462463379,23.726097106933594,0.05112998187541962,2.9295321680419377,0.21105314791202545,12.092454628309362,0.15665656328201294
sac,10,10017,1,460,204,1,1,1,0,1,0,5.2929458142746615,0.7336852602644297,51.813063722908026,10.242257118225098,12.385248184204102,0.014444892294704914,0.8276313640076345,0.32603222131729126,18.68027026675598,0.17746099829673767
sac,10,10017,1,461,205,2,1,1,0,1,0,1.9626958391381841,8.821230294206488,0.5568926437878197,12.963254928588867,14.502111434936523,0.00766035495325923,0.4389060083938889,0.13585643470287323,7.784000328169291,0.07558856904506683
sac,10,10017,1,462,206,2,1,1,0,1,0,0.21894854403392874,0.7409116004063032,-0.09678378053908068,16.710256576538086,16.000099182128906,0.02210059016942978,1.2662705414566433,0.1747261881828308,10.011073153284805,0.10946368426084518
sac,10,10017,1,463,207,2,1,1,0,1,0,6.928735139357695,9.624993295355248,1.4118137618199758,18.377458572387695,17.425128936767578,0.02874523028731346,1.6469803765946882,0.2014451026916504,11.541954187811028,0.12946778535842896
sac,10,10017,1,464,208,2,1,1,0,1,0,-3.7165654745923984,5.715160788008169,-0.38501776351361877,17.63511848449707,15.827522277832031,0.020717818289995193,1.1870435487356688,0.0567518025636673,3.2516387666578614,0.04909371957182884
sac,10,10017,1,465,209,2,1,1,0,1,0,8.890570374660458,3.9315525089077195,0.05920407972567052,13.809541702270508,16.469532012939453,0.050735779106616974,2.906946013117175,0.1544683873653412,8.85038666422598,0.12796998023986816
sac,10,10017,1,466,210,2,1,1,0,1,0,-4.930918467507305,4.789916042281562,-3.3257147295275886,18.906648635864258,19.717920303344727,0.04022619500756264,2.304791199803562,0.11873328685760498,6.80291622465689,0.09959283471107483
sac,10,10017,1,467,211,2,1,1,0,1,0,-14.594871161888307,5.909124500058192,11.82748341587424,17.13593292236328,17.173593521118164,0.03744714334607124,2.1455632685512858,0.3430083692073822,19.652931893248105,0.20895132422447205
sac,10,10017,1,468,212,2,1,1,0,1,0,-7.9512827600003035,3.7660570253183105,0.7109680510849673,12.961761474609375,13.351883888244629,0.020596304908394814,1.1800813448156044,0.04456831142306328,2.5535761445662217,0.04288046061992645
sac,10,10017,1,469,213,1,1,1,0,1,0,-1.85864473732221,-0.02088671848189899,-34.02626757695434,14.1783447265625,15.827465057373047,0.026884395629167557,1.5403624043112585,0.3816587030887604,21.867432901422564,0.21771374344825745
sac,10,10017,1,470,214,2,1,1,0,1,0,-6.027300433077752,-3.288394575902639,2.4971171605566616,15.451921463012695,18.782085418701172,0.04170171171426773,2.3893320796988062,0.1657383143901825,9.496105918169816,0.12457086890935898
sac,10,10017,1,471,215,2,1,1,0,1,0,-14.116266146367172,7.267840371270488,20.035198798073502,12.196149826049805,15.553655624389648,0.04401949420571327,2.5221312342879525,0.29798588156700134,17.073333368274373,0.19301243126392365
sac,10,10017,1,472,216,2,1,1,0,1,0,11.010784036437476,-1.482765766918068,3.498928326879112,15.001510620117188,15.351541519165039,0.06491038203239441,3.7190909370380103,0.1432616263628006,8.208286556768606,0.1365411877632141
sac,10,10017,1,473,217,2,1,1,0,1,0,-2.9473768910222424,5.348611856010265,0.3311412313405582,15.666524887084961,15.662704467773438,0.01993149146437645,1.1419903403097953,0.11445081979036331,6.557548935800175,0.0771569013595581
sac,10,10017,1,474,218,2,1,1,0,1,0,14.664293204612315,-0.7564161298222322,-1.7555362016116973,19.96923065185547,21.176952362060547,0.04674365743994713,2.6782142903142607,0.20042015612125397,11.483229075100903,0.1469537317752838
sac,10,10017,1,475,219,2,1,1,0,1,0,6.617497079258554,6.963883292826581,-0.8628577978477109,12.803048133850098,15.089836120605469,0.04412426799535751,2.528134330238159,0.18780949711799622,10.760691537335582,0.13802900910377502
sac,10,10017,1,476,220,2,1,1,0,1,0,-6.213190861528819,5.89187144221474,-5.7574259985922085,17.92380142211914,19.047420501708984,0.029913444072008133,1.7139140960266974,0.16246940195560455,9.308811032070665,0.11114814877510071
sac,10,10017,1,477,221,1,1,1,0,1,0,-8.653152999110814,-1.6872343099115699,40.81512044211018,12.318346977233887,13.970187187194824,0.04731990769505501,2.7112309978752793,0.363976389169693,20.854310941834573,0.2293080985546112
sac,10,10017,1,478,222,2,1,1,0,1,0,-7.130840436898373,-5.644919122583758,-8.473218495615999,16.08686065673828,15.984393119812012,0.037676937878131866,2.158729525393543,0.1780005395412445,10.198679666764837,0.12667721509933472
sac,10,10017,1,479,223,2,1,1,0,1,0,-5.8979639709543905,0.24995760286578664,-11.324521945772842,15.039148330688477,15.500885009765625,0.03565144166350365,2.0426771408756217,0.27811044454574585,15.934554710978363,0.17470666766166687
sac,10,10017,1,480,224,1,1,1,0,1,0,13.388905641274174,8.31953923929071,-12.21818389677731,11.66553783416748,12.721633911132812,0.030020423233509064,1.7200435504765492,0.38040637969970703,21.79568005664429,0.22022360563278198
sac,10,10017,1,481,225,1,1,1,0,1,0,-2.493906971646756,3.5983758811944977,15.058873232963952,10.86914348602295,12.22947883605957,0.040465448051691055,2.3184993894677772,0.1647132784128189,9.437375682817814,0.12282209098339081
sac,10,10017,1,482,226,1,1,1,0,1,0,1.1762268769678959,-0.012362642397723079,0.3353622882476261,12.705284118652344,12.143804550170898,0.004651461727917194,0.2665091255762845,0.48976144194602966,28.061263591748983,0.24953217804431915
sac,10,10017,1,483,227,2,1,1,0,1,0,-12.436968516271158,-5.093476969753609,-8.434204455076886,13.787976264953613,16.24638557434082,0.04077625274658203,2.3363071867378817,0.20723338425159454,11.873598291829227,0.1443929374217987
sac,10,10017,1,484,228,2,1,1,0,1,0,0.8216580967741939,1.11427706119588,22.730855897424096,19.78762435913086,22.10460090637207,0.029254350811243057,1.6761508338793432,0.1819470226764679,10.424796494332695,0.1202278584241867
sac,10,10017,1,485,229,2,1,1,0,1,0,12.536757580045045,2.3920005492301657,-2.6131893953118586,12.117019653320312,13.573845863342285,0.06106651574373245,3.498853621685065,0.15501822531223297,8.881890057999017,0.13857562839984894
sac,10,10017,1,486,230,2,1,1,0,1,0,5.375891631555296,0.2902557189688619,8.86524403321805,15.24575138092041,15.771415710449219,0.048283256590366364,2.7664268237752103,0.07615603506565094,4.363419393712102,0.08636127412319183
sac,10,10017,1,487,231,1,1,1,0,1,0,-28.71112364787714,58.48659567411737,68.13101402747213,14.726629257202148,15.311551094055176,0.5374702215194702,30.79477530702708,0.6392884254455566,36.62852866959418,0.8571144342422485
sac,10,10017,1,488,232,2,1,1,0,1,0,9.707488320150663,8.116723602076354,0.002991622856465585,12.681632995605469,13.497848510742188,0.028629543259739876,1.640351998170308,0.16090162098407745,9.218983799201242,0.10908035188913345
sac,10,10017,1,489,233,1,1,1,0,1,0,-9.990394755572591,21.47382788257495,-69.07229605736993,13.95565128326416,16.832216262817383,0.11139889806509018,6.3826867015377395,0.6076095104217529,34.81346053917665,0.41520366072654724
sac,10,10017,1,490,234,2,1,1,0,1,0,6.7366019180052366,-2.558821089518557,16.12374070570396,14.98340892791748,18.50035285949707,0.025104718282818794,1.4383944034704323,0.19797521829605103,11.34314445654488,0.12409232556819916
sac,10,10017,1,491,235,2,1,1,0,1,0,-5.614757007208982,-3.153430037903187,-18.3308207133452,19.136993408203125,17.65585708618164,0.029831701889634132,1.7092306139684785,0.15186037123203278,8.700958346885379,0.10576188564300537
sac,10,10017,1,492,236,1,1,1,0,1,0,17.139075646583038,-5.143036822371221,-17.15143828898076,13.347026824951172,14.034931182861328,0.04733883962035179,2.712315717292842,0.20079603791236877,11.5047655153276,0.14773686230182648
sac,10,10017,1,493,237,2,1,1,0,1,0,-17.271048561726023,4.960657111153541,32.39860617698363,14.2991361618042,16.55394744873047,0.05119694769382477,2.9333690268081924,0.09015236794948578,5.165350196616007,0.09627313166856766
sac,10,10017,1,494,238,2,1,1,0,1,0,-10.296496513415882,7.306936374079641,5.258958792964678,16.038129806518555,18.4993839263916,0.027379048988223076,1.568703954107109,0.09330284595489502,5.34585928977475,0.07403047382831573
sac,10,10017,1,495,239,2,1,1,0,1,0,-2.2751223521529074,4.7008776962612755,8.502151176940172,18.659046173095703,18.453636169433594,0.050858158618211746,2.9139578426304276,0.13502250611782074,7.736219739830466,0.11836941540241241
sac,10,10017,1,496,240,2,1,1,0,1,0,0.12440506554261224,0.3917113489002313,-0.2516924709149699,23.593536376953125,21.524097442626953,0.014772969298064709,0.84642879165545,0.1532360017299652,8.779776168586388,0.09139096736907959
sac,10,10017,1,497,241,1,1,1,0,1,0,-20.94503463703256,-3.7949760462641446,53.20218759630522,13.312333106994629,16.513771057128906,0.09199591726064682,5.270977791469784,0.2996349334716797,17.16781708261045,0.24181339144706726
sac,10,10017,1,498,242,2,1,1,0,1,0,-4.739345321666788,0.4492625228467587,4.631564936563986,15.131368637084961,16.12281036376953,0.007462934125214815,0.42759462815896593,0.22678671777248383,12.993921777987861,0.12085629254579544
sac,10,10017,1,499,243,1,1,1,0,1,0,8.230692138567186,2.5195338414126436,33.927612324582675,11.322546005249023,13.125082015991211,0.0237369854003191,1.3600290818019372,0.25279584527015686,14.484135012422183,0.15013490617275238
sac,10,10017,1,500,244,2,1,1,0,1,0,-0.9820309384860934,10.591669968587153,-3.77109770492578,21.795127868652344,23.709510803222656,0.008923845365643501,0.5112986764787516,0.3022499978542328,17.317649234885728,0.16004884243011475
sac,10,10017,1,501,245,2,1,1,0,1,0,10.18258261843841,2.609583055430092,1.2039574449981476,18.821874618530273,21.283876419067383,0.02314567007124424,1.3261492090845584,0.18933425843715668,10.848053925688275,0.11781279742717743
sac,10,10017,1,502,246,2,1,1,0,1,0,8.064021862440534,-0.2502717915676072,-10.048041552167499,12.916845321655273,15.23034954071045,0.034531742334365845,1.9785230949923962,0.18722598254680634,10.727258615122015,0.1281447410583496
sac,10,10017,1,503,247,2,1,1,0,1,0,16.060383870962923,-0.6135832138989255,15.472195300398104,19.707571029663086,22.10803985595703,0.00817298423498869,0.46827750269180973,0.2180306613445282,12.49223669948761,0.11718831211328506
sac,10,10017,1,504,248,2,1,1,0,1,0,-5.98872352464552,-3.4644495319488877,15.086672102885904,21.2669620513916,21.18719482421875,0.017087019979953766,0.9790141293070633,0.20908904075622559,11.979919577770584,0.12163154035806656
sac,10,10017,1,505,249,2,1,1,0,1,0,11.789248016900508,5.128898330789295,1.796599298901814,16.08561134338379,15.933087348937988,0.02093496359884739,1.1994850584739645,0.21364562213420868,12.24099245973692,0.12775777280330658
sac,10,10017,1,506,250,2,1,1,0,1,0,0.7085091829837626,1.2464275612572868,-2.5070209348531804,23.662336349487305,23.980653762817383,0.026415348052978516,1.5134879578047855,0.15904611349105835,9.112671050996347,0.10593840479850769
sac,10,10017,1,507,251,2,1,1,0,1,0,-7.5264449936255104,8.694817153047891,-10.165739371945158,20.557979583740234,21.441177368164062,0.02360549382865429,1.3524951697040015,0.15554533898830414,8.91209144696152,0.10137816518545151
sac,10,10017,1,508,252,2,1,1,0,1,0,1.4081391200465088,0.3809742915249712,12.56697433693318,18.90951919555664,21.738744735717773,0.006283288821578026,0.3600059309381494,0.13664068281650543,7.8289344351715116,0.07460363209247589
sac,10,10017,1,509,253,1,1,1,0,1,0,-11.77913933692889,0.5264573208462429,-21.29260930351617,15.714117050170898,15.684155464172363,0.037541911005973816,2.1509930554980343,0.10309140384197235,5.906702344223776,0.08908761292695999
sac,10,10017,1,510,254,2,1,1,0,1,0,3.624822373660787,-1.07126052980314,10.56893909902935,20.094276428222656,22.55081558227539,0.03416239470243454,1.9573610345095809,0.14483030140399933,8.298165016056803,0.1065775454044342
sac,10,10017,1,511,255,2,1,1,0,1,0,8.848537390508199,5.222267016743369,10.5313457378376,14.366455078125,15.244386672973633,0.017234206199645996,0.9874472784979135,0.2114536166191101,12.115399795052372,0.12296101450920105
sac,10,20024,2,512,0,2,1,1,0,1,0,-1.8961288154872398,9.317675763839695,7.6190077172575235,21.02838134765625,21.648834228515625,0.050248898565769196,2.8790498129995505,0.05333501473069191,3.0558712443367213,0.07691640406847
sac,10,20024,2,513,1,2,1,1,0,1,0,-2.9042100954677617,6.587485228045518,1.83732088673343,22.416372299194336,22.465604782104492,0.06412060558795929,3.6738400800130298,0.12205453217029572,6.993209563801677,0.12514787912368774
sac,10,20024,2,514,2,2,1,1,0,1,0,-6.538526432074867,0.1255525373231744,-17.88500060584013,18.364395141601562,18.13604164123535,0.023103389889001846,1.3237267330850253,0.07935696095228195,4.54681893755023,0.06278187036514282
sac,10,20024,2,515,3,2,1,1,0,1,0,5.028754097178568,1.8388235283508327,17.191408556003672,23.900829315185547,22.017074584960938,0.010621619410812855,0.6085739638338087,0.10593394190073013,6.069567778095907,0.06358858942985535
sac,10,20024,2,516,4,2,1,1,0,1,0,14.728674567728856,2.936161720405081,22.157188309034723,17.437105178833008,17.736873626708984,0.025091510266065598,1.4376376398547361,0.19101877510547638,10.944569621302433,0.12060089409351349
sac,10,20024,2,517,5,2,1,1,0,1,0,-9.624078050006467,9.603123029632867,16.296599133218642,22.483659744262695,22.000246047973633,0.049827154725790024,2.854885670933103,0.13956019282341003,7.9962100368133555,0.11960725486278534
sac,10,20024,2,518,6,2,1,1,0,1,0,2.772674312431656,-0.4691656940881759,5.906938839523788,11.621025085449219,13.920443534851074,0.031031010672450066,1.7779459455568034,0.13747522234916687,7.876750028229832,0.09976862370967865
sac,10,20024,2,519,7,2,1,1,0,1,0,11.102718382665847,0.27969624651202213,20.38643444595224,19.052827835083008,19.74783706665039,0.0056503452360630035,0.32374093481826094,0.13595685362815857,7.78975390877138,0.07362876832485199
sac,10,20024,2,520,8,1,1,1,0,1,0,13.684570870065688,9.033649177393885,41.67099778662613,15.104981422424316,14.689132690429688,0.05118434876203537,2.9326471611902867,0.572209894657135,32.78521195947927,0.33728930354118347
sac,10,20024,2,521,9,2,1,1,0,1,0,12.647488606869292,7.530379182587438,-12.726240687999539,24.25847625732422,23.311342239379883,0.061716657131910324,3.5361039793144338,0.2826203405857086,16.19295272011099,0.20302683115005493
sac,10,20024,2,522,10,2,1,1,0,1,0,-5.8496062316307,9.977553999932967,-4.221289133499661,17.750429153442383,18.75048828125,0.03692668676376343,2.1157433029652446,0.07271764427423477,4.166414113047309,0.07328550517559052
sac,10,20024,2,523,11,2,1,1,0,1,0,4.292541666921234,3.65312667758132,8.761807648427377,17.379287719726562,18.813879013061523,0.05165492370724678,2.9596091194955005,0.11637034267187119,6.667529495589367,0.10984009504318237
sac,10,20024,2,524,12,1,1,1,0,1,0,-13.194026683875371,6.0021516765537655,31.17549688155276,12.845547676086426,15.52253246307373,0.041304074227809906,2.3665491299485826,0.20177309215068817,11.560746599538671,0.142190620303154
sac,10,20024,2,525,13,2,1,1,0,1,0,-14.549791913366223,2.3447902816870374,2.0755169038484547,14.361215591430664,17.036453247070312,0.04711108282208443,2.6992662139967094,0.2253928780555725,12.914060644891133,0.15980751812458038
sac,10,20024,2,526,14,2,1,1,0,1,0,12.836165752501723,6.686085838903822,27.48103389911452,22.343107223510742,23.600576400756836,0.049464594572782516,2.8341125043461557,0.15863251686096191,9.088973709670988,0.12878085672855377
sac,10,20024,2,527,15,2,1,1,0,1,0,1.1331557040617954,1.616651135028658,0.20084854273339495,23.116981506347656,21.724843978881836,0.02857070602476597,1.6369808729280837,0.13293887674808502,7.616836570875106,0.09504014253616333
sac,10,20024,2,528,16,2,1,1,0,1,0,-20.517901927096645,-1.9034507782774934,17.547589260841498,22.139657974243164,23.61664390563965,0.058974191546440125,3.378972275807117,0.24245496094226837,13.891645984001196,0.1802016794681549
sac,10,20024,2,529,17,2,1,1,0,1,0,-18.20213994938216,0.11589464983677636,4.497324398616556,12.608735084533691,12.838562965393066,0.04682603478431702,2.682934164474151,0.3406009078025818,19.514994515412408,0.2171264886856079
sac,10,20024,2,530,18,2,1,1,0,1,0,10.222252357137844,5.461924694340777,-10.344362479119331,16.64927101135254,17.434226989746094,0.0352649912238121,2.0205351616903213,0.20036214590072632,11.479905334296046,0.13544607162475586
sac,10,20024,2,531,19,1,1,1,0,1,0,-17.461528877299337,5.666543501496019,-53.82458175423346,11.274543762207031,13.426545143127441,0.05241271108388901,3.0030271379453906,0.5379119515419006,30.82008457299656,0.3213686943054199
sac,10,20024,2,532,20,2,1,1,0,1,0,0.0033331323149662223,5.658483878275404,0.6390871402597531,16.946531295776367,16.05259132385254,0.018870973959565163,1.0812271631843637,0.12521123886108398,7.174075534344553,0.081476591527462
sac,10,20024,2,533,21,2,1,1,0,1,0,8.446553437096268,-0.09853230896660395,0.32821791037579273,11.649397850036621,13.189745903015137,0.023899871855974197,1.3693617882508191,0.11429192870855331,6.548445147410194,0.08104583621025085
sac,10,20024,2,534,22,2,1,1,0,1,0,10.779950963247725,1.787542468062377,-7.282798485552816,17.15534210205078,16.10819435119629,0.025603948161005974,1.4669981684973878,0.25984296202659607,14.88790506030207,0.15552543103694916
sac,10,20024,2,535,23,1,1,1,0,1,0,18.16413677684021,7.0934519813817225,-22.09638596504327,12.007863998413086,13.395824432373047,0.050770506262779236,2.9089357325997645,0.3299730718135834,18.906064367885552,0.21575704216957092
sac,10,20024,2,536,24,2,1,1,0,1,0,-12.878471944220783,-3.1050176570661367,11.080574909376665,13.259117126464844,13.926129341125488,0.04785802587866783,2.74206289867554,0.2405087649822235,13.780137169385213,0.16811241209506989
sac,10,20024,2,537,25,1,1,1,0,1,0,1.49444539039879,14.767306117674448,-33.781200389534284,21.493314743041992,23.435733795166016,0.04547002539038658,2.6052405492218447,0.47039279341697693,26.951521776161993,0.28066641092300415
sac,10,20024,2,538,26,1,1,1,0,1,0,-0.21573835512402276,-3.471498287172341,-36.66813010640191,20.34897232055664,20.970325469970703,0.07937196642160416,4.547678687612006,0.03062509372830391,1.754688617824381,0.09468451142311096
sac,10,20024,2,539,27,2,1,1,0,1,0,-7.852053771738358,2.9954477624007922,2.1627657403061975,22.64028549194336,22.979822158813477,0.013782612979412079,0.7896855543825411,0.2826600968837738,16.19523058819919,0.15511265397071838
sac,10,20024,2,540,28,2,1,1,0,1,0,5.980213108939684,3.670284112776392,1.5542778475281016,14.007267951965332,14.408913612365723,0.04999877139925957,2.8647185820169825,0.11170770972967148,6.400380306582658,0.1058526262640953
sac,10,20024,2,541,29,1,1,1,0,1,0,-6.964730236283662,-3.1911873236350177,-28.903024642797817,11.725820541381836,14.073416709899902,0.04614420607686043,2.6438682571860284,0.035877589136362076,2.055634436617959,0.06408300250768661
sac,10,20024,2,542,30,1,1,1,0,1,0,-9.922748562032785,9.772470739914164,-0.7613338660246413,12.741522789001465,12.728758811950684,0.028387341648340225,1.6264748680458405,0.08994448184967041,5.153439200477151,0.07335957884788513
sac,10,20024,2,543,31,2,1,1,0,1,0,3.662716263176018,-6.574207340299013,2.3787773029970207,19.50759506225586,19.489727020263672,0.04295741394162178,2.4612785176513703,0.23396222293376923,13.405047939603854,0.1599385291337967
sac,10,20024,2,544,32,2,1,1,0,1,0,-4.548427873986591,4.860130386949293,-0.0015982642657829838,13.587118148803711,14.527852058410645,0.00909901037812233,0.5213348924121448,0.16340656578540802,9.362506564230719,0.09080229699611664
sac,10,20024,2,545,33,2,1,1,0,1,0,7.634006812674872,2.3993498327770992,17.090540322340924,15.830618858337402,16.7075252532959,0.023381860926747322,1.3396819482644693,0.15530000627040863,8.898034917649635,0.10103186219930649
sac,10,20024,2,546,34,2,1,1,0,1,0,-8.831830747798348,-6.363127174188939,-16.705181049368807,24.24254608154297,23.78940773010254,0.029241884127259254,1.675436545502548,0.27213338017463684,15.5920941486358,0.16530857980251312
sac,10,20024,2,547,35,1,1,1,0,1,0,-7.125212361022282,7.684481910641265,30.777911569966317,14.768845558166504,15.016949653625488,0.05033015087246895,2.883705227249149,0.07349105179309845,4.210727099721882,0.08707568049430847
sac,10,20024,2,548,36,2,1,1,0,1,0,-1.8292476031344749,4.231602719146379,8.048817861348086,15.38887882232666,16.415647506713867,0.03141595423221588,1.8000015868821266,0.12362448871135712,7.083161447623452,0.09322819858789444
sac,10,20024,2,549,37,2,1,1,0,1,0,2.2430751045672075,4.2926099688129336,3.57272169067193,15.393533706665039,14.002625465393066,0.013894796371459961,0.7961131892783462,0.1146656721830368,6.569859071118653,0.07122763246297836
sac,10,20024,2,550,38,2,1,1,0,1,0,2.565473693770149,0.682417860354314,-2.1005973584807416,21.2609920501709,20.949951171875,0.0590374693274498,3.382597825595924,0.08046335726976395,4.6102107770107645,0.09926915168762207
sac,10,20024,2,551,39,2,1,1,0,1,0,-0.2632218302339514,7.213649650395607,21.154202350175034,17.36267852783203,16.778614044189453,0.016605300828814507,0.9514136550361592,0.07269291579723358,4.164997275681354,0.05295176059007645
sac,10,20024,2,552,40,2,1,1,0,1,0,-1.6928623857876604,6.702109462696672,-2.2784008429545133,14.346680641174316,17.022470474243164,0.028717027977108955,1.645364503247451,0.12668843567371368,7.258712677218412,0.09206124395132065
sac,10,20024,2,553,41,2,1,1,0,1,0,-6.533663337385818,4.149940977429707,-4.068128971551294,18.532962799072266,17.206998825073242,0.02324952371418476,1.3320995845121089,0.12014158815145493,6.8836059450773055,0.08332031965255737
sac,10,20024,2,554,42,1,1,1,0,1,0,6.810149394987934,-0.6977857859868427,7.183610478425891,10.480575561523438,12.116107940673828,0.012270838022232056,0.703067229762555,0.4123087525367737,23.623551376661005,0.2184252142906189
sac,10,20024,2,555,43,21,1,1,0,1,0,-1.775698920041575,0.17974325819805556,-20.41430161776589,13.044754981994629,14.578636169433594,0.008362535387277603,0.47913798371980604,0.09516981244087219,5.452828589913612,0.0559474416077137
sac,10,20024,2,556,44,2,1,1,0,1,0,14.501242928745771,4.550231043927474,-22.620398078166648,16.928363800048828,19.372854232788086,0.044825099408626556,2.568289012368664,0.24267993867397308,13.904536258512302,0.1661650687456131
sac,10,20024,2,557,45,2,1,1,0,1,0,-16.454212578505857,-2.7389741590668133,3.9651297188675025,9.161730766296387,13.06965160369873,0.041912272572517395,2.401396328207164,0.22748108208179474,13.033705922355892,0.15565282106399536
sac,10,20024,2,558,46,2,1,1,0,1,0,-0.36414470541005983,0.7718113762114409,-2.2820618243496402,13.203417778015137,14.819011688232422,0.00909576378762722,0.5211488764789678,0.1466151475906372,8.400429169631172,0.08240333944559097
sac,10,20024,2,559,47,1,1,1,0,1,0,-7.163024288267472,5.134171236828545,-39.738983157239645,18.31771469116211,17.415502548217773,0.017610998824238777,1.009035905638737,0.3033153712749481,17.37869063549813,0.1692686825990677
sac,10,20024,2,560,48,2,1,1,0,1,0,16.965165369936173,4.527705080044773,-10.025802456229936,15.844697952270508,17.152359008789062,0.037769198417663574,2.16401566492431,0.2691071331501007,15.418702966365856,0.17232276499271393
sac,10,20024,2,561,49,2,1,1,0,1,0,10.71821971352915,1.974880896617487,-11.145789555571948,15.855966567993164,16.572092056274414,0.049916110932826996,2.8599824861578136,0.10393070429563522,5.954790717962074,0.10188145935535431
sac,10,20024,2,562,50,2,1,1,0,1,0,-19.35431090009327,-1.3165462832766377,7.6436373794045895,21.76543426513672,22.04766845703125,0.05148192495107651,2.949697020905931,0.35988369584083557,20.619816887249698,0.2314237654209137
sac,10,20024,2,563,51,2,1,1,0,1,0,1.3437167757949484,6.446455482063095,-2.521938068000488,15.059596061706543,13.832772254943848,0.013958494178950787,0.7997628048118074,0.14227938652038574,8.152008359328638,0.08509818464517593
sac,10,20024,2,564,52,2,1,1,0,1,0,11.610843475779776,8.495116082095059,-20.95596293970458,19.820430755615234,20.354263305664062,0.051428306847810745,2.9466249298833063,0.2738170623779297,15.688562032925768,0.1883368343114853
sac,10,20024,2,565,53,1,1,1,0,1,0,15.620437726144061,2.17463660908368,50.54671933003098,22.498565673828125,21.05629539489746,0.03428886458277702,1.9646072248887299,0.18044815957546234,10.338917964577185,0.1245129406452179
sac,10,20024,2,566,54,2,1,1,0,1,0,8.899545243229854,1.5243616189634457,26.93674978453455,24.102745056152344,23.05168914794922,0.025788843631744385,1.4775918986217835,0.09780324250459671,5.603713018207895,0.07469046115875244
sac,10,20024,2,567,55,2,1,1,0,1,0,-4.908788654596464,6.892371212216547,-9.940069921767936,16.313209533691406,17.834630966186523,0.030252428725361824,1.7333364859835692,0.17735712230205536,10.16181457449334,0.11893098801374435
sac,10,20024,2,568,56,1,1,1,0,1,0,16.99725359865689,12.878226057410663,-24.932116583892483,12.01431941986084,13.993300437927246,0.057105664163827896,3.2719135428788095,0.49228253960609436,28.205711847411,0.30324694514274597
sac,10,20024,2,569,57,2,1,1,0,1,0,-0.4595487877367979,2.38359941655105,-2.6629678139829114,20.02156639099121,21.625484466552734,0.043855201452970505,2.5127179529512054,0.12366414070129395,7.085433339296127,0.10568727552890778
sac,10,20024,2,570,58,2,1,1,0,1,0,-13.556081351399408,0.30711262584045335,-14.781362646986334,13.06360149383545,16.143388748168945,0.005016314331442118,0.28741363990262253,0.38705015182495117,22.17634015946744,0.19854138791561127
sac,10,20024,2,571,59,2,1,1,0,1,0,11.439733576692616,-1.8371159810583295,0.07425781665637862,15.601006507873535,18.406667709350586,0.0439174585044384,2.516285019245245,0.1386246681213379,7.942608419754388,0.11322979629039764
sac,10,20024,2,572,60,2,1,1,0,1,0,-3.884533486661352,4.508785456043837,7.194538781097911,13.405145645141602,15.617476463317871,0.041434578597545624,2.374026479542454,0.13557809591293335,7.768052690230957,0.1092236265540123
sac,10,20024,2,573,61,2,1,1,0,1,0,-13.715579928897546,2.3995683988305396,12.778286729475035,14.00494384765625,13.72265911102295,0.03751649335026741,2.1495367311009406,0.23762720823287964,13.615036129220373,0.15633009374141693
sac,10,20024,2,574,62,1,1,1,0,1,0,-18.96324158897502,16.505958091657874,-66.46234417172465,22.881237030029297,22.512548446655273,0.10241429507732391,5.867906869738103,0.7883790135383606,45.17079013243525,0.496603786945343
sac,10,20024,2,575,63,2,1,1,0,1,0,-0.043125814419460506,0.13641253810349466,0.39136983944173065,14.237016677856445,12.682129859924316,0.004481503739953041,0.2567712501714033,0.04852339252829552,2.7801855995279663,0.0287432000041008
sac,10,20024,2,576,64,1,1,1,0,1,0,18.590463524454066,1.2822587336431739,-16.32607822967642,10.016387939453125,13.193904876708984,0.026604432612657547,1.5243217050454836,0.3036511242389679,17.39792786329547,0.1784299910068512
sac,10,20024,2,577,65,2,1,1,0,1,0,-2.602807507773439,5.808870983420745,-3.151736150989024,19.33018684387207,19.971647262573242,0.012475662864744663,0.7148028287779592,0.09997354447841644,5.728062161576677,0.06246243417263031
sac,10,20024,2,578,66,1,1,1,0,1,0,13.356284657798195,1.69279408389596,43.000316523650696,12.576286315917969,15.571830749511719,0.038156989961862564,2.1862344837377727,0.28780505061149597,16.490014722587773,0.18205951154232025
sac,10,20024,2,579,67,2,1,1,0,1,0,10.350536970129022,1.5132010898596449,-11.406265649759554,17.54559898376465,20.74629783630371,0.023048004135489464,1.320553363163614,0.22225934267044067,12.734522292368178,0.13417766988277435
sac,10,20024,2,580,68,2,1,1,0,1,0,2.447065534318808,1.7760404295000756,19.005383856154,15.411072731018066,16.122159957885742,0.011910860426723957,0.6824420328206735,0.07218724489212036,4.136024466995806,0.04800448194146156
sac,10,20024,2,581,69,2,1,1,0,1,0,9.780161532919598,-0.14295585932836688,15.800522493800617,17.19449806213379,17.55974578857422,0.013443998992443085,0.7702844020451198,0.21753081679344177,12.463597716297745,0.12220940738916397
sac,10,20024,2,582,70,2,1,1,0,1,0,-21.087594345389068,0.2493975273538456,10.379428670318177,15.527414321899414,16.13595199584961,0.05373735725879669,3.0789237731157493,0.38067957758903503,21.811333142674666,0.2440771460533142
sac,10,20024,2,583,71,2,1,1,0,1,0,-2.1242024922523055,2.598477167839651,-0.1974334481483886,21.933231353759766,21.133289337158203,0.023994754999876022,1.3747981919433263,0.09499657154083252,5.442902617502291,0.07149304449558258
sac,10,20024,2,584,72,2,1,1,0,1,0,-5.831137400114986,0.5831752117140288,-1.7385973324700656,15.37995433807373,15.821825981140137,0.027966775000095367,1.602378174097447,0.2031244933605194,11.638176185290874,0.12952902913093567
sac,10,20024,2,585,73,2,1,1,0,1,0,5.169633578999251,2.3143412983671205,3.036019086070668,16.54603385925293,16.261383056640625,0.03627236187458038,2.078253248384691,0.10419859737157822,5.970139860574385,0.08837166428565979
sac,10,20024,2,586,74,2,1,1,0,1,0,-12.843938507777198,-0.3120713431778826,13.069935807034579,16.829416275024414,19.42706298828125,0.05456160381436348,3.1261496220279215,0.1983361840248108,11.36382626935168,0.15372969210147858
sac,10,20024,2,587,75,2,1,1,0,1,0,-5.701855579504985,10.948178522505138,11.483515089272398,12.776965141296387,14.365755081176758,0.05233120545744896,2.998357209543806,0.3422306180000305,19.60837003155565,0.22344651818275452
sac,10,20024,2,588,76,2,1,1,0,1,0,7.031256278799586,3.668276037160408,5.330170345251231,15.933089256286621,14.888871192932129,0.04288439452648163,2.457094813341326,0.13685612380504608,7.841278294549017,0.11131245642900467
sac,10,20024,2,589,77,2,1,1,0,1,0,7.8173290899980135,8.883275732626883,-5.608691799226011,16.37793731689453,18.529571533203125,0.018451914191246033,1.0572168070959473,0.17375518381595612,9.955438701174112,0.10532950609922409
sac,10,20024,2,590,78,2,1,1,0,1,0,-12.974859573788002,-1.4142453091645002,-2.4782794988257666,23.711271286010742,23.240142822265625,0.045285146683454514,2.594647779592801,0.2686944901943207,15.395060266553857,0.17963239550590515
sac,10,20024,2,591,79,1,1,1,0,1,0,-0.4679635807942536,2.1290382661846747,22.336084623775697,12.560131072998047,13.137275695800781,0.010382825508713722,0.5948920810700682,0.4815157651901245,27.588821114406493,0.2511407136917114
sac,10,20024,2,592,80,2,1,1,0,1,0,-2.115350567087969,-0.04700536186802775,0.003483396476706503,21.626394271850586,18.763729095458984,0.03406950831413269,1.9520390364856717,0.29417702555656433,16.855101994103293,0.18115802109241486
sac,10,20024,2,593,81,2,1,1,0,1,0,10.846504326520328,-0.12224672576488822,32.899259043145555,18.405088424682617,19.49148178100586,0.030906056985259056,1.7707866266461607,0.10371769964694977,5.94258645057573,0.08276490867137909
sac,10,20024,2,594,82,2,1,1,0,1,0,-1.112023098769776,10.465707619913777,9.600459255856563,10.180556297302246,14.4036283493042,0.06312728673219681,3.6169271018670752,0.13176947832107544,7.54983497643822,0.12901201844215393
sac,10,20024,2,595,83,1,1,1,0,1,0,-7.985215139796927,3.791902461137639,-20.208630961478466,11.97435474395752,12.760547637939453,0.011430321261286736,0.6549091667503818,0.454013854265213,26.013077689864335,0.2384372502565384
sac,10,20024,2,596,84,2,1,1,0,1,0,-9.100284502936528,8.721933004052843,-7.5250243142781486,18.97934341430664,21.076791763305664,0.021953824907541275,1.2578615113712999,0.08441726863384247,4.8367532107412785,0.06416246294975281
sac,10,20024,2,597,85,2,1,1,0,1,0,-5.021787304225155,1.320425830725205,10.581274420670393,11.841585159301758,14.337961196899414,0.021440835669636726,1.2284693931037367,0.13809834420681,7.912452280795135,0.09049000591039658
sac,10,20024,2,598,86,1,1,1,0,1,0,8.97260094659231,15.964679260312703,-27.11990813731761,20.61612892150879,22.459003448486328,0.07187245041131973,4.117988071831919,0.29169291257858276,16.712772804631275,0.21771889925003052
sac,10,20024,2,599,87,2,1,1,0,1,0,-12.653786041284043,8.131750018250381,-13.856992165473489,18.373945236206055,17.65355682373047,0.02200280874967575,1.2606680787899402,0.30177563428878784,17.290470204630953,0.17289063334465027
sac,10,20024,2,600,88,1,1,1,0,1,0,13.693163248041563,-1.0353610555255528,-13.258503669640291,11.629461288452148,12.128440856933594,0.0620165653526783,3.5532874546057163,0.19215816259384155,11.009851715615769,0.15809564292430878
sac,10,20024,2,601,89,2,1,1,0,1,0,-13.787269594425998,7.854799507784704,20.040908836219632,19.995393753051758,20.638259887695312,0.04560638219118118,2.6130532184152813,0.11676260828971863,6.690004659940117,0.1039876863360405
sac,10,20024,2,602,90,2,1,1,0,1,0,-15.415641334070399,5.240216753882163,16.54834624564697,13.582572937011719,14.60819149017334,0.06505098938941956,3.7271471451640403,0.2800711989402771,16.04689766244673,0.2050865888595581
sac,10,20024,2,603,91,2,1,1,0,1,0,-4.719947584423951,6.550260697068948,-6.091449569762512,17.920949935913086,19.78984832763672,0.025567777454853058,1.464925739692818,0.17285211384296417,9.90369660311668,0.11199383437633514
sac,10,20024,2,604,92,2,1,1,0,1,0,11.915251346708905,5.586152174964969,-15.323133251951747,17.571542739868164,20.753662109375,0.04973945394158363,2.8498607861380894,0.27056676149368286,15.502333510110786,0.18502283096313477
sac,10,20024,2,605,93,2,1,1,0,1,0,-5.628963800682609,3.159263019454378,9.205592359559786,20.137046813964844,19.250057220458984,0.020659256726503372,1.1836882183059,0.0696466937661171,3.99046160983861,0.05548260360956192
sac,10,20024,2,606,94,2,1,1,0,1,0,3.0113347824102417,-0.5999774770722601,-0.15814620004247523,11.25326919555664,14.314667701721191,0.012244118377566338,0.7015363068931202,0.19460232555866241,11.149891937942186,0.1095452830195427
sac,10,20024,2,607,95,1,1,1,0,1,0,7.104079755730262,0.8164261718699641,-21.40593580222502,14.759805679321289,17.45799446105957,0.07372424751520157,4.2240882303988965,0.12816813588142395,7.343493254064842,0.13780832290649414
sac,10,20024,2,608,96,1,1,1,0,1,0,5.054517570727856,10.704572995567464,0.5938029860625685,13.28654956817627,12.18049430847168,0.006865924224257469,0.39338848050658676,0.3567558825016022,20.4406063838069,0.1852438598871231
sac,10,20024,2,609,97,2,1,1,0,1,0,-16.054783115843513,5.354485818696476,9.141757411576846,14.998503684997559,15.248226165771484,0.049233198165893555,2.820854466836926,0.2623654305934906,15.032431863139541,0.18041591346263885
sac,10,20024,2,610,98,2,1,1,0,1,0,-10.910175349963188,5.10518391399101,-13.722519401094278,15.470691680908203,14.446484565734863,0.02182733453810215,1.2506141470533874,0.09139491617679596,5.236542965882342,0.06752479076385498
sac,10,20024,2,611,99,2,1,1,0,1,0,-0.734395599938111,5.655519576175618,1.1046601548445023,12.465785026550293,13.126852989196777,0.06553452461957932,3.7548516730980817,0.025680547580122948,1.4713869919259441,0.07837479561567307
sac,10,20024,2,612,100,2,1,1,0,1,0,12.030503958763699,3.040404067517816,1.7861081283366744,17.032743453979492,18.31171226501465,0.04258865490555763,2.440150181227582,0.19547010958194733,11.199612300005294,0.1403237134218216
sac,10,20024,2,613,101,1,1,1,0,1,0,-13.05966320252288,9.745095341720752,-28.226398782859675,10.449994087219238,13.637153625488281,0.02412944659590721,1.3825154519317944,0.4477098286151886,25.65188362617572,0.2479843646287918
sac,10,20024,2,614,102,2,1,1,0,1,0,-13.861144920488856,2.546130598040673,21.53419309445952,13.665292739868164,15.213956832885742,0.037897154688835144,2.1713470192246724,0.27450042963027954,15.727716092342867,0.17514736950397491
sac,10,20024,2,615,103,2,1,1,0,1,0,-2.1115256611527617,6.786393997054629,-14.091076408708165,21.932199478149414,21.946008682250977,0.013629276305437088,0.7809000101192006,0.19065627455711365,10.92379986981007,0.10895740985870361
sac,10,20024,2,616,104,2,1,1,0,1,0,-11.445225048785307,1.9709193868988795,-0.8411104755303902,18.321130752563477,18.66715431213379,0.006757689174264669,0.38718706894661187,0.3753645718097687,21.506805743435063,0.19443997740745544
sac,10,20024,2,617,105,2,1,1,0,1,0,-16.80878135869956,-0.29671707792369395,-3.135780829087874,18.913129806518555,19.818750381469727,0.03571149334311485,2.046117848670016,0.35908186435699463,20.573875327344897,0.21525242924690247
sac,10,20024,2,618,106,2,1,1,0,1,0,9.392288750332915,3.8693294855689033,-9.40048497733693,18.432390213012695,19.167173385620117,0.019188091158866882,1.0993966403153612,0.11509796977043152,6.594627898370058,0.07673707604408264
sac,10,20024,2,619,107,2,1,1,0,1,0,14.39335326061625,2.573833845314245,16.609353495313528,16.240468978881836,18.12677764892578,0.04523908719420433,2.5920087652522374,0.1952211707830429,11.185349157471014,0.14284966886043549
sac,10,20024,2,620,108,2,1,1,0,1,0,0.5615235120450883,9.332292368663522,1.7246364258065596,23.858131408691406,22.007078170776367,0.023937463760375977,1.3715156457169004,0.02355397678911686,1.3495434607654984,0.03571445122361183
sac,10,20024,2,621,109,2,1,1,0,1,0,6.868984644498424,2.818600504410822,0.9603928991954929,18.13127899169922,21.082778930664062,0.01698417402803898,0.9731214903223406,0.18650487065315247,10.68594194705896,0.11023660749197006
sac,10,20024,2,622,110,1,1,1,0,1,0,10.647814123564658,7.293631165576456,44.710582231443546,15.428566932678223,16.319772720336914,0.03976473957300186,2.278351750969854,0.1894577592611313,10.855130001668408,0.1344936192035675
sac,10,20024,2,623,111,2,1,1,0,1,0,-8.505839479091978,6.351092380871377,16.40750774496131,12.779486656188965,15.663314819335938,0.03517664223909378,2.015473137741696,0.14001837372779846,8.0224618688883,0.10518582910299301
sac,10,20024,2,624,112,1,1,1,0,1,0,5.408949747138157,16.580830625339555,39.33753195858298,15.138774871826172,17.30622673034668,0.0494120754301548,2.831103379129942,0.598932683467865,34.31631497515352,0.348878413438797
sac,10,20024,2,625,113,1,1,1,0,1,0,-8.633372771274457,8.184219531454419,-24.44165435997221,19.12443733215332,19.203428268432617,0.02662769705057144,1.5256546591506939,0.1838049739599228,10.531249261415574,0.11853018403053284
sac,10,20024,2,626,114,2,1,1,0,1,0,-5.884248951101005,-2.003991162860081,9.436015621399335,20.35411262512207,22.617246627807617,0.0116297397762537,0.6663350060147554,0.24221529066562653,13.877913888674884,0.13273738324642181
sac,10,20024,2,627,115,1,1,1,0,1,0,-26.30607743733225,-1.9984723700107108,-68.57440258763268,12.410125732421875,12.056489944458008,0.09134413301944733,5.233633305295917,0.8952538371086121,51.294266459215955,0.5389710664749146
sac,10,20024,2,628,116,2,1,1,0,1,0,10.47255146946213,10.238808735685954,-16.904622573133178,14.455979347229004,17.303714752197266,0.03099292330443859,1.7757637001169844,0.21463067829608917,12.297432020396029,0.13830825686454773
sac,10,20024,2,629,117,2,1,1,0,1,0,-12.207037028051849,1.3228437176913896,22.90323621169688,24.391313552856445,23.170391082763672,0.048960428684949875,2.805225926798879,0.19623279571533203,11.243310996541389,0.1470768302679062
sac,10,20024,2,630,118,2,1,1,0,1,0,-2.760776122897494,5.158992144272371,4.2291984925585355,17.99186134338379,17.537109375,0.044309649616479874,2.5387559147277634,0.07967650145292282,4.565127259620449,0.08414790034294128
sac,10,20024,2,631,119,2,1,1,0,1,0,-4.912996051125192,-2.642477246472873,-0.6185009501013347,16.287817001342773,18.090763092041016,0.01854642666876316,1.062631973169004,0.20686909556388855,11.852726087499315,0.12198097258806229
sac,10,20024,2,632,120,2,1,1,0,1,0,14.56972240536432,1.3809959482848781,21.167398275651497,12.931473731994629,13.596603393554688,0.024544106796383858,1.4062737313511549,0.2552300989627838,14.623607475273843,0.15215915441513062
sac,10,20024,2,633,121,2,1,1,0,1,0,-15.607214479910917,12.940585684532879,34.954954738022636,22.080894470214844,21.356033325195312,0.07444604486227036,4.265444172049677,0.21508806943893433,12.323638602467721,0.18199008703231812
sac,10,20024,2,634,122,1,1,1,0,1,0,12.471215084769602,-1.5029831268613059,-38.34218215121536,20.78147315979004,22.97521209716797,0.09517107903957367,5.452901160673544,0.07392320036888123,4.235487389236824,0.13213267922401428
sac,10,20024,2,635,123,2,1,1,0,1,0,0.9415142563295776,-2.4224358721717425,-5.030529946362771,14.0554780960083,15.434642791748047,0.026598172262310982,1.523963013392352,0.1446620225906372,8.288523350269683,0.09892918169498444
sac,10,20024,2,636,124,2,1,1,0,1,0,1.694884121781984,1.5572558100062273,20.966467770648062,12.281710624694824,13.834808349609375,0.05900823324918747,3.3809227217019786,0.06058889254927635,3.471487828445174,0.0893026813864708
sac,10,20024,2,637,125,2,1,1,0,1,0,-11.678325744779501,3.033423614186063,12.323805942102387,24.465133666992188,22.90743064880371,0.028549212962388992,1.6357494111650714,0.21089686453342438,12.083500250307475,0.13399764895439148
sac,10,20024,2,638,126,2,1,1,0,1,0,-1.7599075226805054,-0.22633880871588255,12.78659223950577,19.912721633911133,20.386249542236328,0.04394424706697464,2.5178198908177936,0.11189857870340347,6.411316293217495,0.09989354014396667
sac,10,20024,2,639,127,2,1,1,0,1,0,13.292627294733675,4.01183455241205,-10.040610306350525,20.338438034057617,23.622804641723633,0.03142156824469566,1.8003232461033518,0.23087824881076813,13.228349238228331,0.14686068892478943
sac,10,20024,2,640,128,1,1,1,0,1,0,7.39745004096065,1.2825456015883143,-7.512839256798846,9.660602569580078,12.106863021850586,0.0823124349117279,4.716155121887302,0.13332730531692505,7.639091888511946,0.14897608757019043
sac,10,20024,2,641,129,2,1,1,0,1,0,-13.320904277897528,11.550450943138523,21.691355747261515,20.581775665283203,22.44223976135254,0.049716342240571976,2.848536583212753,0.1573735624551773,9.01684093562013,0.12840312719345093
sac,10,20024,2,642,130,2,1,1,0,1,0,15.19592780884943,1.6783414036122133,2.586059883928568,23.102874755859375,21.885656356811523,0.036602042615413666,2.097142563421184,0.18957185745239258,10.861667346477757,0.13138797879219055
sac,10,20024,2,643,131,2,1,1,0,1,0,-13.454775985629778,1.431197838684472,7.653240625377627,14.699128150939941,16.983064651489258,0.010525280609726906,0.6030541571282335,0.3341754972934723,19.146845611601428,0.1776130348443985
sac,10,20024,2,644,132,2,1,1,0,1,0,-9.15519922386343,2.3909213793413033,-0.19666846696134715,21.690067291259766,22.300750732421875,0.020402489230036736,1.1689765244422214,0.29055747389793396,16.647716960334197,0.16568122804164886
sac,10,20024,2,645,133,1,1,1,0,1,0,-3.3334738244247233,16.265166602658244,-50.69957896365587,19.54960823059082,20.961023330688477,0.08435378223657608,4.833115708121423,0.6881849765777588,39.43009468221499,0.4284462630748749
sac,10,20024,2,646,134,2,1,1,0,1,0,5.815291361240556,5.025584889403682,5.266909133158572,12.363995552062988,14.113472938537598,0.019153885543346405,1.0974368029103907,0.2275969535112381,13.040344866229146,0.13295236229896545
sac,10,20024,2,647,135,2,1,1,0,1,0,10.46682777093766,7.115527152779204,28.44365343997944,20.758419036865234,20.674373626708984,0.05032151937484741,2.8832106788645575,0.16057513654232025,9.200277618611869,0.13060909509658813
sac,10,20024,2,648,136,2,1,1,0,1,0,2.1007476226424817,3.1558206041126913,-18.59397424168745,16.08358383178711,19.030475616455078,0.005622691474854946,0.3221564910133767,0.1418764293193817,8.128920612386702,0.07656090706586838
sac,10,20024,2,649,137,2,1,1,0,1,0,-3.950485793286995,2.0379235426567046,-2.631603585314213,16.441150665283203,16.104162216186523,0.05553619563579559,3.1819896201439493,0.09043404459953308,5.181489079851101,0.10075321793556213
sac,10,20024,2,650,138,1,1,1,0,1,0,-16.302964869525095,0.7756089613899679,-68.0757441367084,18.31270408630371,18.924333572387695,0.055151596665382385,3.1599537223341954,0.655144453048706,37.537012131097576,0.3827238082885742
sac,10,20024,2,651,139,2,1,1,0,1,0,2.321991110237535,5.06237228827337,-1.066506718140811,22.39405059814453,21.949405670166016,0.02384032867848873,1.3659502154821037,0.053359344601631165,3.0572652432576386,0.05052000284194946
sac,10,20024,2,652,140,2,1,1,0,1,0,7.915219361182636,0.04975109791437288,11.767131864368007,17.154441833496094,18.536182403564453,0.04200827702879906,2.406896978366552,0.11543820053339005,6.614121685148098,0.09972737729549408
sac,10,20024,2,653,141,1,1,1,0,1,0,-12.019507354199979,-11.301681793188319,61.212223643545975,10.864510536193848,12.588741302490234,0.10536015778779984,6.036692370073343,0.5584887862205505,31.999050355821634,0.3846045434474945
sac,10,20024,2,654,142,2,1,1,0,1,0,-0.9729604472683164,-0.9183189339082144,-1.0121384123475095,18.786640167236328,19.811241149902344,0.022174695506691933,1.2705164645211582,0.1579040288925171,9.04723442365304,0.10112670809030533
sac,10,20024,2,655,143,2,1,1,0,1,0,0.20881254330562982,9.237352739200345,-13.244078310113224,17.125892639160156,19.048553466796875,0.03863196820020676,2.213448732155454,0.434922456741333,24.9192211867395,0.25609320402145386
sac,10,20024,2,656,144,2,1,1,0,1,0,-4.7121338480134565,2.9726212701946095,19.77755040220228,14.761950492858887,15.413437843322754,0.03811639919877052,2.183908804325384,0.14545489847660065,8.333951792213085,0.11084385216236115
sac,10,20024,2,657,145,1,1,1,0,1,0,-8.488190270276666,3.745416193646532,39.78426731143683,16.547468185424805,16.37002944946289,0.036327388137578964,2.0814060210168868,0.08441519737243652,4.836634536204449,0.07853499054908752
sac,10,20024,2,658,146,2,1,1,0,1,0,1.8690402852389691,-1.6847754418103653,8.212414552348232,13.976179122924805,14.095797538757324,0.027898995205760002,1.5984946779457658,0.07650792598724365,4.383581258368333,0.06615296006202698
sac,10,20024,2,659,147,1,1,1,0,1,0,11.287147150634532,0.3706197247432319,-17.460162839465337,16.56589698791504,16.483474731445312,0.040663089603185654,2.3298234162248352,0.12405546754598618,7.1078547159071634,0.10269082337617874
sac,10,20024,2,660,148,2,1,1,0,1,0,17.798421127921046,-1.4797604836832625,-13.85830356179413,16.87849235534668,17.229793548583984,0.05004308000206947,2.8672572779541117,0.14891763031482697,8.53235171212903,0.12450189888477325
sac,10,20024,2,661,149,2,1,1,0,1,0,5.976907297381398,3.373676317879418,-0.015204001092448384,16.975183486938477,15.825682640075684,0.027049943804740906,1.5498476160777022,0.0898871198296547,5.150152598825906,0.07199349999427795
sac,10,20024,2,662,150,2,1,1,0,1,0,8.739022137356214,2.8032462391566333,-6.700757085241009,15.156569480895996,13.795363426208496,0.04636551812291145,2.656548503380157,0.0999840497970581,5.728664071997285,0.09635753929615021
sac,10,20024,2,663,151,2,1,1,0,1,0,8.864356108625948,4.748484114776264,9.071160576315595,19.433364868164062,19.792587280273438,0.035485513508319855,2.033170157881199,0.09479446709156036,5.43132288553818,0.08288274705410004
sac,10,20024,2,664,152,2,1,1,0,1,0,15.376955142611447,-2.7198496293907777,4.380432541160958,12.456168174743652,15.075045585632324,0.045533981174230576,2.6089049457115565,0.1843269169330597,10.561154390922828,0.13769744336605072
sac,10,20024,2,665,153,2,1,1,0,1,0,-4.951299751990623,2.2835508055887033,0.205165222288843,15.592573165893555,16.766464233398438,0.03721990808844566,2.132543647332772,0.09542028605937958,5.467179671133455,0.08493004739284515
sac,10,20024,2,666,154,1,1,1,0,1,0,-4.399912240673834,-2.558766448005197,62.237435037964886,23.355886459350586,23.466768264770508,0.0314323790371418,1.8009426588837074,0.08438262343406677,4.834768187013744,0.07362368702888489
sac,10,20024,2,667,155,1,1,1,0,1,0,8.116914847373113,13.362076658214365,-51.94939429874148,18.276363372802734,18.198200225830078,0.06473798304796219,3.7092132028377027,0.3605785071849823,20.659626644827117,0.24502724409103394
sac,10,20024,2,668,156,2,1,1,0,1,0,-1.6078948325127016,-0.015313284119168588,0.0031145662615258145,23.534439086914062,23.50225067138672,0.035949770361185074,2.059770116160402,0.26343709230422974,15.093833556230663,0.16766831278800964
sac,10,20024,2,669,157,2,1,1,0,1,0,-4.485644775135834,4.9763528858662305,12.301922016001665,12.517463684082031,13.623482704162598,0.02113727480173111,1.2110766365474166,0.08718451112508774,4.9953045263788995,0.06472952663898468
sac,10,20024,2,670,158,2,1,1,0,1,0,-15.322586836818145,0.005628075876090507,4.743894227654017,13.650781631469727,15.719761848449707,0.016623761504888535,0.9524713738621591,0.4276035726070404,24.499880015099276,0.23042555153369904
sac,10,20024,2,671,159,1,1,1,0,1,0,-11.315506096068425,8.33011237212589,46.29727615677253,20.6249942779541,21.876483917236328,0.0763113722205162,4.372319557087452,0.10149356722831726,5.815153049909863,0.12705814838409424
sac,10,20024,2,672,160,2,1,1,0,1,0,-16.86763026858839,12.728849820262482,35.292434384912966,20.43855857849121,22.73387336730957,0.0638633742928505,3.6591018124446117,0.12588168680667877,7.212489372010351,0.12680421769618988
sac,10,20024,2,673,161,2,1,1,0,1,0,-4.292924157514754,1.3551368520872098,19.025669517988938,13.392082214355469,15.192797660827637,0.026240497827529907,1.5034697778396693,0.1458241492509842,8.3551083031672,0.099152572453022
sac,10,20024,2,674,162,2,1,1,0,1,0,-5.989870996426082,10.978777769986795,1.4851563331275726,13.141205787658691,15.389898300170898,0.03036048449575901,1.7395276255793626,0.39178216457366943,22.447464518571095,0.22625157237052917
sac,10,20024,2,675,163,2,1,1,0,1,0,-0.021815624209020727,8.910200338335073,-0.26699209465579843,21.45917320251465,21.8983211517334,0.01582454890012741,0.9066798646756895,0.07530594617128372,4.3147128878539185,0.05347752198576927
sac,10,20024,2,676,164,2,1,1,0,1,0,-16.549507377805874,0.8615054203920484,-19.146236017218005,18.614221572875977,19.84157371520996,0.011315739713609219,0.6483441276583831,0.3314304053783417,18.989563430488957,0.17703093588352203
sac,10,20024,2,677,165,1,1,1,0,1,0,-8.737137005145291,-5.4148783513377285,-43.638092267589805,17.385818481445312,17.32674789428711,0.058841221034526825,3.3713536266747908,0.10721060633659363,6.142715262125335,0.11244652420282364
sac,10,20024,2,678,166,2,1,1,0,1,0,0.9885196181976055,3.9287111502129943,-13.366693866093293,18.124521255493164,17.82494354248047,0.015019846148788929,0.8605737932614291,0.14181272685527802,8.125270730048978,0.08592621237039566
sac,10,20024,2,679,167,1,1,1,0,1,0,-8.766424856306307,9.848818594456567,35.51201130635054,15.347333908081055,14.849853515625,0.0388796404004097,2.2276393039298017,0.3300763666629791,18.91198272680137,0.20391783118247986
sac,10,20024,2,680,168,2,1,1,0,1,0,-13.554114256918444,5.750172337693654,28.589874129731072,15.316000938415527,17.313215255737305,0.03644312545657158,2.0880372809273227,0.11264743655920029,6.454222687809868,0.09276684373617172
sac,10,20024,2,681,169,2,1,1,0,1,0,17.36057868136655,0.9194800660671165,-7.272088748934236,14.01370906829834,13.450360298156738,0.046874094754457474,2.685687797926724,0.2068709135055542,11.852830247884157,0.15030954778194427
sac,10,20024,2,682,170,2,1,1,0,1,0,1.2688715628699487,6.266876148405119,1.0171107900632788,16.198095321655273,15.257526397705078,0.037698887288570404,2.1599871339744716,0.13092947006225586,7.501706048451725,0.10316362231969833
sac,10,20024,2,683,171,2,1,1,0,1,0,6.3530321545956605,2.162082721389196,0.6493597447714523,15.921119689941406,15.9090576171875,0.020251234993338585,1.1603102950459447,0.1250441074371338,7.164499609128195,0.08277329057455063
sac,10,20024,2,684,172,1,1,1,0,1,0,-3.213098570492418,15.794170417872506,49.18639153417456,15.082281112670898,14.70079231262207,0.07749748975038528,4.440279085555432,0.5311079621315002,30.430244695928913,0.3430514633655548
sac,10,20024,2,685,173,2,1,1,0,1,0,-8.119360055095978,3.4080321694045823,2.5312134648933653,20.136201858520508,19.809186935424805,0.013300454244017601,0.7620598937890725,0.2702891528606415,15.486427707081118,0.1484450250864029
sac,10,20024,2,686,174,2,1,1,0,1,0,-2.983167082273109,1.9399649695803816,0.44071112600590273,16.21646499633789,18.45452880859375,0.03962095081806183,2.2701132621703493,0.11643122136592865,6.671017587821128,0.09783656150102615
sac,10,20024,2,687,175,2,1,1,0,1,0,12.445287686680233,4.525437457240328,4.899540578460266,20.485715866088867,19.876564025878906,0.019428588449954987,1.1131761200790387,0.18209034204483032,10.433008089262342,0.11047375947237015
sac,10,20024,2,688,176,1,1,1,0,1,0,1.3743433440332857,-0.9670591638254253,-45.06975455913784,11.494056701660156,13.638191223144531,0.06869996339082718,3.9362179549976615,0.02110423520207405,1.2091836069302653,0.07925207912921906
sac,10,20024,2,689,177,1,1,1,0,1,0,-10.951812183143586,5.423989823690526,4.096160067905027,12.969517707824707,12.155744552612305,0.01216159574687481,0.6968081084401788,0.46121594309806824,26.42572698366524,0.24276956915855408
sac,10,20024,2,690,178,2,1,1,0,1,0,11.745930957184289,3.1345104139022517,8.03472035090118,13.808408737182617,13.954652786254883,0.021358340978622437,1.223742795476382,0.18925191462039948,10.843335972519089,0.11598429828882217
sac,10,20024,2,691,179,2,1,1,0,1,0,7.638897228120601,5.862556270297045,7.584160092112119,20.31549835205078,22.572904586791992,0.050713442265987396,2.905666206421444,0.11966746300458908,6.856440575200872,0.11054717004299164
sac,10,20024,2,692,180,1,1,1,0,1,0,16.560271755937816,0.5990758921018184,5.071265194572727,11.499717712402344,12.177946090698242,0.016350556164979935,0.9368178609449592,0.3347930908203125,19.18223111414397,0.1837470978498459
sac,10,20024,2,693,181,2,1,1,0,1,0,-6.405419705529658,4.174543318820093,1.8998717591524068,13.651266098022461,13.45511245727539,0.03858840838074684,2.210952938344049,0.2529437243938446,14.492607862087583,0.16506026685237885
sac,10,20024,2,694,182,2,1,1,0,1,0,14.941571564158155,-1.1133344950904185,-9.33742867091937,16.382043838500977,18.055883407592773,0.04405144974589348,2.523962151872339,0.24389107525348663,13.973929272932338,0.1659969836473465
sac,10,20024,2,695,183,1,1,1,0,1,0,-9.878980709831342,6.393712761292256,36.64104157615365,15.801986694335938,16.902202606201172,0.03637072443962097,2.083889008223598,0.2413647323846817,13.829180488946843,0.15705308318138123
sac,10,20024,2,696,184,1,1,1,0,1,0,2.19093344044333,18.857428298353184,-44.23335691413476,15.62405014038086,17.595911026000977,0.07212188839912415,4.132279815783347,0.4620053768157959,26.47095820389636,0.3031245768070221
sac,10,20024,2,697,185,2,1,1,0,1,0,-2.27140672924442,0.3166748906784712,-1.2735434122622376,16.28380584716797,14.445762634277344,0.020204298198223114,1.157621014781958,0.1459880769252777,8.364500667049613,0.09319833666086197
sac,10,20024,2,698,186,2,1,1,0,1,0,-1.4710724830590063,4.158547015783923,0.7633009605056049,20.86674690246582,21.2888240814209,0.03017869032919407,1.729111587095093,0.12279662489891052,7.0357283451586525,0.09157700091600418
sac,10,20024,2,699,187,2,1,1,0,1,0,-3.8955164308467323,3.5507284815444886,-3.134196225200431,15.916472434997559,15.874300003051758,0.022837193682789803,1.308474813946681,0.051885008811950684,2.97279202492386,0.048779696226119995
sac,10,20024,2,700,188,2,1,1,0,1,0,-2.2818432582962,5.56568892821161,3.33708016430649,16.31917953491211,16.359487533569336,0.04568149894475937,2.617357091366036,0.12901294231414795,7.39189709716543,0.11018797010183334
sac,10,20024,2,701,189,2,1,1,0,1,0,0.49278448823807997,4.15667554395134,-14.268934534695298,12.8889741897583,15.649428367614746,0.04569437354803085,2.618094751796397,0.24688412249088287,14.145418247518434,0.1691364347934723
sac,10,20024,2,702,190,2,1,1,0,1,0,-1.4477951983676027,-2.5303528610579438,-10.451077354711611,19.96103858947754,22.943754196166992,0.033075761049985886,1.8951015123473876,0.11575048416852951,6.632014219452593,0.09095100313425064
sac,10,20024,2,703,191,2,1,1,0,1,0,17.320881621910434,4.284386421052238,-14.702241735640907,16.124082565307617,18.685640335083008,0.039312686771154404,2.2524510333069307,0.281894326210022,16.15135516051832,0.1802598536014557
sac,10,20024,2,704,192,1,1,1,0,1,0,6.5143885435480415,10.907579878078582,49.920773473734336,16.710111618041992,16.877443313598633,0.06222058832645416,3.5649771099267817,0.5094491243362427,29.18928470110222,0.3169451355934143
sac,10,20024,2,705,193,1,1,1,0,1,0,5.358843479386945,-0.3396653074247341,41.65621725726223,15.062963485717773,14.105621337890625,0.0134720578789711,0.7718920578210117,0.3600366413593292,20.628580019954825,0.1934903860092163
sac,10,20024,2,706,194,2,1,1,0,1,0,-9.045369782009626,5.423539031205305,-5.510282433664467,13.701031684875488,15.388440132141113,0.03556577116250992,2.03776858273991,0.13522520661354065,7.747833622740426,0.10317837446928024
sac,10,20024,2,707,195,2,1,1,0,1,0,11.488023014124606,-0.029847926672955723,3.245664912455039,15.864418983459473,19.801733016967773,0.036320388317108154,2.0810049608465597,0.17174623906612396,9.840334645733764,0.12219350785017014
sac,10,20024,2,708,196,2,1,1,0,1,0,9.351430558717897,0.9017898761167835,22.072890114298428,18.519195556640625,18.640708923339844,0.023367242887616158,1.3388443963174965,0.1484919935464859,8.507964521697499,0.09761323779821396
sac,10,20024,2,709,197,2,1,1,0,1,0,10.329937119592264,-1.6306257020705042,7.630277529388045,15.82760238647461,19.53443145751953,0.0398208424448967,2.281566208747991,0.12452040612697601,7.1344937343306825,0.1020810455083847
sac,10,20024,2,710,198,2,1,1,0,1,0,16.083565533005945,-2.2838103527771634,0.09924264864028527,11.627481460571289,13.675729751586914,0.03897561877965927,2.2331384599853084,0.2063581794500351,11.823452750490286,0.14215470850467682
sac,10,20024,2,711,199,2,1,1,0,1,0,1.3290182087010811,6.0927473057048145,1.7240217087812586,19.41082000732422,17.2011775970459,0.019285203889012337,1.1049607898896885,0.034023724496364594,1.9494158169575637,0.03629706799983978
sac,10,20024,2,712,200,2,1,1,0,1,0,7.875317396051422,0.9287827837166739,12.198704197264433,15.601961135864258,16.354930877685547,0.03216320276260376,1.8428157739207052,0.10138306766748428,5.808821891436085,0.0828547328710556
sac,10,20024,2,713,201,2,1,1,0,1,0,5.053779910297495,3.141053735127124,-1.6604599683651198,23.157428741455078,23.45750617980957,0.020580971613526344,1.1792028117336115,0.14024993777275085,8.035729511351049,0.09070593863725662
sac,10,20024,2,714,202,2,1,1,0,1,0,-16.540655452641538,1.219707861224197,-7.114994398023943,18.125076293945312,18.192245483398438,0.026571903377771378,1.5224579171757162,0.3617229163646698,20.725196460859237,0.20743335783481598
sac,10,20024,2,715,203,2,1,1,0,1,0,-8.24388806404365,10.243931377563463,-4.420238883643792,12.679128646850586,14.066964149475098,0.024850083515048027,1.4238049059598734,0.3457065224647522,19.807524687374883,0.19770334661006927
sac,10,20024,2,716,204,2,1,1,0,1,0,-2.5359809369340343,9.067144425083628,-0.9515956155445164,18.53868293762207,17.80011558532715,0.031104454770684242,1.782153982415766,0.14769159257411957,8.462104924062741,0.10495024919509888
sac,10,20024,2,717,205,2,1,1,0,1,0,14.829173971176424,1.482752106539728,30.594684915291555,17.78820037841797,17.91849136352539,0.017876094207167625,1.0242247522489645,0.19817085564136505,11.354353650746518,0.1169615238904953
sac,10,20024,2,718,206,2,1,1,0,1,0,0.8650297980037749,9.238117720387386,4.688378450080153,14.471074104309082,16.855823516845703,0.047545578330755234,2.7241609728609366,0.11262350529432297,6.452851527333989,0.10385733097791672
sac,10,20024,2,719,207,1,1,1,0,1,0,-2.3234800914765974,3.0409914637864373,40.81445108357151,13.28390121459961,16.508331298828125,0.05662521347403526,3.244385746089543,0.3641272783279419,20.862956253776517,0.2386888563632965
sac,10,20024,2,720,208,2,1,1,0,1,0,-1.490688786355283,0.012690491477883691,0.06659434440762432,20.267253875732422,21.726482391357422,0.0313628651201725,1.7969598048239437,0.08480171859264374,4.858780570814569,0.07376372814178467
sac,10,20024,2,721,209,1,1,1,0,1,0,-14.470343152940634,-3.357680014843248,60.94748551131628,14.828496932983398,17.337963104248047,0.11908791214227676,6.823234756777208,0.4821259677410126,27.623783145220496,0.36015090346336365
sac,10,20024,2,722,210,2,1,1,0,1,0,5.5042445464381755,1.26948627989525,26.098507988455562,18.71593475341797,17.47487449645996,0.014252819120883942,0.8166263817900101,0.21419772505760193,12.272625627104189,0.1213516816496849
sac,10,20024,2,723,211,2,1,1,0,1,0,8.599604316017913,1.1651619705124752,-4.3975080140859895,14.614073753356934,14.926654815673828,0.05531720444560051,3.169442349195224,0.09493926912546158,5.439619430945631,0.1027868390083313
sac,10,20024,2,724,212,2,1,1,0,1,0,8.97182230502693,4.841757178081959,0.13241004724986719,16.816192626953125,18.73210334777832,0.03468797355890274,1.987474484786521,0.1006128266453743,5.76469033166134,0.08499439060688019
sac,10,20024,2,725,213,1,1,1,0,1,0,-12.520515390198755,3.024339462589946,-26.27935773729916,15.25556755065918,14.030086517333984,0.020735882222652435,1.1880785358383374,0.26219305396080017,15.022555409599702,0.15183240175247192
sac,10,20024,2,726,214,2,1,1,0,1,0,-14.339258162389749,12.558860072199206,30.370313201056636,21.241079330444336,19.790340423583984,0.06177680566906929,3.539550236637528,0.1551327109336853,8.888449600923169,0.13934315741062164
sac,10,20024,2,727,215,1,1,1,0,1,0,0.7028674467293321,2.7910202005423104,-51.77754673922396,13.876018524169922,16.94454002380371,0.028927164152264595,1.657404419206891,0.13782204687595367,7.896621609846338,0.09783818572759628
sac,10,20024,2,728,216,2,1,1,0,1,0,-9.788986137327255,7.383803322998965,17.965569517289598,14.489532470703125,14.18686294555664,0.028594356030225754,1.6383359184263908,0.19484274089336395,11.16366672195081,0.12601572275161743
sac,10,20024,2,729,217,1,1,1,0,1,0,0.3646364790303007,-2.009400672682731,34.82333699271649,15.489428520202637,15.6857271194458,0.012425431981682777,0.711924811177298,0.3050554692745209,17.478390906812805,0.16495317220687866
sac,10,20024,2,730,218,2,1,1,0,1,0,-8.186678399555623,5.085594931451414,0.5182201127072075,13.320684432983398,13.469021797180176,0.04862594977021217,2.786061696648293,0.19927151501178741,11.417416787353245,0.14826171100139618
sac,10,20024,2,731,219,2,1,1,0,1,0,3.730280494445784,2.6416439633941318,8.148880132688772,16.759078979492188,16.727935791015625,0.01607711799442768,0.9211510078145367,0.03546111285686493,2.0317721035354617,0.033807672560214996
sac,10,20024,2,732,220,2,1,1,0,1,0,4.425279563251261,8.892947280491622,26.004073792990965,14.789155960083008,16.6236629486084,0.0489274300634861,2.803335245059255,0.08156732469797134,4.673463451366961,0.08971109241247177
sac,10,20024,2,733,221,1,1,1,0,1,0,-1.711986915463696,-5.846928797476055,39.094896318507445,17.953189849853516,19.13961410522461,0.0790417492389679,4.528758636724247,0.4042128920555115,23.15969273955793,0.28114819526672363
sac,10,20024,2,734,222,1,1,1,0,1,0,-12.470627688500981,16.18340923829319,-57.65052587819444,22.929790496826172,23.267026901245117,0.04922794550657272,2.8205535116266223,0.31362995505332947,17.969672753433485,0.20604291558265686
sac,10,20024,2,735,223,2,1,1,0,1,0,-0.007608830735394204,7.610319716633267,16.23727211008791,17.834575653076172,16.090896606445312,0.047405898571014404,2.7161579121443857,0.07431980967521667,4.258211428605457,0.08456580340862274
sac,10,20024,2,736,224,1,1,1,0,1,0,12.589964753679444,11.990028257742203,44.687619135453964,15.75080680847168,14.738489151000977,0.06290945410728455,3.6044462118193463,0.4822431206703186,27.630495513627327,0.30403101444244385
sac,10,20024,2,737,225,2,1,1,0,1,0,16.176182898151318,5.908591745302931,-0.38436206535329753,18.37291145324707,19.114349365234375,0.03967435285449028,2.2731729734751034,0.20881658792495728,11.964309180422521,0.14408265054225922
sac,10,20024,2,738,226,2,1,1,0,1,0,6.660923422001495,2.9046199068179623,7.184621346423053,22.792570114135742,23.005006790161133,0.0227541234344244,1.30371523931224,0.14701369404792786,8.423264199573817,0.09626097232103348
sac,10,20024,2,739,227,1,1,1,0,1,0,5.395685519769993,12.803517448269062,42.87925825080139,11.237831115722656,12.652510643005371,0.08450348675251007,4.84169314505849,0.38203346729278564,21.888905308625795,0.2755202054977417
sac,10,20024,2,740,228,1,1,1,0,1,0,-9.271640288833808,4.460468697855167,-26.292799549585745,18.903484344482422,17.92608642578125,0.015824902802705765,0.906700141799788,0.3997902274131775,22.906292721350457,0.2157200127840042
sac,10,20024,2,741,229,2,1,1,0,1,0,-2.743072272568821,10.443523165489577,6.288172678237219,18.372074127197266,20.080110549926758,0.027533607557415962,1.5775595078094422,0.04722645506262779,2.705876556452812,0.05114683508872986
sac,10,20024,2,742,230,2,1,1,0,1,0,-13.156979737817222,-0.47976614768003567,0.015490869037588919,13.861523628234863,13.823501586914062,0.02772427536547184,1.5884839685000545,0.33622121810913086,19.264056780400722,0.19583489000797272
sac,10,20024,2,743,231,2,1,1,0,1,0,4.318523706523962,1.6713609502804603,13.41274300147752,11.786493301391602,13.760318756103516,0.036554593592882156,2.0944239346881077,0.060471225529909134,3.4647460048475485,0.06679020822048187
sac,10,20024,2,744,232,2,1,1,0,1,0,-11.003503054782241,4.11945101297477,9.500806795866076,20.262807846069336,21.907072067260742,0.027903588488698006,1.598757853672223,0.15746091306209564,9.021845756734455,0.10663404315710068
sac,10,20024,2,745,233,2,1,1,0,1,0,9.514385211936062,0.6057011755967308,11.456371917510767,21.305450439453125,22.726516723632812,0.02586294896900654,1.4818378216862984,0.0923808366060257,5.293032045412932,0.07205336540937424
sac,10,20024,2,746,234,2,1,1,0,1,0,-4.17276746963589,4.288170345852425,23.645308944262084,14.385381698608398,15.57728385925293,0.032274406403303146,1.8491872731992693,0.11405079811811447,6.534629382266551,0.08929980546236038
sac,10,20024,2,747,235,2,1,1,0,1,0,10.100374461588135,10.063641704231808,-4.379203107110356,13.730087280273438,13.020956993103027,0.02828380838036537,1.6205428487516844,0.20239302515983582,11.596266144543677,0.12948031723499298
sac,10,20024,2,748,236,2,1,1,0,1,0,-0.9728511642415961,3.6770323396763644,8.976248267609098,17.855144500732422,16.8995361328125,0.05094952881336212,2.919192969185831,0.10185479372739792,5.835849803755472,0.10187692940235138
sac,10,20024,2,749,237,1,1,1,0,1,0,9.655483259810186,3.5586788217383836,-4.450510282045289,12.264769554138184,12.006136894226074,0.018012523651123047,1.0320415835889267,0.3232771158218384,18.52241434975323,0.17965108156204224
sac,10,20024,2,750,238,2,1,1,0,1,0,-5.832120947355468,1.7996045821366196,-10.955910296645593,12.117883682250977,15.472637176513672,0.043764881789684296,2.5075430174378632,0.07949580997228622,4.554774400386003,0.08351278305053711
sac,10,20024,2,751,239,2,1,1,0,1,0,3.10138399642769,11.504866260617858,0.33381866549520317,20.36118507385254,21.18231964111328,0.017434414476156235,0.9989183677655382,0.14533908665180206,8.327316263434417,0.09010395407676697
sac,10,20024,2,752,240,1,1,1,0,1,0,-15.089049008717069,3.0364425577992087,-37.2151462966499,10.829610824584961,12.90111255645752,0.0201767198741436,1.1560408932061579,0.47783607244491577,27.377990250201126,0.2590947449207306
sac,10,20024,2,753,241,2,1,1,0,1,0,2.1514412866623163,-0.40780327458478133,14.327851746475828,19.625473022460938,21.816370010375977,0.034390632063150406,1.970438072005805,0.20233848690986633,11.593141332998394,0.13555987179279327
sac,10,20024,2,754,242,1,1,1,0,1,0,-4.98157115039212,13.06459459910363,16.94810355738948,13.1410493850708,12.293644905090332,0.04784240573644638,2.7411679304508567,0.18184588849544525,10.419001932595584,0.138765349984169
sac,10,20024,2,755,243,2,1,1,0,1,0,7.466393970442759,1.7225873690555558,11.385269648250935,15.984309196472168,17.475589752197266,0.017917918041348457,1.0266210814305812,0.09108243882656097,5.218639332520446,0.0634591355919838
sac,10,20024,2,756,244,2,1,1,0,1,0,-8.574523861385627,2.4395113450967743,8.630476771066371,20.32678985595703,20.073871612548828,0.014122222550213337,0.8091437494717025,0.284502774477005,16.300808237294664,0.15637360513210297
sac,10,20024,2,757,245,1,1,1,0,1,0,5.178048372056707,17.985923481016236,-31.726734128707808,19.993907928466797,19.902997970581055,0.07131137698888779,4.0858409327296075,0.5168208479881287,29.611653354092056,0.3297218084335327
sac,10,20024,2,758,246,1,1,1,0,1,0,8.080414316448564,1.3229939818531298,46.95636209092208,14.944391250610352,17.15731430053711,0.04556805640459061,2.610857312597122,0.3603579103946686,20.646987379768007,0.2257470190525055
sac,10,20024,2,759,247,2,1,1,0,1,0,16.22466358088007,0.8285839085925868,10.625424763465356,13.632564544677734,15.037918090820312,0.027615107595920563,1.5822291160459094,0.2758137583732605,15.802964286428896,0.16552197933197021
sac,10,20024,2,760,248,1,1,1,0,1,0,11.113264194744346,9.278279232707062,54.63535252947066,24.477113723754883,23.7620792388916,0.06463006883859634,3.7030301740915488,0.26739344000816345,15.320515581952339,0.19832679629325867
sac,10,20024,2,761,249,2,1,1,0,1,0,19.248921081199974,1.3765016838110098,-1.6970697823163883,21.194345474243164,21.603025436401367,0.03286105394363403,1.88279970132196,0.24433767795562744,13.999517722884145,0.15502989292144775
sac,10,20024,2,762,250,2,1,1,0,1,0,6.933775818965164,5.851983137461865,7.4646591023935756,17.987396240234375,19.592878341674805,0.017966624349355698,1.0294117473150601,0.2166336327791214,12.412192858830583,0.1262834370136261
sac,10,20024,2,763,251,2,1,1,0,1,0,-3.166325435056171,-0.46167980675784187,12.500817124632437,19.978473663330078,22.38667869567871,0.02406991645693779,1.3791046262150193,0.16243717074394226,9.306964319673822,0.10528850555419922
sac,10,20024,2,764,252,2,1,1,0,1,0,-6.340505587657857,2.4783204799607867,12.733125518682911,22.69635772705078,23.075542449951172,0.05109819397330284,2.9277108554110716,0.13417458534240723,7.687637458037812,0.11818549036979675
sac,10,20024,2,765,253,2,1,1,0,1,0,0.07623857151568232,-6.4442151800153304,27.32503237847143,12.966692924499512,15.139932632446289,0.007774788420647383,0.445462563110278,0.09482791274785995,5.433239180487193,0.05518874526023865
sac,10,20024,2,766,254,2,1,1,0,1,0,12.639852455377216,2.2596178227369785,27.545715790554542,15.904767036437988,17.724803924560547,0.02802705205976963,1.6058317952182406,0.1718316376209259,9.845227622500433,0.11394286900758743
sac,10,20024,2,767,255,2,1,1,0,1,0,-17.657364061181944,4.206672528675833,17.190520631411573,13.013158798217773,14.773850440979004,0.02823069505393505,1.6174996793113263,0.25623124837875366,14.680969111470903,0.15634632110595703
sac,10,30031,3,768,0,2,1,1,0,1,0,9.337155463352572,4.7083499232132695,0.44400327718584887,16.694358825683594,17.482358932495117,0.04533594846725464,2.5975585073962844,0.20507805049419403,11.750106764088104,0.14787498116493225
sac,10,30031,3,769,1,2,1,1,0,1,0,8.16341477524256,-1.0101166763531857,25.91969363598463,15.374495506286621,15.23957633972168,0.01014870498329401,0.5814779630661334,0.15240058302879333,8.731910202882938,0.0863489955663681
sac,10,30031,3,770,2,1,1,1,0,1,0,-8.422292605164383,7.797466899891616,-12.134473098309634,10.64059829711914,12.218337059020996,0.032899174839258194,1.884983867752483,0.5376572608947754,30.80549187383483,0.3017278015613556
sac,10,30031,3,771,3,2,1,1,0,1,0,-3.7632293270019255,13.501071007824125,-26.972813183352216,21.429094314575195,23.639663696289062,0.02708381414413452,1.551788243575632,0.3920133709907532,22.460711670466335,0.2230904996395111
sac,10,30031,3,772,4,2,1,1,0,1,0,-15.037904552212014,6.859162832471945,12.139172268458601,13.202034950256348,16.512300491333008,0.053045451641082764,3.039280501399349,0.26166340708732605,14.992208879117335,0.1838771551847458
sac,10,30031,3,773,5,2,1,1,0,1,0,-14.75174694674516,0.5588460778904433,-4.827263516663192,16.181865692138672,19.437326431274414,0.016911229118704796,0.9689420548805274,0.3260878920555115,18.683459965098375,0.17995516955852509
sac,10,30031,3,774,6,2,1,1,0,1,0,6.9033131752669075,-1.1410923838773503,3.6337016195818035,13.702917098999023,16.023414611816406,0.025646597146987915,1.4694417753946658,0.14970245957374573,8.577319116303455,0.10049782693386078
sac,10,30031,3,775,7,2,1,1,0,1,0,-4.901466691806211,4.202219245336985,1.4911532392188438,19.492258071899414,18.966392517089844,0.014457592740654945,0.8283590459585053,0.20627695322036743,11.81879883034457,0.11759606748819351
sac,10,30031,3,776,8,2,1,1,0,1,0,4.738744265019826,2.6231478111217372,5.058834250283304,20.86659812927246,21.745647430419922,0.0476379357278347,2.729452661920404,0.03545723855495453,2.0315501223874364,0.06536655128002167
sac,10,30031,3,777,9,2,1,1,0,1,0,9.89900682447782,9.597453972621757,-13.420187907672833,14.071489334106445,14.472599983215332,0.04573507979512215,2.6204270479545446,0.22825251519680023,13.077905784022338,0.15986134111881256
sac,10,30031,3,778,10,2,1,1,0,1,0,-6.025442621623508,8.858495806318077,-0.7599678281906388,15.639714241027832,15.087791442871094,0.015747712925076485,0.902277487590499,0.04950198903679848,2.836255049311424,0.04049870744347572
sac,10,30031,3,779,11,2,1,1,0,1,0,-2.037978184170065,-0.49878139432935115,-0.47605052477154874,19.125728607177734,19.99481201171875,0.03228845074772835,1.8499919548608614,0.21886497735977173,12.540039485941236,0.1417209357023239
sac,10,30031,3,780,12,2,1,1,0,1,0,12.370824964348754,1.18914959487756,21.57103513484257,17.178752899169922,18.190650939941406,0.023059269413352013,1.32119881604018,0.19082918763160706,10.933707059201174,0.11847386509180069
sac,10,30031,3,781,13,2,1,1,0,1,0,11.905743723384246,1.438191952394565,19.68426367851825,17.14836883544922,17.674837112426758,0.0279061459004879,1.5989043825742608,0.16137970983982086,9.246376272867577,0.10859599709510803
sac,10,30031,3,782,14,2,1,1,0,1,0,-2.2656147288282495,8.293625501579683,0.16270876640804374,16.510831832885742,17.21758460998535,0.016360871493816376,0.9374088857515769,0.1370571255683899,7.852794847263305,0.08488943427801132
sac,10,30031,3,783,15,2,1,1,0,1,0,16.497215449520258,2.9863909315613553,-5.422637446234863,10.192902565002441,13.825822830200195,0.021158982068300247,1.2123203713065935,0.2444462776184082,14.005740025218026,0.14338211715221405
sac,10,30031,3,784,16,1,1,1,0,1,0,-13.431553342451735,17.86460566097847,41.66509650318324,19.691198348999023,20.62639045715332,0.08715689182281494,4.993722056925573,0.32092222571372986,18.387489085341503,0.24761800467967987
sac,10,30031,3,785,17,1,1,1,0,1,0,1.4436970848655952,-4.312431177784311,-41.18605435555523,14.552260398864746,15.715889930725098,0.051406633108854294,2.9453831161148334,0.16168217360973358,9.263706170339193,0.1322477161884308
sac,10,30031,3,786,18,2,1,1,0,1,0,4.0220251946537084,6.848658001528466,-25.12276082400588,20.20828628540039,23.06254768371582,0.023549716919660568,1.3492993882243762,0.31370842456817627,17.974168725454646,0.180403932929039
sac,10,30031,3,787,19,2,1,1,0,1,0,-13.955729380115192,4.295246421832559,0.9253676891316676,11.158844947814941,13.0843505859375,0.04676396772265434,2.679377983794102,0.27910366654396057,15.991462139595615,0.18631580471992493
sac,10,30031,3,788,20,2,1,1,0,1,0,8.919707961659732,-0.4111910484131076,26.831701475099752,15.234149932861328,14.977435111999512,0.009810714982450008,0.562112562500149,0.21435829997062683,12.281825891916196,0.116989865899086
sac,10,30031,3,789,21,2,1,1,0,1,0,-9.267979307438681,5.869017629251877,3.618401995840975,15.2279691696167,14.125633239746094,0.025620317086577415,1.4679360388477953,0.15311400592327118,8.772786323744526,0.10217732191085815
sac,10,30031,3,790,22,2,1,1,0,1,0,-4.175772752870696,1.5797544531322492,-1.1054114756532036,17.419050216674805,17.744665145874023,0.024561423808336258,1.407265923049805,0.19787520170211792,11.337413927831241,0.12349902093410492
sac,10,30031,3,791,23,2,1,1,0,1,0,-17.801781580992692,-4.4371777527854235,0.8421213435275521,22.482275009155273,23.17334747314453,0.022661518305540085,1.2984093562659036,0.3779798448085785,21.656649848541388,0.21165144443511963
sac,10,30031,3,792,24,2,1,1,0,1,0,-6.5524600179816925,6.9353877436092874,15.748134942866619,12.563605308532715,13.287324905395508,0.044634927064180374,2.5573929396517894,0.10619957000017166,6.084787147113987,0.0977347120642662
sac,10,30031,3,793,25,2,1,1,0,1,0,9.287459006951558,4.525778966698829,30.22086866201676,21.224205017089844,21.102020263671875,0.03214986249804497,1.8420514330638986,0.1638386994600296,9.387265999972016,0.11406920850276947
sac,10,30031,3,794,26,2,1,1,0,1,0,-12.338504509196254,0.5175780749252262,-3.200421739392875,13.994773864746094,15.19158935546875,0.036292385309934616,2.0794005067218415,0.24200791120529175,13.866031920840001,0.1572963446378708
sac,10,30031,3,795,27,2,1,1,0,1,0,-9.533045288748538,-0.014439019905406955,-5.325156986400441,19.387432098388672,22.040550231933594,0.006776825990527868,0.38828352775181046,0.2816219627857208,16.135749885812135,0.14758780598640442
sac,10,30031,3,796,28,2,1,1,0,1,0,-3.206924079482727,5.154142709961662,-0.13208219816970657,18.07830047607422,16.993907928466797,0.02050468884408474,1.174832130995038,0.03774646297097206,2.1627130197835416,0.03937792032957077
sac,10,30031,3,797,29,2,1,1,0,1,0,-2.9687963642594024,4.830760573518238,-3.2961536707997734,22.960065841674805,23.004009246826172,0.040401507169008255,2.314835846751712,0.09866584837436676,5.65313669392893,0.08973443508148193
sac,10,30031,3,798,30,2,1,1,0,1,0,10.179454391798544,2.44247564719656,19.307578745792043,16.364063262939453,17.581939697265625,0.027250461280345917,1.5613364211484866,0.11758151650428772,6.736924644443519,0.08604121953248978
sac,10,30031,3,799,31,2,1,1,0,1,0,-13.415379454497145,1.196116387830973,5.639332027842688,17.7823486328125,17.22410011291504,0.04355514794588089,2.495526153366872,0.34053805470466614,19.511393298172518,0.21382418274879456
sac,10,30031,3,800,32,2,1,1,0,1,0,0.43949535233364045,8.718818437791317,8.257165951790155,13.182035446166992,15.171460151672363,0.030143020674586296,1.7270678664293784,0.1050214096903801,6.017283533773106,0.0826537236571312
sac,10,30031,3,801,33,2,1,1,0,1,0,16.962296690484767,5.322097061652276,-6.950851291890197,18.419523239135742,19.952274322509766,0.03663625568151474,2.099102827712978,0.24735388159751892,14.172333461716516,0.1603131890296936
sac,10,30031,3,802,34,1,1,1,0,1,0,4.413354052960419,-5.220081356208965,42.439721917332726,20.821006774902344,20.45147705078125,0.06083370000123978,3.48551426223603,0.24770326912403107,14.192351892400175,0.1846853345632553
sac,10,30031,3,803,35,2,1,1,0,1,0,3.4794622877445756,10.546139927579848,-1.249665070923873,16.96448516845703,16.618032455444336,0.03576553240418434,2.0492140587981473,0.14668183028697968,8.404249806698148,0.10910645127296448
sac,10,30031,3,804,36,2,1,1,0,1,0,-15.291222608149447,3.8559832959306988,1.3431157191479874,18.60835838317871,20.630115509033203,0.00399436429142952,0.22886021573667506,0.3944832384586334,22.602224652332538,0.20123597979545593
sac,10,30031,3,805,37,1,1,1,0,1,0,-2.3063226562815258,-11.83880786951812,-64.39022870208287,13.735447883605957,15.216866493225098,0.06242433562874794,3.576650970435391,0.31703051924705505,18.16451072969727,0.22093959152698517
sac,10,30031,3,806,38,2,1,1,0,1,0,-0.9199581793090175,0.7621398283467028,0.29051526615732237,14.454682350158691,13.815361022949219,0.02802256867289543,1.6055749160724246,0.04391609504818916,2.5162068989566126,0.04998061805963516
sac,10,30031,3,807,39,1,1,1,0,1,0,7.720613611350633,13.649982792108743,-27.707960104099026,17.05863380432129,18.91202735900879,0.051470790058374405,2.9490590385487696,0.5058788061141968,28.98472053546034,0.3044101893901825
sac,10,30031,3,808,40,2,1,1,0,1,0,2.8532842050161467,0.4256983702102147,27.242632976324398,14.692567825317383,15.695717811584473,0.04711412265896797,2.6994403838205447,0.1383332759141922,7.925912876101938,0.11628076434135437
sac,10,30031,3,809,41,2,1,1,0,1,0,10.90595429305612,4.0492913098204,-22.48778312524168,22.189088821411133,23.699275970458984,0.048485275357961655,2.7780016465408544,0.26647987961769104,15.268172427247945,0.18172521889209747
sac,10,30031,3,810,42,2,1,1,0,1,0,0.6735522748116374,8.438357210092253,-10.854987421469485,12.20634937286377,14.451047897338867,0.02181241102516651,1.2497590927466664,0.1468389481306076,8.413251996024226,0.09523188322782516
sac,10,30031,3,811,43,2,1,1,0,1,0,-18.047613749599794,0.6077229115910545,16.7125849744291,15.72535514831543,17.96112823486328,0.04925385117530823,2.8220377971106307,0.2218005508184433,12.708235455573739,0.16015413403511047
sac,10,30031,3,812,44,1,1,1,0,1,0,-13.72956815631773,0.9825500328630142,-61.64984752404703,16.022720336914062,17.376819610595703,0.050307225435972214,2.8823916964943908,0.5224227905273438,29.93262101866388,0.3115186095237732
sac,10,30031,3,813,45,1,1,1,0,1,0,19.7873858746071,6.12833259128058,41.89433131210721,12.4578857421875,12.784222602844238,0.050594501197338104,2.8988513851770636,0.4348030090332031,24.91237733719115,0.26799601316452026
sac,10,30031,3,814,46,2,1,1,0,1,0,12.773970049919587,3.1230356960966303,21.221780241823136,17.41407012939453,18.24299430847168,0.013285404071211815,0.7611975824063584,0.21076585352420807,12.075993872409631,0.118668332695961
sac,10,30031,3,815,47,2,1,1,0,1,0,5.211652902773169,9.761091644756922,1.65511876043417,21.83627700805664,21.5444393157959,0.017943546175956726,1.028089465380428,0.13613253831863403,7.799819900060686,0.08600981533527374
sac,10,30031,3,816,48,1,1,1,0,1,0,-8.108704959990758,9.712105528029591,49.76865150053981,11.35720443725586,12.129541397094727,0.07041456550359726,4.034457419603601,0.36019378900527954,20.63758391682819,0.2505114674568176
sac,10,30031,3,817,49,2,1,1,0,1,0,-1.3864874203775683,1.3270647745984574,0.9577018046625079,23.603181838989258,23.55531883239746,0.02445320226252079,1.401065285222197,0.13808055222034454,7.911432875061511,0.09349347651004791
sac,10,30031,3,818,50,2,1,1,0,1,0,9.597904765106978,3.2564975924786794,-7.1780507044415005,11.298547744750977,15.365083694458008,0.038743264973163605,2.2198255675193073,0.21617606282234192,12.385976031475135,0.14683130383491516
sac,10,30031,3,819,51,77,1,1,0,1,0,-12.381452738697295,6.110382854141787,-30.187100206760213,21.863157272338867,19.636810302734375,0.02986069582402706,1.7108918440406726,0.03919314965605736,2.2456020611167005,0.04945727065205574
sac,10,30031,3,820,52,1,1,1,0,1,0,-7.282033504365774,-1.6056545304649374,4.174406715036693,9.777615547180176,12.49179458618164,0.021071694791316986,1.2073191787302633,0.5602909326553345,32.1023057405993,0.3012171685695648
sac,10,30031,3,821,53,2,1,1,0,1,0,10.55295645637152,-1.3983992702900707,1.248667863305051,16.544593811035156,16.63481903076172,0.03281056508421898,1.879906902765048,0.08556164056062698,4.902320892339285,0.07559138536453247
sac,10,30031,3,822,54,2,1,1,0,1,0,7.169854477437485,2.3079072601689687,15.870395329009847,19.89783477783203,20.219646453857422,0.015800781548023224,0.9053180957099182,0.06730903685092926,3.8565237346487757,0.049455299973487854
sac,10,30031,3,823,55,2,1,1,0,1,0,5.368788234818482,0.3408947414753364,31.07833061042016,20.295677185058594,22.340662002563477,0.04167371243238449,2.3877278390174994,0.2841743528842926,16.28199106613128,0.1837608814239502
sac,10,30031,3,824,56,2,1,1,0,1,0,4.707421017486148,8.536534349222016,-2.6172875088138663,13.813712120056152,13.060900688171387,0.01793055795133114,1.027345294926014,0.2354196161031723,13.488550417301845,0.13564036786556244
sac,10,30031,3,825,57,2,1,1,0,1,0,-0.7942280570674227,0.49126818624233715,-0.3553474217590834,18.507484436035156,18.015838623046875,0.02992372028529644,1.7145028796774937,0.15558451414108276,8.914336017877517,0.10771597921848297
sac,10,30031,3,826,58,2,1,1,0,1,0,0.6109740816359805,0.163910879701966,-0.05350770195787989,16.464025497436523,17.48908233642578,0.017038792371749878,0.9762508909009701,0.12537162005901337,7.1832647000991585,0.07972460240125656
sac,10,30031,3,827,59,2,1,1,0,1,0,-4.665251429550489,0.7540392239910677,16.76157109115643,10.957858085632324,12.840141296386719,0.023796886205673218,1.3634611451381629,0.18244719505310059,10.453454260542776,0.11502048373222351
sac,10,30031,3,828,60,2,1,1,0,1,0,-2.2773626542006715,-0.3097217581033982,-0.7983808120827904,22.339632034301758,21.025535583496094,0.022638071328401566,1.2970659434335268,0.22853881120681763,13.09430933708777,0.13690747320652008
sac,10,30031,3,829,61,2,1,1,0,1,0,-14.208337096378944,-1.8979866269414833,1.713653481621179,18.43617820739746,17.85451889038086,0.03938142582774162,2.2563894911370896,0.29289454221725464,16.781621111465004,0.18582870066165924
sac,10,30031,3,830,62,2,1,1,0,1,0,-7.597752168560444,4.027516666746399,-3.4685476454508954,14.840868949890137,15.50196647644043,0.04670947045087814,2.676255520126348,0.18284736573696136,10.476382351812862,0.13813315331935883
sac,10,30031,3,831,63,2,1,1,0,1,0,-12.944806741439946,1.1535916300584736,-10.031157324539226,21.17974090576172,21.632827758789062,0.014750308357179165,0.845130415382913,0.39088788628578186,22.396226146964953,0.21019424498081207
sac,10,30031,3,832,64,2,1,1,0,1,0,-14.229319437509224,7.1524648158106325,-0.1979252217686295,13.798161506652832,17.370948791503906,0.036143604665994644,2.0708760037508425,0.1542682945728302,8.838922191704114,0.11327774822711945
sac,10,30031,3,833,65,2,1,1,0,1,0,0.31418870182058656,6.881347286896147,-1.7357559737753403,22.929393768310547,22.148927688598633,0.037041909992694855,2.122345107684885,0.12132098525762558,6.951180421630826,0.09770239889621735
sac,10,30031,3,834,66,1,1,1,0,1,0,-22.834428885998168,2.889839377454055,47.075221042858644,13.510344505310059,16.81292724609375,0.061419129371643066,3.5190568943631395,0.22367124259471893,12.815418199124164,0.17325475811958313
sac,10,30031,3,835,67,2,1,1,0,1,0,-10.814334135529569,9.328699689160095,-5.129103236464395,10.880148887634277,13.676997184753418,0.037429213523864746,2.1445359654114333,0.10813846439123154,6.195877612643306,0.09149844944477081
sac,10,30031,3,836,68,2,1,1,0,1,0,-1.753678390157454,1.5482262999234704,-1.2408131457595364,14.501415252685547,17.02521514892578,0.04669943451881409,2.6756805035755975,0.1387685388326645,7.950851604308947,0.11608370393514633
sac,10,30031,3,837,69,2,1,1,0,1,0,7.399417135441614,-0.47096886402905924,-2.737772045772891,11.09555435180664,12.722259521484375,0.035110507160425186,2.0116838768562197,0.1259709745645523,7.217605183698691,0.09809599816799164
sac,10,30031,3,838,70,2,1,1,0,1,0,-11.207698390208943,6.26201305371607,9.033198384908664,13.213751792907715,14.659735679626465,0.025991316884756088,1.4891927614836384,0.15849657356739044,9.081184732696235,0.10523959994316101
sac,10,30031,3,839,71,2,1,1,0,1,0,-15.011184852178923,-1.3043612257973352,-4.312977592917911,11.381684303283691,14.601468086242676,0.055481161922216415,3.1788364206249304,0.27148157358169556,15.554748381801463,0.1912219524383545
sac,10,30031,3,840,72,2,1,1,0,1,0,4.045739611451993,-1.8831787768208956,9.022912120018624,16.54405975341797,15.876511573791504,0.02168324962258339,1.2423586895026633,0.1599581390619278,9.164926267015176,0.10166232287883759
sac,10,30031,3,841,73,2,1,1,0,1,0,-2.343970658986636,6.162264971077204,-2.3457738289275194,18.723085403442383,20.27297019958496,0.035116489976644516,2.0120266669751894,0.167525976896286,9.598531434963327,0.11887948215007782
sac,10,30031,3,842,74,1,1,1,0,1,0,19.376249467707353,12.800785372601057,-33.729181668815464,18.7943115234375,20.331233978271484,0.07329514622688293,4.199502537594612,0.48498260974884033,27.787456675848805,0.3157864511013031
sac,10,30031,3,843,75,1,1,1,0,1,0,18.62462813068247,9.14864224226022,-37.70467961484305,13.583789825439453,14.643205642700195,0.06267319619655609,3.5909096306580275,0.3411083519458771,19.54406892316186,0.23322737216949463
sac,10,30031,3,844,76,2,1,1,0,1,0,-7.630919567170026,5.591452401760899,1.6757869128626284,23.042524337768555,21.721492767333984,0.013870258815586567,0.7947072908872344,0.19285035133361816,11.049511209031447,0.11029543727636337
sac,10,30031,3,845,77,1,1,1,0,1,0,1.1830024246245485,15.46924465867666,38.67701168470772,14.32214641571045,16.81770896911621,0.059469398111104965,3.4073455219495843,0.5615171194076538,32.172561066402054,0.34022796154022217
sac,10,30031,3,846,78,2,1,1,0,1,0,-8.479065137545529,3.455939116243052,-10.924382143436814,14.85966682434082,15.907014846801758,0.01980203576385975,1.1345730750362788,0.19588406383991241,11.223330131898164,0.1177440658211708
sac,10,30031,3,847,79,1,1,1,0,1,0,-6.967790161031828,2.156673211566546,-12.970488252719194,14.03100872039795,13.424027442932129,0.00753883458673954,0.4319434042674278,0.06253745406866074,3.5831321796274986,0.03880756348371506
sac,10,30031,3,848,80,2,1,1,0,1,0,-0.3343104391154441,4.786132117481375,-2.0620204500485095,12.331320762634277,13.638949394226074,0.031659651547670364,1.8139644145363367,0.134439617395401,7.702822676110043,0.09887945652008057
sac,10,30031,3,849,81,2,1,1,0,1,0,1.9564940273718125,1.3586748900772765,26.22019463870851,15.814726829528809,16.27433204650879,0.021639911457896233,1.2398755955742464,0.16032230854034424,9.185791641155918,0.1018010675907135
sac,10,30031,3,850,82,2,1,1,0,1,0,-9.516434268687066,-2.8607154508331205,15.994267639797199,19.94419288635254,20.753517150878906,0.026809709146618843,1.5360831840745397,0.2859375774860382,16.38301639414494,0.1697784960269928
sac,10,30031,3,851,83,2,1,1,0,1,0,7.921776342785849,-3.3801376768342504,7.451954950537352,15.547212600708008,16.015199661254883,0.03394436836242676,1.9448690454044508,0.1739814579486847,9.968403253992442,0.1209350973367691
sac,10,30031,3,852,84,2,1,1,0,1,0,6.007520205241395,-0.6378986873441709,-4.377399937169472,21.8482723236084,23.150224685668945,0.06192485988140106,3.5480331181432723,0.01938985474407673,1.1109568422073135,0.07161978632211685
sac,10,30031,3,853,85,2,1,1,0,1,0,0.19419593848180253,0.4019976137902705,0.26790734000458016,19.674110412597656,17.750686645507812,0.009094553999602795,0.5210795607310627,0.09903677552938461,5.674389254418248,0.058612942695617676
sac,10,30031,3,854,86,2,1,1,0,1,0,-1.7906160531888828,-1.4028252328722388,-23.81617295653912,21.576780319213867,22.094669342041016,0.029326913878321648,1.6803083913714711,0.05088408663868904,2.9154434087749057,0.05476895719766617
sac,10,30031,3,855,87,2,1,1,0,1,0,3.976085342296203,-0.44610697545021283,30.633111559562046,21.73846435546875,21.386768341064453,0.05309246852993965,3.041974370696684,0.22343352437019348,12.801797948145511,0.1648092269897461
sac,10,30031,3,856,88,2,1,1,0,1,0,-3.121410111074167,-0.33808070353729114,13.437167757949485,13.90506362915039,12.926963806152344,0.0056312852539122105,0.3226488782834258,0.16189394891262054,9.27584000139972,0.08657825738191605
sac,10,30031,3,857,89,1,1,1,0,1,0,-13.746725591512803,-1.1070507210540066,-4.21544249157013,11.213168144226074,12.730072021484375,0.04867780953645706,2.7890330423806597,0.3013446033000946,17.26577394813948,0.19935011863708496
sac,10,30031,3,858,90,2,1,1,0,1,0,2.538467125791919,3.5815326347012464,0.782603075100061,13.325745582580566,13.290553092956543,0.015920545905828476,0.9121800879482539,0.12276600301265717,7.033973840315605,0.07730354368686676
sac,10,30031,3,859,91,2,1,1,0,1,0,-16.938828160496602,3.5020019120056176,5.549597002527061,21.442462921142578,22.533472061157227,0.03515112027525902,2.0140108369290783,0.31391042470932007,17.985742481003232,0.19210633635520935
sac,10,30031,3,860,92,2,1,1,0,1,0,10.132681256362297,8.289336142780915,-8.771178667968634,18.412410736083984,20.829145431518555,0.04223519563674927,2.4198984568950825,0.3453448712825775,19.786803600980356,0.21490763127803802
sac,10,30031,3,861,93,2,1,1,0,1,0,-2.366100471897477,-0.34583979843442564,-8.938108491283746,17.584169387817383,19.83517837524414,0.02225932478904724,1.2753653652233383,0.06697577983140945,3.837429513937182,0.05574721470475197
sac,10,30031,3,862,94,1,1,1,0,1,0,-14.338056049095828,8.06704080605368,50.65444507362042,23.4329891204834,23.0134220123291,0.06826580315828323,3.911342406040475,0.21411378681659698,12.267816320154854,0.17532269656658173
sac,10,30031,3,863,95,2,1,1,0,1,0,7.5353925414382275,0.08403864754783688,4.909116503676625,16.367412567138672,15.827537536621094,0.028203580528497696,1.6159461314402659,0.09246297925710678,5.297738472637895,0.07443507015705109
sac,10,30031,3,864,96,2,1,1,0,1,0,-11.643027327148875,1.976151311803109,13.632989281453751,21.03441619873047,22.819374084472656,0.03361954912543297,1.926258274020047,0.1025756299495697,5.877150677006069,0.08490736782550812
sac,10,30031,3,865,97,2,1,1,0,1,0,11.424133424628307,3.842801030832574,-4.294891251995718,18.118030548095703,18.97608184814453,0.032897770404815674,1.8849033995863238,0.11682947725057602,6.6938359691776705,0.09131251275539398
sac,10,30031,3,866,98,1,1,1,0,1,0,-3.938136811267612,9.815596554333624,-27.849590906728412,22.12143898010254,22.960205078125,0.018041515722870827,1.033702706939415,0.30227264761924744,17.31894697082803,0.16917784512043
sac,10,30031,3,867,99,2,1,1,0,1,0,7.720217460378772,9.180580206819199,11.74713307047821,16.32607078552246,18.03899383544922,0.03677624464035034,2.107123604232689,0.09704814106225967,5.5604488924577415,0.08530031144618988
sac,10,30031,3,868,100,1,1,1,0,1,0,-3.275990952369896,2.0426773543190335,29.958220567673088,15.11715030670166,15.941611289978027,0.05014253780245781,2.872955790156018,0.3397132158279419,19.464133511757908,0.21999914944171906
sac,10,30031,3,869,101,2,1,1,0,1,0,-2.8559069976574314,0.43519233315653244,4.854994084693444,14.105940818786621,13.375383377075195,0.03495856374502182,2.0029781604288037,0.09092609584331512,5.209681539423975,0.08042161166667938
sac,10,30031,3,870,102,2,1,1,0,1,0,-6.844354982351358,1.2024274826240648,8.193412966077256,22.522768020629883,23.28696632385254,0.04687197878956795,2.6855665620689564,0.07064677774906158,4.047762201219963,0.08219537138938904
sac,10,30031,3,871,103,1,1,1,0,1,0,10.146751446052523,0.8482821741589036,-5.07276783619013,10.671332359313965,12.127310752868652,0.03120442107319832,1.7878816296433506,0.3369954526424408,19.308417151512664,0.19970214366912842
sac,10,30031,3,872,104,1,1,1,0,1,0,3.032986482079182,1.3849574580034856,-13.667932529247537,14.147435188293457,14.330940246582031,0.05788397789001465,3.3165076345264115,0.03747846931219101,2.1473581141991183,0.07662321627140045
sac,10,30031,3,873,105,2,1,1,0,1,0,6.226878560625525,4.215060000976609,6.393302949942055,14.14145565032959,13.396956443786621,0.06765107065439224,3.8761208280380117,0.06114020198583603,3.503075532365779,0.09822116792201996
sac,10,30031,3,874,106,2,1,1,0,1,0,0.4323782952184872,-1.5931962654188343,-20.51123566246671,21.22819709777832,22.417905807495117,0.053228069096803665,3.0497437108775736,0.044393885880708694,2.543582297150024,0.07542501389980316
sac,10,30031,3,875,107,2,1,1,0,1,0,-17.796535995710123,3.4101085469122663,10.784281303181512,23.649681091308594,22.690284729003906,0.04976695030927658,2.851436211958835,0.289724737405777,16.60000467388707,0.19462931156158447
sac,10,30031,3,876,108,1,1,1,0,1,0,-2.140649587773696,-1.7185985385802685,-17.367709398860043,12.20799732208252,12.19261360168457,0.04514900594949722,2.586847490117235,0.06011096015572548,3.4441043194021237,0.07520448416471481
sac,10,30031,3,877,109,2,1,1,0,1,0,-8.821230294206488,10.767806886903442,27.66760734648259,20.363557815551758,19.957305908203125,0.06343531608581543,3.634575883795565,0.14875933527946472,8.5232820746849,0.1378149837255478
sac,10,30031,3,878,110,2,1,1,0,1,0,6.341489134898339,3.273463782376991,-7.351373584819744,17.952159881591797,17.68032455444336,0.06219295784831047,3.5633940001432194,0.07986288517713547,4.575806260387764,0.1021244004368782
sac,10,30031,3,879,111,2,1,1,0,1,0,5.8705339312476195,-3.9572066994302877,13.953393455419048,9.99385929107666,12.484600067138672,0.040736183524131775,2.334011389403111,0.10180075466632843,5.8327535936273405,0.09163656085729599
sac,10,30031,3,880,112,2,1,1,0,1,0,-5.323736307053078,6.7981692431837315,-12.401943306207333,20.751073837280273,22.325838088989258,0.02578291855752468,1.4772524168756926,0.04462835192680359,2.557016212030381,0.048097096383571625
sac,10,30031,3,881,113,2,1,1,0,1,0,8.247426102033717,1.841050170020257,-1.3480197949720565,19.09296989440918,22.04937171936035,0.02950328402221203,1.690413656248505,0.11711875349283218,6.710410276972353,0.08806265890598297
sac,10,30031,3,882,114,2,1,1,0,1,0,16.429487293710412,0.29289217198848677,-7.6887849298183735,19.271116256713867,19.686391830444336,0.048865657299757004,2.799795926408719,0.12738442420959473,7.298589882913886,0.11255787312984467
sac,10,30031,3,883,115,2,1,1,0,1,0,11.080684192403385,3.565249463719936,-2.690507136716403,21.873180389404297,21.70346450805664,0.0344831682741642,1.9757400063490276,0.16361407935619354,9.374396216028419,0.11629021167755127
sac,10,30031,3,884,116,2,1,1,0,1,0,3.988953418692507,7.28492950457386,-4.839940347762735,22.03470230102539,22.559791564941406,0.03251706808805466,1.863090763585065,0.0970061644911766,5.55804381209625,0.08102014660835266
sac,10,30031,3,885,117,2,1,1,0,1,0,6.869080267146804,0.48528494052940596,-10.071919893505862,17.127498626708984,19.323835372924805,0.037593986839056015,2.153976780948272,0.09746616333723068,5.584399804556037,0.08632706850767136
sac,10,30031,3,886,118,2,1,1,0,1,0,-10.336658025735558,1.4711134641940264,-17.557370091732956,14.933462142944336,16.553693771362305,0.039921436458826065,2.2873298211904243,0.07015826553106308,4.019772512888074,0.0750005692243576
sac,10,30031,3,887,119,2,1,1,0,1,0,9.027693252437633,7.92236373905447,0.3724502154407953,23.16361427307129,23.515026092529297,0.02950979396700859,1.6907866486102112,0.3410378694534302,19.540030573815088,0.20002873241901398
sac,10,30031,3,888,120,2,1,1,0,1,0,5.88166713959474,10.904779500518877,-1.8075549223305145,13.97036361694336,16.064048767089844,0.008866613730788231,0.5080195453469107,0.1777140498161316,10.182265014642004,0.09772364050149918
sac,10,30031,3,889,121,2,1,1,0,1,0,-6.665240101556943,1.4208705926594125,11.262094016758924,15.901987075805664,16.950355529785156,0.019607894122600555,1.123449578364384,0.2697834074497223,15.45745062952734,0.1544995903968811
sac,10,30031,3,890,122,2,1,1,0,1,0,6.061000586442595,10.646393444217296,-13.09660086555431,13.873140335083008,15.040745735168457,0.03782230615615845,2.1670585141995504,0.21461862325668335,12.296741317516211,0.14513161778450012
sac,10,30031,3,891,123,2,1,1,0,1,0,12.40070021177839,-0.32731632540535105,0.515802225741023,17.336383819580078,19.186901092529297,0.024080773815512657,1.3797267070380193,0.17841649055480957,10.222511904326304,0.11328902095556259
sac,10,30031,3,892,124,1,1,1,0,1,0,-6.999700804834127,-12.919617003780939,63.50203090241441,12.719869613647461,14.904640197753906,0.10477612912654877,6.003229992668981,0.5092211365699768,29.17622196431457,0.359386682510376
sac,10,30031,3,893,125,2,1,1,0,1,0,20.824932590667057,4.6363870501180156,-18.347814224000192,21.67409324645996,21.62688636779785,0.07216211408376694,4.134584577741403,0.24108193814754486,13.81297757268828,0.19270308315753937
sac,10,30031,3,894,126,1,1,1,0,1,0,-7.072811149709944,10.03841098543778,27.997396200367486,12.202408790588379,12.936610221862793,0.04751676693558693,2.722510201515909,0.07699126750230789,4.4112746872449735,0.08601240068674088
sac,10,30031,3,895,127,2,1,1,0,1,0,9.876699426648559,-3.046769803824268,-5.384825518989673,21.130651473999023,21.926496505737305,0.05177876353263855,2.966704618826086,0.09650707989931107,5.529448371362346,0.10003229975700378
sac,10,30031,3,896,128,2,1,1,0,1,0,-15.546835607648005,3.788050234445752,13.2202819310449,20.96593475341797,22.783662796020508,0.04103296995162964,2.351015999115504,0.22943542897701263,13.145681751156374,0.15575069189071655
sac,10,30031,3,897,129,1,1,1,0,1,0,11.028446905631128,3.951373717879097,33.53924776837575,18.379302978515625,17.98868751525879,0.013474063947796822,0.7720069970981382,0.23502473533153534,13.465925415676178,0.13098643720149994
sac,10,30031,3,898,130,2,1,1,0,1,0,-14.147521092009152,4.070451235869099,19.34131988029191,21.58934783935547,23.825674057006836,0.027067910879850388,1.55087705365167,0.03715187683701515,2.1286457437508104,0.04564385116100311
sac,10,30031,3,899,131,2,1,1,0,1,0,6.461973671857364,1.241687409973298,-13.543022029706343,18.814401626586914,18.17178726196289,0.05309409648180008,3.042067645467537,0.0716710165143013,4.106446759681889,0.08892960846424103
sac,10,30031,3,900,132,2,1,1,0,1,0,-13.306642842910541,-6.891182759300965,12.318136885091276,19.152849197387695,18.898557662963867,0.036425936967134476,2.0870524530263714,0.27645641565322876,15.839785836244436,0.17465414106845856
sac,10,30031,3,901,133,2,1,1,0,1,0,0.016925208763291597,-0.3251853063843071,4.67096146769662,20.010011672973633,21.667259216308594,0.045523904263973236,2.608327581283279,0.1373133361339569,7.867474631336955,0.11418057233095169
sac,10,30031,3,902,134,1,1,1,0,1,0,1.5811887928579518,-6.3961852897718,56.20667852916711,19.70362091064453,20.108198165893555,0.02453642524778843,1.4058336110365122,0.14445440471172333,8.27662772205646,0.09676362574100494
sac,10,30031,3,903,135,2,1,1,0,1,0,4.824107969266646,6.5030094483908005,-0.7405154494344425,19.48192596435547,22.223278045654297,0.02911674976348877,1.6682668745864444,0.09904002398252487,5.674575377073131,0.0786367654800415
sac,10,30031,3,904,136,2,1,1,0,1,0,-9.896465994106576,-1.6302432114769834,4.482981001359529,13.933263778686523,13.030010223388672,0.0445486418902874,2.55244916335317,0.16636182367801666,9.53183036884992,0.12772955000400543
sac,10,30031,3,905,137,1,1,1,0,1,0,11.562895547806287,10.598267931325385,46.010736060712155,22.341720581054688,23.7867431640625,0.050854310393333435,2.9137373555862833,0.13966940343379974,8.002467343866734,0.1206890121102333
sac,10,30031,3,906,138,2,1,1,0,1,0,17.24387806920771,0.3929271225724935,14.151154752647598,13.975855827331543,13.647109985351562,0.02158346213400364,1.2366412875588337,0.21468013525009155,12.300265695127937,0.12892353534698486
sac,10,30031,3,907,139,1,1,1,0,1,0,-12.897978964490338,-3.3942351872811565,8.756370817848047,9.6838960647583,12.45528793334961,0.032306969165802,1.8510529820597406,0.22347815334796906,12.804355000216034,0.14404603838920593
sac,10,30031,3,908,140,2,1,1,0,1,0,-10.444028599488158,3.222934042897237,-3.776944346855311,13.809900283813477,13.271930694580078,0.02410196326673031,1.380940773162989,0.20898179709911346,11.973774968838512,0.1285928636789322
sac,10,30031,3,909,141,1,1,1,0,1,0,-8.015213330631623,-0.7843925846626043,-34.129977169311815,22.230783462524414,21.437734603881836,0.006050580181181431,0.34667270798719696,0.38785257935523987,22.222315870318088,0.1999768763780594
sac,10,30031,3,910,142,2,1,1,0,1,0,0.6519825374127372,1.4765229740166765,6.489731560644295,21.9963436126709,23.330184936523438,0.04517210274934769,2.588170839268925,0.11695429682731628,6.700987604125498,0.10364925116300583
sac,10,30031,3,911,143,2,1,1,0,1,0,-7.856370451293807,-2.669251588019323,33.28002842899543,20.524280548095703,19.97730255126953,0.04619381204247475,2.6467104696544,0.14491531252861023,8.303035794708668,0.11865146458148956
sac,10,30031,3,912,144,2,1,1,0,1,0,-10.852747119421721,6.17592534941723,3.5442398018329766,12.310827255249023,13.268034934997559,0.06196198612451553,3.5501602951829083,0.08626411855220795,4.942569916457701,0.1050940454006195
sac,10,30031,3,913,145,2,1,1,0,1,0,-10.749529300684488,9.121321485580168,23.575408788296173,21.27486801147461,20.83563995361328,0.049555469304323196,2.839319242927821,0.1271028071641922,7.282454414773377,0.1131068766117096
sac,10,30031,3,914,146,2,1,1,0,1,0,-2.032404749807334,8.604412769193603,4.507692625776635,19.5615177154541,20.149709701538086,0.04844026640057564,2.7754228232423515,0.1395340859889984,7.994714225385122,0.11820730566978455
sac,10,30031,3,915,147,1,1,1,0,1,0,12.885684623984316,-3.193263701142701,-27.975758161076886,16.98141860961914,19.131729125976562,0.06390286237001419,3.661364312607178,0.12995585799217224,7.445922185952938,0.1288807988166809
sac,10,30031,3,916,148,2,1,1,0,1,0,1.2684071100063878,5.679329615622282,-6.869927210603885,17.800434112548828,16.86627197265625,0.013769992627203465,0.7889624614650189,0.1904519498348236,10.912092925572669,0.1089959666132927
sac,10,30031,3,917,149,1,1,1,0,1,0,-3.7653057045096094,-7.854949771946444,-48.5193825805878,14.131338119506836,13.989027976989746,0.06561558693647385,3.75949620173369,0.22451934218406677,12.864010726200572,0.17787525057792664
sac,10,30031,3,918,150,2,1,1,0,1,0,-0.9232366701106236,0.18535767369580602,-19.906900524703982,20.927902221679688,21.03301429748535,0.05193063244223595,2.9754060663852706,0.07592815905809402,4.350363060226799,0.08989471197128296
sac,10,30031,3,919,151,1,1,1,0,1,0,16.63336844043529,-3.242441063166793,48.479248389024804,13.593450546264648,15.446035385131836,0.03757898136973381,2.153117030886497,0.5290253758430481,30.310921291128793,0.30209165811538696
sac,10,30031,3,920,152,1,1,1,0,1,0,14.70888067951416,3.657948791135349,-40.78504028900544,23.551061630249023,22.51792335510254,0.08568733930587769,4.909522899932241,0.19179093837738037,10.988811317877545,0.18158280849456787
sac,10,30031,3,921,153,2,1,1,0,1,0,-5.161177804806775,3.3945493759829772,5.8384457025269,18.201562881469727,18.22840118408203,0.007028886582702398,0.4027255358649793,0.1697549670934677,9.726243165837872,0.09190636873245239
sac,10,30031,3,922,154,2,1,1,0,1,0,-3.2409111007927103,-0.5387789821089458,15.980907789780654,17.472503662109375,18.73274040222168,0.026163047179579735,1.499032182591571,0.1720096319913864,9.855425948704907,0.11216786503791809
sac,10,30031,3,923,155,2,1,1,0,1,0,-7.676490589312351,4.40335465601552,-1.342883492716207,18.922216415405273,20.732555389404297,0.025146422907710075,1.440783902462879,0.10590073466300964,6.067665143525235,0.07809679210186005
sac,10,30031,3,924,156,2,1,1,0,1,0,-6.581911793682788,9.228582776306048,-5.011897190306977,23.49766731262207,23.819948196411133,0.01798463799059391,1.0304438529316726,0.06080149486660957,3.4836690439430686,0.0483853854238987
sac,10,30031,3,925,157,2,1,1,0,1,0,2.8772035274895313,5.146410935821208,-0.5910162688812033,23.519332885742188,22.606592178344727,0.030379729345440865,1.7406302742434965,0.10907420516014099,6.2494916094201445,0.08491683006286621
sac,10,30031,3,926,158,1,1,1,0,1,0,-3.5453736132351987,-4.1281799947340465,-40.73466081368743,12.425735473632812,14.799932479858398,0.07886713743209839,4.518754117137471,0.09782114624977112,5.604738827243866,0.12777771055698395
sac,10,30031,3,927,159,2,1,1,0,1,0,3.302410124079505,11.133932347172806,-3.7198439653940043,18.39142608642578,19.048410415649414,0.009380652569234371,0.5374718012956817,0.1432645171880722,8.208452188855977,0.08101291209459305
sac,10,30031,3,928,160,2,1,1,0,1,0,4.744413322030937,9.694196772025817,4.393956315717583,23.344982147216797,23.215770721435547,0.018401242792606354,1.054313549811869,0.127925843000412,7.329610894576791,0.08236416429281235
sac,10,30031,3,929,161,1,1,1,0,1,0,-14.460726246589257,13.961220852207884,-67.17601697772095,18.51046371459961,19.644702911376953,0.07872115820646286,4.510390123611967,0.6617741584777832,37.916866271598664,0.40960824489593506
sac,10,30031,3,930,162,2,1,1,0,1,0,2.54432742809979,-1.4419485564380718,-1.9322468558182673,19.446157455444336,20.550037384033203,0.027124488726258278,1.5541187254647815,0.1541041135787964,8.829515313669713,0.10417654365301132
sac,10,30031,3,931,163,2,1,1,0,1,0,-6.977079218303045,1.8058610354163513,-0.6761477466962422,13.983711242675781,12.910518646240234,0.02116813138127327,1.212844588325392,0.2209775596857071,12.661081537091263,0.13165691494941711
sac,10,30031,3,932,164,1,1,1,0,1,0,2.2657786533683297,3.609372485758218,50.09797590156114,17.851547241210938,18.41717529296875,0.0050505842082202435,0.2893771592064425,0.12294869124889374,7.04444110521865,0.0665249302983284
sac,10,30031,3,933,165,2,1,1,0,1,0,12.851246810189112,2.9021337179600777,-24.357397146370932,20.901803970336914,22.1601505279541,0.055784743279218674,3.1962303511200143,0.219938263297081,12.601534240359799,0.16575387120246887
sac,10,30031,3,934,166,2,1,1,0,1,0,-2.5879996576528512,6.618849456714217,-2.964370401677234,18.56479835510254,18.171968460083008,0.014979599043726921,0.8582678040037565,0.09292098879814148,5.323980486315906,0.06144009530544281
sac,10,30031,3,935,167,2,1,1,0,1,0,10.97019905238926,1.5381176199518514,-2.111088529045881,18.927698135375977,19.5321102142334,0.04458789899945259,2.5546984300242195,0.1887107491493225,10.81232947500817,0.13894326984882355
sac,10,30031,3,936,168,2,1,1,0,1,0,2.9954477624007922,5.173335541529398,-15.036921004971532,16.65091896057129,16.32651710510254,0.030392266809940338,1.7413486180451114,0.12216902524232864,6.999769533612651,0.09147678315639496
sac,10,30031,3,937,169,2,1,1,0,1,0,-9.672162581763356,6.7294712005117425,2.7868947662836225,17.004352569580078,17.334312438964844,0.021199891343712807,1.2146643001306716,0.07946078479290009,4.552767605430488,0.0609302818775177
sac,10,30031,3,938,170,2,1,1,0,1,0,-16.352907212736227,0.09503525211155742,17.88562898324377,14.352193832397461,16.787607192993164,0.04654211178421974,2.666666574861885,0.2869279086589813,16.43975819067482,0.1900060623884201
sac,10,30031,3,939,171,2,1,1,0,1,0,-1.7491977860619254,4.023090704164231,-11.429652217477678,22.134737014770508,22.13087272644043,0.011607630178332329,0.6650682193671296,0.12113247811794281,6.940379758118921,0.07217387109994888
sac,10,30031,3,940,172,2,1,1,0,1,0,3.275977291991556,-1.177920763882059,22.32530658526542,18.849262237548828,20.572877883911133,0.013506429269909859,0.7738613934577967,0.10516636818647385,6.025589043803841,0.06608961522579193
sac,10,30031,3,941,173,2,1,1,0,1,0,7.250327766238575,0.37150764933533353,16.528115225325397,13.907523155212402,14.693758010864258,0.01867552660405636,1.0700288545967163,0.19539636373519897,11.195386974229995,0.116373710334301
sac,10,30031,3,942,174,1,1,1,0,1,0,-1.8719772665820746,-0.4110271238730273,39.06700182593711,22.45720863342285,23.580583572387695,0.06081291288137436,3.484323247999509,0.2027607262134552,11.61733386303858,0.16219326853752136
sac,10,30031,3,943,175,2,1,1,0,1,0,4.942229260772846,-4.089548444788455,21.210401146665898,15.77841567993164,14.566418647766113,0.0027518696151673794,0.15767051471938087,0.22406043112277985,12.837717059216962,0.11478208750486374
sac,10,30031,3,944,176,1,1,1,0,1,0,-8.521139102832807,11.075616192039236,-51.847870366918414,14.641918182373047,14.231477737426758,0.04042057693004608,2.3159284635755024,0.3407673239707947,19.524529459493746,0.21080423891544342
sac,10,30031,3,945,177,2,1,1,0,1,0,-12.024479731915749,2.8785012634318337,-9.922584637492704,22.25554084777832,22.38039779663086,0.02901572175323963,1.6624783959865643,0.2573624551296234,14.745782484052446,0.1576969474554062
sac,10,30031,3,946,178,2,1,1,0,1,0,-9.040178838240417,1.4099832711224123,6.769919580776558,12.1276216506958,12.968522071838379,0.037543270736932755,2.1510709623432547,0.24480760097503662,14.026442328592335,0.15994706749916077
sac,10,30031,3,947,179,1,1,1,0,1,0,13.223710686008246,6.191675765643279,-15.153143503888469,11.987654685974121,13.361842155456543,0.008032823912799358,0.46024690777516725,0.20787157118320465,11.910163709550892,0.11196860671043396
sac,10,30031,3,948,180,2,1,1,0,1,0,-8.74216402437442,-4.303688535646694,-16.083251344304124,15.821269035339355,14.81261920928955,0.027221225202083588,1.559661317254541,0.2527773380279541,14.483074625553538,0.15360990166664124
sac,10,30031,3,949,181,2,1,1,0,1,0,-1.2997166971617264,8.337926108536386,-9.812919120178979,20.826435089111328,23.3953914642334,0.031946323812007904,1.8303895253863365,0.2323756068944931,13.31414153684557,0.14813412725925446
sac,10,30031,3,950,182,1,1,1,0,1,0,0.0484260412153904,0.5120319613191759,47.69827089894721,22.47287940979004,22.12755584716797,0.0538509264588356,3.0854308089606555,0.2906651794910431,16.653888036249302,0.19918352365493774
sac,10,30031,3,951,183,2,1,1,0,1,0,-2.532101389485467,6.828467962341907,-13.480184289342226,24.11293601989746,23.68448257446289,0.011049213819205761,0.6330733187781156,0.15594521164894104,8.935002462758684,0.08902181684970856
sac,10,30031,3,952,184,2,1,1,0,1,0,-0.8989758381787383,11.777418129258047,-1.6886003477455724,11.164907455444336,12.593393325805664,0.05554736778140068,3.182629736935226,0.11256337910890579,6.449406550671363,0.11182905733585358
sac,10,30031,3,953,185,2,1,1,0,1,0,-12.820224090978913,4.042461120650387,7.187872516467979,20.032855987548828,22.776588439941406,0.0295968446880579,1.695774287529907,0.19981077313423157,11.448314001837446,0.12950223684310913
sac,10,30031,3,954,186,1,1,1,0,1,0,6.028379602966614,-2.5622635048602436,41.032183853933184,19.02105712890625,17.83702850341797,0.0452275425195694,2.591347304119804,0.28414294123649597,16.28019131128498,0.18729901313781738
sac,10,30031,3,955,187,2,1,1,0,1,0,11.943924480844618,5.683072559287449,-3.446363191026694,19.343103408813477,19.403518676757812,0.044963423162698746,2.576214379683406,0.26616621017456055,15.25020049199435,0.17804652452468872
sac,10,30031,3,956,188,2,1,1,0,1,0,-10.63784204737644,4.813944647781667,-8.776916026871445,14.670493125915527,14.314584732055664,0.018951181322336197,1.0858227065570187,0.22302505373954773,12.778394304954462,0.13046370446681976
sac,10,30031,3,957,189,1,1,1,0,1,0,-19.543206611779144,11.172208727281557,41.044123024602364,13.275016784667969,12.718873977661133,0.06804875284433365,3.8989063391091743,0.28361624479293823,16.25001382798457,0.20985686779022217
sac,10,30031,3,958,190,2,1,1,0,1,0,-3.3239115595867053,6.397291780417343,-6.960031066134693,16.286468505859375,16.967283248901367,0.0032985287252813578,0.18899177456128916,0.20503129065036774,11.747427622386168,0.10581417381763458
sac,10,30031,3,959,191,2,1,1,0,1,0,-4.04944157398214,2.036530184066022,8.07773688229392,19.844602584838867,22.037702560424805,0.046674944460392,2.674277326587983,0.1889035552740097,10.823376452217019,0.14112672209739685
sac,10,30031,3,960,192,2,1,1,0,1,0,15.743203546285871,5.781686830524094,-1.656853628483353,21.54659080505371,21.589155197143555,0.030890611931681633,1.7699016902618208,0.32086384296417236,18.38414400019549,0.19132253527641296
sac,10,30031,3,961,193,2,1,1,0,1,0,-13.388441188410614,0.9063934236173721,-17.009916769378094,19.36663055419922,19.964746475219727,0.00779548566788435,0.446648428024495,0.49540671706199646,28.38471403008411,0.25549885630607605
sac,10,30031,3,962,194,2,1,1,0,1,0,-7.845278224081706,8.829494823102204,28.934976267735138,14.715453147888184,18.210336685180664,0.05091780796647072,2.917375498536373,0.07903748750686646,4.528514457461419,0.09043654799461365
sac,10,30031,3,963,195,2,1,1,0,1,0,-3.868359598706762,9.887463804780499,21.032679624462165,23.960323333740234,23.41608238220215,0.04212060570716858,2.413332937555408,0.11614956706762314,6.654879985246503,0.10019539296627045
sac,10,30031,3,964,196,1,1,1,0,1,0,5.813843361136514,3.8134995192932193,-30.970495583804,12.174185752868652,13.378841400146484,0.028240038082003593,1.6180349953875262,0.21517035365104675,12.328353140542323,0.13582521677017212
sac,10,30031,3,965,197,2,1,1,0,1,0,11.006057545531826,3.7502109864438813,26.776226678660908,14.586708068847656,15.375470161437988,0.030260266736149788,1.7337855709214975,0.19820110499858856,11.356086811248408,0.12936082482337952
sac,10,30031,3,966,198,1,1,1,0,1,0,1.136734723186882,-2.1732705712496774,31.701161900455283,11.402056694030762,13.918432235717773,0.05302787199616432,3.0382732619401835,0.5635100603103638,32.286748168946325,0.3347828984260559
sac,10,30031,3,967,199,2,1,1,0,1,0,1.1601212909050058,5.294776304972225,0.28648545454701485,20.122989654541016,20.903797149658203,0.009863831102848053,0.5651558920230657,0.21279731392860413,12.192387979829464,0.11626248806715012
sac,10,30031,3,968,200,2,1,1,0,1,0,-12.295283072128413,0.43728237104255635,0.8476264759985824,12.927274703979492,14.141666412353516,0.01332566887140274,0.7635045855202359,0.33460327982902527,19.171355745438017,0.18062731623649597
sac,10,30031,3,969,201,2,1,1,0,1,0,-0.10323147911557272,-0.6462041973749064,-0.2938757192289686,16.1020450592041,16.75171661376953,0.013226901181042194,0.7578456137103218,0.24517886340618134,14.047714098988694,0.13581633567810059
sac,10,30031,3,970,202,2,1,1,0,1,0,10.31683681676418,3.5638834258859333,-8.060456503693787,11.86967658996582,13.799027442932129,0.02808152511715889,1.608952871503819,0.18927712738513947,10.844780557528546,0.12272009253501892
sac,10,30031,3,971,203,2,1,1,0,1,0,-3.9037126578507477,1.3666388906495113,3.3016314825141237,12.910407066345215,15.116508483886719,0.026335911825299263,1.508936597218324,0.04176854342222214,2.3931612545022447,0.04722018539905548
sac,10,30031,3,972,204,2,1,1,0,1,0,-8.627034355724685,4.596389462338421,21.874541420801258,17.49690055847168,18.930187225341797,0.02308524213731289,1.3226869435055966,0.19823282957077026,11.357904495341279,0.12220165878534317
sac,10,30031,3,973,205,2,1,1,0,1,0,11.54371637661689,0.6210281200942394,6.574125378028973,12.54333209991455,14.61974048614502,0.023985201492905617,1.3742508163143732,0.24669666588306427,14.134677775048589,0.1473335325717926
sac,10,30031,3,974,206,2,1,1,0,1,0,-18.874667695818296,-1.1418573650643917,5.746606978946908,16.713205337524414,17.663776397705078,0.03260297328233719,1.8680127686557055,0.3269929885864258,18.735318176371695,0.19609946012496948
sac,10,30031,3,975,207,1,1,1,0,1,0,-12.78623706966893,-0.7094790698459045,-22.848471754931715,18.915742874145508,18.701107025146484,0.03638403117656708,2.0846514280897006,0.22372156381607056,12.818301392727555,0.14824481308460236
sac,10,30031,3,976,208,2,1,1,0,1,0,7.126947229071465,5.69910984345864,2.9026118312019786,14.414294242858887,14.304474830627441,0.030844025313854218,1.767232473678521,0.19384881854057312,11.106719165972182,0.12776842713356018
sac,10,30031,3,977,209,2,1,1,0,1,0,-1.9015383253098899,3.9583268504541698,11.861798286264385,12.730953216552734,12.986761093139648,0.054830629378557205,3.1415636514373477,0.08978229761123657,5.144146728111348,0.09972177445888519
sac,10,30031,3,978,210,1,1,1,0,1,0,-10.149674767017288,17.524516881825196,58.297699962431494,20.106931686401367,22.180471420288086,0.11147880554199219,6.387265062715764,0.3361424505710602,19.259543732906636,0.2795500159263611
sac,10,30031,3,979,211,2,1,1,0,1,0,-3.683015585389296,-0.6217247993895807,-13.23085506388008,19.66016960144043,19.983293533325195,0.011373170651495457,0.6516346780127426,0.1746344417333603,10.005816468944833,0.09869039058685303
sac,10,30031,3,980,212,2,1,1,0,1,0,0.051923098070436935,3.0215117642735607,-0.5323312835324537,15.721487998962402,18.073169708251953,0.033250465989112854,1.905111368019453,0.21312516927719116,12.211172707594292,0.13981305062770844
sac,10,30031,3,981,213,2,1,1,0,1,0,10.232361037109463,-0.028044756732072355,18.623630923063647,11.962235450744629,13.829215049743652,0.010735544376075268,0.6151013835245195,0.2051391899585724,11.753609797358674,0.11330513656139374
sac,10,30031,3,982,214,2,1,1,0,1,0,-11.599805890081035,4.611579803052529,-19.708278623640012,21.711345672607422,23.83831787109375,0.020119907334446907,1.1527857744581178,0.09541577100753784,5.466920977718641,0.06782779097557068
sac,10,30031,3,983,215,2,1,1,0,1,0,-5.176750636114404,7.309067393100685,-3.394016621227716,19.497854232788086,21.037166595458984,0.010793189518153667,0.6184042068750437,0.06392387300729752,3.662568133448393,0.042755126953125
sac,10,30031,3,984,216,1,1,1,0,1,0,-7.438909289222627,3.4666078717266116,-10.906569010081421,13.062745094299316,13.091232299804688,0.040297750383615494,2.308891020852862,0.17657993733882904,10.117285156199442,0.1285877227783203
sac,10,30031,3,985,217,2,1,1,0,1,0,5.46397375109178,-1.2113613700584414,9.006888496225775,19.610334396362305,19.458627700805664,0.03350377455353737,1.9196248796754953,0.04409395158290863,2.5263973277548604,0.055550750344991684
sac,10,30031,3,986,218,2,1,1,0,1,0,3.9374401319722705,-2.510080859601346,7.448908686167526,15.307049751281738,16.89419937133789,0.04525362327694893,2.5928416214441556,0.04261631518602371,2.4417349985584367,0.06656178086996078
sac,10,30031,3,987,219,2,1,1,0,1,0,-5.164674861661822,6.404244912992416,-4.959823828074799,20.557477951049805,22.224733352661133,0.035907991230487823,2.057376348299724,0.09175920486450195,5.257415170212255,0.0817875936627388
sac,10,30031,3,988,220,2,1,1,0,1,0,-5.00796300134505,1.7603856359224064,7.186547459768996,22.069242477416992,21.674320220947266,0.01268841978162527,0.7269929021774336,0.19208364188671112,11.005581993610864,0.1087302416563034
sac,10,30031,3,989,221,1,1,1,0,1,0,-2.5222659170806487,14.858912614822659,41.588065629723836,11.000450134277344,12.166446685791016,0.06373339146375656,3.651654344928359,0.26480013132095337,15.171929939200588,0.19613346457481384
sac,10,30031,3,990,222,7,1,1,0,1,0,-1.3654504377339292,-4.693665016497742,1.3403973038583223,19.657825469970703,20.474687576293945,0.0167537909001112,0.9599215094210563,0.09854665398597717,5.646307358532563,0.06602711975574493
sac,10,30031,3,991,223,1,1,1,0,1,0,-14.165607432931345,0.9586443707679696,35.40543303454166,13.778491020202637,14.559219360351562,0.047016363590955734,2.693839201814311,0.5295339226722717,30.340058878128065,0.3117833137512207
sac,10,30031,3,992,224,1,1,1,0,1,0,10.86883904510627,-1.271685600807994,45.64380463812073,15.242815017700195,13.715208053588867,0.034265484660863876,1.9632676540377612,0.4601748585700989,26.366077234096227,0.2643529176712036
sac,10,30031,3,993,225,2,1,1,0,1,0,16.43997846427555,9.190770849060858,-13.367185639713535,19.042098999023438,20.892047882080078,0.05088314041495323,2.9153891941483687,0.2830107808113098,16.215323297190075,0.19238853454589844
sac,10,30031,3,994,226,1,1,1,0,1,0,0.5156656219576227,-1.3063283202782987,36.86264023358554,17.123878479003906,17.56058120727539,0.06597740948200226,3.7802271065251483,0.22461068630218506,12.869244358652095,0.1782827526330948
sac,10,30031,3,995,227,2,1,1,0,1,0,13.178317248784342,0.5129745274246377,13.656389509550214,17.52042579650879,18.665271759033203,0.033319756388664246,1.9090814154745228,0.14697511494159698,8.421053779603673,0.10680731385946274
sac,10,30031,3,996,228,2,1,1,0,1,0,8.099702770664681,3.2929434818898673,5.702060485180085,12.319463729858398,13.352005004882812,0.05730944126844406,3.2835891109347117,0.20933274924755096,11.99388304575503,0.16197581589221954
sac,10,30031,3,997,229,1,1,1,0,1,0,-22.78705469391496,25.185120451128096,67.02881274072884,19.304834365844727,23.50108528137207,0.15177759528160095,8.696215634280453,0.36512821912765503,20.92030593714253,0.33434170484542847
sac,10,30031,3,998,230,2,1,1,0,1,0,-0.31300024890500433,0.37725866861648427,-0.38397957475977684,23.57832908630371,22.329833984375,0.013974457047879696,0.8006774098303544,0.193266823887825,11.073373328670534,0.11060786992311478
sac,10,30031,3,999,231,2,1,1,0,1,0,-5.407447105520755,9.314561197578168,-19.55561023531189,20.46356964111328,21.71925926208496,0.042130980640649796,2.4139273774566106,0.4244309365749359,24.318101360528555,0.25434646010398865
sac,10,30031,3,1000,232,2,1,1,0,1,0,-10.480638413439426,0.987795618145584,7.850933620714477,16.094661712646484,17.304718017578125,0.009242733009159565,0.5295695925910944,0.29638758301734924,16.981757606977425,0.1574365198612213
sac,10,30031,3,1001,233,2,1,1,0,1,0,12.099584492029209,5.75290441336166,1.496672032068214,14.793482780456543,15.307709693908691,0.03600824624300003,2.0631205373917045,0.2483125776052475,14.227262696795403,0.16016453504562378
sac,10,30031,3,1002,234,2,1,1,0,1,0,-3.584114446207511,8.077504655862139,10.456923996641141,14.994393348693848,16.102657318115234,0.03025110252201557,1.7332605001290529,0.08411409705877304,4.819382759021466,0.07230815291404724
sac,10,30031,3,1003,235,2,1,1,0,1,0,10.336480440817137,-0.8705076097181251,24.332248389846946,22.592975616455078,22.80430030822754,0.015203108079731464,0.8710739284498543,0.17637936770915985,10.105793362920895,0.10339279472827911
sac,10,30031,3,1004,236,2,1,1,0,1,0,17.432596195975165,4.0875267087941305,1.555561923092064,16.991886138916016,19.74182891845703,0.037637412548065186,2.156464890796861,0.26552021503448486,15.21318769688205,0.17039752006530762
sac,10,30031,3,1005,237,2,1,1,0,1,0,-10.089951592914696,-0.7199702404110441,4.7407933217708305,19.443470001220703,21.18634033203125,0.025714196264743805,1.4733149195408861,0.2890430688858032,16.560947944665646,0.17023572325706482
sac,10,30031,3,1006,238,2,1,1,0,1,0,-11.670785215935808,5.395453293338212,6.323812605326346,19.472043991088867,21.08338165283203,0.020132921636104584,1.1535314390164129,0.15236087143421173,8.729634896115678,0.09631335735321045
sac,10,30031,3,1007,239,2,1,1,0,1,0,2.02463199453186,5.1530635400728,4.823711818294785,18.812849044799805,20.063953399658203,0.05636031553149223,3.229208211980128,0.08280833810567856,4.744568281947732,0.09776448458433151
sac,10,30031,3,1008,240,2,1,1,0,1,0,0.7977114535441292,4.688801921808693,-2.554613692989829,21.478235244750977,22.266712188720703,0.06078091636300087,3.4824899825375955,0.05359986424446106,3.0710460036817855,0.0875808447599411
sac,10,30031,3,1009,241,2,1,1,0,1,0,6.48152167326194,5.436202201926508,16.479293033138145,17.980464935302734,18.479496002197266,0.040340106934309006,2.311317872442332,0.13897015154361725,7.962403161742731,0.10982517898082733
sac,10,30031,3,1010,242,2,1,1,0,1,0,-13.659736302243521,-2.1373710969720903,-3.4579471918590357,15.631695747375488,18.43672752380371,0.03923724964261055,2.248128804222782,0.23088085651397705,13.228498648616426,0.15467767417430878
sac,10,30031,3,1011,243,2,1,1,0,1,0,13.20391679779355,3.54075640535627,9.18665907518051,14.70955753326416,16.447357177734375,0.022273024544119835,1.276150303369361,0.1627192497253418,9.323126254797366,0.10363265126943588
sac,10,30031,3,1012,244,2,1,1,0,1,0,-4.617822595953921,7.414539174264021,4.4423413757979535,13.936779975891113,15.02968978881836,0.044282663613557816,2.5372097306544017,0.1635272204875946,9.36941956944442,0.12604627013206482
sac,10,30031,3,1013,245,1,1,1,0,1,0,6.577144321642119,11.223107296976492,-28.627795340002983,12.728771209716797,16.093414306640625,0.04543222486972809,2.603074738924716,0.43113434314727783,24.702178265484005,0.2609993815422058
sac,10,30031,3,1014,246,2,1,1,0,1,0,13.815328011536412,-1.836733490464809,-18.380380565962813,13.698219299316406,17.25647735595703,0.05430423468351364,3.1114034570532754,0.19285635650157928,11.049855279810886,0.15073241293430328
sac,10,30031,3,1015,247,2,1,1,0,1,0,-10.890886895747071,5.936117407658082,-6.563880094273954,15.272982597351074,16.4979190826416,0.0297989621758461,1.707354766545958,0.26201120018959045,15.012135956020847,0.16080456972122192
sac,10,30031,3,1016,248,10,1,1,0,1,0,10.75082703662679,-1.787501486927357,32.02123822534042,21.959413528442383,21.51642608642578,0.015051720663905144,0.8624000684516142,0.1787119060754776,10.239437966863242,0.10440767556428909
sac,10,30031,3,1017,249,2,1,1,0,1,0,14.379501636979464,1.99800791714715,1.836337339492948,12.523640632629395,14.411608695983887,0.02805306762456894,1.60732237728289,0.2322632521390915,13.307704083552832,0.14418469369411469
sac,10,30031,3,1018,250,2,1,1,0,1,0,-4.999657491314314,10.16675023994232,-20.15748650497341,21.345685958862305,23.56542205810547,0.018668852746486664,1.0696464707249012,0.3645208477973938,20.885506123321314,0.20092928409576416
sac,10,30031,3,1019,251,2,1,1,0,1,0,1.8445745476319835,2.0683315448416013,-4.298388308850765,22.30614471435547,22.99620819091797,0.01597786694765091,0.9154643417219721,0.0889575406908989,5.096891637451792,0.06045663729310036
sac,10,30031,3,1020,252,1,1,1,0,1,0,15.289665325018683,-11.98841633309808,-79.16676923551518,12.375703811645508,13.898244857788086,0.1724242866039276,9.87918390795915,0.6058698296546936,34.71378417352407,0.4753592014312744
sac,10,30031,3,1021,253,2,1,1,0,1,0,-18.131215265040748,-0.36283330908941736,5.137886859737032,21.898075103759766,23.15769386291504,0.051559124141931534,2.954120208723749,0.3554576337337494,20.36622220865088,0.22928793728351593
sac,10,30031,3,1022,254,2,1,1,0,1,0,4.749945775258648,-0.2725655290185288,27.208919162581214,21.019941329956055,22.147579193115234,0.03556220233440399,2.037564103951633,0.21487155556678772,12.311233271387685,0.14299798011779785
sac,10,30031,3,1023,255,2,1,1,0,1,0,10.526509963905232,-4.315381819505756,7.9919633666969,16.040197372436523,19.342159271240234,0.03335520625114441,1.9111125429789553,0.23593899607658386,13.518308697741944,0.15132470428943634
sac,10,40038,4,1024,0,2,1,1,0,1,0,-10.909519651802867,-2.1279181151607927,-3.0036576497831473,18.494478225708008,19.98753547668457,0.03451361507177353,1.977484479351731,0.3150838315486908,18.05297374055096,0.19205552339553833
sac,10,40038,4,1025,1,2,1,1,0,1,0,-9.40687803440006,4.859843519004152,-3.3036395581301075,19.018152236938477,20.439350128173828,0.017917875200510025,1.0266186268313482,0.24300448596477509,13.923131448527661,0.13942012190818787
sac,10,40038,4,1026,2,2,1,1,0,1,0,2.2630602380786646,1.8841350033046973,16.595242324488282,16.522809982299805,17.887981414794922,0.012146426364779472,0.6959389668682947,0.026685848832130432,1.5289865108051905,0.02548935078084469
sac,10,40038,4,1027,3,2,1,1,0,1,0,-5.145441048959066,10.673591257492285,3.521481611518494,13.862844467163086,12.518240928649902,0.032231248915195465,1.8467145312763131,0.20414341986179352,11.696556373447912,0.13430295884609222
sac,10,40038,4,1028,4,2,1,1,0,1,0,9.3747078434093,1.5369564877929494,8.160436812764434,15.340950965881348,13.987308502197266,0.03460950031876564,1.9829782993219485,0.18048033118247986,10.340761261879441,0.12484966218471527
sac,10,40038,4,1029,5,2,1,1,0,1,0,13.537598859505353,-0.5286703021373269,13.78800725485636,18.91254234313965,19.65666389465332,0.03844494745135307,2.202733232564762,0.1820441037416458,10.430358829638024,0.12946699559688568
sac,10,40038,4,1030,6,2,1,1,0,1,0,13.746179176379203,1.593537774877335,-9.991487585839792,13.402759552001953,15.29696273803711,0.04557989910244942,2.6115358492024807,0.1247192993760109,7.145889478074026,0.10793954879045486
sac,10,40038,4,1031,7,2,1,1,0,1,0,2.712595968492224,-2.340309677591509,3.510648931494854,21.004867553710938,23.07860565185547,0.01575251668691635,0.9025527228697093,0.08670857548713684,4.968035423004447,0.05910680443048477
sac,10,40038,4,1032,8,1,1,1,0,1,0,-14.231395815016908,8.627471487831567,32.33989387087819,14.854008674621582,16.057153701782227,0.04399369657039642,2.5206531386628797,0.29103177785873413,16.674892575494386,0.1895095854997635
sac,10,40038,4,1033,9,2,1,1,0,1,0,0.24514914969009766,6.083212361623477,13.42404013436472,11.657791137695312,12.75100326538086,0.06337400525808334,3.631063032128063,0.10954595357179642,6.2765208024,0.11814698576927185
sac,10,40038,4,1034,10,2,1,1,0,1,0,-9.86652244478524,13.015485538971237,23.52635436967714,20.101699829101562,21.393695831298828,0.038099709898233414,2.182952577841582,0.15959002077579498,9.143834642858176,0.1178947240114212
sac,10,40038,4,1035,11,2,1,1,0,1,0,-9.675604997105044,9.731530586029107,17.156274062913127,19.947582244873047,20.40840721130371,0.04639805108308792,2.658412504693336,0.11052282899618149,6.332491641327316,0.10165946185588837
sac,10,40038,4,1036,12,2,1,1,0,1,0,-4.0192248170940035,8.494733591501538,3.2818922358127867,19.33820915222168,20.1640682220459,0.01847601868212223,1.0585978926904651,0.058720532804727554,3.3644387004703873,0.04783628508448601
sac,10,40038,4,1037,13,1,1,1,0,1,0,10.791111492351526,-2.4048413048697896,-35.405146166596516,18.860029220581055,21.647598266601562,0.07441551238298416,4.263694789848508,0.1271192580461502,7.283396980878838,0.13797514140605927
sac,10,40038,4,1038,14,1,1,1,0,1,0,-12.422597798257451,22.972480669502467,60.113819941981205,17.992172241210938,20.450679779052734,0.14037959277629852,8.043158195847084,0.20432308316230774,11.706850322300767,0.2425411343574524
sac,10,40038,4,1039,15,2,1,1,0,1,0,-0.17492114464402655,-0.6560396697797247,0.06775547656652649,11.910500526428223,13.067047119140625,0.013012221083045006,0.745545350149628,0.19925743341445923,11.416609971257538,0.11264093965291977
sac,10,40038,4,1040,16,1,1,1,0,1,0,-10.032031588752988,8.09927929893614,-43.482200029973434,15.287405014038086,16.53921890258789,0.04057096689939499,2.3245451741002965,0.4222548305988312,24.19341967232456,0.25169837474823
sac,10,40038,4,1041,17,2,1,1,0,1,0,10.061947817317645,4.733648943898997,10.987452110232711,13.73994255065918,13.914907455444336,0.027832461521029472,1.5946825786152525,0.2519688904285431,14.436753990149803,0.15381690859794617
sac,10,40038,4,1042,18,2,1,1,0,1,0,-1.688381781692132,-1.7155932553454627,16.313565323116954,22.86760711669922,23.74755096435547,0.0403270497918129,2.310569753284804,0.15086963772773743,8.64419349846705,0.11576186865568161
sac,10,40038,4,1043,19,2,1,1,0,1,0,9.89911610750454,6.037204207374271,0.275324925443214,15.944454193115234,18.143310546875,0.04335128888487816,2.4838458895559152,0.22240044176578522,12.742606675024534,0.15455150604248047
sac,10,40038,4,1044,20,2,1,1,0,1,0,-0.9137836882993259,3.174685586600267,5.668141765761802,25.781002044677734,23.741100311279297,0.0035785981453955173,0.20503857030450687,0.17144109308719635,9.822851069005823,0.08929914236068726
sac,10,40038,4,1045,21,2,1,1,0,1,0,3.022823160594203,-0.978151391037526,13.796340085643775,17.0275821685791,16.201290130615234,0.00890539214015007,0.5102413845395747,0.16246908903121948,9.308793102824094,0.09013994038105011
sac,10,40038,4,1046,22,1,1,1,0,1,0,-11.29643620790575,1.8273761313018915,-1.4411289337376705,13.684988975524902,12.946345329284668,0.022052215412259102,1.2634988720357934,0.31035107374191284,17.78180669276499,0.17722775042057037
sac,10,40038,4,1047,23,2,1,1,0,1,0,14.56498225408033,0.7170332590679386,16.011616320289033,24.149255752563477,23.162981033325195,0.031342294067144394,1.7957811703052935,0.14807727932929993,8.484203147348671,0.10538093745708466
sac,10,40038,4,1048,24,1,1,1,0,1,0,12.108463737950224,1.8647509264402011,-20.5479547594447,13.252033233642578,16.083900451660156,0.0456596203148365,2.6161035382099267,0.12582847476005554,7.209440546319587,0.10857385396957397
sac,10,40038,4,1049,25,2,1,1,0,1,0,-13.203097175093149,4.891207747672851,6.9898789928076495,22.49733543395996,22.078710556030273,0.02960294298827648,1.6961236943946356,0.33728623390197754,19.325077690445617,0.1982460618019104
sac,10,40038,4,1050,26,2,1,1,0,1,0,11.765055486860323,2.548630447276898,10.495951697558594,18.347152709960938,17.361167907714844,0.068189337849617,3.906961266574735,0.09191390126943588,5.266278621320816,0.11414629220962524
sac,10,40038,4,1051,27,2,1,1,0,1,0,14.248239061510159,0.09864159199332415,-6.212972295475379,15.665224075317383,16.880081176757812,0.04963450878858566,2.8438478717909508,0.08151812106370926,4.670644290787037,0.09039357304573059
sac,10,40038,4,1052,28,1,1,1,0,1,0,9.237079531633544,-2.158244155075649,36.136522822921485,12.024022102355957,13.32275104522705,0.03876717388629913,2.221195447334718,0.37038785219192505,21.221660713512662,0.22396109998226166
sac,10,40038,4,1053,29,2,1,1,0,1,0,-8.73118108018904,1.471468634030867,28.559493448302856,23.473140716552734,22.120731353759766,0.028263933956623077,1.6194041281509963,0.15016032755374908,8.603553019131828,0.10334409773349762
sac,10,40038,4,1054,30,2,1,1,0,1,0,-19.403160413037202,4.008023306855183,-19.089135635756698,19.823514938354492,20.557865142822266,0.0061606233939528465,0.3529777196430592,0.4485010504722595,25.69721729924439,0.23041114211082458
sac,10,40038,4,1055,31,1,1,1,0,1,0,0.9334956142439828,7.333464828815971,-9.91018101395996,11.780807495117188,12.242842674255371,0.034299496561288834,1.9652163923853303,0.5086164474487305,29.141575829749684,0.28860771656036377
sac,10,40038,4,1056,32,2,1,1,0,1,0,-1.6314999662842657,3.002988291244486,-14.706121283089475,18.89015007019043,18.839887619018555,0.049028798937797546,2.809143253731293,0.10570035129785538,6.056184022417266,0.10187897086143494
sac,10,40038,4,1057,33,2,1,1,0,1,0,4.606771349876841,4.534986061700006,-2.5570179195776737,14.560088157653809,15.233924865722656,0.039168186485767365,2.2441717768158176,0.24208372831344604,13.87037592115213,0.1602100431919098
sac,10,40038,4,1058,34,2,1,1,0,1,0,1.4855524840994334,3.1189375825946226,-0.6596460096614915,16.67792510986328,16.74561309814453,0.019187767058610916,1.0993780707385552,0.1059330552816391,6.0695169785639544,0.07215429842472076
sac,10,40038,4,1059,35,2,1,1,0,1,0,1.6346964948158318,2.4809022914670513,-0.15798227550239494,19.90473747253418,22.915264129638672,0.026633387431502342,1.525980693961856,0.04009707644581795,2.2973932511587916,0.046681925654411316
sac,10,40038,4,1060,36,1,1,1,0,1,0,-1.563143433070778,-5.798352492098925,-23.355982131020344,15.659414291381836,15.6702299118042,0.0790206640958786,4.527550547014801,0.1347111165523529,7.718378431944746,0.14637622237205505
sac,10,40038,4,1061,37,2,1,1,0,1,0,8.924407131808701,9.44408890499829,-3.7530660055169465,16.043487548828125,15.862934112548828,0.0219406895339489,1.257108909902129,0.17387749254703522,9.962446475262544,0.10887943208217621
sac,10,40038,4,1062,38,1,1,1,0,1,0,2.9850385541056927,12.190439668368718,38.484905784111945,23.619089126586914,22.948287963867188,0.07635844498872757,4.375016628035961,0.23691293597221375,13.574111343260949,0.19481492042541504
sac,10,40038,4,1063,39,1,1,1,0,1,0,-2.1345297382773647,17.55492488401009,34.757043176632344,12.33069133758545,13.407095909118652,0.0678672343492508,3.8885060954373607,0.3498695194721222,20.046046846022776,0.2428019940853119
sac,10,40038,4,1064,40,2,1,1,0,1,0,-3.146435924193094,1.0977480034044493,-0.14984069001173972,20.245136260986328,22.611831665039062,0.03491661325097084,2.000574574171194,0.1595010906457901,9.138739321737347,0.11466716229915619
sac,10,40038,4,1065,41,2,1,1,0,1,0,11.585640077742429,5.218783620266663,1.085767851600247,14.00468635559082,16.260507583618164,0.05388303101062775,3.087270264281505,0.21351143717765808,12.233304228052425,0.1606387495994568
sac,10,40038,4,1066,42,2,1,1,0,1,0,4.131854636507514,4.282323703922894,2.118451472971155,14.853165626525879,16.582775115966797,0.020829906687140465,1.193465740824479,0.17556768655776978,10.059287458635925,0.1086137518286705
sac,10,40038,4,1067,43,2,1,1,0,1,0,-1.8039485824487478,3.1078316950041818,-0.9967841470933209,13.99027156829834,16.35828971862793,0.020665021613240242,1.1840185219852937,0.05839231610298157,3.3456332686946384,0.049861177802085876
sac,10,40038,4,1068,44,2,1,1,0,1,0,-9.214922397966022,10.678809522018176,-3.6008347492957022,16.713333129882812,16.11777687072754,0.02286304533481598,1.3099560045012217,0.028738893568515778,1.6466173093516197,0.03723249211907387
sac,10,40038,4,1069,45,2,1,1,0,1,0,0.279600623863642,10.70729141085713,0.7071568055281001,21.435503005981445,21.696596145629883,0.019330380484461784,1.107549218141712,0.12560543417930603,7.196661262382492,0.08213309943675995
sac,10,40038,4,1070,46,2,1,1,0,1,0,4.250536003525655,1.855489189925664,22.89982111711187,16.59458351135254,17.98126792907715,0.02110004611313343,1.2089435898139627,0.2154184877872467,12.342570179299704,0.12880928814411163
sac,10,40038,4,1071,47,2,1,1,0,1,0,-3.323802276559985,6.064388360270922,-2.6425318879862334,22.78621482849121,23.911609649658203,0.003872137749567628,0.2218571507435096,0.10316049307584763,5.910660865734621,0.0554523840546608
sac,10,40038,4,1072,48,2,1,1,0,1,0,-6.599506360984741,2.954275382083955,2.3096148074614717,23.410770416259766,23.71950340270996,0.012327517382800579,0.7063147179086317,0.0928838849067688,5.32185458993674,0.05876946076750755
sac,10,40038,4,1073,49,1,1,1,0,1,0,8.92335528267652,12.246419898806142,46.809827212468626,13.506264686584473,12.786577224731445,0.04361705482006073,2.499073155980224,0.37529072165489197,21.50257444124424,0.2312624156475067
sac,10,40038,4,1074,50,2,1,1,0,1,0,6.913285251455126,-2.484945763455699,1.1641374421369732,20.11693000793457,21.129453659057617,0.04015089198946953,2.3004766546822295,0.22144445776939392,12.687832826749263,0.1508731245994568
sac,10,40038,4,1075,51,2,1,1,0,1,0,-0.6095397419102779,8.644642583404979,1.6453925710560717,18.754018783569336,17.656919479370117,0.016451355069875717,0.9425932127750282,0.1414002627134323,8.101638275520733,0.08715148270130157
sac,10,40038,4,1076,52,2,1,1,0,1,0,-15.991890733966034,-7.406288305746647,-3.857868428141622,15.1524076461792,16.704315185546875,0.04813144728541374,2.7577287913106105,0.3869837522506714,22.172535744099743,0.24162332713603973
sac,10,40038,4,1077,53,1,1,1,0,1,0,-8.58698212643173,14.631358032434514,-32.93780863082111,15.300607681274414,14.213021278381348,0.04174220189452171,2.391651996139083,0.406645268201828,23.299057626930164,0.245064839720726
sac,10,40038,4,1078,54,1,1,1,0,1,0,4.766543134941778,11.561365585432203,-23.57957520368988,10.410505294799805,12.070297241210938,0.05385906249284744,3.0858969693715093,0.4858736991882324,27.83851233989465,0.29679590463638306
sac,10,40038,4,1079,55,2,1,1,0,1,0,4.370692691404519,7.425713363746163,10.720883487305453,12.106846809387207,13.431501388549805,0.07227424532175064,4.141009224429446,0.10878796875476837,6.233091471449297,0.12666822969913483
sac,10,40038,4,1080,56,2,1,1,0,1,0,-11.995792937401694,2.04083320324313,-0.334255797602084,15.224907875061035,15.762899398803711,0.03547037020325661,2.0323025104131958,0.26213085651397705,15.018991758400249,0.16653579473495483
sac,10,40038,4,1081,57,2,1,1,0,1,0,-14.73606483241081,5.722933543283644,15.570372439527867,18.500469207763672,18.50571060180664,0.06127261370420456,3.5106621649863707,0.3110465109348297,17.821652308835553,0.21679586172103882
sac,10,40038,4,1082,58,2,1,1,0,1,0,2.564531127664688,4.713267659415679,28.569588467896136,17.709829330444336,17.12348747253418,0.017330102622509003,0.9929417387983656,0.033549241721630096,1.9222299565136205,0.03410472348332405
sac,10,40038,4,1083,59,1,1,1,0,1,0,5.639919424111309,0.9386182561214923,-39.76843493294074,21.277359008789062,20.777814865112305,0.0150391710922122,0.8616810309589117,0.2757604420185089,15.799909484322608,0.15291939675807953
sac,10,40038,4,1084,60,1,1,1,0,1,0,18.80703516265683,19.459700718986568,-45.015222328804455,13.709470748901367,13.740009307861328,0.09196708351373672,5.269325739464287,0.3322959244251251,19.039154018957834,0.2581150531768799
sac,10,40038,4,1085,61,2,1,1,0,1,0,-1.3861049297840478,5.730829241964178,-0.8909435357148032,22.638469696044922,23.725557327270508,0.026216698810458183,1.5021061946048997,0.09387918561697006,5.378881119977646,0.07315628975629807
sac,10,40038,4,1086,62,2,1,1,0,1,0,-15.77551034106003,6.33691290815443,27.67741549813073,17.58966636657715,19.078577041625977,0.0406610481441021,2.329706449235299,0.04533364623785019,2.5974265993679384,0.06332787126302719
sac,10,40038,4,1087,63,2,1,1,0,1,0,8.23272753493985,-1.8506124348582749,2.3197781289464507,14.803261756896973,14.355880737304688,0.020952701568603516,1.2005013692781212,0.16858941316604614,9.659461845001719,0.10524740815162659
sac,10,40038,4,1088,64,2,1,1,0,1,0,-4.113044295533299,-1.5693725655938298,-0.6313963472543187,20.218172073364258,19.368240356445312,0.011955484747886658,0.6849988180869325,0.2243126630783081,12.852168885727064,0.12411181628704071
sac,10,40038,4,1089,65,1,1,1,0,1,0,0.5294489437027085,0.6581570284224287,37.802651848297714,13.879958152770996,15.060205459594727,0.025408515706658363,1.4558007136833866,0.3281272351741791,18.800305718777075,0.18947213888168335
sac,10,40038,4,1090,66,2,1,1,0,1,0,-0.04503826738706408,-0.16852808758089463,-0.41676448277583805,21.025650024414062,17.991321563720703,0.005065366625785828,0.29022412934395053,0.16993245482444763,9.736412463738374,0.09003159403800964
sac,10,40038,4,1091,67,2,1,1,0,1,0,-0.3054597200613102,-6.043474321032343,-3.5897425220836015,15.819732666015625,15.13504409790039,0.028074029833078384,1.6085234233597545,0.07438131421804428,4.261735379330361,0.06526468694210052
sac,10,40038,4,1092,68,2,1,1,0,1,0,1.922438704170129,1.406117384052185,-6.495906051653987,19.895709991455078,19.032106399536133,0.05045744404196739,2.890998588622253,0.07131630927324295,4.086123531806516,0.08611559867858887
sac,10,40038,4,1093,69,2,1,1,0,1,0,8.446362191799508,3.18707554975467,7.534887107439647,19.04588508605957,19.349645614624023,0.016836581751704216,0.9646650757996301,0.08357491344213486,4.788489813405499,0.058624036610126495
sac,10,40038,4,1094,70,2,1,1,0,1,0,-2.382055793798627,12.06835686714391,1.2880370736810045,18.402854919433594,18.088035583496094,0.022018585354089737,1.2615720116379092,0.10892654210329056,6.241031139472614,0.07648185640573502
sac,10,40038,4,1095,71,2,1,1,0,1,0,8.373374790328752,7.152382853540592,-0.7787098672731537,22.850797653198242,22.220951080322266,0.03512926772236824,2.0127587778768503,0.17607764899730682,10.088506154131592,0.12316809594631195
sac,10,40038,4,1096,72,2,1,1,0,1,0,8.589085824696095,1.5025596551327651,-3.269761819846844,20.72707176208496,21.79558563232422,0.027719484642148018,1.5882094802727844,0.20163199305534363,11.552662216882315,0.12853547930717468
sac,10,40038,4,1097,73,1,1,1,0,1,0,5.615139497802502,9.385882032891443,-3.234190194649418,13.025568008422852,12.435014724731445,0.03702787682414055,2.1215410663535277,0.196554496884346,11.261743115790315,0.13530512154102325
sac,10,40038,4,1098,74,1,1,1,0,1,0,7.656204927477413,5.608691799226011,-41.40959278671141,14.117436408996582,15.943819046020508,0.06343425810337067,3.6345152658666815,0.07423590123653412,4.253403829203414,0.10055220872163773
sac,10,40038,4,1099,75,1,1,1,0,1,0,-9.447476678826616,10.940829238958205,29.903756639231407,12.98733901977539,14.45134162902832,0.05304764583706856,3.0394062195687592,0.16601260006427765,9.51182132967637,0.13605394959449768
sac,10,40038,4,1100,76,1,1,1,0,1,0,-0.25458847112305527,15.015829380814532,27.90159596706889,11.762951850891113,13.284000396728516,0.07885563373565674,4.518095003882564,0.31682059168815613,18.152482766568877,0.2372659295797348
sac,10,40038,4,1101,77,1,1,1,0,1,0,18.161869154035767,3.9169632248405724,-11.502707920840134,13.509828567504883,13.377189636230469,0.03341355919837952,1.9144559205776766,0.29120779037475586,16.68497734980391,0.17901745438575745
sac,10,40038,4,1102,78,1,1,1,0,1,0,-4.292814874488034,-2.831536882698826,-23.798086615616928,18.366989135742188,18.063940048217773,0.04768830165266991,2.732338416844734,0.055402908474206924,3.17435282832164,0.07538975775241852
sac,10,40038,4,1103,79,2,1,1,0,1,0,-4.7256303018134025,-1.1701616689849246,13.385640810850909,18.09783172607422,18.789770126342773,0.02973853051662445,1.7038922875235847,0.1193050891160965,6.835678080784502,0.0893910750746727
sac,10,40038,4,1104,80,1,1,1,0,1,0,13.254337254246584,-4.191181659638245,38.93138158977734,22.428287506103516,23.652626037597656,0.04265847057104111,2.444150324203682,0.2286621630191803,13.101376875331441,0.15698954463005066
sac,10,40038,4,1105,81,2,1,1,0,1,0,-1.780562014730624,4.966722319136512,17.262729391316945,19.41746711730957,22.276477813720703,0.039066314697265625,2.2383349532832186,0.06874310970306396,3.938690056590383,0.07343786954879761
sac,10,40038,4,1106,82,2,1,1,0,1,0,-2.193979704813156,0.5247634339320797,0.03950581415935375,22.655248641967773,22.11124610900879,0.02189290151000023,1.2543708578186001,0.11454255133867264,6.5628047663665,0.07916417717933655
sac,10,40038,4,1107,83,2,1,1,0,1,0,10.256854095473129,2.7396571779838146,-11.793127564349076,16.985729217529297,16.859500885009766,0.035727303475141525,2.047023702508689,0.11639242619276047,6.668794788133112,0.09392351657152176
sac,10,40038,4,1108,84,1,1,1,0,1,0,13.137158528845845,-0.40610938767061816,33.87754703796649,17.995162963867188,17.981666564941406,0.02934262342751026,1.6812084822380318,0.32295602560043335,18.5040172352238,0.1908206343650818
sac,10,40038,4,1109,85,2,1,1,0,1,0,4.386962202007489,10.668181747669635,1.5358226763907272,19.573888778686523,20.55430030822754,0.03197091072797775,1.8317982519026517,0.14996971189975739,8.592631546648978,0.10695576667785645
sac,10,40038,4,1110,86,2,1,1,0,1,0,6.24571622235642,8.180531229302613,-0.8352638336008593,23.633501052856445,23.737241744995117,0.025864673778414726,1.481936645985852,0.19589848816394806,11.224156584787735,0.1238139197230339
sac,10,40038,4,1111,87,2,1,1,0,1,0,-6.919159214141337,13.340575222707164,29.859674598328144,21.2679443359375,20.4672908782959,0.040432579815387726,2.316616178247558,0.09540163725614548,5.466111173415172,0.08813339471817017
sac,10,40038,4,1112,88,2,1,1,0,1,0,-7.758070368758983,7.85262750762864,-5.0000946234211945,20.280759811401367,23.557064056396484,0.010914918966591358,0.6253787905129788,0.054349180310964584,3.113978651813782,0.038089510053396225
sac,10,40038,4,1113,89,2,1,1,0,1,0,-12.889618812946242,1.5776644152462254,-2.6191999617814696,23.9178409576416,23.59939956665039,0.04068499431014061,2.3310784634848254,0.3218401372432709,18.4400815419506,0.20160506665706635
sac,10,40038,4,1114,90,2,1,1,0,1,0,-18.03400801277313,2.565255127716709,0.8155109265211824,17.64691734313965,18.14373779296875,0.023608773946762085,1.3526831066278828,0.37823042273521423,21.671006906176753,0.2127239853143692
sac,10,40038,4,1115,91,2,1,1,0,1,0,-13.17173294642445,4.380555484566018,-0.734395599938111,21.881467819213867,21.05402946472168,0.01634199731051922,0.9363274747068935,0.26437950134277344,15.1478296167142,0.1485317498445511
sac,10,40038,4,1116,92,2,1,1,0,1,0,-2.7823595206747345,7.447419704928463,5.599785232548314,19.719768524169922,21.333606719970703,0.011500607244670391,0.6589362569571919,0.12672138214111328,7.260600370750274,0.07486129552125931
sac,10,40038,4,1117,93,2,1,1,0,1,0,7.25803221962235,3.5646620674513145,-10.730459412521812,11.180351257324219,14.09715461730957,0.026524169370532036,1.519722960021655,0.1660245954990387,9.5125086174616,0.10953646898269653
sac,10,40038,4,1118,94,1,1,1,0,1,0,-3.3057159356377914,2.097496452597556,-4.112825729479858,12.401397705078125,12.922225952148438,0.07312309741973877,4.189644867074992,0.14030474424362183,8.038869690821963,0.14327546954154968
sac,10,40038,4,1119,95,2,1,1,0,1,0,7.171862553053469,0.9062568198339719,22.487701162971643,16.610546112060547,19.225370407104492,0.032845620065927505,1.8819154052678548,0.19588708877563477,11.223503447948353,0.1307891607284546
sac,10,40038,4,1120,96,2,1,1,0,1,0,16.516503903736375,2.794025483777116,10.046402306766694,14.037270545959473,13.663249969482422,0.04465337097644806,2.5584496979824376,0.17372176051139832,9.95352368688557,0.13151425123214722
sac,10,40038,4,1121,97,2,1,1,0,1,0,16.37413544067663,0.33400991079196357,33.73818385814155,13.602364540100098,16.3869571685791,0.035522084683179855,2.0352655318525117,0.36547133326530457,20.939964929121118,0.21825775504112244
sac,10,40038,4,1122,98,1,1,1,0,1,0,20.94425599546718,4.415949524845024,-34.67300452908451,17.183652877807617,19.025718688964844,0.06767740845680237,3.8776298729577614,0.259281188249588,14.855717793838386,0.19731800258159637
sac,10,40038,4,1123,99,1,1,1,0,1,0,-7.14023877719631,0.9822221837828536,-25.190953432679287,12.32848834991455,12.197837829589844,0.025195756927132607,1.4436105335622065,0.4645581543445587,26.617221582330302,0.2574748396873474
sac,10,40038,4,1124,100,1,1,1,0,1,0,4.2280920019129935,4.702530602040419,-26.06040919326523,20.906644821166992,19.434621810913086,0.01910795457661152,1.094805152367526,0.1930815726518631,11.062759214700334,0.11564873903989792
sac,10,40038,4,1125,101,2,1,1,0,1,0,3.833197784859536,4.76214449311629,-17.824731016603938,24.589000701904297,23.536640167236328,0.028499610722064972,1.6329074121401115,0.19739359617233276,11.309819963584388,0.12719640135765076
sac,10,40038,4,1126,102,2,1,1,0,1,0,-14.433787980502725,7.24251402982808,13.89496801725876,22.207950592041016,22.269847869873047,0.05095495656132698,2.919503956236478,0.19451336562633514,11.144794909274065,0.14821164309978485
sac,10,40038,4,1127,103,2,1,1,0,1,0,7.496993217924416,3.6422803371793395,17.161710893492458,15.724891662597656,17.900569915771484,0.026749884709715843,1.532655496328251,0.07442843914031982,4.264435438486631,0.0639641061425209
sac,10,40038,4,1128,104,2,1,1,0,1,0,1.2819172241846732,-2.641493699232391,25.876444878160108,18.33251953125,19.266359329223633,0.0380859337747097,2.1821632641056223,0.16569137573242188,9.493416531184122,0.12093162536621094
sac,10,40038,4,1129,105,2,1,1,0,1,0,6.431784235725908,-1.7330238981073354,30.27389825073274,15.677786827087402,17.06830596923828,0.021583110094070435,1.2366211171564412,0.22363848984241486,12.813541604649702,0.13340234756469727
sac,10,40038,4,1130,106,1,1,1,0,1,0,6.907547892552316,0.4568303724471328,-31.423255163505804,14.85665512084961,14.930136680603027,0.06156954541802406,3.5276750989918146,0.08746696263551712,5.011487805843599,0.10530302673578262
sac,10,40038,4,1131,107,2,1,1,0,1,0,-12.138844419378442,-0.13618031167171424,1.089456153752054,19.093889236450195,19.44061851501465,0.030093682929873466,1.7242410218866393,0.3198704421520233,18.327226326294483,0.19002890586853027
sac,10,40038,4,1132,108,2,1,1,0,1,0,7.53102122036942,9.916915580481593,9.714537075374116,15.524011611938477,15.47634220123291,0.019813502207398415,1.1352300538570694,0.151622012257576,8.687301383639939,0.09562450647354126
sac,10,40038,4,1133,109,2,1,1,0,1,0,-10.989842676442217,6.267982639050661,-19.506214307234355,17.35491371154785,17.970956802368164,0.014150259084999561,0.8107501245871249,0.021669819951057434,1.2415892260039791,0.024985168129205704
sac,10,40038,4,1134,110,2,1,1,0,1,0,12.650985663724338,1.7363706908006415,13.111094526973076,19.714208602905273,22.400056838989258,0.02481047250330448,1.4215353621647253,0.12272075563669205,7.031381356638763,0.08617085218429565
sac,10,40038,4,1135,111,2,1,1,0,1,0,7.82586682646053,4.257038343615507,5.016446096294205,15.780891418457031,17.338438034057617,0.029676729813218117,1.700351368047462,0.14589814841747284,8.359348143094484,0.10262580215930939
sac,10,40038,4,1136,112,2,1,1,0,1,0,-9.87187731309453,5.034682701378139,-4.086761727607089,19.22568702697754,18.340991973876953,0.04623482748866081,2.6490604816157077,0.22022636234760284,12.618041100036427,0.15634800493717194
sac,10,40038,4,1137,113,1,1,1,0,1,0,-8.708231644577797,6.083512889946957,-27.75817565487696,23.390960693359375,22.774797439575195,0.03371331840753555,1.9316308581324968,0.15547282993793488,8.90793698439886,0.11144973337650299
sac,10,40038,4,1138,114,2,1,1,0,1,0,-0.8014953783443163,3.0069498009630937,7.1884462523582595,14.573602676391602,16.6690673828125,0.022597115486860275,1.2947193465668043,0.1734439879655838,9.937608492345793,0.10931910574436188
sac,10,40038,4,1139,115,2,1,1,0,1,0,3.9105974885341204,4.773906078867052,4.652369692775845,17.8961238861084,18.17026710510254,0.00888699572533369,0.5091873476124242,0.04522363469004631,2.5911234019810743,0.03149881213903427
sac,10,40038,4,1140,116,2,1,1,0,1,0,-17.73063833059784,3.8496038992459067,30.340588217788742,15.892427444458008,17.490253448486328,0.057893332093954086,3.3170435909328457,0.05957204848527908,3.4132269551552,0.08767935633659363
sac,10,40038,4,1141,117,2,1,1,0,1,0,12.759162199799,7.990296800539417,-5.255816905946472,22.6214656829834,22.85314178466797,0.049590274691581726,2.841313444722053,0.23681016266345978,13.56822286642275,0.1679953634738922
sac,10,40038,4,1142,118,2,1,1,0,1,0,-1.600026454588847,-2.550187730407661,8.76414357312352,18.246065139770508,20.68813133239746,0.041731446981430054,2.391035785009901,0.17474891245365143,10.012375158095338,0.12910589575767517
sac,10,40038,4,1143,119,2,1,1,0,1,0,-1.679256648960995,-0.3938150471645952,-0.1301151036887429,15.035253524780273,14.839332580566406,0.01976229064166546,1.1322958472783142,0.07309775799512863,4.18819302498954,0.056311167776584625
sac,10,40038,4,1144,120,2,1,1,0,1,0,0.7127712210258507,2.438514137477952,-8.873194373411945,14.841867446899414,16.59200668334961,0.05287318304181099,3.0294102377184458,0.03493323549628258,2.0015269586735873,0.07033979892730713
sac,10,40038,4,1145,121,1,1,1,0,1,0,-2.0237713906964383,6.913626760913627,-15.283736720819112,12.13332462310791,13.718997955322266,0.04446268826723099,2.547524383518179,0.19415931403636932,11.124509247439127,0.14154234528541565
sac,10,40038,4,1146,122,2,1,1,0,1,0,-15.604537045756272,0.23941179078728694,9.28348383685461,13.264174461364746,12.786199569702148,0.04399486631155014,2.5207201598941102,0.326030433177948,18.680167813918427,0.20701009035110474
sac,10,40038,4,1147,123,1,1,1,0,1,0,-3.3802469598609703,7.7615127841006695,51.550401968186016,18.787647247314453,20.358177185058594,0.027275899425148964,1.5627939194843439,0.19226105511188507,11.015747022643136,0.12340642511844635
sac,10,40038,4,1148,124,2,1,1,0,1,0,6.139233573195921,2.856180205224232,-3.248779478716565,16.188716888427734,17.55139923095703,0.03610127046704292,2.068450432821842,0.26977622509002686,15.457039110629847,0.17098937928676605
sac,10,40038,4,1149,125,2,1,1,0,1,0,-12.345061490799466,-2.4250586648130272,-7.412462796756338,16.649080276489258,17.099016189575195,0.02825848199427128,1.619091753718174,0.2527134418487549,14.479413644158411,0.15461520850658417
sac,10,40038,4,1150,126,2,1,1,0,1,0,6.189763312675676,1.1130612875236179,-0.5491062281340051,16.423288345336914,18.378812789916992,0.023075314238667488,1.3221181168137814,0.1037663072347641,5.9453714602098024,0.07495846599340439
sac,10,40038,4,1151,127,2,1,1,0,1,0,-8.700199342113862,1.0089145630592635,25.088992368749338,16.806514739990234,17.818458557128906,0.027394892647862434,1.569611728936486,0.09776872396469116,5.601735251556352,0.07627925276756287
sac,10,40038,4,1152,128,2,1,1,0,1,0,-1.4774655401221382,4.303278724296494,-4.337347707876517,16.927595138549805,16.10364532470703,0.011685062199831009,0.6695047473981702,0.06647901237010956,3.8089668350052697,0.04492456838488579
sac,10,40038,4,1153,129,1,1,1,0,1,0,16.37446328975679,10.634809443384954,-26.935438388213903,14.483816146850586,14.820730209350586,0.05897023156285286,3.3787453854606255,0.4329586625099182,24.806704065447295,0.27544957399368286
sac,10,40038,4,1154,130,2,1,1,0,1,0,-12.290310694412645,-2.739903064793935,-11.097049325654737,12.899675369262695,14.66391658782959,0.028614364564418793,1.6394823229898952,0.33859485387802124,19.400056092059433,0.19791179895401
sac,10,40038,4,1155,131,1,1,1,0,1,0,-11.778647563308649,7.016120579598838,-43.71016442371178,17.482620239257812,19.693693161010742,0.033276304602622986,1.906591811522053,0.38773295283317566,22.21546177548598,0.22714278101921082
sac,10,40038,4,1156,132,1,1,1,0,1,0,-14.899169749790715,-7.117234700071707,-55.80462627386348,17.60226058959961,18.544965744018555,0.07523287832736969,4.310526408779523,0.4445003271102905,25.467992735604174,0.29748302698135376
sac,10,40038,4,1157,133,2,1,1,0,1,0,-5.727591732297593,4.324616235263614,-3.6167354296834917,21.6491641998291,22.533933639526367,0.0330621562898159,1.89432201700836,0.26032644510269165,14.915606600028351,0.16322538256645203
sac,10,40038,4,1158,134,2,1,1,0,1,0,-18.99553472337084,-0.20541110909896348,24.207911626196033,20.418153762817383,19.93042755126953,0.060663312673568726,3.475751787477966,0.2253810614347458,12.913383602389656,0.17335385084152222
sac,10,40038,4,1159,135,2,1,1,0,1,0,-8.778118140165368,0.2295899787608086,12.787193296152731,13.045404434204102,15.975290298461914,0.02100604772567749,1.2035578789317019,0.3013503849506378,17.266105212314226,0.1716812402009964
sac,10,40038,4,1160,136,2,1,1,0,1,0,-0.7904577926455757,10.572121967182577,3.9651160584891625,13.800447463989258,15.240687370300293,0.030153844505548477,1.7276880262616745,0.19871856272220612,11.385734954888141,0.12951312959194183
sac,10,40038,4,1161,137,2,1,1,0,1,0,-5.406244992226832,8.70439307826425,15.299172948343342,16.30381965637207,17.850738525390625,0.016747886314988136,0.959583201613729,0.20503973960876465,11.747911712043592,0.11926775425672531
sac,10,40038,4,1162,138,2,1,1,0,1,0,1.4367302919121823,3.695665095732159,3.930883150369058,16.547889709472656,17.656749725341797,0.022819265723228455,1.3074476175285346,0.047744471579790115,2.73555671660428,0.04669149965047836
sac,10,40038,4,1163,139,1,1,1,0,1,0,-10.448290637530246,11.114520949551629,-29.721773078985585,16.934961318969727,17.16291046142578,0.03226805105805397,1.848823138739143,0.5212061405181885,29.86291210799473,0.2928711175918579
sac,10,40038,4,1164,140,2,1,1,0,1,0,-2.558985014058637,7.38695887039551,-0.7173474477697592,22.69371795654297,23.32115364074707,0.02119886688888073,1.2146056031924917,0.060621507465839386,3.4733565255134073,0.05150961875915527
sac,10,40038,4,1165,141,2,1,1,0,1,0,5.0666753074504784,11.165433179624904,-2.3414571493720713,13.919278144836426,12.735798835754395,0.03640848770737648,2.086052684086611,0.26829373836517334,15.372098878111567,0.17055535316467285
sac,10,40038,4,1166,142,2,1,1,0,1,0,-4.571869083218075,5.379921443165603,15.990784243320492,16.769472122192383,17.059297561645508,0.06714686006307602,3.8472316891697966,0.13875678181648254,7.950177976902054,0.1365252435207367
sac,10,40038,4,1167,143,1,1,1,0,1,0,15.240037170509371,21.274905453187497,-63.16505668952266,16.068195343017578,17.27226448059082,0.11565300822257996,6.626429259145638,0.4725051522254944,27.072551020707326,0.35190558433532715
sac,10,40038,4,1168,144,1,1,1,0,1,0,-7.854621922866284,9.544451704662459,19.972156152034284,12.017013549804688,12.853326797485352,0.0377873033285141,2.1650529999045056,0.10091479867696762,5.781992054602629,0.08824470639228821
sac,10,40038,4,1169,145,2,1,1,0,1,0,14.22721573924486,-0.282291718396627,24.82105770798808,18.721723556518555,21.272830963134766,0.03401893004775047,1.9491411152868823,0.20036470890045166,11.4800521833632,0.1342012882232666
sac,10,40038,4,1170,146,2,1,1,0,1,0,5.087630327824078,10.763503867726333,-0.793353792853661,22.954566955566406,23.00396156311035,0.027223553508520126,1.5597947193867678,0.16122566163539886,9.237549960912629,0.10783638060092926
sac,10,40038,4,1171,147,2,1,1,0,1,0,0.9549424082378227,-2.4531444026801195,0.4466943717188339,13.213794708251953,13.62287712097168,0.02579057402908802,1.4776910430864545,0.1727912425994873,9.900208937771742,0.11218619346618652
sac,10,40038,4,1172,148,1,1,1,0,1,0,5.637119046551604,1.8631116810393982,-38.474961028680404,22.655868530273438,22.645038604736328,0.05822538211941719,3.3360686559790933,0.08019252866506577,4.594693440990142,0.09832164645195007
sac,10,40038,4,1173,149,2,1,1,0,1,0,13.38111922562036,5.563325682758786,12.906530361331194,22.034732818603516,22.49930763244629,0.01726272702217102,0.989081401256839,0.17119000852108002,9.808464983066484,0.10285773128271103
sac,10,40038,4,1174,150,2,1,1,0,1,0,4.329124160115822,0.14805118044919638,-7.155975533044019,11.985810279846191,14.492955207824707,0.026554560288786888,1.5214642313731852,0.1866447925567627,10.693958881597265,0.11987695842981339
sac,10,40038,4,1175,151,2,1,1,0,1,0,-15.721743091913691,1.9576414991523747,28.429351023857432,19.389869689941406,22.543609619140625,0.0401410236954689,2.299911243084999,0.04539945349097252,2.601197077233197,0.06284075230360031
sac,10,40038,4,1176,152,1,1,1,0,1,0,-5.157025049791407,-6.546504093025441,-32.70984423708276,25.98345184326172,23.89754295349121,0.04955608770251274,2.8393546745341403,0.060611240565776825,3.47276827547114,0.07986170798540115
sac,10,40038,4,1177,153,1,1,1,0,1,0,-8.552339406961426,-2.3791051520771815,-18.215909610748906,15.400615692138672,14.722272872924805,0.03209289163351059,1.8387872429708672,0.06686342507600784,3.830992060644445,0.06552460789680481
sac,10,40038,4,1178,154,1,1,1,0,1,0,-12.559802638304667,4.338071707928538,12.783983107242825,10.862855911254883,12.473325729370117,0.01903107389807701,1.0904002139613966,0.1667407602071762,9.5535418326741,0.10240145027637482
sac,10,40038,4,1179,155,2,1,1,0,1,0,11.279920810492658,0.8833620257360891,17.904480305353005,16.14326286315918,17.206132888793945,0.03162498399615288,1.8119781101483323,0.14502015709877014,8.309042946083695,0.10413506627082825
sac,10,40038,4,1180,156,2,1,1,0,1,0,-9.906465391051475,6.296095697674434,12.59251924442903,12.939623832702637,15.06380844116211,0.026016350835561752,1.4906271012093413,0.09133505076169968,5.233112930258526,0.07168387621641159
sac,10,40038,4,1181,157,1,1,1,0,1,0,9.201207378112636,-2.1262788697599895,27.560619263323513,14.701231002807617,14.237905502319336,0.029365673661231995,1.6825291633470774,0.43561282753944397,24.958776519770336,0.24717208743095398
sac,10,40038,4,1182,158,2,1,1,0,1,0,8.841174446582926,-1.886074777028981,0.6689350669327088,13.097208023071289,13.269682884216309,0.036492135375738144,2.0908453424498443,0.23716121912002563,13.588336919754793,0.15507274866104126
sac,10,40038,4,1183,159,2,1,1,0,1,0,3.686963434729563,-1.7267947655842837,29.38684792284484,17.3280086517334,17.763744354248047,0.03065025433897972,1.7561302146260769,0.24889299273490906,14.26051803409055,0.15509675443172455
sac,10,40038,4,1184,160,2,1,1,0,1,0,-12.419811081076086,-1.8200678288899779,-1.5263150530660694,19.712772369384766,21.674530029296875,0.038017742335796356,2.1782561824569635,0.31411969661712646,17.99773287809119,0.19507759809494019
sac,10,40038,4,1185,161,2,1,1,0,1,0,-5.479082129535849,10.902716783389534,-5.097247234175456,22.330766677856445,22.487783432006836,0.029970133677124977,1.7171621711421559,0.06324423104524612,3.623627517442858,0.06159225106239319
sac,10,40038,4,1186,162,2,1,1,0,1,0,3.617254524060413,-1.2439823535344223,3.8938225439325693,21.726696014404297,20.87172508239746,0.06981965154409409,4.000371360550653,0.05187971889972687,2.9724889352794404,0.09575951099395752
sac,10,40038,4,1187,163,2,1,1,0,1,0,10.994596488104545,-4.403846429635761,-11.883723193500126,17.252639770507812,19.344175338745117,0.0655931830406189,3.758212553056551,0.09467514604330063,5.424486293065821,0.11293075978755951
sac,10,40038,4,1188,164,2,1,1,0,1,0,-1.049294641432379,3.2628769891634715,3.5354834993170203,17.414947509765625,17.720365524291992,0.02733721025288105,1.5663067711518461,0.14446145296096802,8.277031556991137,0.09956793487071991
sac,10,40038,4,1189,165,2,1,1,0,1,0,11.064551285583816,1.57490501882154,0.6901906156297885,21.322370529174805,22.457849502563477,0.02984079346060753,1.7097515226143978,0.2355881631374359,13.498207451014597,0.14763487875461578
sac,10,40038,4,1190,166,1,1,1,0,1,0,-6.320233586201259,3.138430942485839,-25.131284900090055,14.617732048034668,16.662015914916992,0.00910395197570324,0.521618025097583,0.2747609615325928,15.74264347077393,0.14648443460464478
sac,10,40038,4,1191,167,2,1,1,0,1,0,-3.380684091967851,8.535059028361294,-8.242904516803168,26.178627014160156,23.577669143676758,0.030706118792295456,1.759331012025874,0.1131083145737648,6.480629052914784,0.08726027607917786
sac,10,40038,4,1192,168,2,1,1,0,1,0,-3.315004992909009,0.5820823814468267,0.08798649688810425,17.2908935546875,19.05853271484375,0.02520947903394699,1.4443967523686982,0.14585712552070618,8.356997704246353,0.09813804179430008
sac,10,40038,4,1193,169,2,1,1,0,1,0,-3.9760580215395227,6.134042629426712,2.1445427956006036,17.197275161743164,15.19687271118164,0.0434131920337677,2.4873926787258562,0.12926331162452698,7.406242201969749,0.10804484784603119
sac,10,40038,4,1194,170,2,1,1,0,1,0,1.115793363191623,3.680939207881612,0.009330038406237418,16.891239166259766,17.154891967773438,0.022029925137758255,1.2622217333827066,0.101192407310009,5.797897857632296,0.07262612879276276
sac,10,40038,4,1195,171,2,1,1,0,1,0,5.1553311628772445,4.361308011484922,3.0851691273380797,20.367006301879883,20.298065185546875,0.009113676846027374,0.522175219123468,0.12762509286403656,7.312379181074495,0.07292622327804565
sac,10,40038,4,1196,172,2,1,1,0,1,0,5.712387731205144,5.307630720990189,3.3967896780307414,12.334527015686035,12.866558074951172,0.03144315257668495,1.8015599372299473,0.16773587465286255,9.610557690544427,0.11531108617782593
sac,10,40038,4,1197,173,1,1,1,0,1,0,16.695482180747387,13.245498989460588,-25.040142855805406,12.213919639587402,15.204819679260254,0.06151725351810455,3.524678993823706,0.4032883048057556,23.10671779235531,0.26316142082214355
sac,10,40038,4,1198,174,2,1,1,0,1,0,7.841904110631719,-0.7797480560269957,4.348959029465539,20.48031234741211,23.048051834106445,0.02889985777437687,1.6558398790001352,0.15228375792503357,8.725216617496326,0.1050417348742485
sac,10,40038,4,1199,175,2,1,1,0,1,0,4.910427899997267,5.4102338227021205,-3.6228006376664634,17.234874725341797,20.16122055053711,0.032343339174985886,1.8531368300868292,0.14806507527828217,8.483503906732391,0.10637587308883667
sac,10,40038,4,1200,176,2,1,1,0,1,0,11.525561733802997,2.7552163489131036,-11.3564872310885,14.478776931762695,16.825151443481445,0.016464291140437126,0.9433343950216803,0.19572904706001282,11.214448324656209,0.11432881653308868
sac,10,40038,4,1201,177,2,1,1,0,1,0,11.742406579572561,3.041442256271658,-2.21233925330215,13.907342910766602,15.320832252502441,0.042770180851221085,2.4505508517862187,0.19626939296722412,11.245407864616583,0.14090487360954285
sac,10,40038,4,1202,178,2,1,1,0,1,0,3.6844499251149982,8.96641279520428,-3.1538671700100678,22.160930633544922,22.601276397705078,0.0191008523106575,1.0943982225033813,0.20509174466133118,11.75089138206901,0.12164672464132309
sac,10,40038,4,1203,179,2,1,1,0,1,0,13.497150479240537,0.5643785311181536,-2.2199344236592045,16.57764434814453,17.718730926513672,0.025080664083361626,1.4370161993619706,0.1498069316148758,8.583304923337325,0.09998413175344467
sac,10,40038,4,1204,180,2,1,1,0,1,0,-2.380416548397824,-0.37649368742944284,-1.032301130777387,23.017107009887695,22.6272029876709,0.0301011111587286,1.7246666280492957,0.26442885398864746,15.150657315030584,0.16231553256511688
sac,10,40038,4,1205,181,2,1,1,0,1,0,5.057659457746062,11.248133110095418,-20.0216477027602,21.702119827270508,21.930633544921875,0.05360668525099754,3.0714368185683574,0.3241083323955536,18.570039551288435,0.21566085517406464
sac,10,40038,4,1206,182,2,1,1,0,1,0,10.63207736771695,5.074325119320893,-1.925198100594814,14.57365894317627,14.65264892578125,0.03337688371539116,1.9123545701908398,0.14970608055591583,8.577526583299495,0.10822992026805878
sac,10,40038,4,1207,183,2,1,1,0,1,0,14.164091130935603,0.7631097152088446,9.992156944378454,20.706485748291016,21.433368682861328,0.03042338602244854,1.7431316175836022,0.2000001221895218,11.459162903560363,0.130423441529274
sac,10,40038,4,1208,184,1,1,1,0,1,0,-27.85450864293082,31.761267565151392,68.18819637120347,11.893099784851074,15.608233451843262,0.24453119933605194,14.010605681228014,0.6993103623390198,40.06753233179018,0.5941863656044006
sac,10,40038,4,1209,185,2,1,1,0,1,0,14.425113640256809,4.128193655112387,5.8362737023708355,18.46783447265625,19.371192932128906,0.015823055058717728,0.9065942738676528,0.25095483660697937,14.37865298597509,0.14130046963691711
sac,10,40038,4,1210,186,2,1,1,0,1,0,16.640663082468865,10.625848235193898,-11.773074128945918,18.94583511352539,19.796218872070312,0.06170951947569847,3.535695021737879,0.2349754124879837,13.463099424907085,0.17919722199440002
sac,10,40038,4,1211,187,2,1,1,0,1,0,-10.235407301479288,-2.63542849124942,-14.56476368802689,21.152036666870117,21.75360870361328,0.004169021733105183,0.2388673500052429,0.29113253951072693,16.680665792890338,0.14973528683185577
sac,10,40038,4,1212,188,1,1,1,0,1,0,-5.985827524437434,3.108405430894463,37.810930037571765,20.49907684326172,23.403656005859375,0.03119402378797531,1.7872859090816784,0.11294911801815033,6.471507762165055,0.08766858279705048
sac,10,40038,4,1213,189,2,1,1,0,1,0,15.032085231039163,-6.316190114212612,-16.15106146238401,20.217548370361328,19.744091033935547,0.06458596140146255,3.700503004098644,0.14972786605358124,8.578774800370313,0.13944989442825317
sac,10,40038,4,1214,190,2,1,1,0,1,0,-7.405086192452724,7.530024012750597,-1.4144638752179406,20.083370208740234,19.801342010498047,0.021515551954507828,1.232750320887748,0.05177707597613335,2.9666079289606477,0.04740408807992935
sac,10,40038,4,1215,191,2,1,1,0,1,0,-10.562272834399419,-0.9825227121063342,-2.5812787515095588,13.913755416870117,16.893146514892578,0.024196838960051537,1.386376749968673,0.30287131667137146,17.353248180839834,0.17563249170780182
sac,10,40038,4,1216,192,2,1,1,0,1,0,5.704451051389589,5.923017104829998,23.452929836099504,21.530643463134766,19.46745491027832,0.042406149208545685,2.429693375051704,0.03332649543881416,1.90946753460604,0.05906939506530762
sac,10,40038,4,1217,193,2,1,1,0,1,0,4.616989312875179,0.9032242158424861,8.289062935214114,15.90061092376709,18.758264541625977,0.0073397718369960785,0.42053794884885853,0.06049208343029022,3.465941074508889,0.03758581355214119
sac,10,40038,4,1218,194,2,1,1,0,1,0,-3.9684628511824687,10.978135732204814,11.048322756115866,15.922102928161621,16.731876373291016,0.04357272386550903,2.4965331793826255,0.1775626540184021,10.173590674396088,0.13235405087471008
sac,10,40038,4,1219,195,1,1,1,0,1,0,-10.850561458887316,9.85059444364077,-35.60644550181513,15.719769477844238,16.142234802246094,0.03744504600763321,2.145443099910576,0.5711002945899963,32.72163655868479,0.3229951858520508
sac,10,40038,4,1220,196,2,1,1,0,1,0,-17.528136882085303,-2.889511528373894,10.182978769410271,20.233211517333984,22.139142990112305,0.04965459555387497,2.844998758666098,0.29270657896995544,16.770851610691185,0.1960078775882721
sac,10,40038,4,1221,197,2,1,1,0,1,0,-8.27126346223706,9.044823366876026,13.513474631356868,17.421741485595703,20.76101303100586,0.056441228836774826,3.233844202879274,0.08106017857789993,4.6444061190904335,0.09697131812572479
sac,10,40038,4,1222,198,1,1,1,0,1,0,-10.357367159299036,-1.086833361110769,-16.629557194878426,14.987756729125977,15.037309646606445,0.01218077726662159,0.6979071285663162,0.06886790692806244,3.94584041087774,0.04661472886800766
sac,10,40038,4,1223,199,1,1,1,0,1,0,17.631614248010997,9.47565803934209,-36.71807244961305,14.044084548950195,15.267217636108398,0.05612989142537117,3.2160058832013165,0.36879271268844604,21.130265952228722,0.2405262440443039
sac,10,40038,4,1224,200,2,1,1,0,1,0,-2.512812935269351,-1.469269313118123,-1.6276750603490586,18.383678436279297,18.875080108642578,0.026668375357985497,1.527985354483255,0.25237753987312317,14.460167878624608,0.15285713970661163
sac,10,40038,4,1225,201,2,1,1,0,1,0,10.902593839984474,8.791956103423813,2.870018168482678,13.515480041503906,15.363369941711426,0.03737550601363182,2.141458751746931,0.10324884951114655,5.9157233165700704,0.0889999270439148
sac,10,40038,4,1226,202,1,1,1,0,1,0,8.258504668867477,-1.9477104040991762,29.266773197236017,11.897675514221191,12.184736251831055,0.012577779591083527,0.7206536862148685,0.6140379905700684,35.181785320358756,0.3195967674255371
sac,10,40038,4,1227,203,2,1,1,0,1,0,-10.566316306388066,6.282476300469429,0.4328564084603881,18.591020584106445,17.61790657043457,0.03381950035691261,1.937714635692274,0.08791770786046982,5.037313604869063,0.07777835428714752
sac,10,40038,4,1228,204,2,1,1,0,1,0,10.268110247225309,2.2494954823870197,2.27646106923023,18.57113265991211,21.352365493774414,0.04916885122656822,2.817167658789,0.16550645232200623,9.48282120023414,0.13192208111286163
sac,10,40038,4,1229,205,1,1,1,0,1,0,16.964933143504393,-3.797107065285189,45.71558992629756,22.974363327026367,23.85521697998047,0.050678618252277374,2.903670937410154,0.2437664121389389,13.966786602607797,0.17256182432174683
sac,10,40038,4,1230,206,2,1,1,0,1,0,-11.301572510161598,2.8513580916702033,-10.526591926175271,22.409574508666992,23.501428604125977,0.012963353656232357,0.7427454528375987,0.23587997257709503,13.514926900329142,0.13090333342552185
sac,10,40038,4,1231,207,2,1,1,0,1,0,-1.9757415004529084,3.6631124141478786,-5.164510937121741,21.646902084350586,21.30390167236328,0.024270009249448776,1.3905690987368857,0.1411631554365158,8.088053029261578,0.09485158324241638
sac,10,40038,4,1232,208,2,1,1,0,1,0,-2.0256838436640416,-3.2506372901708085,-0.21333412853617825,22.41353988647461,21.255592346191406,0.01974802277982235,1.1314783590120283,0.29355818033218384,16.819644774574463,0.16652710735797882
sac,10,40038,4,1233,209,2,1,1,0,1,0,2.63015558521017,14.648501807251247,34.12279181030496,23.3612117767334,23.1473331451416,0.07112817466259003,4.075344212635767,0.18073497712612152,10.355351399720236,0.1614956557750702
sac,10,40038,4,1234,210,1,1,1,0,1,0,14.29135121555128,-0.7478920537380562,-5.0409664754145505,12.567543029785156,12.193260192871094,0.05581718310713768,3.198089016347904,0.18968531489372253,10.868167979020317,0.15065984427928925
sac,10,40038,4,1235,211,2,1,1,0,1,0,-7.882653019220016,0.7347780905316317,14.731447624531882,15.093528747558594,14.499625205993652,0.045142196118831635,2.586457315560898,0.1130904108285904,6.479603243878813,0.10168740153312683
sac,10,40038,4,1236,212,1,1,1,0,1,0,10.95494040978345,-1.3714610042035402,26.962322012787073,11.95255184173584,13.548733711242676,0.030437355861067772,1.743932030376963,0.587997317314148,33.689764647115325,0.3244360089302063
sac,10,40038,4,1237,213,1,1,1,0,1,0,1.0875846819194703,0.4140187467294929,-24.192926191157024,14.094230651855469,14.77234172821045,0.01780945435166359,1.0204065697812215,0.13737766444683075,7.871160372167823,0.08649829030036926
sac,10,40038,4,1238,214,2,1,1,0,1,0,-17.931664458249656,-4.889336275840268,-1.8087023941110767,12.271395683288574,13.237366676330566,0.04395819827914238,2.5186192363940965,0.3108122646808624,17.808230987116477,0.1993643343448639
sac,10,40038,4,1239,215,2,1,1,0,1,0,17.728206783253317,-0.2058482412058443,-6.677534442062966,17.412357330322266,18.77225112915039,0.05822940915822983,3.3362993883069927,0.19172489643096924,10.985027393077358,0.15409186482429504
sac,10,40038,4,1240,216,1,1,1,0,1,0,6.359766721117293,3.9958519097542196,-3.075183390771521,10.01130199432373,12.035736083984375,0.037898603826761246,2.17143004871177,0.11408723145723343,6.536716858831636,0.09494221955537796
sac,10,40038,4,1241,217,2,1,1,0,1,0,6.998812880242026,-0.20983707168113175,7.265094635224143,12.792363166809082,14.650888442993164,0.034938789904117584,2.0018452028002276,0.11955226957798004,6.849840478028524,0.0947149246931076
sac,10,40038,4,1242,218,2,1,1,0,1,0,-5.793817246490036,-0.9021450459536242,-15.150083579140302,23.118221282958984,23.371435165405273,0.023502519354224205,1.34659516692158,0.034603655338287354,1.9826434066092062,0.04080434888601303
sac,10,40038,4,1243,219,2,1,1,0,1,0,-17.51617039065944,1.9823804443261608,-10.20945258263324,13.851574897766113,13.697718620300293,0.03306293115019798,1.894366413237965,0.3029281198978424,17.356502765979343,0.18452699482440948
sac,10,40038,4,1244,220,1,1,1,0,1,0,5.813952644163233,7.761171274642169,-13.248340348155313,11.888250350952148,12.442193031311035,0.03018251620233059,1.7293307934787683,0.38955414295196533,22.31980828298356,0.2249595820903778
sac,10,40038,4,1245,221,2,1,1,0,1,0,-10.833349382178884,4.745492491919799,-0.19180537227229807,19.94098472595215,21.645078659057617,0.019618414342403412,1.1240523425586377,0.211299329996109,12.106559822719083,0.12526807188987732
sac,10,40038,4,1246,222,2,1,1,0,1,0,2.1274263415405517,5.612694290079638,-7.307387166564862,14.333337783813477,16.356754302978516,0.011983213946223259,0.6865875841209009,0.24407021701335907,13.984193339707575,0.13401831686496735
sac,10,40038,4,1247,223,2,1,1,0,1,0,12.386671003223183,0.8108117563722137,13.168112946164342,18.7994441986084,18.098342895507812,0.041967060416936874,2.4045354404610197,0.17267493903636932,9.89354523446275,0.12830452620983124
sac,10,40038,4,1248,224,2,1,1,0,1,0,-1.217590502581493,0.039136983944173066,0.9771951645537242,16.984882354736328,16.208829879760742,0.021004559472203255,1.2034726082887826,0.1355898529291153,7.768726317637849,0.08879948407411575
sac,10,40038,4,1249,225,2,1,1,0,1,0,14.793807251654098,-0.432282672570107,-1.2551838637732433,17.336763381958008,16.86675262451172,0.04366018623113632,2.5015444037992993,0.20361503958702087,11.666282413725476,0.14546769857406616
sac,10,40038,4,1250,226,2,1,1,0,1,0,3.1124215821264305,3.1333356213650094,-5.045392437996719,16.528011322021484,20.003456115722656,0.01911049894988537,1.0949509342176234,0.2675795555114746,15.331179214794021,0.15290027856826782
sac,10,40038,4,1251,227,2,1,1,0,1,0,-2.2409714063028434,8.591039258798718,-0.09634664843219987,20.692611694335938,20.13213348388672,0.009035124443471432,0.5176744979863998,0.045288581401109695,2.594844574418262,0.031679414212703705
sac,10,40038,4,1252,228,1,1,1,0,1,0,-17.330881018855333,10.834087042609246,38.442804498067986,18.23255729675293,19.883501052856445,0.07642962783575058,4.3790951047441045,0.11858449876308441,6.794391294799068,0.13572187721729279
sac,10,40038,4,1253,229,2,1,1,0,1,0,10.862391346529778,-1.3981260627232701,0.27384960458249125,19.277620315551758,19.04450798034668,0.028504101559519768,1.6331647181727507,0.11116906255483627,6.369518096817956,0.08408863097429276
sac,10,40038,4,1254,230,2,1,1,0,1,0,-8.072040504526129,5.305868532184325,1.5082696932788957,11.186768531799316,14.55843734741211,0.015314211137592793,0.8774396647563063,0.11965560168027878,6.855760971378456,0.0751420110464096
sac,10,40038,4,1255,231,2,1,1,0,1,0,-9.292950479044249,8.07183559885103,-1.1755711788075747,19.96585464477539,21.027666091918945,0.01383985299617052,0.7929651657620579,0.17901729047298431,10.256935203969523,0.1033485010266304
sac,10,40038,4,1256,232,2,1,1,0,1,0,-1.484842144425752,12.037197544150311,20.562626005781887,14.537702560424805,14.780351638793945,0.08564989268779755,4.90737736675921,0.18626591563224792,10.672250832867672,0.1787828505039215
sac,10,40038,4,1257,233,2,1,1,0,1,0,-14.15741120592733,5.679111049568842,12.365838926254645,13.881942749023438,17.43084144592285,0.056327708065509796,3.2273399417987183,0.13347524404525757,7.647568153271932,0.12306533008813858
sac,10,40038,4,1258,234,2,1,1,0,1,0,-15.938615258439935,4.911001635887549,16.789793432806924,12.773344993591309,15.315460205078125,0.03816155716776848,2.186496165360349,0.24117229878902435,13.81815485607915,0.15874770283699036
sac,10,40038,4,1259,235,2,1,1,0,1,0,7.5602407696387335,0.016897888006611544,-12.787056692369331,16.189449310302734,16.104806900024414,0.03352928161621094,1.9210863267144664,0.07301794737577438,4.183620213340217,0.07003825902938843
sac,10,40038,4,1260,236,1,1,1,0,1,0,-14.476408360923605,14.798847931261568,37.21443595697622,10.336792945861816,14.614909172058105,0.07780295610427856,4.457781018416767,0.4011038541793823,22.981557990909412,0.2783548831939697
sac,10,40038,4,1261,237,2,1,1,0,1,0,11.282871452214103,-1.9651956883744088,6.279225130424503,22.70336151123047,23.609643936157227,0.06122666224837303,3.5080293405047422,0.14262837171554565,8.17200373812385,0.13254085183143616
sac,10,40038,4,1262,238,2,1,1,0,1,0,0.5027019229129385,5.1259613494461895,10.722891562921438,15.26754379272461,18.560171127319336,0.008166772313416004,0.4679215858030286,0.17925474047660828,10.27054008702254,0.09779414534568787
sac,10,40038,4,1263,239,1,1,1,0,1,0,16.30482268097934,-2.7460775558036263,41.2349858307692,18.712135314941406,20.491714477539062,0.050416287034749985,2.888640465811306,0.037616875022649765,2.1552881772689148,0.06922472268342972
sac,10,40038,4,1264,240,2,1,1,0,1,0,7.753699047690175,1.9790473120111947,-12.241570464495434,14.815669059753418,15.556995391845703,0.019694019109010696,1.1283841765963067,0.2317272126674652,13.276991284176225,0.135557621717453
sac,10,40038,4,1265,241,2,1,1,0,1,0,11.39376640357843,0.42401814367439156,22.576684867478566,22.65607261657715,22.832622528076172,0.017574748024344444,1.0069588878008184,0.14868518710136414,8.51903369702115,0.09191734343767166
sac,10,40038,4,1266,242,1,1,1,0,1,0,-4.220087020205738,-4.103809879775441,-28.0891393012991,13.802413940429688,15.589951515197754,0.0688827857375145,3.9466929038635223,0.15658089518547058,8.971424446507775,0.1471732258796692
sac,10,40038,4,1267,243,2,1,1,0,1,0,-4.802292345057626,-3.0942532789341963,25.222877736859928,18.236425399780273,20.293739318847656,0.046236734837293625,2.6491697646424277,0.15748006105422974,9.02294285586989,0.12497676908969879
sac,10,40038,4,1268,244,1,1,1,0,1,0,-12.971034667852795,0.05136302255849589,-20.814714627668717,13.429061889648438,17.14400863647461,0.013926773332059383,0.7979453341623493,0.15355703234672546,8.798169868021233,0.09070529043674469
sac,10,40038,4,1269,245,2,1,1,0,1,0,-17.879481812990758,5.182993429015796,7.182148817943508,16.498537063598633,17.841886520385742,0.05293187126517296,3.0327728252242077,0.2874141335487366,16.467616824752007,0.19663894176483154
sac,10,40038,4,1270,246,1,1,1,0,1,0,2.1612221175537747,-3.0524525212137186,36.78025449181684,21.802194595336914,22.551616668701172,0.05943654850125313,3.4054633779464227,0.3423505127429962,19.615239494313393,0.23061180114746094
sac,10,40038,4,1271,247,2,1,1,0,1,0,-2.974096591055332,8.08836465664246,1.3286630388642404,22.317033767700195,21.423603057861328,0.019470687955617905,1.115588244073111,0.07410215586423874,4.245740783841483,0.056521765887737274
sac,10,40038,4,1272,248,2,1,1,0,1,0,11.36221092961297,3.9669465491867255,31.83515655159259,13.957334518432617,16.062238693237305,0.03950588032603264,2.263520208630583,0.17010155320167542,9.746101087076037,0.12455666065216064
sac,10,40038,4,1273,249,2,1,1,0,1,0,14.309820047066994,0.15530484134774994,3.74951430714854,22.426376342773438,22.27928352355957,0.04771697521209717,2.733981290783534,0.1905931830406189,10.92018499219184,0.14301356673240662
sac,10,40038,4,1274,250,2,1,1,0,1,0,2.4127233431719843,1.9537482913254673,9.509604079517054,12.285541534423828,12.564961433410645,0.04789070785045624,2.7439354377251814,0.04057474434375763,2.324761605719621,0.06817808002233505
sac,10,40038,4,1275,251,1,1,1,0,1,0,-5.56568892821161,-4.158997808269144,-45.485357909754775,18.529430389404297,18.73604393005371,0.06399103254079819,3.666416091272049,0.12670958042144775,7.259924182022443,0.12734583020210266
sac,10,40038,4,1276,252,2,1,1,0,1,0,9.707133150313823,0.19915465581923178,-6.603659116000108,13.31954574584961,14.039104461669922,0.02139713615179062,1.2259655951643982,0.25552356243133545,14.640421693463121,0.14915892481803894
sac,10,40038,4,1277,253,2,1,1,0,1,0,-9.779587797029317,13.517736669398955,29.629524544055393,20.92045021057129,22.624624252319336,0.04171992093324661,2.390375391094526,0.036117926239967346,2.0694047383149394,0.059778884053230286
sac,10,40038,4,1278,254,2,1,1,0,1,0,-9.025480271146549,6.672370819050436,4.269059476554729,19.15821647644043,19.251596450805664,0.05497530847787857,3.149853153212216,0.11282645910978317,6.464479924395935,0.11138853430747986
sac,10,40038,4,1279,255,2,1,1,0,1,0,12.605974717093954,-4.814805251617089,-20.59669498936191,20.83747100830078,23.022727966308594,0.05240916088223457,3.0028237263741713,0.20675155520439148,11.845991520977682,0.15578493475914001
sac,10,50045,5,1280,0,1,1,1,0,1,0,-2.732253252923521,-0.5738588336861313,37.94812121724064,11.747393608093262,12.044079780578613,0.043313171714544296,2.4816619365688037,0.49601173400878906,28.419378947669216,0.2913190424442291
sac,10,50045,5,1281,1,2,1,1,0,1,0,-9.575447103115977,3.0075645179883947,-5.654262821368335,21.58659553527832,20.92119598388672,0.019023191183805466,1.0899485677025296,0.11867950111627579,6.799834528680745,0.07836294174194336
sac,10,50045,5,1282,2,2,1,1,0,1,0,-3.5266315741526837,2.666451210459618,-1.9791292742812348,15.140414237976074,17.182634353637695,0.02828814648091793,1.6207914036044493,0.07761023938655853,4.446739163849795,0.06709326803684235
sac,10,50045,5,1283,3,1,1,1,0,1,0,-10.10738223567657,6.301532528253764,-4.828137780876953,13.070332527160645,12.734134674072266,0.031897448003292084,1.8275891478266313,0.5012582540512085,28.719982403230645,0.28252658247947693
sac,10,50045,5,1284,4,1,1,1,0,1,0,5.271826869360981,-1.2372614473911299,46.53704311739666,11.407767295837402,13.264540672302246,0.030594466254115105,1.7529337928162168,0.29670923948287964,17.000187164905412,0.17894908785820007
sac,10,50045,5,1285,5,2,1,1,0,1,0,11.756681674937887,3.780782913168858,3.125002790577594,15.530817985534668,18.494041442871094,0.05357775092124939,3.069779003590748,0.24680748581886292,14.141027289655762,0.17698149383068085
sac,10,50045,5,1286,6,2,1,1,0,1,0,-7.043414015522209,6.136064365421035,-16.537540886380015,15.433713912963867,15.933274269104004,0.03934137523174286,2.2540947610193767,0.07844889163970947,4.494790398434481,0.0785658210515976
sac,10,50045,5,1287,7,1,1,1,0,1,0,-11.316762850875707,0.7584242054382159,-20.953995845223616,17.048545837402344,15.701223373413086,0.018030928447842598,1.0330961007637531,0.050523124635219574,2.8947618094115186,0.043292492628097534
sac,10,50045,5,1288,8,2,1,1,0,1,0,4.272611174923136,-4.226698643322311,13.782024009143429,14.037801742553711,16.219860076904297,0.014722859486937523,0.8435577109656647,0.08618710935115814,4.938157614253873,0.05781641602516174
sac,10,50045,5,1289,9,1,1,1,0,1,0,-6.272312978984449,-0.9326350104085611,-13.431826550018535,12.123997688293457,12.960350036621094,0.04244019091129303,2.4316438209465656,0.10897979885339737,6.244082526484317,0.09693008661270142
sac,10,50045,5,1290,10,2,1,1,0,1,0,-16.52076594177846,4.584190744480778,12.228333557883948,11.06458568572998,13.417492866516113,0.05740132927894592,3.2888539061243223,0.22825586795806885,13.078097883092745,0.17152926325798035
sac,10,50045,5,1291,11,2,1,1,0,1,0,6.172879085047404,0.896667234239274,17.89607917267389,14.803799629211426,13.746415138244629,0.07796407490968704,4.467012445966862,0.09978257864713669,5.7171206254131395,0.1278553605079651
sac,10,50045,5,1292,12,2,1,1,0,1,0,-0.8464107023263201,-0.4752309020711472,-0.13159042454946565,13.035270690917969,13.473426818847656,0.02031799964606762,1.164135627867975,0.19906176626682281,11.405399069508608,0.11984888464212418
sac,10,50045,5,1293,13,2,1,1,0,1,0,9.655455939053505,-2.9233346251437973,-10.12978525615421,19.0957088470459,21.296066284179688,0.06124856695532799,3.5092843877647324,0.14729221165180206,8.439222082795906,0.13489466905593872
sac,10,50045,5,1294,14,2,1,1,0,1,0,-2.3878477942147978,4.337743858848378,-2.7674970290407863,22.444772720336914,22.337785720825195,0.018454359844326973,1.0573569326956385,0.05246388912200928,3.0059594235334415,0.04468630254268646
sac,10,50045,5,1295,15,2,1,1,0,1,0,-4.385159032066606,5.317070042423146,13.37549114974427,22.645042419433594,22.826566696166992,0.04027891159057617,2.3078116375205884,0.007983425632119179,0.4574165947769903,0.04427062347531319
sac,10,50045,5,1296,16,2,1,1,0,1,0,19.27316825275352,0.7491078274103184,-5.8487319674169385,14.894762992858887,17.41814422607422,0.06448228657245636,3.6945628739548484,0.27434682846069336,15.718915393597305,0.20165570080280304
sac,10,50045,5,1297,17,2,1,1,0,1,0,-13.233040724414485,3.1901764556378556,0.6989878992807649,13.140789031982422,14.208951950073242,0.036979738622903824,2.118782950589312,0.22774763405323029,13.048978225340042,0.15085355937480927
sac,10,50045,5,1298,18,1,1,1,0,1,0,-4.221398416526381,-2.1883516289370655,37.890925213130956,14.236771583557129,14.692061424255371,0.06340363621711731,3.6327607610236345,0.4616921544075012,26.45301188185215,0.2942497134208679
sac,10,50045,5,1299,19,1,1,1,0,1,0,25.91472125826886,5.891707517674659,72.34130655640807,21.56288719177246,23.280759811401367,0.0945897027850151,5.4195907549782145,0.605771541595459,34.7081526825534,0.3974754810333252
sac,10,50045,5,1300,20,2,1,1,0,1,0,4.955343223979271,0.46592818442158984,27.874206908497136,19.920146942138672,21.207090377807617,0.02291025035083294,1.312660652690841,0.2062470018863678,11.817082745315604,0.126033753156662
sac,10,50045,5,1301,21,2,1,1,0,1,0,-4.666672108897852,4.569587800035291,-0.6433628386801811,16.36594581604004,14.821884155273438,0.02626236528158188,1.5047226906655435,0.05285755172371864,3.028514629163528,0.05269113928079605
sac,10,50045,5,1302,22,2,1,1,0,1,0,-10.084432800065326,0.8131750018250381,-0.1297326130952222,17.28577423095703,16.02889060974121,0.04411052167415619,2.527346724049492,0.19544373452663422,11.19810112065143,0.1418323814868927
sac,10,50045,5,1303,23,2,1,1,0,1,0,-2.315174581445862,5.701199881344663,6.2533660342268345,14.556767463684082,16.357378005981445,0.040391210466623306,2.314245889162152,0.09808601438999176,5.619914653805988,0.08943422138690948
sac,10,50045,5,1304,24,2,1,1,0,1,0,-2.6283797360259666,2.716844346155972,-7.020082089317445,18.367677688598633,18.37997817993164,0.022366313263773918,1.281495353281719,0.04690215736627579,2.6872956671460275,0.04581739008426666
sac,10,50045,5,1305,25,1,1,1,0,1,0,-5.33002008108949,0.6949307669137773,-25.692070751704783,17.670602798461914,19.067258834838867,0.022167259827256203,1.2700904314716788,0.1367608904838562,7.835821827175823,0.09054770320653915
sac,10,50045,5,1306,26,1,1,1,0,1,0,10.987329166827651,-0.7730817913970632,-35.156363356267974,20.159151077270508,20.234697341918945,0.08230457454919815,4.715704756288904,0.08313281834125519,4.763159629981684,0.12387098371982574
sac,10,50045,5,1307,27,2,1,1,0,1,0,3.1814338135002393,-11.005688715316646,-1.747886389741283,15.891136169433594,15.170001029968262,0.048800356686115265,2.796054476847433,0.06487637758255005,3.717142625577264,0.08123854547739029
sac,10,50045,5,1308,28,2,1,1,0,1,0,1.7781987692777996,6.249418184886567,8.102147978387546,12.129088401794434,12.972644805908203,0.01491248793900013,0.8544226209444509,0.14408691227436066,8.255571956392604,0.08695594221353531
sac,10,50045,5,1309,29,2,1,1,0,1,0,10.158144201588104,0.038672531080612194,20.898671312946515,14.379230499267578,16.587966918945312,0.009589378722012043,0.5494309289238452,0.1952154040336609,11.185018747069917,0.10719708353281021
sac,10,50045,5,1310,30,1,1,1,0,1,0,7.902405926299693,-5.4888083189139465,42.75688858163144,16.14390754699707,18.146339416503906,0.03655075281858444,2.0942038745307863,0.2131260335445404,12.211222226465773,0.14311376214027405
sac,10,50045,5,1311,31,2,1,1,0,1,0,-3.506414214209446,-0.4618983728112823,6.083471908811937,17.44733428955078,16.42599868774414,0.05817653238773346,3.333269772523269,0.22204864025115967,12.72244993301018,0.1692008525133133
sac,10,50045,5,1312,32,2,1,1,0,1,0,-1.3934815340876614,5.649003575707426,2.7818677470544935,17.09326171875,18.631765365600586,0.02766515128314495,1.5850964081151395,0.09171754121780396,5.2550280190973355,0.07352392375469208
sac,10,50045,5,1313,33,2,1,1,0,1,0,-9.491244531028059,0.4585652404963161,-12.19670978202679,14.085773468017578,16.471805572509766,0.027326127514243126,1.5656717770024464,0.18275684118270874,10.471195676911883,0.11870454996824265
sac,10,50045,5,1314,34,2,1,1,0,1,0,-0.7778356030593921,8.068762013724523,-0.8735128929529308,17.744421005249023,19.21336555480957,0.01674887165427208,0.9596396573960875,0.07774565368890762,4.454497831860107,0.05562169849872589
sac,10,50045,5,1315,35,2,1,1,0,1,0,0.2813218315344852,13.65345252820711,30.943174827123947,18.47684669494629,20.043621063232422,0.06911974400281906,3.9602696123862153,0.11365939676761627,6.512203736787283,0.1259494423866272
sac,10,50045,5,1316,36,21,1,1,0,1,0,-1.4043551952463218,0.624047063707385,33.13670373945188,20.196182250976562,20.933856964111328,0.017233407124876976,0.9874014948861332,0.07782290130853653,4.458923794442275,0.05614485591650009
sac,10,50045,5,1317,37,2,1,1,0,1,0,-6.4623561624508845,6.222671164096797,6.26172618577093,11.061006546020508,12.777451515197754,0.060506001114845276,3.4667384990944883,0.2327824831008911,13.33745382625647,0.17689724266529083
sac,10,50045,5,1318,38,2,1,1,0,1,0,-7.053959827600709,2.6598532477213856,18.42121143682115,22.724796295166016,22.23964500427246,0.013902345672249794,0.7965457323518784,0.11832059919834137,6.7792709635239525,0.07306264340877533
sac,10,50045,5,1319,39,1,1,1,0,1,0,17.582368584095203,7.472896310532611,-26.79872532178693,12.265214920043945,16.39892578125,0.03983462229371071,2.2823557359273625,0.42018866539001465,24.075037126082606,0.24992895126342773
sac,10,50045,5,1320,40,1,1,1,0,1,0,-11.07705053176494,9.651289523659798,-39.15355398309951,18.818634033203125,18.45961570739746,0.038047026842832565,2.1799340611152593,0.6239922046661377,35.75211977643316,0.3500431180000305
sac,10,50045,5,1321,41,2,1,1,0,1,0,9.744822134153953,5.734845393196146,2.7679068403909874,22.1072940826416,22.733217239379883,0.03255898132920265,1.8654922154085591,0.15176475048065186,8.695479681397384,0.10844135284423828
sac,10,50045,5,1322,42,2,1,1,0,1,0,-9.754944474503912,6.360203853224173,1.3676497586466732,15.388443946838379,17.61013412475586,0.044053733348846436,2.5240929926836273,0.2613382041454315,14.973576123061541,0.1747228354215622
sac,10,50045,5,1323,43,2,1,1,0,1,0,-3.4159825095984773,2.9946827812137506,16.974304163045648,12.56684684753418,12.775086402893066,0.015503795817494392,0.8883020667750066,0.10119068622589111,5.797799246776154,0.0660991370677948
sac,10,50045,5,1324,44,2,1,1,0,1,0,-1.0002812039483673,2.248252387958077,-19.682597112360764,17.72207260131836,17.11323356628418,0.04223168268799782,2.419697179757979,0.10188495367765427,5.837577841615484,0.09317415952682495
sac,10,50045,5,1325,45,2,1,1,0,1,0,-10.335401270928275,2.3485742064872244,0.4503280323572807,13.753985404968262,16.573434829711914,0.02600078657269478,1.4897353346358315,0.06025286763906479,3.452235019278789,0.05612722039222717
sac,10,50045,5,1326,46,2,1,1,0,1,0,-1.4946229753172102,10.468699242770244,-17.652719532546335,16.36026954650879,16.237171173095703,0.03000328503549099,1.719061604061654,0.30532047152519226,17.493574417337747,0.18266351521015167
sac,10,50045,5,1327,47,1,1,1,0,1,0,-12.383037342584737,-2.328069978598846,35.29669642295505,21.710529327392578,22.5518741607666,0.06120271980762482,3.5066575396986277,0.08463674038648605,4.849328015890094,0.10352109372615814
sac,10,50045,5,1328,48,2,1,1,0,1,0,11.263323450809526,-3.0551299553683635,-2.793670313940275,17.549694061279297,16.814777374267578,0.06835135072469711,3.9162439205436055,0.11722457408905029,6.716473350521209,0.12696364521980286
sac,10,50045,5,1329,49,2,1,1,0,1,0,1.4764000306116163,11.395173422547453,27.32820158624632,19.72528076171875,21.601194381713867,0.04774286597967148,2.735464722493896,0.0820823684334755,4.702973283676,0.08878405392169952
sac,10,50045,5,1330,50,1,1,1,0,1,0,7.597041828886763,3.270677065195626,44.1698224944753,12.984853744506836,15.802240371704102,0.020938223227858543,1.199671821459082,0.3137509226799011,17.976603687893753,0.17781367897987366
sac,10,50045,5,1331,51,2,1,1,0,1,0,10.9804853172793,-2.1114163781260418,-8.808280255540144,19.38680648803711,22.976768493652344,0.06381231546401978,3.6561763570457306,0.09804593771696091,5.617618429584394,0.11283528804779053
sac,10,50045,5,1332,52,2,1,1,0,1,0,4.2903969875218495,4.568016856526188,-3.205394117108644,13.834410667419434,14.077117919921875,0.04088032618165016,2.3422701553267142,0.13022597134113312,7.46139854083854,0.10599331557750702
sac,10,50045,5,1333,53,2,1,1,0,1,0,-16.08505451424501,1.7208251802496926,-12.771702427115143,19.037519454956055,18.109785079956055,0.020219052210450172,1.1584663574134528,0.3569028377532959,20.449026299506237,0.19867047667503357
sac,10,50045,5,1334,54,2,1,1,0,1,0,-2.336484771656302,7.9843408755831655,-2.8340503923133906,17.120264053344727,17.618417739868164,0.007737451698631048,0.4433233265178888,0.13968858122825623,8.003566150549458,0.0775817409157753
sac,10,50045,5,1335,55,1,1,1,0,1,0,-8.781396630966974,-3.5339535369429376,1.793962845882189,11.901647567749023,12.679938316345215,0.06451741605997086,3.6965756453258867,0.15027563273906708,8.610159519606523,0.1396552324295044
sac,10,50045,5,1336,56,2,1,1,0,1,0,-15.894027783538093,-0.3368239487300088,6.2775995454020395,12.217769622802734,15.445743560791016,0.036064263433218,2.066330085971376,0.2524406909942627,14.463786171337421,0.16228461265563965
sac,10,50045,5,1337,57,1,1,1,0,1,0,-17.58540118808669,23.03799584402123,66.9609206603789,12.133475303649902,15.227660179138184,0.1446557492017746,8.288163911564611,0.5812383890151978,33.30250658155394,0.43527495861053467
sac,10,50045,5,1338,58,2,1,1,0,1,0,9.354012370224163,9.562961517313193,-11.360803910643948,17.85736656188965,19.31072425842285,0.04330935701727867,2.4814433705153633,0.1597769409418106,9.154544379476757,0.12319782376289368
sac,10,50045,5,1339,59,2,1,1,0,1,0,-16.259470224890453,2.1386415121577125,-21.648106989436993,21.456117630004883,21.684078216552734,0.006338771898299456,0.3631848770686879,0.41169601678848267,23.588444204327143,0.2121867835521698
sac,10,50045,5,1340,60,2,1,1,0,1,0,-1.3253435669276141,2.286296541635048,10.982780260840423,13.41796588897705,15.534582138061523,0.03846491500735283,2.2038772892507392,0.12985000014305115,7.439856977969967,0.1033899188041687
sac,10,50045,5,1341,61,2,1,1,0,1,0,-9.65784650526301,1.1153289103280621,-6.841021850036391,17.18706703186035,17.77411651611328,0.026314161717891693,1.507690407859914,0.1699042022228241,9.73479370890508,0.11126626282930374
sac,10,50045,5,1342,62,2,1,1,0,1,0,-4.102662407994879,4.169789507157764,4.063566405185726,12.90178394317627,15.303692817687988,0.034075722098350525,1.9523950600961586,0.09615243971347809,5.509128985468381,0.08215194195508957
sac,10,50045,5,1343,63,2,1,1,0,1,0,2.5723448640751823,7.048263449832918,2.645468869329339,18.77518653869629,18.897050857543945,0.028269294649362564,1.6197112732202352,0.16722549498081207,9.581315089386663,0.1118820458650589
sac,10,50045,5,1344,64,2,1,1,0,1,0,-0.22092929889323246,1.0473138865730751,-9.682763035355217,15.461654663085938,18.01261329650879,0.05831563472747803,3.3412397495110278,0.09701134264469147,5.558340498438323,0.10682130604982376
sac,10,50045,5,1345,65,2,1,1,0,1,0,-1.5756563396302414,-1.1931111045961673,-0.6639080477035795,15.988187789916992,18.135522842407227,0.03712070733308792,2.126859862726264,0.09023239463567734,5.169935387983201,0.08223690092563629
sac,10,50045,5,1346,66,1,1,1,0,1,0,5.955050692037357,4.828342686552054,-7.307496449591582,11.325884819030762,12.190482139587402,0.019247103482484818,1.1027777973979291,0.5881210565567017,33.6968543834738,0.31330764293670654
sac,10,50045,5,1347,67,1,1,1,0,1,0,-7.128436210310528,8.230787761215566,3.100386788808868,12.59026050567627,12.427399635314941,0.01854240894317627,1.0624017744496332,0.021986637264490128,1.2597415209403457,0.029535727575421333
sac,10,50045,5,1348,68,1,1,1,0,1,0,25.570001610858316,4.377399937169472,62.88665817895294,20.495080947875977,21.751449584960938,0.0687122642993927,3.9369227451426423,0.4161457419395447,23.84339467547621,0.27678513526916504
sac,10,50045,5,1349,69,1,1,1,0,1,0,-14.367343900256841,3.2222100428452154,-21.824872285156925,13.588325500488281,13.214452743530273,0.02763831615447998,1.5835588684999462,0.029496995732188225,1.6900533637697868,0.04238681495189667
sac,10,50045,5,1350,70,1,1,1,0,1,0,-21.58204539978463,50.92880011220149,72.73267639584981,12.094470024108887,13.758216857910156,0.36824601888656616,21.098942704695045,0.7503631711006165,42.992642806118184,0.7434276342391968
sac,10,50045,5,1351,71,1,1,1,0,1,0,-1.111476683636175,0.9594639934683712,-17.11433670140925,15.216997146606445,14.345284461975098,0.03605913743376732,2.0660363878370656,0.07578384876251221,4.342094689349676,0.07395106554031372
sac,10,50045,5,1352,72,2,1,1,0,1,0,-11.584943398447088,3.763092723218525,16.668325348607418,20.950185775756836,21.280288696289062,0.016722578555345535,0.9581331737972765,0.2755511403083801,15.787917379687359,0.1544981449842453
sac,10,50045,5,1353,73,2,1,1,0,1,0,-5.061019910817708,5.734408261089265,6.916358836581632,12.783297538757324,13.610212326049805,0.02757382020354271,1.5798635227155577,0.15296019613742828,8.763973672167918,0.10405391454696655
sac,10,50045,5,1354,74,2,1,1,0,1,0,-15.343459894921704,5.799322378961066,3.7664804970468513,14.374227523803711,14.428613662719727,0.0221055019646883,1.266551966594789,0.3390411138534546,19.425624905217376,0.19162605702877045
sac,10,50045,5,1355,75,1,1,1,0,1,0,-1.9957949358560658,13.495265347029614,-34.78261540488487,12.699873924255371,15.049674034118652,0.04279288277029991,2.451851575936283,0.6611608862876892,37.881728363413536,0.3733733296394348
sac,10,50045,5,1356,76,2,1,1,0,1,0,-16.11882296950155,2.329613601351269,28.99504095129623,16.933847427368164,17.671398162841797,0.050239019095897675,2.8784837610720855,0.029131537303328514,1.6691141382086434,0.06480478495359421
sac,10,50045,5,1357,77,2,1,1,0,1,0,1.4401317261188484,-1.2074818226098742,20.36037044407947,16.011959075927734,16.07506561279297,0.021426597610116005,1.2276536123847432,0.13517503440380096,7.744958966873497,0.08901411294937134
sac,10,50045,5,1358,78,2,1,1,0,1,0,-12.800717070709357,4.835883215395748,25.47029450935447,22.928468704223633,22.156991958618164,0.04242865368723869,2.4309827867009557,0.11335451900959015,6.494735527984976,0.09910590946674347
sac,10,50045,5,1359,79,2,1,1,0,1,0,-13.291834992789953,6.0606727373624345,-8.19039402246411,16.12920570373535,17.227354049682617,0.05018847808241844,2.8755879743074115,0.2980028986930847,17.07430837777839,0.1991899311542511
sac,10,50045,5,1360,80,2,1,1,0,1,0,0.8148962094958813,8.103609638869928,11.455757200485467,16.279577255249023,16.434343338012695,0.05752011016011238,3.2956595493020053,0.13693998754024506,7.846083332630121,0.1259901076555252
sac,10,50045,5,1361,81,1,1,1,0,1,0,15.34669740458829,-0.2764997179804562,31.691572314860583,11.815169334411621,13.270183563232422,0.01805536076426506,1.0344959693784885,0.6718488931655884,38.49410604892395,0.35397979617118835
sac,10,50045,5,1362,82,2,1,1,0,1,0,0.08048694917943025,6.904515288560829,-2.0920186408832055,19.884069442749023,21.05588722229004,0.018056539818644524,1.034563524218248,0.17504630982875824,10.029414772527227,0.10557969659566879
sac,10,50045,5,1363,83,1,1,1,0,1,0,-10.921540784742088,19.661423525933724,39.16695481425108,18.419328689575195,21.80210304260254,0.09829755127429962,5.6320348244881755,0.3344535827636719,19.162778735387775,0.26552432775497437
sac,10,50045,5,1364,84,2,1,1,0,1,0,-4.780982154847186,8.710007493762001,2.664388493330274,16.945383071899414,17.637258529663086,0.029849864542484283,1.7102712573215535,0.2495376169681549,14.297452282027393,0.15461868047714233
sac,10,50045,5,1365,85,2,1,1,0,1,0,-13.789400613447043,3.5939362582339895,-2.9838774219467905,17.201011657714844,16.834341049194336,0.03527062013745308,2.020857674685193,0.21967008709907532,12.586168876048209,0.14510565996170044
sac,10,50045,5,1366,86,2,1,1,0,1,0,-1.008586713979103,1.3433206248230878,2.060312902756006,21.496858596801758,22.390464782714844,0.04321848601102829,2.4762368453771098,0.21142518520355225,12.113770794935325,0.148931086063385
sac,10,50045,5,1367,87,1,1,1,0,1,0,-1.2510857502712356,-1.890391456584429,-38.11990047486646,14.083539009094238,12.947822570800781,0.05015069991350174,2.8734234446707525,0.28245607018470764,16.183540719434713,0.19137874245643616
sac,10,50045,5,1368,88,1,1,1,0,1,0,3.5599492369240058,1.172033140817508,-36.868227328326604,16.735275268554688,18.528902053833008,0.05012694373726845,2.872062316035216,0.11590518057346344,6.640877670561154,0.10807953774929047
sac,10,50045,5,1369,89,2,1,1,0,1,0,-3.8687967308136426,2.590376563484016,9.880428709935385,19.773780822753906,20.17186737060547,0.004582338500767946,0.26254865639430847,0.15852081775665283,9.082573822418686,0.08384274691343307
sac,10,50045,5,1370,90,2,1,1,0,1,0,-0.4866509783634085,-3.865791447578837,-1.7776660145225387,23.877830505371094,23.291748046875,0.056947801262140274,3.26286866487042,0.2554648518562317,14.63705782529689,0.18468022346496582
sac,10,50045,5,1371,91,2,1,1,0,1,0,-9.393163014546676,5.702470296530286,18.027792540628415,17.093799591064453,20.465253829956055,0.004001051653176546,0.2292433733408569,0.20114465057849884,11.524739549781657,0.10457337647676468
sac,10,50045,5,1372,92,1,1,1,0,1,0,14.898882881845575,13.197988193593979,46.486499717538564,19.252361297607422,21.34228515625,0.06653038412332535,3.8119102196507217,0.16678182780742645,9.555894832843169,0.14992129802703857
sac,10,50045,5,1373,93,2,1,1,0,1,0,0.5449534731186374,9.583861896173431,17.58180850858326,15.33726978302002,14.763504028320312,0.04539395868778229,2.6008822482011418,0.2866680324077606,16.42486837828419,0.1887279748916626
sac,10,50045,5,1374,94,2,1,1,0,1,0,-9.124053561248173,-0.41665519974911785,12.757113143047995,17.956254959106445,18.418781280517578,0.03793513402342796,2.1735230748055563,0.0877133160829544,5.0256028186502535,0.08179178833961487
sac,10,50045,5,1375,95,2,1,1,0,1,0,-11.287638924254772,1.4702801811152848,10.800318587352702,14.744614601135254,18.636892318725586,0.012442191131412983,0.7128850397250666,0.17521420121192932,10.039034240199545,0.10004929453134537
sac,10,50045,5,1376,96,2,1,1,0,1,0,4.615131501420936,5.418088540247635,11.583017285101144,13.04826831817627,14.63512134552002,0.0628439411520958,3.600692595983601,0.06680140644311905,3.827438654728746,0.09624464809894562
sac,10,50045,5,1377,97,2,1,1,0,1,0,-7.0769092632119515,2.6179432069741875,14.633748598644019,17.71683120727539,17.265113830566406,0.010718829929828644,0.6141437162976896,0.1350163370370865,7.735866277540918,0.07822699844837189
sac,10,50045,5,1378,98,1,1,1,0,1,0,-14.922938808102359,3.2496674033086665,38.16075866648148,20.71320152282715,20.459821701049805,0.06147660315036774,3.522349899316732,0.31488272547721863,18.041451211421148,0.21891796588897705
sac,10,50045,5,1379,99,2,1,1,0,1,0,8.990318457299324,1.427045083669104,2.4641683280005204,15.658885955810547,18.756010055541992,0.025894703343510628,1.4836572133264605,0.24027687311172485,13.766850743902246,0.1460331380367279
sac,10,50045,5,1380,100,2,1,1,0,1,0,-14.566239008887614,4.357428464036355,31.43296769250556,17.41264533996582,20.60091209411621,0.035267893224954605,2.020701434107929,0.02867741324007511,1.6430947460088914,0.049606598913669586
sac,10,50045,5,1381,101,2,1,1,0,1,0,6.809698602502713,2.3884488508617587,-10.941758144685327,15.400199890136719,16.7703800201416,0.05172577500343323,2.963668599740015,0.07753225415945053,4.442270939472137,0.09049190580844879
sac,10,50045,5,1382,102,2,1,1,0,1,0,4.9038709183940545,2.3629859056359512,28.954879438976555,13.157898902893066,14.99134635925293,0.022906795144081116,1.3124626839266165,0.11100555956363678,6.36015006548446,0.0784095749258995
sac,10,50045,5,1383,103,2,1,1,0,1,0,17.73141697216322,1.0480652073817767,6.466181068386091,11.018644332885742,12.842226028442383,0.030194487422704697,1.7300166938818256,0.19408591091632843,11.12030355845769,0.1272374391555786
sac,10,50045,5,1384,104,2,1,1,0,1,0,1.082612304203701,7.09216790581776,14.967963415111083,22.582704544067383,23.178211212158203,0.044930726289749146,2.5743409868601184,0.06994766741991043,4.0077061299456,0.07990455627441406
sac,10,50045,5,1385,105,2,1,1,0,1,0,15.762000226881746,-4.056982102825834,-10.488943923470162,18.651416778564453,18.467985153198242,0.05065885931253433,2.9025388335552242,0.1649640053510666,9.451741278189644,0.13314086198806763
sac,10,50045,5,1386,106,2,1,1,0,1,0,0.10097751668946851,-0.9542730496991615,3.1070940345738203,20.806081771850586,20.40471839904785,0.06767937541007996,3.8777425710790667,0.08317060768604279,4.765324799948577,0.10926467925310135
sac,10,50045,5,1387,107,2,1,1,0,1,0,7.749532632296467,12.894317983095211,1.0909041538560966,18.643587112426758,21.51569366455078,0.023624256253242493,1.3535701774463382,0.23058798909187317,13.211718581372997,0.13891825079917908
sac,10,50045,5,1388,108,1,1,1,0,1,0,23.221905517612992,2.8067706167683597,58.64948202544383,12.208670616149902,14.458932876586914,0.06822922080755234,3.9092463917389275,0.6942387819290161,39.77695217883575,0.415348619222641
sac,10,50045,5,1389,109,2,1,1,0,1,0,-16.041013454476765,1.8385230000273522,7.080378999310318,11.614334106445312,14.251809120178223,0.03561247140169144,2.0404443093472624,0.2647019624710083,15.166305278419083,0.167963445186615
sac,10,50045,5,1390,110,2,1,1,0,1,0,3.980443002986671,1.5568596590343664,-6.5936050775418495,14.53375244140625,13.046894073486328,0.03467278182506561,1.9866040625541674,0.04806547611951828,2.753948921935243,0.05870551988482475
sac,10,50045,5,1391,111,1,1,1,0,1,0,-3.7636664591088063,-0.3019626632062637,-28.12312632260908,15.211480140686035,16.331329345703125,0.02286236174404621,1.3099168376352,0.2461019903421402,14.10060537637398,0.14591336250305176
sac,10,50045,5,1392,112,2,1,1,0,1,0,8.724050362695547,-0.7237405048328911,5.128474859060754,16.844650268554688,17.385175704956055,0.03408950939774513,1.9531850141623528,0.13908010721206665,7.968703157478421,0.10362955927848816
sac,10,50045,5,1393,113,2,1,1,0,1,0,2.651984869797531,6.5404662057991505,-12.980760857230893,20.522382736206055,21.008790969848633,0.02806311845779419,1.6078982476072867,0.20033711194992065,11.478470994570344,0.12823167443275452
sac,10,50045,5,1394,114,2,1,1,0,1,0,-3.040322105247776,1.1023378905266978,13.27400819905622,17.17729949951172,18.270915985107422,0.03450995311141014,1.9772746644781647,0.12184732407331467,6.9813374143637255,0.09543361514806747
sac,10,50045,5,1395,115,1,1,1,0,1,0,-9.600691482288344,5.84397815575461,-52.82677307876464,16.52861785888672,17.318584442138672,0.015175524167716503,0.8694934867089369,0.23793774843215942,13.632828772008256,0.1341443955898285
sac,10,50045,5,1396,116,2,1,1,0,1,0,-7.896313397560041,8.926101018722864,22.800510166579887,14.508088111877441,15.274272918701172,0.057757310569286346,3.3092501316464498,0.10893198847770691,6.241343193740319,0.1122233048081398
sac,10,50045,5,1397,117,2,1,1,0,1,0,12.596753961714436,5.05677153315396,30.010676420498786,21.315107345581055,22.720870971679688,0.016801469027996063,0.962653264923944,0.2514295279979706,14.40585079925008,0.14251622557640076
sac,10,50045,5,1398,118,2,1,1,0,1,0,-9.477037737554433,5.658634142437144,1.4204471209308718,9.572185516357422,12.714295387268066,0.04496514052152634,2.5763127770961365,0.26256582140922546,15.043913411134332,0.17624804377555847
sac,10,50045,5,1399,119,1,1,1,0,1,0,9.107620126105122,8.973639135346152,49.879491810390775,13.204157829284668,13.980358123779297,0.03339327126741409,1.9132935077583049,0.288692444562912,16.540858650769348,0.17773950099945068
sac,10,50045,5,1400,120,2,1,1,0,1,0,-5.413403030477006,9.194349868185945,-2.5390408616822002,20.251766204833984,19.81583023071289,0.051254890859127045,2.9366889256316417,0.09612289816141129,5.507436379214687,0.09931634366512299
sac,10,50045,5,1401,121,2,1,1,0,1,0,-11.167646160915988,5.449684995348114,-14.59126482200654,21.73865509033203,23.097002029418945,0.026613634079694748,1.524848910272044,0.27218911051750183,15.595287262072782,0.16270819306373596
sac,10,50045,5,1402,122,2,1,1,0,1,0,1.7343216340496377,1.994811388615584,-0.07339721282095703,15.109334945678711,16.010963439941406,0.021479127928614616,1.2306633779311917,0.10237329453229904,5.865557711550442,0.07266577333211899
sac,10,50045,5,1403,123,2,1,1,0,1,0,16.286422151355325,-0.08585547786706028,-9.50878445681665,15.226367950439453,18.458078384399414,0.04654950276017189,2.6670900465904257,0.2643119990825653,15.143962022096678,0.17870549857616425
sac,10,50045,5,1404,124,2,1,1,0,1,0,6.688435423978306,4.350775859784762,10.057426232087096,10.275644302368164,12.386641502380371,0.03305298835039139,1.8937967327725036,0.11019503325223923,6.3137103286570735,0.0881505012512207
sac,10,50045,5,1405,125,2,1,1,0,1,0,-10.312178627750232,8.676402963045538,19.390265015884218,15.243318557739258,16.260196685791016,0.03200039640069008,1.8334876565051719,0.0879179909825325,5.037329826568342,0.07595939189195633
sac,10,50045,5,1406,126,1,1,1,0,1,0,-15.124074218780894,25.410284467306738,63.50476297808241,14.809697151184082,17.89358901977539,0.17157123982906342,9.830307928032186,0.6130397915840149,35.12459273134366,0.47809112071990967
sac,10,50045,5,1407,127,2,1,1,0,1,0,4.093701199803823,1.908559759776663,5.534379341056272,14.724300384521484,14.860474586486816,0.036612674593925476,2.097751730917785,0.19163751602172852,10.980020864415739,0.13243143260478973
sac,10,50045,5,1408,128,2,1,1,0,1,0,6.999605182185747,4.444909526925878,0.23262258275229428,15.314798355102539,15.780964851379395,0.02235575020313263,1.2808901344882324,0.19660310447216034,11.264528125424388,0.1206573024392128
sac,10,50045,5,1409,129,2,1,1,0,1,0,-5.1822694289637745,4.182602942040709,-16.055548097030552,15.276848793029785,17.381994247436523,0.03088369593024254,1.7695054325682544,0.08697913587093353,4.983537391099437,0.074373260140419
sac,10,50045,5,1410,130,2,1,1,0,1,0,-6.340724153711297,-0.11262981941351026,-21.663078764097662,21.66179084777832,20.70096778869629,0.024736739695072174,1.4173107834413665,0.06900167465209961,3.9535047369001406,0.05923757702112198
sac,10,50045,5,1411,131,2,1,1,0,1,0,-4.441494432340872,7.96498411947535,-2.174144835463439,18.68613052368164,17.72234535217285,0.019553372636437416,1.1203257273144553,0.06167849525809288,3.5339174650063834,0.050392620265483856
sac,10,50045,5,1412,132,2,1,1,0,1,0,-11.385993648302955,6.2721217336876895,-6.266193129488118,19.462278366088867,21.11896514892578,0.04160916805267334,2.3840297184687604,0.2267143577337265,12.989775853161664,0.1549663543701172
sac,10,50045,5,1413,133,1,1,1,0,1,0,6.515795562517064,18.074975487414864,60.94939796428388,15.711414337158203,15.707232475280762,0.0838768407702446,4.805788975025848,0.6490445137023926,37.18751135126802,0.4083991050720215
sac,10,50045,5,1414,134,2,1,1,0,1,0,1.303282055908473,1.4183844038015279,16.79732030127228,14.275440216064453,15.92070198059082,0.011809147894382477,0.6766143339939188,0.10429506748914719,5.975667191160218,0.06395667791366577
sac,10,50045,5,1415,135,2,1,1,0,1,0,0.0402298142113751,10.914847199355476,34.2405169508393,18.12639808654785,18.97428321838379,0.0451052226126194,2.584338889701136,0.11663252115249634,6.68255121600834,0.10342147946357727
sac,10,50045,5,1416,136,2,1,1,0,1,0,-3.3656576757938232,4.754289775570776,-0.9607207482756536,22.180482864379883,21.33647918701172,0.01860218122601509,1.06582647398816,0.11192706227302551,6.412948281542304,0.07456570863723755
sac,10,50045,5,1417,137,1,1,1,0,1,0,-14.490943003477392,0.9817577309192927,-16.633436742326992,10.961374282836914,12.827629089355469,0.02349086105823517,1.345927195765094,0.3517577648162842,20.154235334928487,0.19936974346637726
sac,10,50045,5,1418,138,2,1,1,0,1,0,0.27399986874423155,5.283438190950004,-15.658468219442693,18.83154296875,17.46236801147461,0.02801290899515152,1.605021457306242,0.25960636138916016,14.874348842346889,0.157816082239151
sac,10,50045,5,1419,139,2,1,1,0,1,0,-5.191121354128111,3.5130804788393784,-0.5168130937381848,13.356010437011719,14.546734809875488,0.02395852841436863,1.3727225614875829,0.19457797706127167,11.14849687180421,0.12124751508235931
sac,10,50045,5,1420,140,2,1,1,0,1,0,8.1419270001137,5.171122560238314,25.003929192826,23.641502380371094,22.79591178894043,0.0097067691385746,0.5561569043481623,0.1287594586610794,7.3773735536690435,0.0740865021944046
sac,10,50045,5,1421,141,2,1,1,0,1,0,2.316786506089985,-0.33502077878912545,-15.826326948484926,16.763439178466797,19.071779251098633,0.04220767691731453,2.4183217504138677,0.06181108579039574,3.54151434291073,0.07311321794986725
sac,10,50045,5,1422,142,2,1,1,0,1,0,2.5151761807221753,4.795953929507854,-5.8264928714793776,22.87900161743164,20.668418884277344,0.028231244534254074,1.6175311622145319,0.17648427188396454,10.111803929390506,0.11647337675094604
sac,10,50045,5,1423,143,1,1,1,0,1,0,5.375850650420276,14.32811129366429,47.243639847412815,11.125462532043457,12.926653861999512,0.08062899857759476,4.619701324862498,0.5896416902542114,33.78398027652648,0.3754498362541199
sac,10,50045,5,1424,144,2,1,1,0,1,0,-11.643300534715676,-2.7128008741673244,20.023942646321323,16.04970932006836,16.33811378479004,0.022935792803764343,1.314124127442222,0.32099419832229614,18.391612812052898,0.18343289196491241
sac,10,50045,5,1425,145,2,1,1,0,1,0,-0.07361577887439744,9.737582133633738,22.671774761103485,20.394105911254883,21.59674644470215,0.05386871099472046,3.086449787807457,0.08198010921478271,4.697114262028599,0.09485876560211182
sac,10,50045,5,1426,146,2,1,1,0,1,0,-4.92802246729922,7.762031878477591,9.686301073345282,19.346254348754883,20.03556251525879,0.010477632284164429,0.6003241091726382,0.11493077874183655,6.585048558059116,0.0679430216550827
sac,10,50045,5,1427,147,1,1,1,0,1,0,-0.8496345516145661,-6.709718293432066,-36.932868238631606,12.605552673339844,12.895284652709961,0.00819106213748455,0.4693132902072716,0.2566542625427246,14.705206037740693,0.136518195271492
sac,10,50045,5,1428,148,2,1,1,0,1,0,12.648417512596414,5.279189813286256,12.750679104849844,19.784090042114258,21.244140625,0.006257601082324982,0.35853413189371747,0.1912831813097,10.959718980881522,0.10189919173717499
sac,10,50045,5,1429,149,2,1,1,0,1,0,-12.152067665611586,0.3863291598342612,-9.305463385603712,21.8681697845459,21.81309700012207,0.022156862542033195,1.2694947109100068,0.2612142264842987,14.966472726324728,0.1527639776468277
sac,10,50045,5,1430,150,2,1,1,0,1,0,-0.1276562355875383,5.638457763628926,0.3929134621941535,20.547758102416992,19.19011688232422,0.022639121860265732,1.2971261344755876,0.12110287696123123,6.938683736770642,0.08319056034088135
sac,10,50045,5,1431,151,2,1,1,0,1,0,13.886826431768105,-2.428665004694794,-7.122917417461157,17.890304565429688,20.565658569335938,0.03825574368238449,2.1918926551348936,0.13182462751865387,7.552994792702997,0.10416805744171143
sac,10,50045,5,1432,152,2,1,1,0,1,0,-10.101317027693598,-1.5221622980507017,-2.7071181567778737,14.696126937866211,16.232988357543945,0.020658835768699646,1.1836640992003935,0.2639399766921997,15.122646709244362,0.1526288241147995
sac,10,50045,5,1433,153,2,1,1,0,1,0,1.0601819629693792,5.723971732037485,16.38521400751039,15.92072582244873,16.51017951965332,0.03474296256899834,1.9906251229846008,0.033747248351573944,1.9335749007250116,0.05161658674478531
sac,10,50045,5,1434,154,1,1,1,0,1,0,-5.5838299106471645,14.56957214120258,-38.16492508187519,14.148713111877441,16.728437423706055,0.04828684777021408,2.7666325832239567,0.3413221538066864,19.556318867438275,0.21894791722297668
sac,10,50045,5,1435,155,1,1,1,0,1,0,11.569056378437638,-0.5936937030358483,-10.998476035553113,10.909116744995117,14.061376571655273,0.04437611997127533,2.54256438552028,0.22705672681331635,13.00939215645794,0.1579044759273529
sac,10,50045,5,1436,156,2,1,1,0,1,0,-10.352012290989746,11.151800122041559,-18.589766845158724,19.26521873474121,18.972219467163086,0.020780306309461594,1.1906238485212248,0.08401044458150864,4.81344390953814,0.06278552860021591
sac,10,50045,5,1437,157,2,1,1,0,1,0,-9.690686054792431,-0.767617640061053,9.75420681407355,21.051389694213867,20.028398513793945,0.015539392828941345,0.8903416252941959,0.27922362089157104,15.99833501744794,0.15515120327472687
sac,10,50045,5,1438,158,2,1,1,0,1,0,5.598446515470991,6.284238489275292,-1.4879020691739178,21.25553321838379,21.842622756958008,0.031752582639455795,1.8192889738811848,0.14718717336654663,8.433203832363478,0.10534617304801941
sac,10,50045,5,1439,159,2,1,1,0,1,0,-9.803793987447841,0.939014407093353,-6.325369888457108,17.881702423095703,20.56727409362793,0.016741592437028885,0.9592225889698935,0.22940681874752045,13.144042505755571,0.1314450055360794
sac,10,50045,5,1440,160,2,1,1,0,1,0,-5.424495257689107,-2.55499618358335,-1.1172686840523458,11.676470756530762,14.920917510986328,0.027918169274926186,1.5995932711850802,0.20047147572040558,11.486169471538595,0.12815390527248383
sac,10,50045,5,1441,161,2,1,1,0,1,0,5.899343669166734,1.3067927731418596,7.44568483687928,17.49008560180664,17.14798355102539,0.030263880267739296,1.7339926110307136,0.0589778833091259,3.3791837982279755,0.059752821922302246
sac,10,50045,5,1442,162,1,1,1,0,1,0,11.252026317922326,13.170804040697329,-21.97896135283241,13.094040870666504,13.244723320007324,0.0518694706261158,2.971901752454231,0.747130274772644,42.80741149092203,0.4254346191883087
sac,10,50045,5,1443,163,2,1,1,0,1,0,-0.31294560739164423,1.7368761247992226,0.6776640486919852,13.355892181396484,14.614395141601562,0.014716241508722305,0.8431785287450232,0.13028447329998016,7.464750456173724,0.07985848188400269
sac,10,50045,5,1444,164,2,1,1,0,1,0,-0.7687651118416152,5.535963944943715,-5.095116215154412,12.864522933959961,14.623839378356934,0.047077447175979614,2.697339033433708,0.12202147394418716,6.9913154669674675,0.1080881804227829
sac,10,50045,5,1445,165,1,1,1,0,1,0,-12.46428927295121,5.215832978545217,-14.872887181864506,12.283886909484863,14.329160690307617,0.017990706488490105,1.0307915522491085,0.35128894448280334,20.12737390847012,0.19363518059253693
sac,10,50045,5,1446,166,2,1,1,0,1,0,-5.0996514607633,-1.5543461494198016,-4.787703060990478,17.895586013793945,16.770343780517578,0.01913706585764885,1.0964731059071842,0.15238910913467407,8.731252797175324,0.09533162415027618
sac,10,50045,5,1447,167,2,1,1,0,1,0,2.2351794058866727,5.67792259665326,-2.6382698499441455,18.242412567138672,19.72041893005371,0.041661445051431656,2.387024969863223,0.016154365614056587,0.925576970396705,0.049738626927137375
sac,10,50045,5,1448,168,2,1,1,0,1,0,-2.318890204354349,6.463640238014847,1.1230880052251966,22.0465145111084,22.410295486450195,0.025741366669535637,1.47487166906312,0.05594344809651375,3.205323467339417,0.05371309071779251
sac,10,50045,5,1449,169,2,1,1,0,1,0,9.102360880444213,5.723029165932024,5.119158481032857,16.877729415893555,17.67945098876953,0.025549214333295822,1.4638621511730001,0.18159611523151398,10.404690978737115,0.11634726822376251
sac,10,50045,5,1450,170,2,1,1,0,1,0,-12.05813890414557,5.529980699230784,-6.510386052694414,17.565221786499023,19.86393928527832,0.0289160143584013,1.6567655830760835,0.12770968675613403,7.317226054064265,0.09277085959911346
sac,10,50045,5,1451,171,2,1,1,0,1,0,-0.8564647407845789,-1.2197761631158972,-0.15672552069511259,22.396039962768555,19.665794372558594,0.01669973134994507,0.9568241253541613,0.32577356696128845,18.665450463804344,0.1795865148305893
sac,10,50045,5,1452,172,1,1,1,0,1,0,-2.2285677827701003,12.183937328278866,59.567568732920265,20.469762802124023,21.86981964111328,0.04696803167462349,2.691069986992694,0.053727470338344574,3.0783572943014614,0.07383176684379578
sac,10,50045,5,1453,173,1,1,1,0,1,0,6.048351076099731,4.662259806694024,2.8142018625853336,9.416747093200684,12.265708923339844,0.049991901963949203,2.8643249923660608,0.4201967418193817,24.075499871398872,0.26009026169776917
sac,10,50045,5,1454,174,2,1,1,0,1,0,10.615821517492318,7.93808683452384,27.18490421745945,21.09213638305664,21.523475646972656,0.030800729990005493,1.7647518343493371,0.13915522396564484,7.973007030429176,0.10037834197282791
sac,10,50045,5,1455,175,2,1,1,0,1,0,-12.088902076167308,9.3100669331043,10.03830170241106,12.829790115356445,12.314227104187012,0.04947991296648979,2.834990183654502,0.042419012635946274,2.4304303951518307,0.07068941742181778
sac,10,50045,5,1456,176,2,1,1,0,1,0,-8.834180332872831,3.3562183543608657,12.610714868377942,22.19487190246582,23.74397087097168,0.026731206104159355,1.5315852910626748,0.14526550471782684,8.323100329169227,0.09936396032571793
sac,10,50045,5,1457,177,1,1,1,0,1,0,-14.575965198265711,0.9573056536906471,-29.162790397311742,13.829834938049316,13.89083194732666,0.021153733134269714,1.2120196295397014,0.1936109960079193,11.093092938578007,0.11795923113822937
sac,10,50045,5,1458,178,2,1,1,0,1,0,-0.686748200288102,6.48714974913803,13.491713648661207,20.527389526367188,22.841190338134766,0.0379982553422451,2.1771396599710777,0.028469009324908257,1.631154081235828,0.052232760936021805
sac,10,50045,5,1459,179,2,1,1,0,1,0,-5.798625699665725,5.358720535981884,-2.0442619582064765,20.930883407592773,21.152021408081055,0.033562567085027695,1.9229934435967808,0.20925289392471313,11.989307672784767,0.13818901777267456
sac,10,50045,5,1460,180,2,1,1,0,1,0,-3.2306384962810113,1.1213667975543535,20.169616920939355,15.167899131774902,14.994112968444824,0.030698265880346298,1.7588810733142994,0.19148629903793335,10.971356769453577,0.12644141912460327
sac,10,50045,5,1461,181,2,1,1,0,1,0,-1.1615283098740283,3.9355823205180274,-1.1974277841516154,12.423604011535645,14.119111061096191,0.008936597034335136,0.5120292932765313,0.16915462911128998,9.691846333177686,0.09351391345262527
sac,10,50045,5,1462,182,2,1,1,0,1,0,-2.854103827716548,3.4392461339115408,1.3593169278592576,14.74152946472168,16.314191818237305,0.009546304121613503,0.5469629361167963,0.09600190073251724,5.500503737207124,0.05754725635051727
sac,10,50045,5,1463,183,2,1,1,0,1,0,2.032869202670895,12.291840656786727,32.526972752244845,24.535703659057617,22.766202926635742,0.05595500394701958,3.2059855688020846,0.15463104844093323,8.859706457348462,0.1332705318927765
sac,10,50045,5,1464,184,2,1,1,0,1,0,9.601565746502105,5.204207996577855,-1.6714975540638604,22.04365348815918,21.152873992919922,0.02701202593743801,1.5476750823131091,0.22868742048740387,13.102824021661837,0.1413557380437851
sac,10,50045,5,1465,185,2,1,1,0,1,0,12.484110481922587,1.1736723862183112,8.179055908441889,17.93194007873535,18.96142578125,0.035520438104867935,2.035171189864601,0.16716726124286652,9.577978541977112,0.11910407245159149
sac,10,50045,5,1466,186,2,1,1,0,1,0,10.318667307461743,2.032418410185674,-6.403616535588775,20.19290542602539,21.59452247619629,0.03947218507528305,2.2615896129729967,0.1477872133255005,8.467583589550738,0.1133657917380333
sac,10,50045,5,1467,187,2,1,1,0,1,0,-0.23114726189157153,11.04548139742114,-2.875577942467068,17.37891960144043,17.333093643188477,0.006203236524015665,0.35541927214750074,0.14143969118595123,8.103897360588714,0.07692307978868484
sac,10,50045,5,1468,188,1,1,1,0,1,0,12.942265911068702,10.510568302382422,0.7355430717186732,9.951098442077637,12.844064712524414,0.02479889616370201,1.4208720867632936,0.33462396264076233,19.172540783259016,0.19211088120937347
sac,10,50045,5,1469,189,2,1,1,0,1,0,0.7119789190821292,3.7390504573400802,10.51521283101803,16.457918167114258,14.356802940368652,0.007337395567446947,0.4204017986327078,0.110905721783638,6.354429782054574,0.06279025971889496
sac,10,50045,5,1470,190,2,1,1,0,1,0,-9.694510960727639,4.621456256592368,1.3206307364003054,15.052044868469238,16.328062057495117,0.021268026903271675,1.218568180128157,0.3155761659145355,18.08118242182311,0.1790561079978943
sac,10,50045,5,1471,191,2,1,1,0,1,0,-2.670836191906766,5.0107633789047545,-0.9420333507064986,16.78760528564453,15.076736450195312,0.020825562998652458,1.1932168658065967,0.1111890971660614,6.37066599548534,0.07642011344432831
sac,10,50045,5,1472,192,1,1,1,0,1,0,8.357856600534483,11.342990777288556,47.126652367308836,21.006027221679688,22.1131534576416,0.03128635138273239,1.7925758905938534,0.23398208618164062,13.406186019874307,0.1482774019241333
sac,10,50045,5,1473,193,2,1,1,0,1,0,-2.616140037033304,6.981286614831773,2.173653061843198,10.042707443237305,12.754629135131836,0.02345816232264042,1.3440536962201006,0.15717168152332306,9.005274010260713,0.1020440012216568
sac,10,50045,5,1474,194,5,1,1,0,1,0,0.887624063778177,-5.918345255437709,8.069595296803264,17.813968658447266,18.653656005859375,0.017719918861985207,1.015276564106013,0.11316440999507904,6.483843083806098,0.07430212199687958
sac,10,50045,5,1475,195,2,1,1,0,1,0,0.006051547604631297,2.1691451369909895,-1.04984105656598,22.901611328125,22.223344802856445,0.026996813714504242,1.546803486141992,0.20105808973312378,11.51977997867058,0.12752586603164673
sac,10,50045,5,1476,196,1,1,1,0,1,0,-3.8787414862451812,1.9424784791949463,-3.147528754460296,12.630818367004395,12.414003372192383,0.04751879349350929,2.7226263147317993,0.6569322347640991,37.63944447808026,0.37598490715026855
sac,10,50045,5,1477,197,2,1,1,0,1,0,17.43651672455875,1.9017022498499703,-5.028180361288287,14.215317726135254,15.900732040405273,0.04463580623269081,2.5574433122969182,0.26737725734710693,15.31958838377251,0.17832443118095398
sac,10,50045,5,1478,198,2,1,1,0,1,0,13.12905792449021,1.3930717227374607,-2.0051386346406432,23.078187942504883,23.781387329101562,0.06918838620185852,3.964202520687673,0.13550567626953125,7.763903350310174,0.13694122433662415
sac,10,50045,5,1479,199,2,1,1,0,1,0,-5.428538729677754,4.554520402726243,9.284904516201973,21.25421714782715,20.341537475585938,0.025524571537971497,1.4624502230055114,0.2354726791381836,13.491590705256147,0.1432609111070633
sac,10,50045,5,1480,200,2,1,1,0,1,0,-13.594166486211398,3.4883825148006125,13.735715326570743,21.351036071777344,22.36968231201172,0.029943641275167465,1.7156442683208264,0.20444487035274506,11.713828214311581,0.1321660727262497
sac,10,50045,5,1481,201,1,1,1,0,1,0,-6.109863759764866,25.794305023201535,-77.2704901558662,20.49617576599121,21.48006248474121,0.14260412752628326,8.170614648401399,0.49495741724967957,28.35897104710233,0.39008283615112305
sac,10,50045,5,1482,202,1,1,1,0,1,0,-8.159685491955733,3.656910602381507,-13.892509149157556,13.032855033874512,12.082103729248047,0.04895012453198433,2.804635542322496,0.07558044791221619,4.330440679078341,0.08674034476280212
sac,10,50045,5,1483,203,2,1,1,0,1,0,-9.215031680992743,-6.291328225633765,9.324710858684808,21.05205535888672,21.431861877441406,0.03194974735379219,1.8305856798815627,0.2196645736694336,12.585852979799096,0.1417820304632187
sac,10,50045,5,1484,204,2,1,1,0,1,0,1.9595402917416382,4.109041804679671,-2.4379540619660114,21.933879852294922,20.644500732421875,0.027614809572696686,1.5822120405729845,0.08366195112466812,4.793476705273254,0.06944578886032104
sac,10,50045,5,1485,205,1,1,1,0,1,0,15.317409553427275,4.69254486547386,-20.227755491154504,13.054555892944336,14.150708198547363,0.04208378866314888,2.4112234763189315,0.11065337806940079,6.339971552242126,0.09741047769784927
sac,10,50045,5,1486,206,2,1,1,0,1,0,-1.2129459739458843,-0.9370609729907293,14.196630152141543,21.676475524902344,20.991350173950195,0.029558364301919937,1.6935695238101682,0.14009912312030792,8.027088468277336,0.0996079295873642
sac,10,50045,5,1487,207,2,1,1,0,1,0,7.527278276704252,4.070328292464039,1.73548276620854,17.787269592285156,18.677919387817383,0.014040585607290268,0.8044662971898603,0.13280773162841797,7.609322509014445,0.08044445514678955
sac,10,50045,5,1488,208,2,1,1,0,1,0,-16.20898146654572,2.7397664610105346,15.79662928597371,17.35786247253418,18.44490623474121,0.050497300922870636,2.8932822196825643,0.2784932255744934,15.956486448403274,0.18974390625953674
sac,10,50045,5,1489,209,2,1,1,0,1,0,-5.842284268840447,4.550094440144075,-8.528078575029541,21.679780960083008,22.65953254699707,0.0372902937233448,2.1365764471508415,0.03848021849989891,2.2047541147854393,0.05653040111064911
sac,10,50045,5,1490,210,2,1,1,0,1,0,11.444063916626405,-1.1673203102901992,17.67024579795659,20.501659393310547,19.97624397277832,0.011027193628251553,0.6318116547723672,0.2238924503326416,12.828092468902769,0.12297341972589493
sac,10,50045,5,1491,211,2,1,1,0,1,0,6.4582990300838965,3.1209593185889464,4.036354931532395,18.825063705444336,20.801414489746094,0.05101205036044121,2.922775189962091,0.036154620349407196,2.0715071559188343,0.0690893605351448
sac,10,50045,5,1492,212,2,1,1,0,1,0,-4.846661253906028,3.206090796403985,-3.8462844273092807,17.389545440673828,18.79651641845703,0.062120694667100906,3.5592536248457223,0.04667452350258827,2.6742532074824763,0.08545795828104019
sac,10,50045,5,1493,213,2,1,1,0,1,0,4.413094505771959,2.1316610588259595,11.503404600135475,19.80466651916504,21.983457565307617,0.023657381534576416,1.3554681162619555,0.13395263254642487,7.674920499576894,0.09063369780778885
sac,10,50045,5,1494,214,2,1,1,0,1,0,2.2687566158464554,-0.2768275670606168,7.257649729028829,16.525196075439453,15.153243064880371,0.017138948664069176,0.9819894237425443,0.0956740453839302,5.481719009442297,0.06497596949338913
sac,10,50045,5,1495,215,2,1,1,0,1,0,-5.80146705836045,6.09556134364286,8.681361680382967,22.53445053100586,22.8464412689209,0.02195766381919384,1.2580814648069154,0.18050174415111542,10.341988134609105,0.1122085377573967
sac,10,50045,5,1496,216,2,1,1,0,1,0,7.6879516467396325,-3.2046291359216026,11.817989452927922,13.334427833557129,15.612215042114258,0.04491507634520531,2.5734443110881426,0.1273820847272873,7.298455840451424,0.10860611498355865
sac,10,50045,5,1497,217,1,1,1,0,1,0,-8.107721412750276,3.361177071698295,-23.564330221462413,18.949888229370117,20.754201889038086,0.014972591772675514,0.8578663169466066,0.44509151577949524,25.50186535124556,0.23751835525035858
sac,10,50045,5,1498,218,1,1,1,0,1,0,-17.04395843220144,2.6379556612423247,-52.80513503947404,20.113412857055664,19.977283477783203,0.040860988199710846,2.341162170577291,0.538959801197052,30.880121935800975,0.31034088134765625
sac,10,50045,5,1499,219,2,1,1,0,1,0,8.552626274906567,6.666264629932445,2.5247930870735535,12.095688819885254,14.21198844909668,0.009491754695773125,0.5438374842412808,0.242591992020607,13.899497286452124,0.13078774511814117
sac,10,50045,5,1500,220,2,1,1,0,1,0,4.216726567134092,8.27590799087267,3.141176678532184,11.93088436126709,14.037111282348633,0.025585448369383812,1.4659382085155666,0.17028871178627014,9.756824484072958,0.11072980612516403
sac,10,50045,5,1501,221,2,1,1,0,1,0,0.2653665096333354,3.8189636706292296,-9.420046639119846,19.097816467285156,20.616073608398438,0.019570887088775635,1.1213292315139183,0.10941672325134277,6.269116450452883,0.07427924871444702
sac,10,50045,5,1502,222,2,1,1,0,1,0,16.298306680511146,-5.440122730510096,-16.117456931667547,21.865283966064453,23.197956085205078,0.05926697701215744,3.395747647295491,0.2429402619600296,13.919451684112317,0.18073710799217224
sac,10,50045,5,1503,223,2,1,1,0,1,0,2.2583064264163357,-0.05334377741779958,15.130057464493825,12.884757041931152,13.717794418334961,0.060007285326719284,3.438164189258328,0.049245789647102356,2.8215759055680087,0.08463017642498016
sac,10,50045,5,1504,224,2,1,1,0,1,0,12.564870638668816,4.648886296299139,12.16570072319493,16.116514205932617,15.30351448059082,0.03218560665845871,1.8440994225978444,0.20303620398044586,11.633117576436833,0.13370370864868164
sac,10,50045,5,1505,225,2,1,1,0,1,0,11.574821058097129,-1.637565174267237,3.617937542977414,14.619935035705566,16.471927642822266,0.05484461039304733,3.142364704560943,0.1966886818408966,11.26943134747481,0.15318894386291504
sac,10,50045,5,1506,226,2,1,1,0,1,0,6.27815962091398,6.062557869573358,25.74467686869222,18.917795181274414,19.73670768737793,0.035785969346761703,2.050385009353981,0.02526950091123581,1.4478357526157997,0.04842071980237961
sac,10,50045,5,1507,227,2,1,1,0,1,0,4.659773617836139,-1.061588981938402,16.494688279527352,21.49056053161621,22.603214263916016,0.03693563863635063,2.1162562074832305,0.06905002146959305,3.956274805495404,0.07146064937114716
sac,10,50045,5,1508,228,2,1,1,0,1,0,-1.776354618201896,5.418156842139335,0.13355751903042934,15.787895202636719,16.753583908081055,0.032737355679273605,1.8757123128410138,0.08358321338891983,4.788965365326461,0.07452896237373352
sac,10,50045,5,1509,229,1,1,1,0,1,0,4.505520625620571,0.7513071483230626,-24.406956998988544,16.445411682128906,18.206192016601562,0.07096907496452332,4.066228471414739,0.19289635121822357,11.052146808277426,0.1674172580242157
sac,10,50045,5,1510,230,2,1,1,0,1,0,-16.10335942122064,-1.0141601483418332,-8.927562679205247,13.949380874633789,17.416297912597656,0.02498425543308258,1.4314923905924286,0.3172304928302765,18.175968372029963,0.18359950184822083
sac,10,50045,5,1511,231,1,1,1,0,1,0,-10.432280674115736,18.72277794905555,48.32451728356733,13.754317283630371,15.152511596679688,0.10182648152112961,5.834227633827593,0.5167167782783508,29.605690598946634,0.3601848781108856
sac,10,50045,5,1512,232,1,1,1,0,1,0,10.131766011013514,-3.021743990705341,39.00535253848858,19.922548294067383,20.305438995361328,0.04898936673998833,2.8068839552198996,0.10361234843730927,5.936550270896731,0.10079553723335266
sac,10,50045,5,1513,233,2,1,1,0,1,0,18.577267598977603,1.2963289233334,1.736097483233841,21.1568603515625,23.469650268554688,0.022144868969917297,1.2688075298464798,0.2228187471628189,12.766573808822109,0.13355425000190735
sac,10,50045,5,1514,234,1,1,1,0,1,0,-18.487150083068453,6.847278303316123,31.242473716553906,9.542851448059082,12.324507713317871,0.038975320756435394,2.2331213845123834,0.26754412055015564,15.329148941063234,0.17274737358093262
sac,10,50045,5,1515,235,2,1,1,0,1,0,-11.16862970815647,-1.0005544115151679,-6.36389215537598,16.671875,16.758079528808594,0.008284123614430428,0.4746453200715244,0.35990893840789795,20.621263179806448,0.18823859095573425
sac,10,50045,5,1516,236,1,1,1,0,1,0,22.469355274860987,15.295074834841333,-58.04924500118311,21.449329376220703,23.255176544189453,0.10770591348409653,6.171094271239915,0.3539106249809265,20.27758513624433,0.2846612334251404
sac,10,50045,5,1517,237,1,1,1,0,1,0,19.96945139712296,-1.2929411495050738,-14.400565940379783,9.488807678222656,13.433955192565918,0.043252453207969666,2.47818302240374,0.14502540230751038,8.309343474407175,0.11576515436172485
sac,10,50045,5,1518,238,1,1,1,0,1,0,-0.3747998005152797,10.056128496144794,38.791089504225276,11.063952445983887,12.624539375305176,0.03475004434585571,1.991030878909982,0.2647188901901245,15.167275165281225,0.16710948944091797
sac,10,50045,5,1519,239,2,1,1,0,1,0,11.971163275254629,1.177442650640158,-10.545989663418109,15.005255699157715,14.704306602478027,0.04542529210448265,2.602677520735797,0.1814728081226349,10.397626001814384,0.1361616998910904
sac,10,50045,5,1520,240,1,1,1,0,1,0,12.015655127508092,2.6270956604620044,-43.450289386171136,13.389065742492676,13.877573013305664,0.09493754804134369,5.439520820089489,0.09935342520475388,5.692531944401094,0.14461426436901093
sac,10,50045,5,1521,241,1,1,1,0,1,0,-25.091997651984144,3.4165835662454382,-74.1641201213444,17.087066650390625,16.51616096496582,0.1031029224395752,5.907362311252328,0.9191958904266357,52.6660450672159,0.5627008676528931
sac,10,50045,5,1522,242,2,1,1,0,1,0,-11.869243192459699,-5.951621937074011,23.01784678596969,18.1626033782959,19.411766052246094,0.03488269820809364,1.9986313853523252,0.10006400942802429,5.733245421383071,0.08491469919681549
sac,10,50045,5,1523,243,2,1,1,0,1,0,0.1527640109765052,7.334147847732972,-3.1141427897972735,14.412053108215332,14.124427795410156,0.018326371908187866,1.0500237641262777,0.0960325226187706,5.502258242050171,0.06634263694286346
sac,10,50045,5,1524,244,2,1,1,0,1,0,-3.143867773065169,2.2120523853570098,-15.35755740536861,19.335037231445312,20.4838809967041,0.030228951945900917,1.7319913656038999,0.07650498300790787,4.383412638073199,0.0684814453125
sac,10,50045,5,1525,245,2,1,1,0,1,0,-4.747432265644083,11.938064178536747,-1.8075002808171543,17.682302474975586,17.91766357421875,0.030048750340938568,1.7216665741780734,0.37374693155288696,21.414121783945284,0.21692222356796265
sac,10,50045,5,1526,246,2,1,1,0,1,0,-7.764845916415636,4.5817728575145935,6.804207130410022,13.662886619567871,14.76906681060791,0.032861873507499695,1.8828466588725037,0.07552437484264374,4.327227928847497,0.07062406092882156
sac,10,50045,5,1527,247,2,1,1,0,1,0,5.524093076166233,-1.306382961791659,-18.697301343451404,19.251441955566406,18.88144302368164,0.03105269744992256,1.7791885063772168,0.11572837829589844,6.630747646248379,0.08891688287258148
sac,10,50045,5,1528,248,2,1,1,0,1,0,8.7428060621564,4.068279235713035,3.9860437581060815,16.762636184692383,18.427974700927734,0.051546938717365265,2.9534220353245266,0.061259206384420395,3.509893982148156,0.08217654377222061
sac,10,50045,5,1529,249,2,1,1,0,1,0,-12.085295736285541,4.512624022357384,22.426693913305087,19.118572235107422,17.468889236450195,0.040668074041604996,2.3301090035095067,0.17300540208816528,9.912479372615671,0.12717077136039734
sac,10,50045,5,1530,250,2,1,1,0,1,0,0.19994695776295326,3.958026322130689,-7.747196707600323,19.76145362854004,20.70539665222168,0.02432800456881523,1.393891985768097,0.1756136119365692,10.06191878901367,0.11213481426239014
sac,10,50045,5,1531,251,2,1,1,0,1,0,6.660295044597854,6.943023895101361,2.109476604401758,17.063867568969727,19.053375244140625,0.027056002989411354,1.550194781786609,0.09347330778837204,5.3556260334010455,0.07379265874624252
sac,10,50045,5,1532,252,2,1,1,0,1,0,-7.738126216382546,3.3155787287992897,10.560742872025335,18.047161102294922,18.712242126464844,0.030979208648204803,1.7749779081973156,0.08341974020004272,4.779599041540258,0.07268907874822617
sac,10,50045,5,1533,253,2,1,1,0,1,0,7.839786751989016,5.011514699713456,-9.905481843810993,16.914339065551758,16.023374557495117,0.04082370549440384,2.3390260289143696,0.10351282358169556,5.930847916713417,0.09258011728525162
sac,10,50045,5,1534,254,2,1,1,0,1,0,-6.207562785652729,5.597285383312089,20.14136725853218,20.514677047729492,20.7460880279541,0.020794473588466644,1.1914355738153986,0.06508218497037888,3.7289345202924684,0.05333556607365608
sac,10,50045,5,1535,255,1,1,1,0,1,0,-9.524630495691081,5.439385070079735,-12.541989504949274,12.278722763061523,13.905317306518555,0.027469318360090256,1.5738760081343954,0.26216214895248413,15.020784683057377,0.15855039656162262
sac,10,60052,6,1536,0,2,1,1,0,1,0,-4.508375644693636,1.2305951827611974,-14.96047752778075,18.112262725830078,18.55582046508789,0.03176813945174217,1.8201803135678714,0.13905379176139832,7.967195393219141,0.10129503905773163
sac,10,60052,6,1537,1,1,1,1,0,1,0,13.281917558115095,9.33634950103051,46.23799011477682,13.039892196655273,14.094099044799805,0.0586133748292923,3.3582990007367806,0.5905624628067017,33.83673665767566,0.35389459133148193
sac,10,60052,6,1538,2,1,1,1,0,1,0,5.068615081174762,7.222597198208324,0.7133176361594517,12.953667640686035,12.122384071350098,0.06395880877971649,3.66456980576203,0.2868811786174774,16.437080756520174,0.2073993980884552
sac,10,60052,6,1539,3,1,1,1,0,1,0,-3.095072901634598,1.2951404704178178,-12.774598427323228,11.61161994934082,13.417726516723633,0.03285693749785423,1.882563846352183,0.3304859697818756,18.93545125678953,0.19809992611408234
sac,10,60052,6,1540,4,2,1,1,0,1,0,7.42966121308643,3.0551572761250436,4.100012294596914,17.48003578186035,18.132715225219727,0.011880356818437576,0.6806943048059436,0.1433156132698059,8.211379778688974,0.08353815972805023
sac,10,60052,6,1541,5,2,1,1,0,1,0,8.944897699318739,1.9596495747683584,20.701060279879705,22.41172981262207,20.998220443725586,0.021975262090563774,1.2590897714831386,0.22245091199874878,12.745498406364389,0.1332007199525833
sac,10,60052,6,1542,6,2,1,1,0,1,0,3.1696995485061574,-1.014597280448714,21.582892343241713,14.752359390258789,16.25541877746582,0.04968615993857384,2.8468072646922704,0.09132629632949829,5.2326113382413535,0.09534931182861328
sac,10,60052,6,1543,7,2,1,1,0,1,0,-1.407633686047928,11.433408821521185,30.952272639098403,16.229162216186523,15.816610336303711,0.06881700456142426,3.9429239201021447,0.34953972697257996,20.027151127683936,0.24358686804771423
sac,10,60052,6,1544,8,2,1,1,0,1,0,-13.291834992789953,3.2855805379645937,22.158322120436946,16.637069702148438,17.787134170532227,0.0374552421271801,2.1460272945280234,0.16012965142726898,9.174753201683531,0.11752006411552429
sac,10,60052,6,1545,9,2,1,1,0,1,0,-8.064117485088914,0.41068561441452667,-22.495159729545296,22.692745208740234,23.313962936401367,0.029843769967556,1.7099220639002366,0.2138403058052063,12.252147012425198,0.13676393032073975
sac,10,60052,6,1546,10,1,1,1,0,1,0,15.543406852684658,16.585297569056742,62.124381746822834,11.914848327636719,14.865753173828125,0.08024878799915314,4.597916863391565,0.5839564204216003,33.45823830972482,0.3722270131111145
sac,10,60052,6,1547,11,2,1,1,0,1,0,-2.6877750610483977,-6.44957004832462,24.936474244582953,19.109094619750977,20.713769912719727,0.012307588942348957,0.705172902378476,0.05157828330993652,2.955217948189417,0.038096729665994644
sac,10,60052,6,1548,12,1,1,1,0,1,0,-3.0283556138219136,11.313607303479161,-38.34201822667528,12.54804515838623,12.07453727722168,0.02998722344636917,1.7181413427927006,0.7218801379203796,41.36068521715953,0.3909272849559784
sac,10,60052,6,1549,13,2,1,1,0,1,0,1.599466379076906,-0.493863658126942,0.544229473066616,21.509471893310547,23.328523635864258,0.032233428210020065,1.8468393956720774,0.21816301345825195,12.499819917013616,0.14131493866443634
sac,10,60052,6,1550,14,2,1,1,0,1,0,15.0522342890907,0.6030237414420857,2.3623985093673303,16.891176223754883,17.786012649536133,0.03301379457116127,1.8915510946394503,0.23600788414478302,13.522255693308566,0.15101774036884308
sac,10,60052,6,1551,15,2,1,1,0,1,0,1.3350151147923524,5.026322549834044,1.9731050474332834,16.161529541015625,18.92752456665039,0.010067095048725605,0.576802058249025,0.1364108771085739,7.81576753799902,0.07827253639698029
sac,10,60052,6,1552,16,2,1,1,0,1,0,-5.788134529100586,7.478961518515582,18.04744982505971,19.29593849182129,19.249670028686523,0.03779599815607071,2.165551176827093,0.06287870556116104,3.6026844499003063,0.06923535466194153
sac,10,60052,6,1553,17,2,1,1,0,1,0,-16.93303616008043,1.557119206222827,0.43203678575998655,13.464205741882324,13.968764305114746,0.03756531700491905,2.152334120452884,0.31676921248435974,18.1495389550366,0.19594992697238922
sac,10,60052,6,1554,18,2,1,1,0,1,0,-6.368044910391348,4.85316359399588,-2.9457376456214392,20.454607009887695,19.640560150146484,0.03938701003789902,2.2567094428110224,0.08783730864524841,5.032707069160713,0.08330566436052322
sac,10,60052,6,1555,19,2,1,1,0,1,0,13.22067808201676,3.9781343990472067,2.323316166936517,11.598577499389648,12.643357276916504,0.027437550947070122,1.5720558694422928,0.17541149258613586,10.050338203275915,0.1151432991027832
sac,10,60052,6,1556,20,2,1,1,0,1,0,15.420900579731308,1.5747274339031199,-6.217398258057547,14.276860237121582,18.123003005981445,0.034200213849544525,1.9595279120237676,0.26244622468948364,15.037061023849517,0.16542333364486694
sac,10,60052,6,1557,21,1,1,1,0,1,0,-2.6588697004809037,8.386338489373436,-2.3614013017485083,11.189271926879883,12.49662971496582,0.025529539212584496,1.4627348497948305,0.3873829245567322,22.19540663253553,0.21922099590301514
sac,10,60052,6,1558,22,2,1,1,0,1,0,0.019903171241417158,10.779800699085984,-2.8932817927957415,21.014606475830078,22.54765510559082,0.008279998786747456,0.47440898485407135,0.16899919509887695,9.682940620273637,0.09277959913015366
sac,10,60052,6,1559,23,2,1,1,0,1,0,-5.100416441950342,11.958418142263385,26.104764441735295,13.239544868469238,15.955411911010742,0.09071740508079529,5.197724439508221,0.3554242253303528,20.36430804813598,0.2684295177459717
sac,10,60052,6,1560,24,1,1,1,0,1,0,39.770074178341545,2.7700515197903712,79.11054311826763,21.728384017944336,22.84330177307129,0.17095573246479034,9.795041953800117,1.0426138639450073,59.737374065875954,0.6922626495361328
sac,10,60052,6,1561,25,2,1,1,0,1,0,-4.630772634620265,6.393384912212095,-4.524986664755107,15.98155403137207,17.326719284057617,0.04768712818622589,2.732271182170092,0.05025467649102211,2.8793808637308844,0.0728144645690918
sac,10,60052,6,1562,26,1,1,1,0,1,0,17.195028556263782,6.300603622526642,-23.007970332429853,19.118942260742188,19.26026153564453,0.04401867464184761,2.5220842767374085,0.18724828958511353,10.728536714270454,0.13764281570911407
sac,10,60052,6,1563,27,1,1,1,0,1,0,-3.8067239716365666,-1.1539877810303343,32.32825522853249,14.839609146118164,14.504849433898926,0.05233621969819069,2.9986445043757697,0.23395808041095734,13.404810590530197,0.16931526362895966
sac,10,60052,6,1564,28,2,1,1,0,1,0,8.154576510456563,10.63904416067036,0.5025243379945181,22.584320068359375,21.24167251586914,0.03292210400104523,1.8862976119506527,0.21199597418308258,12.146474594454991,0.13892009854316711
sac,10,60052,6,1565,29,2,1,1,0,1,0,-3.697277020376282,1.896743532512541,25.108349124857153,18.74137306213379,16.38256072998047,0.0314842090010643,1.803912297068782,0.11959616094827652,6.852355268303558,0.09128229320049286
sac,10,60052,6,1566,30,2,1,1,0,1,0,6.6489296098189525,-0.18262559802780093,-11.324521945772842,18.909093856811523,20.522262573242188,0.05980376526713371,3.426503348797824,0.03794652223587036,2.174175571314704,0.07877703011035919
sac,10,60052,6,1567,31,2,1,1,0,1,0,-10.496921584420736,0.5560866814657581,26.440727786629882,21.03423309326172,23.106386184692383,0.04335847124457359,2.484257408453409,0.11305126547813416,6.47736038051011,0.09988410770893097
sac,10,60052,6,1568,32,2,1,1,0,1,0,-10.727235563233567,4.007640816261661,16.330627135663647,18.51224136352539,17.99765396118164,0.041774995625019073,2.3935309384910717,0.14093902707099915,8.075211419848308,0.11224450916051865
sac,10,60052,6,1569,33,2,1,1,0,1,0,1.0264271680911763,2.002215313675878,-12.113600040206075,23.043241500854492,21.420059204101562,0.036699000746011734,2.102697855093932,0.09833908826112747,5.634414718527101,0.08586854487657547
sac,10,60052,6,1570,34,1,1,1,0,1,0,1.198793821985618,6.405392384772978,-14.689455621514643,12.830351829528809,13.199625015258789,0.041387517005205154,2.3713300489241798,0.43728989362716675,25.05486532856137,0.2600324749946594
sac,10,60052,6,1571,35,1,1,1,0,1,0,-6.850256265794249,8.637730431964926,-14.42531854593191,15.614334106445312,13.755071640014648,0.019586319103837013,1.1222134208463177,0.6229482293128967,35.69230439477678,0.3310604393482208
sac,10,60052,6,1572,36,2,1,1,0,1,0,-8.331095919366373,-2.7872226153637834,21.70511174824992,19.909425735473633,19.43584632873535,0.04086940735578537,2.3416445526874234,0.1551598310470581,8.890003468959346,0.11844932287931442
sac,10,60052,6,1573,37,2,1,1,0,1,0,-11.109780798267641,7.539886805912096,-3.897538166841056,17.275121688842773,16.004133224487305,0.0431126169860363,2.4701709970639034,0.11834368109703064,6.780593458901996,0.10228446125984192
sac,10,60052,6,1574,38,1,1,1,0,1,0,-4.801090231763703,-6.066642322697025,-56.63102452192166,21.013288497924805,18.314767837524414,0.04893802851438522,2.8039424915651514,0.21357835829257965,12.237138525497741,0.15572720766067505
sac,10,60052,6,1575,39,1,1,1,0,1,0,-6.64764553425499,-3.3803016013743306,-47.6106942134093,16.356910705566406,15.934699058532715,0.029444513842463493,1.6870463729876888,0.5001878142356873,28.658650719578517,0.27953842282295227
sac,10,60052,6,1576,40,2,1,1,0,1,0,-12.918742739567177,5.294024984163523,-5.021350172118274,16.893489837646484,16.152265548706055,0.023383677005767822,1.3397860019276062,0.29168277978897095,16.712192238551825,0.1692250669002533
sac,10,60052,6,1577,41,2,1,1,0,1,0,-2.2798761638152363,0.06388958949629928,-0.9929592411581137,14.34581184387207,15.005602836608887,0.024496663361787796,1.4035554227831954,0.14689086377620697,8.416226543407765,0.09794209897518158
sac,10,60052,6,1578,42,1,1,1,0,1,0,-15.805235324327926,1.1437834784103353,26.226888224095124,11.645899772644043,13.561531066894531,0.03748960420489311,2.14799609655628,0.39450445771217346,22.6034404260048,0.23474183678627014
sac,10,60052,6,1579,43,2,1,1,0,1,0,-13.125178377041642,6.0959165134797,4.235495926973287,17.60132598876953,19.88005256652832,0.019828444346785545,1.1360861753808482,0.21405883133411407,12.264667602947478,0.12685786187648773
sac,10,60052,6,1580,44,2,1,1,0,1,0,-8.11558979067413,-2.4787712724460076,-15.931402578676401,17.61370086669922,18.487991333007812,0.012760384939610958,0.7311162020020058,0.22979946434497833,13.1665394413343,0.1276601105928421
sac,10,60052,6,1581,45,1,1,1,0,1,0,-16.12417783781084,-1.6906220837398962,-52.745138657804645,20.18143081665039,22.961345672607422,0.039635978639125824,2.270974292892594,0.44005176424980164,25.213108858799515,0.25966185331344604
sac,10,60052,6,1582,46,2,1,1,0,1,0,10.490596829249304,-0.582765400363828,7.899113775119747,15.023823738098145,15.804519653320312,0.03849540278315544,2.20562411013097,0.13229578733444214,7.579990261623826,0.10464330017566681
sac,10,60052,6,1583,47,2,1,1,0,1,0,14.614692370859684,2.667093248241599,-12.633459398314084,16.08603858947754,17.576982498168945,0.0426415279507637,2.443179583567894,0.24010811746120453,13.757181757358447,0.16269558668136597
sac,10,60052,6,1584,48,2,1,1,0,1,0,16.120407573388995,2.375211944250274,7.521978049908323,21.08802604675293,23.150266647338867,0.03876205533742905,2.2209021760872303,0.23314377665519714,13.358154422083485,0.15533393621444702
sac,10,60052,6,1585,49,1,1,1,0,1,0,1.1166266462703647,-3.1146345634175145,36.764271849159016,21.79043197631836,23.526697158813477,0.0631316602230072,3.6171776844322503,0.23032203316688538,13.196480429334699,0.1782926768064499
sac,10,60052,6,1586,50,1,1,1,0,1,0,-13.376474696984753,1.4944727111554699,-59.50074216208086,16.104970932006836,16.576255798339844,0.02561730146408081,1.4677632564061351,0.33197230100631714,19.020611762908544,0.19160345196723938
sac,10,60052,6,1587,51,1,1,1,0,1,0,15.018807343292657,-1.0720801525035415,-3.5077256105300885,9.991954803466797,12.284433364868164,0.06480081379413605,3.7128131394171224,0.22476224601268768,12.87792809040812,0.1771819293498993
sac,10,60052,6,1588,52,2,1,1,0,1,0,-5.82774962628666,2.2115606117367688,23.358085829284708,13.948680877685547,15.389135360717773,0.02843814715743065,1.6293858092927354,0.12113118171691895,6.9403054798116965,0.08900374174118042
sac,10,60052,6,1589,53,2,1,1,0,1,0,-18.762270102836567,0.179442729874575,28.90403551079498,17.858997344970703,18.49565315246582,0.05557069182395935,3.1839661061350215,0.19382159411907196,11.10515932152048,0.15248149633407593
sac,10,60052,6,1590,54,1,1,1,0,1,0,-12.2881796753916,15.637062406583873,-55.368805563303304,15.347393989562988,16.281654357910156,0.05612608417868614,3.2157877440346994,0.36314815282821655,20.80685649502862,0.23770016431808472
sac,10,60052,6,1591,55,1,1,1,0,1,0,-7.821563807283422,4.096296671688427,-26.936312652427667,20.97652244567871,21.083942413330078,0.019944928586483,1.1427602306953026,0.48148804903030396,27.587233095424466,0.2606889605522156
sac,10,60052,6,1592,56,2,1,1,0,1,0,-23.32133941155004,8.136380886507649,36.7149169022165,15.963998794555664,20.648344039916992,0.07021961361169815,4.023287498989691,0.09145978838205338,5.2402598694512985,0.11594951152801514
sac,10,60052,6,1593,57,2,1,1,0,1,0,10.89581829232782,0.42237889827358854,24.50559859098187,24.448932647705078,23.551786422729492,0.01132791768759489,0.6490418741707822,0.1971021443605423,11.293121004837355,0.10987898707389832
sac,10,60052,6,1594,58,2,1,1,0,1,0,-17.352027284525693,3.791957102650999,-3.341342202348578,12.75373363494873,13.308629035949707,0.04083338752388954,2.3395807683410217,0.29186612367630005,16.722697069495304,0.18676644563674927
sac,10,60052,6,1595,59,2,1,1,0,1,0,10.958259881720078,4.690208940777716,4.64929610764934,17.923831939697266,19.124900817871094,0.016128776594996452,0.9241108276026794,0.23689322173595428,13.572981800726957,0.13457538187503815
sac,10,60052,6,1596,60,2,1,1,0,1,0,1.3217372270458474,0.9039891970295276,26.99695107187904,16.514192581176758,18.761980056762695,0.0057991561479866505,0.3322671720169789,0.16187961399555206,9.275018671152026,0.0867389664053917
sac,10,60052,6,1597,61,2,1,1,0,1,0,10.12392495384634,-2.6885400422354393,-3.2033177396009602,20.758453369140625,22.533218383789062,0.06171523034572601,3.536022230487805,0.05197116360068321,2.977728330703075,0.08770081400871277
sac,10,60052,6,1598,62,1,1,1,0,1,0,17.367968946048503,13.041727125762428,-31.76995556577565,11.460708618164062,14.203414916992188,0.060220494866371155,3.4503801960323077,0.42466744780540466,24.331652455841862,0.2725542187690735
sac,10,60052,6,1599,63,2,1,1,0,1,0,6.330793058658099,4.7375011705908845,11.823112094805433,15.106886863708496,13.91379165649414,0.07829534262418747,4.485992687896681,0.014738811179995537,0.844471675653977,0.08566474914550781
sac,10,60052,6,1600,64,2,1,1,0,1,0,4.988701867885613,-1.9012651177430895,19.64240827928441,17.80653953552246,16.828588485717773,0.008648830465972424,0.49554148342438503,0.15794654190540314,9.049670239865796,0.08762209862470627
sac,10,60052,6,1601,65,2,1,1,0,1,0,8.417689057663795,6.084482776809099,-0.6788798223642474,15.449910163879395,17.73381805419922,0.04165668040513992,2.3867519757398337,0.14767347276210785,8.461066735308899,0.11549341678619385
sac,10,60052,6,1602,66,1,1,1,0,1,0,16.929088310740163,7.335677810107055,59.021262882345965,17.69561195373535,17.812238693237305,0.07367566972970963,4.221304928312116,0.5974734425544739,34.23270662952339,0.37241238355636597
sac,10,60052,6,1603,67,2,1,1,0,1,0,-3.9095046582669184,1.7181067649600275,-0.31037745626371943,19.06438636779785,18.314971923828125,0.026104891672730446,1.4957001174936624,0.19417448341846466,11.125378389011011,0.12319213151931763
sac,10,60052,6,1604,68,2,1,1,0,1,0,-4.780053249120064,6.8770169469623585,11.557335773821896,17.369888305664062,15.626449584960938,0.026114530861377716,1.4962524023210815,0.18050189316272736,10.341996672345568,0.1163654774427414
sac,10,60052,6,1605,69,1,1,1,0,1,0,10.01155468162129,0.8406050415318093,38.96721276216323,22.586565017700195,23.89914321899414,0.029565943405032158,1.694003774430993,0.13820447027683258,7.918532856703739,0.0986681804060936
sac,10,60052,6,1606,70,2,1,1,0,1,0,12.119378380243905,0.6684296329341278,7.510954124587922,20.482770919799805,22.69568634033203,0.04429568350315094,2.537955715377814,0.2307274490594864,13.219709048928266,0.15965941548347473
sac,10,60052,6,1607,71,1,1,1,0,1,0,6.815955055782444,10.173061334735412,40.169940773110774,14.941570281982422,17.425514221191406,0.052246224135160446,2.993488138439233,0.19511175155639648,11.17907989758659,0.149802103638649
sac,10,60052,6,1608,72,1,1,1,0,1,0,9.409104676069486,1.2992795650548457,-14.513400665468394,14.42414665222168,14.528186798095703,0.0570581816136837,3.269192993155029,0.15257154405117035,8.741705547926383,0.13334394991397858
sac,10,60052,6,1609,73,2,1,1,0,1,0,2.477418894990345,2.970790779497046,2.1586539664258497,24.043514251708984,23.64681053161621,0.035689521580934525,2.044858959428618,0.12041439116001129,6.8992364061060565,0.09589672088623047
sac,10,60052,6,1610,74,2,1,1,0,1,0,-2.839678468189481,10.376778556920211,15.300443363528963,18.855112075805664,21.148197174072266,0.042710743844509125,2.4471453621547328,0.047155965119600296,2.7018377802192193,0.06628872454166412
sac,10,60052,6,1611,75,2,1,1,0,1,0,-19.49239000435425,2.6251012452243607,28.254566482996808,18.364988327026367,18.95767593383789,0.06414590030908585,3.675289360777542,0.277356892824173,15.89137937768742,0.20282435417175293
sac,10,60052,6,1612,76,1,1,1,0,1,0,-7.9578943831168765,-2.5536847872627075,-39.476048194950835,12.729086875915527,13.856220245361328,0.05185488983988762,2.9710663349413737,0.07477855682373047,4.284495704078958,0.08924417197704315
sac,10,60052,6,1613,77,2,1,1,0,1,0,-8.764785610905502,14.11399852356273,28.09080586745658,16.903139114379883,19.58319854736328,0.0653810203075409,3.746056523881221,0.30732661485671997,17.6085179633326,0.21904432773590088
sac,10,60052,6,1614,78,1,1,1,0,1,0,12.832859940943438,9.740997228218745,-35.57404308439259,18.95313835144043,18.844146728515625,0.045134421437978745,2.586011859160966,0.37184715270996094,21.305272474237373,0.2310580015182495
sac,10,60052,6,1615,79,2,1,1,0,1,0,-3.534827801156699,8.425188605372469,1.4956475036927122,14.563011169433594,16.436429977416992,0.022341910749673843,1.2800971922142763,0.1850028932094574,10.599884978611385,0.11484335362911224
sac,10,60052,6,1616,80,2,1,1,0,1,0,2.381714284340126,1.056425358925872,-11.551721358324146,21.325836181640625,21.666790008544922,0.013335512951016426,0.7640686097352909,0.1873176246881485,10.732509323046463,0.10699432343244553
sac,10,60052,6,1617,81,2,1,1,0,1,0,-15.716989280251362,1.230841069571318,-6.389956157248749,14.712392807006836,15.321405410766602,0.042504340410232544,2.435319316493679,0.3075043261051178,17.618700067837793,0.19625650346279144
sac,10,60052,6,1618,82,1,1,1,0,1,0,-11.395719837681055,0.5546113606050354,-18.247984179091286,12.418621063232422,13.956209182739258,0.003587489016354084,0.2055479796866282,0.14507468044757843,8.31216690385533,0.07612483203411102
sac,10,60052,6,1619,83,2,1,1,0,1,0,-10.572217589830958,5.162762408694218,0.46588720328656974,17.340116500854492,16.331953048706055,0.015983818098902702,0.9158053175719439,0.22517774999141693,12.901734714760199,0.12857268750667572
sac,10,60052,6,1620,84,2,1,1,0,1,0,-1.3933176095475812,4.885566011418421,-3.637717770813771,19.63282585144043,19.7325496673584,0.017541438341140747,1.0050503835363287,0.06298629939556122,3.608849122513066,0.049034588038921356
sac,10,60052,6,1621,85,2,1,1,0,1,0,-2.4069723238908334,-4.417288241922346,-0.39572750013219876,21.2072696685791,19.937379837036133,0.029080770909786224,1.66620543811757,0.3074040710926056,17.61295587874581,0.18278279900550842
sac,10,60052,6,1622,86,2,1,1,0,1,0,-17.628240134561008,-2.147479776943709,-11.981695426954788,15.347661972045898,18.279579162597656,0.03092624433338642,1.77194327649342,0.37020230293273926,21.211029524069538,0.2160273939371109
sac,10,60052,6,1623,87,1,1,1,0,1,0,-6.887030004285597,-1.475225238074374,-32.919940855952355,13.928728103637695,15.068838119506836,0.060941457748413086,3.4916883263588985,0.13401317596435547,7.6783893819016145,0.12794804573059082
sac,10,60052,6,1624,88,2,1,1,0,1,0,-0.682431520732654,7.960503515379821,22.108243173442414,22.877391815185547,21.782930374145508,0.014176311902701855,0.8122428410858901,0.036196574568748474,2.0739109556198554,0.032274600118398666
sac,10,60052,6,1625,89,2,1,1,0,1,0,7.037458090565958,0.9263648967504894,13.593579089942777,14.917744636535645,15.228726387023926,0.024068942293524742,1.3790488107628955,0.1786213219165802,10.234247876867679,0.11337960511445999
sac,10,60052,6,1626,90,1,1,1,0,1,0,-6.24570256197808,0.33722009970186956,38.00030386249954,16.22821617126465,17.651458740234375,0.010859563015401363,0.6222071281388599,0.1210038885474205,6.933012118438592,0.07136150449514389
sac,10,60052,6,1627,91,1,1,1,0,1,0,-16.217942674736776,7.59014333782505,29.639797148567094,11.190107345581055,13.22523307800293,0.0470728799700737,2.697077351811132,0.1966642141342163,11.268029451147665,0.14540499448776245
sac,10,60052,6,1628,92,2,1,1,0,1,0,-1.0255802246340946,7.513167105879006,-2.112727774446684,15.693949699401855,16.7694034576416,0.027266955003142357,1.5622814418531814,0.18616732954978943,10.66660226642407,0.12035062164068222
sac,10,60052,6,1629,93,2,1,1,0,1,0,-5.748683356454592,8.452140531837339,1.432864404841955,12.218846321105957,13.377222061157227,0.02393924631178379,1.3716177783893333,0.2659054100513458,15.235257745637654,0.15689195692539215
sac,10,60052,6,1630,94,1,1,1,0,1,0,7.932253852972648,2.7443973292678034,3.622745996153103,12.18950366973877,12.542627334594727,0.023240409791469574,1.3315773952057202,0.3381125032901764,19.37241943913027,0.19229665398597717
sac,10,60052,6,1631,95,1,1,1,0,1,0,14.745080682115226,5.418634955381235,45.37916212853941,21.946796417236328,21.706972122192383,0.034545913338661194,1.9793350337299813,0.2069632112979889,11.85811852184904,0.13802751898765564
sac,10,60052,6,1632,96,1,1,1,0,1,0,2.772428425621536,-0.9097948578240385,0.5451993599287578,12.623517990112305,12.021136283874512,0.008592517115175724,0.49231496609349445,0.28210267424583435,16.163292623640213,0.14964385330677032
sac,10,60052,6,1633,97,2,1,1,0,1,0,-9.150062921607582,-1.9027950801171722,14.089751352009184,15.905413627624512,17.220617294311523,0.031856268644332886,1.825229744355215,0.3361930847167969,19.262444855756602,0.19995281100273132
sac,10,60052,6,1634,98,1,1,1,0,1,0,9.643134277790802,28.1859640629732,74.05909913266628,13.781424522399902,17.294435501098633,0.14348772168159485,8.22124086430318,0.6983886361122131,40.014721309127644,0.4926820397377014
sac,10,60052,6,1635,99,2,1,1,0,1,0,16.163328482133355,3.429397001128382,-6.276137884919657,21.79373550415039,23.778913497924805,0.045919567346572876,2.630997406025374,0.24076859652996063,13.795024420454903,0.1663038730621338
sac,10,60052,6,1636,100,2,1,1,0,1,0,-1.7069598962345667,-1.3667071925412115,-0.1757407673444281,23.820459365844727,22.895872116088867,0.027232922613620758,1.5603315295668485,0.20220652222633362,11.58558031358719,0.12833619117736816
sac,10,60052,6,1637,101,2,1,1,0,1,0,8.30872021964541,12.110376190917828,4.051026177869582,11.767873764038086,13.049055099487305,0.017446089535951614,0.9995872994173765,0.23555339872837067,13.496215597097892,0.13522279262542725
sac,10,60052,6,1638,102,2,1,1,0,1,0,-10.602707554285894,1.899502928937226,-22.313312773082874,20.38934326171875,21.26046371459961,0.015912365168333054,0.9117113662164618,0.45648717880249023,26.154788747216468,0.24415595829486847
sac,10,60052,6,1639,103,2,1,1,0,1,0,-16.141990971166233,0.5883115139698782,12.862830811021453,17.498371124267578,17.388221740722656,0.05417922884225845,3.1042411499348708,0.29812705516815186,17.081422019798957,0.20324274897575378
sac,10,60052,6,1640,104,2,1,1,0,1,0,12.75423080321825,1.069225133430476,10.6270776692445,20.504369735717773,19.74283790588379,0.0617561973631382,3.5383694676847623,0.15008960664272308,8.599501009406717,0.13680100440979004
sac,10,60052,6,1641,105,1,1,1,0,1,0,7.304655090896857,13.014993765350997,-35.874844615439955,20.74148178100586,21.4094181060791,0.049292389303445816,2.824245869203249,0.8437343835830688,48.34241920938194,0.47115957736968994
sac,10,60052,6,1642,106,1,1,1,0,1,0,0.5072918100351871,11.04048169894869,39.46033875985981,21.171640396118164,22.078298568725586,0.04313068836927414,2.4712064110533953,0.17656894028186798,10.116655071248507,0.13141515851020813
sac,10,60052,6,1643,107,2,1,1,0,1,0,-14.848079934799019,9.264386627935256,21.857930400739786,10.594130516052246,13.130417823791504,0.06755024194717407,3.8703437686606503,0.2088983803987503,11.968995543966795,0.17199942469596863
sac,10,60052,6,1644,108,2,1,1,0,1,0,4.613765463586933,-4.758087360749303,7.838953468910274,15.555047988891602,17.234987258911133,0.06268170475959778,3.591397135410037,0.0744369775056839,4.264924650785933,0.09990019351243973
sac,10,60052,6,1645,109,2,1,1,0,1,0,13.517627386372235,6.119712892548025,8.426418039423071,13.4381685256958,14.477806091308594,0.034317586570978165,1.9662528735918798,0.14989186823368073,8.588171433120959,0.10926352441310883
sac,10,60052,6,1646,110,2,1,1,0,1,0,-1.286220243361781,2.375703717870515,0.9587536537946899,14.434082984924316,14.968836784362793,0.02943837083876133,1.6866944048020214,0.14813438057899475,8.487474807961107,0.10350555926561356
sac,10,60052,6,1647,111,2,1,1,0,1,0,7.102413189572779,8.268927537540916,-4.438379866079345,18.323488235473633,21.509197235107422,0.022497907280921936,1.2890351350734728,0.27444472908973694,15.724524686453178,0.1597202718257904
sac,10,60052,6,1648,112,2,1,1,0,1,0,-6.419954348083445,-1.4240261400559584,-2.973495534408371,18.430513381958008,17.900941848754883,0.017050407826900482,0.9769164074582232,0.13965696096420288,8.001754442872112,0.08687888830900192
sac,10,60052,6,1649,113,1,1,1,0,1,0,-11.483364825110657,17.13671240113021,36.57668753379378,16.827722549438477,16.50107765197754,0.07269597798585892,4.165172726165659,0.3349466621875763,19.19103010534224,0.24016931653022766
sac,10,60052,6,1650,114,2,1,1,0,1,0,16.543892962308124,2.8207042026751856,-10.997820337392792,19.24559783935547,20.883583068847656,0.05054572969675064,2.896056984032882,0.16130408644676208,9.242043371612851,0.13119778037071228
sac,10,60052,6,1651,115,2,1,1,0,1,0,7.29033901439651,5.116931839363432,3.144878641062331,12.515597343444824,14.796846389770508,0.00429911445826292,0.24632111410213664,0.21118679642677307,12.100112124142592,0.10989250987768173
sac,10,60052,6,1652,116,2,1,1,0,1,0,9.5024187205102,3.1323793948812075,9.806881232952689,17.931486129760742,19.13778305053711,0.02771882899105549,1.5881719142323494,0.22086243331432343,12.654485281900323,0.13815005123615265
sac,10,60052,6,1653,117,2,1,1,0,1,0,-6.294442791895291,11.187207822698905,36.55831432492645,16.162857055664062,18.755748748779297,0.034680746495723724,1.9870604045680889,0.14062660932540894,8.057311201580998,0.10499405115842819
sac,10,60052,6,1654,118,2,1,1,0,1,0,15.37792502947359,0.41440123732301365,4.882273860238475,12.937084197998047,13.480766296386719,0.01911500282585621,1.0952089873022028,0.25865063071250916,14.819589508223604,0.14844031631946564
sac,10,60052,6,1655,119,1,1,1,0,1,0,11.92466334738518,-2.4122179091734033,35.10400312609065,17.50320053100586,15.40875244140625,0.019628379493951797,1.1246233036845685,0.44287022948265076,25.374595021346128,0.24106349050998688
sac,10,60052,6,1656,120,2,1,1,0,1,0,-3.2538611394590546,3.4965514210479474,-15.454983223689672,17.234228134155273,20.16103172302246,0.03142213821411133,1.800355902945321,0.12922228872776031,7.403891763121618,0.09603328257799149
sac,10,60052,6,1657,121,1,1,1,0,1,0,-4.211508302608202,-0.5370304536814225,-22.317465528098243,14.097192764282227,14.861698150634766,0.04586679860949516,2.627973980100586,0.09990625083446503,5.724206519790205,0.09581992030143738
sac,10,60052,6,1658,122,2,1,1,0,1,0,-0.3805371594180904,5.8641681949411675,7.6972407040108495,14.426228523254395,15.50987720489502,0.017010802403092384,0.9746471838281922,0.12363152205944061,7.083564428784483,0.07882656157016754
sac,10,60052,6,1659,123,2,1,1,0,1,0,0.7246420898033328,5.8705339312476195,10.625766272923856,17.127185821533203,19.449861526489258,0.0630049854516983,3.6099197546654653,0.07529376447200775,4.314014927898107,0.10065186768770218
sac,10,60052,6,1660,124,2,1,1,0,1,0,8.867252108834034,2.269166427196656,-12.404784664902058,24.32415008544922,23.863718032836914,0.049857255071401596,2.856610293698531,0.07198633998632431,4.124513463810219,0.08585042506456375
sac,10,60052,6,1661,125,2,1,1,0,1,0,15.765852453573633,0.8933204415459677,14.401071374378365,13.707479476928711,15.071817398071289,0.004930849187076092,0.28251684783497294,0.309236615896225,17.717952961761835,0.15954916179180145
sac,10,60052,6,1662,126,2,1,1,0,1,0,-1.4651711996161152,11.084973551202154,1.8714308514484737,14.122544288635254,14.239233016967773,0.01776115782558918,1.0176393826720143,0.29443711042404175,16.87000375932497,0.1649797111749649
sac,10,60052,6,1663,127,2,1,1,0,1,0,9.71724183028544,-2.5982176206511904,-20.337475649981588,23.920726776123047,23.01043128967285,0.05285649001598358,3.0284537977912325,0.05181688442826271,2.9688887852566093,0.07876493036746979
sac,10,60052,6,1664,128,2,1,1,0,1,0,8.649683263012447,7.031816354311528,-4.747322982617362,15.875494956970215,19.012802124023438,0.04539322853088379,2.600840413292475,0.23694230616092682,13.57579413111771,0.1638643741607666
sac,10,60052,6,1665,129,2,1,1,0,1,0,15.759377434240461,2.853953563554808,28.198340365749264,23.010910034179688,22.29994010925293,0.020245084539055824,1.1599578999734543,0.1802673041820526,10.32855571383263,0.11037873476743698
sac,10,60052,6,1666,130,2,1,1,0,1,0,-10.076782988194912,4.8775473693328255,17.593242245253865,18.640300750732422,19.32910919189453,0.05337168276309967,3.057972167836735,0.08968567103147507,5.1386104329022295,0.0982145220041275
sac,10,60052,6,1667,131,2,1,1,0,1,0,-8.212906325968472,0.1136133666539921,-0.8750974968403736,20.60828971862793,19.92724609375,0.01879033073782921,1.0766066469325557,0.14500945806503296,8.308429936605686,0.09129506349563599
sac,10,60052,6,1668,132,40,1,1,0,1,0,0.05798830605340825,7.98663581914429,42.41954553852451,20.55794334411621,18.657373428344727,0.021289674565196037,1.219808499792749,0.045121438801288605,2.5852680088716693,0.04385039210319519
sac,10,60052,6,1669,133,2,1,1,0,1,0,-4.704374753116323,4.604572028964096,8.096096430782914,15.435022354125977,18.507064819335938,0.028690360486507416,1.643836568585778,0.10541564226150513,6.039871396245161,0.08139818161725998
sac,10,60052,6,1670,134,2,1,1,0,1,0,-7.889319283849948,2.634964038385859,22.76640020186484,18.9874267578125,20.41231918334961,0.02582860179245472,1.4798698734316884,0.12551741302013397,7.191618021454085,0.08858730643987656
sac,10,60052,6,1671,135,2,1,1,0,1,0,11.256370318234454,3.7585984587446566,-4.12462829636564,19.103872299194336,20.786828994750977,0.03615976497530937,2.0718019212702026,0.28967154026031494,16.596956701969955,0.18099553883075714
sac,10,60052,6,1672,136,2,1,1,0,1,0,-3.302929218456426,2.3114726189157153,-16.406401254315767,20.5161190032959,20.29499626159668,0.03133834898471832,1.7955551337324482,0.14389893412590027,8.24480160184514,0.10328781604766846
sac,10,60052,6,1673,137,1,1,1,0,1,0,-2.0251374285304404,17.116604324213693,-61.33598667130661,14.506497383117676,16.444957733154297,0.03156560659408569,1.8085760356114313,0.4428272545337677,25.372132738150338,0.25297921895980835
sac,10,60052,6,1674,138,1,1,1,0,1,0,12.333709716398905,8.93473437783376,-43.41619308183443,18.074983596801758,20.05216407775879,0.05301128327846527,3.037322798428494,0.5688318014144897,32.591661473874034,0.33742719888687134
sac,10,60052,6,1675,139,2,1,1,0,1,0,-19.447583963398966,0.10700174353741976,6.719280558270084,19.14958953857422,19.939075469970703,0.037414342164993286,2.1436838993124745,0.31418460607528687,18.00145191609426,0.19450664520263672
sac,10,60052,6,1676,140,1,1,1,0,1,0,-2.3354465829024598,0.37268244187257576,-27.264544223181797,21.01079559326172,19.036787033081055,0.042471468448638916,2.433435891830048,0.02074051834642887,1.1883441661640273,0.05284172669053078
sac,10,60052,6,1677,141,2,1,1,0,1,0,14.166973470765347,0.16630144591147045,26.908486461749035,16.828481674194336,15.679580688476562,0.023741113021969795,1.360265577101949,0.2292889654636383,13.137290009987368,0.1383855938911438
sac,10,60052,6,1678,142,2,1,1,0,1,0,7.870686527794153,11.42047244323318,-17.893524681924305,20.046918869018555,20.725967407226562,0.027813948690891266,1.5936218715814907,0.3225172758102417,18.478878723983566,0.18907257914543152
sac,10,60052,6,1679,143,2,1,1,0,1,0,13.552939464381202,-0.5873006459727164,0.8103609638869929,18.715404510498047,22.351367950439453,0.03254188224673271,1.8645125101494855,0.22594290971755981,12.945575137721573,0.14551334083080292
sac,10,60052,6,1680,144,2,1,1,0,1,0,1.636445023243355,5.778503962370868,14.961884546749772,22.031211853027344,22.867889404296875,0.015472483821213245,0.8865080215399676,0.17991723120212555,10.30849800956124,0.10543110221624374
sac,10,60052,6,1681,145,2,1,1,0,1,0,1.1975643879350157,-8.044992955412878,8.118868281475736,15.053689956665039,14.430441856384277,0.012882321141660213,0.7381026317492826,0.06777241080999374,3.8830731068394386,0.04676852747797966
sac,10,60052,6,1682,146,2,1,1,0,1,0,3.2013779658766763,-1.4470302171805614,31.19070088264521,15.257686614990234,16.541030883789062,0.018839221447706223,1.0794078782659073,0.3116530179977417,17.856402603785284,0.17466573417186737
sac,10,60052,6,1683,147,1,1,1,0,1,0,-11.418833197832377,6.890936872490844,39.21946530859014,19.428728103637695,20.28959846496582,0.0646619126200676,3.7048546883735884,0.11676204949617386,6.689972643428383,0.12304294109344482
sac,10,60052,6,1684,148,2,1,1,0,1,0,-8.054118088144016,2.7996125785181865,-1.639641551774921,12.081825256347656,12.698843002319336,0.015038400888442993,0.8616369015335711,0.15926964581012726,9.125478509463766,0.09467322379350662
sac,10,60052,6,1685,149,2,1,1,0,1,0,-15.931948993810003,0.3794579895292284,-4.964413715197048,14.711600303649902,14.116046905517578,0.02427569590508938,1.3908949201046363,0.3820061683654785,21.88734119530586,0.2152787744998932
sac,10,60052,6,1686,150,1,1,1,0,1,0,-8.675009604454855,-1.867278096433106,-51.91628154164526,18.78619384765625,20.80411720275879,0.02199074812233448,1.2599770557450054,0.46999645233154297,26.92881310471899,0.2569889724254608
sac,10,60052,6,1687,151,2,1,1,0,1,0,-11.160214915099015,-5.1511784078618765,8.632648771222437,18.535654067993164,18.692319869995117,0.025449559092521667,1.458152326470281,0.30509257316589355,17.480516803191975,0.17799584567546844
sac,10,60052,6,1688,152,1,1,1,0,1,0,-18.278583426572943,10.480911621006227,46.24887743631382,15.492582321166992,18.200321197509766,0.06845030188560486,3.9219134044415394,0.3190968632698059,18.282903521222977,0.2279987335205078
sac,10,60052,6,1689,153,2,1,1,0,1,0,-0.3423427415793791,-1.4559914253716182,-0.23240401669885385,23.3526554107666,21.29644775390625,0.01547960750758648,0.8869161787037287,0.3102530241012573,17.776188862172656,0.1706061214208603
sac,10,60052,6,1690,154,1,1,1,0,1,0,-6.389081893034987,1.8007657142955218,23.77131227407048,12.79880428314209,13.69922161102295,0.033863503485918045,1.9402358292696549,0.5964943766593933,34.176610285870076,0.3321107029914856
sac,10,60052,6,1691,155,2,1,1,0,1,0,18.119057528318127,2.5044391233469154,17.179100555119312,12.899357795715332,13.410273551940918,0.03358793258666992,1.9244467797861127,0.25301340222358704,14.496600107657455,0.16009463369846344
sac,10,60052,6,1692,156,2,1,1,0,1,0,-9.33622655762545,1.0906582670459761,-7.630919567170026,22.81778335571289,23.43031883239746,0.019092421978712082,1.0939152000630143,0.2147313803434372,12.303201822697398,0.12645810842514038
sac,10,60052,6,1693,157,1,1,1,0,1,0,18.189271872985856,-3.9640368886003,61.50441913623912,20.199621200561523,19.467876434326172,0.055761419236660004,3.194893981920219,0.37315982580184937,21.38048310228297,0.24234133958816528
sac,10,60052,6,1694,158,2,1,1,0,1,0,-6.259472223344826,4.222873737387103,10.540102040353556,18.670846939086914,19.486223220825195,0.03976264223456383,2.278231582329144,0.15201020240783691,8.70954304089844,0.11576774716377258
sac,10,60052,6,1695,159,2,1,1,0,1,0,-13.694379021713825,1.0978436260528295,3.707945775859842,15.790567398071289,15.58037281036377,0.04200223460793495,2.406550773152997,0.3664872646331787,20.99817350877526,0.225245863199234
sac,10,60052,6,1696,160,2,1,1,0,1,0,4.593944254615557,3.1863925308376686,-2.352986508691053,19.272275924682617,17.989665985107422,0.02901923842728138,1.6626798865670798,0.1438799798488617,8.243715601767107,0.10095922648906708
sac,10,60052,6,1697,161,2,1,1,0,1,0,-11.787280922419544,-5.167680144896627,-8.545236010224613,17.63987159729004,20.51727867126465,0.02253853529691696,1.2913629489199776,0.28640154004096985,16.409599490394626,0.1657392978668213
sac,10,60052,6,1698,162,2,1,1,0,1,0,11.442779841062443,1.8825503994172545,0.013715019853385604,24.0504150390625,23.57691192626953,0.04600995406508446,2.6361761835201247,0.23389282822608948,13.40107191573326,0.1629563719034195
sac,10,60052,6,1699,163,2,1,1,0,1,0,-4.239484757448574,2.5022398024341714,10.639112462562062,15.878799438476562,15.94494915008545,0.005331132095307112,0.3054513690878328,0.15313230454921722,8.773834757782124,0.08189728111028671
sac,10,60052,6,1700,164,2,1,1,0,1,0,16.174106520643633,0.7245191463982725,17.9985729913591,18.608495712280273,18.32837677001953,0.01780489832162857,1.02014552848888,0.1685619354248047,9.65788748639803,0.10208586603403091
sac,10,60052,6,1701,165,2,1,1,0,1,0,-12.0842575475317,4.53176221241176,24.181765662053223,13.910568237304688,15.476004600524902,0.03391721099615097,1.9433130429341572,0.14634525775909424,8.384965621350263,0.10708983987569809
sac,10,60052,6,1702,166,2,1,1,0,1,0,13.2096678170747,-5.309748079632892,-8.118813639962376,21.23921775817871,21.437307357788086,0.06911632418632507,3.9600736713344005,0.09827548265457153,5.630770385718077,0.11825406551361084
sac,10,60052,6,1703,167,1,1,1,0,1,0,-0.20202333527063715,3.140425357723483,0.056007551194104555,10.431929588317871,12.252037048339844,0.028383517637848854,1.6262557683838712,0.3259970247745514,18.678253653403534,0.19138203561306
sac,10,60052,6,1704,168,1,1,1,0,1,0,11.735057296025628,10.278314549845309,-35.35684306878618,23.533803939819336,23.043590545654297,0.05366294085979462,3.074660027526369,0.11297503113746643,6.472992474535887,0.11015045642852783
sac,10,60052,6,1705,169,1,1,1,0,1,0,9.185047150536388,15.151818447189486,56.70304203653028,12.890910148620605,15.25637435913086,0.08096016943454742,4.638676017263616,0.4592472314834595,26.312928117069774,0.31058377027511597
sac,10,60052,6,1706,170,2,1,1,0,1,0,-8.471688533241915,8.532149367774869,-6.254390562602336,17.29380226135254,17.976184844970703,0.04007894545793533,2.296354422074715,0.42552512884140015,24.38079395937281,0.2528415024280548
sac,10,60052,6,1707,171,2,1,1,0,1,0,-15.323461101031906,-0.9179364433146937,5.082630629351629,13.294875144958496,16.28656768798828,0.023746835067868233,1.3605934261821095,0.31011825799942017,17.768467333315957,0.17880596220493317
sac,10,60052,6,1708,172,2,1,1,0,1,0,11.485796372455182,-0.32600492908470863,24.873581862705475,17.729257583618164,17.967409133911133,0.00905671063810587,0.518911295834701,0.2082238346338272,11.93034691854828,0.1131686270236969
sac,10,60052,6,1709,173,2,1,1,0,1,0,1.780070241110383,12.359582472974914,-2.085243093226553,17.870208740234375,18.76932716369629,0.022322356700897217,1.2789768277469826,0.2616395056247711,14.990839426188748,0.15314210951328278
sac,10,60052,6,1710,174,2,1,1,0,1,0,-3.189438795207494,0.5573707570297205,-0.17432008799706544,15.854669570922852,17.33477210998535,0.030432386323809624,1.743647296865938,0.16501590609550476,9.454714971799538,0.11294034123420715
sac,10,60052,6,1711,175,2,1,1,0,1,0,11.77976771433253,5.096181724664934,26.33256491093356,14.284873962402344,15.691486358642578,0.060627132654190063,3.473678825064867,0.1401091367006302,8.027662204167617,0.13068169355392456
sac,10,60052,6,1712,176,2,1,1,0,1,0,-4.266750872615265,7.8488162620717725,12.982085913929875,16.478105545043945,16.19435691833496,0.029209520667791367,1.6735822558645952,0.054138846695423126,3.101927423353529,0.05627894401550293
sac,10,60052,6,1713,177,2,1,1,0,1,0,-18.115041377086158,4.871372878323134,10.390097425801736,14.800156593322754,13.955487251281738,0.03364406153559685,1.927662731668131,0.35188180208206177,20.161342146759882,0.20958496630191803
sac,10,60052,6,1714,178,2,1,1,0,1,0,12.463742857817609,2.0837541119874903,12.107958303951644,21.389087677001953,20.285951614379883,0.014178694225847721,0.8123793381475845,0.21502578258514404,12.320069828626389,0.12169158458709717
sac,10,60052,6,1715,179,2,1,1,0,1,0,1.7136261608644991,4.447423036540442,-2.9103845864774534,20.781070709228516,22.75077247619629,0.01342654600739479,0.7692844196619477,0.09994251281023026,5.726284177958358,0.06339780241250992
sac,10,60052,6,1716,180,2,1,1,0,1,0,17.71990127322258,-1.2060611432625115,6.472656087719264,11.833895683288574,14.926820755004883,0.05106760561466217,2.9259582715587285,0.1697845757007599,9.727939614072973,0.13595989346504211
sac,10,60052,6,1717,181,2,1,1,0,1,0,-9.749371040141181,7.826590826512551,19.453731133651978,15.23910903930664,16.827713012695312,0.031996387988328934,1.8332579913943303,0.10751249641180038,6.160012289311569,0.08575263619422913
sac,10,60052,6,1718,182,2,1,1,0,1,0,7.352889886815487,3.1334039232567097,10.532684454914923,14.948004722595215,16.760263442993164,0.022455517202615738,1.2866063624932984,0.1716669499874115,9.83579171616206,0.10828898847103119
sac,10,60052,6,1719,183,2,1,1,0,1,0,1.6067610211104797,-1.4677939922574001,-7.984122309529726,20.698827743530273,19.571306228637695,0.030846629291772842,1.7673816706232035,0.09404576569795609,5.3884254555690925,0.07786951214075089
sac,10,60052,6,1720,184,1,1,1,0,1,0,-5.587545533555651,7.7003142891373555,-31.315884589753203,15.659847259521484,19.099267959594727,0.03850991278886795,2.206455472219007,0.10463982820510864,5.995420525126717,0.09082982689142227
sac,10,60052,6,1721,185,2,1,1,0,1,0,5.392775859183567,3.223685363705938,10.20446654453913,19.096324920654297,20.172134399414062,0.05950102210044861,3.4091574430703417,0.062449004501104355,3.578064392706761,0.09072552621364594
sac,10,60052,6,1722,186,1,1,1,0,1,0,3.02119757557174,-3.85661167333434,-43.561484865858944,17.991989135742188,18.666831970214844,0.07441700249910355,4.263780167213133,0.05270536243915558,3.0197948254709486,0.10076968371868134
sac,10,60052,6,1723,187,2,1,1,0,1,0,-6.049430245988593,3.8587700131120637,15.538489116482248,17.232139587402344,19.284639358520508,0.02874031476676464,1.6466987380131308,0.038385260850191116,2.199313442224701,0.0479329451918602
sac,10,60052,6,1724,188,2,1,1,0,1,0,-1.737176653122703,8.792051726072193,27.654124553060985,13.341276168823242,16.422256469726562,0.034733645617961884,1.990091301012282,0.24267753958702087,13.904398800955255,0.15607240796089172
sac,10,60052,6,1725,189,1,1,1,0,1,0,-9.129408429557463,3.744760495486211,-28.898270831135488,13.22153377532959,13.243644714355469,0.012278595007956028,0.7035116723062819,0.5468119978904724,31.330019666240542,0.28568458557128906
sac,10,60052,6,1726,190,1,1,1,0,1,0,24.717279813738905,-8.847185013052536,70.88415399887755,15.97077751159668,16.237720489501953,0.0945158302783966,5.415358172126922,0.7641794681549072,43.784258315828076,0.4766055643558502
sac,10,60052,6,1727,191,2,1,1,0,1,0,-14.411548884565164,1.3467220590297542,0.7881355283277713,19.93351936340332,22.55582618713379,0.02797802723944187,1.6030228799220727,0.21580220758914948,12.36455570446433,0.13587912917137146
sac,10,60052,6,1728,192,2,1,1,0,1,0,-12.585702715637355,6.082529342706475,9.815910743035445,14.648612022399902,15.659249305725098,0.05636611953377724,3.2295407568153434,0.16706697642803192,9.572232645337838,0.1398996114730835
sac,10,60052,6,1729,193,2,1,1,0,1,0,-3.2570849887473003,-3.1055640721997375,11.025960716773245,18.532390594482422,19.52568817138672,0.034853577613830566,1.996962898204138,0.07597427070140839,4.353005062775125,0.07284071296453476
sac,10,60052,6,1730,194,2,1,1,0,1,0,3.6138940709887666,7.365935548130211,-0.8872825543196764,18.58147621154785,18.803020477294922,0.01376388780772686,0.7886126810743201,0.10828185826539993,6.2040934764411855,0.06790481507778168
sac,10,60052,6,1731,195,2,1,1,0,1,0,-12.67427660879408,2.7482768767163708,-1.0154715446624758,18.739471435546875,20.124460220336914,0.040877263993024826,2.3420947048424097,0.28368377685546875,16.253883130149383,0.1827191561460495
sac,10,60052,6,1732,196,2,1,1,0,1,0,8.899750148904955,0.3260732309764087,25.10776172858853,19.848512649536133,21.370681762695312,0.02978850156068802,1.7067554174462893,0.1724746972322464,9.88207222420442,0.11602585017681122
sac,10,60052,6,1733,197,2,1,1,0,1,0,-9.781773457563721,5.910558839783894,-4.684321317713165,15.92455005645752,16.968395233154297,0.021579498425126076,1.2364141837689309,0.18376368284225464,10.52888345464181,0.11346133798360825
sac,10,60052,6,1734,198,2,1,1,0,1,0,6.099864362819967,-2.344407791093517,-19.83455516101521,17.927284240722656,20.175434112548828,0.060254812240600586,3.452346436739625,0.10925555229187012,6.259882034695027,0.11488258838653564
sac,10,60052,6,1735,199,2,1,1,0,1,0,10.582394571694277,5.097984894605817,-7.739929386323429,15.352764129638672,15.316659927368164,0.04015107452869415,2.300487113409396,0.12727850675582886,7.292521259836329,0.10379032790660858
sac,10,60052,6,1736,200,2,1,1,0,1,0,-13.22484449741047,3.5821610121048875,-2.938688890397986,16.403419494628906,16.13335609436035,0.01775200292468071,1.0171148454880985,0.28293943405151367,16.211235428971825,0.15922172367572784
sac,10,60052,6,1737,201,2,1,1,0,1,0,-0.2882476433528781,4.443324923038435,3.500977383630116,22.47630500793457,23.889686584472656,0.027888577431440353,1.5978977834453303,0.1290721893310547,7.395291701182926,0.092424675822258
sac,10,60052,6,1738,202,2,1,1,0,1,0,-2.836236052847795,2.3894050773455606,-15.545578852840721,16.26289176940918,19.067209243774414,0.0552201047539711,3.163878946672837,0.13503031432628632,7.736667117221102,0.12273526191711426
sac,10,60052,6,1739,203,2,1,1,0,1,0,-4.475262887597415,8.236566101253397,15.874971555753756,18.53679847717285,18.215221405029297,0.04262947291135788,2.4424888806880767,0.15482930839061737,8.87106591571184,0.12004412710666656
sac,10,60052,6,1740,204,2,1,1,0,1,0,-5.7065001081405935,4.7908586083870235,11.086066381469356,12.986006736755371,13.228292465209961,0.011886159889400005,0.6810267962803057,0.16105970740318298,9.228041483814325,0.09241601079702377
sac,10,60052,6,1741,205,2,1,1,0,1,0,3.8121471418375568,13.26844842507183,6.612210512840964,15.21745491027832,17.32263946533203,0.061592571437358856,3.528994392718685,0.214896097779274,12.312639436583062,0.16904062032699585
sac,10,60052,6,1742,206,2,1,1,0,1,0,14.672571393886372,0.5704027579661048,14.50566889132794,19.018991470336914,20.80391502380371,0.0020525099243968725,0.11760015607665647,0.2375679463148117,13.61164067142923,0.12083648145198822
sac,10,60052,6,1743,207,2,1,1,0,1,0,2.377903038783259,5.582013080327941,2.8187780893292422,15.905823707580566,16.680400848388672,0.05004502087831497,2.867368481971536,0.02647356502711773,1.5168235447189846,0.06328180432319641
sac,10,60052,6,1744,208,2,1,1,0,1,0,-7.117453266125147,2.9443306266524165,-7.9707351387565,17.70395851135254,20.075469970703125,0.017362942919135094,0.9948233491929983,0.11176035553216934,6.403396688874865,0.07324311882257462
sac,10,60052,6,1745,209,2,1,1,0,1,0,-0.9038389328677874,1.2225765406756024,0.3432853076848409,14.691807746887207,14.837722778320312,0.033288776874542236,1.9073064200639656,0.033920302987098694,1.9434902009657544,0.05024892836809158
sac,10,60052,6,1746,210,1,1,1,0,1,0,10.5203218125172,6.335560530698768,-12.391616060182272,10.553318977355957,12.337010383605957,0.043870192021131516,2.513576849239335,0.28916946053504944,16.568189652733153,0.18845492601394653
sac,10,60052,6,1747,211,2,1,1,0,1,0,6.5171889211077465,-3.185340681705487,-5.69934206989042,13.293135643005371,14.216841697692871,0.06208433583378792,3.5571704171488685,0.08803846687078476,5.044232586498286,0.1061035692691803
sac,10,60052,6,1748,212,2,1,1,0,1,0,-5.771414226012395,5.278342869829174,4.067596216796034,12.068635940551758,12.934531211853027,0.010335034690797329,0.5921538689039807,0.2611995041370392,14.965629197962231,0.1409347802400589
sac,10,60052,6,1749,213,1,1,1,0,1,0,19.70831960477503,-5.726936034137271,64.43629149784543,15.461719512939453,13.559904098510742,0.060437869280576706,3.4628348325404144,0.6521897912025452,37.36772247742422,0.3865327537059784
sac,10,60052,6,1750,214,1,1,1,0,1,0,-7.968768044275537,0.9994069397346057,-18.49561951763927,14.096441268920898,13.570694923400879,0.012728874571621418,0.7293107909053009,0.1673622876405716,9.589152731459253,0.09641002118587494
sac,10,60052,6,1751,215,2,1,1,0,1,0,-2.8892929623204537,0.7350512980984323,24.23403026958216,20.11347198486328,21.444528579711914,0.007210278883576393,0.41311854914122637,0.07885163277387619,4.517865765658546,0.04663609713315964
sac,10,60052,6,1752,216,2,1,1,0,1,0,3.365753298442203,0.12736936764239778,1.6642712139219868,16.27018165588379,19.210603713989258,0.04500227048993111,2.578440167579184,0.018774861469864845,1.0757203231660408,0.054389700293540955
sac,10,60052,6,1753,217,2,1,1,0,1,0,3.7783240450676536,12.785144239401728,17.10354500252063,18.007719039916992,18.844350814819336,0.04786043241620064,2.7422007831194097,0.27947962284088135,16.013002848690544,0.187600240111351
sac,10,60052,6,1754,218,2,1,1,0,1,0,-6.769823958128178,-0.13394000962395006,-6.931180347080559,17.65166664123535,19.28323745727539,0.02664215862751007,1.526483246474381,0.16934767365455627,9.702906970764877,0.11131599545478821
sac,10,60052,6,1755,219,2,1,1,0,1,0,9.879800332531744,-3.6770596604330446,-16.307718681187424,16.64828109741211,19.08206558227539,0.05775913596153259,3.3093547189181156,0.14059583842754364,8.055548159001487,0.128057062625885
sac,10,60052,6,1756,220,2,1,1,0,1,0,-9.923513543219826,-3.7209914371745665,-5.50662145226934,15.252031326293945,17.447391510009766,0.030813951045274734,1.7655093450169737,0.1908351331949234,10.93404771488603,0.12623152136802673
sac,10,60052,6,1757,221,1,1,1,0,1,0,11.730057597553179,38.16702878013955,-80.19392040365837,18.82697868347168,21.792591094970703,0.24217848479747772,13.875805067768642,0.41296330094337463,23.661054237846255,0.44866013526916504
sac,10,60052,6,1758,222,2,1,1,0,1,0,5.6630464446409725,3.635053997037466,16.75485018501314,23.126955032348633,21.59356689453125,0.0181722491979599,1.0411931833030974,0.08086241036653519,4.633074835257382,0.05860345438122749
sac,10,60052,6,1759,223,2,1,1,0,1,0,21.12088468740371,0.6187468369114552,-15.370616727061675,14.740996360778809,15.940916061401367,0.03544295206665993,2.030731566904093,0.27929627895355225,16.002498017747065,0.17509108781814575
sac,10,60052,6,1760,224,2,1,1,0,1,0,-7.982592347155642,4.651386145535364,21.77460209286563,19.520200729370117,20.328094482421875,0.01712658628821373,0.9812811117812729,0.1446303278207779,8.286707373724106,0.08944174647331238
sac,10,60052,6,1761,225,1,1,1,0,1,0,-10.887335197378665,0.768683149571575,-22.072835472785066,13.53979206085205,13.797418594360352,0.03262589871883392,1.8693262994104636,0.36193525791168213,20.737362735318325,0.213593527674675
sac,10,60052,6,1762,226,1,1,1,0,1,0,-9.252406476131053,10.814443418556289,22.029409130042126,10.074655532836914,12.595582962036133,0.06492609530687332,3.7199912413479828,0.12013396620750427,6.8831692398572475,0.12499307841062546
sac,10,60052,6,1763,227,1,1,1,0,1,0,4.477557831158539,-6.8741892486459735,54.252889256706624,17.031227111816406,19.113554000854492,0.06333069503307343,3.628581539025233,0.3198564350605011,18.326423779067007,0.22325891256332397
sac,10,60052,6,1764,228,2,1,1,0,1,0,-16.517104960383335,-1.173604084326611,33.56894543088697,17.331363677978516,17.966346740722656,0.05743857100605965,3.2909876999097167,0.1515217423439026,8.681556340774312,0.13319943845272064
sac,10,60052,6,1765,229,2,1,1,0,1,0,-1.0280390927352991,-0.6330355926551218,-1.4242447061093988,20.24313735961914,18.68970489501953,0.016226401552557945,0.9297043256460967,0.16447213292121887,9.423559063900525,0.09846246987581253
sac,10,60052,6,1766,230,2,1,1,0,1,0,1.0715200769916005,10.244559754967105,29.96500977570808,14.198294639587402,15.961786270141602,0.057060662657022476,3.26933514646713,0.29510006308555603,16.9079881488467,0.2046106904745102
sac,10,60052,6,1767,231,2,1,1,0,1,0,19.031051707054907,0.6756149919409813,-2.5823715817767607,22.999923706054688,23.04541778564453,0.04906948655843735,2.811474482672383,0.23046788573265076,13.204837165784209,0.16430342197418213
sac,10,60052,6,1768,232,1,1,1,0,1,0,-9.794395647149905,1.4376455372609638,-1.4254468194033212,13.44052791595459,12.311624526977539,0.016321949660778046,0.9351788289875678,0.41123828291893005,23.562217985461583,0.22194108366966248
sac,10,60052,6,1769,233,2,1,1,0,1,0,13.956890512274095,2.481052555628792,-10.936731125456197,13.514735221862793,14.472672462463379,0.04049791023135185,2.3203593353561365,0.1941828429698944,11.125857356026557,0.13758933544158936
sac,10,60052,6,1770,234,1,1,1,0,1,0,-11.191469860740993,-1.692097404600619,38.61907802016768,24.113554000854492,23.0643253326416,0.061051033437252045,3.4979665508666096,0.08456259220838547,4.845079638226347,0.10333232581615448
sac,10,60052,6,1771,235,2,1,1,0,1,0,18.163235191869767,1.3794113443974352,-1.9726815757047427,13.894015312194824,16.26751136779785,0.021885454654693604,1.253944184438886,0.23648296296596527,13.54947570469836,0.14012694358825684
sac,10,60052,6,1772,236,2,1,1,0,1,0,-0.2550802447432962,-2.858912280892237,-0.8219313043409944,13.348612785339355,14.729796409606934,0.03460422903299332,1.982676276894587,0.0825105756521225,4.727507750061509,0.07585951685905457
sac,10,60052,6,1773,237,2,1,1,0,1,0,3.9728751533862967,-2.5162553506110377,-8.502397063750292,14.836654663085938,15.173768043518066,0.04064234718680382,2.3286349633092533,0.04437684640288353,2.542606006985535,0.06283076852560043
sac,10,60052,6,1774,238,2,1,1,0,1,0,0.4517350513263033,1.9533248195969266,-3.0151323675887687,15.75510311126709,16.163827896118164,0.01370963267982006,0.7855040912283181,0.13468608260154724,7.716944092219044,0.08105267584323883
sac,10,60052,6,1775,239,2,1,1,0,1,0,16.430306916410814,-0.8449353814655973,-0.7975065478690289,14.673454284667969,15.015610694885254,0.041175130754709244,2.359161213144156,0.18985715508460999,10.87801369670889,0.13610370457172394
sac,10,60052,6,1776,240,1,1,1,0,1,0,10.213864884837069,3.3599749584043725,50.11690918594042,12.831539154052734,12.865206718444824,0.04061947017908096,2.3273242073188456,0.4839582145214081,27.728763152763594,0.2825985848903656
sac,10,60052,6,1777,241,2,1,1,0,1,0,-1.8365695659247285,12.011215504547582,3.5902069749471623,20.049854278564453,22.267698287963867,0.020392339676618576,1.1683949978674184,0.19769833981990814,11.327280488423881,0.11924150586128235
sac,10,60052,6,1778,242,2,1,1,0,1,0,-13.859396392061333,-1.3233764724466506,18.47491038407579,22.458202362060547,22.444517135620117,0.045665644109249115,2.616448676206424,0.2869282364845276,16.439776973695036,0.1891297698020935
sac,10,60052,6,1779,243,1,1,1,0,1,0,2.996964064396535,8.456320607609387,46.821766383137806,17.565858840942383,21.216506958007812,0.025508923456072807,1.4615536539552414,0.06963402032852173,3.9897354753524734,0.06032593548297882
sac,10,60052,6,1780,244,2,1,1,0,1,0,-4.214896076436529,9.892941616494848,-5.305486041590805,13.28453540802002,15.385453224182129,0.0369143933057785,2.115038939707087,0.2547433376312256,14.595718105345387,0.1642860621213913
sac,10,60052,6,1781,245,2,1,1,0,1,0,9.285355308687194,1.7113038965466947,28.74867602793387,18.871185302734375,21.865232467651367,0.03404244780540466,1.9504885835440788,0.18172083795070648,10.411837064156241,0.1249028667807579
sac,10,60052,6,1782,246,1,1,1,0,1,0,-14.994355266064012,16.035931793734278,39.53664563326719,9.993785858154297,14.114043235778809,0.07494563609361649,4.294068641087555,0.19765767455101013,11.32495054014326,0.17377448081970215
sac,10,60052,6,1783,247,2,1,1,0,1,0,-4.006110853887579,-0.3581341389404486,-1.043994414636449,17.50022315979004,16.402759552001953,0.022092731669545174,1.2658202825799514,0.28700873255729675,16.444389058932085,0.1655970960855484
sac,10,60052,6,1784,248,2,1,1,0,1,0,-2.938743531911346,2.1643503441936405,-8.448629814603953,20.769319534301758,20.893850326538086,0.013545484282076359,0.7760990808237692,0.19899585843086243,11.401622828671238,0.113043412566185
sac,10,60052,6,1785,249,2,1,1,0,1,0,15.733436375772753,0.8903288186895021,-0.8755346289472545,18.64253044128418,23.189538955688477,0.035277094691991806,2.021228639334489,0.3092581629753113,17.719187518454316,0.18990617990493774
sac,10,60052,6,1786,250,2,1,1,0,1,0,11.365052288307696,4.1962359996240535,-6.6217454569223015,22.07097625732422,22.276552200317383,0.021675068885087967,1.2418899677708712,0.15976515412330627,9.15386904452257,0.1015576422214508
sac,10,60052,6,1787,251,2,1,1,0,1,0,11.177085482348946,13.027001237911879,-15.439738241462203,16.65469741821289,16.475482940673828,0.04440690577030182,2.5443282818734363,0.19538076221942902,11.19449307322237,0.14209729433059692
sac,10,60052,6,1788,252,2,1,1,0,1,0,10.891201084448893,5.219616903345404,3.146941358191675,11.892733573913574,13.79640007019043,0.018015487119555473,1.032211377822825,0.16192060708999634,9.277367402452864,0.09897579252719879
sac,10,60052,6,1789,253,1,1,1,0,1,0,-1.5434724882611415,4.031259610411566,-8.00832849994825,10.794181823730469,12.612441062927246,0.042207710444927216,2.4183236714045715,0.10214824229478836,5.852663168171104,0.0932818353176117
sac,10,60052,6,1790,254,2,1,1,0,1,0,-0.7719889611298612,2.227830122339739,-6.070139379552072,20.9106388092041,21.354089736938477,0.0116604994982481,0.6680974082640302,0.1593552678823471,9.130384292835128,0.0913381353020668
sac,10,60052,6,1791,255,2,1,1,0,1,0,-15.910638803599563,5.007922020210029,19.215808324103755,15.369359016418457,15.784211158752441,0.0569726936519146,3.2642948937464835,0.290630578994751,16.651905573842708,0.20228798687458038
sac,10,70059,7,1792,0,2,1,1,0,1,0,-8.218643684871283,8.916798301073307,32.6945992548553,21.45379066467285,21.42162322998047,0.039619699120521545,2.270041545184064,0.09855640679597855,5.646866153384035,0.08889789879322052
sac,10,70059,7,1793,1,2,1,1,0,1,0,-6.98505687925362,-0.2360649980939807,-17.00177518388744,18.15028953552246,20.289440155029297,0.018481427803635597,1.0589078125240545,0.13223348557949066,7.576420634008848,0.08459816873073578
sac,10,70059,7,1794,2,1,1,1,0,1,0,-1.2923400928581126,-1.251304316324676,-27.10324247574278,10.033663749694824,12.221961975097656,0.06590785086154938,3.776241691144446,0.04081948101520538,2.3387839840856572,0.08631759136915207
sac,10,70059,7,1795,3,2,1,1,0,1,0,-8.700253983627222,4.529904400957516,-1.6805134037682772,20.932674407958984,22.14851951599121,0.027991754934191704,1.603809418893682,0.06991658359766006,4.005925158119519,0.06295004487037659
sac,10,70059,7,1796,4,2,1,1,0,1,0,-1.859355076995891,9.884841012139214,-2.534232408506511,13.309176445007324,13.171965599060059,0.008214311674237251,0.47064539053883564,0.21217943727970123,12.156986255587642,0.11430402845144272
sac,10,70059,7,1797,5,2,1,1,0,1,0,-12.161957779529764,4.683447053499403,-0.148911784284618,16.270763397216797,16.174606323242188,0.016512004658579826,0.9460681782369779,0.20781761407852173,11.907072195177813,0.12042081356048584
sac,10,70059,7,1798,6,2,1,1,0,1,0,-12.431121874341628,6.634517910670226,22.81356948827295,15.025460243225098,15.56056022644043,0.03956767916679382,2.267061021385,0.23167693614959717,13.274110651893771,0.1554061472415924
sac,10,70059,7,1799,7,2,1,1,0,1,0,0.45453542888600856,2.7528121223252593,-4.1815647532868665,10.709624290466309,13.573150634765625,0.03440505266189575,1.971264311451965,0.04558166116476059,2.61163680793615,0.05719588324427605
sac,10,70059,7,1800,8,2,1,1,0,1,0,9.36899780526317,0.40359587805605346,13.465977495868598,20.079666137695312,21.146984100341797,0.042136386036872864,2.414237083846788,0.0948026180267334,5.431789899722681,0.08953769505023956
sac,10,70059,7,1801,9,2,1,1,0,1,0,7.208130857546236,6.6212536833020605,28.366595245763357,21.091716766357422,21.236482620239258,0.03480857238173485,1.9943842883490466,0.09823274612426758,5.628321762900628,0.08392494916915894
sac,10,70059,7,1802,10,2,1,1,0,1,0,7.791060182450145,4.235058794866406,7.038318694401379,24.399375915527344,23.18299674987793,0.051964081823825836,2.977322574777694,0.11905649304389954,6.821434575044087,0.1114923283457756
sac,10,70059,7,1803,11,2,1,1,0,1,0,-4.830869856544958,7.284000598846738,1.5326398082375012,12.757906913757324,14.089437484741211,0.016365215182304382,0.9376577607694592,0.2593783736228943,14.86128610555924,0.14605440199375153
sac,10,70059,7,1804,12,2,1,1,0,1,0,-16.90505970524006,-4.328550424225541,0.13215050006140672,20.264713287353516,22.737781524658203,0.04015352949500084,2.300627772617616,0.3084627091884613,17.673611373670113,0.1943848878145218
sac,10,70059,7,1805,13,2,1,1,0,1,0,10.441679014413673,9.627766352158273,0.20422265618338126,16.61229133605957,19.0977783203125,0.027044052258133888,1.5495100553223153,0.2635306715965271,15.099195254729123,0.15880939364433289
sac,10,70059,7,1806,14,1,1,1,0,1,0,16.197493088361757,9.776965004388032,-26.41344801108485,16.112852096557617,17.35841178894043,0.04568728432059288,2.617688568984193,0.38772740960121155,22.215144171689573,0.23955099284648895
sac,10,70059,7,1807,15,2,1,1,0,1,0,-6.999810087860848,3.3969672629491616,-2.864758922821768,23.55933952331543,22.88240623474121,0.021674085408449173,1.2418336187102186,0.2644910216331482,15.154219258682746,0.15391959249973297
sac,10,70059,7,1808,16,2,1,1,0,1,0,4.473049906306331,3.7614671381960623,6.099386249578067,12.94255256652832,14.09047794342041,0.04129040613770485,2.365766006071558,0.18899214267730713,10.828452136543985,0.13578647375106812
sac,10,70059,7,1809,17,1,1,1,0,1,0,1.18386302845997,5.476582280299624,16.281244867964453,11.610634803771973,12.196196556091309,0.03330583497881889,1.9082837774455121,0.13525472581386566,7.749524948333651,0.10093319416046143
sac,10,70059,7,1810,18,2,1,1,0,1,0,-11.503418260513815,2.5490402586270986,-7.615565301915837,20.96542739868164,21.611717224121094,0.02763967029750347,1.5836364551800495,0.17911969125270844,10.262802336466564,0.11719951778650284
sac,10,70059,7,1811,19,1,1,1,0,1,0,10.789745454517522,5.737686751890871,-20.76805077525919,13.753408432006836,14.587246894836426,0.021397482603788376,1.2259854454016734,0.13596796989440918,7.790390823911483,0.08938147127628326
sac,10,70059,7,1812,20,2,1,1,0,1,0,16.013433150608254,5.170248296024552,-0.8057574163864042,19.23989486694336,18.759485244750977,0.026872863993048668,1.5397016902307654,0.1888887882232666,10.822530362533584,0.12131725996732712
sac,10,70059,7,1813,21,1,1,1,0,1,0,-1.0649767557667282,-1.3285674162158603,25.087380444105214,11.755894660949707,12.674979209899902,0.01891985721886158,1.084027967630892,0.1546621471643448,8.861488282948189,0.09625092893838882
sac,10,70059,7,1814,22,2,1,1,0,1,0,-15.270677399126049,-0.938481652338092,1.6954715180506053,12.85819149017334,13.087803840637207,0.03817424923181534,2.187223367063544,0.3116929233074188,17.858689009609947,0.19402071833610535
sac,10,70059,7,1815,23,2,1,1,0,1,0,-3.223589741057558,6.284648300625492,-1.0742111715245855,13.10672664642334,13.700013160705566,0.008791393600404263,0.5037097493414856,0.1459774374961853,8.363891072666188,0.08178011327981949
sac,10,70059,7,1816,24,2,1,1,0,1,0,-7.393666116160463,10.934955276271994,-0.7346141659915514,17.681411743164062,18.929407119750977,0.02316521853208542,1.3272692533867347,0.07858888804912567,4.502811601841015,0.062459662556648254
sac,10,70059,7,1817,25,1,1,1,0,1,0,-11.353591230880415,4.543168628325682,-27.580372170403187,22.464387893676758,22.628829956054688,0.022957734763622284,1.3153813091363276,0.050766702741384506,2.9087178068765587,0.048341087996959686
sac,10,70059,7,1818,26,2,1,1,0,1,0,-6.059265718393411,-1.798757638679538,-17.75708482306413,18.38829803466797,16.989776611328125,0.018901493400335312,1.0829757983335926,0.31963449716567993,18.313707674379735,0.17871874570846558
sac,10,70059,7,1819,27,2,1,1,0,1,0,7.583914205301998,13.294321181647838,-25.713872715535462,23.966814041137695,23.19696807861328,0.05246458575129509,3.005999337451404,0.4031505584716797,23.098825508769362,0.25403985381126404
sac,10,70059,7,1820,28,1,1,1,0,1,0,-9.822699951070437,5.085349044641293,18.66294549192624,11.63857650756836,12.068754196166992,0.020517250522971153,1.1755518621788281,0.3061678111553192,17.542123401958197,0.1736011505126953
sac,10,70059,7,1821,29,1,1,1,0,1,0,-0.6396472157716941,8.883986072300566,-18.977065891855126,15.048931121826172,13.58911418914795,0.042822886258363724,2.453570649173011,0.4314917325973511,24.722655172615703,0.25856876373291016
sac,10,70059,7,1822,30,2,1,1,0,1,0,7.3473710939661165,6.124398402318653,1.543854978854662,12.118631362915039,13.485897064208984,0.02293562889099121,1.3141147359321133,0.18470466136932373,10.582797552855306,0.11528795957565308
sac,10,70059,7,1823,31,1,1,1,0,1,0,-4.97107997982698,-2.103657283228907,36.61497757428087,20.873863220214844,19.803007125854492,0.0677047148346901,3.8791944131645173,0.19449679553508759,11.143845512979432,0.1649531126022339
sac,10,70059,7,1824,32,2,1,1,0,1,0,-1.4780665967690994,0.13945880247332035,15.294350834789313,14.309470176696777,16.545787811279297,0.02473815158009529,1.4173916784943488,0.1814338117837906,10.395391676182143,0.11545506119728088
sac,10,70059,7,1825,33,2,1,1,0,1,0,6.840748642469591,4.159175393187565,1.534033166828184,12.86203384399414,13.817570686340332,0.015754535794258118,0.9026684091987764,0.1765439510345459,10.115223292843744,0.10402651131153107
sac,10,70059,7,1826,34,2,1,1,0,1,0,0.3850997257836589,-2.5913874314811776,-11.72007186098662,21.156696319580078,23.300594329833984,0.03985672444105148,2.283622095688165,0.06986088305711746,4.0027337522298305,0.07478716969490051
sac,10,70059,7,1827,35,2,1,1,0,1,0,-2.9763368931030962,3.137870866973898,14.073235954596093,21.68963050842285,23.545936584472656,0.01946304552257061,1.1151503649142898,0.13517941534519196,7.745209976325495,0.08705275505781174
sac,10,70059,7,1828,36,1,1,1,0,1,0,8.430666417086819,-4.709128564778651,43.579284338836,18.685178756713867,18.698434829711914,0.03740454837679863,2.1431227565834754,0.297445684671402,17.042382366050457,0.18612739443778992
sac,10,70059,7,1829,37,2,1,1,0,1,0,15.01410817314369,0.9257638401035283,-3.937645037647371,20.278291702270508,20.116960525512695,0.047993410378694534,2.749819859138559,0.24950431287288666,14.29554409792802,0.17274557054042816
sac,10,70059,7,1830,38,1,1,1,0,1,0,-9.862861463390113,0.05846641929530915,-23.516081765165442,10.912841796875,12.50743293762207,0.029162868857383728,1.670909304021593,0.06672541052103043,3.823084409132863,0.06252557039260864
sac,10,70059,7,1831,39,1,1,1,0,1,0,6.9450729518523655,-5.6939872015811295,42.32994711699229,16.37651824951172,16.61692237854004,0.060988087207078934,3.4943599975414315,0.3255448639392853,18.652346745881673,0.22376051545143127
sac,10,70059,7,1832,40,2,1,1,0,1,0,-18.218040629769952,-0.5302002645114098,-0.2523481690752911,13.980913162231445,15.50389289855957,0.04178884997963905,2.394324734538674,0.3525812327861786,20.20141657416764,0.21807946264743805
sac,10,70059,7,1833,41,1,1,1,0,1,0,6.941439291213919,-1.1533867243833733,-34.37105552625658,16.13951301574707,14.598222732543945,0.07540873438119888,4.320602218465762,0.058933742344379425,3.376654707244367,0.1048756092786789
sac,10,70059,7,1834,42,2,1,1,0,1,0,16.282105471799877,5.087657648580758,6.617879569852074,22.028705596923828,21.127471923828125,0.018281765282154083,1.0474679927162236,0.19534562528133392,11.192479874964508,0.11595457792282104
sac,10,70059,7,1835,43,2,1,1,0,1,0,-1.1758990278877353,-2.5536301457493473,25.63038048312123,14.338155746459961,16.313600540161133,0.025338822975754738,1.451807614339868,0.07000294327735901,4.01087320328637,0.06034029275178909
sac,10,70059,7,1836,44,2,1,1,0,1,0,0.9368424069372889,-2.0306015798664507,29.817354746230745,16.026065826416016,16.018522262573242,0.03026757575571537,1.734204346894984,0.21543845534324646,12.343714235985681,0.13798680901527405
sac,10,70059,7,1837,45,2,1,1,0,1,0,-10.946511956347656,-1.9699495000367375,0.35511519532730296,15.940910339355469,17.506200790405273,0.03174988180398941,1.8191342274078017,0.16165216267108917,9.261986670215641,0.112575963139534
sac,10,70059,7,1838,46,2,1,1,0,1,0,-4.549356779713713,2.14808083359067,-17.70872708374044,22.6943302154541,22.905969619750977,0.025182709097862244,1.4428629480132074,0.03227943927049637,1.8494756352482908,0.04132242873311043
sac,10,70059,7,1839,47,2,1,1,0,1,0,-17.609989869098737,3.099471543460086,-9.61489827576197,18.390064239501953,17.7745361328125,0.020689915865659714,1.1854448575830627,0.4085486829280853,23.408115257407758,0.22496426105499268
sac,10,70059,7,1840,48,2,1,1,0,1,0,-8.499610346568927,8.798677009567106,14.636726561122144,22.228899002075195,20.82670021057129,0.032391082495450974,1.8558723208494192,0.029897643253207207,1.7130087757965533,0.04733990505337715
sac,10,70059,7,1841,49,1,1,1,0,1,0,5.45341427863494,1.9466995361020143,-24.48952032567566,14.971235275268555,16.907806396484375,0.06424298882484436,3.680852122969694,0.12641417980194092,7.2429989732591515,0.12745007872581482
sac,10,70059,7,1842,50,2,1,1,0,1,0,13.898984168490728,1.8634668508762389,23.512666670580433,16.089420318603516,16.76556396484375,0.01932649500668049,1.1073265966634518,0.20009538531303406,11.46462107848085,0.11937418580055237
sac,10,70059,7,1843,51,2,1,1,0,1,0,17.37798200337174,5.766141319973144,-1.1210389484741927,19.663681030273438,21.40586280822754,0.023536743596196175,1.3485560715436082,0.28878074884414673,16.545918113397033,0.1679271161556244
sac,10,70059,7,1844,52,1,1,1,0,1,0,2.7320346868700804,10.181120957956027,-20.691880505635208,10.351612091064453,12.162715911865234,0.03393684700131416,1.9444381031565052,0.7537330985069275,43.18572542376528,0.4108034074306488
sac,10,70059,7,1845,53,2,1,1,0,1,0,-1.5950540768730777,1.055742340008871,-0.25333171631577295,20.83562469482422,22.12983512878418,0.029674913734197617,1.700247314384325,0.17200635373592377,9.855238118502733,0.1156780868768692
sac,10,70059,7,1846,54,1,1,1,0,1,0,-10.100114914399676,0.9122810466819231,6.306477585212853,9.531319618225098,12.947122573852539,0.03825993835926056,2.1921329924163135,0.1672092229127884,9.580382768564956,0.12186454981565475
sac,10,70059,7,1847,55,2,1,1,0,1,0,2.061296449996488,1.3002767726736675,22.57814652796095,16.43462371826172,16.240575790405273,0.017257822677493095,0.9888004030055164,0.12855646014213562,7.365742595286158,0.08153605461120605
sac,10,70059,7,1848,56,1,1,1,0,1,0,14.824993895404376,7.432256684971035,-38.290819128656864,23.637203216552734,22.919387817382812,0.07619471848011017,4.365635790097771,0.2766982913017273,15.853644290070392,0.21454386413097382
sac,10,70059,7,1849,57,2,1,1,0,1,0,-0.9698458810067906,3.4775634951553123,0.8389384753743262,14.011388778686523,15.955777168273926,0.044390108436346054,2.543365865530699,0.1293037235736847,7.408557636098383,0.1090419739484787
sac,10,70059,7,1850,58,2,1,1,0,1,0,0.4410936165994235,7.655248700993611,-3.393415564580755,17.331750869750977,15.098556518554688,0.01202317513525486,0.6888771915967362,0.0964282900094986,5.52493404320779,0.06023731827735901
sac,10,70059,7,1851,59,2,1,1,0,1,0,10.230134395440038,0.9827002970247546,5.620234818923332,15.902219772338867,18.411821365356445,0.02627251297235489,1.5053041105186409,0.17603540420532227,10.08608570584447,0.11429021507501602
sac,10,70059,7,1852,60,2,1,1,0,1,0,-0.773518923503944,5.77987000020487,0.5913031368263438,19.08193588256836,18.057180404663086,0.026133239269256592,1.4973243151339504,0.12391883879899979,7.1000264653446825,0.08809265494346619
sac,10,70059,7,1853,61,1,1,1,0,1,0,6.811966225307157,-4.721040414691154,-40.79143334606857,12.042015075683594,15.454429626464844,0.10094446688890457,5.783691917932315,0.14432325959205627,8.2691136601958,0.1731061041355133
sac,10,70059,7,1854,62,2,1,1,0,1,0,-6.647809458795071,-3.175450567787308,2.8654419417387693,14.814127922058105,16.770212173461914,0.009475714527070522,0.5429184502719437,0.28871071338653564,16.541905377259653,0.15383106470108032
sac,10,70059,7,1855,63,2,1,1,0,1,0,9.752512927159387,0.7918511512362583,22.21357835082235,20.761568069458008,19.790283203125,0.02125733532011509,1.2179555975369714,0.1723601371049881,9.875508412412037,0.10743740200996399
sac,10,70059,7,1856,64,2,1,1,0,1,0,-5.528915189720261,5.925571595579582,14.395347675853895,24.40519905090332,23.53103256225586,0.027521006762981415,1.5768375354698305,0.08287599682807922,4.748444841188537,0.06895900517702103
sac,10,70059,7,1857,65,2,1,1,0,1,0,-5.071948213489729,3.871269259293187,8.235336667202795,19.695398330688477,22.211692810058594,0.004841862712055445,0.27741829838254356,0.1311219483613968,7.512734242640357,0.0704028382897377
sac,10,70059,7,1858,66,2,1,1,0,1,0,0.3157323245730094,0.5995266845870393,-0.1080399322912617,15.187508583068848,15.837981224060059,0.016616668552160263,0.9520649776065433,0.06290041655302048,3.603928398102895,0.0480668768286705
sac,10,70059,7,1859,67,2,1,1,0,1,0,15.433044656075591,-1.380476853907957,-3.5618753502699496,15.149378776550293,16.80792999267578,0.04001006856560707,2.2924080668383287,0.1503436267375946,8.614055288754368,0.11518187820911407
sac,10,70059,7,1860,68,2,1,1,0,1,0,-1.8206688855369388,-0.26136401877970794,9.798794288975392,15.937967300415039,17.057573318481445,0.024793649092316628,1.4205714517181072,0.18850937485694885,10.800791577952726,0.1190483346581459
sac,10,70059,7,1861,69,2,1,1,0,1,0,-13.191239966694006,1.7180248026899874,-5.727701015324313,22.30799102783203,23.452054977416992,0.025389159098267555,1.454691661716906,0.2322089523077011,13.30459293238589,0.14149363338947296
sac,10,70059,7,1862,70,1,1,1,0,1,0,0.9228815002737829,-1.2024001618673847,-35.99385383153825,14.813979148864746,16.491954803466797,0.05393366515636444,3.0901713871314676,0.07965788245201111,4.5640604694494575,0.09376260638237
sac,10,70059,7,1863,71,1,1,1,0,1,0,19.266747874933706,-1.613468266875432,-11.176443444566965,14.3659086227417,13.18087387084961,0.03940888121724129,2.2579625690803082,0.23848789930343628,13.664350095027864,0.15865282714366913
sac,10,70059,7,1864,72,1,1,1,0,1,0,-11.967980407101402,2.592029469263159,-53.46569629448431,13.873661041259766,15.137715339660645,0.04363229498267174,2.499946352976928,0.6782127618789673,38.85872886757591,0.3827386796474457
sac,10,70059,7,1865,73,2,1,1,0,1,0,10.52593622801495,6.857291360639362,-4.727652037807726,17.879812240600586,18.802059173583984,0.03835778683423996,2.197739297064425,0.25581103563308716,14.656892694646608,0.16626331210136414
sac,10,70059,7,1866,74,2,1,1,0,1,0,-2.702255062088825,-2.1711941937419934,-19.612273484666314,21.733306884765625,22.04501724243164,0.04429915174841881,2.538154431193979,0.17801691591739655,10.199617964002067,0.13330760598182678
sac,10,70059,7,1867,75,2,1,1,0,1,0,-6.242533354203194,10.631121141233146,15.580822628957987,19.5523624420166,21.11808967590332,0.035961199551820755,2.060424960547077,0.04492355138063431,2.5739298948494485,0.05842297524213791
sac,10,70059,7,1868,76,2,1,1,0,1,0,-1.3882359488050917,-0.21032884530137266,-0.19841699538887042,22.787464141845703,20.46601104736328,0.0237840935587883,1.362728180462856,0.2982708811759949,17.08966264303258,0.17291954159736633
sac,10,70059,7,1869,77,1,1,1,0,1,0,-1.5792080379986482,9.828792479810089,33.237326086304506,14.96908950805664,15.663530349731445,0.035362496972084045,2.026121829544569,0.09304596483707428,5.331141085887019,0.08188547939062119
sac,10,70059,7,1870,78,1,1,1,0,1,0,-12.252225559600653,-0.6974032953933219,-7.744300707392237,13.201000213623047,13.319636344909668,0.017807258293032646,1.0202807448901052,0.09726203233003616,5.572703959376036,0.06643827259540558
sac,10,70059,7,1871,79,2,1,1,0,1,0,-3.359209977217331,2.8724770365838825,-8.08378842989855,17.063615798950195,19.23021697998047,0.047940462827682495,2.7467861879300153,0.09806410223245621,5.618659179659175,0.0969725102186203
sac,10,70059,7,1872,80,2,1,1,0,1,0,-13.971466135962903,0.8030799822317592,-5.876763063770671,18.144554138183594,20.638689041137695,0.030976029112935066,1.7747957342455465,0.27836930751800537,15.949386466761045,0.1701606810092926
sac,10,70059,7,1873,81,2,1,1,0,1,0,-6.415910876094798,-0.22300567640091631,30.309305951390083,23.19985008239746,22.73600196838379,0.05010424926877022,2.8707620187719747,0.1160995364189148,6.652013440229213,0.10815401375293732
sac,10,70059,7,1874,82,2,1,1,0,1,0,-1.1757351033476549,-4.647274371655016,14.150499054487277,20.56235694885254,20.84544563293457,0.02988959662616253,1.7125477380275775,0.12508995831012726,7.167126670637711,0.09243457764387131
sac,10,70059,7,1875,83,2,1,1,0,1,0,-2.366428320977638,5.552943795220367,-5.910859368107375,21.14655876159668,21.549009323120117,0.0359327457845211,2.0587946797695595,0.04625841975212097,2.6504122187411356,0.05906195566058159
sac,10,70059,7,1876,84,2,1,1,0,1,0,8.772476403910938,9.274413345636834,-12.221025255472036,19.890396118164062,20.745250701904297,0.055519949644804,3.181058793426123,0.4051365554332733,23.212614752794483,0.25808823108673096
sac,10,70059,7,1877,85,2,1,1,0,1,0,-13.121134905052996,7.2245779530676275,5.970172730859765,13.514871597290039,15.009878158569336,0.04921937733888626,2.8200625917800277,0.12201067060232162,6.990696481073935,0.11022470891475677
sac,10,70059,7,1878,86,2,1,1,0,1,0,-14.933211412614058,-0.6033106093872262,10.56320174012654,16.60056495666504,16.110565185546875,0.056072428822517395,3.2127135185779587,0.3485311269760132,19.96936260466375,0.230337992310524
sac,10,70059,7,1879,87,2,1,1,0,1,0,-3.901745563369784,4.630827276133625,-0.8861350825391143,16.217784881591797,17.751367568969727,0.028172926977276802,1.6141898123282206,0.15970759093761444,9.150570916927101,0.10802672058343887
sac,10,70059,7,1880,88,1,1,1,0,1,0,4.623314068046611,-5.7769876603751245,-7.665726211180411,11.615872383117676,13.895279884338379,0.062042903155088425,3.554796499525466,0.2476491928100586,14.189253547837929,0.18586750328540802
sac,10,70059,7,1881,89,2,1,1,0,1,0,-7.214223386285888,5.585264250372867,5.686433012359096,13.044881820678711,12.495903015136719,0.04099910706281662,2.3490757985043973,0.1426272839307785,8.171941412647675,0.11231274902820587
sac,10,70059,7,1882,90,2,1,1,0,1,0,-1.9184771944515215,-1.1218039296612343,-0.2986841724046576,19.361461639404297,21.019378662109375,0.030554546043276787,1.7506465332179086,0.22416777908802032,12.84386764456456,0.1426384299993515
sac,10,70059,7,1883,91,2,1,1,0,1,0,1.3687972304272353,3.595835050823253,-13.765850121188839,18.299345016479492,18.607040405273438,0.024263370782136917,1.3901887425774806,0.15185920894145966,8.700891752540972,0.10019297897815704
sac,10,70059,7,1884,92,2,1,1,0,1,0,-9.59927080294098,5.783189472141497,1.5023137683226446,23.950328826904297,23.68109893798828,0.01570178009569645,0.8996457303259284,0.21620091795921326,12.387400125917083,0.12380223721265793
sac,10,70059,7,1885,93,1,1,1,0,1,0,-2.3206387327818723,0.6363823853484281,37.24530841202467,16.20493507385254,17.39645004272461,0.01992858573794365,1.1418238544487762,0.12390252947807312,7.09909201008886,0.08187985420227051
sac,10,70059,7,1886,94,2,1,1,0,1,0,6.444529368717151,6.733432710230351,3.273245216323551,24.077680587768555,22.508953094482422,0.033511143177747726,1.9200470707435666,0.14234428107738495,8.155726543558064,0.1046832799911499
sac,10,70059,7,1887,95,2,1,1,0,1,0,-0.9118712353317223,8.34030301436755,14.181590075589176,19.546457290649414,21.415332794189453,0.03729928657412529,2.1370916995463545,0.10477486252784729,6.00315742190905,0.08968672156333923
sac,10,70059,7,1888,96,2,1,1,0,1,0,-2.3479594894619233,0.912813801437184,8.215829646933237,18.134693145751953,19.29436683654785,0.017401881515979767,0.9970543664523595,0.1903984248638153,10.909026170635332,0.11260109394788742
sac,10,70059,7,1889,97,2,1,1,0,1,0,3.229299779203689,-1.1653532158092355,1.423752932489158,20.812633514404297,20.694080352783203,0.015025760047137737,0.8609126346772853,0.09280141443014145,5.31712937969156,0.061426468193531036
sac,10,70059,7,1890,98,2,1,1,0,1,0,9.417983921990501,2.7855970303413202,12.937976552269934,20.99648666381836,19.73865509033203,0.036366987973451614,2.0836749244818003,0.09627781063318253,5.516312210041119,0.08450589329004288
sac,10,70059,7,1891,99,2,1,1,0,1,0,-8.338035391563105,8.5599072565618,11.863259946746767,16.788846969604492,18.331932067871094,0.043378882110118866,2.485426864905362,0.10928213596343994,6.261405166879939,0.09801995009183884
sac,10,70059,7,1892,100,2,1,1,0,1,0,-7.961883213592164,4.861564726674996,-7.908662379579424,18.04603385925293,18.824193954467773,0.017410868778824806,0.997569298682755,0.15723426640033722,9.008859859574969,0.09602800011634827
sac,10,70059,7,1893,101,2,1,1,0,1,0,11.743595032488143,2.190346044174709,-14.279972120394039,14.113260269165039,15.371788024902344,0.02825317159295082,1.618787490134991,0.18357717990875244,10.518197623685326,0.12004175782203674
sac,10,70059,7,1894,102,2,1,1,0,1,0,-3.576683200390537,8.155573718075384,17.12527866445961,15.755013465881348,18.795244216918945,0.05114948749542236,2.930649757744881,0.11968223005533218,6.857286664884307,0.11099059879779816
sac,10,70059,7,1895,103,2,1,1,0,1,0,-5.3803449148941445,5.971852957395589,-5.382421292401828,20.219594955444336,21.84899139404297,0.04086899012327194,2.3416206470253282,0.08054003119468689,4.614603869307552,0.08113900572061539
sac,10,70059,7,1896,104,2,1,1,0,1,0,8.684203039077692,9.505505966015045,-2.6869554383479963,11.619837760925293,15.97929573059082,0.03136659413576126,1.7971734616789181,0.2373732030391693,13.600482703646367,0.1500532031059265
sac,10,70059,7,1897,105,1,1,1,0,1,0,11.566023774446153,-1.0019204493491705,25.528528702217997,10.902514457702637,12.019700050354004,0.01854834519326687,1.0627418965259587,0.6161691546440125,35.30389202724566,0.32663291692733765
sac,10,70059,7,1898,106,2,1,1,0,1,0,7.480327556349585,5.505200772921977,0.04573494668240538,19.238121032714844,18.075305938720703,0.029688525944948196,1.701027236610176,0.13918153941631317,7.974514794688456,0.09927929937839508
sac,10,70059,7,1899,107,2,1,1,0,1,0,-5.163035616261019,2.7244121957563463,1.4664689355584177,23.59088134765625,23.510276794433594,0.031278278678655624,1.7921133587209965,0.1456817239522934,8.346947934656326,0.10411913692951202
sac,10,70059,7,1900,108,1,1,1,0,1,0,11.248078468582058,6.092979532136595,-12.762577294384005,14.8323335647583,14.047115325927734,0.03377005457878113,1.9348816012905996,0.1457120180130005,8.348683656479155,0.10662606358528137
sac,10,70059,7,1901,109,2,1,1,0,1,0,17.96006438481857,3.6031296928568266,-8.281918557342282,21.10521697998047,21.39029884338379,0.05323995277285576,3.050424595360459,0.2575331926345825,14.755565022491197,0.18200655281543732
sac,10,70059,7,1902,110,2,1,1,0,1,0,-5.650765764513289,1.3238819064452314,-7.823093769657505,17.712995529174805,16.203874588012695,0.026466049253940582,1.5163929226361565,0.04029161110520363,2.308539266110606,0.04661185294389725
sac,10,70059,7,1903,111,2,1,1,0,1,0,5.3562343471239995,8.823142747174092,-20.913998257444025,22.356496810913086,23.384265899658203,0.050432104617357254,2.8895467465368023,0.28345105051994324,16.240548893342226,0.19215762615203857
sac,10,70059,7,1904,112,2,1,1,0,1,0,15.558706476425487,1.8540821709566413,28.699102514937916,22.816057205200195,22.369083404541016,0.019111432135105133,1.0950044017922198,0.19523854553699493,11.186344657542545,0.1167307049036026
sac,10,70059,7,1905,113,2,1,1,0,1,0,0.4504236550056609,1.1245769864642594,-6.493829674146303,18.53018569946289,19.87948989868164,0.0438367985188961,2.5116635424980847,0.04757112264633179,2.7256245543340234,0.0676223635673523
sac,10,70059,7,1906,114,2,1,1,0,1,0,17.326400414759807,0.2726065101535489,-0.5464834354927202,19.408655166625977,20.17528533935547,0.04740093648433685,2.715873605520184,0.2141437530517578,12.269533258957466,0.15447281301021576
sac,10,70059,7,1907,115,1,1,1,0,1,0,2.28711616433545,1.308623263839423,-29.80493746231966,15.92828369140625,16.036781311035156,0.04832877963781357,2.7690351022645086,0.11463985592126846,6.568379908276523,0.1056487113237381
sac,10,70059,7,1908,116,2,1,1,0,1,0,12.157285930137476,-1.5248397322053466,-6.3061360757543525,11.10593318939209,13.361233711242676,0.05066543444991112,2.902915561176633,0.11320412904024124,6.486118817460182,0.10726749897003174
sac,10,70059,7,1909,117,1,1,1,0,1,0,1.8400393020230952,6.4901550323728365,-56.01155368495819,18.17352867126465,19.621501922607422,0.02630889229476452,1.5073884921542582,0.2775857448577881,15.904491633346552,0.1651017665863037
sac,10,70059,7,1910,118,1,1,1,0,1,0,14.954289376392717,2.8832687354725026,0.865125420652155,12.620482444763184,12.66261100769043,0.010420639999210835,0.5970586917799903,0.3430980443954468,19.65806990305125,0.18196965754032135
sac,10,70059,7,1911,119,1,1,1,0,1,0,14.271106534851363,0.7028401259726521,27.331042944941043,13.189349174499512,13.497413635253906,0.019687267020344734,1.1279973104128491,0.45790886878967285,26.23624558325804,0.248641699552536
sac,10,70059,7,1912,120,2,1,1,0,1,0,8.293092746824422,12.441599384528427,1.5557395080104843,20.94273567199707,21.35735321044922,0.026842230930924416,1.5379465450574838,0.16910114884376526,9.68878213956129,0.1113928034901619
sac,10,70059,7,1913,121,2,1,1,0,1,0,16.329288418586323,7.718400630059549,-4.163423770851312,13.954693794250488,13.04568862915039,0.03683194890618324,2.110315223565789,0.24635544419288635,14.115127212323074,0.16000966727733612
sac,10,70059,7,1914,122,2,1,1,0,1,0,-10.875751196546323,0.7599268470556186,5.43658469252003,18.612524032592773,21.583477020263672,0.03720554709434509,2.131720822981197,0.22913198173046112,13.128295504624107,0.15177154541015625
sac,10,70059,7,1915,123,2,1,1,0,1,0,14.142617016185083,1.7708221649741858,-3.9671514548618263,13.004478454589844,15.78536319732666,0.025357121601700783,1.4528560483774648,0.30143263936042786,17.270818042841533,0.17607344686985016
sac,10,70059,7,1916,124,2,1,1,0,1,0,10.319883081134005,4.929525108916622,7.9171181537719,21.720142364501953,22.864501953125,0.009136867709457874,0.5235039577212999,0.13213086128234863,7.5705406949071135,0.07520230114459991
sac,10,70059,7,1917,125,1,1,1,0,1,0,3.1811059644200785,15.056100176160928,-23.917751529875552,12.036725044250488,13.611873626708984,0.044080737978219986,2.5256402439740464,0.5581002235412598,31.976787354221976,0.32313084602355957
sac,10,70059,7,1918,126,2,1,1,0,1,0,19.828039160547014,3.0942259581775167,9.42275139403117,13.439264297485352,15.778205871582031,0.022941691800951958,1.3144621150844318,0.2764950692653656,15.842000525082812,0.1611892282962799
sac,10,70059,7,1919,127,2,1,1,0,1,0,9.189964886738796,2.0243997681000794,8.895843280699708,22.242355346679688,23.255739212036133,0.008647245354950428,0.495450663252765,0.1595551073551178,9.141834251205008,0.08842480182647705
sac,10,70059,7,1920,128,2,1,1,0,1,0,6.430322575243524,-1.3970332324560681,-5.047140966424243,20.570314407348633,20.413360595703125,0.04191792011260986,2.4017199084190937,0.2597840130329132,14.8845275317575,0.17180992662906647
sac,10,70059,7,1921,129,2,1,1,0,1,0,-5.551919266844864,9.860908029287488,0.7955940949014253,24.133939743041992,23.67009925842285,0.012330284342169762,0.70647325300257,0.03758016228675842,2.153184692447962,0.031120365485548973
sac,10,70059,7,1922,130,2,1,1,0,1,0,-0.24305911180407375,6.088826777121227,-1.5469149036028278,16.7327823638916,14.8107271194458,0.007857004180550575,0.4501731791621918,0.11103411018848419,6.361785895790677,0.06337405741214752
sac,10,70059,7,1923,131,2,1,1,0,1,0,-8.618510279640509,9.546487101035122,3.1761745678393294,13.575729370117188,13.426151275634766,0.03918520361185074,2.245146786319837,0.022283203899860382,1.2767335374914566,0.05032680556178093
sac,10,70059,7,1924,132,1,1,1,0,1,0,10.883086819714917,8.13729613185643,-4.868408576223349,11.467771530151367,12.518710136413574,0.015418997034430504,0.8834434543976003,0.40289759635925293,23.084331847350594,0.21686778962612152
sac,10,70059,7,1925,133,2,1,1,0,1,0,-16.314603511870796,0.09503525211155742,9.094492502520358,17.575227737426758,20.048124313354492,0.042212583124637604,2.418602855386896,0.27214017510414124,15.592483469418491,0.17828267812728882
sac,10,70059,7,1926,134,2,1,1,0,1,0,15.761918264611705,2.1048593965228295,6.768143731592355,19.821928024291992,22.98518180847168,0.021051542833447456,1.2061645565954138,0.24854440987110138,14.240545707183786,0.1453237533569336
sac,10,70059,7,1927,135,2,1,1,0,1,0,3.8869377132491962,4.6577928629768355,12.249438842419288,22.973068237304688,23.634597778320312,0.02416875772178173,1.3847678135323118,0.18863733112812042,10.808122932253088,0.11848742514848709
sac,10,70059,7,1928,136,1,1,1,0,1,0,-8.992148947996887,4.282788156786455,-22.18118959377815,12.892135620117188,14.615994453430176,0.017917834222316742,1.026616278953821,0.4047662615776062,23.19139847768513,0.22030097246170044
sac,10,70059,7,1929,137,2,1,1,0,1,0,0.24575020633705877,2.3406238662933294,-16.126964554992206,15.883007049560547,16.873781204223633,0.04912230744957924,2.814500896804933,0.01679554209113121,0.9623136764561474,0.057520076632499695
sac,10,70059,7,1930,138,2,1,1,0,1,0,3.689599887749188,5.210573732884307,3.596026296120013,21.214162826538086,22.113658905029297,0.006407176610082388,0.36710417835265874,0.02457459270954132,1.4080204455096799,0.018694473430514336
sac,10,70059,7,1931,139,2,1,1,0,1,0,-16.19329935221137,2.6769423810247575,-2.037759618116624,14.536465644836426,15.41883659362793,0.025330398231744766,1.4513249120646186,0.4202502965927124,24.078568333883503,0.23545554280281067
sac,10,70059,7,1932,140,2,1,1,0,1,0,-1.6708964974168994,-0.7290953731421811,15.226540716709426,17.106538772583008,15.641239166259766,0.01947041042149067,1.1155723425389497,0.17855288088321686,10.230326494510445,0.10874684900045395
sac,10,70059,7,1933,141,2,1,1,0,1,0,-18.507476726038412,-1.738269483389905,9.033881403825665,19.436349868774414,22.62179183959961,0.03981207683682442,2.2810639764005836,0.28379443287849426,16.260223253246448,0.18170928955078125
sac,10,70059,7,1934,142,2,1,1,0,1,0,-5.609948554033293,4.264251023379041,8.410708604332042,14.660916328430176,16.23737335205078,0.026475021615624428,1.5169070010929058,0.1364770084619522,7.8195565854410845,0.09471352398395538
sac,10,70059,7,1935,143,2,1,1,0,1,0,10.06517166660589,4.7207125656109925,12.913975267526508,18.744033813476562,20.12918472290039,0.017921285703778267,1.026814034274634,0.12526442110538483,7.177122652488025,0.08055349439382553
sac,10,70059,7,1936,144,2,1,1,0,1,0,4.057924668931296,10.470816601412947,-1.023667771666491,17.822402954101562,17.821741104125977,0.01805524155497551,1.0344891391893185,0.40438687801361084,23.169661400651563,0.22024868428707123
sac,10,70059,7,1937,145,2,1,1,0,1,0,-2.359106358187384,4.729209320938489,-9.587358953028478,22.17540740966797,21.12367057800293,0.024828912690281868,1.4225919070519615,0.10125268250703812,5.801351372031383,0.07545525580644608
sac,10,70059,7,1938,146,2,1,1,0,1,0,4.613587878668513,2.184608685271898,-7.9353820796125145,16.088762283325195,15.409873962402344,0.04343635216355324,2.4887196564155425,0.060684312134981155,3.4769549679889464,0.07377851009368896
sac,10,70059,7,1939,147,2,1,1,0,1,0,11.385023761440815,-1.4040819876795212,25.055920592788137,20.9039249420166,23.74785804748535,0.008266274817287922,0.47362265932587366,0.17324846982955933,9.926406128333326,0.09489051252603531
sac,10,70059,7,1940,148,2,1,1,0,1,0,-0.7009549937617285,-0.6721589162209548,0.07167600515011381,12.974261283874512,12.946197509765625,0.022348733618855476,1.2804881138225537,0.1602412462234497,9.18114711252031,0.10246935486793518
sac,10,70059,7,1941,149,2,1,1,0,1,0,-4.079986179950437,9.97870147171353,-1.2258960126122285,20.399782180786133,21.647550582885742,0.007191929500550032,0.4120672069371469,0.21522089838981628,12.331249140750408,0.11480237543582916
sac,10,70059,7,1942,150,2,1,1,0,1,0,1.06589200111551,-0.8093637562681709,17.046622205977744,21.82988166809082,20.25567626953125,0.02471195161342621,1.415890530980827,0.1140545979142189,6.534847094546345,0.08173924684524536
sac,10,70059,7,1943,151,2,1,1,0,1,0,-10.018917625546564,6.424653518232414,1.2093669548207977,21.52853775024414,22.767257690429688,0.02036004327237606,1.1665445502108738,0.13053476810455322,7.479091292109812,0.08562742918729782
sac,10,70059,7,1944,152,2,1,1,0,1,0,-0.8785399121820601,4.901862842778071,2.767128198825606,20.294933319091797,19.516284942626953,0.046574048697948456,2.6684964252292134,0.22120629251003265,12.674186962561224,0.15717719495296478
sac,10,70059,7,1945,153,2,1,1,0,1,0,6.768580863699236,4.606265915878259,19.994285964945128,19.640472412109375,20.882780075073242,0.008300498127937317,0.4755835105870491,0.1618124395608902,9.271169859554725,0.08920671790838242
sac,10,70059,7,1946,154,2,1,1,0,1,0,11.39337025260657,4.313728913726613,0.5656216255470959,15.79583740234375,14.167370796203613,0.03262345492839813,1.8691862805324782,0.10591518133878708,6.0684928770752755,0.08558104932308197
sac,10,70059,7,1947,155,2,1,1,0,1,0,-7.378530416959714,7.508249369676597,8.962410304350652,14.216410636901855,17.005685806274414,0.06576071679592133,3.7678115301613575,0.07557322084903717,4.330026598859909,0.10354732722043991
sac,10,70059,7,1948,156,1,1,1,0,1,0,-2.9067782465956866,-0.17705216366507054,-25.219749510220062,18.19583511352539,17.87537956237793,0.07463312894105911,4.276163300178366,0.028266210108995438,1.6195345420754612,0.08876623213291168
sac,10,70059,7,1949,157,1,1,1,0,1,0,1.8377306980836308,1.2222077104604216,23.539823502720406,12.705235481262207,13.719552993774414,0.040385179221630096,2.3139003242788316,0.5020194053649902,28.76359316108118,0.2913948893547058
sac,10,70059,7,1950,158,2,1,1,0,1,0,-8.638672998070387,0.09294521422553352,-16.411974688678498,15.765024185180664,15.97480297088623,0.010420368053019047,0.5970431104109463,0.09899129718542099,5.671783537249888,0.05991601571440697
sac,10,70059,7,1951,159,1,1,1,0,1,0,0.6072174775924736,7.912186757191151,-61.548378233737324,10.494294166564941,12.510577201843262,0.033682286739349365,1.9298528745141779,0.42068928480148315,24.103720505502075,0.24402692914009094
sac,10,70059,7,1952,160,2,1,1,0,1,0,13.858645071252631,2.4458907417815663,-6.47049774794154,14.901934623718262,15.688275337219238,0.05098172277212143,2.9210375471485577,0.07308138161897659,4.18725472775231,0.08752241730690002
sac,10,70059,7,1953,161,2,1,1,0,1,0,-6.176417123037471,1.8949676833283375,21.17925548405064,18.479087829589844,19.801753997802734,0.02844133973121643,1.6295687302964446,0.09072751551866531,5.198303724927203,0.07380509376525879
sac,10,70059,7,1954,162,1,1,1,0,1,0,15.840970874065432,8.114783828352069,-7.6505905119796624,12.076988220214844,12.560513496398926,0.04642977938055992,2.660230402229617,0.3529820442199707,20.224381377704518,0.22292080521583557
sac,10,70059,7,1955,163,2,1,1,0,1,0,-7.288863693535787,9.566362951519858,-4.099493200219993,16.077613830566406,15.974416732788086,0.013412974774837494,0.7685068453136241,0.039571430534124374,2.2672759589004436,0.03319869190454483
sac,10,70059,7,1956,164,1,1,1,0,1,0,-10.308845495435266,14.136920638417292,-37.22585603326848,15.58875560760498,18.073246002197266,0.04423118010163307,2.5342599427066026,0.3997403085231781,22.903432579635513,0.24410133063793182
sac,10,70059,7,1957,165,2,1,1,0,1,0,-0.36813353588534725,6.6208848530868805,17.10909111612668,14.861266136169434,15.362253189086914,0.04667752608656883,2.6744252428721964,0.040021833032369614,2.2930821211320445,0.06668844074010849
sac,10,70059,7,1958,166,1,1,1,0,1,0,2.0803936589158436,3.5373686315279436,-27.289351470247286,14.621039390563965,14.595291137695312,0.018857257440686226,1.080441264542989,0.18594983220100403,10.654140586283383,0.11183217167854309
sac,10,70059,7,1959,167,2,1,1,0,1,0,-1.3084593392993427,-1.7827476752650282,5.422200314127982,19.12145233154297,20.983509063720703,0.028515780344605446,1.6338338632680003,0.12414750456809998,7.113128048833237,0.09058953076601028
sac,10,70059,7,1960,168,2,1,1,0,1,0,-12.940271495831057,-2.0353553915287796,-8.818443577025123,12.338594436645508,13.803805351257324,0.02866901457309723,1.6426135378375228,0.29052016139030457,16.645579111123983,0.1739290952682495
sac,10,70059,7,1961,169,2,1,1,0,1,0,-10.352394781583266,4.149080373594286,16.458556578817987,13.413625717163086,16.964794158935547,0.03181398659944534,1.822807161633976,0.07419131696224213,4.250849338453829,0.0689096450805664
sac,10,70059,7,1962,170,2,1,1,0,1,0,4.0528976497021665,-1.281848922292973,-9.263225495776354,13.390972137451172,14.940220832824707,0.05735267698764801,3.286066335169311,0.008013758808374405,0.45915455775564123,0.061359554529190063
sac,10,70059,7,1963,171,2,1,1,0,1,0,6.33176294552024,3.2008725318780957,7.805430900463851,17.993247985839844,21.04563331604004,0.023086408153176308,1.3227537512934158,0.12412495166063309,7.1118358624196345,0.085148885846138
sac,10,70059,7,1964,172,2,1,1,0,1,0,-7.4941518592296905,5.5693772303634175,-0.13760099101907688,12.09507942199707,13.593138694763184,0.03237426280975342,1.854908623846213,0.285171777009964,16.339139258916774,0.1749601513147354
sac,10,70059,7,1965,173,1,1,1,0,1,0,-0.6768580863699236,15.14303482391685,-32.856939191048156,13.93465805053711,17.673057556152344,0.05355187505483627,3.0682964256540326,0.5823593139648438,33.36673085031957,0.34473153948783875
sac,10,70059,7,1966,174,1,1,1,0,1,0,13.424477266471602,-0.4257256909668948,-18.12684394397194,12.258759498596191,14.479249000549316,0.06488808989524841,3.7178136916632183,0.34055233001708984,19.512211213325628,0.23516425490379333
sac,10,70059,7,1967,175,2,1,1,0,1,0,12.503289653111981,1.5865026800322217,17.88057464325796,15.544055938720703,16.535186767578125,0.008261928334832191,0.4733736242254326,0.2502707242965698,14.33945623787568,0.13339729607105255
sac,10,70059,7,1968,176,1,1,1,0,1,0,12.47534051902829,0.3566997992147459,42.88767304385885,21.45626449584961,23.29582977294922,0.03848951309919357,2.205286656097289,0.16954368352890015,9.71413750930767,0.12326135486364365
sac,10,70059,7,1969,177,2,1,1,0,1,0,-9.227817795119007,2.803656050506834,7.14036172060137,14.764676094055176,15.791433334350586,0.04601876065135002,2.6366807637450593,0.11321963369846344,6.4870071689391064,0.10262857377529144
sac,10,70059,7,1970,178,1,1,1,0,1,0,9.732158963432749,3.3365064284162087,-3.8194554442494706,12.24092960357666,12.512765884399414,0.022726671770215034,1.302142374812433,0.3629523813724518,20.795639616864165,0.20420286059379578
sac,10,70059,7,1971,179,2,1,1,0,1,0,-4.539412024282174,2.5805957325925575,6.7338971630939115,21.713951110839844,19.933399200439453,0.012738849967718124,0.7298823390006135,0.17920321226119995,10.267587737753804,0.1023404598236084
sac,10,70059,7,1972,180,2,1,1,0,1,0,5.892390536591661,9.28793712019346,2.1396387197765345,18.725311279296875,20.09625244140625,0.02830984629690647,1.6220347114768032,0.18816520273685455,10.781071968045254,0.1223924458026886
sac,10,70059,7,1973,181,2,1,1,0,1,0,-10.446869958182884,-2.062730789722191,-14.866931256908254,16.31770133972168,18.847686767578125,0.02802247926592827,1.605569793430547,0.27512267231941223,15.76336797226304,0.16558381915092468
sac,10,70059,7,1974,182,2,1,1,0,1,0,12.289422769820543,-1.7699069196254043,-19.214756474971573,23.987194061279297,23.81743621826172,0.0663531944155693,3.8017579972231443,0.18868452310562134,10.810826833390767,0.16069546341896057
sac,10,70059,7,1975,183,1,1,1,0,1,0,0.0897213649372875,12.189620045668317,44.53178153935095,13.615928649902344,16.34510612487793,0.04504036158323288,2.5806226264624144,0.3455287218093872,19.79733746022781,0.21780472993850708
sac,10,70059,7,1976,184,2,1,1,0,1,0,10.966688335155872,1.2674372231442461,14.499193871994768,12.697264671325684,13.274641036987305,0.021773599088191986,1.2475353325632983,0.16516999900341034,9.463543845075426,0.10435859858989716
sac,10,70059,7,1977,185,2,1,1,0,1,0,-1.066506718140811,1.992106633704259,1.8740809648464387,20.304880142211914,20.24397850036621,0.041250649839639664,2.3634881379833588,0.11051508039236069,6.332047679031265,0.09650819003582001
sac,10,70059,7,1978,186,2,1,1,0,1,0,-3.1669811332164923,-0.28901262453991955,-0.12027963128392455,12.229061126708984,13.754632949829102,0.024950342252850533,1.4295493084952657,0.13900592923164368,7.964453072267381,0.09445330500602722
sac,10,70059,7,1979,187,2,1,1,0,1,0,-3.6619786027456565,6.199216294486973,-3.643017997609701,17.198564529418945,17.624521255493164,0.014342943206429482,0.8217901115242455,0.05913883447647095,3.3884056208245505,0.043912358582019806
sac,10,70059,7,1980,188,2,1,1,0,1,0,1.2558805430685847,1.5169303731464718,-13.834370578942407,14.077357292175293,17.68779754638672,0.027307016775012016,1.5645768123011288,0.22925981879234314,13.1356200287353,0.14193692803382874
sac,10,70059,7,1981,189,2,1,1,0,1,0,7.624348925188474,10.501074339436103,-14.856440086343115,14.170671463012695,15.210983276367188,0.044256407767534256,2.5357053814897066,0.30070173740386963,17.228940445492896,0.19460727274417877
sac,10,70059,7,1982,190,2,1,1,0,1,0,-0.2219128461337143,0.9755422587745812,25.082312443741063,19.713497161865234,19.83624267578125,0.03183683380484581,1.8241162100770913,0.19009606540203094,10.891702249579241,0.12688486278057098
sac,10,70059,7,1983,191,2,1,1,0,1,0,3.6199319582150578,-0.8398537207231079,-18.75773485722768,23.52393341064453,22.484390258789062,0.05657601356506348,3.2415667989530315,0.07546094805002213,4.323593841322227,0.09430648386478424
sac,10,70059,7,1984,192,2,1,1,0,1,0,5.592695496189841,-3.8038826129418415,11.167468575997567,15.460728645324707,17.8056583404541,0.0511263832449913,2.929325981706368,0.08449006080627441,4.840923895003217,0.09337141364812851
sac,10,70059,7,1985,193,1,1,1,0,1,0,9.403066788843194,8.052629106904954,-22.886502248230347,14.853147506713867,15.07475471496582,0.01846015267074108,1.0576888372006188,0.11011108756065369,6.308900594820916,0.07351569831371307
sac,10,70059,7,1986,194,2,1,1,0,1,0,1.1388384214512461,2.4295939104219157,-9.868216331699402,20.957426071166992,23.077417373657227,0.031119322404265404,1.7830058350713134,0.06832491606473923,3.9147293260951552,0.06528177857398987
sac,10,70059,7,1987,195,1,1,1,0,1,0,15.594032214812792,6.981259294075093,42.98542671126007,19.386606216430664,21.357894897460938,0.05976540967822075,3.4243057354323723,0.29378581047058105,16.832687020794605,0.20665831863880157
sac,10,70059,7,1988,196,1,1,1,0,1,0,10.036566834361876,-0.9655292014513425,33.78930099388992,14.944379806518555,12.876387596130371,0.024400433525443077,1.3980418592974084,0.3786036968231201,21.692393936015357,0.2137022763490677
sac,10,70059,7,1989,197,2,1,1,0,1,0,4.305792233911058,10.084159592498526,-1.8334003581498426,15.25031852722168,16.988372802734375,0.014682569541037083,0.841249267108759,0.1977936029434204,11.332738663344367,0.11357937008142471
sac,10,70059,7,1990,198,1,1,1,0,1,0,5.592791118838221,8.148839151553753,-37.42786570816077,19.47275161743164,19.562925338745117,0.02293477952480316,1.3140660708342768,0.32247501611709595,18.4764574219228,0.18417228758335114
sac,10,70059,7,1991,199,2,1,1,0,1,0,19.357247881436376,-1.5355494688239266,5.224370715007733,11.354023933410645,15.919222831726074,0.040376581251621246,2.3134076968849446,0.19029824435710907,10.903286250411584,0.13552570343017578
sac,10,70059,7,1992,200,2,1,1,0,1,0,-1.2423977496469794,3.9592284354246114,0.3123445507446831,21.285472869873047,19.92856216430664,0.023700270801782608,1.3579254902592792,0.14884477853775024,8.528177612772506,0.09812265634536743
sac,10,70059,7,1993,201,2,1,1,0,1,0,-1.4474673492874421,4.893857861070816,-1.579645170105529,21.96878433227539,21.729881286621094,0.017737265676259995,1.0162704633519557,0.07067255675792694,4.049239229627978,0.053073544055223465
sac,10,70059,7,1994,202,2,1,1,0,1,0,8.139795981092655,1.0896747198054944,-8.995591363338573,14.417726516723633,14.87258243560791,0.0395907387137413,2.2683822361025743,0.05780906230211258,3.3122152875198814,0.06849527359008789
sac,10,70059,7,1995,203,1,1,1,0,1,0,-12.312495148836845,-4.425539110439722,2.73736223442269,11.12755298614502,12.802261352539062,0.031165815889835358,1.7856697155693242,0.09424444288015366,5.399808819594565,0.07828803360462189
sac,10,70059,7,1996,204,2,1,1,0,1,0,-0.22683058233612347,2.735736649400227,3.5759592003385157,22.246278762817383,20.1352596282959,0.01898467168211937,1.087741562826969,0.15837174654006958,9.074032670861586,0.09817054867744446
sac,10,70059,7,1997,205,2,1,1,0,1,0,-12.66351223066214,-0.44217278648828545,-13.172334003071411,19.417388916015625,19.824405670166016,0.025893140584230423,1.4835676738153099,0.2948213219642639,16.89201745901992,0.17330379784107208
sac,10,70059,7,1998,206,1,1,1,0,1,0,13.03736946507196,7.978685478950395,-24.952224660809,16.589323043823242,17.597591400146484,0.03799459710717201,2.1769300585409233,0.027886632829904556,1.5977863659844944,0.05193791538476944
sac,10,70059,7,1999,207,2,1,1,0,1,0,-2.8110463151887877,14.83264370727479,33.604749282516174,19.606647491455078,20.52751350402832,0.04712193086743355,2.6998877612111807,0.13343046605587006,7.645002563464946,0.11383716762065887
